TotalFrame,Time,DeltaTime,FPS,RAM
1,0.0000,0.020000,50.00, 251.3242
2,0.0200,0.020000,50.00, 323.9896
3,0.0903,0.070272,14.23, 323.4221
4,0.0968,0.006573,152.13, 323.4246
5,0.1000,0.003116,320.93, 323.4393
6,0.1030,0.003037,329.26, 323.4253
7,0.1061,0.003110,321.57, 323.4252
8,0.1094,0.003326,300.63, 323.4252
9,0.1126,0.003154,317.08, 323.4246
10,0.1158,0.003188,313.65, 323.4249
11,0.1189,0.003134,319.07, 323.4246
12,0.1220,0.003127,319.82, 323.4237
13,0.1256,0.003579,279.41, 323.4235
14,0.1287,0.003101,322.45, 323.4189
15,0.1318,0.003046,328.33, 323.4183
16,0.1348,0.003040,328.94, 323.4189
17,0.1378,0.003011,332.17, 323.4183
18,0.1408,0.003014,331.84, 323.4186
19,0.1439,0.003037,329.25, 323.4189
20,0.1469,0.003013,331.85, 323.4189
21,0.1499,0.003039,329.07, 323.4189
22,0.1530,0.003069,325.82, 323.4183
23,0.1560,0.002978,335.85, 323.4189
24,0.1590,0.002998,333.60, 323.4189
25,0.1619,0.002952,338.81, 323.4183
26,0.1649,0.002970,336.71, 323.4189
27,0.1680,0.003146,317.88, 323.4189
28,0.1711,0.003100,322.59, 323.4189
29,0.1742,0.003103,322.24, 323.4183
30,0.1773,0.003048,328.12, 323.4189
31,0.1804,0.003158,316.71, 323.4186
32,0.1836,0.003119,320.57, 323.4189
33,0.1868,0.003195,312.98, 323.4183
34,0.1898,0.003079,324.80, 323.4189
35,0.1930,0.003156,316.83, 323.4183
36,0.1962,0.003173,315.14, 323.4213
37,0.1996,0.003420,292.39, 323.4183
38,0.2026,0.003065,326.26, 323.4183
39,0.2061,0.003410,293.28, 323.4186
40,0.2091,0.003035,329.48, 323.4189
41,0.2126,0.003491,286.45, 323.4189
42,0.2157,0.003074,325.36, 323.4183
43,0.2192,0.003577,279.59, 323.4186
44,0.2224,0.003137,318.82, 323.4184
45,0.2254,0.003080,324.73, 323.4184
46,0.2286,0.003137,318.77, 323.4184
47,0.2318,0.003243,308.34, 323.4187
48,0.2349,0.003028,330.31, 323.4190
49,0.2379,0.003056,327.18, 323.4296
50,0.2410,0.003064,326.38, 323.4183
51,0.2442,0.003246,308.12, 323.4189
52,0.2473,0.003083,324.39, 323.4183
53,0.2503,0.003041,328.87, 323.4301
54,0.2534,0.003084,324.31, 323.4189
55,0.2565,0.003080,324.73, 323.4186
56,0.2596,0.003092,323.42, 323.4190
57,0.2627,0.003100,322.58, 323.4186
58,0.2658,0.003099,322.71, 323.4208
59,0.2689,0.003079,324.82, 323.4183
60,0.2721,0.003257,307.05, 323.4189
61,0.2751,0.002979,335.74, 323.4187
62,0.2781,0.002976,336.07, 323.4436
63,0.2812,0.003099,322.73, 323.4187
64,0.2842,0.003037,329.23, 323.4190
65,0.2872,0.002996,333.78, 323.4186
66,0.2903,0.003078,324.84, 323.4186
67,0.2933,0.003017,331.42, 323.4189
68,0.2963,0.003004,332.94, 323.4190
69,0.2993,0.002982,335.33, 323.4190
70,0.3023,0.003025,330.58, 323.4190
71,0.3053,0.003002,333.14, 323.4183
72,0.3084,0.003025,330.61, 323.4233
73,0.3114,0.003044,328.56, 323.4184
74,0.3143,0.002914,343.15, 323.4190
75,0.3173,0.002942,339.96, 323.4190
76,0.3203,0.003016,331.60, 323.4209
77,0.3233,0.003056,327.25, 323.4186
78,0.3263,0.003008,332.40, 323.4209
79,0.3294,0.003055,327.33, 323.4189
80,0.3324,0.003043,328.68, 323.4183
81,0.3355,0.003029,330.19, 323.4183
82,0.3384,0.002960,337.87, 323.4209
83,0.3414,0.002951,338.89, 323.4189
84,0.3442,0.002861,349.59, 323.4307
85,0.3473,0.003055,327.38, 323.4187
86,0.3503,0.003046,328.33, 323.4184
87,0.3534,0.003109,321.67, 323.4190
88,0.3566,0.003115,321.07, 323.4183
89,0.3595,0.002963,337.48, 323.4190
90,0.3626,0.003078,324.84, 323.4183
91,0.3656,0.003003,333.04, 323.4189
92,0.3685,0.002918,342.70, 323.4208
93,0.3715,0.002998,333.54, 323.4189
94,0.3745,0.002945,339.51, 323.4189
95,0.3775,0.002995,333.90, 323.4190
96,0.3804,0.002909,343.80, 323.4357
97,0.3834,0.002995,333.90, 323.4184
98,0.3865,0.003102,322.39, 323.4184
99,0.3897,0.003210,311.54, 323.4190
100,0.3927,0.003037,329.26, 323.4189
101,0.3957,0.002961,337.70, 323.4190
102,0.3987,0.003028,330.22, 323.4189
103,0.4019,0.003160,316.47, 323.4190
104,0.4051,0.003207,311.87, 323.4183
105,0.4082,0.003111,321.44, 323.4208
106,0.4112,0.003029,330.11, 323.4208
107,0.4143,0.003051,327.74, 323.4189
108,0.4172,0.002975,336.09, 323.4425
109,0.4203,0.003098,322.84, 323.4184
110,0.4234,0.003101,322.53, 323.4184
111,0.4264,0.002979,335.69, 323.4184
112,0.4315,0.005075,197.04, 323.4183
113,0.4374,0.005961,167.75, 323.4184
114,0.4419,0.004473,223.57, 323.4336
115,0.4450,0.003098,322.78, 323.4272
116,0.4481,0.003068,325.95, 323.4189
117,0.4510,0.002903,344.46, 323.4209
118,0.4539,0.002881,347.07, 323.4187
119,0.4567,0.002863,349.25, 323.4189
120,0.4596,0.002909,343.74, 323.4189
121,0.4627,0.003090,323.62, 323.4189
122,0.4657,0.002988,334.64, 323.4186
123,0.4687,0.002998,333.58, 323.4189
124,0.4717,0.003001,333.28, 323.4186
125,0.4748,0.003067,326.10, 323.4189
126,0.4777,0.002951,338.93, 323.4199
127,0.4808,0.003073,325.41, 323.4184
128,0.4839,0.003061,326.66, 323.4183
129,0.4869,0.003005,332.77, 323.4183
130,0.4898,0.002940,340.19, 323.4189
131,0.4928,0.003002,333.13, 323.4190
132,0.4957,0.002922,342.18, 323.4189
133,0.4988,0.003032,329.85, 323.4189
134,0.5018,0.003049,327.93, 323.4183
135,0.5049,0.003049,328.03, 323.4189
136,0.5079,0.003062,326.61, 323.4189
137,0.5109,0.003025,330.62, 323.4184
138,0.5137,0.002757,362.71, 323.4333
139,0.5167,0.002944,339.70, 323.4189
140,0.5195,0.002875,347.81, 323.4190
141,0.5226,0.003085,324.17, 323.4184
142,0.5256,0.002978,335.75, 323.4190
143,0.5286,0.002979,335.67, 323.4186
144,0.5316,0.003033,329.73, 323.4189
145,0.5346,0.003024,330.73, 323.4184
146,0.5376,0.002958,338.05, 323.4189
147,0.5407,0.003110,321.55, 323.4183
148,0.5437,0.002971,336.58, 323.4189
149,0.5467,0.003038,329.19, 323.4189
150,0.5495,0.002843,351.77, 323.4183
151,0.5525,0.002947,339.31, 323.4189
152,0.5554,0.002893,345.71, 323.4189
153,0.5584,0.002971,336.56, 323.4189
154,0.5613,0.002940,340.19, 323.4189
155,0.5644,0.003087,323.95, 323.4186
156,0.5673,0.002939,340.27, 323.4189
157,0.5703,0.003027,330.37, 323.4189
158,0.5733,0.002948,339.18, 323.4189
159,0.5763,0.003040,328.94, 323.4190
160,0.5793,0.002977,335.92, 323.4189
161,0.5823,0.003026,330.49, 323.4189
162,0.5853,0.002934,340.83, 323.4186
163,0.5882,0.002960,337.86, 323.4189
164,0.5912,0.002977,335.89, 323.4189
165,0.5943,0.003049,327.94, 323.4184
166,0.5972,0.002955,338.36, 323.4189
167,0.6003,0.003080,324.72, 323.4186
168,0.6035,0.003176,314.87, 323.4190
169,0.6066,0.003163,316.12, 323.4186
170,0.6096,0.002959,337.93, 323.4190
171,0.6126,0.003042,328.70, 323.4189
172,0.6156,0.002980,335.53, 323.4190
173,0.6186,0.002993,334.08, 323.4186
174,0.6215,0.002896,345.26, 323.4189
175,0.6244,0.002935,340.74, 323.4233
176,0.6275,0.003017,331.43, 323.4189
177,0.6305,0.002995,333.92, 323.4208
178,0.6335,0.003019,331.19, 323.4189
179,0.6365,0.003018,331.30, 323.4208
180,0.6395,0.002996,333.74, 323.4190
181,0.6425,0.003040,328.97, 323.4186
182,0.6455,0.002979,335.66, 323.4187
183,0.6488,0.003271,305.74, 323.4185
184,0.6529,0.004143,241.39, 325.3643
185,0.6560,0.003084,324.21, 325.3568
186,0.6590,0.002977,335.91, 325.3590
187,0.6621,0.003085,324.13, 325.3590
188,0.6651,0.002995,333.85, 325.3580
189,0.6683,0.003230,309.62, 325.3568
190,0.6712,0.002942,339.86, 325.3570
191,0.6743,0.003053,327.58, 325.3570
192,0.6773,0.003003,333.02, 325.3570
193,0.6804,0.003126,319.93, 325.3570
194,0.6834,0.002998,333.54, 325.3568
195,0.6864,0.003034,329.57, 325.3571
196,0.6900,0.003580,279.31, 325.3564
197,0.6932,0.003205,311.97, 325.3570
198,0.6962,0.002973,336.39, 325.3565
199,0.6994,0.003175,314.94, 325.3570
200,0.7024,0.003065,326.25, 325.3571
201,0.7056,0.003131,319.44, 325.3590
202,0.7086,0.003039,329.02, 325.3568
203,0.7122,0.003615,276.64, 325.3570
204,0.7163,0.004026,248.41, 325.3564
205,0.7195,0.003286,304.37, 325.3568
206,0.7226,0.003109,321.67, 325.3570
207,0.7256,0.002991,334.35, 325.3570
208,0.7287,0.003104,322.20, 325.3570
209,0.7318,0.003048,328.08, 325.3570
210,0.7353,0.003472,287.99, 325.3568
211,0.7384,0.003138,318.63, 325.3589
212,0.7415,0.003132,319.27, 325.3571
213,0.7445,0.002930,341.36, 325.3571
214,0.7476,0.003156,316.85, 325.3571
215,0.7507,0.003060,326.80, 325.3570
216,0.7538,0.003125,319.98, 325.3570
217,0.7568,0.003002,333.14, 325.3570
218,0.7599,0.003136,318.88, 325.3712
219,0.7632,0.003224,310.19, 325.3657
220,0.7664,0.003221,310.46, 325.3570
221,0.7695,0.003133,319.23, 325.3565
222,0.7726,0.003074,325.30, 325.3564
223,0.7756,0.003035,329.52, 325.3570
224,0.7788,0.003134,319.05, 325.3571
225,0.7819,0.003110,321.57, 325.3564
226,0.7849,0.003023,330.79, 325.3614
227,0.7879,0.003030,330.02, 325.3568
228,0.7910,0.003072,325.52, 325.3571
229,0.7941,0.003094,323.22, 325.3589
230,0.7972,0.003136,318.93, 325.3565
231,0.8003,0.003066,326.13, 325.3565
232,0.8034,0.003062,326.54, 325.3570
233,0.8064,0.003036,329.42, 325.3589
234,0.8095,0.003108,321.80, 325.3570
235,0.8127,0.003171,315.32, 325.3657
236,0.8157,0.003059,326.94, 325.3571
237,0.8187,0.003018,331.36, 325.3564
238,0.8218,0.003069,325.84, 325.3564
239,0.8251,0.003266,306.18, 325.3564
240,0.8282,0.003127,319.75, 325.3565
241,0.8313,0.003103,322.32, 325.3564
242,0.8343,0.002997,333.72, 325.3571
243,0.8374,0.003124,320.10, 325.3570
244,0.8405,0.003089,323.78, 325.3571
245,0.8437,0.003194,313.13, 325.3570
246,0.8467,0.002954,338.55, 325.3568
247,0.8497,0.003002,333.10, 325.3568
248,0.8527,0.002995,333.92, 325.3570
249,0.8562,0.003520,284.09, 325.3565
250,0.8595,0.003306,302.50, 325.3564
251,0.8630,0.003466,288.51, 325.3571
252,0.8661,0.003161,316.39, 325.3568
253,0.8700,0.003870,258.38, 325.3568
254,0.8735,0.003554,281.35, 325.3565
255,0.8768,0.003225,310.07, 325.3568
256,0.8800,0.003244,308.28, 325.3570
257,0.8831,0.003040,329.00, 325.3568
258,0.8860,0.002930,341.32, 325.3571
259,0.8892,0.003181,314.38, 325.3570
260,0.8923,0.003163,316.13, 325.3570
261,0.8953,0.002985,334.99, 325.3568
262,0.8984,0.003045,328.40, 325.3568
263,0.9015,0.003102,322.41, 325.3568
264,0.9046,0.003184,314.08, 325.3570
265,0.9075,0.002903,344.53, 325.3570
266,0.9105,0.002934,340.88, 325.3568
267,0.9133,0.002859,349.75, 325.3568
268,0.9169,0.003575,279.75, 327.2957
269,0.9198,0.002893,345.65, 327.2957
270,0.9228,0.002985,334.97, 327.2974
271,0.9257,0.002887,346.44, 327.2957
272,0.9286,0.002879,347.39, 327.2956
273,0.9315,0.002932,341.06, 327.2956
274,0.9351,0.003591,278.51, 327.2880
275,0.9393,0.004247,235.44, 327.2880
276,0.9442,0.004922,203.18, 327.2881
277,0.9494,0.005117,195.43, 327.2881
278,0.9528,0.003476,287.70, 327.2881
279,0.9561,0.003237,308.92, 327.2881
280,0.9595,0.003470,288.18, 327.2880
281,0.9628,0.003225,310.12, 327.2881
282,0.9661,0.003326,300.65, 327.2886
283,0.9693,0.003168,315.62, 327.2886
284,0.9727,0.003411,293.17, 327.2886
285,0.9759,0.003234,309.23, 327.2880
286,0.9792,0.003319,301.32, 327.2884
287,0.9827,0.003486,286.88, 327.2886
288,0.9860,0.003261,306.62, 327.2880
289,0.9893,0.003366,297.06, 327.2886
290,0.9927,0.003394,294.60, 327.2880
291,0.9964,0.003630,275.47, 327.2881
292,0.9998,0.003434,291.19, 327.2881
293,1.0032,0.003431,291.43, 327.2884
294,1.0067,0.003511,284.79, 327.2881
295,1.0101,0.003321,301.09, 327.2881
296,1.0136,0.003543,282.28, 327.2880
297,1.0168,0.003232,309.42, 327.2881
298,1.0201,0.003310,302.11, 327.2881
299,1.0234,0.003226,309.96, 327.2884
300,1.0268,0.003472,288.04, 327.2881
301,1.0302,0.003316,301.53, 327.2880
302,1.0340,0.003851,259.70, 327.2880
303,1.0378,0.003778,264.73, 327.2880
304,1.0412,0.003379,295.91, 327.2884
305,1.0449,0.003739,267.43, 327.2880
306,1.0483,0.003390,294.96, 327.2881
307,1.0518,0.003527,283.54, 327.2881
308,1.0553,0.003424,292.03, 327.2881
309,1.0589,0.003653,273.76, 327.2881
310,1.0627,0.003833,260.91, 327.2880
311,1.0660,0.003295,303.51, 327.2881
312,1.0695,0.003452,289.68, 327.2885
313,1.0729,0.003452,289.71, 327.2881
314,1.0762,0.003220,310.60, 327.2886
315,1.0798,0.003613,276.81, 327.2880
316,1.0832,0.003401,294.07, 327.2886
317,1.0867,0.003524,283.81, 327.2880
318,1.0901,0.003386,295.35, 327.2880
319,1.0938,0.003746,266.96, 327.2881
320,1.0972,0.003388,295.19, 327.2881
321,1.1006,0.003434,291.25, 327.2881
322,1.1039,0.003290,303.93, 327.2880
323,1.1072,0.003240,308.62, 327.2886
324,1.1105,0.003351,298.46, 327.2880
325,1.1138,0.003246,308.08, 327.2881
326,1.1170,0.003237,308.96, 327.2880
327,1.1202,0.003185,313.96, 327.2886
328,1.1235,0.003336,299.74, 327.2882
329,1.1267,0.003164,316.06, 327.2886
330,1.1301,0.003387,295.26, 327.2886
331,1.1333,0.003220,310.58, 327.2886
332,1.1367,0.003389,295.11, 327.2884
333,1.1396,0.002867,348.85, 327.2886
334,1.1424,0.002887,346.36, 327.2886
335,1.1453,0.002829,353.52, 327.2886
336,1.1481,0.002876,347.66, 327.2886
337,1.1511,0.002915,343.04, 327.2883
338,1.1540,0.002949,339.11, 327.2886
339,1.1569,0.002897,345.15, 327.2886
340,1.1598,0.002899,345.01, 327.2886
341,1.1627,0.002875,347.78, 327.2883
342,1.1656,0.002874,347.94, 327.2886
343,1.1683,0.002770,361.05, 327.2883
344,1.1712,0.002875,347.83, 327.2886
345,1.1741,0.002905,344.23, 327.2886
346,1.1769,0.002808,356.15, 327.3137
347,1.1799,0.002964,337.42, 327.2883
348,1.1828,0.002894,345.58, 327.2968
349,1.1857,0.002926,341.82, 327.2883
350,1.1886,0.002866,348.98, 327.2880
351,1.1915,0.002924,341.99, 327.2886
352,1.1944,0.002911,343.49, 327.2886
353,1.1974,0.003025,330.59, 327.2886
354,1.2004,0.002934,340.83, 327.2886
355,1.2035,0.003139,318.62, 327.2886
356,1.2063,0.002768,361.31, 327.2886
357,1.2092,0.002971,336.64, 327.2884
358,1.2120,0.002779,359.91, 327.2886
359,1.2151,0.003044,328.49, 327.2883
360,1.2181,0.003058,327.03, 327.2886
361,1.2212,0.003123,320.22, 327.2881
362,1.2241,0.002860,349.63, 327.2883
363,1.2271,0.002997,333.70, 327.2886
364,1.2300,0.002890,346.01, 327.2883
365,1.2330,0.003058,327.05, 327.2884
366,1.2359,0.002906,344.16, 327.2886
367,1.2390,0.003027,330.38, 327.2886
368,1.2420,0.002985,335.03, 327.2880
369,1.2450,0.003089,323.78, 327.2881
370,1.2480,0.003000,333.38, 327.2886
371,1.2512,0.003122,320.31, 327.2886
372,1.2541,0.002942,339.88, 327.2883
373,1.2571,0.003018,331.30, 327.2886
374,1.2601,0.002931,341.22, 327.2886
375,1.2631,0.003066,326.14, 327.2880
376,1.2660,0.002912,343.45, 327.2886
377,1.2695,0.003485,286.99, 327.2886
378,1.2724,0.002906,344.15, 327.2886
379,1.2754,0.002969,336.84, 327.2886
380,1.2783,0.002936,340.66, 327.2886
381,1.2814,0.003040,328.97, 327.2886
382,1.2843,0.002890,346.08, 327.2886
383,1.2872,0.002954,338.50, 327.2886
384,1.2901,0.002865,349.10, 327.2886
385,1.2931,0.003013,331.92, 327.3067
386,1.2961,0.003012,331.99, 327.2886
387,1.2991,0.002986,334.91, 327.2886
388,1.3021,0.003001,333.27, 327.2881
389,1.3051,0.002985,334.96, 327.2881
390,1.3080,0.002901,344.71, 327.2886
391,1.3110,0.002992,334.24, 327.2884
392,1.3139,0.002943,339.75, 327.2886
393,1.3170,0.003063,326.52, 327.2987
394,1.3200,0.003053,327.55, 327.2883
395,1.3230,0.003000,333.29, 327.3003
396,1.3260,0.002928,341.57, 327.3028
397,1.3291,0.003096,322.99, 327.2880
398,1.3320,0.002936,340.55, 327.2886
399,1.3349,0.002945,339.60, 327.2886
400,1.3379,0.002998,333.58, 327.2886
401,1.3410,0.003034,329.57, 327.2880
402,1.3440,0.003045,328.41, 327.2886
403,1.3470,0.002963,337.46, 327.3079
404,1.3499,0.002946,339.43, 327.2886
405,1.3529,0.003008,332.48, 327.2881
406,1.3559,0.002963,337.48, 327.2881
407,1.3588,0.002943,339.80, 327.2886
408,1.3620,0.003208,311.73, 327.2880
409,1.3651,0.003036,329.35, 327.2881
410,1.3680,0.002930,341.32, 327.2886
411,1.3710,0.002999,333.48, 327.2880
412,1.3741,0.003067,326.03, 327.2886
413,1.3771,0.002975,336.12, 327.2881
414,1.3801,0.003005,332.77, 327.2880
415,1.3831,0.003001,333.19, 327.2886
416,1.3860,0.002944,339.66, 327.2886
417,1.3889,0.002945,339.58, 327.3127
418,1.3921,0.003179,314.59, 327.2881
419,1.3951,0.003002,333.09, 327.2886
420,1.3982,0.003089,323.75, 327.2886
421,1.4012,0.002986,334.94, 327.2884
422,1.4042,0.002986,334.85, 327.2886
423,1.4071,0.002958,338.11, 327.2886
424,1.4101,0.002986,334.85, 327.2886
425,1.4130,0.002884,346.76, 327.2886
426,1.4161,0.003059,326.86, 327.2881
427,1.4193,0.003253,307.38, 327.2880
428,1.4226,0.003242,308.49, 327.2886
429,1.4256,0.003056,327.19, 327.2880
430,1.4288,0.003202,312.30, 327.2886
431,1.4321,0.003260,306.71, 327.2881
432,1.4351,0.002979,335.64, 327.2886
433,1.4380,0.002981,335.50, 327.2881
434,1.4410,0.002949,339.11, 327.2886
435,1.4440,0.002996,333.74, 327.2886
436,1.4469,0.002942,339.86, 327.2884
437,1.4499,0.002931,341.22, 327.2883
438,1.4529,0.003010,332.25, 327.2886
439,1.4559,0.002984,335.09, 327.2881
440,1.4590,0.003113,321.29, 327.2886
441,1.4619,0.002963,337.46, 327.2886
442,1.4650,0.003060,326.79, 327.2880
443,1.4680,0.003004,332.86, 327.2880
444,1.4710,0.003011,332.16, 327.2886
445,1.4741,0.003041,328.88, 327.2881
446,1.4771,0.003004,332.94, 327.2881
447,1.4800,0.002915,343.02, 327.2886
448,1.4831,0.003151,317.39, 327.2886
449,1.4861,0.002982,335.37, 327.2881
450,1.4892,0.003056,327.20, 327.2886
451,1.4922,0.003023,330.76, 327.2886
452,1.4953,0.003070,325.78, 327.2886
453,1.4982,0.002945,339.62, 327.3027
454,1.5012,0.003027,330.32, 327.2959
455,1.5041,0.002924,342.04, 327.2886
456,1.5071,0.002978,335.83, 327.2953
457,1.5100,0.002920,342.43, 327.3027
458,1.5131,0.003038,329.15, 327.2886
459,1.5161,0.003022,330.86, 327.2883
460,1.5192,0.003063,326.46, 327.2886
461,1.5222,0.002985,334.96, 327.2880
462,1.5252,0.003073,325.46, 327.2886
463,1.5281,0.002836,352.67, 327.2924
464,1.5313,0.003236,308.99, 327.2886
465,1.5342,0.002922,342.24, 327.2884
466,1.5374,0.003176,314.86, 327.2886
467,1.5404,0.003050,327.92, 327.2886
468,1.5436,0.003140,318.46, 327.2886
469,1.5468,0.003191,313.36, 327.2886
470,1.5511,0.004298,232.67, 327.2880
471,1.5542,0.003138,318.63, 327.2886
472,1.5572,0.002969,336.83, 327.2883
473,1.5603,0.003116,320.97, 327.2886
474,1.5633,0.003032,329.87, 327.2881
475,1.5663,0.002985,335.04, 327.2886
476,1.5693,0.002986,334.88, 327.2881
477,1.5722,0.002941,340.07, 327.2886
478,1.5751,0.002896,345.28, 327.2886
479,1.5782,0.003034,329.55, 327.2886
480,1.5811,0.002922,342.21, 327.2886
481,1.5840,0.002953,338.68, 327.2881
482,1.5869,0.002883,346.91, 327.2884
483,1.5899,0.003009,332.38, 327.2881
484,1.5930,0.003037,329.33, 327.2886
485,1.5960,0.003015,331.71, 327.2880
486,1.5995,0.003470,288.18, 327.2886
487,1.6025,0.003052,327.65, 327.2880
488,1.6055,0.002961,337.77, 327.2886
489,1.6087,0.003214,311.14, 327.2880
490,1.6117,0.003042,328.69, 327.2881
491,1.6147,0.002995,333.93, 327.2886
492,1.6177,0.002951,338.85, 327.2884
493,1.6207,0.003036,329.38, 327.2880
494,1.6239,0.003160,316.48, 327.2886
495,1.6269,0.003030,330.03, 327.3048
496,1.6300,0.003115,321.07, 327.2881
497,1.6330,0.002951,338.87, 327.3003
498,1.6359,0.002957,338.20, 327.2924
499,1.6388,0.002877,347.54, 327.2886
500,1.6418,0.003002,333.08, 327.2880
501,1.6447,0.002923,342.07, 327.2886
502,1.6476,0.002842,351.93, 327.2886
503,1.6503,0.002762,362.11, 327.2886
504,1.6533,0.002979,335.69, 327.2886
505,1.6562,0.002885,346.66, 327.2881
506,1.6591,0.002923,342.08, 327.2881
507,1.6619,0.002818,354.90, 327.2886
508,1.6651,0.003215,311.00, 327.3027
509,1.6699,0.004782,209.11, 327.2886
510,1.6743,0.004329,231.01, 327.2886
511,1.6797,0.005423,184.40, 327.2880
512,1.6839,0.004185,238.95, 327.2909
513,1.6886,0.004776,209.39, 327.2883
514,1.6939,0.005239,190.86, 327.2880
515,1.6992,0.005360,186.56, 327.2880
516,1.7044,0.005204,192.15, 327.2886
517,1.7102,0.005735,174.38, 327.2880
518,1.7157,0.005472,182.76, 327.2881
519,1.7210,0.005386,185.67, 327.2881
520,1.7266,0.005556,180.00, 327.2884
521,1.7321,0.005551,180.14, 327.2881
522,1.7378,0.005699,175.47, 327.2881
523,1.7440,0.006160,162.34, 327.2881
524,1.7506,0.006587,151.82, 327.2881
525,1.7574,0.006767,147.78, 327.2880
526,1.7639,0.006518,153.43, 327.2880
527,1.7703,0.006422,155.72, 327.2880
528,1.7764,0.006139,162.89, 327.2880
529,1.7832,0.006731,148.58, 327.2881
530,1.7897,0.006569,152.22, 327.2881
531,1.7968,0.007066,141.53, 327.2881
532,1.8035,0.006655,150.26, 327.2880
533,1.8101,0.006626,150.91, 327.2881
534,1.8184,0.008290,120.62, 327.2881
535,1.8264,0.008041,124.36, 327.2881
536,1.8339,0.007520,132.99, 327.2881
537,1.8407,0.006714,148.94, 327.2881
538,1.8474,0.006760,147.94, 327.2881
539,1.8555,0.008077,123.81, 327.2880
540,1.8636,0.008136,122.91, 327.2880
541,1.8717,0.008116,123.21, 327.2881
542,1.8795,0.007764,128.80, 327.2880
543,1.8888,0.009306,107.46, 327.2881
544,1.8980,0.009230,108.34, 327.2880
545,1.9061,0.008096,123.51, 327.2881
546,1.9141,0.007991,125.14, 327.2881
547,1.9228,0.008629,115.90, 327.2880
548,1.9295,0.006734,148.50, 327.2881
549,1.9376,0.008159,122.57, 327.2880
550,1.9452,0.007586,131.83, 327.2881
551,1.9525,0.007273,137.50, 327.2881
552,1.9607,0.008213,121.75, 327.2881
553,1.9686,0.007891,126.72, 327.2882
554,1.9756,0.006968,143.51, 327.2882
555,1.9831,0.007478,133.72, 327.2882
556,1.9901,0.007080,141.24, 327.2882
557,1.9986,0.008498,117.68, 327.2882
558,2.0071,0.008500,117.65, 327.2882
559,2.0157,0.008532,117.20, 327.2882
560,2.0244,0.008715,114.74, 327.2882
561,2.0332,0.008805,113.57, 327.2882
562,2.0418,0.008611,116.14, 327.2882
563,2.0502,0.008400,119.05, 327.2882
564,2.0591,0.008874,112.69, 327.2882
565,2.0670,0.007938,125.98, 327.2882
566,2.0750,0.008014,124.79, 327.2882
567,2.0840,0.009004,111.06, 327.2882
568,2.0928,0.008762,114.14, 327.2882
569,2.1010,0.008249,121.23, 327.2882
570,2.1091,0.008103,123.42, 327.2882
571,2.1171,0.007996,125.06, 327.2882
572,2.1252,0.008049,124.24, 327.2882
573,2.1339,0.008703,114.90, 327.2882
574,2.1424,0.008475,117.99, 327.2884
575,2.1506,0.008212,121.78, 327.2882
576,2.1582,0.007655,130.63, 327.2882
577,2.1669,0.008654,115.55, 327.2882
578,2.1754,0.008508,117.53, 327.2882
579,2.1831,0.007694,129.98, 327.2882
580,2.1910,0.007962,125.60, 327.2882
581,2.1987,0.007700,129.86, 327.2882
582,2.2065,0.007774,128.64, 327.2882
583,2.2151,0.008584,116.50, 327.2882
584,2.2235,0.008429,118.64, 327.2882
585,2.2319,0.008408,118.93, 327.2882
586,2.2402,0.008239,121.38, 327.2882
587,2.2481,0.007964,125.56, 327.2882
588,2.2564,0.008219,121.67, 327.2882
589,2.2649,0.008585,116.49, 327.2882
590,2.2734,0.008470,118.06, 327.2882
591,2.2822,0.008778,113.92, 327.2882
592,2.2907,0.008480,117.93, 327.2882
593,2.2985,0.007862,127.19, 327.2882
594,2.3060,0.007481,133.67, 327.2882
595,2.3136,0.007618,131.28, 327.2882
596,2.3217,0.008056,124.14, 327.2882
597,2.3300,0.008355,119.68, 327.2882
598,2.3380,0.007915,126.34, 327.2882
599,2.3460,0.007989,125.18, 327.2882
600,2.3548,0.008809,113.53, 327.2882
601,2.3632,0.008392,119.16, 327.2882
602,2.3712,0.008062,124.05, 327.2882
603,2.3789,0.007726,129.44, 327.2882
604,2.3874,0.008443,118.45, 327.2882
605,2.3955,0.008161,122.54, 327.2882
606,2.4038,0.008218,121.69, 327.2882
607,2.4123,0.008578,116.57, 327.2882
608,2.4208,0.008433,118.58, 327.2882
609,2.4294,0.008591,116.40, 327.2882
610,2.4375,0.008108,123.34, 327.2882
611,2.4453,0.007798,128.24, 327.2882
612,2.4535,0.008240,121.36, 327.2884
613,2.4611,0.007638,130.93, 327.2882
614,2.4692,0.008041,124.36, 327.2882
615,2.4772,0.008054,124.17, 327.2882
616,2.4858,0.008547,117.00, 327.2882
617,2.4941,0.008276,120.83, 327.2882
618,2.5018,0.007736,129.27, 327.2882
619,2.5102,0.008414,118.84, 327.2882
620,2.5179,0.007730,129.36, 327.2882
621,2.5255,0.007581,131.91, 327.2882
622,2.5334,0.007830,127.71, 327.2882
623,2.5412,0.007884,126.84, 327.2882
624,2.5489,0.007706,129.77, 327.2882
625,2.5568,0.007886,126.80, 327.2882
626,2.5650,0.008215,121.73, 327.2882
627,2.5732,0.008194,122.04, 327.2882
628,2.5821,0.008817,113.42, 327.2882
629,2.5907,0.008600,116.28, 327.2882
630,2.5992,0.008536,117.15, 327.2882
631,2.6070,0.007822,127.84, 327.2882
632,2.6142,0.007224,138.42, 327.2882
633,2.6224,0.008161,122.53, 327.2882
634,2.6303,0.007894,126.67, 327.2882
635,2.6385,0.008241,121.34, 327.2882
636,2.6464,0.007890,126.74, 327.2882
637,2.6545,0.008082,123.73, 327.2882
638,2.6630,0.008463,118.16, 327.2882
639,2.6709,0.007881,126.89, 327.2882
640,2.6794,0.008497,117.69, 327.2882
641,2.6871,0.007789,128.39, 327.2888
642,2.6948,0.007617,131.29, 327.2882
643,2.7024,0.007670,130.38, 327.2882
644,2.7100,0.007550,132.46, 327.2882
645,2.7178,0.007783,128.49, 327.2882
646,2.7258,0.008059,124.09, 327.2882
647,2.7339,0.008050,124.22, 327.2882
648,2.7418,0.007896,126.65, 327.2882
649,2.7495,0.007761,128.84, 327.2882
650,2.7578,0.008265,120.99, 327.2882
651,2.7658,0.007969,125.49, 327.2882
652,2.7735,0.007717,129.58, 327.2882
653,2.7812,0.007772,128.67, 327.2882
654,2.7898,0.008601,116.26, 327.2882
655,2.7973,0.007496,133.40, 327.2882
656,2.8058,0.008496,117.71, 327.2882
657,2.8133,0.007472,133.83, 327.2882
658,2.8206,0.007332,136.39, 327.2882
659,2.8282,0.007526,132.87, 327.2882
660,2.8361,0.007900,126.58, 327.2882
661,2.8440,0.007916,126.32, 327.2882
662,2.8513,0.007273,137.50, 327.2882
663,2.8586,0.007384,135.44, 327.2882
664,2.8664,0.007752,129.00, 327.2882
665,2.8745,0.008072,123.88, 327.2882
666,2.8817,0.007264,137.66, 327.2882
667,2.8897,0.007948,125.83, 327.2882
668,2.8983,0.008598,116.31, 327.2882
669,2.9060,0.007743,129.15, 327.2882
670,2.9142,0.008168,122.43, 327.2870
671,2.9218,0.007569,132.12, 327.2870
672,2.9292,0.007453,134.18, 327.2870
673,2.9369,0.007688,130.08, 327.2870
674,2.9445,0.007613,131.35, 327.2870
675,2.9515,0.006976,143.34, 327.2870
676,2.9592,0.007749,129.05, 327.2870
677,2.9669,0.007682,130.17, 327.2870
678,2.9753,0.008413,118.87, 327.2870
679,2.9835,0.008145,122.78, 327.2870
680,2.9914,0.007901,126.57, 327.2870
681,2.9984,0.007007,142.71, 327.2870
682,3.0057,0.007326,136.51, 327.2870
683,3.0138,0.008124,123.09, 327.2870
684,3.0218,0.008000,125.00, 327.2870
685,3.0293,0.007480,133.69, 327.2870
686,3.0370,0.007703,129.82, 327.2870
687,3.0442,0.007225,138.40, 327.2870
688,3.0511,0.006813,146.77, 327.2870
689,3.0580,0.006950,143.89, 327.2870
690,3.0656,0.007638,130.92, 327.2870
691,3.0731,0.007410,134.95, 327.2870
692,3.0808,0.007740,129.20, 327.2870
693,3.0888,0.008054,124.16, 327.2870
694,3.0965,0.007646,130.79, 327.2870
695,3.1044,0.007860,127.23, 327.2870
696,3.1116,0.007205,138.78, 327.2870
697,3.1191,0.007517,133.04, 327.2870
698,3.1271,0.008058,124.10, 327.2870
699,3.1348,0.007670,130.39, 327.2870
700,3.1417,0.006932,144.27, 327.2870
701,3.1483,0.006595,151.63, 327.2870
702,3.1555,0.007145,139.95, 327.2870
703,3.1624,0.006948,143.92, 327.2870
704,3.1691,0.006629,150.85, 327.2870
705,3.1753,0.006281,159.22, 327.2870
706,3.1826,0.007308,136.84, 327.2870
707,3.1927,0.010089,99.11, 327.2870
708,3.1999,0.007181,139.26, 327.2870
709,3.2067,0.006810,146.84, 327.2870
710,3.2141,0.007416,134.85, 327.2870
711,3.2210,0.006831,146.40, 327.2870
712,3.2277,0.006718,148.85, 327.2870
713,3.2349,0.007260,137.74, 327.2873
714,3.2418,0.006840,146.19, 327.2870
715,3.2489,0.007160,139.67, 327.2870
716,3.2554,0.006471,154.54, 327.2870
717,3.2620,0.006558,152.48, 327.2873
718,3.2691,0.007117,140.51, 327.2870
719,3.2763,0.007166,139.56, 327.2870
720,3.2831,0.006871,145.54, 327.2876
721,3.2902,0.007109,140.67, 327.2870
722,3.2971,0.006880,145.36, 327.2870
723,3.3033,0.006204,161.18, 327.2875
724,3.3095,0.006222,160.72, 327.2870
725,3.3155,0.005983,167.15, 327.2870
726,3.3224,0.006884,145.26, 327.2870
727,3.3298,0.007439,134.43, 327.2870
728,3.3372,0.007352,136.02, 327.2870
729,3.3440,0.006818,146.66, 327.2876
730,3.3504,0.006351,157.47, 327.2870
731,3.3567,0.006369,157.01, 327.2870
732,3.3628,0.006092,164.16, 327.2876
733,3.3694,0.006527,153.20, 327.2870
734,3.3772,0.007880,126.91, 327.2870
735,3.3842,0.007001,142.83, 327.2870
736,3.3910,0.006733,148.53, 327.2870
737,3.3973,0.006367,157.07, 327.2870
738,3.4048,0.007461,134.03, 327.2870
739,3.4121,0.007269,137.57, 327.2870
740,3.4199,0.007800,128.21, 327.2870
741,3.4262,0.006284,159.13, 327.2870
742,3.4323,0.006164,162.22, 327.2870
743,3.4389,0.006590,151.74, 327.2870
744,3.4457,0.006822,146.58, 327.2870
745,3.4530,0.007315,136.70, 327.2870
746,3.4598,0.006709,149.06, 327.2870
747,3.4671,0.007376,135.57, 327.2870
748,3.4739,0.006796,147.14, 327.2870
749,3.4812,0.007325,136.51, 327.2870
750,3.4889,0.007684,130.14, 327.2870
751,3.4964,0.007461,134.03, 327.2870
752,3.5033,0.006899,144.94, 327.2870
753,3.5112,0.007865,127.15, 327.2870
754,3.5189,0.007735,129.28, 327.2870
755,3.5259,0.006981,143.24, 327.2870
756,3.5332,0.007366,135.75, 327.2870
757,3.5407,0.007425,134.67, 327.2870
758,3.5472,0.006486,154.17, 327.2870
759,3.5543,0.007193,139.03, 327.2870
760,3.5610,0.006669,149.95, 327.2873
761,3.5683,0.007253,137.88, 327.2870
762,3.5755,0.007229,138.34, 327.2870
763,3.5827,0.007212,138.65, 327.2870
764,3.5901,0.007362,135.83, 327.2870
765,3.5974,0.007293,137.13, 327.2870
766,3.6049,0.007554,132.38, 327.2870
767,3.6129,0.008027,124.58, 327.2870
768,3.6210,0.008104,123.40, 327.2870
769,3.6285,0.007415,134.87, 327.2870
770,3.6359,0.007411,134.93, 327.2870
771,3.6433,0.007439,134.44, 327.2870
772,3.6512,0.007902,126.55, 327.2870
773,3.6588,0.007632,131.03, 327.2870
774,3.6668,0.007965,125.54, 327.2870
775,3.6753,0.008527,117.28, 327.2870
776,3.6835,0.008189,122.11, 327.2870
777,3.6917,0.008220,121.65, 327.2870
778,3.7000,0.008296,120.54, 327.2870
779,3.7087,0.008631,115.86, 327.2870
780,3.7169,0.008248,121.24, 327.2870
781,3.7252,0.008306,120.39, 327.2870
782,3.7335,0.008283,120.73, 327.2870
783,3.7420,0.008525,117.30, 327.2870
784,3.7509,0.008837,113.16, 327.2870
785,3.7579,0.007009,142.67, 327.2873
786,3.7651,0.007180,139.28, 327.2870
787,3.7726,0.007503,133.28, 327.2870
788,3.7794,0.006883,145.29, 327.2870
789,3.7865,0.007041,142.04, 327.2870
790,3.7930,0.006481,154.30, 327.2870
791,3.7995,0.006543,152.83, 327.2870
792,3.8055,0.005986,167.07, 327.2875
793,3.8120,0.006460,154.79, 327.2870
794,3.8191,0.007128,140.30, 327.2870
795,3.8258,0.006680,149.71, 327.2870
796,3.8334,0.007599,131.60, 327.2876
797,3.8411,0.007746,129.10, 327.2870
798,3.8497,0.008591,116.40, 327.2870
799,3.8561,0.006421,155.73, 327.2870
800,3.8643,0.008142,122.82, 327.2870
801,3.8718,0.007562,132.24, 327.2870
802,3.8789,0.007119,140.48, 327.2870
803,3.8900,0.011089,90.18, 327.2870
804,3.8979,0.007851,127.37, 327.2870
805,3.9059,0.008011,124.83, 327.2870
806,3.9151,0.009248,108.14, 327.2870
807,3.9227,0.007564,132.21, 327.2870
808,3.9303,0.007627,131.12, 327.2870
809,3.9371,0.006785,147.39, 327.2875
810,3.9440,0.006847,146.06, 327.2870
811,3.9517,0.007750,129.03, 327.2875
812,3.9591,0.007418,134.80, 327.2870
813,3.9659,0.006742,148.33, 327.2967
814,3.9719,0.006034,165.72, 327.2875
815,3.9792,0.007289,137.19, 327.2870
816,3.9856,0.006406,156.11, 327.2875
817,3.9915,0.005879,170.09, 327.2870
818,3.9983,0.006770,147.71, 327.2870
819,4.0046,0.006382,156.69, 327.2870
820,4.0103,0.005671,176.32, 327.2870
821,4.0155,0.005151,194.14, 327.2870
822,4.0209,0.005391,185.50, 327.2870
823,4.0257,0.004864,205.58, 327.2875
824,4.0308,0.005064,197.49, 327.2875
825,4.0376,0.006791,147.25, 327.2870
826,4.0444,0.006851,145.97, 327.2876
827,4.0515,0.007092,141.01, 327.2870
828,4.0579,0.006347,157.56, 327.2870
829,4.0638,0.005905,169.36, 327.2870
830,4.0700,0.006228,160.56, 327.2870
831,4.0766,0.006627,150.90, 327.2870
832,4.0828,0.006207,161.10, 327.2875
833,4.0890,0.006176,161.91, 327.2870
834,4.0943,0.005316,188.11, 327.2870
835,4.1004,0.006124,163.30, 327.2894
836,4.1071,0.006612,151.25, 327.2870
837,4.1127,0.005617,178.04, 327.2870
838,4.1187,0.006008,166.46, 327.2870
839,4.1246,0.005908,169.27, 327.2870
840,4.1301,0.005465,182.98, 327.2894
841,4.1350,0.004944,202.29, 327.2870
842,4.1401,0.005099,196.11, 327.2982
843,4.1454,0.005348,187.00, 327.2870
844,4.1516,0.006183,161.74, 327.2870
845,4.1572,0.005530,180.85, 327.2876
846,4.1620,0.004889,204.52, 327.2870
847,4.1677,0.005665,176.51, 327.2870
848,4.1737,0.005941,168.34, 327.2870
849,4.1793,0.005661,176.65, 327.2875
850,4.1842,0.004930,202.83, 327.2894
851,4.1894,0.005116,195.46, 327.2870
852,4.1940,0.004634,215.78, 327.2876
853,4.1980,0.003995,250.34, 327.2953
854,4.2032,0.005261,190.09, 327.2870
855,4.2080,0.004717,212.02, 327.2885
856,4.2123,0.004354,229.68, 327.2876
857,4.2162,0.003918,255.21, 327.2992
858,4.2206,0.004390,227.78, 327.2870
859,4.2242,0.003571,280.05, 327.2885
860,4.2279,0.003655,273.60, 327.2876
861,4.2313,0.003492,286.40, 327.2870
862,4.2349,0.003544,282.16, 327.2875
863,4.2385,0.003564,280.57, 327.2870
864,4.2419,0.003409,293.36, 327.2875
865,4.2455,0.003603,277.52, 327.2894
866,4.2493,0.003853,259.52, 327.2876
867,4.2530,0.003660,273.24, 327.2875
868,4.2563,0.003279,304.96, 327.2870
869,4.2604,0.004162,240.25, 327.2870
870,4.2640,0.003592,278.37, 327.2870
871,4.2673,0.003305,302.58, 327.2870
872,4.2709,0.003543,282.23, 327.2875
873,4.2743,0.003398,294.32, 327.2870
874,4.2777,0.003428,291.76, 327.2876
875,4.2812,0.003536,282.79, 327.2870
876,4.2848,0.003625,275.90, 327.2914
877,4.2884,0.003551,281.63, 327.2875
878,4.2920,0.003585,278.96, 327.2870
879,4.2957,0.003679,271.78, 327.2870
880,4.2992,0.003530,283.31, 327.2870
881,4.3039,0.004698,212.87, 327.2870
882,4.3080,0.004095,244.22, 327.2870
883,4.3116,0.003611,276.92, 327.2870
884,4.3152,0.003564,280.58, 327.2885
885,4.3188,0.003615,276.66, 327.2875
886,4.3233,0.004511,221.67, 327.2870
887,4.3273,0.003969,251.95, 327.2876
888,4.3308,0.003510,284.87, 327.2870
889,4.3343,0.003495,286.15, 327.2895
890,4.3379,0.003667,272.68, 327.2885
891,4.3413,0.003385,295.44, 327.2875
892,4.3448,0.003502,285.57, 327.2870
893,4.3482,0.003421,292.35, 327.2870
894,4.3518,0.003547,281.96, 327.2870
895,4.3553,0.003554,281.40, 327.2873
896,4.3588,0.003445,290.27, 327.2870
897,4.3623,0.003480,287.39, 327.2875
898,4.3655,0.003225,310.11, 327.2870
899,4.3687,0.003245,308.21, 327.2873
900,4.3718,0.003077,324.98, 327.2876
901,4.3749,0.003091,323.52, 327.2870
902,4.3779,0.003007,332.58, 327.2895
903,4.3812,0.003254,307.32, 327.2870
904,4.3842,0.003053,327.57, 327.2870
905,4.3872,0.003019,331.27, 327.2870
906,4.3903,0.003112,321.38, 327.2875
907,4.3937,0.003353,298.27, 327.2870
908,4.3973,0.003654,273.68, 327.2875
909,4.4009,0.003580,279.37, 327.2870
910,4.4043,0.003327,300.56, 327.2870
911,4.4075,0.003239,308.72, 327.2870
912,4.4108,0.003359,297.72, 327.2876
913,4.4140,0.003163,316.19, 327.2870
914,4.4173,0.003319,301.30, 327.2894
915,4.4207,0.003355,298.06, 327.2870
916,4.4244,0.003740,267.36, 327.2870
917,4.4282,0.003761,265.91, 327.2870
918,4.4330,0.004773,209.53, 327.2870
919,4.4372,0.004270,234.17, 327.2870
920,4.4409,0.003691,270.94, 327.2875
921,4.4444,0.003513,284.68, 327.2870
922,4.4481,0.003619,276.30, 327.2870
923,4.4514,0.003310,302.12, 327.2875
924,4.4546,0.003220,310.52, 327.2870
925,4.4589,0.004285,233.38, 327.2870
926,4.4628,0.003973,251.67, 327.2870
927,4.4662,0.003315,301.69, 327.2875
928,4.4692,0.003085,324.11, 327.2929
929,4.4726,0.003344,299.07, 327.2876
930,4.4758,0.003194,313.13, 327.2876
931,4.4790,0.003218,310.72, 327.2876
932,4.4822,0.003188,313.73, 327.2870
933,4.4856,0.003376,296.18, 327.2875
934,4.4889,0.003327,300.62, 327.2894
935,4.4921,0.003197,312.83, 327.2875
936,4.4952,0.003089,323.72, 327.2870
937,4.4982,0.003041,328.86, 327.2948
938,4.5014,0.003232,309.45, 327.2870
939,4.5047,0.003224,310.19, 327.2876
940,4.5077,0.003024,330.73, 327.2872
941,4.5106,0.002910,343.60, 327.2873
942,4.5136,0.003004,332.87, 327.2875
943,4.5165,0.002940,340.12, 327.2876
944,4.5194,0.002855,350.24, 327.2876
945,4.5222,0.002839,352.24, 327.2872
946,4.5250,0.002748,363.95, 327.3071
947,4.5278,0.002855,350.25, 327.2875
948,4.5307,0.002816,355.06, 327.2875
949,4.5337,0.003083,324.32, 327.2895
950,4.5370,0.003296,303.42, 327.2894
951,4.5399,0.002909,343.80, 327.2894
952,4.5428,0.002848,351.14, 327.3002
953,4.5459,0.003146,317.88, 327.2873
954,4.5489,0.002910,343.70, 327.2870
955,4.5519,0.003019,331.25, 327.3032
956,4.5548,0.002897,345.16, 327.2876
957,4.5578,0.003000,333.33, 327.2872
958,4.5607,0.002907,343.97, 327.2875
959,4.5637,0.003017,331.48, 327.2870
960,4.5665,0.002842,351.89, 327.2875
961,4.5694,0.002915,343.04, 327.2875
962,4.5722,0.002798,357.41, 327.2870
963,4.5751,0.002881,347.15, 327.2872
964,4.5779,0.002755,362.99, 327.2875
965,4.5808,0.002929,341.45, 327.2870
966,4.5838,0.002976,336.01, 327.2875
967,4.5867,0.002885,346.67, 327.2872
968,4.5897,0.003031,329.96, 327.2872
969,4.5928,0.003144,318.04, 327.2870
970,4.5958,0.002924,342.00, 327.2876
971,4.5989,0.003107,321.91, 327.2894
972,4.6021,0.003226,309.94, 327.2870
973,4.6052,0.003083,324.38, 327.2870
974,4.6081,0.002944,339.73, 327.2870
975,4.6112,0.003047,328.23, 327.2875
976,4.6142,0.002977,335.97, 327.2872
977,4.6171,0.002902,344.59, 327.2875
978,4.6199,0.002815,355.30, 327.2876
979,4.6227,0.002836,352.63, 327.2876
980,4.6254,0.002689,371.91, 327.2876
981,4.6280,0.002556,391.18, 327.2876
982,4.6306,0.002673,374.07, 327.2875
983,4.6332,0.002599,384.75, 327.2876
984,4.6359,0.002630,380.23, 327.2876
985,4.6384,0.002552,391.80, 327.2885
986,4.6410,0.002621,381.58, 327.2875
987,4.6437,0.002680,373.08, 327.2875
988,4.6463,0.002615,382.48, 327.2875
989,4.6490,0.002694,371.14, 327.2875
990,4.6516,0.002611,383.05, 327.2875
991,4.6544,0.002733,365.94, 327.2875
992,4.6569,0.002588,386.35, 327.2875
993,4.6596,0.002640,378.80, 327.2875
994,4.6623,0.002675,373.86, 327.2872
995,4.6649,0.002685,372.43, 327.2875
996,4.6677,0.002717,368.01, 327.2875
997,4.6709,0.003201,312.41, 329.2135
998,4.6736,0.002734,365.75, 329.2138
999,4.6762,0.002608,383.39, 329.2139
1000,4.6790,0.002759,362.44, 329.2138
1001,4.6816,0.002590,386.07, 329.2138
1002,4.6842,0.002694,371.24, 329.2139
1003,4.6869,0.002648,377.60, 329.2138
1004,4.6895,0.002628,380.52, 329.2138
1005,4.6922,0.002702,370.16, 329.2138
1006,4.6948,0.002612,382.85, 329.2138
1007,4.6976,0.002752,363.36, 329.2138
1008,4.7001,0.002556,391.30, 329.2138
1009,4.7028,0.002667,374.90, 329.2135
1010,4.7054,0.002587,386.58, 329.2138
1011,4.7080,0.002614,382.56, 329.2139
1012,4.7107,0.002708,369.25, 329.2138
1013,4.7134,0.002639,378.89, 329.2139
1014,4.7160,0.002662,375.60, 329.2139
1015,4.7186,0.002598,384.91, 329.2138
1016,4.7213,0.002681,373.05, 329.2139
1017,4.7239,0.002604,384.02, 329.2138
1018,4.7265,0.002631,380.03, 329.2138
1019,4.7292,0.002645,378.04, 329.2138
1020,4.7318,0.002636,379.32, 329.2138
1021,4.7345,0.002681,373.04, 329.2138
1022,4.7370,0.002506,399.07, 329.2139
1023,4.7400,0.003003,333.06, 329.2139
1024,4.7428,0.002790,358.46, 329.2139
1025,4.7456,0.002771,360.85, 329.2138
1026,4.7481,0.002567,389.64, 329.2138
1027,4.7509,0.002731,366.19, 329.2138
1028,4.7535,0.002664,375.43, 329.2138
1029,4.7562,0.002647,377.84, 329.2138
1030,4.7589,0.002683,372.77, 329.2138
1031,4.7615,0.002600,384.56, 329.2138
1032,4.7642,0.002720,367.62, 329.2138
1033,4.7668,0.002634,379.59, 329.2138
1034,4.7695,0.002656,376.48, 329.2138
1035,4.7721,0.002671,374.35, 329.2138
1036,4.7748,0.002652,377.15, 329.2138
1037,4.7775,0.002676,373.76, 329.2138
1038,4.7801,0.002609,383.29, 329.2135
1039,4.7828,0.002751,363.46, 329.2138
1040,4.7854,0.002598,384.87, 329.2138
1041,4.7881,0.002719,367.73, 329.2138
1042,4.7908,0.002617,382.09, 329.2138
1043,4.7935,0.002697,370.85, 329.2138
1044,4.7961,0.002639,378.90, 329.2138
1045,4.7987,0.002622,381.34, 329.2138
1046,4.8015,0.002743,364.58, 329.2138
1047,4.8042,0.002700,370.38, 329.2138
1048,4.8069,0.002740,364.95, 329.2138
1049,4.8095,0.002579,387.81, 329.2138
1050,4.8122,0.002689,371.91, 329.2138
1051,4.8148,0.002654,376.78, 329.2138
1052,4.8177,0.002831,353.22, 329.2138
1053,4.8205,0.002844,351.62, 329.2135
1054,4.8233,0.002787,358.86, 329.2132
1055,4.8260,0.002754,363.07, 329.2138
1056,4.8287,0.002674,373.94, 329.2138
1057,4.8315,0.002740,364.92, 329.2138
1058,4.8342,0.002707,369.37, 329.2138
1059,4.8370,0.002824,354.11, 329.2135
1060,4.8397,0.002689,371.94, 329.2138
1061,4.8424,0.002737,365.35, 329.2138
1062,4.8451,0.002674,374.01, 329.2138
1063,4.8478,0.002738,365.22, 329.2138
1064,4.8505,0.002709,369.09, 329.2138
1065,4.8532,0.002637,379.25, 329.2139
1066,4.8558,0.002624,381.08, 329.2139
1067,4.8584,0.002578,387.94, 329.2139
1068,4.8613,0.002897,345.21, 329.2139
1069,4.8638,0.002555,391.36, 329.2270
1070,4.8666,0.002754,363.16, 329.2138
1071,4.8692,0.002645,378.11, 329.2138
1072,4.8719,0.002650,377.33, 329.2138
1073,4.8746,0.002692,371.46, 329.2138
1074,4.8772,0.002658,376.25, 329.2138
1075,4.8800,0.002785,359.01, 329.2138
1076,4.8826,0.002615,382.47, 329.2138
1077,4.8853,0.002712,368.68, 329.2138
1078,4.8879,0.002607,383.63, 329.2138
1079,4.8906,0.002685,372.47, 329.2138
1080,4.8933,0.002675,373.78, 329.2138
1081,4.8963,0.003022,330.95, 329.2132
1082,4.8992,0.002883,346.90, 329.2138
1083,4.9021,0.002842,351.89, 329.2138
1084,4.9049,0.002852,350.58, 329.2147
1085,4.9077,0.002828,353.58, 329.2132
1086,4.9109,0.003157,316.76, 329.2136
1087,4.9142,0.003298,303.20, 329.2133
1088,4.9173,0.003110,321.57, 329.2138
1089,4.9202,0.002876,347.69, 329.2132
1090,4.9230,0.002846,351.33, 329.2138
1091,4.9257,0.002654,376.82, 329.2138
1092,4.9284,0.002740,365.03, 329.2138
1093,4.9310,0.002590,386.09, 329.2138
1094,4.9338,0.002812,355.66, 329.2138
1095,4.9366,0.002751,363.46, 329.2138
1096,4.9392,0.002683,372.68, 329.2138
1097,4.9419,0.002688,372.09, 329.2135
1098,4.9447,0.002734,365.74, 329.2132
1099,4.9474,0.002718,367.90, 329.2138
1100,4.9500,0.002610,383.17, 329.2138
1101,4.9527,0.002725,366.92, 329.2132
1102,4.9553,0.002578,387.97, 329.2138
1103,4.9580,0.002709,369.10, 329.2138
1104,4.9606,0.002632,380.00, 329.2138
1105,4.9634,0.002742,364.76, 329.2135
1106,4.9660,0.002652,377.10, 329.2138
1107,4.9687,0.002653,376.99, 329.2138
1108,4.9714,0.002685,372.44, 329.2138
1109,4.9740,0.002659,376.12, 329.2138
1110,4.9768,0.002737,365.40, 329.2138
1111,4.9794,0.002594,385.53, 329.2138
1112,4.9821,0.002704,369.85, 329.2138
1113,4.9848,0.002693,371.33, 329.2135
1114,4.9874,0.002661,375.81, 329.2138
1115,4.9901,0.002686,372.33, 329.2138
1116,4.9928,0.002660,375.93, 329.2138
1117,4.9955,0.002710,369.03, 329.2138
1118,4.9981,0.002582,387.37, 329.2138
1119,5.0008,0.002727,366.70, 329.2138
1120,5.0034,0.002663,375.46, 329.2138
1121,5.0061,0.002676,373.71, 329.2138
1122,5.0088,0.002662,375.64, 329.2138
1123,5.0114,0.002648,377.63, 329.2138
1124,5.0142,0.002752,363.36, 329.2138
1125,5.0168,0.002613,382.67, 329.2132
1126,5.0195,0.002699,370.48, 329.2138
1127,5.0222,0.002672,374.22, 329.2138
1128,5.0249,0.002729,366.39, 329.2138
1129,5.0276,0.002681,373.01, 329.2138
1130,5.0302,0.002660,375.95, 329.2138
1131,5.0330,0.002732,365.99, 329.2138
1132,5.0356,0.002645,378.04, 329.2138
1133,5.0384,0.002763,361.98, 329.2138
1134,5.0410,0.002601,384.45, 329.2138
1135,5.0438,0.002780,359.78, 329.2138
1136,5.0464,0.002599,384.73, 329.2138
1137,5.0491,0.002699,370.58, 329.2138
1138,5.0517,0.002676,373.75, 329.2135
1139,5.0545,0.002793,358.09, 329.2138
1140,5.0573,0.002746,364.19, 329.2138
1141,5.0599,0.002662,375.67, 329.2138
1142,5.0626,0.002699,370.48, 329.2135
1143,5.0653,0.002641,378.64, 329.2138
1144,5.0680,0.002730,366.37, 329.2138
1145,5.0706,0.002636,379.42, 329.2138
1146,5.0734,0.002716,368.23, 329.2138
1147,5.0760,0.002679,373.26, 329.2138
1148,5.0787,0.002653,376.90, 329.2138
1149,5.0814,0.002678,373.47, 329.2138
1150,5.0840,0.002680,373.20, 329.2132
1151,5.0868,0.002763,361.96, 329.2132
1152,5.0894,0.002573,388.61, 329.2138
1153,5.0921,0.002697,370.84, 329.2138
1154,5.0947,0.002613,382.69, 329.2138
1155,5.0974,0.002678,373.45, 329.2138
1156,5.1000,0.002647,377.84, 329.2235
1157,5.1027,0.002704,369.81, 329.2138
1158,5.1054,0.002668,374.81, 329.2138
1159,5.1080,0.002618,382.03, 329.2138
1160,5.1107,0.002722,367.42, 329.2138
1161,5.1138,0.003029,330.19, 329.2132
1162,5.1170,0.003268,306.04, 329.2139
1163,5.1200,0.002982,335.35, 329.2133
1164,5.1231,0.003094,323.16, 329.2139
1165,5.1260,0.002915,343.02, 329.2133
1166,5.1291,0.003062,326.57, 329.2139
1167,5.1325,0.003394,294.60, 329.2133
1168,5.1357,0.003259,306.88, 329.2280
1169,5.1386,0.002821,354.47, 329.2139
1170,5.1414,0.002853,350.46, 329.2139
1171,5.1441,0.002688,372.07, 329.2138
1172,5.1468,0.002746,364.17, 329.2138
1173,5.1495,0.002635,379.46, 329.2138
1174,5.1521,0.002669,374.74, 329.2138
1175,5.1548,0.002620,381.68, 329.2138
1176,5.1574,0.002597,385.10, 329.2138
1177,5.1600,0.002617,382.09, 329.2138
1178,5.1626,0.002660,375.97, 329.2138
1179,5.1654,0.002766,361.51, 329.2138
1180,5.1680,0.002614,382.53, 329.2138
1181,5.1707,0.002713,368.62, 329.2138
1182,5.1733,0.002593,385.65, 329.2138
1183,5.1760,0.002647,377.79, 329.2138
1184,5.1788,0.002876,347.73, 329.2138
1185,5.1816,0.002805,356.49, 329.2132
1186,5.1845,0.002813,355.45, 329.2138
1187,5.1872,0.002730,366.34, 329.2138
1188,5.1900,0.002801,357.00, 329.2138
1189,5.1927,0.002740,364.91, 329.2139
1190,5.1957,0.002970,336.69, 329.2138
1191,5.1985,0.002755,362.96, 329.2136
1192,5.2013,0.002810,355.90, 329.2156
1193,5.2040,0.002731,366.22, 329.2138
1194,5.2068,0.002805,356.56, 329.2133
1195,5.2095,0.002717,368.09, 329.2138
1196,5.2123,0.002795,357.78, 329.2138
1197,5.2151,0.002768,361.25, 329.2133
1198,5.2180,0.002871,348.29, 329.2136
1199,5.2208,0.002831,353.29, 329.2133
1200,5.2236,0.002811,355.72, 329.2135
1201,5.2265,0.002910,343.62, 329.2132
1202,5.2293,0.002796,357.63, 329.2132
1203,5.2323,0.002947,339.35, 329.2138
1204,5.2350,0.002747,364.02, 329.2138
1205,5.2379,0.002904,344.31, 329.2132
1206,5.2406,0.002744,364.44, 329.2139
1207,5.2435,0.002899,344.98, 329.2139
1208,5.2464,0.002836,352.63, 329.2139
1209,5.2492,0.002822,354.40, 329.2133
1210,5.2520,0.002813,355.45, 329.2157
1211,5.2548,0.002807,356.30, 329.2138
1212,5.2575,0.002715,368.36, 329.2139
1213,5.2603,0.002790,358.37, 329.2139
1214,5.2631,0.002776,360.19, 329.2138
1215,5.2658,0.002712,368.77, 329.2132
1216,5.2686,0.002831,353.21, 329.2138
1217,5.2714,0.002739,365.08, 329.2138
1218,5.2743,0.002947,339.32, 329.2279
1219,5.2774,0.003035,329.51, 329.2138
1220,5.2802,0.002800,357.14, 329.2138
1221,5.2829,0.002695,371.07, 329.2138
1222,5.2855,0.002649,377.52, 329.2138
1223,5.2882,0.002662,375.69, 329.2138
1224,5.2908,0.002665,375.26, 329.2138
1225,5.2935,0.002677,373.55, 329.2138
1226,5.2961,0.002563,390.14, 329.2138
1227,5.2988,0.002764,361.78, 329.2138
1228,5.3015,0.002626,380.81, 329.2138
1229,5.3041,0.002675,373.87, 329.2138
1230,5.3068,0.002674,373.99, 329.2132
1231,5.3095,0.002650,377.40, 329.2138
1232,5.3121,0.002621,381.56, 329.2138
1233,5.3147,0.002574,388.47, 329.2139
1234,5.3174,0.002696,370.99, 329.2138
1235,5.3199,0.002557,391.04, 329.2139
1236,5.3227,0.002818,354.91, 329.2138
1237,5.3254,0.002626,380.88, 329.2138
1238,5.3281,0.002710,368.95, 329.2132
1239,5.3307,0.002682,372.93, 329.2138
1240,5.3334,0.002660,375.90, 329.2138
1241,5.3361,0.002735,365.60, 329.2132
1242,5.3387,0.002598,384.96, 329.2138
1243,5.3415,0.002777,360.07, 329.2138
1244,5.3442,0.002631,380.04, 329.2138
1245,5.3468,0.002700,370.43, 329.2138
1246,5.3495,0.002601,384.42, 329.2138
1247,5.3521,0.002681,373.04, 329.2132
1248,5.3548,0.002690,371.75, 329.2138
1249,5.3575,0.002687,372.15, 329.2132
1250,5.3602,0.002685,372.48, 329.2132
1251,5.3628,0.002644,378.27, 329.2138
1252,5.3656,0.002730,366.27, 329.2138
1253,5.3682,0.002646,377.99, 329.2132
1254,5.3709,0.002692,371.47, 329.2138
1255,5.3736,0.002698,370.70, 329.2138
1256,5.3762,0.002641,378.72, 329.2132
1257,5.3789,0.002654,376.86, 329.2138
1258,5.3815,0.002592,385.74, 329.2138
1259,5.3843,0.002763,361.87, 329.2135
1260,5.3870,0.002772,360.75, 329.2138
1261,5.3898,0.002748,363.86, 329.2138
1262,5.3924,0.002611,382.95, 329.2138
1263,5.3951,0.002694,371.15, 329.2138
1264,5.3977,0.002580,387.67, 329.2138
1265,5.4003,0.002629,380.33, 329.2133
1266,5.4030,0.002758,362.63, 329.2138
1267,5.4056,0.002595,385.31, 329.2138
1268,5.4083,0.002700,370.32, 329.2135
1269,5.4110,0.002623,381.24, 329.2138
1270,5.4137,0.002711,368.81, 329.2135
1271,5.4164,0.002706,369.58, 329.2138
1272,5.4190,0.002659,376.12, 329.2138
1273,5.4217,0.002657,376.39, 329.2138
1274,5.4243,0.002632,380.00, 329.2133
1275,5.4270,0.002653,376.96, 329.2138
1276,5.4300,0.003015,331.66, 329.2139
1277,5.4332,0.003243,308.38, 329.2136
1278,5.4361,0.002872,348.15, 329.2133
1279,5.4391,0.002991,334.38, 329.2136
1280,5.4418,0.002729,366.42, 329.2138
1281,5.4447,0.002858,349.85, 329.2133
1282,5.4474,0.002700,370.38, 329.2138
1283,5.4502,0.002785,359.07, 329.2138
1284,5.4529,0.002718,367.88, 329.2135
1285,5.4556,0.002672,374.28, 329.2156
1286,5.4582,0.002674,373.94, 329.2138
1287,5.4609,0.002687,372.11, 329.2132
1288,5.4637,0.002760,362.28, 329.2138
1289,5.4663,0.002605,383.89, 329.2138
1290,5.4690,0.002756,362.79, 329.2132
1291,5.4717,0.002646,377.87, 329.2138
1292,5.4744,0.002726,366.91, 329.2138
1293,5.4771,0.002659,376.10, 329.2138
1294,5.4798,0.002726,366.86, 329.2138
1295,5.4826,0.002769,361.14, 329.2138
1296,5.4853,0.002692,371.47, 329.2138
1297,5.4880,0.002694,371.17, 329.2138
1298,5.4905,0.002588,386.34, 329.2138
1299,5.4934,0.002831,353.18, 329.2138
1300,5.4961,0.002682,372.87, 329.2138
1301,5.4989,0.002797,357.49, 329.2139
1302,5.5015,0.002643,378.33, 329.2138
1303,5.5042,0.002704,369.84, 329.2138
1304,5.5069,0.002676,373.68, 329.2138
1305,5.5096,0.002696,370.93, 329.2138
1306,5.5123,0.002748,363.86, 329.2138
1307,5.5150,0.002674,374.00, 329.2139
1308,5.5178,0.002773,360.65, 329.2138
1309,5.5204,0.002625,381.00, 329.2135
1310,5.5232,0.002790,358.37, 329.2135
1311,5.5259,0.002672,374.31, 329.2135
1312,5.5285,0.002663,375.46, 329.2138
1313,5.5312,0.002700,370.38, 329.2132
1314,5.5339,0.002657,376.42, 329.2135
1315,5.5366,0.002745,364.25, 329.2138
1316,5.5392,0.002563,390.15, 329.2138
1317,5.5419,0.002698,370.63, 329.2135
1318,5.5447,0.002775,360.36, 329.2138
1319,5.5475,0.002791,358.31, 329.2138
1320,5.5501,0.002639,378.93, 329.2138
1321,5.5528,0.002725,367.00, 329.2138
1322,5.5555,0.002663,375.49, 329.2138
1323,5.5582,0.002705,369.63, 329.2138
1324,5.5610,0.002774,360.52, 329.2138
1325,5.5636,0.002675,373.82, 329.2132
1326,5.5664,0.002781,359.58, 329.2138
1327,5.5691,0.002696,370.96, 329.2138
1328,5.5718,0.002735,365.66, 329.2138
1329,5.5745,0.002674,373.99, 329.2138
1330,5.5773,0.002757,362.77, 329.2135
1331,5.5800,0.002712,368.79, 329.2138
1332,5.5827,0.002725,366.92, 329.2138
1333,5.5855,0.002740,365.03, 329.2138
1334,5.5881,0.002684,372.52, 329.2132
1335,5.5910,0.002846,351.43, 329.2138
1336,5.5936,0.002601,384.54, 329.2139
1337,5.5963,0.002674,374.01, 329.2139
1338,5.5988,0.002587,386.62, 329.2139
1339,5.6021,0.003280,304.92, 329.2135
1340,5.6050,0.002917,342.82, 329.2132
1341,5.6081,0.003069,325.86, 329.2138
1342,5.6108,0.002661,375.83, 329.2138
1343,5.6135,0.002710,369.06, 329.2138
1344,5.6161,0.002646,378.00, 329.2138
1345,5.6187,0.002588,386.44, 329.2139
1346,5.6214,0.002643,378.30, 329.2139
1347,5.6245,0.003184,314.10, 329.2138
1348,5.6274,0.002879,347.39, 329.2139
1349,5.6300,0.002625,380.91, 329.2139
1350,5.6327,0.002668,374.87, 329.2139
1351,5.6354,0.002701,370.29, 329.2138
1352,5.6381,0.002694,371.18, 329.2138
1353,5.6407,0.002632,379.92, 329.2138
1354,5.6434,0.002666,375.05, 329.2135
1355,5.6461,0.002666,375.12, 329.2138
1356,5.6486,0.002577,388.11, 329.2138
1357,5.6514,0.002741,364.90, 329.2138
1358,5.6540,0.002611,383.01, 329.2138
1359,5.6567,0.002695,371.04, 329.2138
1360,5.6593,0.002643,378.33, 329.2138
1361,5.6620,0.002696,370.86, 329.2135
1362,5.6647,0.002693,371.29, 329.2138
1363,5.6674,0.002648,377.70, 329.2138
1364,5.6701,0.002688,371.97, 329.2138
1365,5.6727,0.002625,381.00, 329.2138
1366,5.6754,0.002713,368.62, 329.2138
1367,5.6780,0.002645,378.14, 329.2138
1368,5.6807,0.002677,373.55, 329.2138
1369,5.6834,0.002694,371.14, 329.2138
1370,5.6861,0.002669,374.71, 329.2138
1371,5.6887,0.002665,375.25, 329.2138
1372,5.6914,0.002609,383.36, 329.2138
1373,5.6941,0.002714,368.49, 329.2138
1374,5.6966,0.002564,389.97, 329.2138
1375,5.6993,0.002692,371.42, 329.2138
1376,5.7020,0.002696,370.95, 329.2138
1377,5.7047,0.002697,370.73, 329.2138
1378,5.7074,0.002661,375.81, 329.2138
1379,5.7100,0.002660,375.97, 329.2138
1380,5.7127,0.002690,371.76, 329.2138
1381,5.7153,0.002586,386.74, 329.2138
1382,5.7181,0.002750,363.64, 329.2138
1383,5.7207,0.002646,377.91, 329.2138
1384,5.7234,0.002711,368.81, 329.2138
1385,5.7260,0.002598,384.91, 329.2138
1386,5.7287,0.002647,377.84, 329.2138
1387,5.7314,0.002690,371.82, 329.2138
1388,5.7340,0.002684,372.56, 329.2138
1389,5.7367,0.002697,370.84, 329.2135
1390,5.7393,0.002567,389.59, 329.2138
1391,5.7420,0.002709,369.15, 329.2138
1392,5.7447,0.002657,376.34, 329.2138
1393,5.7474,0.002717,368.07, 329.2138
1394,5.7502,0.002814,355.37, 329.2138
1395,5.7531,0.002873,348.08, 329.2138
1396,5.7558,0.002710,368.98, 329.2138
1397,5.7584,0.002655,376.69, 329.2138
1398,5.7612,0.002715,368.38, 329.2138
1399,5.7638,0.002634,379.69, 329.2138
1400,5.7665,0.002713,368.54, 329.2138
1401,5.7691,0.002636,379.39, 329.2138
1402,5.7718,0.002688,372.07, 329.2135
1403,5.7745,0.002673,374.07, 329.2138
1404,5.7771,0.002645,378.01, 329.2138
1405,5.7798,0.002704,369.89, 329.2138
1406,5.7824,0.002595,385.30, 329.2138
1407,5.7852,0.002773,360.66, 329.2138
1408,5.7878,0.002588,386.35, 329.2138
1409,5.7905,0.002685,372.45, 329.2138
1410,5.7932,0.002673,374.06, 329.2138
1411,5.7959,0.002721,367.55, 329.2138
1412,5.7985,0.002667,374.94, 329.2138
1413,5.8012,0.002621,381.52, 329.2139
1414,5.8039,0.002709,369.21, 329.2138
1415,5.8064,0.002557,391.13, 329.2138
1416,5.8092,0.002768,361.23, 329.2135
1417,5.8118,0.002628,380.55, 329.2139
1418,5.8145,0.002714,368.45, 329.2139
1419,5.8172,0.002619,381.77, 329.2139
1420,5.8198,0.002653,376.90, 329.2139
1421,5.8225,0.002662,375.73, 329.2139
1422,5.8251,0.002576,388.18, 329.2139
1423,5.8278,0.002754,363.11, 329.2138
1424,5.8304,0.002603,384.23, 329.2138
1425,5.8331,0.002722,367.42, 329.2138
1426,5.8358,0.002680,373.08, 329.2138
1427,5.8386,0.002748,363.85, 329.2138
1428,5.8412,0.002667,374.91, 329.2138
1429,5.8439,0.002695,371.04, 329.2138
1430,5.8466,0.002657,376.38, 329.2138
1431,5.8491,0.002551,392.03, 329.2138
1432,5.8519,0.002735,365.63, 329.2138
1433,5.8545,0.002603,384.13, 329.2138
1434,5.8571,0.002639,378.87, 329.2139
1435,5.8597,0.002594,385.48, 329.2138
1436,5.8623,0.002624,381.07, 329.2139
1437,5.8651,0.002745,364.34, 329.2138
1438,5.8677,0.002647,377.80, 329.2138
1439,5.8704,0.002671,374.34, 329.2138
1440,5.8730,0.002618,381.91, 329.2138
1441,5.8757,0.002671,374.42, 329.2138
1442,5.8783,0.002596,385.28, 329.2138
1443,5.8809,0.002664,375.42, 329.2138
1444,5.8836,0.002692,371.42, 329.2138
1445,5.8863,0.002623,381.21, 329.2135
1446,5.8892,0.002935,340.73, 329.2132
1447,5.8922,0.002974,336.20, 329.2135
1448,5.8950,0.002827,353.69, 329.2138
1449,5.8978,0.002842,351.90, 329.2139
1450,5.9008,0.002959,337.94, 329.2133
1451,5.9041,0.003276,305.28, 329.2132
1452,5.9073,0.003194,313.08, 329.2132
1453,5.9103,0.002988,334.63, 329.2138
1454,5.9132,0.002978,335.80, 329.2132
1455,5.9159,0.002706,369.59, 329.2138
1456,5.9188,0.002848,351.17, 329.2138
1457,5.9215,0.002749,363.83, 329.2138
1458,5.9243,0.002727,366.65, 329.2135
1459,5.9269,0.002641,378.63, 329.2138
1460,5.9296,0.002702,370.12, 329.2138
1461,5.9324,0.002755,363.03, 329.2135
1462,5.9351,0.002716,368.16, 329.2132
1463,5.9378,0.002701,370.27, 329.2138
1464,5.9404,0.002587,386.56, 329.2138
1465,5.9431,0.002765,361.61, 329.2132
1466,5.9457,0.002599,384.81, 329.2138
1467,5.9484,0.002690,371.75, 329.2138
1468,5.9511,0.002672,374.24, 329.2138
1469,5.9538,0.002693,371.35, 329.2138
1470,5.9564,0.002610,383.16, 329.2139
1471,5.9590,0.002612,382.82, 329.2139
1472,5.9616,0.002645,378.10, 329.2139
1473,5.9642,0.002550,392.11, 329.2139
1474,5.9670,0.002781,359.54, 329.2139
1475,5.9695,0.002549,392.28, 329.2139
1476,5.9722,0.002676,373.64, 329.2138
1477,5.9748,0.002596,385.19, 329.2139
1478,5.9774,0.002610,383.08, 329.2138
1479,5.9801,0.002699,370.49, 329.2138
1480,5.9828,0.002662,375.69, 329.2138
1481,5.9855,0.002727,366.74, 329.2138
1482,5.9881,0.002651,377.23, 329.2138
1483,5.9909,0.002711,368.81, 329.2138
1484,5.9935,0.002603,384.14, 329.2138
1485,5.9961,0.002663,375.50, 329.2138
1486,5.9989,0.002735,365.62, 329.2138
1487,6.0015,0.002665,375.19, 329.2138
1488,6.0043,0.002742,364.76, 329.2138
1489,6.0069,0.002629,380.34, 329.2138
1490,6.0096,0.002730,366.34, 329.2138
1491,6.0123,0.002639,378.97, 329.2279
1492,6.0150,0.002700,370.34, 329.2138
1493,6.0177,0.002688,372.09, 329.2138
1494,6.0203,0.002630,380.26, 329.2138
1495,6.0230,0.002733,365.90, 329.2138
1496,6.0256,0.002598,384.97, 329.2138
1497,6.0283,0.002724,367.08, 329.2135
1498,6.0309,0.002609,383.27, 329.2132
1499,6.0337,0.002764,361.79, 329.2138
1500,6.0364,0.002646,377.97, 329.2138
1501,6.0390,0.002643,378.43, 329.2138
1502,6.0416,0.002639,378.95, 329.2138
1503,6.0445,0.002854,350.36, 329.2138
1504,6.0474,0.002898,345.03, 329.2156
1505,6.0500,0.002580,387.63, 329.2138
1506,6.0527,0.002725,367.01, 329.2139
1507,6.0553,0.002651,377.27, 329.2138
1508,6.0580,0.002693,371.28, 329.2138
1509,6.0608,0.002733,365.87, 329.2138
1510,6.0636,0.002791,358.31, 329.2138
1511,6.0663,0.002705,369.67, 329.2138
1512,6.0689,0.002651,377.22, 329.2132
1513,6.0716,0.002676,373.69, 329.2138
1514,6.0742,0.002602,384.31, 329.2138
1515,6.0770,0.002782,359.44, 329.2132
1516,6.0796,0.002589,386.25, 329.2138
1517,6.0823,0.002748,363.89, 329.2138
1518,6.0850,0.002694,371.21, 329.2132
1519,6.0877,0.002680,373.12, 329.2138
1520,6.0903,0.002642,378.52, 329.2138
1521,6.0931,0.002740,364.91, 329.2132
1522,6.0958,0.002688,372.00, 329.2138
1523,6.0983,0.002585,386.89, 329.2138
1524,6.1011,0.002727,366.73, 329.2132
1525,6.1037,0.002642,378.56, 329.2138
1526,6.1065,0.002821,354.50, 329.2132
1527,6.1093,0.002731,366.17, 329.2138
1528,6.1119,0.002676,373.66, 329.2138
1529,6.1146,0.002675,373.87, 329.2138
1530,6.1173,0.002681,373.04, 329.2132
1531,6.1200,0.002739,365.16, 329.2138
1532,6.1228,0.002739,365.12, 329.2138
1533,6.1256,0.002777,360.07, 329.2138
1534,6.1281,0.002565,389.82, 329.2138
1535,6.1309,0.002746,364.21, 329.2138
1536,6.1335,0.002666,375.09, 329.2138
1537,6.1362,0.002677,373.54, 329.2138
1538,6.1391,0.002922,342.22, 329.2132
1539,6.1421,0.002968,336.90, 329.2138
1540,6.1448,0.002738,365.19, 329.2138
1541,6.1474,0.002599,384.70, 329.2138
1542,6.1501,0.002671,374.38, 329.2139
1543,6.1527,0.002642,378.49, 329.2157
1544,6.1558,0.003030,330.00, 329.2138
1545,6.1584,0.002619,381.84, 329.2139
1546,6.1611,0.002689,371.87, 329.2139
1547,6.1637,0.002602,384.31, 329.2138
1548,6.1663,0.002618,382.00, 329.2139
1549,6.1692,0.002867,348.83, 329.2138
1550,6.1719,0.002697,370.75, 329.2138
1551,6.1746,0.002703,369.99, 329.2138
1552,6.1771,0.002543,393.30, 329.2138
1553,6.1798,0.002672,374.28, 329.2138
1554,6.1824,0.002614,382.54, 329.2138
1555,6.1851,0.002740,364.91, 329.2138
1556,6.1878,0.002693,371.31, 329.2138
1557,6.1904,0.002599,384.73, 329.2135
1558,6.1931,0.002655,376.62, 329.2135
1559,6.1957,0.002578,387.85, 329.2138
1560,6.1984,0.002747,364.09, 329.2138
1561,6.2010,0.002630,380.18, 329.2138
1562,6.2038,0.002722,367.43, 329.2138
1563,6.2064,0.002644,378.21, 329.2138
1564,6.2090,0.002604,384.10, 329.2138
1565,6.2117,0.002686,372.30, 329.2138
1566,6.2143,0.002636,379.36, 329.2138
1567,6.2171,0.002724,367.11, 329.2138
1568,6.2196,0.002548,392.48, 329.2138
1569,6.2223,0.002696,370.99, 329.2138
1570,6.2249,0.002597,385.00, 329.2138
1571,6.2276,0.002653,376.97, 329.2138
1572,6.2302,0.002618,381.99, 329.2138
1573,6.2328,0.002661,375.81, 329.2135
1574,6.2355,0.002711,368.94, 329.2138
1575,6.2381,0.002590,386.07, 329.2138
1576,6.2408,0.002692,371.46, 329.2138
1577,6.2435,0.002645,378.04, 329.2138
1578,6.2461,0.002640,378.83, 329.2138
1579,6.2488,0.002660,376.01, 329.2138
1580,6.2514,0.002637,379.26, 329.2138
1581,6.2541,0.002698,370.66, 329.2138
1582,6.2567,0.002603,384.16, 329.2132
1583,6.2594,0.002669,374.69, 329.2138
1584,6.2619,0.002553,391.76, 329.2138
1585,6.2648,0.002861,349.48, 329.2138
1586,6.2715,0.006742,148.33, 329.2138
1587,6.2744,0.002878,347.46, 329.2138
1588,6.2772,0.002751,363.45, 329.2138
1589,6.2798,0.002679,373.29, 329.2138
1590,6.2826,0.002775,360.39, 329.2135
1591,6.2853,0.002719,367.81, 329.2135
1592,6.2880,0.002674,374.04, 329.2139
1593,6.2907,0.002646,377.97, 329.2138
1594,6.2933,0.002654,376.73, 329.2138
1595,6.2960,0.002735,365.60, 329.2138
1596,6.2986,0.002608,383.48, 329.2138
1597,6.3014,0.002766,361.55, 329.2132
1598,6.3041,0.002682,372.83, 329.2138
1599,6.3068,0.002693,371.32, 329.2135
1600,6.3095,0.002671,374.34, 329.2138
1601,6.3122,0.002742,364.72, 329.2138
1602,6.3149,0.002705,369.66, 329.2138
1603,6.3175,0.002593,385.67, 329.2135
1604,6.3202,0.002663,375.46, 329.2148
1605,6.3228,0.002650,377.36, 329.2139
1606,6.3255,0.002731,366.23, 329.2139
1607,6.3282,0.002649,377.49, 329.2138
1608,6.3309,0.002662,375.69, 329.2138
1609,6.3336,0.002707,369.39, 329.2138
1610,6.3362,0.002656,376.46, 329.2135
1611,6.3389,0.002692,371.46, 329.2138
1612,6.3415,0.002634,379.65, 329.2156
1613,6.3443,0.002737,365.43, 329.2138
1614,6.3469,0.002633,379.74, 329.2138
1615,6.3496,0.002705,369.64, 329.2138
1616,6.3523,0.002631,380.07, 329.2138
1617,6.3549,0.002643,378.33, 329.2138
1618,6.3576,0.002687,372.12, 329.2138
1619,6.3602,0.002634,379.68, 329.2138
1620,6.3630,0.002741,364.90, 329.2138
1621,6.3656,0.002595,385.30, 329.2138
1622,6.3683,0.002714,368.50, 329.2138
1623,6.3709,0.002629,380.36, 329.2138
1624,6.3736,0.002706,369.56, 329.2138
1625,6.3762,0.002627,380.65, 329.2138
1626,6.3789,0.002661,375.74, 329.2138
1627,6.3816,0.002718,367.94, 329.2135
1628,6.3843,0.002680,373.08, 329.2138
1629,6.3870,0.002726,366.84, 329.2138
1630,6.3896,0.002615,382.48, 329.2138
1631,6.3924,0.002748,363.94, 329.2138
1632,6.3950,0.002615,382.45, 329.2138
1633,6.3977,0.002674,373.99, 329.2138
1634,6.4003,0.002683,372.73, 329.2138
1635,6.4030,0.002656,376.51, 329.2138
1636,6.4058,0.002780,359.73, 329.2138
1637,6.4085,0.002740,365.02, 329.2138
1638,6.4113,0.002750,363.66, 329.2138
1639,6.4139,0.002631,380.10, 329.2138
1640,6.4167,0.002784,359.23, 329.2138
1641,6.4194,0.002672,374.28, 329.2138
1642,6.4222,0.002870,348.38, 329.2132
1643,6.4250,0.002720,367.63, 329.2138
1644,6.4276,0.002648,377.66, 329.2147
1645,6.4323,0.004664,214.39, 329.2133
1646,6.4368,0.004556,219.49, 329.2133
1647,6.4398,0.002938,340.40, 329.2138
1648,6.4425,0.002725,367.03, 329.2139
1649,6.4451,0.002626,380.85, 329.2135
1650,6.4478,0.002737,365.38, 329.2138
1651,6.4505,0.002649,377.44, 329.2138
1652,6.4532,0.002734,365.72, 329.2138
1653,6.4558,0.002597,385.13, 329.2138
1654,6.4585,0.002643,378.43, 329.2132
1655,6.4611,0.002647,377.76, 329.2138
1656,6.4638,0.002667,374.94, 329.2138
1657,6.4665,0.002712,368.69, 329.2132
1658,6.4691,0.002631,380.10, 329.2138
1659,6.4718,0.002715,368.30, 329.2138
1660,6.4744,0.002601,384.44, 329.2138
1661,6.4771,0.002704,369.77, 329.2138
1662,6.4798,0.002625,381.02, 329.2138
1663,6.4825,0.002779,359.89, 329.2132
1664,6.4853,0.002763,361.94, 329.2138
1665,6.4880,0.002666,375.04, 329.2138
1666,6.4907,0.002691,371.60, 329.2138
1667,6.4933,0.002630,380.21, 329.2138
1668,6.4960,0.002683,372.72, 329.2138
1669,6.4987,0.002672,374.27, 329.2135
1670,6.5014,0.002726,366.81, 329.2138
1671,6.5041,0.002673,374.18, 329.2138
1672,6.5067,0.002641,378.62, 329.2138
1673,6.5093,0.002619,381.90, 329.2139
1674,6.5119,0.002626,380.81, 329.2138
1675,6.5147,0.002780,359.73, 329.2139
1676,6.5174,0.002647,377.83, 329.2139
1677,6.5202,0.002856,350.10, 329.2138
1678,6.5229,0.002631,380.11, 329.2138
1679,6.5255,0.002676,373.64, 329.2138
1680,6.5282,0.002649,377.56, 329.2138
1681,6.5308,0.002617,382.13, 329.2136
1682,6.5335,0.002740,364.92, 329.2138
1683,6.5361,0.002577,388.00, 329.2139
1684,6.5388,0.002677,373.51, 329.2139
1685,6.5413,0.002542,393.34, 329.2138
1686,6.5440,0.002660,375.97, 329.2147
1687,6.5466,0.002619,381.78, 329.2139
1688,6.5493,0.002724,367.12, 329.2147
1689,6.5524,0.003052,327.65, 329.2139
1690,6.5553,0.002946,339.42, 329.2139
1691,6.5582,0.002897,345.22, 329.2138
1692,6.5613,0.003096,323.03, 329.2135
1693,6.5643,0.003008,332.49, 329.2138
1694,6.5674,0.003021,331.02, 329.2132
1695,6.5703,0.002942,339.89, 329.2132
1696,6.5734,0.003066,326.13, 329.2134
1697,6.5763,0.002933,340.99, 329.2133
1698,6.5790,0.002677,373.59, 329.2138
1699,6.5817,0.002688,372.09, 329.2139
1700,6.5843,0.002634,379.68, 329.2139
1701,6.5871,0.002844,351.61, 329.2139
1702,6.5897,0.002555,391.36, 329.2139
1703,6.5924,0.002662,375.64, 329.2139
1704,6.5950,0.002634,379.69, 329.2139
1705,6.5976,0.002566,389.68, 329.2138
1706,6.6002,0.002665,375.23, 329.2138
1707,6.6029,0.002648,377.70, 329.2138
1708,6.6056,0.002719,367.85, 329.2138
1709,6.6082,0.002594,385.56, 329.2138
1710,6.6109,0.002716,368.22, 329.2138
1711,6.6135,0.002639,378.95, 329.2138
1712,6.6162,0.002639,378.97, 329.2138
1713,6.6189,0.002699,370.45, 329.2138
1714,6.6215,0.002647,377.76, 329.2132
1715,6.6243,0.002759,362.44, 329.2138
1716,6.6270,0.002675,373.86, 329.2138
1717,6.6297,0.002722,367.32, 329.2138
1718,6.6323,0.002648,377.62, 329.2138
1719,6.6350,0.002724,367.16, 329.2138
1720,6.6377,0.002667,374.97, 329.2138
1721,6.6404,0.002656,376.53, 329.2138
1722,6.6431,0.002696,370.96, 329.2138
1723,6.6457,0.002627,380.72, 329.2135
1724,6.6484,0.002729,366.50, 329.2138
1725,6.6510,0.002592,385.74, 329.2138
1726,6.6537,0.002676,373.64, 329.2138
1727,6.6563,0.002638,379.09, 329.2138
1728,6.6590,0.002699,370.52, 329.2139
1729,6.6617,0.002643,378.42, 329.2138
1730,6.6643,0.002645,378.04, 329.2139
1731,6.6671,0.002765,361.66, 329.2138
1732,6.6697,0.002648,377.66, 329.2138
1733,6.6725,0.002789,358.53, 329.2132
1734,6.6751,0.002600,384.56, 329.2138
1735,6.6778,0.002719,367.76, 329.2138
1736,6.6805,0.002653,376.97, 329.2138
1737,6.6832,0.002695,371.13, 329.2138
1738,6.6859,0.002718,367.99, 329.2138
1739,6.6886,0.002717,368.03, 329.2132
1740,6.6914,0.002741,364.82, 329.2138
1741,6.6940,0.002634,379.67, 329.2138
1742,6.6967,0.002755,363.03, 329.2135
1743,6.6993,0.002571,388.92, 329.2138
1744,6.7021,0.002752,363.35, 329.2138
1745,6.7048,0.002701,370.25, 329.2132
1746,6.7074,0.002666,375.14, 329.2138
1747,6.7101,0.002683,372.72, 329.2138
1748,6.7128,0.002694,371.17, 329.2135
1749,6.7155,0.002714,368.50, 329.2138
1750,6.7181,0.002620,381.74, 329.2138
1751,6.7209,0.002722,367.44, 329.2138
1752,6.7236,0.002717,368.12, 329.2138
1753,6.7263,0.002719,367.82, 329.2132
1754,6.7289,0.002641,378.72, 329.2138
1755,6.7316,0.002665,375.25, 329.2138
1756,6.7344,0.002745,364.37, 329.2138
1757,6.7370,0.002681,372.95, 329.2132
1758,6.7397,0.002677,373.50, 329.2138
1759,6.7423,0.002615,382.42, 329.2138
1760,6.7451,0.002730,366.26, 329.2138
1761,6.7477,0.002616,382.28, 329.2138
1762,6.7504,0.002693,371.33, 329.2138
1763,6.7531,0.002716,368.22, 329.2138
1764,6.7557,0.002651,377.23, 329.2138
1765,6.7584,0.002666,375.05, 329.2132
1766,6.7610,0.002632,379.95, 329.2135
1767,6.7637,0.002707,369.39, 329.2138
1768,6.7663,0.002612,382.88, 329.2138
1769,6.7691,0.002727,366.74, 329.2138
1770,6.7717,0.002660,375.88, 329.2138
1771,6.7744,0.002673,374.08, 329.2135
1772,6.7771,0.002650,377.36, 329.2138
1773,6.7797,0.002640,378.79, 329.2138
1774,6.7826,0.002868,348.68, 329.2138
1775,6.7853,0.002701,370.30, 329.2138
1776,6.7880,0.002705,369.75, 329.2138
1777,6.7906,0.002609,383.23, 329.2132
1778,6.7933,0.002747,363.98, 329.2138
1779,6.7960,0.002641,378.67, 329.2138
1780,6.7988,0.002808,356.18, 329.2138
1781,6.8015,0.002699,370.47, 329.2138
1782,6.8041,0.002661,375.83, 329.2138
1783,6.8068,0.002650,377.39, 329.2138
1784,6.8093,0.002554,391.57, 329.2138
1785,6.8122,0.002868,348.70, 329.2136
1786,6.8149,0.002658,376.25, 329.2260
1787,6.8176,0.002757,362.75, 329.2139
1788,6.8203,0.002655,376.70, 329.2138
1789,6.8230,0.002690,371.79, 329.2138
1790,6.8256,0.002657,376.39, 329.2138
1791,6.8283,0.002697,370.75, 329.2138
1792,6.8311,0.002744,364.44, 329.2138
1793,6.8337,0.002597,385.04, 329.2138
1794,6.8364,0.002702,370.14, 329.2138
1795,6.8390,0.002588,386.38, 329.2138
1796,6.8416,0.002683,372.74, 329.2138
1797,6.8444,0.002718,367.92, 329.2138
1798,6.8472,0.002844,351.64, 329.2135
1799,6.8500,0.002787,358.85, 329.2139
1800,6.8526,0.002625,380.89, 329.2139
1801,6.8552,0.002632,380.00, 329.2139
1802,6.8578,0.002543,393.17, 329.2139
1803,6.8606,0.002808,356.19, 329.2139
1804,6.8635,0.002931,341.19, 329.2138
1805,6.8666,0.003044,328.47, 329.2135
1806,6.8692,0.002642,378.54, 329.2138
1807,6.8719,0.002709,369.19, 329.2138
1808,6.8746,0.002702,370.12, 329.2138
1809,6.8774,0.002739,365.11, 329.2138
1810,6.8801,0.002692,371.53, 329.2138
1811,6.8827,0.002655,376.61, 329.2138
1812,6.8855,0.002752,363.36, 329.2138
1813,6.8881,0.002620,381.72, 329.2138
1814,6.8908,0.002726,366.84, 329.2138
1815,6.8939,0.003076,325.13, 329.2132
1816,6.8967,0.002866,348.87, 329.2139
1817,6.8996,0.002808,356.11, 329.2138
1818,6.9026,0.003042,328.70, 329.2138
1819,6.9056,0.003023,330.76, 329.2132
1820,6.9089,0.003304,302.67, 329.2138
1821,6.9121,0.003175,314.93, 329.2132
1822,6.9151,0.003027,330.40, 329.2156
1823,6.9179,0.002812,355.67, 329.2132
1824,6.9207,0.002743,364.56, 329.2138
1825,6.9234,0.002702,370.16, 329.2138
1826,6.9261,0.002702,370.16, 329.2132
1827,6.9288,0.002680,373.15, 329.2138
1828,6.9314,0.002680,373.09, 329.2138
1829,6.9343,0.002866,348.94, 329.2138
1830,6.9370,0.002682,372.87, 329.2138
1831,6.9397,0.002742,364.67, 329.2138
1832,6.9424,0.002655,376.61, 329.2138
1833,6.9451,0.002691,371.61, 329.2138
1834,6.9477,0.002635,379.56, 329.2138
1835,6.9504,0.002649,377.53, 329.2138
1836,6.9531,0.002743,364.54, 329.2138
1837,6.9558,0.002660,375.88, 329.2135
1838,6.9584,0.002681,372.95, 329.2138
1839,6.9610,0.002561,390.44, 329.2138
1840,6.9638,0.002757,362.78, 329.2138
1841,6.9664,0.002625,380.91, 329.2138
1842,6.9691,0.002674,374.03, 329.2138
1843,6.9717,0.002685,372.47, 329.2138
1844,6.9744,0.002658,376.17, 329.2138
1845,6.9771,0.002697,370.78, 329.2138
1846,6.9797,0.002614,382.51, 329.2138
1847,6.9825,0.002745,364.34, 329.2138
1848,6.9851,0.002613,382.72, 329.2138
1849,6.9878,0.002722,367.40, 329.2132
1850,6.9904,0.002616,382.32, 329.2138
1851,6.9931,0.002701,370.18, 329.2135
1852,6.9958,0.002676,373.64, 329.2138
1853,6.9984,0.002642,378.54, 329.2138
1854,7.0012,0.002767,361.39, 329.2138
1855,7.0039,0.002673,374.10, 329.2138
1856,7.0066,0.002724,367.12, 329.2138
1857,7.0092,0.002579,387.72, 329.2138
1858,7.0118,0.002657,376.44, 329.2138
1859,7.0145,0.002646,377.87, 329.2138
1860,7.0172,0.002680,373.12, 329.2138
1861,7.0199,0.002693,371.39, 329.2138
1862,7.0225,0.002680,373.13, 329.2138
1863,7.0253,0.002748,363.93, 329.2138
1864,7.0278,0.002530,395.34, 329.2138
1865,7.0306,0.002806,356.34, 329.2138
1866,7.0333,0.002727,366.68, 329.2138
1867,7.0361,0.002767,361.39, 329.2133
1868,7.0388,0.002659,376.12, 329.2138
1869,7.0414,0.002605,383.89, 329.2138
1870,7.0440,0.002661,375.77, 329.2139
1871,7.0466,0.002591,385.94, 329.2139
1872,7.0493,0.002671,374.36, 329.2139
1873,7.0519,0.002619,381.84, 329.2138
1874,7.0546,0.002734,365.74, 329.2138
1875,7.0573,0.002626,380.87, 329.2138
1876,7.0599,0.002659,376.02, 329.2138
1877,7.0626,0.002712,368.80, 329.2138
1878,7.0654,0.002711,368.81, 329.2138
1879,7.0682,0.002866,348.89, 329.2135
1880,7.0709,0.002658,376.22, 329.2138
1881,7.0736,0.002732,366.10, 329.2138
1882,7.0762,0.002601,384.50, 329.2138
1883,7.0789,0.002736,365.52, 329.2138
1884,7.0816,0.002694,371.25, 329.2138
1885,7.0844,0.002712,368.80, 329.2132
1886,7.0871,0.002740,365.00, 329.2138
1887,7.0898,0.002681,373.05, 329.2138
1888,7.0925,0.002730,366.26, 329.2138
1889,7.0952,0.002677,373.55, 329.2138
1890,7.0979,0.002750,363.69, 329.2138
1891,7.1005,0.002607,383.54, 329.2138
1892,7.1033,0.002751,363.53, 329.2138
1893,7.1060,0.002673,374.17, 329.2138
1894,7.1086,0.002660,375.98, 329.2138
1895,7.1113,0.002726,366.84, 329.2138
1896,7.1141,0.002722,367.44, 329.2135
1897,7.1168,0.002729,366.46, 329.2138
1898,7.1195,0.002678,373.44, 329.2138
1899,7.1222,0.002705,369.63, 329.2138
1900,7.1249,0.002670,374.49, 329.2138
1901,7.1277,0.002810,355.86, 329.2138
1902,7.1303,0.002588,386.38, 329.2138
1903,7.1329,0.002689,371.94, 329.2138
1904,7.1356,0.002696,370.99, 329.2138
1905,7.1383,0.002634,379.64, 329.2138
1906,7.1410,0.002693,371.35, 329.2132
1907,7.1436,0.002633,379.87, 329.2138
1908,7.1463,0.002717,368.07, 329.2138
1909,7.1489,0.002580,387.61, 329.2132
1910,7.1516,0.002681,373.06, 329.2135
1911,7.1542,0.002643,378.37, 329.2138
1912,7.1571,0.002840,352.08, 329.2135
1913,7.1600,0.002915,343.10, 329.2138
1914,7.1627,0.002755,362.92, 329.2139
1915,7.1654,0.002710,369.00, 329.2138
1916,7.1680,0.002594,385.49, 329.2138
1917,7.1708,0.002746,364.15, 329.2138
1918,7.1735,0.002678,373.41, 329.2138
1919,7.1762,0.002777,360.09, 329.2138
1920,7.1788,0.002596,385.15, 329.2138
1921,7.1815,0.002638,379.15, 329.2138
1922,7.1841,0.002641,378.63, 329.2138
1923,7.1867,0.002621,381.53, 329.2138
1924,7.1894,0.002682,372.87, 329.2138
1925,7.1920,0.002570,389.11, 329.2138
1926,7.1947,0.002703,369.93, 329.2138
1927,7.1973,0.002575,388.35, 329.2138
1928,7.1999,0.002664,375.35, 329.2138
1929,7.2026,0.002679,373.27, 329.2138
1930,7.2052,0.002635,379.52, 329.2138
1931,7.2079,0.002670,374.55, 329.2138
1932,7.2104,0.002538,393.96, 329.2138
1933,7.2132,0.002736,365.46, 329.2138
1934,7.2157,0.002565,389.94, 329.2156
1935,7.2184,0.002689,371.95, 329.2135
1936,7.2211,0.002676,373.71, 329.2138
1937,7.2238,0.002654,376.83, 329.2138
1938,7.2264,0.002632,379.95, 329.2138
1939,7.2290,0.002621,381.50, 329.2132
1940,7.2318,0.002793,358.09, 329.2138
1941,7.2344,0.002610,383.13, 329.2138
1942,7.2371,0.002715,368.30, 329.2138
1943,7.2397,0.002607,383.58, 329.2138
1944,7.2424,0.002640,378.82, 329.2138
1945,7.2450,0.002618,381.93, 329.2135
1946,7.2476,0.002586,386.73, 329.2138
1947,7.2503,0.002729,366.50, 329.2138
1948,7.2530,0.002718,367.99, 329.2138
1949,7.2559,0.002834,352.87, 329.2138
1950,7.2586,0.002780,359.73, 329.2132
1951,7.2616,0.002939,340.27, 329.2138
1952,7.2643,0.002684,372.52, 329.2138
1953,7.2670,0.002708,369.28, 329.2138
1954,7.2696,0.002669,374.66, 329.2138
1955,7.2723,0.002625,380.91, 329.2138
1956,7.2749,0.002664,375.42, 329.2138
1957,7.2775,0.002608,383.42, 329.2138
1958,7.2802,0.002675,373.83, 329.2138
1959,7.2830,0.002766,361.48, 329.2138
1960,7.2857,0.002736,365.47, 329.2138
1961,7.2884,0.002634,379.69, 329.2138
1962,7.2910,0.002668,374.88, 329.2139
1963,7.2937,0.002688,372.02, 329.2138
1964,7.2963,0.002638,379.15, 329.2138
1965,7.2990,0.002698,370.60, 329.2138
1966,7.3016,0.002561,390.43, 329.2138
1967,7.3043,0.002701,370.27, 329.2138
1968,7.3069,0.002570,389.14, 329.2138
1969,7.3095,0.002665,375.26, 329.2138
1970,7.3121,0.002581,387.46, 329.2138
1971,7.3148,0.002640,378.76, 329.2138
1972,7.3174,0.002665,375.18, 329.2138
1973,7.3200,0.002571,388.97, 329.2138
1974,7.3227,0.002708,369.22, 329.2138
1975,7.3253,0.002613,382.64, 329.2132
1976,7.3280,0.002721,367.57, 329.2156
1977,7.3307,0.002648,377.60, 329.2138
1978,7.3334,0.002672,374.31, 329.2132
1979,7.3360,0.002651,377.23, 329.2138
1980,7.3386,0.002622,381.37, 329.2138
1981,7.3413,0.002676,373.76, 329.2138
1982,7.3439,0.002573,388.59, 329.2138
1983,7.3466,0.002711,368.84, 329.2138
1984,7.3492,0.002596,385.28, 329.2138
1985,7.3519,0.002677,373.55, 329.2138
1986,7.3545,0.002654,376.86, 329.2138
1987,7.3571,0.002627,380.73, 329.2138
1988,7.3598,0.002701,370.19, 329.2138
1989,7.3625,0.002619,381.88, 329.2138
1990,7.3652,0.002719,367.77, 329.2138
1991,7.3678,0.002600,384.57, 329.2138
1992,7.3704,0.002650,377.30, 329.2138
1993,7.3730,0.002611,382.97, 329.2138
1994,7.3757,0.002621,381.52, 329.2138
1995,7.3783,0.002636,379.32, 329.2138
1996,7.3809,0.002600,384.63, 329.2138
1997,7.3837,0.002754,363.17, 329.2132
1998,7.3862,0.002546,392.71, 329.2138
1999,7.3890,0.002750,363.60, 329.2138
2000,7.3917,0.002733,365.86, 329.2138
2001,7.3944,0.002717,368.12, 329.2138
2002,7.3971,0.002681,373.05, 329.2138
2003,7.3997,0.002640,378.80, 329.2138
2004,7.4024,0.002709,369.21, 329.2138
2005,7.4051,0.002620,381.75, 329.2138
2006,7.4079,0.002889,346.12, 329.2138
2007,7.4107,0.002710,368.96, 329.2159
2008,7.4135,0.002805,356.46, 329.2138
2009,7.4161,0.002648,377.62, 329.2138
2010,7.4189,0.002773,360.59, 329.2138
2011,7.4216,0.002721,367.50, 329.2156
2012,7.4244,0.002798,357.39, 329.2138
2013,7.4271,0.002746,364.15, 329.2138
2014,7.4301,0.002982,335.30, 329.2132
2015,7.4331,0.002946,339.43, 329.2138
2016,7.4358,0.002710,369.00, 329.2156
2017,7.4385,0.002747,364.09, 329.2138
2018,7.4411,0.002604,384.05, 329.2138
2019,7.4439,0.002784,359.26, 329.2138
2020,7.4465,0.002567,389.61, 329.2138
2021,7.4491,0.002640,378.80, 329.2138
2022,7.4517,0.002597,385.03, 329.2139
2023,7.4544,0.002684,372.63, 329.2139
2024,7.4570,0.002635,379.51, 329.2139
2025,7.4595,0.002501,399.86, 329.2139
2026,7.4623,0.002787,358.83, 329.2139
2027,7.4649,0.002558,390.88, 329.2138
2028,7.4676,0.002689,371.95, 329.2138
2029,7.4703,0.002726,366.84, 329.2138
2030,7.4730,0.002690,371.69, 329.2138
2031,7.4757,0.002685,372.40, 329.2138
2032,7.4783,0.002658,376.27, 329.2138
2033,7.4810,0.002680,373.12, 329.2138
2034,7.4836,0.002596,385.27, 329.2138
2035,7.4864,0.002757,362.73, 329.2138
2036,7.4890,0.002680,373.08, 329.2138
2037,7.4918,0.002718,367.94, 329.2138
2038,7.4944,0.002646,377.87, 329.2138
2039,7.4970,0.002634,379.72, 329.2138
2040,7.4997,0.002688,372.02, 329.2138
2041,7.5024,0.002628,380.53, 329.2138
2042,7.5051,0.002735,365.60, 329.2138
2043,7.5077,0.002581,387.43, 329.2138
2044,7.5104,0.002689,371.87, 329.2138
2045,7.5130,0.002673,374.15, 329.2138
2046,7.5157,0.002661,375.76, 329.2138
2047,7.5184,0.002717,368.05, 329.2138
2048,7.5211,0.002705,369.69, 329.2138
2049,7.5239,0.002745,364.37, 329.2138
2050,7.5265,0.002615,382.45, 329.2138
2051,7.5292,0.002714,368.49, 329.2138
2052,7.5319,0.002658,376.19, 329.2138
2053,7.5346,0.002758,362.63, 329.2135
2054,7.5373,0.002682,372.86, 329.2138
2055,7.5400,0.002683,372.73, 329.2132
2056,7.5427,0.002689,371.95, 329.2138
2057,7.5453,0.002680,373.19, 329.2138
2058,7.5480,0.002676,373.64, 329.2132
2059,7.5506,0.002600,384.59, 329.2157
2060,7.5538,0.003224,310.15, 329.2138
2061,7.5564,0.002598,384.96, 329.2136
2062,7.5591,0.002671,374.46, 329.2138
2063,7.5617,0.002592,385.86, 329.2138
2064,7.5644,0.002726,366.85, 329.2138
2065,7.5671,0.002717,368.12, 329.2138
2066,7.5698,0.002701,370.25, 329.2138
2067,7.5725,0.002698,370.66, 329.2161
2068,7.5751,0.002598,384.87, 329.2139
2069,7.5778,0.002677,373.55, 329.2138
2070,7.5804,0.002588,386.43, 329.2138
2071,7.5831,0.002739,365.06, 329.2138
2072,7.5858,0.002667,375.00, 329.2138
2073,7.5885,0.002645,378.09, 329.2139
2074,7.5911,0.002689,371.91, 329.2138
2075,7.5937,0.002593,385.62, 329.2139
2076,7.5965,0.002793,358.10, 329.2139
2077,7.5991,0.002581,387.48, 329.2139
2078,7.6020,0.002854,350.40, 329.2139
2079,7.6045,0.002562,390.27, 329.2157
2080,7.6072,0.002693,371.33, 329.2139
2081,7.6098,0.002588,386.40, 329.2139
2082,7.6124,0.002602,384.35, 329.2133
2083,7.6151,0.002693,371.32, 329.2138
2084,7.6177,0.002580,387.66, 329.2138
2085,7.6204,0.002731,366.11, 329.2138
2086,7.6231,0.002676,373.76, 329.2138
2087,7.6258,0.002735,365.68, 329.2138
2088,7.6285,0.002682,372.88, 329.2138
2089,7.6312,0.002680,373.16, 329.2138
2090,7.6338,0.002660,375.93, 329.2138
2091,7.6365,0.002654,376.82, 329.2138
2092,7.6392,0.002708,369.22, 329.2138
2093,7.6418,0.002582,387.33, 329.2138
2094,7.6446,0.002786,358.99, 329.2138
2095,7.6472,0.002629,380.36, 329.2138
2096,7.6499,0.002708,369.30, 329.2138
2097,7.6526,0.002723,367.27, 329.2132
2098,7.6553,0.002659,376.04, 329.2138
2099,7.6580,0.002665,375.29, 329.2138
2100,7.6606,0.002662,375.69, 329.2138
2101,7.6633,0.002709,369.21, 329.2138
2102,7.6659,0.002557,391.11, 329.2138
2103,7.6687,0.002830,353.37, 329.2138
2104,7.6714,0.002634,379.67, 329.2138
2105,7.6740,0.002663,375.59, 329.2138
2106,7.6767,0.002684,372.62, 329.2138
2107,7.6793,0.002616,382.20, 329.2138
2108,7.6820,0.002699,370.52, 329.2138
2109,7.6846,0.002620,381.69, 329.2135
2110,7.6873,0.002708,369.22, 329.2138
2111,7.6899,0.002602,384.26, 329.2138
2112,7.6926,0.002704,369.78, 329.2138
2113,7.6953,0.002621,381.59, 329.2138
2114,7.6979,0.002653,376.88, 329.2135
2115,7.7006,0.002679,373.27, 329.2138
2116,7.7033,0.002675,373.85, 329.2138
2117,7.7060,0.002693,371.31, 329.2138
2118,7.7086,0.002640,378.85, 329.2139
2119,7.7113,0.002730,366.34, 329.2139
2120,7.7139,0.002579,387.73, 329.2157
2121,7.7165,0.002626,380.81, 329.2138
2122,7.7191,0.002577,388.08, 329.2139
2123,7.7217,0.002617,382.16, 329.2138
2124,7.7248,0.003038,329.16, 329.2133
2125,7.7278,0.003044,328.47, 329.2132
2126,7.7308,0.002988,334.72, 329.2132
2127,7.7339,0.003058,327.01, 329.2132
2128,7.7369,0.003024,330.70, 329.2132
2129,7.7400,0.003068,325.92, 329.2132
2130,7.7429,0.002975,336.16, 329.2133
2131,7.7456,0.002633,379.81, 329.2138
2132,7.7482,0.002648,377.64, 329.2139
2133,7.7508,0.002545,392.88, 329.2139
2134,7.7535,0.002729,366.46, 329.2139
2135,7.7561,0.002601,384.44, 329.2139
2136,7.7588,0.002683,372.77, 329.2138
2137,7.7615,0.002709,369.09, 329.2139
2138,7.7642,0.002710,369.07, 329.2138
2139,7.7669,0.002680,373.18, 329.2138
2140,7.7695,0.002586,386.77, 329.2138
2141,7.7722,0.002792,358.14, 329.2135
2142,7.7749,0.002604,384.05, 329.2138
2143,7.7775,0.002665,375.18, 329.2138
2144,7.7802,0.002665,375.22, 329.2138
2145,7.7828,0.002664,375.39, 329.2138
2146,7.7855,0.002681,372.94, 329.2138
2147,7.7882,0.002665,375.31, 329.2138
2148,7.7909,0.002713,368.64, 329.2138
2149,7.7935,0.002597,385.13, 329.2138
2150,7.7963,0.002787,358.76, 329.2132
2151,7.7989,0.002653,376.90, 329.2279
2152,7.8017,0.002787,358.78, 329.2132
2153,7.8045,0.002746,364.11, 329.2138
2154,7.8071,0.002675,373.79, 329.2139
2155,7.8098,0.002664,375.33, 329.2138
2156,7.8125,0.002685,372.48, 329.2138
2157,7.8152,0.002734,365.74, 329.2135
2158,7.8179,0.002676,373.76, 329.2138
2159,7.8207,0.002756,362.86, 329.2138
2160,7.8234,0.002713,368.54, 329.2138
2161,7.8261,0.002719,367.73, 329.2156
2162,7.8288,0.002666,375.12, 329.2135
2163,7.8316,0.002790,358.46, 329.2138
2164,7.8344,0.002801,357.05, 329.2138
2165,7.8371,0.002706,369.52, 329.2138
2166,7.8397,0.002661,375.83, 329.2157
2167,7.8424,0.002657,376.41, 329.2139
2168,7.8451,0.002759,362.45, 329.2139
2169,7.8477,0.002596,385.22, 329.2139
2170,7.8504,0.002674,374.04, 329.2138
2171,7.8531,0.002675,373.78, 329.2138
2172,7.8557,0.002641,378.69, 329.2138
2173,7.8584,0.002636,379.41, 329.2138
2174,7.8609,0.002587,386.61, 329.2279
2175,7.8639,0.002914,343.18, 329.2138
2176,7.8666,0.002745,364.27, 329.2138
2177,7.8693,0.002741,364.79, 329.2138
2178,7.8719,0.002574,388.50, 329.2138
2179,7.8746,0.002649,377.46, 329.2138
2180,7.8772,0.002660,375.94, 329.2138
2181,7.8799,0.002654,376.79, 329.2138
2182,7.8825,0.002661,375.86, 329.2138
2183,7.8851,0.002569,389.24, 329.2138
2184,7.8878,0.002714,368.47, 329.2138
2185,7.8904,0.002578,387.94, 329.2138
2186,7.8932,0.002838,352.37, 329.2135
2187,7.8962,0.002989,334.57, 329.2138
2188,7.8991,0.002873,348.13, 329.2138
2189,7.9019,0.002752,363.39, 329.2138
2190,7.9047,0.002863,349.27, 329.2138
2191,7.9079,0.003179,314.55, 329.2132
2192,7.9111,0.003180,314.48, 329.2133
2193,7.9141,0.003071,325.62, 329.2132
2194,7.9171,0.002983,335.20, 329.2139
2195,7.9202,0.003064,326.40, 329.2138
2196,7.9230,0.002775,360.37, 329.2139
2197,7.9257,0.002693,371.32, 329.2138
2198,7.9283,0.002632,379.88, 329.2138
2199,7.9310,0.002717,368.09, 329.2138
2200,7.9336,0.002609,383.36, 329.2138
2201,7.9364,0.002769,361.18, 329.2138
2202,7.9391,0.002668,374.76, 329.2138
2203,7.9417,0.002692,371.48, 329.2138
2204,7.9444,0.002631,380.05, 329.2138
2205,7.9470,0.002609,383.26, 329.2138
2206,7.9496,0.002611,383.01, 329.2138
2207,7.9522,0.002610,383.22, 329.2138
2208,7.9549,0.002740,364.95, 329.2138
2209,7.9576,0.002610,383.14, 329.2138
2210,7.9602,0.002656,376.49, 329.2138
2211,7.9629,0.002634,379.68, 329.2138
2212,7.9655,0.002683,372.69, 329.2138
2213,7.9682,0.002696,370.99, 329.2138
2214,7.9709,0.002656,376.58, 329.2138
2215,7.9736,0.002674,373.99, 329.2135
2216,7.9762,0.002593,385.68, 329.2138
2217,7.9788,0.002661,375.78, 329.2138
2218,7.9814,0.002602,384.31, 329.2138
2219,7.9841,0.002710,368.99, 329.2138
2220,7.9868,0.002661,375.77, 329.2138
2221,7.9894,0.002642,378.47, 329.2138
2222,7.9921,0.002626,380.81, 329.2138
2223,7.9946,0.002572,388.85, 329.2138
2224,7.9973,0.002719,367.85, 329.2138
2225,7.9999,0.002577,388.11, 329.2135
2226,8.0026,0.002667,374.91, 329.2138
2227,8.0052,0.002644,378.26, 329.2138
2228,8.0079,0.002630,380.17, 329.2138
2229,8.0105,0.002629,380.40, 329.2138
2230,8.0132,0.002684,372.56, 329.2138
2231,8.0159,0.002704,369.77, 329.2138
2232,8.0185,0.002600,384.57, 329.2138
2233,8.0212,0.002718,367.92, 329.2156
2234,8.0238,0.002612,382.86, 329.2138
2235,8.0264,0.002641,378.72, 329.2138
2236,8.0291,0.002626,380.79, 329.2138
2237,8.0317,0.002616,382.29, 329.2138
2238,8.0345,0.002808,356.19, 329.2138
2239,8.0371,0.002648,377.71, 329.2138
2240,8.0398,0.002674,373.97, 329.2138
2241,8.0424,0.002596,385.28, 329.2138
2242,8.0451,0.002702,370.07, 329.2138
2243,8.0477,0.002612,382.83, 329.2132
2244,8.0504,0.002643,378.30, 329.2138
2245,8.0530,0.002671,374.35, 329.2138
2246,8.0557,0.002606,383.80, 329.2138
2247,8.0583,0.002694,371.25, 329.2138
2248,8.0609,0.002569,389.33, 329.2138
2249,8.0637,0.002771,360.84, 329.2138
2250,8.0665,0.002814,355.43, 329.2138
2251,8.0693,0.002757,362.73, 329.2138
2252,8.0720,0.002787,358.82, 329.2138
2253,8.0747,0.002667,374.95, 329.2138
2254,8.0774,0.002659,376.02, 329.2138
2255,8.0800,0.002598,384.90, 329.2305
2256,8.0828,0.002809,356.05, 329.2138
2257,8.0854,0.002582,387.37, 329.2138
2258,8.0881,0.002722,367.34, 329.2138
2259,8.0906,0.002568,389.38, 329.2138
2260,8.0933,0.002674,374.01, 329.2138
2261,8.0960,0.002657,376.44, 329.2138
2262,8.0986,0.002630,380.27, 329.2138
2263,8.1013,0.002675,373.89, 329.2138
2264,8.1039,0.002625,380.89, 329.2138
2265,8.1066,0.002678,373.45, 329.2138
2266,8.1091,0.002530,395.32, 329.2138
2267,8.1118,0.002658,376.24, 329.2138
2268,8.1144,0.002642,378.49, 329.2138
2269,8.1170,0.002612,382.80, 329.2138
2270,8.1197,0.002633,379.81, 329.2138
2271,8.1223,0.002619,381.85, 329.2135
2272,8.1250,0.002678,373.37, 329.2138
2273,8.1275,0.002586,386.73, 329.2138
2274,8.1302,0.002675,373.80, 329.2132
2275,8.1328,0.002632,379.92, 329.2138
2276,8.1355,0.002626,380.88, 329.2138
2277,8.1381,0.002663,375.54, 329.2138
2278,8.1408,0.002627,380.66, 329.2138
2279,8.1435,0.002762,362.00, 329.2138
2280,8.1461,0.002614,382.53, 329.2138
2281,8.1489,0.002722,367.32, 329.2138
2282,8.1515,0.002603,384.11, 329.2138
2283,8.1541,0.002661,375.83, 329.2138
2284,8.1568,0.002623,381.26, 329.2138
2285,8.1594,0.002608,383.47, 329.2138
2286,8.1620,0.002667,374.98, 329.2138
2287,8.1647,0.002630,380.23, 329.2135
2288,8.1674,0.002768,361.27, 329.2138
2289,8.1700,0.002603,384.17, 329.2138
2290,8.1728,0.002770,360.97, 329.2138
2291,8.1757,0.002935,340.75, 329.2138
2292,8.1786,0.002887,346.34, 329.2138
2293,8.1812,0.002619,381.80, 329.2138
2294,8.1839,0.002633,379.79, 329.2139
2295,8.1865,0.002646,377.91, 329.2138
2296,8.1892,0.002667,374.98, 329.2138
2297,8.1919,0.002716,368.15, 329.2138
2298,8.1945,0.002582,387.37, 329.2138
2299,8.1972,0.002682,372.90, 329.2138
2300,8.1998,0.002619,381.90, 329.2138
2301,8.2025,0.002684,372.65, 329.2132
2302,8.2052,0.002695,371.04, 329.2138
2303,8.2078,0.002637,379.23, 329.2138
2304,8.2104,0.002649,377.46, 329.2135
2305,8.2130,0.002597,385.06, 329.2138
2306,8.2157,0.002694,371.22, 329.2138
2307,8.2184,0.002620,381.62, 329.2138
2308,8.2211,0.002703,370.00, 329.2138
2309,8.2237,0.002672,374.20, 329.2138
2310,8.2263,0.002593,385.67, 329.2138
2311,8.2289,0.002623,381.30, 329.2138
2312,8.2315,0.002573,388.68, 329.2138
2313,8.2343,0.002735,365.67, 329.2138
2314,8.2369,0.002636,379.39, 329.2138
2315,8.2396,0.002673,374.11, 329.2135
2316,8.2422,0.002644,378.27, 329.2138
2317,8.2449,0.002665,375.22, 329.2138
2318,8.2475,0.002640,378.83, 329.2138
2319,8.2501,0.002605,383.82, 329.2138
2320,8.2528,0.002731,366.18, 329.2138
2321,8.2554,0.002569,389.23, 329.2138
2322,8.2581,0.002667,374.91, 329.2138
2323,8.2607,0.002604,384.08, 329.2138
2324,8.2634,0.002684,372.62, 329.2138
2325,8.2660,0.002599,384.82, 329.2138
2326,8.2686,0.002625,380.89, 329.2132
2327,8.2713,0.002682,372.86, 329.2138
2328,8.2739,0.002609,383.29, 329.2138
2329,8.2766,0.002690,371.76, 329.2135
2330,8.2791,0.002570,389.11, 329.2138
2331,8.2818,0.002687,372.12, 329.2138
2332,8.2845,0.002698,370.62, 329.2138
2333,8.2871,0.002615,382.48, 329.2135
2334,8.2898,0.002632,380.01, 329.2132
2335,8.2924,0.002594,385.55, 329.2138
2336,8.2951,0.002678,373.41, 329.2138
2337,8.2976,0.002587,386.49, 329.2138
2338,8.3003,0.002665,375.21, 329.2138
2339,8.3030,0.002652,377.10, 329.2138
2340,8.3056,0.002622,381.43, 329.2138
2341,8.3082,0.002603,384.19, 329.2138
2342,8.3108,0.002593,385.61, 329.2138
2343,8.3135,0.002728,366.57, 329.2135
2344,8.3160,0.002544,393.10, 329.2138
2345,8.3187,0.002677,373.59, 329.2138
2346,8.3213,0.002628,380.59, 329.2138
2347,8.3241,0.002722,367.34, 329.2138
2348,8.3267,0.002634,379.62, 329.2147
2349,8.3293,0.002618,382.04, 329.2138
2350,8.3320,0.002697,370.78, 329.2138
2351,8.3346,0.002593,385.70, 329.2138
2352,8.3373,0.002717,368.08, 329.2138
2353,8.3399,0.002600,384.67, 329.2138
2354,8.3426,0.002687,372.23, 329.2135
2355,8.3452,0.002607,383.64, 329.2138
2356,8.3479,0.002669,374.73, 329.2138
2357,8.3506,0.002701,370.23, 329.2138
2358,8.3532,0.002619,381.88, 329.2135
2359,8.3559,0.002679,373.30, 329.2138
2360,8.3585,0.002581,387.43, 329.2138
2361,8.3612,0.002714,368.50, 329.2138
2362,8.3638,0.002641,378.64, 329.2138
2363,8.3665,0.002630,380.21, 329.2138
2364,8.3691,0.002667,374.90, 329.2138
2365,8.3717,0.002623,381.18, 329.2138
2366,8.3744,0.002671,374.39, 329.2138
2367,8.3770,0.002548,392.46, 329.2138
2368,8.3798,0.002806,356.40, 329.2138
2369,8.3824,0.002648,377.62, 329.2138
2370,8.3852,0.002739,365.10, 329.2135
2371,8.3878,0.002650,377.36, 329.2138
2372,8.3904,0.002623,381.29, 329.2138
2373,8.3931,0.002630,380.17, 329.2139
2374,8.3958,0.002692,371.43, 329.2139
2375,8.3984,0.002657,376.32, 329.2139
2376,8.4009,0.002525,396.06, 329.2330
2377,8.4037,0.002781,359.61, 329.2139
2378,8.4063,0.002573,388.70, 329.2139
2379,8.4090,0.002722,367.36, 329.2289
2380,8.4117,0.002702,370.16, 329.2138
2381,8.4144,0.002653,376.92, 329.2138
2382,8.4171,0.002717,368.11, 329.2138
2383,8.4196,0.002567,389.58, 329.2138
2384,8.4224,0.002706,369.56, 329.2138
2385,8.4250,0.002656,376.51, 329.2138
2386,8.4276,0.002629,380.43, 329.2138
2387,8.4304,0.002784,359.22, 329.2138
2388,8.4333,0.002836,352.56, 329.2138
2389,8.4359,0.002655,376.68, 329.2139
2390,8.4386,0.002657,376.36, 329.2139
2391,8.4413,0.002680,373.18, 329.2139
2392,8.4438,0.002562,390.34, 329.2139
2393,8.4467,0.002881,347.11, 329.2136
2394,8.4492,0.002544,393.13, 329.2138
2395,8.4519,0.002685,372.51, 329.2138
2396,8.4546,0.002722,367.32, 329.2132
2397,8.4573,0.002643,378.43, 329.2138
2398,8.4599,0.002634,379.65, 329.2139
2399,8.4626,0.002721,367.53, 329.2138
2400,8.4653,0.002674,373.92, 329.2139
2401,8.4678,0.002521,396.70, 329.2139
2402,8.4705,0.002637,379.22, 329.2139
2403,8.4732,0.002683,372.69, 329.2139
2404,8.4764,0.003200,312.53, 329.2139
2405,8.4790,0.002661,375.76, 329.2139
2406,8.4816,0.002626,380.88, 329.2135
2407,8.4844,0.002734,365.78, 329.2138
2408,8.4871,0.002742,364.70, 329.2156
2409,8.4899,0.002796,357.67, 329.2138
2410,8.4926,0.002639,378.99, 329.2138
2411,8.4953,0.002736,365.48, 329.2138
2412,8.4980,0.002720,367.70, 329.2138
2413,8.5007,0.002727,366.73, 329.2132
2414,8.5040,0.003263,306.51, 329.2139
2415,8.5071,0.003098,322.81, 329.2139
2416,8.5100,0.002865,349.05, 329.2139
2417,8.5130,0.003058,327.03, 329.2133
2418,8.5158,0.002820,354.64, 329.2133
2419,8.5185,0.002691,371.58, 329.2139
2420,8.5212,0.002669,374.70, 329.2139
2421,8.5238,0.002644,378.17, 329.2138
2422,8.5265,0.002684,372.62, 329.2138
2423,8.5291,0.002569,389.26, 329.2138
2424,8.5318,0.002696,370.89, 329.2138
2425,8.5346,0.002781,359.56, 329.2138
2426,8.5374,0.002850,350.89, 329.2138
2427,8.5401,0.002686,372.26, 329.2138
2428,8.5428,0.002718,367.88, 329.2135
2429,8.5455,0.002658,376.22, 329.2138
2430,8.5481,0.002620,381.62, 329.2135
2431,8.5511,0.002980,335.59, 329.2138
2432,8.5541,0.003044,328.57, 329.2133
2433,8.5571,0.002922,342.25, 329.2139
2434,8.5600,0.002900,344.82, 329.2133
2435,8.5628,0.002832,353.14, 329.2138
2436,8.5655,0.002671,374.38, 329.2138
2437,8.5683,0.002858,349.93, 329.2135
2438,8.5710,0.002646,378.00, 329.2138
2439,8.5737,0.002758,362.53, 329.2138
2440,8.5764,0.002663,375.46, 329.2135
2441,8.5790,0.002667,375.00, 329.2138
2442,8.5818,0.002709,369.09, 329.2138
2443,8.5845,0.002708,369.33, 329.2138
2444,8.5872,0.002766,361.53, 329.2138
2445,8.5899,0.002631,380.05, 329.2138
2446,8.5926,0.002781,359.60, 329.2138
2447,8.5953,0.002642,378.47, 329.2138
2448,8.5981,0.002829,353.51, 329.2138
2449,8.6008,0.002646,377.90, 329.2138
2450,8.6035,0.002731,366.21, 329.2135
2451,8.6062,0.002722,367.43, 329.2166
2452,8.6089,0.002641,378.62, 329.2399
2453,8.6116,0.002778,359.93, 329.2135
2454,8.6142,0.002587,386.49, 329.2260
2455,8.6171,0.002872,348.19, 329.2139
2456,8.6197,0.002578,387.91, 329.2139
2457,8.6223,0.002636,379.35, 329.2139
2458,8.6249,0.002565,389.92, 329.2138
2459,8.6275,0.002643,378.43, 329.2138
2460,8.6302,0.002657,376.34, 329.2138
2461,8.6328,0.002617,382.07, 329.2138
2462,8.6355,0.002718,367.93, 329.2138
2463,8.6381,0.002566,389.68, 329.2138
2464,8.6408,0.002687,372.13, 329.2138
2465,8.6434,0.002665,375.25, 329.2138
2466,8.6460,0.002621,381.61, 329.2138
2467,8.6487,0.002636,379.38, 329.2138
2468,8.6513,0.002647,377.77, 329.2138
2469,8.6540,0.002713,368.60, 329.2138
2470,8.6567,0.002621,381.55, 329.2135
2471,8.6594,0.002754,363.06, 329.2138
2472,8.6621,0.002638,379.12, 329.2138
2473,8.6648,0.002731,366.23, 329.2138
2474,8.6674,0.002656,376.51, 329.2138
2475,8.6701,0.002667,375.01, 329.2138
2476,8.6729,0.002775,360.31, 329.2138
2477,8.6756,0.002676,373.65, 329.2138
2478,8.6783,0.002696,370.96, 329.2138
2479,8.6809,0.002652,377.13, 329.2138
2480,8.6836,0.002736,365.46, 329.2138
2481,8.6863,0.002620,381.72, 329.2138
2482,8.6890,0.002783,359.38, 329.2138
2483,8.6917,0.002676,373.69, 329.2138
2484,8.6944,0.002667,374.93, 329.2138
2485,8.6970,0.002633,379.75, 329.2138
2486,8.6996,0.002538,394.03, 329.2138
2487,8.7023,0.002711,368.83, 329.2139
2488,8.7049,0.002601,384.44, 329.2139
2489,8.7075,0.002651,377.17, 329.2138
2490,8.7101,0.002590,386.17, 329.2138
2491,8.7128,0.002677,373.61, 329.2132
2492,8.7155,0.002679,373.27, 329.2138
2493,8.7181,0.002657,376.35, 329.2132
2494,8.7208,0.002712,368.76, 329.2135
2495,8.7235,0.002624,381.05, 329.2138
2496,8.7262,0.002702,370.07, 329.2138
2497,8.7288,0.002598,384.99, 329.2132
2498,8.7314,0.002674,373.93, 329.2138
2499,8.7341,0.002637,379.25, 329.2138
2500,8.7367,0.002656,376.56, 329.2138
2501,8.7395,0.002727,366.66, 329.2138
2502,8.7421,0.002623,381.24, 329.2138
2503,8.7448,0.002719,367.81, 329.2132
2504,8.7474,0.002623,381.21, 329.2138
2505,8.7501,0.002697,370.78, 329.2138
2506,8.7528,0.002682,372.90, 329.2279
2507,8.7555,0.002692,371.48, 329.2138
2508,8.7581,0.002642,378.56, 329.2138
2509,8.7608,0.002622,381.42, 329.2138
2510,8.7635,0.002740,365.02, 329.2138
2511,8.7661,0.002590,386.10, 329.2138
2512,8.7688,0.002748,363.85, 329.2135
2513,8.7715,0.002624,381.07, 329.2138
2514,8.7741,0.002693,371.32, 329.2138
2515,8.7768,0.002683,372.77, 329.2135
2516,8.7795,0.002643,378.33, 329.2138
2517,8.7822,0.002685,372.44, 329.2138
2518,8.7848,0.002670,374.48, 329.2138
2519,8.7875,0.002696,370.92, 329.2138
2520,8.7901,0.002569,389.23, 329.2138
2521,8.7928,0.002732,366.03, 329.2138
2522,8.7954,0.002601,384.53, 329.2138
2523,8.7981,0.002686,372.33, 329.2138
2524,8.8009,0.002782,359.49, 329.2138
2525,8.8036,0.002696,370.89, 329.2138
2526,8.8062,0.002652,377.07, 329.2138
2527,8.8088,0.002579,387.75, 329.2138
2528,8.8115,0.002666,375.16, 329.2139
2529,8.8141,0.002622,381.40, 329.2139
2530,8.8168,0.002726,366.91, 329.2138
2531,8.8196,0.002727,366.76, 329.2138
2532,8.8223,0.002767,361.40, 329.2138
2533,8.8251,0.002771,360.92, 329.2132
2534,8.8278,0.002660,376.01, 329.2135
2535,8.8305,0.002791,358.36, 329.2138
2536,8.8334,0.002868,348.71, 329.2138
2537,8.8362,0.002782,359.45, 329.2132
2538,8.8388,0.002596,385.21, 329.2280
2539,8.8418,0.003008,332.44, 329.2135
2540,8.8444,0.002622,381.46, 329.2138
2541,8.8471,0.002664,375.39, 329.2196
2542,8.8498,0.002672,374.29, 329.2138
2543,8.8524,0.002650,377.43, 329.2138
2544,8.8551,0.002713,368.61, 329.2132
2545,8.8577,0.002616,382.22, 329.2135
2546,8.8604,0.002674,373.92, 329.2138
2547,8.8631,0.002691,371.64, 329.2138
2548,8.8659,0.002798,357.42, 329.2138
2549,8.8685,0.002638,379.08, 329.2138
2550,8.8712,0.002681,373.05, 329.2138
2551,8.8738,0.002626,380.87, 329.2138
2552,8.8765,0.002612,382.88, 329.2156
2553,8.8794,0.002908,343.93, 329.2133
2554,8.8824,0.003012,332.01, 329.2132
2555,8.8852,0.002783,359.31, 329.2139
2556,8.8878,0.002594,385.51, 329.2138
2557,8.8905,0.002724,367.05, 329.2139
2558,8.8931,0.002578,387.93, 329.2139
2559,8.8961,0.003091,323.56, 329.2157
2560,8.8990,0.002808,356.15, 329.2139
2561,8.9018,0.002866,348.94, 329.2139
2562,8.9047,0.002898,345.09, 329.2138
2563,8.9076,0.002912,343.42, 329.2138
2564,8.9112,0.003558,281.05, 329.2132
2565,8.9145,0.003293,303.67, 329.2132
2566,8.9174,0.002897,345.20, 329.2138
2567,8.9202,0.002839,352.29, 329.2133
2568,8.9230,0.002739,365.14, 329.2138
2569,8.9257,0.002726,366.82, 329.2138
2570,8.9284,0.002707,369.39, 329.2138
2571,8.9311,0.002718,367.97, 329.2135
2572,8.9339,0.002825,353.97, 329.2132
2573,8.9366,0.002719,367.85, 329.2132
2574,8.9393,0.002682,372.91, 329.2138
2575,8.9420,0.002632,379.98, 329.2135
2576,8.9447,0.002738,365.28, 329.2138
2577,8.9473,0.002617,382.09, 329.2138
2578,8.9500,0.002678,373.41, 329.2132
2579,8.9527,0.002700,370.34, 329.2138
2580,8.9553,0.002654,376.85, 329.2138
2581,8.9581,0.002717,368.05, 329.2132
2582,8.9606,0.002581,387.45, 329.2138
2583,8.9634,0.002730,366.30, 329.2138
2584,8.9660,0.002598,384.94, 329.2147
2585,8.9687,0.002704,369.84, 329.2138
2586,8.9713,0.002669,374.69, 329.2138
2587,8.9741,0.002736,365.51, 329.2138
2588,8.9768,0.002709,369.15, 329.2138
2589,8.9794,0.002642,378.50, 329.2132
2590,8.9821,0.002689,371.94, 329.2138
2591,8.9847,0.002574,388.46, 329.2138
2592,8.9875,0.002790,358.46, 329.2138
2593,8.9901,0.002644,378.26, 329.2132
2594,8.9929,0.002771,360.95, 329.2138
2595,8.9955,0.002643,378.43, 329.2138
2596,8.9982,0.002657,376.39, 329.2138
2597,9.0009,0.002672,374.27, 329.2138
2598,9.0035,0.002671,374.36, 329.2138
2599,9.0063,0.002754,363.16, 329.2138
2600,9.0089,0.002600,384.57, 329.2138
2601,9.0116,0.002695,371.00, 329.2138
2602,9.0142,0.002639,378.99, 329.2138
2603,9.0169,0.002702,370.15, 329.2138
2604,9.0196,0.002691,371.62, 329.2138
2605,9.0223,0.002684,372.56, 329.2138
2606,9.0250,0.002678,373.43, 329.2138
2607,9.0275,0.002563,390.12, 329.2138
2608,9.0303,0.002718,367.97, 329.2138
2609,9.0329,0.002616,382.32, 329.2138
2610,9.0356,0.002686,372.27, 329.2138
2611,9.0383,0.002735,365.67, 329.2138
2612,9.0410,0.002676,373.72, 329.2138
2613,9.0436,0.002636,379.31, 329.2139
2614,9.0462,0.002583,387.16, 329.2133
2615,9.0488,0.002631,380.08, 329.2139
2616,9.0513,0.002513,398.01, 329.2139
2617,9.0540,0.002675,373.90, 329.2139
2618,9.0566,0.002581,387.51, 329.2138
2619,9.0592,0.002627,380.73, 329.2138
2620,9.0619,0.002726,366.85, 329.2138
2621,9.0646,0.002650,377.37, 329.2139
2622,9.0673,0.002728,366.60, 329.2135
2623,9.0699,0.002612,382.89, 329.2138
2624,9.0728,0.002842,351.89, 329.2138
2625,9.0754,0.002625,380.97, 329.2139
2626,9.0781,0.002723,367.19, 329.2139
2627,9.0808,0.002639,378.90, 329.2138
2628,9.0835,0.002708,369.28, 329.2139
2629,9.0862,0.002699,370.54, 329.2138
2630,9.0889,0.002675,373.83, 329.2138
2631,9.0915,0.002674,373.96, 329.2138
2632,9.0942,0.002654,376.86, 329.2138
2633,9.0969,0.002715,368.38, 329.2138
2634,9.0995,0.002594,385.56, 329.2138
2635,9.1022,0.002755,362.99, 329.2138
2636,9.1049,0.002668,374.78, 329.2138
2637,9.1076,0.002647,377.77, 329.2138
2638,9.1102,0.002636,379.31, 329.2138
2639,9.1128,0.002563,390.21, 329.2138
2640,9.1154,0.002644,378.21, 329.2138
2641,9.1179,0.002532,394.91, 329.2138
2642,9.1206,0.002637,379.22, 329.2138
2643,9.1233,0.002690,371.72, 329.2139
2644,9.1259,0.002633,379.85, 329.2139
2645,9.1285,0.002606,383.73, 329.2138
2646,9.1311,0.002642,378.53, 329.2135
2647,9.1340,0.002816,355.16, 329.2138
2648,9.1366,0.002611,383.01, 329.2138
2649,9.1393,0.002762,362.04, 329.2138
2650,9.1419,0.002561,390.46, 329.2138
2651,9.1446,0.002734,365.75, 329.2138
2652,9.1473,0.002642,378.50, 329.2138
2653,9.1500,0.002708,369.22, 329.2138
2654,9.1527,0.002748,363.89, 329.2138
2655,9.1554,0.002651,377.29, 329.2138
2656,9.1581,0.002692,371.54, 329.2138
2657,9.1606,0.002570,389.14, 329.2138
2658,9.1634,0.002748,363.89, 329.2138
2659,9.1661,0.002680,373.15, 329.2138
2660,9.1688,0.002698,370.69, 329.2138
2661,9.1715,0.002702,370.04, 329.2138
2662,9.1741,0.002655,376.69, 329.2138
2663,9.1768,0.002669,374.64, 329.2138
2664,9.1795,0.002742,364.72, 329.2138
2665,9.1825,0.002998,333.57, 329.2138
2666,9.1852,0.002688,372.07, 329.2139
2667,9.1881,0.002904,344.33, 329.2139
2668,9.1908,0.002659,376.08, 329.2138
2669,9.1935,0.002678,373.39, 329.2136
2670,9.1961,0.002655,376.66, 329.2138
2671,9.1988,0.002657,376.44, 329.2139
2672,9.2014,0.002657,376.31, 329.2138
2673,9.2041,0.002670,374.50, 329.2138
2674,9.2069,0.002765,361.68, 329.2132
2675,9.2095,0.002654,376.82, 329.2126
2676,9.2125,0.002962,337.66, 329.2126
2677,9.2152,0.002697,370.80, 329.2126
2678,9.2179,0.002752,363.40, 329.2126
2679,9.2206,0.002716,368.15, 329.2126
2680,9.2234,0.002777,360.10, 329.2120
2681,9.2261,0.002702,370.10, 329.2144
2682,9.2288,0.002666,375.07, 329.2126
2683,9.2315,0.002681,372.97, 329.2145
2684,9.2342,0.002698,370.71, 329.2126
2685,9.2370,0.002794,357.92, 329.2127
2686,9.2395,0.002553,391.74, 329.2127
2687,9.2423,0.002765,361.64, 329.2126
2688,9.2449,0.002626,380.82, 329.2126
2689,9.2476,0.002692,371.48, 329.2126
2690,9.2502,0.002639,378.89, 329.2126
2691,9.2529,0.002639,378.92, 329.2126
2692,9.2556,0.002746,364.13, 329.2126
2693,9.2582,0.002625,381.02, 329.2126
2694,9.2609,0.002709,369.21, 329.2126
2695,9.2636,0.002630,380.17, 329.2126
2696,9.2663,0.002708,369.34, 329.2126
2697,9.2689,0.002649,377.57, 329.2123
2698,9.2716,0.002657,376.44, 329.2123
2699,9.2743,0.002682,372.86, 329.2126
2700,9.2769,0.002630,380.29, 329.2126
2701,9.2796,0.002699,370.58, 329.2120
2702,9.2822,0.002587,386.62, 329.2126
2703,9.2849,0.002720,367.61, 329.2126
2704,9.2876,0.002725,366.95, 329.2126
2705,9.2903,0.002672,374.22, 329.2126
2706,9.2929,0.002637,379.16, 329.2126
2707,9.2956,0.002674,373.97, 329.2120
2708,9.2983,0.002651,377.27, 329.2126
2709,9.3008,0.002516,397.49, 329.2126
2710,9.3036,0.002842,351.83, 329.2144
2711,9.3063,0.002663,375.46, 329.2126
2712,9.3090,0.002665,375.26, 329.2127
2713,9.3115,0.002562,390.27, 329.2126
2714,9.3142,0.002652,377.15, 329.2126
2715,9.3168,0.002659,376.10, 329.2126
2716,9.3195,0.002631,380.10, 329.2126
2717,9.3222,0.002767,361.38, 329.2123
2718,9.3249,0.002637,379.18, 329.2126
2719,9.3276,0.002707,369.45, 329.2126
2720,9.3302,0.002624,381.07, 329.2126
2721,9.3329,0.002743,364.60, 329.2126
2722,9.3357,0.002750,363.60, 329.2123
2723,9.3383,0.002643,378.33, 329.2126
2724,9.3410,0.002662,375.70, 329.2127
2725,9.3436,0.002595,385.30, 329.2126
2726,9.3462,0.002636,379.31, 329.2127
2727,9.3489,0.002652,377.02, 329.2127
2728,9.3516,0.002752,363.32, 329.2127
2729,9.3543,0.002625,380.97, 329.2127
2730,9.3569,0.002676,373.72, 329.2127
2731,9.3596,0.002655,376.61, 329.2126
2732,9.3622,0.002648,377.71, 329.2126
2733,9.3650,0.002732,366.05, 329.2126
2734,9.3676,0.002590,386.09, 329.2126
2735,9.3703,0.002721,367.46, 329.2126
2736,9.3729,0.002621,381.52, 329.2126
2737,9.3755,0.002643,378.43, 329.2126
2738,9.3782,0.002671,374.35, 329.2126
2739,9.3809,0.002643,378.33, 329.2126
2740,9.3836,0.002739,365.07, 329.2126
2741,9.3862,0.002610,383.19, 329.2126
2742,9.3889,0.002724,367.05, 329.2126
2743,9.3915,0.002612,382.91, 329.2126
2744,9.3943,0.002742,364.70, 329.2126
2745,9.3969,0.002651,377.23, 329.2126
2746,9.3996,0.002709,369.19, 329.2126
2747,9.4023,0.002704,369.82, 329.2126
2748,9.4050,0.002663,375.56, 329.2126
2749,9.4077,0.002692,371.53, 329.2126
2750,9.4102,0.002531,395.09, 329.2126
2751,9.4130,0.002806,356.34, 329.2268
2752,9.4159,0.002846,351.40, 329.2126
2753,9.4187,0.002812,355.59, 329.2123
2754,9.4214,0.002658,376.28, 329.2126
2755,9.4241,0.002700,370.32, 329.2135
2756,9.4267,0.002623,381.27, 329.2126
2757,9.4295,0.002807,356.24, 329.2126
2758,9.4323,0.002781,359.65, 329.2126
2759,9.4349,0.002603,384.19, 329.2126
2760,9.4376,0.002724,367.15, 329.2126
2761,9.4402,0.002592,385.82, 329.2126
2762,9.4429,0.002720,367.65, 329.2123
2763,9.4456,0.002669,374.64, 329.2126
2764,9.4483,0.002713,368.65, 329.2126
2765,9.4510,0.002677,373.55, 329.2120
2766,9.4536,0.002646,377.87, 329.2126
2767,9.4563,0.002687,372.19, 329.2126
2768,9.4589,0.002605,383.89, 329.2126
2769,9.4616,0.002712,368.70, 329.2126
2770,9.4643,0.002642,378.44, 329.2126
2771,9.4670,0.002736,365.51, 329.2126
2772,9.4697,0.002669,374.70, 329.2126
2773,9.4723,0.002659,376.12, 329.2126
2774,9.4750,0.002674,374.01, 329.2123
2775,9.4776,0.002640,378.85, 329.2126
2776,9.4803,0.002681,373.02, 329.2126
2777,9.4829,0.002626,380.75, 329.2126
2778,9.4857,0.002718,367.88, 329.2123
2779,9.4883,0.002635,379.46, 329.2126
2780,9.4910,0.002755,362.94, 329.2123
2781,9.4937,0.002687,372.12, 329.2126
2782,9.4964,0.002656,376.56, 329.2126
2783,9.4990,0.002636,379.41, 329.2127
2784,9.5016,0.002578,387.91, 329.2127
2785,9.5043,0.002723,367.27, 329.2127
2786,9.5069,0.002623,381.23, 329.2127
2787,9.5097,0.002732,366.05, 329.2126
2788,9.5123,0.002655,376.66, 329.2126
2789,9.5150,0.002694,371.18, 329.2126
2790,9.5177,0.002639,378.92, 329.2126
2791,9.5203,0.002609,383.33, 329.2123
2792,9.5230,0.002773,360.63, 329.2126
2793,9.5256,0.002588,386.46, 329.2126
2794,9.5283,0.002707,369.45, 329.2126
2795,9.5310,0.002632,379.88, 329.2126
2796,9.5337,0.002705,369.70, 329.2126
2797,9.5364,0.002681,373.00, 329.2126
2798,9.5390,0.002688,371.97, 329.2126
2799,9.5418,0.002779,359.87, 329.2127
2800,9.5445,0.002648,377.64, 329.2127
2801,9.5472,0.002764,361.74, 329.2127
2802,9.5498,0.002568,389.48, 329.2126
2803,9.5526,0.002822,354.31, 329.2126
2804,9.5553,0.002688,372.09, 329.2126
2805,9.5580,0.002670,374.57, 329.2126
2806,9.5606,0.002617,382.15, 329.2126
2807,9.5632,0.002626,380.84, 329.2126
2808,9.5659,0.002664,375.40, 329.2126
2809,9.5686,0.002709,369.17, 329.2123
2810,9.5714,0.002751,363.48, 329.2126
2811,9.5740,0.002605,383.83, 329.2126
2812,9.5766,0.002689,371.83, 329.2126
2813,9.5793,0.002665,375.19, 329.2126
2814,9.5820,0.002680,373.11, 329.2126
2815,9.5847,0.002735,365.70, 329.2126
2816,9.5874,0.002658,376.27, 329.2126
2817,9.5901,0.002699,370.45, 329.2126
2818,9.5927,0.002587,386.61, 329.2126
2819,9.5954,0.002684,372.62, 329.2127
2820,9.5980,0.002639,378.95, 329.2126
2821,9.6008,0.002758,362.65, 329.2126
2822,9.6034,0.002683,372.73, 329.2126
2823,9.6061,0.002646,378.00, 329.2126
2824,9.6087,0.002645,378.11, 329.2126
2825,9.6113,0.002602,384.29, 329.2126
2826,9.6140,0.002695,371.11, 329.2126
2827,9.6166,0.002543,393.30, 329.2126
2828,9.6193,0.002716,368.23, 329.2126
2829,9.6219,0.002627,380.62, 329.2126
2830,9.6246,0.002673,374.14, 329.2126
2831,9.6272,0.002620,381.66, 329.2126
2832,9.6298,0.002578,387.87, 329.2126
2833,9.6325,0.002714,368.45, 329.2126
2834,9.6351,0.002573,388.67, 329.2126
2835,9.6378,0.002687,372.23, 329.2126
2836,9.6404,0.002603,384.20, 329.2126
2837,9.6430,0.002668,374.77, 329.2126
2838,9.6456,0.002603,384.17, 329.2126
2839,9.6484,0.002816,355.16, 329.2126
2840,9.6512,0.002724,367.17, 329.2126
2841,9.6538,0.002620,381.74, 329.2126
2842,9.6565,0.002679,373.23, 329.2120
2843,9.6590,0.002553,391.65, 329.2126
2844,9.6618,0.002770,361.04, 329.2126
2845,9.6645,0.002706,369.55, 329.2126
2846,9.6671,0.002650,377.30, 329.2126
2847,9.6698,0.002638,379.09, 329.2126
2848,9.6724,0.002613,382.64, 329.2120
2849,9.6751,0.002666,375.11, 329.2126
2850,9.6777,0.002618,381.91, 329.2126
2851,9.6804,0.002751,363.52, 329.2120
2852,9.6831,0.002631,380.14, 329.2126
2853,9.6857,0.002685,372.44, 329.2126
2854,9.6884,0.002647,377.77, 329.2123
2855,9.6910,0.002602,384.36, 329.2126
2856,9.6938,0.002796,357.63, 329.2126
2857,9.6967,0.002863,349.35, 329.2126
2858,9.6994,0.002746,364.19, 329.2126
2859,9.7020,0.002567,389.53, 329.2126
2860,9.7047,0.002755,362.96, 329.2123
2861,9.7073,0.002618,381.97, 329.2126
2862,9.7100,0.002692,371.50, 329.2126
2863,9.7127,0.002646,377.99, 329.2126
2864,9.7153,0.002638,379.08, 329.2126
2865,9.7180,0.002664,375.43, 329.2126
2866,9.7206,0.002594,385.46, 329.2123
2867,9.7233,0.002712,368.68, 329.2126
2868,9.7259,0.002610,383.11, 329.2126
2869,9.7286,0.002680,373.19, 329.2126
2870,9.7312,0.002589,386.29, 329.2126
2871,9.7338,0.002651,377.24, 329.2126
2872,9.7365,0.002690,371.82, 329.2126
2873,9.7391,0.002604,383.98, 329.2126
2874,9.7418,0.002679,373.25, 329.2126
2875,9.7444,0.002601,384.54, 329.2126
2876,9.7471,0.002699,370.52, 329.2126
2877,9.7497,0.002596,385.16, 329.2126
2878,9.7524,0.002725,366.99, 329.2126
2879,9.7550,0.002634,379.59, 329.2126
2880,9.7577,0.002623,381.18, 329.2126
2881,9.7603,0.002649,377.50, 329.2126
2882,9.7629,0.002567,389.50, 329.2126
2883,9.7656,0.002688,372.09, 329.2126
2884,9.7681,0.002579,387.79, 329.2126
2885,9.7708,0.002694,371.21, 329.2126
2886,9.7735,0.002669,374.69, 329.2126
2887,9.7761,0.002610,383.14, 329.2126
2888,9.7788,0.002651,377.19, 329.2126
2889,9.7814,0.002635,379.45, 329.2126
2890,9.7841,0.002729,366.38, 329.2123
2891,9.7867,0.002604,384.01, 329.2120
2892,9.7895,0.002756,362.79, 329.2126
2893,9.7921,0.002607,383.52, 329.2123
2894,9.7948,0.002665,375.21, 329.2120
2895,9.7974,0.002629,380.39, 329.2126
2896,9.8001,0.002669,374.64, 329.2126
2897,9.8028,0.002709,369.18, 329.2120
2898,9.8053,0.002565,389.88, 329.2126
2899,9.8080,0.002671,374.41, 329.2126
2900,9.8106,0.002557,391.13, 329.2126
2901,9.8132,0.002664,375.38, 329.2126
2902,9.8158,0.002586,386.74, 329.2126
2903,9.8184,0.002589,386.25, 329.2126
2904,9.8211,0.002696,370.95, 329.2126
2905,9.8237,0.002631,380.04, 329.2120
2906,9.8264,0.002690,371.75, 329.2126
2907,9.8290,0.002575,388.29, 329.2126
2908,9.8317,0.002684,372.56, 329.2126
2909,9.8344,0.002722,367.34, 329.2126
2910,9.8372,0.002754,363.17, 329.2126
2911,9.8398,0.002660,376.00, 329.2126
2912,9.8425,0.002676,373.69, 329.2126
2913,9.8452,0.002657,376.31, 329.2126
2914,9.8477,0.002545,392.99, 329.2126
2915,9.8504,0.002737,365.36, 329.2126
2916,9.8531,0.002641,378.66, 329.2126
2917,9.8557,0.002649,377.46, 329.2126
2918,9.8583,0.002595,385.30, 329.2126
2919,9.8609,0.002596,385.21, 329.2123
2920,9.8636,0.002663,375.56, 329.2126
2921,9.8661,0.002568,389.38, 329.2126
2922,9.8689,0.002703,369.90, 329.2120
2923,9.8715,0.002602,384.28, 329.2126
2924,9.8741,0.002683,372.68, 329.2126
2925,9.8768,0.002654,376.80, 329.2123
2926,9.8794,0.002585,386.89, 329.2126
2927,9.8821,0.002707,369.41, 329.2126
2928,9.8848,0.002696,370.93, 329.2126
2929,9.8875,0.002690,371.80, 329.2126
2930,9.8900,0.002551,392.08, 329.2126
2931,9.8927,0.002673,374.06, 329.2126
2932,9.8953,0.002602,384.39, 329.2126
2933,9.8982,0.002950,339.03, 329.2238
2934,9.9014,0.003178,314.65, 329.2126
2935,9.9043,0.002893,345.65, 329.2126
2936,9.9071,0.002751,363.54, 329.2126
2937,9.9099,0.002874,347.96, 329.2126
2938,9.9128,0.002864,349.16, 329.2121
2939,9.9160,0.003195,313.00, 329.2121
2940,9.9193,0.003282,304.72, 329.2124
2941,9.9224,0.003102,322.37, 329.2127
2942,9.9253,0.002918,342.75, 329.2126
2943,9.9279,0.002649,377.47, 329.2126
2944,9.9307,0.002795,357.78, 329.2120
2945,9.9335,0.002732,366.07, 329.2123
2946,9.9363,0.002845,351.48, 329.2123
2947,9.9390,0.002667,374.98, 329.2126
2948,9.9417,0.002748,363.97, 329.2126
2949,9.9444,0.002695,371.02, 329.2123
2950,9.9472,0.002738,365.24, 329.2126
2951,9.9498,0.002642,378.56, 329.2126
2952,9.9525,0.002708,369.28, 329.2126
2953,9.9552,0.002681,372.94, 329.2126
2954,9.9578,0.002610,383.19, 329.2126
2955,9.9605,0.002721,367.57, 329.2126
2956,9.9632,0.002694,371.26, 329.2126
2957,9.9660,0.002737,365.38, 329.2126
2958,9.9685,0.002581,387.48, 329.2126
2959,9.9712,0.002678,373.45, 329.2126
2960,9.9739,0.002670,374.52, 329.2126
2961,9.9766,0.002663,375.57, 329.2126
2962,9.9792,0.002663,375.56, 329.2126
2963,9.9818,0.002600,384.56, 329.2126
2964,9.9846,0.002756,362.82, 329.2126
2965,9.9872,0.002586,386.68, 329.2126
2966,9.9898,0.002668,374.83, 329.2126
2967,9.9925,0.002686,372.29, 329.2126
2968,9.9952,0.002714,368.51, 329.2126
2969,9.9979,0.002670,374.52, 329.2126
