TotalFrame,Time,DeltaTime,FPS,RAM
112287,0.0000,0.010911,91.65, 426.4837
112288,0.0000,0.010911,91.65, 427.2334
112289,0.0200,0.020000,50.00, 426.5446
112290,0.0237,0.003708,269.68, 426.5372
112291,0.0269,0.003342,299.26, 426.5438
112292,0.0354,0.008401,119.04, 426.5071
112293,0.0386,0.003272,305.67, 426.5070
112294,0.0417,0.003193,313.16, 426.5075
112295,0.0449,0.003168,315.64, 426.5072
112296,0.0483,0.003258,306.98, 426.5070
112297,0.0513,0.003138,318.73, 426.5070
112298,0.0547,0.003196,312.91, 426.5070
112299,0.0579,0.003220,310.53, 426.5067
112300,0.0610,0.003222,310.41, 426.5022
112301,0.0642,0.003255,307.26, 426.5016
112302,0.0674,0.003152,317.24, 426.5016
112303,0.0706,0.003137,318.78, 426.5016
112304,0.0737,0.003193,313.18, 426.5016
112305,0.0769,0.003218,310.73, 426.5016
112306,0.0801,0.003165,315.97, 426.5016
112307,0.0833,0.003136,318.91, 426.5016
112308,0.0864,0.003207,311.85, 426.5016
112309,0.0896,0.003193,313.21, 426.5016
112310,0.0928,0.003164,316.11, 426.5022
112311,0.0959,0.003165,315.99, 426.5019
112312,0.0991,0.003107,321.86, 426.5016
112313,0.1023,0.003144,318.10, 426.5016
112314,0.1055,0.003179,314.57, 426.5016
112315,0.1086,0.003228,309.78, 426.5019
112316,0.1118,0.003091,323.57, 426.5016
112317,0.1150,0.003203,312.19, 426.5016
112318,0.1182,0.003107,321.90, 426.5016
112319,0.1213,0.003193,313.21, 426.5016
112320,0.1245,0.003261,306.68, 426.5016
112321,0.1277,0.003214,311.16, 426.5016
112322,0.1309,0.003165,315.99, 426.5016
112323,0.1340,0.003129,319.64, 426.5016
112324,0.1372,0.003166,315.85, 426.5016
112325,0.1404,0.003136,318.87, 426.5016
112326,0.1433,0.003107,321.83, 426.5016
112327,0.1465,0.003141,318.37, 426.5016
112328,0.1497,0.003141,318.34, 426.5016
112329,0.1528,0.003101,322.46, 426.5016
112330,0.1560,0.003115,321.00, 426.5016
112331,0.1592,0.003134,319.07, 426.5016
112332,0.1621,0.003156,316.85, 426.5016
112333,0.1655,0.003202,312.31, 426.5016
112334,0.1685,0.003109,321.64, 426.5016
112335,0.1716,0.003045,328.39, 426.5016
112336,0.1748,0.003140,318.47, 426.5019
112337,0.1780,0.003167,315.80, 426.5016
112338,0.1812,0.003195,312.98, 426.5016
112339,0.1841,0.003122,320.36, 426.5016
112340,0.1877,0.003561,280.86, 426.5016
112341,0.1909,0.003088,323.84, 426.5016
112342,0.1941,0.003197,312.82, 426.5022
112343,0.1970,0.003096,322.97, 426.5016
112344,0.2004,0.003196,312.94, 426.5016
112345,0.2034,0.003088,323.89, 426.5016
112346,0.2065,0.003160,316.46, 426.5016
112347,0.2097,0.003200,312.47, 426.5016
112348,0.2129,0.003194,313.14, 426.5016
112349,0.2161,0.003123,320.17, 426.5016
112350,0.2192,0.003141,318.40, 426.5016
112351,0.2224,0.003103,322.30, 426.5016
112352,0.2256,0.003192,313.28, 426.5016
112353,0.2288,0.003182,314.31, 426.5016
112354,0.2319,0.003133,319.18, 426.5016
112355,0.2361,0.004172,239.68, 426.5018
112356,0.2402,0.004231,236.37, 426.5016
112357,0.2437,0.003365,297.18, 426.5016
112358,0.2466,0.003084,324.26, 426.5016
112359,0.2498,0.003114,321.17, 426.5022
112360,0.2529,0.003083,324.33, 426.5016
112361,0.2561,0.003139,318.54, 426.5016
112362,0.2593,0.003138,318.71, 426.5016
112363,0.2622,0.003120,320.56, 426.5019
112364,0.2654,0.003110,321.51, 426.5016
112365,0.2686,0.003136,318.87, 426.5019
112366,0.2717,0.003161,316.41, 426.5016
112367,0.2749,0.003115,321.08, 426.5019
112368,0.2781,0.003225,310.08, 426.5016
112369,0.2813,0.003171,315.36, 426.5019
112370,0.2844,0.003172,315.24, 426.5016
112371,0.2874,0.003075,325.17, 426.5019
112372,0.2905,0.003147,317.79, 426.5016
112373,0.2937,0.003040,328.97, 426.5016
112374,0.2969,0.003179,314.57, 426.5016
112375,0.2998,0.003076,325.14, 426.5022
112376,0.3030,0.003131,319.36, 426.5016
112377,0.3062,0.003042,328.71, 426.5016
112378,0.3093,0.003171,315.38, 426.5022
112379,0.3125,0.003155,316.94, 426.5022
112380,0.3157,0.003215,311.00, 426.5016
112381,0.3188,0.003154,317.10, 426.5016
112382,0.3223,0.003428,291.75, 426.5020
112383,0.3252,0.003102,322.35, 426.5019
112384,0.3286,0.003313,301.88, 426.5022
112385,0.3318,0.003112,321.30, 426.5016
112386,0.3350,0.003135,318.95, 426.5016
112387,0.3381,0.003163,316.14, 426.5016
112388,0.3411,0.003133,319.21, 426.5016
112389,0.3442,0.003139,318.57, 426.5016
112390,0.3474,0.003162,316.25, 426.5022
112391,0.3506,0.003133,319.22, 426.5016
112392,0.3538,0.003081,324.59, 426.5019
112393,0.3567,0.003136,318.91, 426.5016
112394,0.3599,0.003104,322.16, 426.5016
112395,0.3630,0.003158,316.64, 426.5016
112396,0.3662,0.003132,319.32, 426.5016
112397,0.3694,0.003134,319.04, 426.5022
112398,0.3723,0.003096,323.05, 426.5016
112399,0.3757,0.003429,291.60, 426.5019
112400,0.3792,0.003411,293.16, 426.5016
112401,0.3826,0.003354,298.20, 426.5016
112402,0.3860,0.003426,291.87, 426.5016
112403,0.3894,0.003438,290.88, 426.5022
112404,0.3933,0.003849,259.82, 426.5016
112405,0.3967,0.003503,285.45, 426.5016
112406,0.4001,0.003401,294.00, 426.5016
112407,0.4033,0.003093,323.30, 426.5016
112408,0.4065,0.003185,313.95, 426.5016
112409,0.4097,0.003124,320.09, 426.5016
112410,0.4128,0.003236,309.02, 426.5016
112411,0.4160,0.003177,314.78, 426.5016
112412,0.4194,0.003290,303.94, 426.5016
112413,0.4224,0.003132,319.27, 426.5016
112414,0.4255,0.003128,319.71, 426.5016
112415,0.4287,0.003152,317.25, 426.5016
112416,0.4319,0.003195,313.03, 426.5019
112417,0.4351,0.003134,319.12, 426.5016
112418,0.4382,0.003183,314.20, 426.5016
112419,0.4414,0.003104,322.14, 426.5016
112420,0.4443,0.003086,324.04, 426.5016
112421,0.4475,0.003102,322.36, 426.5016
112422,0.4507,0.003126,319.90, 426.5016
112423,0.4541,0.003347,298.80, 426.5016
112424,0.4573,0.003203,312.23, 426.5016
112425,0.4604,0.003203,312.17, 426.5022
112426,0.4636,0.003178,314.64, 426.5019
112427,0.4668,0.003206,311.96, 426.5016
112428,0.4700,0.003272,305.60, 426.5016
112429,0.4731,0.003141,318.42, 426.5020
112430,0.4763,0.003010,332.20, 426.5016
112431,0.4795,0.003172,315.26, 426.5019
112432,0.4827,0.003186,313.87, 426.5016
112433,0.4858,0.003238,308.86, 426.5016
112434,0.4890,0.003112,321.37, 426.5016
112435,0.4924,0.003487,286.75, 426.5022
112436,0.4956,0.003156,316.90, 426.5016
112437,0.4988,0.003173,315.15, 426.5016
112438,0.5017,0.003041,328.88, 426.5022
112439,0.5049,0.003105,322.07, 426.5022
112440,0.5081,0.003068,325.92, 426.5016
112441,0.5110,0.003107,321.87, 426.5016
112442,0.5142,0.003064,326.39, 426.5016
112443,0.5173,0.003180,314.47, 426.5022
112444,0.5205,0.003121,320.40, 426.5022
112445,0.5237,0.003138,318.73, 426.5019
112446,0.5269,0.003177,314.81, 426.5016
112447,0.5298,0.003128,319.67, 426.5019
112448,0.5330,0.003149,317.58, 426.5016
112449,0.5361,0.003065,326.24, 426.5016
112450,0.5393,0.003169,315.52, 426.5016
112451,0.5425,0.003105,322.02, 426.5022
112452,0.5457,0.003154,317.04, 426.5016
112453,0.5488,0.003237,308.89, 426.5016
112454,0.5520,0.003168,315.63, 426.5016
112455,0.5549,0.003104,322.18, 426.5019
112456,0.5581,0.003161,316.36, 426.5016
112457,0.5613,0.003046,328.31, 426.5016
112458,0.5645,0.003265,306.31, 426.5016
112459,0.5676,0.003133,319.14, 426.5019
112460,0.5708,0.003202,312.32, 426.5016
112461,0.5740,0.003027,330.37, 426.5022
112462,0.5771,0.003185,314.00, 426.5022
112463,0.5803,0.003277,305.14, 426.5016
112464,0.5835,0.003195,312.95, 426.5016
112465,0.5867,0.003142,318.32, 426.5016
112466,0.5898,0.003140,318.49, 426.5016
112467,0.5930,0.003134,319.12, 426.5019
112468,0.5964,0.003405,293.66, 426.5016
112469,0.5996,0.003343,299.12, 426.5016
112470,0.6028,0.003111,321.47, 426.5022
112471,0.6060,0.003141,318.34, 426.5016
112472,0.6091,0.003087,323.97, 426.5016
112473,0.6125,0.003510,284.87, 426.5016
112474,0.6160,0.003326,300.71, 426.5019
112475,0.6191,0.003229,309.72, 426.5019
112476,0.6221,0.003029,330.15, 426.5016
112477,0.6255,0.003259,306.82, 426.5016
112478,0.6287,0.003313,301.84, 426.5016
112479,0.6321,0.003314,301.80, 426.5016
112480,0.6353,0.003220,310.60, 426.5016
112481,0.6384,0.003259,306.84, 426.5016
112482,0.6418,0.003393,294.73, 426.5016
112483,0.6453,0.003354,298.16, 426.5016
112484,0.6484,0.003258,306.93, 426.5016
112485,0.6516,0.003149,317.60, 426.5016
112486,0.6550,0.003269,305.95, 426.5016
112487,0.6582,0.003281,304.75, 426.5016
112488,0.6616,0.003300,303.01, 426.5016
112489,0.6646,0.003163,316.13, 426.5016
112490,0.6680,0.003262,306.58, 426.5016
112491,0.6711,0.003151,317.39, 426.5016
112492,0.6746,0.003501,285.64, 426.5022
112493,0.6777,0.003280,304.90, 426.5016
112494,0.6812,0.003237,308.92, 426.5041
112495,0.6843,0.003227,309.91, 426.5016
112496,0.6875,0.003270,305.81, 426.5016
112497,0.6909,0.003387,295.25, 426.5016
112498,0.6943,0.003307,302.43, 426.5016
112499,0.6975,0.003295,303.54, 426.5016
112500,0.7007,0.003190,313.46, 426.5016
112501,0.7041,0.003244,308.31, 426.5019
112502,0.7073,0.003225,310.07, 426.5016
112503,0.7107,0.003565,280.50, 426.5022
112504,0.7141,0.003245,308.18, 426.5016
112505,0.7173,0.003319,301.28, 426.5016
112506,0.7209,0.003548,281.85, 426.5016
112507,0.7241,0.003199,312.63, 426.5022
112508,0.7273,0.003165,315.95, 426.5016
112509,0.7302,0.003066,326.19, 426.5016
112510,0.7334,0.003083,324.36, 426.5022
112511,0.7366,0.003206,311.88, 426.5016
112512,0.7397,0.003131,319.36, 426.5016
112513,0.7429,0.003175,314.99, 426.5016
112514,0.7461,0.003159,316.58, 426.5016
112515,0.7493,0.003169,315.54, 426.5016
112516,0.7524,0.003157,316.79, 426.5016
112517,0.7556,0.003071,325.61, 426.5022
112518,0.7585,0.003172,315.29, 426.5016
112519,0.7617,0.003047,328.17, 426.5016
112520,0.7649,0.003172,315.29, 426.5016
112521,0.7681,0.003168,315.71, 426.5019
112522,0.7712,0.003168,315.69, 426.5016
112523,0.7742,0.003058,327.01, 426.5019
112524,0.7776,0.003206,311.94, 426.5016
112525,0.7805,0.003146,317.83, 426.5016
112526,0.7837,0.003162,316.24, 426.5016
112527,0.7869,0.003146,317.90, 426.5016
112528,0.7900,0.003175,314.95, 426.5016
112529,0.7932,0.003144,318.04, 426.5041
112530,0.7964,0.003217,310.89, 426.5016
112531,0.7996,0.003148,317.62, 426.5016
112532,0.8027,0.003103,322.26, 426.5016
112533,0.8059,0.003099,322.66, 426.5016
112534,0.8088,0.003107,321.86, 426.5016
112535,0.8120,0.003087,323.98, 426.5016
112536,0.8152,0.003170,315.45, 426.5016
112537,0.8186,0.003377,296.11, 426.5022
112538,0.8223,0.003603,277.52, 426.5016
112539,0.8259,0.003638,274.87, 426.5016
112540,0.8291,0.003250,307.74, 426.5019
112541,0.8323,0.003251,307.63, 426.5016
112542,0.8354,0.003079,324.82, 426.5016
112543,0.8386,0.003209,311.66, 426.5019
112544,0.8418,0.003200,312.48, 426.5016
112545,0.8452,0.003423,292.14, 426.5016
112546,0.8486,0.003435,291.10, 426.5016
112547,0.8518,0.003264,306.35, 426.5022
112548,0.8552,0.003193,313.17, 426.5016
112549,0.8582,0.003085,324.20, 426.5016
112550,0.8613,0.003112,321.32, 426.5016
112551,0.8645,0.003141,318.41, 426.5016
112552,0.8677,0.003168,315.67, 426.5016
112553,0.8708,0.003127,319.79, 426.5019
112554,0.8738,0.003117,320.87, 426.5016
112555,0.8770,0.003103,322.31, 426.5022
112556,0.8801,0.003185,314.01, 426.5022
112557,0.8833,0.003042,328.70, 426.5016
112558,0.8865,0.003171,315.38, 426.5016
112559,0.8894,0.003095,323.10, 426.5019
112560,0.8926,0.003185,313.95, 426.5016
112561,0.8958,0.003179,314.54, 426.5016
112562,0.8992,0.003315,301.62, 426.5016
112563,0.9023,0.003119,320.60, 426.5016
112564,0.9053,0.003118,320.73, 426.5016
112565,0.9084,0.003129,319.56, 426.5016
112566,0.9116,0.003197,312.76, 426.5016
112567,0.9148,0.003128,319.73, 426.5022
112568,0.9180,0.003136,318.87, 426.5016
112569,0.9211,0.003174,315.06, 426.5016
112570,0.9243,0.003167,315.80, 426.5019
112571,0.9275,0.003177,314.81, 426.5016
112572,0.9307,0.003157,316.77, 426.5016
112573,0.9336,0.003077,324.97, 426.5016
112574,0.9368,0.003079,324.80, 426.5022
112575,0.9399,0.003140,318.52, 426.5016
112576,0.9431,0.003140,318.43, 426.5016
112577,0.9463,0.003158,316.62, 426.5016
112578,0.9495,0.003157,316.72, 426.5016
112579,0.9524,0.003104,322.20, 426.5019
112580,0.9556,0.003043,328.58, 426.5022
112581,0.9587,0.003208,311.71, 426.5016
112582,0.9619,0.003105,322.04, 426.5019
112583,0.9651,0.003162,316.27, 426.5016
112584,0.9680,0.003093,323.32, 426.5016
112585,0.9712,0.003141,318.40, 426.5016
112586,0.9744,0.003094,323.22, 426.5016
112587,0.9775,0.003194,313.13, 426.5016
112588,0.9807,0.003110,321.60, 426.5016
112589,0.9839,0.003141,318.34, 426.5016
112590,0.9868,0.003082,324.51, 426.5016
112591,0.9902,0.003429,291.60, 426.5016
112592,0.9937,0.003479,287.46, 426.5016
112593,0.9971,0.003244,308.24, 426.5016
112594,1.0002,0.003162,316.25, 426.5016
112595,1.0034,0.003147,317.79, 426.5016
112596,1.0063,0.003135,318.98, 426.5016
112597,1.0095,0.003124,320.15, 426.5016
112598,1.0127,0.003066,326.21, 426.5022
112599,1.0159,0.003126,319.93, 426.5019
112600,1.0188,0.003116,320.92, 426.5016
112601,1.0220,0.003107,321.82, 426.5019
112602,1.0251,0.003125,319.99, 426.5016
112603,1.0283,0.003113,321.23, 426.5019
112604,1.0315,0.003174,315.05, 426.5016
112605,1.0344,0.003135,319.03, 426.5016
112606,1.0378,0.003339,299.54, 426.5016
112607,1.0410,0.003157,316.74, 426.5022
112608,1.0442,0.003210,311.52, 426.5016
112609,1.0474,0.003169,315.60, 426.5019
112610,1.0505,0.003205,311.98, 426.5016
112611,1.0537,0.003101,322.49, 426.5022
112612,1.0569,0.003162,316.30, 426.5016
112613,1.0601,0.003070,325.76, 426.5016
112614,1.0630,0.003148,317.62, 426.5016
112615,1.0662,0.003134,319.12, 426.5016
112616,1.0696,0.003232,309.39, 426.5016
112617,1.0728,0.003164,316.08, 426.5016
112618,1.0757,0.003152,317.23, 426.5019
112619,1.0789,0.003166,315.91, 426.5016
112620,1.0820,0.003177,314.80, 426.5016
112621,1.0852,0.003098,322.77, 426.5016
112622,1.0884,0.003117,320.82, 426.5016
112623,1.0916,0.003116,320.94, 426.5016
112624,1.0945,0.003125,320.01, 426.5016
112625,1.0977,0.003172,315.22, 426.5041
112626,1.1008,0.003130,319.46, 426.5016
112627,1.1040,0.003168,315.71, 426.5016
112628,1.1072,0.003103,322.30, 426.5016
112629,1.1104,0.003147,317.75, 426.5016
112630,1.1135,0.003118,320.73, 426.5016
112631,1.1167,0.003319,301.31, 426.5016
112632,1.1199,0.003191,313.42, 426.5016
112633,1.1230,0.003146,317.85, 426.5016
112634,1.1262,0.003058,327.03, 426.5022
112635,1.1294,0.003194,313.07, 426.5016
112636,1.1326,0.003197,312.79, 426.5016
112637,1.1357,0.003171,315.37, 426.5022
112638,1.1387,0.003071,325.60, 426.5016
112639,1.1418,0.003180,314.51, 426.5016
112640,1.1450,0.003080,324.72, 426.5016
112641,1.1482,0.003219,310.70, 426.5016
112642,1.1514,0.003182,314.24, 426.5016
112643,1.1545,0.003193,313.22, 426.5016
112644,1.1577,0.003182,314.31, 426.5022
112645,1.1609,0.003141,318.38, 426.5016
112646,1.1641,0.003070,325.73, 426.5041
112647,1.1672,0.003163,316.13, 426.5022
112648,1.1704,0.003157,316.80, 426.5016
112649,1.1733,0.003107,321.91, 426.5016
112650,1.1765,0.003114,321.16, 426.5016
112651,1.1797,0.003235,309.16, 426.5016
112652,1.1829,0.003163,316.12, 426.5016
112653,1.1860,0.003140,318.44, 426.5016
112654,1.1892,0.003160,316.49, 426.5016
112655,1.1924,0.003121,320.44, 426.5019
112656,1.1958,0.003396,294.46, 426.5016
112657,1.1990,0.003247,307.96, 426.5016
112658,1.2021,0.003196,312.91, 426.5016
112659,1.2053,0.003081,324.54, 426.5016
112660,1.2085,0.003239,308.72, 426.5016
112661,1.2117,0.003074,325.31, 426.5016
112662,1.2148,0.003197,312.79, 426.5016
112663,1.2180,0.003142,318.26, 426.5016
112664,1.2212,0.003129,319.61, 426.5016
112665,1.2241,0.003118,320.75, 426.5016
112666,1.2273,0.003119,320.61, 426.5016
112667,1.2305,0.003161,316.34, 426.5016
112668,1.2336,0.003172,315.23, 426.5016
112669,1.2368,0.003190,313.49, 426.5016
112670,1.2400,0.003194,313.12, 426.5016
112671,1.2434,0.003281,304.79, 426.5016
112672,1.2466,0.003198,312.66, 426.5016
112673,1.2498,0.003180,314.43, 426.5016
112674,1.2527,0.003102,322.35, 426.5016
112675,1.2559,0.003152,317.30, 426.5019
112676,1.2595,0.003486,286.87, 426.5016
112677,1.2627,0.003319,301.27, 426.5060
112678,1.2661,0.003365,297.22, 426.5016
112679,1.2695,0.003303,302.76, 426.5016
112680,1.2725,0.003164,316.11, 426.5019
112681,1.2761,0.003432,291.37, 426.5016
112682,1.2793,0.003221,310.48, 426.5016
112683,1.2825,0.003209,311.60, 426.5016
112684,1.2856,0.003164,316.10, 426.5016
112685,1.2888,0.003196,312.89, 426.5019
112686,1.2920,0.003166,315.84, 426.5016
112687,1.2952,0.003114,321.14, 426.5019
112688,1.2983,0.003186,313.83, 426.5016
112689,1.3015,0.003146,317.82, 426.5016
112690,1.3044,0.003131,319.35, 426.5016
112691,1.3076,0.003132,319.25, 426.5019
112692,1.3108,0.003142,318.23, 426.5016
112693,1.3140,0.003105,322.04, 426.5016
112694,1.3171,0.003153,317.17, 426.5016
112695,1.3203,0.003229,309.70, 426.5022
112696,1.3235,0.003184,314.07, 426.5016
112697,1.3267,0.003112,321.37, 426.5016
112698,1.3298,0.003169,315.52, 426.5016
112699,1.3328,0.003082,324.50, 426.5016
112700,1.3364,0.003578,279.52, 426.5020
112701,1.3396,0.003137,318.82, 426.5016
112702,1.3428,0.003152,317.29, 426.5016
112703,1.3457,0.003026,330.49, 426.5016
112704,1.3489,0.003214,311.11, 426.5016
112705,1.3521,0.003189,313.55, 426.5016
112706,1.3552,0.003170,315.49, 426.5016
112707,1.3584,0.003118,320.74, 426.5016
112708,1.3616,0.003134,319.10, 426.5016
112709,1.3647,0.003101,322.52, 426.5016
112710,1.3679,0.003160,316.50, 426.5016
112711,1.3709,0.003113,321.26, 426.5016
112712,1.3740,0.003092,323.40, 426.5022
112713,1.3772,0.003117,320.87, 426.5164
112714,1.3804,0.003172,315.29, 426.5016
112715,1.3840,0.003642,274.54, 426.5019
112716,1.3872,0.003283,304.61, 426.5041
112717,1.3906,0.003312,301.91, 426.5016
112718,1.3940,0.003405,293.65, 426.5022
112719,1.3975,0.003458,289.22, 426.5016
112720,1.4011,0.003716,269.14, 426.5016
112721,1.4048,0.003553,281.47, 426.5016
112722,1.4082,0.003592,278.44, 426.5016
112723,1.4116,0.003342,299.20, 426.5016
112724,1.4148,0.003239,308.70, 426.5016
112725,1.4180,0.003157,316.75, 426.5022
112726,1.4211,0.003136,318.93, 426.5019
112727,1.4243,0.003101,322.44, 426.5020
112728,1.4275,0.003240,308.65, 426.5016
112729,1.4307,0.003146,317.83, 426.5016
112730,1.4338,0.003141,318.35, 426.5016
112731,1.4368,0.003097,322.89, 426.5019
112732,1.4399,0.003167,315.80, 426.5016
112733,1.4431,0.003074,325.31, 426.5016
112734,1.4463,0.003176,314.89, 426.5016
112735,1.4495,0.003140,318.47, 426.5016
112736,1.4526,0.003234,309.21, 426.5016
112737,1.4558,0.003192,313.32, 426.5016
112738,1.4590,0.003207,311.83, 426.5016
112739,1.4622,0.003181,314.36, 426.5016
112740,1.4653,0.003133,319.21, 426.5016
112741,1.4685,0.003125,320.00, 426.5016
112742,1.4717,0.003125,319.99, 426.5016
112743,1.4749,0.003107,321.83, 426.5016
112744,1.4780,0.003173,315.18, 426.5016
112745,1.4810,0.003130,319.51, 426.5019
112746,1.4841,0.003128,319.69, 426.5016
112747,1.4873,0.003142,318.32, 426.5019
112748,1.4905,0.003103,322.26, 426.5016
112749,1.4937,0.003246,308.08, 426.5022
112750,1.4968,0.003133,319.15, 426.5016
112751,1.5000,0.003200,312.53, 426.5016
112752,1.5032,0.003154,317.11, 426.5016
112753,1.5063,0.003180,314.48, 426.5016
112754,1.5095,0.003099,322.65, 426.5016
112755,1.5127,0.003205,312.00, 426.5016
112756,1.5159,0.003224,310.17, 426.5016
112757,1.5190,0.003205,312.06, 426.5016
112758,1.5222,0.003042,328.74, 426.5016
112759,1.5251,0.003156,316.90, 426.5016
112760,1.5283,0.003159,316.58, 426.5016
112761,1.5315,0.003183,314.19, 426.5016
112762,1.5347,0.003104,322.22, 426.5016
112763,1.5378,0.003167,315.75, 426.5022
112764,1.5410,0.003179,314.59, 426.5022
112765,1.5442,0.003241,308.55, 426.5016
112766,1.5474,0.003146,317.82, 426.5016
112767,1.5505,0.003122,320.27, 426.5022
112768,1.5537,0.003081,324.58, 426.5022
112769,1.5569,0.003290,303.98, 426.5016
112770,1.5601,0.003187,313.77, 426.5016
112771,1.5632,0.003122,320.36, 426.5016
112772,1.5664,0.003137,318.74, 426.5016
112773,1.5696,0.003100,322.58, 426.5016
112774,1.5728,0.003243,308.40, 426.5016
112775,1.5759,0.003177,314.81, 426.5016
112776,1.5791,0.003186,313.85, 426.5016
112777,1.5823,0.003107,321.81, 426.5016
112778,1.5854,0.003157,316.73, 426.5019
112779,1.5886,0.003170,315.45, 426.5016
112780,1.5918,0.003212,311.36, 426.5016
112781,1.5947,0.003038,329.22, 426.5016
112782,1.5981,0.003390,294.97, 426.5016
112783,1.6013,0.003190,313.48, 426.5016
112784,1.6045,0.003171,315.32, 426.5016
112785,1.6077,0.003165,315.96, 426.5022
112786,1.6108,0.003123,320.17, 426.5016
112787,1.6140,0.003108,321.79, 426.5016
112788,1.6172,0.003166,315.82, 426.5016
112789,1.6204,0.003349,298.60, 426.5016
112790,1.6235,0.003195,313.03, 426.5016
112791,1.6267,0.003169,315.55, 426.5022
112792,1.6299,0.003134,319.12, 426.5019
112793,1.6331,0.003102,322.35, 426.5016
112794,1.6362,0.003144,318.08, 426.5016
112795,1.6394,0.003204,312.09, 426.5016
112796,1.6426,0.003087,323.99, 426.5022
112797,1.6455,0.003145,318.02, 426.5016
112798,1.6487,0.003117,320.80, 426.5022
112799,1.6519,0.003212,311.32, 426.5019
112800,1.6550,0.003102,322.40, 426.5016
112801,1.6582,0.003200,312.50, 426.5016
112802,1.6614,0.003096,322.96, 426.5019
112803,1.6646,0.003189,313.63, 426.5016
112804,1.6677,0.003091,323.51, 426.5016
112805,1.6707,0.003136,318.84, 426.5016
112806,1.6738,0.003029,330.14, 426.5022
112807,1.6770,0.003176,314.89, 426.5016
112808,1.6802,0.003160,316.51, 426.5016
112809,1.6834,0.003255,307.27, 426.5019
112810,1.6865,0.003241,308.54, 426.5016
112811,1.6897,0.003205,312.06, 426.5016
112812,1.6929,0.003165,315.96, 426.5016
112813,1.6960,0.003165,315.93, 426.5019
112814,1.6992,0.003153,317.16, 426.5016
112815,1.7024,0.003121,320.46, 426.5022
112816,1.7056,0.003144,318.07, 426.5016
112817,1.7087,0.003171,315.41, 426.5016
112818,1.7119,0.003132,319.33, 426.5016
112819,1.7151,0.003164,316.02, 426.5019
112820,1.7183,0.003157,316.77, 426.5016
112821,1.7212,0.003067,326.03, 426.5016
112822,1.7244,0.003143,318.16, 426.5016
112823,1.7275,0.003110,321.52, 426.5041
112824,1.7307,0.003278,305.09, 426.5016
112825,1.7339,0.003083,324.37, 426.5016
112826,1.7371,0.003162,316.31, 426.5016
112827,1.7402,0.003183,314.21, 426.5016
112828,1.7434,0.003227,309.90, 426.5016
112829,1.7466,0.003100,322.61, 426.5016
112830,1.7498,0.003156,316.90, 426.5016
112831,1.7527,0.003109,321.63, 426.5019
112832,1.7561,0.003199,312.56, 426.5016
112833,1.7593,0.003164,316.02, 426.5016
112834,1.7625,0.003196,312.89, 426.5016
112835,1.7656,0.003173,315.16, 426.5016
112836,1.7688,0.003192,313.33, 426.5016
112837,1.7720,0.003131,319.39, 426.5016
112838,1.7749,0.003137,318.81, 426.5022
112839,1.7781,0.003190,313.51, 426.5016
112840,1.7813,0.003135,318.94, 426.5016
112841,1.7844,0.003111,321.47, 426.5016
112842,1.7876,0.003132,319.32, 426.5016
112843,1.7908,0.003164,316.02, 426.5022
112844,1.7939,0.003142,318.31, 426.5016
112845,1.7971,0.003145,317.97, 426.5016
112846,1.8000,0.003146,317.84, 426.5016
112847,1.8032,0.003154,317.04, 426.5016
112848,1.8066,0.003271,305.68, 426.5016
112849,1.8098,0.003272,305.64, 426.5016
112850,1.8130,0.003064,326.42, 426.5019
112851,1.8162,0.003193,313.16, 426.5016
112852,1.8193,0.003133,319.19, 426.5041
112853,1.8223,0.003126,319.90, 426.5016
112854,1.8254,0.003050,327.92, 426.5016
112855,1.8286,0.003183,314.18, 426.5016
112856,1.8318,0.003156,316.88, 426.5016
112857,1.8350,0.003133,319.19, 426.5016
112858,1.8379,0.003094,323.19, 426.5016
112859,1.8411,0.003197,312.82, 426.5016
112860,1.8442,0.003107,321.82, 426.5022
112861,1.8474,0.003188,313.69, 426.5016
112862,1.8506,0.003136,318.90, 426.5016
112863,1.8538,0.003218,310.80, 426.5019
112864,1.8572,0.003239,308.71, 426.5016
112865,1.8604,0.003178,314.63, 426.5016
112866,1.8633,0.003107,321.82, 426.5016
112867,1.8665,0.003142,318.25, 426.5016
112868,1.8696,0.003140,318.49, 426.5016
112869,1.8728,0.003100,322.59, 426.5016
112870,1.8760,0.003116,320.93, 426.5019
112871,1.8789,0.003122,320.31, 426.5019
112872,1.8821,0.003116,320.92, 426.5016
112873,1.8853,0.003130,319.50, 426.5016
112874,1.8884,0.003161,316.39, 426.5016
112875,1.8916,0.003140,318.52, 426.5016
112876,1.8948,0.003156,316.89, 426.5016
112877,1.8977,0.003107,321.88, 426.5016
112878,1.9009,0.003160,316.50, 426.5016
112879,1.9041,0.003125,319.99, 426.5019
112880,1.9072,0.003206,311.95, 426.5016
112881,1.9104,0.003101,322.51, 426.5016
112882,1.9136,0.003227,309.85, 426.5016
112883,1.9170,0.003417,292.65, 426.5022
112884,1.9202,0.003157,316.74, 426.5016
112885,1.9233,0.003077,325.01, 426.5016
112886,1.9265,0.003169,315.58, 426.5016
112887,1.9294,0.003111,321.42, 426.5016
112888,1.9326,0.003185,313.93, 426.5016
112889,1.9358,0.003171,315.33, 426.5016
112890,1.9390,0.003137,318.77, 426.5016
112891,1.9421,0.003101,322.48, 426.5016
112892,1.9453,0.003135,318.98, 426.5016
112893,1.9485,0.003123,320.26, 426.5016
112894,1.9514,0.003129,319.63, 426.5016
112895,1.9546,0.003116,320.90, 426.5016
112896,1.9578,0.003145,317.93, 426.5016
112897,1.9609,0.003199,312.62, 426.5016
112898,1.9641,0.003181,314.40, 426.5019
112899,1.9673,0.003188,313.65, 426.5016
112900,1.9705,0.003114,321.15, 426.5019
112901,1.9736,0.003111,321.46, 426.5016
112902,1.9768,0.003140,318.48, 426.5016
112903,1.9800,0.003187,313.81, 426.5016
112904,1.9829,0.003121,320.37, 426.5019
112905,1.9861,0.003123,320.17, 426.5016
112906,1.9893,0.003072,325.48, 426.5016
112907,1.9924,0.003144,318.09, 426.5016
112908,1.9954,0.003079,324.75, 426.5016
112909,1.9988,0.003381,295.74, 426.5041
112910,2.0022,0.003392,294.82, 426.5016
112911,2.0054,0.003217,310.82, 426.5016
112912,2.0085,0.003136,318.86, 426.5019
112913,2.0117,0.003163,316.15, 426.5022
112914,2.0149,0.003102,322.42, 426.5016
112915,2.0181,0.003158,316.68, 426.5016
112916,2.0210,0.003080,324.68, 426.5022
112917,2.0242,0.003135,318.98, 426.5016
112918,2.0273,0.003080,324.73, 426.5164
112919,2.0305,0.003181,314.39, 426.5022
112920,2.0334,0.003086,324.01, 426.5016
112921,2.0366,0.003132,319.25, 426.5016
112922,2.0398,0.003123,320.25, 426.5022
112923,2.0430,0.003128,319.73, 426.5016
112924,2.0461,0.003171,315.34, 426.5016
112925,2.0493,0.003141,318.37, 426.5016
112926,2.0525,0.003132,319.34, 426.5016
112927,2.0554,0.003105,322.03, 426.5022
112928,2.0588,0.003259,306.83, 426.5016
112929,2.0618,0.003083,324.34, 426.5016
112930,2.0649,0.003169,315.61, 426.5016
112931,2.0681,0.003105,322.07, 426.5016
112932,2.0713,0.003142,318.24, 426.5016
112933,2.0745,0.003115,321.00, 426.5016
112934,2.0776,0.003372,296.58, 426.5016
112935,2.0808,0.003159,316.53, 426.5019
112936,2.0840,0.003175,314.93, 426.5022
112937,2.0872,0.003128,319.66, 426.5016
112938,2.0903,0.003160,316.47, 426.5016
112939,2.0935,0.003157,316.72, 426.5016
112940,2.0969,0.003482,287.21, 426.5016
112941,2.1003,0.003347,298.75, 426.5016
112942,2.1035,0.003111,321.47, 426.5016
112943,2.1067,0.003137,318.74, 426.5016
112944,2.1096,0.003150,317.51, 426.5016
112945,2.1128,0.003120,320.47, 426.5016
112946,2.1160,0.003134,319.12, 426.5016
112947,2.1191,0.003166,315.84, 426.5016
112948,2.1223,0.003220,310.60, 426.5016
112949,2.1255,0.003204,312.10, 426.5022
112950,2.1287,0.003113,321.23, 426.5016
112951,2.1318,0.003171,315.32, 426.5016
112952,2.1350,0.003118,320.73, 426.5016
112953,2.1382,0.003316,301.60, 426.5016
112954,2.1414,0.003090,323.67, 426.5016
112955,2.1445,0.003170,315.43, 426.5022
112956,2.1477,0.003097,322.86, 426.5016
112957,2.1509,0.003163,316.12, 426.5016
112958,2.1538,0.003098,322.83, 426.5016
112959,2.1572,0.003192,313.29, 426.5019
112960,2.1602,0.003166,315.87, 426.5016
112961,2.1636,0.003204,312.09, 426.5041
112962,2.1665,0.003129,319.64, 426.5016
112963,2.1699,0.003198,312.69, 426.5022
112964,2.1729,0.003101,322.47, 426.5016
112965,2.1760,0.003120,320.55, 426.5016
112966,2.1792,0.003118,320.71, 426.5045
112967,2.1824,0.003145,318.02, 426.5016
112968,2.1853,0.003120,320.53, 426.5016
112969,2.1885,0.003187,313.77, 426.5016
112970,2.1917,0.003112,321.32, 426.5016
112971,2.1948,0.003076,325.11, 426.5022
112972,2.1980,0.003176,314.90, 426.5016
112973,2.2014,0.003492,286.35, 426.5016
112974,2.2048,0.003299,303.14, 426.5016
112975,2.2078,0.003102,322.36, 426.5016
112976,2.2109,0.003204,312.12, 426.5016
112977,2.2141,0.003110,321.50, 426.5016
112978,2.2173,0.003225,310.07, 426.5016
112979,2.2205,0.003133,319.18, 426.5019
112980,2.2241,0.003528,283.46, 426.5020
112981,2.2273,0.003138,318.69, 426.5022
112982,2.2305,0.003184,314.11, 426.5016
112983,2.2334,0.003137,318.77, 426.5016
112984,2.2366,0.003168,315.68, 426.5016
112985,2.2400,0.003212,311.30, 426.5016
112986,2.2429,0.003144,318.03, 426.5016
112987,2.2463,0.003232,309.45, 426.5016
112988,2.2495,0.003272,305.66, 426.5016
112989,2.2527,0.003147,317.77, 426.5016
112990,2.2559,0.003122,320.27, 426.5016
112991,2.2590,0.003207,311.81, 426.5016
112992,2.2622,0.003154,317.08, 426.5016
112993,2.2654,0.003260,306.80, 426.5016
112994,2.2686,0.003115,321.00, 426.5016
112995,2.2717,0.003193,313.23, 426.5016
112996,2.2749,0.003129,319.61, 426.5016
112997,2.2788,0.003970,251.90, 426.5016
112998,2.2830,0.004195,238.38, 426.5016
112999,2.2866,0.003573,279.91, 426.5016
113000,2.2900,0.003360,297.58, 426.5022
113001,2.2932,0.003216,310.98, 426.5016
113002,2.2964,0.003221,310.50, 426.5016
113003,2.2996,0.003073,325.38, 426.5022
113004,2.3027,0.003166,315.88, 426.5016
113005,2.3057,0.003076,325.13, 426.5016
113006,2.3088,0.003221,310.44, 426.5022
113007,2.3120,0.003099,322.65, 426.5016
113008,2.3152,0.003189,313.60, 426.5016
113009,2.3184,0.003137,318.79, 426.5016
113010,2.3215,0.003113,321.25, 426.5016
113011,2.3245,0.003110,321.51, 426.5016
113012,2.3279,0.003184,314.08, 426.5016
113013,2.3308,0.003167,315.79, 426.5016
113014,2.3342,0.003205,312.03, 426.5016
113015,2.3372,0.003114,321.10, 426.5016
113016,2.3403,0.003169,315.57, 426.5016
113017,2.3435,0.003197,312.75, 426.5016
113018,2.3467,0.003171,315.38, 426.5016
113019,2.3499,0.003123,320.20, 426.5016
113020,2.3530,0.003133,319.19, 426.5016
113021,2.3562,0.003184,314.08, 426.5016
113022,2.3594,0.003100,322.60, 426.5019
113023,2.3625,0.003131,319.40, 426.5022
113024,2.3655,0.003056,327.27, 426.5019
113025,2.3687,0.003140,318.46, 426.5016
113026,2.3718,0.003065,326.29, 426.5019
113027,2.3748,0.003127,319.81, 426.5016
113028,2.3779,0.003072,325.55, 426.5016
113029,2.3811,0.003161,316.36, 426.5016
113030,2.3843,0.003132,319.30, 426.5022
113031,2.3875,0.003338,299.60, 426.5016
113032,2.3909,0.003431,291.45, 426.5016
113033,2.3943,0.003336,299.77, 426.5022
113034,2.3977,0.003273,305.50, 426.5016
113035,2.4011,0.003586,278.88, 426.5016
113036,2.4050,0.003752,266.50, 426.5016
113037,2.4084,0.003463,288.81, 426.5016
113038,2.4119,0.003411,293.13, 426.5016
113039,2.4150,0.003188,313.65, 426.5020
113040,2.4182,0.003187,313.78, 426.5016
113041,2.4214,0.003109,321.63, 426.5016
113042,2.4246,0.003178,314.71, 426.5016
113043,2.4275,0.003142,318.27, 426.5016
113044,2.4309,0.003256,307.13, 426.5016
113045,2.4341,0.003191,313.37, 426.5016
113046,2.4373,0.003203,312.18, 426.5016
113047,2.4404,0.003112,321.34, 426.5016
113048,2.4436,0.003130,319.48, 426.5016
113049,2.4465,0.003149,317.52, 426.5016
113050,2.4500,0.003225,310.06, 426.5016
113051,2.4529,0.003129,319.59, 426.5016
113052,2.4561,0.003104,322.12, 426.5160
113053,2.4592,0.003162,316.29, 426.5016
113054,2.4624,0.003092,323.39, 426.5019
113055,2.4656,0.003144,318.05, 426.5016
113056,2.4688,0.003151,317.36, 426.5019
113057,2.4717,0.003137,318.83, 426.5016
113058,2.4749,0.003137,318.78, 426.5016
113059,2.4780,0.003184,314.09, 426.5016
113060,2.4812,0.003098,322.80, 426.5016
113061,2.4846,0.003410,293.30, 426.5022
113062,2.4878,0.003108,321.76, 426.5016
113063,2.4910,0.003155,316.97, 426.5022
113064,2.4939,0.002994,333.97, 426.5016
113065,2.4971,0.003235,309.17, 426.5016
113066,2.5002,0.003090,323.60, 426.5016
113067,2.5034,0.003133,319.17, 426.5022
113068,2.5063,0.003072,325.52, 426.5019
113069,2.5095,0.003130,319.52, 426.5016
113070,2.5127,0.003140,318.43, 426.5016
113071,2.5159,0.003220,310.52, 426.5016
113072,2.5190,0.003203,312.26, 426.5016
113073,2.5222,0.003162,316.24, 426.5016
113074,2.5254,0.003115,321.04, 426.5016
113075,2.5286,0.003176,314.84, 426.5016
113076,2.5317,0.003138,318.71, 426.5016
113077,2.5349,0.003161,316.38, 426.5016
113078,2.5381,0.003129,319.55, 426.5016
113079,2.5410,0.003135,319.03, 426.5019
113080,2.5442,0.003134,319.04, 426.5016
113081,2.5474,0.003126,319.90, 426.5016
113082,2.5505,0.003162,316.31, 426.5016
113083,2.5537,0.003104,322.20, 426.5016
113084,2.5569,0.003168,315.66, 426.5016
113085,2.5598,0.003106,322.00, 426.5016
113086,2.5630,0.003140,318.45, 426.5016
113087,2.5662,0.003131,319.43, 426.5022
113088,2.5693,0.003184,314.06, 426.5016
113089,2.5725,0.003119,320.66, 426.5016
113090,2.5757,0.003155,316.98, 426.5016
113091,2.5786,0.003093,323.31, 426.5016
113092,2.5818,0.003155,316.92, 426.5016
113093,2.5850,0.003060,326.77, 426.5016
113094,2.5881,0.003200,312.55, 426.5016
113095,2.5913,0.003174,315.07, 426.5019
113096,2.5945,0.003163,316.18, 426.5016
113097,2.5979,0.003308,302.31, 426.5016
113098,2.6013,0.003476,287.65, 426.5022
113099,2.6045,0.003132,319.28, 426.5022
113100,2.6077,0.003162,316.27, 426.5016
113101,2.6106,0.003135,318.95, 426.5016
113102,2.6138,0.003100,322.63, 426.5019
113103,2.6169,0.003112,321.39, 426.5016
113104,2.6201,0.003144,318.04, 426.5016
113105,2.6233,0.003153,317.13, 426.5016
113106,2.6262,0.003113,321.26, 426.5041
113107,2.6294,0.003188,313.67, 426.5016
113108,2.6326,0.003109,321.65, 426.5016
113109,2.6357,0.003132,319.25, 426.5016
113110,2.6392,0.003307,302.38, 426.5019
113111,2.6423,0.003349,298.58, 426.5016
113112,2.6455,0.003093,323.31, 426.5016
113113,2.6487,0.003223,310.26, 426.5016
113114,2.6519,0.003125,320.01, 426.5016
113115,2.6553,0.003381,295.81, 426.5016
113116,2.6584,0.003171,315.39, 426.5016
113117,2.6616,0.003157,316.80, 426.5016
113118,2.6646,0.003083,324.41, 426.5016
113119,2.6677,0.003206,311.91, 426.5016
113120,2.6711,0.003229,309.68, 426.5016
113121,2.6743,0.003136,318.88, 426.5016
113122,2.6775,0.003169,315.58, 426.5016
113123,2.6807,0.003186,313.90, 426.5016
113124,2.6836,0.003095,323.07, 426.5016
113125,2.6868,0.003130,319.54, 426.5016
113126,2.6899,0.003119,320.60, 426.5016
113127,2.6931,0.003104,322.20, 426.5019
113128,2.6960,0.003133,319.19, 426.5016
113129,2.6992,0.003135,318.98, 426.5019
113130,2.7024,0.003191,313.34, 426.5016
113131,2.7056,0.003138,318.66, 426.5022
113132,2.7087,0.003167,315.80, 426.5016
113133,2.7119,0.003077,324.97, 426.5019
113134,2.7151,0.003138,318.70, 426.5022
113135,2.7183,0.003189,313.62, 426.5016
113136,2.7214,0.003181,314.42, 426.5016
113137,2.7249,0.003398,294.29, 426.5022
113138,2.7280,0.003169,315.52, 426.5016
113139,2.7310,0.003075,325.24, 426.5016
113140,2.7341,0.003159,316.56, 426.5016
113141,2.7373,0.003099,322.73, 426.5022
113142,2.7405,0.003242,308.44, 426.5016
113143,2.7437,0.003175,314.99, 426.5016
113144,2.7468,0.003188,313.72, 426.5016
113145,2.7500,0.003253,307.37, 426.5016
113146,2.7532,0.003141,318.36, 426.5016
113147,2.7563,0.003116,320.92, 426.5016
113148,2.7595,0.003184,314.04, 426.5016
113149,2.7627,0.003110,321.55, 426.5016
113150,2.7659,0.003158,316.68, 426.5016
113151,2.7690,0.003157,316.77, 426.5016
113152,2.7720,0.003107,321.81, 426.5016
113153,2.7751,0.003134,319.11, 426.5016
113154,2.7783,0.003174,315.05, 426.5016
113155,2.7817,0.003222,310.40, 426.5016
113156,2.7849,0.003185,313.93, 426.5016
113157,2.7878,0.003140,318.44, 426.5016
113158,2.7910,0.003045,328.40, 426.5016
113159,2.7942,0.003130,319.53, 426.5016
113160,2.7971,0.003101,322.53, 426.5016
113161,2.8003,0.003169,315.54, 426.5016
113162,2.8035,0.003079,324.76, 426.5019
113163,2.8066,0.003156,316.82, 426.5019
113164,2.8098,0.003089,323.78, 426.5019
113165,2.8130,0.003227,309.90, 426.5022
113166,2.8162,0.003104,322.21, 426.5016
113167,2.8193,0.003197,312.84, 426.5016
113168,2.8223,0.003103,322.25, 426.5016
113169,2.8254,0.003190,313.51, 426.5016
113170,2.8289,0.003261,306.65, 426.5016
113171,2.8320,0.003197,312.76, 426.5016
113172,2.8352,0.003119,320.66, 426.5016
113173,2.8381,0.003131,319.39, 426.5016
113174,2.8413,0.003121,320.41, 426.5016
113175,2.8447,0.003317,301.45, 426.5016
113176,2.8479,0.003271,305.74, 426.5016
113177,2.8511,0.003179,314.58, 426.5016
113178,2.8542,0.003096,323.02, 426.5016
113179,2.8574,0.003128,319.67, 426.5022
113180,2.8606,0.003155,317.00, 426.5016
113181,2.8638,0.003319,301.30, 426.5016
113182,2.8672,0.003376,296.17, 426.5016
113183,2.8704,0.003092,323.39, 426.5019
113184,2.8738,0.003407,293.48, 426.5016
113185,2.8770,0.003244,308.28, 426.5016
113186,2.8801,0.003276,305.26, 426.5016
113187,2.8833,0.003056,327.23, 426.5307
113188,2.8865,0.003163,316.21, 426.5016
113189,2.8896,0.003250,307.73, 426.5016
113190,2.8931,0.003323,300.91, 426.5022
113191,2.8962,0.003192,313.27, 426.5016
113192,2.8994,0.003177,314.73, 426.5016
113193,2.9026,0.003120,320.49, 426.5016
113194,2.9058,0.003162,316.28, 426.5016
113195,2.9089,0.003174,315.07, 426.5016
113196,2.9119,0.003110,321.56, 426.5016
113197,2.9150,0.003082,324.52, 426.5016
113198,2.9182,0.003123,320.20, 426.5016
113199,2.9214,0.003172,315.28, 426.5022
113200,2.9246,0.003118,320.74, 426.5016
113201,2.9275,0.003169,315.58, 426.5016
113202,2.9307,0.003097,322.92, 426.5016
113203,2.9338,0.003152,317.24, 426.5016
113204,2.9370,0.003116,320.88, 426.5016
113205,2.9402,0.003155,316.99, 426.5016
113206,2.9431,0.003046,328.32, 426.5016
113207,2.9463,0.003154,317.07, 426.5022
113208,2.9495,0.003081,324.62, 426.5016
113209,2.9526,0.003149,317.56, 426.5016
113210,2.9556,0.003048,328.07, 426.5016
113211,2.9587,0.003185,314.00, 426.5019
113212,2.9619,0.003040,328.90, 426.5016
113213,2.9651,0.003192,313.29, 426.5016
113214,2.9680,0.003098,322.78, 426.5022
113215,2.9712,0.003178,314.66, 426.5016
113216,2.9744,0.003073,325.47, 426.5016
113217,2.9775,0.003190,313.52, 426.5016
113218,2.9807,0.003096,323.01, 426.5016
113219,2.9839,0.003256,307.09, 426.5022
113220,2.9871,0.003142,318.23, 426.5016
113221,2.9902,0.003136,318.88, 426.5016
113222,2.9934,0.003120,320.52, 426.5016
113223,2.9966,0.003158,316.62, 426.5022
113224,2.9998,0.003182,314.25, 426.5022
113225,3.0027,0.003115,321.01, 426.5016
113226,3.0059,0.003067,326.06, 426.5016
113227,3.0090,0.003122,320.34, 426.5016
113228,3.0122,0.003140,318.44, 426.5016
113229,3.0156,0.003452,289.66, 426.5016
113230,3.0190,0.003423,292.16, 426.5019
113231,3.0220,0.003073,325.44, 426.5016
113232,3.0251,0.003118,320.72, 426.5016
113233,3.0283,0.003166,315.85, 426.5016
113234,3.0315,0.003228,309.81, 426.5016
113235,3.0347,0.003090,323.65, 426.5019
113236,3.0378,0.003187,313.82, 426.5016
113237,3.0408,0.003045,328.45, 426.5016
113238,3.0442,0.003230,309.62, 426.5022
113239,3.0471,0.003131,319.44, 426.5016
113240,3.0505,0.003199,312.61, 426.5016
113241,3.0535,0.003149,317.56, 426.5016
113242,3.0566,0.003151,317.40, 426.5016
113243,3.0598,0.003141,318.37, 426.5022
113244,3.0630,0.003148,317.71, 426.5016
113245,3.0662,0.003143,318.20, 426.5016
113246,3.0693,0.003151,317.35, 426.5019
113247,3.0725,0.003120,320.50, 426.5016
113248,3.0757,0.003169,315.52, 426.5022
113249,3.0789,0.003150,317.47, 426.5016
113250,3.0818,0.003119,320.57, 426.5016
113251,3.0850,0.003110,321.58, 426.5016
113252,3.0881,0.003104,322.22, 426.5016
113253,3.0913,0.003232,309.37, 426.5016
113254,3.0947,0.003319,301.32, 426.5016
113255,3.0979,0.003170,315.43, 426.5019
113256,3.1008,0.003044,328.50, 426.5016
113257,3.1040,0.003106,321.95, 426.5016
113258,3.1069,0.003084,324.29, 426.5022
113259,3.1101,0.003117,320.83, 426.5022
113260,3.1133,0.003051,327.75, 426.5016
113261,3.1165,0.003145,317.92, 426.5016
113262,3.1196,0.003312,301.95, 426.5020
113263,3.1230,0.003263,306.50, 426.5016
113264,3.1260,0.003112,321.30, 426.5019
113265,3.1294,0.003254,307.32, 426.5016
113266,3.1323,0.003122,320.34, 426.5016
113267,3.1355,0.003152,317.24, 426.5016
113268,3.1389,0.003272,305.64, 426.5016
113269,3.1421,0.003238,308.83, 426.5016
113270,3.1453,0.003135,318.96, 426.5016
113271,3.1484,0.003109,321.70, 426.5086
113272,3.1514,0.003125,319.99, 426.5016
113273,3.1545,0.003164,316.05, 426.5016
113274,3.1577,0.003149,317.55, 426.5016
113275,3.1609,0.003087,323.94, 426.5016
113276,3.1641,0.003089,323.78, 426.5016
113277,3.1670,0.003165,316.00, 426.5016
113278,3.1702,0.003139,318.60, 426.5016
113279,3.1733,0.003088,323.84, 426.5016
113280,3.1765,0.003179,314.55, 426.5016
113281,3.1797,0.003145,318.02, 426.5016
113282,3.1829,0.003136,318.93, 426.5016
113283,3.1858,0.003110,321.57, 426.5016
113284,3.1890,0.003166,315.83, 426.5016
113285,3.1921,0.003077,325.02, 426.5016
113286,3.1953,0.003218,310.74, 426.5022
113287,3.1985,0.003082,324.44, 426.5016
113288,3.2017,0.003286,304.36, 426.5016
113289,3.2048,0.003100,322.57, 426.5016
113290,3.2080,0.003205,312.01, 426.5016
113291,3.2112,0.003110,321.57, 426.5022
113292,3.2144,0.003152,317.29, 426.5016
113293,3.2175,0.003177,314.72, 426.5022
113294,3.2207,0.003138,318.66, 426.5016
113295,3.2236,0.003055,327.38, 426.5016
113296,3.2268,0.003184,314.12, 426.5016
113297,3.2300,0.003178,314.70, 426.5016
113298,3.2334,0.003279,304.95, 426.5016
113299,3.2366,0.003217,310.89, 426.5016
113300,3.2397,0.003142,318.29, 426.5016
113301,3.2427,0.003081,324.55, 426.5016
113302,3.2459,0.003188,313.72, 426.5016
113303,3.2493,0.003215,311.09, 426.5080
113304,3.2522,0.003150,317.48, 426.5016
113305,3.2554,0.003117,320.80, 426.5016
113306,3.2585,0.003112,321.34, 426.5019
113307,3.2617,0.003149,317.61, 426.5019
113308,3.2646,0.003079,324.79, 426.5019
113309,3.2678,0.003144,318.03, 426.5016
113310,3.2710,0.003047,328.15, 426.5016
113311,3.2742,0.003102,322.40, 426.5022
113312,3.2771,0.003160,316.42, 426.5016
113313,3.2805,0.003278,305.03, 426.5016
113314,3.2837,0.003117,320.81, 426.5016
113315,3.2869,0.003149,317.56, 426.5022
113316,3.2898,0.003061,326.67, 426.5016
113317,3.2930,0.003182,314.25, 426.5016
113318,3.2961,0.003251,307.59, 426.5016
113319,3.2996,0.003251,307.60, 426.5019
113320,3.3025,0.003087,323.97, 426.5016
113321,3.3057,0.003140,318.49, 426.5016
113322,3.3088,0.003115,321.01, 426.5016
113323,3.3120,0.003155,317.01, 426.5019
113324,3.3152,0.003094,323.19, 426.5016
113325,3.3184,0.003147,317.73, 426.5016
113326,3.3213,0.003096,322.96, 426.5016
113327,3.3245,0.003153,317.20, 426.5016
113328,3.3276,0.003206,311.89, 426.5016
113329,3.3311,0.003277,305.12, 426.5022
113330,3.3340,0.003122,320.29, 426.5022
113331,3.3372,0.003120,320.51, 426.5022
113332,3.3403,0.003116,320.94, 426.5016
113333,3.3435,0.003063,326.47, 426.5016
113334,3.3467,0.003193,313.17, 426.5041
113335,3.3496,0.003067,326.02, 426.5019
113336,3.3528,0.003092,323.47, 426.5016
113337,3.3557,0.003087,323.91, 426.5016
113338,3.3589,0.003153,317.15, 426.5016
113339,3.3621,0.003090,323.66, 426.5019
113340,3.3652,0.003125,320.03, 426.5016
113341,3.3684,0.003108,321.80, 426.5016
113342,3.3713,0.003147,317.75, 426.5016
113343,3.3745,0.003096,322.99, 426.5016
113344,3.3777,0.003239,308.73, 426.5016
113345,3.3809,0.003120,320.52, 426.5016
113346,3.3840,0.003170,315.51, 426.5016
113347,3.3872,0.003101,322.51, 426.5022
113348,3.3904,0.003275,305.32, 426.5016
113349,3.3936,0.003082,324.44, 426.5016
113350,3.3970,0.003495,286.15, 426.5022
113351,3.4001,0.003142,318.31, 426.5016
113352,3.4036,0.003405,293.69, 426.5080
113353,3.4070,0.003407,293.51, 426.5016
113354,3.4104,0.003334,299.91, 426.5016
113355,3.4136,0.003315,301.70, 426.5022
113356,3.4172,0.003490,286.54, 426.5016
113357,3.4207,0.003653,273.79, 426.5016
113358,3.4243,0.003566,280.43, 426.5016
113359,3.4277,0.003405,293.73, 426.5019
113360,3.4309,0.003153,317.17, 426.5022
113361,3.4343,0.003383,295.62, 426.5016
113362,3.4375,0.003260,306.72, 426.5016
113363,3.4407,0.003194,313.11, 426.5019
113364,3.4438,0.003185,313.93, 426.5016
113365,3.4470,0.003140,318.48, 426.5022
113366,3.4502,0.003237,308.98, 426.5016
113367,3.4534,0.003175,315.00, 426.5016
113368,3.4565,0.003192,313.24, 426.5016
113369,3.4597,0.003111,321.46, 426.5016
113370,3.4629,0.003200,312.55, 426.5019
113371,3.4661,0.003147,317.74, 426.5016
113372,3.4692,0.003210,311.56, 426.5016
113373,3.4724,0.003087,323.91, 426.5019
113374,3.4756,0.003134,319.09, 426.5016
113375,3.4785,0.003081,324.58, 426.5041
113376,3.4819,0.003179,314.55, 426.5016
113377,3.4849,0.003119,320.67, 426.5016
113378,3.4880,0.003155,316.98, 426.5016
113379,3.4912,0.003109,321.63, 426.5016
113380,3.4944,0.003202,312.31, 426.5016
113381,3.4976,0.003191,313.38, 426.5016
113382,3.5007,0.003173,315.14, 426.5016
113383,3.5039,0.003137,318.78, 426.5022
113384,3.5071,0.003129,319.61, 426.5016
113385,3.5103,0.003108,321.78, 426.5016
113386,3.5134,0.003372,296.56, 426.5020
113387,3.5166,0.003127,319.82, 426.5016
113388,3.5198,0.003141,318.37, 426.5016
113389,3.5229,0.003197,312.80, 426.5016
113390,3.5261,0.003107,321.85, 426.5016
113391,3.5293,0.003185,314.01, 426.5016
113392,3.5325,0.003185,313.96, 426.5019
113393,3.5356,0.003217,310.90, 426.5016
113394,3.5388,0.003115,321.01, 426.5016
113395,3.5420,0.003154,317.11, 426.5016
113396,3.5449,0.003068,325.97, 426.5016
113397,3.5483,0.003305,302.56, 426.5016
113398,3.5515,0.003087,323.96, 426.5016
113399,3.5547,0.003192,313.31, 426.5016
113400,3.5576,0.003116,320.92, 426.5016
113401,3.5610,0.003221,310.43, 426.5019
113402,3.5640,0.003103,322.26, 426.5016
113403,3.5671,0.003168,315.68, 426.5016
113404,3.5703,0.003195,312.95, 426.5016
113405,3.5735,0.003178,314.62, 426.5022
113406,3.5767,0.003091,323.48, 426.5016
113407,3.5798,0.003156,316.86, 426.5016
113408,3.5830,0.003161,316.34, 426.5016
113409,3.5862,0.003222,310.34, 426.5022
113410,3.5894,0.003107,321.87, 426.5016
113411,3.5925,0.003152,317.25, 426.5019
113412,3.5957,0.003166,315.87, 426.5016
113413,3.5991,0.003379,295.94, 426.5016
113414,3.6023,0.003181,314.35, 426.5016
113415,3.6052,0.003043,328.59, 426.5016
113416,3.6084,0.003150,317.51, 426.5016
113417,3.6116,0.003079,324.81, 426.5016
113418,3.6145,0.003146,317.84, 426.5016
113419,3.6177,0.003141,318.41, 426.5016
113420,3.6209,0.003159,316.59, 426.5016
113421,3.6240,0.003079,324.82, 426.5016
113422,3.6272,0.003136,318.84, 426.5016
113423,3.6301,0.003096,322.97, 426.5019
113424,3.6333,0.003190,313.50, 426.5016
113425,3.6365,0.003106,321.95, 426.5016
113426,3.6396,0.003158,316.70, 426.5016
113427,3.6428,0.003254,307.30, 426.5016
113428,3.6462,0.003270,305.77, 426.5016
113429,3.6494,0.003178,314.71, 426.5016
113430,3.6526,0.003143,318.17, 426.5016
113431,3.6555,0.003074,325.35, 426.5016
113432,3.6587,0.003180,314.49, 426.5016
113433,3.6619,0.003156,316.91, 426.5016
113434,3.6650,0.003133,319.18, 426.5016
113435,3.6682,0.003122,320.28, 426.5041
113436,3.6711,0.003081,324.56, 426.5016
113437,3.6743,0.003168,315.68, 426.5016
113438,3.6775,0.003109,321.65, 426.5016
113439,3.6807,0.003129,319.56, 426.5016
113440,3.6838,0.003221,310.45, 426.5016
113441,3.6870,0.003174,315.08, 426.5016
113442,3.6902,0.003149,317.55, 426.5016
113443,3.6934,0.003153,317.19, 426.5016
113444,3.6965,0.003089,323.69, 426.5016
113445,3.6997,0.003158,316.65, 426.5016
113446,3.7026,0.003094,323.17, 426.5016
113447,3.7061,0.003377,296.09, 426.5016
113448,3.7092,0.003176,314.85, 426.5016
113449,3.7124,0.003179,314.55, 426.5016
113450,3.7156,0.003083,324.35, 426.5016
113451,3.7188,0.003214,311.11, 426.5019
113452,3.7219,0.003141,318.39, 426.5016
113453,3.7251,0.003147,317.78, 426.5016
113454,3.7280,0.003076,325.13, 426.5016
113455,3.7312,0.003158,316.68, 426.5016
113456,3.7344,0.003128,319.67, 426.5165
113457,3.7375,0.003150,317.47, 426.5016
113458,3.7407,0.003121,320.40, 426.5016
113459,3.7439,0.003180,314.51, 426.5019
113460,3.7471,0.003146,317.83, 426.5016
113461,3.7502,0.003305,302.57, 426.5016
113462,3.7534,0.003251,307.64, 426.5016
113463,3.7566,0.003116,320.90, 426.5019
113464,3.7598,0.003135,319.01, 426.5016
113465,3.7629,0.003077,324.99, 426.5016
113466,3.7661,0.003177,314.76, 426.5016
113467,3.7690,0.003127,319.82, 426.5022
113468,3.7722,0.003152,317.26, 426.5016
113469,3.7754,0.003130,319.50, 426.5016
113470,3.7786,0.003191,313.37, 426.5022
113471,3.7817,0.003126,319.91, 426.5016
113472,3.7849,0.003220,310.55, 426.5016
113473,3.7881,0.003125,320.00, 426.5016
113474,3.7913,0.003124,320.09, 426.5016
113475,3.7944,0.003128,319.71, 426.5019
113476,3.7976,0.003268,306.04, 426.5016
113477,3.8008,0.003190,313.45, 426.5016
113478,3.8040,0.003121,320.46, 426.5016
113479,3.8071,0.003101,322.49, 426.5016
113480,3.8103,0.003183,314.21, 426.5016
113481,3.8135,0.003141,318.39, 426.5016
113482,3.8167,0.003195,312.98, 426.5016
113483,3.8196,0.003124,320.07, 426.5022
113484,3.8228,0.003146,317.89, 426.5016
113485,3.8259,0.003173,315.15, 426.5016
113486,3.8291,0.003132,319.31, 426.5016
113487,3.8323,0.003074,325.28, 426.5016
113488,3.8354,0.003172,315.22, 426.5019
113489,3.8386,0.003152,317.27, 426.5016
113490,3.8418,0.003256,307.10, 426.5016
113491,3.8450,0.003234,309.18, 426.5016
113492,3.8481,0.003186,313.91, 426.5016
113493,3.8513,0.003194,313.08, 426.5016
113494,3.8545,0.003210,311.49, 426.5019
113495,3.8577,0.003156,316.88, 426.5020
113496,3.8611,0.003195,312.96, 426.5016
113497,3.8643,0.003316,301.53, 426.5016
113498,3.8674,0.003102,322.38, 426.5016
113499,3.8706,0.003209,311.58, 426.5016
113500,3.8735,0.003064,326.33, 426.5016
113501,3.8770,0.003218,310.75, 426.5016
113502,3.8799,0.003047,328.23, 426.5085
113503,3.8831,0.003164,316.07, 426.5016
113504,3.8862,0.003190,313.48, 426.5016
113505,3.8894,0.003174,315.04, 426.5016
113506,3.8926,0.003141,318.39, 426.5022
113507,3.8958,0.003166,315.88, 426.5022
113508,3.8989,0.003175,314.99, 426.5016
113509,3.9021,0.003224,310.20, 426.5016
113510,3.9053,0.003083,324.38, 426.5016
113511,3.9084,0.003142,318.26, 426.5016
113512,3.9116,0.003164,316.11, 426.5016
113513,3.9148,0.003150,317.49, 426.5019
113514,3.9182,0.003414,292.95, 426.5019
113515,3.9211,0.003065,326.27, 426.5016
113516,3.9243,0.003145,317.97, 426.5019
113517,3.9275,0.003099,322.72, 426.5016
113518,3.9307,0.003161,316.40, 426.5019
113519,3.9336,0.003085,324.13, 426.5019
113520,3.9368,0.003199,312.57, 426.5016
113521,3.9402,0.003212,311.35, 426.5016
113522,3.9434,0.003177,314.79, 426.5016
113523,3.9463,0.003137,318.74, 426.5016
113524,3.9497,0.003228,309.81, 426.5016
113525,3.9529,0.003221,310.46, 426.5016
113526,3.9561,0.003227,309.86, 426.5016
113527,3.9592,0.003131,319.42, 426.5016
113528,3.9624,0.003156,316.91, 426.5016
113529,3.9656,0.003132,319.33, 426.5022
113530,3.9688,0.003152,317.28, 426.5016
113531,3.9717,0.003106,321.93, 426.5016
113532,3.9749,0.003131,319.43, 426.5022
113533,3.9780,0.003200,312.50, 426.5022
113534,3.9812,0.003141,318.40, 426.5016
113535,3.9844,0.003094,323.23, 426.5016
113536,3.9875,0.003157,316.81, 426.5016
113537,3.9905,0.003131,319.37, 426.5016
113538,3.9937,0.003134,319.09, 426.5016
113539,3.9968,0.003142,318.32, 426.5016
113540,4.0000,0.003100,322.55, 426.5016
113541,4.0032,0.003214,311.17, 426.5016
113542,4.0063,0.003134,319.12, 426.5016
113543,4.0095,0.003153,317.20, 426.5016
113544,4.0125,0.003064,326.34, 426.5016
113545,4.0156,0.003131,319.36, 426.5016
113546,4.0188,0.003149,317.55, 426.5016
113547,4.0220,0.003162,316.26, 426.5016
113548,4.0251,0.003067,326.07, 426.5016
113549,4.0283,0.003163,316.18, 426.5016
113550,4.0313,0.003030,329.99, 426.5016
113551,4.0347,0.003396,294.46, 426.5016
113552,4.0381,0.003399,294.22, 426.5019
113553,4.0413,0.003188,313.67, 426.5016
113554,4.0444,0.003148,317.67, 426.5016
113555,4.0476,0.003207,311.82, 426.5016
113556,4.0508,0.003216,310.92, 426.5016
113557,4.0540,0.003149,317.52, 426.5019
113558,4.0571,0.003134,319.09, 426.5016
113559,4.0601,0.003113,321.29, 426.5016
113560,4.0632,0.003102,322.42, 426.5016
113561,4.0664,0.003171,315.34, 426.5016
113562,4.0696,0.003102,322.41, 426.5016
113563,4.0725,0.003064,326.37, 426.5022
113564,4.0757,0.003100,322.58, 426.5016
113565,4.0789,0.003152,317.26, 426.5016
113566,4.0820,0.003151,317.36, 426.5016
113567,4.0852,0.003099,322.68, 426.5016
113568,4.0884,0.003186,313.85, 426.5016
113569,4.0916,0.003130,319.48, 426.5016
113570,4.0947,0.003193,313.23, 426.5016
113571,4.0979,0.003165,315.96, 426.5019
113572,4.1008,0.003153,317.20, 426.5016
113573,4.1040,0.003144,318.08, 426.5016
113574,4.1072,0.003120,320.54, 426.5016
113575,4.1104,0.003103,322.31, 426.5022
113576,4.1135,0.003186,313.90, 426.5016
113577,4.1165,0.003073,325.40, 426.5016
113578,4.1196,0.003164,316.03, 426.5016
113579,4.1228,0.003052,327.61, 426.5019
113580,4.1260,0.003186,313.84, 426.5016
113581,4.1292,0.003164,316.04, 426.5016
113582,4.1323,0.003161,316.40, 426.5016
113583,4.1355,0.003125,320.01, 426.5016
113584,4.1387,0.003299,303.09, 426.5016
113585,4.1418,0.003124,320.15, 426.5016
113586,4.1453,0.003295,303.47, 426.5016
113587,4.1484,0.003213,311.22, 426.5016
113588,4.1516,0.003177,314.76, 426.5016
113589,4.1548,0.003146,317.86, 426.5016
113590,4.1580,0.003201,312.41, 426.5019
113591,4.1614,0.003581,279.23, 426.5016
113592,4.1646,0.003182,314.28, 426.5016
113593,4.1677,0.003155,316.97, 426.5016
113594,4.1709,0.003066,326.20, 426.5016
113595,4.1741,0.003120,320.48, 426.5022
113596,4.1770,0.003103,322.32, 426.5016
113597,4.1804,0.003259,306.84, 426.5016
113598,4.1834,0.003011,332.10, 426.5022
113599,4.1865,0.003144,318.05, 426.5019
113600,4.1897,0.003076,325.14, 426.5016
113601,4.1926,0.003139,318.53, 426.5016
113602,4.1958,0.003160,316.46, 426.5016
113603,4.1990,0.003210,311.50, 426.5016
113604,4.2021,0.003090,323.60, 426.5016
113605,4.2056,0.003306,302.52, 426.5016
113606,4.2087,0.003377,296.14, 426.5016
113607,4.2119,0.003144,318.09, 426.5016
113608,4.2151,0.003114,321.14, 426.5016
113609,4.2183,0.003205,312.01, 426.5016
113610,4.2214,0.003147,317.79, 426.5016
113611,4.2246,0.003101,322.52, 426.5016
113612,4.2278,0.003138,318.71, 426.5016
113613,4.2310,0.003154,317.07, 426.5016
113614,4.2339,0.003116,320.96, 426.5016
113615,4.2371,0.003138,318.71, 426.5016
113616,4.2402,0.003203,312.22, 426.5016
113617,4.2434,0.003103,322.28, 426.5016
113618,4.2466,0.003144,318.10, 426.5016
113619,4.2498,0.003130,319.45, 426.5016
113620,4.2529,0.003264,306.42, 426.5022
113621,4.2561,0.003206,311.96, 426.5016
113622,4.2595,0.003245,308.20, 426.5016
113623,4.2625,0.003070,325.76, 426.5016
113624,4.2656,0.003152,317.26, 426.5016
113625,4.2688,0.003155,316.94, 426.5016
113626,4.2720,0.003149,317.56, 426.5016
113627,4.2751,0.003126,319.94, 426.5016
113628,4.2783,0.003247,307.94, 426.5016
113629,4.2815,0.003138,318.68, 426.5016
113630,4.2847,0.003223,310.26, 426.5022
113631,4.2878,0.003179,314.56, 426.5016
113632,4.2910,0.003220,310.55, 426.5019
113633,4.2942,0.003112,321.31, 426.5016
113634,4.2974,0.003140,318.47, 426.5022
113635,4.3005,0.003139,318.59, 426.5016
113636,4.3037,0.003136,318.87, 426.5016
113637,4.3066,0.003138,318.66, 426.5016
113638,4.3098,0.003108,321.80, 426.5022
113639,4.3130,0.003149,317.57, 426.5016
113640,4.3162,0.003227,309.90, 426.5022
113641,4.3196,0.003250,307.74, 426.5016
113642,4.3225,0.003113,321.23, 426.5016
113643,4.3257,0.003139,318.55, 426.5016
113644,4.3289,0.003138,318.66, 426.5016
113645,4.3320,0.003243,308.40, 426.5016
113646,4.3352,0.003109,321.66, 426.5016
113647,4.3384,0.003190,313.45, 426.5016
113648,4.3416,0.003144,318.06, 426.5016
113649,4.3447,0.003172,315.28, 426.5016
113650,4.3479,0.003289,304.09, 426.5016
113651,4.3513,0.003292,303.74, 426.5016
113652,4.3545,0.003101,322.52, 426.5016
113653,4.3574,0.003141,318.36, 426.5016
113654,4.3606,0.003128,319.70, 426.5016
113655,4.3640,0.003456,289.39, 426.5016
113656,4.3674,0.003378,296.04, 426.5016
113657,4.3706,0.003134,319.10, 426.5016
113658,4.3738,0.003103,322.24, 426.5016
113659,4.3770,0.003099,322.68, 426.5016
113660,4.3801,0.003199,312.61, 426.5016
113661,4.3831,0.003114,321.13, 426.5019
113662,4.3862,0.003108,321.72, 426.5016
113663,4.3894,0.003073,325.37, 426.5019
113664,4.3926,0.003186,313.90, 426.5016
113665,4.3962,0.003637,274.96, 426.5041
113666,4.3997,0.003478,287.54, 426.5016
113667,4.4031,0.003334,299.91, 426.5016
113668,4.4065,0.003530,283.29, 426.5016
113669,4.4099,0.003488,286.69, 426.5016
113670,4.4136,0.003495,286.16, 426.5016
113671,4.4170,0.003565,280.49, 426.5016
113672,4.4202,0.003135,318.99, 426.5019
113673,4.4233,0.003163,316.14, 426.5016
113674,4.4265,0.003220,310.55, 426.5016
113675,4.4299,0.003268,306.04, 426.5016
113676,4.4329,0.003128,319.68, 426.5016
113677,4.4360,0.003189,313.59, 426.5016
113678,4.4392,0.003162,316.25, 426.5016
113679,4.4424,0.003124,320.06, 426.5019
113680,4.4456,0.003247,307.97, 426.5016
113681,4.4490,0.003220,310.57, 426.5019
113682,4.4519,0.003109,321.61, 426.5016
113683,4.4556,0.003442,290.55, 426.5022
113684,4.4587,0.003192,313.33, 426.5016
113685,4.4617,0.003073,325.40, 426.5019
113686,4.4648,0.003108,321.74, 426.5041
113687,4.4680,0.003120,320.56, 426.5022
113688,4.4712,0.003138,318.67, 426.5016
113689,4.4741,0.003083,324.35, 426.5016
113690,4.4773,0.003159,316.61, 426.5022
113691,4.4805,0.003086,324.03, 426.5016
113692,4.4836,0.003122,320.28, 426.5016
113693,4.4866,0.003139,318.53, 426.5016
113694,4.4900,0.003225,310.07, 426.5016
113695,4.4929,0.003086,324.09, 426.5016
113696,4.4961,0.003233,309.33, 426.5016
113697,4.4993,0.003159,316.59, 426.5016
113698,4.5027,0.003274,305.48, 426.5016
113699,4.5059,0.003281,304.80, 426.5016
113700,4.5093,0.003474,287.84, 426.5016
113701,4.5129,0.003533,283.07, 426.5016
113702,4.5164,0.003333,300.03, 426.5016
113703,4.5198,0.003461,288.94, 426.5016
113704,4.5229,0.003119,320.63, 426.5022
113705,4.5261,0.003231,309.49, 426.5016
113706,4.5293,0.003127,319.82, 426.5016
113707,4.5325,0.003154,317.06, 426.5019
113708,4.5354,0.003146,317.86, 426.5016
113709,4.5388,0.003328,300.47, 426.5016
113710,4.5420,0.003080,324.64, 426.5019
113711,4.5452,0.003242,308.50, 426.5016
113712,4.5483,0.003121,320.40, 426.5016
113713,4.5515,0.003259,306.83, 426.5016
113714,4.5547,0.003266,306.21, 426.5016
113715,4.5581,0.003243,308.36, 426.5022
113716,4.5613,0.003132,319.26, 426.5016
113717,4.5645,0.003200,312.51, 426.5016
113718,4.5676,0.003139,318.59, 426.5016
113719,4.5706,0.003153,317.19, 426.5022
113720,4.5737,0.003071,325.66, 426.5016
113721,4.5769,0.003182,314.28, 426.5016
113722,4.5801,0.003120,320.51, 426.5016
113723,4.5833,0.003110,321.54, 426.5022
113724,4.5862,0.003132,319.31, 426.5016
113725,4.5894,0.003191,313.38, 426.5016
113726,4.5925,0.003123,320.22, 426.5016
113727,4.5957,0.003059,326.91, 426.5019
113728,4.5991,0.003555,281.28, 426.5016
113729,4.6025,0.003215,311.01, 426.5016
113730,4.6055,0.003164,316.08, 426.5016
113731,4.6086,0.003086,324.08, 426.5016
113732,4.6118,0.003040,328.99, 426.5022
113733,4.6147,0.003055,327.30, 426.5016
113734,4.6179,0.003228,309.78, 426.5016
113735,4.6211,0.003094,323.26, 426.5019
113736,4.6243,0.003126,319.88, 426.5016
113737,4.6272,0.003098,322.77, 426.5019
113738,4.6304,0.003179,314.60, 426.5016
113739,4.6335,0.003129,319.57, 426.5016
113740,4.6367,0.003147,317.79, 426.5016
113741,4.6399,0.003123,320.16, 426.5045
113742,4.6431,0.003102,322.40, 426.5016
113743,4.6462,0.003200,312.52, 426.5060
113744,4.6494,0.003291,303.84, 426.5016
113745,4.6526,0.003142,318.23, 426.5016
113746,4.6558,0.003122,320.33, 426.5016
113747,4.6589,0.003148,317.63, 426.5016
113748,4.6621,0.003145,317.93, 426.5016
113749,4.6653,0.003154,317.05, 426.5016
113750,4.6682,0.003126,319.95, 426.5016
113751,4.6714,0.003136,318.93, 426.5016
113752,4.6746,0.003070,325.76, 426.5016
113753,4.6777,0.003178,314.71, 426.5016
113754,4.6809,0.003135,318.94, 426.5016
113755,4.6841,0.003146,317.88, 426.5022
113756,4.6870,0.003085,324.20, 426.5016
113757,4.6902,0.003152,317.26, 426.5016
113758,4.6934,0.003113,321.21, 426.5016
113759,4.6965,0.003228,309.76, 426.5016
113760,4.6997,0.003143,318.13, 426.5016
113761,4.7029,0.003151,317.32, 426.5016
113762,4.7058,0.003023,330.78, 426.5016
113763,4.7092,0.003275,305.32, 426.5016
113764,4.7124,0.003190,313.47, 426.5016
113765,4.7156,0.003203,312.25, 426.5016
113766,4.7188,0.003085,324.14, 426.5016
113767,4.7217,0.003152,317.24, 426.5016
113768,4.7249,0.003150,317.48, 426.5016
113769,4.7280,0.003210,311.58, 426.5016
113770,4.7312,0.003120,320.48, 426.5016
113771,4.7344,0.003148,317.64, 426.5016
113772,4.7375,0.003126,319.86, 426.5016
113773,4.7407,0.003241,308.55, 426.5019
113774,4.7439,0.003115,321.03, 426.5016
113775,4.7471,0.003112,321.33, 426.5016
113776,4.7502,0.003135,318.99, 426.5016
113777,4.7534,0.003196,312.88, 426.5016
113778,4.7566,0.003321,301.09, 426.5016
113779,4.7598,0.003175,314.96, 426.5016
113780,4.7629,0.003146,317.82, 426.5016
113781,4.7661,0.003056,327.21, 426.5016
113782,4.7693,0.003147,317.75, 426.5016
113783,4.7722,0.003044,328.56, 426.5019
113784,4.7754,0.003110,321.58, 426.5016
113785,4.7786,0.003116,320.90, 426.5016
113786,4.7815,0.003139,318.59, 426.5016
113787,4.7847,0.003143,318.22, 426.5019
113788,4.7878,0.003183,314.19, 426.5019
113789,4.7910,0.003105,322.10, 426.5016
113790,4.7942,0.003130,319.54, 426.5016
113791,4.7971,0.003083,324.32, 426.5016
113792,4.8005,0.003222,310.34, 426.5016
113793,4.8037,0.003163,316.14, 426.5016
113794,4.8069,0.003193,313.15, 426.5016
113795,4.8098,0.003102,322.33, 426.5016
113796,4.8130,0.003121,320.45, 426.5019
113797,4.8162,0.003154,317.08, 426.5016
113798,4.8193,0.003182,314.30, 426.5022
113799,4.8225,0.003102,322.33, 426.5016
113800,4.8257,0.003123,320.24, 426.5019
113801,4.8289,0.003153,317.13, 426.5016
113802,4.8320,0.003160,316.46, 426.5016
113803,4.8350,0.003123,320.22, 426.5016
113804,4.8381,0.003168,315.67, 426.5016
113805,4.8413,0.003135,318.99, 426.5019
113806,4.8445,0.003132,319.25, 426.5016
113807,4.8477,0.003140,318.51, 426.5016
113808,4.8508,0.003182,314.31, 426.5016
113809,4.8540,0.003138,318.70, 426.5016
113810,4.8569,0.003076,325.14, 426.5016
113811,4.8601,0.003205,312.01, 426.5022
113812,4.8633,0.003071,325.58, 426.5016
113813,4.8665,0.003216,310.97, 426.5016
113814,4.8696,0.003092,323.40, 426.5016
113815,4.8728,0.003117,320.79, 426.5016
113816,4.8757,0.003131,319.43, 426.5016
113817,4.8789,0.003168,315.67, 426.5016
113818,4.8821,0.003056,327.27, 426.5016
113819,4.8853,0.003197,312.82, 426.5016
113820,4.8884,0.003102,322.42, 426.5016
113821,4.8916,0.003201,312.42, 426.5019
113822,4.8945,0.003051,327.76, 426.5016
113823,4.8977,0.003207,311.81, 426.5016
113824,4.9011,0.003191,313.38, 426.5016
113825,4.9043,0.003289,304.08, 426.5016
113826,4.9075,0.003140,318.43, 426.5075
113827,4.9106,0.003128,319.71, 426.5016
113828,4.9136,0.003120,320.47, 426.5016
113829,4.9170,0.003224,310.20, 426.5016
113830,4.9199,0.003128,319.71, 426.5016
113831,4.9231,0.003082,324.48, 426.5016
113832,4.9263,0.003100,322.60, 426.5016
113833,4.9294,0.003119,320.58, 426.5016
113834,4.9324,0.003093,323.36, 426.5016
113835,4.9355,0.003139,318.54, 426.5019
113836,4.9387,0.003115,321.03, 426.5016
113837,4.9419,0.003141,318.37, 426.5016
113838,4.9451,0.003163,316.19, 426.5022
113839,4.9480,0.003122,320.35, 426.5019
113840,4.9512,0.003157,316.72, 426.5016
113841,4.9543,0.003114,321.11, 426.5016
113842,4.9575,0.003227,309.92, 426.5016
113843,4.9607,0.003110,321.52, 426.5016
113844,4.9639,0.003129,319.63, 426.5016
113845,4.9670,0.003136,318.93, 426.5016
113846,4.9702,0.003131,319.41, 426.5016
113847,4.9731,0.003061,326.67, 426.5022
113848,4.9763,0.003141,318.35, 426.5016
113849,4.9795,0.003128,319.72, 426.5016
113850,4.9827,0.003165,315.99, 426.5019
113851,4.9856,0.003082,324.48, 426.5022
113852,4.9890,0.003220,310.55, 426.5016
113853,4.9919,0.003127,319.83, 426.5016
113854,4.9954,0.003217,310.84, 426.5016
113855,4.9985,0.003194,313.12, 426.5016
113856,5.0017,0.003202,312.35, 426.5016
113857,5.0049,0.003189,313.59, 426.5016
113858,5.0081,0.003169,315.61, 426.5019
113859,5.0112,0.003197,312.75, 426.5016
113860,5.0144,0.003139,318.56, 426.5016
113861,5.0176,0.003122,320.31, 426.5016
113862,5.0205,0.003080,324.63, 426.5022
113863,5.0237,0.003116,320.88, 426.5022
113864,5.0269,0.003100,322.56, 426.5016
113865,5.0300,0.003166,315.84, 426.5016
113866,5.0330,0.003087,323.94, 426.5016
113867,5.0361,0.003105,322.02, 426.5016
113868,5.0396,0.003384,295.49, 426.5016
113869,5.0430,0.003400,294.09, 426.5016
113870,5.0459,0.003098,322.76, 426.5019
113871,5.0491,0.003181,314.34, 426.5016
113872,5.0522,0.003173,315.18, 426.5016
113873,5.0557,0.003233,309.27, 426.5016
113874,5.0588,0.003155,317.01, 426.5016
113875,5.0620,0.003169,315.54, 426.5016
113876,5.0649,0.003077,324.95, 426.5016
113877,5.0681,0.003223,310.28, 426.5016
113878,5.0713,0.003173,315.17, 426.5016
113879,5.0745,0.003149,317.61, 426.5016
113880,5.0776,0.003108,321.80, 426.5016
113881,5.0808,0.003123,320.16, 426.5019
113882,5.0840,0.003184,314.08, 426.5016
113883,5.0872,0.003153,317.21, 426.5016
113884,5.0901,0.003097,322.88, 426.5016
113885,5.0933,0.003119,320.60, 426.5019
113886,5.0964,0.003123,320.20, 426.5016
113887,5.0996,0.003163,316.14, 426.5019
113888,5.1028,0.003178,314.64, 426.5016
113889,5.1060,0.003147,317.73, 426.5016
113890,5.1091,0.003150,317.43, 426.5016
113891,5.1121,0.003095,323.09, 426.5016
113892,5.1152,0.003163,316.20, 426.5022
113893,5.1184,0.003179,314.57, 426.5016
113894,5.1216,0.003098,322.80, 426.5016
113895,5.1248,0.003172,315.24, 426.5016
113896,5.1279,0.003151,317.40, 426.5016
113897,5.1311,0.003124,320.14, 426.5016
113898,5.1343,0.003144,318.04, 426.5016
113899,5.1372,0.003079,324.77, 426.5022
113900,5.1404,0.003103,322.32, 426.5016
113901,5.1433,0.003041,328.82, 426.5022
113902,5.1465,0.003174,315.10, 426.5022
113903,5.1497,0.003059,326.96, 426.5022
113904,5.1528,0.003250,307.67, 426.5016
113905,5.1560,0.003159,316.55, 426.5016
113906,5.1592,0.003176,314.85, 426.5016
113907,5.1626,0.003313,301.84, 426.5022
113908,5.1658,0.003218,310.77, 426.5016
113909,5.1689,0.003165,315.94, 426.5016
113910,5.1721,0.003082,324.50, 426.5154
113911,5.1750,0.003124,320.15, 426.5019
113912,5.1782,0.003168,315.67, 426.5016
113913,5.1814,0.003148,317.62, 426.5016
113914,5.1846,0.003136,318.84, 426.5016
113915,5.1877,0.003088,323.87, 426.5016
113916,5.1907,0.003098,322.76, 426.5016
113917,5.1941,0.003230,309.62, 426.5016
113918,5.1973,0.003262,306.52, 426.5016
113919,5.2004,0.003163,316.18, 426.5016
113920,5.2036,0.003062,326.56, 426.5016
113921,5.2068,0.003264,306.42, 426.5016
113922,5.2102,0.003325,300.72, 426.5016
113923,5.2134,0.003206,311.94, 426.5016
113924,5.2163,0.003043,328.67, 426.5016
113925,5.2195,0.003209,311.61, 426.5016
113926,5.2227,0.003085,324.18, 426.5019
113927,5.2258,0.003168,315.69, 426.5016
113928,5.2290,0.003104,322.22, 426.5016
113929,5.2322,0.003202,312.35, 426.5016
113930,5.2354,0.003149,317.58, 426.5016
113931,5.2385,0.003172,315.31, 426.5016
113932,5.2415,0.003107,321.91, 426.5016
113933,5.2446,0.003148,317.64, 426.5016
113934,5.2478,0.003117,320.87, 426.5016
113935,5.2510,0.003198,312.68, 426.5016
113936,5.2542,0.003238,308.87, 426.5016
113937,5.2576,0.003261,306.69, 426.5016
113938,5.2607,0.003130,319.49, 426.5016
113939,5.2637,0.003120,320.52, 426.5019
113940,5.2668,0.003174,315.06, 426.5016
113941,5.2700,0.003139,318.62, 426.5144
113942,5.2732,0.003145,317.97, 426.5016
113943,5.2764,0.003127,319.83, 426.5022
113944,5.2795,0.003171,315.35, 426.5022
113945,5.2825,0.003074,325.28, 426.5016
113946,5.2859,0.003269,305.90, 426.5016
113947,5.2891,0.003125,319.96, 426.5019
113948,5.2920,0.003086,324.00, 426.5016
113949,5.2952,0.003111,321.49, 426.5016
113950,5.2983,0.003174,315.09, 426.5019
113951,5.3015,0.003064,326.38, 426.5022
113952,5.3044,0.003095,323.06, 426.5016
113953,5.3076,0.003091,323.51, 426.5016
113954,5.3108,0.003141,318.35, 426.5016
113955,5.3137,0.003075,325.25, 426.5022
113956,5.3171,0.003218,310.72, 426.5016
113957,5.3203,0.003321,301.08, 426.5016
113958,5.3235,0.003180,314.48, 426.5016
113959,5.3267,0.003114,321.12, 426.5016
113960,5.3298,0.003153,317.19, 426.5016
113961,5.3330,0.003196,312.93, 426.5022
113962,5.3362,0.003299,303.09, 426.5016
113963,5.3396,0.003258,306.92, 426.5016
113964,5.3428,0.003117,320.80, 426.5016
113965,5.3459,0.003170,315.51, 426.5016
113966,5.3491,0.003251,307.64, 426.5016
113967,5.3523,0.003236,309.06, 426.5016
113968,5.3555,0.003076,325.09, 426.5016
113969,5.3586,0.003175,315.01, 426.5016
113970,5.3618,0.003153,317.21, 426.5016
113971,5.3650,0.003150,317.47, 426.5016
113972,5.3679,0.003116,320.88, 426.5016
113973,5.3711,0.003201,312.44, 426.5016
113974,5.3743,0.003028,330.23, 426.5019
113975,5.3774,0.003154,317.05, 426.5016
113976,5.3804,0.003057,327.15, 426.5019
113977,5.3835,0.003153,317.17, 426.5016
113978,5.3867,0.003082,324.50, 426.5022
113979,5.3899,0.003156,316.88, 426.5016
113980,5.3928,0.003038,329.21, 426.5016
113981,5.3965,0.003558,281.10, 426.5016
113982,5.3999,0.003521,284.05, 426.5016
113983,5.4033,0.003336,299.73, 426.5022
113984,5.4067,0.003437,290.99, 426.5016
113985,5.4102,0.003505,285.28, 426.5016
113986,5.4141,0.003735,267.74, 426.5016
113987,5.4177,0.003799,263.21, 426.5016
113988,5.4211,0.003388,295.19, 426.5016
113989,5.4243,0.003116,320.94, 426.5016
113990,5.4275,0.003179,314.59, 426.5022
113991,5.4307,0.003243,308.37, 426.5016
113992,5.4338,0.003260,306.78, 426.5016
113993,5.4370,0.003177,314.78, 426.5016
113994,5.4402,0.003087,323.99, 426.5016
113995,5.4434,0.003201,312.42, 426.5016
113996,5.4465,0.003204,312.15, 426.5016
113997,5.4497,0.003187,313.82, 426.5016
113998,5.4529,0.003080,324.71, 426.5016
113999,5.4561,0.003154,317.06, 426.5016
114000,5.4592,0.003130,319.53, 426.5016
114001,5.4624,0.003166,315.85, 426.5016
114002,5.4653,0.003118,320.76, 426.5019
114003,5.4685,0.003187,313.77, 426.5016
114004,5.4717,0.003147,317.73, 426.5016
114005,5.4749,0.003197,312.79, 426.5016
114006,5.4780,0.003093,323.28, 426.5016
114007,5.4812,0.003214,311.13, 426.5019
114008,5.4844,0.003103,322.29, 426.5016
114009,5.4875,0.003153,317.16, 426.5016
114010,5.4907,0.003144,318.08, 426.5016
114011,5.4939,0.003150,317.47, 426.5016
114012,5.4971,0.003151,317.39, 426.5016
114013,5.5000,0.003144,318.07, 426.5016
114014,5.5032,0.003117,320.78, 426.5016
114015,5.5063,0.003198,312.67, 426.5016
114016,5.5095,0.003171,315.33, 426.5016
114017,5.5129,0.003222,310.37, 426.5016
114018,5.5159,0.003115,321.00, 426.5016
114019,5.5190,0.003208,311.71, 426.5016
114020,5.5222,0.003162,316.28, 426.5016
114021,5.5254,0.003117,320.84, 426.5016
114022,5.5286,0.003155,316.97, 426.5016
114023,5.5317,0.003121,320.42, 426.5016
114024,5.5349,0.003151,317.33, 426.5016
114025,5.5381,0.003148,317.67, 426.5016
114026,5.5413,0.003158,316.66, 426.5016
114027,5.5442,0.003084,324.26, 426.5019
114028,5.5474,0.003210,311.57, 426.5022
114029,5.5505,0.003124,320.13, 426.5016
114030,5.5540,0.003278,305.05, 426.5016
114031,5.5569,0.003154,317.10, 426.5016
114032,5.5603,0.003254,307.30, 426.5016
114033,5.5635,0.003152,317.25, 426.5016
114034,5.5667,0.003304,302.65, 426.5016
114035,5.5701,0.003377,296.09, 426.5016
114036,5.5732,0.003149,317.55, 426.5016
114037,5.5762,0.003049,327.94, 426.5019
114038,5.5793,0.003175,314.93, 426.5016
114039,5.5825,0.003122,320.28, 426.5016
114040,5.5857,0.003153,317.19, 426.5016
114041,5.5889,0.003196,312.94, 426.5016
114042,5.5920,0.003105,322.03, 426.5022
114043,5.5952,0.003145,317.97, 426.5016
114044,5.5986,0.003338,299.55, 426.5016
114045,5.6018,0.003169,315.58, 426.5016
114046,5.6047,0.003064,326.33, 426.5016
114047,5.6079,0.003182,314.28, 426.5016
114048,5.6111,0.003139,318.62, 426.5019
114049,5.6143,0.003139,318.61, 426.5016
114050,5.6174,0.003137,318.74, 426.5016
114051,5.6206,0.003131,319.39, 426.5016
114052,5.6235,0.003035,329.53, 426.5019
114053,5.6267,0.003133,319.20, 426.5016
114054,5.6296,0.003094,323.17, 426.5016
114055,5.6331,0.003350,298.48, 426.5016
114056,5.6365,0.003265,306.26, 426.5022
114057,5.6396,0.003300,303.00, 426.5016
114058,5.6428,0.003212,311.29, 426.5016
114059,5.6460,0.003214,311.17, 426.5020
114060,5.6494,0.003262,306.56, 426.5016
114061,5.6526,0.003200,312.47, 426.5020
114062,5.6558,0.003206,311.91, 426.5016
114063,5.6589,0.003186,313.83, 426.5016
114064,5.6621,0.003208,311.69, 426.5204
114065,5.6655,0.003388,295.16, 426.5016
114066,5.6689,0.003351,298.44, 426.5016
114067,5.6721,0.003233,309.31, 426.5016
114068,5.6755,0.003338,299.62, 426.5016
114069,5.6787,0.003233,309.29, 426.5016
114070,5.6819,0.003274,305.46, 426.5016
114071,5.6853,0.003324,300.89, 426.5016
114072,5.6885,0.003293,303.69, 426.5016
114073,5.6919,0.003363,297.33, 426.5041
114074,5.6951,0.003230,309.61, 426.5041
114075,5.6985,0.003309,302.23, 426.5020
114076,5.7017,0.003250,307.73, 426.5016
114077,5.7051,0.003291,303.90, 426.5022
114078,5.7083,0.003159,316.57, 426.5016
114079,5.7114,0.003299,303.09, 426.5022
114080,5.7146,0.003222,310.39, 426.5016
114081,5.7180,0.003377,296.13, 426.5016
114082,5.7214,0.003306,302.52, 426.5016
114083,5.7246,0.003316,301.53, 426.5022
114084,5.7280,0.003331,300.22, 426.5016
114085,5.7314,0.003370,296.71, 426.5016
114086,5.7351,0.003615,276.59, 426.5020
114087,5.7383,0.003144,318.09, 426.5019
114088,5.7412,0.003125,319.98, 426.5016
114089,5.7444,0.003121,320.39, 426.5016
114090,5.7476,0.003194,313.10, 426.5016
114091,5.7507,0.003102,322.35, 426.5019
114092,5.7539,0.003133,319.21, 426.5016
114093,5.7568,0.003105,322.07, 426.5016
114094,5.7603,0.003217,310.87, 426.5019
114095,5.7632,0.003045,328.41, 426.5016
114096,5.7664,0.003233,309.34, 426.5016
114097,5.7695,0.003149,317.61, 426.5016
114098,5.7729,0.003366,297.12, 426.5016
114099,5.7761,0.003274,305.40, 426.5016
114100,5.7793,0.003175,314.97, 426.5022
114101,5.7825,0.003119,320.62, 426.5016
114102,5.7856,0.003220,310.59, 426.5016
114103,5.7891,0.003213,311.22, 426.5016
114104,5.7920,0.003123,320.17, 426.5016
114105,5.7952,0.003117,320.84, 426.5016
114106,5.7983,0.003147,317.76, 426.5022
114107,5.8015,0.003157,316.76, 426.5016
114108,5.8047,0.003214,311.11, 426.5016
114109,5.8079,0.003160,316.44, 426.5016
114110,5.8110,0.003121,320.42, 426.5016
114111,5.8142,0.003134,319.06, 426.5019
114112,5.8174,0.003136,318.90, 426.5016
114113,5.8206,0.003190,313.49, 426.5016
114114,5.8235,0.003094,323.17, 426.5019
114115,5.8267,0.003163,316.14, 426.5016
114116,5.8298,0.003093,323.27, 426.5016
114117,5.8330,0.003162,316.28, 426.5016
114118,5.8362,0.003166,315.91, 426.5019
114119,5.8394,0.003205,312.01, 426.5016
114120,5.8425,0.003078,324.85, 426.5019
114121,5.8455,0.003145,317.93, 426.5016
114122,5.8486,0.003108,321.76, 426.5019
114123,5.8521,0.003347,298.74, 426.5016
114124,5.8552,0.003318,301.35, 426.5016
114125,5.8586,0.003237,308.93, 426.5019
114126,5.8618,0.003178,314.67, 426.5016
114127,5.8650,0.003129,319.55, 426.5019
114128,5.8682,0.003203,312.24, 426.5016
114129,5.8713,0.003230,309.60, 426.5016
114130,5.8745,0.003098,322.84, 426.5016
114131,5.8777,0.003156,316.89, 426.5016
114132,5.8809,0.003182,314.30, 426.5016
114133,5.8840,0.003179,314.61, 426.5016
114134,5.8872,0.003176,314.87, 426.5016
114135,5.8901,0.003111,321.45, 426.5016
114136,5.8933,0.003139,318.53, 426.5016
114137,5.8965,0.003166,315.91, 426.5016
114138,5.8997,0.003236,309.00, 426.5019
114139,5.9028,0.003105,322.10, 426.5019
114140,5.9060,0.003180,314.50, 426.5016
114141,5.9092,0.003092,323.40, 426.5060
114142,5.9124,0.003202,312.34, 426.5016
114143,5.9155,0.003236,309.06, 426.5016
114144,5.9187,0.003200,312.52, 426.5016
114145,5.9219,0.003168,315.69, 426.5016
114146,5.9250,0.003196,312.94, 426.5016
114147,5.9282,0.003152,317.31, 426.5016
114148,5.9314,0.003182,314.24, 426.5016
114149,5.9346,0.003139,318.57, 426.5016
114150,5.9377,0.003259,306.88, 426.5022
114151,5.9409,0.003146,317.87, 426.5016
114152,5.9441,0.003102,322.42, 426.5016
114153,5.9473,0.003180,314.43, 426.5016
114154,5.9504,0.003255,307.18, 426.5016
114155,5.9536,0.003136,318.90, 426.5016
114156,5.9568,0.003088,323.83, 426.5016
114157,5.9600,0.003112,321.36, 426.5019
114158,5.9629,0.003073,325.38, 426.5022
114159,5.9661,0.003123,320.20, 426.5016
114160,5.9692,0.003111,321.44, 426.5016
114161,5.9724,0.003149,317.60, 426.5016
114162,5.9753,0.003071,325.68, 426.5016
114163,5.9785,0.003215,311.00, 426.5016
114164,5.9817,0.003067,326.03, 426.5016
114165,5.9849,0.003154,317.09, 426.5016
114166,5.9880,0.003082,324.50, 426.5019
114167,5.9910,0.003138,318.64, 426.5019
114168,5.9941,0.003052,327.64, 426.5022
114169,5.9973,0.003168,315.69, 426.5019
114170,6.0005,0.003153,317.21, 426.5019
114171,6.0037,0.003186,313.83, 426.5016
114172,6.0068,0.003093,323.27, 426.5019
114173,6.0100,0.003251,307.65, 426.5016
114174,6.0132,0.003103,322.31, 426.5016
114175,6.0164,0.003215,311.01, 426.5016
114176,6.0195,0.003145,317.99, 426.5016
114177,6.0227,0.003167,315.78, 426.5016
114178,6.0256,0.003068,325.97, 426.5070
114179,6.0288,0.003146,317.90, 426.5016
114180,6.0320,0.003118,320.73, 426.5016
114181,6.0352,0.003127,319.82, 426.5016
114182,6.0381,0.003122,320.34, 426.5016
114183,6.0413,0.003104,322.22, 426.5019
114184,6.0444,0.003068,325.96, 426.5016
114185,6.0474,0.003102,322.36, 426.5016
114186,6.0505,0.003115,321.00, 426.5016
114187,6.0540,0.003411,293.20, 426.5016
114188,6.0576,0.003673,272.27, 426.5016
114189,6.0610,0.003314,301.79, 426.5019
114190,6.0642,0.003172,315.31, 426.5016
114191,6.0671,0.003023,330.85, 426.5022
114192,6.0703,0.003211,311.39, 426.5022
114193,6.0735,0.003236,309.01, 426.5016
114194,6.0769,0.003190,313.44, 426.5016
114195,6.0798,0.003107,321.90, 426.5022
114196,6.0830,0.003181,314.34, 426.5016
114197,6.0862,0.003165,315.99, 426.5016
114198,6.0894,0.003209,311.58, 426.5019
114199,6.0925,0.003099,322.67, 426.5016
114200,6.0957,0.003131,319.42, 426.5019
114201,6.0989,0.003147,317.80, 426.5016
114202,6.1021,0.003166,315.89, 426.5016
114203,6.1052,0.003111,321.42, 426.5016
114204,6.1082,0.003093,323.29, 426.5016
114205,6.1113,0.003105,322.10, 426.5016
114206,6.1145,0.003091,323.55, 426.5016
114207,6.1174,0.003124,320.11, 426.5016
114208,6.1206,0.003133,319.16, 426.5016
114209,6.1238,0.003119,320.66, 426.5016
114210,6.1270,0.003061,326.65, 426.5016
114211,6.1299,0.003126,319.95, 426.5019
114212,6.1333,0.003234,309.21, 426.5016
114213,6.1365,0.003384,295.51, 426.5016
114214,6.1396,0.003144,318.12, 426.5016
114215,6.1428,0.003128,319.72, 426.5022
114216,6.1460,0.003050,327.86, 426.5016
114217,6.1492,0.003237,308.93, 426.5016
114218,6.1521,0.003067,326.03, 426.5016
114219,6.1553,0.003133,319.17, 426.5016
114220,6.1587,0.003383,295.60, 426.5022
114221,6.1619,0.003171,315.41, 426.5016
114222,6.1650,0.003247,307.97, 426.5016
114223,6.1685,0.003233,309.29, 426.5019
114224,6.1714,0.003087,323.97, 426.5016
114225,6.1746,0.003159,316.60, 426.5016
114226,6.1777,0.003118,320.70, 426.5016
114227,6.1809,0.003222,310.34, 426.5019
114228,6.1841,0.003123,320.17, 426.5016
114229,6.1873,0.003137,318.76, 426.5016
114230,6.1904,0.003095,323.06, 426.5016
114231,6.1934,0.003086,324.07, 426.5016
114232,6.1965,0.003177,314.73, 426.5016
114233,6.1997,0.003162,316.28, 426.5016
114234,6.2029,0.003097,322.86, 426.5019
114235,6.2058,0.003079,324.78, 426.5016
114236,6.2090,0.003137,318.74, 426.5016
114237,6.2124,0.003391,294.91, 426.5019
114238,6.2156,0.003178,314.62, 426.5019
114239,6.2188,0.003062,326.61, 426.5019
114240,6.2217,0.003118,320.73, 426.5016
114241,6.2249,0.003122,320.32, 426.5022
114242,6.2280,0.003143,318.22, 426.5016
114243,6.2312,0.003035,329.45, 426.5019
114244,6.2341,0.003131,319.41, 426.5016
114245,6.2373,0.003106,321.93, 426.5016
114246,6.2405,0.003197,312.76, 426.5016
114247,6.2437,0.003028,330.24, 426.5045
114248,6.2468,0.003149,317.61, 426.5016
114249,6.2498,0.003096,323.01, 426.5016
114250,6.2529,0.003170,315.51, 426.5016
114251,6.2561,0.003110,321.50, 426.5016
114252,6.2593,0.003244,308.26, 426.5041
114253,6.2627,0.003263,306.51, 426.5016
114254,6.2656,0.003140,318.50, 426.5022
114255,6.2690,0.003223,310.24, 426.5016
114256,6.2722,0.003177,314.74, 426.5016
114257,6.2754,0.003171,315.35, 426.5016
114258,6.2786,0.003139,318.53, 426.5019
114259,6.2815,0.003131,319.41, 426.5016
114260,6.2847,0.003131,319.44, 426.5019
114261,6.2878,0.003174,315.09, 426.5016
114262,6.2910,0.003070,325.69, 426.5019
114263,6.2942,0.003128,319.69, 426.5016
114264,6.2971,0.003080,324.64, 426.5016
114265,6.3003,0.003172,315.25, 426.5022
114266,6.3035,0.003143,318.13, 426.5016
114267,6.3066,0.003194,313.12, 426.5016
114268,6.3098,0.003079,324.81, 426.5016
114269,6.3130,0.003147,317.78, 426.5016
114270,6.3159,0.003051,327.77, 426.5016
114271,6.3191,0.003188,313.66, 426.5016
114272,6.3223,0.003099,322.65, 426.5016
114273,6.3254,0.003142,318.23, 426.5016
114274,6.3284,0.003064,326.34, 426.5019
114275,6.3315,0.003185,313.99, 426.5016
114276,6.3347,0.003088,323.87, 426.5016
114277,6.3379,0.003182,314.23, 426.5016
114278,6.3411,0.003068,325.96, 426.5016
114279,6.3440,0.003154,317.08, 426.5019
114280,6.3472,0.003120,320.48, 426.5016
114281,6.3503,0.003173,315.21, 426.5022
114282,6.3538,0.003370,296.71, 426.5016
114283,6.3569,0.003263,306.43, 426.5106
114284,6.3601,0.003151,317.38, 426.5016
114285,6.3633,0.003146,317.88, 426.5019
114286,6.3665,0.003070,325.76, 426.5016
114287,6.3696,0.003119,320.58, 426.5016
114288,6.3726,0.003107,321.91, 426.5016
114289,6.3760,0.003230,309.57, 426.5016
114290,6.3789,0.003154,317.03, 426.5016
114291,6.3821,0.003131,319.39, 426.5016
114292,6.3853,0.003133,319.16, 426.5016
114293,6.3887,0.003407,293.54, 426.5022
114294,6.3918,0.003113,321.21, 426.5016
114295,6.3948,0.003022,330.94, 426.5114
114296,6.3979,0.003136,318.89, 426.5016
114297,6.4014,0.003301,302.98, 426.5022
114298,6.4048,0.003496,286.07, 426.5022
114299,6.4084,0.003609,277.07, 426.5016
114300,6.4121,0.003665,272.86, 426.5019
114301,6.4155,0.003471,288.12, 426.5016
114302,6.4189,0.003490,286.55, 426.5022
114303,6.4226,0.003563,280.65, 426.5016
114304,6.4260,0.003392,294.84, 426.5016
114305,6.4292,0.003260,306.71, 426.5016
114306,6.4324,0.003210,311.51, 426.5016
114307,6.4358,0.003373,296.49, 426.5016
114308,6.4390,0.003228,309.77, 426.5016
114309,6.4421,0.003117,320.82, 426.5019
114310,6.4453,0.003086,324.04, 426.5016
114311,6.4485,0.003162,316.30, 426.5016
114312,6.4514,0.003142,318.26, 426.5016
114313,6.4546,0.003139,318.54, 426.5016
114314,6.4578,0.003130,319.52, 426.5016
114315,6.4609,0.003129,319.63, 426.5016
114316,6.4641,0.003169,315.56, 426.5016
114317,6.4673,0.003157,316.74, 426.5019
114318,6.4705,0.003098,322.75, 426.5016
114319,6.4734,0.003108,321.76, 426.5019
114320,6.4766,0.003197,312.82, 426.5016
114321,6.4797,0.003139,318.60, 426.5016
114322,6.4829,0.003160,316.50, 426.5016
114323,6.4861,0.003094,323.26, 426.5016
114324,6.4893,0.003163,316.21, 426.5019
114325,6.4922,0.003069,325.87, 426.5019
114326,6.4954,0.003177,314.73, 426.5016
114327,6.4985,0.003122,320.36, 426.5016
114328,6.5017,0.003146,317.85, 426.5022
114329,6.5049,0.003114,321.14, 426.5019
114330,6.5081,0.003160,316.51, 426.5016
114331,6.5112,0.003143,318.22, 426.5016
114332,6.5144,0.003169,315.52, 426.5016
114333,6.5173,0.003097,322.91, 426.5016
114334,6.5205,0.003133,319.17, 426.5016
114335,6.5237,0.003120,320.51, 426.5016
114336,6.5269,0.003233,309.36, 426.5016
114337,6.5300,0.003175,314.99, 426.5016
114338,6.5332,0.003166,315.85, 426.5016
114339,6.5364,0.003137,318.77, 426.5016
114340,6.5396,0.003202,312.28, 426.5016
114341,6.5427,0.003075,325.18, 426.5016
114342,6.5457,0.003111,321.48, 426.5016
114343,6.5488,0.003154,317.09, 426.5022
114344,6.5520,0.003143,318.17, 426.5016
114345,6.5552,0.003146,317.88, 426.5016
114346,6.5584,0.003138,318.71, 426.5165
114347,6.5615,0.003232,309.43, 426.5019
114348,6.5647,0.003086,324.03, 426.5016
114349,6.5679,0.003162,316.30, 426.5016
114350,6.5708,0.003087,323.95, 426.5016
114351,6.5740,0.003140,318.52, 426.5041
114352,6.5771,0.003149,317.55, 426.5016
114353,6.5803,0.003115,321.00, 426.5016
114354,6.5835,0.003109,321.69, 426.5016
114355,6.5867,0.003182,314.23, 426.5016
114356,6.5898,0.003135,318.98, 426.5016
114357,6.5930,0.003201,312.45, 426.5016
114358,6.5962,0.003162,316.30, 426.5016
114359,6.5996,0.003474,287.89, 426.5022
114360,6.6028,0.003179,314.55, 426.5016
114361,6.6060,0.003185,314.01, 426.5016
114362,6.6091,0.003159,316.56, 426.5016
114363,6.6123,0.003135,318.97, 426.5019
114364,6.6152,0.003113,321.23, 426.5016
114365,6.6184,0.003173,315.20, 426.5016
114366,6.6216,0.003089,323.73, 426.5022
114367,6.6248,0.003110,321.53, 426.5016
114368,6.6279,0.003139,318.57, 426.5016
114369,6.6309,0.003133,319.17, 426.5016
114370,6.6340,0.003099,322.65, 426.5016
114371,6.6372,0.003201,312.43, 426.5019
114372,6.6404,0.003139,318.60, 426.5016
114373,6.6436,0.003097,322.85, 426.5016
114374,6.6467,0.003126,319.95, 426.5019
114375,6.6497,0.003131,319.41, 426.5016
114376,6.6528,0.003165,315.92, 426.5016
114377,6.6560,0.003126,319.91, 426.5016
114378,6.6592,0.003199,312.61, 426.5016
114379,6.6624,0.003061,326.71, 426.5016
114380,6.6655,0.003141,318.33, 426.5016
114381,6.6687,0.003235,309.16, 426.5016
114382,6.6719,0.003228,309.82, 426.5016
114383,6.6750,0.003120,320.53, 426.5016
114384,6.6782,0.003238,308.86, 426.5016
114385,6.6814,0.003115,320.99, 426.5016
114386,6.6846,0.003239,308.76, 426.5016
114387,6.6877,0.003146,317.86, 426.5016
114388,6.6909,0.003201,312.38, 426.5016
114389,6.6941,0.003131,319.37, 426.5016
114390,6.6973,0.003167,315.77, 426.5016
114391,6.7004,0.003131,319.40, 426.5016
114392,6.7036,0.003132,319.32, 426.5016
114393,6.7065,0.003107,321.83, 426.5016
114394,6.7097,0.003099,322.65, 426.5019
114395,6.7129,0.003128,319.68, 426.5019
114396,6.7161,0.003085,324.11, 426.5016
114397,6.7192,0.003171,315.38, 426.5016
114398,6.7222,0.003092,323.42, 426.5022
114399,6.7253,0.003131,319.35, 426.5016
114400,6.7285,0.003123,320.22, 426.5016
114401,6.7317,0.003147,317.73, 426.5016
114402,6.7349,0.003140,318.47, 426.5019
114403,6.7378,0.003141,318.38, 426.5019
114404,6.7410,0.003080,324.71, 426.5016
114405,6.7441,0.003127,319.79, 426.5016
114406,6.7473,0.003095,323.09, 426.5016
114407,6.7505,0.003199,312.65, 426.5016
114408,6.7534,0.003063,326.46, 426.5016
114409,6.7566,0.003148,317.62, 426.5016
114410,6.7598,0.003096,322.97, 426.5016
114411,6.7629,0.003192,313.25, 426.5019
114412,6.7661,0.003091,323.56, 426.5016
114413,6.7693,0.003213,311.21, 426.5016
114414,6.7722,0.003101,322.53, 426.5016
114415,6.7756,0.003203,312.25, 426.5016
114416,6.7788,0.003394,294.64, 426.5016
114417,6.7820,0.003166,315.87, 426.5016
114418,6.7852,0.003135,319.01, 426.5016
114419,6.7883,0.003217,310.83, 426.5022
114420,6.7915,0.003096,322.99, 426.5016
114421,6.7947,0.003159,316.58, 426.5022
114422,6.7979,0.003134,319.05, 426.5016
114423,6.8010,0.003129,319.61, 426.5019
114424,6.8040,0.003076,325.15, 426.5016
114425,6.8071,0.003094,323.20, 426.5016
114426,6.8103,0.003138,318.63, 426.5016
114427,6.8135,0.003127,319.80, 426.5016
114428,6.8167,0.003277,305.12, 426.5016
114429,6.8198,0.003163,316.15, 426.5016
114430,6.8230,0.003116,320.92, 426.5016
114431,6.8259,0.003098,322.83, 426.5016
114432,6.8293,0.003208,311.74, 426.5016
114433,6.8323,0.003060,326.81, 426.5019
114434,6.8354,0.003114,321.13, 426.5016
114435,6.8386,0.003130,319.50, 426.5022
114436,6.8418,0.003177,314.76, 426.5016
114437,6.8447,0.003068,325.99, 426.5019
114438,6.8479,0.003159,316.59, 426.5016
114439,6.8511,0.003055,327.31, 426.5016
114440,6.8542,0.003150,317.50, 426.5016
114441,6.8574,0.003186,313.88, 426.5016
114442,6.8606,0.003164,316.08, 426.5016
114443,6.8640,0.003396,294.47, 426.5016
114444,6.8672,0.003406,293.57, 426.5016
114445,6.8706,0.003181,314.36, 426.5019
114446,6.8738,0.003294,303.59, 426.5016
114447,6.8770,0.003287,304.25, 426.5016
114448,6.8804,0.003186,313.90, 426.5016
114449,6.8835,0.003197,312.80, 426.5016
114450,6.8865,0.003122,320.31, 426.5016
114451,6.8896,0.003156,316.90, 426.5016
114452,6.8928,0.003080,324.68, 426.5022
114453,6.8960,0.003129,319.60, 426.5016
114454,6.8992,0.003131,319.37, 426.5016
114455,6.9023,0.003173,315.18, 426.5016
114456,6.9055,0.003335,299.84, 426.5016
114457,6.9089,0.003416,292.76, 426.5016
114458,6.9121,0.003045,328.44, 426.5016
114459,6.9153,0.003168,315.68, 426.5016
114460,6.9185,0.003128,319.67, 426.5016
114461,6.9216,0.003207,311.78, 426.5016
114462,6.9246,0.003063,326.43, 426.5016
114463,6.9277,0.003162,316.23, 426.5016
114464,6.9309,0.003193,313.20, 426.5019
114465,6.9341,0.003176,314.83, 426.5016
114466,6.9373,0.003194,313.06, 426.5016
114467,6.9404,0.003137,318.82, 426.5016
114468,6.9436,0.003112,321.37, 426.5019
114469,6.9468,0.003149,317.56, 426.5016
114470,6.9500,0.003156,316.82, 426.5016
114471,6.9531,0.003313,301.81, 426.5016
114472,6.9565,0.003230,309.60, 426.5016
114473,6.9595,0.003133,319.15, 426.5016
114474,6.9626,0.003131,319.40, 426.5022
114475,6.9658,0.003088,323.81, 426.5022
114476,6.9690,0.003199,312.56, 426.5016
114477,6.9722,0.003106,321.93, 426.5016
114478,6.9751,0.003118,320.73, 426.5022
114479,6.9783,0.003117,320.82, 426.5016
114480,6.9814,0.003191,313.40, 426.5016
114481,6.9846,0.003074,325.34, 426.5016
114482,6.9878,0.003155,316.93, 426.5016
114483,6.9907,0.003092,323.47, 426.5016
114484,6.9939,0.003164,316.03, 426.5016
114485,6.9971,0.003078,324.88, 426.5016
114486,7.0002,0.003228,309.82, 426.5016
114487,7.0034,0.003111,321.42, 426.5016
114488,7.0066,0.003161,316.40, 426.5019
114489,7.0098,0.003091,323.50, 426.5016
114490,7.0129,0.003156,316.88, 426.5016
114491,7.0159,0.003155,316.99, 426.5016
114492,7.0190,0.003161,316.32, 426.5016
114493,7.0222,0.003161,316.37, 426.5016
114494,7.0254,0.003164,316.05, 426.5019
114495,7.0286,0.003143,318.14, 426.5016
114496,7.0317,0.003163,316.18, 426.5016
114497,7.0349,0.003191,313.35, 426.5016
114498,7.0381,0.003156,316.91, 426.5016
114499,7.0413,0.003127,319.75, 426.5022
114500,7.0444,0.003087,323.98, 426.5016
114501,7.0476,0.003158,316.69, 426.5016
114502,7.0505,0.003164,316.08, 426.5016
114503,7.0537,0.003114,321.11, 426.5016
114504,7.0569,0.003085,324.17, 426.5016
114505,7.0601,0.003205,312.01, 426.5022
114506,7.0635,0.003419,292.47, 426.5016
114507,7.0669,0.003376,296.22, 426.5022
114508,7.0698,0.003069,325.85, 426.5016
114509,7.0730,0.003181,314.38, 426.5016
114510,7.0764,0.003270,305.79, 426.5022
114511,7.0801,0.003623,276.04, 426.5016
114512,7.0833,0.003271,305.72, 426.5016
114513,7.0864,0.003221,310.46, 426.5016
114514,7.0896,0.003134,319.11, 426.5016
114515,7.0928,0.003200,312.55, 426.5019
114516,7.0959,0.003185,314.00, 426.5016
114517,7.0991,0.003121,320.45, 426.5019
114518,7.1023,0.003108,321.77, 426.5016
114519,7.1052,0.003098,322.83, 426.5022
114520,7.1084,0.003145,317.99, 426.5016
114521,7.1116,0.003130,319.54, 426.5016
114522,7.1147,0.003144,318.08, 426.5022
114523,7.1179,0.003141,318.35, 426.5019
114524,7.1211,0.003115,320.99, 426.5016
114525,7.1240,0.003114,321.10, 426.5016
114526,7.1272,0.003131,319.36, 426.5016
114527,7.1304,0.003079,324.80, 426.5022
114528,7.1335,0.003184,314.08, 426.5019
114529,7.1367,0.003091,323.57, 426.5019
114530,7.1396,0.003160,316.51, 426.5022
114531,7.1428,0.003061,326.70, 426.5019
114532,7.1460,0.003158,316.70, 426.5016
114533,7.1489,0.003015,331.63, 426.5215
114534,7.1521,0.003186,313.90, 426.5016
114535,7.1553,0.003132,319.34, 426.5016
114536,7.1584,0.003165,316.01, 426.5016
114537,7.1616,0.003087,323.94, 426.5016
114538,7.1648,0.003110,321.55, 426.5016
114539,7.1677,0.003099,322.72, 426.5016
114540,7.1711,0.003324,300.82, 426.5016
114541,7.1743,0.003220,310.60, 426.5022
114542,7.1775,0.003134,319.13, 426.5016
114543,7.1804,0.003052,327.70, 426.5041
114544,7.1836,0.003143,318.13, 426.5016
114545,7.1868,0.003199,312.57, 426.5022
114546,7.1899,0.003152,317.28, 426.5016
114547,7.1931,0.003128,319.74, 426.5016
114548,7.1963,0.003105,322.06, 426.5016
114549,7.1995,0.003170,315.50, 426.5016
114550,7.2024,0.003082,324.48, 426.5022
114551,7.2056,0.003155,316.94, 426.5016
114552,7.2087,0.003096,322.96, 426.5016
114553,7.2119,0.003123,320.17, 426.5016
114554,7.2148,0.003073,325.43, 426.5016
114555,7.2185,0.003571,280.03, 426.5016
114556,7.2217,0.003162,316.27, 426.5016
114557,7.2249,0.003194,313.07, 426.5016
114558,7.2280,0.003073,325.45, 426.5016
114559,7.2312,0.003230,309.63, 426.5016
114560,7.2344,0.003108,321.73, 426.5016
114561,7.2375,0.003262,306.61, 426.5016
114562,7.2407,0.003121,320.37, 426.5016
114563,7.2439,0.003229,309.67, 426.5016
114564,7.2471,0.003155,316.92, 426.5016
114565,7.2502,0.003177,314.75, 426.5022
114566,7.2534,0.003098,322.80, 426.5016
114567,7.2563,0.003129,319.58, 426.5019
114568,7.2595,0.003112,321.33, 426.5016
114569,7.2627,0.003198,312.71, 426.5019
114570,7.2659,0.003225,310.09, 426.5016
114571,7.2690,0.003175,314.99, 426.5016
114572,7.2722,0.003090,323.65, 426.5016
114573,7.2754,0.003164,316.05, 426.5016
114574,7.2786,0.003179,314.56, 426.5016
114575,7.2817,0.003151,317.41, 426.5022
114576,7.2849,0.003220,310.57, 426.5016
114577,7.2881,0.003126,319.92, 426.5016
114578,7.2913,0.003210,311.54, 426.5016
114579,7.2944,0.003092,323.45, 426.5016
114580,7.2976,0.003162,316.29, 426.5016
114581,7.3005,0.003069,325.82, 426.5016
114582,7.3037,0.003145,318.02, 426.5016
114583,7.3069,0.003131,319.40, 426.5019
114584,7.3101,0.003146,317.91, 426.5016
114585,7.3132,0.003084,324.23, 426.5016
114586,7.3164,0.003237,308.94, 426.5016
114587,7.3196,0.003164,316.05, 426.5016
114588,7.3228,0.003121,320.41, 426.5016
114589,7.3257,0.003069,325.80, 426.5016
114590,7.3289,0.003117,320.84, 426.5016
114591,7.3320,0.003095,323.14, 426.5022
114592,7.3352,0.003206,311.96, 426.5016
114593,7.3384,0.003219,310.63, 426.5016
114594,7.3416,0.003173,315.20, 426.5022
114595,7.3447,0.003153,317.14, 426.5016
114596,7.3479,0.003166,315.85, 426.5016
114597,7.3508,0.003109,321.68, 426.5016
114598,7.3540,0.003101,322.49, 426.5016
114599,7.3574,0.003263,306.44, 426.5016
114600,7.3604,0.003166,315.91, 426.5016
114601,7.3635,0.003130,319.54, 426.5016
114602,7.3667,0.003132,319.31, 426.5016
114603,7.3699,0.003221,310.47, 426.5019
114604,7.3735,0.003586,278.89, 426.5016
114605,7.3777,0.004267,234.36, 426.5018
114606,7.3816,0.003813,262.27, 426.5016
114607,7.3848,0.003058,327.05, 426.5022
114608,7.3877,0.003087,323.98, 426.5016
114609,7.3909,0.003123,320.19, 426.5019
114610,7.3940,0.003210,311.58, 426.5016
114611,7.3972,0.003177,314.73, 426.5022
114612,7.4004,0.003153,317.14, 426.5016
114613,7.4036,0.003203,312.24, 426.5080
114614,7.4067,0.003224,310.16, 426.5016
114615,7.4099,0.003088,323.80, 426.5019
114616,7.4131,0.003160,316.45, 426.5016
114617,7.4163,0.003076,325.06, 426.5016
114618,7.4197,0.003382,295.69, 426.5022
114619,7.4231,0.003583,279.09, 426.5016
114620,7.4265,0.003305,302.60, 426.5016
114621,7.4297,0.003331,300.17, 426.5051
114622,7.4331,0.003237,308.97, 426.5016
114623,7.4365,0.003593,278.30, 426.5016
114624,7.4402,0.003628,275.61, 426.5016
114625,7.4438,0.003599,277.87, 426.5016
114626,7.4473,0.003534,283.00, 426.5020
114627,7.4507,0.003291,303.83, 426.5022
114628,7.4539,0.003179,314.58, 426.5022
114629,7.4570,0.003153,317.18, 426.5016
114630,7.4600,0.003067,326.05, 426.5016
114631,7.4631,0.003097,322.88, 426.5019
114632,7.4663,0.003099,322.73, 426.5016
114633,7.4695,0.003151,317.38, 426.5016
114634,7.4724,0.003080,324.69, 426.5022
114635,7.4758,0.003353,298.27, 426.5022
114636,7.4790,0.003235,309.17, 426.5016
114637,7.4822,0.003194,313.09, 426.5016
114638,7.4854,0.003161,316.36, 426.5016
114639,7.4885,0.003154,317.11, 426.5022
114640,7.4917,0.003236,308.99, 426.5016
114641,7.4949,0.003111,321.40, 426.5016
114642,7.4980,0.003191,313.43, 426.5016
114643,7.5012,0.003125,320.01, 426.5022
114644,7.5044,0.003192,313.28, 426.5016
114645,7.5076,0.003145,318.01, 426.5016
114646,7.5107,0.003187,313.82, 426.5016
114647,7.5139,0.003118,320.70, 426.5022
114648,7.5171,0.003273,305.49, 426.5016
114649,7.5203,0.003134,319.12, 426.5016
114650,7.5234,0.003100,322.58, 426.5016
114651,7.5266,0.003126,319.94, 426.5022
114652,7.5298,0.003172,315.26, 426.5016
114653,7.5327,0.003135,319.03, 426.5016
114654,7.5359,0.003138,318.64, 426.5016
114655,7.5391,0.003177,314.77, 426.5022
114656,7.5422,0.003167,315.78, 426.5016
114657,7.5454,0.003158,316.64, 426.5016
114658,7.5486,0.003131,319.40, 426.5016
114659,7.5518,0.003172,315.23, 426.5016
114660,7.5549,0.003142,318.30, 426.5016
114661,7.5581,0.003181,314.34, 426.5016
114662,7.5613,0.003205,312.00, 426.5016
114663,7.5645,0.003155,316.97, 426.5016
114664,7.5674,0.003043,328.59, 426.5022
114665,7.5706,0.003158,316.68, 426.5016
114666,7.5737,0.003079,324.78, 426.5016
114667,7.5769,0.003173,315.18, 426.5019
114668,7.5801,0.003057,327.12, 426.5016
114669,7.5833,0.003190,313.46, 426.5016
114670,7.5862,0.003060,326.80, 426.5016
114671,7.5894,0.003232,309.45, 426.5016
114672,7.5925,0.003071,325.65, 426.5016
114673,7.5957,0.003223,310.28, 426.5016
114674,7.5991,0.003354,298.12, 426.5016
114675,7.6023,0.003189,313.58, 426.5016
114676,7.6055,0.003111,321.45, 426.5016
114677,7.6086,0.003191,313.42, 426.5019
114678,7.6118,0.003193,313.16, 426.5016
114679,7.6150,0.003146,317.90, 426.5016
114680,7.6179,0.003094,323.21, 426.5041
114681,7.6211,0.003163,316.17, 426.5016
114682,7.6243,0.003111,321.45, 426.5022
114683,7.6274,0.003124,320.08, 426.5019
114684,7.6306,0.003129,319.61, 426.5016
114685,7.6335,0.003102,322.33, 426.5022
114686,7.6367,0.003176,314.89, 426.5016
114687,7.6399,0.003178,314.62, 426.5022
114688,7.6431,0.003187,313.75, 426.5016
114689,7.6462,0.003109,321.64, 426.5022
114690,7.6494,0.003171,315.34, 426.5016
114691,7.6526,0.003168,315.62, 426.5019
114692,7.6558,0.003162,316.27, 426.5016
114693,7.6589,0.003092,323.46, 426.5016
114694,7.6621,0.003146,317.91, 426.5016
114695,7.6650,0.003094,323.25, 426.5019
114696,7.6682,0.003199,312.58, 426.5016
114697,7.6716,0.003218,310.78, 426.5016
114698,7.6748,0.003218,310.76, 426.5016
114699,7.6780,0.003149,317.58, 426.5016
114700,7.6812,0.003193,313.20, 426.5016
114701,7.6843,0.003111,321.49, 426.5016
114702,7.6875,0.003174,315.09, 426.5016
114703,7.6907,0.003205,311.98, 426.5019
114704,7.6938,0.003157,316.73, 426.5016
114705,7.6970,0.003168,315.67, 426.5016
114706,7.7000,0.003126,319.92, 426.5016
114707,7.7031,0.003119,320.62, 426.5016
114708,7.7063,0.003137,318.82, 426.5016
114709,7.7095,0.003096,323.01, 426.5016
114710,7.7124,0.003112,321.33, 426.5016
114711,7.7156,0.003123,320.24, 426.5016
114712,7.7188,0.003238,308.82, 426.5019
114713,7.7219,0.003129,319.56, 426.5016
114714,7.7251,0.003064,326.42, 426.5022
114715,7.7283,0.003140,318.51, 426.5016
114716,7.7312,0.003092,323.46, 426.5019
114717,7.7344,0.003153,317.13, 426.5016
114718,7.7375,0.003135,318.99, 426.5016
114719,7.7407,0.003238,308.83, 426.5016
114720,7.7439,0.003055,327.31, 426.5016
114721,7.7471,0.003173,315.12, 426.5016
114722,7.7502,0.003096,323.00, 426.5016
114723,7.7534,0.003164,316.02, 426.5016
114724,7.7563,0.003087,323.96, 426.5016
114725,7.7595,0.003138,318.63, 426.5016
114726,7.7627,0.003095,323.06, 426.5016
114727,7.7659,0.003267,306.09, 426.5022
114728,7.7693,0.003277,305.13, 426.5016
114729,7.7725,0.003395,294.58, 426.5016
114730,7.7759,0.003383,295.62, 426.5016
114731,7.7791,0.003193,313.21, 426.5022
114732,7.7822,0.003194,313.09, 426.5016
114733,7.7854,0.003166,315.86, 426.5016
114734,7.7886,0.003073,325.37, 426.5016
114735,7.7917,0.003053,327.55, 426.5020
114736,7.7947,0.003083,324.39, 426.5016
114737,7.7979,0.003256,307.15, 426.5016
114738,7.8013,0.003210,311.50, 426.5016
114739,7.8042,0.003113,321.24, 426.5016
114740,7.8074,0.003137,318.82, 426.5016
114741,7.8105,0.003059,326.90, 426.5016
114742,7.8137,0.003188,313.68, 426.5016
114743,7.8167,0.003085,324.17, 426.5022
114744,7.8198,0.003152,317.25, 426.5016
114745,7.8230,0.003085,324.11, 426.5016
114746,7.8262,0.003143,318.17, 426.5016
114747,7.8293,0.003128,319.71, 426.5019
114748,7.8325,0.003175,315.01, 426.5016
114749,7.8354,0.003112,321.31, 426.5016
114750,7.8386,0.003167,315.80, 426.5016
114751,7.8418,0.003095,323.06, 426.5022
114752,7.8450,0.003222,310.38, 426.5016
114753,7.8481,0.003172,315.22, 426.5016
114754,7.8516,0.003242,308.41, 426.5016
114755,7.8545,0.003121,320.43, 426.5016
114756,7.8577,0.003197,312.79, 426.5016
114757,7.8608,0.003187,313.74, 426.5016
114758,7.8640,0.003149,317.60, 426.5019
114759,7.8674,0.003253,307.45, 426.5016
114760,7.8706,0.003142,318.30, 426.5016
114761,7.8738,0.003175,314.92, 426.5016
114762,7.8770,0.003227,309.90, 426.5019
114763,7.8801,0.003135,318.94, 426.5016
114764,7.8831,0.003074,325.28, 426.5016
114765,7.8865,0.003466,288.55, 426.5016
114766,7.8899,0.003236,309.03, 426.5016
114767,7.8931,0.003256,307.09, 426.5016
114768,7.8962,0.003098,322.81, 426.5016
114769,7.8994,0.003191,313.38, 426.5016
114770,7.9023,0.003087,323.91, 426.5019
114771,7.9058,0.003197,312.82, 426.5016
114772,7.9087,0.003109,321.62, 426.5016
114773,7.9119,0.003135,318.95, 426.5016
114774,7.9150,0.003049,328.03, 426.5022
114775,7.9182,0.003167,315.79, 426.5022
114776,7.9214,0.003167,315.78, 426.5016
114777,7.9243,0.003147,317.73, 426.5016
114778,7.9275,0.003114,321.09, 426.5016
114779,7.9307,0.003134,319.09, 426.5016
114780,7.9338,0.003101,322.45, 426.5016
114781,7.9370,0.003236,309.05, 426.5016
114782,7.9402,0.003121,320.40, 426.5016
114783,7.9431,0.003099,322.72, 426.5019
114784,7.9463,0.003087,323.93, 426.5016
114785,7.9495,0.003123,320.19, 426.5016
114786,7.9526,0.003121,320.40, 426.5016
114787,7.9556,0.003119,320.57, 426.5016
114788,7.9587,0.003137,318.78, 426.5016
114789,7.9619,0.003107,321.88, 426.5016
114790,7.9651,0.003179,314.57, 426.5016
114791,7.9685,0.003330,300.33, 426.5022
114792,7.9717,0.003153,317.15, 426.5016
114793,7.9746,0.003053,327.58, 426.5016
114794,7.9778,0.003153,317.15, 426.5016
114795,7.9810,0.003097,322.88, 426.5019
114796,7.9841,0.003150,317.51, 426.5016
114797,7.9871,0.003138,318.63, 426.5016
114798,7.9902,0.003138,318.64, 426.5016
114799,7.9934,0.003080,324.63, 426.5016
114800,7.9966,0.003194,313.09, 426.5019
114801,7.9998,0.003141,318.39, 426.5019
114802,8.0029,0.003219,310.66, 426.5016
114803,8.0061,0.003177,314.77, 426.5022
114804,8.0093,0.003162,316.22, 426.5016
114805,8.0127,0.003355,298.05, 426.5019
114806,8.0159,0.003199,312.57, 426.5016
114807,8.0190,0.003085,324.13, 426.5140
114808,8.0222,0.003246,308.06, 426.5016
114809,8.0251,0.003085,324.14, 426.5016
114810,8.0283,0.003129,319.64, 426.5022
114811,8.0315,0.003115,321.07, 426.5016
114812,8.0347,0.003100,322.59, 426.5022
114813,8.0378,0.003131,319.37, 426.5016
114814,8.0408,0.003123,320.17, 426.5022
114815,8.0439,0.003145,317.98, 426.5016
114816,8.0471,0.003147,317.77, 426.5016
114817,8.0503,0.003122,320.34, 426.5134
114818,8.0535,0.003122,320.31, 426.5016
114819,8.0566,0.003139,318.61, 426.5016
114820,8.0596,0.003074,325.30, 426.5019
114821,8.0627,0.003179,314.52, 426.5016
114822,8.0659,0.003117,320.82, 426.5016
114823,8.0691,0.003164,316.03, 426.5016
114824,8.0723,0.003104,322.14, 426.5016
114825,8.0752,0.003129,319.57, 426.5016
114826,8.0786,0.003356,298.00, 426.5016
114827,8.0820,0.003420,292.37, 426.5016
114828,8.0852,0.003147,317.72, 426.5022
114829,8.0884,0.003226,310.01, 426.5016
114830,8.0916,0.003163,316.19, 426.5016
114831,8.0947,0.003233,309.32, 426.5016
114832,8.0981,0.003212,311.31, 426.5022
114833,8.1013,0.003210,311.54, 426.5016
114834,8.1045,0.003147,317.78, 426.5016
114835,8.1074,0.003111,321.42, 426.5016
114836,8.1106,0.003090,323.61, 426.5016
114837,8.1138,0.003142,318.30, 426.5016
114838,8.1169,0.003132,319.28, 426.5016
114839,8.1201,0.003129,319.62, 426.5016
114840,8.1230,0.003104,322.16, 426.5016
114841,8.1262,0.003088,323.80, 426.5016
114842,8.1294,0.003181,314.37, 426.5022
114843,8.1326,0.003089,323.75, 426.5016
114844,8.1357,0.003157,316.77, 426.5016
114845,8.1389,0.003167,315.75, 426.5022
114846,8.1418,0.003138,318.67, 426.5022
114847,8.1450,0.003080,324.73, 426.5019
114848,8.1482,0.003134,319.13, 426.5016
114849,8.1511,0.003086,324.05, 426.5016
114850,8.1545,0.003187,313.81, 426.5016
114851,8.1575,0.003142,318.24, 426.5016
114852,8.1606,0.003179,314.59, 426.5016
114853,8.1638,0.003083,324.40, 426.5016
114854,8.1670,0.003168,315.68, 426.5016
114855,8.1702,0.003092,323.43, 426.5019
114856,8.1733,0.003212,311.33, 426.5016
114857,8.1765,0.003097,322.85, 426.5016
114858,8.1797,0.003186,313.87, 426.5016
114859,8.1826,0.003110,321.54, 426.5016
114860,8.1860,0.003262,306.54, 426.5016
114861,8.1892,0.003245,308.13, 426.5016
114862,8.1924,0.003153,317.18, 426.5016
114863,8.1956,0.003181,314.33, 426.5022
114864,8.1987,0.003149,317.61, 426.5022
114865,8.2019,0.003238,308.85, 426.5016
114866,8.2051,0.003275,305.32, 426.5016
114867,8.2085,0.003237,308.95, 426.5016
114868,8.2114,0.003064,326.41, 426.5016
114869,8.2146,0.003138,318.66, 426.5019
114870,8.2180,0.003329,300.38, 426.5022
114871,8.2214,0.003573,279.86, 426.5019
114872,8.2246,0.003116,320.93, 426.5016
114873,8.2278,0.003185,313.99, 426.5016
114874,8.2310,0.003095,323.12, 426.5019
114875,8.2341,0.003177,314.77, 426.5016
114876,8.2373,0.003173,315.12, 426.5016
114877,8.2405,0.003175,314.98, 426.5016
114878,8.2437,0.003174,315.10, 426.5016
114879,8.2468,0.003194,313.11, 426.5019
114880,8.2500,0.003175,314.93, 426.5094
114881,8.2532,0.003170,315.51, 426.5016
114882,8.2563,0.003113,321.22, 426.5022
114883,8.2595,0.003226,310.01, 426.5016
114884,8.2627,0.003119,320.60, 426.5016
114885,8.2659,0.003250,307.70, 426.5016
114886,8.2690,0.003249,307.80, 426.5016
114887,8.2722,0.003093,323.35, 426.5022
114888,8.2754,0.003131,319.39, 426.5016
114889,8.2786,0.003130,319.48, 426.5022
114890,8.2817,0.003212,311.38, 426.5016
114891,8.2847,0.003075,325.21, 426.5019
114892,8.2878,0.003175,315.01, 426.5016
114893,8.2910,0.003118,320.77, 426.5041
114894,8.2942,0.003212,311.31, 426.5016
114895,8.2974,0.003211,311.43, 426.5019
114896,8.3008,0.003249,307.79, 426.5016
114897,8.3040,0.003156,316.89, 426.5016
114898,8.3071,0.003181,314.34, 426.5016
114899,8.3101,0.003108,321.73, 426.5019
114900,8.3135,0.003209,311.66, 426.5016
114901,8.3164,0.003143,318.14, 426.5016
114902,8.3198,0.003203,312.20, 426.5016
114903,8.3228,0.003110,321.51, 426.5022
114904,8.3259,0.003146,317.91, 426.5016
114905,8.3291,0.003133,319.14, 426.5016
114906,8.3323,0.003099,322.67, 426.5019
114907,8.3352,0.003102,322.33, 426.5016
114908,8.3386,0.003240,308.67, 426.5016
114909,8.3418,0.003242,308.45, 426.5016
114910,8.3452,0.003386,295.31, 426.5019
114911,8.3484,0.003318,301.37, 426.5020
114912,8.3516,0.003059,326.95, 426.5019
114913,8.3547,0.003182,314.30, 426.5022
114914,8.3579,0.003244,308.26, 426.5016
114915,8.3611,0.003204,312.09, 426.5016
114916,8.3643,0.003173,315.16, 426.5016
114917,8.3674,0.003178,314.67, 426.5016
114918,8.3706,0.003088,323.87, 426.5022
114919,8.3738,0.003157,316.72, 426.5016
114920,8.3770,0.003063,326.50, 426.5016
114921,8.3799,0.003132,319.28, 426.5016
114922,8.3831,0.003058,326.98, 426.5016
114923,8.3862,0.003163,316.18, 426.5016
114924,8.3894,0.003233,309.35, 426.5016
114925,8.3926,0.003142,318.29, 426.5080
114926,8.3958,0.003135,319.03, 426.5016
114927,8.3989,0.003168,315.67, 426.5022
114928,8.4019,0.003095,323.12, 426.5016
114929,8.4053,0.003270,305.83, 426.5016
114930,8.4084,0.003242,308.45, 426.5016
114931,8.4116,0.003206,311.89, 426.5016
114932,8.4148,0.003150,317.46, 426.5016
114933,8.4180,0.003101,322.52, 426.5019
114934,8.4216,0.003733,267.87, 426.5016
114935,8.4253,0.003548,281.82, 426.5016
114936,8.4287,0.003424,292.10, 426.5016
114937,8.4321,0.003388,295.19, 426.5016
114938,8.4355,0.003441,290.59, 426.5016
114939,8.4395,0.003861,259.02, 426.5016
114940,8.4431,0.003865,258.71, 426.5022
114941,8.4470,0.003783,264.33, 426.5016
114942,8.4502,0.003205,312.05, 426.5016
114943,8.4534,0.003282,304.72, 426.5022
114944,8.4568,0.003207,311.79, 426.5016
114945,8.4600,0.003265,306.27, 426.5016
114946,8.4631,0.003133,319.15, 426.5016
114947,8.4663,0.003153,317.20, 426.5016
114948,8.4695,0.003173,315.14, 426.5019
114949,8.4727,0.003150,317.45, 426.5019
114950,8.4756,0.003147,317.75, 426.5016
114951,8.4788,0.003161,316.36, 426.5016
114952,8.4819,0.003147,317.78, 426.5016
114953,8.4851,0.003151,317.36, 426.5016
114954,8.4883,0.003186,313.83, 426.5016
114955,8.4915,0.003179,314.55, 426.5019
114956,8.4946,0.003154,317.04, 426.5016
114957,8.4978,0.003098,322.83, 426.5016
114958,8.5010,0.003251,307.64, 426.5016
114959,8.5042,0.003135,318.95, 426.5022
114960,8.5073,0.003181,314.39, 426.5022
114961,8.5105,0.003191,313.38, 426.5016
114962,8.5137,0.003169,315.56, 426.5016
114963,8.5171,0.003291,303.91, 426.5016
114964,8.5203,0.003262,306.57, 426.5016
114965,8.5234,0.003110,321.55, 426.5016
114966,8.5266,0.003142,318.25, 426.5022
114967,8.5295,0.003138,318.68, 426.5016
114968,8.5327,0.003124,320.08, 426.5019
114969,8.5361,0.003433,291.26, 426.5016
114970,8.5393,0.003144,318.12, 426.5016
114971,8.5425,0.003128,319.69, 426.5016
114972,8.5457,0.003097,322.89, 426.5016
114973,8.5488,0.003213,311.26, 426.5016
114974,8.5520,0.003149,317.53, 426.5016
114975,8.5552,0.003209,311.60, 426.5016
114976,8.5584,0.003141,318.36, 426.5016
114977,8.5615,0.003207,311.84, 426.5016
114978,8.5647,0.003172,315.26, 426.5016
114979,8.5679,0.003203,312.25, 426.5016
114980,8.5710,0.003139,318.53, 426.5016
114981,8.5742,0.003142,318.23, 426.5016
114982,8.5774,0.003142,318.27, 426.5016
114983,8.5806,0.003203,312.20, 426.5089
114984,8.5835,0.003066,326.15, 426.5065
114985,8.5867,0.003226,309.94, 426.5016
114986,8.5898,0.003154,317.10, 426.5016
114987,8.5933,0.003230,309.65, 426.5016
114988,8.5967,0.003608,277.20, 426.5016
114989,8.6001,0.003307,302.37, 426.5016
114990,8.6033,0.003131,319.37, 426.5016
114991,8.6064,0.003127,319.79, 426.5022
114992,8.6096,0.003220,310.54, 426.5016
114993,8.6128,0.003212,311.32, 426.5016
114994,8.6160,0.003190,313.45, 426.5016
114995,8.6191,0.003118,320.68, 426.5022
114996,8.6223,0.003133,319.23, 426.5016
114997,8.6252,0.003131,319.44, 426.5016
114998,8.6287,0.003203,312.25, 426.5016
114999,8.6316,0.003087,323.92, 426.5016
115000,8.6348,0.003191,313.42, 426.5016
115001,8.6379,0.003194,313.11, 426.5016
115002,8.6414,0.003247,307.99, 426.5016
115003,8.6443,0.003106,321.92, 426.5016
115004,8.6475,0.003184,314.10, 426.5016
115005,8.6506,0.003085,324.20, 426.5022
115006,8.6538,0.003246,308.10, 426.5019
115007,8.6572,0.003297,303.35, 426.5016
115008,8.6604,0.003157,316.75, 426.5016
115009,8.6636,0.003135,318.96, 426.5016
115010,8.6667,0.003154,317.08, 426.5016
115011,8.6699,0.003202,312.34, 426.5016
115012,8.6731,0.003255,307.21, 426.5019
115013,8.6763,0.003199,312.60, 426.5016
115014,8.6794,0.003132,319.25, 426.5016
115015,8.6826,0.003194,313.14, 426.5016
115016,8.6858,0.003125,319.97, 426.5019
115017,8.6892,0.003361,297.52, 426.5022
115018,8.6924,0.003199,312.63, 426.5022
115019,8.6956,0.003202,312.30, 426.5016
115020,8.6987,0.003155,316.95, 426.5016
115021,8.7019,0.003234,309.23, 426.5016
115022,8.7053,0.003532,283.13, 426.5016
115023,8.7085,0.003136,318.88, 426.5019
115024,8.7117,0.003154,317.11, 426.5016
115025,8.7148,0.003202,312.28, 426.5016
115026,8.7180,0.003218,310.73, 426.5016
115027,8.7214,0.003250,307.71, 426.5016
115028,8.7244,0.003098,322.82, 426.5016
115029,8.7275,0.003113,321.20, 426.5016
115030,8.7307,0.003174,315.04, 426.5019
115031,8.7339,0.003111,321.44, 426.5016
115032,8.7371,0.003183,314.18, 426.5016
115033,8.7402,0.003118,320.69, 426.5019
115034,8.7434,0.003148,317.63, 426.5016
115035,8.7463,0.003121,320.43, 426.5016
115036,8.7498,0.003190,313.44, 426.5016
115037,8.7527,0.003143,318.16, 426.5016
115038,8.7559,0.003197,312.82, 426.5019
115039,8.7590,0.003125,320.03, 426.5022
115040,8.7622,0.003114,321.18, 426.5016
115041,8.7654,0.003147,317.77, 426.5022
115042,8.7686,0.003263,306.43, 426.5016
115043,8.7717,0.003123,320.22, 426.5016
115044,8.7749,0.003195,313.03, 426.5016
115045,8.7781,0.003110,321.56, 426.5016
115046,8.7813,0.003173,315.17, 426.5022
115047,8.7844,0.003086,324.09, 426.5016
115048,8.7874,0.003159,316.56, 426.5016
115049,8.7905,0.003151,317.35, 426.5016
115050,8.7937,0.003117,320.87, 426.5016
115051,8.7969,0.003169,315.59, 426.5022
115052,8.8000,0.003258,306.91, 426.5016
115053,8.8032,0.003125,320.00, 426.5016
115054,8.8066,0.003238,308.82, 426.5016
115055,8.8096,0.003124,320.15, 426.5016
115056,8.8127,0.003110,321.58, 426.5016
115057,8.8159,0.003171,315.33, 426.5016
115058,8.8191,0.003191,313.41, 426.5016
115059,8.8223,0.003136,318.86, 426.5016
115060,8.8254,0.003065,326.32, 426.5016
115061,8.8284,0.003140,318.49, 426.5016
115062,8.8315,0.003096,323.02, 426.5016
115063,8.8347,0.003164,316.09, 426.5019
115064,8.8379,0.003112,321.36, 426.5016
115065,8.8411,0.003122,320.35, 426.5016
115066,8.8440,0.003119,320.61, 426.5019
115067,8.8472,0.003207,311.85, 426.5016
115068,8.8503,0.003116,320.88, 426.5016
115069,8.8535,0.003137,318.77, 426.5019
115070,8.8567,0.003159,316.58, 426.5016
115071,8.8599,0.003258,306.95, 426.5041
115072,8.8633,0.003298,303.24, 426.5016
115073,8.8665,0.003215,311.05, 426.5016
115074,8.8696,0.003175,315.01, 426.5016
115075,8.8728,0.003170,315.44, 426.5016
115076,8.8760,0.003120,320.55, 426.5022
115077,8.8792,0.003211,311.43, 426.5016
115078,8.8823,0.003081,324.55, 426.5164
115079,8.8855,0.003174,315.03, 426.5019
115080,8.8884,0.003118,320.75, 426.5016
115081,8.8916,0.003115,321.05, 426.5019
115082,8.8948,0.003171,315.41, 426.5016
115083,8.8979,0.003148,317.68, 426.5019
115084,8.9011,0.003161,316.39, 426.5016
115085,8.9041,0.003064,326.34, 426.5016
115086,8.9072,0.003143,318.18, 426.5016
115087,8.9104,0.003150,317.42, 426.5016
115088,8.9136,0.003133,319.21, 426.5016
115089,8.9167,0.003147,317.78, 426.5016
115090,8.9202,0.003374,296.41, 426.5016
115091,8.9231,0.003098,322.80, 426.5022
115092,8.9265,0.003191,313.35, 426.5016
115093,8.9294,0.003063,326.48, 426.5016
115094,8.9326,0.003152,317.30, 426.5016
115095,8.9355,0.003041,328.85, 426.5016
115096,8.9387,0.003175,314.94, 426.5016
115097,8.9419,0.003114,321.16, 426.5016
115098,8.9451,0.003121,320.41, 426.5016
115099,8.9482,0.003072,325.56, 426.5022
115100,8.9514,0.003155,316.94, 426.5016
115101,8.9543,0.003113,321.26, 426.5016
115102,8.9575,0.003200,312.47, 426.5016
115103,8.9609,0.003219,310.62, 426.5016
115104,8.9641,0.003161,316.36, 426.5016
115105,8.9673,0.003216,310.99, 426.5016
115106,8.9705,0.003165,315.99, 426.5022
115107,8.9734,0.003130,319.47, 426.5022
115108,8.9766,0.003115,321.07, 426.5016
115109,8.9797,0.003138,318.68, 426.5016
115110,8.9829,0.003108,321.73, 426.5016
115111,8.9861,0.003148,317.64, 426.5016
115112,8.9893,0.003188,313.72, 426.5016
115113,8.9924,0.003139,318.62, 426.5016
115114,8.9954,0.003088,323.88, 426.5016
115115,8.9985,0.003174,315.10, 426.5019
115116,9.0017,0.003123,320.19, 426.5022
115117,9.0049,0.003175,314.98, 426.5016
115118,9.0081,0.003111,321.44, 426.5016
115119,9.0112,0.003135,319.02, 426.5016
115120,9.0144,0.003171,315.40, 426.5016
115121,9.0176,0.003276,305.23, 426.5016
115122,9.0210,0.003461,288.92, 426.5022
115123,9.0242,0.003157,316.77, 426.5019
115124,9.0273,0.003101,322.49, 426.5016
115125,9.0305,0.003203,312.25, 426.5016
115126,9.0337,0.003202,312.31, 426.5016
115127,9.0371,0.003377,296.09, 426.5016
115128,9.0403,0.003195,312.98, 426.5016
115129,9.0435,0.003092,323.46, 426.5019
115130,9.0466,0.003133,319.18, 426.5016
115131,9.0496,0.003165,315.99, 426.5022
115132,9.0530,0.003191,313.34, 426.5016
115133,9.0559,0.003127,319.83, 426.5016
115134,9.0591,0.003185,314.00, 426.5016
115135,9.0623,0.003107,321.84, 426.5022
115136,9.0654,0.003221,310.51, 426.5016
115137,9.0686,0.003120,320.51, 426.5016
115138,9.0718,0.003255,307.24, 426.5016
115139,9.0750,0.003185,313.95, 426.5016
115140,9.0781,0.003177,314.80, 426.5016
115141,9.0813,0.003085,324.14, 426.5016
115142,9.0845,0.003195,312.98, 426.5016
115143,9.0876,0.003115,320.99, 426.5016
115144,9.0908,0.003189,313.63, 426.5016
115145,9.0940,0.003049,328.02, 426.5016
115146,9.0974,0.003446,290.23, 426.5016
115147,9.1008,0.003450,289.87, 426.5016
115148,9.1040,0.003260,306.74, 426.5022
115149,9.1072,0.003105,322.10, 426.5016
115150,9.1104,0.003172,315.23, 426.5019
115151,9.1135,0.003150,317.50, 426.5016
115152,9.1167,0.003135,318.96, 426.5016
115153,9.1199,0.003282,304.69, 426.5016
115154,9.1230,0.003152,317.23, 426.5041
115155,9.1262,0.003189,313.54, 426.5016
115156,9.1294,0.003123,320.24, 426.5016
115157,9.1323,0.003084,324.25, 426.5016
115158,9.1355,0.003074,325.30, 426.5016
115159,9.1387,0.003128,319.67, 426.5019
115160,9.1416,0.003053,327.58, 426.5019
115161,9.1448,0.003132,319.31, 426.5016
115162,9.1479,0.003103,322.25, 426.5019
115163,9.1511,0.003161,316.40, 426.5022
115164,9.1541,0.003059,326.90, 426.5016
115165,9.1572,0.003121,320.45, 426.5019
115166,9.1604,0.003042,328.75, 426.5041
115167,9.1633,0.003133,319.17, 426.5016
115168,9.1665,0.003064,326.41, 426.5019
115169,9.1697,0.003156,316.86, 426.5016
115170,9.1726,0.003043,328.58, 426.5019
115171,9.1758,0.003133,319.22, 426.5019
115172,9.1790,0.003130,319.50, 426.5016
115173,9.1821,0.003149,317.52, 426.5016
115174,9.1851,0.003025,330.61, 426.5164
115175,9.1882,0.003081,324.57, 426.5200
115176,9.1914,0.003304,302.67, 426.5016
115177,9.1948,0.003277,305.20, 426.5016
115178,9.1980,0.003199,312.60, 426.5016
115179,9.2012,0.003116,320.97, 426.5019
115180,9.2043,0.003128,319.67, 426.5016
115181,9.2075,0.003197,312.81, 426.5016
115182,9.2109,0.003478,287.52, 426.5020
115183,9.2141,0.003108,321.78, 426.5019
115184,9.2173,0.003233,309.29, 426.5016
115185,9.2205,0.003092,323.37, 426.5016
115186,9.2236,0.003343,299.11, 426.5016
115187,9.2268,0.003114,321.09, 426.5022
115188,9.2300,0.003121,320.38, 426.5016
115189,9.2329,0.003011,332.14, 426.5016
115190,9.2361,0.003140,318.43, 426.5016
115191,9.2393,0.003089,323.70, 426.5016
115192,9.2422,0.003134,319.06, 426.5016
115193,9.2454,0.003028,330.24, 426.5016
115194,9.2485,0.003120,320.47, 426.5016
115195,9.2515,0.003008,332.45, 426.5016
115196,9.2546,0.003156,316.85, 426.5016
115197,9.2576,0.003071,325.68, 426.5019
115198,9.2607,0.003149,317.52, 426.5016
115199,9.2639,0.003058,326.97, 426.5019
115200,9.2671,0.003253,307.40, 426.5016
115201,9.2703,0.003205,312.03, 426.5016
115202,9.2737,0.003327,300.61, 426.5016
115203,9.2769,0.003174,315.02, 426.5016
115204,9.2800,0.003193,313.19, 426.5016
115205,9.2832,0.003063,326.43, 426.5085
115206,9.2864,0.003188,313.70, 426.5016
115207,9.2893,0.003107,321.88, 426.5016
115208,9.2925,0.003070,325.73, 426.5019
115209,9.2954,0.003066,326.21, 426.5016
115210,9.2986,0.003131,319.37, 426.5022
115211,9.3018,0.003216,310.99, 426.5016
115212,9.3049,0.003171,315.41, 426.5016
115213,9.3081,0.003119,320.66, 426.5016
115214,9.3113,0.003077,325.01, 426.5016
115215,9.3145,0.003129,319.55, 426.5022
115216,9.3176,0.003166,315.87, 426.5016
115217,9.3208,0.003159,316.58, 426.5016
115218,9.3237,0.003145,317.94, 426.5016
115219,9.3269,0.003146,317.90, 426.5016
115220,9.3301,0.003081,324.55, 426.5022
115221,9.3333,0.003132,319.27, 426.5016
115222,9.3362,0.003062,326.56, 426.5016
115223,9.3394,0.003206,311.94, 426.5022
115224,9.3425,0.003067,326.01, 426.5016
115225,9.3457,0.003177,314.73, 426.5019
115226,9.3489,0.003138,318.63, 426.5019
115227,9.3521,0.003177,314.80, 426.5016
115228,9.3552,0.003103,322.27, 426.5016
115229,9.3584,0.003165,315.94, 426.5016
115230,9.3613,0.003129,319.61, 426.5016
115231,9.3647,0.003212,311.30, 426.5019
115232,9.3679,0.003279,304.97, 426.5016
115233,9.3711,0.003176,314.83, 426.5016
115234,9.3743,0.003165,315.98, 426.5016
115235,9.3774,0.003143,318.14, 426.5019
115236,9.3806,0.003227,309.90, 426.5016
115237,9.3838,0.003129,319.58, 426.5016
115238,9.3870,0.003154,317.10, 426.5016
115239,9.3901,0.003210,311.56, 426.5016
115240,9.3933,0.003099,322.66, 426.5016
115241,9.3965,0.003269,305.92, 426.5016
115242,9.3997,0.003270,305.78, 426.5016
115243,9.4028,0.003049,328.01, 426.5022
115244,9.4060,0.003245,308.15, 426.5016
115245,9.4092,0.003171,315.34, 426.5016
115246,9.4133,0.004045,247.22, 426.5016
115247,9.4165,0.003328,300.46, 426.5016
115248,9.4199,0.003405,293.66, 426.5016
115249,9.4236,0.003510,284.93, 426.5016
115250,9.4272,0.003655,273.61, 426.5016
115251,9.4307,0.003607,277.23, 426.5016
115252,9.4341,0.003326,300.67, 426.5016
115253,9.4375,0.003305,302.56, 426.5016
115254,9.4407,0.003219,310.65, 426.5016
115255,9.4438,0.003197,312.80, 426.5016
115256,9.4470,0.003185,313.99, 426.5016
115257,9.4502,0.003192,313.28, 426.5016
115258,9.4534,0.003145,317.99, 426.5016
115259,9.4565,0.003288,304.11, 426.5016
115260,9.4597,0.003190,313.45, 426.5016
115261,9.4629,0.003118,320.72, 426.5016
115262,9.4661,0.003165,315.98, 426.5016
115263,9.4692,0.003138,318.67, 426.5019
115264,9.4724,0.003211,311.42, 426.5022
115265,9.4756,0.003153,317.16, 426.5016
115266,9.4788,0.003177,314.80, 426.5016
115267,9.4819,0.003083,324.38, 426.5016
115268,9.4851,0.003162,316.31, 426.5016
115269,9.4880,0.003052,327.69, 426.5170
115270,9.4912,0.003135,319.03, 426.5019
115271,9.4944,0.003117,320.78, 426.5016
115272,9.4976,0.003172,315.25, 426.5016
115273,9.5005,0.003077,324.98, 426.5016
115274,9.5037,0.003174,315.05, 426.5016
115275,9.5068,0.003172,315.31, 426.5016
115276,9.5103,0.003209,311.61, 426.5016
115277,9.5132,0.003068,325.92, 426.5016
115278,9.5164,0.003131,319.35, 426.5016
115279,9.5195,0.003105,322.09, 426.5016
115280,9.5227,0.003210,311.52, 426.5016
115281,9.5259,0.003304,302.67, 426.5022
115282,9.5291,0.003201,312.40, 426.5016
115283,9.5322,0.003160,316.43, 426.5016
115284,9.5356,0.003220,310.55, 426.5016
115285,9.5388,0.003269,305.90, 426.5016
115286,9.5420,0.003123,320.17, 426.5016
115287,9.5449,0.003086,324.10, 426.5041
115288,9.5481,0.003130,319.49, 426.5016
115289,9.5515,0.003291,303.82, 426.5016
115290,9.5547,0.003254,307.33, 426.5016
115291,9.5579,0.003202,312.35, 426.5016
115292,9.5610,0.003063,326.46, 426.5019
115293,9.5642,0.003178,314.65, 426.5016
115294,9.5671,0.003077,325.04, 426.5019
115295,9.5703,0.003184,314.04, 426.5016
115296,9.5735,0.003097,322.88, 426.5016
115297,9.5767,0.003193,313.15, 426.5016
115298,9.5798,0.003119,320.62, 426.5019
115299,9.5830,0.003166,315.82, 426.5016
115300,9.5859,0.003090,323.68, 426.5016
115301,9.5894,0.003194,313.09, 426.5016
115302,9.5923,0.003085,324.14, 426.5016
115303,9.5955,0.003103,322.29, 426.5019
115304,9.5989,0.003360,297.65, 426.5022
115305,9.6021,0.003201,312.44, 426.5016
115306,9.6050,0.003070,325.74, 426.5016
115307,9.6082,0.003131,319.42, 426.5019
115308,9.6113,0.003061,326.73, 426.5016
115309,9.6145,0.003136,318.89, 426.5016
115310,9.6177,0.003174,315.06, 426.5016
115311,9.6206,0.003144,318.04, 426.5016
115312,9.6240,0.003191,313.39, 426.5016
115313,9.6270,0.003145,317.93, 426.5016
115314,9.6304,0.003243,308.35, 426.5016
115315,9.6335,0.003148,317.67, 426.5016
115316,9.6367,0.003171,315.35, 426.5016
115317,9.6396,0.003112,321.36, 426.5016
115318,9.6428,0.003123,320.16, 426.5016
115319,9.6462,0.003422,292.27, 426.5016
115320,9.6494,0.003202,312.30, 426.5016
115321,9.6526,0.003037,329.32, 426.5016
115322,9.6558,0.003192,313.26, 426.5016
115323,9.6589,0.003201,312.43, 426.5019
115324,9.6621,0.003205,311.98, 426.5016
115325,9.6653,0.003128,319.65, 426.5016
115326,9.6685,0.003191,313.38, 426.5016
115327,9.6716,0.003153,317.19, 426.5016
115328,9.6748,0.003257,307.01, 426.5016
115329,9.6780,0.003227,309.85, 426.5016
115330,9.6812,0.003159,316.52, 426.5016
115331,9.6843,0.003107,321.87, 426.5016
115332,9.6875,0.003162,316.30, 426.5016
115333,9.6907,0.003140,318.48, 426.5016
115334,9.6938,0.003229,309.68, 426.5019
115335,9.6970,0.003227,309.92, 426.5016
115336,9.7002,0.003108,321.75, 426.5016
115337,9.7034,0.003126,319.93, 426.5016
115338,9.7065,0.003144,318.03, 426.5016
115339,9.7097,0.003172,315.29, 426.5016
115340,9.7129,0.003334,299.94, 426.5016
115341,9.7163,0.003408,293.47, 426.5016
115342,9.7195,0.003190,313.50, 426.5016
115343,9.7229,0.003222,310.40, 426.5016
115344,9.7258,0.003123,320.18, 426.5016
115345,9.7290,0.003180,314.47, 426.5019
115346,9.7322,0.003077,324.99, 426.5016
115347,9.7354,0.003165,315.98, 426.5016
115348,9.7385,0.003151,317.39, 426.5016
115349,9.7417,0.003103,322.26, 426.5016
115350,9.7446,0.003056,327.25, 426.5016
115351,9.7478,0.003080,324.65, 426.5016
115352,9.7507,0.003128,319.68, 426.5016
115353,9.7539,0.003143,318.21, 426.5016
115354,9.7571,0.003128,319.67, 426.5016
115355,9.7603,0.003139,318.60, 426.5016
115356,9.7634,0.003084,324.26, 426.5016
115357,9.7664,0.003118,320.74, 426.5022
115358,9.7695,0.003125,319.96, 426.5016
115359,9.7727,0.003145,317.93, 426.5022
115360,9.7759,0.003176,314.87, 426.5016
115361,9.7791,0.003116,320.92, 426.5022
115362,9.7822,0.003098,322.84, 426.5019
115363,9.7854,0.003197,312.84, 426.5016
115364,9.7886,0.003176,314.86, 426.5016
115365,9.7915,0.003072,325.54, 426.5016
115366,9.7947,0.003165,316.01, 426.5016
115367,9.7979,0.003148,317.67, 426.5016
115368,9.8010,0.003230,309.57, 426.5016
115369,9.8042,0.003091,323.50, 426.5016
115370,9.8074,0.003120,320.48, 426.5016
115371,9.8105,0.003112,321.35, 426.5019
115372,9.8135,0.003152,317.29, 426.5016
115373,9.8167,0.003133,319.15, 426.5023
115374,9.8201,0.003264,306.35, 426.5022
115375,9.8230,0.003081,324.54, 426.5019
115376,9.8262,0.003194,313.07, 426.5016
115377,9.8296,0.003221,310.45, 426.5016
115378,9.8325,0.003161,316.34, 426.5016
115379,9.8357,0.003088,323.82, 426.5050
115380,9.8391,0.003301,302.96, 426.5016
115381,9.8420,0.003126,319.93, 426.5016
115382,9.8452,0.003121,320.40, 426.5016
115383,9.8484,0.003116,320.97, 426.5016
115384,9.8516,0.003122,320.35, 426.5016
115385,9.8545,0.003089,323.76, 426.5016
115386,9.8577,0.003155,316.94, 426.5022
115387,9.8608,0.003154,317.11, 426.5022
115388,9.8640,0.003141,318.38, 426.5016
115389,9.8672,0.003224,310.14, 426.5016
115390,9.8704,0.003204,312.10, 426.5022
115391,9.8735,0.003140,318.47, 426.5016
115392,9.8767,0.003064,326.37, 426.5022
115393,9.8799,0.003280,304.85, 426.5016
115394,9.8833,0.003270,305.80, 426.5016
115395,9.8865,0.003221,310.50, 426.5016
115396,9.8896,0.003086,324.01, 426.5016
115397,9.8926,0.003122,320.34, 426.5016
115398,9.8958,0.003056,327.23, 426.5019
115399,9.8989,0.003207,311.84, 426.5016
115400,9.9021,0.003059,326.89, 426.5016
115401,9.9053,0.003174,315.09, 426.5016
115402,9.9082,0.003147,317.80, 426.5016
115403,9.9116,0.003213,311.20, 426.5022
115404,9.9146,0.003147,317.78, 426.5016
115405,9.9180,0.003255,307.20, 426.5016
115406,9.9211,0.003114,321.11, 426.5016
115407,9.9241,0.003136,318.91, 426.5016
115408,9.9275,0.003204,312.08, 426.5016
115409,9.9307,0.003178,314.67, 426.5016
115410,9.9336,0.003132,319.28, 426.5016
115411,9.9368,0.003146,317.86, 426.5016
115412,9.9399,0.003126,319.87, 426.5016
115413,9.9431,0.003123,320.26, 426.5016
115414,9.9463,0.003125,320.05, 426.5016
115415,9.9492,0.003117,320.79, 426.5016
115416,9.9524,0.003110,321.54, 426.5016
115417,9.9556,0.003103,322.27, 426.5016
115418,9.9587,0.003197,312.83, 426.5016
115419,9.9619,0.003131,319.35, 426.5019
115420,9.9651,0.003145,317.99, 426.5016
115421,9.9680,0.003053,327.51, 426.5016
115422,9.9712,0.003128,319.73, 426.5016
115423,9.9744,0.003063,326.52, 426.5019
115424,9.9775,0.003261,306.68, 426.5016
115425,9.9807,0.003111,321.44, 426.5019
115426,9.9839,0.003187,313.77, 426.5016
115427,9.9868,0.003060,326.80, 426.5016
115428,9.9902,0.003254,307.30, 426.5016
115429,9.9932,0.003141,318.39, 426.5016
115430,9.9963,0.003166,315.86, 426.5016
115431,9.9995,0.003113,321.26, 426.5016
