TotalFrame,Time,DeltaTime,FPS,RAM
115433,0.0000,0.011109,90.02, 426.4838
115434,0.0000,0.011109,90.02, 427.4052
115435,0.0200,0.020000,50.00, 426.5381
115436,0.0234,0.003567,280.38, 426.5565
115437,0.0276,0.004041,247.49, 426.5438
115438,0.0359,0.008290,120.63, 426.5073
115439,0.0391,0.003280,304.92, 426.5071
115440,0.0425,0.003275,305.32, 426.5071
115441,0.0457,0.003229,309.68, 426.5071
115442,0.0488,0.003226,309.98, 426.5077
115443,0.0520,0.003126,319.91, 426.5071
115444,0.0552,0.003208,311.76, 426.5071
115445,0.0583,0.003145,317.94, 426.5074
115446,0.0618,0.003434,291.24, 426.5017
115447,0.0649,0.003184,314.09, 426.5023
115448,0.0681,0.003192,313.25, 426.5017
115449,0.0713,0.003194,313.10, 426.5017
115450,0.0747,0.003357,297.91, 426.5017
115451,0.0779,0.003239,308.75, 426.5125
115452,0.0811,0.003234,309.19, 426.5017
115453,0.0845,0.003264,306.40, 426.5017
115454,0.0876,0.003179,314.53, 426.5020
115455,0.0908,0.003226,309.96, 426.5017
115456,0.0940,0.003266,306.16, 426.5017
115457,0.0972,0.003207,311.85, 426.5017
115458,0.1006,0.003208,311.69, 426.5017
115459,0.1038,0.003215,311.04, 426.5017
115460,0.1069,0.003176,314.89, 426.5017
115461,0.1101,0.003219,310.69, 426.5017
115462,0.1133,0.003183,314.14, 426.5017
115463,0.1165,0.003177,314.76, 426.5020
115464,0.1196,0.003153,317.17, 426.5017
115465,0.1228,0.003265,306.30, 426.5017
115466,0.1262,0.003234,309.24, 426.5164
115467,0.1294,0.003200,312.46, 426.5017
115468,0.1326,0.003170,315.47, 426.5017
115469,0.1357,0.003154,317.11, 426.5017
115470,0.1389,0.003179,314.57, 426.5017
115471,0.1421,0.003204,312.07, 426.5023
115472,0.1453,0.003161,316.34, 426.5017
115473,0.1484,0.003178,314.65, 426.5017
115474,0.1516,0.003149,317.61, 426.5017
115475,0.1548,0.003160,316.50, 426.5017
115476,0.1580,0.003241,308.58, 426.5017
115477,0.1611,0.003260,306.78, 426.5017
115478,0.1646,0.003314,301.74, 426.5017
115479,0.1675,0.003103,322.23, 426.5017
115480,0.1709,0.003362,297.42, 426.5017
115481,0.1741,0.003158,316.66, 426.5017
115482,0.1772,0.003239,308.73, 426.5017
115483,0.1804,0.003164,316.06, 426.5017
115484,0.1838,0.003301,302.96, 426.5017
115485,0.1870,0.003321,301.13, 426.5042
115486,0.1904,0.003229,309.66, 426.5017
115487,0.1938,0.003479,287.41, 426.5021
115488,0.1970,0.003170,315.50, 426.5023
115489,0.2002,0.003207,311.82, 426.5017
115490,0.2034,0.003226,309.94, 426.5023
115491,0.2065,0.003200,312.49, 426.5017
115492,0.2097,0.003157,316.81, 426.5017
115493,0.2131,0.003223,310.26, 426.5023
115494,0.2161,0.003132,319.34, 426.5017
115495,0.2192,0.003135,319.03, 426.5020
115496,0.2224,0.003138,318.71, 426.5020
115497,0.2256,0.003198,312.73, 426.5017
115498,0.2288,0.003195,313.00, 426.5017
115499,0.2324,0.003588,278.75, 426.5017
115500,0.2358,0.003472,288.02, 426.5017
115501,0.2393,0.003375,296.28, 426.5023
115502,0.2434,0.004265,234.46, 426.5018
115503,0.2473,0.003681,271.67, 426.5017
115504,0.2510,0.003661,273.16, 426.5018
115505,0.2544,0.003593,278.30, 426.5023
115506,0.2583,0.003885,257.41, 426.5017
115507,0.2622,0.003774,264.94, 426.5017
115508,0.2656,0.003620,276.28, 426.5017
115509,0.2693,0.003645,274.33, 426.5017
115510,0.2732,0.003710,269.56, 426.5017
115511,0.2766,0.003545,282.11, 426.5017
115512,0.2803,0.003674,272.22, 426.5019
115513,0.2837,0.003476,287.73, 426.5017
115514,0.2871,0.003285,304.46, 426.5018
115515,0.2903,0.003203,312.19, 426.5017
115516,0.2935,0.003234,309.26, 426.5017
115517,0.2966,0.003193,313.21, 426.5017
115518,0.2998,0.003186,313.85, 426.5017
115519,0.3032,0.003273,305.52, 426.5017
115520,0.3064,0.003193,313.16, 426.5020
115521,0.3096,0.003199,312.65, 426.5017
115522,0.3127,0.003161,316.35, 426.5042
115523,0.3159,0.003261,306.66, 426.5017
115524,0.3191,0.003159,316.54, 426.5017
115525,0.3223,0.003259,306.87, 426.5017
115526,0.3254,0.003177,314.76, 426.5017
115527,0.3289,0.003176,314.87, 426.5017
115528,0.3318,0.003153,317.15, 426.5017
115529,0.3352,0.003249,307.83, 426.5017
115530,0.3381,0.003097,322.93, 426.5017
115531,0.3416,0.003234,309.20, 426.5017
115532,0.3447,0.003167,315.80, 426.5017
115533,0.3479,0.003188,313.72, 426.5017
115534,0.3511,0.003189,313.59, 426.5017
115535,0.3542,0.003203,312.19, 426.5017
115536,0.3574,0.003102,322.38, 426.5071
115537,0.3606,0.003232,309.37, 426.5017
115538,0.3638,0.003209,311.62, 426.5017
115539,0.3669,0.003164,316.08, 426.5017
115540,0.3701,0.003142,318.23, 426.5017
115541,0.3733,0.003321,301.08, 426.5023
115542,0.3767,0.003280,304.91, 426.5017
115543,0.3799,0.003246,308.08, 426.5020
115544,0.3831,0.003193,313.23, 426.5017
115545,0.3862,0.003139,318.57, 426.5017
115546,0.3894,0.003203,312.19, 426.5017
115547,0.3926,0.003152,317.30, 426.5020
115548,0.3958,0.003202,312.29, 426.5017
115549,0.3989,0.003118,320.69, 426.5642
115550,0.4023,0.003461,288.91, 426.5023
115551,0.4058,0.003282,304.66, 426.5017
115552,0.4089,0.003306,302.50, 426.5017
115553,0.4121,0.003249,307.82, 426.5017
115554,0.4155,0.003356,298.01, 426.5017
115555,0.4187,0.003179,314.57, 426.5020
115556,0.4221,0.003279,305.00, 426.5017
115557,0.4253,0.003369,296.87, 426.5042
115558,0.4285,0.003176,314.83, 426.5017
115559,0.4319,0.003203,312.17, 426.5023
115560,0.4351,0.003163,316.19, 426.5017
115561,0.4382,0.003207,311.85, 426.5017
115562,0.4414,0.003159,316.55, 426.5017
115563,0.4446,0.003252,307.47, 426.5020
115564,0.4478,0.003147,317.81, 426.5017
115565,0.4509,0.003312,301.97, 426.5017
115566,0.4543,0.003327,300.54, 426.5164
115567,0.4578,0.003343,299.15, 426.5017
115568,0.4609,0.003336,299.81, 426.5017
115569,0.4644,0.003325,300.72, 426.5023
115570,0.4678,0.003425,291.99, 426.5017
115571,0.4714,0.003635,275.08, 426.5018
115572,0.4749,0.003367,296.97, 426.5017
115573,0.4780,0.003327,300.61, 426.5017
115574,0.4814,0.003339,299.51, 426.5017
115575,0.4849,0.003344,299.07, 426.5017
115576,0.4880,0.003363,297.39, 426.5017
115577,0.4915,0.003361,297.50, 426.5017
115578,0.4949,0.003329,300.40, 426.5017
115579,0.4983,0.003336,299.74, 426.5023
115580,0.5015,0.003270,305.78, 426.5017
115581,0.5049,0.003381,295.74, 426.5017
115582,0.5081,0.003240,308.61, 426.5017
115583,0.5115,0.003517,284.36, 426.5017
115584,0.5151,0.003531,283.21, 426.5017
115585,0.5186,0.003379,295.93, 426.5017
115586,0.5220,0.003412,293.10, 426.5024
115587,0.5251,0.003295,303.48, 426.5018
115588,0.5286,0.003298,303.18, 426.5017
115589,0.5317,0.003325,300.76, 426.5023
115590,0.5352,0.003333,300.03, 426.5018
115591,0.5383,0.003217,310.83, 426.5017
115592,0.5417,0.003351,298.45, 426.5017
115593,0.5452,0.003346,298.83, 426.5017
115594,0.5486,0.003404,293.82, 426.5017
115595,0.5520,0.003491,286.45, 426.5017
115596,0.5552,0.003309,302.25, 426.5018
115597,0.5583,0.003147,317.74, 426.5023
115598,0.5618,0.003243,308.39, 426.5017
115599,0.5649,0.003222,310.40, 426.5017
115600,0.5681,0.003141,318.34, 426.5017
115601,0.5713,0.003170,315.44, 426.5017
115602,0.5745,0.003174,315.03, 426.5017
115603,0.5776,0.003226,310.03, 426.5017
115604,0.5808,0.003215,311.04, 426.5023
115605,0.5840,0.003201,312.43, 426.5017
115606,0.5872,0.003265,306.24, 426.5017
115607,0.5906,0.003291,303.87, 426.5017
115608,0.5938,0.003193,313.18, 426.5017
115609,0.5969,0.003195,312.97, 426.5017
115610,0.6001,0.003117,320.80, 426.5023
115611,0.6033,0.003231,309.55, 426.5017
115612,0.6067,0.003312,301.94, 426.5020
115613,0.6099,0.003261,306.62, 426.5017
115614,0.6130,0.003227,309.86, 426.5017
115615,0.6162,0.003181,314.41, 426.5017
115616,0.6196,0.003258,306.90, 426.5017
115617,0.6228,0.003166,315.84, 426.5017
115618,0.6260,0.003288,304.14, 426.5017
115619,0.6292,0.003258,306.92, 426.5023
115620,0.6326,0.003195,313.04, 426.5042
115621,0.6355,0.003120,320.56, 426.5023
115622,0.6387,0.003173,315.17, 426.5017
115623,0.6418,0.003181,314.39, 426.5023
115624,0.6453,0.003265,306.26, 426.5017
115625,0.6484,0.003138,318.71, 426.5017
115626,0.6516,0.003280,304.87, 426.5017
115627,0.6548,0.003127,319.82, 426.5042
115628,0.6580,0.003203,312.17, 426.5017
115629,0.6614,0.003424,292.04, 426.5018
115630,0.6646,0.003190,313.49, 426.5020
115631,0.6677,0.003131,319.39, 426.5017
115632,0.6709,0.003205,312.03, 426.5017
115633,0.6741,0.003218,310.79, 426.5017
115634,0.6772,0.003207,311.80, 426.5017
115635,0.6804,0.003219,310.62, 426.5017
115636,0.6836,0.003186,313.92, 426.5017
115637,0.6868,0.003172,315.27, 426.5020
115638,0.6899,0.003171,315.35, 426.5017
115639,0.6934,0.003246,308.08, 426.5020
115640,0.6965,0.003133,319.14, 426.5017
115641,0.6997,0.003154,317.06, 426.5017
115642,0.7026,0.003151,317.35, 426.5017
115643,0.7063,0.003480,287.32, 426.5024
115644,0.7092,0.003098,322.78, 426.5265
115645,0.7126,0.003226,309.95, 426.5018
115646,0.7156,0.003128,319.73, 426.5017
115647,0.7188,0.003175,314.95, 426.5017
115648,0.7222,0.003339,299.48, 426.5017
115649,0.7256,0.003275,305.34, 426.5020
115650,0.7288,0.003173,315.14, 426.5017
115651,0.7317,0.003159,316.55, 426.5020
115652,0.7351,0.003240,308.61, 426.5017
115653,0.7383,0.003208,311.73, 426.5017
115654,0.7415,0.003223,310.31, 426.5017
115655,0.7446,0.003203,312.25, 426.5017
115656,0.7478,0.003221,310.46, 426.5017
115657,0.7510,0.003174,315.04, 426.5017
115658,0.7544,0.003299,303.17, 426.5017
115659,0.7576,0.003115,321.07, 426.5017
115660,0.7607,0.003207,311.81, 426.5017
115661,0.7639,0.003176,314.83, 426.5017
115662,0.7671,0.003209,311.64, 426.5017
115663,0.7703,0.003244,308.26, 426.5020
115664,0.7734,0.003202,312.30, 426.5017
115665,0.7766,0.003152,317.30, 426.5017
115666,0.7798,0.003231,309.49, 426.5017
115667,0.7832,0.003231,309.50, 426.5017
115668,0.7864,0.003216,310.91, 426.5017
115669,0.7896,0.003214,311.14, 426.5017
115670,0.7927,0.003255,307.24, 426.5023
115671,0.7959,0.003176,314.88, 426.5017
115672,0.7993,0.003218,310.72, 426.5017
115673,0.8025,0.003267,306.09, 426.5017
115674,0.8057,0.003185,314.02, 426.5017
115675,0.8088,0.003205,311.98, 426.5020
115676,0.8120,0.003150,317.45, 426.5017
115677,0.8154,0.003434,291.18, 426.5017
115678,0.8191,0.003630,275.51, 426.5017
115679,0.8225,0.003534,282.98, 426.5189
115680,0.8262,0.003605,277.36, 426.5017
115681,0.8298,0.003542,282.29, 426.5017
115682,0.8333,0.003494,286.17, 426.5017
115683,0.8364,0.003289,304.06, 426.5017
115684,0.8398,0.003338,299.60, 426.5017
115685,0.8433,0.003282,304.72, 426.5017
115686,0.8464,0.003283,304.65, 426.5017
115687,0.8496,0.003193,313.19, 426.5017
115688,0.8528,0.003210,311.50, 426.5023
115689,0.8560,0.003194,313.05, 426.5023
115690,0.8594,0.003291,303.90, 426.5017
115691,0.8625,0.003262,306.55, 426.5017
115692,0.8657,0.003236,308.99, 426.5017
115693,0.8689,0.003170,315.47, 426.5023
115694,0.8721,0.003155,316.92, 426.5017
115695,0.8755,0.003233,309.27, 426.5017
115696,0.8787,0.003182,314.24, 426.5017
115697,0.8818,0.003206,311.89, 426.5017
115698,0.8850,0.003106,321.92, 426.5017
115699,0.8882,0.003205,312.04, 426.5020
115700,0.8914,0.003159,316.57, 426.5017
115701,0.8948,0.003539,282.60, 426.5017
115702,0.8979,0.003173,315.18, 426.5017
115703,0.9011,0.003146,317.88, 426.5017
115704,0.9043,0.003222,310.38, 426.5017
115705,0.9075,0.003186,313.86, 426.5017
115706,0.9106,0.003175,314.98, 426.5164
115707,0.9138,0.003151,317.37, 426.5023
115708,0.9170,0.003141,318.35, 426.5017
115709,0.9202,0.003190,313.50, 426.5017
115710,0.9236,0.003319,301.30, 426.5017
115711,0.9270,0.003451,289.81, 426.5017
115712,0.9304,0.003484,287.07, 426.5020
115713,0.9336,0.003271,305.72, 426.5017
115714,0.9370,0.003376,296.24, 426.5017
115715,0.9404,0.003281,304.78, 426.5017
115716,0.9436,0.003318,301.42, 426.5017
115717,0.9468,0.003158,316.64, 426.5020
115718,0.9500,0.003206,311.95, 426.5017
115719,0.9531,0.003172,315.23, 426.5020
115720,0.9563,0.003178,314.65, 426.5020
115721,0.9595,0.003162,316.27, 426.5017
115722,0.9626,0.003163,316.13, 426.5017
115723,0.9661,0.003250,307.66, 426.5020
115724,0.9692,0.003164,316.04, 426.5017
115725,0.9724,0.003242,308.49, 426.5017
115726,0.9756,0.003123,320.18, 426.5096
115727,0.9788,0.003193,313.23, 426.5020
115728,0.9819,0.003166,315.90, 426.5017
115729,0.9851,0.003200,312.46, 426.5017
115730,0.9883,0.003141,318.36, 426.5017
115731,0.9915,0.003242,308.41, 426.5017
115732,0.9946,0.003192,313.32, 426.5017
115733,0.9978,0.003206,311.92, 426.5017
115734,1.0012,0.003293,303.68, 426.5017
115735,1.0044,0.003266,306.17, 426.5020
115736,1.0076,0.003163,316.14, 426.5017
115737,1.0107,0.003312,301.97, 426.5017
115738,1.0142,0.003201,312.43, 426.5017
115739,1.0173,0.003270,305.77, 426.5017
115740,1.0208,0.003317,301.44, 426.5017
115741,1.0239,0.003201,312.45, 426.5017
115742,1.0271,0.003196,312.92, 426.5017
115743,1.0303,0.003222,310.34, 426.5020
115744,1.0337,0.003481,287.32, 426.5017
115745,1.0371,0.003241,308.58, 426.5017
115746,1.0403,0.003326,300.70, 426.5017
115747,1.0435,0.003217,310.81, 426.5017
115748,1.0469,0.003234,309.21, 426.5017
115749,1.0500,0.003167,315.75, 426.5017
115750,1.0532,0.003187,313.81, 426.5017
115751,1.0564,0.003193,313.16, 426.5017
115752,1.0596,0.003180,314.49, 426.5017
115753,1.0627,0.003209,311.58, 426.5017
115754,1.0659,0.003222,310.34, 426.5017
115755,1.0691,0.003224,310.16, 426.5020
115756,1.0723,0.003177,314.79, 426.5017
115757,1.0754,0.003231,309.53, 426.5017
115758,1.0789,0.003243,308.39, 426.5017
115759,1.0820,0.003273,305.56, 426.5017
115760,1.0852,0.003159,316.58, 426.5020
115761,1.0884,0.003081,324.59, 426.5017
115762,1.0916,0.003220,310.58, 426.5056
115763,1.0947,0.003278,305.07, 426.5017
115764,1.0979,0.003188,313.69, 426.5017
115765,1.1011,0.003048,328.07, 426.5042
115766,1.1042,0.003248,307.84, 426.5017
115767,1.1077,0.003453,289.58, 426.5017
115768,1.1113,0.003535,282.86, 426.5017
115769,1.1147,0.003362,297.48, 426.5018
115770,1.1179,0.003172,315.30, 426.5017
115771,1.1211,0.003174,315.08, 426.5020
115772,1.1243,0.003220,310.58, 426.5017
115773,1.1274,0.003210,311.56, 426.5017
115774,1.1306,0.003239,308.76, 426.5017
115775,1.1338,0.003216,310.98, 426.5017
115776,1.1372,0.003296,303.43, 426.5017
115777,1.1404,0.003210,311.54, 426.5017
115778,1.1438,0.003338,299.58, 426.5017
115779,1.1470,0.003178,314.65, 426.5017
115780,1.1501,0.003191,313.35, 426.5017
115781,1.1533,0.003255,307.19, 426.5061
115782,1.1565,0.003250,307.74, 426.5100
115783,1.1599,0.003245,308.13, 426.5017
115784,1.1631,0.003233,309.31, 426.5017
115785,1.1663,0.003262,306.54, 426.5017
115786,1.1694,0.003166,315.83, 426.5017
115787,1.1729,0.003295,303.50, 426.5017
115788,1.1760,0.003348,298.69, 426.5017
115789,1.1794,0.003289,304.07, 426.5017
115790,1.1829,0.003344,299.04, 426.5017
115791,1.1860,0.003180,314.50, 426.5017
115792,1.1892,0.003156,316.90, 426.5023
115793,1.1924,0.003290,303.98, 426.5017
115794,1.1956,0.003223,310.28, 426.5017
115795,1.1990,0.003312,301.91, 426.5017
115796,1.2024,0.003421,292.32, 426.5017
115797,1.2061,0.003677,271.99, 426.5017
115798,1.2095,0.003444,290.37, 426.5017
115799,1.2129,0.003302,302.84, 426.5020
115800,1.2161,0.003259,306.87, 426.5017
115801,1.2192,0.003194,313.09, 426.5017
115802,1.2227,0.003305,302.56, 426.5017
115803,1.2258,0.003248,307.85, 426.5017
115804,1.2290,0.003225,310.10, 426.5017
115805,1.2322,0.003191,313.36, 426.5017
115806,1.2354,0.003255,307.21, 426.5017
115807,1.2385,0.003191,313.43, 426.5135
115808,1.2419,0.003219,310.66, 426.5017
115809,1.2454,0.003476,287.70, 426.5021
115810,1.2485,0.003129,319.61, 426.5017
115811,1.2524,0.003965,252.23, 426.5018
115812,1.2578,0.005397,185.29, 426.5017
115813,1.2612,0.003298,303.22, 426.5018
115814,1.2646,0.003586,278.87, 426.5017
115815,1.2686,0.003858,259.19, 426.5017
115816,1.2722,0.003619,276.35, 426.5018
115817,1.2756,0.003427,291.77, 426.5017
115818,1.2788,0.003255,307.27, 426.5017
115819,1.2822,0.003243,308.34, 426.5017
115820,1.2854,0.003227,309.85, 426.5020
115821,1.2886,0.003287,304.23, 426.5017
115822,1.2922,0.003517,284.37, 426.5024
115823,1.2954,0.003281,304.80, 426.5020
115824,1.2986,0.003171,315.39, 426.5017
115825,1.3018,0.003238,308.87, 426.5017
115826,1.3052,0.003239,308.78, 426.5017
115827,1.3084,0.003198,312.66, 426.5017
115828,1.3115,0.003183,314.20, 426.5017
115829,1.3147,0.003237,308.94, 426.5017
115830,1.3179,0.003243,308.33, 426.5017
115831,1.3210,0.003199,312.64, 426.5017
115832,1.3245,0.003265,306.29, 426.5017
115833,1.3276,0.003255,307.18, 426.5017
115834,1.3308,0.003240,308.63, 426.5017
115835,1.3340,0.003153,317.13, 426.5023
115836,1.3372,0.003180,314.49, 426.5017
115837,1.3403,0.003211,311.42, 426.5017
115838,1.3438,0.003210,311.49, 426.5017
115839,1.3469,0.003191,313.41, 426.5017
115840,1.3501,0.003281,304.83, 426.5017
115841,1.3533,0.003190,313.46, 426.5017
115842,1.3564,0.003223,310.28, 426.5017
115843,1.3599,0.003415,292.86, 426.5018
115844,1.3633,0.003345,298.99, 426.5017
115845,1.3665,0.003179,314.58, 426.5017
115846,1.3696,0.003175,314.95, 426.5020
115847,1.3728,0.003229,309.70, 426.5023
115848,1.3762,0.003276,305.25, 426.5017
115849,1.3794,0.003191,313.34, 426.5017
115850,1.3826,0.003180,314.50, 426.5017
115851,1.3857,0.003276,305.30, 426.5017
115852,1.3892,0.003257,307.03, 426.5017
115853,1.3923,0.003321,301.11, 426.5017
115854,1.3955,0.003123,320.20, 426.5017
115855,1.3987,0.003195,313.03, 426.5017
115856,1.4021,0.003363,297.34, 426.5017
115857,1.4053,0.003292,303.79, 426.5017
115858,1.4087,0.003243,308.37, 426.5017
115859,1.4119,0.003229,309.69, 426.5017
115860,1.4150,0.003217,310.84, 426.5017
115861,1.4182,0.003154,317.02, 426.5020
115862,1.4214,0.003203,312.21, 426.5017
115863,1.4246,0.003237,308.90, 426.5020
115864,1.4277,0.003174,315.04, 426.5017
115865,1.4309,0.003195,313.03, 426.5017
115866,1.4343,0.003205,311.97, 426.5017
115867,1.4373,0.003137,318.77, 426.5017
115868,1.4404,0.003206,311.92, 426.5017
115869,1.4436,0.003146,317.84, 426.5017
115870,1.4468,0.003194,313.07, 426.5023
115871,1.4500,0.003109,321.61, 426.5023
115872,1.4536,0.003496,286.02, 426.5017
115873,1.4568,0.003221,310.42, 426.5017
115874,1.4600,0.003262,306.52, 426.5017
115875,1.4631,0.003180,314.44, 426.5023
115876,1.4663,0.003200,312.55, 426.5017
115877,1.4695,0.003129,319.58, 426.5125
115878,1.4727,0.003208,311.72, 426.5017
115879,1.4758,0.003201,312.40, 426.5023
115880,1.4790,0.003192,313.29, 426.5017
115881,1.4822,0.003162,316.22, 426.5017
115882,1.4856,0.003303,302.78, 426.5017
115883,1.4890,0.003474,287.86, 426.5020
115884,1.4922,0.003166,315.84, 426.5017
115885,1.4954,0.003213,311.26, 426.5017
115886,1.4985,0.003123,320.26, 426.5017
115887,1.5017,0.003193,313.19, 426.5017
115888,1.5049,0.003173,315.21, 426.5017
115889,1.5081,0.003198,312.66, 426.5017
115890,1.5112,0.003230,309.58, 426.5017
115891,1.5146,0.003216,310.96, 426.5017
115892,1.5178,0.003390,295.02, 426.5017
115893,1.5212,0.003207,311.78, 426.5017
115894,1.5244,0.003360,297.65, 426.5017
115895,1.5278,0.003233,309.27, 426.5017
115896,1.5310,0.003329,300.43, 426.5017
115897,1.5344,0.003290,303.99, 426.5017
115898,1.5376,0.003184,314.04, 426.5017
115899,1.5405,0.003103,322.24, 426.5020
115900,1.5439,0.003241,308.58, 426.5017
115901,1.5471,0.003136,318.93, 426.5017
115902,1.5503,0.003177,314.78, 426.5017
115903,1.5535,0.003158,316.69, 426.5020
115904,1.5566,0.003247,307.98, 426.5017
115905,1.5596,0.003074,325.31, 426.5017
115906,1.5630,0.003340,299.38, 426.5023
115907,1.5662,0.003133,319.20, 426.5017
115908,1.5693,0.003219,310.63, 426.5017
115909,1.5725,0.003207,311.87, 426.5017
115910,1.5757,0.003190,313.45, 426.5023
115911,1.5789,0.003195,312.99, 426.5017
115912,1.5823,0.003213,311.25, 426.5017
115913,1.5854,0.003166,315.91, 426.5017
115914,1.5886,0.003215,311.09, 426.5020
115915,1.5918,0.003269,305.87, 426.5017
115916,1.5952,0.003305,302.57, 426.5017
115917,1.5984,0.003254,307.33, 426.5017
115918,1.6016,0.003125,319.96, 426.5017
115919,1.6047,0.003196,312.92, 426.5017
115920,1.6079,0.003128,319.70, 426.5017
115921,1.6111,0.003228,309.75, 426.5017
115922,1.6143,0.003252,307.48, 426.5017
115923,1.6174,0.003173,315.12, 426.5017
115924,1.6206,0.003123,320.18, 426.5017
115925,1.6238,0.003298,303.18, 426.5017
115926,1.6272,0.003241,308.58, 426.5017
115927,1.6304,0.003259,306.83, 426.5017
115928,1.6335,0.003176,314.89, 426.5017
115929,1.6367,0.003148,317.70, 426.5023
115930,1.6401,0.003490,286.56, 426.5017
115931,1.6436,0.003413,293.01, 426.5017
115932,1.6467,0.003226,310.01, 426.5017
115933,1.6499,0.003146,317.86, 426.5020
115934,1.6533,0.003239,308.78, 426.5017
115935,1.6565,0.003242,308.47, 426.5017
115936,1.6597,0.003296,303.43, 426.5017
115937,1.6631,0.003211,311.47, 426.5017
115938,1.6663,0.003275,305.36, 426.5017
115939,1.6694,0.003145,317.93, 426.5017
115940,1.6729,0.003342,299.24, 426.5017
115941,1.6760,0.003231,309.54, 426.5017
115942,1.6792,0.003246,308.12, 426.5017
115943,1.6824,0.003242,308.48, 426.5017
115944,1.6855,0.003192,313.29, 426.5023
115945,1.6890,0.003259,306.80, 426.5017
115946,1.6921,0.003232,309.37, 426.5017
115947,1.6953,0.003191,313.35, 426.5017
115948,1.6985,0.003126,319.94, 426.5017
115949,1.7017,0.003210,311.56, 426.5017
115950,1.7048,0.003152,317.26, 426.5017
115951,1.7080,0.003213,311.26, 426.5017
115952,1.7112,0.003152,317.31, 426.5017
115953,1.7144,0.003233,309.32, 426.5017
115954,1.7175,0.003209,311.61, 426.5017
115955,1.7209,0.003268,305.97, 426.5017
115956,1.7241,0.003198,312.68, 426.5017
115957,1.7273,0.003223,310.24, 426.5017
115958,1.7305,0.003227,309.85, 426.5017
115959,1.7339,0.003285,304.39, 426.5017
115960,1.7371,0.003178,314.63, 426.5017
115961,1.7402,0.003162,316.24, 426.5017
115962,1.7434,0.003194,313.12, 426.5017
115963,1.7466,0.003189,313.54, 426.5020
115964,1.7498,0.003170,315.49, 426.5017
115965,1.7529,0.003202,312.29, 426.5017
115966,1.7561,0.003201,312.43, 426.5017
115967,1.7593,0.003213,311.28, 426.5017
115968,1.7625,0.003225,310.09, 426.5017
115969,1.7656,0.003153,317.19, 426.5017
115970,1.7688,0.003184,314.11, 426.5017
115971,1.7720,0.003156,316.82, 426.5017
115972,1.7754,0.003227,309.89, 426.5017
115973,1.7783,0.003116,320.96, 426.5017
115974,1.7817,0.003293,303.68, 426.5017
115975,1.7849,0.003189,313.57, 426.5020
115976,1.7881,0.003192,313.29, 426.5017
115977,1.7913,0.003165,315.97, 426.5017
115978,1.7944,0.003208,311.73, 426.5017
115979,1.7979,0.003373,296.49, 426.5017
115980,1.8010,0.003227,309.87, 426.5017
115981,1.8042,0.003212,311.32, 426.5017
115982,1.8074,0.003166,315.89, 426.5017
115983,1.8108,0.003252,307.51, 426.5017
115984,1.8140,0.003200,312.47, 426.5023
115985,1.8171,0.003182,314.31, 426.5017
115986,1.8203,0.003174,315.09, 426.5017
115987,1.8235,0.003244,308.27, 426.5017
115988,1.8267,0.003167,315.72, 426.5017
115989,1.8301,0.003347,298.79, 426.5023
115990,1.8333,0.003273,305.52, 426.5017
115991,1.8367,0.003351,298.42, 426.5017
115992,1.8398,0.003152,317.23, 426.5017
115993,1.8430,0.003248,307.84, 426.5017
115994,1.8462,0.003181,314.36, 426.5017
115995,1.8494,0.003214,311.18, 426.5017
115996,1.8525,0.003168,315.70, 426.5017
115997,1.8557,0.003206,311.88, 426.5017
115998,1.8589,0.003178,314.69, 426.5017
115999,1.8623,0.003250,307.72, 426.5017
116000,1.8655,0.003205,311.97, 426.5017
116001,1.8687,0.003131,319.39, 426.5017
116002,1.8718,0.003198,312.72, 426.5017
116003,1.8750,0.003183,314.14, 426.5017
116004,1.8782,0.003183,314.21, 426.5017
116005,1.8813,0.003161,316.39, 426.5017
116006,1.8845,0.003190,313.48, 426.5017
116007,1.8875,0.003107,321.88, 426.5017
116008,1.8909,0.003312,301.91, 426.5017
116009,1.8940,0.003173,315.18, 426.5017
116010,1.8972,0.003268,306.01, 426.5017
116011,1.9006,0.003203,312.22, 426.5017
116012,1.9038,0.003246,308.03, 426.5017
116013,1.9070,0.003139,318.55, 426.5125
116014,1.9102,0.003230,309.64, 426.5017
116015,1.9133,0.003210,311.53, 426.5017
116016,1.9165,0.003162,316.23, 426.5020
116017,1.9197,0.003188,313.71, 426.5017
116018,1.9229,0.003212,311.30, 426.5017
116019,1.9260,0.003199,312.65, 426.5017
116020,1.9292,0.003207,311.80, 426.5017
116021,1.9326,0.003267,306.05, 426.5017
116022,1.9358,0.003203,312.22, 426.5017
116023,1.9392,0.003519,284.16, 426.5017
116024,1.9426,0.003271,305.68, 426.5017
116025,1.9458,0.003282,304.73, 426.5017
116026,1.9490,0.003192,313.31, 426.5017
116027,1.9524,0.003323,300.91, 426.5017
116028,1.9556,0.003236,309.04, 426.5023
116029,1.9587,0.003204,312.10, 426.5017
116030,1.9619,0.003184,314.04, 426.5017
116031,1.9651,0.003199,312.65, 426.5017
116032,1.9685,0.003199,312.65, 426.5023
116033,1.9717,0.003181,314.37, 426.5020
116034,1.9749,0.003212,311.30, 426.5017
116035,1.9780,0.003166,315.85, 426.5020
116036,1.9812,0.003235,309.09, 426.5017
116037,1.9844,0.003252,307.52, 426.5017
116038,1.9875,0.003180,314.49, 426.5017
116039,1.9907,0.003147,317.72, 426.5017
116040,1.9939,0.003200,312.55, 426.5017
116041,1.9971,0.003148,317.68, 426.5017
116042,2.0005,0.003250,307.73, 426.5017
116043,2.0034,0.003155,317.01, 426.5017
116044,2.0066,0.003158,316.64, 426.5017
116045,2.0098,0.003076,325.11, 426.5056
116046,2.0129,0.003292,303.77, 426.5023
116047,2.0164,0.003282,304.68, 426.5017
116048,2.0195,0.003187,313.78, 426.5017
116049,2.0227,0.003193,313.19, 426.5017
116050,2.0261,0.003356,297.95, 426.5017
116051,2.0293,0.003254,307.28, 426.5017
116052,2.0325,0.003223,310.24, 426.5017
116053,2.0356,0.003213,311.20, 426.5017
116054,2.0388,0.003166,315.89, 426.5017
116055,2.0422,0.003278,305.04, 426.5023
116056,2.0457,0.003547,281.90, 426.5017
116057,2.0491,0.003321,301.12, 426.5024
116058,2.0522,0.003132,319.31, 426.5017
116059,2.0554,0.003220,310.54, 426.5017
116060,2.0586,0.003180,314.47, 426.5017
116061,2.0618,0.003249,307.76, 426.5017
116062,2.0652,0.003216,310.96, 426.5017
116063,2.0684,0.003188,313.66, 426.5017
116064,2.0715,0.003218,310.75, 426.5020
116065,2.0747,0.003201,312.40, 426.5017
116066,2.0779,0.003205,312.05, 426.5017
116067,2.0811,0.003158,316.69, 426.5017
116068,2.0845,0.003323,300.94, 426.5023
116069,2.0874,0.003135,318.95, 426.5017
116070,2.0908,0.003212,311.31, 426.5017
116071,2.0940,0.003313,301.82, 426.5023
116072,2.0972,0.003265,306.29, 426.5023
116073,2.1003,0.003158,316.64, 426.5017
116074,2.1038,0.003302,302.87, 426.5017
116075,2.1069,0.003170,315.50, 426.5020
116076,2.1101,0.003204,312.09, 426.5017
116077,2.1133,0.003219,310.63, 426.5017
116078,2.1165,0.003202,312.35, 426.5017
116079,2.1196,0.003183,314.22, 426.5023
116080,2.1230,0.003231,309.49, 426.5017
116081,2.1262,0.003310,302.09, 426.5017
116082,2.1296,0.003281,304.83, 426.5017
116083,2.1328,0.003200,312.49, 426.5017
116084,2.1360,0.003178,314.69, 426.5017
116085,2.1392,0.003199,312.58, 426.5017
116086,2.1423,0.003325,300.80, 426.5017
116087,2.1458,0.003264,306.40, 426.5017
116088,2.1489,0.003168,315.71, 426.5023
116089,2.1521,0.003192,313.31, 426.5017
116090,2.1553,0.003193,313.20, 426.5017
116091,2.1584,0.003250,307.71, 426.5017
116092,2.1616,0.003137,318.77, 426.5017
116093,2.1648,0.003216,310.93, 426.5017
116094,2.1680,0.003145,318.02, 426.5017
116095,2.1711,0.003197,312.81, 426.5017
116096,2.1743,0.003223,310.27, 426.5017
116097,2.1777,0.003213,311.24, 426.5017
116098,2.1809,0.003224,310.14, 426.5017
116099,2.1841,0.003171,315.32, 426.5020
116100,2.1873,0.003145,318.02, 426.5017
116101,2.1904,0.003255,307.22, 426.5017
116102,2.1938,0.003349,298.63, 426.5017
116103,2.1970,0.003174,315.02, 426.5017
116104,2.2002,0.003134,319.05, 426.5017
116105,2.2034,0.003254,307.30, 426.5020
116106,2.2068,0.003325,300.73, 426.5017
116107,2.2097,0.003162,316.30, 426.5017
116108,2.2131,0.003232,309.43, 426.5017
116109,2.2163,0.003160,316.43, 426.5017
116110,2.2195,0.003229,309.68, 426.5017
116111,2.2227,0.003190,313.45, 426.5017
116112,2.2258,0.003249,307.81, 426.5017
116113,2.2290,0.003186,313.83, 426.5017
116114,2.2324,0.003271,305.76, 426.5017
116115,2.2356,0.003164,316.05, 426.5017
116116,2.2388,0.003179,314.61, 426.5017
116117,2.2419,0.003180,314.51, 426.5017
116118,2.2451,0.003191,313.36, 426.5017
116119,2.2483,0.003207,311.82, 426.5017
116120,2.2517,0.003333,300.00, 426.5017
116121,2.2554,0.003788,264.00, 426.5017
116122,2.2588,0.003347,298.75, 426.5017
116123,2.2622,0.003439,290.76, 426.5017
116124,2.2659,0.003728,268.26, 426.5017
116125,2.2695,0.003668,272.64, 426.5017
116126,2.2732,0.003699,270.32, 426.5018
116127,2.2769,0.003484,287.01, 426.5017
116128,2.2800,0.003281,304.76, 426.5017
116129,2.2834,0.003332,300.17, 426.5017
116130,2.2866,0.003245,308.19, 426.5154
116131,2.2898,0.003242,308.43, 426.5032
116132,2.2932,0.003339,299.52, 426.5017
116133,2.2964,0.003214,311.19, 426.5017
116134,2.2996,0.003210,311.51, 426.5017
116135,2.3027,0.003200,312.47, 426.5017
116136,2.3059,0.003120,320.51, 426.5020
116137,2.3091,0.003189,313.63, 426.5017
116138,2.3123,0.003145,317.95, 426.5017
116139,2.3154,0.003262,306.56, 426.5017
116140,2.3186,0.003167,315.74, 426.5023
116141,2.3218,0.003182,314.30, 426.5023
116142,2.3250,0.003129,319.58, 426.5017
116143,2.3281,0.003191,313.35, 426.5023
116144,2.3313,0.003107,321.83, 426.5020
116145,2.3345,0.003202,312.29, 426.5023
116146,2.3376,0.003080,324.68, 426.5017
116147,2.3408,0.003209,311.61, 426.5017
116148,2.3440,0.003186,313.92, 426.5017
116149,2.3472,0.003259,306.86, 426.5017
116150,2.3503,0.003205,311.97, 426.5017
116151,2.3538,0.003190,313.46, 426.5017
116152,2.3567,0.003151,317.37, 426.5017
116153,2.3601,0.003313,301.85, 426.5017
116154,2.3633,0.003284,304.50, 426.5017
116155,2.3665,0.003159,316.56, 426.5020
116156,2.3699,0.003218,310.73, 426.5017
116157,2.3730,0.003240,308.64, 426.5017
116158,2.3762,0.003240,308.60, 426.5017
116159,2.3794,0.003213,311.25, 426.5020
116160,2.3828,0.003227,309.89, 426.5017
116161,2.3857,0.003172,315.28, 426.5017
116162,2.3892,0.003177,314.78, 426.5017
116163,2.3923,0.003176,314.87, 426.5017
116164,2.3955,0.003219,310.68, 426.5017
116165,2.3984,0.003117,320.85, 426.5017
116166,2.4021,0.003434,291.23, 426.5017
116167,2.4053,0.003286,304.29, 426.5017
116168,2.4084,0.003214,311.14, 426.5017
116169,2.4116,0.003189,313.55, 426.5017
116170,2.4150,0.003301,302.93, 426.5017
116171,2.4182,0.003255,307.20, 426.5017
116172,2.4214,0.003178,314.70, 426.5017
116173,2.4248,0.003298,303.18, 426.5017
116174,2.4280,0.003168,315.66, 426.5017
116175,2.4312,0.003243,308.37, 426.5017
116176,2.4343,0.003214,311.14, 426.5020
116177,2.4375,0.003218,310.72, 426.5017
116178,2.4407,0.003109,321.61, 426.5017
116179,2.4438,0.003259,306.84, 426.5017
116180,2.4470,0.003125,320.01, 426.5017
116181,2.4502,0.003254,307.32, 426.5017
116182,2.4534,0.003172,315.23, 426.5017
116183,2.4570,0.003439,290.77, 426.5017
116184,2.4602,0.003291,303.88, 426.5017
116185,2.4634,0.003266,306.16, 426.5017
116186,2.4666,0.003145,317.95, 426.5017
116187,2.4697,0.003174,315.08, 426.5017
116188,2.4734,0.003524,283.81, 426.5017
116189,2.4766,0.003201,312.43, 426.5017
116190,2.4797,0.003230,309.57, 426.5017
116191,2.4829,0.003219,310.63, 426.5017
116192,2.4861,0.003241,308.59, 426.5017
116193,2.4893,0.003152,317.25, 426.5017
116194,2.4927,0.003207,311.82, 426.5017
116195,2.4956,0.003166,315.88, 426.5020
116196,2.4988,0.003165,315.92, 426.5017
116197,2.5022,0.003224,310.17, 426.5017
116198,2.5054,0.003248,307.88, 426.5017
116199,2.5085,0.003189,313.54, 426.5017
116200,2.5117,0.003241,308.59, 426.5017
116201,2.5149,0.003200,312.55, 426.5023
116202,2.5183,0.003390,294.98, 426.5017
116203,2.5217,0.003335,299.85, 426.5017
116204,2.5251,0.003312,301.90, 426.5017
116205,2.5283,0.003202,312.29, 426.5017
116206,2.5313,0.003100,322.57, 426.5020
116207,2.5344,0.003182,314.24, 426.5017
116208,2.5376,0.003075,325.21, 426.5020
116209,2.5408,0.003212,311.37, 426.5017
116210,2.5439,0.003126,319.93, 426.5017
116211,2.5471,0.003197,312.79, 426.5017
116212,2.5503,0.003212,311.35, 426.5017
116213,2.5537,0.003317,301.46, 426.5017
116214,2.5569,0.003247,307.95, 426.5017
116215,2.5601,0.003258,306.95, 426.5017
116216,2.5635,0.003259,306.81, 426.5017
116217,2.5667,0.003292,303.79, 426.5017
116218,2.5698,0.003230,309.62, 426.5017
116219,2.5730,0.003160,316.47, 426.5023
116220,2.5762,0.003118,320.73, 426.5017
116221,2.5793,0.003176,314.91, 426.5017
116222,2.5825,0.003172,315.30, 426.5017
116223,2.5859,0.003295,303.46, 426.5017
116224,2.5891,0.003186,313.86, 426.5023
116225,2.5923,0.003154,317.02, 426.5017
116226,2.5955,0.003176,314.91, 426.5023
116227,2.5986,0.003199,312.61, 426.5020
116228,2.6018,0.003223,310.28, 426.5017
116229,2.6050,0.003183,314.22, 426.5017
116230,2.6082,0.003233,309.33, 426.5017
116231,2.6113,0.003193,313.22, 426.5017
116232,2.6147,0.003332,300.13, 426.5017
116233,2.6179,0.003165,316.00, 426.5017
116234,2.6211,0.003265,306.28, 426.5017
116235,2.6245,0.003236,308.99, 426.5017
116236,2.6277,0.003251,307.60, 426.5017
116237,2.6309,0.003238,308.81, 426.5017
116238,2.6340,0.003150,317.51, 426.5023
116239,2.6372,0.003165,316.01, 426.5017
116240,2.6404,0.003214,311.11, 426.5017
116241,2.6438,0.003314,301.80, 426.5017
116242,2.6470,0.003167,315.78, 426.5023
116243,2.6501,0.003229,309.66, 426.5017
116244,2.6533,0.003138,318.73, 426.5023
116245,2.6565,0.003200,312.52, 426.5020
116246,2.6597,0.003141,318.34, 426.5017
116247,2.6628,0.003293,303.70, 426.5020
116248,2.6660,0.003121,320.43, 426.5052
116249,2.6692,0.003174,315.04, 426.5017
116250,2.6724,0.003146,317.88, 426.5023
116251,2.6755,0.003232,309.43, 426.5020
116252,2.6787,0.003136,318.90, 426.5017
116253,2.6819,0.003163,316.14, 426.5017
116254,2.6851,0.003129,319.63, 426.5017
116255,2.6882,0.003284,304.50, 426.5017
116256,2.6917,0.003309,302.17, 426.5017
116257,2.6951,0.003466,288.52, 426.5020
116258,2.6982,0.003295,303.53, 426.5018
116259,2.7014,0.003099,322.72, 426.5042
116260,2.7046,0.003227,309.91, 426.5017
116261,2.7080,0.003216,310.93, 426.5017
116262,2.7114,0.003453,289.61, 426.5023
116263,2.7146,0.003239,308.74, 426.5017
116264,2.7178,0.003222,310.39, 426.5017
116265,2.7209,0.003193,313.20, 426.5017
116266,2.7244,0.003241,308.54, 426.5017
116267,2.7275,0.003180,314.45, 426.5020
116268,2.7307,0.003219,310.62, 426.5017
116269,2.7339,0.003242,308.50, 426.5017
116270,2.7373,0.003303,302.79, 426.5017
116271,2.7405,0.003210,311.57, 426.5017
116272,2.7439,0.003453,289.59, 426.5024
116273,2.7471,0.003203,312.26, 426.5017
116274,2.7502,0.003182,314.31, 426.5017
116275,2.7534,0.003209,311.63, 426.5017
116276,2.7566,0.003097,322.87, 426.5017
116277,2.7598,0.003238,308.82, 426.5017
116278,2.7629,0.003260,306.80, 426.5023
116279,2.7664,0.003244,308.25, 426.5017
116280,2.7693,0.003105,322.02, 426.5017
116281,2.7727,0.003209,311.65, 426.5017
116282,2.7759,0.003182,314.24, 426.5648
116283,2.7791,0.003255,307.23, 426.5017
116284,2.7822,0.003236,308.99, 426.5017
116285,2.7854,0.003228,309.82, 426.5017
116286,2.7886,0.003156,316.85, 426.5017
116287,2.7917,0.003192,313.24, 426.5017
116288,2.7949,0.003167,315.77, 426.5017
116289,2.7981,0.003160,316.46, 426.5020
116290,2.8015,0.003220,310.57, 426.5017
116291,2.8047,0.003188,313.70, 426.5020
116292,2.8079,0.003246,308.08, 426.5017
116293,2.8110,0.003196,312.93, 426.5017
116294,2.8142,0.003227,309.88, 426.5023
116295,2.8174,0.003115,320.99, 426.5020
116296,2.8206,0.003199,312.60, 426.5017
116297,2.8237,0.003170,315.47, 426.5017
116298,2.8269,0.003235,309.16, 426.5017
116299,2.8301,0.003154,317.08, 426.5017
116300,2.8335,0.003347,298.82, 426.5017
116301,2.8367,0.003169,315.52, 426.5017
116302,2.8398,0.003286,304.30, 426.5017
116303,2.8430,0.003201,312.38, 426.5017
116304,2.8462,0.003185,314.01, 426.5023
116305,2.8496,0.003213,311.21, 426.5017
116306,2.8528,0.003167,315.72, 426.5017
116307,2.8560,0.003202,312.35, 426.5017
116308,2.8591,0.003167,315.77, 426.5017
116309,2.8623,0.003237,308.97, 426.5017
116310,2.8655,0.003244,308.28, 426.5017
116311,2.8689,0.003249,307.83, 426.5020
116312,2.8718,0.003144,318.10, 426.5017
116313,2.8750,0.003190,313.48, 426.5017
116314,2.8782,0.003128,319.67, 426.5017
116315,2.8813,0.003194,313.06, 426.5017
116316,2.8845,0.003157,316.78, 426.5020
116317,2.8879,0.003250,307.73, 426.5017
116318,2.8911,0.003200,312.55, 426.5017
116319,2.8943,0.003228,309.83, 426.5017
116320,2.8975,0.003250,307.69, 426.5017
116321,2.9009,0.003259,306.80, 426.5017
116322,2.9041,0.003163,316.19, 426.5023
116323,2.9072,0.003158,316.68, 426.5020
116324,2.9102,0.003139,318.61, 426.5017
116325,2.9136,0.003290,303.98, 426.5017
116326,2.9167,0.003235,309.14, 426.5020
116327,2.9199,0.003141,318.34, 426.5017
116328,2.9231,0.003275,305.32, 426.5017
116329,2.9263,0.003166,315.83, 426.5017
116330,2.9297,0.003401,294.01, 426.5017
116331,2.9329,0.003180,314.50, 426.5017
116332,2.9360,0.003196,312.90, 426.5017
116333,2.9392,0.003148,317.68, 426.5017
116334,2.9426,0.003254,307.34, 426.5017
116335,2.9460,0.003503,285.49, 426.5017
116336,2.9492,0.003301,302.97, 426.5017
116337,2.9526,0.003213,311.20, 426.5017
116338,2.9558,0.003173,315.12, 426.5017
116339,2.9590,0.003232,309.43, 426.5017
116340,2.9622,0.003259,306.81, 426.5017
116341,2.9656,0.003255,307.24, 426.5017
116342,2.9685,0.003145,318.02, 426.5020
116343,2.9719,0.003198,312.72, 426.5017
116344,2.9749,0.003160,316.46, 426.5017
116345,2.9783,0.003198,312.66, 426.5017
116346,2.9814,0.003167,315.81, 426.5020
116347,2.9846,0.003189,313.58, 426.5017
116348,2.9875,0.003086,324.05, 426.5017
116349,2.9910,0.003259,306.89, 426.5017
116350,2.9939,0.003133,319.16, 426.5017
116351,2.9973,0.003223,310.23, 426.5017
116352,3.0005,0.003183,314.18, 426.5017
116353,3.0039,0.003540,282.51, 426.5021
116354,3.0071,0.003219,310.67, 426.5017
116355,3.0103,0.003182,314.30, 426.5018
116356,3.0134,0.003119,320.63, 426.5017
116357,3.0166,0.003159,316.55, 426.5017
116358,3.0198,0.003142,318.29, 426.5017
116359,3.0229,0.003206,311.92, 426.5020
116360,3.0261,0.003195,312.97, 426.5017
116361,3.0293,0.003188,313.68, 426.5017
116362,3.0325,0.003227,309.86, 426.5017
116363,3.0356,0.003169,315.57, 426.5017
116364,3.0391,0.003230,309.63, 426.5017
116365,3.0422,0.003140,318.46, 426.5017
116366,3.0454,0.003194,313.08, 426.5023
116367,3.0483,0.003125,320.01, 426.5020
116368,3.0520,0.003527,283.54, 426.5023
116369,3.0554,0.003532,283.13, 426.5017
116370,3.0588,0.003244,308.26, 426.5018
116371,3.0618,0.003135,318.95, 426.5066
116372,3.0652,0.003261,306.63, 426.5017
116373,3.0684,0.003224,310.14, 426.5017
116374,3.0718,0.003297,303.33, 426.5017
116375,3.0750,0.003325,300.76, 426.5017
116376,3.0781,0.003167,315.73, 426.5017
116377,3.0813,0.003213,311.22, 426.5017
116378,3.0852,0.003870,258.38, 426.5017
116379,3.0884,0.003237,308.92, 426.5018
116380,3.0916,0.003104,322.19, 426.5017
116381,3.0947,0.003250,307.72, 426.5017
116382,3.0979,0.003184,314.03, 426.5017
116383,3.1013,0.003307,302.43, 426.5017
116384,3.1045,0.003207,311.87, 426.5023
116385,3.1077,0.003233,309.30, 426.5017
116386,3.1108,0.003192,313.33, 426.5020
116387,3.1143,0.003224,310.15, 426.5023
116388,3.1174,0.003195,312.99, 426.5017
116389,3.1206,0.003197,312.78, 426.5017
116390,3.1238,0.003260,306.71, 426.5017
116391,3.1270,0.003102,322.38, 426.5023
116392,3.1301,0.003198,312.67, 426.5017
116393,3.1333,0.003253,307.43, 426.5017
116394,3.1367,0.003236,309.01, 426.5017
116395,3.1399,0.003171,315.34, 426.5017
116396,3.1431,0.003302,302.89, 426.5017
116397,3.1462,0.003241,308.55, 426.5017
116398,3.1497,0.003271,305.75, 426.5017
116399,3.1528,0.003183,314.20, 426.5042
116400,3.1560,0.003211,311.43, 426.5017
116401,3.1594,0.003461,288.97, 426.5021
116402,3.1626,0.003206,311.92, 426.5017
116403,3.1658,0.003198,312.72, 426.5017
116404,3.1689,0.003175,314.92, 426.5017
116405,3.1724,0.003231,309.51, 426.5023
116406,3.1755,0.003210,311.58, 426.5017
116407,3.1790,0.003362,297.43, 426.5023
116408,3.1821,0.003225,310.12, 426.5017
116409,3.1853,0.003230,309.62, 426.5017
116410,3.1885,0.003120,320.56, 426.5017
116411,3.1917,0.003234,309.22, 426.5020
116412,3.1948,0.003230,309.60, 426.5017
116413,3.1980,0.003222,310.35, 426.5017
116414,3.2012,0.003189,313.59, 426.5017
116415,3.2046,0.003206,311.92, 426.5017
116416,3.2078,0.003193,313.16, 426.5017
116417,3.2109,0.003305,302.58, 426.5017
116418,3.2141,0.003180,314.43, 426.5017
116419,3.2173,0.003135,318.99, 426.5020
116420,3.2205,0.003138,318.64, 426.5120
116421,3.2236,0.003155,316.92, 426.5017
116422,3.2273,0.003628,275.60, 426.5017
116423,3.2305,0.003295,303.49, 426.5023
116424,3.2336,0.003167,315.73, 426.5017
116425,3.2368,0.003112,321.39, 426.5017
116426,3.2400,0.003252,307.47, 426.5017
116427,3.2434,0.003309,302.21, 426.5017
116428,3.2466,0.003279,304.93, 426.5017
116429,3.2498,0.003184,314.05, 426.5017
116430,3.2529,0.003197,312.77, 426.5017
116431,3.2561,0.003173,315.18, 426.5017
116432,3.2598,0.003537,282.77, 426.5017
116433,3.2632,0.003548,281.83, 426.5017
116434,3.2666,0.003311,302.01, 426.5020
116435,3.2700,0.003389,295.08, 426.5017
116436,3.2739,0.003942,253.67, 426.5017
116437,3.2778,0.003865,258.72, 426.5017
116438,3.2813,0.003492,286.35, 426.5017
116439,3.2847,0.003423,292.12, 426.5017
116440,3.2881,0.003394,294.63, 426.5019
116441,3.2925,0.004461,224.15, 426.5018
116442,3.2969,0.004374,228.65, 426.5017
116443,3.3000,0.003214,311.17, 426.5018
116444,3.3032,0.003111,321.46, 426.5018
116445,3.3064,0.003181,314.36, 426.5017
116446,3.3096,0.003110,321.55, 426.5017
116447,3.3127,0.003249,307.78, 426.5017
116448,3.3159,0.003217,310.83, 426.5017
116449,3.3193,0.003213,311.27, 426.5017
116450,3.3225,0.003171,315.32, 426.5017
116451,3.3257,0.003299,303.13, 426.5017
116452,3.3289,0.003166,315.86, 426.5017
116453,3.3320,0.003187,313.74, 426.5017
116454,3.3352,0.003186,313.86, 426.5017
116455,3.3384,0.003178,314.69, 426.5017
116456,3.3416,0.003179,314.61, 426.5017
116457,3.3450,0.003285,304.43, 426.5017
116458,3.3481,0.003197,312.79, 426.5017
116459,3.3513,0.003206,311.93, 426.5017
116460,3.3545,0.003219,310.63, 426.5017
116461,3.3577,0.003146,317.89, 426.5017
116462,3.3608,0.003195,313.04, 426.5023
116463,3.3640,0.003216,310.98, 426.5017
116464,3.3672,0.003252,307.55, 426.5017
116465,3.3704,0.003125,319.96, 426.5017
116466,3.3735,0.003194,313.11, 426.5017
116467,3.3767,0.003132,319.33, 426.5017
116468,3.3799,0.003231,309.47, 426.5017
116469,3.3833,0.003218,310.76, 426.5017
116470,3.3865,0.003261,306.68, 426.5017
116471,3.3896,0.003159,316.59, 426.5017
116472,3.3928,0.003188,313.70, 426.5017
116473,3.3960,0.003158,316.71, 426.5017
116474,3.3992,0.003154,317.10, 426.5020
116475,3.4023,0.003338,299.62, 426.5017
116476,3.4058,0.003217,310.83, 426.5020
116477,3.4089,0.003205,312.01, 426.5017
116478,3.4121,0.003183,314.21, 426.5017
116479,3.4153,0.003240,308.69, 426.5017
116480,3.4185,0.003158,316.64, 426.5017
116481,3.4219,0.003305,302.54, 426.5017
116482,3.4250,0.003207,311.85, 426.5017
116483,3.4282,0.003250,307.74, 426.5017
116484,3.4314,0.003184,314.09, 426.5020
116485,3.4346,0.003238,308.86, 426.5017
116486,3.4377,0.003162,316.28, 426.5017
116487,3.4412,0.003264,306.34, 426.5017
116488,3.4443,0.003231,309.52, 426.5017
116489,3.4478,0.003329,300.40, 426.5017
116490,3.4509,0.003283,304.56, 426.5017
116491,3.4541,0.003265,306.24, 426.5020
116492,3.4575,0.003336,299.72, 426.5020
116493,3.4607,0.003224,310.18, 426.5017
116494,3.4639,0.003212,311.36, 426.5017
116495,3.4670,0.003109,321.67, 426.5020
116496,3.4702,0.003245,308.17, 426.5023
116497,3.4734,0.003160,316.47, 426.5017
116498,3.4766,0.003187,313.75, 426.5017
116499,3.4800,0.003222,310.40, 426.5020
116500,3.4832,0.003289,304.03, 426.5023
116501,3.4863,0.003153,317.21, 426.5017
116502,3.4895,0.003223,310.28, 426.5017
116503,3.4927,0.003161,316.33, 426.5017
116504,3.4959,0.003258,306.93, 426.5017
116505,3.4993,0.003195,312.96, 426.5017
116506,3.5024,0.003245,308.19, 426.5020
116507,3.5056,0.003183,314.13, 426.5017
116508,3.5088,0.003156,316.89, 426.5017
116509,3.5120,0.003210,311.54, 426.5017
116510,3.5151,0.003236,309.05, 426.5017
116511,3.5183,0.003223,310.24, 426.5017
116512,3.5215,0.003183,314.21, 426.5017
116513,3.5249,0.003273,305.51, 426.5017
116514,3.5283,0.003448,289.99, 426.5021
116515,3.5315,0.003209,311.62, 426.5017
116516,3.5347,0.003112,321.33, 426.5020
116517,3.5378,0.003176,314.82, 426.5017
116518,3.5410,0.003119,320.66, 426.5017
116519,3.5442,0.003257,307.01, 426.5023
116520,3.5474,0.003153,317.20, 426.5017
116521,3.5505,0.003162,316.26, 426.5017
116522,3.5537,0.003280,304.84, 426.5017
116523,3.5571,0.003412,293.12, 426.5020
116524,3.5605,0.003344,299.08, 426.5017
116525,3.5637,0.003246,308.04, 426.5017
116526,3.5669,0.003187,313.82, 426.5017
116527,3.5701,0.003137,318.80, 426.5017
116528,3.5732,0.003257,307.06, 426.5017
116529,3.5764,0.003127,319.82, 426.5017
116530,3.5796,0.003188,313.71, 426.5017
116531,3.5828,0.003176,314.88, 426.5017
116532,3.5859,0.003177,314.79, 426.5017
116533,3.5891,0.003190,313.53, 426.5020
116534,3.5925,0.003268,305.98, 426.5017
116535,3.5957,0.003153,317.16, 426.5017
116536,3.5989,0.003166,315.86, 426.5017
116537,3.6018,0.003120,320.52, 426.5017
116538,3.6052,0.003253,307.42, 426.5017
116539,3.6084,0.003202,312.31, 426.5017
116540,3.6116,0.003236,309.02, 426.5017
116541,3.6150,0.003295,303.47, 426.5017
116542,3.6182,0.003236,309.05, 426.5017
116543,3.6216,0.003361,297.50, 426.5017
116544,3.6248,0.003185,313.97, 426.5017
116545,3.6279,0.003181,314.33, 426.5017
116546,3.6313,0.003465,288.63, 426.5018
116547,3.6345,0.003262,306.61, 426.5017
116548,3.6377,0.003182,314.25, 426.5017
116549,3.6411,0.003248,307.89, 426.5017
116550,3.6443,0.003181,314.33, 426.5017
116551,3.6475,0.003271,305.73, 426.5017
116552,3.6506,0.003207,311.85, 426.5017
116553,3.6538,0.003184,314.07, 426.5023
116554,3.6572,0.003258,306.95, 426.5017
116555,3.6604,0.003282,304.72, 426.5017
116556,3.6636,0.003215,311.06, 426.5017
116557,3.6670,0.003248,307.90, 426.5017
116558,3.6702,0.003179,314.55, 426.5023
116559,3.6733,0.003202,312.33, 426.5017
116560,3.6765,0.003212,311.33, 426.5020
116561,3.6797,0.003172,315.30, 426.5017
116562,3.6829,0.003208,311.76, 426.5017
116563,3.6860,0.003167,315.76, 426.5020
116564,3.6892,0.003188,313.69, 426.5017
116565,3.6924,0.003145,317.99, 426.5017
116566,3.6956,0.003195,313.03, 426.5017
116567,3.6987,0.003238,308.87, 426.5020
116568,3.7021,0.003248,307.92, 426.5017
116569,3.7053,0.003174,315.07, 426.5017
116570,3.7085,0.003192,313.32, 426.5017
116571,3.7117,0.003161,316.34, 426.5017
116572,3.7148,0.003242,308.49, 426.5017
116573,3.7180,0.003190,313.48, 426.5017
116574,3.7212,0.003249,307.77, 426.5017
116575,3.7244,0.003221,310.44, 426.5017
116576,3.7278,0.003221,310.43, 426.5017
116577,3.7310,0.003225,310.05, 426.5017
116578,3.7341,0.003149,317.52, 426.5017
116579,3.7373,0.003182,314.24, 426.5020
116580,3.7405,0.003168,315.63, 426.5020
116581,3.7437,0.003234,309.21, 426.5017
116582,3.7468,0.003153,317.18, 426.5017
116583,3.7500,0.003153,317.19, 426.5017
116584,3.7529,0.003100,322.58, 426.5017
116585,3.7561,0.003171,315.36, 426.5017
116586,3.7593,0.003178,314.71, 426.5017
116587,3.7627,0.003318,301.36, 426.5017
116588,3.7659,0.003135,318.97, 426.5017
116589,3.7690,0.003201,312.44, 426.5017
116590,3.7722,0.003156,316.90, 426.5017
116591,3.7754,0.003265,306.32, 426.5017
116592,3.7786,0.003167,315.75, 426.5042
116593,3.7817,0.003210,311.54, 426.5017
116594,3.7852,0.003213,311.25, 426.5017
116595,3.7883,0.003183,314.13, 426.5017
116596,3.7913,0.003128,319.65, 426.5120
116597,3.7947,0.003244,308.25, 426.5017
116598,3.7979,0.003220,310.60, 426.5017
116599,3.8010,0.003159,316.54, 426.5023
116600,3.8042,0.003235,309.14, 426.5017
116601,3.8074,0.003152,317.27, 426.5017
116602,3.8105,0.003214,311.10, 426.5017
116603,3.8137,0.003173,315.16, 426.5017
116604,3.8169,0.003187,313.74, 426.5017
116605,3.8201,0.003096,322.98, 426.5017
116606,3.8232,0.003221,310.45, 426.5023
116607,3.8264,0.003189,313.63, 426.5017
116608,3.8298,0.003275,305.33, 426.5017
116609,3.8330,0.003225,310.11, 426.5017
116610,3.8362,0.003199,312.57, 426.5642
116611,3.8394,0.003274,305.44, 426.5017
116612,3.8425,0.003218,310.72, 426.5042
116613,3.8459,0.003195,312.99, 426.5017
116614,3.8491,0.003200,312.53, 426.5017
116615,3.8523,0.003198,312.72, 426.5020
116616,3.8555,0.003161,316.33, 426.5017
116617,3.8586,0.003183,314.20, 426.5017
116618,3.8618,0.003198,312.69, 426.5017
116619,3.8650,0.003214,311.18, 426.5017
116620,3.8684,0.003432,291.34, 426.5023
116621,3.8718,0.003300,303.03, 426.5017
116622,3.8748,0.003125,319.99, 426.5017
116623,3.8782,0.003232,309.43, 426.5017
116624,3.8813,0.003206,311.90, 426.5017
116625,3.8845,0.003209,311.62, 426.5017
116626,3.8877,0.003129,319.58, 426.5017
116627,3.8909,0.003258,306.97, 426.5017
116628,3.8940,0.003209,311.67, 426.5017
116629,3.8972,0.003218,310.76, 426.5017
116630,3.9004,0.003139,318.54, 426.5023
116631,3.9036,0.003203,312.17, 426.5023
116632,3.9067,0.003133,319.19, 426.5017
116633,3.9099,0.003130,319.51, 426.5020
116634,3.9131,0.003196,312.89, 426.5017
116635,3.9163,0.003188,313.72, 426.5017
116636,3.9194,0.003210,311.49, 426.5017
116637,3.9226,0.003205,312.04, 426.5017
116638,3.9260,0.003193,313.16, 426.5017
116639,3.9292,0.003263,306.47, 426.5017
116640,3.9324,0.003293,303.72, 426.5017
116641,3.9358,0.003217,310.84, 426.5017
116642,3.9390,0.003220,310.53, 426.5017
116643,3.9421,0.003216,310.99, 426.5017
116644,3.9453,0.003219,310.66, 426.5017
116645,3.9485,0.003253,307.38, 426.5017
116646,3.9521,0.003461,288.91, 426.5017
116647,3.9553,0.003326,300.70, 426.5017
116648,3.9585,0.003216,310.91, 426.5017
116649,3.9617,0.003183,314.18, 426.5017
116650,3.9651,0.003242,308.46, 426.5017
116651,3.9683,0.003179,314.56, 426.5017
116652,3.9714,0.003135,318.99, 426.5017
116653,3.9746,0.003186,313.92, 426.5017
116654,3.9775,0.003083,324.34, 426.5017
116655,3.9807,0.003212,311.35, 426.5020
116656,3.9839,0.003191,313.38, 426.5017
116657,3.9871,0.003152,317.22, 426.5017
116658,3.9902,0.003124,320.07, 426.5017
116659,3.9934,0.003234,309.21, 426.5017
116660,3.9966,0.003153,317.13, 426.5017
116661,4.0000,0.003246,308.12, 426.5017
116662,4.0032,0.003156,316.90, 426.5017
116663,4.0063,0.003265,306.29, 426.5020
116664,4.0095,0.003166,315.88, 426.5017
116665,4.0129,0.003454,289.49, 426.5017
116666,4.0166,0.003581,279.24, 426.5017
116667,4.0200,0.003511,284.81, 426.5017
116668,4.0237,0.003517,284.35, 426.5018
116669,4.0271,0.003650,273.98, 426.5017
116670,4.0308,0.003606,277.30, 426.5018
116671,4.0344,0.003655,273.58, 426.5017
116672,4.0381,0.003617,276.47, 426.5017
116673,4.0417,0.003636,275.00, 426.5018
116674,4.0454,0.003611,276.97, 426.5017
116675,4.0491,0.003677,271.98, 426.5018
116676,4.0525,0.003592,278.43, 426.5017
116677,4.0562,0.003592,278.42, 426.5018
116678,4.0603,0.003992,250.51, 426.5018
116679,4.0637,0.003533,283.05, 426.5291
116680,4.0674,0.003664,272.90, 426.5018
116681,4.0710,0.003644,274.39, 426.5018
116682,4.0747,0.003627,275.71, 426.5017
116683,4.0784,0.003682,271.58, 426.5017
116684,4.0823,0.003886,257.36, 426.5017
116685,4.0859,0.003747,266.90, 426.5018
116686,4.0896,0.003562,280.71, 426.5017
116687,4.0930,0.003520,284.06, 426.5018
116688,4.0967,0.003540,282.50, 426.5017
116689,4.1001,0.003550,281.73, 426.5018
116690,4.1038,0.003591,278.48, 426.5018
116691,4.1072,0.003408,293.43, 426.5018
116692,4.1104,0.003229,309.69, 426.5018
116693,4.1135,0.003158,316.70, 426.5020
116694,4.1167,0.003209,311.59, 426.5020
116695,4.1199,0.003206,311.95, 426.5017
116696,4.1230,0.003206,311.91, 426.5017
116697,4.1265,0.003192,313.33, 426.5017
116698,4.1296,0.003185,314.01, 426.5017
116699,4.1328,0.003174,315.04, 426.5020
116700,4.1360,0.003170,315.49, 426.5017
116701,4.1392,0.003222,310.39, 426.5017
116702,4.1423,0.003133,319.18, 426.5017
116703,4.1455,0.003291,303.91, 426.5017
116704,4.1487,0.003178,314.67, 426.5017
116705,4.1519,0.003235,309.09, 426.5017
116706,4.1550,0.003181,314.36, 426.5017
116707,4.1582,0.003191,313.40, 426.5017
116708,4.1614,0.003122,320.35, 426.5071
116709,4.1646,0.003222,310.38, 426.5017
116710,4.1680,0.003244,308.28, 426.5017
116711,4.1711,0.003255,307.19, 426.5017
116712,4.1743,0.003220,310.53, 426.5017
116713,4.1775,0.003188,313.66, 426.5020
116714,4.1807,0.003213,311.22, 426.5023
116715,4.1838,0.003188,313.72, 426.5017
116716,4.1873,0.003190,313.44, 426.5017
116717,4.1904,0.003197,312.77, 426.5017
116718,4.1936,0.003191,313.34, 426.5017
116719,4.1965,0.003113,321.21, 426.5020
116720,4.2000,0.003220,310.53, 426.5017
116721,4.2031,0.003137,318.77, 426.5017
116722,4.2063,0.003182,314.30, 426.5017
116723,4.2092,0.003095,323.08, 426.5017
116724,4.2126,0.003245,308.16, 426.5017
116725,4.2158,0.003174,315.09, 426.5017
116726,4.2190,0.003241,308.56, 426.5017
116727,4.2222,0.003171,315.40, 426.5017
116728,4.2253,0.003269,305.95, 426.5032
116729,4.2285,0.003185,314.00, 426.5017
116730,4.2319,0.003250,307.70, 426.5017
116731,4.2351,0.003230,309.65, 426.5017
116732,4.2383,0.003200,312.48, 426.5020
116733,4.2415,0.003212,311.33, 426.5017
116734,4.2446,0.003272,305.67, 426.5017
116735,4.2483,0.003555,281.29, 426.5017
116736,4.2517,0.003424,292.10, 426.5017
116737,4.2551,0.003384,295.47, 426.5017
116738,4.2588,0.003681,271.64, 426.5017
116739,4.2625,0.003709,269.59, 426.5018
116740,4.2661,0.003672,272.31, 426.5018
116741,4.2695,0.003324,300.82, 426.5018
116742,4.2727,0.003203,312.26, 426.5017
116743,4.2759,0.003112,321.36, 426.5017
116744,4.2791,0.003292,303.74, 426.5018
116745,4.2822,0.003179,314.55, 426.5020
116746,4.2856,0.003283,304.56, 426.5017
116747,4.2888,0.003167,315.75, 426.5017
116748,4.2920,0.003238,308.83, 426.5017
116749,4.2952,0.003238,308.83, 426.5017
116750,4.2986,0.003318,301.41, 426.5017
116751,4.3018,0.003162,316.25, 426.5017
116752,4.3049,0.003199,312.63, 426.5017
116753,4.3086,0.003807,262.67, 426.5017
116754,4.3120,0.003264,306.41, 426.5017
116755,4.3152,0.003223,310.24, 426.5017
116756,4.3184,0.003077,324.95, 426.5017
116757,4.3213,0.003147,317.72, 426.5017
116758,4.3245,0.003181,314.40, 426.5017
116759,4.3279,0.003210,311.55, 426.5017
116760,4.3311,0.003201,312.37, 426.5017
116761,4.3342,0.003219,310.67, 426.5017
116762,4.3374,0.003121,320.46, 426.5017
116763,4.3406,0.003346,298.88, 426.5017
116764,4.3440,0.003365,297.18, 426.5017
116765,4.3472,0.003186,313.83, 426.5017
116766,4.3503,0.003145,317.93, 426.5017
116767,4.3535,0.003208,311.72, 426.5020
116768,4.3567,0.003149,317.52, 426.5023
116769,4.3599,0.003153,317.20, 426.5017
116770,4.3630,0.003225,310.10, 426.5017
116771,4.3662,0.003185,313.98, 426.5017
116772,4.3696,0.003376,296.25, 426.5017
116773,4.3728,0.003217,310.84, 426.5017
116774,4.3762,0.003225,310.07, 426.5020
116775,4.3792,0.003141,318.38, 426.5017
116776,4.3826,0.003211,311.46, 426.5017
116777,4.3855,0.003154,317.06, 426.5017
116778,4.3889,0.003249,307.78, 426.5017
116779,4.3921,0.003176,314.91, 426.5023
116780,4.3953,0.003284,304.47, 426.5017
116781,4.3984,0.003227,309.87, 426.5017
116782,4.4019,0.003375,296.26, 426.5023
116783,4.4053,0.003334,299.90, 426.5017
116784,4.4084,0.003258,306.90, 426.5017
116785,4.4116,0.003212,311.30, 426.5017
116786,4.4150,0.003243,308.39, 426.5023
116787,4.4182,0.003208,311.77, 426.5017
116788,4.4214,0.003168,315.64, 426.5020
116789,4.4246,0.003220,310.58, 426.5017
116790,4.4277,0.003126,319.88, 426.5017
116791,4.4309,0.003234,309.24, 426.5020
116792,4.4341,0.003220,310.58, 426.5017
116793,4.4373,0.003220,310.52, 426.5017
116794,4.4404,0.003097,322.92, 426.5017
116795,4.4436,0.003236,309.06, 426.5017
116796,4.4468,0.003180,314.43, 426.5071
116797,4.4502,0.003205,312.01, 426.5017
116798,4.4534,0.003184,314.11, 426.5017
116799,4.4565,0.003205,312.06, 426.5017
116800,4.4597,0.003195,313.03, 426.5023
116801,4.4629,0.003237,308.97, 426.5017
116802,4.4661,0.003169,315.52, 426.5017
116803,4.4692,0.003167,315.72, 426.5020
116804,4.4724,0.003168,315.63, 426.5017
116805,4.4756,0.003166,315.89, 426.5017
116806,4.4788,0.003213,311.28, 426.5017
116807,4.4819,0.003220,310.55, 426.5017
116808,4.4851,0.003206,311.88, 426.5017
116809,4.4883,0.003118,320.72, 426.5017
116810,4.4915,0.003210,311.49, 426.5017
116811,4.4946,0.003181,314.37, 426.5017
116812,4.4980,0.003300,303.08, 426.5023
116813,4.5012,0.003169,315.58, 426.5017
116814,4.5044,0.003232,309.39, 426.5017
116815,4.5076,0.003147,317.76, 426.5017
116816,4.5107,0.003223,310.28, 426.5017
116817,4.5139,0.003231,309.46, 426.5023
116818,4.5173,0.003205,312.04, 426.5017
116819,4.5205,0.003186,313.91, 426.5017
116820,4.5237,0.003187,313.81, 426.5020
116821,4.5269,0.003248,307.91, 426.5017
116822,4.5303,0.003309,302.25, 426.5017
116823,4.5334,0.003260,306.75, 426.5020
116824,4.5366,0.003193,313.15, 426.5017
116825,4.5398,0.003164,316.02, 426.5017
116826,4.5430,0.003193,313.17, 426.5023
116827,4.5461,0.003246,308.12, 426.5017
116828,4.5493,0.003189,313.62, 426.5017
116829,4.5527,0.003249,307.75, 426.5017
116830,4.5557,0.003110,321.51, 426.5017
116831,4.5591,0.003241,308.55, 426.5017
116832,4.5623,0.003166,315.87, 426.5017
116833,4.5654,0.003290,303.93, 426.5017
116834,4.5686,0.003175,315.01, 426.5017
116835,4.5720,0.003317,301.44, 426.5017
116836,4.5752,0.003237,308.91, 426.5017
116837,4.5786,0.003496,286.02, 426.5024
116838,4.5818,0.003216,310.92, 426.5017
116839,4.5850,0.003127,319.80, 426.5017
116840,4.5881,0.003196,312.94, 426.5020
116841,4.5913,0.003185,313.99, 426.5017
116842,4.5947,0.003298,303.21, 426.5017
116843,4.5979,0.003141,318.35, 426.5017
116844,4.6011,0.003261,306.65, 426.5017
116845,4.6042,0.003166,315.91, 426.5017
116846,4.6074,0.003229,309.73, 426.5017
116847,4.6106,0.003180,314.44, 426.5017
116848,4.6140,0.003252,307.47, 426.5017
116849,4.6172,0.003144,318.12, 426.5017
116850,4.6204,0.003206,311.96, 426.5023
116851,4.6235,0.003214,311.10, 426.5017
116852,4.6267,0.003187,313.75, 426.5023
116853,4.6299,0.003152,317.31, 426.5017
116854,4.6331,0.003207,311.80, 426.5017
116855,4.6362,0.003205,311.99, 426.5017
116856,4.6394,0.003184,314.07, 426.5017
116857,4.6426,0.003263,306.44, 426.5017
116858,4.6458,0.003180,314.46, 426.5017
116859,4.6494,0.003576,279.64, 426.5024
116860,4.6526,0.003198,312.68, 426.5017
116861,4.6558,0.003205,312.01, 426.5017
116862,4.6589,0.003057,327.17, 426.5023
116863,4.6621,0.003256,307.16, 426.5017
116864,4.6653,0.003190,313.51, 426.5017
116865,4.6685,0.003180,314.51, 426.5023
116866,4.6716,0.003150,317.51, 426.5017
116867,4.6748,0.003189,313.57, 426.5017
116868,4.6780,0.003169,315.52, 426.5017
116869,4.6814,0.003445,290.24, 426.5017
116870,4.6848,0.003435,291.10, 426.5017
116871,4.6882,0.003271,305.68, 426.5020
116872,4.6914,0.003205,311.97, 426.5017
116873,4.6946,0.003128,319.73, 426.5020
116874,4.6978,0.003294,303.55, 426.5017
116875,4.7009,0.003213,311.24, 426.5017
116876,4.7043,0.003283,304.60, 426.5017
116877,4.7073,0.003079,324.77, 426.5017
116878,4.7107,0.003203,312.24, 426.5023
116879,4.7139,0.003228,309.75, 426.5020
116880,4.7170,0.003186,313.89, 426.5017
116881,4.7202,0.003130,319.53, 426.5017
116882,4.7234,0.003283,304.63, 426.5164
116883,4.7266,0.003194,313.13, 426.5017
116884,4.7297,0.003208,311.69, 426.5017
116885,4.7332,0.003226,310.00, 426.5017
116886,4.7363,0.003213,311.25, 426.5017
116887,4.7395,0.003166,315.83, 426.5023
116888,4.7427,0.003180,314.46, 426.5017
116889,4.7459,0.003236,309.06, 426.5017
116890,4.7490,0.003175,314.95, 426.5017
116891,4.7522,0.003173,315.16, 426.5017
116892,4.7554,0.003161,316.35, 426.5017
116893,4.7585,0.003204,312.14, 426.5017
116894,4.7617,0.003215,311.09, 426.5017
116895,4.7649,0.003237,308.94, 426.5020
116896,4.7681,0.003134,319.04, 426.5020
116897,4.7712,0.003198,312.73, 426.5017
116898,4.7744,0.003166,315.84, 426.5017
116899,4.7778,0.003240,308.60, 426.5017
116900,4.7810,0.003149,317.55, 426.5017
116901,4.7842,0.003212,311.38, 426.5017
116902,4.7874,0.003165,315.92, 426.5017
116903,4.7905,0.003235,309.12, 426.5017
116904,4.7937,0.003206,311.95, 426.5017
116905,4.7969,0.003204,312.16, 426.5020
116906,4.8000,0.003191,313.41, 426.5017
116907,4.8032,0.003229,309.72, 426.5020
116908,4.8066,0.003210,311.49, 426.5017
116909,4.8098,0.003150,317.47, 426.5017
116910,4.8130,0.003217,310.83, 426.5017
116911,4.8162,0.003157,316.75, 426.5017
116912,4.8193,0.003204,312.12, 426.5017
116913,4.8225,0.003160,316.49, 426.5017
116914,4.8257,0.003315,301.67, 426.5017
116915,4.8289,0.003134,319.11, 426.5017
116916,4.8320,0.003205,312.03, 426.5017
116917,4.8352,0.003205,311.99, 426.5017
116918,4.8386,0.003249,307.82, 426.5017
116919,4.8416,0.003093,323.36, 426.5164
116920,4.8450,0.003239,308.72, 426.5017
116921,4.8481,0.003176,314.87, 426.5017
116922,4.8513,0.003209,311.67, 426.5017
116923,4.8545,0.003265,306.30, 426.5017
116924,4.8577,0.003195,313.04, 426.5017
116925,4.8608,0.003180,314.46, 426.5017
116926,4.8643,0.003294,303.57, 426.5017
116927,4.8674,0.003196,312.88, 426.5020
116928,4.8706,0.003160,316.48, 426.5017
116929,4.8738,0.003224,310.15, 426.5017
116930,4.8770,0.003188,313.72, 426.5023
116931,4.8801,0.003184,314.11, 426.5017
116932,4.8833,0.003172,315.28, 426.5017
116933,4.8865,0.003207,311.79, 426.5017
116934,4.8896,0.003116,320.91, 426.5017
116935,4.8928,0.003231,309.46, 426.5020
116936,4.8960,0.003115,321.02, 426.5017
116937,4.8992,0.003192,313.27, 426.5017
116938,4.9026,0.003520,284.11, 426.5017
116939,4.9060,0.003309,302.24, 426.5017
116940,4.9092,0.003196,312.85, 426.5017
116941,4.9124,0.003269,305.94, 426.5017
116942,4.9158,0.003382,295.69, 426.5017
116943,4.9192,0.003230,309.60, 426.5023
116944,4.9224,0.003203,312.20, 426.5018
116945,4.9255,0.003152,317.22, 426.5020
116946,4.9287,0.003192,313.32, 426.5017
116947,4.9319,0.003197,312.79, 426.5017
116948,4.9351,0.003199,312.64, 426.5017
116949,4.9382,0.003152,317.26, 426.5020
116950,4.9414,0.003207,311.87, 426.5017
116951,4.9446,0.003120,320.53, 426.5023
116952,4.9478,0.003235,309.15, 426.5017
116953,4.9509,0.003183,314.18, 426.5017
116954,4.9541,0.003262,306.61, 426.5017
116955,4.9573,0.003126,319.87, 426.5017
116956,4.9604,0.003250,307.68, 426.5017
116957,4.9641,0.003538,282.61, 426.5019
116958,4.9685,0.004343,230.27, 426.5017
116959,4.9717,0.003344,299.06, 426.5017
116960,4.9749,0.003162,316.31, 426.5023
116961,4.9783,0.003205,312.06, 426.5017
116962,4.9814,0.003225,310.06, 426.5017
116963,4.9846,0.003256,307.15, 426.5020
116964,4.9878,0.003135,319.01, 426.5020
116965,4.9910,0.003242,308.44, 426.5017
116966,4.9941,0.003225,310.05, 426.5017
116967,4.9976,0.003215,311.06, 426.5017
116968,5.0007,0.003208,311.68, 426.5017
116969,5.0039,0.003209,311.67, 426.5023
116970,5.0071,0.003225,310.07, 426.5017
116971,5.0103,0.003140,318.49, 426.5023
116972,5.0134,0.003256,307.15, 426.5017
116973,5.0166,0.003182,314.26, 426.5020
116974,5.0198,0.003182,314.29, 426.5017
116975,5.0229,0.003178,314.64, 426.5017
116976,5.0264,0.003220,310.57, 426.5017
116977,5.0293,0.003143,318.13, 426.5020
116978,5.0327,0.003215,311.02, 426.5017
116979,5.0356,0.003110,321.57, 426.5017
116980,5.0388,0.003209,311.59, 426.5020
116981,5.0422,0.003266,306.15, 426.5017
116982,5.0454,0.003312,301.93, 426.5017
116983,5.0488,0.003215,311.09, 426.5023
116984,5.0520,0.003194,313.08, 426.5017
116985,5.0549,0.003137,318.78, 426.5017
116986,5.0584,0.003282,304.66, 426.5017
116987,5.0615,0.003166,315.83, 426.5154
116988,5.0647,0.003227,309.88, 426.5017
116989,5.0679,0.003126,319.95, 426.5169
116990,5.0710,0.003181,314.38, 426.5017
116991,5.0745,0.003481,287.31, 426.5017
116992,5.0776,0.003171,315.37, 426.5020
116993,5.0808,0.003236,309.03, 426.5017
116994,5.0840,0.003184,314.03, 426.5017
116995,5.0874,0.003253,307.46, 426.5023
116996,5.0906,0.003257,307.01, 426.5017
116997,5.0940,0.003262,306.56, 426.5017
116998,5.0969,0.003167,315.80, 426.5017
116999,5.1001,0.003167,315.74, 426.5017
117000,5.1038,0.003466,288.54, 426.5017
117001,5.1069,0.003210,311.56, 426.5017
117002,5.1101,0.003217,310.86, 426.5017
117003,5.1135,0.003334,299.99, 426.5017
117004,5.1167,0.003276,305.23, 426.5017
117005,5.1199,0.003245,308.13, 426.5017
117006,5.1233,0.003337,299.71, 426.5017
117007,5.1265,0.003130,319.50, 426.5020
117008,5.1296,0.003214,311.14, 426.5017
117009,5.1328,0.003179,314.53, 426.5023
117010,5.1360,0.003287,304.27, 426.5023
117011,5.1392,0.003170,315.47, 426.5023
117012,5.1426,0.003222,310.40, 426.5017
117013,5.1458,0.003178,314.69, 426.5017
117014,5.1492,0.003534,283.01, 426.5023
117015,5.1523,0.003201,312.36, 426.5017
117016,5.1555,0.003223,310.29, 426.5017
117017,5.1589,0.003209,311.61, 426.5017
117018,5.1621,0.003215,311.05, 426.5017
117019,5.1653,0.003232,309.42, 426.5017
117020,5.1685,0.003265,306.29, 426.5017
117021,5.1719,0.003242,308.42, 426.5017
117022,5.1753,0.003420,292.37, 426.5018
117023,5.1785,0.003254,307.33, 426.5017
117024,5.1816,0.003222,310.38, 426.5020
117025,5.1851,0.003330,300.28, 426.5017
117026,5.1882,0.003145,317.98, 426.5017
117027,5.1914,0.003217,310.86, 426.5017
117028,5.1946,0.003233,309.32, 426.5017
117029,5.1980,0.003364,297.26, 426.5017
117030,5.2012,0.003300,303.08, 426.5017
117031,5.2046,0.003241,308.53, 426.5017
117032,5.2078,0.003165,315.96, 426.5017
117033,5.2109,0.003158,316.71, 426.5017
117034,5.2141,0.003283,304.60, 426.5017
117035,5.2173,0.003185,313.94, 426.5017
117036,5.2207,0.003270,305.79, 426.5017
117037,5.2239,0.003176,314.88, 426.5017
117038,5.2271,0.003198,312.71, 426.5017
117039,5.2302,0.003207,311.82, 426.5017
117040,5.2334,0.003227,309.90, 426.5017
117041,5.2366,0.003089,323.74, 426.5017
117042,5.2397,0.003218,310.73, 426.5017
117043,5.2429,0.003147,317.76, 426.5017
117044,5.2461,0.003202,312.30, 426.5017
117045,5.2493,0.003277,305.15, 426.5017
117046,5.2524,0.003215,311.00, 426.5017
117047,5.2559,0.003201,312.44, 426.5017
117048,5.2590,0.003174,315.07, 426.5017
117049,5.2625,0.003581,279.24, 426.5017
117050,5.2659,0.003295,303.47, 426.5021
117051,5.2717,0.005906,169.33, 426.5017
117052,5.2751,0.003410,293.26, 426.5017
117053,5.2791,0.003976,251.50, 426.5017
117054,5.2827,0.003648,274.15, 426.5018
117055,5.2864,0.003647,274.19, 426.5017
117056,5.2898,0.003333,299.99, 426.5020
117057,5.2930,0.003364,297.24, 426.5017
117058,5.2964,0.003288,304.14, 426.5017
117059,5.2996,0.003264,306.39, 426.5017
117060,5.3027,0.003212,311.38, 426.5017
117061,5.3062,0.003209,311.63, 426.5017
117062,5.3093,0.003163,316.14, 426.5017
117063,5.3125,0.003251,307.60, 426.5017
117064,5.3157,0.003170,315.51, 426.5020
117065,5.3188,0.003199,312.57, 426.5017
117066,5.3220,0.003252,307.55, 426.5017
117067,5.3254,0.003239,308.75, 426.5017
117068,5.3286,0.003208,311.75, 426.5017
117069,5.3318,0.003227,309.86, 426.5017
117070,5.3350,0.003183,314.17, 426.5017
117071,5.3381,0.003166,315.84, 426.5017
117072,5.3413,0.003250,307.66, 426.5017
117073,5.3445,0.003210,311.49, 426.5017
117074,5.3479,0.003227,309.93, 426.5017
117075,5.3511,0.003165,315.99, 426.5017
117076,5.3542,0.003392,294.82, 426.5017
117077,5.3574,0.003159,316.57, 426.5017
117078,5.3608,0.003323,300.96, 426.5017
117079,5.3640,0.003188,313.68, 426.5023
117080,5.3672,0.003240,308.67, 426.5017
117081,5.3706,0.003304,302.70, 426.5017
117082,5.3738,0.003293,303.66, 426.5017
117083,5.3770,0.003199,312.60, 426.5017
117084,5.3804,0.003225,310.13, 426.5020
117085,5.3838,0.003408,293.42, 426.5017
117086,5.3872,0.003606,277.32, 426.5017
117087,5.3909,0.003481,287.29, 426.5020
117088,5.3940,0.003285,304.40, 426.5017
117089,5.3972,0.003230,309.63, 426.5017
117090,5.4006,0.003250,307.68, 426.5017
117091,5.4041,0.003444,290.36, 426.5017
117092,5.4072,0.003162,316.30, 426.5017
117093,5.4104,0.003193,313.15, 426.5017
117094,5.4136,0.003194,313.07, 426.5017
117095,5.4167,0.003221,310.44, 426.5020
117096,5.4199,0.003209,311.63, 426.5017
117097,5.4231,0.003217,310.86, 426.5017
117098,5.4263,0.003187,313.75, 426.5017
117099,5.4297,0.003221,310.50, 426.5017
117100,5.4329,0.003189,313.59, 426.5017
117101,5.4358,0.003132,319.32, 426.5017
117102,5.4392,0.003188,313.70, 426.5023
117103,5.4424,0.003175,314.92, 426.5020
117104,5.4456,0.003194,313.12, 426.5017
117105,5.4487,0.003189,313.57, 426.5023
117106,5.4519,0.003203,312.23, 426.5020
117107,5.4551,0.003133,319.16, 426.5023
117108,5.4583,0.003215,311.03, 426.5017
117109,5.4614,0.003182,314.23, 426.5017
117110,5.4648,0.003409,293.36, 426.5017
117111,5.4683,0.003354,298.19, 426.5017
117112,5.4714,0.003348,298.72, 426.5017
117113,5.4749,0.003290,303.97, 426.5017
117114,5.4780,0.003350,298.54, 426.5017
117115,5.4814,0.003430,291.58, 426.5017
117116,5.4849,0.003276,305.27, 426.5017
117117,5.4880,0.003311,302.00, 426.5017
117118,5.4915,0.003264,306.41, 426.5042
117119,5.4949,0.003413,292.98, 426.5017
117120,5.4980,0.003332,300.14, 426.5017
117121,5.5015,0.003347,298.79, 426.5017
117122,5.5049,0.003351,298.44, 426.5017
117123,5.5081,0.003293,303.67, 426.5023
117124,5.5115,0.003414,292.89, 426.5017
117125,5.5149,0.003367,297.02, 426.5017
117126,5.5183,0.003428,291.76, 426.5017
117127,5.5217,0.003261,306.63, 426.5042
117128,5.5251,0.003423,292.12, 426.5017
117129,5.5286,0.003460,288.98, 426.5017
117130,5.5320,0.003393,294.73, 426.5017
117131,5.5352,0.003355,298.10, 426.5017
117132,5.5386,0.003311,302.00, 426.5017
117133,5.5420,0.003385,295.46, 426.5017
117134,5.5454,0.003345,298.96, 426.5017
117135,5.5488,0.003457,289.29, 426.5017
117136,5.5520,0.003299,303.09, 426.5017
117137,5.5554,0.003371,296.64, 426.5017
117138,5.5588,0.003400,294.13, 426.5017
117139,5.5623,0.003324,300.88, 426.5024
117140,5.5652,0.003153,317.19, 426.5017
117141,5.5686,0.003276,305.30, 426.5020
117142,5.5718,0.003231,309.46, 426.5017
117143,5.5750,0.003214,311.18, 426.5017
117144,5.5781,0.003192,313.28, 426.5017
117145,5.5815,0.003298,303.18, 426.5020
117146,5.5847,0.003252,307.48, 426.5017
117147,5.5879,0.003148,317.63, 426.5017
117148,5.5913,0.003332,300.12, 426.5017
117149,5.5945,0.003244,308.25, 426.5017
117150,5.5977,0.003208,311.77, 426.5017
117151,5.6008,0.003207,311.81, 426.5020
117152,5.6042,0.003262,306.61, 426.5023
117153,5.6074,0.003231,309.54, 426.5017
117154,5.6106,0.003229,309.71, 426.5017
117155,5.6138,0.003230,309.62, 426.5017
117156,5.6172,0.003248,307.85, 426.5017
117157,5.6204,0.003288,304.15, 426.5017
117158,5.6235,0.003247,307.99, 426.5017
117159,5.6270,0.003211,311.41, 426.5017
117160,5.6301,0.003257,307.00, 426.5020
117161,5.6333,0.003250,307.67, 426.5017
117162,5.6365,0.003144,318.09, 426.5017
117163,5.6396,0.003240,308.62, 426.5017
117164,5.6428,0.003202,312.35, 426.5017
117165,5.6462,0.003247,307.94, 426.5017
117166,5.6494,0.003153,317.19, 426.5023
117167,5.6526,0.003283,304.63, 426.5017
117168,5.6558,0.003086,324.05, 426.5107
117169,5.6589,0.003228,309.77, 426.5017
117170,5.6621,0.003124,320.11, 426.5017
117171,5.6653,0.003255,307.22, 426.5017
117172,5.6685,0.003186,313.91, 426.5017
117173,5.6716,0.003245,308.17, 426.5017
117174,5.6748,0.003181,314.41, 426.5017
117175,5.6782,0.003200,312.50, 426.5020
117176,5.6814,0.003181,314.40, 426.5017
117177,5.6848,0.003543,282.28, 426.5024
117178,5.6880,0.003181,314.39, 426.5017
117179,5.6912,0.003141,318.35, 426.5023
117180,5.6943,0.003168,315.66, 426.5017
117181,5.6975,0.003164,316.07, 426.5017
117182,5.7009,0.003476,287.69, 426.5017
117183,5.7043,0.003276,305.28, 426.5020
117184,5.7075,0.003222,310.40, 426.5017
117185,5.7107,0.003183,314.13, 426.5017
117186,5.7139,0.003284,304.53, 426.5017
117187,5.7173,0.003371,296.63, 426.5017
117188,5.7205,0.003240,308.61, 426.5017
117189,5.7239,0.003217,310.85, 426.5017
117190,5.7271,0.003174,315.04, 426.5017
117191,5.7302,0.003178,314.64, 426.5017
117192,5.7334,0.003176,314.91, 426.5017
117193,5.7366,0.003207,311.80, 426.5017
117194,5.7395,0.003099,322.68, 426.5017
117195,5.7429,0.003248,307.92, 426.5017
117196,5.7461,0.003211,311.47, 426.5017
117197,5.7493,0.003225,310.08, 426.5017
117198,5.7524,0.003127,319.79, 426.5017
117199,5.7556,0.003158,316.65, 426.5017
117200,5.7588,0.003105,322.04, 426.5017
117201,5.7620,0.003260,306.75, 426.5017
117202,5.7651,0.003235,309.13, 426.5017
117203,5.7683,0.003188,313.67, 426.5017
117204,5.7715,0.003123,320.17, 426.5017
117205,5.7749,0.003321,301.10, 426.5017
117206,5.7781,0.003221,310.50, 426.5017
117207,5.7813,0.003290,303.98, 426.5023
117208,5.7844,0.003193,313.22, 426.5023
117209,5.7876,0.003169,315.61, 426.5023
117210,5.7908,0.003157,316.81, 426.5017
117211,5.7942,0.003267,306.05, 426.5020
117212,5.7974,0.003215,311.09, 426.5017
117213,5.8005,0.003190,313.50, 426.5017
117214,5.8037,0.003238,308.84, 426.5017
117215,5.8069,0.003192,313.27, 426.5020
117216,5.8101,0.003240,308.62, 426.5017
117217,5.8132,0.003180,314.50, 426.5017
117218,5.8167,0.003186,313.84, 426.5017
117219,5.8196,0.003104,322.12, 426.5017
117220,5.8230,0.003240,308.67, 426.5023
117221,5.8262,0.003194,313.09, 426.5017
117222,5.8293,0.003230,309.58, 426.5017
117223,5.8325,0.003216,310.99, 426.5017
117224,5.8357,0.003155,317.01, 426.5017
117225,5.8389,0.003189,313.63, 426.5017
117226,5.8420,0.003192,313.29, 426.5017
117227,5.8452,0.003250,307.72, 426.5017
117228,5.8484,0.003174,315.11, 426.5017
117229,5.8516,0.003143,318.21, 426.5017
117230,5.8547,0.003206,311.96, 426.5017
117231,5.8579,0.003174,315.06, 426.5017
117232,5.8611,0.003131,319.36, 426.5017
117233,5.8643,0.003197,312.81, 426.5017
117234,5.8674,0.003146,317.88, 426.5017
117235,5.8706,0.003238,308.83, 426.5017
117236,5.8738,0.003128,319.73, 426.5017
117237,5.8772,0.003285,304.39, 426.5017
117238,5.8804,0.003205,312.00, 426.5017
117239,5.8835,0.003268,306.04, 426.5017
117240,5.8867,0.003152,317.24, 426.5017
117241,5.8899,0.003257,307.04, 426.5017
117242,5.8933,0.003217,310.81, 426.5017
117243,5.8965,0.003217,310.83, 426.5017
117244,5.8997,0.003130,319.46, 426.5149
117245,5.9028,0.003152,317.25, 426.5164
117246,5.9058,0.003140,318.44, 426.5017
117247,5.9089,0.003148,317.69, 426.5017
117248,5.9121,0.003182,314.26, 426.5017
117249,5.9155,0.003317,301.50, 426.5020
117250,5.9187,0.003232,309.44, 426.5017
117251,5.9219,0.003156,316.83, 426.5017
117252,5.9250,0.003188,313.66, 426.5017
117253,5.9282,0.003151,317.40, 426.5023
117254,5.9314,0.003212,311.37, 426.5017
117255,5.9346,0.003162,316.23, 426.5017
117256,5.9377,0.003155,316.97, 426.5017
117257,5.9409,0.003167,315.77, 426.5017
117258,5.9443,0.003351,298.39, 426.5017
117259,5.9475,0.003198,312.72, 426.5017
117260,5.9507,0.003301,302.93, 426.5017
117261,5.9539,0.003178,314.67, 426.5017
117262,5.9573,0.003196,312.89, 426.5017
117263,5.9604,0.003203,312.24, 426.5017
117264,5.9636,0.003259,306.88, 426.5017
117265,5.9668,0.003229,309.68, 426.5017
117266,5.9700,0.003200,312.52, 426.5017
117267,5.9734,0.003313,301.82, 426.5020
117268,5.9766,0.003138,318.67, 426.5017
117269,5.9800,0.003371,296.67, 426.5017
117270,5.9834,0.003484,287.03, 426.5017
117271,5.9868,0.003345,298.98, 426.5020
117272,5.9900,0.003224,310.22, 426.5017
117273,5.9932,0.003256,307.16, 426.5017
117274,5.9963,0.003166,315.91, 426.5017
117275,5.9995,0.003239,308.73, 426.5017
117276,6.0027,0.003222,310.34, 426.5017
117277,6.0061,0.003195,313.00, 426.5017
117278,6.0093,0.003193,313.15, 426.5017
117279,6.0125,0.003271,305.76, 426.5017
117280,6.0156,0.003267,306.05, 426.5017
117281,6.0190,0.003226,310.03, 426.5017
117282,6.0222,0.003166,315.82, 426.5017
117283,6.0254,0.003150,317.44, 426.5017
117284,6.0286,0.003224,310.22, 426.5017
117285,6.0317,0.003187,313.78, 426.5017
117286,6.0349,0.003191,313.37, 426.5017
117287,6.0378,0.003081,324.53, 426.5017
117288,6.0413,0.003182,314.31, 426.5017
117289,6.0444,0.003209,311.58, 426.5017
117290,6.0476,0.003257,307.06, 426.5017
117291,6.0508,0.003185,313.95, 426.5017
117292,6.0540,0.003238,308.88, 426.5017
117293,6.0571,0.003164,316.03, 426.5017
117294,6.0603,0.003198,312.69, 426.5017
117295,6.0637,0.003207,311.78, 426.5017
117296,6.0669,0.003302,302.83, 426.5017
117297,6.0701,0.003132,319.32, 426.5042
117298,6.0732,0.003183,314.21, 426.5017
117299,6.0769,0.003597,277.98, 426.5023
117300,6.0803,0.003400,294.13, 426.5017
117301,6.0835,0.003316,301.58, 426.5017
117302,6.0867,0.003128,319.68, 426.5017
117303,6.0898,0.003290,304.00, 426.5017
117304,6.0933,0.003295,303.53, 426.5017
117305,6.0964,0.003264,306.41, 426.5017
117306,6.0996,0.003156,316.91, 426.5017
117307,6.1028,0.003218,310.80, 426.5017
117308,6.1060,0.003173,315.13, 426.5017
117309,6.1094,0.003257,307.00, 426.5017
117310,6.1125,0.003215,311.01, 426.5017
117311,6.1157,0.003218,310.80, 426.5017
117312,6.1189,0.003211,311.42, 426.5017
117313,6.1223,0.003411,293.18, 426.5017
117314,6.1257,0.003363,297.39, 426.5017
117315,6.1289,0.003126,319.92, 426.5017
117316,6.1321,0.003228,309.82, 426.5017
117317,6.1353,0.003151,317.33, 426.5017
117318,6.1384,0.003239,308.76, 426.5017
117319,6.1416,0.003167,315.72, 426.5017
117320,6.1450,0.003275,305.34, 426.5017
117321,6.1482,0.003166,315.83, 426.5017
117322,6.1514,0.003218,310.75, 426.5017
117323,6.1545,0.003303,302.78, 426.5017
117324,6.1580,0.003280,304.87, 426.5017
117325,6.1611,0.003208,311.74, 426.5017
117326,6.1643,0.003207,311.80, 426.5017
117327,6.1675,0.003176,314.83, 426.5042
117328,6.1707,0.003269,305.88, 426.5020
117329,6.1738,0.003208,311.77, 426.5017
117330,6.1770,0.003159,316.60, 426.5017
117331,6.1804,0.003227,309.91, 426.5017
117332,6.1836,0.003322,301.00, 426.5017
117333,6.1873,0.003596,278.07, 426.5018
117334,6.1904,0.003148,317.64, 426.5017
117335,6.1936,0.003201,312.40, 426.5017
117336,6.1968,0.003109,321.67, 426.5023
117337,6.2000,0.003248,307.88, 426.5017
117338,6.2031,0.003231,309.50, 426.5017
117339,6.2065,0.003269,305.89, 426.5020
117340,6.2097,0.003213,311.27, 426.5017
117341,6.2129,0.003236,309.01, 426.5023
117342,6.2161,0.003242,308.50, 426.5017
117343,6.2195,0.003263,306.45, 426.5017
117344,6.2227,0.003197,312.84, 426.5017
117345,6.2258,0.003175,314.94, 426.5017
117346,6.2290,0.003203,312.22, 426.5017
117347,6.2322,0.003207,311.85, 426.5020
117348,6.2354,0.003197,312.84, 426.5017
117349,6.2385,0.003103,322.30, 426.5017
117350,6.2417,0.003171,315.36, 426.5017
117351,6.2449,0.003170,315.48, 426.5020
117352,6.2480,0.003262,306.58, 426.5017
117353,6.2512,0.003188,313.64, 426.5023
117354,6.2544,0.003210,311.53, 426.5017
117355,6.2576,0.003169,315.61, 426.5017
117356,6.2610,0.003205,312.01, 426.5017
117357,6.2642,0.003180,314.49, 426.5017
117358,6.2673,0.003201,312.37, 426.5017
117359,6.2705,0.003146,317.86, 426.5017
117360,6.2737,0.003192,313.31, 426.5017
117361,6.2769,0.003243,308.37, 426.5017
117362,6.2803,0.003564,280.60, 426.5017
117363,6.2839,0.003430,291.59, 426.5017
117364,6.2871,0.003225,310.05, 426.5076
117365,6.2905,0.003530,283.33, 426.5017
117366,6.2942,0.003556,281.19, 426.5017
117367,6.2976,0.003590,278.55, 426.5017
117368,6.3015,0.003675,272.09, 426.5017
117369,6.3052,0.003700,270.28, 426.5023
117370,6.3084,0.003267,306.07, 426.5017
117371,6.3115,0.003162,316.30, 426.5017
117372,6.3149,0.003296,303.36, 426.5017
117373,6.3181,0.003235,309.15, 426.5017
117374,6.3213,0.003253,307.39, 426.5017
117375,6.3245,0.003208,311.73, 426.5017
117376,6.3276,0.003228,309.82, 426.5017
117377,6.3311,0.003231,309.46, 426.5017
117378,6.3342,0.003341,299.30, 426.5020
117379,6.3374,0.003180,314.48, 426.5017
117380,6.3408,0.003233,309.36, 426.5017
117381,6.3440,0.003275,305.39, 426.5017
117382,6.3472,0.003210,311.57, 426.5017
117383,6.3503,0.003224,310.17, 426.5017
117384,6.3535,0.003181,314.42, 426.5017
117385,6.3569,0.003231,309.51, 426.5017
117386,6.3599,0.003123,320.23, 426.5017
117387,6.3633,0.003265,306.32, 426.5017
117388,6.3665,0.003117,320.84, 426.5017
117389,6.3696,0.003217,310.85, 426.5017
117390,6.3728,0.003230,309.65, 426.5017
117391,6.3760,0.003195,312.98, 426.5020
117392,6.3792,0.003120,320.52, 426.5020
117393,6.3823,0.003215,311.04, 426.5017
117394,6.3855,0.003177,314.73, 426.5017
117395,6.3887,0.003215,311.06, 426.5017
117396,6.3918,0.003130,319.45, 426.5066
117397,6.3950,0.003211,311.44, 426.5017
117398,6.3982,0.003200,312.54, 426.5017
117399,6.4016,0.003351,298.45, 426.5017
117400,6.4048,0.003262,306.53, 426.5017
117401,6.4080,0.003143,318.16, 426.5023
117402,6.4111,0.003202,312.27, 426.5017
117403,6.4143,0.003156,316.85, 426.5017
117404,6.4175,0.003166,315.86, 426.5017
117405,6.4207,0.003168,315.63, 426.5017
117406,6.4238,0.003208,311.72, 426.5017
117407,6.4270,0.003156,316.86, 426.5020
117408,6.4304,0.003304,302.68, 426.5020
117409,6.4336,0.003242,308.45, 426.5017
117410,6.4368,0.003188,313.67, 426.5017
117411,6.4399,0.003178,314.63, 426.5017
117412,6.4431,0.003223,310.28, 426.5017
117413,6.4463,0.003156,316.89, 426.5017
117414,6.4497,0.003301,302.94, 426.5017
117415,6.4529,0.003222,310.37, 426.5017
117416,6.4561,0.003202,312.31, 426.5017
117417,6.4592,0.003183,314.19, 426.5017
117418,6.4624,0.003172,315.29, 426.5017
117419,6.4658,0.003296,303.39, 426.5017
117420,6.4690,0.003199,312.63, 426.5017
117421,6.4722,0.003223,310.26, 426.5017
117422,6.4753,0.003168,315.69, 426.5020
117423,6.4785,0.003164,316.02, 426.5017
117424,6.4817,0.003165,315.99, 426.5017
117425,6.4849,0.003247,307.99, 426.5017
117426,6.4880,0.003081,324.54, 426.5017
117427,6.4912,0.003206,311.92, 426.5017
117428,6.4944,0.003108,321.75, 426.5017
117429,6.4976,0.003238,308.81, 426.5017
117430,6.5007,0.003203,312.23, 426.5017
117431,6.5039,0.003192,313.33, 426.5017
117432,6.5071,0.003155,316.99, 426.5017
117433,6.5103,0.003236,309.04, 426.5017
117434,6.5137,0.003285,304.44, 426.5017
117435,6.5168,0.003228,309.76, 426.5023
117436,6.5200,0.003193,313.23, 426.5017
117437,6.5232,0.003195,313.04, 426.5017
117438,6.5264,0.003217,310.82, 426.5017
117439,6.5298,0.003410,293.24, 426.5017
117440,6.5332,0.003327,300.60, 426.5017
117441,6.5364,0.003202,312.30, 426.5023
117442,6.5396,0.003218,310.78, 426.5017
117443,6.5427,0.003182,314.32, 426.5023
117444,6.5459,0.003226,310.03, 426.5017
117445,6.5491,0.003167,315.77, 426.5017
117446,6.5522,0.003176,314.88, 426.5017
117447,6.5554,0.003118,320.73, 426.5017
117448,6.5588,0.003299,303.12, 426.5017
117449,6.5620,0.003278,305.05, 426.5017
117450,6.5652,0.003227,309.91, 426.5017
117451,6.5684,0.003181,314.42, 426.5017
117452,6.5715,0.003151,317.34, 426.5017
117453,6.5747,0.003200,312.50, 426.5017
117454,6.5779,0.003172,315.28, 426.5017
117455,6.5811,0.003163,316.14, 426.5020
117456,6.5842,0.003163,316.12, 426.5020
117457,6.5874,0.003168,315.62, 426.5017
117458,6.5908,0.003257,307.01, 426.5017
117459,6.5940,0.003296,303.38, 426.5017
117460,6.5972,0.003134,319.10, 426.5020
117461,6.6003,0.003185,313.95, 426.5017
117462,6.6035,0.003183,314.13, 426.5023
117463,6.6067,0.003225,310.10, 426.5017
117464,6.6099,0.003196,312.91, 426.5017
117465,6.6133,0.003234,309.24, 426.5017
117466,6.6165,0.003185,314.01, 426.5017
117467,6.6196,0.003186,313.92, 426.5017
117468,6.6228,0.003242,308.43, 426.5017
117469,6.6260,0.003281,304.79, 426.5017
117470,6.6294,0.003278,305.06, 426.5017
117471,6.6326,0.003215,311.04, 426.5020
117472,6.6357,0.003200,312.47, 426.5017
117473,6.6389,0.003213,311.26, 426.5020
117474,6.6421,0.003205,312.01, 426.5017
117475,6.6455,0.003418,292.57, 426.5024
117476,6.6487,0.003183,314.16, 426.5017
117477,6.6519,0.003165,316.01, 426.5017
117478,6.6550,0.003183,314.18, 426.5017
117479,6.6582,0.003097,322.95, 426.5020
117480,6.6614,0.003233,309.30, 426.5017
117481,6.6648,0.003232,309.41, 426.5017
117482,6.6680,0.003194,313.09, 426.5023
117483,6.6711,0.003151,317.35, 426.5042
117484,6.6743,0.003238,308.83, 426.5017
117485,6.6775,0.003158,316.68, 426.5017
117486,6.6807,0.003184,314.07, 426.5017
117487,6.6838,0.003215,311.05, 426.5017
117488,6.6870,0.003163,316.13, 426.5017
117489,6.6902,0.003171,315.33, 426.5017
117490,6.6934,0.003162,316.23, 426.5017
117491,6.6965,0.003164,316.08, 426.5017
117492,6.6997,0.003190,313.44, 426.5017
117493,6.7029,0.003252,307.54, 426.5017
117494,6.7061,0.003165,315.99, 426.5023
117495,6.7092,0.003195,313.04, 426.5017
117496,6.7124,0.003136,318.87, 426.5020
117497,6.7156,0.003222,310.34, 426.5017
117498,6.7188,0.003212,311.36, 426.5017
117499,6.7222,0.003201,312.41, 426.5020
117500,6.7253,0.003163,316.15, 426.5017
117501,6.7285,0.003200,312.50, 426.5017
117502,6.7317,0.003147,317.72, 426.5017
117503,6.7349,0.003242,308.42, 426.5017
117504,6.7380,0.003188,313.70, 426.5017
117505,6.7412,0.003227,309.91, 426.5017
117506,6.7444,0.003219,310.69, 426.5017
117507,6.7478,0.003229,309.66, 426.5017
117508,6.7510,0.003208,311.74, 426.5017
117509,6.7542,0.003204,312.16, 426.5017
117510,6.7573,0.003141,318.39, 426.5017
117511,6.7603,0.003103,322.23, 426.5023
117512,6.7637,0.003240,308.65, 426.5017
117513,6.7668,0.003219,310.69, 426.5017
117514,6.7700,0.003233,309.27, 426.5017
117515,6.7732,0.003142,318.31, 426.5017
117516,6.7764,0.003225,310.11, 426.5017
117517,6.7798,0.003274,305.40, 426.5017
117518,6.7832,0.003561,280.82, 426.5020
117519,6.7864,0.003216,310.93, 426.5017
117520,6.7896,0.003225,310.06, 426.5017
117521,6.7930,0.003228,309.84, 426.5017
117522,6.7964,0.003382,295.72, 426.5020
117523,6.7996,0.003235,309.09, 426.5017
117524,6.8027,0.003193,313.19, 426.5023
117525,6.8059,0.003171,315.36, 426.5017
117526,6.8091,0.003189,313.60, 426.5017
117527,6.8123,0.003253,307.40, 426.5020
117528,6.8154,0.003202,312.27, 426.5017
117529,6.8186,0.003173,315.13, 426.5017
117530,6.8218,0.003150,317.46, 426.5042
117531,6.8250,0.003196,312.85, 426.5023
117532,6.8281,0.003135,318.95, 426.5020
117533,6.8313,0.003216,310.96, 426.5017
117534,6.8345,0.003106,321.94, 426.5017
117535,6.8376,0.003135,318.97, 426.5017
117536,6.8408,0.003106,321.99, 426.5017
117537,6.8440,0.003339,299.52, 426.5017
117538,6.8472,0.003167,315.79, 426.5017
117539,6.8506,0.003232,309.43, 426.5017
117540,6.8538,0.003161,316.34, 426.5110
117541,6.8567,0.003165,315.93, 426.5017
117542,6.8601,0.003202,312.27, 426.5017
117543,6.8633,0.003205,311.99, 426.5023
117544,6.8665,0.003181,314.42, 426.5017
117545,6.8696,0.003165,315.95, 426.5017
117546,6.8728,0.003201,312.36, 426.5017
117547,6.8760,0.003256,307.13, 426.5020
117548,6.8792,0.003227,309.93, 426.5017
117549,6.8823,0.003165,315.97, 426.5017
117550,6.8855,0.003185,313.98, 426.5020
117551,6.8887,0.003145,317.99, 426.5017
117552,6.8918,0.003223,310.24, 426.5017
117553,6.8950,0.003140,318.51, 426.5017
117554,6.8982,0.003186,313.87, 426.5017
117555,6.9014,0.003159,316.54, 426.5017
117556,6.9048,0.003281,304.82, 426.5017
117557,6.9080,0.003216,310.97, 426.5017
117558,6.9111,0.003197,312.81, 426.5017
117559,6.9143,0.003221,310.51, 426.5017
117560,6.9177,0.003262,306.56, 426.5017
117561,6.9209,0.003180,314.44, 426.5017
117562,6.9241,0.003187,313.81, 426.5017
117563,6.9272,0.003180,314.47, 426.5017
117564,6.9304,0.003194,313.08, 426.5017
117565,6.9336,0.003182,314.26, 426.5017
117566,6.9368,0.003189,313.56, 426.5017
117567,6.9399,0.003203,312.19, 426.5017
117568,6.9431,0.003171,315.39, 426.5017
117569,6.9463,0.003219,310.65, 426.5017
117570,6.9495,0.003201,312.37, 426.5017
117571,6.9526,0.003227,309.85, 426.5017
117572,6.9558,0.003140,318.51, 426.5023
117573,6.9590,0.003190,313.52, 426.5017
117574,6.9622,0.003155,316.96, 426.5017
117575,6.9656,0.003252,307.49, 426.5017
117576,6.9688,0.003197,312.75, 426.5017
117577,6.9719,0.003269,305.95, 426.5017
117578,6.9751,0.003256,307.17, 426.5017
117579,6.9785,0.003211,311.47, 426.5017
117580,6.9817,0.003167,315.79, 426.5020
117581,6.9849,0.003285,304.46, 426.5017
117582,6.9880,0.003133,319.17, 426.5017
117583,6.9912,0.003168,315.71, 426.5020
117584,6.9944,0.003223,310.26, 426.5017
117585,6.9976,0.003131,319.36, 426.5076
117586,7.0010,0.003428,291.71, 426.5020
117587,7.0044,0.003349,298.59, 426.5017
117588,7.0076,0.003248,307.91, 426.5017
117589,7.0107,0.003167,315.73, 426.5017
117590,7.0139,0.003302,302.86, 426.5020
117591,7.0173,0.003213,311.21, 426.5017
117592,7.0205,0.003227,309.90, 426.5017
117593,7.0237,0.003250,307.72, 426.5017
117594,7.0269,0.003200,312.50, 426.5017
117595,7.0300,0.003203,312.25, 426.5017
117596,7.0334,0.003266,306.19, 426.5017
117597,7.0366,0.003167,315.77, 426.5017
117598,7.0398,0.003166,315.84, 426.5017
117599,7.0430,0.003242,308.50, 426.5017
117600,7.0464,0.003343,299.18, 426.5017
117601,7.0496,0.003282,304.66, 426.5017
117602,7.0527,0.003157,316.74, 426.5017
117603,7.0559,0.003231,309.53, 426.5020
117604,7.0591,0.003136,318.87, 426.5017
117605,7.0623,0.003244,308.30, 426.5017
117606,7.0654,0.003136,318.84, 426.5020
117607,7.0686,0.003204,312.10, 426.5023
117608,7.0718,0.003186,313.85, 426.5017
117609,7.0752,0.003297,303.30, 426.5017
117610,7.0786,0.003485,286.95, 426.5017
117611,7.0818,0.003238,308.85, 426.5020
117612,7.0852,0.003204,312.13, 426.5020
117613,7.0884,0.003177,314.76, 426.5017
117614,7.0916,0.003201,312.45, 426.5017
117615,7.0947,0.003279,304.95, 426.5091
117616,7.0979,0.003258,306.95, 426.5017
117617,7.1013,0.003182,314.23, 426.5017
117618,7.1045,0.003189,313.55, 426.5042
117619,7.1074,0.003134,319.10, 426.5017
117620,7.1106,0.003184,314.06, 426.5017
117621,7.1138,0.003173,315.16, 426.5017
117622,7.1172,0.003209,311.63, 426.5017
117623,7.1204,0.003171,315.41, 426.5017
117624,7.1235,0.003353,298.21, 426.5091
117625,7.1270,0.003250,307.74, 426.5017
117626,7.1301,0.003251,307.64, 426.5017
117627,7.1333,0.003238,308.82, 426.5017
117628,7.1365,0.003176,314.91, 426.5017
117629,7.1396,0.003174,315.09, 426.5017
117630,7.1428,0.003199,312.62, 426.5017
117631,7.1460,0.003203,312.22, 426.5017
117632,7.1494,0.003207,311.87, 426.5017
117633,7.1526,0.003197,312.82, 426.5017
117634,7.1558,0.003200,312.46, 426.5017
117635,7.1589,0.003237,308.97, 426.5017
117636,7.1621,0.003208,311.74, 426.5017
117637,7.1653,0.003211,311.42, 426.5017
117638,7.1685,0.003151,317.39, 426.5017
117639,7.1716,0.003217,310.87, 426.5017
117640,7.1748,0.003169,315.53, 426.5020
117641,7.1780,0.003188,313.65, 426.5017
117642,7.1812,0.003119,320.65, 426.5017
117643,7.1846,0.003290,303.97, 426.5017
117644,7.1877,0.003242,308.44, 426.5017
117645,7.1909,0.003212,311.30, 426.5020
117646,7.1941,0.003125,320.04, 426.5061
117647,7.1973,0.003201,312.38, 426.5017
117648,7.2004,0.003193,313.18, 426.5017
117649,7.2039,0.003274,305.46, 426.5017
117650,7.2068,0.003167,315.80, 426.5017
117651,7.2102,0.003178,314.67, 426.5017
117652,7.2134,0.003250,307.71, 426.5017
117653,7.2166,0.003182,314.26, 426.5017
117654,7.2197,0.003195,313.02, 426.5017
117655,7.2229,0.003208,311.69, 426.5017
117656,7.2261,0.003228,309.82, 426.5017
117657,7.2295,0.003387,295.28, 426.5024
117658,7.2327,0.003234,309.25, 426.5017
117659,7.2361,0.003255,307.22, 426.5017
117660,7.2393,0.003204,312.08, 426.5017
117661,7.2424,0.003179,314.55, 426.5017
117662,7.2456,0.003178,314.68, 426.5017
117663,7.2488,0.003242,308.43, 426.5017
117664,7.2522,0.003256,307.13, 426.5017
117665,7.2554,0.003181,314.39, 426.5017
117666,7.2583,0.003153,317.16, 426.5017
117667,7.2617,0.003198,312.71, 426.5017
117668,7.2649,0.003288,304.11, 426.5017
117669,7.2681,0.003173,315.19, 426.5017
117670,7.2712,0.003138,318.70, 426.5017
117671,7.2744,0.003238,308.84, 426.5042
117672,7.2776,0.003135,318.97, 426.5020
117673,7.2815,0.003810,262.48, 426.5042
117674,7.2849,0.003420,292.38, 426.5017
117675,7.2881,0.003279,304.96, 426.5020
117676,7.2915,0.003494,286.24, 426.5042
117677,7.2949,0.003356,297.96, 426.5018
117678,7.2986,0.003581,279.24, 426.5042
117679,7.3020,0.003565,280.49, 426.5017
117680,7.3057,0.003615,276.65, 426.5023
117681,7.3091,0.003397,294.40, 426.5017
117682,7.3125,0.003360,297.65, 426.5017
117683,7.3157,0.003279,304.97, 426.5017
117684,7.3191,0.003286,304.32, 426.5017
117685,7.3223,0.003248,307.88, 426.5017
117686,7.3254,0.003231,309.51, 426.5017
117687,7.3289,0.003262,306.57, 426.5017
117688,7.3320,0.003211,311.44, 426.5017
117689,7.3352,0.003203,312.20, 426.5017
117690,7.3384,0.003130,319.45, 426.5017
117691,7.3416,0.003313,301.84, 426.5017
117692,7.3450,0.003312,301.92, 426.5017
117693,7.3484,0.003413,292.98, 426.5017
117694,7.3518,0.003497,285.97, 426.5017
117695,7.3552,0.003305,302.62, 426.5017
117696,7.3584,0.003317,301.46, 426.5017
117697,7.3618,0.003237,308.91, 426.5017
117698,7.3650,0.003240,308.62, 426.5017
117699,7.3682,0.003200,312.53, 426.5020
117700,7.3713,0.003180,314.51, 426.5017
117701,7.3745,0.003139,318.55, 426.5017
117702,7.3777,0.003238,308.80, 426.5017
117703,7.3809,0.003196,312.85, 426.5023
117704,7.3840,0.003199,312.60, 426.5017
117705,7.3872,0.003120,320.56, 426.5017
117706,7.3904,0.003198,312.68, 426.5017
117707,7.3936,0.003117,320.85, 426.5020
117708,7.3967,0.003192,313.28, 426.5017
117709,7.3999,0.003161,316.34, 426.5023
117710,7.4033,0.003383,295.56, 426.5017
117711,7.4065,0.003203,312.23, 426.5017
117712,7.4097,0.003221,310.45, 426.5017
117713,7.4128,0.003176,314.88, 426.5017
117714,7.4163,0.003295,303.46, 426.5023
117715,7.4194,0.003156,316.82, 426.5017
117716,7.4224,0.003162,316.28, 426.5017
117717,7.4258,0.003256,307.16, 426.5017
117718,7.4290,0.003133,319.14, 426.5023
117719,7.4321,0.003197,312.79, 426.5017
117720,7.4353,0.003175,314.99, 426.5023
117721,7.4385,0.003178,314.66, 426.5017
117722,7.4417,0.003179,314.56, 426.5020
117723,7.4448,0.003225,310.04, 426.5017
117724,7.4480,0.003122,320.34, 426.5017
117725,7.4512,0.003229,309.66, 426.5017
117726,7.4543,0.003158,316.62, 426.5017
117727,7.4575,0.003207,311.86, 426.5020
117728,7.4607,0.003165,316.01, 426.5017
117729,7.4639,0.003255,307.18, 426.5017
117730,7.4673,0.003211,311.41, 426.5023
117731,7.4705,0.003188,313.70, 426.5017
117732,7.4736,0.003168,315.69, 426.5023
117733,7.4768,0.003211,311.48, 426.5017
117734,7.4800,0.003146,317.89, 426.5020
117735,7.4832,0.003294,303.57, 426.5017
117736,7.4863,0.003203,312.17, 426.5017
117737,7.4895,0.003161,316.38, 426.5020
117738,7.4927,0.003208,311.76, 426.5017
117739,7.4959,0.003148,317.71, 426.5017
117740,7.4990,0.003225,310.07, 426.5017
117741,7.5024,0.003201,312.38, 426.5017
117742,7.5056,0.003208,311.76, 426.5017
117743,7.5085,0.003104,322.13, 426.5017
117744,7.5120,0.003215,311.08, 426.5017
117745,7.5151,0.003199,312.62, 426.5017
117746,7.5183,0.003218,310.72, 426.5017
117747,7.5215,0.003134,319.04, 426.5017
117748,7.5247,0.003193,313.21, 426.5020
117749,7.5276,0.003112,321.38, 426.5017
117750,7.5310,0.003306,302.45, 426.5017
117751,7.5344,0.003294,303.61, 426.5017
117752,7.5374,0.003146,317.85, 426.5017
117753,7.5405,0.003127,319.76, 426.5017
117754,7.5437,0.003207,311.86, 426.5017
117755,7.5469,0.003181,314.40, 426.5023
117756,7.5503,0.003209,311.67, 426.5020
117757,7.5535,0.003212,311.33, 426.5017
117758,7.5566,0.003165,315.98, 426.5017
117759,7.5598,0.003207,311.81, 426.5023
117760,7.5630,0.003175,314.95, 426.5017
117761,7.5662,0.003223,310.31, 426.5017
117762,7.5693,0.003149,317.53, 426.5017
117763,7.5725,0.003169,315.57, 426.5020
117764,7.5757,0.003117,320.83, 426.5017
117765,7.5789,0.003281,304.81, 426.5023
117766,7.5820,0.003169,315.60, 426.5017
117767,7.5852,0.003227,309.90, 426.5017
117768,7.5884,0.003182,314.23, 426.5017
117769,7.5916,0.003187,313.76, 426.5017
117770,7.5950,0.003305,302.56, 426.5017
117771,7.5981,0.003211,311.48, 426.5023
117772,7.6013,0.003154,317.03, 426.5017
117773,7.6045,0.003165,315.94, 426.5017
117774,7.6077,0.003160,316.49, 426.5017
117775,7.6108,0.003309,302.18, 426.5017
117776,7.6143,0.003203,312.22, 426.5017
117777,7.6172,0.003140,318.43, 426.5017
117778,7.6204,0.003177,314.77, 426.5017
117779,7.6235,0.003145,317.98, 426.5017
117780,7.6270,0.003401,294.07, 426.5017
117781,7.6301,0.003168,315.62, 426.5017
117782,7.6335,0.003269,305.87, 426.5017
117783,7.6367,0.003263,306.49, 426.5017
117784,7.6399,0.003251,307.61, 426.5017
117785,7.6433,0.003266,306.20, 426.5017
117786,7.6465,0.003266,306.18, 426.5017
117787,7.6497,0.003206,311.96, 426.5017
117788,7.6528,0.003194,313.07, 426.5017
117789,7.6560,0.003193,313.17, 426.5023
117790,7.6592,0.003176,314.90, 426.5017
117791,7.6626,0.003365,297.15, 426.5017
117792,7.6658,0.003256,307.13, 426.5017
117793,7.6692,0.003220,310.56, 426.5017
117794,7.6724,0.003211,311.44, 426.5017
117795,7.6755,0.003173,315.18, 426.5017
117796,7.6787,0.003119,320.57, 426.5017
117797,7.6819,0.003201,312.45, 426.5017
117798,7.6851,0.003194,313.09, 426.5017
117799,7.6885,0.003373,296.44, 426.5017
117800,7.6917,0.003217,310.88, 426.5017
117801,7.6948,0.003206,311.95, 426.5017
117802,7.6980,0.003200,312.51, 426.5017
117803,7.7012,0.003300,302.99, 426.5017
117804,7.7046,0.003181,314.42, 426.5135
117805,7.7075,0.003158,316.70, 426.5020
117806,7.7109,0.003193,313.21, 426.5017
117807,7.7141,0.003236,308.99, 426.5017
117808,7.7173,0.003190,313.51, 426.5017
117809,7.7205,0.003241,308.55, 426.5017
117810,7.7236,0.003236,309.06, 426.5017
117811,7.7268,0.003193,313.19, 426.5017
117812,7.7302,0.003304,302.65, 426.5017
117813,7.7334,0.003209,311.58, 426.5023
117814,7.7366,0.003253,307.42, 426.5017
117815,7.7397,0.003157,316.75, 426.5023
117816,7.7432,0.003210,311.49, 426.5017
117817,7.7461,0.003130,319.49, 426.5017
117818,7.7495,0.003256,307.11, 426.5017
117819,7.7527,0.003170,315.46, 426.5017
117820,7.7559,0.003193,313.19, 426.5017
117821,7.7590,0.003163,316.21, 426.5017
117822,7.7622,0.003198,312.66, 426.5017
117823,7.7654,0.003220,310.57, 426.5017
117824,7.7686,0.003221,310.48, 426.5017
117825,7.7717,0.003154,317.04, 426.5017
117826,7.7749,0.003213,311.26, 426.5020
117827,7.7781,0.003165,315.98, 426.5023
117828,7.7813,0.003187,313.80, 426.5017
117829,7.7844,0.003190,313.46, 426.5017
117830,7.7876,0.003120,320.52, 426.5023
117831,7.7908,0.003227,309.85, 426.5017
117832,7.7939,0.003144,318.07, 426.5017
117833,7.7971,0.003236,309.03, 426.5017
117834,7.8005,0.003196,312.87, 426.5017
117835,7.8037,0.003255,307.24, 426.5017
117836,7.8069,0.003125,319.96, 426.5017
117837,7.8101,0.003180,314.50, 426.5017
117838,7.8132,0.003229,309.66, 426.5017
117839,7.8164,0.003230,309.65, 426.5017
117840,7.8196,0.003243,308.34, 426.5017
117841,7.8230,0.003272,305.65, 426.5017
117842,7.8262,0.003219,310.70, 426.5017
117843,7.8293,0.003181,314.37, 426.5017
117844,7.8325,0.003176,314.87, 426.5017
117845,7.8357,0.003239,308.73, 426.5020
117846,7.8391,0.003215,311.07, 426.5017
117847,7.8423,0.003206,311.90, 426.5017
117848,7.8455,0.003193,313.19, 426.5017
117849,7.8486,0.003158,316.67, 426.5017
117850,7.8518,0.003205,311.98, 426.5017
117851,7.8550,0.003144,318.07, 426.5020
117852,7.8582,0.003154,317.02, 426.5017
117853,7.8611,0.003118,320.76, 426.5017
117854,7.8645,0.003218,310.76, 426.5023
117855,7.8674,0.003151,317.37, 426.5023
117856,7.8709,0.003247,308.02, 426.5017
117857,7.8740,0.003143,318.15, 426.5017
117858,7.8772,0.003223,310.31, 426.5023
117859,7.8806,0.003439,290.82, 426.5017
117860,7.8838,0.003239,308.73, 426.5017
117861,7.8870,0.003201,312.43, 426.5017
117862,7.8901,0.003204,312.09, 426.5017
117863,7.8936,0.003202,312.28, 426.5017
117864,7.8967,0.003178,314.66, 426.5017
117865,7.8997,0.003146,317.82, 426.5017
117866,7.9031,0.003222,310.40, 426.5017
117867,7.9063,0.003260,306.78, 426.5017
117868,7.9094,0.003154,317.11, 426.5017
117869,7.9126,0.003201,312.41, 426.5017
117870,7.9158,0.003168,315.68, 426.5017
117871,7.9189,0.003158,316.70, 426.5017
117872,7.9221,0.003165,316.00, 426.5017
117873,7.9253,0.003235,309.16, 426.5017
117874,7.9285,0.003108,321.74, 426.5017
117875,7.9316,0.003218,310.71, 426.5020
117876,7.9348,0.003160,316.47, 426.5017
117877,7.9380,0.003233,309.36, 426.5017
117878,7.9412,0.003233,309.31, 426.5017
117879,7.9446,0.003213,311.20, 426.5020
117880,7.9478,0.003150,317.49, 426.5017
117881,7.9509,0.003215,311.04, 426.5017
117882,7.9541,0.003239,308.78, 426.5023
117883,7.9575,0.003448,290.07, 426.5024
117884,7.9607,0.003136,318.92, 426.5017
117885,7.9639,0.003160,316.45, 426.5017
117886,7.9670,0.003269,305.94, 426.5017
117887,7.9705,0.003253,307.44, 426.5017
117888,7.9736,0.003235,309.12, 426.5017
117889,7.9768,0.003176,314.86, 426.5017
117890,7.9800,0.003212,311.29, 426.5017
117891,7.9832,0.003163,316.18, 426.5023
117892,7.9863,0.003191,313.42, 426.5023
117893,7.9895,0.003119,320.67, 426.5017
117894,7.9927,0.003277,305.18, 426.5017
117895,7.9959,0.003173,315.15, 426.5017
117896,7.9990,0.003206,311.92, 426.5017
117897,8.0022,0.003180,314.45, 426.5017
117898,8.0056,0.003202,312.33, 426.5017
117899,8.0088,0.003184,314.10, 426.5017
117900,8.0117,0.003136,318.86, 426.5017
117901,8.0151,0.003419,292.48, 426.5017
117902,8.0188,0.003461,288.92, 426.5017
117903,8.0220,0.003246,308.07, 426.5018
117904,8.0251,0.003116,320.94, 426.5017
117905,8.0283,0.003183,314.22, 426.5017
117906,8.0315,0.003196,312.86, 426.5017
117907,8.0347,0.003288,304.14, 426.5017
117908,8.0378,0.003124,320.08, 426.5017
117909,8.0410,0.003272,305.63, 426.5017
117910,8.0444,0.003228,309.80, 426.5017
117911,8.0476,0.003296,303.43, 426.5017
117912,8.0508,0.003254,307.33, 426.5017
117913,8.0542,0.003194,313.09, 426.5017
117914,8.0571,0.003139,318.58, 426.5017
117915,8.0605,0.003196,312.92, 426.5017
117916,8.0637,0.003215,311.06, 426.5017
117917,8.0669,0.003152,317.30, 426.5017
117918,8.0698,0.003143,318.19, 426.5017
117919,8.0732,0.003196,312.88, 426.5020
117920,8.0764,0.003251,307.64, 426.5017
117921,8.0798,0.003332,300.12, 426.5017
117922,8.0830,0.003269,305.89, 426.5018
117923,8.0862,0.003100,322.63, 426.5017
117924,8.0894,0.003192,313.29, 426.5017
117925,8.0925,0.003238,308.83, 426.5017
117926,8.0957,0.003309,302.17, 426.5017
117927,8.0991,0.003189,313.57, 426.5017
117928,8.1023,0.003221,310.46, 426.5017
117929,8.1055,0.003323,300.90, 426.5017
117930,8.1089,0.003320,301.23, 426.5017
117931,8.1121,0.003266,306.17, 426.5020
117932,8.1152,0.003193,313.17, 426.5020
117933,8.1187,0.003197,312.77, 426.5017
117934,8.1216,0.003170,315.47, 426.5017
117935,8.1250,0.003274,305.46, 426.5066
117936,8.1282,0.003264,306.41, 426.5017
117937,8.1316,0.003244,308.24, 426.5017
117938,8.1348,0.003184,314.09, 426.5017
117939,8.1379,0.003197,312.84, 426.5017
117940,8.1411,0.003188,313.69, 426.5017
117941,8.1443,0.003250,307.71, 426.5017
117942,8.1475,0.003147,317.76, 426.5017
117943,8.1509,0.003366,297.07, 426.5020
117944,8.1543,0.003438,290.85, 426.5017
117945,8.1575,0.003304,302.63, 426.5017
117946,8.1606,0.003185,314.00, 426.5017
117947,8.1641,0.003261,306.66, 426.5020
117948,8.1672,0.003208,311.76, 426.5017
117949,8.1704,0.003155,316.96, 426.5042
117950,8.1736,0.003182,314.26, 426.5017
117951,8.1768,0.003181,314.36, 426.5017
117952,8.1799,0.003245,308.21, 426.5017
117953,8.1834,0.003287,304.24, 426.5017
117954,8.1865,0.003192,313.31, 426.5017
117955,8.1895,0.003098,322.79, 426.5023
117956,8.1926,0.003185,313.93, 426.5017
117957,8.1958,0.003136,318.93, 426.5017
117958,8.1990,0.003202,312.30, 426.5017
117959,8.2024,0.003240,308.63, 426.5017
117960,8.2056,0.003205,312.03, 426.5017
117961,8.2087,0.003155,316.99, 426.5023
117962,8.2119,0.003199,312.57, 426.5017
117963,8.2151,0.003147,317.72, 426.5017
117964,8.2183,0.003228,309.76, 426.5017
117965,8.2214,0.003180,314.50, 426.5017
117966,8.2246,0.003183,314.20, 426.5017
117967,8.2278,0.003172,315.27, 426.5017
117968,8.2310,0.003212,311.32, 426.5017
117969,8.2341,0.003244,308.27, 426.5017
117970,8.2373,0.003153,317.17, 426.5017
117971,8.2407,0.003225,310.04, 426.5017
117972,8.2439,0.003173,315.18, 426.5017
117973,8.2471,0.003200,312.52, 426.5023
117974,8.2502,0.003179,314.52, 426.5017
117975,8.2537,0.003426,291.85, 426.5017
117976,8.2568,0.003146,317.89, 426.5017
117977,8.2600,0.003261,306.62, 426.5017
117978,8.2632,0.003233,309.27, 426.5017
117979,8.2666,0.003253,307.42, 426.5017
117980,8.2698,0.003172,315.26, 426.5023
117981,8.2729,0.003201,312.40, 426.5017
117982,8.2761,0.003158,316.63, 426.5017
117983,8.2793,0.003399,294.23, 426.5017
117984,8.2830,0.003608,277.14, 426.5017
117985,8.2864,0.003301,302.94, 426.5020
117986,8.2898,0.003384,295.55, 426.5017
117987,8.2930,0.003334,299.93, 426.5017
117988,8.2966,0.003595,278.16, 426.5017
117989,8.3003,0.003664,272.90, 426.5017
117990,8.3040,0.003564,280.58, 426.5017
117991,8.3071,0.003310,302.08, 426.5017
117992,8.3105,0.003249,307.76, 426.5017
117993,8.3137,0.003313,301.83, 426.5017
117994,8.3169,0.003236,309.06, 426.5017
117995,8.3203,0.003267,306.13, 426.5017
117996,8.3235,0.003147,317.75, 426.5017
117997,8.3267,0.003225,310.09, 426.5017
117998,8.3298,0.003192,313.30, 426.5017
117999,8.3330,0.003197,312.82, 426.5017
118000,8.3362,0.003234,309.18, 426.5017
118001,8.3394,0.003177,314.80, 426.5017
118002,8.3425,0.003195,313.04, 426.5017
118003,8.3457,0.003208,311.74, 426.5017
118004,8.3489,0.003151,317.38, 426.5017
118005,8.3523,0.003216,310.91, 426.5017
118006,8.3555,0.003195,313.00, 426.5017
118007,8.3586,0.003272,305.62, 426.5023
118008,8.3618,0.003276,305.23, 426.5017
118009,8.3652,0.003187,313.80, 426.5017
118010,8.3684,0.003202,312.31, 426.5017
118011,8.3713,0.003134,319.10, 426.5017
118012,8.3748,0.003209,311.64, 426.5017
118013,8.3777,0.003076,325.09, 426.5306
118014,8.3813,0.003683,271.51, 426.5017
118015,8.3845,0.003166,315.89, 426.5017
118016,8.3877,0.003228,309.80, 426.5020
118017,8.3911,0.003191,313.43, 426.5017
118018,8.3943,0.003210,311.50, 426.5017
118019,8.3975,0.003196,312.91, 426.5017
118020,8.4009,0.003356,297.94, 426.5017
118021,8.4041,0.003260,306.80, 426.5017
118022,8.4072,0.003301,302.95, 426.5017
118023,8.4106,0.003223,310.31, 426.5017
118024,8.4138,0.003178,314.63, 426.5017
118025,8.4170,0.003195,312.96, 426.5017
118026,8.4202,0.003164,316.03, 426.5017
118027,8.4233,0.003245,308.18, 426.5017
118028,8.4265,0.003092,323.44, 426.5017
118029,8.4297,0.003167,315.72, 426.5017
118030,8.4329,0.003173,315.18, 426.5017
118031,8.4360,0.003212,311.36, 426.5017
118032,8.4392,0.003159,316.52, 426.5017
118033,8.4424,0.003183,314.13, 426.5017
118034,8.4456,0.003164,316.05, 426.5017
118035,8.4487,0.003240,308.63, 426.5017
118036,8.4519,0.003261,306.66, 426.5017
118037,8.4553,0.003261,306.70, 426.5017
118038,8.4585,0.003226,309.97, 426.5017
118039,8.4617,0.003171,315.35, 426.5017
118040,8.4648,0.003248,307.86, 426.5017
118041,8.4680,0.003187,313.78, 426.5017
118042,8.4712,0.003205,312.01, 426.5017
118043,8.4744,0.003155,316.94, 426.5017
118044,8.4778,0.003249,307.82, 426.5017
118045,8.4807,0.003141,318.33, 426.5017
118046,8.4841,0.003272,305.66, 426.5017
118047,8.4873,0.003239,308.76, 426.5020
118048,8.4905,0.003231,309.49, 426.5017
118049,8.4937,0.003150,317.43, 426.5017
118050,8.4968,0.003213,311.20, 426.5017
118051,8.5000,0.003178,314.71, 426.5017
118052,8.5034,0.003230,309.60, 426.5017
118053,8.5063,0.003127,319.82, 426.5017
118054,8.5098,0.003211,311.46, 426.5017
118055,8.5129,0.003192,313.28, 426.5017
118056,8.5161,0.003221,310.48, 426.5017
118057,8.5193,0.003193,313.18, 426.5017
118058,8.5225,0.003200,312.47, 426.5017
118059,8.5256,0.003234,309.24, 426.5020
118060,8.5288,0.003144,318.09, 426.5017
118061,8.5320,0.003217,310.87, 426.5017
118062,8.5354,0.003223,310.25, 426.5017
118063,8.5386,0.003209,311.64, 426.5017
118064,8.5417,0.003146,317.86, 426.5017
118065,8.5449,0.003183,314.18, 426.5017
118066,8.5481,0.003153,317.21, 426.5017
118067,8.5513,0.003200,312.52, 426.5017
118068,8.5544,0.003170,315.46, 426.5017
118069,8.5576,0.003248,307.84, 426.5020
118070,8.5608,0.003161,316.33, 426.5017
118071,8.5640,0.003310,302.14, 426.5017
118072,8.5674,0.003240,308.65, 426.5017
118073,8.5706,0.003242,308.44, 426.5020
118074,8.5737,0.003172,315.23, 426.5023
118075,8.5769,0.003156,316.83, 426.5023
118076,8.5801,0.003178,314.62, 426.5023
118077,8.5835,0.003396,294.47, 426.5020
118078,8.5867,0.003194,313.13, 426.5017
118079,8.5898,0.003134,319.12, 426.5023
118080,8.5930,0.003252,307.52, 426.5017
118081,8.5962,0.003145,317.98, 426.5020
118082,8.5994,0.003210,311.58, 426.5017
118083,8.6025,0.003148,317.66, 426.5020
118084,8.6057,0.003162,316.26, 426.5017
118085,8.6089,0.003088,323.82, 426.5017
118086,8.6121,0.003340,299.40, 426.5017
118087,8.6155,0.003271,305.71, 426.5023
118088,8.6187,0.003234,309.21, 426.5017
118089,8.6218,0.003188,313.68, 426.5017
118090,8.6252,0.003331,300.26, 426.5017
118091,8.6284,0.003268,305.97, 426.5164
118092,8.6316,0.003262,306.61, 426.5017
118093,8.6348,0.003169,315.59, 426.5017
118094,8.6379,0.003202,312.32, 426.5017
118095,8.6416,0.003475,287.75, 426.5020
118096,8.6448,0.003198,312.72, 426.5020
118097,8.6479,0.003172,315.25, 426.5017
118098,8.6511,0.003141,318.39, 426.5017
118099,8.6543,0.003179,314.57, 426.5017
118100,8.6575,0.003137,318.77, 426.5017
118101,8.6606,0.003275,305.32, 426.5017
118102,8.6638,0.003235,309.10, 426.5017
118103,8.6670,0.003233,309.28, 426.5020
118104,8.6702,0.003155,317.01, 426.5017
118105,8.6733,0.003202,312.28, 426.5017
118106,8.6768,0.003183,314.21, 426.5017
118107,8.6799,0.003182,314.28, 426.5017
118108,8.6831,0.003197,312.77, 426.5017
118109,8.6863,0.003185,313.95, 426.5017
118110,8.6895,0.003197,312.81, 426.5017
118111,8.6926,0.003202,312.27, 426.5023
118112,8.6958,0.003222,310.34, 426.5017
118113,8.6990,0.003148,317.66, 426.5017
118114,8.7021,0.003217,310.81, 426.5017
118115,8.7056,0.003311,301.99, 426.5020
118116,8.7087,0.003291,303.86, 426.5017
118117,8.7119,0.003171,315.32, 426.5017
118118,8.7153,0.003263,306.45, 426.5017
118119,8.7183,0.003144,318.03, 426.5017
118120,8.7217,0.003222,310.36, 426.5017
118121,8.7249,0.003161,316.36, 426.5017
118122,8.7280,0.003262,306.59, 426.5017
118123,8.7312,0.003173,315.20, 426.5017
118124,8.7344,0.003294,303.63, 426.5017
118125,8.7378,0.003298,303.22, 426.5017
118126,8.7410,0.003233,309.33, 426.5017
118127,8.7441,0.003199,312.64, 426.5017
118128,8.7473,0.003130,319.50, 426.5017
118129,8.7505,0.003201,312.40, 426.5017
118130,8.7537,0.003184,314.09, 426.5023
118131,8.7568,0.003172,315.29, 426.5017
118132,8.7600,0.003127,319.83, 426.5017
118133,8.7632,0.003273,305.50, 426.5023
118134,8.7666,0.003249,307.82, 426.5023
118135,8.7698,0.003186,313.90, 426.5642
118136,8.7729,0.003110,321.56, 426.5020
118137,8.7761,0.003163,316.12, 426.5017
118138,8.7791,0.003127,319.84, 426.5017
118139,8.7825,0.003222,310.35, 426.5023
118140,8.7854,0.003132,319.28, 426.5017
118141,8.7888,0.003240,308.69, 426.5017
118142,8.7920,0.003190,313.53, 426.5017
118143,8.7952,0.003218,310.77, 426.5017
118144,8.7983,0.003236,309.06, 426.5017
118145,8.8015,0.003261,306.67, 426.5017
118146,8.8052,0.003476,287.66, 426.5018
118147,8.8084,0.003172,315.25, 426.5020
118148,8.8115,0.003187,313.81, 426.5018
118149,8.8147,0.003119,320.60, 426.5017
118150,8.8179,0.003219,310.64, 426.5017
118151,8.8210,0.003136,318.91, 426.5017
118152,8.8242,0.003208,311.70, 426.5017
118153,8.8271,0.003114,321.13, 426.5017
118154,8.8306,0.003291,303.89, 426.5017
118155,8.8337,0.003254,307.36, 426.5017
118156,8.8372,0.003230,309.56, 426.5017
118157,8.8401,0.003134,319.07, 426.5017
118158,8.8435,0.003303,302.74, 426.5017
118159,8.8467,0.003213,311.24, 426.5017
118160,8.8499,0.003195,313.03, 426.5023
118161,8.8530,0.003132,319.32, 426.5042
118162,8.8562,0.003193,313.16, 426.5017
118163,8.8594,0.003150,317.46, 426.5017
118164,8.8625,0.003204,312.14, 426.5017
118165,8.8660,0.003300,303.08, 426.5017
118166,8.8691,0.003200,312.47, 426.5017
118167,8.8723,0.003173,315.14, 426.5017
118168,8.8752,0.003119,320.57, 426.5017
118169,8.8784,0.003143,318.17, 426.5017
118170,8.8816,0.003144,318.11, 426.5017
118171,8.8848,0.003223,310.23, 426.5017
118172,8.8879,0.003113,321.27, 426.5020
118173,8.8911,0.003199,312.56, 426.5017
118174,8.8943,0.003159,316.56, 426.5017
118175,8.8977,0.003386,295.31, 426.5017
118176,8.9009,0.003187,313.81, 426.5020
118177,8.9041,0.003260,306.76, 426.5017
118178,8.9075,0.003189,313.56, 426.5017
118179,8.9106,0.003267,306.09, 426.5017
118180,8.9138,0.003217,310.89, 426.5017
118181,8.9170,0.003225,310.12, 426.5017
118182,8.9202,0.003213,311.22, 426.5017
118183,8.9236,0.003347,298.80, 426.5017
118184,8.9268,0.003168,315.63, 426.5018
118185,8.9299,0.003139,318.54, 426.5017
118186,8.9331,0.003223,310.30, 426.5017
118187,8.9363,0.003239,308.77, 426.5017
118188,8.9397,0.003220,310.56, 426.5017
118189,8.9429,0.003232,309.41, 426.5017
118190,8.9460,0.003222,310.41, 426.5017
118191,8.9492,0.003140,318.43, 426.5020
118192,8.9524,0.003250,307.73, 426.5017
118193,8.9556,0.003145,317.95, 426.5017
118194,8.9590,0.003273,305.54, 426.5017
118195,8.9622,0.003227,309.90, 426.5017
118196,8.9653,0.003284,304.48, 426.5017
118197,8.9688,0.003436,291.03, 426.5017
118198,8.9722,0.003321,301.15, 426.5017
118199,8.9753,0.003184,314.09, 426.5020
118200,8.9785,0.003206,311.90, 426.5017
118201,8.9817,0.003216,310.99, 426.5017
118202,8.9851,0.003316,301.55, 426.5017
118203,8.9885,0.003512,284.77, 426.5023
118204,8.9917,0.003134,319.10, 426.5017
118205,8.9949,0.003194,313.13, 426.5017
118206,8.9980,0.003161,316.40, 426.5020
118207,9.0012,0.003269,305.93, 426.5017
118208,9.0046,0.003252,307.49, 426.5017
118209,9.0078,0.003209,311.66, 426.5017
118210,9.0110,0.003294,303.56, 426.5017
118211,9.0144,0.003316,301.57, 426.5017
118212,9.0176,0.003239,308.77, 426.5023
118213,9.0210,0.003249,307.79, 426.5017
118214,9.0242,0.003239,308.78, 426.5017
118215,9.0273,0.003152,317.30, 426.5017
118216,9.0308,0.003421,292.35, 426.5017
118217,9.0342,0.003544,282.17, 426.5017
118218,9.0376,0.003358,297.83, 426.5017
118219,9.0408,0.003191,313.36, 426.5023
118220,9.0439,0.003235,309.11, 426.5017
118221,9.0471,0.003177,314.74, 426.5017
118222,9.0505,0.003263,306.51, 426.5017
118223,9.0537,0.003186,313.86, 426.5017
118224,9.0569,0.003158,316.71, 426.5023
118225,9.0601,0.003173,315.20, 426.5017
118226,9.0632,0.003302,302.87, 426.5017
118227,9.0667,0.003466,288.54, 426.5023
118228,9.0698,0.003172,315.28, 426.5017
118229,9.0732,0.003226,309.98, 426.5017
118230,9.0764,0.003181,314.36, 426.5020
118231,9.0796,0.003265,306.33, 426.5020
118232,9.0828,0.003213,311.26, 426.5020
118233,9.0859,0.003217,310.86, 426.5017
118234,9.0891,0.003176,314.89, 426.5017
118235,9.0928,0.003462,288.84, 426.5017
118236,9.0959,0.003329,300.38, 426.5017
118237,9.0991,0.003248,307.86, 426.5017
118238,9.1025,0.003200,312.51, 426.5017
118239,9.1057,0.003196,312.88, 426.5017
118240,9.1089,0.003278,305.04, 426.5017
118241,9.1121,0.003208,311.74, 426.5017
118242,9.1152,0.003225,310.08, 426.5017
118243,9.1184,0.003175,314.95, 426.5017
118244,9.1218,0.003399,294.17, 426.5017
118245,9.1252,0.003357,297.86, 426.5017
118246,9.1284,0.003226,309.97, 426.5017
118247,9.1316,0.003134,319.07, 426.5017
118248,9.1348,0.003241,308.58, 426.5017
118249,9.1382,0.003285,304.38, 426.5017
118250,9.1414,0.003280,304.84, 426.5017
118251,9.1448,0.003207,311.86, 426.5017
118252,9.1479,0.003292,303.77, 426.5017
118253,9.1511,0.003183,314.22, 426.5017
118254,9.1543,0.003214,311.18, 426.5017
118255,9.1575,0.003159,316.61, 426.5017
118256,9.1606,0.003173,315.18, 426.5017
118257,9.1638,0.003229,309.67, 426.5017
118258,9.1670,0.003169,315.60, 426.5017
118259,9.1704,0.003268,306.04, 426.5023
118260,9.1736,0.003153,317.20, 426.5020
118261,9.1768,0.003249,307.82, 426.5017
118262,9.1799,0.003142,318.31, 426.5017
118263,9.1831,0.003284,304.48, 426.5017
118264,9.1863,0.003197,312.82, 426.5017
118265,9.1897,0.003217,310.83, 426.5017
118266,9.1926,0.003116,320.93, 426.5017
118267,9.1958,0.003167,315.81, 426.5017
118268,9.1990,0.003140,318.45, 426.5017
118269,9.2024,0.003356,298.02, 426.5017
118270,9.2056,0.003228,309.78, 426.5017
118271,9.2087,0.003187,313.81, 426.5017
118272,9.2119,0.003225,310.07, 426.5017
118273,9.2153,0.003321,301.11, 426.5017
118274,9.2185,0.003210,311.55, 426.5017
118275,9.2217,0.003151,317.35, 426.5017
118276,9.2249,0.003183,314.17, 426.5017
118277,9.2280,0.003162,316.22, 426.5017
118278,9.2314,0.003325,300.80, 426.5017
118279,9.2346,0.003164,316.09, 426.5017
118280,9.2378,0.003166,315.84, 426.5017
118281,9.2407,0.003150,317.47, 426.5017
118282,9.2441,0.003269,305.93, 426.5017
118283,9.2473,0.003190,313.49, 426.5017
118284,9.2505,0.003289,304.03, 426.5017
118285,9.2539,0.003248,307.91, 426.5017
118286,9.2571,0.003155,316.98, 426.5017
118287,9.2603,0.003157,316.72, 426.5017
118288,9.2634,0.003243,308.39, 426.5017
118289,9.2666,0.003212,311.35, 426.5017
118290,9.2698,0.003244,308.25, 426.5042
118291,9.2729,0.003197,312.79, 426.5017
118292,9.2761,0.003119,320.60, 426.5017
118293,9.2793,0.003211,311.39, 426.5017
118294,9.2827,0.003250,307.66, 426.5017
118295,9.2859,0.003221,310.46, 426.5017
118296,9.2891,0.003156,316.82, 426.5017
118297,9.2922,0.003220,310.56, 426.5017
118298,9.2957,0.003530,283.33, 426.5017
118299,9.2993,0.003465,288.64, 426.5024
118300,9.3025,0.003279,304.96, 426.5017
118301,9.3059,0.003535,282.92, 426.5017
118302,9.3098,0.003768,265.41, 426.5023
118303,9.3135,0.003720,268.80, 426.5017
118304,9.3171,0.003509,284.97, 426.5017
118305,9.3203,0.003270,305.78, 426.5017
118306,9.3237,0.003357,297.90, 426.5017
118307,9.3269,0.003243,308.38, 426.5017
118308,9.3303,0.003491,286.47, 426.5021
118309,9.3337,0.003280,304.88, 426.5020
118310,9.3369,0.003297,303.31, 426.5018
118311,9.3401,0.003135,319.01, 426.5179
118312,9.3433,0.003204,312.07, 426.5017
118313,9.3467,0.003268,305.99, 426.5017
118314,9.3499,0.003237,308.89, 426.5017
118315,9.3530,0.003257,307.05, 426.5017
118316,9.3562,0.003243,308.39, 426.5017
118317,9.3596,0.003285,304.41, 426.5017
118318,9.3628,0.003182,314.23, 426.5066
118319,9.3660,0.003274,305.41, 426.5017
118320,9.3691,0.003189,313.55, 426.5017
118321,9.3726,0.003239,308.75, 426.5017
118322,9.3757,0.003192,313.26, 426.5017
118323,9.3789,0.003167,315.78, 426.5017
118324,9.3821,0.003205,312.01, 426.5017
118325,9.3853,0.003250,307.73, 426.5017
118326,9.3887,0.003337,299.69, 426.5017
118327,9.3918,0.003218,310.76, 426.5017
118328,9.3953,0.003341,299.34, 426.5017
118329,9.3984,0.003144,318.05, 426.5017
118330,9.4019,0.003425,291.96, 426.5017
118331,9.4050,0.003280,304.92, 426.5017
118332,9.4082,0.003238,308.87, 426.5023
118333,9.4114,0.003165,315.93, 426.5017
118334,9.4148,0.003250,307.65, 426.5017
118335,9.4180,0.003190,313.51, 426.5017
118336,9.4211,0.003309,302.20, 426.5017
118337,9.4243,0.003244,308.31, 426.5023
118338,9.4277,0.003196,312.88, 426.5017
118339,9.4309,0.003189,313.56, 426.5017
118340,9.4341,0.003222,310.36, 426.5017
118341,9.4373,0.003211,311.41, 426.5017
118342,9.4404,0.003200,312.49, 426.5017
118343,9.4441,0.003560,280.92, 426.5020
118344,9.4473,0.003159,316.61, 426.5020
118345,9.4504,0.003218,310.77, 426.5017
118346,9.4536,0.003227,309.91, 426.5017
118347,9.4568,0.003203,312.19, 426.5017
118348,9.4600,0.003143,318.17, 426.5020
118349,9.4631,0.003206,311.88, 426.5017
118350,9.4663,0.003179,314.60, 426.5017
118351,9.4697,0.003272,305.64, 426.5017
118352,9.4729,0.003192,313.24, 426.5017
118353,9.4761,0.003179,314.61, 426.5017
118354,9.4792,0.003173,315.12, 426.5017
118355,9.4824,0.003269,305.89, 426.5017
118356,9.4856,0.003226,309.97, 426.5017
118357,9.4888,0.003189,313.55, 426.5017
118358,9.4919,0.003191,313.37, 426.5017
118359,9.4951,0.003143,318.14, 426.5017
118360,9.4983,0.003209,311.61, 426.5023
118361,9.5015,0.003186,313.89, 426.5017
118362,9.5046,0.003186,313.91, 426.5017
118363,9.5078,0.003095,323.10, 426.5020
118364,9.5110,0.003205,312.05, 426.5017
118365,9.5142,0.003170,315.44, 426.5017
118366,9.5173,0.003225,310.06, 426.5017
118367,9.5205,0.003140,318.47, 426.5023
118368,9.5237,0.003192,313.28, 426.5017
118369,9.5269,0.003096,323.05, 426.5020
118370,9.5303,0.003435,291.15, 426.5017
118371,9.5334,0.003242,308.48, 426.5017
118372,9.5369,0.003229,309.73, 426.5017
118373,9.5400,0.003186,313.84, 426.5017
118374,9.5432,0.003338,299.62, 426.5017
118375,9.5466,0.003377,296.13, 426.5017
118376,9.5498,0.003191,313.39, 426.5017
118377,9.5530,0.003210,311.50, 426.5017
118378,9.5562,0.003156,316.89, 426.5017
118379,9.5596,0.003257,307.03, 426.5017
118380,9.5627,0.003165,315.93, 426.5017
118381,9.5659,0.003300,303.07, 426.5017
118382,9.5691,0.003113,321.22, 426.5017
118383,9.5723,0.003219,310.65, 426.5020
118384,9.5754,0.003131,319.35, 426.5017
118385,9.5786,0.003202,312.34, 426.5017
118386,9.5818,0.003148,317.68, 426.5017
118387,9.5850,0.003260,306.77, 426.5017
118388,9.5881,0.003168,315.70, 426.5017
118389,9.5916,0.003312,301.91, 426.5017
118390,9.5947,0.003248,307.87, 426.5017
118391,9.5979,0.003182,314.30, 426.5020
118392,9.6011,0.003162,316.22, 426.5023
118393,9.6042,0.003249,307.75, 426.5017
118394,9.6077,0.003245,308.19, 426.5017
118395,9.6108,0.003206,311.96, 426.5017
118396,9.6140,0.003226,310.00, 426.5017
118397,9.6172,0.003169,315.59, 426.5017
118398,9.6204,0.003202,312.31, 426.5017
118399,9.6235,0.003154,317.07, 426.5020
118400,9.6267,0.003223,310.30, 426.5017
118401,9.6299,0.003117,320.81, 426.5020
118402,9.6333,0.003314,301.74, 426.5017
118403,9.6365,0.003286,304.28, 426.5017
118404,9.6396,0.003265,306.25, 426.5042
118405,9.6431,0.003221,310.45, 426.5017
118406,9.6462,0.003214,311.15, 426.5017
118407,9.6494,0.003233,309.33, 426.5017
118408,9.6526,0.003238,308.88, 426.5017
118409,9.6558,0.003188,313.67, 426.5017
118410,9.6589,0.003188,313.71, 426.5017
118411,9.6621,0.003188,313.64, 426.5017
118412,9.6655,0.003185,313.94, 426.5017
118413,9.6687,0.003256,307.09, 426.5017
118414,9.6719,0.003182,314.29, 426.5017
118415,9.6750,0.003206,311.89, 426.5020
118416,9.6782,0.003154,317.03, 426.5017
118417,9.6814,0.003198,312.73, 426.5017
118418,9.6846,0.003160,316.48, 426.5017
118419,9.6877,0.003185,314.01, 426.5017
118420,9.6909,0.003145,317.94, 426.5017
118421,9.6943,0.003366,297.07, 426.5017
118422,9.6975,0.003239,308.72, 426.5017
118423,9.7007,0.003264,306.42, 426.5017
118424,9.7041,0.003276,305.28, 426.5017
118425,9.7073,0.003215,311.08, 426.5017
118426,9.7104,0.003214,311.10, 426.5017
118427,9.7136,0.003162,316.29, 426.5020
118428,9.7168,0.003231,309.52, 426.5017
118429,9.7202,0.003230,309.63, 426.5017
118430,9.7234,0.003249,307.82, 426.5017
118431,9.7266,0.003127,319.80, 426.5017
118432,9.7297,0.003249,307.75, 426.5023
118433,9.7329,0.003155,316.99, 426.5023
118434,9.7361,0.003211,311.39, 426.5017
118435,9.7393,0.003098,322.77, 426.5023
118436,9.7424,0.003190,313.50, 426.5017
118437,9.7456,0.003188,313.72, 426.5017
118438,9.7488,0.003301,302.93, 426.5017
118439,9.7520,0.003206,311.93, 426.5017
118440,9.7554,0.003203,312.23, 426.5017
118441,9.7583,0.003131,319.43, 426.5164
118442,9.7617,0.003280,304.87, 426.5023
118443,9.7649,0.003216,310.97, 426.5023
118444,9.7681,0.003182,314.27, 426.5020
118445,9.7712,0.003182,314.25, 426.5023
118446,9.7744,0.003158,316.69, 426.5017
118447,9.7776,0.003142,318.24, 426.5017
118448,9.7810,0.003358,297.82, 426.5017
118449,9.7842,0.003377,296.11, 426.5017
118450,9.7876,0.003210,311.56, 426.5020
118451,9.7908,0.003193,313.17, 426.5017
118452,9.7939,0.003130,319.54, 426.5017
118453,9.7971,0.003261,306.68, 426.5017
118454,9.8003,0.003228,309.82, 426.5017
118455,9.8035,0.003245,308.16, 426.5020
118456,9.8069,0.003438,290.86, 426.5018
118457,9.8103,0.003252,307.47, 426.5017
118458,9.8135,0.003221,310.47, 426.5023
118459,9.8167,0.003196,312.86, 426.5020
118460,9.8198,0.003114,321.10, 426.5017
118461,9.8230,0.003112,321.32, 426.5017
118462,9.8262,0.003164,316.08, 426.5017
118463,9.8293,0.003259,306.84, 426.5020
118464,9.8325,0.003212,311.33, 426.5017
118465,9.8357,0.003266,306.19, 426.5017
118466,9.8389,0.003191,313.41, 426.5017
118467,9.8420,0.003160,316.48, 426.5020
118468,9.8455,0.003230,309.58, 426.5017
118469,9.8486,0.003153,317.12, 426.5017
118470,9.8518,0.003202,312.35, 426.5023
118471,9.8550,0.003146,317.84, 426.5017
118472,9.8582,0.003216,310.96, 426.5017
118473,9.8613,0.003149,317.52, 426.5017
118474,9.8645,0.003308,302.32, 426.5017
118475,9.8677,0.003180,314.43, 426.5017
118476,9.8711,0.003280,304.90, 426.5017
118477,9.8743,0.003186,313.85, 426.5023
118478,9.8774,0.003143,318.20, 426.5125
118479,9.8806,0.003169,315.59, 426.5023
118480,9.8838,0.003217,310.81, 426.5017
118481,9.8870,0.003282,304.72, 426.5017
118482,9.8904,0.003272,305.60, 426.5017
118483,9.8936,0.003175,314.99, 426.5017
118484,9.8965,0.003102,322.35, 426.5017
118485,9.8999,0.003294,303.63, 426.5017
118486,9.9031,0.003193,313.17, 426.5023
118487,9.9063,0.003239,308.74, 426.5017
118488,9.9094,0.003067,326.09, 426.5017
118489,9.9126,0.003169,315.61, 426.5020
118490,9.9155,0.003107,321.88, 426.5017
118491,9.9187,0.003189,313.62, 426.5023
118492,9.9219,0.003121,320.38, 426.5017
118493,9.9250,0.003187,313.78, 426.5020
118494,9.9282,0.003137,318.81, 426.5017
118495,9.9314,0.003190,313.50, 426.5017
118496,9.9346,0.003203,312.23, 426.5017
118497,9.9380,0.003239,308.72, 426.5017
118498,9.9412,0.003240,308.62, 426.5017
118499,9.9443,0.003311,302.03, 426.5020
118500,9.9478,0.003193,313.22, 426.5017
118501,9.9509,0.003281,304.78, 426.5017
118502,9.9543,0.003318,301.37, 426.5017
118503,9.9573,0.003132,319.32, 426.5017
118504,9.9604,0.003164,316.08, 426.5017
118505,9.9636,0.003152,317.23, 426.5020
118506,9.9670,0.003327,300.54, 426.5017
118507,9.9702,0.003157,316.74, 426.5017
118508,9.9734,0.003230,309.60, 426.5017
118509,9.9766,0.003154,317.02, 426.5017
118510,9.9797,0.003271,305.76, 426.5017
118511,9.9832,0.003218,310.75, 426.5017
118512,9.9863,0.003227,309.88, 426.5017
118513,9.9895,0.003202,312.27, 426.5017
118514,9.9927,0.003247,308.01, 426.5017
118515,9.9959,0.003221,310.42, 426.5017
118516,9.9993,0.003261,306.65, 426.5017
