TotalFrame,Time,DeltaTime,FPS,RAM
105846,0.0000,0.011839,84.47, 424.5627
105847,0.0000,0.011839,84.47, 424.9686
105848,0.0200,0.020000,50.00, 424.6197
105849,0.0234,0.003372,296.55, 424.6148
105850,0.0267,0.003281,304.80, 424.6190
105851,0.0355,0.008798,113.66, 424.5856
105852,0.0387,0.003174,315.08, 424.5854
105853,0.0419,0.003200,312.55, 424.5860
105854,0.0449,0.003004,332.89, 424.5854
105855,0.0479,0.002933,340.99, 424.5857
105856,0.0508,0.002971,336.62, 424.5857
105857,0.0537,0.002986,334.87, 424.5857
105858,0.0568,0.003042,328.70, 424.5852
105859,0.0599,0.003137,318.82, 424.5806
105860,0.0631,0.003139,318.60, 424.5800
105861,0.0660,0.003002,333.12, 424.5804
105862,0.0692,0.003079,324.75, 424.5800
105863,0.0723,0.003091,323.57, 424.5806
105864,0.0753,0.003035,329.47, 424.5800
105865,0.0782,0.002996,333.81, 424.5804
105866,0.0813,0.002982,335.30, 424.5800
105867,0.0842,0.002986,334.91, 424.5804
105868,0.0873,0.002982,335.40, 424.5800
105869,0.0906,0.003335,299.88, 424.5800
105870,0.0938,0.003235,309.12, 424.5800
105871,0.0968,0.002981,335.51, 424.5801
105872,0.0999,0.003034,329.65, 424.5800
105873,0.1029,0.003043,328.67, 424.5800
105874,0.1060,0.003077,325.02, 424.5800
105875,0.1090,0.003022,330.94, 424.5800
105876,0.1121,0.003069,325.89, 424.5800
105877,0.1151,0.003063,326.43, 424.5806
105878,0.1182,0.003018,331.39, 424.5800
105879,0.1213,0.003214,311.13, 424.5800
105880,0.1245,0.003219,310.69, 424.5800
105881,0.1276,0.003023,330.83, 424.5804
105882,0.1306,0.003004,332.85, 424.5800
105883,0.1335,0.002992,334.24, 424.5800
105884,0.1366,0.003093,323.35, 424.5800
105885,0.1396,0.003043,328.59, 424.5806
105886,0.1427,0.003019,331.26, 424.5800
105887,0.1456,0.002967,337.01, 424.5806
105888,0.1487,0.003032,329.87, 424.5800
105889,0.1517,0.003018,331.32, 424.5800
105890,0.1548,0.003043,328.67, 424.5800
105891,0.1578,0.003032,329.82, 424.5806
105892,0.1609,0.003049,327.99, 424.5800
105893,0.1639,0.003054,327.47, 424.5806
105894,0.1670,0.003103,322.25, 424.5800
105895,0.1703,0.003309,302.24, 424.5800
105896,0.1736,0.003264,306.42, 424.5800
105897,0.1766,0.003018,331.38, 424.5806
105898,0.1797,0.003046,328.35, 424.5801
105899,0.1827,0.003049,327.99, 424.5807
105900,0.1859,0.003200,312.48, 424.5801
105901,0.1888,0.002924,341.95, 424.5807
105902,0.1918,0.002910,343.65, 424.5800
105903,0.1946,0.002896,345.33, 424.5806
105904,0.1976,0.002997,333.64, 424.5804
105905,0.2007,0.003014,331.79, 424.5806
105906,0.2037,0.003082,324.49, 424.5800
105907,0.2067,0.003000,333.29, 424.5800
105908,0.2096,0.002928,341.53, 424.5806
105909,0.2125,0.002920,342.47, 424.5806
105910,0.2156,0.003028,330.29, 424.5800
105911,0.2186,0.003030,330.02, 424.5804
105912,0.2217,0.003063,326.51, 424.5800
105913,0.2247,0.003006,332.63, 424.5806
105914,0.2277,0.002940,340.17, 424.5800
105915,0.2306,0.002933,340.97, 424.5806
105916,0.2336,0.003024,330.69, 424.5800
105917,0.2366,0.002967,337.04, 424.5806
105918,0.2396,0.003063,326.45, 424.5800
105919,0.2427,0.003070,325.78, 424.5800
105920,0.2457,0.002978,335.80, 424.5806
105921,0.2487,0.002982,335.32, 424.5806
105922,0.2516,0.002993,334.15, 424.5800
105923,0.2546,0.003003,333.04, 424.5800
105924,0.2576,0.002966,337.13, 424.5800
105925,0.2606,0.002985,335.01, 424.5806
105926,0.2637,0.003013,331.86, 424.5806
105927,0.2666,0.003005,332.80, 424.5806
105928,0.2697,0.003029,330.15, 424.5800
105929,0.2727,0.003015,331.68, 424.5806
105930,0.2756,0.002963,337.55, 424.5800
105931,0.2787,0.003083,324.38, 424.5804
105932,0.2817,0.003031,329.89, 424.5804
105933,0.2848,0.003001,333.18, 424.5806
105934,0.2877,0.002977,335.94, 424.5800
105935,0.2908,0.003052,327.63, 424.5800
105936,0.2938,0.003010,332.20, 424.5804
105937,0.2968,0.002998,333.52, 424.5806
105938,0.2997,0.002937,340.50, 424.5800
105939,0.3027,0.003001,333.23, 424.5800
105940,0.3057,0.002972,336.52, 424.5800
105941,0.3088,0.003118,320.71, 424.5806
105942,0.3119,0.003040,328.94, 424.5800
105943,0.3149,0.003055,327.32, 424.5816
105944,0.3179,0.002994,334.03, 424.5800
105945,0.3209,0.003080,324.65, 424.5800
105946,0.3240,0.003020,331.17, 424.5800
105947,0.3270,0.003022,330.88, 424.5800
105948,0.3300,0.002955,338.38, 424.5804
105949,0.3330,0.003010,332.27, 424.5800
105950,0.3359,0.002958,338.02, 424.5800
105951,0.3390,0.003097,322.90, 424.5800
105952,0.3420,0.003061,326.68, 424.5800
105953,0.3451,0.003039,329.11, 424.5804
105954,0.3481,0.002955,338.43, 424.5800
105955,0.3512,0.003050,327.83, 424.5800
105956,0.3541,0.002969,336.77, 424.5804
105957,0.3572,0.003031,329.95, 424.5800
105958,0.3601,0.002981,335.44, 424.5800
105959,0.3632,0.003042,328.71, 424.5800
105960,0.3661,0.002946,339.43, 424.5825
105961,0.3691,0.003016,331.53, 424.5800
105962,0.3722,0.003105,322.09, 424.5800
105963,0.3752,0.003045,328.43, 424.5806
105964,0.3782,0.002953,338.62, 424.5800
105965,0.3812,0.003030,330.01, 424.5806
105966,0.3843,0.002995,333.95, 424.5800
105967,0.3875,0.003156,316.90, 424.5800
105968,0.3905,0.003047,328.21, 424.5800
105969,0.3934,0.003036,329.35, 424.5804
105970,0.3965,0.002947,339.35, 424.5800
105971,0.3995,0.003067,326.09, 424.5800
105972,0.4025,0.002999,333.46, 424.5804
105973,0.4055,0.003068,326.00, 424.5806
105974,0.4086,0.003001,333.18, 424.5800
105975,0.4116,0.003089,323.69, 424.5806
105976,0.4147,0.002980,335.58, 424.5804
105977,0.4177,0.003096,323.03, 424.5806
105978,0.4208,0.003038,329.12, 424.5800
105979,0.4238,0.003107,321.87, 424.5804
105980,0.4269,0.002983,335.20, 424.5800
105981,0.4299,0.003010,332.18, 424.5806
105982,0.4329,0.002979,335.66, 424.5800
105983,0.4359,0.003050,327.92, 424.5804
105984,0.4388,0.002952,338.78, 424.5800
105985,0.4419,0.003070,325.76, 424.5804
105986,0.4449,0.002972,336.50, 424.5804
105987,0.4480,0.003091,323.54, 424.5800
105988,0.4515,0.003548,281.86, 424.5801
105989,0.4547,0.003133,319.22, 424.5804
105990,0.4576,0.003004,332.91, 424.5800
105991,0.4607,0.003036,329.34, 424.5801
105992,0.4637,0.003008,332.44, 424.5801
105993,0.4668,0.003058,327.02, 424.5807
105994,0.4697,0.002972,336.52, 424.5800
105995,0.4728,0.003078,324.89, 424.5804
105996,0.4758,0.002964,337.35, 424.5806
105997,0.4788,0.002967,337.05, 424.5807
105998,0.4817,0.002948,339.19, 424.5800
105999,0.4847,0.003045,328.37, 424.5800
106000,0.4878,0.003020,331.13, 424.5800
106001,0.4908,0.003114,321.11, 424.5804
106002,0.4939,0.003029,330.10, 424.5800
106003,0.4969,0.003048,328.09, 424.5800
106004,0.5000,0.003010,332.19, 424.5800
106005,0.5031,0.003077,324.95, 424.5800
106006,0.5061,0.002998,333.60, 424.5800
106007,0.5092,0.003098,322.82, 424.5800
106008,0.5122,0.003121,320.46, 424.5825
106009,0.5154,0.003152,317.27, 424.5804
106010,0.5184,0.003044,328.53, 424.5801
106011,0.5215,0.003072,325.51, 424.5800
106012,0.5245,0.003004,332.85, 424.5801
106013,0.5276,0.003022,330.90, 424.5806
106014,0.5306,0.003038,329.22, 424.5800
106015,0.5337,0.003128,319.67, 424.5804
106016,0.5367,0.002984,335.18, 424.5800
106017,0.5397,0.003010,332.19, 424.5806
106018,0.5427,0.002970,336.66, 424.5800
106019,0.5458,0.003027,330.37, 424.5800
106020,0.5488,0.003101,322.48, 424.5801
106021,0.5519,0.003020,331.15, 424.5806
106022,0.5548,0.002992,334.27, 424.5801
106023,0.5579,0.003018,331.39, 424.5800
106024,0.5609,0.003127,319.79, 424.5800
106025,0.5641,0.003068,325.97, 424.5806
106026,0.5670,0.002984,335.18, 424.5800
106027,0.5701,0.003028,330.28, 424.5806
106028,0.5731,0.003041,328.87, 424.5800
106029,0.5762,0.003067,326.10, 424.5806
106030,0.5792,0.003037,329.33, 424.5801
106031,0.5823,0.003073,325.45, 424.5800
106032,0.5853,0.003005,332.79, 424.5804
106033,0.5883,0.003001,333.22, 424.5804
106034,0.5914,0.003104,322.21, 424.5800
106035,0.5945,0.003141,318.41, 424.5804
106036,0.5975,0.002956,338.34, 424.5800
106037,0.6005,0.002989,334.55, 424.5806
106038,0.6034,0.002962,337.60, 424.5800
106039,0.6064,0.003067,326.08, 424.5800
106040,0.6097,0.003229,309.66, 424.5800
106041,0.6130,0.003372,296.57, 424.5806
106042,0.6162,0.003114,321.13, 424.5801
106043,0.6193,0.003068,326.00, 424.5800
106044,0.6223,0.003054,327.40, 424.5800
106045,0.6256,0.003237,308.89, 424.5804
106046,0.6287,0.003115,321.00, 424.5801
106047,0.6317,0.003034,329.61, 424.5800
106048,0.6348,0.003052,327.68, 424.5804
106049,0.6378,0.003010,332.24, 424.5804
106050,0.6409,0.003089,323.78, 424.5800
106051,0.6439,0.003040,328.93, 424.5800
106052,0.6470,0.003014,331.76, 424.5800
106053,0.6499,0.002988,334.67, 424.5804
106054,0.6530,0.003068,325.96, 424.5800
106055,0.6560,0.003075,325.22, 424.5804
106056,0.6592,0.003073,325.43, 424.5806
106057,0.6621,0.003010,332.21, 424.5806
106058,0.6652,0.003044,328.48, 424.5800
106059,0.6682,0.003028,330.21, 424.5806
106060,0.6715,0.003269,305.87, 424.5800
106061,0.6749,0.003415,292.82, 424.5800
106062,0.6781,0.003221,310.42, 424.5801
106063,0.6812,0.003097,322.92, 424.5800
106064,0.6848,0.003579,279.45, 424.5801
106065,0.6885,0.003676,272.01, 424.5800
106066,0.6919,0.003469,288.28, 424.5801
106067,0.6952,0.003270,305.81, 424.5801
106068,0.6982,0.003092,323.44, 424.5800
106069,0.7014,0.003160,316.48, 424.5806
106070,0.7046,0.003186,313.92, 424.5800
106071,0.7078,0.003095,323.13, 424.5800
106072,0.7107,0.003000,333.38, 424.5804
106073,0.7137,0.003054,327.43, 424.5800
106074,0.7168,0.003004,332.90, 424.5800
106075,0.7198,0.003072,325.57, 424.5800
106076,0.7229,0.003036,329.42, 424.5800
106077,0.7260,0.003036,329.36, 424.5800
106078,0.7289,0.002984,335.08, 424.5800
106079,0.7319,0.003018,331.33, 424.5800
106080,0.7350,0.002995,333.85, 424.5800
106081,0.7380,0.003046,328.28, 424.5800
106082,0.7410,0.003041,328.86, 424.5804
106083,0.7441,0.003069,325.84, 424.5806
106084,0.7471,0.002948,339.18, 424.5804
106085,0.7500,0.003013,331.86, 424.5800
106086,0.7531,0.002973,336.41, 424.5825
106087,0.7560,0.003002,333.08, 424.5800
106088,0.7590,0.003027,330.34, 424.5806
106089,0.7621,0.003020,331.13, 424.5800
106090,0.7651,0.003013,331.87, 424.5800
106091,0.7681,0.003002,333.12, 424.5800
106092,0.7711,0.003031,329.96, 424.5800
106093,0.7742,0.003073,325.39, 424.5804
106094,0.7772,0.003006,332.67, 424.5804
106095,0.7802,0.002993,334.08, 424.5800
106096,0.7832,0.002995,333.92, 424.5800
106097,0.7863,0.003040,328.99, 424.5800
106098,0.7893,0.003060,326.84, 424.5800
106099,0.7924,0.003036,329.42, 424.5800
106100,0.7953,0.002973,336.34, 424.5800
106101,0.7983,0.003004,332.92, 424.5804
106102,0.8014,0.003057,327.16, 424.5804
106103,0.8043,0.003004,332.86, 424.5804
106104,0.8074,0.003001,333.21, 424.5800
106105,0.8104,0.003008,332.40, 424.5800
106106,0.8135,0.003122,320.28, 424.5800
106107,0.8168,0.003325,300.72, 424.5801
106108,0.8202,0.003434,291.18, 424.5800
106109,0.8237,0.003536,282.79, 424.5800
106110,0.8268,0.003047,328.21, 424.5800
106111,0.8300,0.003086,324.05, 424.5800
106112,0.8329,0.003011,332.15, 424.5804
106113,0.8362,0.003270,305.80, 424.5800
106114,0.8394,0.003209,311.63, 424.5800
106115,0.8425,0.003119,320.64, 424.5801
106116,0.8456,0.003002,333.14, 424.5804
106117,0.8486,0.003135,318.94, 424.5801
106118,0.8516,0.002919,342.59, 424.5804
106119,0.8546,0.003048,328.12, 424.5800
106120,0.8575,0.002968,336.96, 424.5804
106121,0.8607,0.003076,325.15, 424.5806
106122,0.8636,0.002973,336.35, 424.5804
106123,0.8667,0.003047,328.22, 424.5806
106124,0.8696,0.002958,338.12, 424.5806
106125,0.8727,0.003085,324.17, 424.5804
106126,0.8757,0.002971,336.63, 424.5804
106127,0.8788,0.003068,325.91, 424.5800
106128,0.8817,0.002918,342.75, 424.5806
106129,0.8848,0.003050,327.86, 424.5806
106130,0.8877,0.002907,343.96, 424.5804
106131,0.8907,0.003049,327.97, 424.5806
106132,0.8937,0.003037,329.32, 424.5800
106133,0.8967,0.003047,328.16, 424.5806
106134,0.8997,0.002926,341.72, 424.5804
106135,0.9027,0.003050,327.91, 424.5804
106136,0.9058,0.002968,336.88, 424.5806
106137,0.9088,0.003078,324.92, 424.5804
106138,0.9117,0.002964,337.44, 424.5806
106139,0.9148,0.003028,330.26, 424.5800
106140,0.9177,0.002957,338.17, 424.5804
106141,0.9209,0.003158,316.67, 424.5800
106142,0.9241,0.003100,322.58, 424.5800
106143,0.9271,0.003103,322.30, 424.5800
106144,0.9301,0.002986,334.95, 424.5806
106145,0.9332,0.003067,326.01, 424.5800
106146,0.9362,0.002967,337.10, 424.5806
106147,0.9393,0.003185,313.93, 424.5804
106148,0.9425,0.003131,319.40, 424.5806
106149,0.9456,0.003105,322.06, 424.5804
106150,0.9485,0.002991,334.35, 424.5800
106151,0.9517,0.003092,323.39, 424.5804
106152,0.9547,0.003026,330.44, 424.5800
106153,0.9578,0.003146,317.82, 424.5804
106154,0.9608,0.003016,331.54, 424.5800
106155,0.9639,0.003082,324.44, 424.5800
106156,0.9669,0.002972,336.46, 424.5806
106157,0.9700,0.003096,323.00, 424.5800
106158,0.9730,0.003077,324.96, 424.5800
106159,0.9761,0.003074,325.30, 424.5801
106160,0.9790,0.002894,345.52, 424.5806
106161,0.9822,0.003114,321.13, 424.5800
106162,0.9851,0.002982,335.40, 424.5800
106163,0.9883,0.003155,316.98, 424.5800
106164,0.9917,0.003413,293.01, 424.5800
106165,0.9950,0.003282,304.71, 424.5807
106166,0.9982,0.003144,318.04, 424.5801
106167,1.0012,0.003141,318.42, 424.5801
106168,1.0044,0.003147,317.72, 424.5801
106169,1.0076,0.003174,315.11, 424.5801
106170,1.0107,0.003165,315.94, 424.5801
106171,1.0139,0.003157,316.76, 424.5801
106172,1.0170,0.003050,327.86, 424.5804
106173,1.0200,0.003129,319.58, 424.5804
106174,1.0232,0.003142,318.30, 424.5801
106175,1.0264,0.003127,319.76, 424.5800
106176,1.0295,0.003162,316.25, 424.5801
106177,1.0326,0.003103,322.28, 424.5800
106178,1.0365,0.003875,258.04, 424.5800
106179,1.0398,0.003275,305.37, 424.5804
106180,1.0430,0.003211,311.45, 424.5801
106181,1.0461,0.003120,320.54, 424.5804
106182,1.0493,0.003182,314.23, 424.5801
106183,1.0524,0.003147,317.80, 424.5801
106184,1.0557,0.003221,310.47, 424.5801
106185,1.0588,0.003161,316.37, 424.5801
106186,1.0620,0.003170,315.51, 424.5801
106187,1.0651,0.003133,319.15, 424.5801
106188,1.0682,0.003163,316.19, 424.5801
106189,1.0714,0.003176,314.85, 424.5801
106190,1.0746,0.003183,314.17, 424.5801
106191,1.0776,0.003072,325.48, 424.5801
106192,1.0808,0.003156,316.86, 424.5804
106193,1.0840,0.003155,316.96, 424.5801
106194,1.0870,0.003080,324.65, 424.5806
106195,1.0902,0.003164,316.08, 424.5801
106196,1.0934,0.003117,320.79, 424.5924
106197,1.0967,0.003319,301.30, 424.5801
106198,1.1000,0.003240,308.68, 424.5825
106199,1.1033,0.003363,297.34, 424.5800
106200,1.1063,0.003081,324.57, 424.5806
106201,1.1095,0.003076,325.07, 424.5804
106202,1.1124,0.002929,341.38, 424.5800
106203,1.1155,0.003061,326.73, 424.5800
106204,1.1185,0.003043,328.68, 424.5806
106205,1.1216,0.003080,324.69, 424.5806
106206,1.1246,0.003023,330.75, 424.5804
106207,1.1277,0.003057,327.15, 424.5806
106208,1.1307,0.003101,322.45, 424.5804
106209,1.1339,0.003165,315.92, 424.5800
106210,1.1368,0.002980,335.54, 424.5804
106211,1.1400,0.003082,324.49, 424.5806
106212,1.1429,0.003016,331.62, 424.5800
106213,1.1461,0.003113,321.24, 424.5800
106214,1.1492,0.003064,326.40, 424.5800
106215,1.1522,0.003066,326.17, 424.5806
106216,1.1552,0.002965,337.22, 424.5804
106217,1.1582,0.003059,326.90, 424.5806
106218,1.1613,0.003009,332.34, 424.5800
106219,1.1644,0.003117,320.83, 424.5800
106220,1.1674,0.002990,334.45, 424.5800
106221,1.1704,0.003093,323.32, 424.5800
106222,1.1735,0.003020,331.08, 424.5806
106223,1.1765,0.003093,323.36, 424.5800
106224,1.1796,0.003024,330.69, 424.5800
106225,1.1827,0.003084,324.26, 424.5800
106226,1.1857,0.002997,333.66, 424.5800
106227,1.1887,0.003075,325.22, 424.5800
106228,1.1918,0.003010,332.27, 424.5806
106229,1.1948,0.003097,322.87, 424.5804
106230,1.1979,0.002958,338.05, 424.5800
106231,1.2009,0.003101,322.52, 424.5800
106232,1.2039,0.002934,340.89, 424.5807
106233,1.2069,0.003082,324.44, 424.5800
106234,1.2100,0.003052,327.71, 424.5800
106235,1.2131,0.003103,322.24, 424.5800
106236,1.2161,0.002976,336.07, 424.5806
106237,1.2191,0.003080,324.72, 424.5800
106238,1.2222,0.003000,333.30, 424.5800
106239,1.2253,0.003180,314.44, 424.5800
106240,1.2284,0.003025,330.61, 424.5800
106241,1.2314,0.003085,324.11, 424.5800
106242,1.2344,0.002950,338.95, 424.5804
106243,1.2374,0.003096,322.97, 424.5800
106244,1.2405,0.003050,327.90, 424.5804
106245,1.2437,0.003076,325.13, 424.5800
106246,1.2466,0.002948,339.25, 424.5806
106247,1.2496,0.003057,327.10, 424.5800
106248,1.2527,0.003022,330.94, 424.5804
106249,1.2557,0.003098,322.75, 424.5800
106250,1.2587,0.002988,334.63, 424.5800
106251,1.2617,0.003058,327.00, 424.5800
106252,1.2648,0.002956,338.33, 424.5800
106253,1.2678,0.003079,324.77, 424.5800
106254,1.2708,0.002981,335.50, 424.5800
106255,1.2740,0.003284,304.49, 424.5800
106256,1.2772,0.003117,320.86, 424.5800
106257,1.2803,0.003120,320.49, 424.5800
106258,1.2834,0.003087,323.98, 424.5800
106259,1.2865,0.003125,319.97, 424.5806
106260,1.2897,0.003161,316.39, 424.5800
106261,1.2927,0.003092,323.40, 424.5807
106262,1.2958,0.002938,340.40, 424.5800
106263,1.2987,0.003027,330.37, 424.5800
106264,1.3018,0.003023,330.81, 424.5800
106265,1.3049,0.003118,320.75, 424.5806
106266,1.3079,0.002987,334.82, 424.5800
106267,1.3109,0.003020,331.14, 424.5806
106268,1.3140,0.003025,330.63, 424.5804
106269,1.3169,0.003028,330.31, 424.5806
106270,1.3201,0.003097,322.93, 424.5800
106271,1.3232,0.003167,315.77, 424.5800
106272,1.3263,0.003029,330.10, 424.5804
106273,1.3293,0.003062,326.57, 424.5804
106274,1.3323,0.003013,331.85, 424.5800
106275,1.3353,0.003050,327.91, 424.5804
106276,1.3384,0.002989,334.58, 424.5800
106277,1.3414,0.003071,325.66, 424.5806
106278,1.3444,0.002970,336.76, 424.5800
106279,1.3474,0.003017,331.49, 424.5800
106280,1.3505,0.003014,331.82, 424.5800
106281,1.3535,0.003042,328.77, 424.5804
106282,1.3564,0.002979,335.74, 424.5800
106283,1.3596,0.003210,311.53, 424.5800
106284,1.3628,0.003154,317.07, 424.5800
106285,1.3658,0.003018,331.39, 424.5804
106286,1.3688,0.002972,336.44, 424.5801
106287,1.3719,0.003148,317.65, 424.5804
106288,1.3750,0.003047,328.16, 424.5800
106289,1.3781,0.003083,324.36, 424.5806
106290,1.3811,0.003032,329.86, 424.5800
106291,1.3842,0.003085,324.17, 424.5800
106292,1.3873,0.003102,322.38, 424.5800
106293,1.3904,0.003119,320.57, 424.5804
106294,1.3934,0.003017,331.46, 424.5800
106295,1.3965,0.003033,329.73, 424.5800
106296,1.3995,0.003045,328.36, 424.5800
106297,1.4026,0.003072,325.50, 424.5806
106298,1.4056,0.003008,332.50, 424.5800
106299,1.4087,0.003048,328.14, 424.5800
106300,1.4116,0.003021,331.05, 424.5800
106301,1.4147,0.003056,327.28, 424.5804
106302,1.4177,0.003008,332.41, 424.5804
106303,1.4208,0.003006,332.72, 424.5806
106304,1.4238,0.003090,323.64, 424.5800
106305,1.4269,0.003020,331.10, 424.5806
106306,1.4298,0.002999,333.50, 424.5806
106307,1.4329,0.003085,324.19, 424.5800
106308,1.4359,0.003029,330.15, 424.5804
106309,1.4390,0.003062,326.59, 424.5804
106310,1.4420,0.002998,333.60, 424.5801
106311,1.4449,0.002991,334.29, 424.5804
106312,1.4481,0.003072,325.49, 424.5800
106313,1.4511,0.003023,330.81, 424.5806
106314,1.4541,0.002994,334.00, 424.5806
106315,1.4572,0.003061,326.70, 424.5800
106316,1.4602,0.003024,330.68, 424.5806
106317,1.4634,0.003154,317.10, 424.5800
106318,1.4664,0.003045,328.39, 424.5800
106319,1.4694,0.003015,331.69, 424.5800
106320,1.4724,0.003027,330.41, 424.5800
106321,1.4755,0.003040,328.93, 424.5806
106322,1.4785,0.003114,321.13, 424.5800
106323,1.4817,0.003067,326.05, 424.5806
106324,1.4846,0.003012,332.06, 424.5804
106325,1.4877,0.002977,335.93, 424.5806
106326,1.4906,0.003018,331.39, 424.5800
106327,1.4938,0.003098,322.76, 424.5804
106328,1.4968,0.003042,328.75, 424.5800
106329,1.4998,0.003007,332.55, 424.5806
106330,1.5028,0.002993,334.09, 424.5804
106331,1.5057,0.003012,331.98, 424.5806
106332,1.5089,0.003103,322.32, 424.5800
106333,1.5120,0.003093,323.34, 424.5804
106334,1.5150,0.003010,332.18, 424.5800
106335,1.5181,0.003027,330.32, 424.5800
106336,1.5211,0.003038,329.19, 424.5800
106337,1.5242,0.003114,321.09, 424.5800
106338,1.5272,0.003103,322.26, 424.5801
106339,1.5304,0.003075,325.16, 424.5800
106340,1.5333,0.003023,330.79, 424.5800
106341,1.5364,0.002991,334.31, 424.5806
106342,1.5394,0.003071,325.68, 424.5800
106343,1.5427,0.003258,306.95, 424.5804
106344,1.5458,0.003131,319.41, 424.5806
106345,1.5488,0.003030,330.09, 424.5806
106346,1.5520,0.003149,317.61, 424.5801
106347,1.5551,0.003074,325.30, 424.5804
106348,1.5582,0.003119,320.60, 424.5800
106349,1.5613,0.003068,325.96, 424.5806
106350,1.5643,0.003063,326.48, 424.5801
106351,1.5674,0.003011,332.14, 424.5800
106352,1.5704,0.003125,320.05, 424.5801
106353,1.5736,0.003109,321.68, 424.5800
106354,1.5767,0.003065,326.31, 424.5807
106355,1.5796,0.002999,333.50, 424.5800
106356,1.5828,0.003092,323.46, 424.5807
106357,1.5857,0.003008,332.47, 424.5806
106358,1.5887,0.003044,328.47, 424.5876
106359,1.5918,0.003038,329.15, 424.5800
106360,1.5948,0.003062,326.55, 424.5804
106361,1.5979,0.003041,328.86, 424.5806
106362,1.6010,0.003073,325.47, 424.5800
106363,1.6042,0.003209,311.63, 424.5800
106364,1.6074,0.003189,313.59, 424.5806
106365,1.6105,0.003041,328.84, 424.5806
106366,1.6135,0.003098,322.79, 424.5801
106367,1.6167,0.003137,318.80, 424.5804
106368,1.6198,0.003106,321.97, 424.5801
106369,1.6227,0.002962,337.62, 424.5806
106370,1.6259,0.003151,317.39, 424.5801
106371,1.6289,0.002969,336.83, 424.5806
106372,1.6320,0.003063,326.53, 424.5801
106373,1.6350,0.003143,318.19, 424.5806
106374,1.6382,0.003176,314.91, 424.5800
106375,1.6412,0.003026,330.48, 424.5804
106376,1.6444,0.003129,319.55, 424.5800
106377,1.6473,0.002961,337.68, 424.5804
106378,1.6505,0.003102,322.37, 424.5800
106379,1.6536,0.003117,320.86, 424.5804
106380,1.6567,0.003199,312.59, 424.5807
106381,1.6598,0.002976,336.06, 424.5804
106382,1.6627,0.003027,330.33, 424.5801
106383,1.6658,0.003041,328.83, 424.5804
106384,1.6689,0.003100,322.56, 424.5804
106385,1.6719,0.002949,339.09, 424.5807
106386,1.6749,0.003057,327.08, 424.5800
106387,1.6780,0.003003,333.02, 424.5804
106388,1.6815,0.003612,276.89, 424.5804
106389,1.6848,0.003293,303.71, 424.5806
106390,1.6881,0.003250,307.66, 424.5801
106391,1.6913,0.003223,310.26, 424.5804
106392,1.6947,0.003428,291.73, 424.5801
106393,1.6984,0.003611,276.96, 424.5806
106394,1.7018,0.003386,295.31, 424.5801
106395,1.7053,0.003559,280.98, 424.5800
106396,1.7086,0.003328,300.45, 424.5826
106397,1.7120,0.003436,291.08, 424.5807
106398,1.7153,0.003248,307.88, 424.5800
106399,1.7185,0.003245,308.20, 424.5804
106400,1.7220,0.003445,290.32, 424.5800
106401,1.7253,0.003346,298.86, 424.5807
106402,1.7285,0.003240,308.69, 424.5800
106403,1.7318,0.003241,308.56, 424.5800
106404,1.7351,0.003260,306.77, 424.5800
106405,1.7383,0.003171,315.36, 424.5806
106406,1.7416,0.003338,299.56, 424.5801
106407,1.7448,0.003180,314.50, 424.5804
106408,1.7480,0.003267,306.06, 424.5801
106409,1.7512,0.003200,312.54, 424.5800
106410,1.7545,0.003241,308.58, 424.5801
106411,1.7579,0.003491,286.44, 424.5800
106412,1.7611,0.003202,312.29, 424.5801
106413,1.7644,0.003275,305.31, 424.5804
106414,1.7676,0.003125,319.98, 424.5801
106415,1.7708,0.003181,314.39, 424.5801
106416,1.7740,0.003258,306.90, 424.5800
106417,1.7772,0.003230,309.60, 424.5826
106418,1.7803,0.003043,328.64, 424.5804
106419,1.7833,0.003072,325.56, 424.5800
106420,1.7864,0.002970,336.72, 424.5806
106421,1.7893,0.003046,328.30, 424.5804
106422,1.7924,0.003035,329.50, 424.5800
106423,1.7955,0.003073,325.38, 424.5800
106424,1.7985,0.002995,333.93, 424.5800
106425,1.8015,0.003083,324.41, 424.5804
106426,1.8046,0.003027,330.36, 424.5806
106427,1.8077,0.003106,321.93, 424.5800
106428,1.8108,0.003050,327.91, 424.5800
106429,1.8138,0.003088,323.81, 424.5800
106430,1.8168,0.003007,332.55, 424.5800
106431,1.8201,0.003192,313.24, 424.5800
106432,1.8231,0.003102,322.35, 424.5800
106433,1.8262,0.003094,323.26, 424.5804
106434,1.8291,0.002928,341.58, 424.5800
106435,1.8322,0.003061,326.66, 424.5800
106436,1.8352,0.002991,334.36, 424.5800
106437,1.8383,0.003081,324.62, 424.5806
106438,1.8413,0.003015,331.63, 424.5800
106439,1.8444,0.003047,328.15, 424.5801
106440,1.8473,0.002958,338.05, 424.5804
106441,1.8505,0.003114,321.14, 424.5801
106442,1.8534,0.002986,334.95, 424.5804
106443,1.8564,0.003014,331.79, 424.5804
106444,1.8594,0.002951,338.89, 424.5804
106445,1.8624,0.003113,321.22, 424.5806
106446,1.8656,0.003079,324.75, 424.5804
106447,1.8687,0.003116,320.98, 424.5800
106448,1.8716,0.002966,337.18, 424.5806
106449,1.8748,0.003072,325.53, 424.5800
106450,1.8777,0.002988,334.66, 424.5806
106451,1.8807,0.003030,330.04, 424.5800
106452,1.8837,0.002981,335.47, 424.5806
106453,1.8868,0.003093,323.36, 424.5800
106454,1.8898,0.002975,336.12, 424.5800
106455,1.8928,0.003020,331.16, 424.5800
106456,1.8959,0.003114,321.15, 424.5804
106457,1.8992,0.003268,305.98, 424.5800
106458,1.9022,0.003007,332.51, 424.5804
106459,1.9053,0.003058,327.01, 424.5800
106460,1.9082,0.002967,337.05, 424.5804
106461,1.9114,0.003116,320.89, 424.5806
106462,1.9143,0.003002,333.17, 424.5804
106463,1.9174,0.003036,329.38, 424.5800
106464,1.9203,0.002979,335.65, 424.5800
106465,1.9235,0.003064,326.34, 424.5806
106466,1.9264,0.002987,334.75, 424.5800
106467,1.9294,0.003076,325.10, 424.5806
106468,1.9324,0.002927,341.64, 424.5804
106469,1.9354,0.003022,330.91, 424.5806
106470,1.9384,0.002957,338.16, 424.5800
106471,1.9414,0.003051,327.79, 424.5800
106472,1.9446,0.003126,319.87, 424.5804
106473,1.9476,0.003058,326.99, 424.5800
106474,1.9506,0.002957,338.17, 424.5800
106475,1.9536,0.003021,331.02, 424.5806
106476,1.9565,0.002950,339.02, 424.5804
106477,1.9597,0.003223,310.30, 424.5806
106478,1.9628,0.002960,337.85, 424.5804
106479,1.9657,0.003029,330.20, 424.5800
106480,1.9688,0.002974,336.28, 424.5806
106481,1.9718,0.003084,324.29, 424.5800
106482,1.9749,0.003047,328.20, 424.5800
106483,1.9779,0.003040,328.96, 424.5800
106484,1.9808,0.003000,333.39, 424.5804
106485,1.9840,0.003060,326.80, 424.5806
106486,1.9869,0.002969,336.87, 424.5800
106487,1.9902,0.003362,297.43, 424.5800
106488,1.9934,0.003092,323.40, 424.5806
106489,1.9965,0.003030,330.05, 424.5807
106490,1.9993,0.002913,343.34, 424.5804
106491,2.0023,0.003026,330.47, 424.5806
106492,2.0055,0.003097,322.88, 424.5800
106493,2.0085,0.003077,325.00, 424.5804
106494,2.0116,0.003022,330.91, 424.5804
106495,2.0145,0.003032,329.83, 424.5804
106496,2.0176,0.002987,334.74, 424.5806
106497,2.0208,0.003146,317.86, 424.5804
106498,2.0237,0.003004,332.85, 424.5806
106499,2.0267,0.003051,327.76, 424.5804
106500,2.0297,0.002933,340.95, 424.5804
106501,2.0327,0.003079,324.81, 424.5804
106502,2.0358,0.002995,333.86, 424.5800
106503,2.0388,0.003077,324.96, 424.5800
106504,2.0419,0.002977,335.97, 424.5800
106505,2.0449,0.003042,328.71, 424.5806
106506,2.0479,0.002980,335.53, 424.5800
106507,2.0509,0.003081,324.55, 424.5800
106508,2.0540,0.003008,332.49, 424.5804
106509,2.0570,0.003049,327.98, 424.5804
106510,2.0599,0.002988,334.73, 424.5804
106511,2.0630,0.003047,328.21, 424.5800
106512,2.0660,0.002967,337.02, 424.5806
106513,2.0691,0.003075,325.19, 424.5800
106514,2.0720,0.002952,338.74, 424.5806
106515,2.0751,0.003037,329.33, 424.5800
106516,2.0780,0.003010,332.25, 424.5800
106517,2.0811,0.003025,330.58, 424.5806
106518,2.0841,0.003072,325.53, 424.5800
106519,2.0874,0.003212,311.37, 424.5800
106520,2.0906,0.003187,313.81, 424.5800
106521,2.0940,0.003391,294.89, 424.5801
106522,2.0969,0.002994,334.03, 424.5806
106523,2.1002,0.003327,300.60, 424.5800
106524,2.1034,0.003174,315.03, 424.5806
106525,2.1066,0.003163,316.13, 424.5800
106526,2.1096,0.003027,330.37, 424.5800
106527,2.1127,0.003090,323.66, 424.5800
106528,2.1160,0.003213,311.21, 424.5850
106529,2.1193,0.003325,300.72, 424.5807
106530,2.1223,0.003041,328.88, 424.5801
106531,2.1254,0.003075,325.24, 424.5807
106532,2.1284,0.002993,334.15, 424.5801
106533,2.1315,0.003165,315.92, 424.5807
106534,2.1346,0.003063,326.50, 424.5800
106535,2.1376,0.002986,334.94, 424.5804
106536,2.1406,0.003048,328.07, 424.5800
106537,2.1437,0.003049,328.02, 424.5806
106538,2.1469,0.003119,320.64, 424.5800
106539,2.1499,0.003108,321.78, 424.5800
106540,2.1530,0.003066,326.21, 424.5800
106541,2.1560,0.003085,324.20, 424.5804
106542,2.1591,0.003017,331.46, 424.5800
106543,2.1622,0.003112,321.33, 424.5800
106544,2.1652,0.003029,330.14, 424.5801
106545,2.1682,0.003055,327.32, 424.5806
106546,2.1713,0.003028,330.25, 424.5801
106547,2.1743,0.003021,331.07, 424.5804
106548,2.1774,0.003009,332.36, 424.5800
106549,2.1804,0.003064,326.41, 424.5806
106550,2.1834,0.003015,331.72, 424.5800
106551,2.1865,0.003071,325.66, 424.5806
106552,2.1895,0.002993,334.12, 424.5800
106553,2.1926,0.003174,315.05, 424.5800
106554,2.1958,0.003128,319.73, 424.5800
106555,2.1989,0.003073,325.38, 424.5804
106556,2.2019,0.003011,332.14, 424.5800
106557,2.2048,0.002995,333.85, 424.5804
106558,2.2079,0.003005,332.83, 424.5804
106559,2.2109,0.003034,329.60, 424.5806
106560,2.2139,0.003011,332.13, 424.5804
106561,2.2169,0.003059,326.95, 424.5804
106562,2.2200,0.003012,332.05, 424.5800
106563,2.2230,0.003077,325.01, 424.5800
106564,2.2261,0.003046,328.26, 424.5800
106565,2.2291,0.003041,328.85, 424.5806
106566,2.2322,0.002995,333.91, 424.5800
106567,2.2351,0.002979,335.74, 424.5806
106568,2.2382,0.003060,326.85, 424.5800
106569,2.2412,0.003109,321.63, 424.5806
106570,2.2443,0.003025,330.63, 424.5800
106571,2.2473,0.002985,335.06, 424.5800
106572,2.2502,0.003006,332.69, 424.5800
106573,2.2533,0.003040,328.96, 424.5800
106574,2.2563,0.003002,333.07, 424.5800
106575,2.2594,0.003101,322.46, 424.5806
106576,2.2625,0.003002,333.08, 424.5804
106577,2.2654,0.003009,332.39, 424.5806
106578,2.2684,0.003004,332.88, 424.5800
106579,2.2715,0.003072,325.56, 424.5804
106580,2.2745,0.003010,332.25, 424.5825
106581,2.2776,0.003019,331.22, 424.5806
106582,2.2805,0.003014,331.82, 424.5800
106583,2.2836,0.003050,327.89, 424.5806
106584,2.2867,0.003101,322.50, 424.5800
106585,2.2898,0.003135,318.95, 424.5800
106586,2.2928,0.003002,333.09, 424.5800
106587,2.2959,0.003000,333.38, 424.5806
106588,2.2988,0.002976,336.06, 424.5804
106589,2.3020,0.003203,312.19, 424.5806
106590,2.3051,0.003043,328.58, 424.5800
106591,2.3081,0.003020,331.17, 424.5806
106592,2.3110,0.002999,333.50, 424.5800
106593,2.3141,0.003006,332.63, 424.5806
106594,2.3171,0.003005,332.82, 424.5800
106595,2.3202,0.003057,327.16, 424.5800
106596,2.3231,0.002991,334.34, 424.5800
106597,2.3262,0.003059,326.86, 424.5800
106598,2.3292,0.002990,334.44, 424.5800
106599,2.3323,0.003074,325.34, 424.5806
106600,2.3353,0.003048,328.04, 424.5800
106601,2.3384,0.003065,326.29, 424.5800
106602,2.3414,0.003017,331.43, 424.5804
106603,2.3444,0.003023,330.84, 424.5800
106604,2.3474,0.003033,329.68, 424.5804
106605,2.3506,0.003099,322.70, 424.5800
106606,2.3535,0.003012,331.98, 424.5800
106607,2.3566,0.003050,327.83, 424.5800
106608,2.3596,0.003015,331.72, 424.5800
106609,2.3627,0.003092,323.38, 424.5806
106610,2.3657,0.003013,331.86, 424.5800
106611,2.3688,0.002997,333.72, 424.5804
106612,2.3717,0.002995,333.89, 424.5801
106613,2.3748,0.003067,326.07, 424.5804
106614,2.3778,0.002990,334.46, 424.5806
106615,2.3809,0.003052,327.68, 424.5806
106616,2.3839,0.003020,331.09, 424.5800
106617,2.3868,0.003029,330.14, 424.5804
106618,2.3899,0.003010,332.20, 424.5800
106619,2.3929,0.003102,322.37, 424.5800
106620,2.3962,0.003247,308.01, 424.5800
106621,2.3994,0.003201,312.42, 424.5807
106622,2.4026,0.003108,321.76, 424.5800
106623,2.4055,0.003021,331.03, 424.5806
106624,2.4086,0.003000,333.31, 424.5804
106625,2.4116,0.003067,326.07, 424.5806
106626,2.4147,0.003060,326.77, 424.5801
106627,2.4176,0.002954,338.56, 424.5804
106628,2.4207,0.003006,332.69, 424.5800
106629,2.4237,0.003091,323.57, 424.5806
106630,2.4268,0.003053,327.60, 424.5800
106631,2.4298,0.003002,333.07, 424.5806
106632,2.4329,0.003030,330.00, 424.5800
106633,2.4358,0.002988,334.73, 424.5806
106634,2.4388,0.003071,325.58, 424.5800
106635,2.4420,0.003101,322.50, 424.5804
106636,2.4451,0.003072,325.54, 424.5801
106637,2.4480,0.002960,337.80, 424.5806
106638,2.4511,0.003001,333.19, 424.5800
106639,2.4540,0.002980,335.54, 424.5800
106640,2.4570,0.002992,334.21, 424.5800
106641,2.4601,0.003029,330.14, 424.5804
106642,2.4630,0.002984,335.15, 424.5800
106643,2.4661,0.003008,332.42, 424.5806
106644,2.4691,0.003065,326.23, 424.5800
106645,2.4723,0.003176,314.89, 424.5800
106646,2.4755,0.003194,313.13, 424.5800
106647,2.4785,0.003015,331.71, 424.6425
106648,2.4816,0.003145,317.92, 424.5800
106649,2.4847,0.003126,319.90, 424.5806
106650,2.4878,0.003030,330.00, 424.5804
106651,2.4907,0.003012,332.04, 424.5806
106652,2.4938,0.003006,332.67, 424.5804
106653,2.4968,0.003000,333.30, 424.5806
106654,2.4998,0.002988,334.71, 424.5800
106655,2.5028,0.002997,333.66, 424.5804
106656,2.5057,0.003015,331.65, 424.5800
106657,2.5088,0.003059,326.90, 424.5800
106658,2.5118,0.003042,328.73, 424.5800
106659,2.5149,0.003004,332.90, 424.5800
106660,2.5178,0.002972,336.43, 424.5804
106661,2.5210,0.003140,318.45, 424.5804
106662,2.5240,0.003062,326.58, 424.5800
106663,2.5271,0.002991,334.29, 424.5806
106664,2.5300,0.002997,333.63, 424.5800
106665,2.5331,0.003049,328.01, 424.5800
106666,2.5361,0.003075,325.16, 424.5800
106667,2.5393,0.003103,322.23, 424.5804
106668,2.5424,0.003074,325.31, 424.5804
106669,2.5454,0.002994,334.01, 424.5804
106670,2.5483,0.003004,332.86, 424.5800
106671,2.5514,0.002985,335.03, 424.5800
106672,2.5543,0.002976,336.08, 424.5825
106673,2.5574,0.003035,329.49, 424.5806
106674,2.5604,0.003038,329.20, 424.5800
106675,2.5634,0.003004,332.94, 424.5806
106676,2.5664,0.002998,333.58, 424.5804
106677,2.5695,0.003083,324.32, 424.5804
106678,2.5725,0.003059,326.94, 424.5804
106679,2.5756,0.003062,326.59, 424.5804
106680,2.5786,0.003004,332.92, 424.5804
106681,2.5817,0.003052,327.66, 424.5804
106682,2.5847,0.003031,329.97, 424.5801
106683,2.5876,0.002989,334.57, 424.5806
106684,2.5907,0.003051,327.75, 424.5800
106685,2.5938,0.003052,327.61, 424.5804
106686,2.5967,0.002962,337.61, 424.5800
106687,2.5997,0.003026,330.46, 424.5800
106688,2.6028,0.003040,328.98, 424.5801
106689,2.6058,0.003034,329.60, 424.5800
106690,2.6088,0.002989,334.62, 424.5800
106691,2.6118,0.002993,334.17, 424.5800
106692,2.6149,0.002994,334.00, 424.5800
106693,2.6178,0.003028,330.23, 424.5806
106694,2.6209,0.003016,331.59, 424.5801
106695,2.6239,0.003021,331.03, 424.5804
106696,2.6268,0.003007,332.52, 424.5800
106697,2.6300,0.003071,325.67, 424.5806
106698,2.6331,0.003133,319.19, 424.5825
106699,2.6362,0.003109,321.62, 424.5800
106700,2.6393,0.003043,328.62, 424.5800
106701,2.6423,0.003139,318.56, 424.5806
106702,2.6455,0.003143,318.20, 424.5806
106703,2.6488,0.003228,309.80, 424.5800
106704,2.6519,0.003119,320.65, 424.5800
106705,2.6549,0.003032,329.83, 424.5806
106706,2.6578,0.002983,335.23, 424.5952
106707,2.6609,0.003052,327.61, 424.5804
106708,2.6641,0.003104,322.15, 424.5801
106709,2.6670,0.003005,332.78, 424.5804
106710,2.6700,0.003042,328.73, 424.5800
106711,2.6731,0.003060,326.81, 424.5804
106712,2.6761,0.003058,327.00, 424.5801
106713,2.6793,0.003091,323.52, 424.5806
106714,2.6824,0.003050,327.90, 424.5800
106715,2.6853,0.002971,336.64, 424.5806
106716,2.6882,0.002973,336.42, 424.5801
106717,2.6914,0.003083,324.41, 424.5806
106718,2.6948,0.003511,284.82, 424.5800
106719,2.6981,0.003268,306.00, 424.5800
106720,2.7015,0.003348,298.65, 424.5800
106721,2.7047,0.003182,314.25, 424.5806
106722,2.7081,0.003431,291.44, 424.5801
106723,2.7117,0.003599,277.89, 424.5800
106724,2.7152,0.003501,285.63, 424.5801
106725,2.7185,0.003236,309.02, 424.5800
106726,2.7216,0.003065,326.26, 424.5800
106727,2.7246,0.003132,319.24, 424.5801
106728,2.7278,0.003105,322.02, 424.5800
106729,2.7308,0.003089,323.70, 424.5804
106730,2.7339,0.003025,330.53, 424.5800
106731,2.7369,0.003033,329.72, 424.5800
106732,2.7400,0.003063,326.47, 424.5804
106733,2.7430,0.003095,323.15, 424.5800
106734,2.7460,0.002972,336.50, 424.5806
106735,2.7490,0.003021,331.03, 424.5801
106736,2.7521,0.002990,334.44, 424.5806
106737,2.7551,0.003062,326.58, 424.5800
106738,2.7581,0.002987,334.76, 424.5804
106739,2.7611,0.003017,331.43, 424.5800
106740,2.7640,0.002977,335.91, 424.5800
106741,2.7671,0.002996,333.79, 424.5806
106742,2.7700,0.002965,337.25, 424.5806
106743,2.7731,0.003051,327.80, 424.5804
106744,2.7761,0.003000,333.38, 424.5806
106745,2.7791,0.003007,332.60, 424.5800
106746,2.7821,0.003024,330.68, 424.5804
106747,2.7852,0.003024,330.67, 424.5800
106748,2.7882,0.003063,326.47, 424.5804
106749,2.7913,0.003036,329.38, 424.5804
106750,2.7943,0.003032,329.85, 424.5800
106751,2.7972,0.003016,331.52, 424.5800
106752,2.8003,0.003030,330.08, 424.5804
106753,2.8033,0.003045,328.45, 424.5800
106754,2.8065,0.003104,322.20, 424.5800
106755,2.8094,0.003013,331.90, 424.5800
106756,2.8125,0.003039,329.07, 424.5804
106757,2.8156,0.003052,327.68, 424.5806
106758,2.8186,0.003037,329.26, 424.5800
106759,2.8217,0.003050,327.88, 424.5806
106760,2.8247,0.003065,326.30, 424.5800
106761,2.8278,0.003049,327.99, 424.5801
106762,2.8308,0.003014,331.82, 424.5800
106763,2.8339,0.003090,323.67, 424.5801
106764,2.8369,0.003075,325.21, 424.5800
106765,2.8400,0.003036,329.39, 424.5800
106766,2.8430,0.003059,326.96, 424.5806
106767,2.8461,0.003026,330.49, 424.5801
106768,2.8491,0.003065,326.30, 424.5800
106769,2.8522,0.003028,330.25, 424.5804
106770,2.8552,0.003053,327.56, 424.5800
106771,2.8583,0.003056,327.23, 424.5800
106772,2.8613,0.003008,332.48, 424.5800
106773,2.8644,0.003057,327.13, 424.5806
106774,2.8673,0.003025,330.59, 424.5806
106775,2.8704,0.003057,327.17, 424.5800
106776,2.8735,0.003061,326.65, 424.5804
106777,2.8765,0.003021,331.06, 424.5800
106778,2.8795,0.002984,335.15, 424.5806
106779,2.8826,0.003023,330.78, 424.5800
106780,2.8855,0.002978,335.76, 424.5806
106781,2.8886,0.003010,332.24, 424.5800
106782,2.8915,0.003032,329.82, 424.5804
106783,2.8947,0.003149,317.58, 424.5801
106784,2.8978,0.003206,311.91, 424.5800
106785,2.9010,0.003150,317.49, 424.5800
106786,2.9041,0.003029,330.16, 424.5804
106787,2.9071,0.003022,330.90, 424.5801
106788,2.9102,0.003115,321.03, 424.5800
106789,2.9132,0.003054,327.44, 424.5800
106790,2.9163,0.002995,333.90, 424.5800
106791,2.9193,0.003050,327.83, 424.5800
106792,2.9224,0.003020,331.18, 424.5804
106793,2.9254,0.003060,326.79, 424.5800
106794,2.9285,0.003043,328.61, 424.5800
106795,2.9315,0.003056,327.23, 424.5800
106796,2.9346,0.003056,327.18, 424.5804
106797,2.9376,0.003046,328.28, 424.5800
106798,2.9406,0.003024,330.66, 424.5804
106799,2.9438,0.003217,310.84, 424.5801
106800,2.9469,0.003079,324.76, 424.5804
106801,2.9500,0.003075,325.18, 424.5800
106802,2.9530,0.002970,336.69, 424.5800
106803,2.9559,0.003040,329.00, 424.5800
106804,2.9592,0.003204,312.07, 424.5804
106805,2.9624,0.003230,309.57, 424.5806
106806,2.9653,0.002967,337.05, 424.5800
106807,2.9684,0.003046,328.30, 424.5804
106808,2.9714,0.003028,330.31, 424.5800
106809,2.9745,0.003051,327.78, 424.5801
106810,2.9777,0.003110,321.55, 424.5800
106811,2.9807,0.003065,326.27, 424.5804
106812,2.9836,0.002973,336.34, 424.5800
106813,2.9867,0.003081,324.58, 424.5806
106814,2.9899,0.003161,316.39, 424.5800
106815,2.9932,0.003286,304.31, 424.5801
106816,2.9962,0.002977,335.92, 424.6429
106817,2.9991,0.003030,330.03, 424.5806
106818,3.0021,0.002939,340.22, 424.5800
106819,3.0052,0.003079,324.80, 424.5800
106820,3.0083,0.003045,328.42, 424.5800
106821,3.0114,0.003060,326.78, 424.5806
106822,3.0143,0.003011,332.10, 424.5806
106823,3.0173,0.003048,328.06, 424.5800
106824,3.0204,0.003028,330.28, 424.5800
106825,3.0236,0.003152,317.26, 424.5800
106826,3.0266,0.003008,332.49, 424.5800
106827,3.0297,0.003093,323.33, 424.5800
106828,3.0326,0.002994,333.96, 424.5804
106829,3.0358,0.003100,322.56, 424.5806
106830,3.0388,0.003109,321.61, 424.5800
106831,3.0420,0.003107,321.91, 424.5800
106832,3.0450,0.003064,326.37, 424.5800
106833,3.0481,0.003058,327.01, 424.5804
106834,3.0511,0.003016,331.52, 424.5800
106835,3.0542,0.003121,320.37, 424.5800
106836,3.0571,0.002956,338.33, 424.5806
106837,3.0603,0.003080,324.63, 424.5806
106838,3.0632,0.002982,335.35, 424.5800
106839,3.0664,0.003199,312.65, 424.5800
106840,3.0696,0.003175,314.94, 424.5804
106841,3.0728,0.003165,315.94, 424.5800
106842,3.0758,0.002985,335.01, 424.5800
106843,3.0789,0.003090,323.64, 424.5800
106844,3.0820,0.003131,319.44, 424.5800
106845,3.0851,0.003138,318.66, 424.5800
106846,3.0881,0.003000,333.34, 424.5800
106847,3.0913,0.003153,317.20, 424.5800
106848,3.0944,0.003048,328.08, 424.5800
106849,3.0974,0.003083,324.36, 424.5804
106850,3.1005,0.003000,333.38, 424.5800
106851,3.1035,0.003108,321.75, 424.5804
106852,3.1064,0.002981,335.45, 424.5800
106853,3.1096,0.003078,324.93, 424.5804
106854,3.1125,0.003024,330.74, 424.5806
106855,3.1157,0.003081,324.56, 424.5804
106856,3.1188,0.003035,329.52, 424.5800
106857,3.1218,0.003052,327.71, 424.5804
106858,3.1248,0.002965,337.27, 424.5800
106859,3.1279,0.003140,318.49, 424.5800
106860,3.1312,0.003336,299.74, 424.5800
106861,3.1344,0.003219,310.67, 424.5807
106862,3.1375,0.002999,333.48, 424.5800
106863,3.1405,0.003038,329.16, 424.5807
106864,3.1436,0.003084,324.21, 424.5807
106865,3.1466,0.003083,324.41, 424.5807
106866,3.1495,0.002953,338.65, 424.5806
106867,3.1526,0.003017,331.44, 424.5807
106868,3.1556,0.002999,333.41, 424.5800
106869,3.1587,0.003088,323.82, 424.5806
106870,3.1619,0.003166,315.84, 424.5800
106871,3.1650,0.003142,318.24, 424.5806
106872,3.1680,0.002992,334.19, 424.5800
106873,3.1710,0.003067,326.09, 424.5800
106874,3.1741,0.003027,330.32, 424.5804
106875,3.1772,0.003161,316.39, 424.5800
106876,3.1803,0.003025,330.63, 424.5804
106877,3.1832,0.002994,334.03, 424.5806
106878,3.1863,0.003031,329.94, 424.5801
106879,3.1893,0.003066,326.18, 424.5806
106880,3.1925,0.003191,313.35, 424.5800
106881,3.1957,0.003152,317.28, 424.5800
106882,3.1987,0.003022,330.91, 424.5801
106883,3.2018,0.003053,327.60, 424.5800
106884,3.2048,0.003013,331.94, 424.5801
106885,3.2079,0.003097,322.89, 424.5806
106886,3.2109,0.003040,328.98, 424.5800
106887,3.2139,0.002996,333.83, 424.5804
106888,3.2169,0.003024,330.68, 424.5800
106889,3.2200,0.002994,333.97, 424.5804
106890,3.2230,0.003058,327.03, 424.5800
106891,3.2261,0.003100,322.57, 424.5800
106892,3.2292,0.003103,322.28, 424.5800
106893,3.2323,0.003051,327.74, 424.5806
106894,3.2352,0.002947,339.33, 424.5816
106895,3.2383,0.003074,325.33, 424.5804
106896,3.2415,0.003121,320.43, 424.5804
106897,3.2444,0.003019,331.19, 424.5804
106898,3.2474,0.003003,333.00, 424.5800
106899,3.2504,0.002982,335.32, 424.5806
106900,3.2534,0.002984,335.17, 424.5800
106901,3.2563,0.002988,334.73, 424.5806
106902,3.2593,0.002964,337.35, 424.5800
106903,3.2623,0.003040,328.91, 424.5806
106904,3.2654,0.002975,336.10, 424.5804
106905,3.2683,0.002992,334.28, 424.5806
106906,3.2714,0.003010,332.28, 424.5800
106907,3.2744,0.003055,327.39, 424.5804
106908,3.2773,0.002939,340.27, 424.5804
106909,3.2804,0.003001,333.27, 424.5806
106910,3.2836,0.003202,312.30, 424.5800
106911,3.2867,0.003232,309.42, 424.5806
106912,3.2898,0.002974,336.30, 424.5804
106913,3.2928,0.003054,327.42, 424.5806
106914,3.2958,0.002991,334.34, 424.5800
106915,3.2988,0.003030,330.00, 424.5804
106916,3.3019,0.002999,333.43, 424.5806
106917,3.3048,0.002995,333.89, 424.5804
106918,3.3079,0.002983,335.21, 424.5804
106919,3.3109,0.003049,328.00, 424.5806
106920,3.3138,0.002958,338.03, 424.5804
106921,3.3169,0.003081,324.54, 424.5806
106922,3.3199,0.003008,332.42, 424.5879
106923,3.3230,0.003069,325.89, 424.5804
106924,3.3259,0.002992,334.20, 424.5800
106925,3.3289,0.002947,339.32, 424.5825
106926,3.3319,0.002949,339.11, 424.5840
106927,3.3348,0.003032,329.84, 424.5804
106928,3.3379,0.003027,330.38, 424.5800
106929,3.3409,0.003045,328.36, 424.5806
106930,3.3440,0.002980,335.58, 424.5800
106931,3.3473,0.003306,302.53, 424.5800
106932,3.3511,0.003844,260.13, 424.5800
106933,3.3541,0.002998,333.59, 424.5801
106934,3.3572,0.003105,322.06, 424.5804
106935,3.3602,0.003022,330.96, 424.5804
106936,3.3633,0.003023,330.82, 424.5807
106937,3.3662,0.002979,335.72, 424.5806
106938,3.3693,0.003046,328.30, 424.5800
106939,3.3722,0.002948,339.21, 424.5800
106940,3.3752,0.002995,333.85, 424.5800
106941,3.3783,0.003078,324.88, 424.5806
106942,3.3815,0.003131,319.44, 424.5800
106943,3.3845,0.003044,328.47, 424.5806
106944,3.3875,0.002999,333.44, 424.5800
106945,3.3905,0.002999,333.42, 424.5806
106946,3.3936,0.003040,329.00, 424.5800
106947,3.3966,0.003062,326.55, 424.5800
106948,3.3997,0.003062,326.62, 424.5800
106949,3.4027,0.003027,330.35, 424.5806
106950,3.4058,0.003057,327.16, 424.5800
106951,3.4087,0.002980,335.63, 424.5804
106952,3.4117,0.003056,327.24, 424.5806
106953,3.4147,0.002980,335.56, 424.5800
106954,3.4177,0.002997,333.66, 424.5800
106955,3.4207,0.002978,335.85, 424.5806
106956,3.4237,0.002984,335.14, 424.5800
106957,3.4268,0.003048,328.11, 424.5800
106958,3.4298,0.003073,325.39, 424.5800
106959,3.4327,0.002983,335.20, 424.5806
106960,3.4358,0.002985,335.04, 424.5800
106961,3.4387,0.002969,336.79, 424.5806
106962,3.4418,0.003087,323.98, 424.5800
106963,3.4448,0.003032,329.77, 424.5804
106964,3.4478,0.002948,339.20, 424.5800
106965,3.4508,0.002958,338.05, 424.5806
106966,3.4537,0.002997,333.68, 424.5800
106967,3.4568,0.003057,327.09, 424.5804
106968,3.4598,0.003054,327.47, 424.5800
106969,3.4629,0.002979,335.73, 424.5800
106970,3.4658,0.002958,338.08, 424.5801
106971,3.4689,0.003065,326.24, 424.5806
106972,3.4719,0.003053,327.53, 424.5800
106973,3.4750,0.003000,333.29, 424.5806
106974,3.4779,0.003029,330.11, 424.5800
106975,3.4810,0.003057,327.10, 424.5804
106976,3.4840,0.002978,335.77, 424.5800
106977,3.4871,0.003106,321.95, 424.5800
106978,3.4902,0.003157,316.75, 424.5801
106979,3.4933,0.002996,333.73, 424.5806
106980,3.4962,0.002976,336.01, 424.5800
106981,3.4993,0.003037,329.30, 424.5804
106982,3.5023,0.003043,328.61, 424.5800
106983,3.5054,0.003036,329.34, 424.5806
106984,3.5083,0.002963,337.47, 424.5806
106985,3.5114,0.003020,331.14, 424.5804
106986,3.5143,0.003000,333.34, 424.5800
106987,3.5173,0.003045,328.43, 424.5804
106988,3.5204,0.003071,325.60, 424.5801
106989,3.5234,0.003040,328.94, 424.5806
106990,3.5266,0.003080,324.64, 424.5804
106991,3.5297,0.003048,328.08, 424.5800
106992,3.5326,0.003038,329.16, 424.5804
106993,3.5356,0.003032,329.83, 424.5806
106994,3.5387,0.003009,332.29, 424.5806
106995,3.5417,0.003046,328.35, 424.5800
106996,3.5447,0.002993,334.07, 424.5800
106997,3.5477,0.003043,328.64, 424.5806
106998,3.5509,0.003100,322.62, 424.5800
106999,3.5540,0.003064,326.41, 424.5804
107000,3.5569,0.002993,334.11, 424.5800
107001,3.5599,0.003044,328.47, 424.5800
107002,3.5630,0.003034,329.63, 424.5801
107003,3.5660,0.002990,334.49, 424.5806
107004,3.5690,0.003000,333.30, 424.5800
107005,3.5720,0.003038,329.21, 424.5806
107006,3.5751,0.003048,328.05, 424.5800
107007,3.5781,0.003098,322.76, 424.5804
107008,3.5812,0.003028,330.22, 424.5800
107009,3.5842,0.003022,330.86, 424.5800
107010,3.5873,0.003029,330.19, 424.5800
107011,3.5903,0.003052,327.63, 424.5806
107012,3.5934,0.003046,328.26, 424.5804
107013,3.5964,0.003043,328.63, 424.5806
107014,3.5994,0.002998,333.53, 424.5804
107015,3.6024,0.003003,332.99, 424.5804
107016,3.6055,0.003018,331.35, 424.5800
107017,3.6085,0.003051,327.72, 424.5800
107018,3.6117,0.003208,311.68, 424.5801
107019,3.6149,0.003139,318.55, 424.5806
107020,3.6178,0.002992,334.21, 424.5801
107021,3.6209,0.003002,333.08, 424.5806
107022,3.6239,0.003089,323.77, 424.5800
107023,3.6270,0.003085,324.18, 424.5804
107024,3.6300,0.002985,335.00, 424.5801
107025,3.6329,0.002999,333.43, 424.5806
107026,3.6360,0.002978,335.84, 424.5800
107027,3.6389,0.003021,331.06, 424.5800
107028,3.6420,0.002989,334.54, 424.5804
107029,3.6450,0.003085,324.13, 424.5804
107030,3.6481,0.002987,334.83, 424.5800
107031,3.6511,0.003042,328.73, 424.5800
107032,3.6541,0.003006,332.72, 424.5800
107033,3.6571,0.003016,331.53, 424.5806
107034,3.6602,0.003086,324.01, 424.5800
107035,3.6632,0.003063,326.47, 424.5800
107036,3.6663,0.002960,337.87, 424.5800
107037,3.6692,0.003025,330.61, 424.5806
107038,3.6722,0.003018,331.32, 424.5800
107039,3.6754,0.003184,314.08, 424.5806
107040,3.6785,0.003069,325.82, 424.5806
107041,3.6815,0.003041,328.84, 424.5806
107042,3.6846,0.003037,329.23, 424.5800
107043,3.6876,0.003019,331.29, 424.5800
107044,3.6906,0.002988,334.73, 424.5800
107045,3.6936,0.003026,330.45, 424.5806
107046,3.6965,0.002946,339.41, 424.5800
107047,3.6996,0.002980,335.53, 424.5806
107048,3.7025,0.002951,338.85, 424.5801
107049,3.7054,0.002993,334.17, 424.5804
107050,3.7091,0.003573,279.85, 424.5800
107051,3.7124,0.003288,304.14, 424.5801
107052,3.7156,0.003173,315.15, 424.5804
107053,3.7189,0.003346,298.91, 424.5800
107054,3.7227,0.003811,262.39, 424.5800
107055,3.7262,0.003527,283.54, 424.5800
107056,3.7296,0.003407,293.56, 424.5801
107057,3.7329,0.003259,306.82, 424.5800
107058,3.7361,0.003242,308.46, 424.5800
107059,3.7394,0.003247,307.99, 424.5800
107060,3.7424,0.003126,319.90, 424.5801
107061,3.7460,0.003450,289.85, 424.5800
107062,3.7490,0.003150,317.50, 424.5806
107063,3.7521,0.003028,330.22, 424.5804
107064,3.7551,0.002996,333.76, 424.5804
107065,3.7582,0.003023,330.80, 424.5806
107066,3.7611,0.003017,331.50, 424.5800
107067,3.7642,0.002993,334.11, 424.5800
107068,3.7671,0.002932,341.10, 424.5804
107069,3.7701,0.003022,330.88, 424.5806
107070,3.7731,0.002996,333.81, 424.5806
107071,3.7761,0.002980,335.55, 424.5806
107072,3.7791,0.002999,333.42, 424.5806
107073,3.7821,0.002994,334.00, 424.5806
107074,3.7850,0.003015,331.68, 424.5804
107075,3.7881,0.003010,332.26, 424.5800
107076,3.7911,0.003051,327.79, 424.5804
107077,3.7941,0.002981,335.42, 424.5806
107078,3.7971,0.002960,337.84, 424.5800
107079,3.8002,0.003044,328.50, 424.5800
107080,3.8033,0.003212,311.32, 424.5806
107081,3.8064,0.003049,327.98, 424.5800
107082,3.8094,0.003011,332.08, 424.5806
107083,3.8125,0.003046,328.28, 424.5801
107084,3.8154,0.003028,330.26, 424.5800
107085,3.8186,0.003091,323.49, 424.5800
107086,3.8215,0.003003,333.04, 424.5800
107087,3.8246,0.003002,333.16, 424.5801
107088,3.8276,0.003108,321.78, 424.5806
107089,3.8307,0.003055,327.39, 424.5807
107090,3.8337,0.003049,327.93, 424.5804
107091,3.8368,0.003020,331.17, 424.5801
107092,3.8398,0.002997,333.67, 424.5800
107093,3.8429,0.003045,328.36, 424.5806
107094,3.8458,0.003010,332.18, 424.5806
107095,3.8490,0.003096,323.03, 424.5804
107096,3.8519,0.003004,332.87, 424.5800
107097,3.8550,0.003007,332.51, 424.5804
107098,3.8579,0.002990,334.40, 424.5804
107099,3.8610,0.003005,332.73, 424.5800
107100,3.8640,0.003079,324.77, 424.5800
107101,3.8671,0.003031,329.94, 424.5800
107102,3.8701,0.003064,326.42, 424.5804
107103,3.8732,0.003038,329.21, 424.5800
107104,3.8762,0.003034,329.61, 424.5800
107105,3.8793,0.003110,321.52, 424.5800
107106,3.8823,0.003048,328.08, 424.5806
107107,3.8854,0.003026,330.49, 424.5804
107108,3.8883,0.002966,337.15, 424.5804
107109,3.8914,0.003014,331.80, 424.5807
107110,3.8944,0.003057,327.09, 424.5800
107111,3.8975,0.002989,334.55, 424.5804
107112,3.9004,0.003000,333.33, 424.5800
107113,3.9034,0.003021,331.03, 424.5804
107114,3.9064,0.002967,337.09, 424.5800
107115,3.9094,0.003035,329.50, 424.5800
107116,3.9125,0.003037,329.33, 424.5800
107117,3.9154,0.002995,333.90, 424.5800
107118,3.9185,0.002979,335.67, 424.5800
107119,3.9214,0.003003,333.03, 424.5800
107120,3.9244,0.003038,329.16, 424.5804
107121,3.9275,0.003063,326.52, 424.5800
107122,3.9305,0.003015,331.66, 424.5806
107123,3.9336,0.002980,335.62, 424.5800
107124,3.9365,0.002971,336.56, 424.5804
107125,3.9396,0.003047,328.15, 424.5807
107126,3.9426,0.003080,324.66, 424.5800
107127,3.9457,0.003066,326.20, 424.5800
107128,3.9487,0.003003,333.06, 424.5806
107129,3.9518,0.003036,329.40, 424.5800
107130,3.9548,0.003066,326.18, 424.5800
107131,3.9579,0.003030,330.08, 424.5800
107132,3.9609,0.003081,324.56, 424.5800
107133,3.9640,0.003015,331.69, 424.5806
107134,3.9669,0.003003,332.99, 424.5800
107135,3.9700,0.003057,327.15, 424.5800
107136,3.9730,0.003047,328.15, 424.5804
107137,3.9761,0.003023,330.82, 424.5800
107138,3.9791,0.003041,328.85, 424.5800
107139,3.9822,0.003047,328.17, 424.5800
107140,3.9852,0.003029,330.13, 424.5804
107141,3.9883,0.003044,328.49, 424.5804
107142,3.9915,0.003294,303.58, 424.5800
107143,3.9945,0.003035,329.49, 424.5807
107144,3.9976,0.003054,327.43, 424.5800
107145,4.0006,0.002989,334.60, 424.5801
107146,4.0038,0.003219,310.69, 424.5800
107147,4.0072,0.003366,297.13, 424.5801
107148,4.0104,0.003191,313.42, 424.5800
107149,4.0136,0.003220,310.52, 424.5804
107150,4.0167,0.003075,325.22, 424.5800
107151,4.0200,0.003338,299.63, 424.5801
107152,4.0232,0.003209,311.63, 424.5804
107153,4.0264,0.003179,314.56, 424.5801
107154,4.0294,0.003046,328.28, 424.5800
107155,4.0325,0.003042,328.76, 424.5807
107156,4.0354,0.002937,340.47, 424.5800
107157,4.0386,0.003119,320.67, 424.5804
107158,4.0416,0.003055,327.32, 424.5800
107159,4.0447,0.003051,327.77, 424.5800
107160,4.0475,0.002891,345.85, 424.5806
107161,4.0507,0.003074,325.30, 424.5804
107162,4.0536,0.003032,329.80, 424.5800
107163,4.0568,0.003117,320.86, 424.5800
107164,4.0598,0.003029,330.15, 424.5806
107165,4.0629,0.003084,324.21, 424.5800
107166,4.0658,0.002979,335.65, 424.5804
107167,4.0690,0.003073,325.47, 424.5800
107168,4.0719,0.003027,330.40, 424.5806
107169,4.0751,0.003163,316.13, 424.5804
107170,4.0781,0.002984,335.09, 424.5806
107171,4.0812,0.003050,327.88, 424.5800
107172,4.0841,0.002933,340.97, 424.5806
107173,4.0872,0.003103,322.25, 424.5804
107174,4.0902,0.002985,335.04, 424.5806
107175,4.0933,0.003089,323.73, 424.5806
107176,4.0962,0.002996,333.82, 424.5800
107177,4.0994,0.003095,323.06, 424.5804
107178,4.1023,0.003005,332.83, 424.5800
107179,4.1055,0.003103,322.31, 424.5806
107180,4.1084,0.002960,337.85, 424.5806
107181,4.1115,0.003090,323.59, 424.5804
107182,4.1145,0.003001,333.27, 424.5806
107183,4.1176,0.003089,323.69, 424.5800
107184,4.1206,0.002983,335.21, 424.5804
107185,4.1237,0.003095,323.08, 424.5800
107186,4.1267,0.003005,332.75, 424.5800
107187,4.1298,0.003105,322.11, 424.5800
107188,4.1328,0.003039,329.08, 424.5800
107189,4.1359,0.003073,325.37, 424.5804
107190,4.1388,0.002952,338.80, 424.5806
107191,4.1418,0.003056,327.18, 424.5800
107192,4.1449,0.003002,333.16, 424.5800
107193,4.1482,0.003345,298.92, 424.5800
107194,4.1516,0.003311,301.99, 424.5800
107195,4.1547,0.003164,316.06, 424.5804
107196,4.1576,0.002930,341.29, 424.5800
107197,4.1608,0.003139,318.62, 424.5806
107198,4.1639,0.003094,323.21, 424.5800
107199,4.1670,0.003091,323.52, 424.5800
107200,4.1699,0.002982,335.35, 424.5800
107201,4.1731,0.003117,320.83, 424.5800
107202,4.1760,0.002997,333.63, 424.5800
107203,4.1793,0.003257,307.06, 424.5800
107204,4.1825,0.003144,318.12, 424.5800
107205,4.1855,0.003092,323.44, 424.5801
107206,4.1885,0.002974,336.21, 424.5800
107207,4.1917,0.003126,319.88, 424.5800
107208,4.1947,0.003047,328.15, 424.5800
107209,4.1978,0.003089,323.69, 424.5806
107210,4.2008,0.002999,333.47, 424.5800
107211,4.2039,0.003082,324.42, 424.5800
107212,4.2069,0.003016,331.61, 424.5800
107213,4.2100,0.003124,320.09, 424.5804
107214,4.2130,0.003011,332.16, 424.5800
107215,4.2161,0.003039,329.01, 424.5804
107216,4.2191,0.002995,333.93, 424.5800
107217,4.2222,0.003090,323.61, 424.5800
107218,4.2252,0.003068,325.93, 424.5800
107219,4.2283,0.003088,323.83, 424.5804
107220,4.2313,0.003021,330.98, 424.5800
107221,4.2344,0.003052,327.64, 424.5804
107222,4.2374,0.003032,329.79, 424.5800
107223,4.2406,0.003186,313.91, 424.5804
107224,4.2438,0.003129,319.59, 424.5801
107225,4.2467,0.003021,331.02, 424.5806
107226,4.2498,0.003000,333.39, 424.5800
107227,4.2528,0.003043,328.67, 424.5800
107228,4.2559,0.003083,324.38, 424.5800
107229,4.2590,0.003115,321.04, 424.5804
107230,4.2620,0.003006,332.65, 424.5800
107231,4.2650,0.002982,335.35, 424.5806
107232,4.2679,0.002981,335.45, 424.5800
107233,4.2711,0.003110,321.51, 424.5800
107234,4.2742,0.003096,323.02, 424.5800
107235,4.2772,0.003000,333.36, 424.5806
107236,4.2802,0.002999,333.43, 424.5800
107237,4.2832,0.003050,327.92, 424.5804
107238,4.2863,0.003017,331.49, 424.5800
107239,4.2893,0.003024,330.72, 424.5804
107240,4.2922,0.003010,332.28, 424.5800
107241,4.2953,0.003063,326.48, 424.5800
107242,4.2983,0.002997,333.67, 424.5801
107243,4.3014,0.003041,328.88, 424.5806
107244,4.3044,0.003075,325.16, 424.5800
107245,4.3075,0.003046,328.31, 424.5806
107246,4.3105,0.003005,332.78, 424.5807
107247,4.3135,0.003037,329.32, 424.5800
107248,4.3165,0.003011,332.10, 424.5804
107249,4.3196,0.003092,323.40, 424.5804
107250,4.3226,0.003017,331.46, 424.5800
107251,4.3257,0.003020,331.16, 424.5806
107252,4.3286,0.002993,334.07, 424.5800
107253,4.3317,0.003005,332.77, 424.5806
107254,4.3347,0.003016,331.58, 424.5801
107255,4.3376,0.003022,330.91, 424.5804
107256,4.3407,0.003018,331.39, 424.5800
107257,4.3438,0.003066,326.18, 424.5804
107258,4.3468,0.002962,337.64, 424.5800
107259,4.3497,0.002999,333.50, 424.5800
107260,4.3528,0.003019,331.29, 424.5800
107261,4.3558,0.003011,332.10, 424.5804
107262,4.3588,0.002986,334.88, 424.5806
107263,4.3618,0.003074,325.36, 424.5806
107264,4.3649,0.003056,327.28, 424.5800
107265,4.3680,0.003111,321.46, 424.5804
107266,4.3711,0.003090,323.66, 424.5800
107267,4.3741,0.003108,321.76, 424.5800
107268,4.3772,0.003023,330.79, 424.5804
107269,4.3802,0.003078,324.87, 424.5806
107270,4.3834,0.003112,321.37, 424.5800
107271,4.3865,0.003055,327.30, 424.5804
107272,4.3895,0.003025,330.58, 424.5801
107273,4.3926,0.003100,322.55, 424.5804
107274,4.3956,0.002990,334.50, 424.5806
107275,4.3987,0.003060,326.82, 424.5806
107276,4.4017,0.003044,328.52, 424.5800
107277,4.4048,0.003044,328.47, 424.5806
107278,4.4077,0.003023,330.75, 424.5801
107279,4.4108,0.003019,331.26, 424.5800
107280,4.4138,0.003073,325.38, 424.5800
107281,4.4169,0.003013,331.91, 424.5806
107282,4.4198,0.002986,334.93, 424.5800
107283,4.4229,0.002992,334.21, 424.5806
107284,4.4258,0.002964,337.39, 424.5800
107285,4.4290,0.003199,312.63, 424.5800
107286,4.4321,0.003125,319.96, 424.5800
107287,4.4352,0.003014,331.83, 424.5800
107288,4.4381,0.003018,331.36, 424.5800
107289,4.4412,0.003042,328.69, 424.5800
107290,4.4442,0.003014,331.74, 424.5800
107291,4.4474,0.003123,320.25, 424.5800
107292,4.4503,0.002980,335.56, 424.5804
107293,4.4534,0.003006,332.67, 424.5804
107294,4.4563,0.002987,334.80, 424.5804
107295,4.4594,0.003043,328.60, 424.5804
107296,4.4624,0.003053,327.50, 424.5800
107297,4.4655,0.003032,329.85, 424.5806
107298,4.4684,0.002954,338.52, 424.5800
107299,4.4714,0.003017,331.42, 424.5804
107300,4.4744,0.002997,333.63, 424.5800
107301,4.4775,0.003081,324.62, 424.5806
107302,4.4805,0.003000,333.37, 424.5800
107303,4.4835,0.003014,331.75, 424.5806
107304,4.4865,0.003001,333.24, 424.5800
107305,4.4897,0.003191,313.34, 424.5800
107306,4.4929,0.003211,311.39, 424.5800
107307,4.4960,0.003058,327.05, 424.5800
107308,4.4989,0.002979,335.65, 424.5804
107309,4.5020,0.003058,327.04, 424.5800
107310,4.5050,0.003031,329.89, 424.5800
107311,4.5081,0.003078,324.93, 424.5800
107312,4.5111,0.002989,334.55, 424.5800
107313,4.5142,0.003047,328.19, 424.5800
107314,4.5171,0.003001,333.18, 424.5800
107315,4.5201,0.003026,330.44, 424.5800
107316,4.5233,0.003201,312.41, 424.5800
107317,4.5265,0.003150,317.45, 424.5804
107318,4.5295,0.003054,327.44, 424.5801
107319,4.5326,0.003036,329.34, 424.5800
107320,4.5356,0.002989,334.56, 424.5801
107321,4.5387,0.003052,327.69, 424.5806
107322,4.5417,0.003048,328.11, 424.5800
107323,4.5447,0.003012,331.96, 424.5800
107324,4.5477,0.002986,334.95, 424.5800
107325,4.5508,0.003020,331.13, 424.5804
107326,4.5540,0.003288,304.14, 424.5801
107327,4.5571,0.003087,323.90, 424.5806
107328,4.5602,0.003077,325.01, 424.5801
107329,4.5632,0.003050,327.89, 424.5800
107330,4.5663,0.003018,331.39, 424.5800
107331,4.5693,0.003052,327.66, 424.5806
107332,4.5724,0.003050,327.85, 424.5804
107333,4.5753,0.003022,330.90, 424.5804
107334,4.5784,0.003013,331.91, 424.5800
107335,4.5814,0.003028,330.26, 424.5806
107336,4.5845,0.003088,323.84, 424.5800
107337,4.5875,0.003067,326.03, 424.5800
107338,4.5906,0.003049,327.94, 424.5800
107339,4.5936,0.003031,329.92, 424.5804
107340,4.5967,0.003035,329.48, 424.5806
107341,4.5997,0.003035,329.46, 424.5806
107342,4.6028,0.003047,328.22, 424.5800
107343,4.6057,0.003009,332.31, 424.5806
107344,4.6088,0.003025,330.63, 424.5806
107345,4.6118,0.003032,329.82, 424.5800
107346,4.6149,0.003103,322.30, 424.5801
107347,4.6179,0.002998,333.59, 424.5804
107348,4.6210,0.003044,328.47, 424.5801
107349,4.6239,0.002947,339.33, 424.5804
107350,4.6270,0.003011,332.12, 424.5806
107351,4.6299,0.003016,331.55, 424.5806
107352,4.6329,0.003036,329.38, 424.5800
107353,4.6360,0.003008,332.47, 424.5804
107354,4.6390,0.003022,330.90, 424.5800
107355,4.6421,0.003063,326.46, 424.5804
107356,4.6451,0.003077,325.02, 424.5800
107357,4.6482,0.003082,324.48, 424.5806
107358,4.6512,0.003023,330.84, 424.5801
107359,4.6543,0.003025,330.59, 424.5804
107360,4.6573,0.003052,327.71, 424.5800
107361,4.6604,0.003091,323.50, 424.5800
107362,4.6635,0.003059,326.91, 424.5804
107363,4.6665,0.003033,329.68, 424.5800
107364,4.6696,0.002993,334.16, 424.5800
107365,4.6725,0.003036,329.40, 424.5800
107366,4.6755,0.002984,335.13, 424.5800
107367,4.6786,0.003045,328.37, 424.5804
107368,4.6816,0.003030,330.05, 424.5800
107369,4.6847,0.003037,329.30, 424.5806
107370,4.6877,0.003057,327.17, 424.5800
107371,4.6908,0.003043,328.62, 424.5804
107372,4.6938,0.003148,317.67, 424.5800
107373,4.6970,0.003083,324.37, 424.5804
107374,4.7000,0.002998,333.53, 424.5801
107375,4.7030,0.003025,330.58, 424.5800
107376,4.7061,0.003010,332.18, 424.5804
107377,4.7095,0.003429,291.60, 424.5800
107378,4.7128,0.003357,297.89, 424.5800
107379,4.7158,0.003085,324.18, 424.5800
107380,4.7192,0.003355,298.09, 424.5801
107381,4.7228,0.003532,283.13, 424.5800
107382,4.7263,0.003552,281.57, 424.5801
107383,4.7299,0.003532,283.11, 424.5800
107384,4.7330,0.003164,316.11, 424.5807
107385,4.7360,0.002967,337.09, 424.5804
107386,4.7390,0.002983,335.20, 424.5800
107387,4.7421,0.003068,325.93, 424.5800
107388,4.7451,0.003154,317.04, 424.5800
107389,4.7482,0.003049,327.94, 424.5806
107390,4.7512,0.003031,329.89, 424.5800
107391,4.7543,0.003025,330.55, 424.5800
107392,4.7573,0.003032,329.82, 424.5806
107393,4.7603,0.002988,334.71, 424.5800
107394,4.7633,0.003037,329.30, 424.5804
107395,4.7664,0.002991,334.39, 424.5800
107396,4.7694,0.003064,326.35, 424.5800
107397,4.7725,0.003052,327.62, 424.5806
107398,4.7755,0.003064,326.36, 424.5800
107399,4.7784,0.002975,336.09, 424.5800
107400,4.7815,0.003038,329.19, 424.5800
107401,4.7845,0.003023,330.80, 424.5806
107402,4.7877,0.003138,318.63, 424.5806
107403,4.7906,0.003012,332.06, 424.5800
107404,4.7937,0.003059,326.90, 424.5800
107405,4.7968,0.002952,338.75, 424.5804
107406,4.7997,0.002965,337.33, 424.5800
107407,4.8026,0.002994,334.01, 424.5800
107408,4.8057,0.003037,329.25, 424.5806
107409,4.8087,0.002981,335.41, 424.5804
107410,4.8118,0.003098,322.81, 424.5800
107411,4.8148,0.002994,334.01, 424.5806
107412,4.8177,0.003029,330.10, 424.5806
107413,4.8208,0.003011,332.07, 424.5800
107414,4.8239,0.003079,324.82, 424.5800
107415,4.8269,0.003011,332.07, 424.5800
107416,4.8300,0.002997,333.68, 424.5804
107417,4.8330,0.003043,328.61, 424.5804
107418,4.8361,0.003052,327.68, 424.5804
107419,4.8390,0.002990,334.46, 424.5800
107420,4.8420,0.003073,325.41, 424.5804
107421,4.8451,0.003046,328.35, 424.5804
107422,4.8481,0.003037,329.27, 424.5804
107423,4.8512,0.002993,334.17, 424.5804
107424,4.8541,0.003009,332.37, 424.5804
107425,4.8571,0.002960,337.80, 424.5804
107426,4.8601,0.003005,332.75, 424.5804
107427,4.8632,0.003048,328.11, 424.5800
107428,4.8662,0.003043,328.64, 424.5804
107429,4.8693,0.003016,331.58, 424.5800
107430,4.8723,0.003053,327.59, 424.5800
107431,4.8752,0.003009,332.33, 424.5800
107432,4.8785,0.003256,307.17, 424.5806
107433,4.8816,0.003034,329.64, 424.5800
107434,4.8846,0.003028,330.31, 424.5804
107435,4.8876,0.002944,339.65, 424.5800
107436,4.8906,0.003060,326.82, 424.5800
107437,4.8937,0.003021,331.01, 424.5800
107438,4.8966,0.003027,330.32, 424.5806
107439,4.8997,0.002987,334.77, 424.5800
107440,4.9027,0.003055,327.34, 424.5806
107441,4.9056,0.002999,333.47, 424.5800
107442,4.9087,0.003026,330.50, 424.5800
107443,4.9119,0.003164,316.06, 424.5800
107444,4.9149,0.003097,322.93, 424.5801
107445,4.9178,0.002930,341.25, 424.5804
107446,4.9209,0.003026,330.47, 424.5800
107447,4.9240,0.003020,331.14, 424.5800
107448,4.9271,0.003121,320.45, 424.5800
107449,4.9302,0.003087,323.94, 424.5804
107450,4.9332,0.003061,326.67, 424.5800
107451,4.9362,0.002961,337.78, 424.5800
107452,4.9392,0.002978,335.77, 424.5804
107453,4.9420,0.002916,342.94, 424.6086
107454,4.9453,0.003184,314.05, 424.5800
107455,4.9482,0.003029,330.15, 424.5804
107456,4.9514,0.003068,325.98, 424.5800
107457,4.9543,0.003019,331.22, 424.5800
107458,4.9575,0.003110,321.52, 424.5800
107459,4.9606,0.003084,324.29, 424.5806
107460,4.9636,0.003027,330.40, 424.5806
107461,4.9666,0.003006,332.71, 424.5800
107462,4.9696,0.003034,329.55, 424.5800
107463,4.9727,0.003073,325.45, 424.5800
107464,4.9758,0.003092,323.46, 424.5800
107465,4.9788,0.003006,332.71, 424.5806
107466,4.9818,0.003048,328.05, 424.5800
107467,4.9849,0.002989,334.55, 424.5800
107468,4.9879,0.003089,323.75, 424.5806
107469,4.9912,0.003324,300.89, 424.5800
107470,4.9945,0.003220,310.60, 424.5800
107471,4.9976,0.003054,327.46, 424.5801
107472,5.0006,0.003063,326.46, 424.5800
107473,5.0037,0.003045,328.45, 424.5806
107474,5.0066,0.002993,334.09, 424.5804
107475,5.0096,0.003002,333.17, 424.5804
107476,5.0127,0.003003,332.99, 424.5804
107477,5.0157,0.003057,327.15, 424.5800
107478,5.0187,0.003039,329.11, 424.5800
107479,5.0217,0.003033,329.72, 424.5800
107480,5.0248,0.003031,329.92, 424.5806
107481,5.0278,0.002997,333.62, 424.5800
107482,5.0308,0.003022,330.95, 424.5804
107483,5.0338,0.003044,328.57, 424.5804
107484,5.0369,0.003016,331.52, 424.5825
107485,5.0399,0.003039,329.09, 424.5800
107486,5.0430,0.003068,325.98, 424.5800
107487,5.0460,0.003027,330.36, 424.5800
107488,5.0491,0.003055,327.36, 424.5800
107489,5.0521,0.003030,330.07, 424.5800
107490,5.0551,0.003012,331.99, 424.5800
107491,5.0581,0.003019,331.25, 424.5800
107492,5.0612,0.003045,328.44, 424.5800
107493,5.0642,0.003019,331.20, 424.5800
107494,5.0673,0.003059,326.95, 424.5804
107495,5.0703,0.003064,326.39, 424.5804
107496,5.0734,0.003046,328.27, 424.5800
107497,5.0764,0.003003,333.06, 424.5808
107498,5.0795,0.003087,323.95, 424.5804
107499,5.0825,0.003027,330.33, 424.5806
107500,5.0854,0.003023,330.80, 424.5807
107501,5.0885,0.002967,337.06, 424.5806
107502,5.0914,0.003027,330.36, 424.5801
107503,5.0945,0.002967,337.09, 424.5804
107504,5.0974,0.003006,332.71, 424.5806
107505,5.1007,0.003250,307.69, 424.5801
107506,5.1039,0.003230,309.65, 424.5800
107507,5.1072,0.003229,309.72, 424.5990
107508,5.1105,0.003282,304.66, 424.5800
107509,5.1139,0.003388,295.19, 424.5804
107510,5.1172,0.003381,295.76, 424.5800
107511,5.1205,0.003319,301.29, 424.5801
107512,5.1237,0.003178,314.70, 424.5800
107513,5.1271,0.003317,301.52, 424.5801
107514,5.1302,0.003222,310.39, 424.5800
107515,5.1335,0.003273,305.55, 424.5801
107516,5.1367,0.003225,310.09, 424.5801
107517,5.1399,0.003199,312.63, 424.5807
107518,5.1432,0.003199,312.61, 424.5825
107519,5.1464,0.003237,308.89, 424.5804
107520,5.1497,0.003324,300.81, 424.5801
107521,5.1530,0.003210,311.49, 424.5800
107522,5.1563,0.003277,305.19, 424.5801
107523,5.1594,0.003239,308.75, 424.5800
107524,5.1630,0.003541,282.37, 424.5801
107525,5.1665,0.003482,287.17, 424.5800
107526,5.1698,0.003285,304.39, 424.5801
107527,5.1727,0.003028,330.24, 424.5800
107528,5.1758,0.003054,327.48, 424.5801
107529,5.1788,0.002975,336.13, 424.5806
107530,5.1819,0.003087,323.94, 424.5800
107531,5.1849,0.003002,333.14, 424.5806
107532,5.1880,0.003087,323.96, 424.5800
107533,5.1909,0.002986,334.88, 424.5806
107534,5.1941,0.003167,315.80, 424.5800
107535,5.1971,0.003029,330.17, 424.5800
107536,5.2002,0.003076,325.12, 424.5800
107537,5.2032,0.003018,331.37, 424.5804
107538,5.2063,0.003105,322.10, 424.5800
107539,5.2096,0.003180,314.46, 424.5800
107540,5.2128,0.003216,310.92, 424.5800
107541,5.2158,0.003006,332.70, 424.5800
107542,5.2188,0.003030,330.00, 424.5800
107543,5.2218,0.003015,331.65, 424.5800
107544,5.2249,0.003057,327.09, 424.5800
107545,5.2279,0.003062,326.61, 424.5800
107546,5.2310,0.003054,327.44, 424.5800
107547,5.2340,0.002990,334.43, 424.5800
107548,5.2369,0.003014,331.79, 424.5800
107549,5.2401,0.003135,319.02, 424.5804
107550,5.2433,0.003147,317.73, 424.5800
107551,5.2463,0.003031,329.94, 424.5804
107552,5.2493,0.003031,329.94, 424.5804
107553,5.2523,0.003011,332.07, 424.5800
107554,5.2554,0.003018,331.39, 424.5800
107555,5.2584,0.003033,329.75, 424.5800
107556,5.2615,0.003068,325.91, 424.5800
107557,5.2645,0.003019,331.27, 424.5806
107558,5.2675,0.002986,334.91, 424.5800
107559,5.2704,0.002975,336.18, 424.5800
107560,5.2734,0.003055,327.31, 424.5800
107561,5.2765,0.002976,335.98, 424.5804
107562,5.2797,0.003143,318.22, 424.5800
107563,5.2826,0.003009,332.36, 424.5804
107564,5.2858,0.003110,321.51, 424.5800
107565,5.2888,0.003067,326.05, 424.5800
107566,5.2919,0.003057,327.12, 424.5804
107567,5.2948,0.002992,334.22, 424.5800
107568,5.2979,0.003021,331.04, 424.5806
107569,5.3009,0.003032,329.85, 424.5800
107570,5.3040,0.003085,324.20, 424.5800
107571,5.3070,0.003000,333.38, 424.5800
107572,5.3101,0.003033,329.68, 424.5800
107573,5.3130,0.002998,333.54, 424.5806
107574,5.3160,0.003031,329.91, 424.5804
107575,5.3191,0.003079,324.74, 424.5800
107576,5.3221,0.003072,325.50, 424.5800
107577,5.3252,0.003016,331.60, 424.5800
107578,5.3282,0.003011,332.17, 424.5806
107579,5.3312,0.003008,332.45, 424.5800
107580,5.3344,0.003108,321.80, 424.5804
107581,5.3373,0.002974,336.27, 424.5807
107582,5.3403,0.003007,332.56, 424.5800
107583,5.3434,0.003018,331.40, 424.5804
107584,5.3463,0.003018,331.30, 424.5800
107585,5.3495,0.003158,316.63, 424.5800
107586,5.3527,0.003208,311.74, 424.5806
107587,5.3560,0.003263,306.43, 424.5800
107588,5.3593,0.003236,309.00, 424.5800
107589,5.3623,0.003103,322.30, 424.5800
107590,5.3654,0.003087,323.97, 424.5800
107591,5.3684,0.003019,331.20, 424.5804
107592,5.3715,0.002994,334.05, 424.5800
107593,5.3745,0.003030,330.01, 424.5801
107594,5.3774,0.003035,329.49, 424.5800
107595,5.3807,0.003251,307.63, 424.5800
107596,5.3840,0.003293,303.71, 424.5806
107597,5.3872,0.003121,320.43, 424.5800
107598,5.3901,0.002996,333.73, 424.5806
107599,5.3932,0.003053,327.50, 424.5800
107600,5.3965,0.003224,310.18, 424.5800
107601,5.3995,0.003114,321.12, 424.5801
107602,5.4025,0.002969,336.83, 424.5800
107603,5.4055,0.003053,327.59, 424.5800
107604,5.4086,0.002949,339.13, 424.5804
107605,5.4116,0.003128,319.66, 424.5801
107606,5.4147,0.003010,332.18, 424.5800
107607,5.4177,0.003026,330.46, 424.5801
107608,5.4207,0.002992,334.25, 424.5804
107609,5.4237,0.003086,324.02, 424.5806
107610,5.4268,0.003060,326.75, 424.5804
107611,5.4299,0.003067,326.01, 424.5801
107612,5.4327,0.002918,342.67, 424.5800
107613,5.4358,0.002997,333.62, 424.5806
107614,5.4388,0.003009,332.29, 424.5800
107615,5.4419,0.003082,324.51, 424.5800
107616,5.4449,0.003042,328.70, 424.5800
107617,5.4480,0.003066,326.15, 424.5800
107618,5.4509,0.002992,334.27, 424.5800
107619,5.4541,0.003082,324.52, 424.5800
107620,5.4570,0.002959,338.01, 424.5806
107621,5.4601,0.003048,328.08, 424.5800
107622,5.4631,0.003019,331.27, 424.5800
107623,5.4662,0.003053,327.59, 424.5800
107624,5.4691,0.003019,331.19, 424.5800
107625,5.4723,0.003090,323.64, 424.5800
107626,5.4752,0.003019,331.26, 424.5804
107627,5.4783,0.003055,327.32, 424.5806
107628,5.4813,0.002990,334.47, 424.5806
107629,5.4844,0.003075,325.25, 424.5806
107630,5.4874,0.003000,333.36, 424.5800
107631,5.4905,0.003087,323.94, 424.5800
107632,5.4935,0.002996,333.73, 424.5806
107633,5.4966,0.003045,328.37, 424.5804
107634,5.4995,0.003017,331.43, 424.5800
107635,5.5026,0.003040,328.90, 424.5804
107636,5.5057,0.003192,313.29, 424.5800
107637,5.5089,0.003092,323.37, 424.5806
107638,5.5120,0.003065,326.30, 424.5800
107639,5.5150,0.003057,327.14, 424.5800
107640,5.5179,0.002970,336.67, 424.5800
107641,5.5210,0.003078,324.92, 424.5804
107642,5.5240,0.003013,331.95, 424.5804
107643,5.5271,0.003072,325.57, 424.5804
107644,5.5302,0.003020,331.18, 424.5800
107645,5.5332,0.003064,326.35, 424.5800
107646,5.5363,0.003080,324.72, 424.5800
107647,5.5393,0.003078,324.84, 424.5800
107648,5.5424,0.003001,333.24, 424.5800
107649,5.5454,0.003066,326.12, 424.5800
107650,5.5485,0.003035,329.51, 424.5804
107651,5.5515,0.003099,322.70, 424.5800
107652,5.5546,0.002963,337.53, 424.5804
107653,5.5576,0.003068,325.97, 424.5804
107654,5.5605,0.003016,331.62, 424.5806
107655,5.5636,0.003023,330.80, 424.5806
107656,5.5667,0.002977,335.92, 424.5825
107657,5.5697,0.003124,320.14, 424.5800
107658,5.5728,0.003046,328.31, 424.5800
107659,5.5758,0.003069,325.82, 424.5804
107660,5.5789,0.002980,335.58, 424.5804
107661,5.5819,0.003046,328.34, 424.5800
107662,5.5848,0.002992,334.28, 424.5800
107663,5.5879,0.003057,327.10, 424.5800
107664,5.5909,0.002981,335.41, 424.5804
107665,5.5939,0.003028,330.26, 424.5800
107666,5.5969,0.003011,332.17, 424.5800
107667,5.6000,0.003037,329.24, 424.5800
107668,5.6030,0.003036,329.36, 424.5804
107669,5.6061,0.003036,329.42, 424.5804
107670,5.6090,0.002994,333.97, 424.5800
107671,5.6121,0.003062,326.62, 424.5806
107672,5.6151,0.003002,333.10, 424.5800
107673,5.6182,0.003069,325.89, 424.5804
107674,5.6212,0.003040,328.98, 424.5800
107675,5.6243,0.003070,325.78, 424.5800
107676,5.6272,0.002970,336.73, 424.5800
107677,5.6304,0.003087,323.93, 424.5806
107678,5.6334,0.003061,326.69, 424.5800
107679,5.6365,0.003025,330.63, 424.5800
107680,5.6394,0.002983,335.24, 424.5804
107681,5.6425,0.003042,328.76, 424.5800
107682,5.6455,0.003025,330.57, 424.5800
107683,5.6486,0.003073,325.45, 424.5800
107684,5.6516,0.003003,333.01, 424.5806
107685,5.6547,0.003056,327.24, 424.5804
107686,5.6576,0.002944,339.67, 424.5800
107687,5.6606,0.003088,323.87, 424.5800
107688,5.6637,0.003028,330.24, 424.5800
107689,5.6667,0.003041,328.82, 424.5806
107690,5.6697,0.002988,334.68, 424.5800
107691,5.6727,0.003084,324.31, 424.5800
107692,5.6758,0.003029,330.16, 424.5806
107693,5.6790,0.003109,321.65, 424.5800
107694,5.6819,0.003016,331.57, 424.5800
107695,5.6849,0.003041,328.85, 424.5800
107696,5.6880,0.002984,335.10, 424.5806
107697,5.6910,0.003060,326.84, 424.5800
107698,5.6941,0.003041,328.86, 424.5800
107699,5.6971,0.003030,330.05, 424.5806
107700,5.7001,0.002979,335.74, 424.5804
107701,5.7031,0.003038,329.20, 424.5800
107702,5.7061,0.002980,335.54, 424.5800
107703,5.7095,0.003431,291.46, 424.5800
107704,5.7128,0.003259,306.82, 424.5804
107705,5.7161,0.003238,308.85, 424.5801
107706,5.7194,0.003301,302.96, 424.6066
107707,5.7230,0.003750,266.65, 424.5807
107708,5.7267,0.003600,277.76, 424.5801
107709,5.7301,0.003492,286.37, 424.5804
107710,5.7334,0.003189,313.59, 424.5800
107711,5.7363,0.002978,335.76, 424.5807
107712,5.7396,0.003339,299.46, 424.5801
107713,5.7429,0.003211,311.44, 424.5806
107714,5.7460,0.003102,322.40, 424.5800
107715,5.7489,0.002966,337.11, 424.5806
107716,5.7521,0.003075,325.16, 424.5804
107717,5.7550,0.003041,328.83, 424.5806
107718,5.7582,0.003071,325.68, 424.5804
107719,5.7611,0.003007,332.52, 424.5806
107720,5.7642,0.003051,327.75, 424.5800
107721,5.7672,0.003051,327.78, 424.5806
107722,5.7703,0.003051,327.72, 424.5800
107723,5.7733,0.003044,328.49, 424.5806
107724,5.7764,0.003061,326.68, 424.5800
107725,5.7794,0.003009,332.30, 424.5806
107726,5.7825,0.003070,325.72, 424.5800
107727,5.7855,0.003006,332.65, 424.5804
107728,5.7886,0.003069,325.84, 424.5800
107729,5.7915,0.003006,332.71, 424.5804
107730,5.7947,0.003065,326.25, 424.5800
107731,5.7976,0.003021,331.02, 424.5804
107732,5.8008,0.003087,323.93, 424.5800
107733,5.8038,0.003060,326.78, 424.5800
107734,5.8069,0.003086,324.07, 424.5800
107735,5.8099,0.003006,332.72, 424.5804
107736,5.8130,0.003071,325.58, 424.5800
107737,5.8159,0.003002,333.16, 424.5804
107738,5.8190,0.003050,327.87, 424.5800
107739,5.8220,0.002974,336.29, 424.5804
107740,5.8251,0.003066,326.12, 424.5800
107741,5.8280,0.003010,332.18, 424.5806
107742,5.8311,0.003040,328.95, 424.5806
107743,5.8341,0.002976,336.06, 424.5806
107744,5.8372,0.003040,328.99, 424.5800
107745,5.8401,0.002987,334.77, 424.5804
107746,5.8431,0.003093,323.34, 424.5800
107747,5.8462,0.003006,332.67, 424.5800
107748,5.8492,0.003063,326.48, 424.5800
107749,5.8523,0.002985,335.02, 424.5804
107750,5.8553,0.003047,328.25, 424.5800
107751,5.8583,0.002987,334.84, 424.5800
107752,5.8613,0.003093,323.32, 424.5800
107753,5.8644,0.003035,329.54, 424.5806
107754,5.8674,0.003031,329.91, 424.5800
107755,5.8704,0.002948,339.20, 424.5800
107756,5.8734,0.003052,327.65, 424.5800
107757,5.8765,0.003019,331.29, 424.5806
107758,5.8795,0.003084,324.29, 424.5800
107759,5.8826,0.002998,333.53, 424.5804
107760,5.8856,0.003031,329.97, 424.5800
107761,5.8886,0.003016,331.61, 424.5806
107762,5.8916,0.003074,325.35, 424.5800
107763,5.8948,0.003146,317.90, 424.5800
107764,5.8979,0.003208,311.73, 424.5806
107765,5.9010,0.002998,333.59, 424.5800
107766,5.9041,0.003051,327.72, 424.5801
107767,5.9070,0.002922,342.20, 424.5800
107768,5.9100,0.003041,328.84, 424.5804
107769,5.9131,0.003044,328.49, 424.5800
107770,5.9161,0.003027,330.38, 424.5800
107771,5.9191,0.003016,331.55, 424.5800
107772,5.9221,0.003045,328.43, 424.5800
107773,5.9252,0.003039,329.11, 424.5806
107774,5.9282,0.003056,327.21, 424.5800
107775,5.9313,0.003034,329.57, 424.5806
107776,5.9343,0.003043,328.64, 424.5800
107777,5.9374,0.002998,333.60, 424.5804
107778,5.9406,0.003171,315.36, 424.5800
107779,5.9437,0.003185,313.96, 424.5806
107780,5.9468,0.003123,320.22, 424.5801
107781,5.9497,0.002949,339.12, 424.5806
107782,5.9528,0.003038,329.13, 424.5800
107783,5.9558,0.002988,334.71, 424.5804
107784,5.9589,0.003090,323.62, 424.5800
107785,5.9619,0.003037,329.33, 424.5804
107786,5.9650,0.003071,325.68, 424.5800
107787,5.9679,0.002949,339.10, 424.5804
107788,5.9709,0.003085,324.20, 424.5800
107789,5.9741,0.003114,321.11, 424.5804
107790,5.9773,0.003152,317.31, 424.5800
107791,5.9803,0.003020,331.09, 424.5804
107792,5.9834,0.003078,324.91, 424.5800
107793,5.9863,0.002977,335.86, 424.5804
107794,5.9896,0.003254,307.32, 424.5800
107795,5.9927,0.003116,320.98, 424.5800
107796,5.9959,0.003099,322.66, 424.5800
107797,5.9988,0.002950,339.02, 424.5806
107798,6.0018,0.003050,327.86, 424.5800
107799,6.0050,0.003152,317.28, 424.5800
107800,6.0083,0.003274,305.44, 424.5800
107801,6.0115,0.003200,312.48, 424.5806
107802,6.0146,0.003154,317.08, 424.5804
107803,6.0178,0.003178,314.62, 424.5801
107804,6.0210,0.003172,315.22, 424.5801
107805,6.0242,0.003189,313.57, 424.5800
107806,6.0272,0.003131,319.43, 424.5801
107807,6.0304,0.003105,322.07, 424.5801
107808,6.0334,0.003129,319.58, 424.5801
107809,6.0367,0.003201,312.36, 424.5801
107810,6.0398,0.003126,319.86, 424.5801
107811,6.0431,0.003226,309.95, 424.5801
107812,6.0463,0.003156,316.85, 424.5800
107813,6.0494,0.003191,313.43, 424.5804
107814,6.0525,0.003147,317.76, 424.5800
107815,6.0558,0.003199,312.60, 424.5801
107816,6.0588,0.003052,327.69, 424.5806
107817,6.0620,0.003210,311.57, 424.5804
107818,6.0651,0.003063,326.53, 424.5804
107819,6.0684,0.003233,309.36, 424.5801
107820,6.0714,0.003079,324.76, 424.5804
107821,6.0746,0.003221,310.46, 424.5807
107822,6.0779,0.003223,310.29, 424.5800
107823,6.0811,0.003219,310.66, 424.5800
107824,6.0842,0.003179,314.58, 424.5800
107825,6.0874,0.003212,311.34, 424.5804
107826,6.0906,0.003143,318.13, 424.5801
107827,6.0938,0.003153,317.16, 424.5800
107828,6.0969,0.003196,312.90, 424.5800
107829,6.1002,0.003272,305.59, 424.5804
107830,6.1034,0.003233,309.35, 424.5800
107831,6.1066,0.003075,325.24, 424.5800
107832,6.1096,0.003053,327.53, 424.5800
107833,6.1127,0.003122,320.34, 424.5800
107834,6.1157,0.003032,329.86, 424.5804
107835,6.1188,0.003059,326.87, 424.5806
107836,6.1218,0.003002,333.14, 424.5800
107837,6.1248,0.002988,334.67, 424.5806
107838,6.1278,0.003016,331.55, 424.5800
107839,6.1309,0.003041,328.82, 424.5804
107840,6.1338,0.003007,332.52, 424.5804
107841,6.1368,0.003018,331.32, 424.5804
107842,6.1399,0.003018,331.38, 424.5804
107843,6.1429,0.003063,326.53, 424.5800
107844,6.1460,0.003019,331.26, 424.5804
107845,6.1489,0.003026,330.47, 424.5806
107846,6.1520,0.003043,328.68, 424.5800
107847,6.1550,0.003039,329.06, 424.5804
107848,6.1581,0.003025,330.61, 424.5800
107849,6.1611,0.003062,326.56, 424.5825
107850,6.1642,0.003049,328.03, 424.5800
107851,6.1672,0.003002,333.12, 424.5800
107852,6.1702,0.003037,329.25, 424.5800
107853,6.1733,0.003061,326.70, 424.5806
107854,6.1765,0.003184,314.10, 424.5800
107855,6.1799,0.003505,285.29, 424.5800
107856,6.1832,0.003244,308.26, 424.5800
107857,6.1863,0.003031,329.98, 424.5804
107858,6.1893,0.003056,327.24, 424.5804
107859,6.1923,0.002976,336.02, 424.5800
107860,6.1953,0.003021,331.05, 424.5801
107861,6.1982,0.002971,336.62, 424.5800
107862,6.2013,0.003040,328.97, 424.5800
107863,6.2043,0.003006,332.68, 424.5800
107864,6.2075,0.003157,316.73, 424.5801
107865,6.2108,0.003302,302.83, 424.5804
107866,6.2139,0.003104,322.16, 424.5801
107867,6.2168,0.002937,340.51, 424.5806
107868,6.2200,0.003098,322.78, 424.5800
107869,6.2229,0.003011,332.07, 424.5806
107870,6.2260,0.003046,328.34, 424.5800
107871,6.2290,0.003044,328.48, 424.5804
107872,6.2321,0.003076,325.09, 424.5800
107873,6.2351,0.002960,337.86, 424.5806
107874,6.2382,0.003098,322.82, 424.5800
107875,6.2412,0.003114,321.15, 424.5804
107876,6.2444,0.003109,321.62, 424.5800
107877,6.2474,0.003001,333.18, 424.5806
107878,6.2505,0.003052,327.66, 424.5806
107879,6.2534,0.002983,335.28, 424.5804
107880,6.2565,0.003041,328.85, 424.5800
107881,6.2594,0.002984,335.12, 424.5804
107882,6.2626,0.003106,321.94, 424.5800
107883,6.2655,0.003011,332.10, 424.5804
107884,6.2686,0.003009,332.33, 424.5800
107885,6.2716,0.003042,328.69, 424.5800
107886,6.2748,0.003115,321.02, 424.5804
107887,6.2777,0.003015,331.70, 424.5806
107888,6.2808,0.003030,330.04, 424.5804
107889,6.2837,0.002941,340.02, 424.5804
107890,6.2867,0.003027,330.41, 424.5800
107891,6.2898,0.003001,333.19, 424.5800
107892,6.2928,0.003088,323.87, 424.5800
107893,6.2958,0.002994,333.99, 424.5806
107894,6.2988,0.003008,332.42, 424.5800
107895,6.3018,0.002989,334.56, 424.5800
107896,6.3048,0.003051,327.72, 424.5800
107897,6.3079,0.003034,329.58, 424.5806
107898,6.3109,0.003067,326.09, 424.5800
107899,6.3140,0.003002,333.17, 424.5800
107900,6.3170,0.003070,325.71, 424.5800
107901,6.3201,0.002990,334.41, 424.5806
107902,6.3231,0.003076,325.09, 424.5800
107903,6.3261,0.003005,332.82, 424.5804
107904,6.3291,0.003045,328.37, 424.5800
107905,6.3322,0.003010,332.24, 424.5806
107906,6.3352,0.003051,327.78, 424.5806
107907,6.3384,0.003113,321.25, 424.5800
107908,6.3414,0.003050,327.84, 424.5800
107909,6.3444,0.003015,331.72, 424.5806
107910,6.3474,0.003020,331.18, 424.5804
107911,6.3505,0.003073,325.40, 424.5800
107912,6.3535,0.003079,324.75, 424.5800
107913,6.3566,0.002952,338.75, 424.5804
107914,6.3596,0.003043,328.62, 424.5800
107915,6.3625,0.002975,336.11, 424.5804
107916,6.3656,0.003057,327.13, 424.5804
107917,6.3687,0.003055,327.34, 424.5806
107918,6.3717,0.003067,326.09, 424.5800
107919,6.3746,0.002972,336.52, 424.5804
107920,6.3778,0.003082,324.46, 424.5804
107921,6.3810,0.003182,314.31, 424.5800
107922,6.3840,0.003127,319.75, 424.5801
107923,6.3871,0.003024,330.70, 424.5806
107924,6.3901,0.003034,329.60, 424.5801
107925,6.3931,0.002967,337.00, 424.5806
107926,6.3962,0.003143,318.20, 424.5800
107927,6.3994,0.003116,320.91, 424.5804
107928,6.4025,0.003091,323.51, 424.5800
107929,6.4055,0.003022,330.90, 424.5806
107930,6.4086,0.003069,325.89, 424.5800
107931,6.4116,0.003030,330.00, 424.5806
107932,6.4148,0.003166,315.86, 424.5800
107933,6.4177,0.002959,337.92, 424.5806
107934,6.4208,0.003067,326.05, 424.5800
107935,6.4237,0.002949,339.13, 424.5804
107936,6.4268,0.003077,324.95, 424.5804
107937,6.4298,0.003033,329.74, 424.5800
107938,6.4329,0.003061,326.69, 424.5800
107939,6.4358,0.002967,337.01, 424.5806
107940,6.4388,0.003022,330.94, 424.5800
107941,6.4419,0.002991,334.30, 424.5806
107942,6.4449,0.003056,327.19, 424.5825
107943,6.4479,0.002977,335.89, 424.5806
107944,6.4509,0.003075,325.20, 424.5800
107945,6.4540,0.002965,337.28, 424.5804
107946,6.4570,0.003051,327.78, 424.5800
107947,6.4600,0.003019,331.28, 424.5804
107948,6.4630,0.003023,330.75, 424.5800
107949,6.4659,0.002968,336.93, 424.5806
107950,6.4690,0.003039,329.04, 424.5800
107951,6.4720,0.003019,331.27, 424.5800
107952,6.4751,0.003080,324.71, 424.5800
107953,6.4781,0.003010,332.23, 424.5804
107954,6.4812,0.003057,327.16, 424.5800
107955,6.4841,0.002980,335.57, 424.5800
107956,6.4872,0.003020,331.09, 424.5804
107957,6.4902,0.003028,330.22, 424.5804
107958,6.4933,0.003074,325.36, 424.5800
107959,6.4963,0.003014,331.80, 424.5806
107960,6.4994,0.003015,331.71, 424.5800
107961,6.5023,0.002997,333.64, 424.5804
107962,6.5055,0.003143,318.17, 424.5800
107963,6.5087,0.003181,314.40, 424.5800
107964,6.5117,0.003085,324.14, 424.5801
107965,6.5148,0.002996,333.79, 424.5806
107966,6.5178,0.003040,328.91, 424.5800
107967,6.5208,0.003003,333.03, 424.5806
107968,6.5239,0.003114,321.11, 424.5800
107969,6.5269,0.002965,337.28, 424.5804
107970,6.5299,0.003047,328.21, 424.5800
107971,6.5330,0.003089,323.70, 424.5800
107972,6.5360,0.003011,332.14, 424.5800
107973,6.5391,0.003009,332.37, 424.5806
107974,6.5421,0.003146,317.86, 424.5800
107975,6.5452,0.003017,331.43, 424.5804
107976,6.5482,0.003069,325.81, 424.5807
107977,6.5513,0.002967,337.00, 424.5806
107978,6.5543,0.003081,324.59, 424.5801
107979,6.5573,0.002954,338.49, 424.5800
107980,6.5603,0.003054,327.43, 424.5800
107981,6.5634,0.003002,333.08, 424.5806
107982,6.5663,0.003031,329.90, 424.5800
107983,6.5693,0.003051,327.79, 424.5800
107984,6.5725,0.003123,320.24, 424.5801
107985,6.5756,0.002994,334.00, 424.5806
107986,6.5786,0.003067,326.05, 424.5804
107987,6.5815,0.002986,334.86, 424.5806
107988,6.5846,0.003099,322.71, 424.5801
107989,6.5876,0.003006,332.65, 424.5806
107990,6.5907,0.003095,323.10, 424.5801
107991,6.5938,0.002980,335.60, 424.5806
107992,6.5967,0.003004,332.92, 424.5800
107993,6.5997,0.002973,336.35, 424.5800
107994,6.6028,0.003023,330.84, 424.5800
107995,6.6057,0.002968,336.95, 424.5800
107996,6.6088,0.003052,327.70, 424.5800
107997,6.6118,0.003015,331.63, 424.5806
107998,6.6149,0.003049,328.00, 424.5804
107999,6.6179,0.003103,322.31, 424.5804
108000,6.6210,0.003075,325.24, 424.5804
108001,6.6240,0.003006,332.66, 424.5806
108002,6.6271,0.003028,330.28, 424.5800
108003,6.6300,0.002999,333.43, 424.5804
108004,6.6331,0.003009,332.29, 424.5806
108005,6.6360,0.002969,336.79, 424.5806
108006,6.6390,0.003053,327.57, 424.5800
108007,6.6420,0.002962,337.61, 424.5804
108008,6.6450,0.003040,328.90, 424.5800
108009,6.6481,0.003004,332.94, 424.5806
108010,6.6510,0.002991,334.37, 424.5804
108011,6.6541,0.002984,335.18, 424.5804
108012,6.6571,0.003015,331.66, 424.5806
108013,6.6600,0.003012,332.03, 424.5806
108014,6.6631,0.003011,332.15, 424.5804
108015,6.6660,0.002967,337.00, 424.5804
108016,6.6691,0.003014,331.81, 424.5800
108017,6.6720,0.002999,333.47, 424.5806
108018,6.6750,0.003010,332.24, 424.5800
108019,6.6781,0.003052,327.71, 424.5804
108020,6.6812,0.003016,331.53, 424.5800
108021,6.6842,0.003055,327.38, 424.5800
108022,6.6873,0.003114,321.17, 424.5800
108023,6.6903,0.003037,329.27, 424.5804
108024,6.6935,0.003106,321.95, 424.5800
108025,6.6965,0.003087,323.90, 424.5800
108026,6.6996,0.003042,328.71, 424.5800
108027,6.7026,0.003104,322.21, 424.5800
108028,6.7058,0.003085,324.11, 424.5806
108029,6.7087,0.002995,333.90, 424.5806
108030,6.7118,0.003054,327.40, 424.5800
108031,6.7148,0.003010,332.21, 424.5804
108032,6.7179,0.003021,331.07, 424.5804
108033,6.7208,0.002998,333.60, 424.5800
108034,6.7241,0.003312,301.97, 424.5800
108035,6.7275,0.003339,299.52, 424.5800
108036,6.7307,0.003221,310.51, 424.5804
108037,6.7339,0.003215,311.03, 424.5806
108038,6.7374,0.003447,290.08, 424.5801
108039,6.7410,0.003607,277.25, 424.5800
108040,6.7445,0.003578,279.48, 424.5800
108041,6.7478,0.003187,313.75, 424.5800
108042,6.7509,0.003058,326.98, 424.5800
108043,6.7540,0.003248,307.86, 424.5800
108044,6.7574,0.003366,297.05, 424.5800
108045,6.7606,0.003234,309.25, 424.5801
108046,6.7638,0.003123,320.25, 424.5804
108047,6.7668,0.003040,328.98, 424.5806
108048,6.7698,0.003005,332.83, 424.5804
108049,6.7729,0.003088,323.79, 424.5804
108050,6.7759,0.003011,332.08, 424.5800
108051,6.7789,0.003059,326.86, 424.5800
108052,6.7820,0.003004,332.85, 424.5800
108053,6.7850,0.003056,327.25, 424.5800
108054,6.7883,0.003341,299.31, 424.5800
108055,6.7915,0.003095,323.12, 424.5825
108056,6.7944,0.003004,332.89, 424.5804
108057,6.7975,0.003035,329.53, 424.5806
108058,6.8005,0.002976,336.06, 424.5800
108059,6.8036,0.003069,325.81, 424.5800
108060,6.8065,0.002984,335.17, 424.5800
108061,6.8096,0.003077,325.04, 424.5806
108062,6.8126,0.003001,333.24, 424.5800
108063,6.8157,0.003041,328.85, 424.5800
108064,6.8187,0.003006,332.71, 424.5806
108065,6.8218,0.003066,326.17, 424.5804
108066,6.8247,0.002963,337.52, 424.5800
108067,6.8278,0.003030,330.08, 424.5800
108068,6.8307,0.002994,334.05, 424.5800
108069,6.8337,0.003059,326.86, 424.5806
108070,6.8368,0.003029,330.20, 424.5800
108071,6.8398,0.003059,326.87, 424.5804
108072,6.8429,0.002970,336.67, 424.5800
108073,6.8459,0.003075,325.25, 424.5804
108074,6.8490,0.003035,329.48, 424.5800
108075,6.8521,0.003043,328.62, 424.5800
108076,6.8550,0.002993,334.08, 424.5800
108077,6.8580,0.003055,327.39, 424.5806
108078,6.8611,0.003001,333.24, 424.5800
108079,6.8641,0.003113,321.19, 424.5800
108080,6.8672,0.003006,332.67, 424.5800
108081,6.8702,0.003052,327.68, 424.5804
108082,6.8732,0.002987,334.80, 424.5804
108083,6.8762,0.003037,329.26, 424.5800
108084,6.8793,0.003036,329.37, 424.5800
108085,6.8823,0.003061,326.74, 424.5804
108086,6.8853,0.002968,336.97, 424.5800
108087,6.8883,0.003013,331.92, 424.5800
108088,6.8914,0.003028,330.21, 424.5800
108089,6.8944,0.003106,321.97, 424.5806
108090,6.8975,0.003048,328.04, 424.5804
108091,6.9005,0.003058,326.98, 424.5804
108092,6.9036,0.002997,333.70, 424.5800
108093,6.9066,0.003054,327.46, 424.5804
108094,6.9097,0.003024,330.69, 424.5806
108095,6.9127,0.003105,322.02, 424.5804
108096,6.9158,0.003021,330.99, 424.5800
108097,6.9188,0.003035,329.49, 424.5804
108098,6.9218,0.003008,332.49, 424.5800
108099,6.9249,0.003071,325.63, 424.5800
108100,6.9279,0.003016,331.59, 424.5804
108101,6.9309,0.003060,326.78, 424.5804
108102,6.9340,0.002970,336.68, 424.5800
108103,6.9370,0.003051,327.78, 424.5800
108104,6.9399,0.003033,329.72, 424.5804
108105,6.9431,0.003094,323.22, 424.5804
108106,6.9460,0.002987,334.81, 424.5804
108107,6.9491,0.003041,328.85, 424.5804
108108,6.9521,0.003014,331.84, 424.5806
108109,6.9552,0.003060,326.79, 424.5806
108110,6.9583,0.003119,320.67, 424.5800
108111,6.9614,0.003098,322.81, 424.5800
108112,6.9645,0.003022,330.96, 424.5806
108113,6.9675,0.003063,326.46, 424.5800
108114,6.9705,0.002996,333.77, 424.5800
108115,6.9736,0.003090,323.65, 424.5800
108116,6.9766,0.002966,337.15, 424.5806
108117,6.9796,0.003068,326.00, 424.5806
108118,6.9827,0.003022,330.93, 424.5800
108119,6.9857,0.003083,324.41, 424.5801
108120,6.9889,0.003186,313.84, 424.5800
108121,6.9921,0.003221,310.44, 424.5804
108122,6.9951,0.002997,333.72, 424.5804
108123,6.9982,0.003060,326.78, 424.5800
108124,7.0012,0.002988,334.68, 424.5800
108125,7.0045,0.003350,298.53, 424.5806
108126,7.0076,0.003027,330.41, 424.5800
108127,7.0106,0.003123,320.22, 424.5804
108128,7.0137,0.003035,329.46, 424.5806
108129,7.0167,0.003063,326.47, 424.5800
108130,7.0198,0.003027,330.37, 424.5800
108131,7.0229,0.003103,322.31, 424.5800
108132,7.0259,0.002954,338.52, 424.5806
108133,7.0289,0.003111,321.43, 424.5800
108134,7.0320,0.002975,336.17, 424.5806
108135,7.0350,0.003067,326.08, 424.5800
108136,7.0380,0.002958,338.08, 424.5804
108137,7.0410,0.003076,325.15, 424.5800
108138,7.0441,0.003024,330.72, 424.5800
108139,7.0472,0.003126,319.86, 424.5806
108140,7.0502,0.003002,333.09, 424.5804
108141,7.0532,0.003037,329.27, 424.5804
108142,7.0562,0.002906,344.13, 424.5825
108143,7.0592,0.003107,321.82, 424.5800
108144,7.0623,0.003001,333.18, 424.5804
108145,7.0653,0.003084,324.24, 424.5806
108146,7.0682,0.002932,341.05, 424.5806
108147,7.0713,0.003071,325.62, 424.5804
108148,7.0743,0.002965,337.33, 424.5800
108149,7.0774,0.003044,328.54, 424.5806
108150,7.0803,0.002983,335.20, 424.5804
108151,7.0834,0.003060,326.81, 424.5800
108152,7.0863,0.002948,339.18, 424.5806
108153,7.0894,0.003067,326.09, 424.5806
108154,7.0923,0.002937,340.47, 424.5804
108155,7.0953,0.003061,326.66, 424.5800
108156,7.0984,0.002984,335.14, 424.5804
108157,7.1014,0.003046,328.29, 424.5806
108158,7.1044,0.002963,337.47, 424.5806
108159,7.1074,0.003025,330.60, 424.5800
108160,7.1104,0.002943,339.80, 424.5806
108161,7.1134,0.003071,325.60, 424.5800
108162,7.1165,0.003002,333.14, 424.5804
108163,7.1195,0.003042,328.69, 424.5800
108164,7.1224,0.002969,336.84, 424.5806
108165,7.1255,0.003034,329.61, 424.5806
108166,7.1284,0.002961,337.75, 424.5806
108167,7.1315,0.003077,325.00, 424.5804
108168,7.1345,0.002966,337.14, 424.5806
108169,7.1375,0.003019,331.21, 424.5804
108170,7.1405,0.002998,333.54, 424.5800
108171,7.1436,0.003039,329.07, 424.5806
108172,7.1466,0.003052,327.63, 424.5806
108173,7.1497,0.003084,324.23, 424.5804
108174,7.1526,0.002943,339.81, 424.5804
108175,7.1556,0.003017,331.48, 424.5804
108176,7.1586,0.002947,339.34, 424.5806
108177,7.1616,0.003099,322.73, 424.5806
108178,7.1647,0.003038,329.20, 424.5804
108179,7.1677,0.003021,331.07, 424.5804
108180,7.1707,0.002956,338.32, 424.5804
108181,7.1738,0.003124,320.15, 424.5804
108182,7.1769,0.003118,320.76, 424.5800
108183,7.1801,0.003086,324.08, 424.5804
108184,7.1830,0.003019,331.19, 424.5800
108185,7.1860,0.003029,330.17, 424.5800
108186,7.1890,0.002920,342.45, 424.5806
108187,7.1921,0.003134,319.13, 424.5800
108188,7.1954,0.003336,299.79, 424.5800
108189,7.1986,0.003148,317.64, 424.5806
108190,7.2015,0.002966,337.11, 424.5806
108191,7.2046,0.003012,332.05, 424.5804
108192,7.2076,0.003041,328.81, 424.5806
108193,7.2107,0.003096,323.01, 424.5806
108194,7.2136,0.002964,337.36, 424.5800
108195,7.2167,0.003030,330.05, 424.5804
108196,7.2196,0.002934,340.83, 424.5806
108197,7.2228,0.003086,324.04, 424.5804
108198,7.2257,0.003001,333.22, 424.5800
108199,7.2288,0.003051,327.79, 424.5804
108200,7.2318,0.003020,331.11, 424.5800
108201,7.2349,0.003040,328.98, 424.5800
108202,7.2379,0.003020,331.13, 424.5800
108203,7.2410,0.003128,319.72, 424.5800
108204,7.2440,0.003015,331.64, 424.5800
108205,7.2471,0.003036,329.41, 424.5800
108206,7.2500,0.002965,337.29, 424.5804
108207,7.2532,0.003142,318.29, 424.5806
108208,7.2561,0.002990,334.40, 424.5806
108209,7.2592,0.003071,325.60, 424.5800
108210,7.2622,0.003010,332.25, 424.5800
108211,7.2653,0.003059,326.86, 424.5800
108212,7.2684,0.003124,320.07, 424.5804
108213,7.2716,0.003159,316.52, 424.5800
108214,7.2745,0.002985,335.00, 424.5806
108215,7.2776,0.003068,325.98, 424.5800
108216,7.2806,0.003059,326.93, 424.5800
108217,7.2837,0.003066,326.12, 424.5800
108218,7.2867,0.003034,329.60, 424.5800
108219,7.2899,0.003093,323.27, 424.5800
108220,7.2930,0.003045,328.39, 424.5800
108221,7.2960,0.003132,319.33, 424.5800
108222,7.2991,0.002999,333.48, 424.5800
108223,7.3021,0.003092,323.39, 424.5800
108224,7.3052,0.003010,332.21, 424.5804
108225,7.3082,0.003057,327.13, 424.5800
108226,7.3113,0.003028,330.23, 424.5800
108227,7.3143,0.003068,325.99, 424.5806
108228,7.3173,0.002967,337.02, 424.5800
108229,7.3203,0.003085,324.15, 424.5806
108230,7.3234,0.002991,334.30, 424.5800
108231,7.3264,0.003064,326.41, 424.5806
108232,7.3295,0.003043,328.66, 424.5806
108233,7.3325,0.003069,325.88, 424.5804
108234,7.3354,0.002963,337.50, 424.5800
108235,7.3385,0.003053,327.53, 424.5800
108236,7.3416,0.003025,330.53, 424.5804
108237,7.3446,0.003072,325.57, 424.5804
108238,7.3477,0.002988,334.64, 424.5804
108239,7.3507,0.003088,323.82, 424.5800
108240,7.3536,0.002976,336.03, 424.5806
108241,7.3568,0.003074,325.31, 424.5800
108242,7.3597,0.002961,337.78, 424.5800
108243,7.3628,0.003068,325.99, 424.5800
108244,7.3658,0.003097,322.93, 424.5804
108245,7.3689,0.003058,327.04, 424.5804
108246,7.3719,0.003000,333.29, 424.5800
108247,7.3750,0.003093,323.35, 424.5800
108248,7.3781,0.002982,335.33, 424.5806
108249,7.3811,0.003133,319.19, 424.5806
108250,7.3842,0.002995,333.89, 424.5800
108251,7.3872,0.003061,326.72, 424.5800
108252,7.3901,0.002985,335.00, 424.5800
108253,7.3933,0.003092,323.47, 424.5800
108254,7.3965,0.003152,317.26, 424.5800
108255,7.3995,0.003158,316.63, 424.5804
108256,7.4026,0.003018,331.39, 424.5804
108257,7.4056,0.003067,326.07, 424.5804
108258,7.4087,0.002973,336.39, 424.5800
108259,7.4117,0.003151,317.41, 424.5804
108260,7.4148,0.003031,329.97, 424.5804
108261,7.4178,0.003079,324.75, 424.5949
108262,7.4209,0.002956,338.30, 424.5800
108263,7.4240,0.003097,322.87, 424.5800
108264,7.4270,0.003041,328.84, 424.5800
108265,7.4302,0.003150,317.46, 424.5804
108266,7.4332,0.003023,330.84, 424.5800
108267,7.4363,0.003066,326.20, 424.5804
108268,7.4392,0.002984,335.08, 424.5800
108269,7.4424,0.003128,319.70, 424.5800
108270,7.4454,0.003063,326.48, 424.5800
108271,7.4485,0.003067,326.05, 424.5804
108272,7.4515,0.003019,331.21, 424.5800
108273,7.4546,0.003089,323.76, 424.5800
108274,7.4576,0.003078,324.85, 424.5800
108275,7.4608,0.003157,316.74, 424.5800
108276,7.4639,0.003053,327.58, 424.5800
108277,7.4669,0.003052,327.66, 424.5800
108278,7.4700,0.003021,331.07, 424.5800
108279,7.4730,0.003094,323.17, 424.5800
108280,7.4761,0.003056,327.18, 424.5800
108281,7.4791,0.003086,324.09, 424.5804
108282,7.4822,0.003004,332.86, 424.5800
108283,7.4852,0.003059,326.96, 424.5800
108284,7.4883,0.003032,329.82, 424.5800
108285,7.4913,0.003076,325.06, 424.5806
108286,7.4944,0.003008,332.44, 424.5800
108287,7.4974,0.003043,328.63, 424.5806
108288,7.5004,0.003022,330.87, 424.5806
108289,7.5035,0.003128,319.70, 424.5800
108290,7.5067,0.003161,316.33, 424.5800
108291,7.5098,0.003089,323.73, 424.5801
108292,7.5128,0.003069,325.86, 424.5800
108293,7.5159,0.002962,337.56, 424.5807
108294,7.5189,0.003096,322.98, 424.5800
108295,7.5221,0.003170,315.45, 424.5801
108296,7.5251,0.003020,331.14, 424.5804
108297,7.5281,0.002982,335.39, 424.5801
108298,7.5310,0.002945,339.58, 424.5800
108299,7.5341,0.003069,325.80, 424.5806
108300,7.5372,0.003086,324.03, 424.5800
108301,7.5403,0.003086,324.02, 424.5804
108302,7.5433,0.003020,331.10, 424.5806
108303,7.5464,0.003081,324.61, 424.5800
108304,7.5496,0.003132,319.26, 424.5800
108305,7.5526,0.003102,322.34, 424.5800
108306,7.5557,0.003005,332.75, 424.5800
108307,7.5586,0.003010,332.18, 424.5806
108308,7.5616,0.003025,330.56, 424.5800
108309,7.5647,0.003078,324.84, 424.5806
108310,7.5679,0.003160,316.49, 424.5800
108311,7.5710,0.003082,324.44, 424.5806
108312,7.5740,0.003039,329.07, 424.5800
108313,7.5770,0.003050,327.85, 424.5800
108314,7.5801,0.003007,332.60, 424.5800
108315,7.5831,0.003105,322.10, 424.5806
108316,7.5862,0.003038,329.20, 424.5800
108317,7.5892,0.002979,335.72, 424.5806
108318,7.5922,0.003000,333.39, 424.5800
108319,7.5952,0.003008,332.40, 424.5800
108320,7.5983,0.003082,324.50, 424.5800
108321,7.6013,0.003030,330.07, 424.5804
108322,7.6044,0.002998,333.53, 424.5800
108323,7.6073,0.003019,331.28, 424.5806
108324,7.6104,0.003039,329.06, 424.5800
108325,7.6134,0.003085,324.18, 424.5806
108326,7.6165,0.003046,328.26, 424.5800
108327,7.6195,0.002991,334.38, 424.5800
108328,7.6226,0.003013,331.88, 424.5800
108329,7.6255,0.002996,333.80, 424.5806
108330,7.6285,0.003026,330.44, 424.5800
108331,7.6316,0.003069,325.86, 424.5800
108332,7.6346,0.003012,332.01, 424.5800
108333,7.6376,0.003009,332.29, 424.5800
108334,7.6406,0.003036,329.35, 424.5800
108335,7.6437,0.003065,326.25, 424.5800
108336,7.6469,0.003085,324.15, 424.5800
108337,7.6498,0.002996,333.78, 424.5804
108338,7.6528,0.003001,333.23, 424.5801
108339,7.6558,0.002995,333.86, 424.5806
108340,7.6588,0.003031,329.95, 424.5800
108341,7.6619,0.003027,330.36, 424.5806
108342,7.6648,0.002979,335.73, 424.5800
108343,7.6678,0.002990,334.40, 424.5800
108344,7.6709,0.003008,332.49, 424.5800
108345,7.6738,0.003037,329.29, 424.5806
108346,7.6769,0.003061,326.68, 424.5800
108347,7.6801,0.003089,323.76, 424.5800
108348,7.6831,0.003031,329.91, 424.5800
108349,7.6860,0.003033,329.75, 424.5804
108350,7.6891,0.003022,330.94, 424.5800
108351,7.6921,0.003060,326.83, 424.5804
108352,7.6952,0.003011,332.12, 424.5800
108353,7.6982,0.003032,329.84, 424.5800
108354,7.7013,0.003026,330.52, 424.5800
108355,7.7042,0.003039,329.06, 424.5806
108356,7.7074,0.003071,325.67, 424.5800
108357,7.7104,0.003093,323.36, 424.5806
108358,7.7135,0.003027,330.39, 424.5800
108359,7.7166,0.003068,325.93, 424.5806
108360,7.7196,0.003036,329.39, 424.5800
108361,7.7227,0.003065,326.32, 424.5804
108362,7.7257,0.003041,328.86, 424.5800
108363,7.7288,0.003045,328.37, 424.5800
108364,7.7317,0.002990,334.40, 424.5800
108365,7.7347,0.003035,329.53, 424.5800
108366,7.7380,0.003252,307.50, 424.5801
108367,7.7413,0.003391,294.87, 424.5801
108368,7.7445,0.003143,318.19, 424.5800
108369,7.7477,0.003101,322.45, 424.5801
108370,7.7509,0.003258,306.93, 424.5801
108371,7.7540,0.003191,313.40, 424.5800
108372,7.7577,0.003606,277.32, 424.5800
108373,7.7611,0.003478,287.51, 424.5804
108374,7.7646,0.003488,286.66, 424.5801
108375,7.7682,0.003475,287.78, 424.5800
108376,7.7712,0.003092,323.47, 424.5800
108377,7.7743,0.003030,330.07, 424.5800
108378,7.7773,0.003102,322.35, 424.5800
108379,7.7804,0.003065,326.22, 424.5804
108380,7.7836,0.003132,319.34, 424.5800
108381,7.7867,0.003212,311.38, 424.5804
108382,7.7898,0.003069,325.87, 424.5800
108383,7.7928,0.003062,326.61, 424.5800
108384,7.7959,0.003054,327.41, 424.5800
108385,7.7990,0.003029,330.17, 424.5800
108386,7.8020,0.003041,328.87, 424.5800
108387,7.8051,0.003027,330.39, 424.5800
108388,7.8081,0.003032,329.79, 424.5800
108389,7.8110,0.003011,332.10, 424.5800
108390,7.8142,0.003074,325.27, 424.5800
108391,7.8174,0.003277,305.19, 424.5800
108392,7.8206,0.003115,321.08, 424.5804
108393,7.8236,0.003092,323.40, 424.5804
108394,7.8267,0.002984,335.15, 424.5800
108395,7.8296,0.003006,332.68, 424.5800
108396,7.8326,0.003039,329.03, 424.5804
108397,7.8357,0.002981,335.47, 424.5804
108398,7.8386,0.003003,333.00, 424.5806
108399,7.8417,0.003069,325.80, 424.5804
108400,7.8447,0.003023,330.83, 424.5804
108401,7.8479,0.003188,313.71, 424.5804
108402,7.8510,0.003051,327.72, 424.5800
108403,7.8540,0.003061,326.72, 424.5800
108404,7.8571,0.003036,329.42, 424.5800
108405,7.8601,0.003058,327.02, 424.5801
108406,7.8632,0.003042,328.74, 424.5800
108407,7.8662,0.003082,324.49, 424.5800
108408,7.8693,0.003026,330.50, 424.5800
108409,7.8723,0.003048,328.04, 424.5806
108410,7.8754,0.003029,330.10, 424.5800
108411,7.8784,0.003080,324.70, 424.5800
108412,7.8815,0.003061,326.74, 424.5804
108413,7.8846,0.003076,325.08, 424.5800
108414,7.8876,0.003011,332.14, 424.5800
108415,7.8906,0.003052,327.61, 424.5800
108416,7.8937,0.003012,332.02, 424.5800
108417,7.8967,0.003047,328.19, 424.5806
108418,7.8998,0.003056,327.27, 424.5804
108419,7.9028,0.003122,320.30, 424.5804
108420,7.9060,0.003066,326.17, 424.5800
108421,7.9091,0.003097,322.91, 424.5800
108422,7.9121,0.003005,332.77, 424.5806
108423,7.9152,0.003048,328.06, 424.5800
108424,7.9181,0.002962,337.63, 424.5806
108425,7.9211,0.003039,329.11, 424.5804
108426,7.9241,0.003018,331.35, 424.5800
108427,7.9272,0.003112,321.31, 424.5800
108428,7.9303,0.003021,330.98, 424.5806
108429,7.9334,0.003041,328.87, 424.5800
108430,7.9363,0.002946,339.48, 424.5800
108431,7.9393,0.003081,324.60, 424.5800
108432,7.9424,0.003048,328.11, 424.5804
108433,7.9454,0.003084,324.24, 424.5801
108434,7.9485,0.003026,330.48, 424.5800
108435,7.9515,0.003060,326.83, 424.5800
108436,7.9546,0.002997,333.70, 424.5804
108437,7.9576,0.003067,326.04, 424.5806
108438,7.9606,0.002996,333.81, 424.5804
108439,7.9637,0.003143,318.13, 424.5800
108440,7.9668,0.003016,331.62, 424.5800
108441,7.9698,0.003059,326.95, 424.5800
108442,7.9729,0.003107,321.85, 424.5800
108443,7.9760,0.003086,324.08, 424.5801
108444,7.9790,0.002969,336.81, 424.5800
108445,7.9821,0.003039,329.09, 424.5806
108446,7.9851,0.003039,329.11, 424.5800
108447,7.9882,0.003139,318.59, 424.5800
108448,7.9913,0.003188,313.69, 424.5800
108449,7.9944,0.003061,326.65, 424.5804
108450,7.9974,0.002984,335.14, 424.5804
108451,8.0006,0.003233,309.31, 424.5807
108452,8.0037,0.003058,327.06, 424.5806
108453,8.0067,0.003057,327.14, 424.6429
108454,8.0098,0.002947,339.37, 424.5804
108455,8.0128,0.003087,323.98, 424.5800
108456,8.0157,0.002988,334.63, 424.5800
108457,8.0189,0.003099,322.64, 424.5800
108458,8.0219,0.002970,336.75, 424.5800
108459,8.0249,0.003082,324.46, 424.5800
108460,8.0280,0.002954,338.55, 424.5800
108461,8.0310,0.003084,324.24, 424.5804
108462,8.0339,0.002985,334.96, 424.5825
108463,8.0370,0.003060,326.84, 424.5804
108464,8.0400,0.002976,336.07, 424.5804
108465,8.0431,0.003070,325.70, 424.5800
108466,8.0461,0.003028,330.23, 424.5800
108467,8.0492,0.003089,323.77, 424.5800
108468,8.0522,0.002999,333.46, 424.5804
108469,8.0553,0.003146,317.86, 424.5806
108470,8.0585,0.003126,319.90, 424.5806
108471,8.0616,0.003190,313.53, 424.5800
108472,8.0647,0.003045,328.39, 424.5800
108473,8.0677,0.003108,321.71, 424.5804
108474,8.0708,0.002984,335.09, 424.5800
108475,8.0739,0.003097,322.91, 424.5801
108476,8.0768,0.002949,339.05, 424.5806
108477,8.0800,0.003152,317.30, 424.5801
108478,8.0830,0.003010,332.26, 424.5800
108479,8.0861,0.003084,324.26, 424.5801
108480,8.0890,0.002958,338.10, 424.5807
108481,8.0922,0.003112,321.39, 424.5807
108482,8.0951,0.002895,345.45, 424.5807
108483,8.0980,0.003001,333.26, 424.5800
108484,8.1010,0.002948,339.21, 424.5800
108485,8.1040,0.003054,327.40, 424.5804
108486,8.1071,0.002998,333.61, 424.5800
108487,8.1101,0.003094,323.17, 424.5804
108488,8.1132,0.003008,332.50, 424.5804
108489,8.1162,0.003063,326.50, 424.5800
108490,8.1191,0.002951,338.82, 424.5800
108491,8.1222,0.003069,325.81, 424.5804
108492,8.1252,0.003008,332.40, 424.5800
108493,8.1285,0.003273,305.51, 424.5800
108494,8.1316,0.003039,329.08, 424.5804
108495,8.1346,0.003084,324.28, 424.5804
108496,8.1376,0.002988,334.67, 424.5804
108497,8.1407,0.003089,323.76, 424.5804
108498,8.1437,0.002961,337.77, 424.5806
108499,8.1467,0.003091,323.51, 424.5800
108500,8.1498,0.002985,334.96, 424.5804
108501,8.1528,0.003084,324.25, 424.5806
108502,8.1558,0.002971,336.60, 424.5806
108503,8.1589,0.003172,315.31, 424.5800
108504,8.1620,0.003018,331.39, 424.5804
108505,8.1650,0.003080,324.66, 424.5800
108506,8.1681,0.002972,336.49, 424.5806
108507,8.1711,0.003097,322.90, 424.5804
108508,8.1741,0.002978,335.76, 424.5800
108509,8.1772,0.003075,325.21, 424.5806
108510,8.1802,0.002997,333.70, 424.5800
108511,8.1832,0.003092,323.46, 424.5800
108512,8.1863,0.002982,335.39, 424.5806
108513,8.1893,0.003086,324.10, 424.5804
108514,8.1923,0.002966,337.17, 424.5806
108515,8.1954,0.003091,323.52, 424.5800
108516,8.1984,0.002980,335.63, 424.5806
108517,8.2014,0.003076,325.12, 424.5804
108518,8.2046,0.003136,318.84, 424.5800
108519,8.2081,0.003529,283.38, 424.5800
108520,8.2113,0.003174,315.09, 424.5804
108521,8.2145,0.003172,315.28, 424.5801
108522,8.2174,0.002992,334.25, 424.5800
108523,8.2206,0.003070,325.78, 424.5807
108524,8.2235,0.002953,338.68, 424.5800
108525,8.2266,0.003031,329.88, 424.5807
108526,8.2295,0.003008,332.45, 424.5800
108527,8.2327,0.003079,324.79, 424.5804
108528,8.2357,0.003089,323.74, 424.5800
108529,8.2389,0.003155,317.01, 424.5804
108530,8.2418,0.003018,331.39, 424.5800
108531,8.2449,0.003031,329.97, 424.5804
108532,8.2479,0.002981,335.41, 424.5800
108533,8.2510,0.003077,325.00, 424.5806
108534,8.2540,0.003095,323.08, 424.5800
108535,8.2572,0.003103,322.25, 424.5806
108536,8.2601,0.003006,332.70, 424.5806
108537,8.2632,0.003052,327.61, 424.5804
108538,8.2662,0.002996,333.73, 424.5800
108539,8.2693,0.003058,326.99, 424.5806
108540,8.2722,0.003007,332.57, 424.5816
108541,8.2753,0.003051,327.77, 424.5806
108542,8.2783,0.002961,337.68, 424.5800
108543,8.2814,0.003062,326.62, 424.5804
108544,8.2843,0.002973,336.34, 424.5800
108545,8.2874,0.003035,329.50, 424.5800
108546,8.2904,0.003053,327.53, 424.5800
108547,8.2935,0.003075,325.16, 424.5800
108548,8.2964,0.002950,338.99, 424.5804
108549,8.2997,0.003197,312.84, 424.5800
108550,8.3029,0.003173,315.15, 424.5806
108551,8.3059,0.003098,322.82, 424.5800
108552,8.3090,0.003035,329.46, 424.5800
108553,8.3120,0.003069,325.88, 424.5806
108554,8.3151,0.003014,331.77, 424.5800
108555,8.3181,0.003072,325.51, 424.5800
108556,8.3210,0.003012,332.06, 424.5825
108557,8.3241,0.003042,328.74, 424.5804
108558,8.3271,0.002983,335.23, 424.5800
108559,8.3302,0.003120,320.50, 424.5800
108560,8.3333,0.003039,329.09, 424.5806
108561,8.3363,0.003031,329.90, 424.5804
108562,8.3394,0.002994,334.05, 424.5800
108563,8.3424,0.003072,325.51, 424.5804
108564,8.3453,0.002997,333.62, 424.5800
108565,8.3485,0.003093,323.31, 424.5806
108566,8.3516,0.003027,330.35, 424.5800
108567,8.3545,0.003034,329.63, 424.5804
108568,8.3575,0.003001,333.23, 424.5800
108569,8.3607,0.003130,319.52, 424.5804
108570,8.3638,0.003090,323.61, 424.5800
108571,8.3668,0.003063,326.49, 424.5801
108572,8.3698,0.002951,338.91, 424.5800
108573,8.3728,0.003068,325.92, 424.5804
108574,8.3759,0.002992,334.24, 424.5800
108575,8.3793,0.003414,292.95, 424.5800
108576,8.3823,0.003029,330.17, 424.5804
108577,8.3853,0.002990,334.45, 424.5806
108578,8.3882,0.002956,338.30, 424.5806
108579,8.3912,0.003033,329.73, 424.5806
108580,8.3943,0.003093,323.27, 424.5804
108581,8.3973,0.003020,331.14, 424.5806
108582,8.4004,0.003068,325.99, 424.5801
108583,8.4034,0.003028,330.23, 424.5800
108584,8.4065,0.002998,333.51, 424.5800
108585,8.4094,0.003018,331.33, 424.5806
108586,8.4125,0.002994,333.98, 424.5800
108587,8.4155,0.003008,332.49, 424.5806
108588,8.4186,0.003087,323.94, 424.5800
108589,8.4216,0.003059,326.91, 424.5806
108590,8.4247,0.003066,326.21, 424.5800
108591,8.4277,0.003094,323.19, 424.5800
108592,8.4308,0.002978,335.81, 424.5930
108593,8.4340,0.003173,315.20, 424.5804
108594,8.4370,0.003043,328.63, 424.5800
108595,8.4401,0.003042,328.70, 424.5806
108596,8.4430,0.003029,330.13, 424.5800
108597,8.4460,0.003025,330.56, 424.5806
108598,8.4491,0.002976,336.00, 424.5800
108599,8.4521,0.003048,328.09, 424.5806
108600,8.4551,0.002990,334.43, 424.5801
108601,8.4581,0.003040,328.99, 424.5804
108602,8.4612,0.003006,332.68, 424.5804
108603,8.4642,0.003041,328.85, 424.5800
108604,8.4672,0.002994,333.99, 424.5800
108605,8.4701,0.002953,338.66, 424.5806
108606,8.4731,0.003011,332.17, 424.5800
108607,8.4761,0.002992,334.27, 424.5800
108608,8.4790,0.002936,340.62, 424.5801
108609,8.4822,0.003101,322.48, 424.5800
108610,8.4852,0.003014,331.79, 424.5800
108611,8.4884,0.003185,313.98, 424.5800
108612,8.4915,0.003038,329.20, 424.5825
108613,8.4945,0.003056,327.18, 424.5804
108614,8.4976,0.003127,319.82, 424.5800
108615,8.5007,0.003123,320.24, 424.5806
108616,8.5037,0.003005,332.77, 424.5801
108617,8.5067,0.002982,335.37, 424.5806
108618,8.5096,0.002983,335.29, 424.5801
108619,8.5128,0.003089,323.76, 424.5806
108620,8.5159,0.003107,321.81, 424.5807
108621,8.5189,0.003019,331.20, 424.5806
108622,8.5220,0.003031,329.89, 424.5801
108623,8.5249,0.003026,330.52, 424.5804
108624,8.5280,0.002994,334.02, 424.5800
108625,8.5310,0.003035,329.51, 424.5804
108626,8.5341,0.003124,320.07, 424.5801
108627,8.5372,0.003115,321.05, 424.5806
108628,8.5403,0.003019,331.22, 424.5801
108629,8.5433,0.003064,326.41, 424.5804
108630,8.5463,0.002987,334.75, 424.5800
108631,8.5493,0.003027,330.32, 424.5800
108632,8.5522,0.002974,336.20, 424.5804
108633,8.5553,0.002962,337.61, 424.5806
108634,8.5584,0.003044,328.55, 424.5800
108635,8.5614,0.003078,324.84, 424.5804
108636,8.5643,0.002987,334.83, 424.5800
108637,8.5674,0.002992,334.27, 424.5806
108638,8.5703,0.002982,335.30, 424.5800
108639,8.5734,0.003063,326.51, 424.5806
108640,8.5764,0.002998,333.60, 424.5804
108641,8.5795,0.003053,327.54, 424.5806
108642,8.5825,0.003090,323.68, 424.5800
108643,8.5856,0.003057,327.14, 424.5804
108644,8.5886,0.002988,334.69, 424.5801
108645,8.5916,0.002973,336.42, 424.5806
108646,8.5945,0.002947,339.29, 424.5801
108647,8.5977,0.003103,322.23, 424.5806
108648,8.6006,0.003021,331.04, 424.5800
108649,8.6036,0.003026,330.52, 424.5806
108650,8.6066,0.002981,335.45, 424.5800
108651,8.6096,0.003026,330.52, 424.5806
108652,8.6127,0.002992,334.21, 424.5800
108653,8.6157,0.003043,328.66, 424.5806
108654,8.6187,0.002989,334.53, 424.5800
108655,8.6217,0.003066,326.20, 424.5806
108656,8.6248,0.002989,334.56, 424.5800
108657,8.6278,0.003056,327.20, 424.5800
108658,8.6310,0.003140,318.51, 424.5800
108659,8.6342,0.003205,311.98, 424.5800
108660,8.6373,0.003254,307.33, 424.5800
108661,8.6406,0.003196,312.89, 424.5807
108662,8.6437,0.003130,319.51, 424.5801
108663,8.6469,0.003084,324.29, 424.5801
108664,8.6498,0.002999,333.41, 424.5806
108665,8.6528,0.002991,334.29, 424.5807
108666,8.6556,0.002914,343.19, 424.5800
108667,8.6587,0.003027,330.36, 424.5800
108668,8.6617,0.003051,327.76, 424.5800
108669,8.6648,0.003067,326.10, 424.5806
108670,8.6678,0.002966,337.14, 424.5800
108671,8.6708,0.003017,331.49, 424.5806
108672,8.6738,0.003041,328.86, 424.5800
108673,8.6770,0.003095,323.13, 424.5804
108674,8.6799,0.002999,333.44, 424.5801
108675,8.6830,0.003059,326.94, 424.5806
108676,8.6860,0.002990,334.46, 424.5800
108677,8.6890,0.002969,336.87, 424.5806
108678,8.6920,0.003009,332.37, 424.5800
108679,8.6951,0.003028,330.27, 424.5806
108680,8.6980,0.002954,338.56, 424.5800
108681,8.7009,0.002989,334.56, 424.5804
108682,8.7040,0.003007,332.56, 424.5800
108683,8.7070,0.003031,329.97, 424.5806
108684,8.7100,0.002971,336.62, 424.5800
108685,8.7130,0.003024,330.71, 424.5806
108686,8.7159,0.002969,336.77, 424.5800
108687,8.7190,0.003036,329.36, 424.5800
108688,8.7220,0.003085,324.20, 424.5825
108689,8.7251,0.003046,328.35, 424.5804
108690,8.7280,0.002924,342.03, 424.5825
108691,8.7311,0.003063,326.52, 424.5800
108692,8.7341,0.002977,335.90, 424.5800
108693,8.7374,0.003317,301.50, 424.5804
108694,8.7407,0.003336,299.77, 424.5801
108695,8.7440,0.003233,309.34, 424.5801
108696,8.7472,0.003262,306.56, 424.5800
108697,8.7506,0.003427,291.84, 424.5800
108698,8.7545,0.003875,258.08, 424.5801
108699,8.7579,0.003427,291.84, 424.5800
108700,8.7614,0.003362,297.48, 424.5800
108701,8.7644,0.003074,325.27, 424.5800
108702,8.7675,0.003037,329.32, 424.5806
108703,8.7705,0.003022,330.94, 424.5804
108704,8.7736,0.003099,322.70, 424.5801
108705,8.7765,0.002964,337.34, 424.5806
108706,8.7797,0.003174,315.04, 424.5800
108707,8.7828,0.003103,322.32, 424.5800
108708,8.7859,0.003128,319.71, 424.5800
108709,8.7891,0.003160,316.43, 424.5800
108710,8.7924,0.003216,310.98, 424.5806
108711,8.7953,0.003044,328.50, 424.5806
108712,8.7985,0.003121,320.44, 424.5800
108713,8.8016,0.003223,310.24, 424.5804
108714,8.8048,0.003162,316.22, 424.5800
108715,8.8079,0.003055,327.38, 424.5804
108716,8.8109,0.003038,329.12, 424.5800
108717,8.8140,0.003072,325.51, 424.5804
108718,8.8171,0.003119,320.60, 424.5800
108719,8.8202,0.003097,322.92, 424.5801
108720,8.8234,0.003091,323.49, 424.5804
108721,8.8264,0.003038,329.12, 424.5806
108722,8.8293,0.003013,331.93, 424.5806
108723,8.8324,0.003037,329.29, 424.5804
108724,8.8354,0.002986,334.95, 424.5800
108725,8.8384,0.002977,335.87, 424.5806
108726,8.8414,0.003026,330.49, 424.5800
108727,8.8444,0.003014,331.82, 424.5804
108728,8.8474,0.003037,329.24, 424.5800
108729,8.8505,0.003043,328.63, 424.5800
108730,8.8535,0.002990,334.40, 424.5806
108731,8.8564,0.003012,332.05, 424.5804
108732,8.8595,0.002992,334.28, 424.5806
108733,8.8625,0.003048,328.08, 424.5800
108734,8.8656,0.003038,329.20, 424.5800
108735,8.8685,0.002972,336.49, 424.5800
108736,8.8716,0.003021,331.04, 424.5806
108737,8.8746,0.003022,330.95, 424.5800
108738,8.8776,0.003019,331.25, 424.5806
108739,8.8807,0.003103,322.30, 424.5800
108740,8.8837,0.003009,332.38, 424.5806
108741,8.8867,0.003001,333.28, 424.5800
108742,8.8896,0.002988,334.63, 424.5800
108743,8.8927,0.003000,333.33, 424.5800
108744,8.8958,0.003022,330.91, 424.5806
108745,8.8987,0.002970,336.67, 424.5800
108746,8.9017,0.003023,330.85, 424.5800
108747,8.9048,0.003008,332.44, 424.5800
108748,8.9077,0.003007,332.57, 424.5804
108749,8.9109,0.003105,322.11, 424.5804
108750,8.9139,0.003063,326.45, 424.5800
108751,8.9169,0.002983,335.26, 424.5800
108752,8.9199,0.003079,324.75, 424.5800
108753,8.9230,0.003047,328.19, 424.5804
108754,8.9260,0.003027,330.32, 424.5804
108755,8.9291,0.002994,333.99, 424.5800
108756,8.9321,0.003036,329.38, 424.5800
108757,8.9351,0.003003,333.01, 424.5806
108758,8.9381,0.002998,333.61, 424.5800
108759,8.9410,0.003027,330.36, 424.5800
108760,8.9443,0.003202,312.33, 424.5800
108761,8.9474,0.003040,328.90, 424.5806
108762,8.9504,0.003063,326.45, 424.5804
108763,8.9534,0.002980,335.60, 424.5800
108764,8.9564,0.003018,331.33, 424.5804
108765,8.9595,0.003058,326.97, 424.5804
108766,8.9625,0.003089,323.74, 424.5800
108767,8.9656,0.002979,335.72, 424.5800
108768,8.9685,0.003031,329.88, 424.5806
108769,8.9716,0.002996,333.78, 424.5806
108770,8.9746,0.003051,327.82, 424.5806
108771,8.9777,0.003113,321.20, 424.5806
108772,8.9808,0.003055,327.34, 424.5804
108773,8.9838,0.003016,331.53, 424.5804
108774,8.9869,0.003117,320.80, 424.5800
108775,8.9901,0.003236,309.04, 424.5800
108776,8.9933,0.003176,314.86, 424.5804
108777,8.9963,0.003035,329.46, 424.5806
108778,8.9994,0.003043,328.62, 424.5800
108779,9.0026,0.003172,315.26, 424.5804
108780,9.0057,0.003108,321.71, 424.5806
108781,9.0088,0.003056,327.26, 424.5806
108782,9.0117,0.003044,328.47, 424.5800
108783,9.0148,0.003025,330.63, 424.5800
108784,9.0178,0.002975,336.18, 424.5806
108785,9.0209,0.003059,326.91, 424.5800
108786,9.0239,0.003083,324.34, 424.5806
108787,9.0270,0.003057,327.08, 424.5801
108788,9.0299,0.002990,334.40, 424.5800
108789,9.0330,0.003030,330.05, 424.5800
108790,9.0360,0.002977,335.90, 424.5800
108791,9.0391,0.003065,326.24, 424.5801
108792,9.0421,0.003068,326.00, 424.5800
108793,9.0452,0.003026,330.46, 424.5801
108794,9.0482,0.003063,326.52, 424.5804
108795,9.0513,0.003013,331.87, 424.5800
108796,9.0542,0.003013,331.95, 424.5804
108797,9.0573,0.003009,332.39, 424.5806
108798,9.0603,0.003056,327.20, 424.5804
108799,9.0634,0.003096,323.02, 424.5800
108800,9.0664,0.003022,330.86, 424.5806
108801,9.0695,0.003028,330.31, 424.5800
108802,9.0724,0.002999,333.49, 424.5800
108803,9.0754,0.003009,332.38, 424.5806
108804,9.0784,0.002973,336.37, 424.5806
108805,9.0814,0.003069,325.85, 424.5800
108806,9.0845,0.003027,330.39, 424.5806
108807,9.0875,0.003017,331.44, 424.5800
108808,9.0906,0.003009,332.36, 424.5800
108809,9.0935,0.003033,329.71, 424.5800
108810,9.0967,0.003097,322.89, 424.5804
108811,9.0997,0.003030,330.05, 424.5804
108812,9.1027,0.002979,335.71, 424.5800
108813,9.1057,0.003006,332.67, 424.5800
108814,9.1086,0.002977,335.93, 424.5800
108815,9.1117,0.003040,328.97, 424.5800
108816,9.1147,0.003011,332.16, 424.5806
108817,9.1177,0.003018,331.37, 424.5800
108818,9.1207,0.003062,326.57, 424.5800
108819,9.1238,0.003023,330.76, 424.5800
108820,9.1268,0.003009,332.31, 424.5806
108821,9.1299,0.003031,329.91, 424.5806
108822,9.1329,0.003087,323.93, 424.5800
108823,9.1360,0.002989,334.54, 424.5806
108824,9.1389,0.002985,334.96, 424.5804
108825,9.1420,0.003053,327.53, 424.5804
108826,9.1450,0.003049,327.95, 424.5800
108827,9.1481,0.003034,329.59, 424.5800
108828,9.1511,0.003023,330.79, 424.5800
108829,9.1541,0.003013,331.86, 424.5800
108830,9.1571,0.003047,328.17, 424.5800
108831,9.1602,0.003016,331.62, 424.5804
108832,9.1632,0.003067,326.01, 424.5800
108833,9.1663,0.003079,324.80, 424.5804
108834,9.1693,0.002976,336.00, 424.5804
108835,9.1722,0.003027,330.36, 424.5800
108836,9.1753,0.002973,336.35, 424.5804
108837,9.1783,0.003024,330.70, 424.5804
108838,9.1814,0.003070,325.76, 424.5800
108839,9.1843,0.003014,331.84, 424.5800
108840,9.1874,0.003034,329.63, 424.5806
108841,9.1904,0.003013,331.94, 424.5807
108842,9.1935,0.002998,333.51, 424.5806
108843,9.1964,0.002975,336.15, 424.5806
108844,9.1995,0.003019,331.22, 424.5804
108845,9.2024,0.003011,332.12, 424.5801
108846,9.2056,0.003101,322.53, 424.5804
108847,9.2085,0.003012,332.03, 424.5800
108848,9.2119,0.003421,292.30, 424.5800
108849,9.2153,0.003373,296.44, 424.5800
108850,9.2184,0.003097,322.95, 424.5800
108851,9.2214,0.003045,328.37, 424.5801
108852,9.2245,0.003072,325.52, 424.5804
108853,9.2277,0.003080,324.69, 424.5804
108854,9.2307,0.003093,323.36, 424.5804
108855,9.2338,0.003089,323.70, 424.5800
108856,9.2368,0.002978,335.78, 424.5806
108857,9.2399,0.003037,329.32, 424.5804
108858,9.2429,0.003037,329.23, 424.5800
108859,9.2460,0.003056,327.19, 424.5800
108860,9.2490,0.003056,327.27, 424.5800
108861,9.2521,0.003065,326.24, 424.5800
108862,9.2550,0.002981,335.50, 424.5800
108863,9.2581,0.003048,328.05, 424.5800
108864,9.2611,0.003024,330.69, 424.5806
108865,9.2643,0.003131,319.39, 424.5800
108866,9.2672,0.003016,331.59, 424.5800
108867,9.2703,0.003072,325.50, 424.5800
108868,9.2733,0.003063,326.53, 424.5804
108869,9.2765,0.003090,323.61, 424.5806
108870,9.2795,0.003075,325.19, 424.5804
108871,9.2826,0.003075,325.19, 424.5800
108872,9.2856,0.002973,336.35, 424.5800
108873,9.2886,0.003043,328.59, 424.5800
108874,9.2916,0.003049,327.98, 424.5800
108875,9.2948,0.003066,326.17, 424.5800
108876,9.2977,0.003010,332.25, 424.5806
108877,9.3008,0.003037,329.25, 424.5804
108878,9.3040,0.003154,317.02, 424.5806
108879,9.3071,0.003191,313.37, 424.5800
108880,9.3102,0.003015,331.68, 424.5800
108881,9.3132,0.003066,326.13, 424.5806
108882,9.3162,0.002996,333.79, 424.5800
108883,9.3192,0.003058,327.00, 424.5800
108884,9.3223,0.003039,329.10, 424.5800
108885,9.3253,0.003038,329.13, 424.5806
108886,9.3284,0.002992,334.19, 424.5800
108887,9.3314,0.003069,325.81, 424.5804
108888,9.3345,0.003007,332.52, 424.5806
108889,9.3375,0.003088,323.79, 424.5806
108890,9.3406,0.003012,331.96, 424.5800
108891,9.3435,0.003047,328.22, 424.5800
108892,9.3466,0.003003,332.97, 424.5804
108893,9.3496,0.003029,330.13, 424.5806
108894,9.3527,0.003040,328.99, 424.5806
108895,9.3557,0.003048,328.04, 424.5806
108896,9.3586,0.002971,336.54, 424.5806
108897,9.3617,0.003075,325.21, 424.5800
108898,9.3647,0.003024,330.67, 424.5800
108899,9.3679,0.003116,320.97, 424.5800
108900,9.3709,0.002995,333.91, 424.5800
108901,9.3739,0.003062,326.56, 424.5804
108902,9.3770,0.002978,335.83, 424.5800
108903,9.3800,0.003042,328.73, 424.5800
108904,9.3832,0.003193,313.17, 424.5800
108905,9.3862,0.003085,324.12, 424.5801
108906,9.3892,0.002963,337.54, 424.5804
108907,9.3922,0.003019,331.25, 424.5804
108908,9.3951,0.002937,340.52, 424.5800
108909,9.3983,0.003138,318.63, 424.5800
108910,9.4012,0.002997,333.70, 424.5800
108911,9.4043,0.003070,325.74, 424.5800
108912,9.4073,0.002973,336.34, 424.5804
108913,9.4104,0.003074,325.36, 424.5800
108914,9.4135,0.003046,328.31, 424.5804
108915,9.4165,0.003055,327.33, 424.5800
108916,9.4194,0.002990,334.45, 424.5806
108917,9.4225,0.003057,327.16, 424.5800
108918,9.4255,0.003043,328.67, 424.5806
108919,9.4287,0.003074,325.30, 424.5800
108920,9.4316,0.003000,333.36, 424.5806
108921,9.4347,0.003044,328.57, 424.5800
108922,9.4376,0.002958,338.10, 424.5806
108923,9.4407,0.003050,327.88, 424.5804
108924,9.4437,0.003018,331.30, 424.5804
108925,9.4468,0.003101,322.49, 424.5804
108926,9.4498,0.003021,331.03, 424.5806
108927,9.4529,0.003048,328.14, 424.5804
108928,9.4558,0.002955,338.43, 424.5804
108929,9.4591,0.003202,312.35, 424.5800
108930,9.4623,0.003179,314.52, 424.5800
108931,9.4653,0.003137,318.80, 424.5804
108932,9.4684,0.003038,329.17, 424.5806
108933,9.4716,0.003090,323.61, 424.5801
108934,9.4745,0.003028,330.25, 424.5800
108935,9.4777,0.003115,321.03, 424.5804
108936,9.4806,0.002978,335.82, 424.5800
108937,9.4836,0.003060,326.75, 424.5804
108938,9.4866,0.002946,339.43, 424.5800
108939,9.4896,0.003052,327.70, 424.5804
108940,9.4927,0.002939,340.23, 424.5804
108941,9.4956,0.003036,329.39, 424.5804
108942,9.4987,0.002959,337.97, 424.5800
108943,9.5017,0.003058,327.06, 424.5806
108944,9.5048,0.003052,327.69, 424.5804
108945,9.5078,0.003077,325.04, 424.5800
108946,9.5107,0.003000,333.30, 424.5800
108947,9.5139,0.003063,326.51, 424.5800
108948,9.5168,0.002998,333.61, 424.5806
108949,9.5199,0.003084,324.24, 424.5800
108950,9.5229,0.003002,333.17, 424.5800
108951,9.5260,0.003049,327.99, 424.5800
108952,9.5291,0.002999,333.42, 424.5800
108953,9.5321,0.003122,320.29, 424.5800
108954,9.5353,0.003219,310.69, 424.5800
108955,9.5386,0.003266,306.17, 424.5804
108956,9.5416,0.003088,323.84, 424.5804
108957,9.5448,0.003118,320.72, 424.5804
108958,9.5477,0.002982,335.37, 424.5800
108959,9.5509,0.003089,323.71, 424.5800
108960,9.5538,0.002998,333.59, 424.5804
108961,9.5570,0.003073,325.47, 424.5800
108962,9.5599,0.002986,334.86, 424.5806
108963,9.5631,0.003162,316.24, 424.5800
108964,9.5662,0.003081,324.59, 424.5800
108965,9.5693,0.003116,320.97, 424.5800
108966,9.5723,0.003010,332.27, 424.5800
108967,9.5754,0.003079,324.74, 424.5800
108968,9.5784,0.003030,330.02, 424.5800
108969,9.5815,0.003165,315.98, 424.5806
108970,9.5847,0.003133,319.19, 424.5800
108971,9.5878,0.003023,330.79, 424.5804
108972,9.5907,0.002991,334.37, 424.5800
108973,9.5938,0.003046,328.31, 424.5806
108974,9.5967,0.002970,336.72, 424.5800
108975,9.5999,0.003077,325.04, 424.5800
108976,9.6028,0.003005,332.73, 424.5800
108977,9.6058,0.003069,325.80, 424.5800
108978,9.6089,0.003014,331.83, 424.5800
108979,9.6119,0.003085,324.19, 424.5800
108980,9.6150,0.002958,338.12, 424.5929
108981,9.6180,0.003055,327.36, 424.5800
108982,9.6210,0.002997,333.66, 424.5804
108983,9.6240,0.003059,326.93, 424.5800
108984,9.6270,0.002936,340.61, 424.5800
108985,9.6301,0.003103,322.25, 424.5800
108986,9.6331,0.003018,331.38, 424.5800
108987,9.6361,0.003051,327.77, 424.5800
108988,9.6392,0.002962,337.63, 424.5800
108989,9.6422,0.003054,327.41, 424.5806
108990,9.6454,0.003152,317.22, 424.5801
108991,9.6484,0.003114,321.11, 424.5801
108992,9.6515,0.002996,333.81, 424.5804
108993,9.6544,0.003035,329.46, 424.5800
108994,9.6575,0.002973,336.36, 424.5804
108995,9.6606,0.003144,318.05, 424.5804
108996,9.6637,0.003113,321.23, 424.5800
108997,9.6667,0.003092,323.47, 424.5800
108998,9.6698,0.002994,334.05, 424.5800
108999,9.6729,0.003059,326.95, 424.5800
109000,9.6759,0.003048,328.05, 424.5800
109001,9.6790,0.003115,321.00, 424.5800
109002,9.6820,0.003052,327.61, 424.5800
109003,9.6852,0.003095,323.14, 424.5804
109004,9.6881,0.002976,336.01, 424.5800
109005,9.6912,0.003066,326.19, 424.5800
109006,9.6943,0.003076,325.08, 424.5806
109007,9.6974,0.003090,323.60, 424.5800
109008,9.7004,0.003023,330.81, 424.5800
109009,9.7035,0.003061,326.65, 424.5806
109010,9.7067,0.003182,314.27, 424.5800
109011,9.7097,0.003065,326.25, 424.5801
109012,9.7128,0.003041,328.84, 424.5800
109013,9.7157,0.003015,331.68, 424.5807
109014,9.7188,0.002968,336.92, 424.5800
109015,9.7217,0.003002,333.12, 424.5804
109016,9.7249,0.003101,322.45, 424.5800
109017,9.7280,0.003184,314.11, 424.5800
109018,9.7312,0.003172,315.22, 424.5800
109019,9.7344,0.003140,318.49, 424.5801
109020,9.7374,0.003126,319.86, 424.5800
109021,9.7411,0.003592,278.38, 424.5806
109022,9.7444,0.003340,299.39, 424.5800
109023,9.7474,0.003109,321.61, 424.5800
109024,9.7507,0.003284,304.53, 424.5807
109025,9.7540,0.003211,311.46, 424.5800
109026,9.7577,0.003714,269.26, 424.5801
109027,9.7614,0.003600,277.82, 424.5800
109028,9.7648,0.003424,292.03, 424.5804
109029,9.7678,0.003065,326.31, 424.5825
109030,9.7709,0.003049,328.01, 424.5825
109031,9.7739,0.003095,323.06, 424.5800
109032,9.7770,0.003032,329.84, 424.5804
109033,9.7800,0.003042,328.74, 424.5800
109034,9.7831,0.003106,321.92, 424.5804
109035,9.7863,0.003143,318.21, 424.5800
109036,9.7893,0.003102,322.38, 424.5804
109037,9.7925,0.003068,325.93, 424.5806
109038,9.7954,0.003000,333.29, 424.5804
109039,9.7985,0.002984,335.10, 424.5800
109040,9.8014,0.003040,328.90, 424.5800
109041,9.8046,0.003061,326.67, 424.6431
109042,9.8075,0.003001,333.22, 424.5800
109043,9.8105,0.003043,328.59, 424.5804
109044,9.8136,0.003013,331.92, 424.5804
109045,9.8167,0.003076,325.09, 424.5806
109046,9.8197,0.003078,324.88, 424.5806
109047,9.8228,0.003016,331.58, 424.5806
109048,9.8257,0.002981,335.48, 424.5800
109049,9.8287,0.002997,333.67, 424.5804
109050,9.8318,0.003067,326.03, 424.5800
109051,9.8347,0.002991,334.31, 424.5804
109052,9.8378,0.002943,339.79, 424.5806
109053,9.8407,0.002999,333.48, 424.5806
109054,9.8436,0.002951,338.91, 424.5800
109055,9.8467,0.002966,337.11, 424.5801
109056,9.8500,0.003294,303.63, 424.5800
109057,9.8530,0.003063,326.47, 424.5800
109058,9.8560,0.002990,334.50, 424.5800
109059,9.8590,0.003019,331.27, 424.5800
109060,9.8621,0.003044,328.57, 424.5804
109061,9.8651,0.003051,327.74, 424.5800
109062,9.8682,0.003022,330.86, 424.5800
109063,9.8711,0.003017,331.50, 424.5800
109064,9.8741,0.003021,331.05, 424.5806
109065,9.8772,0.003033,329.70, 424.5806
109066,9.8802,0.003122,320.27, 424.5800
109067,9.8834,0.003073,325.45, 424.5800
109068,9.8864,0.002987,334.78, 424.5800
109069,9.8894,0.003008,332.48, 424.5804
109070,9.8925,0.003058,327.04, 424.5800
109071,9.8955,0.003046,328.32, 424.5801
109072,9.8986,0.003067,326.04, 424.5806
109073,9.9016,0.003038,329.16, 424.5800
109074,9.9045,0.002989,334.60, 424.5800
109075,9.9076,0.003000,333.30, 424.5800
109076,9.9105,0.003001,333.22, 424.5800
109077,9.9136,0.003017,331.42, 424.5806
109078,9.9166,0.003054,327.43, 424.5800
109079,9.9197,0.002982,335.31, 424.5801
109080,9.9226,0.003034,329.55, 424.5804
109081,9.9258,0.003109,321.65, 424.5800
109082,9.9290,0.003149,317.55, 424.5800
109083,9.9320,0.003070,325.70, 424.5800
109084,9.9349,0.002990,334.44, 424.5806
109085,9.9380,0.003011,332.17, 424.5800
109086,9.9410,0.003028,330.26, 424.5800
109087,9.9441,0.003035,329.53, 424.5806
109088,9.9470,0.002986,334.95, 424.5800
109089,9.9501,0.003007,332.51, 424.5800
109090,9.9531,0.003022,330.87, 424.5800
109091,9.9561,0.002987,334.78, 424.5800
109092,9.9591,0.003045,328.41, 424.5800
109093,9.9622,0.003046,328.29, 424.5800
109094,9.9652,0.003047,328.22, 424.5800
109095,9.9683,0.003018,331.38, 424.5800
109096,9.9712,0.003011,332.16, 424.5806
109097,9.9742,0.003014,331.83, 424.5804
109098,9.9772,0.002986,334.87, 424.5800
109099,9.9802,0.002983,335.23, 424.5800
109100,9.9833,0.003066,326.12, 424.5804
109101,9.9863,0.003088,323.83, 424.5800
109102,9.9896,0.003322,301.06, 424.5804
109103,9.9928,0.003157,316.75, 424.5800
109104,9.9960,0.003124,320.12, 424.5804
109105,9.9991,0.003168,315.68, 424.5800
