TotalFrame,Time,DeltaTime,FPS,RAM
130058,0.0000,0.011661,85.76, 426.4841
130059,0.0000,0.011661,85.76, 428.2640
130060,0.0200,0.020000,50.00, 426.5374
130061,0.0237,0.003804,262.88, 427.2219
130062,0.0288,0.005086,196.63, 426.5082
130063,0.0347,0.005950,168.08, 426.5377
130064,0.0386,0.003745,267.04, 426.5073
130065,0.0420,0.003576,279.65, 426.5353
130066,0.0457,0.003607,277.24, 426.5073
130067,0.0491,0.003463,288.73, 426.7282
130068,0.0532,0.004102,243.76, 426.5079
130069,0.0569,0.003605,277.43, 426.5073
130070,0.0603,0.003381,295.74, 426.5372
130071,0.0640,0.003746,266.97, 426.5019
130072,0.0676,0.003565,280.50, 426.5019
130073,0.0713,0.003731,268.05, 426.5019
130074,0.0750,0.003693,270.76, 426.5019
130075,0.0784,0.003517,284.30, 426.5019
130076,0.0820,0.003562,280.78, 426.5022
130077,0.0857,0.003539,282.56, 426.5025
130078,0.0894,0.003903,256.22, 426.5019
130079,0.0933,0.003667,272.67, 426.5019
130080,0.0967,0.003497,285.98, 426.5019
130081,0.1001,0.003532,283.15, 426.5247
130082,0.1038,0.003503,285.46, 426.5019
130083,0.1072,0.003580,279.33, 426.5019
130084,0.1111,0.003743,267.16, 426.5019
130085,0.1145,0.003587,278.76, 426.5019
130086,0.1182,0.003572,279.96, 426.5019
130087,0.1218,0.003670,272.48, 426.5019
130088,0.1255,0.003583,279.13, 426.5019
130089,0.1292,0.003647,274.21, 426.5019
130090,0.1326,0.003594,278.24, 426.5019
130091,0.1362,0.003677,271.93, 426.5025
130092,0.1399,0.003583,279.11, 426.5019
130093,0.1436,0.003679,271.82, 426.5019
130094,0.1472,0.003567,280.33, 426.5019
130095,0.1506,0.003597,277.98, 426.5019
130096,0.1543,0.003648,274.16, 426.5025
130097,0.1580,0.003494,286.17, 426.5019
130098,0.1616,0.003603,277.54, 426.5025
130099,0.1650,0.003511,284.80, 426.5299
130100,0.1687,0.003594,278.22, 426.5019
130101,0.1721,0.003599,277.89, 426.5022
130102,0.1758,0.003547,281.94, 426.5019
130103,0.1794,0.003585,278.92, 426.5022
130104,0.1829,0.003552,281.54, 426.5019
130105,0.1865,0.003580,279.35, 426.5044
130106,0.1899,0.003562,280.72, 426.5167
130107,0.1936,0.003515,284.50, 426.5142
130108,0.1970,0.003556,281.21, 426.5019
130109,0.2007,0.003529,283.38, 426.5019
130110,0.2041,0.003537,282.74, 426.5019
130111,0.2078,0.003562,280.71, 426.5019
130112,0.2112,0.003572,279.97, 426.5019
130113,0.2148,0.003614,276.71, 426.5025
130114,0.2185,0.003631,275.41, 426.5019
130115,0.2222,0.003517,284.36, 426.5025
130116,0.2256,0.003425,292.00, 426.5208
130117,0.2292,0.003666,272.77, 426.5019
130118,0.2327,0.003491,286.45, 426.5019
130119,0.2361,0.003405,293.73, 426.5025
130120,0.2395,0.003398,294.26, 426.5019
130121,0.2429,0.003403,293.89, 426.5019
130122,0.2466,0.003683,271.55, 426.5049
130123,0.2502,0.003610,277.02, 426.5019
130124,0.2537,0.003456,289.39, 426.5019
130125,0.2571,0.003398,294.33, 426.5025
130126,0.2605,0.003413,293.02, 426.5193
130127,0.2639,0.003441,290.66, 426.5044
130128,0.2671,0.003328,300.48, 426.5019
130129,0.2705,0.003437,290.99, 426.5310
130130,0.2739,0.003415,292.86, 426.5019
130131,0.2776,0.003451,289.75, 426.5019
130132,0.2808,0.003377,296.11, 426.5198
130133,0.2842,0.003384,295.50, 426.5019
130134,0.2876,0.003377,296.15, 426.5025
130135,0.2910,0.003389,295.05, 426.5019
130136,0.2947,0.003604,277.50, 426.5025
130137,0.2983,0.003850,259.73, 426.5020
130138,0.3022,0.003671,272.41, 426.5025
130139,0.3059,0.003874,258.16, 426.5019
130140,0.3096,0.003675,272.09, 426.5019
130141,0.3132,0.003659,273.34, 426.5019
130142,0.3169,0.003463,288.74, 426.5019
130143,0.3203,0.003411,293.19, 426.5019
130144,0.3237,0.003537,282.75, 426.5019
130145,0.3271,0.003365,297.19, 426.5025
130146,0.3306,0.003411,293.15, 426.5019
130147,0.3340,0.003464,288.69, 426.5019
130148,0.3376,0.003623,275.98, 426.5025
130149,0.3413,0.003589,278.61, 426.5019
130150,0.3457,0.004611,216.88, 426.5020
130151,0.3494,0.003666,272.81, 426.5020
130152,0.3530,0.003465,288.64, 426.5019
130153,0.3564,0.003501,285.61, 426.5019
130154,0.3599,0.003488,286.66, 426.5019
130155,0.3633,0.003406,293.64, 426.5019
130156,0.3667,0.003436,291.04, 426.5019
130157,0.3701,0.003396,294.47, 426.5019
130158,0.3735,0.003430,291.58, 426.5019
130159,0.3770,0.003402,293.95, 426.5019
130160,0.3804,0.003470,288.18, 426.5019
130161,0.3840,0.003674,272.21, 426.5019
130162,0.3879,0.003721,268.73, 426.5019
130163,0.3916,0.003784,264.29, 426.5019
130164,0.3953,0.003527,283.55, 426.5019
130165,0.3987,0.003627,275.73, 426.5019
130166,0.4026,0.003776,264.80, 426.5310
130167,0.4060,0.003467,288.40, 426.5019
130168,0.4094,0.003442,290.57, 426.5019
130169,0.4128,0.003347,298.80, 426.5025
130170,0.4163,0.003498,285.88, 426.5019
130171,0.4199,0.003664,272.94, 426.5078
130172,0.4238,0.003819,261.88, 426.5173
130173,0.4272,0.003516,284.43, 426.5019
130174,0.4307,0.003380,295.84, 426.5019
130175,0.4343,0.003614,276.69, 426.5019
130176,0.4377,0.003421,292.32, 426.5022
130177,0.4412,0.003438,290.85, 426.5019
130178,0.4448,0.003578,279.49, 426.5034
130179,0.4485,0.003616,276.56, 426.5019
130180,0.4521,0.003791,263.80, 426.5025
130181,0.4558,0.003566,280.39, 426.5172
130182,0.4592,0.003427,291.83, 426.5025
130183,0.4629,0.003687,271.21, 426.5019
130184,0.4663,0.003472,288.03, 426.5025
130185,0.4697,0.003433,291.32, 426.5019
130186,0.4731,0.003350,298.54, 426.5019
130187,0.4766,0.003422,292.27, 426.5025
130188,0.4802,0.003651,273.91, 426.5019
130189,0.4841,0.003975,251.57, 426.5019
130190,0.4878,0.003569,280.21, 426.5019
130191,0.4912,0.003482,287.19, 426.5019
130192,0.4946,0.003530,283.33, 426.5019
130193,0.4983,0.003443,290.47, 426.5019
130194,0.5017,0.003453,289.65, 426.5019
130195,0.5051,0.003460,288.99, 426.5025
130196,0.5088,0.003763,265.77, 426.5019
130197,0.5127,0.003813,262.26, 426.5167
130198,0.5164,0.003744,267.09, 426.5309
130199,0.5200,0.003646,274.27, 426.5019
130200,0.5234,0.003474,287.82, 426.5019
130201,0.5271,0.003534,282.94, 426.5025
130202,0.5305,0.003464,288.67, 426.5019
130203,0.5339,0.003389,295.04, 426.5019
130204,0.5374,0.003379,295.98, 426.5019
130205,0.5408,0.003368,296.96, 426.5019
130206,0.5444,0.003789,263.94, 426.5019
130207,0.5481,0.003687,271.24, 426.5222
130208,0.5515,0.003443,290.45, 426.5019
130209,0.5549,0.003400,294.08, 426.5019
130210,0.5583,0.003491,286.49, 426.5019
130211,0.5620,0.003467,288.43, 426.5019
130212,0.5652,0.003365,297.15, 426.5019
130213,0.5688,0.003555,281.26, 426.5019
130214,0.5730,0.004062,246.17, 426.5020
130215,0.5767,0.003664,272.91, 426.5019
130216,0.5801,0.003568,280.28, 426.5019
130217,0.5835,0.003401,294.02, 426.5025
130218,0.5869,0.003406,293.58, 426.5019
130219,0.5908,0.003822,261.62, 426.5019
130220,0.5942,0.003517,284.37, 426.5019
130221,0.5977,0.003420,292.41, 426.5019
130222,0.6013,0.003620,276.22, 426.5019
130223,0.6050,0.003668,272.61, 426.5019
130224,0.6094,0.004454,224.54, 426.5020
130225,0.6130,0.003619,276.35, 426.5019
130226,0.6167,0.003620,276.27, 426.5093
130227,0.6208,0.004089,244.57, 426.5020
130228,0.6248,0.003941,253.76, 426.5019
130229,0.6287,0.004006,249.61, 426.5019
130230,0.6326,0.003859,259.13, 426.5019
130231,0.6367,0.004120,242.69, 426.5019
130232,0.6406,0.003871,258.30, 426.5019
130233,0.6443,0.003715,269.19, 426.5045
130234,0.6479,0.003543,282.21, 426.5019
130235,0.6514,0.003506,285.24, 426.5019
130236,0.6548,0.003433,291.29, 426.5019
130237,0.6582,0.003404,293.82, 426.5025
130238,0.6616,0.003396,294.44, 426.5019
130239,0.6653,0.003648,274.16, 426.5019
130240,0.6689,0.003677,271.96, 426.5019
130241,0.6726,0.003749,266.72, 426.5019
130242,0.6765,0.003805,262.80, 426.5019
130243,0.6807,0.004204,237.85, 426.5019
130244,0.6848,0.004065,246.00, 426.5153
130245,0.6885,0.003734,267.78, 426.5049
130246,0.6921,0.003675,272.08, 426.5025
130247,0.6958,0.003665,272.88, 426.5019
130248,0.6995,0.003603,277.55, 426.5019
130249,0.7029,0.003563,280.65, 426.5019
130250,0.7073,0.004191,238.61, 426.5019
130251,0.7112,0.003904,256.18, 426.5019
130252,0.7146,0.003636,275.04, 426.5019
130253,0.7183,0.003510,284.92, 426.5019
130254,0.7217,0.003449,289.96, 426.5019
130255,0.7253,0.003648,274.11, 426.5019
130256,0.7290,0.003616,276.57, 426.5025
130257,0.7327,0.003718,268.98, 426.5025
130258,0.7361,0.003532,283.13, 426.5019
130259,0.7397,0.003576,279.65, 426.5019
130260,0.7434,0.003581,279.23, 426.5044
130261,0.7471,0.003686,271.27, 426.5019
130262,0.7507,0.003595,278.14, 426.5025
130263,0.7542,0.003591,278.51, 426.5025
130264,0.7578,0.003614,276.67, 426.5019
130265,0.7615,0.003538,282.64, 426.5203
130266,0.7649,0.003530,283.31, 426.5019
130267,0.7686,0.003605,277.42, 426.5025
130268,0.7720,0.003447,290.09, 426.5019
130269,0.7754,0.003539,282.59, 426.5168
130270,0.7791,0.003591,278.48, 426.5019
130271,0.7827,0.003575,279.75, 426.5019
130272,0.7861,0.003566,280.43, 426.5025
130273,0.7898,0.003572,279.99, 426.5019
130274,0.7935,0.003566,280.45, 426.5019
130275,0.7969,0.003528,283.41, 426.5294
130276,0.8005,0.003550,281.70, 426.5044
130277,0.8040,0.003533,283.08, 426.5025
130278,0.8076,0.003542,282.33, 426.5025
130279,0.8110,0.003576,279.64, 426.5025
130280,0.8147,0.003506,285.24, 426.5019
130281,0.8184,0.003889,257.11, 426.5020
130282,0.8220,0.003612,276.89, 426.5019
130283,0.8257,0.003610,276.99, 426.5019
130284,0.8296,0.003972,251.76, 426.5019
130285,0.8335,0.003955,252.88, 426.5311
130286,0.8376,0.004131,242.05, 426.5019
130287,0.8416,0.003857,259.24, 426.5019
130288,0.8452,0.003565,280.50, 426.5019
130289,0.8489,0.003706,269.85, 426.5019
130290,0.8525,0.003606,277.31, 426.5019
130291,0.8560,0.003571,280.01, 426.5019
130292,0.8596,0.003592,278.39, 426.5019
130293,0.8630,0.003478,287.52, 426.5019
130294,0.8667,0.003591,278.51, 426.5019
130295,0.8706,0.003845,260.10, 426.5019
130296,0.8743,0.003750,266.64, 426.5019
130297,0.8779,0.003618,276.39, 426.5025
130298,0.8816,0.003564,280.58, 426.5019
130299,0.8850,0.003589,278.61, 426.5025
130300,0.8887,0.003667,272.69, 426.5019
130301,0.8923,0.003574,279.84, 426.5019
130302,0.8958,0.003543,282.22, 426.5019
130303,0.8994,0.003589,278.61, 426.5019
130304,0.9031,0.003558,281.06, 426.5025
130305,0.9065,0.003550,281.73, 426.5019
130306,0.9102,0.003533,283.08, 426.5025
130307,0.9136,0.003585,278.98, 426.5019
130308,0.9172,0.003533,283.05, 426.5025
130309,0.9209,0.003651,273.87, 426.5019
130310,0.9243,0.003515,284.47, 426.5019
130311,0.9280,0.003535,282.89, 426.5019
130312,0.9316,0.003628,275.63, 426.5250
130313,0.9353,0.003755,266.35, 426.5019
130314,0.9390,0.003737,267.59, 426.5019
130315,0.9426,0.003645,274.32, 426.5319
130316,0.9465,0.003789,263.96, 426.5019
130317,0.9500,0.003564,280.58, 426.5173
130318,0.9536,0.003543,282.24, 426.5019
130319,0.9570,0.003473,287.94, 426.5321
130320,0.9609,0.003851,259.71, 426.5019
130321,0.9646,0.003584,279.05, 426.5025
130322,0.9680,0.003553,281.46, 426.5044
130323,0.9714,0.003499,285.76, 426.5025
130324,0.9751,0.003576,279.66, 426.5025
130325,0.9788,0.003540,282.48, 426.5019
130326,0.9822,0.003602,277.59, 426.5025
130327,0.9858,0.003620,276.27, 426.5019
130328,0.9895,0.003678,271.90, 426.5025
130329,0.9932,0.003611,276.96, 426.5019
130330,0.9966,0.003416,292.75, 426.5321
130331,1.0002,0.003650,273.95, 426.5022
130332,1.0037,0.003517,284.36, 426.5019
130333,1.0073,0.003550,281.70, 426.5025
130334,1.0112,0.003864,258.79, 426.5021
130335,1.0151,0.003969,251.97, 426.5019
130336,1.0188,0.003588,278.72, 426.5019
130337,1.0225,0.003630,275.45, 426.5019
130338,1.0259,0.003478,287.50, 426.5310
130339,1.0295,0.003698,270.39, 426.5044
130340,1.0330,0.003526,283.60, 426.5019
130341,1.0366,0.003565,280.49, 426.5019
130342,1.0403,0.003566,280.45, 426.5019
130343,1.0444,0.004160,240.41, 426.5019
130344,1.0488,0.004488,222.84, 426.5020
130345,1.0530,0.004068,245.81, 426.5019
130346,1.0566,0.003744,267.12, 426.5020
130347,1.0610,0.004383,228.15, 426.5019
130348,1.0654,0.004400,227.26, 426.5020
130349,1.0693,0.003827,261.34, 426.5019
130350,1.0735,0.004207,237.72, 426.5019
130351,1.0776,0.004138,241.69, 426.5019
130352,1.0813,0.003824,261.49, 426.5020
130353,1.0857,0.004253,235.12, 426.5019
130354,1.0898,0.004071,245.66, 426.5019
130355,1.0938,0.003901,256.36, 426.5019
130356,1.0979,0.004326,231.19, 426.5019
130357,1.1021,0.004087,244.68, 426.5019
130358,1.1067,0.004533,220.59, 426.5025
130359,1.1116,0.005104,195.93, 426.5020
130360,1.1162,0.004592,217.75, 426.5020
130361,1.1204,0.004027,248.30, 426.5020
130362,1.1240,0.003710,269.52, 426.5020
130363,1.1282,0.004186,238.91, 426.5019
130364,1.1326,0.004306,232.24, 426.5020
130365,1.1362,0.003810,262.46, 426.5020
130366,1.1406,0.004414,226.56, 426.5019
130367,1.1450,0.004369,228.87, 426.5020
130368,1.1492,0.003953,252.97, 426.5019
130369,1.1533,0.004288,233.23, 426.5019
130370,1.1575,0.004124,242.51, 426.5019
130371,1.1616,0.004041,247.49, 426.5020
130372,1.1655,0.004091,244.47, 426.5019
130373,1.1697,0.004130,242.15, 426.5019
130374,1.1736,0.003935,254.16, 426.5020
130375,1.1777,0.004045,247.22, 426.5019
130376,1.1821,0.004343,230.26, 426.5019
130377,1.1863,0.004216,237.19, 426.5019
130378,1.1902,0.003874,258.14, 426.5019
130379,1.1943,0.004131,242.08, 426.5019
130380,1.1985,0.004134,241.87, 426.5019
130381,1.2024,0.003968,252.04, 426.5019
130382,1.2065,0.004133,241.93, 426.5019
130383,1.2107,0.004149,241.02, 426.5020
130384,1.2146,0.003892,256.96, 426.5019
130385,1.2190,0.004376,228.51, 426.5019
130386,1.2229,0.004048,247.02, 426.5019
130387,1.2268,0.003946,253.43, 426.5019
130388,1.2307,0.003676,272.06, 426.5019
130389,1.2341,0.003543,282.24, 426.5025
130390,1.2380,0.003781,264.47, 426.5019
130391,1.2415,0.003605,277.43, 426.5019
130392,1.2451,0.003488,286.67, 426.5025
130393,1.2488,0.003789,263.92, 426.5019
130394,1.2522,0.003499,285.80, 426.5025
130395,1.2559,0.003561,280.86, 426.5019
130396,1.2598,0.003899,256.47, 426.5019
130397,1.2634,0.003644,274.42, 426.5019
130398,1.2671,0.003651,273.92, 426.5019
130399,1.2705,0.003535,282.93, 426.5019
130400,1.2742,0.003507,285.13, 426.5078
130401,1.2778,0.003733,267.86, 426.5019
130402,1.2815,0.003567,280.36, 426.5019
130403,1.2849,0.003621,276.19, 426.5019
130404,1.2886,0.003565,280.53, 426.5019
130405,1.2922,0.003667,272.73, 426.5019
130406,1.2959,0.003607,277.25, 426.5019
130407,1.2993,0.003517,284.34, 426.5025
130408,1.3030,0.003495,286.14, 426.5025
130409,1.3064,0.003539,282.61, 426.5019
130410,1.3098,0.003526,283.64, 426.5019
130411,1.3135,0.003502,285.53, 426.5019
130412,1.3171,0.003659,273.31, 426.5020
130413,1.3208,0.003748,266.82, 426.5019
130414,1.3245,0.003551,281.61, 426.5019
130415,1.3279,0.003525,283.68, 426.5025
130416,1.3315,0.003521,284.03, 426.5019
130417,1.3352,0.003693,270.80, 426.5025
130418,1.3389,0.003669,272.59, 426.5019
130419,1.3423,0.003574,279.83, 426.5022
130420,1.3459,0.003581,279.28, 426.5019
130421,1.3494,0.003486,286.84, 426.5019
130422,1.3530,0.003616,276.59, 426.5019
130423,1.3567,0.003649,274.04, 426.5019
130424,1.3601,0.003505,285.33, 426.5019
130425,1.3638,0.003681,271.69, 426.5019
130426,1.3674,0.003536,282.81, 426.5022
130427,1.3711,0.003563,280.63, 426.5025
130428,1.3745,0.003531,283.19, 426.5044
130429,1.3782,0.003613,276.82, 426.5019
130430,1.3818,0.003600,277.78, 426.5019
130431,1.3853,0.003565,280.53, 426.5025
130432,1.3889,0.003617,276.46, 426.5019
130433,1.3923,0.003543,282.26, 426.5019
130434,1.3960,0.003535,282.86, 426.5025
130435,1.3999,0.003795,263.51, 426.5310
130436,1.4033,0.003618,276.37, 426.5019
130437,1.4070,0.003600,277.82, 426.5019
130438,1.4109,0.003824,261.53, 426.5020
130439,1.4146,0.003701,270.17, 426.5022
130440,1.4185,0.003963,252.35, 426.5019
130441,1.4221,0.003530,283.33, 426.5019
130442,1.4258,0.003678,271.89, 426.5019
130443,1.4294,0.003755,266.35, 426.5019
130444,1.4329,0.003530,283.30, 426.5025
130445,1.4365,0.003537,282.71, 426.5019
130446,1.4399,0.003481,287.25, 426.5019
130447,1.4438,0.003886,257.33, 426.5020
130448,1.4475,0.003627,275.69, 426.5025
130449,1.4512,0.003551,281.60, 426.5019
130450,1.4546,0.003525,283.70, 426.5019
130451,1.4580,0.003478,287.54, 426.5034
130452,1.4617,0.003566,280.42, 426.5019
130453,1.4653,0.003817,262.02, 426.5019
130454,1.4690,0.003436,291.01, 426.5025
130455,1.4724,0.003546,282.01, 426.5025
130456,1.4758,0.003445,290.28, 426.5019
130457,1.4795,0.003509,284.96, 426.5019
130458,1.4829,0.003404,293.76, 426.5346
130459,1.4866,0.003784,264.26, 426.5019
130460,1.4902,0.003618,276.40, 426.5019
130461,1.4939,0.003595,278.20, 426.5025
130462,1.4976,0.003690,271.02, 426.5019
130463,1.5010,0.003509,284.97, 426.5019
130464,1.5046,0.003552,281.55, 426.5019
130465,1.5081,0.003576,279.62, 426.5044
130466,1.5117,0.003532,283.16, 426.5022
130467,1.5151,0.003503,285.44, 426.5025
130468,1.5188,0.003574,279.80, 426.5019
130469,1.5222,0.003558,281.03, 426.5019
130470,1.5261,0.003813,262.30, 426.5019
130471,1.5303,0.004108,243.45, 426.5182
130472,1.5339,0.003726,268.41, 426.5019
130473,1.5376,0.003559,280.98, 426.5022
130474,1.5413,0.003677,271.95, 426.5019
130475,1.5449,0.003697,270.50, 426.5022
130476,1.5486,0.003630,275.50, 426.5019
130477,1.5522,0.003803,262.94, 426.5025
130478,1.5559,0.003735,267.74, 426.5025
130479,1.5598,0.003791,263.78, 426.5112
130480,1.5637,0.003819,261.88, 426.5019
130481,1.5671,0.003528,283.48, 426.5019
130482,1.5708,0.003712,269.40, 426.5019
130483,1.5750,0.004115,243.02, 426.5019
130484,1.5789,0.003929,254.50, 426.5020
130485,1.5828,0.003732,267.96, 426.5019
130486,1.5867,0.004121,242.68, 426.5020
130487,1.5903,0.003624,275.92, 426.5019
130488,1.5942,0.003861,258.98, 426.5019
130489,1.5984,0.004096,244.13, 426.5020
130490,1.6023,0.003916,255.36, 426.5025
130491,1.6060,0.003707,269.75, 426.5019
130492,1.6099,0.003783,264.35, 426.5019
130493,1.6135,0.003751,266.62, 426.5019
130494,1.6177,0.004141,241.51, 426.5019
130495,1.6226,0.004794,208.60, 426.5044
130496,1.6265,0.004063,246.12, 426.5123
130497,1.6304,0.003949,253.25, 426.5286
130498,1.6345,0.004096,244.12, 426.5019
130499,1.6387,0.004021,248.68, 426.5019
130500,1.6423,0.003802,263.05, 426.5019
130501,1.6458,0.003493,286.33, 426.5022
130502,1.6494,0.003497,285.95, 426.5073
130503,1.6528,0.003508,285.05, 426.5044
130504,1.6565,0.003538,282.67, 426.5019
130505,1.6602,0.003668,272.64, 426.5019
130506,1.6636,0.003566,280.41, 426.5019
130507,1.6672,0.003643,274.49, 426.5019
130508,1.6709,0.003529,283.37, 426.5019
130509,1.6743,0.003545,282.10, 426.5025
130510,1.6780,0.003537,282.71, 426.5025
130511,1.6816,0.003692,270.83, 426.5019
130512,1.6851,0.003537,282.77, 426.5025
130513,1.6887,0.003531,283.20, 426.5073
130514,1.6921,0.003582,279.18, 426.5019
130515,1.6956,0.003418,292.57, 426.5310
130516,1.6992,0.003647,274.18, 426.5019
130517,1.7029,0.003578,279.50, 426.5019
130518,1.7063,0.003517,284.30, 426.5019
130519,1.7100,0.003595,278.16, 426.5025
130520,1.7136,0.003600,277.78, 426.5093
130521,1.7173,0.003575,279.70, 426.5019
130522,1.7207,0.003478,287.55, 426.5019
130523,1.7241,0.003568,280.30, 426.5019
130524,1.7278,0.003568,280.25, 426.5019
130525,1.7314,0.003586,278.89, 426.5025
130526,1.7349,0.003608,277.14, 426.5019
130527,1.7385,0.003583,279.06, 426.5019
130528,1.7422,0.003611,276.92, 426.5019
130529,1.7456,0.003542,282.30, 426.5093
130530,1.7493,0.003579,279.41, 426.5019
130531,1.7529,0.003680,271.72, 426.5019
130532,1.7566,0.003497,285.93, 426.5019
130533,1.7603,0.003677,271.98, 426.5019
130534,1.7637,0.003587,278.82, 426.5019
130535,1.7673,0.003594,278.21, 426.5019
130536,1.7710,0.003574,279.81, 426.5073
130537,1.7747,0.003630,275.50, 426.5019
130538,1.7783,0.003723,268.58, 426.5019
130539,1.7825,0.004170,239.81, 426.5020
130540,1.7864,0.003873,258.20, 426.5020
130541,1.7903,0.004080,245.10, 426.5025
130542,1.7944,0.004040,247.51, 426.5020
130543,1.7983,0.003818,261.95, 426.5019
130544,1.8022,0.004119,242.78, 426.5019
130545,1.8064,0.004028,248.28, 426.5019
130546,1.8103,0.003966,252.15, 426.5019
130547,1.8145,0.004042,247.40, 426.5020
130548,1.8184,0.003998,250.14, 426.5019
130549,1.8223,0.003851,259.66, 426.5019
130550,1.8264,0.004065,246.03, 426.5019
130551,1.8303,0.003944,253.52, 426.5019
130552,1.8342,0.004084,244.89, 426.5019
130553,1.8384,0.003970,251.86, 426.5019
130554,1.8423,0.003979,251.30, 426.5019
130555,1.8462,0.003898,256.54, 426.5019
130556,1.8503,0.004129,242.22, 426.5020
130557,1.8542,0.003863,258.88, 426.5019
130558,1.8577,0.003562,280.74, 426.5025
130559,1.8613,0.003614,276.71, 426.5025
130560,1.8647,0.003450,289.86, 426.5025
130561,1.8684,0.003608,277.16, 426.5019
130562,1.8721,0.003543,282.29, 426.5019
130563,1.8755,0.003649,274.03, 426.5019
130564,1.8794,0.003739,267.43, 426.5049
130565,1.8831,0.003616,276.58, 426.5019
130566,1.8867,0.003715,269.15, 426.5019
130567,1.8901,0.003535,282.91, 426.5019
130568,1.8938,0.003637,274.94, 426.5019
130569,1.8975,0.003632,275.33, 426.5019
130570,1.9011,0.003588,278.74, 426.5019
130571,1.9045,0.003547,281.94, 426.5019
130572,1.9082,0.003512,284.73, 426.5019
130573,1.9116,0.003604,277.46, 426.5022
130574,1.9153,0.003536,282.82, 426.5019
130575,1.9189,0.003569,280.17, 426.5019
130576,1.9224,0.003647,274.18, 426.5019
130577,1.9263,0.003873,258.23, 426.5020
130578,1.9299,0.003533,283.09, 426.5025
130579,1.9336,0.003668,272.61, 426.5019
130580,1.9373,0.003656,273.53, 426.5019
130581,1.9409,0.003671,272.38, 426.5019
130582,1.9448,0.003913,255.53, 426.5020
130583,1.9485,0.003815,262.15, 426.5019
130584,1.9526,0.004078,245.19, 426.5020
130585,1.9563,0.003520,284.12, 426.5019
130586,1.9597,0.003590,278.56, 426.5122
130587,1.9634,0.003507,285.16, 426.5019
130588,1.9668,0.003611,276.92, 426.5019
130589,1.9705,0.003609,277.05, 426.5019
130590,1.9739,0.003425,291.97, 426.5310
130591,1.9775,0.003660,273.26, 426.5019
130592,1.9812,0.003682,271.61, 426.5019
130593,1.9849,0.003696,270.55, 426.5019
130594,1.9885,0.003590,278.52, 426.5019
130595,1.9922,0.003522,283.95, 426.5025
130596,1.9956,0.003628,275.65, 426.5019
130597,1.9993,0.003527,283.49, 426.5019
130598,2.0027,0.003533,283.01, 426.5025
130599,2.0063,0.003529,283.37, 426.5019
130600,2.0098,0.003539,282.58, 426.5025
130601,2.0134,0.003522,283.96, 426.5019
130602,2.0168,0.003453,289.63, 426.5167
130603,2.0203,0.003500,285.70, 426.5044
130604,2.0237,0.003471,288.11, 426.5044
130605,2.0273,0.003542,282.36, 426.5019
130606,2.0310,0.003672,272.33, 426.5019
130607,2.0344,0.003495,286.11, 426.5019
130608,2.0381,0.003490,286.53, 426.5019
130609,2.0415,0.003599,277.88, 426.5019
130610,2.0452,0.003522,283.97, 426.5019
130611,2.0486,0.003532,283.16, 426.5019
130612,2.0522,0.003507,285.13, 426.5019
130613,2.0557,0.003519,284.20, 426.5019
130614,2.0593,0.003644,274.40, 426.5044
130615,2.0627,0.003539,282.56, 426.5049
130616,2.0662,0.003421,292.35, 426.5019
130617,2.0698,0.003639,274.81, 426.5019
130618,2.0735,0.003607,277.26, 426.5019
130619,2.0771,0.003574,279.82, 426.5019
130620,2.0806,0.003477,287.63, 426.5167
130621,2.0840,0.003416,292.74, 426.5044
130622,2.0876,0.003560,280.88, 426.5019
130623,2.0911,0.003498,285.90, 426.5025
130624,2.0945,0.003458,289.21, 426.5025
130625,2.0979,0.003506,285.24, 426.5025
130626,2.1016,0.003468,288.38, 426.5019
130627,2.1050,0.003513,284.66, 426.5025
130628,2.1084,0.003441,290.63, 426.5294
130629,2.1118,0.003483,287.10, 426.5025
130630,2.1155,0.003502,285.58, 426.5019
130631,2.1191,0.003723,268.57, 426.5019
130632,2.1240,0.004773,209.50, 426.5019
130633,2.1274,0.003519,284.14, 426.5020
130634,2.1309,0.003530,283.32, 426.5019
130635,2.1345,0.003601,277.70, 426.5019
130636,2.1382,0.003661,273.16, 426.5019
130637,2.1418,0.003692,270.89, 426.5025
130638,2.1455,0.003610,277.04, 426.5019
130639,2.1494,0.003864,258.77, 426.5019
130640,2.1531,0.003756,266.25, 426.5019
130641,2.1565,0.003441,290.60, 426.5019
130642,2.1602,0.003532,283.09, 426.5019
130643,2.1636,0.003443,290.41, 426.5019
130644,2.1670,0.003506,285.22, 426.5019
130645,2.1709,0.003753,266.47, 426.5019
130646,2.1743,0.003464,288.72, 426.5019
130647,2.1777,0.003553,281.44, 426.5019
130648,2.1814,0.003440,290.74, 426.5019
130649,2.1848,0.003630,275.47, 426.5025
130650,2.1882,0.003424,292.07, 426.5025
130651,2.1919,0.003518,284.25, 426.5025
130652,2.1953,0.003459,289.10, 426.5025
130653,2.1987,0.003425,292.00, 426.5025
130654,2.2021,0.003533,283.02, 426.5019
130655,2.2056,0.003419,292.46, 426.5083
130656,2.2092,0.003530,283.32, 426.5019
130657,2.2129,0.003559,280.95, 426.5019
130658,2.2163,0.003639,274.84, 426.5025
130659,2.2200,0.003561,280.81, 426.5019
130660,2.2234,0.003336,299.77, 426.5297
130661,2.2271,0.003622,276.08, 426.5019
130662,2.2305,0.003536,282.81, 426.5019
130663,2.2339,0.003499,285.77, 426.5127
130664,2.2375,0.003606,277.29, 426.5019
130665,2.2410,0.003464,288.67, 426.5019
130666,2.2446,0.003513,284.68, 426.5019
130667,2.2480,0.003430,291.59, 426.5019
130668,2.2517,0.003646,274.28, 426.5025
130669,2.2551,0.003488,286.67, 426.5019
130670,2.2585,0.003491,286.42, 426.5025
130671,2.2622,0.003590,278.55, 426.5019
130672,2.2656,0.003472,288.04, 426.5019
130673,2.2693,0.003695,270.64, 426.5019
130674,2.2729,0.003487,286.80, 426.5019
130675,2.2764,0.003525,283.72, 426.5098
130676,2.2803,0.003776,264.81, 426.5019
130677,2.2837,0.003587,278.76, 426.5019
130678,2.2874,0.003596,278.10, 426.5019
130679,2.2910,0.003622,276.07, 426.5019
130680,2.2944,0.003543,282.22, 426.5025
130681,2.2981,0.003571,280.06, 426.5019
130682,2.3015,0.003528,283.42, 426.5025
130683,2.3052,0.003544,282.20, 426.5019
130684,2.3086,0.003475,287.74, 426.5022
130685,2.3123,0.003544,282.15, 426.5034
130686,2.3157,0.003454,289.52, 426.5019
130687,2.3193,0.003610,277.05, 426.5019
130688,2.3228,0.003580,279.35, 426.5019
130689,2.3264,0.003644,274.45, 426.5019
130690,2.3301,0.003596,278.12, 426.5132
130691,2.3335,0.003474,287.82, 426.5019
130692,2.3372,0.003629,275.59, 426.5019
130693,2.3406,0.003466,288.52, 426.5019
130694,2.3440,0.003486,286.89, 426.5019
130695,2.3477,0.003506,285.23, 426.5025
130696,2.3511,0.003518,284.24, 426.5019
130697,2.3545,0.003427,291.82, 426.5274
130698,2.3582,0.003578,279.50, 426.5019
130699,2.3616,0.003558,281.09, 426.5019
130700,2.3652,0.003501,285.62, 426.5019
130701,2.3687,0.003453,289.58, 426.5019
130702,2.3723,0.003555,281.31, 426.5044
130703,2.3755,0.003382,295.69, 426.5019
130704,2.3792,0.003466,288.50, 426.5019
130705,2.3826,0.003457,289.27, 426.5019
130706,2.3860,0.003602,277.62, 426.5019
130707,2.3896,0.003583,279.09, 426.5019
130708,2.3931,0.003474,287.83, 426.5019
130709,2.3967,0.003474,287.89, 426.5019
130710,2.4001,0.003562,280.76, 426.5019
130711,2.4038,0.003617,276.48, 426.5025
130712,2.4075,0.003560,280.90, 426.5019
130713,2.4109,0.003477,287.63, 426.5019
130714,2.4143,0.003542,282.32, 426.5019
130715,2.4180,0.003557,281.15, 426.5019
130716,2.4216,0.003759,266.04, 426.5019
130717,2.4250,0.003458,289.21, 426.5025
130718,2.4287,0.003504,285.40, 426.5019
130719,2.4321,0.003555,281.33, 426.5019
130720,2.4360,0.003812,262.34, 426.5019
130721,2.4395,0.003478,287.50, 426.5022
130722,2.4431,0.003556,281.22, 426.5019
130723,2.4465,0.003513,284.67, 426.5019
130724,2.4502,0.003625,275.87, 426.5025
130725,2.4539,0.003578,279.45, 426.5019
130726,2.4573,0.003511,284.81, 426.5019
130727,2.4607,0.003436,291.07, 426.5044
130728,2.4641,0.003479,287.42, 426.5019
130729,2.4678,0.003527,283.51, 426.5019
130730,2.4712,0.003539,282.55, 426.5019
130731,2.4749,0.003560,280.91, 426.5019
130732,2.4783,0.003507,285.14, 426.5019
130733,2.4819,0.003609,277.05, 426.5044
130734,2.4854,0.003423,292.15, 426.5203
130735,2.4890,0.003534,282.94, 426.5019
130736,2.4924,0.003582,279.20, 426.5019
130737,2.4961,0.003680,271.71, 426.5019
130738,2.4998,0.003702,270.12, 426.5019
130739,2.5034,0.003587,278.81, 426.5019
130740,2.5071,0.003614,276.74, 426.5019
130741,2.5107,0.003564,280.61, 426.5019
130742,2.5142,0.003558,281.10, 426.5019
130743,2.5178,0.003666,272.77, 426.5019
130744,2.5215,0.003704,269.96, 426.5019
130745,2.5251,0.003533,283.08, 426.5019
130746,2.5286,0.003500,285.72, 426.5269
130747,2.5322,0.003631,275.43, 426.5025
130748,2.5359,0.003575,279.70, 426.5019
130749,2.5398,0.003928,254.61, 426.5019
130750,2.5435,0.003722,268.69, 426.5019
130751,2.5471,0.003566,280.47, 426.5019
130752,2.5505,0.003605,277.42, 426.5019
130753,2.5542,0.003635,275.10, 426.5019
130754,2.5579,0.003717,269.04, 426.5019
130755,2.5618,0.003694,270.72, 426.5025
130756,2.5652,0.003585,278.92, 426.5019
130757,2.5688,0.003683,271.54, 426.5019
130758,2.5725,0.003638,274.86, 426.5025
130759,2.5762,0.003609,277.08, 426.5025
130760,2.5798,0.003641,274.63, 426.5025
130761,2.5835,0.003592,278.42, 426.5019
130762,2.5869,0.003553,281.42, 426.5054
130763,2.5906,0.003530,283.26, 426.5107
130764,2.5942,0.003661,273.17, 426.5019
130765,2.5979,0.003678,271.88, 426.5019
130766,2.6013,0.003457,289.24, 426.5019
130767,2.6050,0.003614,276.72, 426.5019
130768,2.6086,0.003837,260.61, 426.5025
130769,2.6128,0.004103,243.75, 426.5083
130770,2.6169,0.004198,238.19, 426.5019
130771,2.6213,0.004226,236.66, 426.5019
130772,2.6255,0.004242,235.75, 426.5020
130773,2.6304,0.004834,206.86, 426.5020
130774,2.6350,0.004579,218.38, 426.5020
130775,2.6392,0.004134,241.89, 426.5020
130776,2.6426,0.003504,285.37, 426.5177
130777,2.6462,0.003710,269.54, 426.5019
130778,2.6499,0.003560,280.91, 426.5019
130779,2.6536,0.003624,275.91, 426.5044
130780,2.6575,0.003981,251.17, 426.5020
130781,2.6609,0.003558,281.06, 426.5019
130782,2.6648,0.003740,267.39, 426.5019
130783,2.6682,0.003546,281.99, 426.5088
130784,2.6719,0.003600,277.79, 426.5044
130785,2.6755,0.003559,281.00, 426.5025
130786,2.6790,0.003529,283.36, 426.5019
130787,2.6826,0.003606,277.35, 426.5019
130788,2.6863,0.003734,267.81, 426.5019
130789,2.6899,0.003681,271.65, 426.5019
130790,2.6936,0.003624,275.93, 426.5019
130791,2.6973,0.003745,267.04, 426.5026
130792,2.7012,0.003707,269.74, 426.5019
130793,2.7046,0.003541,282.43, 426.5019
130794,2.7083,0.003547,281.91, 426.5019
130795,2.7119,0.003654,273.68, 426.5019
130796,2.7153,0.003517,284.35, 426.5019
130797,2.7190,0.003656,273.49, 426.5019
130798,2.7227,0.003600,277.80, 426.5019
130799,2.7261,0.003528,283.47, 426.5019
130800,2.7297,0.003623,276.01, 426.5019
130801,2.7334,0.003686,271.30, 426.5019
130802,2.7371,0.003587,278.76, 426.5022
130803,2.7405,0.003546,281.98, 426.5019
130804,2.7441,0.003655,273.64, 426.5019
130805,2.7478,0.003615,276.63, 426.5019
130806,2.7515,0.003644,274.44, 426.5019
130807,2.7551,0.003539,282.53, 426.5025
130808,2.7585,0.003471,288.08, 426.5019
130809,2.7620,0.003549,281.78, 426.5025
130810,2.7656,0.003502,285.54, 426.5025
130811,2.7690,0.003519,284.16, 426.5019
130812,2.7727,0.003593,278.30, 426.5019
130813,2.7761,0.003514,284.56, 426.5019
130814,2.7798,0.003631,275.44, 426.5019
130815,2.7832,0.003472,288.04, 426.5025
130816,2.7869,0.003681,271.68, 426.5025
130817,2.7905,0.003643,274.49, 426.5019
130818,2.7939,0.003477,287.59, 426.5019
130819,2.7976,0.003564,280.62, 426.5044
130820,2.8013,0.003646,274.29, 426.5019
130821,2.8049,0.003709,269.61, 426.5025
130822,2.8086,0.003650,273.95, 426.5019
130823,2.8123,0.003665,272.88, 426.5019
130824,2.8159,0.003603,277.52, 426.5019
130825,2.8196,0.003605,277.37, 426.5019
130826,2.8230,0.003594,278.28, 426.5044
130827,2.8267,0.003663,273.03, 426.5019
130828,2.8303,0.003634,275.20, 426.5019
130829,2.8340,0.003640,274.73, 426.5019
130830,2.8376,0.003547,281.94, 426.5019
130831,2.8413,0.003630,275.48, 426.5019
130832,2.8447,0.003424,292.05, 426.5274
130833,2.8481,0.003519,284.21, 426.5019
130834,2.8518,0.003545,282.10, 426.5068
130835,2.8552,0.003510,284.93, 426.5019
130836,2.8586,0.003549,281.79, 426.5019
130837,2.8625,0.003864,258.83, 426.5019
130838,2.8662,0.003656,273.50, 426.5019
130839,2.8699,0.003608,277.20, 426.5019
130840,2.8733,0.003510,284.88, 426.5019
130841,2.8770,0.003530,283.25, 426.5025
130842,2.8804,0.003494,286.21, 426.5019
130843,2.8840,0.003654,273.70, 426.5019
130844,2.8877,0.003547,281.90, 426.5025
130845,2.8911,0.003501,285.62, 426.5019
130846,2.8945,0.003522,283.92, 426.5019
130847,2.8982,0.003481,287.24, 426.5019
130848,2.9016,0.003591,278.49, 426.5019
130849,2.9053,0.003629,275.54, 426.5025
130850,2.9089,0.003587,278.76, 426.5019
130851,2.9126,0.003553,281.48, 426.5142
130852,2.9160,0.003508,285.10, 426.5019
130853,2.9197,0.003626,275.81, 426.5019
130854,2.9231,0.003576,279.67, 426.5019
130855,2.9268,0.003524,283.81, 426.5146
130856,2.9302,0.003556,281.22, 426.5019
130857,2.9338,0.003539,282.55, 426.5019
130858,2.9375,0.003704,269.95, 426.5025
130859,2.9412,0.003639,274.79, 426.5019
130860,2.9448,0.003614,276.70, 426.5019
130861,2.9482,0.003568,280.28, 426.5019
130862,2.9521,0.003694,270.69, 426.5019
130863,2.9556,0.003602,277.65, 426.5167
130864,2.9595,0.003729,268.15, 426.5019
130865,2.9629,0.003536,282.82, 426.5019
130866,2.9663,0.003476,287.69, 426.5019
130867,2.9705,0.003967,252.10, 426.5019
130868,2.9739,0.003592,278.44, 426.5019
130869,2.9773,0.003476,287.70, 426.5019
130870,2.9810,0.003542,282.37, 426.5022
130871,2.9844,0.003446,290.18, 426.5025
130872,2.9880,0.003547,281.95, 426.5019
130873,2.9915,0.003575,279.76, 426.5019
130874,2.9949,0.003451,289.75, 426.5019
130875,2.9985,0.003648,274.16, 426.5019
130876,3.0022,0.003516,284.40, 426.5044
130877,3.0059,0.003635,275.14, 426.5019
130878,3.0093,0.003470,288.19, 426.5019
130879,3.0127,0.003485,286.92, 426.5019
130880,3.0164,0.003681,271.64, 426.5019
130881,3.0200,0.003523,283.88, 426.5019
130882,3.0234,0.003610,276.99, 426.5019
130883,3.0269,0.003434,291.18, 426.5025
130884,3.0305,0.003486,286.87, 426.5019
130885,3.0342,0.003609,277.06, 426.5019
130886,3.0376,0.003554,281.37, 426.5019
130887,3.0413,0.003723,268.62, 426.5019
130888,3.0449,0.003651,273.88, 426.5019
130889,3.0486,0.003559,281.00, 426.5019
130890,3.0522,0.003574,279.83, 426.5019
130891,3.0557,0.003646,274.24, 426.5019
130892,3.0593,0.003552,281.56, 426.5019
130893,3.0627,0.003510,284.91, 426.5022
130894,3.0664,0.003458,289.17, 426.5279
130895,3.0698,0.003477,287.60, 426.5025
130896,3.0732,0.003497,285.97, 426.5019
130897,3.0769,0.003579,279.39, 426.5019
130898,3.0808,0.003995,250.34, 426.5019
130899,3.0845,0.003539,282.56, 426.5022
130900,3.0879,0.003425,291.96, 426.5019
130901,3.0913,0.003538,282.66, 426.5019
130902,3.0950,0.003508,285.03, 426.5019
130903,3.0984,0.003464,288.72, 426.5019
130904,3.1018,0.003480,287.36, 426.5025
130905,3.1052,0.003476,287.67, 426.5025
130906,3.1086,0.003492,286.35, 426.5025
130907,3.1123,0.003428,291.71, 426.5019
130908,3.1157,0.003497,285.95, 426.5019
130909,3.1196,0.003836,260.70, 426.5020
130910,3.1230,0.003439,290.80, 426.5044
130911,3.1265,0.003506,285.25, 426.5019
130912,3.1299,0.003477,287.64, 426.5019
130913,3.1335,0.003658,273.41, 426.5019
130914,3.1372,0.003577,279.60, 426.5169
130915,3.1409,0.003618,276.43, 426.5019
130916,3.1443,0.003553,281.47, 426.5019
130917,3.1479,0.003581,279.23, 426.5019
130918,3.1516,0.003606,277.30, 426.5019
130919,3.1550,0.003447,290.12, 426.5019
130920,3.1584,0.003497,285.96, 426.5044
130921,3.1621,0.003543,282.21, 426.5019
130922,3.1655,0.003400,294.14, 426.5019
130923,3.1689,0.003620,276.22, 426.5025
130924,3.1726,0.003496,286.07, 426.5019
130925,3.1760,0.003487,286.75, 426.5019
130926,3.1794,0.003534,283.01, 426.5019
130927,3.1831,0.003596,278.12, 426.5019
130928,3.1868,0.003504,285.36, 426.5019
130929,3.1904,0.003685,271.36, 426.5019
130930,3.1938,0.003611,276.96, 426.5019
130931,3.1978,0.003687,271.25, 426.5019
130932,3.2012,0.003528,283.45, 426.5019
130933,3.2051,0.003787,264.04, 426.5019
130934,3.2085,0.003577,279.58, 426.5025
130935,3.2122,0.003526,283.61, 426.5025
130936,3.2156,0.003539,282.60, 426.5044
130937,3.2192,0.003552,281.50, 426.5019
130938,3.2229,0.003663,273.03, 426.5019
130939,3.2263,0.003544,282.16, 426.5019
130940,3.2300,0.003534,282.98, 426.5019
130941,3.2334,0.003606,277.35, 426.5019
130942,3.2371,0.003634,275.15, 426.5019
130943,3.2407,0.003533,283.05, 426.5019
130944,3.2441,0.003485,286.94, 426.5019
130945,3.2478,0.003658,273.34, 426.5019
130946,3.2512,0.003421,292.35, 426.5019
130947,3.2546,0.003443,290.48, 426.5019
130948,3.2583,0.003523,283.89, 426.5019
130949,3.2617,0.003576,279.67, 426.5019
130950,3.2654,0.003627,275.69, 426.5019
130951,3.2690,0.003684,271.45, 426.5019
130952,3.2734,0.004307,232.21, 426.5019
130953,3.2778,0.004359,229.42, 426.5173
130954,3.2817,0.004012,249.24, 426.5021
130955,3.2864,0.004581,218.28, 426.5290
130956,3.2905,0.004081,245.03, 426.5019
130957,3.2942,0.003681,271.68, 426.5019
130958,3.2979,0.003673,272.26, 426.5019
130959,3.3015,0.003663,273.02, 426.5044
130960,3.3054,0.003974,251.62, 426.5019
130961,3.3091,0.003743,267.14, 426.5019
130962,3.3127,0.003583,279.13, 426.5285
130963,3.3164,0.003589,278.60, 426.5025
130964,3.3198,0.003471,288.10, 426.5019
130965,3.3232,0.003449,289.96, 426.5019
130966,3.3269,0.003652,273.81, 426.5218
130967,3.3306,0.003580,279.37, 426.5019
130968,3.3340,0.003593,278.30, 426.5019
130969,3.3376,0.003603,277.58, 426.5019
130970,3.3411,0.003451,289.80, 426.5019
130971,3.3447,0.003486,286.85, 426.5022
130972,3.3481,0.003522,283.90, 426.5019
130973,3.3516,0.003482,287.23, 426.5285
130974,3.3550,0.003481,287.24, 426.5019
130975,3.3586,0.003575,279.76, 426.5019
130976,3.3623,0.003549,281.77, 426.5019
130977,3.3657,0.003469,288.25, 426.5019
130978,3.3694,0.003795,263.53, 426.5019
130979,3.3730,0.003443,290.43, 426.5019
130980,3.3765,0.003468,288.33, 426.5279
130981,3.3801,0.003760,265.96, 426.5019
130982,3.3838,0.003587,278.76, 426.5019
130983,3.3875,0.003603,277.52, 426.5019
130984,3.3909,0.003500,285.75, 426.5019
130985,3.3945,0.003572,279.97, 426.5019
130986,3.3979,0.003460,289.02, 426.5025
130987,3.4016,0.003814,262.17, 426.5019
130988,3.4053,0.003577,279.54, 426.5019
130989,3.4087,0.003494,286.25, 426.5025
130990,3.4124,0.003693,270.78, 426.5025
130991,3.4160,0.003602,277.61, 426.5025
130992,3.4197,0.003538,282.69, 426.5319
130993,3.4236,0.003920,255.13, 426.5019
130994,3.4272,0.003612,276.84, 426.5019
130995,3.4307,0.003608,277.18, 426.5025
130996,3.4343,0.003531,283.17, 426.5019
130997,3.4382,0.003878,257.86, 426.5020
130998,3.4419,0.003857,259.25, 426.5020
130999,3.4456,0.003518,284.25, 426.5019
131000,3.4492,0.003580,279.30, 426.5025
131001,3.4526,0.003533,283.04, 426.5019
131002,3.4563,0.003601,277.67, 426.5025
131003,3.4600,0.003689,271.08, 426.5025
131004,3.4634,0.003506,285.24, 426.5019
131005,3.4670,0.003558,281.03, 426.5019
131006,3.4705,0.003493,286.28, 426.5019
131007,3.4741,0.003546,281.98, 426.5019
131008,3.4775,0.003568,280.31, 426.5019
131009,3.4812,0.003632,275.33, 426.5019
131010,3.4849,0.003742,267.21, 426.5019
131011,3.4885,0.003678,271.87, 426.5019
131012,3.4924,0.003763,265.75, 426.5019
131013,3.4961,0.003744,267.07, 426.5025
131014,3.4998,0.003668,272.61, 426.5025
131015,3.5039,0.004047,247.08, 426.5020
131016,3.5076,0.003724,268.56, 426.5289
131017,3.5112,0.003627,275.72, 426.5020
131018,3.5149,0.003577,279.56, 426.5019
131019,3.5183,0.003492,286.34, 426.5019
131020,3.5220,0.003635,275.09, 426.5025
131021,3.5254,0.003505,285.28, 426.5019
131022,3.5291,0.003546,281.98, 426.5054
131023,3.5325,0.003582,279.17, 426.5019
131024,3.5361,0.003587,278.79, 426.5019
131025,3.5398,0.003616,276.53, 426.5019
131026,3.5432,0.003538,282.65, 426.5025
131027,3.5469,0.003621,276.17, 426.5025
131028,3.5505,0.003589,278.65, 426.5019
131029,3.5542,0.003584,278.99, 426.5019
131030,3.5576,0.003592,278.40, 426.5019
131031,3.5613,0.003542,282.33, 426.5019
131032,3.5649,0.003632,275.35, 426.5059
131033,3.5684,0.003545,282.12, 426.5044
131034,3.5720,0.003552,281.55, 426.5025
131035,3.5757,0.003637,274.99, 426.5025
131036,3.5791,0.003501,285.67, 426.5019
131037,3.5828,0.003677,271.95, 426.5019
131038,3.5864,0.003605,277.42, 426.5019
131039,3.5898,0.003585,278.96, 426.5019
131040,3.5935,0.003575,279.72, 426.5044
131041,3.5972,0.003576,279.61, 426.5019
131042,3.6008,0.003605,277.42, 426.5019
131043,3.6042,0.003553,281.46, 426.5019
131044,3.6079,0.003574,279.79, 426.5019
131045,3.6113,0.003594,278.27, 426.5019
131046,3.6150,0.003676,272.03, 426.5019
131047,3.6189,0.003674,272.21, 426.5019
131048,3.6223,0.003566,280.39, 426.5019
131049,3.6260,0.003595,278.20, 426.5019
131050,3.6296,0.003808,262.64, 426.5019
131051,3.6335,0.003682,271.58, 426.5290
131052,3.6372,0.003892,256.92, 426.5019
131053,3.6409,0.003575,279.75, 426.5254
131054,3.6450,0.004157,240.56, 426.5025
131055,3.6499,0.004792,208.66, 426.5019
131056,3.6538,0.004027,248.30, 426.5019
131057,3.6577,0.003752,266.54, 426.5019
131058,3.6614,0.003784,264.31, 426.5019
131059,3.6650,0.003561,280.84, 426.5019
131060,3.6687,0.003629,275.57, 426.5019
131061,3.6721,0.003612,276.89, 426.5019
131062,3.6758,0.003574,279.80, 426.5019
131063,3.6794,0.003674,272.21, 426.5019
131064,3.6831,0.003523,283.87, 426.5034
131065,3.6865,0.003574,279.78, 426.5044
131066,3.6904,0.003932,254.32, 426.5020
131067,3.6941,0.003492,286.41, 426.5019
131068,3.6975,0.003583,279.09, 426.5019
131069,3.7009,0.003477,287.60, 426.5019
131070,3.7046,0.003659,273.31, 426.5025
131071,3.7085,0.003688,271.16, 426.5019
131072,3.7119,0.003500,285.70, 426.5019
131073,3.7156,0.003617,276.49, 426.5019
131074,3.7190,0.003515,284.53, 426.5025
131075,3.7227,0.003615,276.66, 426.5019
131076,3.7266,0.003841,260.38, 426.5020
131077,3.7302,0.003760,265.94, 426.5020
131078,3.7336,0.003494,286.18, 426.5025
131079,3.7373,0.003501,285.65, 426.5019
131080,3.7407,0.003591,278.47, 426.5019
131081,3.7444,0.003486,286.85, 426.5019
131082,3.7478,0.003498,285.90, 426.5019
131083,3.7517,0.003865,258.75, 426.5020
131084,3.7551,0.003463,288.75, 426.5019
131085,3.7588,0.003557,281.15, 426.5019
131086,3.7622,0.003542,282.35, 426.5025
131087,3.7659,0.003549,281.74, 426.5019
131088,3.7693,0.003561,280.80, 426.5169
131089,3.7729,0.003596,278.11, 426.5025
131090,3.7764,0.003535,282.92, 426.5044
131091,3.7803,0.003725,268.47, 426.5020
131092,3.7837,0.003540,282.47, 426.5300
131093,3.7874,0.003647,274.20, 426.5019
131094,3.7908,0.003500,285.72, 426.5019
131095,3.7947,0.003773,265.06, 426.5019
131096,3.7983,0.003634,275.19, 426.5025
131097,3.8020,0.003613,276.82, 426.5019
131098,3.8054,0.003576,279.62, 426.5019
131099,3.8088,0.003466,288.54, 426.5022
131100,3.8125,0.003549,281.76, 426.5019
131101,3.8159,0.003413,293.00, 426.5294
131102,3.8193,0.003517,284.37, 426.5025
131103,3.8230,0.003489,286.60, 426.5019
131104,3.8264,0.003588,278.72, 426.5019
131105,3.8301,0.003517,284.37, 426.5019
131106,3.8335,0.003496,286.07, 426.5019
131107,3.8372,0.003583,279.11, 426.5019
131108,3.8406,0.003476,287.72, 426.5019
131109,3.8440,0.003532,283.10, 426.5019
131110,3.8477,0.003475,287.75, 426.5025
131111,3.8511,0.003538,282.69, 426.5022
131112,3.8547,0.003583,279.10, 426.5019
131113,3.8582,0.003533,283.07, 426.5019
131114,3.8618,0.003647,274.18, 426.5019
131115,3.8655,0.003533,283.05, 426.5025
131116,3.8689,0.003591,278.44, 426.5019
131117,3.8726,0.003590,278.53, 426.5019
131118,3.8760,0.003481,287.25, 426.5019
131119,3.8796,0.003592,278.37, 426.5022
131120,3.8831,0.003407,293.53, 426.5025
131121,3.8867,0.003534,282.99, 426.5019
131122,3.8901,0.003590,278.54, 426.5019
131123,3.8938,0.003500,285.75, 426.5022
131124,3.8972,0.003536,282.80, 426.5019
131125,3.9006,0.003508,285.10, 426.5019
131126,3.9043,0.003579,279.43, 426.5019
131127,3.9077,0.003474,287.84, 426.5019
131128,3.9114,0.003612,276.87, 426.5019
131129,3.9150,0.003508,285.06, 426.5025
131130,3.9185,0.003587,278.82, 426.5019
131131,3.9221,0.003543,282.24, 426.5044
131132,3.9255,0.003429,291.66, 426.5019
131133,3.9290,0.003554,281.35, 426.5019
131134,3.9326,0.003591,278.48, 426.5019
131135,3.9363,0.003565,280.50, 426.5019
131136,3.9397,0.003576,279.66, 426.5019
131137,3.9436,0.003858,259.20, 426.5020
131138,3.9473,0.003734,267.78, 426.5022
131139,3.9509,0.003486,286.87, 426.5019
131140,3.9543,0.003608,277.19, 426.5025
131141,3.9580,0.003577,279.56, 426.5019
131142,3.9614,0.003519,284.15, 426.5019
131143,3.9651,0.003585,278.96, 426.5019
131144,3.9685,0.003466,288.55, 426.5019
131145,3.9722,0.003496,286.06, 426.5025
131146,3.9756,0.003516,284.43, 426.5025
131147,3.9790,0.003504,285.41, 426.5022
131148,3.9827,0.003571,280.00, 426.5019
131149,3.9866,0.003806,262.72, 426.5020
131150,3.9902,0.003774,265.01, 426.5020
131151,3.9939,0.003567,280.33, 426.5019
131152,3.9973,0.003504,285.38, 426.5022
131153,4.0007,0.003480,287.34, 426.5019
131154,4.0042,0.003458,289.15, 426.5310
131155,4.0078,0.003535,282.89, 426.5019
131156,4.0112,0.003532,283.09, 426.5019
131157,4.0149,0.003545,282.07, 426.5022
131158,4.0186,0.003568,280.25, 426.5044
131159,4.0220,0.003639,274.83, 426.5019
131160,4.0256,0.003572,279.99, 426.5019
131161,4.0293,0.003527,283.49, 426.5019
131162,4.0327,0.003574,279.84, 426.5019
131163,4.0366,0.003885,257.39, 426.5172
131164,4.0405,0.003813,262.23, 426.5019
131165,4.0439,0.003560,280.87, 426.5019
131166,4.0474,0.003458,289.22, 426.5019
131167,4.0510,0.003618,276.39, 426.5025
131168,4.0547,0.003646,274.26, 426.5019
131169,4.0581,0.003452,289.66, 426.5025
131170,4.0618,0.003562,280.75, 426.5285
131171,4.0652,0.003507,285.15, 426.5019
131172,4.0688,0.003595,278.14, 426.5019
131173,4.0725,0.003550,281.73, 426.5019
131174,4.0759,0.003537,282.77, 426.5019
131175,4.0796,0.003546,282.02, 426.5019
131176,4.0830,0.003556,281.24, 426.5019
131177,4.0867,0.003652,273.82, 426.5019
131178,4.0901,0.003498,285.89, 426.5019
131179,4.0938,0.003639,274.77, 426.5019
131180,4.0974,0.003619,276.36, 426.5093
131181,4.1011,0.003509,284.96, 426.5093
131182,4.1045,0.003621,276.20, 426.5019
131183,4.1082,0.003488,286.66, 426.5019
131184,4.1116,0.003571,280.03, 426.5025
131185,4.1152,0.003604,277.48, 426.5019
131186,4.1189,0.003536,282.83, 426.5025
131187,4.1223,0.003534,283.01, 426.5019
131188,4.1257,0.003517,284.33, 426.5019
131189,4.1294,0.003558,281.03, 426.5044
131190,4.1328,0.003517,284.33, 426.5019
131191,4.1365,0.003637,274.99, 426.5019
131192,4.1401,0.003486,286.90, 426.5294
131193,4.1436,0.003544,282.19, 426.5019
131194,4.1472,0.003591,278.44, 426.5019
131195,4.1506,0.003534,282.95, 426.5019
131196,4.1543,0.003627,275.74, 426.5019
131197,4.1580,0.003599,277.84, 426.5152
131198,4.1616,0.003632,275.36, 426.5019
131199,4.1653,0.003815,262.12, 426.5020
131200,4.1689,0.003469,288.23, 426.5019
131201,4.1724,0.003538,282.67, 426.5019
131202,4.1760,0.003591,278.48, 426.5019
131203,4.1794,0.003547,281.94, 426.5019
131204,4.1831,0.003617,276.46, 426.5019
131205,4.1868,0.003751,266.59, 426.5020
131206,4.1904,0.003614,276.67, 426.5019
131207,4.1941,0.003487,286.82, 426.5025
131208,4.1975,0.003577,279.56, 426.5019
131209,4.2012,0.003612,276.82, 426.5025
131210,4.2046,0.003508,285.03, 426.5019
131211,4.2085,0.003875,258.04, 426.5019
131212,4.2126,0.004084,244.88, 426.5019
131213,4.2163,0.003554,281.36, 426.5019
131214,4.2200,0.003721,268.77, 426.5019
131215,4.2236,0.003624,275.97, 426.5019
131216,4.2271,0.003602,277.65, 426.5019
131217,4.2310,0.003750,266.65, 426.5019
131218,4.2346,0.003767,265.50, 426.5019
131219,4.2385,0.003786,264.14, 426.5044
131220,4.2422,0.003801,263.07, 426.5019
131221,4.2463,0.004183,239.07, 426.5019
131222,4.2502,0.003712,269.38, 426.5019
131223,4.2537,0.003594,278.23, 426.5019
131224,4.2573,0.003667,272.67, 426.5019
131225,4.2610,0.003628,275.66, 426.5019
131226,4.2646,0.003624,275.92, 426.5019
131227,4.2683,0.003639,274.77, 426.5025
131228,4.2720,0.003564,280.62, 426.5019
131229,4.2756,0.003778,264.71, 426.5019
131230,4.2793,0.003768,265.42, 426.5019
131231,4.2830,0.003589,278.67, 426.5019
131232,4.2866,0.003663,273.01, 426.5019
131233,4.2905,0.003870,258.37, 426.5020
131234,4.2942,0.003541,282.41, 426.5019
131235,4.2976,0.003586,278.89, 426.5019
131236,4.3013,0.003720,268.82, 426.5019
131237,4.3049,0.003630,275.52, 426.5019
131238,4.3086,0.003526,283.62, 426.5019
131239,4.3120,0.003553,281.42, 426.5025
131240,4.3159,0.003743,267.19, 426.5019
131241,4.3193,0.003616,276.52, 426.5019
131242,4.3230,0.003618,276.38, 426.5044
131243,4.3269,0.003794,263.55, 426.5020
131244,4.3303,0.003529,283.39, 426.5019
131245,4.3340,0.003611,276.97, 426.5025
131246,4.3376,0.003581,279.25, 426.5025
131247,4.3411,0.003604,277.45, 426.5025
131248,4.3447,0.003560,280.88, 426.5019
131249,4.3484,0.003576,279.67, 426.5019
131250,4.3518,0.003495,286.12, 426.5019
131251,4.3555,0.003591,278.44, 426.5019
131252,4.3589,0.003534,283.00, 426.5044
131253,4.3625,0.003505,285.35, 426.5019
131254,4.3660,0.003545,282.06, 426.5025
131255,4.3694,0.003503,285.51, 426.5019
131256,4.3730,0.003589,278.61, 426.5019
131257,4.3770,0.003844,260.13, 426.5020
131258,4.3804,0.003503,285.49, 426.5025
131259,4.3840,0.003529,283.38, 426.5019
131260,4.3875,0.003492,286.34, 426.5019
131261,4.3909,0.003539,282.53, 426.5019
131262,4.3945,0.003522,283.95, 426.5019
131263,4.3979,0.003550,281.72, 426.5025
131264,4.4019,0.003689,271.05, 426.5280
131265,4.4053,0.003411,293.19, 426.5274
131266,4.4089,0.003697,270.47, 426.5019
131267,4.4124,0.003548,281.84, 426.5079
131268,4.4160,0.003518,284.27, 426.5019
131269,4.4199,0.003969,251.93, 426.5019
131270,4.4236,0.003600,277.79, 426.5019
131271,4.4270,0.003591,278.49, 426.5025
131272,4.4307,0.003624,275.93, 426.5019
131273,4.4343,0.003565,280.54, 426.5019
131274,4.4377,0.003591,278.48, 426.5022
131275,4.4417,0.003706,269.85, 426.5025
131276,4.4453,0.003664,272.91, 426.5019
131277,4.4487,0.003505,285.35, 426.5019
131278,4.4526,0.003848,259.86, 426.5025
131279,4.4561,0.003580,279.35, 426.5019
131280,4.4597,0.003525,283.73, 426.5019
131281,4.4631,0.003542,282.36, 426.5019
131282,4.4666,0.003438,290.88, 426.5025
131283,4.4705,0.003728,268.25, 426.5019
131284,4.4741,0.003812,262.35, 426.5019
131285,4.4778,0.003546,282.01, 426.5019
131286,4.4814,0.003577,279.56, 426.5044
131287,4.4849,0.003485,286.93, 426.5019
131288,4.4883,0.003581,279.29, 426.5019
131289,4.4919,0.003504,285.36, 426.5019
131290,4.4954,0.003552,281.55, 426.5025
131291,4.4993,0.003773,265.08, 426.5019
131292,4.5029,0.003741,267.31, 426.5019
131293,4.5066,0.003568,280.28, 426.5022
131294,4.5100,0.003479,287.41, 426.5019
131295,4.5134,0.003489,286.66, 426.5044
131296,4.5171,0.003582,279.18, 426.5019
131297,4.5205,0.003497,286.00, 426.5019
131298,4.5242,0.003592,278.41, 426.5019
131299,4.5276,0.003504,285.41, 426.5019
131300,4.5313,0.003539,282.57, 426.5019
131301,4.5349,0.003776,264.80, 426.5019
131302,4.5386,0.003637,274.97, 426.5019
131303,4.5427,0.004013,249.18, 426.5021
131304,4.5464,0.003671,272.39, 426.5019
131305,4.5500,0.003642,274.59, 426.5020
131306,4.5535,0.003593,278.30, 426.5049
131307,4.5571,0.003528,283.49, 426.5305
131308,4.5610,0.004029,248.20, 426.5019
131309,4.5647,0.003625,275.85, 426.5019
131310,4.5684,0.003629,275.57, 426.5025
131311,4.5720,0.003670,272.46, 426.5019
131312,4.5754,0.003519,284.17, 426.5019
131313,4.5796,0.003943,253.59, 426.5020
131314,4.5830,0.003616,276.59, 426.5019
131315,4.5867,0.003567,280.39, 426.5025
131316,4.5906,0.003921,255.03, 426.5019
131317,4.5945,0.003854,259.46, 426.5019
131318,4.5981,0.003649,274.08, 426.5019
131319,4.6018,0.003631,275.41, 426.5019
131320,4.6052,0.003582,279.21, 426.5025
131321,4.6089,0.003700,270.26, 426.5019
131322,4.6125,0.003592,278.41, 426.5068
131323,4.6162,0.003661,273.16, 426.5019
131324,4.6199,0.003630,275.52, 426.5059
131325,4.6235,0.003618,276.37, 426.5019
131326,4.6274,0.003896,256.67, 426.5044
131327,4.6313,0.003832,260.99, 426.5174
131328,4.6360,0.004633,215.86, 426.5019
131329,4.6401,0.004254,235.08, 426.5020
131330,4.6450,0.004786,208.95, 426.5020
131331,4.6538,0.008986,111.29, 426.5285
131332,4.6582,0.004432,225.63, 426.5168
131333,4.6633,0.005067,197.35, 426.5183
131334,4.6675,0.004126,242.37, 426.5294
131335,4.6719,0.004263,234.55, 426.5019
131336,4.6755,0.003706,269.83, 426.5019
131337,4.6790,0.003516,284.41, 426.5049
131338,4.6826,0.003671,272.38, 426.5019
131339,4.6863,0.003530,283.28, 426.5019
131340,4.6899,0.003647,274.24, 426.5044
131341,4.6936,0.003848,259.90, 426.5019
131342,4.6975,0.003733,267.90, 426.5019
131343,4.7009,0.003585,278.95, 426.5025
131344,4.7046,0.003607,277.26, 426.5019
131345,4.7080,0.003494,286.17, 426.5019
131346,4.7117,0.003640,274.72, 426.5019
131347,4.7153,0.003502,285.53, 426.5019
131348,4.7188,0.003557,281.10, 426.5019
131349,4.7222,0.003459,289.07, 426.5294
131350,4.7258,0.003559,281.00, 426.5025
131351,4.7295,0.003593,278.33, 426.5019
131352,4.7329,0.003520,284.10, 426.5019
131353,4.7366,0.003625,275.86, 426.5019
131354,4.7402,0.003542,282.33, 426.5019
131355,4.7439,0.003851,259.65, 426.5019
131356,4.7478,0.003802,263.04, 426.5019
131357,4.7512,0.003540,282.48, 426.5019
131358,4.7549,0.003610,276.99, 426.5019
131359,4.7583,0.003503,285.49, 426.5019
131360,4.7620,0.003569,280.21, 426.5025
131361,4.7656,0.003521,283.98, 426.5019
131362,4.7695,0.003944,253.58, 426.5019
131363,4.7732,0.003752,266.51, 426.5025
131364,4.7769,0.003747,266.89, 426.5019
131365,4.7805,0.003619,276.35, 426.5019
131366,4.7842,0.003699,270.37, 426.5019
131367,4.7881,0.003872,258.25, 426.5020
131368,4.7917,0.003570,280.08, 426.5019
131369,4.7952,0.003506,285.22, 426.5025
131370,4.7988,0.003673,272.27, 426.5019
131371,4.8027,0.003753,266.45, 426.5167
131372,4.8062,0.003588,278.69, 426.5019
131373,4.8098,0.003617,276.46, 426.5019
131374,4.8135,0.003567,280.38, 426.5019
131375,4.8171,0.003615,276.62, 426.5025
131376,4.8208,0.003650,274.01, 426.5019
131377,4.8242,0.003550,281.71, 426.5019
131378,4.8279,0.003573,279.88, 426.5019
131379,4.8313,0.003541,282.38, 426.5025
131380,4.8350,0.003611,276.95, 426.5019
131381,4.8386,0.003600,277.82, 426.5019
131382,4.8420,0.003528,283.42, 426.5019
131383,4.8457,0.003557,281.14, 426.5019
131384,4.8491,0.003565,280.54, 426.5019
131385,4.8528,0.003555,281.29, 426.5019
131386,4.8562,0.003497,286.00, 426.5019
131387,4.8599,0.003525,283.73, 426.5025
131388,4.8633,0.003578,279.52, 426.5019
131389,4.8669,0.003489,286.66, 426.5025
131390,4.8706,0.003756,266.28, 426.5026
131391,4.8740,0.003443,290.47, 426.5019
131392,4.8777,0.003562,280.72, 426.5019
131393,4.8811,0.003534,283.01, 426.5019
131394,4.8848,0.003514,284.57, 426.5019
131395,4.8882,0.003520,284.06, 426.5019
131396,4.8916,0.003473,287.98, 426.5019
131397,4.8953,0.003545,282.13, 426.5019
131398,4.8987,0.003451,289.75, 426.5025
131399,4.9021,0.003560,280.94, 426.5025
131400,4.9058,0.003550,281.71, 426.5019
131401,4.9092,0.003503,285.49, 426.5019
131402,4.9128,0.003593,278.34, 426.5025
131403,4.9165,0.003674,272.20, 426.5025
131404,4.9202,0.003552,281.56, 426.5019
131405,4.9236,0.003527,283.54, 426.5168
131406,4.9272,0.003595,278.15, 426.5019
131407,4.9307,0.003553,281.43, 426.5019
131408,4.9341,0.003434,291.23, 426.5019
131409,4.9377,0.003584,279.04, 426.5019
131410,4.9412,0.003467,288.42, 426.5019
131411,4.9448,0.003521,284.04, 426.5019
131412,4.9482,0.003575,279.74, 426.5019
131413,4.9519,0.003541,282.44, 426.5019
131414,4.9553,0.003530,283.32, 426.5019
131415,4.9587,0.003420,292.37, 426.5302
131416,4.9626,0.003774,265.00, 426.5019
131417,4.9661,0.003542,282.33, 426.5019
131418,4.9697,0.003668,272.64, 426.5019
131419,4.9734,0.003664,272.91, 426.5019
131420,4.9771,0.003589,278.65, 426.5025
131421,4.9810,0.003902,256.29, 426.5020
131422,4.9844,0.003503,285.45, 426.5294
131423,4.9880,0.003467,288.45, 426.5098
131424,4.9915,0.003589,278.62, 426.5025
131425,4.9949,0.003442,290.50, 426.5022
131426,4.9985,0.003573,279.89, 426.5019
131427,5.0020,0.003464,288.66, 426.5025
131428,5.0056,0.003550,281.71, 426.5034
131429,5.0090,0.003502,285.58, 426.5088
131430,5.0125,0.003518,284.23, 426.5019
131431,5.0161,0.003642,274.59, 426.5019
131432,5.0195,0.003443,290.48, 426.5019
131433,5.0232,0.003562,280.73, 426.5019
131434,5.0266,0.003509,284.99, 426.5025
131435,5.0300,0.003427,291.80, 426.5274
131436,5.0337,0.003551,281.59, 426.5019
131437,5.0371,0.003529,283.40, 426.5019
131438,5.0408,0.003543,282.22, 426.5019
131439,5.0442,0.003511,284.81, 426.5019
131440,5.0479,0.003520,284.09, 426.5019
131441,5.0513,0.003561,280.84, 426.5019
131442,5.0549,0.003503,285.49, 426.5019
131443,5.0584,0.003560,280.88, 426.5019
131444,5.0618,0.003450,289.83, 426.5025
131445,5.0654,0.003565,280.48, 426.5019
131446,5.0688,0.003487,286.75, 426.5019
131447,5.0725,0.003544,282.16, 426.5025
131448,5.0759,0.003569,280.20, 426.5019
131449,5.0796,0.003483,287.08, 426.5019
131450,5.0830,0.003514,284.57, 426.5019
131451,5.0867,0.003622,276.11, 426.5022
131452,5.0903,0.003556,281.18, 426.5019
131453,5.0938,0.003575,279.70, 426.5019
131454,5.0974,0.003533,283.04, 426.5019
131455,5.1008,0.003619,276.35, 426.5019
131456,5.1047,0.003743,267.19, 426.5020
131457,5.1082,0.003522,283.91, 426.5019
131458,5.1118,0.003493,286.28, 426.5019
131459,5.1152,0.003626,275.79, 426.5022
131460,5.1189,0.003541,282.41, 426.5167
131461,5.1223,0.003537,282.77, 426.5019
131462,5.1262,0.003839,260.50, 426.5020
131463,5.1296,0.003478,287.54, 426.5019
131464,5.1333,0.003635,275.12, 426.5019
131465,5.1370,0.003701,270.23, 426.5019
131466,5.1409,0.003832,260.98, 426.5019
131467,5.1448,0.003876,257.98, 426.5020
131468,5.1482,0.003534,282.98, 426.5019
131469,5.1519,0.003493,286.26, 426.5025
131470,5.1553,0.003526,283.65, 426.5025
131471,5.1587,0.003486,286.85, 426.5025
131472,5.1624,0.003564,280.58, 426.5019
131473,5.1658,0.003411,293.15, 426.5019
131474,5.1694,0.003563,280.69, 426.5019
131475,5.1729,0.003579,279.38, 426.5019
131476,5.1763,0.003454,289.55, 426.5044
131477,5.1799,0.003626,275.80, 426.5019
131478,5.1836,0.003558,281.10, 426.5019
131479,5.1870,0.003562,280.76, 426.5025
131480,5.1907,0.003496,286.02, 426.5019
131481,5.1941,0.003555,281.28, 426.5019
131482,5.1978,0.003541,282.37, 426.5019
131483,5.2012,0.003479,287.41, 426.5019
131484,5.2048,0.003586,278.90, 426.5019
131485,5.2083,0.003501,285.62, 426.5019
131486,5.2117,0.003492,286.35, 426.5025
131487,5.2153,0.003522,283.93, 426.5019
131488,5.2188,0.003492,286.38, 426.5019
131489,5.2224,0.003525,283.70, 426.5019
131490,5.2258,0.003513,284.67, 426.5019
131491,5.2302,0.004321,231.43, 426.5020
131492,5.2344,0.004258,234.88, 426.5019
131493,5.2378,0.003482,287.22, 426.5020
131494,5.2415,0.003531,283.22, 426.5019
131495,5.2449,0.003491,286.48, 426.5019
131496,5.2485,0.003573,279.85, 426.5044
131497,5.2522,0.003811,262.42, 426.5019
131498,5.2563,0.003938,253.95, 426.5023
131499,5.2598,0.003499,285.83, 426.5281
131500,5.2632,0.003485,286.98, 426.5019
131501,5.2668,0.003531,283.19, 426.5019
131502,5.2703,0.003552,281.50, 426.5025
131503,5.2737,0.003461,288.97, 426.5025
131504,5.2773,0.003473,287.96, 426.5269
131505,5.2810,0.003745,267.01, 426.5020
131506,5.2844,0.003509,284.97, 426.5019
131507,5.2881,0.003531,283.17, 426.5019
131508,5.2915,0.003532,283.10, 426.5025
131509,5.2952,0.003573,279.87, 426.5019
131510,5.2986,0.003540,282.52, 426.5025
131511,5.3022,0.003557,281.14, 426.5019
131512,5.3059,0.003634,275.18, 426.5019
131513,5.3093,0.003588,278.74, 426.5019
131514,5.3130,0.003623,276.00, 426.5019
131515,5.3164,0.003455,289.45, 426.5310
131516,5.3203,0.003693,270.81, 426.5019
131517,5.3237,0.003455,289.47, 426.5237
131518,5.3271,0.003595,278.15, 426.5019
131519,5.3311,0.003686,271.33, 426.5019
131520,5.3345,0.003601,277.73, 426.5019
131521,5.3381,0.003595,278.20, 426.5019
131522,5.3416,0.003527,283.54, 426.5019
131523,5.3452,0.003598,277.97, 426.5025
131524,5.3491,0.003802,263.03, 426.5025
131525,5.3530,0.003859,259.12, 426.5019
131526,5.3567,0.003649,274.02, 426.5019
131527,5.3601,0.003590,278.57, 426.5163
131528,5.3638,0.003613,276.81, 426.5019
131529,5.3674,0.003661,273.13, 426.5107
131530,5.3711,0.003570,280.13, 426.5019
131531,5.3745,0.003576,279.66, 426.5019
131532,5.3782,0.003524,283.78, 426.5019
131533,5.3816,0.003553,281.42, 426.5019
131534,5.3853,0.003523,283.86, 426.5019
131535,5.3887,0.003544,282.18, 426.5019
131536,5.3921,0.003486,286.89, 426.5019
131537,5.3958,0.003451,289.80, 426.5019
131538,5.3994,0.003754,266.41, 426.5093
131539,5.4031,0.003572,279.92, 426.5019
131540,5.4065,0.003541,282.41, 426.5019
131541,5.4102,0.003568,280.30, 426.5019
131542,5.4136,0.003537,282.75, 426.5019
131543,5.4172,0.003692,270.89, 426.5019
131544,5.4209,0.003675,272.15, 426.5019
131545,5.4246,0.003531,283.20, 426.5019
131546,5.4280,0.003509,285.01, 426.5025
131547,5.4319,0.003750,266.69, 426.5019
131548,5.4355,0.003700,270.24, 426.5019
131549,5.4390,0.003560,280.88, 426.5019
131550,5.4426,0.003545,282.11, 426.5019
131551,5.4465,0.003844,260.15, 426.5019
131552,5.4500,0.003567,280.34, 426.5019
131553,5.4536,0.003641,274.64, 426.5019
131554,5.4570,0.003482,287.22, 426.5025
131555,5.4607,0.003513,284.64, 426.5167
131556,5.4641,0.003559,280.97, 426.5019
131557,5.4680,0.003790,263.87, 426.5020
131558,5.4717,0.003580,279.35, 426.5019
131559,5.4751,0.003503,285.49, 426.5025
131560,5.4788,0.003644,274.42, 426.5019
131561,5.4822,0.003569,280.19, 426.5019
131562,5.4858,0.003543,282.26, 426.5019
131563,5.4893,0.003541,282.41, 426.5019
131564,5.4929,0.003517,284.33, 426.5019
131565,5.4966,0.003579,279.45, 426.5019
131566,5.5000,0.003460,288.98, 426.5229
131567,5.5034,0.003526,283.61, 426.5025
131568,5.5071,0.003596,278.09, 426.5019
131569,5.5110,0.003853,259.57, 426.5019
131570,5.5146,0.003646,274.27, 426.5025
131571,5.5181,0.003509,284.99, 426.5025
131572,5.5217,0.003570,280.14, 426.5025
131573,5.5251,0.003510,284.92, 426.5019
131574,5.5286,0.003495,286.12, 426.5019
131575,5.5322,0.003523,283.87, 426.5019
131576,5.5356,0.003513,284.67, 426.5019
131577,5.5393,0.003581,279.24, 426.5019
131578,5.5427,0.003506,285.21, 426.5025
131579,5.5464,0.003535,282.91, 426.5019
131580,5.5498,0.003628,275.65, 426.5025
131581,5.5535,0.003507,285.14, 426.5167
131582,5.5569,0.003533,283.07, 426.5025
131583,5.5603,0.003457,289.31, 426.5025
131584,5.5640,0.003513,284.64, 426.5019
131585,5.5676,0.003593,278.35, 426.5019
131586,5.5710,0.003532,283.16, 426.5019
131587,5.5745,0.003470,288.16, 426.5019
131588,5.5779,0.003386,295.34, 426.5019
131589,5.5813,0.003469,288.29, 426.5019
131590,5.5847,0.003417,292.67, 426.5019
131591,5.5884,0.003499,285.83, 426.5025
131592,5.5918,0.003484,287.07, 426.5019
131593,5.5952,0.003420,292.36, 426.5025
131594,5.5986,0.003487,286.81, 426.5019
131595,5.6021,0.003471,288.09, 426.5025
131596,5.6057,0.003524,283.74, 426.5019
131597,5.6091,0.003428,291.75, 426.5025
131598,5.6125,0.003557,281.10, 426.5019
131599,5.6162,0.003475,287.79, 426.5019
131600,5.6196,0.003537,282.75, 426.5019
131601,5.6233,0.003532,283.13, 426.5025
131602,5.6267,0.003460,289.02, 426.5019
131603,5.6304,0.003654,273.68, 426.5025
131604,5.6338,0.003578,279.51, 426.5025
131605,5.6375,0.003639,274.82, 426.5019
131606,5.6411,0.003546,282.02, 426.5174
131607,5.6448,0.003812,262.32, 426.5020
131608,5.6484,0.003600,277.79, 426.5019
131609,5.6523,0.003839,260.51, 426.5019
131610,5.6565,0.004123,242.52, 426.5020
131611,5.6602,0.003741,267.32, 426.5025
131612,5.6638,0.003697,270.50, 426.5019
131613,5.6682,0.004381,228.27, 426.5019
131614,5.6726,0.004259,234.82, 426.5025
131615,5.6763,0.003862,258.97, 426.5020
131616,5.6807,0.004300,232.54, 426.5026
131617,5.6846,0.003770,265.27, 426.5019
131618,5.6880,0.003622,276.10, 426.5019
131619,5.6917,0.003669,272.56, 426.5019
131620,5.6953,0.003461,288.90, 426.5019
131621,5.6987,0.003575,279.72, 426.5044
131622,5.7024,0.003563,280.65, 426.5025
131623,5.7058,0.003517,284.32, 426.5063
131624,5.7095,0.003560,280.89, 426.5019
131625,5.7129,0.003522,283.94, 426.5019
131626,5.7166,0.003625,275.90, 426.5019
131627,5.7202,0.003536,282.82, 426.5019
131628,5.7236,0.003532,283.10, 426.5019
131629,5.7273,0.003558,281.05, 426.5019
131630,5.7307,0.003465,288.61, 426.5162
131631,5.7341,0.003581,279.27, 426.5019
131632,5.7378,0.003448,290.01, 426.5198
131633,5.7412,0.003527,283.49, 426.5019
131634,5.7449,0.003574,279.77, 426.5019
131635,5.7488,0.003926,254.73, 426.5019
131636,5.7522,0.003577,279.57, 426.5022
131637,5.7559,0.003535,282.91, 426.5019
131638,5.7593,0.003513,284.67, 426.5019
131639,5.7629,0.003520,284.11, 426.5019
131640,5.7664,0.003504,285.43, 426.5019
131641,5.7698,0.003484,287.01, 426.5103
131642,5.7734,0.003500,285.74, 426.5083
131643,5.7769,0.003595,278.14, 426.5019
131644,5.7805,0.003623,275.98, 426.5019
131645,5.7842,0.003536,282.78, 426.5019
131646,5.7876,0.003580,279.33, 426.5019
131647,5.7913,0.003587,278.78, 426.5019
131648,5.7952,0.003771,265.15, 426.5025
131649,5.7986,0.003623,276.04, 426.5019
131650,5.8022,0.003593,278.35, 426.5019
131651,5.8059,0.003617,276.46, 426.5019
131652,5.8096,0.003728,268.24, 426.5019
131653,5.8132,0.003606,277.29, 426.5019
131654,5.8169,0.003578,279.46, 426.5019
131655,5.8206,0.003670,272.49, 426.5019
131656,5.8240,0.003630,275.51, 426.5019
131657,5.8276,0.003518,284.24, 426.5019
131658,5.8313,0.003595,278.14, 426.5019
131659,5.8347,0.003580,279.33, 426.5019
131660,5.8384,0.003652,273.80, 426.5019
131661,5.8423,0.003745,267.06, 426.5019
131662,5.8459,0.003786,264.11, 426.5019
131663,5.8499,0.003865,258.75, 426.5019
131664,5.8538,0.003945,253.47, 426.5019
131665,5.8579,0.004098,244.00, 426.5019
131666,5.8616,0.003808,262.62, 426.5020
131667,5.8652,0.003508,285.04, 426.5019
131668,5.8687,0.003522,283.91, 426.5019
131669,5.8726,0.003758,266.12, 426.5019
131670,5.8760,0.003395,294.58, 426.5019
131671,5.8794,0.003480,287.33, 426.5019
131672,5.8828,0.003386,295.31, 426.5019
131673,5.8862,0.003431,291.49, 426.5019
131674,5.8896,0.003383,295.61, 426.5019
131675,5.8928,0.003385,295.46, 426.5019
131676,5.8965,0.003493,286.33, 426.5019
131677,5.8999,0.003369,296.85, 426.5025
131678,5.9033,0.003445,290.29, 426.5019
131679,5.9065,0.003375,296.34, 426.5025
131680,5.9099,0.003400,294.13, 426.5022
131681,5.9133,0.003413,292.99, 426.5019
131682,5.9172,0.003725,268.49, 426.5019
131683,5.9209,0.003638,274.85, 426.5044
131684,5.9243,0.003473,287.97, 426.5019
131685,5.9277,0.003410,293.26, 426.5019
131686,5.9312,0.003360,297.60, 426.5019
131687,5.9346,0.003461,288.90, 426.5019
131688,5.9380,0.003421,292.30, 426.5019
131689,5.9414,0.003437,290.94, 426.5025
131690,5.9448,0.003409,293.36, 426.5019
131691,5.9482,0.003456,289.32, 426.5019
131692,5.9519,0.003677,271.95, 426.5019
131693,5.9553,0.003383,295.56, 426.5068
131694,5.9587,0.003475,287.74, 426.5019
131695,5.9622,0.003398,294.31, 426.5019
131696,5.9656,0.003433,291.27, 426.5019
131697,5.9690,0.003451,289.77, 426.5019
131698,5.9724,0.003455,289.46, 426.5025
131699,5.9758,0.003398,294.31, 426.5019
131700,5.9792,0.003447,290.07, 426.5019
131701,5.9827,0.003429,291.66, 426.5019
131702,5.9861,0.003337,299.68, 426.5025
131703,5.9895,0.003434,291.22, 426.5019
131704,5.9932,0.003539,282.58, 426.5025
131705,5.9966,0.003538,282.68, 426.5019
131706,6.0002,0.003621,276.20, 426.5025
131707,6.0037,0.003421,292.30, 426.5019
131708,6.0071,0.003387,295.29, 426.5019
131709,6.0105,0.003364,297.31, 426.5019
131710,6.0139,0.003452,289.67, 426.5025
131711,6.0176,0.003737,267.57, 426.5020
131712,6.0210,0.003404,293.75, 426.5025
131713,6.0244,0.003456,289.36, 426.5019
131714,6.0278,0.003361,297.51, 426.5022
131715,6.0313,0.003400,294.12, 426.5019
131716,6.0347,0.003391,294.89, 426.5019
131717,6.0381,0.003493,286.25, 426.5019
131718,6.0415,0.003359,297.68, 426.5310
131719,6.0449,0.003471,288.14, 426.5019
131720,6.0483,0.003425,291.98, 426.5019
131721,6.0518,0.003405,293.65, 426.5019
131722,6.0552,0.003396,294.51, 426.5025
131723,6.0586,0.003429,291.66, 426.5019
131724,6.0620,0.003441,290.60, 426.5025
131725,6.0654,0.003365,297.18, 426.5019
131726,6.0688,0.003430,291.54, 426.5019
131727,6.0723,0.003498,285.89, 426.5019
131728,6.0757,0.003440,290.71, 426.5025
131729,6.0791,0.003414,292.94, 426.5019
131730,6.0825,0.003357,297.85, 426.5019
131731,6.0859,0.003424,292.10, 426.5019
131732,6.0894,0.003383,295.63, 426.5019
131733,6.0928,0.003499,285.77, 426.5019
131734,6.0962,0.003359,297.69, 426.5019
131735,6.0996,0.003393,294.72, 426.5019
131736,6.1030,0.003480,287.33, 426.5025
131737,6.1064,0.003430,291.56, 426.5019
131738,6.1099,0.003384,295.52, 426.5019
131739,6.1133,0.003370,296.76, 426.5019
131740,6.1167,0.003421,292.35, 426.5019
131741,6.1201,0.003402,293.94, 426.5019
131742,6.1235,0.003495,286.11, 426.5019
131743,6.1270,0.003436,291.00, 426.5088
131744,6.1304,0.003384,295.47, 426.5019
131745,6.1338,0.003468,288.36, 426.5019
131746,6.1372,0.003470,288.18, 426.5019
131747,6.1409,0.003459,289.13, 426.5019
131748,6.1443,0.003410,293.27, 426.5022
131749,6.1477,0.003423,292.12, 426.5019
131750,6.1511,0.003389,295.04, 426.5019
131751,6.1545,0.003498,285.90, 426.5019
131752,6.1580,0.003371,296.62, 426.5022
131753,6.1614,0.003385,295.46, 426.5019
131754,6.1646,0.003408,293.39, 426.5019
131755,6.1680,0.003367,297.04, 426.5019
131756,6.1714,0.003420,292.41, 426.5019
131757,6.1748,0.003347,298.75, 426.5025
131758,6.1782,0.003401,294.03, 426.5019
131759,6.1816,0.003426,291.88, 426.5213
131760,6.1851,0.003423,292.11, 426.5019
131761,6.1885,0.003423,292.12, 426.5019
131762,6.1919,0.003395,294.58, 426.5019
131763,6.1953,0.003477,287.62, 426.5019
131764,6.1987,0.003404,293.77, 426.5019
131765,6.2021,0.003456,289.36, 426.5019
131766,6.2058,0.003516,284.39, 426.5019
131767,6.2090,0.003350,298.49, 426.5019
131768,6.2124,0.003420,292.39, 426.5019
131769,6.2158,0.003420,292.44, 426.5019
131770,6.2192,0.003435,291.10, 426.5019
131771,6.2227,0.003367,297.01, 426.5019
131772,6.2261,0.003461,288.90, 426.5025
131773,6.2295,0.003349,298.60, 426.5025
131774,6.2329,0.003484,286.99, 426.5019
131775,6.2366,0.003460,289.02, 426.5025
131776,6.2400,0.003419,292.48, 426.5019
131777,6.2434,0.003455,289.46, 426.5019
131778,6.2468,0.003503,285.45, 426.5025
131779,6.2505,0.003586,278.83, 426.5025
131780,6.2539,0.003431,291.44, 426.5019
131781,6.2573,0.003523,283.87, 426.5019
131782,6.2607,0.003438,290.86, 426.5019
131783,6.2642,0.003454,289.52, 426.5019
131784,6.2678,0.003454,289.55, 426.5019
131785,6.2712,0.003439,290.81, 426.5019
131786,6.2747,0.003392,294.79, 426.5022
131787,6.2781,0.003408,293.40, 426.5034
131788,6.2815,0.003403,293.85, 426.5019
131789,6.2849,0.003420,292.38, 426.5019
131790,6.2883,0.003543,282.21, 426.5019
131791,6.2917,0.003464,288.65, 426.5019
131792,6.2952,0.003461,288.96, 426.5025
131793,6.2988,0.003444,290.35, 426.5019
131794,6.3020,0.003391,294.93, 426.5022
131795,6.3057,0.003475,287.74, 426.5019
131796,6.3091,0.003566,280.41, 426.5025
131797,6.3125,0.003439,290.75, 426.5019
131798,6.3159,0.003411,293.15, 426.5025
131799,6.3196,0.003513,284.69, 426.5019
131800,6.3230,0.003485,286.98, 426.5019
131801,6.3264,0.003390,294.96, 426.5019
131802,6.3298,0.003457,289.29, 426.5054
131803,6.3333,0.003468,288.38, 426.5019
131804,6.3367,0.003468,288.35, 426.5019
131805,6.3401,0.003436,291.05, 426.5203
131806,6.3435,0.003350,298.47, 426.5025
131807,6.3469,0.003417,292.69, 426.5019
131808,6.3506,0.003529,283.38, 426.5019
131809,6.3542,0.003745,267.00, 426.5020
131810,6.3577,0.003532,283.15, 426.5019
131811,6.3613,0.003454,289.52, 426.5025
131812,6.3645,0.003369,296.80, 426.5025
131813,6.3679,0.003340,299.39, 426.5025
131814,6.3718,0.003782,264.42, 426.5019
131815,6.3750,0.003362,297.45, 426.5025
131816,6.3784,0.003453,289.61, 426.5019
131817,6.3821,0.003494,286.22, 426.5019
131818,6.3855,0.003408,293.45, 426.5044
131819,6.3889,0.003419,292.51, 426.5019
131820,6.3923,0.003407,293.55, 426.5019
131821,6.3958,0.003391,294.88, 426.5019
131822,6.3994,0.003648,274.12, 426.5025
131823,6.4031,0.003734,267.82, 426.5034
131824,6.4065,0.003456,289.32, 426.5022
131825,6.4099,0.003424,292.07, 426.5019
131826,6.4136,0.003598,277.95, 426.5019
131827,6.4170,0.003394,294.64, 426.5019
131828,6.4204,0.003543,282.29, 426.5019
131829,6.4238,0.003444,290.33, 426.5019
131830,6.4272,0.003447,290.12, 426.5025
131831,6.4309,0.003445,290.28, 426.5019
131832,6.4343,0.003437,290.97, 426.5019
131833,6.4375,0.003383,295.63, 426.5182
131834,6.4409,0.003381,295.77, 426.5019
131835,6.4443,0.003426,291.85, 426.5019
131836,6.4478,0.003326,300.65, 426.5025
131837,6.4514,0.003619,276.34, 426.5044
131838,6.4548,0.003555,281.31, 426.5019
131839,6.4583,0.003401,294.03, 426.5019
131840,6.4617,0.003397,294.40, 426.5019
131841,6.4651,0.003423,292.18, 426.5019
131842,6.4685,0.003438,290.90, 426.5025
131843,6.4719,0.003448,290.01, 426.5019
131844,6.4753,0.003397,294.36, 426.5019
131845,6.4788,0.003298,303.23, 426.5025
131846,6.4822,0.003455,289.47, 426.5025
131847,6.4858,0.003614,276.71, 426.5025
131848,6.4893,0.003458,289.22, 426.5019
131849,6.4927,0.003465,288.63, 426.5019
131850,6.4961,0.003371,296.66, 426.5019
131851,6.4995,0.003455,289.41, 426.5019
131852,6.5029,0.003365,297.14, 426.5025
131853,6.5063,0.003441,290.58, 426.5019
131854,6.5098,0.003425,292.01, 426.5019
131855,6.5132,0.003421,292.32, 426.5025
131856,6.5166,0.003473,287.91, 426.5025
131857,6.5200,0.003349,298.57, 426.5025
131858,6.5234,0.003394,294.68, 426.5019
131859,6.5269,0.003388,295.18, 426.5019
131860,6.5303,0.003594,278.26, 426.5019
131861,6.5339,0.003452,289.70, 426.5019
131862,6.5374,0.003467,288.44, 426.5019
131863,6.5408,0.003453,289.61, 426.5019
131864,6.5442,0.003422,292.20, 426.5019
131865,6.5476,0.003467,288.40, 426.5025
131866,6.5510,0.003396,294.50, 426.5019
131867,6.5544,0.003470,288.15, 426.5019
131868,6.5581,0.003473,287.91, 426.5019
131869,6.5615,0.003456,289.32, 426.5019
131870,6.5649,0.003436,291.04, 426.5019
131871,6.5684,0.003419,292.51, 426.5019
131872,6.5718,0.003476,287.73, 426.5022
131873,6.5752,0.003426,291.90, 426.5022
131874,6.5786,0.003444,290.40, 426.5019
131875,6.5820,0.003496,286.05, 426.5019
131876,6.5857,0.003465,288.61, 426.5022
131877,6.5891,0.003482,287.19, 426.5019
131878,6.5925,0.003336,299.72, 426.5025
131879,6.5957,0.003396,294.43, 426.5019
131880,6.5991,0.003376,296.20, 426.5019
131881,6.6028,0.003473,287.91, 426.5019
131882,6.6060,0.003353,298.25, 426.5019
131883,6.6096,0.003532,283.13, 426.5022
131884,6.6128,0.003363,297.34, 426.5019
131885,6.6165,0.003599,277.88, 426.5019
131886,6.6199,0.003442,290.52, 426.5025
131887,6.6233,0.003424,292.10, 426.5019
131888,6.6267,0.003423,292.12, 426.5019
131889,6.6304,0.003453,289.65, 426.5019
131890,6.6338,0.003438,290.89, 426.5019
131891,6.6372,0.003421,292.28, 426.5019
131892,6.6406,0.003499,285.78, 426.5044
131893,6.6440,0.003468,288.36, 426.5019
131894,6.6475,0.003415,292.86, 426.5019
131895,6.6511,0.003534,282.98, 426.5025
131896,6.6545,0.003404,293.80, 426.5019
131897,6.6582,0.003723,268.59, 426.5019
131898,6.6619,0.003724,268.52, 426.5294
131899,6.6653,0.003490,286.53, 426.5019
131900,6.6687,0.003313,301.81, 426.5019
131901,6.6724,0.003788,264.02, 426.5019
131902,6.6768,0.004245,235.55, 426.5019
131903,6.6807,0.003962,252.43, 426.5020
131904,6.6843,0.003676,272.03, 426.5045
131905,6.6880,0.003554,281.36, 426.5026
131906,6.6919,0.003914,255.48, 426.5019
131907,6.6958,0.003862,258.92, 426.5019
131908,6.6997,0.003959,252.59, 426.5020
131909,6.7034,0.003770,265.27, 426.5025
131910,6.7078,0.004392,227.67, 426.5020
131911,6.7122,0.004359,229.40, 426.5025
131912,6.7163,0.004166,240.05, 426.5020
131913,6.7200,0.003732,267.96, 426.5025
131914,6.7236,0.003627,275.69, 426.5019
131915,6.7271,0.003345,299.00, 426.5019
131916,6.7305,0.003409,293.32, 426.5019
131917,6.7339,0.003468,288.33, 426.5019
131918,6.7375,0.003564,280.56, 426.5019
131919,6.7410,0.003506,285.26, 426.5022
131920,6.7444,0.003433,291.27, 426.5019
131921,6.7478,0.003431,291.47, 426.5025
131922,6.7515,0.003696,270.57, 426.5023
131923,6.7554,0.003819,261.86, 426.5044
131924,6.7588,0.003418,292.61, 426.5019
131925,6.7622,0.003395,294.52, 426.5019
131926,6.7656,0.003362,297.44, 426.5019
131927,6.7690,0.003536,282.85, 426.5025
131928,6.7727,0.003681,271.67, 426.5019
131929,6.7761,0.003438,290.84, 426.5019
131930,6.7795,0.003426,291.92, 426.5019
131931,6.7832,0.003571,280.03, 426.5019
131932,6.7866,0.003411,293.19, 426.5025
131933,6.7900,0.003515,284.53, 426.5019
131934,6.7935,0.003455,289.42, 426.5019
131935,6.7969,0.003429,291.61, 426.5019
131936,6.8005,0.003426,291.89, 426.5019
131937,6.8040,0.003446,290.17, 426.5019
131938,6.8074,0.003522,283.91, 426.5019
131939,6.8108,0.003379,295.95, 426.5019
131940,6.8145,0.003590,278.53, 426.5019
131941,6.8179,0.003462,288.89, 426.5025
131942,6.8213,0.003490,286.51, 426.5019
131943,6.8247,0.003370,296.72, 426.5019
131944,6.8281,0.003531,283.22, 426.5019
131945,6.8318,0.003570,280.14, 426.5019
131946,6.8352,0.003372,296.56, 426.5025
131947,6.8386,0.003556,281.25, 426.5019
131948,6.8423,0.003497,285.98, 426.5019
131949,6.8457,0.003487,286.75, 426.5112
131950,6.8499,0.004245,235.57, 426.5019
131951,6.8542,0.004270,234.19, 426.5034
131952,6.8584,0.004271,234.15, 426.5019
131953,6.8628,0.004235,236.11, 426.5019
131954,6.8665,0.003716,269.08, 426.5020
131955,6.8699,0.003552,281.54, 426.5025
131956,6.8735,0.003434,291.24, 426.5019
131957,6.8770,0.003526,283.64, 426.5019
131958,6.8804,0.003485,286.95, 426.5019
131959,6.8838,0.003351,298.40, 426.5025
131960,6.8872,0.003417,292.64, 426.5019
131961,6.8906,0.003430,291.57, 426.5019
131962,6.8943,0.003649,274.03, 426.5025
131963,6.8977,0.003371,296.67, 426.5019
131964,6.9011,0.003401,294.03, 426.5019
131965,6.9045,0.003437,290.92, 426.5019
131966,6.9080,0.003422,292.22, 426.5025
131967,6.9114,0.003400,294.09, 426.5025
131968,6.9148,0.003373,296.52, 426.5019
131969,6.9182,0.003445,290.26, 426.5019
131970,6.9214,0.003364,297.30, 426.5022
131971,6.9248,0.003413,293.02, 426.5025
131972,6.9282,0.003314,301.79, 426.5025
131973,6.9316,0.003461,288.97, 426.5025
131974,6.9351,0.003389,295.06, 426.5019
131975,6.9385,0.003474,287.83, 426.5019
131976,6.9419,0.003447,290.07, 426.5019
131977,6.9453,0.003370,296.74, 426.5019
131978,6.9487,0.003474,287.87, 426.5025
131979,6.9521,0.003438,290.85, 426.5025
131980,6.9558,0.003455,289.44, 426.5019
131981,6.9592,0.003443,290.46, 426.5019
131982,6.9626,0.003456,289.37, 426.5019
131983,6.9663,0.003780,264.57, 426.5019
131984,6.9697,0.003419,292.48, 426.5019
131985,6.9734,0.003487,286.81, 426.5019
131986,6.9768,0.003410,293.30, 426.5025
131987,6.9800,0.003381,295.78, 426.5025
131988,6.9836,0.003521,284.00, 426.5019
131989,6.9871,0.003439,290.79, 426.5019
131990,6.9905,0.003437,290.96, 426.5019
131991,6.9939,0.003400,294.08, 426.5025
131992,6.9973,0.003408,293.39, 426.5019
131993,7.0007,0.003398,294.26, 426.5019
131994,7.0042,0.003437,290.95, 426.5019
131995,7.0076,0.003443,290.49, 426.5025
131996,7.0110,0.003410,293.25, 426.5019
131997,7.0144,0.003473,287.93, 426.5019
131998,7.0178,0.003396,294.46, 426.5019
131999,7.0212,0.003390,295.03, 426.5025
132000,7.0247,0.003472,288.04, 426.5019
132001,7.0281,0.003427,291.83, 426.5019
132002,7.0315,0.003348,298.73, 426.5025
132003,7.0349,0.003470,288.18, 426.5019
132004,7.0383,0.003478,287.51, 426.5217
132005,7.0417,0.003426,291.93, 426.5019
132006,7.0452,0.003406,293.63, 426.5019
132007,7.0486,0.003363,297.39, 426.5019
132008,7.0520,0.003473,287.92, 426.5025
132009,7.0554,0.003377,296.09, 426.5019
132010,7.0588,0.003411,293.15, 426.5019
132011,7.0623,0.003466,288.48, 426.5019
132012,7.0659,0.003501,285.62, 426.5019
132013,7.0693,0.003469,288.24, 426.5019
132014,7.0728,0.003451,289.74, 426.5022
132015,7.0762,0.003483,287.14, 426.5019
132016,7.0796,0.003394,294.64, 426.5019
132017,7.0833,0.003553,281.48, 426.5019
132018,7.0867,0.003432,291.38, 426.5019
132019,7.0901,0.003461,288.90, 426.5019
132020,7.0935,0.003422,292.22, 426.5019
132021,7.0969,0.003511,284.83, 426.5019
132022,7.1006,0.003450,289.87, 426.5019
132023,7.1038,0.003371,296.67, 426.5025
132024,7.1074,0.003451,289.79, 426.5019
132025,7.1108,0.003463,288.74, 426.5019
132026,7.1143,0.003515,284.49, 426.5019
132027,7.1177,0.003505,285.29, 426.5019
132028,7.1216,0.003707,269.75, 426.5020
132029,7.1250,0.003419,292.49, 426.5019
132030,7.1284,0.003445,290.29, 426.5019
132031,7.1318,0.003473,287.96, 426.5019
132032,7.1353,0.003453,289.62, 426.5019
132033,7.1389,0.003504,285.41, 426.5019
132034,7.1423,0.003441,290.64, 426.5019
132035,7.1458,0.003491,286.47, 426.5019
132036,7.1492,0.003507,285.11, 426.5019
132037,7.1526,0.003369,296.82, 426.5025
132038,7.1560,0.003514,284.60, 426.5019
132039,7.1594,0.003422,292.24, 426.5019
132040,7.1631,0.003471,288.07, 426.5019
132041,7.1665,0.003438,290.90, 426.5019
132042,7.1699,0.003494,286.25, 426.5019
132043,7.1733,0.003487,286.79, 426.5019
132044,7.1768,0.003401,294.00, 426.5019
132045,7.1804,0.003493,286.33, 426.5019
132046,7.1838,0.003395,294.58, 426.5019
132047,7.1873,0.003493,286.27, 426.5019
132048,7.1907,0.003500,285.73, 426.5019
132049,7.1943,0.003644,274.41, 426.5019
132050,7.1978,0.003488,286.68, 426.5019
132051,7.2012,0.003439,290.76, 426.5019
132052,7.2048,0.003465,288.61, 426.5019
132053,7.2083,0.003460,289.06, 426.5019
132054,7.2117,0.003563,280.66, 426.5019
132055,7.2153,0.003529,283.37, 426.5019
132056,7.2188,0.003467,288.43, 426.5019
132057,7.2222,0.003502,285.53, 426.5019
132058,7.2256,0.003415,292.87, 426.5019
132059,7.2290,0.003394,294.67, 426.5019
132060,7.2324,0.003452,289.71, 426.5019
132061,7.2361,0.003481,287.24, 426.5019
132062,7.2395,0.003585,278.96, 426.5019
132063,7.2429,0.003444,290.39, 426.5019
132064,7.2466,0.003465,288.57, 426.5019
132065,7.2500,0.003418,292.58, 426.5019
132066,7.2534,0.003464,288.66, 426.5019
132067,7.2568,0.003514,284.55, 426.5019
132068,7.2603,0.003465,288.64, 426.5019
132069,7.2637,0.003408,293.43, 426.5019
132070,7.2671,0.003382,295.68, 426.5019
132071,7.2708,0.003567,280.37, 426.5019
132072,7.2742,0.003459,289.11, 426.5019
132073,7.2776,0.003476,287.70, 426.5019
132074,7.2810,0.003361,297.50, 426.5134
132075,7.2844,0.003468,288.35, 426.5019
132076,7.2881,0.003508,285.05, 426.5019
132077,7.2915,0.003438,290.90, 426.5019
132078,7.2949,0.003488,286.66, 426.5019
132079,7.2983,0.003340,299.41, 426.5019
132080,7.3018,0.003452,289.68, 426.5019
132081,7.3052,0.003502,285.58, 426.5019
132082,7.3086,0.003472,287.99, 426.5019
132083,7.3120,0.003445,290.25, 426.5019
132084,7.3154,0.003420,292.38, 426.5019
132085,7.3191,0.003568,280.27, 426.5025
132086,7.3225,0.003490,286.52, 426.5019
132087,7.3262,0.003445,290.28, 426.5025
132088,7.3296,0.003425,291.98, 426.5019
132089,7.3330,0.003485,286.92, 426.5019
132090,7.3367,0.003728,268.23, 426.5019
132091,7.3401,0.003431,291.46, 426.5025
132092,7.3438,0.003537,282.74, 426.5019
132093,7.3472,0.003466,288.52, 426.5019
132094,7.3506,0.003573,279.86, 426.5127
132095,7.3542,0.003556,281.19, 426.5019
132096,7.3577,0.003511,284.80, 426.5019
132097,7.3613,0.003450,289.87, 426.5019
132098,7.3647,0.003431,291.43, 426.5019
132099,7.3682,0.003606,277.35, 426.5019
132100,7.3716,0.003424,292.09, 426.5025
132101,7.3750,0.003415,292.82, 426.5019
132102,7.3784,0.003429,291.60, 426.5019
132103,7.3821,0.003469,288.27, 426.5025
132104,7.3853,0.003375,296.32, 426.5286
132105,7.3889,0.003458,289.18, 426.5019
132106,7.3921,0.003381,295.80, 426.5019
132107,7.3958,0.003478,287.53, 426.5019
132108,7.3994,0.003805,262.81, 426.5019
132109,7.4031,0.003564,280.55, 426.5034
132110,7.4065,0.003447,290.08, 426.5019
132111,7.4099,0.003436,291.05, 426.5044
132112,7.4133,0.003379,295.91, 426.5019
132113,7.4167,0.003499,285.82, 426.5019
132114,7.4202,0.003422,292.19, 426.5019
132115,7.4236,0.003432,291.36, 426.5019
132116,7.4270,0.003347,298.82, 426.5044
132117,7.4304,0.003483,287.11, 426.5019
132118,7.4338,0.003396,294.50, 426.5019
132119,7.4373,0.003442,290.57, 426.5019
132120,7.4409,0.003538,282.68, 426.5019
132121,7.4443,0.003373,296.45, 426.5025
132122,7.4478,0.003399,294.25, 426.5019
132123,7.4514,0.003805,262.83, 426.5020
132124,7.4548,0.003405,293.70, 426.5019
132125,7.4585,0.003536,282.81, 426.5025
132126,7.4619,0.003587,278.79, 426.5019
132127,7.4653,0.003465,288.62, 426.5019
132128,7.4690,0.003437,290.96, 426.5019
132129,7.4724,0.003485,286.91, 426.5019
132130,7.4758,0.003569,280.19, 426.5019
132131,7.4795,0.003472,287.99, 426.5025
132132,7.4829,0.003442,290.52, 426.5019
132133,7.4863,0.003393,294.73, 426.5019
132134,7.4897,0.003441,290.59, 426.5019
132135,7.4932,0.003488,286.68, 426.5294
132136,7.4966,0.003507,285.17, 426.5019
132137,7.5000,0.003410,293.28, 426.5019
132138,7.5037,0.003564,280.59, 426.5019
132139,7.5071,0.003463,288.77, 426.5019
132140,7.5105,0.003437,290.99, 426.5019
132141,7.5139,0.003440,290.73, 426.5044
132142,7.5173,0.003407,293.48, 426.5019
132143,7.5208,0.003439,290.80, 426.5025
132144,7.5242,0.003450,289.82, 426.5019
132145,7.5276,0.003416,292.74, 426.5019
132146,7.5313,0.003446,290.23, 426.5025
132147,7.5344,0.003389,295.10, 426.5019
132148,7.5381,0.003474,287.85, 426.5025
132149,7.5415,0.003404,293.82, 426.5019
132150,7.5449,0.003429,291.65, 426.5019
132151,7.5483,0.003399,294.20, 426.5022
132152,7.5518,0.003421,292.29, 426.5025
132153,7.5552,0.003488,286.72, 426.5019
132154,7.5586,0.003385,295.40, 426.5019
132155,7.5620,0.003423,292.16, 426.5022
132156,7.5654,0.003391,294.93, 426.5019
132157,7.5688,0.003494,286.17, 426.5019
132158,7.5723,0.003427,291.80, 426.5019
132159,7.5757,0.003459,289.10, 426.5019
132160,7.5791,0.003474,287.87, 426.5019
132161,7.5825,0.003403,293.84, 426.5025
132162,7.5862,0.003632,275.32, 426.5019
132163,7.5896,0.003436,291.08, 426.5019
132164,7.5933,0.003518,284.28, 426.5019
132165,7.5967,0.003380,295.88, 426.5019
132166,7.6001,0.003445,290.27, 426.5019
132167,7.6035,0.003454,289.50, 426.5019
132168,7.6069,0.003452,289.69, 426.5019
132169,7.6104,0.003397,294.37, 426.5019
132170,7.6138,0.003375,296.28, 426.5019
132171,7.6172,0.003437,290.94, 426.5019
132172,7.6206,0.003391,294.89, 426.5022
132173,7.6240,0.003469,288.27, 426.5025
132174,7.6274,0.003397,294.39, 426.5019
132175,7.6309,0.003447,290.12, 426.5019
132176,7.6343,0.003505,285.31, 426.5019
132177,7.6379,0.003715,269.22, 426.5019
132178,7.6414,0.003412,293.13, 426.5019
132179,7.6448,0.003377,296.16, 426.5022
132180,7.6482,0.003401,294.07, 426.5019
132181,7.6516,0.003408,293.41, 426.5019
132182,7.6550,0.003410,293.30, 426.5019
132183,7.6584,0.003463,288.79, 426.5019
132184,7.6619,0.003398,294.26, 426.5019
132185,7.6653,0.003477,287.58, 426.5019
132186,7.6687,0.003408,293.40, 426.5019
132187,7.6721,0.003427,291.83, 426.5019
132188,7.6755,0.003348,298.73, 426.5019
132189,7.6792,0.003725,268.46, 426.5019
132190,7.6831,0.003769,265.34, 426.5019
132191,7.6865,0.003502,285.58, 426.5019
132192,7.6902,0.003704,269.95, 426.5025
132193,7.6941,0.003893,256.88, 426.5019
132194,7.6982,0.004169,239.86, 426.5025
132195,7.7024,0.003970,251.88, 426.5019
132196,7.7058,0.003530,283.28, 426.5019
132197,7.7095,0.003544,282.14, 426.5019
132198,7.7129,0.003461,288.98, 426.5019
132199,7.7163,0.003489,286.64, 426.5019
132200,7.7197,0.003492,286.36, 426.5019
132201,7.7234,0.003467,288.41, 426.5019
132202,7.7268,0.003493,286.33, 426.5019
132203,7.7302,0.003406,293.59, 426.5019
132204,7.7336,0.003473,287.94, 426.5019
132205,7.7371,0.003403,293.88, 426.5019
132206,7.7405,0.003465,288.58, 426.5019
132207,7.7441,0.003541,282.43, 426.5025
132208,7.7473,0.003348,298.65, 426.5044
132209,7.7510,0.003435,291.15, 426.5142
132210,7.7542,0.003315,301.70, 426.5025
132211,7.7576,0.003459,289.13, 426.5025
132212,7.7610,0.003392,294.79, 426.5019
132213,7.7644,0.003470,288.23, 426.5019
132214,7.7681,0.003466,288.49, 426.5019
132215,7.7715,0.003509,285.01, 426.5025
132216,7.7749,0.003401,294.07, 426.5025
132217,7.7783,0.003398,294.33, 426.5025
132218,7.7817,0.003454,289.49, 426.5025
132219,7.7852,0.003368,296.89, 426.5019
132220,7.7886,0.003514,284.58, 426.5019
132221,7.7920,0.003467,288.43, 426.5019
132222,7.7954,0.003380,295.83, 426.5019
132223,7.7988,0.003427,291.83, 426.5019
132224,7.8022,0.003462,288.86, 426.5044
132225,7.8059,0.003462,288.88, 426.5019
132226,7.8093,0.003410,293.30, 426.5019
132227,7.8127,0.003457,289.27, 426.5019
132228,7.8162,0.003405,293.70, 426.5019
132229,7.8196,0.003576,279.65, 426.5019
132230,7.8232,0.003480,287.37, 426.5019
132231,7.8267,0.003448,290.01, 426.5019
132232,7.8301,0.003452,289.69, 426.5025
132233,7.8335,0.003557,281.16, 426.5019
132234,7.8372,0.003528,283.46, 426.5019
132235,7.8406,0.003424,292.10, 426.5019
132236,7.8440,0.003392,294.83, 426.5019
132237,7.8474,0.003393,294.74, 426.5019
132238,7.8508,0.003612,276.83, 426.5025
132239,7.8545,0.003513,284.69, 426.5019
132240,7.8579,0.003399,294.23, 426.5019
132241,7.8613,0.003490,286.50, 426.5019
132242,7.8647,0.003525,283.66, 426.5019
132243,7.8684,0.003426,291.90, 426.5019
132244,7.8718,0.003474,287.88, 426.5025
132245,7.8752,0.003415,292.81, 426.5019
132246,7.8787,0.003456,289.39, 426.5025
132247,7.8821,0.003394,294.64, 426.5019
132248,7.8855,0.003457,289.31, 426.5019
132249,7.8889,0.003380,295.89, 426.5019
132250,7.8923,0.003507,285.14, 426.5019
132251,7.8958,0.003440,290.69, 426.5019
132252,7.8992,0.003395,294.52, 426.5019
132253,7.9026,0.003441,290.64, 426.5019
132254,7.9060,0.003359,297.68, 426.5025
132255,7.9094,0.003392,294.79, 426.5025
132256,7.9128,0.003534,282.97, 426.5019
132257,7.9165,0.003482,287.22, 426.5019
132258,7.9199,0.003444,290.33, 426.5019
132259,7.9233,0.003395,294.59, 426.5025
132260,7.9268,0.003429,291.61, 426.5019
132261,7.9302,0.003392,294.85, 426.5019
132262,7.9334,0.003385,295.45, 426.5025
132263,7.9368,0.003381,295.78, 426.5019
132264,7.9402,0.003424,292.06, 426.5019
132265,7.9438,0.003487,286.82, 426.5025
132266,7.9473,0.003428,291.72, 426.5019
132267,7.9507,0.003415,292.80, 426.5044
132268,7.9539,0.003371,296.66, 426.5019
132269,7.9573,0.003388,295.19, 426.5019
132270,7.9609,0.003472,288.06, 426.5025
132271,7.9644,0.003418,292.58, 426.5019
132272,7.9678,0.003438,290.85, 426.5019
132273,7.9712,0.003481,287.27, 426.5019
132274,7.9746,0.003450,289.86, 426.5019
132275,7.9780,0.003488,286.67, 426.5019
132276,7.9817,0.003513,284.66, 426.5019
132277,7.9849,0.003373,296.49, 426.5019
132278,7.9885,0.003429,291.62, 426.5025
132279,7.9919,0.003501,285.62, 426.5025
132280,7.9954,0.003505,285.32, 426.5019
132281,7.9988,0.003455,289.43, 426.5022
132282,8.0022,0.003406,293.61, 426.5019
132283,8.0056,0.003390,295.01, 426.5019
132284,8.0090,0.003367,296.98, 426.5019
132285,8.0125,0.003472,288.03, 426.5019
132286,8.0159,0.003332,300.12, 426.5025
132287,8.0193,0.003429,291.61, 426.5025
132288,8.0227,0.003349,298.58, 426.5208
132289,8.0261,0.003409,293.36, 426.5019
132290,8.0295,0.003432,291.37, 426.5019
132291,8.0330,0.003428,291.72, 426.5019
132292,8.0364,0.003375,296.26, 426.5019
132293,8.0398,0.003422,292.21, 426.5019
132294,8.0432,0.003446,290.17, 426.5019
132295,8.0466,0.003419,292.51, 426.5022
132296,8.0500,0.003431,291.47, 426.5019
132297,8.0535,0.003462,288.88, 426.5025
132298,8.0569,0.003408,293.41, 426.5025
132299,8.0603,0.003363,297.36, 426.5025
132300,8.0637,0.003410,293.29, 426.5025
132301,8.0671,0.003424,292.04, 426.5019
132302,8.0703,0.003356,297.94, 426.5019
132303,8.0740,0.003518,284.29, 426.5019
132304,8.0774,0.003386,295.34, 426.5019
132305,8.0808,0.003395,294.58, 426.5019
132306,8.0842,0.003446,290.21, 426.5025
132307,8.0876,0.003440,290.72, 426.5280
132308,8.0911,0.003414,292.93, 426.5019
132309,8.0942,0.003351,298.41, 426.5025
132310,8.0977,0.003400,294.16, 426.5025
132311,8.1011,0.003429,291.65, 426.5019
132312,8.1047,0.003492,286.34, 426.5019
132313,8.1082,0.003388,295.16, 426.5193
132314,8.1113,0.003381,295.77, 426.5019
132315,8.1147,0.003424,292.05, 426.5019
132316,8.1182,0.003392,294.84, 426.5019
132317,8.1218,0.003477,287.65, 426.5044
132318,8.1250,0.003335,299.81, 426.5022
132319,8.1284,0.003380,295.86, 426.5022
132320,8.1318,0.003385,295.41, 426.5025
132321,8.1353,0.003448,290.01, 426.5025
132322,8.1387,0.003436,291.00, 426.5019
132323,8.1421,0.003414,292.88, 426.5022
132324,8.1455,0.003415,292.87, 426.5019
132325,8.1489,0.003388,295.14, 426.5019
132326,8.1523,0.003410,293.22, 426.5019
132327,8.1558,0.003384,295.53, 426.5019
132328,8.1592,0.003414,292.92, 426.5025
132329,8.1626,0.003357,297.85, 426.5168
132330,8.1660,0.003438,290.91, 426.5019
132331,8.1694,0.003421,292.35, 426.5025
132332,8.1729,0.003432,291.38, 426.5019
132333,8.1763,0.003433,291.29, 426.5019
132334,8.1797,0.003425,291.95, 426.5019
132335,8.1831,0.003420,292.40, 426.5019
132336,8.1865,0.003340,299.40, 426.5300
132337,8.1899,0.003472,287.99, 426.5019
132338,8.1934,0.003417,292.70, 426.5025
132339,8.1968,0.003476,287.69, 426.5025
132340,8.2002,0.003380,295.88, 426.5019
132341,8.2036,0.003350,298.47, 426.5019
132342,8.2070,0.003509,284.97, 426.5019
132343,8.2104,0.003514,284.58, 426.5019
132344,8.2141,0.003467,288.42, 426.5019
132345,8.2175,0.003516,284.42, 426.5019
132346,8.2209,0.003393,294.76, 426.5019
132347,8.2244,0.003424,292.04, 426.5019
132348,8.2278,0.003446,290.21, 426.5019
132349,8.2312,0.003494,286.19, 426.5019
132350,8.2346,0.003334,299.99, 426.5019
132351,8.2380,0.003488,286.69, 426.5019
132352,8.2417,0.003549,281.81, 426.5019
132353,8.2451,0.003415,292.80, 426.5019
132354,8.2485,0.003418,292.61, 426.5019
132355,8.2520,0.003419,292.51, 426.5025
132356,8.2554,0.003372,296.56, 426.5025
132357,8.2585,0.003387,295.24, 426.5019
132358,8.2620,0.003410,293.28, 426.5019
132359,8.2654,0.003363,297.32, 426.5025
132360,8.2688,0.003458,289.15, 426.5019
132361,8.2725,0.003492,286.35, 426.5019
132362,8.2759,0.003401,294.04, 426.5025
132363,8.2793,0.003466,288.48, 426.5019
132364,8.2827,0.003412,293.12, 426.5019
132365,8.2861,0.003415,292.82, 426.5019
132366,8.2896,0.003445,290.27, 426.5019
132367,8.2930,0.003446,290.17, 426.5044
132368,8.2964,0.003414,292.91, 426.5022
132369,8.2998,0.003428,291.76, 426.5019
132370,8.3032,0.003403,293.82, 426.5019
132371,8.3066,0.003368,296.93, 426.5019
132372,8.3101,0.003433,291.30, 426.5044
132373,8.3135,0.003400,294.08, 426.5019
132374,8.3169,0.003425,291.99, 426.5019
132375,8.3203,0.003466,288.50, 426.5019
132376,8.3237,0.003462,288.87, 426.5019
132377,8.3271,0.003451,289.75, 426.5019
132378,8.3306,0.003388,295.18, 426.5019
132379,8.3340,0.003369,296.83, 426.5025
132380,8.3374,0.003448,289.99, 426.5022
132381,8.3408,0.003497,285.93, 426.5019
132382,8.3442,0.003400,294.15, 426.5019
132383,8.3477,0.003466,288.55, 426.5019
132384,8.3513,0.003447,290.09, 426.5019
132385,8.3547,0.003521,284.04, 426.5025
132386,8.3582,0.003447,290.12, 426.5019
132387,8.3616,0.003420,292.39, 426.5019
132388,8.3650,0.003475,287.74, 426.5019
132389,8.3684,0.003375,296.32, 426.5019
132390,8.3718,0.003466,288.48, 426.5025
132391,8.3752,0.003428,291.74, 426.5025
132392,8.3787,0.003426,291.86, 426.5025
132393,8.3821,0.003423,292.18, 426.5019
132394,8.3860,0.003700,270.30, 426.5020
132395,8.3894,0.003546,282.04, 426.5019
132396,8.3931,0.003555,281.26, 426.5117
132397,8.3967,0.003638,274.85, 426.5019
132398,8.4004,0.003790,263.87, 426.5019
132399,8.4038,0.003493,286.30, 426.5019
132400,8.4075,0.003427,291.77, 426.5019
132401,8.4106,0.003381,295.81, 426.5025
132402,8.4141,0.003370,296.73, 426.5025
132403,8.4177,0.003507,285.12, 426.5019
132404,8.4211,0.003516,284.40, 426.5019
132405,8.4246,0.003411,293.16, 426.5019
132406,8.4282,0.003605,277.36, 426.5025
132407,8.4316,0.003544,282.15, 426.5019
132408,8.4351,0.003430,291.55, 426.5019
132409,8.4387,0.003557,281.12, 426.5019
132410,8.4421,0.003519,284.15, 426.5019
132411,8.4456,0.003421,292.34, 426.5019
132412,8.4490,0.003420,292.41, 426.5019
132413,8.4524,0.003362,297.42, 426.5019
132414,8.4558,0.003450,289.88, 426.5019
132415,8.4592,0.003391,294.86, 426.5019
132416,8.4629,0.003645,274.33, 426.5078
132417,8.4666,0.003556,281.18, 426.5019
132418,8.4697,0.003395,294.54, 426.5025
132419,8.4731,0.003387,295.25, 426.5025
132420,8.4766,0.003432,291.39, 426.5025
132421,8.4802,0.003563,280.65, 426.5019
132422,8.4836,0.003369,296.82, 426.5187
132423,8.4871,0.003419,292.47, 426.5019
132424,8.4905,0.003387,295.29, 426.5019
132425,8.4939,0.003528,283.47, 426.5022
132426,8.4973,0.003485,286.93, 426.5019
132427,8.5007,0.003444,290.37, 426.5019
132428,8.5042,0.003427,291.84, 426.5019
132429,8.5076,0.003399,294.17, 426.5019
132430,8.5110,0.003402,293.98, 426.5025
132431,8.5144,0.003319,301.32, 426.5019
132432,8.5178,0.003472,288.01, 426.5019
132433,8.5212,0.003450,289.90, 426.5019
132434,8.5247,0.003448,290.05, 426.5019
132435,8.5283,0.003443,290.45, 426.5019
132436,8.5315,0.003337,299.67, 426.5044
132437,8.5349,0.003399,294.23, 426.5044
132438,8.5386,0.003538,282.69, 426.5019
132439,8.5420,0.003526,283.62, 426.5019
132440,8.5459,0.003854,259.45, 426.5020
132441,8.5496,0.003713,269.35, 426.5020
132442,8.5530,0.003500,285.71, 426.5025
132443,8.5564,0.003427,291.83, 426.5025
132444,8.5601,0.003484,287.04, 426.5019
132445,8.5635,0.003399,294.22, 426.5019
132446,8.5669,0.003406,293.57, 426.5019
132447,8.5701,0.003397,294.40, 426.5229
132448,8.5737,0.003440,290.68, 426.5019
132449,8.5769,0.003403,293.88, 426.5025
132450,8.5803,0.003377,296.14, 426.5019
132451,8.5837,0.003438,290.89, 426.5019
132452,8.5872,0.003363,297.34, 426.5019
132453,8.5906,0.003453,289.57, 426.5019
132454,8.5940,0.003400,294.09, 426.5025
132455,8.5974,0.003423,292.11, 426.5019
132456,8.6008,0.003399,294.21, 426.5019
132457,8.6042,0.003448,290.05, 426.5019
132458,8.6077,0.003392,294.84, 426.5025
132459,8.6111,0.003348,298.66, 426.5025
132460,8.6145,0.003356,298.01, 426.5025
132461,8.6177,0.003326,300.64, 426.5022
132462,8.6211,0.003450,289.87, 426.5025
132463,8.6245,0.003404,293.80, 426.5019
132464,8.6279,0.003381,295.76, 426.5019
132465,8.6313,0.003430,291.56, 426.5025
132466,8.6348,0.003466,288.52, 426.5019
132467,8.6384,0.003550,281.72, 426.5019
132468,8.6418,0.003334,299.97, 426.5025
132469,8.6453,0.003469,288.23, 426.5025
132470,8.6487,0.003407,293.50, 426.5019
132471,8.6521,0.003475,287.78, 426.5019
132472,8.6555,0.003398,294.26, 426.5019
132473,8.6589,0.003398,294.26, 426.5019
132474,8.6624,0.003415,292.79, 426.5044
132475,8.6658,0.003387,295.29, 426.5019
132476,8.6694,0.003799,263.23, 426.5019
132477,8.6731,0.003615,276.62, 426.5167
132478,8.6768,0.003561,280.86, 426.5019
132479,8.6807,0.003856,259.34, 426.5019
132480,8.6846,0.003946,253.40, 426.5019
132481,8.6885,0.003902,256.27, 426.5019
132482,8.6919,0.003611,276.94, 426.5025
132483,8.6953,0.003400,294.16, 426.5025
132484,8.6990,0.003626,275.82, 426.5025
132485,8.7024,0.003451,289.75, 426.5025
132486,8.7061,0.003479,287.41, 426.5022
132487,8.7095,0.003451,289.77, 426.5019
132488,8.7129,0.003479,287.48, 426.5019
132489,8.7168,0.003830,261.07, 426.5022
132490,8.7202,0.003545,282.07, 426.5019
132491,8.7236,0.003455,289.46, 426.5019
132492,8.7273,0.003460,288.99, 426.5019
132493,8.7307,0.003480,287.36, 426.5019
132494,8.7344,0.003599,277.86, 426.5019
132495,8.7375,0.003391,294.90, 426.5019
132496,8.7410,0.003410,293.28, 426.5019
132497,8.7444,0.003421,292.34, 426.5019
132498,8.7478,0.003445,290.29, 426.5019
132499,8.7512,0.003377,296.09, 426.5019
132500,8.7546,0.003441,290.61, 426.5019
132501,8.7583,0.003483,287.15, 426.5019
132502,8.7617,0.003458,289.18, 426.5019
132503,8.7654,0.003783,264.33, 426.5019
132504,8.7690,0.003562,280.73, 426.5019
132505,8.7725,0.003538,282.65, 426.5019
132506,8.7761,0.003452,289.72, 426.5019
132507,8.7795,0.003494,286.18, 426.5019
132508,8.7830,0.003453,289.64, 426.5019
132509,8.7864,0.003410,293.26, 426.5019
132510,8.7898,0.003400,294.12, 426.5228
132511,8.7932,0.003545,282.09, 426.5019
132512,8.7969,0.003489,286.63, 426.5019
132513,8.8003,0.003386,295.32, 426.5019
132514,8.8037,0.003521,284.02, 426.5019
132515,8.8071,0.003448,290.02, 426.5019
132516,8.8105,0.003439,290.82, 426.5019
132517,8.8140,0.003476,287.70, 426.5019
132518,8.8174,0.003350,298.53, 426.5019
132519,8.8208,0.003404,293.82, 426.5025
132520,8.8242,0.003448,290.00, 426.5025
132521,8.8276,0.003382,295.68, 426.5019
132522,8.8311,0.003445,290.29, 426.5019
132523,8.8345,0.003344,299.09, 426.5019
132524,8.8381,0.003574,279.81, 426.5025
132525,8.8416,0.003468,288.37, 426.5022
132526,8.8450,0.003473,287.96, 426.5025
132527,8.8484,0.003408,293.41, 426.5019
132528,8.8518,0.003504,285.40, 426.5019
132529,8.8552,0.003415,292.86, 426.5019
132530,8.8586,0.003419,292.47, 426.5019
132531,8.8621,0.003433,291.28, 426.5025
132532,8.8655,0.003386,295.36, 426.5019
132533,8.8689,0.003382,295.70, 426.5309
132534,8.8726,0.003732,267.97, 426.5025
132535,8.8760,0.003378,296.05, 426.5019
132536,8.8794,0.003388,295.19, 426.5019
132537,8.8828,0.003442,290.55, 426.5142
132538,8.8865,0.003531,283.21, 426.5019
132539,8.8899,0.003531,283.22, 426.5019
132540,8.8933,0.003469,288.26, 426.5019
132541,8.8967,0.003357,297.89, 426.5044
132542,8.9001,0.003439,290.78, 426.5019
132543,8.9036,0.003358,297.78, 426.5025
132544,8.9070,0.003406,293.57, 426.5022
132545,8.9104,0.003496,286.06, 426.5019
132546,8.9138,0.003418,292.59, 426.5025
132547,8.9172,0.003473,287.97, 426.5019
132548,8.9209,0.003477,287.62, 426.5019
132549,8.9243,0.003461,288.91, 426.5019
132550,8.9277,0.003396,294.44, 426.5025
132551,8.9312,0.003441,290.61, 426.5019
132552,8.9346,0.003489,286.65, 426.5019
132553,8.9380,0.003376,296.23, 426.5025
132554,8.9414,0.003395,294.54, 426.5019
132555,8.9448,0.003402,293.98, 426.5025
132556,8.9482,0.003435,291.10, 426.5019
132557,8.9517,0.003426,291.91, 426.5019
132558,8.9551,0.003516,284.41, 426.5019
132559,8.9585,0.003378,296.06, 426.5019
132560,8.9619,0.003430,291.51, 426.5025
132561,8.9653,0.003425,291.96, 426.5019
132562,8.9688,0.003381,295.78, 426.5025
132563,8.9722,0.003457,289.26, 426.5025
132564,8.9756,0.003374,296.36, 426.5019
132565,8.9790,0.003386,295.33, 426.5019
132566,8.9824,0.003410,293.24, 426.5044
132567,8.9858,0.003457,289.29, 426.5019
132568,8.9893,0.003460,288.98, 426.5019
132569,8.9927,0.003428,291.72, 426.5019
132570,8.9961,0.003429,291.63, 426.5019
132571,8.9995,0.003387,295.21, 426.5019
132572,9.0032,0.003525,283.66, 426.5019
132573,9.0063,0.003327,300.53, 426.5025
132574,9.0098,0.003401,294.00, 426.5019
132575,9.0134,0.003682,271.58, 426.5019
132576,9.0168,0.003457,289.30, 426.5019
132577,9.0208,0.003744,267.11, 426.5020
132578,9.0244,0.003620,276.21, 426.5022
132579,9.0278,0.003428,291.68, 426.5019
132580,9.0310,0.003369,296.80, 426.5019
132581,9.0344,0.003417,292.65, 426.5019
132582,9.0378,0.003448,290.06, 426.5019
132583,9.0415,0.003455,289.44, 426.5019
132584,9.0449,0.003429,291.63, 426.5078
132585,9.0483,0.003391,294.87, 426.5019
132586,9.0518,0.003493,286.26, 426.5025
132587,9.0552,0.003326,300.69, 426.5025
132588,9.0586,0.003459,289.08, 426.5019
132589,9.0620,0.003496,286.02, 426.5025
132590,9.0654,0.003371,296.63, 426.5025
132591,9.0688,0.003390,294.98, 426.5022
132592,9.0723,0.003434,291.25, 426.5019
132593,9.0757,0.003448,290.01, 426.5019
132594,9.0791,0.003408,293.41, 426.5019
132595,9.0825,0.003428,291.71, 426.5019
132596,9.0859,0.003366,297.12, 426.5019
132597,9.0894,0.003446,290.19, 426.5019
132598,9.0928,0.003474,287.84, 426.5019
132599,9.0962,0.003355,298.07, 426.5019
132600,9.0996,0.003416,292.73, 426.5019
132601,9.1028,0.003340,299.37, 426.5019
132602,9.1064,0.003665,272.85, 426.5019
132603,9.1101,0.003630,275.49, 426.5019
132604,9.1138,0.003691,270.94, 426.5019
132605,9.1174,0.003664,272.96, 426.5019
132606,9.1213,0.003719,268.88, 426.5019
132607,9.1250,0.003707,269.80, 426.5088
132608,9.1289,0.003920,255.13, 426.5019
132609,9.1323,0.003493,286.26, 426.5019
132610,9.1360,0.003548,281.86, 426.5019
132611,9.1394,0.003506,285.27, 426.5019
132612,9.1433,0.003805,262.85, 426.5019
132613,9.1467,0.003375,296.27, 426.5019
132614,9.1504,0.003764,265.65, 426.5019
132615,9.1541,0.003645,274.37, 426.5019
132616,9.1575,0.003440,290.71, 426.5019
132617,9.1609,0.003433,291.26, 426.5025
132618,9.1643,0.003406,293.59, 426.5019
132619,9.1677,0.003437,290.99, 426.5019
132620,9.1714,0.003548,281.88, 426.5019
132621,9.1748,0.003473,287.96, 426.5025
132622,9.1782,0.003437,290.92, 426.5644
132623,9.1816,0.003381,295.81, 426.5019
132624,9.1851,0.003493,286.31, 426.5019
132625,9.1885,0.003372,296.54, 426.5019
132626,9.1919,0.003521,283.99, 426.5025
132627,9.1953,0.003402,293.93, 426.5019
132628,9.1992,0.003815,262.14, 426.5019
132629,9.2029,0.003608,277.18, 426.5019
132630,9.2063,0.003469,288.28, 426.5019
132631,9.2097,0.003538,282.66, 426.5019
132632,9.2131,0.003433,291.27, 426.5019
132633,9.2168,0.003597,277.99, 426.5025
132634,9.2202,0.003494,286.17, 426.5019
132635,9.2239,0.003454,289.56, 426.5019
132636,9.2273,0.003506,285.22, 426.5019
132637,9.2307,0.003441,290.60, 426.5019
132638,9.2341,0.003473,287.98, 426.5019
132639,9.2375,0.003428,291.74, 426.5019
132640,9.2412,0.003478,287.53, 426.5019
132641,9.2446,0.003498,285.84, 426.5019
132642,9.2480,0.003518,284.24, 426.5019
132643,9.2517,0.003488,286.67, 426.5019
132644,9.2551,0.003428,291.69, 426.5019
132645,9.2585,0.003596,278.07, 426.5019
132646,9.2620,0.003434,291.18, 426.5019
132647,9.2656,0.003457,289.30, 426.5025
132648,9.2688,0.003393,294.73, 426.5025
132649,9.2725,0.003530,283.26, 426.5019
132650,9.2759,0.003409,293.31, 426.5019
132651,9.2795,0.003719,268.89, 426.5020
132652,9.2830,0.003412,293.12, 426.5019
132653,9.2864,0.003367,297.03, 426.5019
132654,9.2898,0.003474,287.84, 426.5019
132655,9.2932,0.003485,286.97, 426.5019
132656,9.2966,0.003431,291.49, 426.5019
132657,9.3003,0.003454,289.56, 426.5025
132658,9.3037,0.003451,289.75, 426.5022
132659,9.3071,0.003390,295.00, 426.5019
132660,9.3105,0.003493,286.26, 426.5019
132661,9.3140,0.003501,285.62, 426.5019
132662,9.3174,0.003447,290.08, 426.5019
132663,9.3210,0.003478,287.50, 426.5019
132664,9.3245,0.003497,285.98, 426.5019
132665,9.3279,0.003394,294.66, 426.5019
132666,9.3313,0.003463,288.75, 426.5025
132667,9.3347,0.003392,294.81, 426.5019
132668,9.3381,0.003462,288.83, 426.5019
132669,9.3418,0.003652,273.86, 426.5019
132670,9.3452,0.003385,295.44, 426.5019
132671,9.3486,0.003371,296.63, 426.5019
132672,9.3521,0.003578,279.49, 426.5025
132673,9.3557,0.003574,279.83, 426.5019
132674,9.3591,0.003450,289.84, 426.5019
132675,9.3625,0.003494,286.19, 426.5025
132676,9.3662,0.003511,284.79, 426.5019
132677,9.3696,0.003402,293.95, 426.5019
132678,9.3730,0.003449,289.91, 426.5025
132679,9.3765,0.003358,297.80, 426.5025
132680,9.3799,0.003453,289.65, 426.5019
132681,9.3833,0.003347,298.78, 426.5019
132682,9.3867,0.003471,288.08, 426.5019
132683,9.3901,0.003496,286.02, 426.5019
132684,9.3936,0.003451,289.75, 426.5019
132685,9.3970,0.003373,296.47, 426.5019
132686,9.4009,0.003816,262.07, 426.5025
132687,9.4043,0.003518,284.24, 426.5019
132688,9.4077,0.003408,293.44, 426.5019
132689,9.4111,0.003531,283.21, 426.5019
132690,9.4146,0.003417,292.63, 426.5019
132691,9.4180,0.003417,292.70, 426.5019
132692,9.4219,0.003877,257.91, 426.5025
132693,9.4255,0.003536,282.79, 426.5019
132694,9.4290,0.003558,281.10, 426.5019
132695,9.4326,0.003459,289.08, 426.5019
132696,9.4360,0.003460,289.01, 426.5019
132697,9.4395,0.003483,287.13, 426.5019
132698,9.4429,0.003436,291.04, 426.5019
132699,9.4463,0.003471,288.09, 426.5025
132700,9.4497,0.003354,298.14, 426.5019
132701,9.4531,0.003488,286.72, 426.5025
132702,9.4565,0.003398,294.26, 426.5019
132703,9.4600,0.003425,292.01, 426.5019
132704,9.4634,0.003357,297.89, 426.5296
132705,9.4673,0.003912,255.60, 426.5019
132706,9.4709,0.003577,279.53, 426.5025
132707,9.4741,0.003373,296.49, 426.5019
132708,9.4778,0.003422,292.23, 426.5019
132709,9.4810,0.003414,292.92, 426.5025
132710,9.4846,0.003513,284.68, 426.5025
132711,9.4880,0.003445,290.29, 426.5025
132712,9.4915,0.003400,294.13, 426.5019
132713,9.4949,0.003452,289.65, 426.5025
132714,9.4985,0.003558,281.05, 426.5019
132715,9.5020,0.003515,284.46, 426.5019
132716,9.5054,0.003362,297.42, 426.5019
132717,9.5088,0.003432,291.34, 426.5019
132718,9.5122,0.003459,289.09, 426.5019
132719,9.5156,0.003387,295.29, 426.5019
132720,9.5190,0.003424,292.06, 426.5019
132721,9.5225,0.003429,291.66, 426.5019
132722,9.5259,0.003390,294.96, 426.5019
132723,9.5293,0.003419,292.47, 426.5019
132724,9.5327,0.003423,292.14, 426.5019
132725,9.5361,0.003398,294.32, 426.5025
132726,9.5396,0.003505,285.31, 426.5019
132727,9.5430,0.003420,292.42, 426.5019
132728,9.5466,0.003720,268.81, 426.5019
132729,9.5503,0.003544,282.21, 426.5019
132730,9.5537,0.003471,288.14, 426.5025
132731,9.5574,0.003566,280.41, 426.5025
132732,9.5608,0.003526,283.62, 426.5019
132733,9.5645,0.003540,282.45, 426.5025
132734,9.5679,0.003555,281.30, 426.5025
132735,9.5715,0.003492,286.40, 426.5025
132736,9.5750,0.003512,284.74, 426.5025
132737,9.5786,0.003603,277.55, 426.5019
132738,9.5820,0.003460,288.99, 426.5044
132739,9.5854,0.003552,281.52, 426.5019
132740,9.5891,0.003457,289.28, 426.5019
132741,9.5925,0.003570,280.14, 426.5025
132742,9.5959,0.003456,289.36, 426.5025
132743,9.5996,0.003541,282.39, 426.5025
132744,9.6030,0.003573,279.85, 426.5019
132745,9.6067,0.003478,287.51, 426.5025
132746,9.6101,0.003524,283.79, 426.5019
132747,9.6135,0.003468,288.36, 426.5019
132748,9.6172,0.003532,283.13, 426.5019
132749,9.6206,0.003486,286.90, 426.5044
132750,9.6248,0.004051,246.84, 426.5019
132751,9.6287,0.003905,256.06, 426.5025
132752,9.6321,0.003514,284.58, 426.5305
132753,9.6360,0.003889,257.17, 426.5019
132754,9.6396,0.003637,274.92, 426.5019
132755,9.6431,0.003514,284.59, 426.5019
132756,9.6467,0.003514,284.61, 426.5321
132757,9.6506,0.003886,257.35, 426.5019
132758,9.6543,0.003752,266.50, 426.5019
132759,9.6580,0.003650,273.99, 426.5263
132760,9.6614,0.003476,287.71, 426.5019
132761,9.6648,0.003446,290.18, 426.5019
132762,9.6682,0.003451,289.76, 426.5022
132763,9.6721,0.003916,255.39, 426.5019
132764,9.6758,0.003646,274.26, 426.5019
132765,9.6794,0.003669,272.54, 426.5019
132766,9.6834,0.003793,263.62, 426.5019
132767,9.6873,0.003913,255.54, 426.5019
132768,9.6912,0.004003,249.81, 426.5026
132769,9.6948,0.003540,282.52, 426.5019
132770,9.6982,0.003418,292.58, 426.5019
132771,9.7019,0.003568,280.24, 426.5025
132772,9.7051,0.003356,297.95, 426.5019
132773,9.7087,0.003545,282.11, 426.5019
132774,9.7122,0.003491,286.45, 426.5019
132775,9.7156,0.003422,292.24, 426.5019
132776,9.7190,0.003498,285.86, 426.5019
132777,9.7227,0.003464,288.68, 426.5019
132778,9.7261,0.003420,292.42, 426.5019
132779,9.7292,0.003365,297.18, 426.5019
132780,9.7329,0.003455,289.45, 426.5142
132781,9.7363,0.003632,275.34, 426.5289
132782,9.7400,0.003603,277.55, 426.5025
132783,9.7434,0.003423,292.18, 426.5019
132784,9.7468,0.003349,298.61, 426.5022
132785,9.7502,0.003529,283.33, 426.5019
132786,9.7537,0.003386,295.33, 426.5019
132787,9.7571,0.003475,287.80, 426.5025
132788,9.7605,0.003361,297.53, 426.5222
132789,9.7642,0.003498,285.86, 426.5019
132790,9.7676,0.003433,291.32, 426.5019
132791,9.7708,0.003385,295.39, 426.5025
132792,9.7744,0.003455,289.45, 426.5019
132793,9.7778,0.003402,293.92, 426.5019
132794,9.7813,0.003436,291.04, 426.5025
132795,9.7847,0.003402,293.97, 426.5019
132796,9.7881,0.003405,293.67, 426.5019
132797,9.7915,0.003429,291.64, 426.5019
132798,9.7949,0.003414,292.94, 426.5044
132799,9.7983,0.003441,290.60, 426.5025
132800,9.8018,0.003402,293.94, 426.5019
132801,9.8052,0.003436,291.08, 426.5019
132802,9.8084,0.003373,296.45, 426.5019
132803,9.8120,0.003473,287.97, 426.5019
132804,9.8154,0.003401,294.07, 426.5019
132805,9.8188,0.003427,291.83, 426.5019
132806,9.8223,0.003410,293.29, 426.5044
132807,9.8257,0.003392,294.80, 426.5025
132808,9.8291,0.003422,292.19, 426.5025
132809,9.8323,0.003325,300.80, 426.5019
132810,9.8357,0.003435,291.11, 426.5025
132811,9.8391,0.003403,293.86, 426.5019
132812,9.8428,0.003611,276.90, 426.5019
132813,9.8462,0.003467,288.45, 426.5025
132814,9.8496,0.003374,296.38, 426.5019
132815,9.8530,0.003393,294.70, 426.5019
132816,9.8564,0.003400,294.13, 426.5019
132817,9.8601,0.003699,270.37, 426.5019
132818,9.8635,0.003330,300.32, 426.5019
132819,9.8669,0.003467,288.48, 426.5019
132820,9.8704,0.003440,290.74, 426.5034
132821,9.8740,0.003576,279.66, 426.5019
132822,9.8774,0.003447,290.12, 426.5019
132823,9.8806,0.003315,301.63, 426.5025
132824,9.8840,0.003403,293.89, 426.5019
132825,9.8875,0.003462,288.84, 426.5019
132826,9.8909,0.003424,292.06, 426.5025
132827,9.8943,0.003372,296.60, 426.5019
132828,9.8977,0.003386,295.38, 426.5019
132829,9.9011,0.003382,295.70, 426.5025
132830,9.9045,0.003446,290.17, 426.5019
132831,9.9080,0.003450,289.88, 426.5019
132832,9.9114,0.003403,293.84, 426.5019
132833,9.9148,0.003394,294.64, 426.5019
132834,9.9185,0.003725,268.43, 426.5020
132835,9.9219,0.003394,294.66, 426.5025
132836,9.9253,0.003355,298.10, 426.5025
132837,9.9287,0.003387,295.22, 426.5019
132838,9.9321,0.003398,294.26, 426.5025
132839,9.9355,0.003381,295.74, 426.5019
132840,9.9390,0.003480,287.38, 426.5019
132841,9.9424,0.003465,288.62, 426.5025
132842,9.9458,0.003451,289.81, 426.5025
132843,9.9492,0.003421,292.31, 426.5019
132844,9.9526,0.003404,293.82, 426.5019
132845,9.9561,0.003414,292.92, 426.5022
132846,9.9595,0.003427,291.77, 426.5019
132847,9.9629,0.003402,293.91, 426.5019
132848,9.9663,0.003355,298.07, 426.5019
132849,9.9697,0.003471,288.07, 426.5019
132850,9.9731,0.003356,297.98, 426.5025
132851,9.9766,0.003445,290.24, 426.5025
132852,9.9800,0.003445,290.24, 426.5019
132853,9.9834,0.003415,292.83, 426.5019
132854,9.9868,0.003375,296.31, 426.5025
132855,9.9902,0.003386,295.36, 426.5019
132856,9.9937,0.003451,289.76, 426.5019
132857,9.9971,0.003418,292.60, 426.5019
