TotalFrame,Time,DeltaTime,FPS,RAM
388953,0.0000,0.010772,92.83, 506.1279
388954,0.0000,0.010772,92.83, 506.2653
388955,0.0200,0.020000,50.00, 506.1532
388956,0.0239,0.003997,250.19, 506.1520
388957,0.0278,0.003690,271.01, 506.1523
388958,0.0352,0.007254,137.85, 506.1519
388959,0.0396,0.004708,212.39, 506.1517
388960,0.0430,0.003494,286.23, 506.1518
388961,0.0474,0.004034,247.87, 506.1521
388962,0.0508,0.003520,284.11, 506.1517
388963,0.0542,0.003549,281.81, 506.1524
388964,0.0586,0.004055,246.64, 506.1518
388965,0.0630,0.004629,216.04, 506.1521
388966,0.0664,0.003472,288.00, 506.1466
388967,0.0698,0.003265,306.27, 506.1464
388968,0.0732,0.003284,304.50, 506.1464
388969,0.0762,0.003082,324.43, 506.1467
388970,0.0801,0.004103,243.70, 506.1464
388971,0.0840,0.003550,281.70, 506.1467
388972,0.0874,0.003768,265.39, 506.1467
388973,0.0913,0.003909,255.85, 506.1467
388974,0.0947,0.003209,311.61, 506.1563
388975,0.0986,0.003921,255.07, 506.1470
388976,0.1021,0.003538,282.62, 506.1464
388977,0.1060,0.003963,252.32, 506.1464
388978,0.1099,0.003890,257.10, 506.1467
388979,0.1133,0.003527,283.55, 506.1467
388980,0.1172,0.003848,259.86, 506.1470
388981,0.1211,0.003570,280.11, 506.1464
388982,0.1245,0.003786,264.12, 506.1470
388983,0.1284,0.003926,254.71, 506.1464
388984,0.1323,0.003494,286.19, 506.1464
388985,0.1357,0.003794,263.59, 506.1470
388986,0.1396,0.003886,257.35, 506.1464
388987,0.1436,0.003643,274.50, 506.1464
388988,0.1470,0.003792,263.70, 506.1470
388989,0.1504,0.003382,295.68, 506.1470
388990,0.1548,0.004139,241.63, 506.1464
388991,0.1582,0.003649,274.05, 506.1470
388992,0.1616,0.003460,289.03, 506.1470
388993,0.1660,0.004345,230.14, 506.1464
388994,0.1694,0.003493,286.25, 506.1467
388995,0.1733,0.003811,262.41, 506.1464
388996,0.1772,0.003827,261.29, 506.1467
388997,0.1807,0.003522,283.97, 506.1464
388998,0.1851,0.004098,244.02, 506.1464
388999,0.1885,0.003642,274.54, 506.1464
389000,0.1919,0.003565,280.50, 506.1464
389001,0.1958,0.003776,264.85, 506.1467
389002,0.1997,0.003563,280.66, 506.1464
389003,0.2031,0.003791,263.76, 506.1467
389004,0.2070,0.003806,262.76, 506.1467
389005,0.2109,0.003627,275.71, 506.1464
389006,0.2144,0.003818,261.91, 506.1464
389007,0.2178,0.003467,288.43, 506.1687
389008,0.2217,0.003826,261.34, 506.1470
389009,0.2256,0.003868,258.55, 506.1464
389010,0.2290,0.003505,285.33, 506.1470
389011,0.2329,0.003725,268.49, 506.1470
389012,0.2368,0.003892,256.92, 506.1470
389013,0.2402,0.003599,277.83, 506.1464
389014,0.2441,0.003869,258.44, 506.1467
389015,0.2480,0.003542,282.35, 506.1464
389016,0.2515,0.003818,261.90, 506.1464
389017,0.2549,0.003419,292.52, 506.1470
389018,0.2588,0.003771,265.21, 506.1464
389019,0.2627,0.003974,251.64, 506.1467
389020,0.2666,0.003671,272.44, 506.1464
389021,0.2700,0.003686,271.33, 506.1467
389022,0.2744,0.004038,247.67, 506.1464
389023,0.2773,0.003206,311.88, 506.1467
389024,0.2817,0.004149,241.02, 506.1464
389025,0.2847,0.003263,306.49, 506.1470
389026,0.2886,0.003819,261.86, 506.1467
389027,0.2925,0.003968,252.04, 506.1467
389028,0.2964,0.003756,266.23, 506.1470
389029,0.2998,0.003495,286.13, 506.1467
389030,0.3037,0.003717,269.07, 506.1467
389031,0.3076,0.003880,257.75, 506.1470
389032,0.3110,0.003602,277.66, 506.1464
389033,0.3149,0.003665,272.86, 506.1464
389034,0.3184,0.003838,260.59, 506.1464
389035,0.3223,0.003717,269.06, 506.1467
389036,0.3262,0.003680,271.72, 506.1467
389037,0.3296,0.003823,261.60, 506.1470
389038,0.3330,0.003416,292.71, 506.1470
389039,0.3374,0.004014,249.13, 506.1464
389040,0.3408,0.003836,260.69, 506.1470
389041,0.3442,0.003347,298.82, 506.1464
389042,0.3486,0.004107,243.50, 506.1470
389043,0.3521,0.003459,289.14, 506.1467
389044,0.3560,0.003999,250.04, 506.1467
389045,0.3599,0.003845,260.07, 506.1464
389046,0.3633,0.003493,286.26, 506.1464
389047,0.3672,0.003794,263.57, 506.1470
389048,0.3711,0.003784,264.26, 506.1470
389049,0.3745,0.003427,291.77, 506.1464
389050,0.3784,0.003891,257.04, 506.1464
389051,0.3818,0.003722,268.67, 506.1464
389052,0.3857,0.003702,270.11, 506.1509
389053,0.3892,0.003768,265.43, 506.1489
389054,0.3931,0.003484,287.00, 506.1464
389055,0.3970,0.004033,247.93, 506.1467
389056,0.4004,0.003401,294.01, 506.1467
389057,0.4043,0.003966,252.16, 506.1464
389058,0.4082,0.003823,261.56, 506.1464
389059,0.4116,0.003555,281.28, 506.1464
389060,0.4155,0.003856,259.32, 506.1467
389061,0.4194,0.003854,259.50, 506.1464
389062,0.4229,0.003503,285.45, 506.1470
389063,0.4263,0.003630,275.46, 506.1470
389064,0.4302,0.003636,275.04, 506.1464
389065,0.4346,0.004280,233.63, 506.1464
389066,0.4380,0.003697,270.46, 506.1467
389067,0.4419,0.003603,277.55, 506.1467
389068,0.4453,0.003612,276.82, 506.1467
389069,0.4487,0.003640,274.70, 506.1467
389070,0.4531,0.004017,248.94, 506.1464
389071,0.4565,0.003609,277.09, 506.1470
389072,0.4604,0.003646,274.26, 506.1470
389073,0.4644,0.003949,253.21, 506.1464
389074,0.4683,0.003860,259.06, 506.1464
389075,0.4717,0.003432,291.35, 506.1467
389076,0.4751,0.003848,259.90, 506.1467
389077,0.4790,0.003597,278.02, 506.1464
389078,0.4829,0.004203,237.95, 506.1464
389079,0.4863,0.003107,321.85, 506.1467
389080,0.4902,0.003801,263.06, 506.1464
389081,0.4937,0.003813,262.26, 506.1470
389082,0.4976,0.003843,260.20, 506.1464
389083,0.5020,0.004186,238.89, 506.1467
389084,0.5054,0.003738,267.49, 506.1470
389085,0.5093,0.003660,273.22, 506.1464
389086,0.5132,0.003810,262.44, 506.1464
389087,0.5166,0.003781,264.46, 506.1467
389088,0.5205,0.003584,279.05, 506.1464
389089,0.5244,0.003772,265.10, 506.1467
389090,0.5278,0.003591,278.48, 506.1464
389091,0.5313,0.003667,272.68, 506.1464
389092,0.5356,0.003993,250.46, 506.1464
389093,0.5391,0.003424,292.07, 506.1470
389094,0.5425,0.003694,270.71, 506.1464
389095,0.5459,0.003563,280.63, 506.1464
389096,0.5503,0.004019,248.81, 506.1470
389097,0.5542,0.003824,261.48, 506.1467
389098,0.5576,0.003447,290.12, 506.1464
389099,0.5615,0.003954,252.90, 506.1467
389100,0.5649,0.003650,274.01, 506.1464
389101,0.5688,0.003892,256.93, 506.1467
389102,0.5728,0.003796,263.43, 506.1470
389103,0.5762,0.003578,279.52, 506.1470
389104,0.5801,0.003907,255.97, 506.1467
389105,0.5840,0.003732,267.96, 506.1467
389106,0.5874,0.003455,289.40, 506.1470
389107,0.5913,0.003834,260.81, 506.1470
389108,0.5947,0.003564,280.60, 506.1464
389109,0.5986,0.003798,263.27, 506.1467
389110,0.6025,0.003742,267.27, 506.1464
389111,0.6060,0.003651,273.89, 506.1467
389112,0.6099,0.003725,268.43, 506.1467
389113,0.6133,0.003532,283.15, 506.1467
389114,0.6172,0.003933,254.28, 506.1470
389115,0.6211,0.003778,264.73, 506.1470
389116,0.6245,0.003522,283.90, 506.1467
389117,0.6284,0.003747,266.86, 506.1467
389118,0.6318,0.003542,282.33, 506.1464
389119,0.6357,0.003924,254.86, 506.1467
389120,0.6392,0.003704,269.97, 506.1470
389121,0.6436,0.004020,248.77, 506.1464
389122,0.6475,0.004023,248.58, 506.1464
389123,0.6509,0.003213,311.25, 506.1464
389124,0.6543,0.003596,278.09, 506.1467
389125,0.6582,0.003726,268.36, 506.1464
389126,0.6621,0.003949,253.21, 506.1464
389127,0.6665,0.004386,228.01, 506.1467
389128,0.6699,0.003830,261.11, 506.1470
389129,0.6738,0.003538,282.68, 506.1467
389130,0.6772,0.003792,263.73, 506.1464
389131,0.6812,0.003888,257.23, 506.1470
389132,0.6846,0.003461,288.95, 506.1467
389133,0.6885,0.003882,257.63, 506.1611
389134,0.6919,0.003358,297.79, 506.1467
389135,0.6958,0.003914,255.50, 506.1464
389136,0.6997,0.003897,256.61, 506.1464
389137,0.7031,0.003507,285.11, 506.1467
389138,0.7070,0.003773,265.06, 506.1464
389139,0.7109,0.003790,263.83, 506.1467
389140,0.7144,0.003537,282.75, 506.1470
389141,0.7183,0.004036,247.79, 506.1467
389142,0.7217,0.003387,295.29, 506.1464
389143,0.7256,0.003721,268.75, 506.1464
389144,0.7290,0.003490,286.57, 506.1464
389145,0.7329,0.003919,255.16, 506.1470
389146,0.7368,0.003663,273.00, 506.1467
389147,0.7402,0.003666,272.81, 506.1467
389148,0.7441,0.003755,266.30, 506.1464
389149,0.7480,0.003821,261.70, 506.1467
389150,0.7515,0.003628,275.66, 506.1464
389151,0.7554,0.003749,266.74, 506.1467
389152,0.7588,0.003458,289.21, 506.1470
389153,0.7627,0.003862,258.95, 506.1470
389154,0.7666,0.003967,252.11, 506.1464
389155,0.7700,0.003506,285.24, 506.1467
389156,0.7739,0.003720,268.79, 506.1467
389157,0.7773,0.003492,286.38, 506.1464
389158,0.7813,0.004171,239.73, 506.1464
389159,0.7852,0.003477,287.58, 506.1470
389160,0.7886,0.003530,283.30, 506.1467
389161,0.7925,0.003783,264.38, 506.1464
389162,0.7964,0.003920,255.10, 506.1467
389163,0.7998,0.003473,287.91, 506.1464
389164,0.8037,0.003833,260.93, 506.1470
389165,0.8071,0.003553,281.46, 506.1470
389166,0.8110,0.003769,265.32, 506.1470
389167,0.8149,0.003951,253.09, 506.1464
389168,0.8184,0.003395,294.57, 506.1470
389169,0.8218,0.003784,264.28, 506.1470
389170,0.8257,0.003579,279.38, 506.1467
389171,0.8291,0.003779,264.59, 506.1470
389172,0.8330,0.003929,254.54, 506.1467
389173,0.8364,0.003439,290.78, 506.1470
389174,0.8403,0.003793,263.65, 506.1470
389175,0.8442,0.003557,281.18, 506.1464
389176,0.8477,0.003834,260.82, 506.1464
389177,0.8516,0.003689,271.11, 506.1464
389178,0.8550,0.003641,274.63, 506.1467
389179,0.8589,0.003835,260.78, 506.1467
389180,0.8623,0.003468,288.38, 506.1467
389181,0.8662,0.003927,254.66, 506.1464
389182,0.8701,0.003615,276.66, 506.1467
389183,0.8740,0.004013,249.22, 506.1464
389184,0.8779,0.003829,261.15, 506.1464
389185,0.8813,0.003688,271.12, 506.1470
389186,0.8853,0.003658,273.40, 506.1464
389187,0.8892,0.004038,247.65, 506.1464
389188,0.8926,0.003446,290.18, 506.1467
389189,0.8960,0.003504,285.43, 506.1464
389190,0.8999,0.003822,261.66, 506.1464
389191,0.9033,0.003249,307.83, 506.1470
389192,0.9072,0.004061,246.26, 506.1467
389193,0.9116,0.004126,242.35, 506.1464
389194,0.9155,0.004183,239.08, 506.1464
389195,0.9194,0.003737,267.58, 506.1470
389196,0.9229,0.003251,307.65, 506.1464
389197,0.9268,0.003966,252.14, 506.1464
389198,0.9307,0.003921,255.04, 506.1467
389199,0.9346,0.003905,256.11, 506.1464
389200,0.9380,0.003768,265.42, 506.1467
389201,0.9414,0.003400,294.15, 506.1467
389202,0.9453,0.003867,258.60, 506.1464
389203,0.9492,0.003956,252.81, 506.1464
389204,0.9531,0.003663,272.99, 506.1467
389205,0.9565,0.003601,277.67, 506.1464
389206,0.9604,0.003796,263.47, 506.1464
389207,0.9639,0.003444,290.39, 506.1464
389208,0.9678,0.004087,244.70, 506.1464
389209,0.9712,0.003439,290.82, 506.1467
389210,0.9751,0.003822,261.63, 506.1467
389211,0.9795,0.004004,249.78, 506.1470
389212,0.9829,0.003469,288.31, 506.1467
389213,0.9863,0.003810,262.47, 506.1470
389214,0.9902,0.003469,288.28, 506.1464
389215,0.9937,0.003884,257.49, 506.1470
389216,0.9976,0.003885,257.41, 506.1467
389217,1.0015,0.003457,289.24, 506.1470
389218,1.0049,0.003665,272.85, 506.1464
389219,1.0088,0.004083,244.91, 506.1470
389220,1.0127,0.003488,286.71, 506.1467
389221,1.0166,0.004016,249.02, 506.1470
389222,1.0200,0.003407,293.54, 506.1467
389223,1.0234,0.003723,268.59, 506.1464
389224,1.0273,0.003956,252.81, 506.1470
389225,1.0313,0.003582,279.20, 506.1467
389226,1.0352,0.003956,252.77, 506.1470
389227,1.0386,0.003428,291.70, 506.1470
389228,1.0425,0.003873,258.18, 506.1464
389229,1.0464,0.003884,257.45, 506.1467
389230,1.0498,0.003496,286.01, 506.1470
389231,1.0537,0.003859,259.11, 506.1464
389232,1.0576,0.003988,250.74, 506.1470
389233,1.0615,0.003887,257.28, 506.1467
389234,1.0649,0.003546,282.03, 506.1470
389235,1.0684,0.003271,305.71, 506.1470
389236,1.0723,0.003981,251.22, 506.1464
389237,1.0767,0.004131,242.10, 506.1467
389238,1.0796,0.003323,300.90, 506.1464
389239,1.0840,0.004176,239.45, 506.1464
389240,1.0874,0.003504,285.41, 506.1470
389241,1.0913,0.003931,254.42, 506.1464
389242,1.0952,0.003785,264.21, 506.1464
389243,1.0986,0.003558,281.05, 506.1467
389244,1.1025,0.003838,260.55, 506.1470
389245,1.1064,0.003893,256.85, 506.1464
389246,1.1099,0.003306,302.53, 506.1464
389247,1.1138,0.004115,243.00, 506.1467
389248,1.1172,0.003451,289.75, 506.1464
389249,1.1211,0.003816,262.08, 506.1464
389250,1.1250,0.003925,254.75, 506.1470
389251,1.1284,0.003494,286.22, 506.1470
389252,1.1323,0.003846,260.04, 506.1467
389253,1.1357,0.003496,286.07, 506.1470
389254,1.1396,0.003739,267.47, 506.1467
389255,1.1436,0.004024,248.53, 506.1464
389256,1.1470,0.003442,290.50, 506.1467
389257,1.1509,0.003928,254.59, 506.1470
389258,1.1553,0.004298,232.68, 506.1466
389259,1.1582,0.003012,331.98, 506.1467
389260,1.1621,0.003793,263.64, 506.1470
389261,1.1660,0.003635,275.13, 506.1464
389262,1.1694,0.003888,257.23, 506.1464
389263,1.1733,0.003891,257.02, 506.1470
389264,1.1772,0.003463,288.76, 506.1467
389265,1.1807,0.003855,259.43, 506.1470
389266,1.1841,0.003377,296.09, 506.1467
389267,1.1885,0.004013,249.18, 506.1467
389268,1.1919,0.003684,271.47, 506.1470
389269,1.1958,0.003676,272.01, 506.1467
389270,1.1997,0.003854,259.45, 506.1470
389271,1.2031,0.003886,257.33, 506.1464
389272,1.2070,0.003465,288.58, 506.1467
389273,1.2104,0.003846,260.03, 506.1470
389274,1.2144,0.003637,274.94, 506.1464
389275,1.2183,0.003824,261.49, 506.1464
389276,1.2222,0.003811,262.41, 506.1470
389277,1.2256,0.003468,288.37, 506.1467
389278,1.2290,0.003658,273.40, 506.1464
389279,1.2329,0.003774,264.99, 506.1467
389280,1.2368,0.003854,259.49, 506.1467
389281,1.2407,0.003798,263.31, 506.1470
389282,1.2441,0.003570,280.14, 506.1464
389283,1.2480,0.003885,257.38, 506.1494
389284,1.2520,0.003890,257.06, 506.1464
389285,1.2554,0.003351,298.45, 506.1464
389286,1.2588,0.003694,270.69, 506.1470
389287,1.2627,0.003634,275.19, 506.1467
389288,1.2666,0.003944,253.56, 506.1464
389289,1.2700,0.003611,276.96, 506.1470
389290,1.2734,0.003442,290.56, 506.1467
389291,1.2773,0.003864,258.83, 506.1467
389292,1.2813,0.003704,270.01, 506.1464
389293,1.2847,0.003807,262.67, 506.1464
389294,1.2881,0.003424,292.05, 506.1470
389295,1.2920,0.003874,258.14, 506.1467
389296,1.2964,0.004021,248.70, 506.1467
389297,1.2998,0.003417,292.63, 506.1467
389298,1.3037,0.004041,247.48, 506.1470
389299,1.3076,0.003807,262.71, 506.1470
389300,1.3110,0.003486,286.90, 506.1467
389301,1.3149,0.003842,260.31, 506.1467
389302,1.3184,0.003463,288.78, 506.1470
389303,1.3223,0.003876,258.02, 506.1467
389304,1.3262,0.003793,263.68, 506.1470
389305,1.3296,0.003455,289.40, 506.1467
389306,1.3330,0.003842,260.31, 506.1470
389307,1.3374,0.003941,253.77, 506.1467
389308,1.3403,0.003378,296.02, 506.1464
389309,1.3442,0.003781,264.45, 506.1470
389310,1.3481,0.003636,275.02, 506.1464
389311,1.3521,0.003906,256.04, 506.1470
389312,1.3555,0.003828,261.25, 506.1470
389313,1.3589,0.003420,292.41, 506.1467
389314,1.3628,0.003892,256.94, 506.1464
389315,1.3667,0.003540,282.46, 506.1467
389316,1.3701,0.003779,264.65, 506.1470
389317,1.3745,0.004167,240.00, 506.1464
389318,1.3779,0.003332,300.16, 506.1464
389319,1.3818,0.003967,252.08, 506.1606
389320,1.3857,0.003791,263.76, 506.1464
389321,1.3892,0.003405,293.70, 506.1464
389322,1.3926,0.003681,271.68, 506.1467
389323,1.3965,0.003676,272.01, 506.1464
389324,1.4004,0.004051,246.85, 506.1464
389325,1.4043,0.004137,241.74, 506.1464
389326,1.4082,0.003504,285.41, 506.1464
389327,1.4116,0.003666,272.81, 506.1464
389328,1.4150,0.003537,282.75, 506.1467
389329,1.4189,0.003818,261.91, 506.1467
389330,1.4229,0.003843,260.19, 506.1464
389331,1.4263,0.003481,287.32, 506.1467
389332,1.4302,0.003816,262.05, 506.1467
389333,1.4336,0.003594,278.22, 506.1464
389334,1.4375,0.003781,264.47, 506.1464
389335,1.4414,0.003711,269.47, 506.1467
389336,1.4448,0.003709,269.61, 506.1467
389337,1.4487,0.003849,259.82, 506.1464
389338,1.4526,0.003730,268.10, 506.1470
389339,1.4561,0.003561,280.80, 506.1470
389340,1.4600,0.003763,265.76, 506.1470
389341,1.4634,0.003525,283.68, 506.1467
389342,1.4673,0.003917,255.32, 506.1464
389343,1.4712,0.003704,269.99, 506.1470
389344,1.4746,0.003549,281.75, 506.1464
389345,1.4780,0.003661,273.14, 506.1470
389346,1.4819,0.003712,269.41, 506.1464
389347,1.4858,0.003678,271.86, 506.1464
389348,1.4897,0.003963,252.32, 506.1470
389349,1.4932,0.003489,286.64, 506.1467
389350,1.4971,0.003862,258.91, 506.1470
389351,1.5005,0.003447,290.12, 506.1467
389352,1.5044,0.004009,249.45, 506.1464
389353,1.5083,0.003752,266.55, 506.1470
389354,1.5117,0.003527,283.53, 506.1467
389355,1.5156,0.004021,248.71, 506.1470
389356,1.5190,0.003222,310.33, 506.1467
389357,1.5229,0.004040,247.52, 506.1464
389358,1.5269,0.003891,257.03, 506.1470
389359,1.5308,0.003677,271.96, 506.1470
389360,1.5342,0.003872,258.27, 506.1470
389361,1.5381,0.003753,266.44, 506.1470
389362,1.5415,0.003535,282.91, 506.1470
389363,1.5454,0.003833,260.87, 506.1470
389364,1.5488,0.003512,284.75, 506.1464
389365,1.5532,0.003932,254.34, 506.1467
389366,1.5571,0.003989,250.66, 506.1467
389367,1.5605,0.003582,279.21, 506.1464
389368,1.5645,0.003837,260.60, 506.1467
389369,1.5684,0.003844,260.13, 506.1464
389370,1.5718,0.003459,289.10, 506.1464
389371,1.5757,0.003803,262.96, 506.1467
389372,1.5791,0.003831,261.04, 506.1467
389373,1.5830,0.003738,267.55, 506.1464
389374,1.5869,0.003624,275.96, 506.1464
389375,1.5903,0.003643,274.53, 506.1464
389376,1.5942,0.004122,242.59, 506.1470
389377,1.5977,0.003408,293.39, 506.1464
389378,1.6021,0.004270,234.22, 506.1464
389379,1.6055,0.003414,292.91, 506.1470
389380,1.6094,0.003910,255.75, 506.1464
389381,1.6133,0.003892,256.93, 506.1464
389382,1.6172,0.003745,267.02, 506.1464
389383,1.6211,0.003971,251.81, 506.1464
389384,1.6245,0.003642,274.54, 506.1470
389385,1.6279,0.003431,291.46, 506.1467
389386,1.6323,0.004140,241.55, 506.1464
389387,1.6362,0.003828,261.25, 506.1469
389388,1.6396,0.003468,288.38, 506.1464
389389,1.6436,0.003921,255.05, 506.1464
389390,1.6470,0.003392,294.78, 506.1464
389391,1.6509,0.004025,248.45, 506.1464
389392,1.6543,0.003593,278.36, 506.1464
389393,1.6582,0.003521,284.04, 506.1464
389394,1.6621,0.004252,235.18, 506.1464
389395,1.6660,0.003780,264.52, 506.1464
389396,1.6694,0.003382,295.66, 506.1464
389397,1.6733,0.003918,255.25, 506.1464
389398,1.6768,0.003388,295.12, 506.1464
389399,1.6807,0.003884,257.49, 506.1470
389400,1.6841,0.003477,287.64, 506.1470
389401,1.6880,0.003677,271.98, 506.1470
389402,1.6914,0.003785,264.19, 506.1467
389403,1.6948,0.003469,288.28, 506.1467
389404,1.6987,0.003714,269.22, 506.1467
389405,1.7031,0.004169,239.85, 506.1464
389406,1.7065,0.003493,286.28, 506.1464
389407,1.7100,0.003667,272.71, 506.1467
389408,1.7139,0.003997,250.21, 506.1467
389409,1.7173,0.003449,289.91, 506.1464
389410,1.7212,0.003690,270.97, 506.1467
389411,1.7251,0.003732,267.97, 506.1470
389412,1.7285,0.003693,270.77, 506.1470
389413,1.7329,0.004070,245.69, 506.1464
389414,1.7363,0.003382,295.73, 506.1470
389415,1.7397,0.003872,258.29, 506.1470
389416,1.7437,0.003559,280.95, 506.1464
389417,1.7471,0.003756,266.24, 506.1470
389418,1.7510,0.003735,267.73, 506.1464
389419,1.7549,0.003662,273.05, 506.1467
389420,1.7583,0.003775,264.88, 506.1467
389421,1.7622,0.003990,250.66, 506.1470
389422,1.7661,0.003584,279.03, 506.1470
389423,1.7695,0.003724,268.52, 506.1464
389424,1.7734,0.003571,280.07, 506.1470
389425,1.7769,0.003769,265.32, 506.1464
389426,1.7808,0.003848,259.86, 506.1464
389427,1.7847,0.003621,276.14, 506.1467
389428,1.7881,0.003581,279.24, 506.1467
389429,1.7920,0.003721,268.78, 506.1470
389430,1.7954,0.003761,265.87, 506.1514
389431,1.7993,0.003865,258.73, 506.1470
389432,1.8037,0.004039,247.57, 506.1467
389433,1.8071,0.003629,275.55, 506.1470
389434,1.8105,0.003374,296.40, 506.1464
389435,1.8145,0.004069,245.78, 506.1464
389436,1.8184,0.003864,258.83, 506.1467
389437,1.8218,0.003476,287.68, 506.1464
389438,1.8257,0.003786,264.15, 506.1464
389439,1.8296,0.003920,255.13, 506.1467
389440,1.8330,0.003471,288.13, 506.1470
389441,1.8369,0.003617,276.49, 506.1470
389442,1.8403,0.003476,287.67, 506.1470
389443,1.8442,0.003843,260.25, 506.1464
389444,1.8481,0.004114,243.07, 506.1467
389445,1.8516,0.003410,293.23, 506.1464
389446,1.8555,0.003743,267.18, 506.1470
389447,1.8589,0.003577,279.57, 506.1467
389448,1.8628,0.003819,261.83, 506.1467
389449,1.8662,0.003727,268.33, 506.1464
389450,1.8701,0.003626,275.79, 506.1464
389451,1.8735,0.003626,275.78, 506.1470
389452,1.8779,0.004392,227.67, 506.1464
389453,1.8813,0.003245,308.19, 506.1467
389454,1.8853,0.003874,258.14, 506.1470
389455,1.8887,0.003646,274.28, 506.1464
389456,1.8931,0.004124,242.51, 506.1464
389457,1.8965,0.003431,291.43, 506.1467
389458,1.9004,0.004218,237.10, 506.1467
389459,1.9043,0.003804,262.92, 506.1467
389460,1.9082,0.003933,254.29, 506.1464
389461,1.9121,0.003812,262.35, 506.1464
389462,1.9165,0.004105,243.59, 506.1470
389463,1.9194,0.003253,307.37, 506.1467
389464,1.9233,0.003981,251.22, 506.1467
389465,1.9272,0.003680,271.72, 506.1470
389466,1.9307,0.003612,276.89, 506.1470
389467,1.9346,0.003935,254.14, 506.1470
389468,1.9380,0.003314,301.77, 506.1467
389469,1.9419,0.003990,250.65, 506.1467
389470,1.9458,0.003652,273.83, 506.1464
389471,1.9492,0.003655,273.64, 506.1470
389472,1.9531,0.003932,254.36, 506.1464
389473,1.9570,0.003676,272.06, 506.1467
389474,1.9604,0.003548,281.87, 506.1464
389475,1.9644,0.003729,268.20, 506.1467
389476,1.9678,0.003711,269.50, 506.1470
389477,1.9717,0.003918,255.21, 506.1467
389478,1.9756,0.003773,265.03, 506.1467
389479,1.9790,0.003394,294.61, 506.1470
389480,1.9834,0.004254,235.07, 506.1514
389481,1.9868,0.003378,296.02, 506.1467
389482,1.9907,0.003952,253.01, 506.1464
389483,1.9946,0.003826,261.36, 506.1464
389484,1.9980,0.003433,291.29, 506.1470
389485,2.0020,0.003908,255.87, 506.1464
389486,2.0059,0.003919,255.15, 506.1467
389487,2.0093,0.003411,293.13, 506.1467
389488,2.0127,0.003684,271.46, 506.1470
389489,2.0166,0.003688,271.16, 506.1467
389490,2.0205,0.003900,256.42, 506.1464
389491,2.0239,0.003694,270.69, 506.1467
389492,2.0278,0.003722,268.68, 506.1467
389493,2.0317,0.003742,267.22, 506.1464
389494,2.0352,0.003612,276.86, 506.1464
389495,2.0391,0.003784,264.25, 506.1467
389496,2.0425,0.003721,268.73, 506.1470
389497,2.0464,0.003628,275.62, 506.1470
389498,2.0498,0.003724,268.50, 506.1470
389499,2.0537,0.003948,253.27, 506.1470
389500,2.0576,0.003527,283.55, 506.1470
389501,2.0615,0.003887,257.24, 506.1464
389502,2.0649,0.003565,280.50, 506.1470
389503,2.0688,0.004154,240.72, 506.1470
389504,2.0728,0.003714,269.22, 506.1467
389505,2.0762,0.003546,282.01, 506.1467
389506,2.0806,0.003989,250.68, 506.1470
389507,2.0835,0.003297,303.33, 506.1467
389508,2.0874,0.003915,255.46, 506.1470
389509,2.0913,0.003883,257.55, 506.1467
389510,2.0947,0.003535,282.88, 506.1467
389511,2.0986,0.003614,276.69, 506.1470
389512,2.1021,0.003647,274.18, 506.1470
389513,2.1060,0.003820,261.79, 506.1470
389514,2.1099,0.003972,251.78, 506.1464
389515,2.1138,0.003750,266.67, 506.1464
389516,2.1177,0.003754,266.39, 506.1489
389517,2.1216,0.003937,254.01, 506.1464
389518,2.1245,0.003110,321.60, 506.1464
389519,2.1284,0.003966,252.15, 506.1470
389520,2.1318,0.003535,282.89, 506.1464
389521,2.1357,0.003797,263.38, 506.1467
389522,2.1396,0.003661,273.17, 506.1470
389523,2.1436,0.003914,255.49, 506.1470
389524,2.1475,0.003784,264.29, 506.1464
389525,2.1509,0.003508,285.03, 506.1470
389526,2.1548,0.003956,252.77, 506.1467
389527,2.1587,0.003846,259.98, 506.1470
389528,2.1621,0.003446,290.23, 506.1464
389529,2.1655,0.003657,273.49, 506.1467
389530,2.1694,0.003883,257.51, 506.1467
389531,2.1733,0.003645,274.36, 506.1464
389532,2.1768,0.003594,278.27, 506.1470
389533,2.1807,0.003699,270.36, 506.1467
389534,2.1846,0.003871,258.35, 506.1464
389535,2.1880,0.003810,262.44, 506.1464
389536,2.1914,0.003469,288.28, 506.1470
389537,2.1953,0.003814,262.19, 506.1470
389538,2.1992,0.003554,281.38, 506.1464
389539,2.2026,0.003841,260.32, 506.1470
389540,2.2065,0.003898,256.57, 506.1467
389541,2.2100,0.003423,292.12, 506.1464
389542,2.2139,0.003866,258.66, 506.1464
389543,2.2173,0.003513,284.63, 506.1464
389544,2.2212,0.003843,260.22, 506.1464
389545,2.2251,0.003771,265.18, 506.1470
389546,2.2285,0.003508,285.06, 506.1464
389547,2.2324,0.003852,259.62, 506.1464
389548,2.2358,0.003554,281.39, 506.1470
389549,2.2397,0.003946,253.44, 506.1467
389550,2.2437,0.003495,286.13, 506.1470
389551,2.2471,0.003616,276.59, 506.1470
389552,2.2510,0.003877,257.95, 506.1470
389553,2.2549,0.003857,259.30, 506.1467
389554,2.2583,0.003428,291.72, 506.1464
389555,2.2617,0.003677,271.98, 506.1470
389556,2.2656,0.003708,269.70, 506.1464
389557,2.2695,0.003855,259.38, 506.1464
389558,2.2734,0.003860,259.07, 506.1467
389559,2.2769,0.003538,282.67, 506.1470
389560,2.2808,0.003735,267.71, 506.1489
389561,2.2842,0.003462,288.88, 506.1464
389562,2.2881,0.003931,254.39, 506.1470
389563,2.2915,0.003621,276.17, 506.1470
389564,2.2954,0.003727,268.28, 506.1470
389565,2.2993,0.003877,257.93, 506.1467
389566,2.3032,0.003945,253.47, 506.1464
389567,2.3066,0.003394,294.63, 506.1470
389568,2.3105,0.003859,259.15, 506.1470
389569,2.3140,0.003672,272.37, 506.1470
389570,2.3179,0.003775,264.88, 506.1464
389571,2.3213,0.003419,292.50, 506.1470
389572,2.3252,0.003903,256.21, 506.1470
389573,2.3291,0.003824,261.49, 506.1470
389574,2.3325,0.003572,279.96, 506.1470
389575,2.3364,0.003819,261.88, 506.1470
389576,2.3403,0.003825,261.47, 506.1470
389577,2.3438,0.003604,277.46, 506.1470
389578,2.3477,0.003945,253.47, 506.1470
389579,2.3511,0.003341,299.34, 506.1464
389580,2.3550,0.004018,248.90, 506.1464
389581,2.3589,0.003698,270.45, 506.1470
389582,2.3628,0.003692,270.86, 506.1470
389583,2.3662,0.003840,260.41, 506.1467
389584,2.3696,0.003475,287.78, 506.1467
389585,2.3735,0.003887,257.30, 506.1470
389586,2.3779,0.003962,252.37, 506.1464
389587,2.3818,0.003912,255.66, 506.1464
389588,2.3853,0.003697,270.47, 506.1464
389589,2.3892,0.003701,270.17, 506.1470
389590,2.3926,0.003527,283.54, 506.1464
389591,2.3965,0.003813,262.24, 506.1470
389592,2.3999,0.003514,284.60, 506.1467
389593,2.4038,0.003986,250.88, 506.1467
389594,2.4077,0.003687,271.20, 506.1464
389595,2.4111,0.003717,269.03, 506.1467
389596,2.4150,0.003676,272.02, 506.1467
389597,2.4189,0.003996,250.24, 506.1467
389598,2.4224,0.003492,286.36, 506.1467
389599,2.4263,0.003810,262.47, 506.1470
389600,2.4297,0.003602,277.65, 506.1464
389601,2.4336,0.003823,261.59, 506.1470
389602,2.4375,0.003839,260.48, 506.1467
389603,2.4409,0.003506,285.25, 506.1464
389604,2.4448,0.003820,261.81, 506.1470
389605,2.4482,0.003548,281.84, 506.1470
389606,2.4521,0.003855,259.42, 506.1467
389607,2.4561,0.003719,268.92, 506.1470
389608,2.4595,0.003604,277.48, 506.1464
389609,2.4634,0.003845,260.06, 506.1470
389610,2.4673,0.003929,254.51, 506.1464
389611,2.4712,0.003891,257.02, 506.1470
389612,2.4751,0.003787,264.03, 506.1464
389613,2.4785,0.003527,283.53, 506.1464
389614,2.4824,0.003904,256.12, 506.1467
389615,2.4863,0.003907,255.94, 506.1470
389616,2.4897,0.003400,294.16, 506.1467
389617,2.4937,0.003850,259.71, 506.1467
389618,2.4971,0.003420,292.43, 506.1467
389619,2.5010,0.004056,246.57, 506.1467
389620,2.5049,0.003863,258.87, 506.1467
389621,2.5083,0.003472,288.01, 506.1464
389622,2.5122,0.003778,264.68, 506.1467
389623,2.5161,0.004010,249.35, 506.1470
389624,2.5195,0.003354,298.17, 506.1533
389625,2.5234,0.003805,262.83, 506.1577
389626,2.5269,0.003671,272.44, 506.1464
389627,2.5308,0.003810,262.45, 506.1464
389628,2.5347,0.003799,263.25, 506.1470
389629,2.5381,0.003601,277.69, 506.1470
389630,2.5420,0.003639,274.77, 506.1467
389631,2.5454,0.003694,270.72, 506.1467
389632,2.5493,0.003870,258.42, 506.1464
389633,2.5532,0.003758,266.09, 506.1470
389634,2.5566,0.003608,277.14, 506.1464
389635,2.5605,0.003879,257.82, 506.1464
389636,2.5649,0.004172,239.72, 506.1464
389637,2.5684,0.003442,290.55, 506.1558
389638,2.5718,0.003513,284.69, 506.1470
389639,2.5757,0.003845,260.08, 506.1464
389640,2.5796,0.003692,270.89, 506.1464
389641,2.5835,0.004122,242.61, 506.1469
389642,2.5869,0.003244,308.28, 506.1470
389643,2.5903,0.003828,261.25, 506.1467
389644,2.5938,0.003289,304.01, 506.1464
389645,2.5977,0.004059,246.40, 506.1464
389646,2.6016,0.003822,261.66, 506.1464
389647,2.6055,0.003851,259.65, 506.1464
389648,2.6094,0.003865,258.73, 506.1464
389649,2.6128,0.003332,300.09, 506.1470
389650,2.6167,0.004126,242.38, 506.1467
389651,2.6206,0.003506,285.25, 506.1489
389652,2.6240,0.003813,262.27, 506.1464
389653,2.6279,0.003928,254.58, 506.1464
389654,2.6318,0.003749,266.72, 506.1464
389655,2.6357,0.003816,262.08, 506.1464
389656,2.6396,0.003739,267.47, 506.1467
389657,2.6431,0.003547,281.90, 506.1470
389658,2.6470,0.003805,262.80, 506.1464
389659,2.6509,0.003923,254.92, 506.1467
389660,2.6543,0.003532,283.09, 506.1467
389661,2.6577,0.003654,273.65, 506.1467
389662,2.6611,0.003456,289.37, 506.1464
389663,2.6650,0.003897,256.61, 506.1470
389664,2.6689,0.003833,260.93, 506.1467
389665,2.6724,0.003211,311.47, 506.1470
389666,2.6763,0.004121,242.65, 506.1464
389667,2.6802,0.003847,259.92, 506.1467
389668,2.6836,0.003349,298.64, 506.1464
389669,2.6875,0.003734,267.80, 506.1464
389670,2.6909,0.003734,267.80, 506.1467
389671,2.6948,0.003630,275.46, 506.1467
389672,2.6987,0.004066,245.92, 506.1464
389673,2.7021,0.003468,288.38, 506.1470
389674,2.7061,0.003943,253.63, 506.1467
389675,2.7095,0.003461,288.90, 506.1464
389676,2.7134,0.003799,263.25, 506.1467
389677,2.7173,0.003786,264.12, 506.1464
389678,2.7207,0.003636,275.06, 506.1467
389679,2.7246,0.003791,263.80, 506.1464
389680,2.7285,0.003719,268.88, 506.1489
389681,2.7319,0.003567,280.33, 506.1464
389682,2.7363,0.004145,241.28, 506.1467
389683,2.7397,0.003446,290.17, 506.1470
389684,2.7432,0.003728,268.23, 506.1464
389685,2.7471,0.003836,260.72, 506.1464
389686,2.7505,0.003560,280.94, 506.1470
389687,2.7544,0.003820,261.77, 506.1470
389688,2.7578,0.003529,283.38, 506.1467
389689,2.7617,0.003851,259.66, 506.1464
389690,2.7656,0.003827,261.29, 506.1470
389691,2.7695,0.003832,260.97, 506.1464
389692,2.7729,0.003410,293.24, 506.1467
389693,2.7769,0.003686,271.30, 506.1467
389694,2.7803,0.003838,260.57, 506.1464
389695,2.7847,0.004019,248.80, 506.1470
389696,2.7876,0.003193,313.17, 506.1464
389697,2.7915,0.004052,246.77, 506.1467
389698,2.7949,0.003327,300.53, 506.1464
389699,2.7993,0.004046,247.15, 506.1470
389700,2.8032,0.004001,249.94, 506.1470
389701,2.8066,0.003536,282.78, 506.1467
389702,2.8105,0.003841,260.38, 506.1470
389703,2.8145,0.003934,254.21, 506.1467
389704,2.8179,0.003468,288.36, 506.1464
389705,2.8218,0.003770,265.25, 506.1470
389706,2.8252,0.003531,283.24, 506.1467
389707,2.8291,0.003902,256.26, 506.1467
389708,2.8330,0.003895,256.77, 506.1467
389709,2.8364,0.003507,285.14, 506.1467
389710,2.8398,0.003605,277.42, 506.1464
389711,2.8442,0.004125,242.41, 506.1467
389712,2.8477,0.003410,293.29, 506.1464
389713,2.8516,0.003778,264.68, 506.1467
389714,2.8550,0.003701,270.23, 506.1467
389715,2.8589,0.003613,276.82, 506.1464
389716,2.8628,0.004051,246.84, 506.1470
389717,2.8662,0.003536,282.77, 506.1470
389718,2.8706,0.004144,241.32, 506.1464
389719,2.8740,0.003525,283.69, 506.1470
389720,2.8779,0.003933,254.24, 506.1467
389721,2.8818,0.003872,258.24, 506.1470
389722,2.8853,0.003470,288.23, 506.1467
389723,2.8892,0.003934,254.22, 506.1467
389724,2.8931,0.003972,251.74, 506.1464
389725,2.8965,0.003484,287.00, 506.1464
389726,2.9004,0.003753,266.43, 506.1470
389727,2.9043,0.003684,271.45, 506.1467
389728,2.9082,0.004143,241.38, 506.1464
389729,2.9121,0.003764,265.68, 506.1464
389730,2.9155,0.003581,279.25, 506.1611
389731,2.9194,0.003883,257.51, 506.1470
389732,2.9238,0.004379,228.36, 506.1464
389733,2.9272,0.003221,310.46, 506.1464
389734,2.9316,0.004571,218.78, 506.1467
389735,2.9351,0.003351,298.38, 506.1470
389736,2.9390,0.004030,248.14, 506.1467
389737,2.9429,0.003792,263.71, 506.1464
389738,2.9463,0.003527,283.51, 506.1464
389739,2.9502,0.003887,257.26, 506.1470
389740,2.9541,0.004111,243.28, 506.1464
389741,2.9580,0.003513,284.67, 506.1470
389742,2.9614,0.003666,272.78, 506.1470
389743,2.9653,0.003610,277.01, 506.1467
389744,2.9688,0.003833,260.89, 506.1470
389745,2.9727,0.003861,258.98, 506.1467
389746,2.9761,0.003477,287.63, 506.1470
389747,2.9800,0.003783,264.33, 506.1464
389748,2.9839,0.003945,253.48, 506.1470
389749,2.9878,0.003670,272.49, 506.1464
389750,2.9912,0.003675,272.10, 506.1467
389751,2.9951,0.003533,283.02, 506.1467
389752,2.9985,0.003859,259.11, 506.1470
389753,3.0024,0.003913,255.55, 506.1467
389754,3.0063,0.003543,282.27, 506.1464
389755,3.0098,0.003688,271.19, 506.1470
389756,3.0137,0.003582,279.17, 506.1464
389757,3.0176,0.003933,254.27, 506.1464
389758,3.0210,0.003783,264.32, 506.1464
389759,3.0244,0.003443,290.45, 506.1467
389760,3.0283,0.003847,259.94, 506.1470
389761,3.0327,0.004095,244.21, 506.1470
389762,3.0356,0.003200,312.54, 506.1467
389763,3.0396,0.004006,249.61, 506.1464
389764,3.0435,0.003494,286.17, 506.1470
389765,3.0469,0.003818,261.89, 506.1464
389766,3.0508,0.003736,267.67, 506.1467
389767,3.0542,0.003600,277.79, 506.1467
389768,3.0581,0.003683,271.53, 506.1467
389769,3.0620,0.003700,270.27, 506.1464
389770,3.0659,0.003895,256.71, 506.1464
389771,3.0693,0.003615,276.63, 506.1467
389772,3.0728,0.003616,276.54, 506.1467
389773,3.0767,0.003927,254.63, 506.1464
389774,3.0801,0.003412,293.11, 506.1464
389775,3.0840,0.003880,257.75, 506.1470
389776,3.0879,0.003808,262.60, 506.1467
389777,3.0913,0.003558,281.06, 506.1464
389778,3.0957,0.004006,249.61, 506.1464
389779,3.0986,0.003156,316.87, 506.1467
389780,3.1025,0.004004,249.74, 506.1464
389781,3.1064,0.003783,264.36, 506.1470
389782,3.1099,0.003458,289.19, 506.1470
389783,3.1138,0.003848,259.90, 506.1464
389784,3.1177,0.003929,254.54, 506.1464
389785,3.1211,0.003462,288.84, 506.1470
389786,3.1250,0.003856,259.33, 506.1464
389787,3.1284,0.003482,287.19, 506.1467
389788,3.1323,0.003808,262.61, 506.1464
389789,3.1362,0.003875,258.08, 506.1470
389790,3.1396,0.003302,302.82, 506.1470
389791,3.1436,0.003965,252.19, 506.1470
389792,3.1470,0.003523,283.83, 506.1467
389793,3.1509,0.003873,258.17, 506.1467
389794,3.1548,0.003866,258.68, 506.1467
389795,3.1582,0.003513,284.66, 506.1470
389796,3.1621,0.003732,267.97, 506.1470
389797,3.1655,0.003539,282.57, 506.1470
389798,3.1694,0.003907,255.96, 506.1464
389799,3.1733,0.003777,264.76, 506.1470
389800,3.1768,0.003509,284.96, 506.1464
389801,3.1807,0.003761,265.87, 506.1470
389802,3.1841,0.003547,281.91, 506.1464
389803,3.1880,0.003946,253.41, 506.1467
389804,3.1914,0.003667,272.72, 506.1464
389805,3.1953,0.003632,275.37, 506.1467
389806,3.1987,0.003650,273.97, 506.1467
389807,3.2026,0.003887,257.27, 506.1467
389808,3.2065,0.003548,281.89, 506.1489
389809,3.2100,0.003678,271.92, 506.1467
389810,3.2139,0.003796,263.46, 506.1464
389811,3.2178,0.003798,263.28, 506.1464
389812,3.2217,0.003861,258.99, 506.1464
389813,3.2251,0.003425,291.96, 506.1467
389814,3.2285,0.003782,264.45, 506.1464
389815,3.2324,0.003543,282.23, 506.1470
389816,3.2363,0.003902,256.29, 506.1464
389817,3.2397,0.003803,262.96, 506.1467
389818,3.2432,0.003465,288.59, 506.1470
389819,3.2471,0.003769,265.30, 506.1464
389820,3.2505,0.003506,285.23, 506.1464
389821,3.2549,0.004024,248.53, 506.1464
389822,3.2583,0.003713,269.32, 506.1464
389823,3.2617,0.003464,288.70, 506.1470
389824,3.2656,0.003791,263.77, 506.1467
389825,3.2690,0.003551,281.59, 506.1464
389826,3.2729,0.003899,256.49, 506.1467
389827,3.2769,0.003565,280.54, 506.1467
389828,3.2803,0.003696,270.54, 506.1470
389829,3.2842,0.003913,255.54, 506.1464
389830,3.2881,0.003754,266.38, 506.1464
389831,3.2915,0.003454,289.56, 506.1470
389832,3.2954,0.003812,262.32, 506.1467
389833,3.2988,0.003680,271.72, 506.1467
389834,3.3027,0.003833,260.87, 506.1464
389835,3.3066,0.003762,265.84, 506.1470
389836,3.3101,0.003469,288.24, 506.1470
389837,3.3140,0.003944,253.53, 506.1470
389838,3.3174,0.003302,302.87, 506.1467
389839,3.3213,0.003930,254.43, 506.1470
389840,3.3252,0.003913,255.58, 506.1467
389841,3.3286,0.003476,287.69, 506.1467
389842,3.3325,0.003907,255.97, 506.1464
389843,3.3364,0.003910,255.74, 506.1464
389844,3.3398,0.003335,299.81, 506.1470
389845,3.3438,0.004037,247.74, 506.1464
389846,3.3472,0.003466,288.50, 506.1467
389847,3.3511,0.003731,268.05, 506.1470
389848,3.3545,0.003516,284.45, 506.1470
389849,3.3584,0.003802,263.04, 506.1470
389850,3.3623,0.003874,258.12, 506.1467
389851,3.3657,0.003556,281.25, 506.1464
389852,3.3696,0.003790,263.88, 506.1467
389853,3.3735,0.003836,260.67, 506.1467
389854,3.3770,0.003597,278.02, 506.1467
389855,3.3804,0.003663,273.04, 506.1470
389856,3.3843,0.003526,283.63, 506.1467
389857,3.3877,0.003761,265.92, 506.1470
389858,3.3921,0.004144,241.34, 506.1464
389859,3.3955,0.003428,291.74, 506.1464
389860,3.3989,0.003671,272.42, 506.1470
389861,3.4033,0.004138,241.69, 506.1464
389862,3.4067,0.003403,293.86, 506.1464
389863,3.4106,0.003780,264.56, 506.1467
389864,3.4141,0.003514,284.55, 506.1464
389865,3.4180,0.003913,255.58, 506.1464
389866,3.4219,0.003827,261.28, 506.1464
389867,3.4253,0.003456,289.33, 506.1467
389868,3.4287,0.003576,279.65, 506.1470
389869,3.4326,0.003764,265.70, 506.1464
389870,3.4365,0.003902,256.30, 506.1489
389871,3.4404,0.003834,260.86, 506.1470
389872,3.4438,0.003554,281.41, 506.1470
389873,3.4473,0.003687,271.22, 506.1467
389874,3.4512,0.003553,281.44, 506.1470
389875,3.4551,0.003965,252.21, 506.1467
389876,3.4590,0.003758,266.07, 506.1467
389877,3.4624,0.003508,285.05, 506.1467
389878,3.4663,0.004053,246.76, 506.1464
389879,3.4697,0.003621,276.17, 506.1470
389880,3.4736,0.003561,280.84, 506.1467
389881,3.4775,0.003828,261.21, 506.1470
389882,3.4810,0.003441,290.65, 506.1464
389883,3.4849,0.004077,245.27, 506.1464
389884,3.4883,0.003437,290.93, 506.1464
389885,3.4922,0.003854,259.49, 506.1464
389886,3.4961,0.003933,254.25, 506.1464
389887,3.4995,0.003487,286.79, 506.1470
389888,3.5034,0.003866,258.68, 506.1467
389889,3.5073,0.003848,259.90, 506.1464
389890,3.5107,0.003569,280.23, 506.1464
389891,3.5146,0.003931,254.37, 506.1470
389892,3.5181,0.003193,313.19, 506.1467
389893,3.5220,0.004065,246.00, 506.1470
389894,3.5259,0.003868,258.52, 506.1467
389895,3.5293,0.003506,285.23, 506.1467
389896,3.5332,0.003747,266.86, 506.1464
389897,3.5371,0.004085,244.78, 506.1467
389898,3.5405,0.003507,285.18, 506.1467
389899,3.5444,0.003865,258.75, 506.1470
389900,3.5479,0.003263,306.46, 506.1470
389901,3.5518,0.004022,248.63, 506.1467
389902,3.5557,0.003734,267.81, 506.1470
389903,3.5591,0.003613,276.82, 506.1464
389904,3.5630,0.003853,259.54, 506.1467
389905,3.5669,0.003619,276.31, 506.1467
389906,3.5703,0.003823,261.61, 506.1467
389907,3.5747,0.004087,244.71, 506.1467
389908,3.5776,0.003039,329.01, 506.1464
389909,3.5815,0.004118,242.82, 506.1467
389910,3.5854,0.003913,255.55, 506.1467
389911,3.5889,0.003258,306.91, 506.1464
389912,3.5928,0.004049,246.99, 506.1464
389913,3.5962,0.003302,302.87, 506.1470
389914,3.6006,0.004097,244.10, 506.1467
389915,3.6040,0.003823,261.55, 506.1467
389916,3.6074,0.003310,302.13, 506.1470
389917,3.6118,0.004153,240.78, 506.1467
389918,3.6152,0.003325,300.79, 506.1464
389919,3.6191,0.003973,251.70, 506.1467
389920,3.6230,0.003843,260.25, 506.1470
389921,3.6265,0.003500,285.73, 506.1470
389922,3.6304,0.003867,258.61, 506.1464
389923,3.6343,0.003868,258.51, 506.1470
389924,3.6377,0.003679,271.83, 506.1467
389925,3.6416,0.004034,247.87, 506.1464
389926,3.6455,0.003504,285.41, 506.1467
389927,3.6489,0.003847,259.94, 506.1470
389928,3.6533,0.003983,251.10, 506.1464
389929,3.6563,0.003205,311.99, 506.1470
389930,3.6606,0.004189,238.73, 506.1467
389931,3.6636,0.003200,312.54, 506.1470
389932,3.6675,0.004012,249.25, 506.1467
389933,3.6714,0.003916,255.37, 506.1470
389934,3.6753,0.003500,285.71, 506.1470
389935,3.6787,0.003589,278.66, 506.1470
389936,3.6831,0.004191,238.61, 506.1467
389937,3.6860,0.003219,310.67, 506.1464
389938,3.6904,0.004145,241.26, 506.1464
389939,3.6938,0.003420,292.38, 506.1470
389940,3.6973,0.003780,264.54, 506.1464
389941,3.7012,0.003834,260.82, 506.1467
389942,3.7051,0.003696,270.57, 506.1467
389943,3.7090,0.003746,266.99, 506.1470
389944,3.7124,0.003567,280.32, 506.1464
389945,3.7158,0.003652,273.86, 506.1467
389946,3.7202,0.004277,233.84, 506.1467
389947,3.7236,0.003418,292.58, 506.1464
389948,3.7275,0.003696,270.53, 506.1464
389949,3.7314,0.003949,253.22, 506.1470
389950,3.7349,0.003683,271.53, 506.1464
389951,3.7388,0.003697,270.47, 506.1470
389952,3.7422,0.003386,295.35, 506.1470
389953,3.7461,0.003800,263.13, 506.1467
389954,3.7500,0.004206,237.74, 506.1464
389955,3.7534,0.003281,304.83, 506.1464
389956,3.7573,0.003857,259.29, 506.1470
389957,3.7607,0.003680,271.71, 506.1467
389958,3.7646,0.003732,267.93, 506.1464
389959,3.7686,0.003810,262.44, 506.1467
389960,3.7720,0.003660,273.22, 506.1467
389961,3.7759,0.003739,267.42, 506.1470
389962,3.7793,0.003504,285.40, 506.1470
389963,3.7837,0.004282,233.51, 506.1572
389964,3.7871,0.003419,292.46, 506.1467
389965,3.7905,0.003480,287.34, 506.1464
389966,3.7944,0.003876,258.02, 506.1467
389967,3.7979,0.003466,288.53, 506.1464
389968,3.8018,0.003915,255.43, 506.1464
389969,3.8057,0.003776,264.84, 506.1467
389970,3.8091,0.003306,302.45, 506.1464
389971,3.8130,0.004099,243.95, 506.1470
389972,3.8169,0.003819,261.86, 506.1467
389973,3.8203,0.003448,290.04, 506.1467
389974,3.8242,0.003870,258.41, 506.1467
389975,3.8276,0.003456,289.37, 506.1470
389976,3.8315,0.003803,262.94, 506.1467
389977,3.8350,0.003831,261.01, 506.1467
389978,3.8389,0.003668,272.64, 506.1464
389979,3.8423,0.003607,277.21, 506.1470
389980,3.8462,0.003521,283.98, 506.1467
389981,3.8501,0.004022,248.64, 506.1464
389982,3.8535,0.003753,266.47, 506.1467
389983,3.8574,0.003634,275.19, 506.1470
389984,3.8608,0.003620,276.27, 506.1467
389985,3.8652,0.004042,247.39, 506.1467
389986,3.8687,0.003568,280.24, 506.1467
389987,3.8726,0.003716,269.13, 506.1464
389988,3.8760,0.003689,271.05, 506.1470
389989,3.8799,0.003776,264.80, 506.1467
389990,3.8838,0.003977,251.42, 506.1464
389991,3.8872,0.003491,286.45, 506.1464
389992,3.8911,0.003657,273.46, 506.1464
389993,3.8950,0.004044,247.26, 506.1470
389994,3.8984,0.003625,275.83, 506.1464
389995,3.9023,0.003733,267.89, 506.1470
389996,3.9063,0.003689,271.08, 506.1553
389997,3.9097,0.003872,258.25, 506.1464
389998,3.9136,0.003873,258.20, 506.1470
389999,3.9175,0.003928,254.58, 506.1464
390000,3.9209,0.003378,296.05, 506.1464
390001,3.9248,0.003654,273.69, 506.1464
390002,3.9287,0.004024,248.48, 506.1467
390003,3.9326,0.004074,245.46, 506.1467
390004,3.9360,0.003336,299.77, 506.1470
390005,3.9399,0.003965,252.23, 506.1464
390006,3.9443,0.004175,239.52, 506.1464
390007,3.9478,0.003236,308.99, 506.1464
390008,3.9517,0.003896,256.65, 506.1467
390009,3.9551,0.003560,280.89, 506.1467
390010,3.9590,0.003975,251.59, 506.1467
390011,3.9629,0.003965,252.20, 506.1467
390012,3.9663,0.003172,315.30, 506.1467
390013,3.9707,0.004402,227.16, 506.1464
390014,3.9736,0.003215,311.03, 506.1467
390015,3.9775,0.003977,251.48, 506.1470
390016,3.9814,0.003928,254.59, 506.1464
390017,3.9854,0.003547,281.96, 506.1464
390018,3.9893,0.003897,256.63, 506.1464
390019,3.9932,0.003851,259.67, 506.1470
390020,3.9966,0.003448,290.00, 506.1467
390021,4.0005,0.004003,249.84, 506.1470
390022,4.0039,0.003600,277.79, 506.1464
390023,4.0078,0.003649,274.06, 506.1470
390024,4.0112,0.003843,260.19, 506.1470
390025,4.0151,0.003615,276.65, 506.1470
390026,4.0190,0.003888,257.20, 506.1464
390027,4.0225,0.003436,291.04, 506.1470
390028,4.0264,0.003797,263.37, 506.1470
390029,4.0303,0.003931,254.36, 506.1464
390030,4.0337,0.003739,267.45, 506.1464
390031,4.0376,0.003713,269.30, 506.1464
390032,4.0415,0.003840,260.40, 506.1467
390033,4.0449,0.003540,282.50, 506.1467
390034,4.0488,0.003894,256.78, 506.1464
390035,4.0522,0.003529,283.40, 506.1464
390036,4.0562,0.003701,270.18, 506.1464
390037,4.0601,0.003938,253.94, 506.1464
390038,4.0635,0.003308,302.32, 506.1464
390039,4.0679,0.004431,225.66, 506.1467
390040,4.0713,0.003301,302.94, 506.1464
390041,4.0752,0.004026,248.38, 506.1470
390042,4.0791,0.004144,241.29, 506.1464
390043,4.0825,0.003108,321.80, 506.1464
390044,4.0864,0.004003,249.81, 506.1464
390045,4.0903,0.003821,261.71, 506.1464
390046,4.0938,0.003463,288.78, 506.1464
390047,4.0977,0.003879,257.83, 506.1470
390048,4.1011,0.003487,286.76, 506.1467
390049,4.1050,0.003904,256.17, 506.1464
390050,4.1089,0.004023,248.56, 506.1467
390051,4.1123,0.003513,284.65, 506.1470
390052,4.1162,0.003701,270.19, 506.1467
390053,4.1196,0.003533,283.09, 506.1467
390054,4.1235,0.003828,261.24, 506.1464
390055,4.1274,0.003988,250.78, 506.1470
390056,4.1309,0.003206,311.93, 506.1470
390057,4.1348,0.004117,242.91, 506.1470
390058,4.1387,0.003831,261.03, 506.1467
390059,4.1421,0.003492,286.35, 506.1467
390060,4.1460,0.003787,264.05, 506.1470
390061,4.1494,0.003369,296.80, 506.1464
390062,4.1533,0.003879,257.79, 506.1467
390063,4.1572,0.003896,256.71, 506.1464
390064,4.1606,0.003661,273.18, 506.1467
390065,4.1646,0.003910,255.77, 506.1467
390066,4.1680,0.003491,286.47, 506.1464
390067,4.1719,0.003878,257.90, 506.1470
390068,4.1758,0.003797,263.39, 506.1467
390069,4.1792,0.003423,292.13, 506.1464
390070,4.1831,0.003969,251.94, 506.1467
390071,4.1870,0.003879,257.81, 506.1467
390072,4.1904,0.003187,313.76, 506.1464
390073,4.1943,0.004015,249.05, 506.1464
390074,4.1978,0.003509,284.98, 506.1464
390075,4.2021,0.004309,232.07, 506.1467
390076,4.2056,0.003716,269.09, 506.1467
390077,4.2095,0.003484,287.01, 506.1464
390078,4.2129,0.003833,260.87, 506.1470
390079,4.2168,0.003585,278.92, 506.1464
390080,4.2207,0.004178,239.33, 506.1470
390081,4.2246,0.003858,259.20, 506.1467
390082,4.2280,0.003313,301.82, 506.1464
390083,4.2324,0.004160,240.38, 506.1464
390084,4.2358,0.003545,282.09, 506.1470
390085,4.2397,0.003993,250.46, 506.1467
390086,4.2437,0.003772,265.10, 506.1467
390087,4.2471,0.003597,277.99, 506.1467
390088,4.2510,0.003805,262.84, 506.1464
390089,4.2549,0.003815,262.15, 506.1470
390090,4.2583,0.003464,288.65, 506.1470
390091,4.2622,0.003989,250.68, 506.1464
390092,4.2656,0.003309,302.23, 506.1470
390093,4.2695,0.003922,255.00, 506.1467
390094,4.2734,0.003788,264.00, 506.1467
390095,4.2769,0.003498,285.92, 506.1467
390096,4.2808,0.003860,259.05, 506.1464
390097,4.2847,0.003920,255.13, 506.1467
390098,4.2881,0.003483,287.13, 506.1470
390099,4.2920,0.003775,264.88, 506.1464
390100,4.2949,0.003413,292.96, 506.1464
390101,4.2993,0.003931,254.38, 506.1464
390102,4.3032,0.004020,248.73, 506.1464
390103,4.3066,0.003370,296.74, 506.1470
390104,4.3101,0.003754,266.37, 506.1470
390105,4.3140,0.003586,278.85, 506.1467
390106,4.3179,0.003865,258.72, 506.1470
390107,4.3213,0.003792,263.73, 506.1470
390108,4.3252,0.003573,279.88, 506.1467
390109,4.3286,0.003709,269.61, 506.1467
390110,4.3325,0.003588,278.70, 506.1467
390111,4.3364,0.003899,256.47, 506.1470
390112,4.3398,0.003759,266.01, 506.1464
390113,4.3438,0.003542,282.33, 506.1467
390114,4.3472,0.003772,265.13, 506.1464
390115,4.3506,0.003505,285.34, 506.1470
390116,4.3550,0.003942,253.67, 506.1470
390117,4.3584,0.003798,263.33, 506.1470
390118,4.3623,0.003597,277.99, 506.1464
390119,4.3662,0.003814,262.18, 506.1464
390120,4.3696,0.003837,260.59, 506.1470
390121,4.3735,0.003509,284.95, 506.1464
390122,4.3770,0.003798,263.31, 506.1464
390123,4.3809,0.003491,286.49, 506.1467
390124,4.3843,0.003840,260.42, 506.1464
390125,4.3882,0.003883,257.57, 506.1464
390126,4.3916,0.003386,295.30, 506.1470
390127,4.3955,0.003854,259.46, 506.1464
390128,4.3989,0.003485,286.93, 506.1467
390129,4.4028,0.003910,255.75, 506.1467
390130,4.4072,0.004167,239.98, 506.1464
390131,4.4106,0.003262,306.58, 506.1467
390132,4.4141,0.003765,265.62, 506.1464
390133,4.4180,0.003879,257.79, 506.1464
390134,4.4214,0.003471,288.14, 506.1467
390135,4.4253,0.003780,264.59, 506.1467
390136,4.4287,0.003556,281.25, 506.1467
390137,4.4326,0.003792,263.73, 506.1470
390138,4.4360,0.003504,285.39, 506.1464
390139,4.4399,0.003872,258.24, 506.1464
390140,4.4438,0.003923,254.93, 506.1470
390141,4.4473,0.003188,313.66, 506.1467
390142,4.4512,0.003887,257.30, 506.1464
390143,4.4551,0.004030,248.13, 506.1464
390144,4.4585,0.003446,290.20, 506.1464
390145,4.4624,0.003795,263.53, 506.1467
390146,4.4658,0.003599,277.88, 506.1467
390147,4.4697,0.003797,263.35, 506.1470
390148,4.4736,0.003828,261.24, 506.1467
390149,4.4771,0.003446,290.23, 506.1464
390150,4.4810,0.003759,266.06, 506.1470
390151,4.4844,0.003600,277.82, 506.1464
390152,4.4883,0.003882,257.61, 506.1464
390153,4.4922,0.003762,265.84, 506.1470
390154,4.4956,0.003497,285.98, 506.1464
390155,4.4995,0.003857,259.26, 506.1464
390156,4.5034,0.003919,255.17, 506.1470
390157,4.5068,0.003421,292.35, 506.1464
390158,4.5103,0.003665,272.86, 506.1464
390159,4.5142,0.003712,269.43, 506.1470
390160,4.5176,0.003787,264.05, 506.1467
390161,4.5220,0.003931,254.42, 506.1470
390162,4.5249,0.003379,295.99, 506.1470
390163,4.5288,0.003914,255.49, 506.1464
390164,4.5327,0.003589,278.63, 506.1464
390165,4.5361,0.003722,268.64, 506.1470
390166,4.5400,0.003780,264.57, 506.1464
390167,4.5435,0.003530,283.32, 506.1467
390168,4.5479,0.004032,248.00, 506.1467
390169,4.5508,0.003164,316.03, 506.1467
390170,4.5547,0.004035,247.83, 506.1464
390171,4.5586,0.003768,265.42, 506.1470
390172,4.5620,0.003523,283.85, 506.1467
390173,4.5664,0.004113,243.13, 506.1470
390174,4.5698,0.003394,294.64, 506.1467
390175,4.5737,0.004062,246.20, 506.1470
390176,4.5771,0.003527,283.57, 506.1470
390177,4.5811,0.003678,271.89, 506.1467
390178,4.5850,0.003877,257.96, 506.1470
390179,4.5884,0.003668,272.63, 506.1470
390180,4.5918,0.003488,286.74, 506.1464
390181,4.5957,0.003937,253.97, 506.1467
390182,4.5996,0.003506,285.23, 506.1464
390183,4.6030,0.003832,260.98, 506.1470
390184,4.6069,0.003678,271.89, 506.1470
390185,4.6104,0.003621,276.15, 506.1470
390186,4.6143,0.003817,262.01, 506.1470
390187,4.6177,0.003337,299.68, 506.1470
390188,4.6216,0.004042,247.41, 506.1467
390189,4.6255,0.003935,254.14, 506.1470
390190,4.6289,0.003407,293.55, 506.1467
390191,4.6328,0.003882,257.59, 506.1467
390192,4.6362,0.003476,287.72, 506.1470
390193,4.6401,0.003814,262.18, 506.1467
390194,4.6440,0.003867,258.62, 506.1467
390195,4.6475,0.003527,283.50, 506.1467
390196,4.6514,0.003886,257.32, 506.1464
390197,4.6553,0.003696,270.58, 506.1467
390198,4.6587,0.003624,275.92, 506.1464
390199,4.6626,0.003712,269.43, 506.1470
390200,4.6660,0.003544,282.14, 506.1467
390201,4.6699,0.003833,260.91, 506.1467
390202,4.6738,0.003667,272.73, 506.1470
390203,4.6772,0.003623,276.05, 506.1464
390204,4.6807,0.003656,273.54, 506.1464
390205,4.6846,0.003699,270.37, 506.1464
390206,4.6885,0.003885,257.40, 506.1464
390207,4.6924,0.003795,263.52, 506.1464
390208,4.6958,0.003506,285.21, 506.1464
390209,4.6997,0.003850,259.75, 506.1464
390210,4.7036,0.003906,256.02, 506.1470
390211,4.7070,0.003404,293.75, 506.1464
390212,4.7109,0.003867,258.58, 506.1464
390213,4.7144,0.003530,283.25, 506.1464
390214,4.7183,0.003919,255.17, 506.1464
390215,4.7222,0.003819,261.82, 506.1470
390216,4.7256,0.003457,289.28, 506.1467
390217,4.7295,0.003822,261.64, 506.1470
390218,4.7329,0.003651,273.92, 506.1464
390219,4.7368,0.003871,258.35, 506.1470
390220,4.7407,0.003781,264.52, 506.1467
390221,4.7441,0.003353,298.20, 506.1464
390222,4.7480,0.003931,254.41, 506.1470
390223,4.7515,0.003567,280.35, 506.1467
390224,4.7554,0.003849,259.83, 506.1467
390225,4.7593,0.003737,267.59, 506.1467
390226,4.7627,0.003682,271.61, 506.1464
390227,4.7666,0.003746,266.97, 506.1467
390228,4.7700,0.003634,275.19, 506.1464
390229,4.7739,0.003896,256.71, 506.1467
390230,4.7778,0.003641,274.64, 506.1464
390231,4.7817,0.003804,262.91, 506.1464
390232,4.7852,0.003827,261.33, 506.1464
390233,4.7891,0.003793,263.65, 506.1470
390234,4.7925,0.003505,285.34, 506.1470
390235,4.7964,0.003813,262.27, 506.1464
390236,4.8003,0.003747,266.92, 506.1464
390237,4.8042,0.003784,264.26, 506.1467
390238,4.8076,0.003639,274.82, 506.1464
390239,4.8115,0.003718,268.98, 506.1470
390240,4.8149,0.003818,261.94, 506.1467
390241,4.8188,0.003485,286.94, 506.1464
390242,4.8228,0.003939,253.85, 506.1464
390243,4.8262,0.003648,274.09, 506.1470
390244,4.8301,0.003772,265.13, 506.1470
390245,4.8340,0.003837,260.63, 506.1467
390246,4.8374,0.003786,264.15, 506.1464
390247,4.8413,0.003502,285.56, 506.1464
390248,4.8447,0.003716,269.14, 506.1464
390249,4.8486,0.003628,275.65, 506.1470
390250,4.8525,0.003889,257.12, 506.1464
390251,4.8560,0.003847,259.94, 506.1470
390252,4.8599,0.003475,287.79, 506.1464
390253,4.8633,0.003845,260.08, 506.1464
390254,4.8672,0.003555,281.33, 506.1470
390255,4.8711,0.003886,257.36, 506.1470
390256,4.8750,0.003828,261.23, 506.1470
390257,4.8784,0.003486,286.88, 506.1470
390258,4.8823,0.003866,258.65, 506.1464
390259,4.8857,0.003810,262.50, 506.1467
390260,4.8896,0.003588,278.70, 506.1464
390261,4.8931,0.003710,269.53, 506.1464
390262,4.8970,0.003707,269.74, 506.1464
390263,4.9009,0.003845,260.06, 506.1470
390264,4.9048,0.004190,238.65, 506.1464
390265,4.9082,0.003297,303.34, 506.1464
390266,4.9121,0.003869,258.46, 506.1470
390267,4.9160,0.003714,269.24, 506.1464
390268,4.9199,0.004206,237.78, 506.1464
390269,4.9238,0.003927,254.68, 506.1466
390270,4.9272,0.003301,302.91, 506.1464
390271,4.9312,0.003889,257.11, 506.1470
390272,4.9351,0.003899,256.50, 506.1467
390273,4.9390,0.003735,267.74, 506.1467
390274,4.9429,0.003827,261.29, 506.1464
390275,4.9463,0.003870,258.40, 506.1464
390276,4.9507,0.004110,243.31, 506.1464
390277,4.9546,0.004187,238.83, 506.1464
390278,4.9580,0.003378,296.03, 506.1467
390279,4.9619,0.003841,260.35, 506.1470
390280,4.9658,0.003825,261.47, 506.1467
390281,4.9697,0.003677,271.99, 506.1470
390282,4.9731,0.003852,259.61, 506.1464
390283,4.9771,0.003882,257.63, 506.1470
390284,4.9805,0.003440,290.71, 506.1464
390285,4.9849,0.003928,254.59, 506.1464
390286,4.9883,0.003442,290.54, 506.1467
390287,4.9917,0.003846,260.01, 506.1470
390288,4.9961,0.003944,253.57, 506.1467
390289,4.9995,0.003508,285.05, 506.1470
390290,5.0039,0.004293,232.94, 506.1464
390291,5.0068,0.003225,310.09, 506.1470
390292,5.0107,0.004056,246.53, 506.1467
390293,5.0146,0.003772,265.10, 506.1467
390294,5.0186,0.003665,272.85, 506.1470
390295,5.0225,0.003867,258.63, 506.1467
390296,5.0259,0.003856,259.33, 506.1464
390297,5.0293,0.003387,295.27, 506.1464
390298,5.0332,0.003929,254.52, 506.1464
390299,5.0371,0.003523,283.82, 506.1467
390300,5.0405,0.003781,264.46, 506.1470
390301,5.0444,0.003771,265.20, 506.1467
390302,5.0483,0.003696,270.56, 506.1464
390303,5.0518,0.003779,264.65, 506.1470
390304,5.0552,0.003408,293.44, 506.1467
390305,5.0596,0.004038,247.67, 506.1464
390306,5.0635,0.003864,258.83, 506.1467
390307,5.0669,0.003450,289.84, 506.1470
390308,5.0708,0.003832,260.96, 506.1467
390309,5.0747,0.003917,255.32, 506.1464
390310,5.0781,0.003471,288.11, 506.1464
390311,5.0815,0.003652,273.86, 506.1470
390312,5.0854,0.003683,271.52, 506.1467
390313,5.0894,0.003886,257.32, 506.1464
390314,5.0933,0.003937,254.03, 506.1464
390315,5.0967,0.003415,292.82, 506.1470
390316,5.1001,0.003725,268.43, 506.1470
390317,5.1040,0.003683,271.51, 506.1464
390318,5.1079,0.003842,260.28, 506.1470
390319,5.1113,0.003693,270.75, 506.1467
390320,5.1152,0.003643,274.49, 506.1464
390321,5.1187,0.003706,269.80, 506.1470
390322,5.1226,0.003973,251.73, 506.1464
390323,5.1265,0.003574,279.81, 506.1467
390324,5.1304,0.003783,264.33, 506.1467
390325,5.1338,0.003555,281.30, 506.1464
390326,5.1382,0.004348,229.97, 506.1464
390327,5.1416,0.003671,272.41, 506.1470
390328,5.1450,0.003416,292.77, 506.1464
390329,5.1489,0.003918,255.21, 506.1467
390330,5.1528,0.003550,281.72, 506.1464
390331,5.1563,0.003853,259.54, 506.1464
390332,5.1602,0.003732,267.96, 506.1467
390333,5.1636,0.003606,277.32, 506.1467
390334,5.1675,0.003721,268.76, 506.1464
390335,5.1714,0.004061,246.24, 506.1470
390336,5.1748,0.003458,289.19, 506.1470
390337,5.1787,0.003759,266.05, 506.1470
390338,5.1821,0.003550,281.73, 506.1470
390339,5.1860,0.003859,259.13, 506.1464
390340,5.1895,0.003261,306.69, 506.1467
390341,5.1934,0.004042,247.43, 506.1467
390342,5.1973,0.003747,266.90, 506.1467
390343,5.2007,0.003607,277.22, 506.1470
390344,5.2046,0.003855,259.38, 506.1464
390345,5.2085,0.003791,263.80, 506.1470
390346,5.2119,0.003321,301.12, 506.1470
390347,5.2158,0.003970,251.91, 506.1470
390348,5.2192,0.003487,286.75, 506.1464
390349,5.2231,0.003865,258.71, 506.1464
390350,5.2271,0.003717,269.07, 506.1470
390351,5.2305,0.003635,275.08, 506.1467
390352,5.2344,0.003680,271.75, 506.1470
390353,5.2378,0.003633,275.25, 506.1467
390354,5.2417,0.003872,258.24, 506.1467
390355,5.2456,0.003803,262.94, 506.1464
390356,5.2490,0.003476,287.70, 506.1470
390357,5.2529,0.003855,259.40, 506.1611
390358,5.2568,0.003873,258.22, 506.1467
390359,5.2603,0.003400,294.13, 506.1470
390360,5.2637,0.003792,263.75, 506.1470
390361,5.2676,0.003680,271.78, 506.1464
390362,5.2715,0.003800,263.19, 506.1467
390363,5.2754,0.003821,261.73, 506.1470
390364,5.2788,0.003465,288.60, 506.1467
390365,5.2827,0.003835,260.73, 506.1470
390366,5.2861,0.003481,287.32, 506.1464
390367,5.2896,0.003809,262.56, 506.1467
390368,5.2935,0.003897,256.63, 506.1464
390369,5.2974,0.003620,276.27, 506.1467
390370,5.3008,0.003710,269.56, 506.1467
390371,5.3047,0.003569,280.18, 506.1464
390372,5.3081,0.003706,269.86, 506.1467
390373,5.3120,0.003768,265.42, 506.1470
390374,5.3154,0.003616,276.58, 506.1470
390375,5.3193,0.003754,266.37, 506.1587
390376,5.3228,0.003463,288.80, 506.1467
390377,5.3271,0.004194,238.42, 506.1467
390378,5.3306,0.003669,272.57, 506.1467
390379,5.3345,0.003535,282.88, 506.1467
390380,5.3379,0.003699,270.37, 506.1464
390381,5.3418,0.004040,247.51, 506.1470
390382,5.3452,0.003407,293.51, 506.1470
390383,5.3491,0.003782,264.39, 506.1470
390384,5.3525,0.003525,283.70, 506.1467
390385,5.3569,0.004003,249.84, 506.1464
390386,5.3608,0.003908,255.89, 506.1470
390387,5.3643,0.003610,277.04, 506.1464
390388,5.3677,0.003665,272.89, 506.1467
390389,5.3711,0.003324,300.86, 506.1470
390390,5.3755,0.004074,245.48, 506.1464
390391,5.3789,0.003774,264.96, 506.1467
390392,5.3828,0.003510,284.92, 506.1464
390393,5.3862,0.003872,258.25, 506.1464
390394,5.3901,0.003859,259.17, 506.1470
390395,5.3936,0.003434,291.21, 506.1464
390396,5.3975,0.003761,265.90, 506.1479
390397,5.4009,0.003564,280.58, 506.1470
390398,5.4048,0.003893,256.89, 506.1464
390399,5.4082,0.003382,295.67, 506.1467
390400,5.4121,0.003718,268.95, 506.1467
390401,5.4160,0.003905,256.10, 506.1470
390402,5.4199,0.003846,260.04, 506.1464
390403,5.4238,0.003892,256.96, 506.1464
390404,5.4272,0.003455,289.43, 506.1467
390405,5.4307,0.003548,281.86, 506.1470
390406,5.4346,0.003891,257.00, 506.1467
390407,5.4380,0.003467,288.40, 506.1467
390408,5.4419,0.003759,266.01, 506.1467
390409,5.4458,0.003788,263.97, 506.1470
390410,5.4492,0.003702,270.10, 506.1464
390411,5.4531,0.004008,249.48, 506.1464
390412,5.4565,0.003204,312.14, 506.1464
390413,5.4604,0.003894,256.80, 506.1470
390414,5.4644,0.003814,262.21, 506.1464
390415,5.4678,0.003675,272.10, 506.1467
390416,5.4722,0.004204,237.86, 506.1464
390417,5.4761,0.003749,266.73, 506.1464
390418,5.4795,0.003448,290.01, 506.1464
390419,5.4829,0.003708,269.69, 506.1470
390420,5.4863,0.003439,290.78, 506.1464
390421,5.4902,0.003656,273.51, 506.1467
390422,5.4941,0.003899,256.47, 506.1467
390423,5.4976,0.003405,293.72, 506.1464
390424,5.5015,0.003867,258.58, 506.1464
390425,5.5054,0.003845,260.06, 506.1464
390426,5.5088,0.003839,260.49, 506.1464
390427,5.5127,0.003680,271.72, 506.1467
390428,5.5161,0.003414,292.89, 506.1464
390429,5.5200,0.003760,265.99, 506.1470
390430,5.5234,0.003362,297.42, 506.1464
390431,5.5273,0.003941,253.77, 506.1470
390432,5.5313,0.003882,257.60, 506.1467
390433,5.5347,0.003588,278.73, 506.1467
390434,5.5381,0.003715,269.21, 506.1470
390435,5.5420,0.003492,286.39, 506.1464
390436,5.5459,0.003887,257.25, 506.1464
390437,5.5493,0.003819,261.86, 506.1467
390438,5.5532,0.003481,287.27, 506.1470
390439,5.5571,0.004241,235.80, 506.1464
390440,5.5610,0.003823,261.56, 506.1464
390441,5.5645,0.003186,313.91, 506.1464
390442,5.5679,0.003828,261.23, 506.1464
390443,5.5713,0.003420,292.37, 506.1470
390444,5.5752,0.003913,255.55, 506.1464
390445,5.5791,0.003773,265.02, 506.1470
390446,5.5830,0.003629,275.54, 506.1467
390447,5.5869,0.003921,255.01, 506.1464
390448,5.5898,0.003105,322.04, 506.1470
390449,5.5938,0.004059,246.34, 506.1467
390450,5.5977,0.003835,260.74, 506.1467
390451,5.6011,0.003379,295.96, 506.1470
390452,5.6050,0.003912,255.64, 506.1467
390453,5.6089,0.003672,272.35, 506.1464
390454,5.6123,0.003672,272.36, 506.1467
390455,5.6162,0.003821,261.73, 506.1470
390456,5.6196,0.003435,291.13, 506.1470
390457,5.6235,0.003808,262.61, 506.1467
390458,5.6270,0.003519,284.21, 506.1467
390459,5.6313,0.004337,230.58, 506.1470
390460,5.6353,0.003832,260.97, 506.1464
390461,5.6387,0.003320,301.19, 506.1467
390462,5.6421,0.003636,275.00, 506.1489
390463,5.6460,0.003814,262.23, 506.1464
390464,5.6494,0.003394,294.66, 506.1464
390465,5.6533,0.003938,253.96, 506.1470
390466,5.6567,0.003591,278.46, 506.1467
390467,5.6606,0.003983,251.07, 506.1464
390468,5.6646,0.003581,279.24, 506.1470
390469,5.6680,0.003417,292.70, 506.1464
390470,5.6719,0.004151,240.93, 506.1464
390471,5.6748,0.003085,324.19, 506.1464
390472,5.6792,0.003960,252.56, 506.1464
390473,5.6831,0.003896,256.69, 506.1470
390474,5.6865,0.003802,263.03, 506.1464
390475,5.6904,0.003583,279.13, 506.1470
390476,5.6943,0.003995,250.33, 506.1464
390477,5.6978,0.003256,307.13, 506.1464
390478,5.7017,0.003930,254.48, 506.1464
390479,5.7051,0.003630,275.51, 506.1467
390480,5.7090,0.003666,272.78, 506.1470
390481,5.7124,0.003438,290.83, 506.1470
390482,5.7163,0.004045,247.19, 506.1464
390483,5.7202,0.003887,257.25, 506.1464
390484,5.7236,0.003635,275.09, 506.1467
390485,5.7275,0.003619,276.30, 506.1489
390486,5.7314,0.003904,256.13, 506.1467
390487,5.7349,0.003502,285.57, 506.1470
390488,5.7383,0.003677,272.00, 506.1467
390489,5.7422,0.003719,268.89, 506.1467
390490,5.7461,0.003947,253.38, 506.1464
390491,5.7500,0.003885,257.41, 506.1467
390492,5.7534,0.003385,295.44, 506.1470
390493,5.7573,0.003807,262.66, 506.1467
390494,5.7607,0.003610,277.04, 506.1464
390495,5.7646,0.003849,259.83, 506.1467
390496,5.7686,0.003962,252.37, 506.1470
390497,5.7720,0.003576,279.63, 506.1470
390498,5.7764,0.003930,254.44, 506.1464
390499,5.7798,0.003842,260.27, 506.1464
390500,5.7832,0.003479,287.48, 506.1467
390501,5.7871,0.003768,265.38, 506.1467
390502,5.7905,0.003484,287.01, 506.1470
390503,5.7949,0.004002,249.88, 506.1464
390504,5.7983,0.003548,281.85, 506.1470
390505,5.8018,0.003652,273.81, 506.1470
390506,5.8057,0.003957,252.74, 506.1464
390507,5.8101,0.003958,252.64, 506.1467
390508,5.8130,0.003371,296.63, 506.1464
390509,5.8169,0.003715,269.16, 506.1470
390510,5.8203,0.003513,284.68, 506.1470
390511,5.8247,0.004059,246.39, 506.1464
390512,5.8281,0.003872,258.29, 506.1489
390513,5.8320,0.003470,288.19, 506.1464
390514,5.8359,0.004299,232.63, 506.1467
390515,5.8394,0.003435,291.15, 506.1470
390516,5.8433,0.003870,258.38, 506.1467
390517,5.8472,0.003839,260.48, 506.1467
390518,5.8506,0.003506,285.25, 506.1470
390519,5.8545,0.003886,257.33, 506.1464
390520,5.8584,0.003828,261.23, 506.1470
390521,5.8623,0.003596,278.06, 506.1467
390522,5.8657,0.003737,267.58, 506.1464
390523,5.8691,0.003503,285.51, 506.1467
390524,5.8730,0.003885,257.42, 506.1464
390525,5.8770,0.003929,254.52, 506.1464
390526,5.8809,0.003529,283.37, 506.1464
390527,5.8848,0.003902,256.26, 506.1470
390528,5.8882,0.003539,282.58, 506.1470
390529,5.8921,0.003836,260.72, 506.1470
390530,5.8960,0.003827,261.34, 506.1470
390531,5.8994,0.003496,286.07, 506.1470
390532,5.9033,0.003923,254.94, 506.1464
390533,5.9067,0.003730,268.10, 506.1470
390534,5.9106,0.003704,270.01, 506.1467
390535,5.9146,0.003814,262.19, 506.1470
390536,5.9185,0.003819,261.84, 506.1464
390537,5.9224,0.004012,249.26, 506.1464
390538,5.9263,0.003771,265.22, 506.1470
390539,5.9297,0.003541,282.42, 506.1467
390540,5.9341,0.004329,231.01, 506.1464
390541,5.9375,0.003545,282.10, 506.1489
390542,5.9409,0.003632,275.32, 506.1464
390543,5.9453,0.004135,241.82, 506.1470
390544,5.9487,0.003490,286.55, 506.1464
390545,5.9531,0.004306,232.25, 506.1464
390546,5.9565,0.003742,267.25, 506.1470
390547,5.9604,0.003529,283.38, 506.1467
390548,5.9644,0.003945,253.47, 506.1464
390549,5.9678,0.003738,267.54, 506.1467
390550,5.9717,0.003566,280.41, 506.1464
390551,5.9751,0.003813,262.25, 506.1467
390552,5.9790,0.003516,284.45, 506.1467
390553,5.9829,0.003856,259.33, 506.1470
390554,5.9868,0.003984,251.04, 506.1467
390555,5.9902,0.003463,288.78, 506.1464
390556,5.9941,0.003776,264.85, 506.1470
390557,5.9976,0.003395,294.58, 506.1464
390558,6.0015,0.004081,245.04, 506.1464
390559,6.0054,0.003914,255.47, 506.1467
390560,6.0088,0.003469,288.25, 506.1467
390561,6.0127,0.003827,261.29, 506.1470
390562,6.0166,0.003964,252.28, 506.1464
390563,6.0200,0.003412,293.08, 506.1467
390564,6.0239,0.003723,268.62, 506.1470
390565,6.0273,0.003817,262.02, 506.1464
390566,6.0313,0.003712,269.42, 506.1464
390567,6.0352,0.003942,253.71, 506.1470
390568,6.0386,0.003303,302.78, 506.1464
390569,6.0425,0.004003,249.81, 506.1464
390570,6.0459,0.003577,279.57, 506.1467
390571,6.0498,0.003754,266.36, 506.1464
390572,6.0537,0.003800,263.15, 506.1470
390573,6.0571,0.003597,278.03, 506.1470
390574,6.0610,0.003858,259.18, 506.1470
390575,6.0649,0.003892,256.94, 506.1467
390576,6.0684,0.003388,295.15, 506.1464
390577,6.0723,0.003821,261.74, 506.1470
390578,6.0762,0.003754,266.38, 506.1464
390579,6.0796,0.003721,268.73, 506.1467
390580,6.0835,0.003853,259.56, 506.1464
390581,6.0869,0.003629,275.57, 506.1467
390582,6.0908,0.003873,258.22, 506.1464
390583,6.0942,0.003453,289.62, 506.1470
390584,6.0981,0.003825,261.45, 506.1467
390585,6.1025,0.004101,243.84, 506.1464
390586,6.1064,0.003986,250.88, 506.1464
390587,6.1099,0.003556,281.18, 506.1464
390588,6.1138,0.003675,272.09, 506.1464
390589,6.1172,0.003600,277.79, 506.1464
390590,6.1211,0.003790,263.85, 506.1464
390591,6.1245,0.003631,275.40, 506.1470
390592,6.1284,0.003753,266.46, 506.1489
390593,6.1323,0.003811,262.43, 506.1467
390594,6.1357,0.003662,273.11, 506.1464
390595,6.1396,0.003683,271.53, 506.1467
390596,6.1431,0.003649,274.03, 506.1470
390597,6.1470,0.003867,258.61, 506.1464
390598,6.1514,0.004184,238.99, 506.1467
390599,6.1543,0.003266,306.15, 506.1470
390600,6.1582,0.003810,262.45, 506.1470
390601,6.1621,0.003790,263.89, 506.1470
390602,6.1655,0.003625,275.87, 506.1464
390603,6.1699,0.004086,244.74, 506.1467
390604,6.1733,0.003348,298.67, 506.1470
390605,6.1768,0.003772,265.11, 506.1467
390606,6.1812,0.004113,243.15, 506.1467
390607,6.1846,0.003528,283.48, 506.1464
390608,6.1885,0.003835,260.74, 506.1467
390609,6.1919,0.003512,284.74, 506.1470
390610,6.1958,0.003964,252.28, 506.1467
390611,6.1997,0.003788,263.98, 506.1467
390612,6.2031,0.003550,281.71, 506.1467
390613,6.2070,0.003792,263.71, 506.1464
390614,6.2109,0.003865,258.73, 506.1464
390615,6.2144,0.003571,280.07, 506.1470
390616,6.2183,0.003669,272.58, 506.1467
390617,6.2217,0.003688,271.15, 506.1464
390618,6.2256,0.003807,262.70, 506.1467
390619,6.2295,0.003679,271.79, 506.1467
390620,6.2329,0.003642,274.57, 506.1464
390621,6.2368,0.003855,259.40, 506.1464
390622,6.2402,0.003555,281.26, 506.1467
390623,6.2441,0.003795,263.53, 506.1467
390624,6.2476,0.003647,274.18, 506.1470
390625,6.2515,0.003646,274.26, 506.1470
390626,6.2554,0.003945,253.47, 506.1464
390627,6.2588,0.003422,292.26, 506.1467
390628,6.2627,0.003817,261.97, 506.1470
390629,6.2666,0.003766,265.57, 506.1470
390630,6.2700,0.003578,279.52, 506.1464
390631,6.2739,0.003848,259.88, 506.1467
390632,6.2773,0.003314,301.73, 506.1464
390633,6.2813,0.003938,253.96, 506.1464
390634,6.2852,0.003947,253.39, 506.1464
390635,6.2886,0.003533,283.05, 506.1464
390636,6.2925,0.003772,265.10, 506.1464
390637,6.2964,0.003861,258.98, 506.1464
390638,6.2998,0.003451,289.80, 506.1467
390639,6.3037,0.003873,258.19, 506.1467
390640,6.3071,0.003567,280.36, 506.1470
390641,6.3110,0.003778,264.73, 506.1470
390642,6.3149,0.003872,258.29, 506.1470
390643,6.3184,0.003467,288.45, 506.1467
390644,6.3218,0.003784,264.26, 506.1464
390645,6.3257,0.003611,276.95, 506.1467
390646,6.3296,0.003796,263.47, 506.1464
390647,6.3330,0.003785,264.21, 506.1470
390648,6.3369,0.003589,278.61, 506.1470
390649,6.3413,0.004470,223.74, 506.1464
390650,6.3442,0.003238,308.84, 506.1467
390651,6.3481,0.003488,286.73, 506.1467
390652,6.3516,0.003743,267.19, 506.1467
390653,6.3555,0.003729,268.17, 506.1467
390654,6.3589,0.003711,269.48, 506.1464
390655,6.3628,0.003512,284.75, 506.1467
390656,6.3662,0.003798,263.33, 506.1464
390657,6.3701,0.003893,256.90, 506.1467
390658,6.3740,0.003510,284.92, 506.1464
390659,6.3779,0.003889,257.13, 506.1467
390660,6.3813,0.003727,268.30, 506.1467
390661,6.3848,0.003513,284.62, 506.1467
390662,6.3887,0.003688,271.16, 506.1470
390663,6.3921,0.003684,271.43, 506.1467
390664,6.3960,0.003761,265.87, 506.1470
390665,6.3999,0.003876,258.00, 506.1470
390666,6.4033,0.003567,280.38, 506.1464
390667,6.4072,0.003717,269.04, 506.1470
390668,6.4106,0.003511,284.79, 506.1467
390669,6.4146,0.004003,249.81, 506.1464
390670,6.4185,0.003780,264.53, 506.1464
390671,6.4219,0.003435,291.15, 506.1470
390672,6.4258,0.003743,267.19, 506.1470
390673,6.4297,0.003880,257.73, 506.1467
390674,6.4336,0.003823,261.55, 506.1464
390675,6.4370,0.003571,280.03, 506.1467
390676,6.4404,0.003507,285.14, 506.1464
390677,6.4443,0.003786,264.15, 506.1470
390678,6.4482,0.003826,261.35, 506.1470
390679,6.4517,0.003352,298.29, 506.1467
390680,6.4556,0.004072,245.59, 506.1467
390681,6.4590,0.003406,293.63, 506.1467
390682,6.4629,0.003899,256.47, 506.1464
390683,6.4668,0.004003,249.81, 506.1470
390684,6.4702,0.003160,316.46, 506.1470
390685,6.4736,0.003833,260.91, 506.1467
390686,6.4775,0.003736,267.67, 506.1464
390687,6.4814,0.003881,257.65, 506.1470
390688,6.4854,0.003818,261.94, 506.1470
390689,6.4888,0.003413,293.04, 506.1464
390690,6.4927,0.003811,262.40, 506.1470
390691,6.4961,0.003606,277.33, 506.1464
390692,6.5000,0.003727,268.33, 506.1467
390693,6.5039,0.003905,256.11, 506.1464
390694,6.5073,0.003500,285.76, 506.1470
390695,6.5112,0.003883,257.55, 506.1467
390696,6.5151,0.003881,257.67, 506.1467
390697,6.5181,0.003299,303.14, 506.1464
390698,6.5220,0.003764,265.66, 506.1467
390699,6.5259,0.003673,272.23, 506.1470
390700,6.5293,0.003741,267.30, 506.1467
390701,6.5337,0.003987,250.82, 506.1467
390702,6.5371,0.003420,292.44, 506.1470
390703,6.5405,0.003789,263.91, 506.1470
390704,6.5444,0.003569,280.17, 506.1470
390705,6.5479,0.003779,264.64, 506.1464
390706,6.5518,0.003769,265.29, 506.1464
390707,6.5552,0.003601,277.71, 506.1464
390708,6.5591,0.003786,264.16, 506.1467
390709,6.5630,0.003590,278.52, 506.1464
390710,6.5664,0.003763,265.72, 506.1467
390711,6.5703,0.003891,257.02, 506.1470
390712,6.5742,0.003584,279.06, 506.1470
390713,6.5776,0.003639,274.77, 506.1470
390714,6.5811,0.003483,287.12, 506.1470
390715,6.5850,0.004034,247.89, 506.1464
390716,6.5889,0.003671,272.42, 506.1470
390717,6.5923,0.003566,280.44, 506.1467
390718,6.5962,0.003573,279.90, 506.1467
390719,6.6001,0.004104,243.69, 506.1464
390720,6.6035,0.003490,286.52, 506.1467
390721,6.6074,0.003746,266.94, 506.1470
390722,6.6108,0.003521,284.01, 506.1467
390723,6.6147,0.003813,262.24, 506.1467
390724,6.6187,0.003906,256.02, 506.1470
390725,6.6221,0.003554,281.40, 506.1467
390726,6.6260,0.003712,269.38, 506.1470
390727,6.6294,0.003576,279.67, 506.1470
390728,6.6333,0.003752,266.50, 506.1464
390729,6.6372,0.004074,245.44, 506.1470
390730,6.6406,0.003402,293.98, 506.1467
390731,6.6445,0.003842,260.28, 506.1464
390732,6.6479,0.003382,295.66, 506.1467
390733,6.6519,0.003874,258.13, 506.1464
390734,6.6558,0.003881,257.65, 506.1470
390735,6.6592,0.003544,282.14, 506.1470
390736,6.6631,0.003734,267.80, 506.1467
390737,6.6670,0.003993,250.43, 506.1464
390738,6.6709,0.003826,261.38, 506.1467
390739,6.6743,0.003677,271.93, 506.1470
390740,6.6777,0.003474,287.87, 506.1467
390741,6.6816,0.003848,259.89, 506.1470
390742,6.6855,0.003803,262.96, 506.1467
390743,6.6890,0.003607,277.26, 506.1470
390744,6.6929,0.003766,265.55, 506.1467
390745,6.6963,0.003499,285.81, 506.1464
390746,6.7002,0.003824,261.50, 506.1464
390747,6.7041,0.003909,255.81, 506.1467
390748,6.7075,0.003441,290.59, 506.1464
390749,6.7114,0.003784,264.29, 506.1464
390750,6.7153,0.003764,265.71, 506.1464
390751,6.7188,0.003573,279.91, 506.1470
390752,6.7227,0.003764,265.66, 506.1467
390753,6.7261,0.003642,274.57, 506.1467
390754,6.7300,0.003739,267.42, 506.1464
390755,6.7334,0.003784,264.27, 506.1467
390756,6.7373,0.003617,276.46, 506.1470
390757,6.7407,0.003749,266.71, 506.1470
390758,6.7446,0.003665,272.84, 506.1464
390759,6.7485,0.003676,272.04, 506.1467
390760,6.7520,0.003817,261.98, 506.1467
390761,6.7559,0.003607,277.26, 506.1467
390762,6.7593,0.003629,275.57, 506.1467
390763,6.7632,0.003743,267.18, 506.1470
390764,6.7671,0.003832,260.99, 506.1467
390765,6.7710,0.003885,257.43, 506.1470
390766,6.7744,0.003550,281.68, 506.1467
390767,6.7783,0.003836,260.72, 506.1467
390768,6.7817,0.003474,287.85, 506.1470
390769,6.7856,0.003901,256.34, 506.1464
390770,6.7896,0.003841,260.35, 506.1470
390771,6.7935,0.003911,255.70, 506.1464
390772,6.7969,0.003664,272.93, 506.1467
390773,6.8008,0.003771,265.16, 506.1464
390774,6.8042,0.003574,279.78, 506.1587
390775,6.8081,0.003660,273.25, 506.1470
390776,6.8115,0.003690,271.01, 506.1467
390777,6.8154,0.003814,262.21, 506.1464
390778,6.8193,0.003751,266.60, 506.1467
390779,6.8228,0.003732,267.95, 506.1464
390780,6.8271,0.003960,252.55, 506.1467
390781,6.8306,0.003673,272.24, 506.1470
390782,6.8340,0.003485,286.94, 506.1464
390783,6.8379,0.003966,252.18, 506.1470
390784,6.8418,0.003546,282.01, 506.1470
390785,6.8452,0.003754,266.35, 506.1467
390786,6.8491,0.003916,255.35, 506.1467
390787,6.8525,0.003479,287.42, 506.1464
390788,6.8564,0.003909,255.80, 506.1470
390789,6.8604,0.003490,286.56, 506.1470
390790,6.8638,0.003837,260.61, 506.1467
390791,6.8682,0.004140,241.56, 506.1470
390792,6.8716,0.003651,273.91, 506.1467
390793,6.8755,0.003782,264.40, 506.1470
390794,6.8794,0.003767,265.44, 506.1467
390795,6.8828,0.003674,272.18, 506.1467
390796,6.8867,0.003897,256.61, 506.1470
390797,6.8906,0.003583,279.12, 506.1467
390798,6.8940,0.003790,263.82, 506.1464
390799,6.8979,0.003863,258.87, 506.1470
390800,6.9019,0.003644,274.42, 506.1470
390801,6.9053,0.003639,274.80, 506.1470
390802,6.9092,0.003635,275.13, 506.1467
390803,6.9131,0.003907,255.93, 506.1467
390804,6.9170,0.003836,260.72, 506.1467
390805,6.9204,0.003488,286.68, 506.1470
390806,6.9243,0.003972,251.75, 506.1464
390807,6.9282,0.003828,261.26, 506.1467
390808,6.9316,0.003690,270.97, 506.1464
390809,6.9360,0.004050,246.93, 506.1467
390810,6.9390,0.003117,320.79, 506.1464
390811,6.9429,0.004047,247.07, 506.1467
390812,6.9468,0.003790,263.87, 506.1470
390813,6.9507,0.003668,272.64, 506.1464
390814,6.9546,0.004174,239.58, 506.1470
390815,6.9580,0.003579,279.41, 506.1467
390816,6.9624,0.004047,247.09, 506.1464
390817,6.9658,0.003772,265.10, 506.1467
390818,6.9692,0.003382,295.68, 506.1464
390819,6.9736,0.004273,234.05, 506.1470
390820,6.9775,0.003804,262.90, 506.1464
390821,6.9810,0.003696,270.60, 506.1467
390822,6.9849,0.003757,266.18, 506.1464
390823,6.9888,0.003815,262.14, 506.1467
390824,6.9922,0.003654,273.68, 506.1470
390825,6.9966,0.003969,251.95, 506.1470
390826,7.0000,0.003431,291.46, 506.1467
390827,7.0034,0.003798,263.30, 506.1470
390828,7.0073,0.003937,253.98, 506.1470
390829,7.0112,0.003522,283.97, 506.1467
390830,7.0146,0.003805,262.83, 506.1470
390831,7.0190,0.003985,250.97, 506.1464
390832,7.0229,0.003891,257.02, 506.1467
390833,7.0264,0.003773,265.04, 506.1464
390834,7.0298,0.003359,297.74, 506.1470
390835,7.0337,0.004015,249.08, 506.1470
390836,7.0376,0.003822,261.63, 506.1467
390837,7.0415,0.003747,266.87, 506.1464
390838,7.0454,0.003721,268.77, 506.1464
390839,7.0488,0.003548,281.82, 506.1467
390840,7.0527,0.003872,258.25, 506.1464
390841,7.0566,0.003896,256.69, 506.1470
390842,7.0601,0.003407,293.49, 506.1470
390843,7.0640,0.003857,259.27, 506.1467
390844,7.0679,0.003937,254.03, 506.1467
390845,7.0718,0.003898,256.52, 506.1467
390846,7.0752,0.003721,268.75, 506.1467
390847,7.0786,0.003511,284.83, 506.1470
390848,7.0825,0.003838,260.58, 506.1467
390849,7.0864,0.003818,261.90, 506.1470
390850,7.0903,0.003738,267.49, 506.1464
390851,7.0938,0.003564,280.56, 506.1467
390852,7.0977,0.003642,274.60, 506.1470
390853,7.1016,0.003912,255.60, 506.1464
390854,7.1050,0.003702,270.12, 506.1467
390855,7.1089,0.003644,274.40, 506.1470
390856,7.1128,0.003885,257.41, 506.1464
390857,7.1162,0.003759,266.06, 506.1464
390858,7.1201,0.003890,257.06, 506.1464
390859,7.1235,0.003462,288.85, 506.1467
390860,7.1270,0.003473,287.94, 506.1464
390861,7.1309,0.003941,253.72, 506.1467
390862,7.1353,0.004045,247.21, 506.1464
390863,7.1387,0.003471,288.10, 506.1464
390864,7.1426,0.003754,266.35, 506.1464
390865,7.1460,0.003507,285.18, 506.1470
390866,7.1499,0.003861,259.03, 506.1509
390867,7.1538,0.004077,245.27, 506.1467
390868,7.1572,0.003378,296.06, 506.1470
390869,7.1611,0.003802,263.05, 506.1464
390870,7.1646,0.003730,268.10, 506.1467
390871,7.1685,0.003626,275.82, 506.1616
390872,7.1724,0.003805,262.79, 506.1467
390873,7.1758,0.003644,274.42, 506.1467
390874,7.1797,0.003824,261.51, 506.1470
390875,7.1836,0.004000,249.99, 506.1470
390876,7.1870,0.003413,293.03, 506.1464
390877,7.1909,0.003841,260.34, 506.1464
390878,7.1943,0.003594,278.26, 506.1467
390879,7.1982,0.003750,266.65, 506.1467
390880,7.2021,0.004146,241.20, 506.1467
390881,7.2061,0.003593,278.31, 506.1467
390882,7.2100,0.003788,263.98, 506.1467
390883,7.2139,0.003983,251.06, 506.1467
390884,7.2173,0.003465,288.58, 506.1464
390885,7.2207,0.003717,269.06, 506.1467
390886,7.2246,0.003670,272.49, 506.1464
390887,7.2285,0.004122,242.62, 506.1464
390888,7.2324,0.003620,276.21, 506.1467
390889,7.2358,0.003477,287.65, 506.1464
390890,7.2397,0.003713,269.35, 506.1464
390891,7.2432,0.003567,280.37, 506.1470
390892,7.2471,0.003973,251.67, 506.1470
390893,7.2510,0.003857,259.28, 506.1464
390894,7.2544,0.003471,288.12, 506.1467
390895,7.2583,0.003719,268.87, 506.1467
390896,7.2622,0.003946,253.41, 506.1470
390897,7.2656,0.003418,292.61, 506.1467
390898,7.2695,0.003920,255.11, 506.1470
390899,7.2729,0.003665,272.82, 506.1464
390900,7.2769,0.003733,267.85, 506.1464
390901,7.2808,0.003844,260.18, 506.1467
390902,7.2842,0.003465,288.64, 506.1464
390903,7.2881,0.003854,259.44, 506.1467
390904,7.2915,0.003536,282.78, 506.1489
390905,7.2949,0.003686,271.30, 506.1470
390906,7.2988,0.003873,258.20, 506.1467
390907,7.3027,0.003675,272.13, 506.1470
390908,7.3066,0.003880,257.75, 506.1467
390909,7.3101,0.003371,296.66, 506.1464
390910,7.3140,0.003776,264.83, 506.1464
390911,7.3179,0.003985,250.97, 506.1470
390912,7.3213,0.003460,289.06, 506.1467
390913,7.3252,0.003837,260.63, 506.1467
390914,7.3281,0.003328,300.53, 506.1467
390915,7.3325,0.004038,247.66, 506.1467
390916,7.3364,0.003965,252.23, 506.1470
390917,7.3398,0.003487,286.75, 506.1467
390918,7.3438,0.003703,270.05, 506.1464
390919,7.3472,0.003800,263.18, 506.1470
390920,7.3506,0.003485,286.94, 506.1470
390921,7.3545,0.003862,258.91, 506.1470
390922,7.3584,0.003501,285.65, 506.1464
390923,7.3618,0.003794,263.61, 506.1467
390924,7.3657,0.003869,258.48, 506.1467
390925,7.3691,0.003418,292.59, 506.1470
390926,7.3730,0.003952,253.02, 506.1470
390927,7.3765,0.003434,291.23, 506.1470
390928,7.3804,0.003796,263.41, 506.1467
390929,7.3843,0.003969,251.97, 506.1464
390930,7.3877,0.003514,284.59, 506.1464
390931,7.3916,0.003527,283.54, 506.1470
390932,7.3950,0.003697,270.47, 506.1464
390933,7.3989,0.003783,264.35, 506.1470
390934,7.4028,0.003960,252.54, 506.1470
390935,7.4063,0.003433,291.32, 506.1464
390936,7.4102,0.003767,265.50, 506.1464
390937,7.4136,0.003490,286.50, 506.1470
390938,7.4175,0.003905,256.11, 506.1470
390939,7.4214,0.003686,271.33, 506.1464
390940,7.4248,0.003704,269.96, 506.1470
390941,7.4287,0.003598,277.92, 506.1467
390942,7.4326,0.003953,252.96, 506.1464
390943,7.4360,0.003601,277.69, 506.1470
390944,7.4399,0.003781,264.52, 506.1464
390945,7.4434,0.003564,280.55, 506.1467
390946,7.4473,0.003844,260.12, 506.1464
390947,7.4512,0.003974,251.62, 506.1467
390948,7.4546,0.003442,290.53, 506.1467
390949,7.4585,0.003770,265.23, 506.1464
390950,7.4619,0.003514,284.62, 506.1464
390951,7.4658,0.003760,265.98, 506.1470
390952,7.4692,0.003697,270.46, 506.1489
390953,7.4731,0.003746,266.95, 506.1470
390954,7.4771,0.003722,268.65, 506.1467
390955,7.4805,0.003491,286.45, 506.1489
390956,7.4844,0.003938,253.93, 506.1467
390957,7.4883,0.003859,259.14, 506.1467
390958,7.4917,0.003448,289.99, 506.1470
390959,7.4956,0.004003,249.83, 506.1470
390960,7.4985,0.003142,318.23, 506.1470
390961,7.5029,0.004037,247.71, 506.1467
390962,7.5068,0.003984,250.99, 506.1464
390963,7.5098,0.003142,318.27, 506.1470
390964,7.5137,0.004002,249.86, 506.1467
390965,7.5181,0.003928,254.60, 506.1467
390966,7.5215,0.003419,292.52, 506.1467
390967,7.5254,0.003908,255.91, 506.1470
390968,7.5288,0.003561,280.80, 506.1470
390969,7.5322,0.003683,271.50, 506.1470
390970,7.5366,0.004095,244.20, 506.1467
390971,7.5400,0.003585,278.96, 506.1464
390972,7.5439,0.003884,257.47, 506.1467
390973,7.5479,0.003683,271.52, 506.1470
390974,7.5513,0.003558,281.07, 506.1467
390975,7.5552,0.003945,253.51, 506.1470
390976,7.5586,0.003382,295.69, 506.1470
390977,7.5625,0.003908,255.86, 506.1467
390978,7.5664,0.003800,263.17, 506.1470
390979,7.5698,0.003441,290.60, 506.1470
390980,7.5737,0.004233,236.26, 506.1470
390981,7.5771,0.003206,311.95, 506.1464
390982,7.5811,0.003911,255.71, 506.1464
390983,7.5850,0.004014,249.14, 506.1467
390984,7.5884,0.003289,304.04, 506.1467
390985,7.5923,0.004021,248.71, 506.1577
390986,7.5957,0.003251,307.61, 506.1464
390987,7.5996,0.003942,253.67, 506.1464
390988,7.6035,0.003920,255.08, 506.1467
390989,7.6069,0.003486,286.84, 506.1464
390990,7.6108,0.003886,257.31, 506.1464
390991,7.6143,0.003201,312.38, 506.1467
390992,7.6182,0.004113,243.11, 506.1464
390993,7.6221,0.003802,263.04, 506.1464
390994,7.6255,0.003498,285.88, 506.1464
390995,7.6294,0.003842,260.28, 506.1464
390996,7.6333,0.003771,265.15, 506.1467
390997,7.6367,0.003508,285.09, 506.1464
390998,7.6406,0.003842,260.30, 506.1464
390999,7.6440,0.003509,284.95, 506.1467
391000,7.6479,0.003800,263.19, 506.1464
391001,7.6519,0.003961,252.49, 506.1464
391002,7.6548,0.003214,311.14, 506.1464
391003,7.6587,0.003990,250.64, 506.1470
391004,7.6626,0.003540,282.50, 506.1464
391005,7.6665,0.003901,256.33, 506.1464
391006,7.6704,0.003941,253.76, 506.1467
391007,7.6738,0.003325,300.73, 506.1464
391008,7.6772,0.003483,287.09, 506.1470
391009,7.6807,0.003764,265.66, 506.1470
391010,7.6846,0.003807,262.67, 506.1464
391011,7.6885,0.003681,271.69, 506.1470
391012,7.6919,0.003583,279.06, 506.1470
391013,7.6958,0.004017,248.92, 506.1464
391014,7.6992,0.003454,289.53, 506.1464
391015,7.7031,0.003761,265.89, 506.1464
391016,7.7070,0.003865,258.73, 506.1467
391017,7.7104,0.003478,287.51, 506.1470
391018,7.7144,0.003869,258.46, 506.1464
391019,7.7183,0.003874,258.11, 506.1467
391020,7.7217,0.003364,297.24, 506.1470
391021,7.7256,0.003893,256.88, 506.1470
391022,7.7290,0.003517,284.34, 506.1470
391023,7.7329,0.003818,261.92, 506.1464
391024,7.7363,0.003740,267.36, 506.1470
391025,7.7397,0.003393,294.69, 506.1464
391026,7.7441,0.004040,247.55, 506.1467
391027,7.7471,0.003285,304.39, 506.1470
391028,7.7510,0.003938,253.96, 506.1464
391029,7.7549,0.003808,262.63, 506.1467
391030,7.7588,0.003561,280.83, 506.1467
391031,7.7622,0.003719,268.88, 506.1470
391032,7.7661,0.003619,276.34, 506.1470
391033,7.7695,0.003772,265.15, 506.1464
391034,7.7734,0.003963,252.33, 506.1464
391035,7.7773,0.003501,285.61, 506.1464
391036,7.7808,0.003604,277.48, 506.1467
391037,7.7842,0.003653,273.75, 506.1464
391038,7.7881,0.003874,258.14, 506.1464
391039,7.7920,0.003871,258.31, 506.1470
391040,7.7959,0.003567,280.39, 506.1470
391041,7.7993,0.003739,267.46, 506.1464
391042,7.8032,0.003923,254.92, 506.1467
391043,7.8066,0.003416,292.78, 506.1470
391044,7.8105,0.003978,251.39, 506.1470
391045,7.8145,0.003440,290.69, 506.1470
391046,7.8179,0.003618,276.43, 506.1467
391047,7.8223,0.004188,238.77, 506.1467
391048,7.8257,0.003605,277.41, 506.1464
391049,7.8296,0.003973,251.70, 506.1470
391050,7.8335,0.003919,255.16, 506.1464
391051,7.8369,0.003567,280.34, 506.1470
391052,7.8413,0.004053,246.76, 506.1470
391053,7.8442,0.003224,310.15, 506.1464
391054,7.8481,0.003859,259.12, 506.1464
391055,7.8521,0.003968,252.02, 506.1470
391056,7.8555,0.003506,285.22, 506.1470
391057,7.8594,0.003854,259.50, 506.1470
391058,7.8633,0.003547,281.91, 506.1467
391059,7.8667,0.003813,262.29, 506.1470
391060,7.8711,0.003933,254.25, 506.1470
391061,7.8745,0.003508,285.09, 506.1464
391062,7.8779,0.003748,266.78, 506.1464
391063,7.8818,0.003896,256.67, 506.1467
391064,7.8857,0.003596,278.09, 506.1464
391065,7.8892,0.003673,272.23, 506.1470
391066,7.8926,0.003542,282.35, 506.1470
391067,7.8970,0.004025,248.43, 506.1467
391068,7.9004,0.003765,265.60, 506.1467
391069,7.9043,0.003637,274.92, 506.1464
391070,7.9082,0.003782,264.42, 506.1464
391071,7.9116,0.003517,284.33, 506.1464
391072,7.9155,0.003885,257.43, 506.1467
391073,7.9199,0.004314,231.79, 506.1464
391074,7.9238,0.003848,259.89, 506.1464
391075,7.9272,0.003493,286.30, 506.1467
391076,7.9307,0.003807,262.69, 506.1528
391077,7.9351,0.003995,250.29, 506.1464
391078,7.9385,0.003837,260.62, 506.1464
391079,7.9424,0.003560,280.89, 506.1470
391080,7.9463,0.004220,236.98, 506.1470
391081,7.9507,0.004041,247.49, 506.1470
391082,7.9541,0.003603,277.56, 506.1467
391083,7.9585,0.004250,235.31, 506.1467
391084,7.9619,0.003598,277.96, 506.1467
391085,7.9658,0.003813,262.27, 506.1467
391086,7.9697,0.003841,260.38, 506.1467
391087,7.9736,0.003794,263.59, 506.1467
391088,7.9771,0.003447,290.12, 506.1470
391089,7.9805,0.003792,263.69, 506.1467
391090,7.9844,0.003694,270.70, 506.1464
391091,7.9883,0.003786,264.12, 506.1464
391092,7.9917,0.003663,273.02, 506.1464
391093,7.9956,0.003670,272.50, 506.1467
391094,7.9995,0.003829,261.20, 506.1464
391095,8.0029,0.003531,283.24, 506.1470
391096,8.0068,0.003896,256.70, 506.1467
391097,8.0107,0.003838,260.56, 506.1467
391098,8.0142,0.003593,278.36, 506.1470
391099,8.0181,0.003757,266.18, 506.1467
391100,8.0220,0.003988,250.76, 506.1467
391101,8.0254,0.003493,286.33, 506.1464
391102,8.0293,0.003668,272.63, 506.1464
391103,8.0327,0.003689,271.10, 506.1467
391104,8.0366,0.003898,256.52, 506.1470
391105,8.0405,0.003855,259.39, 506.1470
391106,8.0444,0.003727,268.31, 506.1464
391107,8.0479,0.003691,270.91, 506.1467
391108,8.0513,0.003429,291.62, 506.1470
391109,8.0552,0.003949,253.25, 506.1464
391110,8.0591,0.003669,272.56, 506.1470
391111,8.0625,0.003602,277.61, 506.1467
391112,8.0664,0.003893,256.90, 506.1464
391113,8.0703,0.003842,260.26, 506.1470
391114,8.0742,0.003944,253.53, 506.1467
391115,8.0781,0.003761,265.89, 506.1464
391116,8.0815,0.003389,295.11, 506.1464
391117,8.0854,0.004004,249.73, 506.1470
391118,8.0894,0.003763,265.75, 506.1467
391119,8.0928,0.003692,270.88, 506.1467
391120,8.0967,0.003736,267.64, 506.1470
391121,8.1001,0.003515,284.52, 506.1470
391122,8.1040,0.003941,253.77, 506.1464
391123,8.1079,0.003650,274.00, 506.1470
391124,8.1113,0.003703,270.04, 506.1464
391125,8.1152,0.003860,259.07, 506.1464
391126,8.1191,0.003793,263.68, 506.1464
391127,8.1230,0.003786,264.13, 506.1467
391128,8.1265,0.003700,270.28, 506.1470
391129,8.1299,0.003457,289.26, 506.1467
391130,8.1338,0.003782,264.40, 506.1470
391131,8.1377,0.004088,244.59, 506.1467
391132,8.1411,0.003422,292.25, 506.1467
391133,8.1450,0.003811,262.41, 506.1464
391134,8.1484,0.003539,282.60, 506.1464
391135,8.1523,0.003853,259.52, 506.1464
391136,8.1563,0.003775,264.91, 506.1470
391137,8.1597,0.003588,278.72, 506.1467
391138,8.1636,0.003849,259.80, 506.1467
391139,8.1680,0.004013,249.17, 506.1464
391140,8.1714,0.003432,291.37, 506.1470
391141,8.1748,0.003846,260.02, 506.1467
391142,8.1787,0.003544,282.17, 506.1464
391143,8.1821,0.003792,263.71, 506.1470
391144,8.1865,0.004158,240.51, 506.1467
391145,8.1899,0.003192,313.29, 506.1470
391146,8.1934,0.003790,263.84, 506.1464
391147,8.1973,0.003688,271.13, 506.1467
391148,8.2012,0.004070,245.69, 506.1464
391149,8.2051,0.003811,262.38, 506.1464
391150,8.2085,0.003350,298.54, 506.1470
391151,8.2124,0.003841,260.36, 506.1467
391152,8.2163,0.003889,257.15, 506.1470
391153,8.2197,0.003471,288.08, 506.1464
391154,8.2236,0.003827,261.30, 506.1464
391155,8.2271,0.003701,270.22, 506.1464
391156,8.2310,0.003734,267.79, 506.1467
391157,8.2349,0.003820,261.79, 506.1464
391158,8.2383,0.003575,279.71, 506.1464
391159,8.2417,0.003643,274.48, 506.1470
391160,8.2456,0.003728,268.24, 506.1467
391161,8.2495,0.003805,262.83, 506.1464
391162,8.2534,0.003992,250.53, 506.1464
391163,8.2568,0.003513,284.65, 506.1467
391164,8.2607,0.003810,262.45, 506.1470
391165,8.2642,0.003550,281.72, 506.1464
391166,8.2681,0.003844,260.12, 506.1464
391167,8.2720,0.003753,266.47, 506.1470
391168,8.2754,0.003698,270.45, 506.1470
391169,8.2793,0.003821,261.74, 506.1464
391170,8.2832,0.003868,258.55, 506.1470
391171,8.2866,0.003446,290.18, 506.1464
391172,8.2905,0.003905,256.08, 506.1470
391173,8.2944,0.003564,280.62, 506.1470
391174,8.2979,0.003866,258.67, 506.1467
391175,8.3018,0.003736,267.64, 506.1464
391176,8.3052,0.003600,277.77, 506.1467
391177,8.3091,0.003826,261.37, 506.1470
391178,8.3130,0.003608,277.15, 506.1470
391179,8.3164,0.003789,263.94, 506.1470
391180,8.3203,0.003912,255.64, 506.1464
391181,8.3242,0.003571,280.03, 506.1470
391182,8.3276,0.003759,266.06, 506.1464
391183,8.3320,0.003922,255.00, 506.1464
391184,8.3350,0.003323,300.91, 506.1470
391185,8.3394,0.004072,245.57, 506.1464
391186,8.3428,0.003578,279.47, 506.1470
391187,8.3467,0.003753,266.47, 506.1470
391188,8.3501,0.003821,261.71, 506.1464
391189,8.3540,0.003532,283.17, 506.1467
391190,8.3579,0.003912,255.64, 506.1467
391191,8.3613,0.003462,288.83, 506.1467
391192,8.3652,0.003859,259.13, 506.1470
391193,8.3687,0.003766,265.53, 506.1470
391194,8.3726,0.003720,268.85, 506.1464
391195,8.3765,0.003743,267.18, 506.1464
391196,8.3804,0.003902,256.26, 506.1470
391197,8.3838,0.003458,289.22, 506.1464
391198,8.3877,0.003943,253.62, 506.1464
391199,8.3911,0.003634,275.21, 506.1470
391200,8.3950,0.003675,272.08, 506.1467
391201,8.3984,0.003722,268.66, 506.1470
391202,8.4023,0.003708,269.66, 506.1467
391203,8.4063,0.004019,248.82, 506.1470
391204,8.4097,0.003472,287.99, 506.1467
391205,8.4141,0.003989,250.69, 506.1467
391206,8.4175,0.003805,262.80, 506.1467
391207,8.4214,0.003482,287.18, 506.1467
391208,8.4248,0.003901,256.34, 506.1464
391209,8.4287,0.003669,272.58, 506.1467
391210,8.4321,0.003647,274.21, 506.1464
391211,8.4360,0.003769,265.31, 506.1470
391212,8.4395,0.003550,281.69, 506.1467
391213,8.4434,0.003840,260.44, 506.1467
391214,8.4468,0.003473,287.94, 506.1467
391215,8.4512,0.003975,251.60, 506.1467
391216,8.4546,0.003599,277.84, 506.1470
391217,8.4580,0.003652,273.85, 506.1467
391218,8.4619,0.003853,259.55, 506.1470
391219,8.4663,0.004048,247.02, 506.1464
391220,8.4697,0.003479,287.46, 506.1464
391221,8.4731,0.003680,271.78, 506.1464
391222,8.4766,0.003448,290.06, 506.1464
391223,8.4805,0.003849,259.81, 506.1470
391224,8.4844,0.003672,272.33, 506.1464
391225,8.4878,0.003562,280.71, 506.1467
391226,8.4917,0.004008,249.49, 506.1467
391227,8.4951,0.003385,295.39, 506.1467
391228,8.4990,0.003869,258.44, 506.1464
391229,8.5029,0.003893,256.85, 506.1470
391230,8.5063,0.003537,282.74, 506.1464
391231,8.5103,0.003722,268.65, 506.1467
391232,8.5142,0.003961,252.47, 506.1467
391233,8.5176,0.003331,300.21, 506.1467
391234,8.5215,0.003953,252.95, 506.1464
391235,8.5249,0.003534,282.99, 506.1470
391236,8.5288,0.003740,267.37, 506.1464
391237,8.5327,0.003835,260.74, 506.1467
391238,8.5361,0.003498,285.89, 506.1464
391239,8.5400,0.003805,262.84, 506.1470
391240,8.5435,0.003614,276.67, 506.1467
391241,8.5474,0.003679,271.80, 506.1470
391242,8.5508,0.003735,267.73, 506.1470
391243,8.5547,0.003664,272.90, 506.1467
391244,8.5581,0.003676,272.06, 506.1467
391245,8.5620,0.003625,275.88, 506.1470
391246,8.5659,0.003834,260.84, 506.1467
391247,8.5698,0.003988,250.73, 506.1470
391248,8.5732,0.003462,288.84, 506.1470
391249,8.5771,0.003812,262.31, 506.1467
391250,8.5806,0.003434,291.23, 506.1464
391251,8.5845,0.003826,261.36, 506.1470
391252,8.5879,0.003833,260.92, 506.1467
391253,8.5918,0.003632,275.32, 506.1464
391254,8.5957,0.003789,263.92, 506.1464
391255,8.5991,0.003733,267.89, 506.1470
391256,8.6025,0.003559,281.01, 506.1464
391257,8.6064,0.003637,274.97, 506.1470
391258,8.6099,0.003627,275.74, 506.1470
391259,8.6138,0.003804,262.89, 506.1489
391260,8.6177,0.003709,269.63, 506.1467
391261,8.6211,0.003680,271.72, 506.1470
391262,8.6250,0.004002,249.85, 506.1467
391263,8.6289,0.003519,284.16, 506.1470
391264,8.6328,0.003985,250.94, 506.1464
391265,8.6362,0.003466,288.53, 506.1467
391266,8.6396,0.003550,281.66, 506.1470
391267,8.6436,0.003804,262.90, 506.1464
391268,8.6470,0.003503,285.44, 506.1467
391269,8.6509,0.003775,264.88, 506.1470
391270,8.6548,0.003997,250.19, 506.1464
391271,8.6582,0.003447,290.08, 506.1467
391272,8.6621,0.003999,250.06, 506.1464
391273,8.6660,0.003532,283.15, 506.1470
391274,8.6699,0.003874,258.13, 506.1464
391275,8.6733,0.003846,259.98, 506.1470
391276,8.6768,0.003456,289.39, 506.1464
391277,8.6807,0.003759,266.02, 506.1467
391278,8.6846,0.003926,254.74, 506.1470
391279,8.6885,0.003576,279.63, 506.1470
391280,8.6919,0.003674,272.18, 506.1470
391281,8.6953,0.003506,285.23, 506.1467
391282,8.6992,0.003891,257.03, 506.1464
391283,8.7031,0.004009,249.45, 506.1464
391284,8.7070,0.003472,288.01, 506.1464
391285,8.7104,0.003450,289.90, 506.1470
391286,8.7144,0.004084,244.84, 506.1464
391287,8.7178,0.003454,289.55, 506.1467
391288,8.7217,0.003750,266.70, 506.1467
391289,8.7251,0.003660,273.20, 506.1464
391290,8.7290,0.003763,265.73, 506.1464
391291,8.7324,0.003537,282.75, 506.1467
391292,8.7363,0.003785,264.21, 506.1470
391293,8.7407,0.004214,237.28, 506.1464
391294,8.7441,0.003522,283.96, 506.1464
391295,8.7480,0.003877,257.93, 506.1470
391296,8.7520,0.003842,260.31, 506.1467
391297,8.7554,0.003425,291.94, 506.1470
391298,8.7588,0.003815,262.14, 506.1467
391299,8.7622,0.003459,289.14, 506.1464
391300,8.7666,0.003983,251.09, 506.1464
391301,8.7700,0.003691,270.91, 506.1464
391302,8.7734,0.003540,282.52, 506.1467
391303,8.7773,0.003782,264.40, 506.1464
391304,8.7813,0.003882,257.62, 506.1464
391305,8.7847,0.003424,292.10, 506.1464
391306,8.7886,0.003745,267.00, 506.1464
391307,8.7920,0.003715,269.21, 506.1470
391308,8.7959,0.003591,278.51, 506.1464
391309,8.7998,0.003891,257.01, 506.1464
391310,8.8032,0.003644,274.43, 506.1464
391311,8.8076,0.004243,235.67, 506.1470
391312,8.8110,0.003365,297.15, 506.1470
391313,8.8149,0.003932,254.32, 506.1464
391314,8.8188,0.003744,267.11, 506.1470
391315,8.8223,0.003653,273.74, 506.1467
391316,8.8262,0.003773,265.02, 506.1464
391317,8.8301,0.004007,249.58, 506.1464
391318,8.8335,0.003420,292.38, 506.1467
391319,8.8374,0.003777,264.79, 506.1470
391320,8.8408,0.003679,271.84, 506.1464
391321,8.8447,0.003832,260.96, 506.1467
391322,8.8486,0.003831,261.05, 506.1464
391323,8.8521,0.003450,289.89, 506.1464
391324,8.8555,0.003685,271.40, 506.1470
391325,8.8594,0.003683,271.55, 506.1467
391326,8.8633,0.003863,258.89, 506.1464
391327,8.8672,0.003806,262.78, 506.1470
391328,8.8706,0.003444,290.36, 506.1470
391329,8.8745,0.003910,255.75, 506.1467
391330,8.8779,0.003310,302.13, 506.1464
391331,8.8818,0.004136,241.80, 506.1467
391332,8.8857,0.003807,262.68, 506.1467
391333,8.8892,0.003589,278.63, 506.1464
391334,8.8931,0.003727,268.30, 506.1464
391335,8.8965,0.003508,285.03, 506.1464
391336,8.9004,0.003818,261.94, 506.1470
391337,8.9043,0.003990,250.61, 506.1470
391338,8.9077,0.003433,291.29, 506.1467
391339,8.9116,0.003830,261.10, 506.1464
391340,8.9155,0.003859,259.13, 506.1470
391341,8.9189,0.003589,278.61, 506.1470
391342,8.9233,0.004139,241.58, 506.1467
391343,8.9263,0.003213,311.27, 506.1467
391344,8.9302,0.004006,249.66, 506.1467
391345,8.9346,0.004269,234.24, 506.1464
391346,8.9385,0.003638,274.88, 506.1464
391347,8.9414,0.003288,304.16, 506.1464
391348,8.9448,0.003476,287.71, 506.1470
391349,8.9487,0.003842,260.26, 506.1514
391350,8.9536,0.004684,213.50, 506.1464
391351,8.9570,0.003238,308.84, 506.1470
391352,8.9609,0.004009,249.46, 506.1464
391353,8.9648,0.004096,244.12, 506.1489
391354,8.9688,0.003728,268.23, 506.1470
391355,8.9722,0.003738,267.54, 506.1464
391356,8.9761,0.003765,265.58, 506.1470
391357,8.9795,0.003444,290.40, 506.1467
391358,8.9834,0.003960,252.54, 506.1464
391359,8.9868,0.003513,284.69, 506.1464
391360,8.9907,0.003818,261.90, 506.1467
391361,8.9946,0.003717,269.06, 506.1470
391362,8.9980,0.003668,272.66, 506.1464
391363,9.0020,0.003826,261.35, 506.1467
391364,9.0054,0.003503,285.47, 506.1470
391365,9.0093,0.003904,256.13, 506.1464
391366,9.0132,0.003844,260.15, 506.1467
391367,9.0166,0.003502,285.52, 506.1467
391368,9.0210,0.003970,251.87, 506.1464
391369,9.0244,0.003697,270.49, 506.1464
391370,9.0283,0.003645,274.36, 506.1464
391371,9.0317,0.003665,272.85, 506.1470
391372,9.0356,0.003684,271.45, 506.1464
391373,9.0396,0.003913,255.57, 506.1464
391374,9.0435,0.003907,255.94, 506.1470
391375,9.0469,0.003494,286.22, 506.1464
391376,9.0508,0.003753,266.43, 506.1470
391377,9.0542,0.003577,279.58, 506.1467
391378,9.0581,0.003958,252.67, 506.1464
391379,9.0620,0.003799,263.25, 506.1470
391380,9.0654,0.003475,287.75, 506.1467
391381,9.0693,0.003796,263.41, 506.1470
391382,9.0732,0.004100,243.90, 506.1464
391383,9.0767,0.003442,290.53, 506.1470
391384,9.0806,0.003773,265.02, 506.1467
391385,9.0840,0.003545,282.10, 506.1467
391386,9.0879,0.003682,271.61, 506.1464
391387,9.0918,0.004141,241.49, 506.1470
391388,9.0952,0.003462,288.89, 506.1467
391389,9.0991,0.003755,266.30, 506.1470
391390,9.1025,0.003506,285.23, 506.1470
391391,9.1064,0.003951,253.13, 506.1470
391392,9.1104,0.003782,264.42, 506.1470
391393,9.1138,0.003521,284.03, 506.1464
391394,9.1177,0.003800,263.19, 506.1470
391395,9.1216,0.003994,250.35, 506.1464
391396,9.1255,0.003864,258.83, 506.1464
391397,9.1289,0.003584,279.00, 506.1470
391398,9.1328,0.003690,271.00, 506.1470
391399,9.1362,0.003714,269.28, 506.1467
391400,9.1406,0.004138,241.69, 506.1464
391401,9.1440,0.003258,306.94, 506.1470
391402,9.1479,0.003948,253.31, 506.1470
391403,9.1514,0.003474,287.87, 506.1467
391404,9.1553,0.003911,255.66, 506.1464
391405,9.1592,0.003940,253.81, 506.1470
391406,9.1626,0.003501,285.61, 506.1470
391407,9.1665,0.003859,259.11, 506.1467
391408,9.1704,0.003967,252.05, 506.1464
391409,9.1738,0.003464,288.65, 506.1467
391410,9.1777,0.003673,272.25, 506.1470
391411,9.1812,0.003684,271.47, 506.1467
391412,9.1851,0.003743,267.14, 506.1467
391413,9.1890,0.004016,249.03, 506.1470
391414,9.1924,0.003508,285.05, 506.1464
391415,9.1963,0.003857,259.29, 506.1467
391416,9.2002,0.003557,281.14, 506.1470
391417,9.2041,0.003999,250.06, 506.1467
391418,9.2075,0.003771,265.17, 506.1464
391419,9.2109,0.003386,295.34, 506.1470
391420,9.2148,0.003841,260.34, 506.1470
391421,9.2188,0.003929,254.49, 506.1470
391422,9.2227,0.003810,262.49, 506.1464
391423,9.2266,0.003863,258.86, 506.1470
391424,9.2300,0.003474,287.89, 506.1464
391425,9.2339,0.003851,259.69, 506.1464
391426,9.2378,0.003749,266.71, 506.1467
391427,9.2412,0.003595,278.17, 506.1467
391428,9.2446,0.003585,278.92, 506.1467
391429,9.2485,0.003704,270.00, 506.1464
391430,9.2524,0.003833,260.87, 506.1464
391431,9.2563,0.003888,257.21, 506.1470
391432,9.2598,0.003434,291.22, 506.1467
391433,9.2637,0.003859,259.15, 506.1467
391434,9.2671,0.003499,285.78, 506.1467
391435,9.2710,0.003787,264.05, 506.1470
391436,9.2749,0.004128,242.28, 506.1470
391437,9.2783,0.003267,306.05, 506.1464
391438,9.2822,0.004100,243.90, 506.1464
391439,9.2861,0.003834,260.82, 506.1470
391440,9.2896,0.003398,294.29, 506.1467
391441,9.2935,0.003747,266.90, 506.1467
391442,9.2969,0.003599,277.87, 506.1464
391443,9.3008,0.003856,259.34, 506.1464
391444,9.3047,0.003866,258.64, 506.1464
391445,9.3081,0.003529,283.38, 506.1464
391446,9.3120,0.003785,264.21, 506.1470
391447,9.3154,0.003460,289.06, 506.1464
391448,9.3193,0.003779,264.63, 506.1470
391449,9.3232,0.003967,252.07, 506.1470
391450,9.3267,0.003382,295.71, 506.1467
391451,9.3306,0.003921,255.05, 506.1464
391452,9.3345,0.003814,262.19, 506.1467
391453,9.3379,0.003419,292.51, 506.1464
391454,9.3418,0.003955,252.86, 506.1464
391455,9.3452,0.003559,280.99, 506.1470
391456,9.3491,0.003808,262.59, 506.1470
391457,9.3530,0.003839,260.47, 506.1464
391458,9.3564,0.003442,290.54, 506.1467
391459,9.3604,0.003887,257.25, 506.1464
391460,9.3638,0.003432,291.38, 506.1467
391461,9.3672,0.003829,261.19, 506.1464
391462,9.3706,0.003402,293.95, 506.1464
391463,9.3750,0.003970,251.89, 506.1470
391464,9.3784,0.003776,264.82, 506.1489
391465,9.3818,0.003346,298.91, 506.1470
391466,9.3862,0.004099,243.97, 506.1464
391467,9.3896,0.003647,274.21, 506.1470
391468,9.3936,0.003743,267.17, 506.1464
391469,9.3970,0.003764,265.68, 506.1467
391470,9.4009,0.003541,282.41, 506.1470
391471,9.4043,0.003803,262.96, 506.1464
391472,9.4087,0.003956,252.80, 506.1470
391473,9.4121,0.003688,271.16, 506.1464
391474,9.4160,0.003773,265.01, 506.1467
391475,9.4199,0.003823,261.57, 506.1464
391476,9.4233,0.003642,274.58, 506.1464
391477,9.4272,0.003757,266.20, 506.1470
391478,9.4307,0.003550,281.73, 506.1467
391479,9.4346,0.003838,260.58, 506.1470
391480,9.4385,0.003854,259.46, 506.1464
391481,9.4424,0.003815,262.10, 506.1464
391482,9.4458,0.003432,291.36, 506.1470
391483,9.4492,0.003666,272.80, 506.1470
391484,9.4531,0.003776,264.82, 506.1464
391485,9.4570,0.004088,244.62, 506.1467
391486,9.4604,0.003448,290.00, 506.1464
391487,9.4644,0.003790,263.84, 506.1467
391488,9.4683,0.003805,262.85, 506.1464
391489,9.4722,0.004023,248.55, 506.1464
391490,9.4761,0.003968,252.05, 506.1464
391491,9.4795,0.003156,316.85, 506.1467
391492,9.4834,0.003914,255.50, 506.1464
391493,9.4878,0.004290,233.12, 506.1464
391494,9.4912,0.003573,279.91, 506.1464
391495,9.4946,0.003729,268.16, 506.1470
391496,9.4985,0.003725,268.44, 506.1464
391497,9.5024,0.003646,274.24, 506.1467
391498,9.5059,0.003757,266.18, 506.1470
391499,9.5098,0.003633,275.28, 506.1470
391500,9.5132,0.003785,264.23, 506.1464
391501,9.5171,0.003880,257.73, 506.1470
391502,9.5210,0.003526,283.62, 506.1464
391503,9.5249,0.003905,256.08, 506.1467
391504,9.5283,0.003509,285.01, 506.1470
391505,9.5322,0.003839,260.48, 506.1470
391506,9.5361,0.003932,254.34, 506.1470
391507,9.5396,0.003508,285.05, 506.1470
391508,9.5435,0.003841,260.32, 506.1464
391509,9.5469,0.003726,268.39, 506.1464
391510,9.5508,0.003605,277.38, 506.1464
391511,9.5547,0.003763,265.72, 506.1470
391512,9.5581,0.003617,276.46, 506.1470
391513,9.5620,0.003835,260.74, 506.1464
391514,9.5659,0.003784,264.24, 506.1467
391515,9.5693,0.003594,278.27, 506.1467
391516,9.5732,0.004023,248.59, 506.1464
391517,9.5767,0.003496,286.02, 506.1464
391518,9.5806,0.003740,267.42, 506.1464
391519,9.5845,0.003834,260.84, 506.1467
391520,9.5879,0.003463,288.73, 506.1470
391521,9.5918,0.003975,251.60, 506.1464
391522,9.5957,0.003937,253.99, 506.1464
391523,9.5991,0.003453,289.59, 506.1464
391524,9.6030,0.003853,259.52, 506.1464
391525,9.6064,0.003542,282.32, 506.1464
391526,9.6104,0.003749,266.77, 506.1464
391527,9.6143,0.003777,264.79, 506.1467
391528,9.6177,0.003446,290.17, 506.1467
391529,9.6221,0.004266,234.41, 506.1464
391530,9.6255,0.003662,273.05, 506.1464
391531,9.6294,0.003796,263.42, 506.1470
391532,9.6333,0.003839,260.46, 506.1467
391533,9.6367,0.003496,286.08, 506.1464
391534,9.6406,0.003898,256.54, 506.1467
391535,9.6445,0.003902,256.29, 506.1464
391536,9.6479,0.003491,286.44, 506.1464
391537,9.6514,0.003592,278.41, 506.1470
391538,9.6553,0.003751,266.63, 506.1467
391539,9.6592,0.003923,254.92, 506.1467
391540,9.6631,0.003887,257.28, 506.1470
391541,9.6665,0.003366,297.12, 506.1467
391542,9.6704,0.003902,256.29, 506.1464
391543,9.6738,0.003536,282.85, 506.1464
391544,9.6777,0.003815,262.13, 506.1467
391545,9.6812,0.003617,276.45, 506.1467
391546,9.6851,0.003657,273.43, 506.1470
391547,9.6890,0.003866,258.69, 506.1464
391548,9.6929,0.003883,257.51, 506.1467
391549,9.6963,0.003373,296.45, 506.1470
391550,9.6997,0.003746,266.94, 506.1464
391551,9.7036,0.003614,276.70, 506.1467
391552,9.7075,0.003871,258.36, 506.1464
391553,9.7109,0.003542,282.34, 506.1464
391554,9.7148,0.003797,263.37, 506.1470
391555,9.7183,0.003630,275.50, 506.1464
391556,9.7222,0.003809,262.56, 506.1467
391557,9.7261,0.003760,265.97, 506.1464
391558,9.7295,0.003651,273.93, 506.1470
391559,9.7329,0.003641,274.62, 506.1470
391560,9.7368,0.003879,257.83, 506.1470
391561,9.7407,0.003490,286.52, 506.1470
391562,9.7441,0.003815,262.12, 506.1464
391563,9.7480,0.003734,267.84, 506.1470
391564,9.7515,0.003608,277.18, 506.1470
391565,9.7554,0.003835,260.77, 506.1464
391566,9.7588,0.003432,291.38, 506.1467
391567,9.7627,0.003847,259.94, 506.1470
391568,9.7666,0.003737,267.58, 506.1464
391569,9.7700,0.003602,277.60, 506.1467
391570,9.7739,0.003932,254.36, 506.1467
391571,9.7778,0.003842,260.31, 506.1467
391572,9.7813,0.003424,292.04, 506.1464
391573,9.7852,0.003713,269.32, 506.1470
391574,9.7886,0.003627,275.73, 506.1467
391575,9.7925,0.003899,256.46, 506.1464
391576,9.7964,0.003875,258.07, 506.1464
391577,9.8003,0.003710,269.56, 506.1464
391578,9.8042,0.004066,245.95, 506.1467
391579,9.8076,0.003495,286.16, 506.1464
391580,9.8115,0.003821,261.75, 506.1464
391581,9.8154,0.003898,256.56, 506.1467
391582,9.8188,0.003490,286.51, 506.1464
391583,9.8228,0.003900,256.43, 506.1470
391584,9.8267,0.003780,264.56, 506.1470
391585,9.8301,0.003412,293.11, 506.1467
391586,9.8340,0.003737,267.63, 506.1467
391587,9.8374,0.003680,271.72, 506.1467
391588,9.8413,0.003905,256.10, 506.1464
391589,9.8447,0.003309,302.21, 506.1464
391590,9.8486,0.003802,263.03, 506.1470
391591,9.8521,0.003773,265.02, 506.1467
391592,9.8560,0.003794,263.61, 506.1467
391593,9.8599,0.003726,268.37, 506.1470
391594,9.8633,0.003776,264.83, 506.1467
391595,9.8672,0.003663,272.99, 506.1464
391596,9.8706,0.003636,275.04, 506.1470
391597,9.8745,0.003637,274.96, 506.1470
391598,9.8784,0.003965,252.24, 506.1470
391599,9.8823,0.003690,271.00, 506.1467
391600,9.8857,0.003490,286.55, 506.1470
391601,9.8896,0.003837,260.60, 506.1464
391602,9.8931,0.003501,285.67, 506.1470
391603,9.8965,0.003803,262.96, 506.1467
391604,9.9004,0.003856,259.32, 506.1470
391605,9.9043,0.003504,285.41, 506.1470
391606,9.9077,0.003839,260.50, 506.1464
391607,9.9116,0.003818,261.94, 506.1470
391608,9.9150,0.003517,284.32, 506.1464
391609,9.9189,0.003589,278.66, 506.1467
391610,9.9229,0.003766,265.52, 506.1470
391611,9.9263,0.003804,262.90, 506.1464
391612,9.9302,0.003674,272.21, 506.1467
391613,9.9336,0.003663,272.99, 506.1470
391614,9.9375,0.003904,256.13, 506.1464
391615,9.9414,0.003875,258.08, 506.1464
391616,9.9453,0.003578,279.48, 506.1467
391617,9.9487,0.003768,265.39, 506.1470
391618,9.9526,0.003816,262.05, 506.1464
391619,9.9570,0.004239,235.93, 506.1464
391620,9.9604,0.003722,268.66, 506.1464
391621,9.9639,0.003259,306.86, 506.1470
391622,9.9678,0.003741,267.29, 506.1467
391623,9.9712,0.003422,292.24, 506.1467
391624,9.9756,0.004391,227.74, 506.1467
391625,9.9795,0.003952,253.07, 506.1467
391626,9.9829,0.003481,287.25, 506.1467
391627,9.9868,0.003814,262.21, 506.1464
391628,9.9902,0.003449,289.93, 506.1467
391629,9.9941,0.003892,256.92, 506.1464
391630,9.9976,0.003639,274.79, 506.1467
