TotalFrame,Time,DeltaTime,FPS,RAM
351623,0.0000,0.012976,77.07, 444.5893
351624,0.0000,0.012976,77.07, 444.8266
351625,0.0200,0.020000,50.00, 444.6417
351626,0.0229,0.003139,318.62, 444.6145
351627,0.0259,0.002867,348.85, 444.6286
351628,0.0361,0.010317,96.92, 444.6138
351629,0.0393,0.003089,323.70, 444.6136
351630,0.0425,0.003066,326.13, 444.6136
351631,0.0454,0.003090,323.62, 444.6139
351632,0.0486,0.003136,318.89, 444.6136
351633,0.0520,0.003340,299.38, 444.6136
351634,0.0552,0.003184,314.04, 444.6136
351635,0.0581,0.002991,334.39, 444.6137
351636,0.0613,0.003029,330.13, 444.6088
351637,0.0642,0.003030,330.03, 444.6088
351638,0.0674,0.003063,326.52, 444.6085
351639,0.0703,0.002973,336.42, 444.6082
351640,0.0732,0.003021,331.01, 444.6088
351641,0.0762,0.002946,339.50, 444.6082
351642,0.0791,0.002944,339.63, 444.6082
351643,0.0823,0.003096,322.99, 444.6085
351644,0.0854,0.003116,320.89, 444.6085
351645,0.0884,0.002971,336.54, 444.6082
351646,0.0913,0.002975,336.15, 444.6082
351647,0.0942,0.002982,335.38, 444.6082
351648,0.0972,0.003000,333.39, 444.6085
351649,0.1003,0.002972,336.51, 444.6082
351650,0.1033,0.003016,331.58, 444.6088
351651,0.1062,0.002965,337.28, 444.6082
351652,0.1091,0.002974,336.21, 444.6082
351653,0.1123,0.002983,335.22, 444.6085
351654,0.1152,0.003044,328.49, 444.6082
351655,0.1182,0.002946,339.43, 444.6088
351656,0.1211,0.002982,335.30, 444.6085
351657,0.1240,0.002917,342.81, 444.6082
351658,0.1272,0.002990,334.46, 444.6082
351659,0.1301,0.002971,336.60, 444.6082
351660,0.1331,0.003035,329.50, 444.6088
351661,0.1360,0.002879,347.29, 444.6085
351662,0.1389,0.002993,334.10, 444.6088
351663,0.1418,0.002908,343.83, 444.6088
351664,0.1448,0.003003,333.06, 444.6082
351665,0.1477,0.002859,349.75, 444.6085
351666,0.1509,0.003035,329.51, 444.6082
351667,0.1536,0.002898,345.11, 444.6085
351668,0.1567,0.002999,333.40, 444.6088
351669,0.1597,0.002941,340.04, 444.6306
351670,0.1628,0.003128,319.66, 444.6082
351671,0.1655,0.002899,344.97, 444.6088
351672,0.1687,0.002973,336.42, 444.6088
351673,0.1716,0.002959,337.95, 444.6088
351674,0.1746,0.003006,332.63, 444.6107
351675,0.1775,0.002904,344.40, 444.6088
351676,0.1804,0.003023,330.81, 444.6082
351677,0.1833,0.002945,339.57, 444.6082
351678,0.1863,0.002945,339.52, 444.6085
351679,0.1892,0.002929,341.43, 444.6085
351680,0.1924,0.003042,328.73, 444.6085
351681,0.1953,0.003012,331.99, 444.6085
351682,0.1982,0.002981,335.49, 444.6082
351683,0.2014,0.002968,336.92, 444.6088
351684,0.2043,0.003019,331.26, 444.6082
351685,0.2073,0.002978,335.76, 444.6088
351686,0.2102,0.002948,339.17, 444.6082
351687,0.2131,0.002951,338.90, 444.6088
351688,0.2161,0.002956,338.33, 444.6082
351689,0.2192,0.002977,335.92, 444.6088
351690,0.2222,0.002951,338.91, 444.6082
351691,0.2251,0.002938,340.40, 444.6088
351692,0.2280,0.002985,335.01, 444.6082
351693,0.2310,0.003021,331.06, 444.6088
351694,0.2339,0.002940,340.15, 444.6085
351695,0.2371,0.003025,330.62, 444.6088
351696,0.2400,0.002943,339.75, 444.6088
351697,0.2429,0.002975,336.12, 444.6085
351698,0.2458,0.002888,346.31, 444.6082
351699,0.2488,0.003001,333.28, 444.6085
351700,0.2520,0.003099,322.70, 444.6082
351701,0.2551,0.003147,317.74, 444.6082
351702,0.2581,0.002911,343.52, 444.6082
351703,0.2610,0.003020,331.09, 444.6088
351704,0.2639,0.003010,332.24, 444.6085
351705,0.2671,0.003064,326.42, 444.6082
351706,0.2700,0.002935,340.72, 444.6082
351707,0.2729,0.002983,335.26, 444.6085
351708,0.2759,0.002871,348.26, 444.6088
351709,0.2788,0.002995,333.95, 444.6082
351710,0.2817,0.002962,337.62, 444.6082
351711,0.2849,0.003092,323.44, 444.6082
351712,0.2878,0.002909,343.81, 444.6088
351713,0.2908,0.002987,334.80, 444.6082
351714,0.2937,0.002889,346.15, 444.6082
351715,0.2966,0.003020,331.15, 444.6082
351716,0.2996,0.002913,343.27, 444.6085
351717,0.3027,0.003130,319.52, 444.6082
351718,0.3057,0.002940,340.16, 444.6088
351719,0.3086,0.002970,336.67, 444.6088
351720,0.3115,0.002930,341.25, 444.6088
351721,0.3147,0.003050,327.92, 444.6085
351722,0.3176,0.002957,338.18, 444.6085
351723,0.3206,0.003046,328.33, 444.6085
351724,0.3235,0.002936,340.60, 444.6085
351725,0.3264,0.002926,341.74, 444.6088
351726,0.3293,0.002868,348.69, 444.6088
351727,0.3323,0.002967,337.07, 444.6085
351728,0.3352,0.002906,344.09, 444.6088
351729,0.3381,0.002955,338.46, 444.6088
351730,0.3411,0.002881,347.15, 444.6085
351731,0.3440,0.002938,340.33, 444.6088
351732,0.3469,0.002912,343.41, 444.6088
351733,0.3499,0.002892,345.78, 444.6082
351734,0.3528,0.002928,341.52, 444.6085
351735,0.3557,0.002868,348.69, 444.6088
351736,0.3584,0.002893,345.61, 444.6088
351737,0.3616,0.003071,325.65, 444.6085
351738,0.3645,0.002969,336.79, 444.6229
351739,0.3674,0.002903,344.52, 444.6082
351740,0.3704,0.003017,331.46, 444.6088
351741,0.3733,0.002915,343.11, 444.6082
351742,0.3762,0.002939,340.30, 444.6088
351743,0.3792,0.002842,351.91, 444.6088
351744,0.3821,0.002987,334.76, 444.6088
351745,0.3850,0.002914,343.22, 444.6088
351746,0.3879,0.002941,340.02, 444.6082
351747,0.3909,0.002862,349.47, 444.6088
351748,0.3938,0.003002,333.17, 444.6085
351749,0.3967,0.002909,343.81, 444.6085
351750,0.3999,0.003041,328.80, 444.6082
351751,0.4028,0.002899,344.97, 444.6088
351752,0.4058,0.002958,338.09, 444.6107
351753,0.4084,0.002886,346.54, 444.6085
351754,0.4116,0.002961,337.77, 444.6085
351755,0.4143,0.002905,344.20, 444.6088
351756,0.4175,0.002953,338.63, 444.6082
351757,0.4204,0.002919,342.55, 444.6088
351758,0.4233,0.003002,333.16, 444.6085
351759,0.4263,0.002894,345.53, 444.6085
351760,0.4292,0.002944,339.69, 444.6085
351761,0.4321,0.002922,342.28, 444.6088
351762,0.4348,0.002872,348.21, 444.6085
351763,0.4380,0.002974,336.26, 444.6082
351764,0.4409,0.002974,336.21, 444.6088
351765,0.4438,0.002937,340.50, 444.6082
351766,0.4468,0.002885,346.68, 444.6085
351767,0.4497,0.002942,339.90, 444.6085
351768,0.4526,0.002924,342.02, 444.6088
351769,0.4556,0.002962,337.60, 444.6088
351770,0.4585,0.002890,346.00, 444.6082
351771,0.4614,0.002928,341.48, 444.6088
351772,0.4641,0.002871,348.29, 444.6085
351773,0.4673,0.002981,335.49, 444.6085
351774,0.4702,0.002987,334.84, 444.6088
351775,0.4731,0.002968,336.92, 444.6082
351776,0.4761,0.002857,350.03, 444.6082
351777,0.4790,0.002914,343.15, 444.6085
351778,0.4817,0.002826,353.89, 444.6088
351779,0.4849,0.002995,333.91, 444.6082
351780,0.4878,0.002972,336.46, 444.6085
351781,0.4907,0.002993,334.17, 444.6088
351782,0.4937,0.002891,345.95, 444.6088
351783,0.4966,0.002920,342.44, 444.6085
351784,0.4995,0.002874,347.92, 444.6088
351785,0.5024,0.002988,334.66, 444.6085
351786,0.5054,0.002930,341.29, 444.6085
351787,0.5083,0.002919,342.54, 444.6088
351788,0.5112,0.002923,342.17, 444.6088
351789,0.5142,0.002941,340.04, 444.6082
351790,0.5171,0.002926,341.74, 444.6088
351791,0.5200,0.002926,341.78, 444.6082
351792,0.5229,0.002936,340.55, 444.6088
351793,0.5259,0.002891,345.85, 444.6088
351794,0.5288,0.002939,340.26, 444.6082
351795,0.5315,0.002891,345.85, 444.6085
351796,0.5347,0.002978,335.83, 444.6088
351797,0.5374,0.002885,346.68, 444.6088
351798,0.5403,0.002938,340.41, 444.6085
351799,0.5432,0.002852,350.68, 444.6088
351800,0.5461,0.002969,336.85, 444.6088
351801,0.5491,0.002890,346.01, 444.6088
351802,0.5522,0.003032,329.84, 444.6082
351803,0.5549,0.002841,351.95, 444.6088
351804,0.5579,0.002967,337.02, 444.6088
351805,0.5608,0.002843,351.75, 444.6085
351806,0.5642,0.003402,293.99, 444.6082
351807,0.5674,0.003203,312.20, 444.6085
351808,0.5706,0.003161,316.37, 444.6085
351809,0.5737,0.003284,304.48, 444.6082
351810,0.5771,0.003216,310.94, 444.6088
351811,0.5808,0.003692,270.83, 444.6229
351812,0.5840,0.003342,299.20, 444.6082
351813,0.5874,0.003314,301.79, 444.6082
351814,0.5903,0.002989,334.56, 444.6082
351815,0.5935,0.003002,333.12, 444.6181
351816,0.5964,0.002962,337.62, 444.6085
351817,0.5994,0.003012,332.01, 444.6082
351818,0.6023,0.003038,329.21, 444.6085
351819,0.6055,0.002976,336.06, 444.6088
351820,0.6084,0.002927,341.60, 444.6088
351821,0.6113,0.002990,334.47, 444.6082
351822,0.6143,0.002923,342.10, 444.6088
351823,0.6172,0.002984,335.09, 444.6088
351824,0.6201,0.002950,338.95, 444.6088
351825,0.6230,0.002959,337.92, 444.6085
351826,0.6260,0.002948,339.18, 444.6088
351827,0.6292,0.003061,326.67, 444.6082
351828,0.6321,0.003045,328.36, 444.6085
351829,0.6350,0.002892,345.84, 444.6082
351830,0.6379,0.002930,341.32, 444.6085
351831,0.6409,0.002937,340.45, 444.6088
351832,0.6440,0.003037,329.33, 444.6088
351833,0.6470,0.002913,343.27, 444.6085
351834,0.6499,0.002995,333.89, 444.6082
351835,0.6528,0.002950,339.04, 444.6082
351836,0.6558,0.002989,334.56, 444.6088
351837,0.6587,0.002915,343.10, 444.6082
351838,0.6619,0.003012,331.96, 444.6082
351839,0.6646,0.002865,349.04, 444.6085
351840,0.6675,0.002967,337.02, 444.6082
351841,0.6704,0.002911,343.58, 444.6088
351842,0.6736,0.003028,330.25, 444.6082
351843,0.6765,0.002909,343.74, 444.6088
351844,0.6794,0.002976,336.01, 444.6088
351845,0.6824,0.002910,343.60, 444.6085
351846,0.6853,0.003018,331.36, 444.6082
351847,0.6882,0.002940,340.15, 444.6088
351848,0.6914,0.003089,323.78, 444.6085
351849,0.6943,0.002916,342.97, 444.6085
351850,0.6973,0.002966,337.17, 444.6085
351851,0.7002,0.002927,341.61, 444.6088
351852,0.7031,0.002941,339.99, 444.6082
351853,0.7061,0.002955,338.46, 444.6085
351854,0.7090,0.002979,335.68, 444.6088
351855,0.7119,0.002947,339.37, 444.6085
351856,0.7148,0.002938,340.36, 444.6088
351857,0.7178,0.002894,345.60, 444.6088
351858,0.7207,0.002905,344.26, 444.6082
351859,0.7236,0.002926,341.74, 444.6088
351860,0.7266,0.002858,349.88, 444.6088
351861,0.7295,0.002936,340.63, 444.6088
351862,0.7324,0.002943,339.79, 444.6082
351863,0.7354,0.002968,336.97, 444.6088
351864,0.7383,0.002896,345.34, 444.6085
351865,0.7412,0.002954,338.48, 444.6082
351866,0.7441,0.002900,344.85, 444.6088
351867,0.7471,0.002958,338.11, 444.6085
351868,0.7500,0.002901,344.73, 444.6082
351869,0.7529,0.002969,336.78, 444.6088
351870,0.7559,0.002848,351.11, 444.6088
351871,0.7588,0.002974,336.24, 444.6085
351872,0.7617,0.002848,351.17, 444.6088
351873,0.7646,0.002974,336.21, 444.6088
351874,0.7676,0.003032,329.82, 444.6085
351875,0.7708,0.003174,315.11, 444.6107
351876,0.7742,0.003429,291.60, 444.6082
351877,0.7776,0.003393,294.75, 444.6083
351878,0.7808,0.003151,317.37, 444.6082
351879,0.7839,0.003276,305.21, 444.6082
351880,0.7871,0.003030,330.04, 444.6082
351881,0.7900,0.003090,323.59, 444.6088
351882,0.7932,0.002978,335.82, 444.6082
351883,0.7961,0.003002,333.12, 444.6085
351884,0.7993,0.003169,315.58, 444.6082
351885,0.8030,0.003643,274.50, 444.6082
351886,0.8062,0.003164,316.04, 444.6082
351887,0.8093,0.003104,322.14, 444.6088
351888,0.8123,0.002996,333.81, 444.6088
351889,0.8152,0.003053,327.59, 444.6082
351890,0.8184,0.003200,312.46, 444.6082
351891,0.8215,0.003098,322.84, 444.6082
351892,0.8247,0.003082,324.52, 444.6082
351893,0.8276,0.003002,333.08, 444.6088
351894,0.8308,0.003167,315.77, 444.6082
351895,0.8340,0.003176,314.88, 444.6088
351896,0.8372,0.003120,320.47, 444.6088
351897,0.8401,0.003063,326.51, 444.6082
351898,0.8433,0.003174,315.07, 444.6082
351899,0.8464,0.003077,324.98, 444.6088
351900,0.8496,0.003163,316.21, 444.6082
351901,0.8528,0.003080,324.71, 444.6082
351902,0.8557,0.003162,316.26, 444.6085
351903,0.8589,0.003112,321.33, 444.6088
351904,0.8621,0.003240,308.64, 444.6085
351905,0.8652,0.003134,319.08, 444.6088
351906,0.8684,0.003170,315.43, 444.6082
351907,0.8716,0.003134,319.10, 444.6082
351908,0.8748,0.003056,327.20, 444.6190
351909,0.8777,0.003063,326.43, 444.6082
351910,0.8811,0.003259,306.87, 444.6082
351911,0.8840,0.003148,317.71, 444.6082
351912,0.8872,0.003131,319.43, 444.6085
351913,0.8904,0.003087,323.99, 444.6082
351914,0.8936,0.003178,314.63, 444.6082
351915,0.8967,0.003105,322.05, 444.6088
351916,0.8999,0.003150,317.48, 444.6085
351917,0.9028,0.003095,323.09, 444.6085
351918,0.9060,0.003056,327.24, 444.6088
351919,0.9089,0.003101,322.52, 444.6088
351920,0.9121,0.003115,321.03, 444.6082
351921,0.9153,0.003225,310.13, 444.6082
351922,0.9185,0.003045,328.39, 444.6088
351923,0.9214,0.002983,335.19, 444.6082
351924,0.9243,0.003026,330.48, 444.6082
351925,0.9275,0.003014,331.80, 444.6088
351926,0.9304,0.002950,339.02, 444.6085
351927,0.9333,0.003049,327.94, 444.6088
351928,0.9365,0.002959,337.92, 444.6088
351929,0.9395,0.002951,338.82, 444.6088
351930,0.9424,0.002930,341.33, 444.6085
351931,0.9451,0.002900,344.79, 444.6085
351932,0.9480,0.002910,343.62, 444.6082
351933,0.9509,0.002847,351.21, 444.6088
351934,0.9541,0.003055,327.33, 444.6082
351935,0.9570,0.002988,334.64, 444.6088
351936,0.9600,0.002957,338.23, 444.6088
351937,0.9629,0.002933,340.92, 444.6088
351938,0.9658,0.002965,337.25, 444.6085
351939,0.9688,0.002941,340.08, 444.6082
351940,0.9719,0.003018,331.31, 444.6085
351941,0.9746,0.002856,350.12, 444.6088
351942,0.9775,0.002931,341.17, 444.6085
351943,0.9805,0.002865,349.06, 444.6088
351944,0.9834,0.002985,335.06, 444.6088
351945,0.9863,0.002943,339.79, 444.6088
351946,0.9893,0.002977,335.94, 444.6085
351947,0.9922,0.002889,346.16, 444.6088
351948,0.9951,0.002929,341.40, 444.6088
351949,0.9980,0.002856,350.18, 444.6082
351950,1.0010,0.003040,328.93, 444.6082
351951,1.0039,0.002931,341.19, 444.6088
351952,1.0068,0.002933,340.99, 444.6088
351953,1.0098,0.002885,346.62, 444.6082
351954,1.0127,0.002958,338.09, 444.6085
351955,1.0156,0.002907,344.01, 444.6088
351956,1.0186,0.002940,340.15, 444.6085
351957,1.0215,0.002940,340.10, 444.6185
351958,1.0244,0.002954,338.57, 444.6082
351959,1.0273,0.002923,342.10, 444.6088
351960,1.0305,0.002953,338.68, 444.6088
351961,1.0334,0.002970,336.70, 444.6085
351962,1.0364,0.002892,345.78, 444.6082
351963,1.0391,0.002925,341.88, 444.6088
351964,1.0420,0.002906,344.12, 444.6088
351965,1.0449,0.002948,339.19, 444.6088
351966,1.0483,0.003328,300.52, 444.6088
351967,1.0515,0.003040,328.95, 444.6082
351968,1.0544,0.002925,341.94, 444.6085
351969,1.0574,0.002953,338.60, 444.6082
351970,1.0603,0.002921,342.33, 444.6082
351971,1.0637,0.003398,294.33, 444.6085
351972,1.0669,0.003309,302.20, 444.6082
351973,1.0701,0.003156,316.82, 444.6087
351974,1.0730,0.002917,342.85, 444.6082
351975,1.0759,0.002927,341.68, 444.6088
351976,1.0789,0.002989,334.53, 444.6082
351977,1.0818,0.002965,337.22, 444.6088
351978,1.0847,0.002911,343.55, 444.6085
351979,1.0876,0.002973,336.37, 444.6088
351980,1.0906,0.002918,342.70, 444.6082
351981,1.0938,0.003000,333.38, 444.6088
351982,1.0967,0.002903,344.53, 444.6088
351983,1.0996,0.002966,337.14, 444.6161
351984,1.1023,0.002874,347.94, 444.6088
351985,1.1055,0.002970,336.67, 444.6088
351986,1.1084,0.002925,341.92, 444.6082
351987,1.1116,0.003171,315.36, 444.6082
351988,1.1145,0.002945,339.52, 444.6085
351989,1.1174,0.003038,329.17, 444.6082
351990,1.1204,0.002908,343.84, 444.6085
351991,1.1233,0.003009,332.36, 444.6082
351992,1.1262,0.002865,349.06, 444.6085
351993,1.1292,0.002983,335.19, 444.6082
351994,1.1321,0.002902,344.54, 444.6085
351995,1.1350,0.003005,332.79, 444.6088
351996,1.1379,0.002894,345.52, 444.6082
351997,1.1411,0.002978,335.82, 444.6088
351998,1.1440,0.002930,341.31, 444.6088
351999,1.1470,0.002952,338.71, 444.6085
352000,1.1499,0.002915,343.02, 444.6088
352001,1.1528,0.003103,322.26, 444.6085
352002,1.1558,0.002921,342.31, 444.6082
352003,1.1589,0.003083,324.41, 444.6088
352004,1.1619,0.002958,338.04, 444.6085
352005,1.1648,0.002969,336.85, 444.6085
352006,1.1677,0.002914,343.17, 444.6088
352007,1.1707,0.002954,338.56, 444.6085
352008,1.1736,0.002980,335.56, 444.6088
352009,1.1768,0.002966,337.13, 444.6082
352010,1.1797,0.002959,337.91, 444.6082
352011,1.1826,0.002974,336.21, 444.6088
352012,1.1855,0.002935,340.72, 444.6088
352013,1.1885,0.002937,340.52, 444.6082
352014,1.1914,0.002972,336.49, 444.6082
352015,1.1943,0.002953,338.65, 444.6088
352016,1.1973,0.002930,341.32, 444.6082
352017,1.2002,0.002864,349.20, 444.6175
352018,1.2031,0.003023,330.82, 444.6082
352019,1.2061,0.002963,337.55, 444.6082
352020,1.2092,0.002963,337.51, 444.6085
352021,1.2122,0.002920,342.44, 444.6082
352022,1.2151,0.002943,339.78, 444.6085
352023,1.2178,0.002862,349.45, 444.6088
352024,1.2209,0.003042,328.76, 444.6088
352025,1.2239,0.002960,337.80, 444.6085
352026,1.2268,0.002992,334.28, 444.6082
352027,1.2297,0.002892,345.76, 444.6082
352028,1.2327,0.003019,331.29, 444.6088
352029,1.2356,0.002912,343.43, 444.6085
352030,1.2388,0.002995,333.92, 444.6088
352031,1.2415,0.002885,346.64, 444.6088
352032,1.2446,0.003007,332.59, 444.6088
352033,1.2473,0.002854,350.45, 444.6082
352034,1.2505,0.003010,332.19, 444.6082
352035,1.2534,0.002943,339.82, 444.6088
352036,1.2563,0.002988,334.72, 444.6082
352037,1.2593,0.002865,349.06, 444.6085
352038,1.2622,0.002941,340.00, 444.6082
352039,1.2651,0.002971,336.54, 444.6088
352040,1.2681,0.003019,331.26, 444.6088
352041,1.2710,0.002979,335.69, 444.6082
352042,1.2742,0.002965,337.26, 444.6085
352043,1.2771,0.002911,343.49, 444.6082
352044,1.2800,0.002991,334.38, 444.6085
352045,1.2830,0.002968,336.90, 444.6088
352046,1.2859,0.002914,343.18, 444.6082
352047,1.2888,0.002924,342.01, 444.6088
352048,1.2917,0.002933,340.97, 444.6088
352049,1.2947,0.002947,339.39, 444.6085
352050,1.2976,0.002924,342.06, 444.6082
352051,1.3005,0.003002,333.11, 444.6085
352052,1.3035,0.002946,339.41, 444.6082
352053,1.3064,0.002914,343.19, 444.6085
352054,1.3093,0.002864,349.17, 444.6082
352055,1.3123,0.002989,334.55, 444.6082
352056,1.3154,0.003003,332.97, 444.6082
352057,1.3184,0.003052,327.65, 444.6088
352058,1.3213,0.002927,341.62, 444.6082
352059,1.3242,0.002964,337.38, 444.6085
352060,1.3271,0.002877,347.63, 444.6107
352061,1.3301,0.003031,329.91, 444.6082
352062,1.3330,0.002885,346.63, 444.6085
352063,1.3359,0.002985,335.02, 444.6088
352064,1.3389,0.002871,348.26, 444.6088
352065,1.3418,0.002971,336.64, 444.6085
352066,1.3447,0.002967,337.05, 444.6088
352067,1.3479,0.002983,335.28, 444.6088
352068,1.3506,0.002861,349.52, 444.6085
352069,1.3538,0.003000,333.33, 444.6085
352070,1.3564,0.002879,347.37, 444.6088
352071,1.3596,0.002981,335.50, 444.6088
352072,1.3625,0.002889,346.16, 444.6088
352073,1.3655,0.002991,334.33, 444.6082
352074,1.3684,0.002911,343.50, 444.6085
352075,1.3713,0.003084,324.26, 444.6082
352076,1.3745,0.003040,328.97, 444.6088
352077,1.3774,0.003019,331.19, 444.6088
352078,1.3804,0.002905,344.23, 444.6082
352079,1.3833,0.002983,335.21, 444.6082
352080,1.3862,0.002914,343.12, 444.6088
352081,1.3892,0.002976,336.03, 444.6082
352082,1.3923,0.002977,335.97, 444.6085
352083,1.3953,0.002935,340.74, 444.6088
352084,1.3979,0.002883,346.81, 444.6082
352085,1.4009,0.002905,344.21, 444.6082
352086,1.4041,0.003036,329.39, 444.6082
352087,1.4070,0.002950,338.95, 444.6088
352088,1.4099,0.002941,340.07, 444.6082
352089,1.4128,0.002945,339.52, 444.6082
352090,1.4158,0.002965,337.31, 444.6088
352091,1.4187,0.002947,339.37, 444.6085
352092,1.4216,0.002983,335.29, 444.6085
352093,1.4246,0.002913,343.24, 444.6085
352094,1.4275,0.002959,337.96, 444.6082
352095,1.4304,0.002874,347.97, 444.6082
352096,1.4336,0.003007,332.52, 444.6082
352097,1.4363,0.002885,346.60, 444.6085
352098,1.4395,0.003100,322.56, 444.6082
352099,1.4424,0.002975,336.10, 444.6088
352100,1.4456,0.003004,332.93, 444.6082
352101,1.4482,0.002862,349.36, 444.6082
352102,1.4512,0.002981,335.49, 444.6082
352103,1.4543,0.003043,328.67, 444.6088
352104,1.4573,0.003011,332.17, 444.6082
352105,1.4602,0.002912,343.44, 444.6088
352106,1.4631,0.002984,335.14, 444.6082
352107,1.4661,0.002909,343.76, 444.6088
352108,1.4692,0.003085,324.11, 444.6082
352109,1.4722,0.002967,337.06, 444.6088
352110,1.4751,0.002982,335.36, 444.6085
352111,1.4780,0.002919,342.61, 444.6088
352112,1.4810,0.002979,335.68, 444.6085
352113,1.4841,0.002949,339.06, 444.6085
352114,1.4871,0.002963,337.51, 444.6085
352115,1.4900,0.002932,341.08, 444.6088
352116,1.4929,0.002967,337.00, 444.6088
352117,1.4959,0.002945,339.62, 444.6085
352118,1.4988,0.002936,340.59, 444.6085
352119,1.5017,0.003001,333.19, 444.6088
352120,1.5046,0.002931,341.15, 444.6085
352121,1.5076,0.002911,343.49, 444.6085
352122,1.5105,0.002963,337.46, 444.6082
352123,1.5134,0.002969,336.80, 444.6088
352124,1.5166,0.002966,337.20, 444.6082
352125,1.5195,0.002995,333.88, 444.6082
352126,1.5225,0.002980,335.57, 444.6088
352127,1.5254,0.002954,338.54, 444.6088
352128,1.5283,0.002881,347.08, 444.6082
352129,1.5313,0.003031,329.91, 444.6085
352130,1.5344,0.002961,337.71, 444.6082
352131,1.5374,0.002978,335.82, 444.6088
352132,1.5403,0.002941,339.99, 444.6082
352133,1.5432,0.002969,336.83, 444.6085
352134,1.5461,0.002911,343.51, 444.6082
352135,1.5491,0.003030,330.04, 444.6088
352136,1.5520,0.002914,343.12, 444.6085
352137,1.5549,0.002969,336.80, 444.6088
352138,1.5579,0.002855,350.30, 444.6082
352139,1.5608,0.002973,336.37, 444.6088
352140,1.5637,0.002884,346.75, 444.6085
352141,1.5667,0.003018,331.31, 444.6088
352142,1.5698,0.002972,336.50, 444.6082
352143,1.5728,0.003032,329.78, 444.6085
352144,1.5757,0.002859,349.80, 444.6088
352145,1.5793,0.003714,269.29, 444.6082
352146,1.5825,0.003278,305.07, 444.6082
352147,1.5857,0.003191,313.43, 444.6082
352148,1.5889,0.003163,316.15, 444.6082
352149,1.5925,0.003598,277.92, 444.6082
352150,1.5964,0.003819,261.82, 444.6083
352151,1.5999,0.003434,291.24, 444.6082
352152,1.6030,0.003249,307.83, 444.6085
352153,1.6060,0.003011,332.15, 444.6085
352154,1.6091,0.003025,330.56, 444.6082
352155,1.6121,0.002991,334.35, 444.6088
352156,1.6152,0.003133,319.14, 444.6085
352157,1.6182,0.002968,336.98, 444.6088
352158,1.6211,0.002997,333.69, 444.6082
352159,1.6240,0.002921,342.35, 444.6088
352160,1.6270,0.002966,337.19, 444.6088
352161,1.6299,0.002923,342.10, 444.6082
352162,1.6331,0.003086,324.05, 444.6085
352163,1.6360,0.002929,341.44, 444.6082
352164,1.6389,0.002941,340.02, 444.6088
352165,1.6418,0.002960,337.86, 444.6082
352166,1.6450,0.003005,332.80, 444.6082
352167,1.6477,0.002906,344.08, 444.6088
352168,1.6509,0.002958,338.10, 444.6085
352169,1.6538,0.002963,337.50, 444.6085
352170,1.6567,0.002961,337.69, 444.6082
352171,1.6597,0.002932,341.03, 444.6088
352172,1.6626,0.002903,344.53, 444.6088
352173,1.6655,0.002885,346.60, 444.6082
352174,1.6682,0.002904,344.40, 444.6082
352175,1.6714,0.003014,331.80, 444.6088
352176,1.6743,0.003074,325.36, 444.6082
352177,1.6775,0.002969,336.78, 444.6088
352178,1.6804,0.002949,339.16, 444.6085
352179,1.6834,0.002957,338.23, 444.6088
352180,1.6863,0.002983,335.21, 444.6085
352181,1.6895,0.003146,317.86, 444.6088
352182,1.6924,0.003020,331.18, 444.6082
352183,1.6956,0.003003,333.06, 444.6088
352184,1.6982,0.002906,344.15, 444.6085
352185,1.7014,0.003081,324.56, 444.6082
352186,1.7043,0.003013,331.91, 444.6085
352187,1.7075,0.002977,335.86, 444.6085
352188,1.7102,0.002908,343.87, 444.6082
352189,1.7134,0.003026,330.52, 444.6085
352190,1.7163,0.002929,341.43, 444.6082
352191,1.7195,0.003105,322.04, 444.6088
352192,1.7224,0.003109,321.70, 444.6082
352193,1.7256,0.003045,328.40, 444.6088
352194,1.7285,0.003013,331.86, 444.6085
352195,1.7317,0.003077,324.98, 444.6088
352196,1.7346,0.003040,328.90, 444.6082
352197,1.7378,0.003086,324.03, 444.6082
352198,1.7407,0.002976,336.06, 444.6082
352199,1.7439,0.003060,326.82, 444.6085
352200,1.7468,0.002924,342.06, 444.6082
352201,1.7498,0.003137,318.75, 444.6085
352202,1.7529,0.003050,327.88, 444.6082
352203,1.7559,0.003010,332.24, 444.6088
352204,1.7588,0.002924,342.04, 444.6082
352205,1.7617,0.002980,335.56, 444.6085
352206,1.7646,0.002949,339.09, 444.6082
352207,1.7678,0.003024,330.72, 444.6085
352208,1.7708,0.002855,350.32, 444.6234
352209,1.7737,0.002999,333.48, 444.6082
352210,1.7766,0.002865,349.02, 444.6088
352211,1.7795,0.002990,334.50, 444.6088
352212,1.7825,0.002945,339.62, 444.6085
352213,1.7854,0.003022,330.93, 444.6082
352214,1.7883,0.002907,343.95, 444.6085
352215,1.7913,0.002993,334.09, 444.6088
352216,1.7942,0.002919,342.57, 444.6085
352217,1.7974,0.003056,327.21, 444.6082
352218,1.8003,0.002933,340.91, 444.6085
352219,1.8032,0.002981,335.42, 444.6082
352220,1.8062,0.002893,345.64, 444.6088
352221,1.8091,0.002998,333.57, 444.6082
352222,1.8123,0.003117,320.87, 444.6082
352223,1.8154,0.003286,304.28, 444.6088
352224,1.8184,0.002900,344.89, 444.6229
352225,1.8215,0.003010,332.24, 444.6088
352226,1.8245,0.002998,333.54, 444.6082
352227,1.8276,0.003065,326.27, 444.6082
352228,1.8306,0.003118,320.70, 444.6085
352229,1.8337,0.003062,326.57, 444.6085
352230,1.8367,0.002936,340.55, 444.6082
352231,1.8396,0.002985,335.04, 444.6085
352232,1.8425,0.002888,346.30, 444.6088
352233,1.8455,0.003011,332.08, 444.6088
352234,1.8484,0.002924,342.03, 444.6088
352235,1.8513,0.002992,334.21, 444.6085
352236,1.8542,0.002926,341.82, 444.6088
352237,1.8574,0.002943,339.84, 444.6082
352238,1.8604,0.002953,338.59, 444.6082
352239,1.8633,0.002970,336.75, 444.6085
352240,1.8662,0.002926,341.76, 444.6088
352241,1.8691,0.002920,342.42, 444.6088
352242,1.8721,0.002995,333.95, 444.6085
352243,1.8750,0.002973,336.35, 444.6085
352244,1.8782,0.003189,313.58, 444.6088
352245,1.8813,0.003182,314.24, 444.6088
352246,1.8848,0.003243,308.37, 444.6082
352247,1.8879,0.003173,315.16, 444.6088
352248,1.8909,0.002993,334.11, 444.6107
352249,1.8938,0.003051,327.80, 444.6085
352250,1.8967,0.002946,339.50, 444.6088
352251,1.8999,0.002968,336.96, 444.6082
352252,1.9028,0.002967,337.09, 444.6088
352253,1.9058,0.003027,330.32, 444.6082
352254,1.9087,0.002991,334.29, 444.6082
352255,1.9116,0.002966,337.21, 444.6082
352256,1.9146,0.002937,340.52, 444.6088
352257,1.9175,0.002898,345.08, 444.6085
352258,1.9207,0.002964,337.36, 444.6088
352259,1.9236,0.002948,339.19, 444.6085
352260,1.9265,0.002951,338.82, 444.6088
352261,1.9294,0.002954,338.51, 444.6088
352262,1.9324,0.003080,324.63, 444.6085
352263,1.9353,0.002929,341.47, 444.6088
352264,1.9385,0.002985,335.06, 444.6088
352265,1.9414,0.002938,340.43, 444.6088
352266,1.9443,0.003003,332.96, 444.6088
352267,1.9473,0.002910,343.64, 444.6085
352268,1.9502,0.002985,335.00, 444.6088
352269,1.9531,0.002993,334.12, 444.6082
352270,1.9563,0.003005,332.80, 444.6082
352271,1.9592,0.002905,344.26, 444.6082
352272,1.9622,0.002991,334.31, 444.6088
352273,1.9651,0.002885,346.60, 444.6088
352274,1.9680,0.003008,332.50, 444.6085
352275,1.9709,0.002928,341.50, 444.6088
352276,1.9739,0.003044,328.53, 444.6082
352277,1.9768,0.002920,342.43, 444.6088
352278,1.9800,0.002998,333.53, 444.6082
352279,1.9827,0.002884,346.78, 444.6088
352280,1.9858,0.002973,336.33, 444.6088
352281,1.9888,0.002933,341.01, 444.6085
352282,1.9917,0.002999,333.47, 444.6082
352283,1.9946,0.002883,346.82, 444.6088
352284,1.9976,0.002952,338.74, 444.6088
352285,2.0005,0.002932,341.09, 444.6085
352286,2.0037,0.003167,315.77, 444.6082
352287,2.0066,0.002934,340.85, 444.6085
352288,2.0095,0.002940,340.12, 444.6088
352289,2.0125,0.002924,341.99, 444.6085
352290,2.0154,0.002969,336.87, 444.6082
352291,2.0186,0.003094,323.16, 444.6082
352292,2.0215,0.003040,328.95, 444.6082
352293,2.0244,0.002992,334.26, 444.6082
352294,2.0276,0.002993,334.07, 444.6082
352295,2.0305,0.002911,343.55, 444.6088
352296,2.0334,0.003023,330.84, 444.6088
352297,2.0364,0.002949,339.05, 444.6088
352298,2.0393,0.002933,340.91, 444.6082
352299,2.0422,0.002923,342.09, 444.6088
352300,2.0452,0.002921,342.38, 444.6085
352301,2.0483,0.003093,323.31, 444.6085
352302,2.0513,0.002993,334.10, 444.6085
352303,2.0542,0.002995,333.87, 444.6082
352304,2.0571,0.002910,343.70, 444.6088
352305,2.0603,0.003154,317.09, 444.6088
352306,2.0635,0.003077,324.96, 444.6088
352307,2.0664,0.003070,325.78, 444.6088
352308,2.0693,0.002978,335.83, 444.6082
352309,2.0725,0.003004,332.92, 444.6088
352310,2.0754,0.003013,331.88, 444.6088
352311,2.0786,0.003117,320.87, 444.6088
352312,2.0820,0.003397,294.42, 444.6082
352313,2.0852,0.003135,319.03, 444.6085
352314,2.0881,0.002976,335.99, 444.6082
352315,2.0911,0.002914,343.15, 444.6088
352316,2.0940,0.002968,336.90, 444.6082
352317,2.0969,0.002999,333.48, 444.6088
352318,2.0999,0.002930,341.26, 444.6082
352319,2.1028,0.002981,335.49, 444.6088
352320,2.1057,0.002909,343.71, 444.6085
352321,2.1086,0.002955,338.41, 444.6088
352322,2.1118,0.003005,332.81, 444.6082
352323,2.1147,0.002973,336.36, 444.6082
352324,2.1177,0.002892,345.82, 444.6088
352325,2.1206,0.002991,334.29, 444.6082
352326,2.1235,0.002974,336.29, 444.6085
352327,2.1265,0.002983,335.28, 444.6085
352328,2.1294,0.002933,340.94, 444.6085
352329,2.1326,0.003040,328.95, 444.6085
352330,2.1355,0.002881,347.08, 444.6082
352331,2.1384,0.003011,332.10, 444.6085
352332,2.1414,0.003013,331.86, 444.6082
352333,2.1445,0.003027,330.36, 444.6088
352334,2.1475,0.002894,345.58, 444.6085
352335,2.1504,0.003004,332.89, 444.6088
352336,2.1533,0.002950,338.96, 444.6082
352337,2.1563,0.003065,326.32, 444.6085
352338,2.1592,0.002890,345.97, 444.6082
352339,2.1624,0.003020,331.17, 444.6088
352340,2.1650,0.002859,349.80, 444.6088
352341,2.1682,0.002968,336.96, 444.6088
352342,2.1711,0.002937,340.45, 444.6085
352343,2.1741,0.002982,335.32, 444.6085
352344,2.1770,0.002864,349.11, 444.6088
352345,2.1799,0.002945,339.57, 444.6088
352346,2.1829,0.002930,341.30, 444.6088
352347,2.1858,0.002954,338.55, 444.6082
352348,2.1887,0.002951,338.83, 444.6082
352349,2.1917,0.002975,336.13, 444.6082
352350,2.1946,0.002923,342.15, 444.6082
352351,2.1975,0.002937,340.46, 444.6088
352352,2.2004,0.002976,336.04, 444.6085
352353,2.2034,0.002965,337.29, 444.6082
352354,2.2063,0.002959,337.94, 444.6085
352355,2.2092,0.002873,348.13, 444.6088
352356,2.2122,0.002947,339.31, 444.6088
352357,2.2151,0.002931,341.22, 444.6085
352358,2.2183,0.003001,333.18, 444.6082
352359,2.2212,0.002962,337.64, 444.6088
352360,2.2241,0.002976,336.00, 444.6088
352361,2.2271,0.002921,342.38, 444.6082
352362,2.2300,0.002998,333.51, 444.6085
352363,2.2329,0.002908,343.86, 444.6088
352364,2.2358,0.002998,333.61, 444.6088
352365,2.2388,0.002876,347.66, 444.6085
352366,2.2417,0.002978,335.77, 444.6082
352367,2.2446,0.002889,346.16, 444.6085
352368,2.2476,0.002953,338.65, 444.6085
352369,2.2505,0.002867,348.81, 444.6088
352370,2.2534,0.003018,331.36, 444.6082
352371,2.2563,0.002863,349.25, 444.6088
352372,2.2593,0.002983,335.28, 444.6088
352373,2.2622,0.002892,345.78, 444.6088
352374,2.2654,0.003038,329.16, 444.6085
352375,2.2683,0.002922,342.21, 444.6088
352376,2.2712,0.002939,340.22, 444.6088
352377,2.2742,0.002953,338.70, 444.6082
352378,2.2771,0.002951,338.93, 444.6085
352379,2.2800,0.002977,335.92, 444.6085
352380,2.2830,0.003008,332.45, 444.6085
352381,2.2859,0.002970,336.69, 444.6085
352382,2.2888,0.002948,339.22, 444.6085
352383,2.2920,0.002961,337.76, 444.6082
352384,2.2949,0.002947,339.31, 444.6085
352385,2.2979,0.002953,338.60, 444.6082
352386,2.3008,0.002982,335.38, 444.6082
352387,2.3037,0.002972,336.51, 444.6088
352388,2.3066,0.002906,344.14, 444.6088
352389,2.3096,0.003022,330.96, 444.6082
352390,2.3125,0.002929,341.46, 444.6082
352391,2.3157,0.003001,333.24, 444.6088
352392,2.3186,0.002895,345.38, 444.6085
352393,2.3215,0.003121,320.45, 444.6082
352394,2.3247,0.003031,329.98, 444.6082
352395,2.3276,0.002951,338.85, 444.6085
352396,2.3306,0.003001,333.21, 444.6085
352397,2.3337,0.003020,331.15, 444.6085
352398,2.3367,0.002930,341.30, 444.6082
352399,2.3394,0.002919,342.54, 444.6088
352400,2.3423,0.002893,345.66, 444.6082
352401,2.3452,0.002953,338.68, 444.6088
352402,2.3481,0.002870,348.47, 444.6088
352403,2.3511,0.002997,333.66, 444.6088
352404,2.3540,0.002882,346.97, 444.6088
352405,2.3569,0.002931,341.13, 444.6082
352406,2.3599,0.002834,352.85, 444.6088
352407,2.3628,0.003022,330.88, 444.6088
352408,2.3657,0.002868,348.72, 444.6088
352409,2.3687,0.002969,336.77, 444.6085
352410,2.3716,0.002943,339.85, 444.6088
352411,2.3745,0.002962,337.66, 444.6085
352412,2.3774,0.002962,337.58, 444.6088
352413,2.3806,0.003066,326.17, 444.6082
352414,2.3835,0.002880,347.17, 444.6088
352415,2.3865,0.002925,341.86, 444.6088
352416,2.3894,0.002910,343.60, 444.6088
352417,2.3923,0.002967,337.05, 444.6088
352418,2.3953,0.002939,340.31, 444.6082
352419,2.3982,0.002933,340.95, 444.6085
352420,2.4011,0.002948,339.19, 444.6082
352421,2.4041,0.002913,343.25, 444.6082
352422,2.4070,0.002973,336.35, 444.6082
352423,2.4099,0.002981,335.48, 444.6085
352424,2.4128,0.002946,339.44, 444.6085
352425,2.4158,0.002874,347.96, 444.6088
352426,2.4187,0.002948,339.17, 444.6082
352427,2.4216,0.002884,346.79, 444.6088
352428,2.4246,0.002950,338.98, 444.6088
352429,2.4275,0.002900,344.89, 444.6088
352430,2.4304,0.003007,332.59, 444.6088
352431,2.4334,0.002905,344.19, 444.6088
352432,2.4363,0.002955,338.44, 444.6088
352433,2.4392,0.002884,346.72, 444.6082
352434,2.4424,0.003033,329.68, 444.6088
352435,2.4451,0.002904,344.36, 444.6082
352436,2.4482,0.002940,340.15, 444.6088
352437,2.4509,0.002842,351.88, 444.6088
352438,2.4541,0.003015,331.72, 444.6085
352439,2.4568,0.002921,342.35, 444.6088
352440,2.4600,0.003015,331.73, 444.6088
352441,2.4629,0.002904,344.36, 444.6085
352442,2.4658,0.002968,336.93, 444.6085
352443,2.4688,0.002839,352.20, 444.6161
352444,2.4717,0.003039,329.08, 444.6085
352445,2.4746,0.002931,341.18, 444.6082
352446,2.4775,0.002941,340.00, 444.6085
352447,2.4805,0.002859,349.77, 444.6088
352448,2.4834,0.002966,337.12, 444.6085
352449,2.4863,0.002933,340.90, 444.6088
352450,2.4893,0.002951,338.87, 444.6082
352451,2.4922,0.002957,338.13, 444.6088
352452,2.4951,0.002896,345.33, 444.6085
352453,2.4980,0.002931,341.23, 444.6088
352454,2.5010,0.002941,340.03, 444.6085
352455,2.5039,0.002986,334.94, 444.6082
352456,2.5068,0.002958,338.05, 444.6085
352457,2.5100,0.003100,322.54, 444.6082
352458,2.5129,0.002992,334.21, 444.6082
352459,2.5159,0.002938,340.34, 444.6085
352460,2.5188,0.002902,344.64, 444.6082
352461,2.5220,0.003014,331.76, 444.6082
352462,2.5249,0.002937,340.54, 444.6082
352463,2.5278,0.002932,341.12, 444.6089
352464,2.5308,0.002927,341.64, 444.6082
352465,2.5337,0.003048,328.07, 444.6088
352466,2.5366,0.002954,338.50, 444.6082
352467,2.5396,0.002986,334.94, 444.6085
352468,2.5425,0.002911,343.56, 444.6085
352469,2.5457,0.002988,334.68, 444.6082
352470,2.5483,0.002851,350.77, 444.6088
352471,2.5515,0.003040,328.91, 444.6088
352472,2.5544,0.002898,345.08, 444.6088
352473,2.5574,0.002974,336.30, 444.6082
352474,2.5603,0.002918,342.70, 444.6082
352475,2.5632,0.003034,329.60, 444.6082
352476,2.5662,0.002875,347.80, 444.6088
352477,2.5691,0.002971,336.60, 444.6088
352478,2.5720,0.002932,341.09, 444.6088
352479,2.5750,0.002971,336.64, 444.6085
352480,2.5779,0.002877,347.58, 444.6088
352481,2.5811,0.003163,316.17, 444.6082
352482,2.5845,0.003488,286.68, 444.6082
352483,2.5879,0.003252,307.54, 444.6085
352484,2.5911,0.003183,314.16, 444.6082
352485,2.5942,0.003221,310.49, 444.6082
352486,2.5977,0.003356,297.97, 444.6088
352487,2.6011,0.003600,277.75, 444.6082
352488,2.6047,0.003479,287.42, 444.6082
352489,2.6079,0.003198,312.68, 444.6187
352490,2.6108,0.003015,331.71, 444.6088
352491,2.6138,0.003048,328.06, 444.6082
352492,2.6169,0.003047,328.18, 444.6082
352493,2.6201,0.003128,319.71, 444.6085
352494,2.6230,0.003022,330.96, 444.6082
352495,2.6260,0.002971,336.58, 444.6082
352496,2.6292,0.002979,335.73, 444.6085
352497,2.6321,0.003022,330.88, 444.6085
352498,2.6350,0.003007,332.57, 444.6088
352499,2.6382,0.003002,333.16, 444.6085
352500,2.6411,0.003060,326.82, 444.6082
352501,2.6440,0.003009,332.29, 444.6082
352502,2.6472,0.002968,336.94, 444.6085
352503,2.6501,0.002957,338.24, 444.6088
352504,2.6531,0.002933,340.92, 444.6088
352505,2.6560,0.002968,336.92, 444.6082
352506,2.6589,0.002892,345.81, 444.6082
352507,2.6619,0.002943,339.77, 444.6088
352508,2.6648,0.002971,336.60, 444.6085
352509,2.6677,0.002963,337.51, 444.6088
352510,2.6707,0.002880,347.21, 444.6082
352511,2.6736,0.002971,336.54, 444.6085
352512,2.6765,0.002940,340.19, 444.6082
352513,2.6794,0.002993,334.11, 444.6085
352514,2.6824,0.002914,343.15, 444.6082
352515,2.6853,0.002987,334.75, 444.6085
352516,2.6882,0.002875,347.78, 444.6085
352517,2.6914,0.003060,326.84, 444.6082
352518,2.6946,0.003253,307.45, 444.6082
352519,2.6978,0.003064,326.33, 444.6082
352520,2.7004,0.002860,349.70, 444.6085
352521,2.7036,0.003021,331.03, 444.6082
352522,2.7065,0.002896,345.33, 444.6088
352523,2.7095,0.002997,333.67, 444.6088
352524,2.7124,0.002906,344.12, 444.6085
352525,2.7153,0.003099,322.71, 444.6085
352526,2.7183,0.002913,343.31, 444.6085
352527,2.7214,0.002976,336.08, 444.6082
352528,2.7244,0.003039,329.07, 444.6088
352529,2.7273,0.003030,330.04, 444.6082
352530,2.7302,0.002855,350.29, 444.6085
352531,2.7334,0.003038,329.12, 444.6088
352532,2.7363,0.002919,342.64, 444.6088
352533,2.7393,0.002994,334.05, 444.6085
352534,2.7422,0.002886,346.50, 444.6085
352535,2.7449,0.002891,345.90, 444.6085
352536,2.7480,0.003039,329.08, 444.6088
352537,2.7510,0.003075,325.26, 444.6082
352538,2.7542,0.002971,336.55, 444.6088
352539,2.7571,0.002952,338.75, 444.6088
352540,2.7600,0.002892,345.73, 444.6085
352541,2.7629,0.002969,336.86, 444.6082
352542,2.7659,0.002921,342.37, 444.6082
352543,2.7688,0.002940,340.11, 444.6085
352544,2.7717,0.002962,337.62, 444.6085
352545,2.7747,0.002955,338.47, 444.6085
352546,2.7776,0.002914,343.15, 444.6082
352547,2.7805,0.002938,340.34, 444.6085
352548,2.7834,0.002991,334.29, 444.6088
352549,2.7866,0.002999,333.42, 444.6088
352550,2.7896,0.003050,327.92, 444.6085
352551,2.7925,0.002958,338.10, 444.6088
352552,2.7954,0.002952,338.80, 444.6088
352553,2.7983,0.002981,335.48, 444.6088
352554,2.8015,0.003006,332.69, 444.6082
352555,2.8044,0.002914,343.17, 444.6088
352556,2.8074,0.002956,338.35, 444.6082
352557,2.8103,0.002925,341.92, 444.6082
352558,2.8132,0.003016,331.61, 444.6085
352559,2.8164,0.003203,312.21, 444.6082
352560,2.8196,0.003058,327.05, 444.6085
352561,2.8225,0.002995,333.93, 444.6082
352562,2.8254,0.002980,335.56, 444.6085
352563,2.8284,0.002919,342.59, 444.6088
352564,2.8315,0.003018,331.39, 444.6085
352565,2.8345,0.002963,337.45, 444.6085
352566,2.8374,0.003075,325.21, 444.6082
352567,2.8403,0.002925,341.92, 444.6082
352568,2.8433,0.002975,336.09, 444.6088
352569,2.8464,0.003146,317.85, 444.6082
352570,2.8496,0.003206,311.93, 444.6082
352571,2.8528,0.002982,335.35, 444.6082
352572,2.8557,0.003012,332.05, 444.6088
352573,2.8586,0.002946,339.43, 444.6082
352574,2.8616,0.003002,333.12, 444.6082
352575,2.8645,0.002918,342.71, 444.6085
352576,2.8677,0.002975,336.15, 444.6107
352577,2.8704,0.002912,343.41, 444.6082
352578,2.8735,0.003005,332.79, 444.6085
352579,2.8765,0.002912,343.36, 444.6085
352580,2.8796,0.003146,317.91, 444.6082
352581,2.8826,0.002992,334.28, 444.6148
352582,2.8855,0.003052,327.63, 444.6082
352583,2.8884,0.002924,342.00, 444.6088
352584,2.8916,0.003012,331.99, 444.6085
352585,2.8945,0.003094,323.16, 444.6085
352586,2.8977,0.003076,325.07, 444.6082
352587,2.9006,0.002933,340.94, 444.6088
352588,2.9036,0.003028,330.29, 444.6082
352589,2.9067,0.002991,334.29, 444.6082
352590,2.9097,0.003039,329.10, 444.6082
352591,2.9126,0.002951,338.85, 444.6088
352592,2.9155,0.002984,335.14, 444.6085
352593,2.9185,0.002928,341.51, 444.6082
352594,2.9214,0.002971,336.55, 444.6088
352595,2.9246,0.002934,340.84, 444.6088
352596,2.9275,0.002969,336.79, 444.6082
352597,2.9304,0.002958,338.05, 444.6085
352598,2.9334,0.002985,335.04, 444.6082
352599,2.9363,0.002909,343.75, 444.6088
352600,2.9392,0.002954,338.57, 444.6088
352601,2.9421,0.002945,339.58, 444.6088
352602,2.9451,0.002927,341.65, 444.6082
352603,2.9480,0.002906,344.17, 444.6085
352604,2.9509,0.002945,339.55, 444.6082
352605,2.9539,0.002957,338.13, 444.6085
352606,2.9568,0.002997,333.72, 444.6082
352607,2.9600,0.002961,337.69, 444.6088
352608,2.9626,0.002916,342.97, 444.6085
352609,2.9658,0.002948,339.24, 444.6085
352610,2.9685,0.002908,343.90, 444.6082
352611,2.9717,0.003009,332.37, 444.6088
352612,2.9746,0.002930,341.36, 444.6085
352613,2.9775,0.002961,337.74, 444.6082
352614,2.9805,0.002995,333.95, 444.6082
352615,2.9834,0.002951,338.91, 444.6088
352616,2.9863,0.002892,345.79, 444.6088
352617,2.9895,0.003036,329.41, 444.6085
352618,2.9922,0.002904,344.39, 444.6082
352619,2.9954,0.002996,333.81, 444.6082
352620,2.9980,0.002852,350.62, 444.6082
352621,3.0012,0.003029,330.20, 444.6085
352622,3.0042,0.002946,339.50, 444.6088
352623,3.0071,0.002977,335.89, 444.6088
352624,3.0100,0.002879,347.38, 444.6088
352625,3.0129,0.003036,329.42, 444.6082
352626,3.0159,0.002870,348.47, 444.6082
352627,3.0188,0.003030,329.99, 444.6082
352628,3.0217,0.002908,343.84, 444.6085
352629,3.0249,0.002989,334.62, 444.6088
352630,3.0276,0.002876,347.66, 444.6088
352631,3.0305,0.002915,343.09, 444.6088
352632,3.0334,0.002968,336.90, 444.6088
352633,3.0366,0.003095,323.15, 444.6085
352634,3.0396,0.002997,333.71, 444.6088
352635,3.0427,0.002984,335.10, 444.6088
352636,3.0457,0.003118,320.71, 444.6082
352637,3.0488,0.003127,319.77, 444.6085
352638,3.0520,0.003002,333.14, 444.6082
352639,3.0549,0.003070,325.73, 444.6088
352640,3.0579,0.002901,344.67, 444.6088
352641,3.0608,0.002988,334.64, 444.6082
352642,3.0637,0.002917,342.85, 444.6088
352643,3.0667,0.002953,338.59, 444.6088
352644,3.0698,0.002994,333.99, 444.6085
352645,3.0728,0.002980,335.58, 444.6082
352646,3.0757,0.002906,344.15, 444.6088
352647,3.0786,0.002899,344.99, 444.6088
352648,3.0815,0.002937,340.51, 444.6088
352649,3.0845,0.002931,341.17, 444.6088
352650,3.0874,0.002958,338.07, 444.6082
352651,3.0903,0.002900,344.86, 444.6088
352652,3.0933,0.002966,337.11, 444.6082
352653,3.0962,0.003099,322.70, 444.6088
352654,3.0999,0.003593,278.30, 444.6082
352655,3.1030,0.003107,321.90, 444.6088
352656,3.1060,0.002965,337.23, 444.6085
352657,3.1089,0.002943,339.85, 444.6088
352658,3.1118,0.003010,332.23, 444.6082
352659,3.1150,0.003101,322.50, 444.6088
352660,3.1179,0.002998,333.58, 444.6088
352661,3.1211,0.002988,334.64, 444.6085
352662,3.1240,0.002933,340.95, 444.6088
352663,3.1267,0.002899,344.95, 444.6088
352664,3.1299,0.002961,337.71, 444.6085
352665,3.1328,0.002940,340.12, 444.6082
352666,3.1357,0.002960,337.87, 444.6085
352667,3.1387,0.002884,346.75, 444.6088
352668,3.1416,0.002963,337.48, 444.6085
352669,3.1445,0.002963,337.54, 444.6082
352670,3.1475,0.002970,336.76, 444.6082
352671,3.1504,0.002901,344.72, 444.6088
352672,3.1533,0.003019,331.29, 444.6082
352673,3.1563,0.002874,348.01, 444.6107
352674,3.1592,0.002994,334.02, 444.6082
352675,3.1621,0.002882,347.03, 444.6088
352676,3.1650,0.002961,337.72, 444.6088
352677,3.1680,0.002848,351.15, 444.6088
352678,3.1711,0.003127,319.75, 444.6082
352679,3.1741,0.003084,324.30, 444.6085
352680,3.1772,0.003037,329.32, 444.6088
352681,3.1802,0.002925,341.89, 444.6082
352682,3.1834,0.003114,321.16, 444.6082
352683,3.1860,0.002907,344.01, 444.6082
352684,3.1892,0.003049,327.99, 444.6085
352685,3.1921,0.002935,340.68, 444.6085
352686,3.1951,0.002946,339.43, 444.6088
352687,3.1980,0.002867,348.85, 444.6088
352688,3.2009,0.002934,340.82, 444.6088
352689,3.2039,0.002929,341.41, 444.6085
352690,3.2068,0.002939,340.29, 444.6085
352691,3.2097,0.002871,348.27, 444.6088
352692,3.2126,0.002940,340.16, 444.6085
352693,3.2153,0.002888,346.30, 444.6088
352694,3.2183,0.002910,343.62, 444.6082
352695,3.2212,0.002963,337.50, 444.6085
352696,3.2241,0.002899,344.91, 444.6082
352697,3.2271,0.002911,343.54, 444.6088
352698,3.2300,0.002877,347.56, 444.6082
352699,3.2329,0.002926,341.78, 444.6088
352700,3.2358,0.002902,344.57, 444.6088
352701,3.2388,0.003005,332.82, 444.6088
352702,3.2417,0.002907,344.06, 444.6085
352703,3.2446,0.002948,339.24, 444.6082
352704,3.2476,0.002857,350.08, 444.6088
352705,3.2505,0.003056,327.24, 444.6088
352706,3.2539,0.003201,312.41, 444.6088
352707,3.2568,0.003130,319.51, 444.6082
352708,3.2598,0.002924,342.02, 444.6082
352709,3.2629,0.003017,331.42, 444.6088
352710,3.2656,0.002835,352.76, 444.6219
352711,3.2688,0.002989,334.57, 444.6082
352712,3.2715,0.002909,343.77, 444.6088
352713,3.2747,0.002981,335.44, 444.6085
352714,3.2773,0.002885,346.61, 444.6088
352715,3.2805,0.002979,335.68, 444.6088
352716,3.2832,0.002853,350.48, 444.6088
352717,3.2864,0.003045,328.40, 444.6082
352718,3.2893,0.002911,343.58, 444.6082
352719,3.2922,0.002944,339.67, 444.6088
352720,3.2952,0.002850,350.85, 444.6088
352721,3.2981,0.002929,341.37, 444.6085
352722,3.3010,0.002971,336.55, 444.6082
352723,3.3040,0.002960,337.87, 444.6085
352724,3.3069,0.002917,342.83, 444.6085
352725,3.3098,0.002972,336.49, 444.6085
352726,3.3127,0.002927,341.61, 444.6085
352727,3.3157,0.002905,344.20, 444.6082
352728,3.3186,0.002941,340.06, 444.6085
352729,3.3215,0.002955,338.43, 444.6085
352730,3.3245,0.002950,339.03, 444.6082
352731,3.3274,0.002862,349.36, 444.6088
352732,3.3303,0.002917,342.87, 444.6088
352733,3.3333,0.002958,338.07, 444.6085
352734,3.3362,0.002947,339.39, 444.6085
352735,3.3391,0.002914,343.12, 444.6088
352736,3.3420,0.002961,337.78, 444.6088
352737,3.3450,0.002882,346.96, 444.6082
352738,3.3479,0.003014,331.74, 444.6082
352739,3.3508,0.003012,332.04, 444.6085
352740,3.3540,0.003023,330.78, 444.6088
352741,3.3569,0.002901,344.66, 444.6082
352742,3.3599,0.002940,340.12, 444.6088
352743,3.3625,0.002865,349.08, 444.6085
352744,3.3657,0.002944,339.69, 444.6082
352745,3.3684,0.002839,352.21, 444.6082
352746,3.3713,0.002986,334.93, 444.6085
352747,3.3743,0.002868,348.68, 444.6088
352748,3.3772,0.002940,340.19, 444.6088
352749,3.3801,0.002885,346.63, 444.6088
352750,3.3831,0.002961,337.70, 444.6088
352751,3.3860,0.002937,340.47, 444.6088
352752,3.3889,0.002916,342.96, 444.6088
352753,3.3918,0.002900,344.78, 444.6085
352754,3.3948,0.003013,331.94, 444.6085
352755,3.3979,0.002973,336.32, 444.6088
352756,3.4009,0.002939,340.31, 444.6085
352757,3.4038,0.002935,340.76, 444.6088
352758,3.4065,0.002870,348.49, 444.6082
352759,3.4094,0.002880,347.19, 444.6088
352760,3.4124,0.003005,332.77, 444.6082
352761,3.4155,0.002996,333.73, 444.6088
352762,3.4182,0.002878,347.51, 444.6085
352763,3.4214,0.002958,338.12, 444.6088
352764,3.4243,0.002965,337.26, 444.6107
352765,3.4275,0.003137,318.78, 444.6085
352766,3.4304,0.003051,327.78, 444.6088
352767,3.4334,0.002979,335.66, 444.6082
352768,3.4363,0.002926,341.76, 444.6082
352769,3.4395,0.003010,332.20, 444.6088
352770,3.4424,0.002991,334.34, 444.6082
352771,3.4453,0.003051,327.74, 444.6088
352772,3.4482,0.002928,341.52, 444.6088
352773,3.4514,0.003037,329.26, 444.6082
352774,3.4543,0.002918,342.72, 444.6082
352775,3.4573,0.002953,338.65, 444.6088
352776,3.4602,0.002923,342.15, 444.6085
352777,3.4631,0.003018,331.40, 444.6082
352778,3.4661,0.002905,344.26, 444.6085
352779,3.4690,0.003000,333.32, 444.6088
352780,3.4719,0.002894,345.49, 444.6082
352781,3.4751,0.003010,332.18, 444.6082
352782,3.4778,0.002842,351.82, 444.6088
352783,3.4807,0.002929,341.45, 444.6088
352784,3.4836,0.002842,351.93, 444.6088
352785,3.4866,0.003011,332.13, 444.6107
352786,3.4895,0.002961,337.76, 444.6085
352787,3.4927,0.003044,328.52, 444.6082
352788,3.4956,0.002934,340.88, 444.6085
352789,3.4985,0.002968,336.93, 444.6085
352790,3.5015,0.002892,345.76, 444.6082
352791,3.5044,0.003063,326.50, 444.6082
352792,3.5076,0.003147,317.78, 444.6085
352793,3.5107,0.003095,323.08, 444.6082
352794,3.5137,0.002949,339.12, 444.6088
352795,3.5166,0.002968,336.88, 444.6088
352796,3.5195,0.002919,342.63, 444.6229
352797,3.5225,0.002993,334.08, 444.6082
352798,3.5254,0.002904,344.35, 444.6088
352799,3.5283,0.002956,338.35, 444.6082
352800,3.5313,0.002916,342.89, 444.6082
352801,3.5344,0.002990,334.44, 444.6085
352802,3.5374,0.002988,334.68, 444.6082
352803,3.5403,0.002961,337.78, 444.6082
352804,3.5432,0.002924,342.00, 444.6088
352805,3.5461,0.002889,346.15, 444.6088
352806,3.5491,0.002948,339.26, 444.6082
352807,3.5520,0.002948,339.24, 444.6082
352808,3.5549,0.002995,333.93, 444.6088
352809,3.5579,0.002921,342.34, 444.6088
352810,3.5608,0.002969,336.85, 444.6082
352811,3.5637,0.002934,340.83, 444.6082
352812,3.5667,0.002969,336.84, 444.6085
352813,3.5696,0.002927,341.71, 444.6088
352814,3.5728,0.003022,330.94, 444.6085
352815,3.5757,0.002875,347.86, 444.6082
352816,3.5786,0.003039,329.10, 444.6090
352817,3.5815,0.002928,341.58, 444.6082
352818,3.5847,0.003081,324.57, 444.6082
352819,3.5874,0.002889,346.14, 444.6260
352820,3.5906,0.002988,334.66, 444.6085
352821,3.5935,0.002949,339.11, 444.6088
352822,3.5964,0.002983,335.20, 444.6082
352823,3.5996,0.003224,310.19, 444.6082
352824,3.6035,0.003955,252.84, 444.6085
352825,3.6069,0.003204,312.07, 444.6085
352826,3.6099,0.003119,320.66, 444.6086
352827,3.6133,0.003413,293.03, 444.6082
352828,3.6167,0.003405,293.71, 444.6082
352829,3.6201,0.003393,294.75, 444.6136
352830,3.6235,0.003441,290.63, 444.6082
352831,3.6267,0.003105,322.08, 444.6088
352832,3.6296,0.002958,338.12, 444.6107
352833,3.6328,0.003119,320.57, 444.6082
352834,3.6357,0.002979,335.72, 444.6088
352835,3.6387,0.003020,331.08, 444.6082
352836,3.6416,0.002936,340.65, 444.6085
352837,3.6448,0.003020,331.11, 444.6082
352838,3.6477,0.002977,335.95, 444.6082
352839,3.6506,0.003026,330.44, 444.6082
352840,3.6538,0.003004,332.89, 444.6088
352841,3.6567,0.002985,334.96, 444.6085
352842,3.6597,0.002915,343.09, 444.6082
352843,3.6626,0.003064,326.42, 444.6085
352844,3.6658,0.002972,336.53, 444.6088
352845,3.6687,0.002960,337.84, 444.6082
352846,3.6716,0.002978,335.77, 444.6082
352847,3.6746,0.002961,337.74, 444.6088
352848,3.6775,0.002922,342.29, 444.6082
352849,3.6804,0.002959,337.91, 444.6088
352850,3.6834,0.002933,340.92, 444.6082
352851,3.6863,0.002916,342.94, 444.6088
352852,3.6892,0.002953,338.70, 444.6085
352853,3.6921,0.002940,340.17, 444.6088
352854,3.6951,0.002914,343.16, 444.6082
352855,3.6980,0.002894,345.60, 444.6085
352856,3.7009,0.002959,337.93, 444.6082
352857,3.7039,0.002908,343.90, 444.6085
352858,3.7068,0.002964,337.39, 444.6082
352859,3.7097,0.002923,342.17, 444.6085
352860,3.7126,0.003015,331.65, 444.6085
352861,3.7156,0.002912,343.42, 444.6082
352862,3.7188,0.002957,338.19, 444.6082
352863,3.7214,0.002889,346.14, 444.6088
352864,3.7246,0.003050,327.83, 444.6088
352865,3.7275,0.002948,339.22, 444.6088
352866,3.7305,0.003013,331.87, 444.6082
352867,3.7334,0.002911,343.51, 444.6088
352868,3.7366,0.003083,324.37, 444.6085
352869,3.7395,0.002907,344.00, 444.6088
352870,3.7424,0.002973,336.39, 444.6082
352871,3.7454,0.002900,344.83, 444.6085
352872,3.7483,0.003009,332.39, 444.6088
352873,3.7512,0.002892,345.79, 444.6088
352874,3.7542,0.003027,330.37, 444.6082
352875,3.7573,0.002975,336.19, 444.6085
352876,3.7603,0.003001,333.26, 444.6085
352877,3.7632,0.002888,346.28, 444.6085
352878,3.7661,0.002952,338.80, 444.6088
352879,3.7688,0.002871,348.26, 444.6085
352880,3.7720,0.003024,330.71, 444.6088
352881,3.7749,0.002961,337.77, 444.6085
352882,3.7778,0.002975,336.19, 444.6082
352883,3.7808,0.002911,343.48, 444.6088
352884,3.7837,0.002960,337.87, 444.6082
352885,3.7866,0.002941,340.04, 444.6088
352886,3.7896,0.002933,340.98, 444.6085
352887,3.7925,0.002932,341.04, 444.6088
352888,3.7954,0.002972,336.47, 444.6085
352889,3.7983,0.002912,343.47, 444.6088
352890,3.8013,0.002920,342.49, 444.6082
352891,3.8044,0.003019,331.27, 444.6082
352892,3.8074,0.002894,345.51, 444.6082
352893,3.8103,0.002927,341.67, 444.6085
352894,3.8130,0.002908,343.93, 444.6082
352895,3.8162,0.002941,340.07, 444.6088
352896,3.8193,0.003356,297.98, 444.6082
352897,3.8225,0.003147,317.76, 444.6082
352898,3.8254,0.002932,341.05, 444.6085
352899,3.8284,0.002963,337.52, 444.6085
352900,3.8313,0.002934,340.85, 444.6088
352901,3.8345,0.003027,330.32, 444.6082
352902,3.8374,0.002895,345.42, 444.6082
352903,3.8403,0.002968,336.97, 444.6088
352904,3.8433,0.002902,344.59, 444.6082
352905,3.8462,0.002986,334.87, 444.6082
352906,3.8491,0.002895,345.46, 444.6085
352907,3.8521,0.003017,331.42, 444.6082
352908,3.8550,0.002880,347.20, 444.6088
352909,3.8579,0.002981,335.46, 444.6082
352910,3.8608,0.002879,347.38, 444.6085
352911,3.8638,0.003020,331.16, 444.6085
352912,3.8667,0.002995,333.93, 444.6085
352913,3.8699,0.003105,322.03, 444.6082
352914,3.8728,0.002955,338.38, 444.6082
352915,3.8760,0.003067,326.07, 444.6082
352916,3.8789,0.002900,344.79, 444.6088
352917,3.8818,0.003089,323.75, 444.6082
352918,3.8848,0.002873,348.04, 444.6085
352919,3.8877,0.002972,336.50, 444.6088
352920,3.8906,0.002922,342.18, 444.6082
352921,3.8938,0.002998,333.54, 444.6088
352922,3.8967,0.003001,333.28, 444.6085
352923,3.8997,0.003035,329.48, 444.6088
352924,3.9026,0.002958,338.04, 444.6085
352925,3.9055,0.002939,340.22, 444.6085
352926,3.9084,0.002878,347.50, 444.6088
352927,3.9116,0.003100,322.59, 444.6097
352928,3.9148,0.003062,326.59, 444.6082
352929,3.9177,0.002997,333.67, 444.6085
352930,3.9207,0.002945,339.58, 444.6082
352931,3.9236,0.002972,336.43, 444.6082
352932,3.9265,0.002973,336.33, 444.6088
352933,3.9294,0.002951,338.85, 444.6082
352934,3.9324,0.002975,336.17, 444.6082
352935,3.9353,0.002932,341.11, 444.6085
352936,3.9385,0.003006,332.69, 444.6085
352937,3.9414,0.002939,340.21, 444.6085
352938,3.9443,0.002991,334.36, 444.6082
352939,3.9473,0.002944,339.66, 444.6088
352940,3.9502,0.002970,336.72, 444.6082
352941,3.9531,0.002968,336.89, 444.6082
352942,3.9563,0.002959,337.95, 444.6082
352943,3.9592,0.002934,340.84, 444.6088
352944,3.9622,0.003048,328.13, 444.6082
352945,3.9651,0.002935,340.73, 444.6088
352946,3.9680,0.002991,334.29, 444.6085
352947,3.9709,0.002932,341.10, 444.6085
352948,3.9741,0.003017,331.44, 444.6082
352949,3.9771,0.002923,342.07, 444.6085
352950,3.9800,0.002941,339.97, 444.6082
352951,3.9829,0.002919,342.63, 444.6085
352952,3.9858,0.002988,334.69, 444.6085
352953,3.9888,0.002889,346.15, 444.6085
352954,3.9917,0.003071,325.64, 444.6082
352955,3.9946,0.002870,348.47, 444.6088
352956,3.9976,0.002969,336.79, 444.6088
352957,4.0005,0.002840,352.13, 444.6085
352958,4.0034,0.002968,336.88, 444.6088
352959,4.0063,0.002890,346.02, 444.6088
352960,4.0093,0.002965,337.29, 444.6088
352961,4.0122,0.002943,339.74, 444.6088
352962,4.0151,0.002954,338.57, 444.6085
352963,4.0181,0.002871,348.37, 444.6088
352964,4.0210,0.002972,336.45, 444.6082
352965,4.0239,0.002904,344.32, 444.6088
352966,4.0269,0.002926,341.72, 444.6082
352967,4.0298,0.002905,344.23, 444.6085
352968,4.0327,0.002923,342.17, 444.6088
352969,4.0356,0.002956,338.35, 444.6088
352970,4.0386,0.002845,351.52, 444.6085
352971,4.0415,0.003010,332.25, 444.6085
352972,4.0444,0.002967,337.02, 444.6088
352973,4.0476,0.003059,326.93, 444.6082
352974,4.0505,0.003022,330.88, 444.6082
352975,4.0537,0.003076,325.06, 444.6088
352976,4.0566,0.002914,343.14, 444.6186
352977,4.0596,0.003058,326.97, 444.6082
352978,4.0625,0.002986,334.90, 444.6082
352979,4.0654,0.002943,339.75, 444.6229
352980,4.0684,0.002955,338.44, 444.6107
352981,4.0715,0.003051,327.72, 444.6088
352982,4.0745,0.002981,335.46, 444.6082
352983,4.0774,0.002948,339.22, 444.6088
352984,4.0803,0.002903,344.48, 444.6088
352985,4.0833,0.002989,334.52, 444.6088
352986,4.0862,0.002922,342.27, 444.6082
352987,4.0894,0.002976,336.08, 444.6088
352988,4.0920,0.002913,343.29, 444.6088
352989,4.0952,0.002960,337.87, 444.6082
352990,4.0979,0.002896,345.36, 444.6085
352991,4.1011,0.003024,330.66, 444.6088
352992,4.1040,0.002990,334.48, 444.6082
352993,4.1069,0.002968,336.92, 444.6082
352994,4.1099,0.002887,346.44, 444.6082
352995,4.1128,0.003012,331.96, 444.6085
352996,4.1160,0.003017,331.47, 444.6082
352997,4.1191,0.003341,299.31, 444.6088
352998,4.1223,0.003076,325.15, 444.6085
352999,4.1252,0.003028,330.21, 444.6085
353000,4.1282,0.002904,344.33, 444.6088
353001,4.1313,0.003027,330.34, 444.6082
353002,4.1343,0.002925,341.94, 444.6088
353003,4.1372,0.003004,332.87, 444.6088
353004,4.1401,0.002974,336.27, 444.6085
353005,4.1433,0.003016,331.62, 444.6085
353006,4.1460,0.002880,347.17, 444.6082
353007,4.1492,0.002990,334.50, 444.6082
353008,4.1521,0.002929,341.40, 444.6085
353009,4.1550,0.002963,337.55, 444.6088
353010,4.1580,0.002923,342.14, 444.6082
353011,4.1609,0.002946,339.48, 444.6082
353012,4.1638,0.003005,332.76, 444.6082
353013,4.1667,0.002995,333.92, 444.6082
353014,4.1697,0.002938,340.41, 444.6082
353015,4.1729,0.002963,337.51, 444.6088
353016,4.1758,0.002928,341.58, 444.6085
353017,4.1787,0.002940,340.10, 444.6082
353018,4.1816,0.002934,340.88, 444.6082
353019,4.1846,0.002936,340.63, 444.6082
353020,4.1875,0.002963,337.45, 444.6088
353021,4.1904,0.002897,345.21, 444.6088
353022,4.1934,0.002968,336.88, 444.6088
353023,4.1963,0.002914,343.17, 444.6088
353024,4.1992,0.002963,337.50, 444.6088
353025,4.2021,0.002899,344.93, 444.6082
353026,4.2051,0.002983,335.20, 444.6085
353027,4.2080,0.002887,346.37, 444.6082
353028,4.2109,0.003033,329.70, 444.6085
353029,4.2139,0.002918,342.65, 444.6082
353030,4.2168,0.002953,338.67, 444.6082
353031,4.2197,0.002837,352.51, 444.6088
353032,4.2227,0.003000,333.36, 444.6085
353033,4.2256,0.002995,333.88, 444.6085
353034,4.2288,0.003047,328.16, 444.6082
353035,4.2317,0.002891,345.96, 444.6085
353036,4.2346,0.003023,330.85, 444.6085
353037,4.2375,0.002934,340.87, 444.6085
353038,4.2405,0.002966,337.17, 444.6082
353039,4.2434,0.002933,340.99, 444.6088
353040,4.2466,0.002992,334.22, 444.6088
353041,4.2493,0.002904,344.32, 444.6088
353042,4.2524,0.003003,333.01, 444.6082
353043,4.2554,0.002937,340.52, 444.6085
353044,4.2583,0.003013,331.91, 444.6082
353045,4.2612,0.002896,345.28, 444.6088
353046,4.2642,0.002960,337.87, 444.6082
353047,4.2671,0.002911,343.56, 444.6088
353048,4.2700,0.002998,333.52, 444.6088
353049,4.2732,0.002993,334.07, 444.6082
353050,4.2761,0.002942,339.86, 444.6085
353051,4.2791,0.002915,343.06, 444.6088
353052,4.2820,0.002951,338.93, 444.6088
353053,4.2849,0.002956,338.30, 444.6085
353054,4.2878,0.002948,339.26, 444.6082
353055,4.2908,0.002949,339.08, 444.6085
353056,4.2937,0.002940,340.10, 444.6088
353057,4.2966,0.002925,341.86, 444.6088
353058,4.2996,0.002922,342.27, 444.6085
353059,4.3025,0.002998,333.54, 444.6082
353060,4.3054,0.002936,340.63, 444.6088
353061,4.3084,0.002950,338.97, 444.6082
353062,4.3113,0.002885,346.68, 444.6085
353063,4.3142,0.002998,333.53, 444.6082
353064,4.3171,0.002868,348.68, 444.6088
353065,4.3203,0.003161,316.33, 444.6082
353066,4.3235,0.003095,323.09, 444.6082
353067,4.3264,0.003043,328.66, 444.6082
353068,4.3296,0.003005,332.83, 444.6122
353069,4.3328,0.003213,311.23, 444.6082
353070,4.3357,0.002956,338.28, 444.6082
353071,4.3386,0.003016,331.59, 444.6082
353072,4.3416,0.002883,346.90, 444.6082
353073,4.3445,0.002940,340.18, 444.6088
353074,4.3474,0.002853,350.51, 444.6082
353075,4.3503,0.002941,340.06, 444.6088
353076,4.3530,0.002879,347.39, 444.6088
353077,4.3562,0.002953,338.59, 444.6088
353078,4.3589,0.002886,346.50, 444.6088
353079,4.3618,0.002949,339.10, 444.6088
353080,4.3647,0.002907,344.01, 444.6088
353081,4.3679,0.002964,337.40, 444.6082
353082,4.3706,0.002908,343.93, 444.6082
353083,4.3738,0.002956,338.30, 444.6088
353084,4.3765,0.002863,349.35, 444.6088
353085,4.3794,0.002895,345.44, 444.6082
353086,4.3823,0.002892,345.78, 444.6082
353087,4.3853,0.002991,334.35, 444.6088
353088,4.3882,0.002930,341.29, 444.6085
353089,4.3911,0.002978,335.85, 444.6082
353090,4.3940,0.002944,339.73, 444.6085
353091,4.3970,0.002929,341.46, 444.6085
353092,4.4001,0.002971,336.62, 444.6088
353093,4.4031,0.002939,340.22, 444.6088
353094,4.4060,0.002956,338.35, 444.6082
353095,4.4089,0.002898,345.05, 444.6088
353096,4.4119,0.003124,320.07, 444.6088
353097,4.4150,0.003006,332.62, 444.6085
353098,4.4180,0.003012,332.02, 444.6082
353099,4.4209,0.002986,334.86, 444.6082
353100,4.4241,0.003010,332.23, 444.6085
353101,4.4270,0.002975,336.10, 444.6082
353102,4.4299,0.002969,336.81, 444.6082
353103,4.4329,0.002908,343.86, 444.6107
353104,4.4358,0.002973,336.34, 444.6085
353105,4.4387,0.002863,349.35, 444.6085
353106,4.4417,0.002979,335.72, 444.6082
353107,4.4446,0.002994,334.06, 444.6082
353108,4.4475,0.002973,336.33, 444.6085
353109,4.4504,0.002878,347.52, 444.6082
353110,4.4536,0.003019,331.22, 444.6088
353111,4.4563,0.002864,349.20, 444.6088
353112,4.4595,0.002974,336.20, 444.6088
353113,4.4622,0.002885,346.61, 444.6088
353114,4.4653,0.002974,336.24, 444.6088
353115,4.4680,0.002861,349.54, 444.6088
353116,4.4709,0.002978,335.77, 444.6088
353117,4.4741,0.002938,340.33, 444.6082
353118,4.4771,0.002951,338.93, 444.6082
353119,4.4797,0.002899,344.92, 444.6088
353120,4.4829,0.002967,337.07, 444.6085
353121,4.4856,0.002886,346.54, 444.6088
353122,4.4888,0.002952,338.81, 444.6082
353123,4.4917,0.002961,337.71, 444.6088
353124,4.4946,0.002997,333.72, 444.6085
353125,4.4976,0.002898,345.08, 444.6088
353126,4.5005,0.002981,335.49, 444.6082
353127,4.5034,0.003028,330.26, 444.6082
353128,4.5066,0.002979,335.73, 444.6082
353129,4.5095,0.002936,340.60, 444.6088
353130,4.5125,0.002946,339.44, 444.6082
353131,4.5154,0.002929,341.44, 444.6088
353132,4.5183,0.002896,345.30, 444.6088
353133,4.5212,0.003014,331.84, 444.6085
353134,4.5242,0.002937,340.53, 444.6085
353135,4.5271,0.002962,337.63, 444.6088
353136,4.5300,0.002873,348.04, 444.6088
353137,4.5330,0.002986,334.94, 444.6085
353138,4.5359,0.002899,344.90, 444.6082
353139,4.5388,0.003027,330.39, 444.6082
353140,4.5417,0.002923,342.16, 444.6085
353141,4.5449,0.002980,335.60, 444.6082
353142,4.5476,0.002842,351.91, 444.6085
353143,4.5508,0.003030,330.00, 444.6085
353144,4.5537,0.002968,336.92, 444.6088
353145,4.5566,0.003010,332.25, 444.6085
353146,4.5596,0.002873,348.04, 444.6088
353147,4.5625,0.003022,330.91, 444.6088
353148,4.5654,0.002910,343.70, 444.6082
353149,4.5684,0.003007,332.56, 444.6085
353150,4.5713,0.002944,339.69, 444.6082
353151,4.5745,0.002975,336.13, 444.6088
353152,4.5774,0.002896,345.28, 444.6088
353153,4.5803,0.002933,340.92, 444.6085
353154,4.5833,0.002948,339.21, 444.6082
353155,4.5862,0.002974,336.20, 444.6088
353156,4.5891,0.002922,342.27, 444.6088
353157,4.5920,0.002946,339.45, 444.6082
353158,4.5950,0.002930,341.26, 444.6085
353159,4.5979,0.003032,329.84, 444.6088
353160,4.6016,0.003510,284.88, 444.6082
353161,4.6047,0.003257,307.03, 444.6085
353162,4.6077,0.003046,328.34, 444.6085
353163,4.6111,0.003205,311.98, 444.6200
353164,4.6145,0.003401,294.04, 444.6082
353165,4.6179,0.003589,278.67, 444.6082
353166,4.6213,0.003449,289.94, 444.6088
353167,4.6245,0.003133,319.19, 444.6089
353168,4.6274,0.002967,337.09, 444.6107
353169,4.6306,0.003097,322.87, 444.6085
353170,4.6335,0.003030,329.99, 444.6082
353171,4.6367,0.003084,324.23, 444.6088
353172,4.6396,0.002937,340.54, 444.6151
353173,4.6426,0.003015,331.73, 444.6151
353174,4.6458,0.003045,328.40, 444.6082
353175,4.6487,0.003023,330.80, 444.6085
353176,4.6516,0.002968,336.92, 444.6082
353177,4.6548,0.003060,326.78, 444.6088
353178,4.6577,0.002937,340.52, 444.6107
353179,4.6609,0.003099,322.65, 444.6088
353180,4.6638,0.002971,336.61, 444.6097
353181,4.6667,0.002991,334.33, 444.6085
353182,4.6697,0.002916,342.94, 444.6082
353183,4.6729,0.003090,323.68, 444.6088
353184,4.6758,0.003018,331.38, 444.6082
353185,4.6790,0.003055,327.31, 444.6082
353186,4.6819,0.003014,331.77, 444.6107
353187,4.6848,0.003056,327.18, 444.6082
353188,4.6880,0.002945,339.59, 444.6085
353189,4.6909,0.003016,331.59, 444.6082
353190,4.6938,0.002981,335.51, 444.6082
353191,4.6970,0.003044,328.56, 444.6085
353192,4.6997,0.002882,346.93, 444.6085
353193,4.7029,0.003075,325.24, 444.6082
353194,4.7058,0.002917,342.82, 444.6082
353195,4.7087,0.003022,330.88, 444.6088
353196,4.7119,0.003011,332.12, 444.6082
353197,4.7148,0.002995,333.93, 444.6082
353198,4.7178,0.002869,348.61, 444.6107
353199,4.7207,0.003071,325.60, 444.6082
353200,4.7239,0.003080,324.73, 444.6088
353201,4.7268,0.003057,327.11, 444.6082
353202,4.7297,0.002899,344.93, 444.6088
353203,4.7329,0.003045,328.39, 444.6085
353204,4.7356,0.002876,347.71, 444.6088
353205,4.7388,0.003020,331.15, 444.6082
353206,4.7417,0.003015,331.66, 444.6085
353207,4.7446,0.002995,333.92, 444.6085
353208,4.7476,0.002925,341.83, 444.6088
353209,4.7507,0.003118,320.69, 444.6088
353210,4.7539,0.003005,332.73, 444.6085
353211,4.7568,0.003021,331.04, 444.6085
353212,4.7598,0.002989,334.60, 444.6088
353213,4.7627,0.002977,335.95, 444.6088
353214,4.7656,0.002915,343.02, 444.6082
353215,4.7688,0.003015,331.64, 444.6088
353216,4.7717,0.002980,335.55, 444.6088
353217,4.7747,0.003031,329.98, 444.6085
353218,4.7776,0.002955,338.36, 444.6088
353219,4.7805,0.002958,338.07, 444.6088
353220,4.7834,0.002904,344.40, 444.6088
353221,4.7866,0.002995,333.95, 444.6085
353222,4.7896,0.002955,338.43, 444.6082
353223,4.7925,0.002986,334.85, 444.6085
353224,4.7954,0.002911,343.48, 444.6088
353225,4.7983,0.002942,339.87, 444.6082
353226,4.8013,0.002953,338.67, 444.6085
353227,4.8042,0.002936,340.62, 444.6088
353228,4.8071,0.002941,340.02, 444.6082
353229,4.8101,0.002900,344.83, 444.6085
353230,4.8130,0.002954,338.52, 444.6082
353231,4.8159,0.002945,339.55, 444.6085
353232,4.8188,0.002982,335.35, 444.6088
353233,4.8218,0.002935,340.73, 444.6082
353234,4.8250,0.002993,334.11, 444.6082
353235,4.8279,0.002906,344.14, 444.6082
353236,4.8308,0.002956,338.26, 444.6088
353237,4.8340,0.003255,307.18, 444.6082
353238,4.8372,0.003100,322.58, 444.6082
353239,4.8401,0.002952,338.80, 444.6085
353240,4.8430,0.002998,333.52, 444.6085
353241,4.8459,0.002942,339.92, 444.6082
353242,4.8491,0.003198,312.66, 444.6082
353243,4.8525,0.003421,292.30, 444.6082
353244,4.8560,0.003387,295.22, 444.6089
353245,4.8591,0.003268,305.99, 444.6082
353246,4.8625,0.003281,304.79, 444.6082
353247,4.8660,0.003426,291.85, 444.6082
353248,4.8694,0.003323,300.95, 444.6082
353249,4.8728,0.003451,289.78, 444.6085
353250,4.8760,0.003372,296.52, 444.6082
353251,4.8796,0.003581,279.24, 444.6083
353252,4.8835,0.003780,264.53, 444.6082
353253,4.8870,0.003462,288.89, 444.6083
353254,4.8901,0.003280,304.92, 444.6107
353255,4.8936,0.003268,305.98, 444.6086
353256,4.8970,0.003387,295.26, 444.6083
353257,4.9001,0.003410,293.26, 444.6082
353258,4.9036,0.003412,293.05, 444.6083
353259,4.9070,0.003346,298.87, 444.6082
353260,4.9104,0.003319,301.27, 444.6086
353261,4.9136,0.003313,301.89, 444.6082
353262,4.9170,0.003248,307.89, 444.6089
353263,4.9202,0.003372,296.59, 444.6088
353264,4.9236,0.003312,301.95, 444.6089
353265,4.9272,0.003537,282.69, 444.6083
353266,4.9304,0.003401,294.07, 444.6082
353267,4.9341,0.003609,277.08, 444.6083
353268,4.9375,0.003340,299.41, 444.6082
353269,4.9407,0.003296,303.43, 444.6083
353270,4.9441,0.003321,301.15, 444.6083
353271,4.9473,0.003097,322.85, 444.6089
353272,4.9500,0.002883,346.85, 444.6085
353273,4.9531,0.002986,334.94, 444.6088
353274,4.9561,0.002927,341.61, 444.6082
353275,4.9590,0.002993,334.10, 444.6082
353276,4.9619,0.002924,341.99, 444.6082
353277,4.9648,0.002966,337.14, 444.6088
353278,4.9678,0.002986,334.85, 444.6082
353279,4.9709,0.003011,332.09, 444.6088
353280,4.9739,0.002981,335.48, 444.6085
353281,4.9768,0.002999,333.50, 444.6085
353282,4.9797,0.002900,344.83, 444.6082
353283,4.9827,0.002993,334.10, 444.6088
353284,4.9856,0.002867,348.82, 444.6088
353285,4.9885,0.002999,333.49, 444.6082
353286,4.9915,0.002910,343.61, 444.6085
353287,4.9944,0.002971,336.56, 444.6088
353288,4.9973,0.002842,351.84, 444.6088
353289,5.0002,0.002974,336.29, 444.6082
353290,5.0032,0.002957,338.21, 444.6088
353291,5.0063,0.003180,314.45, 444.6085
353292,5.0093,0.002912,343.44, 444.6085
353293,5.0125,0.002995,333.95, 444.6088
353294,5.0151,0.002880,347.22, 444.6082
353295,5.0183,0.003010,332.27, 444.6082
353296,5.0212,0.002920,342.43, 444.6085
353297,5.0242,0.002997,333.64, 444.6082
353298,5.0271,0.002906,344.09, 444.6082
353299,5.0300,0.002943,339.77, 444.6088
353300,5.0330,0.002942,339.95, 444.6088
353301,5.0359,0.003050,327.88, 444.6082
353302,5.0391,0.002954,338.49, 444.6082
353303,5.0420,0.002952,338.73, 444.6088
353304,5.0447,0.002894,345.59, 444.6085
353305,5.0479,0.003010,332.24, 444.6082
353306,5.0508,0.002948,339.27, 444.6085
353307,5.0537,0.003021,331.01, 444.6082
353308,5.0566,0.002921,342.41, 444.6107
353309,5.0596,0.002922,342.27, 444.6082
353310,5.0625,0.002946,339.49, 444.6088
353311,5.0654,0.002963,337.51, 444.6085
353312,5.0686,0.003001,333.26, 444.6082
353313,5.0715,0.002968,336.92, 444.6082
353314,5.0745,0.002991,334.31, 444.6082
353315,5.0774,0.002919,342.59, 444.6082
353316,5.0803,0.002926,341.78, 444.6085
353317,5.0833,0.002952,338.80, 444.6082
353318,5.0862,0.002957,338.19, 444.6088
353319,5.0891,0.002913,343.25, 444.6082
353320,5.0920,0.002982,335.30, 444.6088
353321,5.0950,0.002900,344.84, 444.6085
353322,5.0981,0.002996,333.73, 444.6082
353323,5.1008,0.002903,344.48, 444.6085
353324,5.1040,0.003096,323.00, 444.6085
353325,5.1069,0.002867,348.75, 444.6082
353326,5.1099,0.003012,332.02, 444.6088
353327,5.1128,0.002910,343.61, 444.6088
353328,5.1160,0.003032,329.80, 444.6088
353329,5.1187,0.002885,346.68, 444.6088
353330,5.1218,0.003024,330.67, 444.6085
353331,5.1248,0.002935,340.74, 444.6088
353332,5.1277,0.002954,338.56, 444.6088
353333,5.1309,0.003157,316.73, 444.6230
353334,5.1345,0.003661,273.15, 444.6082
353335,5.1377,0.003177,314.81, 444.6082
353336,5.1409,0.003198,312.72, 444.6083
353337,5.1438,0.003012,331.98, 444.6085
353338,5.1467,0.003002,333.10, 444.6082
353339,5.1499,0.002958,338.09, 444.6082
353340,5.1528,0.003021,330.98, 444.6085
353341,5.1558,0.002933,340.99, 444.6082
353342,5.1587,0.002991,334.31, 444.6085
353343,5.1616,0.002935,340.76, 444.6088
353344,5.1646,0.002970,336.73, 444.6082
353345,5.1675,0.002859,349.77, 444.6088
353346,5.1704,0.002987,334.78, 444.6085
353347,5.1733,0.002940,340.10, 444.6086
353348,5.1765,0.003071,325.67, 444.6088
353349,5.1794,0.002982,335.35, 444.6088
353350,5.1824,0.002982,335.40, 444.6082
353351,5.1853,0.002895,345.40, 444.6088
353352,5.1882,0.002969,336.84, 444.6088
353353,5.1914,0.002943,339.75, 444.6082
353354,5.1943,0.003076,325.09, 444.6082
353355,5.1973,0.002926,341.74, 444.6088
353356,5.2004,0.003049,327.99, 444.6088
353357,5.2031,0.002904,344.38, 444.6085
353358,5.2063,0.003013,331.94, 444.6082
353359,5.2092,0.003024,330.64, 444.6088
353360,5.2124,0.003016,331.55, 444.6085
353361,5.2153,0.002955,338.44, 444.6085
353362,5.2183,0.003003,333.01, 444.6082
353363,5.2212,0.002959,338.01, 444.6088
353364,5.2241,0.002962,337.60, 444.6088
353365,5.2271,0.002934,340.79, 444.6085
353366,5.2300,0.002933,340.99, 444.6082
353367,5.2329,0.002945,339.51, 444.6088
353368,5.2358,0.002928,341.52, 444.6082
353369,5.2388,0.002950,338.96, 444.6088
353370,5.2419,0.002983,335.28, 444.6082
353371,5.2449,0.002975,336.19, 444.6088
353372,5.2478,0.002896,345.26, 444.6085
353373,5.2507,0.002902,344.61, 444.6229
353374,5.2537,0.002937,340.44, 444.6082
353375,5.2566,0.003057,327.13, 444.6088
353376,5.2595,0.002942,339.87, 444.6082
353377,5.2625,0.002982,335.38, 444.6082
353378,5.2654,0.002957,338.19, 444.6082
353379,5.2686,0.002983,335.22, 444.6085
353380,5.2715,0.002893,345.70, 444.6082
353381,5.2744,0.003118,320.74, 444.6082
353382,5.2773,0.002949,339.12, 444.6085
353383,5.2803,0.002951,338.88, 444.6088
353384,5.2832,0.002896,345.28, 444.6088
353385,5.2864,0.003110,321.50, 444.6082
353386,5.2893,0.002988,334.63, 444.6082
353387,5.2925,0.003013,331.94, 444.6085
353388,5.2952,0.002881,347.13, 444.6088
353389,5.2983,0.002997,333.69, 444.6088
353390,5.3013,0.002898,345.09, 444.6088
353391,5.3042,0.003040,328.99, 444.6088
353392,5.3071,0.002902,344.64, 444.6089
353393,5.3101,0.003045,328.36, 444.6085
353394,5.3130,0.002916,342.96, 444.6082
353395,5.3162,0.003001,333.19, 444.6088
353396,5.3191,0.002947,339.36, 444.6088
353397,5.3220,0.002995,333.92, 444.6082
353398,5.3250,0.002918,342.68, 444.6082
353399,5.3279,0.002960,337.82, 444.6085
353400,5.3308,0.002884,346.69, 444.6088
353401,5.3337,0.003008,332.47, 444.6085
353402,5.3367,0.002908,343.89, 444.6085
353403,5.3396,0.002958,338.11, 444.6085
353404,5.3425,0.002945,339.60, 444.6088
353405,5.3455,0.002924,341.97, 444.6082
353406,5.3486,0.003010,332.21, 444.6082
353407,5.3516,0.003048,328.06, 444.6085
353408,5.3545,0.002961,337.69, 444.6088
353409,5.3574,0.002954,338.49, 444.6085
353410,5.3604,0.002908,343.90, 444.6082
353411,5.3633,0.002951,338.82, 444.6088
353412,5.3662,0.002928,341.53, 444.6088
353413,5.3691,0.002886,346.45, 444.6082
353414,5.3721,0.002971,336.54, 444.6082
353415,5.3750,0.002907,344.06, 444.6088
353416,5.3779,0.002942,339.88, 444.6088
353417,5.3809,0.002906,344.08, 444.6085
353418,5.3838,0.002955,338.38, 444.6085
353419,5.3867,0.002871,348.32, 444.6088
353420,5.3896,0.002970,336.69, 444.6085
353421,5.3926,0.002903,344.48, 444.6082
353422,5.3955,0.002993,334.17, 444.6082
353423,5.3984,0.002879,347.31, 444.6082
353424,5.4014,0.002956,338.25, 444.6085
353425,5.4043,0.002887,346.42, 444.6088
353426,5.4072,0.002974,336.26, 444.6082
353427,5.4102,0.002954,338.56, 444.6085
353428,5.4133,0.002995,333.87, 444.6082
353429,5.4160,0.002899,344.91, 444.6082
353430,5.4192,0.003035,329.50, 444.6082
353431,5.4221,0.002933,340.98, 444.6088
353432,5.4250,0.003012,332.05, 444.6085
353433,5.4280,0.002934,340.81, 444.6088
353434,5.4309,0.002956,338.25, 444.6085
353435,5.4338,0.002929,341.43, 444.6085
353436,5.4368,0.002945,339.62, 444.6082
353437,5.4399,0.003052,327.62, 444.6088
353438,5.4431,0.003191,313.36, 444.6082
353439,5.4460,0.002925,341.89, 444.6085
353440,5.4490,0.003024,330.73, 444.6088
353441,5.4519,0.002933,340.90, 444.6088
353442,5.4551,0.002990,334.44, 444.6082
353443,5.4580,0.002970,336.70, 444.6088
353444,5.4609,0.003003,332.97, 444.6088
353445,5.4639,0.002909,343.77, 444.6085
353446,5.4668,0.002885,346.61, 444.6082
353447,5.4697,0.002947,339.33, 444.6088
353448,5.4727,0.002928,341.57, 444.6082
353449,5.4756,0.002899,344.99, 444.6088
353450,5.4783,0.002852,350.67, 444.6082
353451,5.4812,0.002917,342.87, 444.6088
353452,5.4841,0.002883,346.87, 444.6088
353453,5.4871,0.002966,337.12, 444.6088
353454,5.4900,0.002848,351.15, 444.6088
353455,5.4929,0.003009,332.33, 444.6085
353456,5.4959,0.002802,356.93, 444.6088
353457,5.4988,0.002963,337.45, 444.6085
353458,5.5017,0.002841,351.96, 444.6088
353459,5.5046,0.002997,333.68, 444.6082
353460,5.5076,0.002847,351.25, 444.6088
353461,5.5105,0.002954,338.56, 444.6088
353462,5.5132,0.002880,347.21, 444.6088
353463,5.5161,0.002912,343.36, 444.6088
353464,5.5190,0.002892,345.76, 444.6088
353465,5.5220,0.002987,334.83, 444.6085
353466,5.5251,0.002959,337.96, 444.6082
353467,5.5281,0.002950,339.04, 444.6088
353468,5.5308,0.002897,345.24, 444.6088
353469,5.5339,0.002961,337.77, 444.6085
353470,5.5369,0.002953,338.68, 444.6082
353471,5.5398,0.002902,344.65, 444.6088
353472,5.5427,0.002944,339.72, 444.6082
353473,5.5454,0.002888,346.32, 444.6082
353474,5.5483,0.002932,341.09, 444.6085
353475,5.5513,0.002930,341.31, 444.6082
353476,5.5544,0.002943,339.85, 444.6088
353477,5.5571,0.002871,348.36, 444.6085
353478,5.5601,0.002898,345.09, 444.6088
353479,5.5630,0.002934,340.80, 444.6088
353480,5.5659,0.002964,337.44, 444.6088
353481,5.5688,0.002839,352.27, 444.6082
353482,5.5718,0.002988,334.67, 444.6085
353483,5.5747,0.002887,346.43, 444.6088
353484,5.5776,0.002933,340.94, 444.6088
353485,5.5806,0.002857,350.03, 444.6085
353486,5.5835,0.002983,335.28, 444.6082
353487,5.5864,0.002903,344.51, 444.6088
353488,5.5894,0.002966,337.17, 444.6085
353489,5.5923,0.002928,341.52, 444.6082
353490,5.5952,0.002991,334.29, 444.6085
353491,5.5981,0.002903,344.47, 444.6088
353492,5.6011,0.002964,337.34, 444.6085
353493,5.6040,0.002974,336.24, 444.6088
353494,5.6069,0.002924,342.00, 444.6085
353495,5.6101,0.002955,338.47, 444.6088
353496,5.6135,0.003585,278.97, 444.6082
353497,5.6167,0.003212,311.37, 444.6088
353498,5.6199,0.003166,315.83, 444.6082
353499,5.6230,0.003181,314.33, 444.6107
353500,5.6265,0.003445,290.30, 444.6082
353501,5.6301,0.003620,276.21, 444.6082
353502,5.6338,0.003471,288.09, 444.6082
353503,5.6367,0.003166,315.83, 444.6085
353504,5.6399,0.003075,325.21, 444.6085
353505,5.6431,0.003080,324.63, 444.6088
353506,5.6460,0.002959,337.99, 444.6085
353507,5.6489,0.002971,336.58, 444.6088
353508,5.6519,0.002982,335.39, 444.6082
353509,5.6550,0.003009,332.29, 444.6082
353510,5.6580,0.003117,320.83, 444.6088
353511,5.6611,0.002983,335.22, 444.6085
353512,5.6641,0.003002,333.16, 444.6088
353513,5.6670,0.002970,336.68, 444.6085
353514,5.6699,0.002967,337.02, 444.6082
353515,5.6729,0.002937,340.44, 444.6085
353516,5.6758,0.002961,337.69, 444.6088
353517,5.6787,0.002924,342.06, 444.6082
353518,5.6816,0.002962,337.67, 444.6088
353519,5.6846,0.002909,343.82, 444.6085
353520,5.6875,0.002974,336.21, 444.6088
353521,5.6907,0.002936,340.58, 444.6082
353522,5.6936,0.003012,332.03, 444.6082
353523,5.6965,0.002885,346.62, 444.6088
353524,5.6995,0.002960,337.85, 444.6085
353525,5.7024,0.002873,348.04, 444.6085
353526,5.7053,0.003077,324.95, 444.6082
353527,5.7083,0.002920,342.42, 444.6088
353528,5.7112,0.002995,333.87, 444.6082
353529,5.7144,0.003036,329.37, 444.6082
353530,5.7173,0.003029,330.11, 444.6085
353531,5.7202,0.002874,347.97, 444.6082
353532,5.7231,0.003011,332.08, 444.6088
353533,5.7263,0.003039,329.03, 444.6085
353534,5.7292,0.002970,336.70, 444.6088
353535,5.7322,0.002881,347.13, 444.6082
353536,5.7351,0.002975,336.18, 444.6082
353537,5.7380,0.002922,342.28, 444.6085
353538,5.7410,0.002965,337.27, 444.6082
353539,5.7439,0.002889,346.09, 444.6088
353540,5.7468,0.002924,341.96, 444.6088
353541,5.7498,0.002909,343.78, 444.6085
353542,5.7527,0.003104,322.22, 444.6082
353543,5.7559,0.003001,333.19, 444.6088
353544,5.7588,0.002924,342.02, 444.6085
353545,5.7617,0.002920,342.43, 444.6088
353546,5.7646,0.002937,340.53, 444.6085
353547,5.7678,0.003170,315.43, 444.6085
353548,5.7708,0.003015,331.63, 444.6082
353549,5.7739,0.003054,327.41, 444.6085
353550,5.7769,0.002906,344.14, 444.6082
353551,5.7795,0.002860,349.69, 444.6088
353552,5.7825,0.002922,342.25, 444.6088
353553,5.7854,0.002947,339.35, 444.6088
353554,5.7883,0.002883,346.81, 444.6082
353555,5.7913,0.002934,340.80, 444.6088
353556,5.7942,0.002898,345.07, 444.6082
353557,5.7971,0.002947,339.28, 444.6082
353558,5.8000,0.002942,339.95, 444.6082
353559,5.8030,0.002995,333.95, 444.6085
353560,5.8059,0.002840,352.09, 444.6085
353561,5.8088,0.002947,339.29, 444.6088
353562,5.8118,0.002924,342.04, 444.6088
353563,5.8147,0.002987,334.75, 444.6085
353564,5.8176,0.002823,354.18, 444.6088
353565,5.8206,0.003016,331.52, 444.6088
353566,5.8235,0.002871,348.30, 444.6088
353567,5.8264,0.002947,339.28, 444.6082
353568,5.8293,0.002967,337.00, 444.6082
353569,5.8328,0.003301,302.96, 444.6085
353570,5.8357,0.003017,331.50, 444.6082
353571,5.8389,0.003118,320.76, 444.6082
353572,5.8418,0.003022,330.95, 444.6088
353573,5.8452,0.003274,305.42, 444.6082
353574,5.8484,0.003247,308.01, 444.6082
353575,5.8516,0.003176,314.85, 444.6083
353576,5.8545,0.003001,333.21, 444.6082
353577,5.8577,0.003236,309.05, 444.6082
353578,5.8611,0.003236,309.05, 444.6085
353579,5.8643,0.003151,317.40, 444.6088
353580,5.8672,0.003067,326.01, 444.6082
353581,5.8704,0.003101,322.51, 444.6088
353582,5.8735,0.003113,321.25, 444.6088
353583,5.8765,0.003087,323.91, 444.6082
353584,5.8796,0.003050,327.87, 444.6170
353585,5.8828,0.003115,321.08, 444.6082
353586,5.8857,0.003052,327.62, 444.6082
353587,5.8889,0.003120,320.53, 444.6088
353588,5.8921,0.003133,319.15, 444.6082
353589,5.8950,0.003119,320.65, 444.6097
353590,5.8982,0.003086,324.07, 444.6082
353591,5.9014,0.003056,327.28, 444.6082
353592,5.9043,0.003153,317.13, 444.6085
353593,5.9075,0.003113,321.22, 444.6085
353594,5.9106,0.003106,321.94, 444.6082
353595,5.9136,0.003049,328.01, 444.6088
353596,5.9167,0.003143,318.22, 444.6082
353597,5.9199,0.003106,321.95, 444.6082
353598,5.9231,0.003217,310.88, 444.6082
353599,5.9263,0.003144,318.07, 444.6085
353600,5.9294,0.003192,313.29, 444.6082
353601,5.9326,0.003053,327.60, 444.6088
353602,5.9355,0.003011,332.09, 444.6082
353603,5.9385,0.002957,338.16, 444.6088
353604,5.9419,0.003490,286.55, 444.6082
353605,5.9451,0.003100,322.56, 444.6082
353606,5.9482,0.003109,321.66, 444.6088
353607,5.9512,0.002940,340.09, 444.6085
353608,5.9541,0.003005,332.83, 444.6085
353609,5.9573,0.003161,316.37, 444.6082
353610,5.9604,0.003098,322.79, 444.6082
353611,5.9634,0.002978,335.83, 444.6088
353612,5.9663,0.002997,333.69, 444.6085
353613,5.9692,0.002962,337.66, 444.6088
353614,5.9724,0.003150,317.51, 444.6082
353615,5.9756,0.003033,329.74, 444.6088
353616,5.9785,0.003055,327.32, 444.6085
353617,5.9814,0.002921,342.41, 444.6082
353618,5.9846,0.003000,333.39, 444.6085
353619,5.9873,0.002888,346.22, 444.6085
353620,5.9905,0.002977,335.97, 444.6088
353621,5.9934,0.002993,334.12, 444.6088
353622,5.9963,0.003034,329.58, 444.6082
353623,5.9993,0.002874,347.90, 444.6088
353624,6.0022,0.002953,338.65, 444.6088
353625,6.0054,0.003060,326.85, 444.6088
353626,6.0083,0.002958,338.12, 444.6088
353627,6.0112,0.002929,341.47, 444.6088
353628,6.0142,0.002958,338.12, 444.6085
353629,6.0171,0.002929,341.43, 444.6088
353630,6.0200,0.002920,342.43, 444.6082
353631,6.0229,0.003024,330.68, 444.6088
353632,6.0259,0.002950,338.94, 444.6085
353633,6.0288,0.002961,337.77, 444.6085
353634,6.0317,0.002923,342.13, 444.6082
353635,6.0349,0.002989,334.52, 444.6085
353636,6.0378,0.002984,335.08, 444.6085
353637,6.0408,0.002986,334.90, 444.6085
353638,6.0437,0.002910,343.60, 444.6088
353639,6.0469,0.003076,325.15, 444.6085
353640,6.0498,0.002939,340.25, 444.6085
353641,6.0527,0.003068,325.93, 444.6088
353642,6.0557,0.002981,335.46, 444.6082
353643,6.0588,0.002984,335.09, 444.6088
353644,6.0618,0.002899,344.93, 444.6085
353645,6.0647,0.002953,338.70, 444.6085
353646,6.0676,0.002963,337.45, 444.6082
353647,6.0706,0.003060,326.84, 444.6088
353648,6.0735,0.002928,341.58, 444.6088
353649,6.0764,0.002971,336.63, 444.6082
353650,6.0793,0.002887,346.39, 444.6088
353651,6.0825,0.003039,329.09, 444.6082
353652,6.0854,0.002942,339.87, 444.6156
353653,6.0884,0.003038,329.22, 444.6088
353654,6.0913,0.002939,340.26, 444.6082
353655,6.0942,0.002987,334.75, 444.6088
353656,6.0972,0.002869,348.50, 444.6085
353657,6.1003,0.003022,330.96, 444.6088
353658,6.1030,0.002885,346.60, 444.6085
353659,6.1062,0.002990,334.47, 444.6082
353660,6.1091,0.002895,345.46, 444.6085
353661,6.1121,0.003028,330.21, 444.6082
353662,6.1152,0.003120,320.49, 444.6082
353663,6.1182,0.003058,326.97, 444.6082
353664,6.1211,0.002897,345.24, 444.6085
353665,6.1240,0.003017,331.46, 444.6088
353666,6.1270,0.002933,340.92, 444.6082
353667,6.1301,0.003067,326.08, 444.6082
353668,6.1331,0.003010,332.27, 444.6088
353669,6.1362,0.003008,332.48, 444.6082
353670,6.1392,0.002907,344.01, 444.6088
353671,6.1421,0.002963,337.53, 444.6082
353672,6.1453,0.003171,315.36, 444.6082
353673,6.1484,0.003270,305.78, 444.6085
353674,6.1514,0.002988,334.73, 444.6085
353675,6.1545,0.003007,332.59, 444.6082
353676,6.1575,0.002915,343.01, 444.6085
353677,6.1604,0.003013,331.92, 444.6085
353678,6.1633,0.002917,342.79, 444.6085
353679,6.1663,0.002948,339.22, 444.6088
353680,6.1692,0.002861,349.49, 444.6088
353681,6.1721,0.002959,337.94, 444.6082
353682,6.1750,0.002979,335.66, 444.6082
353683,6.1780,0.003013,331.88, 444.6082
353684,6.1809,0.002955,338.44, 444.6085
353685,6.1841,0.002959,338.00, 444.6085
353686,6.1868,0.002889,346.09, 444.6088
353687,6.1897,0.002916,342.92, 444.6088
353688,6.1929,0.002992,334.26, 444.6085
353689,6.1958,0.002914,343.14, 444.6082
353690,6.1987,0.002922,342.21, 444.6088
353691,6.2014,0.002897,345.15, 444.6082
353692,6.2046,0.003009,332.31, 444.6085
353693,6.2075,0.002930,341.32, 444.6082
353694,6.2104,0.002980,335.60, 444.6082
353695,6.2134,0.002925,341.89, 444.6085
353696,6.2163,0.002957,338.17, 444.6082
353697,6.2192,0.002986,334.85, 444.6082
353698,6.2224,0.003045,328.46, 444.6082
353699,6.2253,0.002928,341.48, 444.6082
353700,6.2283,0.002994,333.99, 444.6082
353701,6.2312,0.002920,342.52, 444.6088
353702,6.2341,0.002985,335.01, 444.6082
353703,6.2371,0.002842,351.89, 444.6088
353704,6.2400,0.003085,324.16, 444.6085
353705,6.2432,0.002952,338.81, 444.6085
353706,6.2461,0.002982,335.39, 444.6085
353707,6.2488,0.002874,347.92, 444.6088
353708,6.2520,0.002989,334.52, 444.6082
353709,6.2549,0.002952,338.78, 444.6085
353710,6.2578,0.002966,337.19, 444.6088
353711,6.2607,0.002904,344.38, 444.6082
353712,6.2637,0.002969,336.83, 444.6088
353713,6.2666,0.002911,343.58, 444.6088
353714,6.2695,0.002983,335.24, 444.6082
353715,6.2725,0.002986,334.93, 444.6082
353716,6.2756,0.003014,331.75, 444.6085
353717,6.2786,0.002939,340.23, 444.6085
353718,6.2815,0.002991,334.39, 444.6082
353719,6.2844,0.002926,341.75, 444.6085
353720,6.2874,0.002951,338.89, 444.6085
353721,6.2903,0.002976,336.06, 444.6082
353722,6.2935,0.002989,334.52, 444.6088
353723,6.2964,0.002925,341.92, 444.6082
353724,6.2991,0.002919,342.64, 444.6082
353725,6.3022,0.003174,315.03, 444.6082
353726,6.3054,0.002983,335.29, 444.6085
353727,6.3084,0.002981,335.48, 444.6088
353728,6.3113,0.002932,341.05, 444.6082
353729,6.3142,0.002980,335.58, 444.6088
353730,6.3174,0.003030,330.09, 444.6082
353731,6.3203,0.003066,326.15, 444.6082
353732,6.3232,0.002942,339.86, 444.6088
353733,6.3262,0.002944,339.63, 444.6082
353734,6.3291,0.002838,352.36, 444.6082
353735,6.3320,0.003013,331.94, 444.6088
353736,6.3350,0.002895,345.44, 444.6088
353737,6.3379,0.002962,337.62, 444.6088
353738,6.3408,0.002853,350.57, 444.6240
353739,6.3438,0.003035,329.54, 444.6088
353740,6.3467,0.002796,357.69, 444.6381
353741,6.3496,0.003100,322.59, 444.6085
353742,6.3525,0.002918,342.70, 444.6088
353743,6.3557,0.003033,329.66, 444.6085
353744,6.3586,0.002879,347.33, 444.6088
353745,6.3616,0.002974,336.30, 444.6085
353746,6.3645,0.002951,338.90, 444.6085
353747,6.3674,0.002974,336.25, 444.6085
353748,6.3704,0.002925,341.85, 444.6088
353749,6.3733,0.003039,329.02, 444.6085
353750,6.3762,0.002901,344.72, 444.6085
353751,6.3794,0.003044,328.52, 444.6088
353752,6.3823,0.002954,338.57, 444.6082
353753,6.3853,0.003021,331.01, 444.6088
353754,6.3882,0.002909,343.82, 444.6082
353755,6.3911,0.002959,337.95, 444.6088
353756,6.3940,0.002932,341.06, 444.6088
353757,6.3970,0.002963,337.54, 444.6082
353758,6.3999,0.002923,342.11, 444.6082
353759,6.4031,0.002978,335.78, 444.6082
353760,6.4060,0.002929,341.41, 444.6088
353761,6.4089,0.002949,339.14, 444.6082
353762,6.4119,0.002935,340.74, 444.6085
353763,6.4148,0.002920,342.43, 444.6085
353764,6.4177,0.002907,344.06, 444.6088
353765,6.4204,0.002901,344.69, 444.6085
353766,6.4236,0.002962,337.67, 444.6082
353767,6.4265,0.003080,324.69, 444.6085
353768,6.4297,0.003039,329.01, 444.6088
353769,6.4326,0.002966,337.15, 444.6083
353770,6.4355,0.002863,349.30, 444.6082
353771,6.4382,0.002834,352.91, 444.6088
353772,6.4412,0.002992,334.21, 444.6085
353773,6.4443,0.003008,332.42, 444.6082
353774,6.4473,0.003011,332.16, 444.6085
353775,6.4502,0.002877,347.55, 444.6088
353776,6.4531,0.003088,323.84, 444.6088
353777,6.4561,0.002909,343.82, 444.6082
353778,6.4592,0.002986,334.85, 444.6085
353779,6.4622,0.002914,343.19, 444.6085
353780,6.4651,0.002981,335.41, 444.6082
353781,6.4680,0.002888,346.25, 444.6088
353782,6.4712,0.003165,315.95, 444.6082
353783,6.4741,0.003124,320.11, 444.6082
353784,6.4773,0.003029,330.12, 444.6085
353785,6.4802,0.002908,343.91, 444.6088
353786,6.4832,0.003007,332.57, 444.6085
353787,6.4861,0.002873,348.06, 444.6088
353788,6.4890,0.002999,333.42, 444.6088
353789,6.4919,0.002922,342.23, 444.6082
353790,6.4949,0.002953,338.64, 444.6085
353791,6.4978,0.002856,350.14, 444.6088
353792,6.5007,0.003020,331.18, 444.6088
353793,6.5039,0.003022,330.90, 444.6085
353794,6.5068,0.003004,332.90, 444.6082
353795,6.5098,0.002939,340.26, 444.6088
353796,6.5127,0.002974,336.22, 444.6085
353797,6.5156,0.002925,341.83, 444.6085
353798,6.5186,0.002987,334.74, 444.6082
353799,6.5215,0.002967,337.01, 444.6088
353800,6.5244,0.002907,344.04, 444.6165
353801,6.5273,0.002947,339.28, 444.6088
353802,6.5305,0.002952,338.81, 444.6088
353803,6.5334,0.003050,327.86, 444.6088
353804,6.5364,0.002949,339.12, 444.6085
353805,6.5393,0.002939,340.26, 444.6085
353806,6.5422,0.002929,341.38, 444.6082
353807,6.5452,0.002919,342.57, 444.6088
353808,6.5481,0.002937,340.51, 444.6088
353809,6.5510,0.002973,336.37, 444.6085
353810,6.5540,0.002903,344.52, 444.6161
353811,6.5569,0.002986,334.88, 444.6088
353812,6.5598,0.002921,342.40, 444.6085
353813,6.5630,0.002971,336.63, 444.6085
353814,6.5659,0.003010,332.27, 444.6082
353815,6.5688,0.002964,337.39, 444.6088
353816,6.5718,0.002908,343.93, 444.6082
353817,6.5747,0.002990,334.49, 444.6085
353818,6.5776,0.002860,349.63, 444.6088
353819,6.5806,0.003005,332.73, 444.6085
353820,6.5835,0.002913,343.29, 444.6082
353821,6.5864,0.003005,332.77, 444.6082
353822,6.5894,0.002883,346.91, 444.6085
353823,6.5925,0.003015,331.70, 444.6085
353824,6.5955,0.002945,339.62, 444.6088
353825,6.5984,0.003082,324.48, 444.6085
353826,6.6013,0.002876,347.66, 444.6085
353827,6.6042,0.002973,336.41, 444.6088
353828,6.6072,0.002895,345.40, 444.6088
353829,6.6101,0.003013,331.95, 444.6082
353830,6.6130,0.002914,343.21, 444.6082
353831,6.6160,0.002947,339.35, 444.6088
353832,6.6189,0.002879,347.34, 444.6085
353833,6.6221,0.002999,333.47, 444.6082
353834,6.6250,0.002964,337.40, 444.6085
353835,6.6284,0.003442,290.53, 444.6082
353836,6.6316,0.003166,315.85, 444.6085
353837,6.6348,0.003185,313.94, 444.6083
353838,6.6377,0.003071,325.64, 444.6088
353839,6.6411,0.003213,311.26, 444.6082
353840,6.6443,0.003373,296.51, 444.6082
353841,6.6477,0.003455,289.45, 444.6107
353842,6.6511,0.003377,296.12, 444.6082
353843,6.6543,0.003215,311.04, 444.6088
353844,6.6575,0.003068,325.98, 444.6088
353845,6.6606,0.003195,313.00, 444.6085
353846,6.6638,0.003036,329.44, 444.6082
353847,6.6667,0.002962,337.61, 444.6088
353848,6.6697,0.002958,338.08, 444.6082
353849,6.6729,0.003139,318.59, 444.6085
353850,6.6758,0.002991,334.39, 444.6082
353851,6.6787,0.002943,339.75, 444.6088
353852,6.6816,0.002901,344.72, 444.6088
353853,6.6846,0.003004,332.85, 444.6085
353854,6.6875,0.002911,343.54, 444.6088
353855,6.6904,0.003002,333.17, 444.6085
353856,6.6934,0.002943,339.80, 444.6082
353857,6.6965,0.002978,335.78, 444.6085
353858,6.6992,0.002896,345.33, 444.6088
353859,6.7024,0.002983,335.27, 444.6082
353860,6.7053,0.002902,344.58, 444.6082
353861,6.7083,0.003032,329.78, 444.6085
353862,6.7112,0.002892,345.78, 444.6082
353863,6.7141,0.003049,328.03, 444.6085
353864,6.7170,0.002888,346.22, 444.6088
353865,6.7202,0.003033,329.73, 444.6085
353866,6.7231,0.002976,336.00, 444.6085
353867,6.7261,0.003091,323.57, 444.6088
353868,6.7292,0.002978,335.76, 444.6082
353869,6.7322,0.003030,329.99, 444.6088
353870,6.7351,0.002867,348.75, 444.6082
353871,6.7380,0.003040,328.93, 444.6088
353872,6.7410,0.002983,335.20, 444.6088
353873,6.7441,0.003022,330.91, 444.6082
353874,6.7471,0.002886,346.55, 444.6085
353875,6.7500,0.002961,337.78, 444.6082
353876,6.7529,0.002918,342.76, 444.6085
353877,6.7561,0.003295,303.47, 444.6082
353878,6.7593,0.003069,325.82, 444.6085
353879,6.7622,0.003048,328.12, 444.6085
353880,6.7651,0.002912,343.43, 444.6088
353881,6.7681,0.002979,335.66, 444.6088
353882,6.7712,0.002948,339.26, 444.6082
353883,6.7742,0.003075,325.19, 444.6085
353884,6.7771,0.003013,331.91, 444.6085
353885,6.7803,0.002983,335.29, 444.6082
353886,6.7832,0.002914,343.21, 444.6082
353887,6.7861,0.002971,336.60, 444.6088
353888,6.7891,0.002983,335.19, 444.6085
353889,6.7920,0.002988,334.66, 444.6082
353890,6.7949,0.002924,341.95, 444.6082
353891,6.7979,0.002932,341.08, 444.6082
353892,6.8008,0.002921,342.37, 444.6082
353893,6.8037,0.003008,332.46, 444.6082
353894,6.8069,0.002958,338.12, 444.6082
353895,6.8098,0.002910,343.63, 444.6085
353896,6.8127,0.002983,335.19, 444.6082
353897,6.8157,0.002931,341.15, 444.6085
353898,6.8186,0.002939,340.23, 444.6085
353899,6.8215,0.002912,343.45, 444.6082
353900,6.8245,0.003013,331.91, 444.6085
353901,6.8274,0.002923,342.14, 444.6107
353902,6.8303,0.002971,336.64, 444.6088
353903,6.8335,0.003119,320.65, 444.6085
353904,6.8367,0.003194,313.10, 444.6088
353905,6.8396,0.002955,338.42, 444.6082
353906,6.8425,0.002997,333.62, 444.6082
353907,6.8455,0.002913,343.24, 444.6088
353908,6.8486,0.003088,323.87, 444.6088
353909,6.8518,0.003129,319.62, 444.6082
353910,6.8547,0.003041,328.84, 444.6082
353911,6.8577,0.002909,343.80, 444.6088
353912,6.8608,0.003022,330.91, 444.6085
353913,6.8640,0.003198,312.66, 444.6082
353914,6.8669,0.003041,328.86, 444.6082
353915,6.8699,0.002907,343.95, 444.6085
353916,6.8728,0.002986,334.91, 444.6088
353917,6.8757,0.002904,344.38, 444.6088
353918,6.8787,0.002975,336.18, 444.6082
353919,6.8816,0.002910,343.65, 444.6085
353920,6.8845,0.002941,340.03, 444.6085
353921,6.8875,0.002836,352.65, 444.6088
353922,6.8904,0.002979,335.72, 444.6082
353923,6.8933,0.002870,348.48, 444.6088
353924,6.8962,0.003030,330.05, 444.6082
353925,6.8992,0.002920,342.48, 444.6085
353926,6.9023,0.003009,332.30, 444.6082
353927,6.9050,0.002851,350.77, 444.6085
353928,6.9080,0.002965,337.31, 444.6088
353929,6.9109,0.002954,338.52, 444.6085
353930,6.9141,0.002967,337.09, 444.6085
353931,6.9167,0.002858,349.91, 444.6088
353932,6.9197,0.002934,340.80, 444.6085
353933,6.9226,0.002931,341.15, 444.6088
353934,6.9255,0.002919,342.64, 444.6088
353935,6.9285,0.002895,345.48, 444.6088
353936,6.9314,0.002949,339.13, 444.6085
353937,6.9343,0.002960,337.89, 444.6082
353938,6.9373,0.002898,345.07, 444.6082
353939,6.9402,0.002918,342.69, 444.6088
353940,6.9431,0.002970,336.71, 444.6088
353941,6.9463,0.002960,337.88, 444.6088
353942,6.9490,0.002845,351.53, 444.6085
353943,6.9519,0.002920,342.43, 444.6088
353944,6.9548,0.002916,342.91, 444.6082
353945,6.9580,0.003068,325.90, 444.6088
353946,6.9609,0.003095,323.15, 444.6082
353947,6.9639,0.002946,339.43, 444.6088
353948,6.9668,0.002867,348.76, 444.6082
353949,6.9697,0.002944,339.63, 444.6088
353950,6.9727,0.002973,336.42, 444.6082
353951,6.9758,0.003126,319.93, 444.6088
353952,6.9788,0.002898,345.07, 444.6088
353953,6.9817,0.002968,336.94, 444.6088
353954,6.9846,0.002872,348.15, 444.6082
353955,6.9875,0.002950,339.03, 444.6088
353956,6.9905,0.002881,347.08, 444.6085
353957,6.9934,0.002995,333.86, 444.6082
353958,6.9963,0.002832,353.09, 444.6085
353959,6.9993,0.002936,340.65, 444.6088
353960,7.0020,0.002863,349.27, 444.6085
353961,7.0051,0.003031,329.97, 444.6088
353962,7.0081,0.002917,342.82, 444.6085
353963,7.0110,0.002936,340.59, 444.6085
353964,7.0139,0.002901,344.76, 444.6088
353965,7.0168,0.002934,340.84, 444.6088
353966,7.0195,0.002872,348.23, 444.6085
353967,7.0227,0.002944,339.73, 444.6082
353968,7.0254,0.002902,344.65, 444.6088
353969,7.0283,0.002908,343.93, 444.6085
353970,7.0313,0.002886,346.51, 444.6082
353971,7.0342,0.002906,344.10, 444.6088
353972,7.0371,0.002935,340.70, 444.6088
353973,7.0400,0.002887,346.38, 444.6085
353974,7.0430,0.002960,337.87, 444.6085
353975,7.0461,0.003083,324.39, 444.6082
353976,7.0491,0.002967,337.00, 444.6088
353977,7.0520,0.002945,339.51, 444.6085
353978,7.0549,0.002988,334.64, 444.6082
353979,7.0579,0.002961,337.78, 444.6088
353980,7.0608,0.002965,337.25, 444.6085
353981,7.0637,0.002884,346.69, 444.6085
353982,7.0667,0.002960,337.84, 444.6082
353983,7.0696,0.002844,351.61, 444.6088
353984,7.0725,0.003050,327.83, 444.6082
353985,7.0754,0.002912,343.43, 444.6088
353986,7.0784,0.002948,339.20, 444.6082
353987,7.0813,0.002846,351.42, 444.6088
353988,7.0842,0.003003,333.02, 444.6088
353989,7.0872,0.002906,344.17, 444.6082
353990,7.0901,0.002959,338.00, 444.6085
353991,7.0930,0.002919,342.56, 444.6088
353992,7.0959,0.002944,339.71, 444.6088
353993,7.0991,0.002971,336.60, 444.6085
353994,7.1021,0.003117,320.84, 444.6082
353995,7.1050,0.002945,339.60, 444.6088
353996,7.1079,0.002922,342.22, 444.6085
353997,7.1108,0.002910,343.60, 444.6088
353998,7.1138,0.002958,338.05, 444.6082
353999,7.1167,0.002918,342.74, 444.6082
354000,7.1196,0.002909,343.71, 444.6085
354001,7.1228,0.002972,336.50, 444.6082
354002,7.1255,0.002895,345.41, 444.6085
354003,7.1284,0.002939,340.21, 444.6088
354004,7.1316,0.002974,336.30, 444.6107
354005,7.1345,0.002956,338.27, 444.6088
354006,7.1372,0.002871,348.31, 444.6085
354007,7.1404,0.002953,338.64, 444.6088
354008,7.1431,0.002900,344.84, 444.6085
354009,7.1462,0.003018,331.40, 444.6088
354010,7.1492,0.003004,332.86, 444.6082
354011,7.1521,0.002956,338.32, 444.6088
354012,7.1550,0.002869,348.60, 444.6082
354013,7.1580,0.002975,336.17, 444.6085
354014,7.1609,0.002882,347.02, 444.6082
354015,7.1641,0.003264,306.37, 444.6088
354016,7.1672,0.003060,326.80, 444.6088
354017,7.1702,0.003043,328.59, 444.6088
354018,7.1731,0.002915,343.08, 444.6088
354019,7.1763,0.003006,332.66, 444.6088
354020,7.1790,0.002897,345.16, 444.6082
354021,7.1821,0.003015,331.65, 444.6082
354022,7.1851,0.002894,345.49, 444.6085
354023,7.1880,0.002980,335.56, 444.6088
354024,7.1909,0.002903,344.51, 444.6088
354025,7.1938,0.003036,329.36, 444.6088
354026,7.1968,0.002892,345.83, 444.6088
354027,7.1997,0.002995,333.95, 444.6088
354028,7.2026,0.002903,344.50, 444.6085
354029,7.2056,0.002975,336.15, 444.6085
354030,7.2085,0.002924,342.02, 444.6085
354031,7.2117,0.003053,327.54, 444.6085
354032,7.2146,0.003048,328.04, 444.6088
354033,7.2178,0.002990,334.45, 444.6085
354034,7.2205,0.002888,346.31, 444.6088
354035,7.2236,0.003002,333.17, 444.6088
354036,7.2266,0.002970,336.70, 444.6088
354037,7.2295,0.002953,338.70, 444.6082
354038,7.2324,0.002920,342.51, 444.6107
354039,7.2354,0.002923,342.14, 444.6107
354040,7.2383,0.002969,336.81, 444.6085
354041,7.2412,0.002978,335.84, 444.6082
354042,7.2441,0.002954,338.48, 444.6088
354043,7.2471,0.002932,341.05, 444.6088
354044,7.2500,0.002913,343.32, 444.6082
354045,7.2529,0.002914,343.12, 444.6107
354046,7.2559,0.002993,334.09, 444.6082
354047,7.2588,0.002893,345.64, 444.6088
354048,7.2617,0.002955,338.42, 444.6088
354049,7.2646,0.002933,340.90, 444.6082
354050,7.2678,0.003055,327.29, 444.6082
354051,7.2708,0.002999,333.41, 444.6082
354052,7.2739,0.003191,313.40, 444.6107
354053,7.2771,0.003005,332.79, 444.6088
354054,7.2800,0.003060,326.75, 444.6082
354055,7.2832,0.003037,329.29, 444.6082
354056,7.2861,0.002994,334.00, 444.6082
354057,7.2891,0.002950,339.04, 444.6082
354058,7.2920,0.003052,327.61, 444.6082
354059,7.2952,0.002969,336.86, 444.6082
354060,7.2981,0.003007,332.55, 444.6082
354061,7.3010,0.003027,330.35, 444.6082
354062,7.3042,0.003142,318.24, 444.6082
354063,7.3071,0.002997,333.66, 444.6082
354064,7.3103,0.003004,332.89, 444.6088
354065,7.3132,0.003004,332.94, 444.6088
354066,7.3162,0.003007,332.52, 444.6088
354067,7.3193,0.002972,336.50, 444.6082
354068,7.3223,0.003043,328.64, 444.6082
354069,7.3252,0.003033,329.73, 444.6088
354070,7.3284,0.003056,327.23, 444.6082
354071,7.3313,0.002931,341.13, 444.6085
354072,7.3345,0.003066,326.20, 444.6107
354073,7.3374,0.002979,335.71, 444.6088
354074,7.3403,0.002998,333.53, 444.6082
354075,7.3433,0.002971,336.63, 444.6082
354076,7.3462,0.002982,335.32, 444.6088
354077,7.3491,0.002908,343.94, 444.6088
354078,7.3523,0.003026,330.51, 444.6082
354079,7.3550,0.002859,349.77, 444.6088
354080,7.3582,0.003000,333.30, 444.6088
354081,7.3611,0.002918,342.69, 444.6088
354082,7.3640,0.002979,335.69, 444.6085
354083,7.3669,0.002928,341.55, 444.6088
354084,7.3699,0.003000,333.33, 444.6088
354085,7.3728,0.002969,336.79, 444.6082
354086,7.3757,0.002968,336.96, 444.6085
354087,7.3787,0.002862,349.36, 444.6088
354088,7.3816,0.002938,340.40, 444.6082
354089,7.3845,0.002919,342.62, 444.6088
354090,7.3875,0.002946,339.41, 444.6088
354091,7.3904,0.002952,338.76, 444.6085
354092,7.3933,0.002942,339.88, 444.6082
354093,7.3962,0.002941,340.03, 444.6085
354094,7.3994,0.003001,333.19, 444.6082
354095,7.4023,0.002935,340.67, 444.6085
354096,7.4053,0.002927,341.68, 444.6085
354097,7.4082,0.002988,334.65, 444.6085
354098,7.4111,0.002913,343.25, 444.6085
354099,7.4141,0.002952,338.81, 444.6082
354100,7.4170,0.002885,346.66, 444.6085
354101,7.4199,0.002961,337.74, 444.6088
354102,7.4229,0.002897,345.22, 444.6082
354103,7.4258,0.002996,333.82, 444.6082
354104,7.4287,0.003001,333.26, 444.6082
354105,7.4319,0.003070,325.70, 444.6082
354106,7.4348,0.002997,333.72, 444.6082
354107,7.4380,0.003016,331.61, 444.6082
354108,7.4407,0.002873,348.13, 444.6088
354109,7.4438,0.003024,330.68, 444.6082
354110,7.4468,0.002943,339.81, 444.6085
354111,7.4497,0.003003,333.02, 444.6085
354112,7.4526,0.002868,348.72, 444.6088
354113,7.4556,0.003006,332.66, 444.6082
354114,7.4585,0.002857,349.99, 444.6085
354115,7.4614,0.002986,334.90, 444.6085
354116,7.4644,0.002901,344.67, 444.6088
354117,7.4673,0.002963,337.50, 444.6085
354118,7.4702,0.002877,347.56, 444.6088
354119,7.4731,0.002971,336.58, 444.6088
354120,7.4761,0.003023,330.83, 444.6088
354121,7.4792,0.003114,321.10, 444.6082
354122,7.4822,0.002934,340.80, 444.6082
354123,7.4851,0.002978,335.77, 444.6088
354124,7.4880,0.002887,346.34, 444.6088
354125,7.4912,0.003004,332.88, 444.6085
354126,7.4941,0.002994,333.96, 444.6082
354127,7.4971,0.002953,338.59, 444.6085
354128,7.5000,0.002950,339.01, 444.6082
354129,7.5029,0.002999,333.50, 444.6082
354130,7.5061,0.003035,329.48, 444.6082
354131,7.5090,0.002996,333.73, 444.6088
354132,7.5120,0.003021,330.99, 444.6082
354133,7.5149,0.002946,339.42, 444.6085
354134,7.5178,0.002902,344.65, 444.6088
354135,7.5208,0.002920,342.49, 444.6085
354136,7.5239,0.002998,333.60, 444.6088
354137,7.5266,0.002918,342.75, 444.6085
354138,7.5298,0.002972,336.44, 444.6082
354139,7.5327,0.002908,343.93, 444.6088
354140,7.5356,0.002926,341.76, 444.6088
354141,7.5383,0.002902,344.54, 444.6088
354142,7.5415,0.002957,338.16, 444.6085
354143,7.5442,0.002902,344.60, 444.6088
354144,7.5471,0.002919,342.56, 444.6088
354145,7.5500,0.002909,343.73, 444.6088
354146,7.5532,0.003116,320.97, 444.6085
354147,7.5562,0.002941,340.02, 444.6088
354148,7.5591,0.002989,334.55, 444.6085
354149,7.5620,0.002894,345.49, 444.6088
354150,7.5649,0.002955,338.42, 444.6088
354151,7.5679,0.002889,346.18, 444.6088
354152,7.5710,0.003189,313.57, 444.6085
354153,7.5742,0.003088,323.87, 444.6085
354154,7.5771,0.002998,333.51, 444.6082
354155,7.5801,0.002914,343.12, 444.6088
354156,7.5833,0.003120,320.48, 444.6082
354157,7.5862,0.002993,334.10, 444.6082
354158,7.5891,0.002998,333.54, 444.6088
354159,7.5920,0.002923,342.10, 444.6088
354160,7.5952,0.002981,335.47, 444.6088
354161,7.5979,0.002861,349.58, 444.6088
354162,7.6011,0.003045,328.36, 444.6085
354163,7.6040,0.002893,345.72, 444.6082
354164,7.6069,0.002948,339.18, 444.6088
354165,7.6099,0.002908,343.91, 444.6082
354166,7.6128,0.002961,337.75, 444.6088
354167,7.6157,0.002990,334.47, 444.6082
354168,7.6189,0.003104,322.22, 444.6082
354169,7.6218,0.002944,339.71, 444.6085
354170,7.6248,0.002964,337.38, 444.6088
354171,7.6277,0.002940,340.09, 444.6085
354172,7.6306,0.003010,332.28, 444.6082
354173,7.6338,0.003036,329.40, 444.6085
354174,7.6367,0.002981,335.51, 444.6082
354175,7.6396,0.002944,339.67, 444.6088
354176,7.6426,0.002948,339.22, 444.6082
354177,7.6455,0.003037,329.23, 444.6082
354178,7.6492,0.003552,281.54, 444.6082
354179,7.6523,0.003116,320.93, 444.6089
354180,7.6577,0.005489,182.18, 444.6085
354181,7.6611,0.003329,300.42, 444.6082
354182,7.6643,0.003278,305.06, 444.6082
354183,7.6677,0.003454,289.53, 444.6082
354184,7.6711,0.003350,298.53, 444.6082
354185,7.6746,0.003408,293.45, 444.6085
354186,7.6777,0.003081,324.54, 444.6082
354187,7.6807,0.003021,331.02, 444.6088
354188,7.6836,0.002911,343.50, 444.6085
354189,7.6865,0.003028,330.22, 444.6082
354190,7.6895,0.002919,342.59, 444.6082
354191,7.6926,0.003062,326.61, 444.6082
354192,7.6956,0.002882,347.03, 444.6088
354193,7.6985,0.002944,339.66, 444.6088
354194,7.7014,0.002862,349.45, 444.6082
354195,7.7043,0.003056,327.27, 444.6088
354196,7.7073,0.002854,350.43, 444.6085
354197,7.7102,0.002979,335.68, 444.6088
354198,7.7131,0.002891,345.88, 444.6085
354199,7.7161,0.002990,334.43, 444.6088
354200,7.7190,0.002895,345.46, 444.6085
354201,7.7219,0.002954,338.49, 444.6082
354202,7.7249,0.002946,339.50, 444.6082
354203,7.7278,0.002973,336.32, 444.6082
354204,7.7307,0.002889,346.12, 444.6085
354205,7.7336,0.003001,333.18, 444.6088
354206,7.7366,0.002903,344.52, 444.6082
354207,7.7395,0.002901,344.73, 444.6088
354208,7.7424,0.002954,338.56, 444.6082
354209,7.7454,0.002866,348.87, 444.6085
354210,7.7483,0.002910,343.60, 444.6085
354211,7.7512,0.002885,346.67, 444.6085
354212,7.7542,0.002929,341.43, 444.6088
354213,7.7571,0.003056,327.28, 444.6082
354214,7.7603,0.003148,317.62, 444.6082
354215,7.7632,0.003000,333.33, 444.6085
354216,7.7664,0.003054,327.44, 444.6088
354217,7.7693,0.002913,343.34, 444.6085
354218,7.7722,0.003034,329.55, 444.6082
354219,7.7751,0.002942,339.94, 444.6082
354220,7.7783,0.002978,335.81, 444.6082
354221,7.7813,0.002926,341.74, 444.6085
354222,7.7842,0.003025,330.58, 444.6082
354223,7.7871,0.002919,342.54, 444.6085
354224,7.7900,0.002994,334.06, 444.6088
354225,7.7930,0.002957,338.15, 444.6085
354226,7.7961,0.003062,326.57, 444.6082
354227,7.7991,0.002872,348.15, 444.6085
354228,7.8020,0.003037,329.33, 444.6082
354229,7.8049,0.002942,339.95, 444.6085
354230,7.8079,0.002995,333.92, 444.6082
354231,7.8108,0.002932,341.06, 444.6088
354232,7.8137,0.002972,336.51, 444.6085
354233,7.8167,0.002902,344.57, 444.6085
354234,7.8198,0.002988,334.65, 444.6082
354235,7.8228,0.002928,341.53, 444.6088
354236,7.8257,0.002986,334.94, 444.6082
354237,7.8286,0.002915,343.09, 444.6085
354238,7.8315,0.002981,335.48, 444.6082
354239,7.8345,0.002964,337.37, 444.6082
354240,7.8374,0.002941,340.08, 444.6088
354241,7.8403,0.002982,335.31, 444.6082
354242,7.8435,0.002963,337.48, 444.6085
354243,7.8464,0.002934,340.81, 444.6082
354244,7.8494,0.003163,316.15, 444.6082
354245,7.8525,0.003042,328.73, 444.6082
354246,7.8555,0.002976,336.00, 444.6082
354247,7.8584,0.002988,334.65, 444.6082
354248,7.8613,0.002903,344.48, 444.6107
354249,7.8643,0.002955,338.47, 444.6082
354250,7.8674,0.003022,330.87, 444.6088
354251,7.8704,0.002977,335.97, 444.6088
354252,7.8733,0.002963,337.52, 444.6085
354253,7.8762,0.002940,340.15, 444.6082
354254,7.8792,0.002932,341.09, 444.6082
354255,7.8821,0.002974,336.25, 444.6088
354256,7.8853,0.002981,335.51, 444.6085
354257,7.8882,0.002981,335.51, 444.6088
354258,7.8911,0.002890,346.01, 444.6085
354259,7.8940,0.002983,335.22, 444.6082
354260,7.8970,0.002874,347.90, 444.6085
354261,7.8999,0.003002,333.13, 444.6088
354262,7.9028,0.002954,338.56, 444.6082
354263,7.9058,0.003006,332.66, 444.6082
354264,7.9087,0.002894,345.58, 444.6088
354265,7.9116,0.002986,334.93, 444.6082
354266,7.9146,0.002926,341.81, 444.6082
354267,7.9177,0.002994,334.03, 444.6088
354268,7.9204,0.002859,349.76, 444.6088
354269,7.9236,0.003072,325.48, 444.6107
354270,7.9265,0.002907,344.03, 444.6085
354271,7.9294,0.003036,329.36, 444.6088
354272,7.9324,0.002875,347.85, 444.6088
354273,7.9353,0.002978,335.76, 444.6082
354274,7.9382,0.002897,345.22, 444.6088
354275,7.9414,0.003039,329.03, 444.6088
354276,7.9443,0.002971,336.56, 444.6088
354277,7.9473,0.002961,337.75, 444.6082
354278,7.9502,0.002863,349.33, 444.6088
354279,7.9531,0.003016,331.57, 444.6082
354280,7.9561,0.002904,344.35, 444.6088
354281,7.9590,0.003025,330.63, 444.6088
354282,7.9619,0.002912,343.44, 444.6082
354283,7.9648,0.002963,337.46, 444.6088
354284,7.9678,0.002903,344.47, 444.6082
354285,7.9707,0.002944,339.73, 444.6082
354286,7.9739,0.003078,324.91, 444.6082
354287,7.9768,0.003049,327.97, 444.6085
354288,7.9797,0.002936,340.61, 444.6082
354289,7.9827,0.002958,338.12, 444.6085
354290,7.9856,0.002920,342.49, 444.6088
354291,7.9888,0.003043,328.62, 444.6082
354292,7.9919,0.003122,320.29, 444.6088
354293,7.9949,0.002944,339.70, 444.6085
354294,7.9976,0.002861,349.59, 444.6085
354295,8.0005,0.002924,342.02, 444.6085
354296,8.0037,0.003017,331.46, 444.6088
354297,8.0066,0.003054,327.42, 444.6085
354298,8.0098,0.003010,332.27, 444.6082
354299,8.0127,0.002931,341.15, 444.6082
354300,8.0156,0.002948,339.20, 444.6088
354301,8.0186,0.002949,339.08, 444.6082
354302,8.0215,0.003036,329.38, 444.6082
354303,8.0244,0.002956,338.30, 444.6082
354304,8.0273,0.002955,338.44, 444.6085
354305,8.0303,0.002874,347.95, 444.6085
354306,8.0334,0.003041,328.87, 444.6085
354307,8.0364,0.003016,331.59, 444.6082
354308,8.0393,0.003007,332.59, 444.6082
354309,8.0422,0.002896,345.30, 444.6085
354310,8.0454,0.003022,330.96, 444.6085
354311,8.0483,0.003100,322.58, 444.6085
354312,8.0513,0.002988,334.63, 444.6085
354313,8.0542,0.002881,347.08, 444.6088
354314,8.0571,0.002977,335.90, 444.6082
354315,8.0601,0.002879,347.39, 444.6088
354316,8.0632,0.003014,331.82, 444.6088
354317,8.0659,0.002871,348.34, 444.6088
354318,8.0691,0.003004,332.88, 444.6085
354319,8.0720,0.002964,337.35, 444.6085
354320,8.0750,0.003017,331.48, 444.6085
354321,8.0779,0.002920,342.48, 444.6088
354322,8.0808,0.002978,335.77, 444.6082
354323,8.0840,0.002980,335.56, 444.6085
354324,8.0869,0.002988,334.67, 444.6085
354325,8.0898,0.002918,342.68, 444.6082
354326,8.0928,0.002979,335.65, 444.6085
354327,8.0957,0.002910,343.70, 444.6088
354328,8.0986,0.002947,339.35, 444.6082
354329,8.1016,0.002934,340.88, 444.6082
354330,8.1045,0.002962,337.66, 444.6085
354331,8.1074,0.002965,337.25, 444.6082
354332,8.1104,0.002969,336.86, 444.6088
354333,8.1133,0.002951,338.86, 444.6082
354334,8.1165,0.003085,324.17, 444.6082
354335,8.1194,0.003001,333.26, 444.6085
354336,8.1223,0.002938,340.39, 444.6085
354337,8.1255,0.002979,335.65, 444.6085
354338,8.1282,0.002906,344.17, 444.6082
354339,8.1313,0.002976,336.00, 444.6088
354340,8.1343,0.002925,341.87, 444.6085
354341,8.1372,0.002926,341.73, 444.6088
354342,8.1401,0.002893,345.72, 444.6082
354343,8.1431,0.003013,331.90, 444.6088
354344,8.1460,0.002921,342.35, 444.6082
354345,8.1489,0.003049,328.00, 444.6088
354346,8.1519,0.002955,338.44, 444.6082
354347,8.1550,0.003013,331.90, 444.6088
354348,8.1580,0.002874,347.97, 444.6088
354349,8.1609,0.002986,334.95, 444.6082
354350,8.1638,0.002908,343.90, 444.6088
354351,8.1667,0.002982,335.35, 444.6085
354352,8.1697,0.002874,347.96, 444.6085
354353,8.1726,0.003015,331.65, 444.6082
354354,8.1755,0.002961,337.70, 444.6082
354355,8.1787,0.003147,317.73, 444.6082
354356,8.1819,0.003228,309.84, 444.6082
354357,8.1851,0.003203,312.18, 444.6082
354358,8.1880,0.002942,339.94, 444.6082
354359,8.1912,0.003011,332.09, 444.6088
354360,8.1941,0.002908,343.93, 444.6082
354361,8.1970,0.002986,334.93, 444.6082
354362,8.2000,0.002885,346.61, 444.6082
354363,8.2029,0.003018,331.40, 444.6085
354364,8.2058,0.002872,348.14, 444.6088
354365,8.2087,0.002962,337.58, 444.6141
354366,8.2117,0.002963,337.45, 444.6082
354367,8.2146,0.002999,333.44, 444.6088
354368,8.2175,0.002846,351.33, 444.6088
354369,8.2205,0.002957,338.15, 444.6088
354370,8.2234,0.002900,344.85, 444.6088
354371,8.2263,0.002970,336.73, 444.6088
354372,8.2292,0.002912,343.37, 444.6088
354373,8.2322,0.002947,339.39, 444.6088
354374,8.2351,0.002894,345.55, 444.6082
354375,8.2380,0.002919,342.56, 444.6085
354376,8.2410,0.002968,336.90, 444.6088
354377,8.2439,0.002980,335.59, 444.6088
354378,8.2468,0.002907,344.04, 444.6082
354379,8.2498,0.002889,346.12, 444.6085
354380,8.2527,0.002932,341.10, 444.6085
354381,8.2556,0.002855,350.23, 444.6088
354382,8.2585,0.003081,324.57, 444.6085
354383,8.2617,0.003063,326.48, 444.6088
354384,8.2646,0.002932,341.04, 444.6088
354385,8.2676,0.002882,346.96, 444.6088
354386,8.2705,0.002919,342.64, 444.6088
354387,8.2734,0.002930,341.33, 444.6085
354388,8.2764,0.002982,335.39, 444.6088
354389,8.2793,0.002845,351.56, 444.6088
354390,8.2822,0.002927,341.66, 444.6082
354391,8.2849,0.002848,351.11, 444.6085
354392,8.2878,0.002942,339.86, 444.6088
354393,8.2908,0.002922,342.27, 444.6085
354394,8.2937,0.002954,338.50, 444.6088
354395,8.2966,0.002943,339.81, 444.6088
354396,8.2996,0.002933,340.96, 444.6088
354397,8.3025,0.002861,349.49, 444.6088
354398,8.3054,0.002970,336.69, 444.6085
354399,8.3084,0.002886,346.46, 444.6088
354400,8.3113,0.002919,342.57, 444.6088
354401,8.3142,0.002914,343.21, 444.6085
354402,8.3171,0.002884,346.72, 444.6082
354403,8.3201,0.002920,342.43, 444.6088
354404,8.3230,0.002925,341.90, 444.6082
354405,8.3259,0.002926,341.72, 444.6088
354406,8.3289,0.002941,340.07, 444.6088
354407,8.3318,0.002936,340.62, 444.6088
354408,8.3347,0.002897,345.18, 444.6082
354409,8.3376,0.002902,344.60, 444.6088
354410,8.3403,0.002899,344.96, 444.6088
354411,8.3435,0.002983,335.19, 444.6082
354412,8.3462,0.002878,347.49, 444.6088
354413,8.3494,0.002963,337.50, 444.6088
354414,8.3523,0.002915,343.03, 444.6088
354415,8.3552,0.003002,333.10, 444.6082
354416,8.3579,0.002840,352.11, 444.6088
354417,8.3611,0.002946,339.40, 444.6085
354418,8.3638,0.002876,347.75, 444.6088
354419,8.3669,0.003056,327.23, 444.6085
354420,8.3699,0.002894,345.53, 444.6088
354421,8.3728,0.003014,331.79, 444.6085
354422,8.3757,0.002857,350.04, 444.6088
354423,8.3787,0.002973,336.35, 444.6088
354424,8.3816,0.003020,331.15, 444.6082
354425,8.3850,0.003260,306.78, 444.6082
354426,8.3879,0.003121,320.45, 444.6082
354427,8.3914,0.003343,299.11, 444.6082
354428,8.3945,0.003212,311.34, 444.6082
354429,8.3977,0.003086,324.03, 444.6082
354430,8.4006,0.002983,335.19, 444.6082
354431,8.4038,0.003036,329.38, 444.6082
354432,8.4065,0.002888,346.26, 444.6156
354433,8.4097,0.003150,317.50, 444.6088
354434,8.4128,0.003065,326.22, 444.6085
354435,8.4158,0.003062,326.57, 444.6085
354436,8.4187,0.002892,345.76, 444.6088
354437,8.4216,0.002990,334.46, 444.6082
354438,8.4246,0.002921,342.40, 444.6085
354439,8.4277,0.002988,334.65, 444.6082
354440,8.4307,0.002914,343.23, 444.6085
354441,8.4336,0.003014,331.77, 444.6082
354442,8.4365,0.002888,346.25, 444.6085
354443,8.4395,0.003030,329.99, 444.6085
354444,8.4424,0.002982,335.38, 444.6082
354445,8.4456,0.003012,332.06, 444.6082
354446,8.4485,0.002910,343.60, 444.6085
354447,8.4514,0.002956,338.33, 444.6085
354448,8.4543,0.003051,327.79, 444.6088
354449,8.4575,0.003017,331.41, 444.6082
354450,8.4604,0.002939,340.25, 444.6082
354451,8.4634,0.003080,324.71, 444.6088
354452,8.4663,0.002914,343.17, 444.6088
354453,8.4695,0.003000,333.39, 444.6088
354454,8.4724,0.002938,340.41, 444.6085
354455,8.4753,0.002959,337.96, 444.6088
354456,8.4783,0.002967,337.00, 444.6082
354457,8.4812,0.002937,340.54, 444.6082
354458,8.4841,0.002956,338.34, 444.6082
354459,8.4871,0.002922,342.29, 444.6107
354460,8.4900,0.002942,339.94, 444.6082
354461,8.4932,0.003144,318.11, 444.6082
354462,8.4961,0.003018,331.33, 444.6082
354463,8.4990,0.002958,338.11, 444.6082
354464,8.5020,0.002959,337.94, 444.6088
354465,8.5049,0.002938,340.41, 444.6085
354466,8.5081,0.002983,335.28, 444.6085
354467,8.5110,0.002955,338.44, 444.6085
354468,8.5139,0.002973,336.41, 444.6088
354469,8.5168,0.002928,341.48, 444.6085
354470,8.5198,0.002960,337.88, 444.6082
354471,8.5227,0.002918,342.72, 444.6085
354472,8.5256,0.002979,335.72, 444.6085
354473,8.5286,0.002934,340.87, 444.6082
354474,8.5315,0.002974,336.28, 444.6082
354475,8.5344,0.002885,346.67, 444.6088
354476,8.5374,0.002944,339.72, 444.6085
354477,8.5403,0.002864,349.13, 444.6082
354478,8.5432,0.003014,331.79, 444.6088
354479,8.5461,0.002899,344.98, 444.6085
354480,8.5491,0.002980,335.53, 444.6082
354481,8.5520,0.002908,343.87, 444.6088
354482,8.5552,0.003052,327.64, 444.6085
354483,8.5581,0.002971,336.56, 444.6085
354484,8.5610,0.003009,332.31, 444.6088
354485,8.5640,0.002914,343.14, 444.6085
354486,8.5669,0.002954,338.50, 444.6085
354487,8.5698,0.002935,340.75, 444.6085
354488,8.5730,0.003021,331.01, 444.6088
354489,8.5759,0.002943,339.74, 444.6088
354490,8.5789,0.002958,338.12, 444.6082
354491,8.5818,0.002933,340.98, 444.6088
354492,8.5847,0.002955,338.36, 444.6085
354493,8.5876,0.002892,345.83, 444.6085
354494,8.5906,0.002961,337.74, 444.6082
354495,8.5935,0.003024,330.66, 444.6085
354496,8.5964,0.002912,343.45, 444.6088
354497,8.5994,0.002923,342.14, 444.6082
354498,8.6025,0.003032,329.87, 444.6082
354499,8.6055,0.003009,332.31, 444.6082
354500,8.6084,0.002927,341.61, 444.6085
354501,8.6113,0.002989,334.57, 444.6085
354502,8.6143,0.002923,342.08, 444.6085
354503,8.6174,0.003020,331.17, 444.6085
354504,8.6204,0.002974,336.24, 444.6082
354505,8.6233,0.002970,336.68, 444.6085
354506,8.6262,0.002889,346.14, 444.6082
354507,8.6292,0.002963,337.54, 444.6082
354508,8.6321,0.002918,342.65, 444.6085
354509,8.6350,0.002996,333.78, 444.6082
354510,8.6379,0.002926,341.78, 444.6082
354511,8.6411,0.003087,323.98, 444.6082
354512,8.6440,0.002943,339.85, 444.6088
354513,8.6470,0.002954,338.56, 444.6082
354514,8.6504,0.003450,289.88, 444.6082
354515,8.6536,0.003240,308.66, 444.6085
354516,8.6567,0.003103,322.31, 444.6131
354517,8.6602,0.003360,297.58, 444.6088
354518,8.6633,0.003317,301.50, 444.6082
354519,8.6670,0.003434,291.20, 444.6088
354520,8.6704,0.003543,282.27, 444.6082
354521,8.6736,0.003278,305.09, 444.6082
354522,8.6768,0.003026,330.49, 444.6082
354523,8.6797,0.003011,332.14, 444.6085
354524,8.6829,0.003044,328.48, 444.6088
354525,8.6858,0.002997,333.68, 444.6082
354526,8.6887,0.003045,328.40, 444.6082
354527,8.6919,0.002974,336.20, 444.6088
354528,8.6948,0.002990,334.44, 444.6085
354529,8.6978,0.002975,336.15, 444.6088
354530,8.7007,0.002925,341.94, 444.6088
354531,8.7036,0.002884,346.70, 444.6082
354532,8.7065,0.002922,342.23, 444.6085
354533,8.7095,0.002934,340.80, 444.6082
354534,8.7124,0.002954,338.52, 444.6082
354535,8.7153,0.002908,343.94, 444.6088
354536,8.7183,0.002891,345.87, 444.6085
354537,8.7212,0.002919,342.54, 444.6088
354538,8.7241,0.002929,341.40, 444.6088
354539,8.7271,0.002971,336.61, 444.6088
354540,8.7300,0.002903,344.48, 444.6088
354541,8.7329,0.002933,340.98, 444.6085
354542,8.7358,0.002887,346.37, 444.6082
354543,8.7388,0.002955,338.39, 444.6088
354544,8.7417,0.002905,344.27, 444.6088
354545,8.7446,0.002936,340.55, 444.6085
354546,8.7473,0.002855,350.31, 444.6082
354547,8.7502,0.002950,338.97, 444.6082
354548,8.7532,0.002927,341.64, 444.6088
354549,8.7563,0.003019,331.28, 444.6085
354550,8.7593,0.002944,339.73, 444.6088
354551,8.7622,0.002975,336.11, 444.6088
354552,8.7649,0.002808,356.18, 444.6088
354553,8.7681,0.002962,337.66, 444.6088
354554,8.7708,0.002849,351.00, 444.6085
354555,8.7739,0.003030,330.00, 444.6082
354556,8.7766,0.002861,349.49, 444.6088
354557,8.7795,0.002955,338.43, 444.6107
354558,8.7825,0.002884,346.74, 444.6088
354559,8.7854,0.002963,337.55, 444.6088
354560,8.7883,0.002887,346.44, 444.6088
354561,8.7913,0.002990,334.45, 444.6082
354562,8.7944,0.002976,335.98, 444.6085
354563,8.7974,0.002908,343.91, 444.6088
354564,8.8000,0.002912,343.41, 444.6088
354565,8.8032,0.002967,337.05, 444.6082
354566,8.8062,0.002927,341.64, 444.6085
354567,8.8088,0.002889,346.16, 444.6085
354568,8.8118,0.002906,344.16, 444.6085
354569,8.8147,0.002894,345.60, 444.6088
354570,8.8176,0.002926,341.75, 444.6088
354571,8.8206,0.002934,340.79, 444.6088
354572,8.8235,0.002970,336.70, 444.6082
354573,8.8264,0.002893,345.64, 444.6088
354574,8.8293,0.002941,340.06, 444.6085
354575,8.8323,0.002871,348.27, 444.6088
354576,8.8352,0.003009,332.39, 444.6082
354577,8.8381,0.002852,350.59, 444.6085
354578,8.8411,0.002954,338.57, 444.6082
354579,8.8440,0.002905,344.27, 444.6085
354580,8.8469,0.002963,337.45, 444.6088
354581,8.8499,0.002851,350.73, 444.6082
354582,8.8530,0.003162,316.22, 444.6082
354583,8.8560,0.002894,345.57, 444.6088
354584,8.8589,0.003115,321.08, 444.6088
354585,8.8618,0.002943,339.77, 444.6088
354586,8.8650,0.002971,336.61, 444.6085
354587,8.8679,0.002984,335.14, 444.6088
354588,8.8709,0.003058,327.00, 444.6082
354589,8.8740,0.002974,336.21, 444.6085
354590,8.8770,0.003022,330.87, 444.6085
354591,8.8799,0.002906,344.16, 444.6088
354592,8.8828,0.003039,329.03, 444.6088
354593,8.8860,0.003002,333.10, 444.6085
354594,8.8889,0.002984,335.13, 444.6088
354595,8.8918,0.002968,336.97, 444.6088
354596,8.8948,0.002949,339.14, 444.6088
354597,8.8977,0.002893,345.61, 444.6088
354598,8.9006,0.002997,333.62, 444.6082
354599,8.9036,0.002955,338.40, 444.6088
354600,8.9067,0.002999,333.40, 444.6085
354601,8.9097,0.002934,340.83, 444.6088
354602,8.9126,0.002945,339.52, 444.6082
354603,8.9155,0.002947,339.39, 444.6088
354604,8.9185,0.002940,340.17, 444.6088
354605,8.9214,0.002930,341.32, 444.6088
354606,8.9243,0.002950,339.04, 444.6082
354607,8.9272,0.002990,334.40, 444.6088
354608,8.9302,0.002912,343.42, 444.6085
354609,8.9334,0.003063,326.49, 444.6088
354610,8.9363,0.002945,339.54, 444.6082
354611,8.9392,0.002986,334.90, 444.6085
354612,8.9421,0.002929,341.45, 444.6088
354613,8.9453,0.003097,322.91, 444.6082
354614,8.9482,0.002920,342.51, 444.6085
354615,8.9512,0.003001,333.22, 444.6088
354616,8.9541,0.002917,342.83, 444.6085
354617,8.9570,0.003011,332.15, 444.6082
354618,8.9600,0.002915,343.08, 444.6088
354619,8.9631,0.003059,326.89, 444.6088
354620,8.9658,0.002916,342.97, 444.6088
354621,8.9690,0.002997,333.64, 444.6085
354622,8.9719,0.002911,343.51, 444.6085
354623,8.9749,0.003016,331.52, 444.6085
354624,8.9778,0.003034,329.61, 444.6088
354625,8.9810,0.003059,326.94, 444.6088
354626,8.9839,0.002959,337.97, 444.6088
354627,8.9871,0.003025,330.55, 444.6085
354628,8.9897,0.002845,351.53, 444.6088
354629,8.9929,0.003048,328.08, 444.6082
354630,8.9956,0.002892,345.77, 444.6088
354631,8.9988,0.002993,334.07, 444.6082
354632,9.0017,0.002901,344.71, 444.6088
354633,9.0046,0.003001,333.28, 444.6082
354634,9.0078,0.003076,325.06, 444.6085
354635,9.0107,0.003127,319.81, 444.6085
354636,9.0137,0.002948,339.19, 444.6085
354637,9.0168,0.002984,335.15, 444.6082
354638,9.0198,0.002904,344.35, 444.6088
354639,9.0227,0.003067,326.10, 444.6082
354640,9.0256,0.002937,340.54, 444.6088
354641,9.0286,0.002996,333.77, 444.6082
354642,9.0315,0.002896,345.32, 444.6085
354643,9.0344,0.002946,339.41, 444.6085
354644,9.0376,0.003011,332.13, 444.6085
354645,9.0405,0.003006,332.65, 444.6082
354646,9.0435,0.002927,341.64, 444.6082
354647,9.0466,0.003128,319.69, 444.6088
354648,9.0496,0.002937,340.52, 444.6085
354649,9.0525,0.002991,334.31, 444.6082
354650,9.0554,0.002934,340.88, 444.6082
354651,9.0584,0.002953,338.59, 444.6085
354652,9.0613,0.002964,337.39, 444.6085
354653,9.0642,0.002928,341.57, 444.6088
354654,9.0671,0.002943,339.82, 444.6082
354655,9.0701,0.002954,338.54, 444.6088
354656,9.0732,0.002995,333.95, 444.6088
354657,9.0762,0.002895,345.48, 444.6088
354658,9.0791,0.002970,336.73, 444.6082
354659,9.0820,0.002934,340.89, 444.6088
354660,9.0850,0.003003,333.03, 444.6082
354661,9.0879,0.002913,343.30, 444.6085
354662,9.0908,0.002983,335.27, 444.6088
354663,9.0938,0.002959,337.97, 444.6088
354664,9.0969,0.003018,331.32, 444.6082
354665,9.0999,0.002937,340.54, 444.6088
354666,9.1028,0.002991,334.34, 444.6082
354667,9.1057,0.002895,345.45, 444.6088
354668,9.1086,0.003004,332.94, 444.6085
354669,9.1116,0.002899,344.98, 444.6085
354670,9.1147,0.003056,327.20, 444.6082
354671,9.1177,0.003125,320.00, 444.6085
354672,9.1209,0.003025,330.58, 444.6088
354673,9.1238,0.002886,346.54, 444.6082
354674,9.1267,0.002992,334.19, 444.6085
354675,9.1296,0.002940,340.14, 444.6085
354676,9.1335,0.003918,255.22, 444.6083
354677,9.1375,0.004016,249.02, 444.6083
354678,9.1409,0.003257,306.99, 444.6082
354679,9.1438,0.002971,336.54, 444.6088
354680,9.1467,0.002866,348.91, 444.6088
354681,9.1497,0.002938,340.41, 444.6085
354682,9.1526,0.002951,338.87, 444.6085
354683,9.1555,0.002910,343.69, 444.6088
354684,9.1584,0.002944,339.65, 444.6088
354685,9.1611,0.002890,346.08, 444.6088
354686,9.1643,0.003014,331.79, 444.6085
354687,9.1672,0.002880,347.17, 444.6088
354688,9.1702,0.002908,343.90, 444.6088
354689,9.1729,0.002867,348.77, 444.6107
354690,9.1760,0.002988,334.73, 444.6088
354691,9.1787,0.002904,344.40, 444.6082
354692,9.1819,0.002951,338.87, 444.6088
354693,9.1846,0.002839,352.27, 444.6088
354694,9.1875,0.002939,340.22, 444.6107
354695,9.1904,0.002838,352.39, 444.6088
354696,9.1936,0.003119,320.60, 444.6082
354697,9.1968,0.003390,294.98, 444.6082
354698,9.2000,0.003163,316.19, 444.6085
354699,9.2031,0.002972,336.45, 444.6082
354700,9.2061,0.003020,331.17, 444.6088
354701,9.2090,0.002914,343.22, 444.6082
354702,9.2119,0.003002,333.13, 444.6082
354703,9.2148,0.002872,348.19, 444.6085
354704,9.2178,0.002955,338.47, 444.6088
354705,9.2207,0.002855,350.31, 444.6088
354706,9.2236,0.002993,334.08, 444.6082
354707,9.2268,0.003086,324.01, 444.6082
354708,9.2297,0.003021,331.06, 444.6082
354709,9.2327,0.002912,343.42, 444.6088
354710,9.2356,0.002980,335.59, 444.6082
354711,9.2385,0.002830,353.32, 444.6088
354712,9.2415,0.002940,340.16, 444.6082
354713,9.2444,0.002901,344.69, 444.6088
354714,9.2473,0.002950,338.95, 444.6085
354715,9.2502,0.002869,348.57, 444.6088
354716,9.2532,0.002943,339.81, 444.6082
354717,9.2559,0.002892,345.83, 444.6085
354718,9.2588,0.002948,339.24, 444.6082
354719,9.2620,0.002938,340.41, 444.6088
354720,9.2646,0.002911,343.48, 444.6088
354721,9.2676,0.002909,343.74, 444.6088
354722,9.2705,0.002926,341.81, 444.6085
354723,9.2737,0.002974,336.24, 444.6088
354724,9.2766,0.002928,341.51, 444.6156
354725,9.2795,0.002950,338.98, 444.6085
354726,9.2825,0.003072,325.56, 444.6082
354727,9.2854,0.002982,335.40, 444.6088
354728,9.2886,0.002959,337.92, 444.6082
354729,9.2915,0.003054,327.40, 444.6082
354730,9.2944,0.002976,335.98, 444.6082
354731,9.2974,0.002950,338.97, 444.6085
354732,9.3003,0.002871,348.34, 444.6082
354733,9.3032,0.003008,332.48, 444.6085
354734,9.3064,0.002970,336.70, 444.6082
354735,9.3093,0.003037,329.30, 444.6088
354736,9.3123,0.002955,338.44, 444.6088
354737,9.3152,0.002982,335.31, 444.6085
354738,9.3181,0.002861,349.55, 444.6088
354739,9.3210,0.003045,328.40, 444.6085
354740,9.3240,0.002910,343.61, 444.6088
354741,9.3271,0.002999,333.42, 444.6082
354742,9.3301,0.002900,344.83, 444.6085
354743,9.3330,0.002993,334.14, 444.6088
354744,9.3359,0.002959,338.00, 444.6085
354745,9.3389,0.003036,329.39, 444.6082
354746,9.3418,0.002932,341.11, 444.6085
354747,9.3450,0.002975,336.18, 444.6088
354748,9.3477,0.002868,348.71, 444.6088
354749,9.3508,0.002974,336.21, 444.6082
354750,9.3538,0.002952,338.76, 444.6085
354751,9.3567,0.002969,336.85, 444.6082
354752,9.3596,0.002938,340.36, 444.6085
354753,9.3625,0.002948,339.17, 444.6085
354754,9.3655,0.003020,331.10, 444.6082
354755,9.3684,0.002980,335.63, 444.6088
354756,9.3713,0.002935,340.68, 444.6088
354757,9.3745,0.002951,338.93, 444.6082
354758,9.3774,0.002968,336.88, 444.6085
354759,9.3804,0.002913,343.25, 444.6088
354760,9.3833,0.003003,332.97, 444.6085
354761,9.3862,0.002965,337.22, 444.6082
354762,9.3892,0.002935,340.75, 444.6085
354763,9.3921,0.002940,340.14, 444.6082
354764,9.3950,0.002998,333.58, 444.6085
354765,9.3982,0.002985,335.06, 444.6088
354766,9.4011,0.002967,337.04, 444.6088
354767,9.4041,0.002914,343.18, 444.6088
354768,9.4070,0.002974,336.26, 444.6085
354769,9.4099,0.002897,345.23, 444.6082
354770,9.4128,0.003047,328.15, 444.6082
354771,9.4160,0.002994,334.06, 444.6082
354772,9.4189,0.002981,335.41, 444.6082
354773,9.4219,0.002882,346.99, 444.6085
354774,9.4248,0.003009,332.38, 444.6082
354775,9.4277,0.002890,346.00, 444.6085
354776,9.4307,0.002994,333.96, 444.6088
354777,9.4336,0.002889,346.13, 444.6088
354778,9.4365,0.003013,331.88, 444.6082
354779,9.4395,0.002897,345.15, 444.6088
354780,9.4424,0.002989,334.52, 444.6085
354781,9.4453,0.002987,334.83, 444.6085
354782,9.4485,0.003099,322.72, 444.6082
354783,9.4514,0.002917,342.83, 444.6085
354784,9.4543,0.003015,331.70, 444.6082
354785,9.4575,0.002937,340.48, 444.6085
354786,9.4604,0.003012,332.06, 444.6082
354787,9.4634,0.002931,341.18, 444.6088
354788,9.4663,0.002950,339.04, 444.6088
354789,9.4692,0.002879,347.39, 444.6088
354790,9.4722,0.003019,331.25, 444.6082
354791,9.4751,0.002930,341.31, 444.6088
354792,9.4780,0.002956,338.28, 444.6088
354793,9.4810,0.002912,343.41, 444.6082
354794,9.4839,0.002944,339.72, 444.6082
354795,9.4868,0.002916,342.94, 444.6088
354796,9.4897,0.002928,341.52, 444.6088
354797,9.4927,0.002965,337.27, 444.6107
354798,9.4956,0.002946,339.47, 444.6082
354799,9.4985,0.002921,342.35, 444.6088
354800,9.5015,0.002894,345.53, 444.6088
354801,9.5044,0.002952,338.75, 444.6088
354802,9.5073,0.002892,345.79, 444.6088
354803,9.5105,0.003117,320.79, 444.6088
354804,9.5134,0.003024,330.71, 444.6088
354805,9.5164,0.002956,338.30, 444.6088
354806,9.5195,0.002977,335.91, 444.6082
354807,9.5225,0.002982,335.39, 444.6085
354808,9.5254,0.002916,342.94, 444.6088
354809,9.5283,0.002959,337.94, 444.6085
354810,9.5313,0.002884,346.73, 444.6082
354811,9.5342,0.002994,334.02, 444.6088
354812,9.5371,0.002917,342.79, 444.6082
354813,9.5400,0.003003,333.02, 444.6082
354814,9.5430,0.002917,342.87, 444.6082
354815,9.5459,0.002981,335.51, 444.6085
354816,9.5488,0.002952,338.79, 444.6088
354817,9.5520,0.003030,330.00, 444.6082
354818,9.5549,0.002892,345.84, 444.6088
354819,9.5579,0.003030,330.09, 444.6088
354820,9.5608,0.002953,338.67, 444.6085
354821,9.5640,0.003022,330.88, 444.6082
354822,9.5667,0.002888,346.25, 444.6088
354823,9.5696,0.002956,338.33, 444.6088
354824,9.5728,0.002941,339.97, 444.6088
354825,9.5757,0.002994,334.06, 444.6085
354826,9.5786,0.002947,339.31, 444.6085
354827,9.5815,0.002956,338.35, 444.6088
354828,9.5845,0.002892,345.79, 444.6088
354829,9.5874,0.003002,333.13, 444.6085
354830,9.5903,0.002921,342.33, 444.6088
354831,9.5933,0.002964,337.34, 444.6082
354832,9.5962,0.002938,340.33, 444.6088
354833,9.5991,0.002905,344.25, 444.6082
354834,9.6021,0.002969,336.81, 444.6085
354835,9.6052,0.003007,332.55, 444.6082
354836,9.6082,0.003050,327.91, 444.6085
354837,9.6111,0.002916,342.92, 444.6088
354838,9.6140,0.002965,337.29, 444.6085
354839,9.6169,0.002883,346.90, 444.6088
354840,9.6199,0.002942,339.92, 444.6107
354841,9.6228,0.002950,339.04, 444.6082
354842,9.6260,0.003071,325.58, 444.6088
354843,9.6287,0.002878,347.52, 444.6088
354844,9.6318,0.002965,337.28, 444.6085
354845,9.6345,0.002893,345.70, 444.6082
354846,9.6377,0.003032,329.83, 444.6082
354847,9.6406,0.002916,342.89, 444.6085
354848,9.6436,0.003008,332.50, 444.6085
354849,9.6465,0.002855,350.30, 444.6085
354850,9.6494,0.002960,337.83, 444.6082
354851,9.6526,0.003162,316.22, 444.6082
354852,9.6565,0.003996,250.27, 444.6085
354853,9.6599,0.003243,308.39, 444.6082
354854,9.6628,0.003073,325.46, 444.6086
354855,9.6663,0.003380,295.89, 444.6088
354856,9.6697,0.003393,294.77, 444.6082
354857,9.6733,0.003571,280.03, 444.6082
354858,9.6765,0.003178,314.68, 444.6082
354859,9.6794,0.003000,333.29, 444.6085
354860,9.6824,0.002902,344.60, 444.6088
354861,9.6853,0.003081,324.56, 444.6082
354862,9.6882,0.002889,346.20, 444.6088
354863,9.6912,0.003007,332.56, 444.6082
354864,9.6943,0.003087,323.94, 444.6085
354865,9.6973,0.002986,334.87, 444.6088
354866,9.7004,0.002985,335.05, 444.6088
354867,9.7034,0.002984,335.11, 444.6085
354868,9.7063,0.002875,347.86, 444.6088
354869,9.7092,0.002971,336.64, 444.6082
354870,9.7122,0.002935,340.70, 444.6085
354871,9.7151,0.002966,337.17, 444.6088
354872,9.7180,0.002908,343.93, 444.6085
354873,9.7209,0.002949,339.11, 444.6082
354874,9.7239,0.002954,338.48, 444.6082
354875,9.7268,0.002940,340.17, 444.6085
354876,9.7297,0.003018,331.38, 444.6088
354877,9.7334,0.003452,289.67, 444.6088
354878,9.7363,0.003016,331.52, 444.6088
354879,9.7393,0.003006,332.71, 444.6088
354880,9.7422,0.002994,334.01, 444.6082
354881,9.7454,0.003001,333.26, 444.6082
354882,9.7483,0.002952,338.75, 444.6082
354883,9.7512,0.002917,342.78, 444.6085
354884,9.7542,0.002945,339.58, 444.6088
354885,9.7571,0.002905,344.27, 444.6082
354886,9.7600,0.002967,337.07, 444.6082
354887,9.7632,0.003068,325.92, 444.6085
354888,9.7661,0.002992,334.18, 444.6088
354889,9.7690,0.002922,342.29, 444.6082
354890,9.7720,0.002947,339.37, 444.6082
354891,9.7749,0.002924,342.01, 444.6088
354892,9.7778,0.002990,334.40, 444.6082
354893,9.7808,0.002956,338.34, 444.6082
354894,9.7837,0.002980,335.57, 444.6082
354895,9.7866,0.002885,346.64, 444.6085
354896,9.7898,0.003047,328.25, 444.6085
354897,9.7927,0.002958,338.03, 444.6088
354898,9.7957,0.002978,335.75, 444.6082
354899,9.7986,0.002848,351.07, 444.6082
354900,9.8015,0.002959,337.95, 444.6085
354901,9.8044,0.002898,345.05, 444.6088
354902,9.8074,0.002964,337.35, 444.6082
354903,9.8103,0.002879,347.37, 444.6088
354904,9.8132,0.002970,336.70, 444.6088
354905,9.8159,0.002877,347.54, 444.6088
354906,9.8191,0.002975,336.09, 444.6085
354907,9.8220,0.002900,344.88, 444.6082
354908,9.8250,0.002976,336.04, 444.6082
354909,9.8279,0.002969,336.84, 444.6082
354910,9.8308,0.002947,339.33, 444.6082
354911,9.8337,0.002943,339.81, 444.6088
354912,9.8367,0.002949,339.09, 444.6082
354913,9.8396,0.002943,339.77, 444.6088
354914,9.8428,0.003252,307.47, 444.6082
354915,9.8459,0.003000,333.38, 444.6082
354916,9.8489,0.002992,334.20, 444.6088
354917,9.8518,0.003025,330.56, 444.6082
354918,9.8550,0.002981,335.48, 444.6082
354919,9.8582,0.003295,303.46, 444.6082
354920,9.8611,0.003018,331.30, 444.6088
354921,9.8643,0.002960,337.86, 444.6088
354922,9.8672,0.002932,341.05, 444.6088
354923,9.8699,0.002893,345.71, 444.6082
354924,9.8730,0.002953,338.64, 444.6088
354925,9.8760,0.002968,336.90, 444.6082
354926,9.8789,0.002998,333.59, 444.6082
354927,9.8818,0.002929,341.40, 444.6088
354928,9.8848,0.002907,344.03, 444.6088
354929,9.8877,0.002994,334.02, 444.6088
354930,9.8909,0.003138,318.69, 444.6082
354931,9.8940,0.003096,322.98, 444.6082
354932,9.8970,0.002927,341.60, 444.6082
354933,9.8999,0.002935,340.74, 444.6088
354934,9.9028,0.002915,343.09, 444.6082
354935,9.9058,0.002991,334.37, 444.6085
354936,9.9087,0.002938,340.34, 444.6088
354937,9.9116,0.002981,335.44, 444.6088
354938,9.9146,0.002935,340.76, 444.6082
354939,9.9175,0.002955,338.40, 444.6085
354940,9.9207,0.002993,334.11, 444.6082
354941,9.9236,0.003107,321.91, 444.6082
354942,9.9268,0.003007,332.57, 444.6082
354943,9.9297,0.002971,336.54, 444.6088
354944,9.9326,0.002984,335.08, 444.6082
354945,9.9358,0.003167,315.72, 444.6082
354946,9.9390,0.003107,321.81, 444.6085
354947,9.9419,0.002992,334.21, 444.6088
354948,9.9448,0.002936,340.65, 444.6082
354949,9.9478,0.002955,338.43, 444.6082
354950,9.9507,0.002950,339.01, 444.6088
354951,9.9539,0.003090,323.58, 444.6082
354952,9.9568,0.002918,342.76, 444.6082
354953,9.9597,0.003052,327.68, 444.6085
354954,9.9626,0.002924,341.97, 444.6085
354955,9.9656,0.002957,338.23, 444.6088
354956,9.9685,0.002904,344.32, 444.6082
354957,9.9717,0.003005,332.80, 444.6082
354958,9.9744,0.002852,350.61, 444.6085
354959,9.9773,0.002959,337.99, 444.6088
354960,9.9802,0.002879,347.32, 444.6088
354961,9.9834,0.003132,319.30, 444.6082
354962,9.9863,0.003025,330.57, 444.6082
354963,9.9895,0.002999,333.42, 444.6085
354964,9.9924,0.002965,337.31, 444.6082
354965,9.9954,0.003018,331.33, 444.6082
354966,9.9983,0.002873,348.08, 444.6085
