TotalFrame,Time,DeltaTime,FPS,RAM
380529,0.0000,0.011725,85.29, 490.6953
380530,0.0000,0.011725,85.29, 490.8327
380531,0.0200,0.020000,50.00, 490.7199
380532,0.0239,0.003636,275.02, 490.7198
380533,0.0273,0.003490,286.54, 490.7222
380534,0.0337,0.006663,150.09, 490.7197
380535,0.0376,0.003865,258.74, 490.7190
380536,0.0415,0.003572,279.99, 490.7191
380537,0.0449,0.003772,265.15, 490.7190
380538,0.0483,0.003343,299.14, 490.7193
380539,0.0518,0.003362,297.43, 490.7191
380540,0.0562,0.004459,224.28, 490.7190
380541,0.0601,0.003958,252.65, 490.7213
380542,0.0635,0.003322,301.06, 490.7161
380543,0.0669,0.003180,314.46, 490.7139
380544,0.0703,0.003744,267.07, 490.7136
380545,0.0737,0.003288,304.18, 490.7136
380546,0.0771,0.003320,301.20, 490.7136
380547,0.0801,0.003083,324.40, 490.7139
380548,0.0835,0.003333,300.04, 490.7136
380549,0.0869,0.003290,303.96, 490.7139
380550,0.0898,0.003307,302.42, 490.7136
380551,0.0933,0.003286,304.32, 490.7140
380552,0.0967,0.003290,303.97, 490.7136
380553,0.1001,0.003328,300.47, 490.7140
380554,0.1035,0.003777,264.75, 490.7136
380555,0.1069,0.003407,293.50, 490.7139
380556,0.1104,0.003369,296.83, 490.7139
380557,0.1138,0.003254,307.33, 490.7140
380558,0.1172,0.003255,307.26, 490.7137
380559,0.1206,0.003841,260.35, 490.7285
380560,0.1240,0.003139,318.54, 490.7137
380561,0.1274,0.003676,272.01, 490.7136
380562,0.1313,0.003448,289.99, 490.7137
380563,0.1348,0.003450,289.86, 490.7137
380564,0.1377,0.003247,308.01, 490.7137
380565,0.1416,0.003762,265.79, 490.7142
380566,0.1450,0.003295,303.45, 490.7137
380567,0.1484,0.003579,279.40, 490.7137
380568,0.1519,0.003633,275.26, 490.7139
380569,0.1553,0.003228,309.77, 490.7140
380570,0.1587,0.003540,282.51, 490.7136
380571,0.1621,0.003220,310.59, 490.7137
380572,0.1655,0.003623,276.05, 490.7136
380573,0.1689,0.003205,312.03, 490.7143
380574,0.1724,0.003677,271.97, 490.7137
380575,0.1763,0.003710,269.56, 490.7142
380576,0.1797,0.003309,302.18, 490.7143
380577,0.1826,0.003172,315.22, 490.7140
380578,0.1860,0.003333,300.08, 490.7143
380579,0.1904,0.004095,244.19, 490.7136
380580,0.1934,0.003192,313.27, 490.7137
380581,0.1968,0.003464,288.68, 490.7137
380582,0.2007,0.003747,266.86, 490.7136
380583,0.2036,0.003080,324.72, 490.7137
380584,0.2070,0.003483,287.13, 490.7143
380585,0.2104,0.003198,312.72, 490.7143
380586,0.2144,0.003889,257.16, 490.7136
380587,0.2173,0.003185,313.94, 490.7137
380588,0.2212,0.003717,269.05, 490.7140
380589,0.2246,0.003411,293.20, 490.7143
380590,0.2275,0.003229,309.72, 490.7140
380591,0.2314,0.003606,277.35, 490.7137
380592,0.2349,0.003327,300.61, 490.7140
380593,0.2388,0.004205,237.80, 490.7136
380594,0.2422,0.003197,312.76, 490.7140
380595,0.2456,0.003466,288.51, 490.7137
380596,0.2490,0.003536,282.77, 490.7136
380597,0.2524,0.003231,309.53, 490.7137
380598,0.2563,0.003834,260.86, 490.7139
380599,0.2593,0.003208,311.68, 490.7143
380600,0.2627,0.003264,306.39, 490.7143
380601,0.2661,0.003250,307.73, 490.7230
380602,0.2695,0.003835,260.74, 490.7137
380603,0.2734,0.003747,266.89, 490.7139
380604,0.2764,0.003116,320.88, 490.7140
380605,0.2803,0.003532,283.16, 490.7142
380606,0.2832,0.003233,309.36, 490.7137
380607,0.2871,0.003759,266.03, 490.7136
380608,0.2905,0.003295,303.47, 490.7137
380609,0.2939,0.003376,296.17, 490.7137
380610,0.2974,0.003567,280.37, 490.7137
380611,0.3008,0.003370,296.76, 490.7143
380612,0.3042,0.003691,270.94, 490.7136
380613,0.3076,0.003171,315.37, 490.7137
380614,0.3115,0.003720,268.80, 490.7136
380615,0.3145,0.003190,313.46, 490.7137
380616,0.3179,0.003504,285.42, 490.7137
380617,0.3218,0.003772,265.08, 490.7142
380618,0.3252,0.003172,315.22, 490.7140
380619,0.3286,0.003549,281.75, 490.7139
380620,0.3320,0.003299,303.09, 490.7137
380621,0.3354,0.003697,270.52, 490.7142
380622,0.3389,0.003361,297.54, 490.7137
380623,0.3418,0.003171,315.38, 490.7137
380624,0.3462,0.003989,250.68, 490.7136
380625,0.3496,0.003369,296.87, 490.7137
380626,0.3530,0.003549,281.79, 490.7136
380627,0.3564,0.003274,305.46, 490.7137
380628,0.3594,0.003246,308.04, 490.7137
380629,0.3628,0.003310,302.16, 490.7137
380630,0.3662,0.003615,276.66, 490.7143
380631,0.3701,0.003721,268.74, 490.7136
380632,0.3735,0.003299,303.09, 490.7137
380633,0.3770,0.003586,278.88, 490.7142
380634,0.3804,0.003210,311.53, 490.7137
380635,0.3838,0.003441,290.58, 490.7137
380636,0.3867,0.003146,317.90, 490.7143
380637,0.3906,0.004030,248.13, 490.7143
380638,0.3945,0.003537,282.73, 490.7136
380639,0.3975,0.003176,314.88, 490.7137
380640,0.4014,0.003880,257.72, 490.7136
380641,0.4048,0.003179,314.54, 490.7143
380642,0.4077,0.003176,314.90, 490.7140
380643,0.4116,0.003625,275.84, 490.7140
380644,0.4150,0.003835,260.74, 490.7137
380645,0.4189,0.003697,270.52, 490.7136
380646,0.4224,0.003297,303.29, 490.7137
380647,0.4258,0.003382,295.68, 490.7142
380648,0.4287,0.003206,311.95, 490.7137
380649,0.4326,0.003751,266.63, 490.7136
380650,0.4360,0.003304,302.71, 490.7137
380651,0.4395,0.003580,279.32, 490.7140
380652,0.4429,0.003606,277.35, 490.7140
380653,0.4463,0.003170,315.50, 490.7137
380654,0.4497,0.003707,269.80, 490.7143
380655,0.4531,0.003100,322.59, 490.7143
380656,0.4570,0.003992,250.49, 490.7136
380657,0.4604,0.003220,310.61, 490.7137
380658,0.4634,0.003249,307.80, 490.7143
380659,0.4668,0.003391,294.93, 490.7137
380660,0.4707,0.003648,274.12, 490.7137
380661,0.4741,0.003725,268.43, 490.7142
380662,0.4775,0.003170,315.42, 490.7137
380663,0.4814,0.003973,251.68, 490.7139
380664,0.4844,0.003145,317.92, 490.7137
380665,0.4878,0.003412,293.07, 490.7140
380666,0.4912,0.003228,309.82, 490.7140
380667,0.4951,0.003932,254.36, 490.7137
380668,0.4985,0.003489,286.62, 490.7136
380669,0.5020,0.003198,312.67, 490.7137
380670,0.5054,0.003729,268.15, 490.7142
380671,0.5088,0.003276,305.28, 490.7137
380672,0.5122,0.003650,273.96, 490.7136
380673,0.5156,0.003378,296.01, 490.7136
380674,0.5195,0.003484,286.99, 490.7137
380675,0.5229,0.003591,278.45, 490.7142
380676,0.5264,0.003372,296.57, 490.7140
380677,0.5298,0.003311,302.07, 490.7136
380678,0.5327,0.003347,298.80, 490.7137
380679,0.5366,0.003750,266.68, 490.7139
380680,0.5400,0.003192,313.30, 490.7137
380681,0.5430,0.003271,305.74, 490.7137
380682,0.5474,0.004120,242.71, 490.7139
380683,0.5508,0.003342,299.22, 490.7137
380684,0.5542,0.003369,296.82, 490.7137
380685,0.5571,0.003119,320.64, 490.7137
380686,0.5610,0.003764,265.67, 490.7136
380687,0.5640,0.003112,321.32, 490.7137
380688,0.5679,0.003679,271.84, 490.7143
380689,0.5713,0.003738,267.53, 490.7142
380690,0.5747,0.003079,324.76, 490.7137
380691,0.5781,0.003619,276.36, 490.7140
380692,0.5811,0.003130,319.45, 490.7137
380693,0.5850,0.003747,266.89, 490.7139
380694,0.5884,0.003382,295.72, 490.7137
380695,0.5918,0.003694,270.72, 490.7143
380696,0.5952,0.003370,296.73, 490.7137
380697,0.5986,0.003316,301.54, 490.7140
380698,0.6025,0.003713,269.31, 490.7190
380699,0.6055,0.003089,323.76, 490.7143
380700,0.6089,0.003513,284.67, 490.7137
380701,0.6123,0.003242,308.44, 490.7137
380702,0.6162,0.003721,268.78, 490.7137
380703,0.6196,0.003742,267.25, 490.7142
380704,0.6230,0.003132,319.26, 490.7137
380705,0.6265,0.003619,276.36, 490.7162
380706,0.6294,0.003000,333.38, 490.7162
380707,0.6333,0.003670,272.49, 490.7143
380708,0.6367,0.003532,283.16, 490.7137
380709,0.6401,0.003633,275.25, 490.7162
380710,0.6440,0.003527,283.51, 490.7136
380711,0.6470,0.003103,322.27, 490.7137
380712,0.6509,0.003726,268.41, 490.7137
380713,0.6538,0.003321,301.11, 490.7137
380714,0.6577,0.003874,258.14, 490.7136
380715,0.6611,0.003228,309.75, 490.7143
380716,0.6641,0.003165,315.98, 490.7137
380717,0.6685,0.003994,250.38, 490.7191
380718,0.6714,0.003310,302.08, 490.7143
380719,0.6748,0.003190,313.52, 490.7143
380720,0.6782,0.003464,288.68, 490.7137
380721,0.6816,0.003540,282.49, 490.7136
380722,0.6851,0.003284,304.54, 490.7137
380723,0.6895,0.004158,240.52, 490.7136
380724,0.6929,0.003606,277.32, 490.7161
380725,0.6963,0.003405,293.69, 490.7136
380726,0.6992,0.003127,319.77, 490.7142
380727,0.7026,0.003262,306.58, 490.7137
380728,0.7061,0.003474,287.89, 490.7137
380729,0.7104,0.004302,232.47, 490.7139
380730,0.7134,0.003134,319.11, 490.7137
380731,0.7173,0.003916,255.40, 490.7142
380732,0.7207,0.003375,296.32, 490.7137
380733,0.7241,0.003182,314.26, 490.7140
380734,0.7275,0.003346,298.91, 490.7137
380735,0.7314,0.004275,233.90, 490.7136
380736,0.7354,0.003703,270.02, 490.7136
380737,0.7388,0.003542,282.36, 490.7136
380738,0.7422,0.003188,313.69, 490.7136
380739,0.7451,0.003147,317.77, 490.7143
380740,0.7490,0.004003,249.82, 490.7136
380741,0.7524,0.003240,308.66, 490.7137
380742,0.7563,0.003917,255.31, 490.7140
380743,0.7598,0.003589,278.61, 490.7136
380744,0.7632,0.003328,300.48, 490.7137
380745,0.7666,0.003520,284.10, 490.7136
380746,0.7700,0.003190,313.45, 490.7137
380747,0.7739,0.003729,268.15, 490.7136
380748,0.7769,0.003140,318.50, 490.7137
380749,0.7808,0.003807,262.68, 490.7140
380750,0.7842,0.003432,291.38, 490.7136
380751,0.7871,0.003144,318.04, 490.7137
380752,0.7910,0.003859,259.16, 490.7136
380753,0.7944,0.003204,312.13, 490.7137
380754,0.7979,0.003462,288.83, 490.7136
380755,0.8013,0.003324,300.81, 490.7137
380756,0.8047,0.003644,274.40, 490.7137
380757,0.8086,0.003628,275.63, 490.7139
380758,0.8115,0.003196,312.89, 490.7137
380759,0.8149,0.003536,282.81, 490.7143
380760,0.8184,0.003163,316.15, 490.7137
380761,0.8223,0.003871,258.34, 490.7142
380762,0.8252,0.003270,305.79, 490.7137
380763,0.8286,0.003390,294.99, 490.7137
380764,0.8325,0.003785,264.22, 490.7136
380765,0.8359,0.003202,312.34, 490.7137
380766,0.8394,0.003634,275.16, 490.7136
380767,0.8428,0.003178,314.69, 490.7137
380768,0.8462,0.003617,276.50, 490.7142
380769,0.8496,0.003212,311.38, 490.7137
380770,0.8530,0.003670,272.46, 490.7137
380771,0.8569,0.003630,275.45, 490.7136
380772,0.8599,0.003155,316.98, 490.7140
380773,0.8633,0.003661,273.15, 490.7137
380774,0.8667,0.003104,322.19, 490.7137
380775,0.8706,0.004044,247.27, 490.7136
380776,0.8740,0.003150,317.50, 490.7137
380777,0.8774,0.003471,288.13, 490.7140
380778,0.8809,0.003778,264.70, 490.7136
380779,0.8843,0.003162,316.29, 490.7137
380780,0.8877,0.003533,283.05, 490.7136
380781,0.8911,0.003179,314.60, 490.7137
380782,0.8945,0.003641,274.67, 490.7143
380783,0.8975,0.003069,325.85, 490.7143
380784,0.9014,0.003890,257.04, 490.7137
380785,0.9058,0.004098,244.03, 490.7166
380786,0.9092,0.003316,301.56, 490.7142
380787,0.9121,0.003074,325.31, 490.7140
380788,0.9155,0.003493,286.30, 490.7137
380789,0.9194,0.003758,266.13, 490.7136
380790,0.9224,0.003108,321.77, 490.7137
380791,0.9258,0.003636,275.05, 490.7143
380792,0.9297,0.003727,268.31, 490.7140
380793,0.9331,0.003134,319.13, 490.7140
380794,0.9370,0.003969,251.97, 490.7136
380795,0.9399,0.003181,314.34, 490.7140
380796,0.9438,0.003621,276.21, 490.7239
380797,0.9468,0.003158,316.69, 490.7137
380798,0.9507,0.003932,254.36, 490.7140
380799,0.9541,0.003461,288.98, 490.7137
380800,0.9575,0.003405,293.69, 490.7143
380801,0.9614,0.003661,273.16, 490.7139
380802,0.9644,0.003196,312.87, 490.7143
380803,0.9683,0.003721,268.76, 490.7136
380804,0.9712,0.003226,309.99, 490.7140
380805,0.9751,0.003677,271.97, 490.7143
380806,0.9785,0.003608,277.16, 490.7136
380807,0.9819,0.003357,297.85, 490.7137
380808,0.9858,0.003610,277.04, 490.7139
380809,0.9888,0.003174,315.09, 490.7137
380810,0.9927,0.003692,270.89, 490.7136
380811,0.9956,0.003140,318.48, 490.7137
380812,0.9995,0.003802,263.03, 490.7143
380813,1.0029,0.003668,272.61, 490.7142
380814,1.0063,0.003177,314.76, 490.7137
380815,1.0103,0.003707,269.77, 490.7142
380816,1.0132,0.003262,306.57, 490.7137
380817,1.0171,0.003572,279.96, 490.7140
380818,1.0200,0.003103,322.28, 490.7137
380819,1.0239,0.003963,252.33, 490.7143
380820,1.0273,0.003362,297.42, 490.7140
380821,1.0308,0.003555,281.27, 490.7140
380822,1.0342,0.003562,280.78, 490.7136
380823,1.0376,0.003192,313.26, 490.7137
380824,1.0415,0.003841,260.34, 490.7137
380825,1.0449,0.003673,272.28, 490.7136
380826,1.0483,0.003180,314.51, 490.7137
380827,1.0518,0.003608,277.14, 490.7139
380828,1.0552,0.003163,316.17, 490.7137
380829,1.0586,0.003713,269.32, 490.7136
380830,1.0620,0.003168,315.64, 490.7137
380831,1.0659,0.003736,267.64, 490.7137
380832,1.0693,0.003575,279.74, 490.7137
380833,1.0728,0.003737,267.57, 490.7137
380834,1.0767,0.003508,285.05, 490.7139
380835,1.0796,0.003139,318.56, 490.7137
380836,1.0835,0.003631,275.44, 490.7137
380837,1.0864,0.003088,323.80, 490.7137
380838,1.0903,0.003939,253.85, 490.7143
380839,1.0938,0.003582,279.17, 490.7143
380840,1.0972,0.003172,315.30, 490.7137
380841,1.1006,0.003645,274.36, 490.7143
380842,1.1040,0.003232,309.41, 490.7137
380843,1.1079,0.003785,264.24, 490.7136
380844,1.1108,0.003113,321.19, 490.7137
380845,1.1147,0.003854,259.44, 490.7137
380846,1.1182,0.003627,275.68, 490.7139
380847,1.1216,0.003360,297.65, 490.7137
380848,1.1255,0.003590,278.57, 490.7136
380849,1.1284,0.003178,314.63, 490.7137
380850,1.1323,0.003659,273.30, 490.7136
380851,1.1353,0.003242,308.46, 490.7137
380852,1.1392,0.003620,276.27, 490.7140
380853,1.1426,0.003591,278.51, 490.7143
380854,1.1455,0.003154,317.07, 490.7137
380855,1.1494,0.003742,267.22, 490.7143
380856,1.1528,0.003290,303.99, 490.7137
380857,1.1567,0.003813,262.29, 490.7136
380858,1.1597,0.003145,318.02, 490.7137
380859,1.1636,0.003665,272.87, 490.7140
380860,1.1670,0.003601,277.72, 490.7139
380861,1.1699,0.003214,311.13, 490.7137
380862,1.1738,0.003677,271.97, 490.7139
380863,1.1768,0.003102,322.34, 490.7137
380864,1.1807,0.003887,257.29, 490.7136
380865,1.1841,0.003153,317.14, 490.7137
380866,1.1875,0.003726,268.41, 490.7137
380867,1.1914,0.003520,284.10, 490.7143
380868,1.1943,0.003177,314.78, 490.7137
380869,1.1982,0.003771,265.18, 490.7136
380870,1.2012,0.003207,311.80, 490.7137
380871,1.2051,0.003748,266.82, 490.7136
380872,1.2085,0.003140,318.48, 490.7137
380873,1.2119,0.003712,269.39, 490.7140
380874,1.2153,0.003289,304.04, 490.7143
380875,1.2188,0.003310,302.15, 490.7140
380876,1.2222,0.003768,265.40, 490.7137
380877,1.2256,0.003114,321.13, 490.7137
380878,1.2295,0.003848,259.85, 490.7136
380879,1.2324,0.003097,322.88, 490.7137
380880,1.2363,0.003737,267.59, 490.7137
380881,1.2397,0.003686,271.28, 490.7142
380882,1.2432,0.003127,319.83, 490.7137
380883,1.2466,0.003847,259.97, 490.7136
380884,1.2500,0.003233,309.36, 490.7137
380885,1.2534,0.003589,278.60, 490.7136
380886,1.2568,0.003189,313.63, 490.7137
380887,1.2607,0.003713,269.32, 490.7140
380888,1.2642,0.003572,279.99, 490.7136
380889,1.2676,0.003240,308.69, 490.7137
380890,1.2710,0.003762,265.79, 490.7136
380891,1.2744,0.003193,313.20, 490.7137
380892,1.2778,0.003743,267.15, 490.7136
380893,1.2813,0.003160,316.51, 490.7143
380894,1.2847,0.003593,278.33, 490.7140
380895,1.2886,0.003777,264.80, 490.7139
380896,1.2920,0.003269,305.93, 490.7137
380897,1.2954,0.003491,286.46, 490.7139
380898,1.2988,0.003315,301.65, 490.7137
380899,1.3022,0.003668,272.66, 490.7136
380900,1.3057,0.003190,313.53, 490.7137
380901,1.3091,0.003704,269.96, 490.7137
380902,1.3125,0.003309,302.25, 490.7137
380903,1.3159,0.003428,291.75, 490.7140
380904,1.3193,0.003367,297.04, 490.7137
380905,1.3228,0.003341,299.29, 490.7137
380906,1.3267,0.003909,255.82, 490.7136
380907,1.3301,0.003467,288.43, 490.7136
380908,1.3335,0.003433,291.29, 490.7136
380909,1.3369,0.003312,301.96, 490.7140
380910,1.3408,0.004076,245.35, 490.7142
380911,1.3442,0.003391,294.92, 490.7139
380912,1.3477,0.003368,296.89, 490.7136
380913,1.3511,0.003451,289.76, 490.7137
380914,1.3545,0.003468,288.35, 490.7162
380915,1.3584,0.003702,270.10, 490.7143
380916,1.3618,0.003410,293.24, 490.7180
380917,1.3652,0.003358,297.84, 490.7137
380918,1.3687,0.003793,263.66, 490.7136
380919,1.3721,0.003472,288.05, 490.7142
380920,1.3755,0.003354,298.17, 490.7137
380921,1.3789,0.003339,299.52, 490.7136
380922,1.3823,0.003246,308.04, 490.7137
380923,1.3862,0.003897,256.63, 490.7139
380924,1.3896,0.003351,298.43, 490.7142
380925,1.3926,0.003146,317.91, 490.7137
380926,1.3960,0.003298,303.25, 490.7137
380927,1.3999,0.003940,253.82, 490.7136
380928,1.4033,0.003346,298.90, 490.7137
380929,1.4067,0.003669,272.55, 490.7140
380930,1.4102,0.003420,292.43, 490.7136
380931,1.4136,0.003305,302.60, 490.7137
380932,1.4170,0.003476,287.70, 490.7142
380933,1.4204,0.003420,292.41, 490.7137
380934,1.4243,0.003712,269.39, 490.7137
380935,1.4277,0.003512,284.76, 490.7139
380936,1.4312,0.003366,297.10, 490.7136
380937,1.4346,0.003345,298.96, 490.7139
380938,1.4375,0.003243,308.40, 490.7137
380939,1.4414,0.003535,282.86, 490.7139
380940,1.4443,0.003119,320.65, 490.7137
380941,1.4478,0.003616,276.52, 490.7136
380942,1.4512,0.003164,316.02, 490.7137
380943,1.4546,0.003735,267.72, 490.7140
380944,1.4585,0.003528,283.45, 490.7140
380945,1.4614,0.003068,325.98, 490.7143
380946,1.4653,0.003801,263.06, 490.7136
380947,1.4683,0.003114,321.15, 490.7137
380948,1.4722,0.003856,259.34, 490.7136
380949,1.4756,0.003192,313.33, 490.7137
380950,1.4790,0.003608,277.13, 490.7140
380951,1.4824,0.003655,273.61, 490.7136
380952,1.4858,0.003112,321.30, 490.7137
380953,1.4893,0.003693,270.78, 490.7142
380954,1.4927,0.003105,322.04, 490.7137
380955,1.4961,0.003775,264.88, 490.7136
380956,1.4995,0.003187,313.80, 490.7137
380957,1.5029,0.003474,287.87, 490.7143
380958,1.5068,0.003618,276.42, 490.7137
380959,1.5103,0.003703,270.03, 490.7143
380960,1.5137,0.003437,290.99, 490.7143
380961,1.5171,0.003163,316.16, 490.7137
380962,1.5205,0.003784,264.30, 490.7161
380963,1.5239,0.003111,321.48, 490.7140
380964,1.5273,0.003660,273.23, 490.7143
380965,1.5313,0.003615,276.63, 490.7139
380966,1.5342,0.003091,323.57, 490.7140
380967,1.5381,0.003738,267.53, 490.7143
380968,1.5410,0.003060,326.79, 490.7137
380969,1.5449,0.003765,265.58, 490.7142
380970,1.5479,0.003102,322.39, 490.7137
380971,1.5518,0.003726,268.37, 490.7143
380972,1.5552,0.003630,275.47, 490.7139
380973,1.5581,0.003114,321.13, 490.7137
380974,1.5615,0.003448,290.02, 490.7143
380975,1.5649,0.003192,313.29, 490.7140
380976,1.5688,0.003827,261.33, 490.7142
380977,1.5718,0.003239,308.74, 490.7137
380978,1.5752,0.003402,293.95, 490.7140
380979,1.5786,0.003175,314.99, 490.7137
380980,1.5825,0.003824,261.49, 490.7137
380981,1.5864,0.004032,248.02, 490.7136
380982,1.5894,0.003123,320.24, 490.7137
380983,1.5933,0.003485,286.96, 490.7143
380984,1.5962,0.003191,313.41, 490.7137
380985,1.6001,0.003736,267.69, 490.7138
380986,1.6030,0.003055,327.32, 490.7137
380987,1.6069,0.003952,253.06, 490.7137
380988,1.6104,0.003426,291.93, 490.7137
380989,1.6138,0.003301,302.97, 490.7137
380990,1.6172,0.003644,274.39, 490.7139
380991,1.6206,0.003267,306.12, 490.7143
380992,1.6240,0.003619,276.35, 490.7136
380993,1.6274,0.003085,324.19, 490.7137
380994,1.6309,0.003619,276.35, 490.7140
380995,1.6343,0.003530,283.27, 490.7143
380996,1.6377,0.003255,307.25, 490.7137
380997,1.6416,0.003998,250.11, 490.7136
380998,1.6450,0.003290,303.96, 490.7137
380999,1.6484,0.003469,288.28, 490.7136
381000,1.6519,0.003529,283.33, 490.7137
381001,1.6558,0.003837,260.63, 490.7136
381002,1.6592,0.003346,298.84, 490.7136
381003,1.6626,0.003252,307.51, 490.7136
381004,1.6655,0.003128,319.72, 490.7140
381005,1.6689,0.003602,277.60, 490.7143
381006,1.6729,0.003661,273.12, 490.7136
381007,1.6758,0.003157,316.80, 490.7137
381008,1.6797,0.003509,284.98, 490.7143
381009,1.6831,0.003493,286.31, 490.7137
381010,1.6860,0.003245,308.21, 490.7137
381011,1.6899,0.003841,260.34, 490.7142
381012,1.6934,0.003208,311.71, 490.7137
381013,1.6968,0.003569,280.20, 490.7139
381014,1.7002,0.003319,301.26, 490.7137
381015,1.7036,0.003598,277.93, 490.7137
381016,1.7075,0.003600,277.82, 490.7136
381017,1.7104,0.003305,302.57, 490.7137
381018,1.7144,0.003546,282.05, 490.7136
381019,1.7173,0.003303,302.77, 490.7162
381020,1.7212,0.003599,277.85, 490.7136
381021,1.7246,0.003259,306.83, 490.7137
381022,1.7280,0.003504,285.36, 490.7143
381023,1.7319,0.004151,240.90, 490.7136
381024,1.7354,0.003542,282.32, 490.7136
381025,1.7388,0.003286,304.30, 490.7136
381026,1.7427,0.003911,255.72, 490.7136
381027,1.7471,0.004523,221.07, 490.7136
381028,1.7515,0.003980,251.24, 490.7136
381029,1.7549,0.003437,290.98, 490.7136
381030,1.7578,0.003119,320.64, 490.7284
381031,1.7607,0.003122,320.36, 490.7136
381032,1.7642,0.003111,321.44, 490.7136
381033,1.7671,0.003177,314.75, 490.7140
381034,1.7710,0.003878,257.88, 490.7140
381035,1.7749,0.003665,272.83, 490.7139
381036,1.7778,0.003264,306.42, 490.7137
381037,1.7817,0.003586,278.87, 490.7142
381038,1.7847,0.003124,320.14, 490.7137
381039,1.7886,0.003696,270.59, 490.7137
381040,1.7920,0.003705,269.93, 490.7139
381041,1.7954,0.003138,318.65, 490.7137
381042,1.7988,0.003475,287.74, 490.7143
381043,1.8022,0.003320,301.23, 490.7137
381044,1.8062,0.003889,257.16, 490.7142
381045,1.8091,0.003177,314.75, 490.7137
381046,1.8130,0.003602,277.65, 490.7140
381047,1.8164,0.003426,291.85, 490.7143
381048,1.8193,0.003062,326.55, 490.7143
381049,1.8232,0.004113,243.11, 490.7139
381050,1.8267,0.003096,323.00, 490.7137
381051,1.8301,0.003411,293.20, 490.7143
381052,1.8335,0.003481,287.31, 490.7137
381053,1.8369,0.003565,280.54, 490.7140
381054,1.8408,0.003813,262.25, 490.7139
381055,1.8438,0.003071,325.62, 490.7137
381056,1.8472,0.003584,279.01, 490.7140
381057,1.8506,0.003074,325.28, 490.7143
381058,1.8545,0.003886,257.32, 490.7136
381059,1.8574,0.003116,320.88, 490.7137
381060,1.8608,0.003572,279.92, 490.7191
381061,1.8647,0.003766,265.51, 490.7136
381062,1.8682,0.003127,319.77, 490.7137
381063,1.8721,0.003937,254.00, 490.7139
381064,1.8750,0.003125,319.96, 490.7137
381065,1.8784,0.003396,294.46, 490.7143
381066,1.8813,0.003159,316.55, 490.7137
381067,1.8853,0.003777,264.80, 490.7136
381068,1.8887,0.003206,311.89, 490.7137
381069,1.8921,0.003804,262.87, 490.7137
381070,1.8955,0.003386,295.32, 490.7140
381071,1.8989,0.003341,299.28, 490.7162
381072,1.9028,0.003691,270.97, 490.7136
381073,1.9058,0.003172,315.24, 490.7137
381074,1.9097,0.003804,262.90, 490.7136
381075,1.9131,0.003260,306.77, 490.7137
381076,1.9165,0.003644,274.45, 490.7137
381077,1.9204,0.003682,271.58, 490.7136
381078,1.9238,0.003394,294.61, 490.7136
381079,1.9268,0.003222,310.41, 490.7139
381080,1.9302,0.003207,311.81, 490.7137
381081,1.9336,0.003656,273.54, 490.7139
381082,1.9370,0.003145,318.02, 490.7137
381083,1.9409,0.003789,263.92, 490.7137
381084,1.9438,0.003325,300.77, 490.7140
381085,1.9473,0.003223,310.28, 490.7143
381086,1.9512,0.003731,268.05, 490.7140
381087,1.9541,0.003089,323.76, 490.7140
381088,1.9580,0.003799,263.25, 490.7143
381089,1.9609,0.003235,309.14, 490.7140
381090,1.9653,0.004033,247.95, 490.7143
381091,1.9683,0.003258,306.90, 490.7140
381092,1.9717,0.003071,325.67, 490.7137
381093,1.9756,0.003937,254.03, 490.7139
381094,1.9785,0.003247,307.96, 490.7137
381095,1.9819,0.003493,286.29, 490.7137
381096,1.9854,0.003192,313.33, 490.7137
381097,1.9893,0.003933,254.27, 490.7137
381098,1.9927,0.003334,299.92, 490.7137
381099,1.9961,0.003268,305.98, 490.7137
381100,2.0000,0.003957,252.72, 490.7136
381101,2.0034,0.003372,296.54, 490.7137
381102,2.0068,0.003500,285.71, 490.7136
381103,2.0098,0.003209,311.67, 490.7140
381104,2.0137,0.003615,276.66, 490.7143
381105,2.0171,0.003623,276.01, 490.7136
381106,2.0205,0.003276,305.25, 490.7140
381107,2.0239,0.003621,276.17, 490.7136
381108,2.0273,0.003225,310.05, 490.7140
381109,2.0308,0.003705,269.91, 490.7139
381110,2.0342,0.003198,312.72, 490.7143
381111,2.0376,0.003526,283.62, 490.7143
381112,2.0415,0.003599,277.88, 490.7136
381113,2.0444,0.003111,321.47, 490.7137
381114,2.0483,0.003881,257.66, 490.7139
381115,2.0518,0.003291,303.89, 490.7137
381116,2.0552,0.003574,279.78, 490.7136
381117,2.0586,0.003224,310.22, 490.7143
381118,2.0615,0.003305,302.60, 490.7143
381119,2.0654,0.003728,268.22, 490.7143
381120,2.0688,0.003646,274.28, 490.7162
381121,2.0723,0.003416,292.75, 490.7162
381122,2.0757,0.003140,318.45, 490.7137
381123,2.0796,0.003818,261.92, 490.7143
381124,2.0825,0.003108,321.71, 490.7162
381125,2.0859,0.003599,277.86, 490.7143
381126,2.0903,0.004087,244.70, 490.7171
381127,2.0933,0.003163,316.15, 490.7137
381128,2.0967,0.003403,293.83, 490.7140
381129,2.1001,0.003190,313.51, 490.7137
381130,2.1035,0.003712,269.43, 490.7137
381131,2.1069,0.003168,315.64, 490.7140
381132,2.1104,0.003710,269.54, 490.7167
381133,2.1143,0.003737,267.63, 490.7142
381134,2.1177,0.003149,317.60, 490.7172
381135,2.1211,0.003697,270.46, 490.7136
381136,2.1245,0.003157,316.80, 490.7137
381137,2.1279,0.003604,277.45, 490.7143
381138,2.1309,0.003068,325.91, 490.7137
381139,2.1348,0.003601,277.74, 490.7143
381140,2.1387,0.003955,252.83, 490.7136
381141,2.1416,0.003048,328.14, 490.7137
381142,2.1450,0.003468,288.39, 490.7143
381143,2.1484,0.003412,293.10, 490.7143
381144,2.1523,0.003757,266.20, 490.7136
381145,2.1553,0.003184,314.11, 490.7143
381146,2.1592,0.003569,280.17, 490.7140
381147,2.1626,0.003495,286.10, 490.7140
381148,2.1660,0.003674,272.22, 490.7137
381149,2.1699,0.003979,251.31, 490.7139
381150,2.1733,0.003136,318.88, 490.7137
381151,2.1768,0.003673,272.29, 490.7142
381152,2.1802,0.003144,318.07, 490.7137
381153,2.1836,0.003692,270.86, 490.7139
381154,2.1870,0.003081,324.59, 490.7137
381155,2.1904,0.003623,276.00, 490.7143
381156,2.1943,0.003697,270.53, 490.7143
381157,2.1973,0.003096,322.97, 490.7140
381158,2.2012,0.003758,266.08, 490.7143
381159,2.2041,0.003094,323.20, 490.7140
381160,2.2080,0.003783,264.37, 490.7137
381161,2.2109,0.003060,326.82, 490.7143
381162,2.2148,0.003894,256.79, 490.7137
381163,2.2183,0.003537,282.74, 490.7137
381164,2.2217,0.003080,324.73, 490.7137
381165,2.2251,0.003790,263.83, 490.7137
381166,2.2285,0.003073,325.38, 490.7140
381167,2.2319,0.003784,264.24, 490.7137
381168,2.2354,0.003026,330.49, 490.7143
381169,2.2388,0.003845,260.11, 490.7211
381170,2.2427,0.003606,277.29, 490.7143
381171,2.2456,0.003147,317.73, 490.7137
381172,2.2495,0.003783,264.35, 490.7143
381173,2.2529,0.003302,302.83, 490.7140
381174,2.2563,0.003576,279.64, 490.7137
381175,2.2598,0.003401,294.01, 490.7137
381176,2.2632,0.003604,277.50, 490.7140
381177,2.2671,0.003573,279.89, 490.7143
381178,2.2700,0.003085,324.17, 490.7162
381179,2.2739,0.003851,259.67, 490.7140
381180,2.2769,0.003107,321.83, 490.7137
381181,2.2808,0.003796,263.46, 490.7136
381182,2.2837,0.003079,324.76, 490.7137
381183,2.2876,0.003633,275.28, 490.7137
381184,2.2915,0.003800,263.19, 490.7139
381185,2.2944,0.003043,328.63, 490.7140
381186,2.2979,0.003454,289.51, 490.7137
381187,2.3013,0.003531,283.19, 490.7137
381188,2.3052,0.003641,274.66, 490.7136
381189,2.3081,0.003236,309.03, 490.7137
381190,2.3120,0.003632,275.36, 490.7137
381191,2.3154,0.003495,286.14, 490.7143
381192,2.3184,0.003111,321.42, 490.7140
381193,2.3223,0.003911,255.70, 490.7140
381194,2.3257,0.003149,317.52, 490.7137
381195,2.3291,0.003637,274.93, 490.7140
381196,2.3320,0.003065,326.25, 490.7140
381197,2.3359,0.003739,267.47, 490.7191
381198,2.3394,0.003573,279.88, 490.7137
381199,2.3428,0.003260,306.79, 490.7143
381200,2.3467,0.003666,272.79, 490.7143
381201,2.3496,0.003106,322.00, 490.7140
381202,2.3535,0.003721,268.76, 490.7140
381203,2.3564,0.003135,318.98, 490.7137
381204,2.3604,0.003856,259.32, 490.7137
381205,2.3638,0.003569,280.18, 490.7143
381206,2.3667,0.003034,329.57, 490.7137
381207,2.3711,0.004142,241.42, 490.7136
381208,2.3745,0.003320,301.18, 490.7137
381209,2.3774,0.003311,302.01, 490.7136
381210,2.3809,0.003310,302.15, 490.7137
381211,2.3848,0.003694,270.72, 490.7140
381212,2.3882,0.003535,282.90, 490.7136
381213,2.3911,0.003125,320.02, 490.7137
381214,2.3950,0.003644,274.44, 490.7143
381215,2.3979,0.003072,325.55, 490.7143
381216,2.4019,0.003787,264.09, 490.7136
381217,2.4053,0.003262,306.56, 490.7137
381218,2.4087,0.003649,274.09, 490.7143
381219,2.4121,0.003437,290.99, 490.7137
381220,2.4155,0.003189,313.61, 490.7140
381221,2.4189,0.003755,266.29, 490.7143
381222,2.4224,0.003126,319.92, 490.7137
381223,2.4263,0.004139,241.60, 490.7136
381224,2.4297,0.003096,323.03, 490.7137
381225,2.4331,0.003775,264.91, 490.7140
381226,2.4365,0.003478,287.51, 490.7137
381227,2.4399,0.003422,292.25, 490.7143
381228,2.4438,0.003479,287.41, 490.7143
381229,2.4468,0.003140,318.51, 490.7143
381230,2.4507,0.003808,262.58, 490.7136
381231,2.4536,0.003170,315.42, 490.7137
381232,2.4575,0.003692,270.88, 490.7140
381233,2.4609,0.003422,292.27, 490.7137
381234,2.4644,0.003246,308.11, 490.7140
381235,2.4678,0.003610,277.03, 490.7137
381236,2.4712,0.003438,290.83, 490.7137
381237,2.4746,0.003551,281.65, 490.7162
381238,2.4780,0.003148,317.69, 490.7140
381239,2.4814,0.003767,265.50, 490.7162
381240,2.4854,0.003595,278.16, 490.7136
381241,2.4883,0.003101,322.53, 490.7191
381242,2.4922,0.003889,257.16, 490.7136
381243,2.4956,0.003422,292.24, 490.7137
381244,2.4990,0.003341,299.31, 490.7139
381245,2.5020,0.003132,319.25, 490.7137
381246,2.5059,0.003688,271.17, 490.7137
381247,2.5093,0.003564,280.58, 490.7142
381248,2.5127,0.003114,321.16, 490.7196
381249,2.5161,0.003581,279.29, 490.7137
381250,2.5190,0.003143,318.21, 490.7137
381251,2.5229,0.003672,272.35, 490.7140
381252,2.5264,0.003267,306.08, 490.7140
381253,2.5303,0.003887,257.29, 490.7137
381254,2.5337,0.003436,291.06, 490.7136
381255,2.5366,0.003042,328.72, 490.7137
381256,2.5400,0.003670,272.49, 490.7140
381257,2.5435,0.003235,309.16, 490.7143
381258,2.5474,0.003813,262.25, 490.7136
381259,2.5503,0.003219,310.63, 490.7137
381260,2.5542,0.003550,281.66, 490.7201
381261,2.5571,0.003093,323.28, 490.7137
381262,2.5610,0.003840,260.43, 490.7137
381263,2.5645,0.003497,285.98, 490.7140
381264,2.5674,0.003093,323.30, 490.7137
381265,2.5713,0.003687,271.23, 490.7140
381266,2.5747,0.003306,302.49, 490.7137
381267,2.5781,0.003607,277.27, 490.7136
381268,2.5811,0.003106,321.94, 490.7137
381269,2.5850,0.003684,271.43, 490.7137
381270,2.5884,0.003607,277.22, 490.7137
381271,2.5923,0.003609,277.09, 490.7143
381272,2.5957,0.003500,285.70, 490.7137
381273,2.5986,0.003066,326.13, 490.7137
381274,2.6025,0.003797,263.34, 490.7136
381275,2.6055,0.003121,320.44, 490.7137
381276,2.6094,0.003690,270.99, 490.7206
381277,2.6128,0.003633,275.22, 490.7142
381278,2.6162,0.003100,322.58, 490.7137
381279,2.6196,0.003621,276.18, 490.7137
381280,2.6235,0.003830,261.13, 490.7137
381281,2.6265,0.003141,318.38, 490.7140
381282,2.6304,0.003636,275.03, 490.7137
381283,2.6338,0.003382,295.66, 490.7140
381284,2.6372,0.003603,277.59, 490.7140
381285,2.6401,0.003097,322.95, 490.7137
381286,2.6440,0.003671,272.40, 490.7143
381287,2.6470,0.003112,321.30, 490.7143
381288,2.6509,0.003709,269.64, 490.7137
381289,2.6538,0.003112,321.38, 490.7191
381290,2.6577,0.003583,279.08, 490.7137
381291,2.6611,0.003632,275.37, 490.7140
381292,2.6646,0.003168,315.69, 490.7137
381293,2.6680,0.003772,265.08, 490.7142
381294,2.6714,0.003300,303.01, 490.7137
381295,2.6753,0.003793,263.62, 490.7139
381296,2.6782,0.003055,327.39, 490.7177
381297,2.6821,0.003770,265.25, 490.7139
381298,2.6851,0.003109,321.62, 490.7137
381299,2.6890,0.003802,263.03, 490.7137
381300,2.6924,0.003540,282.51, 490.7139
381301,2.6958,0.003123,320.20, 490.7137
381302,2.6992,0.003534,282.95, 490.7137
381303,2.7026,0.003554,281.40, 490.7143
381304,2.7061,0.003364,297.31, 490.7137
381305,2.7095,0.003284,304.47, 490.7143
381306,2.7129,0.003562,280.75, 490.7140
381307,2.7163,0.003592,278.40, 490.7137
381308,2.7197,0.003407,293.52, 490.7137
381309,2.7236,0.003615,276.64, 490.7143
381310,2.7266,0.003092,323.46, 490.7137
381311,2.7305,0.003816,262.04, 490.7136
381312,2.7339,0.003481,287.29, 490.7137
381313,2.7373,0.003342,299.22, 490.7140
381314,2.7412,0.003830,261.08, 490.7136
381315,2.7446,0.003347,298.80, 490.7137
381316,2.7480,0.003705,269.88, 490.7139
381317,2.7520,0.003626,275.80, 490.7136
381318,2.7554,0.003414,292.95, 490.7143
381319,2.7588,0.003440,290.74, 490.7143
381320,2.7622,0.003411,293.16, 490.7137
381321,2.7656,0.003525,283.72, 490.7140
381322,2.7695,0.003887,257.30, 490.7137
381323,2.7729,0.003642,274.57, 490.7136
381324,2.7764,0.003094,323.26, 490.7137
381325,2.7798,0.003576,279.61, 490.7137
381326,2.7832,0.003708,269.69, 490.7161
381327,2.7866,0.003184,314.12, 490.7143
381328,2.7900,0.003634,275.19, 490.7137
381329,2.7935,0.003248,307.90, 490.7162
381330,2.7969,0.003611,276.93, 490.7137
381331,2.8003,0.003309,302.22, 490.7137
381332,2.8042,0.003763,265.74, 490.7137
381333,2.8076,0.003415,292.85, 490.7143
381334,2.8110,0.003258,306.90, 490.7137
381335,2.8145,0.003720,268.83, 490.7140
381336,2.8179,0.003105,322.11, 490.7137
381337,2.8213,0.003824,261.49, 490.7136
381338,2.8247,0.003076,325.15, 490.7143
381339,2.8286,0.003897,256.64, 490.7140
381340,2.8320,0.003462,288.82, 490.7143
381341,2.8350,0.003158,316.69, 490.7137
381342,2.8389,0.003700,270.27, 490.7140
381343,2.8418,0.003103,322.30, 490.7143
381344,2.8457,0.003812,262.31, 490.7136
381345,2.8486,0.003078,324.84, 490.7137
381346,2.8525,0.003712,269.41, 490.7137
381347,2.8560,0.003689,271.06, 490.7139
381348,2.8594,0.003096,323.05, 490.7137
381349,2.8633,0.003766,265.57, 490.7139
381350,2.8662,0.003076,325.07, 490.7137
381351,2.8696,0.003696,270.59, 490.7137
381352,2.8730,0.003320,301.24, 490.7137
381353,2.8770,0.003839,260.49, 490.7140
381354,2.8804,0.003392,294.78, 490.7137
381355,2.8838,0.003190,313.45, 490.7137
381356,2.8872,0.003476,287.73, 490.7140
381357,2.8906,0.003531,283.21, 490.7137
381358,2.8945,0.003756,266.27, 490.7136
381359,2.8975,0.003131,319.36, 490.7137
381360,2.9009,0.003519,284.15, 490.7143
381361,2.9048,0.003628,275.66, 490.7137
381362,2.9082,0.003617,276.51, 490.7137
381363,2.9116,0.003595,278.19, 490.7142
381364,2.9150,0.003128,319.69, 490.7137
381365,2.9185,0.003664,272.90, 490.7137
381366,2.9219,0.003191,313.40, 490.7137
381367,2.9253,0.003728,268.24, 490.7140
381368,2.9292,0.003568,280.27, 490.7143
381369,2.9326,0.003291,303.83, 490.7137
381370,2.9360,0.003633,275.27, 490.7136
381371,2.9395,0.003366,297.05, 490.7137
381372,2.9429,0.003717,269.07, 490.7136
381373,2.9463,0.003129,319.63, 490.7140
381374,2.9497,0.003523,283.87, 490.7140
381375,2.9536,0.003689,271.05, 490.7139
381376,2.9565,0.003129,319.60, 490.7137
381377,2.9600,0.003425,291.96, 490.7140
381378,2.9634,0.003211,311.43, 490.7143
381379,2.9673,0.003963,252.33, 490.7139
381380,2.9707,0.003534,282.95, 490.7139
381381,2.9741,0.003235,309.14, 490.7137
381382,2.9775,0.003508,285.04, 490.7142
381383,2.9805,0.003108,321.73, 490.7137
381384,2.9844,0.003718,268.96, 490.7139
381385,2.9873,0.003128,319.74, 490.7137
381386,2.9912,0.003566,280.43, 490.7137
381387,2.9941,0.003226,310.01, 490.7143
381388,2.9980,0.003678,271.88, 490.7137
381389,3.0020,0.004239,235.88, 490.7139
381390,3.0059,0.003819,261.86, 490.7136
381391,3.0093,0.003556,281.24, 490.7137
381392,3.0132,0.003613,276.76, 490.7136
381393,3.0166,0.003548,281.89, 490.7136
381394,3.0200,0.003245,308.16, 490.7142
381395,3.0229,0.003107,321.91, 490.7136
381396,3.0259,0.003093,323.28, 490.7137
381397,3.0293,0.003325,300.74, 490.7140
381398,3.0327,0.003522,283.95, 490.7143
381399,3.0361,0.003081,324.53, 490.7143
381400,3.0400,0.004060,246.29, 490.7136
381401,3.0435,0.003154,317.06, 490.7137
381402,3.0469,0.003619,276.30, 490.7143
381403,3.0503,0.003570,280.08, 490.7136
381404,3.0537,0.003197,312.81, 490.7137
381405,3.0571,0.003448,290.01, 490.7143
381406,3.0605,0.003388,295.17, 490.7143
381407,3.0640,0.003550,281.70, 490.7143
381408,3.0669,0.003081,324.53, 490.7140
381409,3.0708,0.003899,256.50, 490.7137
381410,3.0747,0.003510,284.90, 490.7137
381411,3.0781,0.003606,277.29, 490.7140
381412,3.0815,0.003548,281.87, 490.7137
381413,3.0850,0.003098,322.79, 490.7137
381414,3.0884,0.003790,263.89, 490.7137
381415,3.0918,0.003090,323.61, 490.7143
381416,3.0952,0.003729,268.18, 490.7143
381417,3.0986,0.003468,288.36, 490.7143
381418,3.1021,0.003234,309.19, 490.7137
381419,3.1060,0.003875,258.06, 490.7142
381420,3.1094,0.003323,300.91, 490.7137
381421,3.1128,0.003486,286.87, 490.7162
381422,3.1157,0.003142,318.28, 490.7137
381423,3.1196,0.003763,265.72, 490.7162
381424,3.1230,0.003505,285.33, 490.7140
381425,3.1270,0.003672,272.34, 490.7137
381426,3.1299,0.003090,323.68, 490.7137
381427,3.1333,0.003400,294.08, 490.7137
381428,3.1367,0.003569,280.17, 490.7140
381429,3.1401,0.003183,314.16, 490.7140
381430,3.1440,0.003829,261.18, 490.7140
381431,3.1475,0.003465,288.64, 490.7143
381432,3.1509,0.003349,298.58, 490.7137
381433,3.1548,0.003872,258.24, 490.7140
381434,3.1577,0.003186,313.91, 490.7137
381435,3.1616,0.003734,267.83, 490.7136
381436,3.1646,0.003067,326.09, 490.7140
381437,3.1680,0.003637,274.96, 490.7137
381438,3.1719,0.003801,263.10, 490.7139
381439,3.1753,0.003152,317.27, 490.7137
381440,3.1787,0.003561,280.80, 490.7143
381441,3.1816,0.003077,325.01, 490.7140
381442,3.1855,0.003739,267.47, 490.7137
381443,3.1890,0.003184,314.06, 490.7140
381444,3.1924,0.003828,261.27, 490.7137
381445,3.1963,0.003545,282.11, 490.7140
381446,3.1992,0.002983,335.29, 490.7137
381447,3.2031,0.003810,262.45, 490.7143
381448,3.2061,0.003074,325.28, 490.7137
381449,3.2100,0.003837,260.61, 490.7140
381450,3.2129,0.003007,332.51, 490.7140
381451,3.2168,0.003824,261.51, 490.7137
381452,3.2202,0.003725,268.43, 490.7137
381453,3.2231,0.003008,332.48, 490.7143
381454,3.2271,0.003740,267.39, 490.7140
381455,3.2305,0.003155,316.96, 490.7137
381456,3.2344,0.003957,252.73, 490.7136
381457,3.2373,0.003210,311.54, 490.7137
381458,3.2412,0.003574,279.78, 490.7137
381459,3.2446,0.003599,277.85, 490.7136
381460,3.2476,0.003035,329.52, 490.7137
381461,3.2515,0.003744,267.10, 490.7143
381462,3.2544,0.003149,317.57, 490.7137
381463,3.2583,0.003884,257.48, 490.7136
381464,3.2617,0.003190,313.50, 490.7137
381465,3.2651,0.003603,277.58, 490.7137
381466,3.2686,0.003594,278.26, 490.7139
381467,3.2720,0.003109,321.68, 490.7137
381468,3.2759,0.003794,263.60, 490.7142
381469,3.2788,0.003179,314.58, 490.7137
381470,3.2827,0.003717,269.02, 490.7142
381471,3.2856,0.003167,315.74, 490.7137
381472,3.2896,0.003720,268.80, 490.7143
381473,3.2930,0.003617,276.47, 490.7136
381474,3.2964,0.003114,321.15, 490.7137
381475,3.2998,0.003687,271.25, 490.7136
381476,3.3032,0.003189,313.60, 490.7137
381477,3.3066,0.003615,276.65, 490.7143
381478,3.3101,0.003132,319.32, 490.7137
381479,3.3135,0.003832,260.96, 490.7137
381480,3.3174,0.003590,278.53, 490.7136
381481,3.3203,0.003113,321.29, 490.7137
381482,3.3242,0.003801,263.10, 490.7136
381483,3.3271,0.003143,318.19, 490.7137
381484,3.3311,0.003677,271.99, 490.7142
381485,3.3340,0.003118,320.69, 490.7137
381486,3.3379,0.003696,270.56, 490.7143
381487,3.3418,0.003752,266.56, 490.7136
381488,3.3447,0.003151,317.33, 490.7137
381489,3.3481,0.003452,289.65, 490.7137
381490,3.3516,0.003371,296.68, 490.7137
381491,3.3555,0.003721,268.76, 490.7136
381492,3.3584,0.003157,316.79, 490.7137
381493,3.3623,0.003670,272.51, 490.7142
381494,3.3652,0.003164,316.03, 490.7137
381495,3.3687,0.003640,274.70, 490.7137
381496,3.3726,0.003491,286.46, 490.7137
381497,3.3755,0.003200,312.49, 490.7140
381498,3.3794,0.003804,262.90, 490.7136
381499,3.3828,0.003272,305.65, 490.7137
381500,3.3862,0.003630,275.48, 490.7136
381501,3.3896,0.003207,311.85, 490.7137
381502,3.3931,0.003786,264.16, 490.7137
381503,3.3970,0.003638,274.91, 490.7136
381504,3.3999,0.003212,311.32, 490.7137
381505,3.4038,0.003464,288.65, 490.7143
381506,3.4067,0.003264,306.38, 490.7137
381507,3.4111,0.004049,246.96, 490.7136
381508,3.4141,0.003186,313.85, 490.7143
381509,3.4180,0.003702,270.14, 490.7137
381510,3.4214,0.003565,280.48, 490.7139
381511,3.4248,0.003236,308.99, 490.7137
381512,3.4282,0.003516,284.43, 490.7136
381513,3.4312,0.003232,309.39, 490.7137
381514,3.4351,0.003781,264.49, 490.7136
381515,3.4385,0.003323,300.90, 490.7137
381516,3.4419,0.003411,293.20, 490.7137
381517,3.4463,0.004266,234.43, 490.7136
381518,3.4497,0.003548,281.88, 490.7136
381519,3.4526,0.003109,321.67, 490.7139
381520,3.4561,0.003525,283.67, 490.7140
381521,3.4595,0.003008,332.42, 490.7140
381522,3.4629,0.003771,265.21, 490.7140
381523,3.4663,0.003055,327.31, 490.7143
381524,3.4697,0.003699,270.31, 490.7143
381525,3.4731,0.003550,281.67, 490.7137
381526,3.4766,0.003346,298.88, 490.7140
381527,3.4800,0.003343,299.18, 490.7143
381528,3.4834,0.003488,286.69, 490.7167
381529,3.4868,0.003182,314.24, 490.7137
381530,3.4907,0.003854,259.46, 490.7137
381531,3.4941,0.003477,287.64, 490.7137
381532,3.4971,0.003230,309.57, 490.7137
381533,3.5010,0.003672,272.37, 490.7143
381534,3.5049,0.003673,272.27, 490.7140
381535,3.5078,0.003175,315.01, 490.7137
381536,3.5112,0.003509,285.00, 490.7140
381537,3.5146,0.003451,289.76, 490.7140
381538,3.5186,0.003582,279.14, 490.7140
381539,3.5215,0.003184,314.03, 490.7137
381540,3.5254,0.003727,268.29, 490.7245
381541,3.5283,0.003178,314.63, 490.7137
381542,3.5322,0.003659,273.30, 490.7137
381543,3.5352,0.003168,315.68, 490.7143
381544,3.5391,0.003763,265.78, 490.7137
381545,3.5425,0.003620,276.22, 490.7136
381546,3.5459,0.003101,322.45, 490.7137
381547,3.5493,0.003710,269.51, 490.7142
381548,3.5527,0.003140,318.51, 490.7137
381549,3.5562,0.003753,266.48, 490.7139
381550,3.5596,0.003122,320.36, 490.7137
381551,3.5630,0.003709,269.60, 490.7140
381552,3.5669,0.003655,273.58, 490.7139
381553,3.5698,0.003153,317.18, 490.7137
381554,3.5737,0.003699,270.34, 490.7230
381555,3.5767,0.003090,323.66, 490.7143
381556,3.5806,0.003843,260.24, 490.7142
381557,3.5840,0.003124,320.11, 490.7137
381558,3.5874,0.003684,271.48, 490.7177
381559,3.5913,0.003796,263.46, 490.7142
381560,3.5942,0.003115,321.05, 490.7137
381561,3.5981,0.003643,274.49, 490.7142
381562,3.6011,0.003167,315.81, 490.7137
381563,3.6050,0.003823,261.55, 490.7161
381564,3.6079,0.003058,327.02, 490.7137
381565,3.6118,0.003582,279.14, 490.7140
381566,3.6152,0.003554,281.37, 490.7140
381567,3.6182,0.002970,336.70, 490.7143
381568,3.6221,0.004011,249.35, 490.7137
381569,3.6250,0.003000,333.33, 490.7140
381570,3.6289,0.003873,258.20, 490.7136
381571,3.6318,0.003027,330.38, 490.7137
381572,3.6357,0.003645,274.38, 490.7137
381573,3.6396,0.003743,267.14, 490.7137
381574,3.6426,0.002998,333.57, 490.7137
381575,3.6460,0.003790,263.83, 490.7140
381576,3.6494,0.003016,331.61, 490.7137
381577,3.6528,0.003815,262.12, 490.7140
381578,3.6563,0.003258,306.98, 490.7137
381579,3.6602,0.003643,274.47, 490.7137
381580,3.6636,0.003604,277.51, 490.7137
381581,3.6665,0.002965,337.31, 490.7143
381582,3.6704,0.003938,253.97, 490.7137
381583,3.6738,0.003189,313.60, 490.7137
381584,3.6772,0.003687,271.22, 490.7140
381585,3.6807,0.003108,321.75, 490.7140
381586,3.6841,0.003691,270.91, 490.7140
381587,3.6870,0.003014,331.84, 490.7137
381588,3.6909,0.003812,262.30, 490.7140
381589,3.6943,0.003584,279.05, 490.7143
381590,3.6978,0.002971,336.56, 490.7137
381591,3.7012,0.003857,259.24, 490.7140
381592,3.7046,0.003054,327.49, 490.7137
381593,3.7085,0.003860,259.08, 490.7137
381594,3.7114,0.003334,299.92, 490.7137
381595,3.7153,0.003597,278.05, 490.7143
381596,3.7188,0.003374,296.43, 490.7143
381597,3.7222,0.003507,285.14, 490.7143
381598,3.7256,0.003493,286.31, 490.7143
381599,3.7285,0.003068,325.98, 490.7143
381600,3.7324,0.003710,269.53, 490.7143
381601,3.7354,0.003096,323.04, 490.7137
381602,3.7397,0.004314,231.78, 490.7139
381603,3.7432,0.003166,315.90, 490.7142
381604,3.7461,0.003062,326.62, 490.7140
381605,3.7500,0.003858,259.20, 490.7139
381606,3.7534,0.003518,284.25, 490.7137
381607,3.7568,0.003401,294.02, 490.7196
381608,3.7603,0.003458,289.15, 490.7140
381609,3.7637,0.003490,286.53, 490.7140
381610,3.7671,0.003384,295.47, 490.7137
381611,3.7710,0.004006,249.66, 490.7140
381612,3.7749,0.003550,281.73, 490.7143
381613,3.7778,0.003041,328.82, 490.7143
381614,3.7817,0.003895,256.71, 490.7137
381615,3.7847,0.003139,318.59, 490.7137
381616,3.7886,0.003983,251.06, 490.7137
381617,3.7925,0.003603,277.55, 490.7136
381618,3.7954,0.003295,303.54, 490.7140
381619,3.7988,0.003197,312.76, 490.7143
381620,3.8022,0.003204,312.10, 490.7140
381621,3.8062,0.003881,257.67, 490.7140
381622,3.8096,0.003662,273.05, 490.7137
381623,3.8130,0.003194,313.11, 490.7140
381624,3.8164,0.003644,274.41, 490.7140
381625,3.8193,0.003093,323.33, 490.7140
381626,3.8232,0.003798,263.31, 490.7137
381627,3.8262,0.003065,326.26, 490.7137
381628,3.8301,0.003753,266.46, 490.7140
381629,3.8335,0.003177,314.73, 490.7137
381630,3.8369,0.003671,272.41, 490.7140
381631,3.8408,0.003694,270.70, 490.7143
381632,3.8438,0.003304,302.70, 490.7140
381633,3.8477,0.003439,290.81, 490.7137
381634,3.8506,0.003382,295.65, 490.7137
381635,3.8545,0.003528,283.45, 490.7143
381636,3.8574,0.003017,331.41, 490.7137
381637,3.8613,0.003870,258.38, 490.7140
381638,3.8647,0.003746,266.95, 490.7139
381639,3.8682,0.002999,333.40, 490.7137
381640,3.8721,0.003882,257.58, 490.7139
381641,3.8750,0.003071,325.65, 490.7137
381642,3.8784,0.003574,279.78, 490.7137
381643,3.8818,0.003249,307.79, 490.7137
381644,3.8853,0.003632,275.35, 490.7140
381645,3.8892,0.003681,271.69, 490.7143
381646,3.8921,0.003202,312.29, 490.7143
381647,3.8960,0.003611,276.97, 490.7140
381648,3.8989,0.003223,310.31, 490.7143
381649,3.9028,0.003583,279.07, 490.7143
381650,3.9058,0.003181,314.40, 490.7137
381651,3.9097,0.003819,261.84, 490.7137
381652,3.9136,0.003742,267.26, 490.7136
381653,3.9165,0.003093,323.36, 490.7137
381654,3.9199,0.003530,283.26, 490.7140
381655,3.9233,0.003277,305.17, 490.7140
381656,3.9268,0.003564,280.55, 490.7137
381657,3.9302,0.003201,312.40, 490.7140
381658,3.9336,0.003642,274.55, 490.7201
381659,3.9370,0.003534,283.00, 490.7140
381660,3.9409,0.003854,259.47, 490.7140
381661,3.9448,0.003489,286.62, 490.7140
381662,3.9478,0.003270,305.85, 490.7140
381663,3.9517,0.003625,275.88, 490.7137
381664,3.9551,0.003718,268.95, 490.7140
381665,3.9590,0.003924,254.84, 490.7143
381666,3.9624,0.003391,294.93, 490.7139
381667,3.9653,0.003001,333.28, 490.7140
381668,3.9692,0.003615,276.61, 490.7143
381669,3.9727,0.003410,293.24, 490.7143
381670,3.9761,0.003628,275.63, 490.7137
381671,3.9800,0.003573,279.87, 490.7143
381672,3.9829,0.002985,335.02, 490.7143
381673,3.9863,0.003788,263.96, 490.7140
381674,3.9897,0.003090,323.67, 490.7137
381675,3.9937,0.003839,260.48, 490.7143
381676,3.9966,0.003235,309.17, 490.7137
381677,4.0005,0.003602,277.65, 490.7140
381678,4.0039,0.003782,264.45, 490.7139
381679,4.0068,0.002984,335.11, 490.7140
381680,4.0107,0.003707,269.79, 490.7143
381681,4.0137,0.003137,318.78, 490.7143
381682,4.0176,0.003689,271.06, 490.7140
381683,4.0210,0.003368,296.95, 490.7137
381684,4.0244,0.003546,282.04, 490.7140
381685,4.0278,0.003238,308.88, 490.7140
381686,4.0313,0.003629,275.60, 490.7137
381687,4.0352,0.003572,279.95, 490.7143
381688,4.0381,0.003058,326.97, 490.7137
381689,4.0420,0.003861,259.01, 490.7140
381690,4.0454,0.003357,297.87, 490.7140
381691,4.0488,0.003549,281.80, 490.7140
381692,4.0522,0.003303,302.78, 490.7140
381693,4.0557,0.003525,283.70, 490.7143
381694,4.0596,0.004221,236.93, 490.7143
381695,4.0630,0.003007,332.56, 490.7140
381696,4.0664,0.003795,263.48, 490.7143
381697,4.0698,0.003143,318.21, 490.7137
381698,4.0737,0.003871,258.30, 490.7137
381699,4.0771,0.003576,279.63, 490.7137
381700,4.0801,0.003001,333.21, 490.7140
381701,4.0840,0.003852,259.59, 490.7137
381702,4.0869,0.003027,330.33, 490.7137
381703,4.0913,0.004183,239.05, 490.7137
381704,4.0942,0.003025,330.61, 490.7143
381705,4.0981,0.003758,266.13, 490.7143
381706,4.1016,0.003615,276.66, 490.7140
381707,4.1045,0.003068,325.97, 490.7140
381708,4.1084,0.003812,262.34, 490.7143
381709,4.1118,0.003393,294.73, 490.7140
381710,4.1152,0.003463,288.73, 490.7137
381711,4.1187,0.003092,323.40, 490.7137
381712,4.1226,0.003859,259.15, 490.7143
381713,4.1260,0.003386,295.35, 490.7143
381714,4.1294,0.003662,273.06, 490.7140
381715,4.1328,0.003426,291.90, 490.7140
381716,4.1357,0.003060,326.85, 490.7140
381717,4.1396,0.003693,270.82, 490.7140
381718,4.1426,0.003093,323.34, 490.7143
381719,4.1465,0.003705,269.88, 490.7143
381720,4.1499,0.003471,288.13, 490.7143
381721,4.1533,0.003297,303.28, 490.7143
381722,4.1567,0.003657,273.42, 490.7140
381723,4.1597,0.003055,327.29, 490.7143
381724,4.1636,0.003731,268.03, 490.7140
381725,4.1665,0.003063,326.45, 490.7143
381726,4.1704,0.003748,266.79, 490.7140
381727,4.1743,0.003697,270.47, 490.7143
381728,4.1772,0.003344,299.07, 490.7137
381729,4.1812,0.003507,285.17, 490.7137
381730,4.1841,0.002983,335.26, 490.7140
381731,4.1880,0.003847,259.97, 490.7143
381732,4.1909,0.003101,322.47, 490.7137
381733,4.1948,0.003822,261.66, 490.7140
381734,4.1978,0.002985,335.02, 490.7137
381735,4.2017,0.003817,261.99, 490.7137
381736,4.2051,0.003657,273.43, 490.7140
381737,4.2080,0.003025,330.59, 490.7137
381738,4.2119,0.003697,270.53, 490.7140
381739,4.2148,0.003127,319.83, 490.7143
381740,4.2188,0.003672,272.35, 490.7137
381741,4.2217,0.003183,314.17, 490.7143
381742,4.2256,0.003849,259.81, 490.7137
381743,4.2295,0.003550,281.70, 490.7143
381744,4.2324,0.003078,324.91, 490.7140
381745,4.2358,0.003718,268.98, 490.7143
381746,4.2393,0.003331,300.17, 490.7143
381747,4.2432,0.003738,267.49, 490.7143
381748,4.2466,0.003302,302.83, 490.7137
381749,4.2505,0.003833,260.92, 490.7140
381750,4.2539,0.003549,281.75, 490.7140
381751,4.2568,0.003198,312.67, 490.7143
381752,4.2607,0.003583,279.11, 490.7137
381753,4.2642,0.003337,299.71, 490.7143
381754,4.2676,0.003470,288.17, 490.7143
381755,4.2710,0.003409,293.34, 490.7137
381756,4.2744,0.003540,282.53, 490.7143
381757,4.2778,0.003580,279.31, 490.7140
381758,4.2813,0.003219,310.68, 490.7137
381759,4.2847,0.003658,273.40, 490.7143
381760,4.2881,0.003268,305.96, 490.7143
381761,4.2920,0.003687,271.23, 490.7137
381762,4.2949,0.002969,336.86, 490.7143
381763,4.2983,0.003730,268.08, 490.7143
381764,4.3022,0.003693,270.76, 490.7137
381765,4.3052,0.003181,314.37, 490.7137
381766,4.3091,0.003641,274.68, 490.7143
381767,4.3125,0.003301,302.93, 490.7143
381768,4.3159,0.003579,279.42, 490.7140
381769,4.3188,0.003174,315.05, 490.7143
381770,4.3228,0.003752,266.55, 490.7137
381771,4.3262,0.003596,278.11, 490.7143
381772,4.3296,0.003219,310.69, 490.7137
381773,4.3330,0.003659,273.31, 490.7143
381774,4.3364,0.003047,328.18, 490.7140
381775,4.3403,0.003809,262.52, 490.7143
381776,4.3433,0.003248,307.84, 490.7143
381777,4.3467,0.003564,280.56, 490.7143
381778,4.3506,0.003669,272.57, 490.7137
381779,4.3535,0.003132,319.31, 490.7143
381780,4.3574,0.003643,274.50, 490.7140
381781,4.3608,0.003400,294.08, 490.7143
381782,4.3643,0.003567,280.32, 490.7140
381783,4.3677,0.003297,303.32, 490.7140
381784,4.3711,0.003561,280.79, 490.7137
381785,4.3750,0.003708,269.72, 490.7140
381786,4.3779,0.002937,340.47, 490.7137
381787,4.3818,0.003902,256.28, 490.7137
381788,4.3848,0.003254,307.32, 490.7140
381789,4.3887,0.003568,280.30, 490.7143
381790,4.3916,0.003285,304.46, 490.7140
381791,4.3955,0.003566,280.43, 490.7137
381792,4.3989,0.003632,275.32, 490.7140
381793,4.4019,0.003020,331.14, 490.7140
381794,4.4058,0.003909,255.81, 490.7143
381795,4.4092,0.003011,332.17, 490.7140
381796,4.4126,0.003619,276.33, 490.7140
381797,4.4160,0.003493,286.26, 490.7137
381798,4.4194,0.003551,281.63, 490.7137
381799,4.4233,0.003691,270.93, 490.7137
381800,4.4263,0.003031,329.98, 490.7137
381801,4.4302,0.003734,267.79, 490.7143
381802,4.4331,0.003090,323.67, 490.7137
381803,4.4370,0.003717,269.05, 490.7143
381804,4.4404,0.003414,292.90, 490.7137
381805,4.4438,0.003730,268.08, 490.7186
381806,4.4478,0.003868,258.50, 490.7136
381807,4.4512,0.003410,293.22, 490.7136
381808,4.4546,0.003357,297.88, 490.7136
381809,4.4580,0.003382,295.68, 490.7172
381810,4.4614,0.003333,300.07, 490.7136
381811,4.4648,0.003239,308.77, 490.7143
381812,4.4683,0.003517,284.34, 490.7140
381813,4.4717,0.003569,280.19, 490.7140
381814,4.4756,0.003629,275.59, 490.7137
381815,4.4790,0.003524,283.74, 490.7143
381816,4.4819,0.003070,325.69, 490.7140
381817,4.4858,0.003861,259.03, 490.7143
381818,4.4893,0.003318,301.38, 490.7137
381819,4.4927,0.003766,265.54, 490.7139
381820,4.4961,0.002975,336.13, 490.7140
381821,4.4995,0.003700,270.25, 490.7140
381822,4.5034,0.003641,274.64, 490.7140
381823,4.5063,0.003105,322.09, 490.7143
381824,4.5098,0.003646,274.30, 490.7143
381825,4.5132,0.003214,311.18, 490.7140
381826,4.5166,0.003523,283.83, 490.7137
381827,4.5200,0.003483,287.11, 490.7140
381828,4.5239,0.003623,276.01, 490.7140
381829,4.5273,0.003574,279.79, 490.7143
381830,4.5308,0.003202,312.30, 490.7137
381831,4.5342,0.003663,272.99, 490.7137
381832,4.5376,0.003289,304.03, 490.7140
381833,4.5410,0.003729,268.18, 490.7137
381834,4.5444,0.002960,337.89, 490.7140
381835,4.5479,0.003779,264.63, 490.7143
381836,4.5513,0.003460,289.06, 490.7137
381837,4.5552,0.003506,285.25, 490.7140
381838,4.5586,0.003467,288.44, 490.7140
381839,4.5615,0.003339,299.48, 490.7143
381840,4.5654,0.003490,286.50, 490.7137
381841,4.5684,0.003311,302.01, 490.7143
381842,4.5723,0.003748,266.78, 490.7162
381843,4.5757,0.003372,296.60, 490.7143
381844,4.5791,0.003198,312.73, 490.7137
381845,4.5825,0.003771,265.15, 490.7143
381846,4.5859,0.003068,325.99, 490.7137
381847,4.5894,0.003799,263.22, 490.7137
381848,4.5928,0.003052,327.68, 490.7143
381849,4.5962,0.003743,267.20, 490.7140
381850,4.6001,0.003688,271.16, 490.7143
381851,4.6035,0.003269,305.88, 490.7143
381852,4.6069,0.003612,276.85, 490.7143
381853,4.6104,0.003262,306.53, 490.7140
381854,4.6138,0.003682,271.58, 490.7137
381855,4.6172,0.003155,316.99, 490.7137
381856,4.6206,0.003569,280.20, 490.7140
381857,4.6240,0.003698,270.40, 490.7143
381858,4.6274,0.003014,331.82, 490.7137
381859,4.6313,0.003868,258.51, 490.7137
381860,4.6343,0.002947,339.36, 490.7137
381861,4.6377,0.003737,267.62, 490.7140
381862,4.6411,0.003313,301.87, 490.7140
381863,4.6450,0.003647,274.24, 490.7140
381864,4.6484,0.003876,257.98, 490.7140
381865,4.6519,0.003012,332.06, 490.7143
381866,4.6558,0.004143,241.38, 490.7140
381867,4.6587,0.003085,324.14, 490.7140
381868,4.6626,0.003796,263.45, 490.7137
381869,4.6665,0.003653,273.77, 490.7143
381870,4.6694,0.003146,317.83, 490.7143
381871,4.6733,0.003854,259.47, 490.7140
381872,4.6768,0.003226,309.96, 490.7137
381873,4.6802,0.003660,273.22, 490.7136
381874,4.6831,0.003049,327.97, 490.7140
381875,4.6870,0.003689,271.11, 490.7140
381876,4.6904,0.003230,309.64, 490.7140
381877,4.6938,0.003686,271.31, 490.7143
381878,4.6973,0.003540,282.50, 490.7137
381879,4.7007,0.003063,326.52, 490.7140
381880,4.7041,0.003716,269.12, 490.7140
381881,4.7075,0.003368,296.94, 490.7143
381882,4.7109,0.003364,297.31, 490.7143
381883,4.7144,0.003478,287.51, 490.7143
381884,4.7178,0.003582,279.14, 490.7140
381885,4.7217,0.003751,266.57, 490.7140
381886,4.7251,0.003176,314.90, 490.7143
381887,4.7280,0.003340,299.40, 490.7143
381888,4.7319,0.003531,283.24, 490.7143
381889,4.7354,0.003562,280.77, 490.7137
381890,4.7383,0.002996,333.83, 490.7143
381891,4.7422,0.003891,257.02, 490.7137
381892,4.7456,0.003556,281.20, 490.7140
381893,4.7490,0.003227,309.86, 490.7140
381894,4.7524,0.003524,283.78, 490.7140
381895,4.7563,0.003841,260.38, 490.7140
381896,4.7598,0.003156,316.84, 490.7260
381897,4.7627,0.003186,313.92, 490.7137
381898,4.7666,0.003866,258.69, 490.7162
381899,4.7700,0.003606,277.29, 490.7136
381900,4.7734,0.003455,289.42, 490.7137
381901,4.7769,0.003415,292.83, 490.7139
381902,4.7803,0.003340,299.45, 490.7137
381903,4.7837,0.003216,310.91, 490.7137
381904,4.7876,0.004079,245.17, 490.7137
381905,4.7915,0.003618,276.37, 490.7137
381906,4.7949,0.003530,283.29, 490.7140
381907,4.7983,0.003492,286.38, 490.7143
381908,4.8018,0.003623,276.01, 490.7137
381909,4.8052,0.003078,324.87, 490.7140
381910,4.8086,0.003743,267.20, 490.7162
381911,4.8125,0.003492,286.37, 490.7143
381912,4.8154,0.003182,314.27, 490.7143
381913,4.8193,0.003749,266.77, 490.7143
381914,4.8223,0.003045,328.40, 490.7137
381915,4.8262,0.003926,254.72, 490.7143
381916,4.8291,0.003138,318.71, 490.7143
381917,4.8330,0.003737,267.61, 490.7140
381918,4.8359,0.002946,339.44, 490.7140
381919,4.8398,0.003849,259.83, 490.7137
381920,4.8433,0.003611,276.93, 490.7143
381921,4.8467,0.003008,332.50, 490.7143
381922,4.8501,0.003844,260.17, 490.7137
381923,4.8535,0.003031,329.91, 490.7137
381924,4.8569,0.003735,267.72, 490.7137
381925,4.8604,0.003064,326.33, 490.7140
381926,4.8638,0.003753,266.44, 490.7137
381927,4.8677,0.003542,282.30, 490.7140
381928,4.8706,0.003066,326.20, 490.7137
381929,4.8745,0.003856,259.32, 490.7143
381930,4.8774,0.003024,330.66, 490.7137
381931,4.8818,0.004234,236.17, 490.7142
381932,4.8848,0.003030,330.04, 490.7137
381933,4.8882,0.003452,289.70, 490.7143
381934,4.8916,0.003659,273.33, 490.7143
381935,4.8950,0.003047,328.21, 490.7137
381936,4.8984,0.003762,265.83, 490.7143
381937,4.9019,0.003064,326.42, 490.7140
381938,4.9053,0.003812,262.31, 490.7137
381939,4.9087,0.003041,328.85, 490.7137
381940,4.9121,0.003859,259.15, 490.7137
381941,4.9160,0.003575,279.69, 490.7143
381942,4.9189,0.003079,324.81, 490.7137
381943,4.9229,0.003849,259.80, 490.7143
381944,4.9258,0.003047,328.22, 490.7137
381945,4.9297,0.003940,253.82, 490.7136
381946,4.9326,0.003014,331.74, 490.7137
381947,4.9365,0.003460,289.01, 490.7140
381948,4.9404,0.003974,251.64, 490.7139
381949,4.9434,0.003088,323.80, 490.7140
381950,4.9468,0.003633,275.25, 490.7140
381951,4.9502,0.003123,320.26, 490.7143
381952,4.9541,0.003822,261.62, 490.7143
381953,4.9570,0.003146,317.88, 490.7140
381954,4.9609,0.003909,255.83, 490.7137
381955,4.9648,0.003715,269.16, 490.7142
381956,4.9678,0.002981,335.51, 490.7140
381957,4.9717,0.003835,260.77, 490.7137
381958,4.9746,0.003314,301.73, 490.7137
381959,4.9785,0.003649,274.09, 490.7136
381960,4.9814,0.003058,327.04, 490.7137
381961,4.9849,0.003412,293.05, 490.7143
381962,4.9883,0.003381,295.74, 490.7137
381963,4.9922,0.003883,257.51, 490.7137
381964,4.9956,0.003441,290.63, 490.7140
381965,4.9985,0.003001,333.18, 490.7143
381966,5.0024,0.003772,265.08, 490.7137
381967,5.0054,0.003134,319.06, 490.7137
381968,5.0093,0.003665,272.85, 490.7137
381969,5.0132,0.003791,263.82, 490.7143
381970,5.0161,0.002955,338.46, 490.7137
381971,5.0200,0.003803,262.95, 490.7137
381972,5.0229,0.003162,316.22, 490.7140
381973,5.0269,0.003838,260.55, 490.7143
381974,5.0298,0.003034,329.62, 490.7137
381975,5.0337,0.003807,262.71, 490.7137
381976,5.0366,0.002990,334.50, 490.7140
381977,5.0405,0.003901,256.38, 490.7140
381978,5.0439,0.003541,282.45, 490.7137
381979,5.0469,0.003029,330.11, 490.7143
381980,5.0508,0.003850,259.77, 490.7143
381981,5.0542,0.003022,330.95, 490.7137
381982,5.0576,0.003607,277.27, 490.7137
381983,5.0610,0.003490,286.57, 490.7143
381984,5.0645,0.003597,277.98, 490.7137
381985,5.0684,0.003577,279.60, 490.7143
381986,5.0713,0.003042,328.74, 490.7137
381987,5.0752,0.003803,262.94, 490.7143
381988,5.0781,0.003122,320.31, 490.7140
381989,5.0820,0.003821,261.73, 490.7140
381990,5.0850,0.003005,332.81, 490.7140
381991,5.0889,0.003732,267.97, 490.7143
381992,5.0923,0.003568,280.27, 490.7143
381993,5.0957,0.003242,308.45, 490.7143
381994,5.0991,0.003697,270.49, 490.7143
381995,5.1025,0.003365,297.22, 490.7137
381996,5.1060,0.003529,283.41, 490.7140
381997,5.1094,0.003276,305.30, 490.7143
381998,5.1128,0.003593,278.31, 490.7143
381999,5.1167,0.003627,275.74, 490.7140
382000,5.1201,0.003287,304.27, 490.7140
382001,5.1235,0.003670,272.46, 490.7143
382002,5.1265,0.003053,327.50, 490.7140
382003,5.1304,0.003770,265.22, 490.7137
382004,5.1333,0.003034,329.61, 490.7137
382005,5.1372,0.003752,266.50, 490.7137
382006,5.1406,0.003623,276.01, 490.7143
382007,5.1440,0.003398,294.30, 490.7140
382008,5.1479,0.003499,285.77, 490.7140
382009,5.1509,0.003116,320.98, 490.7143
382010,5.1548,0.003722,268.64, 490.7140
382011,5.1577,0.003077,324.97, 490.7137
382012,5.1616,0.003831,261.02, 490.7137
382013,5.1650,0.003581,279.24, 490.7143
382014,5.1685,0.003205,312.01, 490.7137
382015,5.1719,0.003763,265.73, 490.7140
382016,5.1753,0.003194,313.14, 490.7137
382017,5.1787,0.003565,280.54, 490.7143
382018,5.1821,0.003301,302.91, 490.7143
382019,5.1855,0.003615,276.59, 490.7137
382020,5.1895,0.003575,279.74, 490.7137
382021,5.1929,0.003588,278.71, 490.7137
382022,5.1963,0.003381,295.77, 490.7140
382023,5.1997,0.003218,310.73, 490.7137
382024,5.2031,0.003573,279.91, 490.7143
382025,5.2061,0.003085,324.16, 490.7143
382026,5.2100,0.003843,260.23, 490.7137
382027,5.2134,0.003453,289.59, 490.7143
382028,5.2168,0.003323,300.97, 490.7140
382029,5.2202,0.003625,275.88, 490.7143
382030,5.2236,0.003416,292.71, 490.7137
382031,5.2275,0.003880,257.72, 490.7143
382032,5.2310,0.003271,305.74, 490.7143
382033,5.2344,0.003549,281.76, 490.7140
382034,5.2383,0.003687,271.22, 490.7143
382035,5.2412,0.003035,329.47, 490.7137
382036,5.2451,0.003764,265.67, 490.7137
382037,5.2480,0.003239,308.77, 490.7140
382038,5.2520,0.003597,278.03, 490.7137
382039,5.2554,0.003449,289.91, 490.7143
382040,5.2588,0.003532,283.17, 490.7140
382041,5.2622,0.003461,288.95, 490.7143
382042,5.2656,0.003226,310.03, 490.7143
382043,5.2690,0.003745,267.04, 490.7140
382044,5.2725,0.003270,305.83, 490.7137
382045,5.2764,0.003658,273.34, 490.7140
382046,5.2793,0.003055,327.33, 490.7137
382047,5.2827,0.003754,266.40, 490.7140
382048,5.2866,0.003668,272.64, 490.7143
382049,5.2896,0.003025,330.57, 490.7137
382050,5.2935,0.003825,261.42, 490.7143
382051,5.2964,0.002985,335.01, 490.7143
382052,5.3003,0.003780,264.55, 490.7143
382053,5.3037,0.003316,301.54, 490.7137
382054,5.3071,0.003550,281.71, 490.7143
382055,5.3105,0.003581,279.27, 490.7143
382056,5.3135,0.002965,337.25, 490.7140
382057,5.3174,0.003888,257.18, 490.7140
382058,5.3203,0.002977,335.91, 490.7137
382059,5.3242,0.003835,260.73, 490.7143
382060,5.3271,0.003036,329.38, 490.7140
382061,5.3311,0.003840,260.40, 490.7137
382062,5.3345,0.003448,290.04, 490.7143
382063,5.3379,0.003080,324.68, 490.7143
382064,5.3418,0.003848,259.87, 490.7143
382065,5.3447,0.002985,335.04, 490.7143
382066,5.3486,0.003822,261.62, 490.7140
382067,5.3516,0.003042,328.69, 490.7137
382068,5.3550,0.003690,271.00, 490.7140
382069,5.3584,0.003132,319.30, 490.7137
382070,5.3623,0.003824,261.53, 490.7137
382071,5.3657,0.003568,280.28, 490.7143
382072,5.3687,0.002982,335.38, 490.7137
382073,5.3726,0.003831,261.05, 490.7143
382074,5.3755,0.003206,311.90, 490.7140
382075,5.3794,0.003833,260.88, 490.7137
382076,5.3823,0.003010,332.26, 490.7137
382077,5.3862,0.003763,265.77, 490.7137
382078,5.3901,0.003655,273.61, 490.7143
382079,5.3936,0.003669,272.57, 490.7137
382080,5.3970,0.003472,287.99, 490.7143
382081,5.4004,0.003337,299.71, 490.7140
382082,5.4038,0.003601,277.72, 490.7137
382083,5.4072,0.003041,328.87, 490.7137
382084,5.4111,0.003857,259.28, 490.7137
382085,5.4146,0.003404,293.79, 490.7140
382086,5.4180,0.003396,294.44, 490.7137
382087,5.4214,0.003582,279.19, 490.7143
382088,5.4243,0.003224,310.17, 490.7137
382089,5.4287,0.004034,247.91, 490.7136
382090,5.4316,0.003053,327.53, 490.7137
382091,5.4351,0.003460,289.03, 490.7140
382092,5.4385,0.003545,282.12, 490.7137
382093,5.4419,0.003505,285.34, 490.7137
382094,5.4453,0.003424,292.07, 490.7143
382095,5.4487,0.003044,328.47, 490.7140
382096,5.4521,0.003751,266.57, 490.7137
382097,5.4561,0.003863,258.85, 490.7137
382098,5.4600,0.003674,272.19, 490.7137
382099,5.4634,0.003458,289.15, 490.7140
382100,5.4663,0.003045,328.41, 490.7137
382101,5.4702,0.003750,266.65, 490.7140
382102,5.4731,0.003119,320.57, 490.7137
382103,5.4771,0.003790,263.86, 490.7143
382104,5.4805,0.003626,275.76, 490.7140
382105,5.4839,0.003080,324.73, 490.7137
382106,5.4873,0.003756,266.21, 490.7140
382107,5.4907,0.003073,325.43, 490.7143
382108,5.4946,0.004144,241.33, 490.7143
382109,5.4976,0.003063,326.49, 490.7143
382110,5.5015,0.003760,265.98, 490.7137
382111,5.5054,0.003750,266.69, 490.7143
382112,5.5083,0.003208,311.71, 490.7140
382113,5.5122,0.003547,281.91, 490.7143
382114,5.5151,0.003079,324.76, 490.7140
382115,5.5190,0.003752,266.50, 490.7140
382116,5.5225,0.003351,298.39, 490.7137
382117,5.5259,0.003566,280.44, 490.7140
382118,5.5293,0.003688,271.16, 490.7137
382119,5.5327,0.003138,318.71, 490.7140
382120,5.5361,0.003728,268.25, 490.7137
382121,5.5396,0.002976,335.98, 490.7143
382122,5.5430,0.003763,265.74, 490.7140
382123,5.5464,0.003469,288.29, 490.7143
382124,5.5498,0.003262,306.56, 490.7137
382125,5.5537,0.003836,260.67, 490.7140
382126,5.5566,0.003163,316.12, 490.7143
382127,5.5605,0.003732,267.96, 490.7143
382128,5.5640,0.003205,312.06, 490.7143
382129,5.5674,0.003537,282.74, 490.7140
382130,5.5708,0.003415,292.83, 490.7143
382131,5.5742,0.003580,279.34, 490.7137
382132,5.5776,0.003414,292.89, 490.7137
382133,5.5811,0.003324,300.82, 490.7143
382134,5.5845,0.003626,275.79, 490.7143
382135,5.5879,0.003214,311.15, 490.7140
382136,5.5918,0.003712,269.37, 490.7137
382137,5.5947,0.003055,327.36, 490.7143
382138,5.5986,0.003774,264.94, 490.7137
382139,5.6021,0.003626,275.81, 490.7143
382140,5.6050,0.002985,334.99, 490.7140
382141,5.6089,0.004001,249.97, 490.7140
382142,5.6118,0.003008,332.48, 490.7137
382143,5.6157,0.003563,280.65, 490.7143
382144,5.6191,0.003503,285.44, 490.7140
382145,5.6226,0.003340,299.37, 490.7143
382146,5.6260,0.003375,296.31, 490.7140
382147,5.6294,0.003733,267.88, 490.7143
382148,5.6333,0.003648,274.13, 490.7137
382149,5.6362,0.003174,315.04, 490.7140
382150,5.6401,0.003587,278.78, 490.7143
382151,5.6436,0.003448,290.07, 490.7137
382152,5.6470,0.003507,285.18, 490.7137
382153,5.6499,0.003071,325.67, 490.7137
382154,5.6538,0.003638,274.85, 490.7143
382155,5.6567,0.003136,318.93, 490.7137
382156,5.6606,0.003836,260.70, 490.7137
382157,5.6641,0.003580,279.31, 490.7143
382158,5.6675,0.003225,310.12, 490.7137
382159,5.6714,0.003768,265.41, 490.7140
382160,5.6743,0.003230,309.58, 490.7140
382161,5.6782,0.003745,267.02, 490.7137
382162,5.6816,0.003515,284.50, 490.7140
382163,5.6851,0.003204,312.09, 490.7143
382164,5.6885,0.003407,293.51, 490.7143
382165,5.6919,0.003551,281.63, 490.7143
382166,5.6958,0.003966,252.17, 490.7137
382167,5.6992,0.003525,283.70, 490.7143
382168,5.7021,0.003024,330.73, 490.7143
382169,5.7061,0.003910,255.77, 490.7143
382170,5.7095,0.003331,300.23, 490.7137
382171,5.7129,0.003539,282.57, 490.7137
382172,5.7163,0.003255,307.20, 490.7140
382173,5.7197,0.003508,285.05, 490.7143
382174,5.7231,0.003409,293.36, 490.7137
382175,5.7271,0.003575,279.71, 490.7140
382176,5.7305,0.003561,280.81, 490.7143
382177,5.7334,0.003045,328.36, 490.7140
382178,5.7373,0.003657,273.44, 490.7137
382179,5.7407,0.003445,290.28, 490.7140
382180,5.7441,0.003590,278.57, 490.7137
382181,5.7471,0.003052,327.62, 490.7143
382182,5.7510,0.003738,267.49, 490.7137
382183,5.7549,0.004175,239.51, 490.7136
382184,5.7583,0.003200,312.48, 490.7140
382185,5.7612,0.003030,330.03, 490.7143
382186,5.7651,0.003648,274.13, 490.7137
382187,5.7690,0.003981,251.22, 490.7142
382188,5.7725,0.003563,280.65, 490.7136
382189,5.7759,0.003350,298.50, 490.7216
382190,5.7793,0.003536,282.85, 490.7142
382191,5.7822,0.003029,330.12, 490.7140
382192,5.7866,0.004094,244.24, 490.7143
382193,5.7896,0.003145,317.99, 490.7137
382194,5.7939,0.004010,249.40, 490.7143
382195,5.7969,0.003377,296.09, 490.7140
382196,5.8003,0.003249,307.81, 490.7143
382197,5.8042,0.003689,271.06, 490.7140
382198,5.8071,0.003089,323.69, 490.7137
382199,5.8115,0.004315,231.76, 490.7143
382200,5.8149,0.003684,271.44, 490.7137
382201,5.8184,0.003062,326.61, 490.7137
382202,5.8218,0.003834,260.80, 490.7140
382203,5.8252,0.003010,332.21, 490.7143
382204,5.8286,0.003596,278.07, 490.7140
382205,5.8320,0.003477,287.58, 490.7143
382206,5.8354,0.003500,285.76, 490.7137
382207,5.8389,0.003135,319.02, 490.7137
382208,5.8428,0.003831,261.06, 490.7162
382209,5.8462,0.003474,287.84, 490.7140
382210,5.8491,0.003198,312.66, 490.7143
382211,5.8530,0.003872,258.26, 490.7140
382212,5.8564,0.003144,318.05, 490.7143
382213,5.8604,0.003879,257.80, 490.7137
382214,5.8633,0.003086,324.03, 490.7137
382215,5.8672,0.003779,264.60, 490.7143
382216,5.8706,0.003594,278.23, 490.7143
382217,5.8735,0.003124,320.10, 490.7140
382218,5.8774,0.003770,265.27, 490.7137
382219,5.8804,0.003126,319.88, 490.7143
382220,5.8843,0.003713,269.36, 490.7137
382221,5.8872,0.003093,323.36, 490.7137
382222,5.8911,0.003847,259.92, 490.7143
382223,5.8950,0.003685,271.36, 490.7140
382224,5.8979,0.002973,336.41, 490.7137
382225,5.9014,0.003698,270.40, 490.7143
382226,5.9048,0.003310,302.14, 490.7143
382227,5.9087,0.003695,270.67, 490.7137
382228,5.9116,0.003069,325.87, 490.7140
382229,5.9155,0.003677,272.00, 490.7143
382230,5.9189,0.003656,273.55, 490.7137
382231,5.9224,0.003290,303.96, 490.7143
382232,5.9258,0.003717,269.07, 490.7142
382233,5.9292,0.003007,332.58, 490.7143
382234,5.9326,0.003651,273.88, 490.7137
382235,5.9355,0.003060,326.84, 490.7140
382236,5.9395,0.003772,265.15, 490.7137
382237,5.9434,0.003914,255.49, 490.7139
382238,5.9463,0.003007,332.51, 490.7137
382239,5.9502,0.003615,276.59, 490.7143
382240,5.9531,0.003203,312.21, 490.7137
382241,5.9570,0.003661,273.12, 490.7140
382242,5.9600,0.003000,333.33, 490.7137
382243,5.9639,0.003809,262.56, 490.7137
382244,5.9673,0.003491,286.42, 490.7137
382245,5.9702,0.003174,315.09, 490.7137
382246,5.9741,0.003854,259.45, 490.7136
382247,5.9771,0.003004,332.93, 490.7140
382248,5.9810,0.003627,275.73, 490.7140
382249,5.9839,0.003163,316.15, 490.7143
382250,5.9878,0.003779,264.61, 490.7137
382251,5.9917,0.003665,272.86, 490.7137
382252,5.9951,0.003549,281.74, 490.7140
382253,5.9985,0.003266,306.16, 490.7143
382254,6.0015,0.003394,294.68, 490.7137
382255,6.0054,0.003658,273.37, 490.7142
382256,6.0083,0.003079,324.78, 490.7140
382257,6.0122,0.003678,271.87, 490.7140
382258,6.0156,0.003558,281.04, 490.7143
382259,6.0190,0.003287,304.20, 490.7143
382260,6.0225,0.003622,276.08, 490.7140
382261,6.0254,0.003019,331.25, 490.7143
382262,6.0293,0.003853,259.55, 490.7143
382263,6.0327,0.003273,305.53, 490.7143
382264,6.0361,0.003592,278.39, 490.7137
382265,6.0396,0.003045,328.44, 490.7143
382266,6.0435,0.003876,257.97, 490.7137
382267,6.0464,0.003316,301.60, 490.7143
382268,6.0498,0.003448,290.06, 490.7140
382269,6.0537,0.003586,278.88, 490.7137
382270,6.0566,0.003241,308.55, 490.7140
382271,6.0605,0.003629,275.54, 490.7140
382272,6.0635,0.003274,305.42, 490.7140
382273,6.0674,0.003550,281.70, 490.7140
382274,6.0708,0.003642,274.55, 490.7137
382275,6.0742,0.003267,306.12, 490.7140
382276,6.0776,0.003601,277.73, 490.7143
382277,6.0811,0.003321,301.15, 490.7137
382278,6.0850,0.003620,276.27, 490.7140
382279,6.0879,0.003052,327.69, 490.7140
382280,6.0918,0.003811,262.38, 490.7137
382281,6.0952,0.003561,280.84, 490.7143
382282,6.0986,0.003260,306.77, 490.7137
382283,6.1021,0.003589,278.66, 490.7143
382284,6.1050,0.003077,325.02, 490.7143
382285,6.1089,0.003831,261.03, 490.7140
382286,6.1118,0.003127,319.80, 490.7137
382287,6.1157,0.003562,280.71, 490.7143
382288,6.1191,0.003602,277.61, 490.7143
382289,6.1226,0.003279,304.94, 490.7137
382290,6.1265,0.003790,263.87, 490.7140
382291,6.1299,0.003452,289.69, 490.7140
382292,6.1333,0.003361,297.52, 490.7140
382293,6.1362,0.003077,325.00, 490.7143
382294,6.1401,0.003774,264.98, 490.7137
382295,6.1436,0.003803,262.98, 490.7140
382296,6.1470,0.003027,330.38, 490.7137
382297,6.1504,0.003675,272.15, 490.7143
382298,6.1538,0.003275,305.39, 490.7143
382299,6.1572,0.003746,266.93, 490.7137
382300,6.1606,0.003325,300.72, 490.7143
382301,6.1641,0.003508,285.09, 490.7137
382302,6.1680,0.003599,277.85, 490.7137
382303,6.1709,0.003069,325.84, 490.7140
382304,6.1748,0.003883,257.51, 490.7137
382305,6.1777,0.002986,334.85, 490.7143
382306,6.1816,0.003717,269.01, 490.7137
382307,6.1846,0.003129,319.56, 490.7143
382308,6.1885,0.003726,268.36, 490.7137
382309,6.1919,0.003633,275.22, 490.7140
382310,6.1953,0.003147,317.79, 490.7137
382311,6.1987,0.003714,269.24, 490.7137
382312,6.2021,0.003280,304.84, 490.7143
382313,6.2056,0.003608,277.15, 490.7143
382314,6.2090,0.003116,320.97, 490.7137
382315,6.2129,0.003782,264.44, 490.7140
382316,6.2163,0.003561,280.83, 490.7140
382317,6.2192,0.003042,328.69, 490.7140
382318,6.2231,0.003900,256.44, 490.7140
382319,6.2261,0.003039,329.02, 490.7137
382320,6.2300,0.003764,265.67, 490.7143
382321,6.2329,0.003126,319.94, 490.7140
382322,6.2368,0.003760,265.99, 490.7137
382323,6.2407,0.003890,257.08, 490.7137
382324,6.2441,0.003258,306.93, 490.7140
382325,6.2476,0.003684,271.44, 490.7140
382326,6.2510,0.003098,322.75, 490.7140
382327,6.2544,0.003744,267.13, 490.7143
382328,6.2578,0.003043,328.62, 490.7137
382329,6.2612,0.003890,257.08, 490.7140
382330,6.2651,0.003823,261.60, 490.7140
382331,6.2686,0.003041,328.83, 490.7137
382332,6.2720,0.003688,271.14, 490.7143
382333,6.2754,0.003200,312.55, 490.7140
382334,6.2788,0.003754,266.41, 490.7143
382335,6.2827,0.003532,283.13, 490.7143
382336,6.2861,0.003435,291.11, 490.7140
382337,6.2896,0.003473,287.97, 490.7140
382338,6.2925,0.003253,307.45, 490.7143
382339,6.2964,0.003676,272.06, 490.7140
382340,6.2993,0.003125,320.04, 490.7137
382341,6.3032,0.003721,268.75, 490.7140
382342,6.3066,0.003245,308.20, 490.7137
382343,6.3101,0.003665,272.84, 490.7140
382344,6.3135,0.003593,278.30, 490.7140
382345,6.3169,0.003245,308.19, 490.7140
382346,6.3203,0.003560,280.87, 490.7137
382347,6.3237,0.003163,316.15, 490.7140
382348,6.3276,0.003915,255.43, 490.7137
382349,6.3306,0.003086,324.02, 490.7137
382350,6.3345,0.003729,268.16, 490.7143
382351,6.3379,0.003626,275.76, 490.7140
382352,6.3413,0.003292,303.74, 490.7137
382353,6.3447,0.003577,279.60, 490.7143
382354,6.3481,0.003360,297.65, 490.7143
382355,6.3516,0.003494,286.18, 490.7140
382356,6.3550,0.003149,317.58, 490.7137
382357,6.3589,0.003773,265.03, 490.7140
382358,6.3623,0.003503,285.49, 490.7137
382359,6.3657,0.003370,296.78, 490.7143
382360,6.3691,0.003556,281.19, 490.7140
382361,6.3721,0.003110,321.55, 490.7140
382362,6.3765,0.004103,243.72, 490.7137
382363,6.3799,0.003664,272.96, 490.7143
382364,6.3828,0.002947,339.29, 490.7140
382365,6.3867,0.003810,262.50, 490.7143
382366,6.3901,0.003231,309.51, 490.7137
382367,6.3936,0.003751,266.62, 490.7143
382368,6.3970,0.003091,323.52, 490.7137
382369,6.4004,0.003719,268.93, 490.7143
382370,6.4033,0.003003,332.99, 490.7140
382371,6.4072,0.003753,266.46, 490.7143
382372,6.4106,0.003578,279.49, 490.7137
382373,6.4141,0.003402,293.94, 490.7143
382374,6.4180,0.003569,280.20, 490.7140
382375,6.4209,0.003189,313.56, 490.7140
382376,6.4248,0.003744,267.10, 490.7140
382377,6.4277,0.003033,329.72, 490.7140
382378,6.4312,0.003609,277.07, 490.7143
382379,6.4351,0.003733,267.85, 490.7143
382380,6.4380,0.002972,336.50, 490.7140
382381,6.4419,0.003970,251.89, 490.7143
382382,6.4453,0.003193,313.19, 490.7143
382383,6.4487,0.003452,289.72, 490.7143
382384,6.4521,0.003360,297.64, 490.7140
382385,6.4556,0.003501,285.63, 490.7140
382386,6.4595,0.003744,267.08, 490.7143
382387,6.4624,0.002934,340.84, 490.7140
382388,6.4658,0.003760,265.99, 490.7143
382389,6.4692,0.003207,311.85, 490.7143
382390,6.4727,0.003631,275.43, 490.7140
382391,6.4761,0.003299,303.16, 490.7140
382392,6.4800,0.003625,275.87, 490.7137
382393,6.4834,0.003596,278.09, 490.7143
382394,6.4863,0.003165,315.95, 490.7143
382395,6.4902,0.003751,266.57, 490.7143
382396,6.4932,0.003013,331.85, 490.7143
382397,6.4971,0.003603,277.56, 490.7143
382398,6.5005,0.003458,289.18, 490.7137
382399,6.5039,0.003598,277.96, 490.7137
382400,6.5078,0.003711,269.49, 490.7143
382401,6.5107,0.002946,339.47, 490.7140
382402,6.5146,0.003803,262.92, 490.7140
382403,6.5176,0.003201,312.39, 490.7140
382404,6.5210,0.003556,281.23, 490.7140
382405,6.5244,0.003386,295.36, 490.7143
382406,6.5283,0.003592,278.38, 490.7140
382407,6.5313,0.003121,320.39, 490.7137
382408,6.5352,0.003740,267.41, 490.7143
382409,6.5386,0.003623,276.00, 490.7143
382410,6.5415,0.003065,326.31, 490.7140
382411,6.5454,0.003595,278.15, 490.7143
382412,6.5488,0.003468,288.38, 490.7137
382413,6.5522,0.003576,279.68, 490.7140
382414,6.5557,0.003118,320.71, 490.7137
382415,6.5591,0.003750,266.69, 490.7140
382416,6.5630,0.003599,277.86, 490.7143
382417,6.5659,0.003054,327.49, 490.7137
382418,6.5693,0.003719,268.89, 490.7140
382419,6.5732,0.003524,283.74, 490.7143
382420,6.5767,0.003564,280.56, 490.7140
382421,6.5801,0.003279,305.01, 490.7143
382422,6.5835,0.003758,266.11, 490.7137
382423,6.5874,0.003459,289.10, 490.7143
382424,6.5903,0.003057,327.09, 490.7137
382425,6.5942,0.003863,258.90, 490.7143
382426,6.5972,0.003122,320.28, 490.7137
382427,6.6011,0.003758,266.07, 490.7137
382428,6.6040,0.003018,331.32, 490.7140
382429,6.6079,0.003802,263.03, 490.7143
382430,6.6113,0.003513,284.67, 490.7137
382431,6.6143,0.003145,317.98, 490.7143
382432,6.6182,0.003753,266.47, 490.7143
382433,6.6216,0.003247,307.95, 490.7143
382434,6.6255,0.003993,250.42, 490.7140
382435,6.6289,0.003243,308.39, 490.7137
382436,6.6323,0.003635,275.14, 490.7140
382437,6.6357,0.003583,279.06, 490.7143
382438,6.6392,0.003030,330.02, 490.7137
382439,6.6426,0.003831,261.06, 490.7143
382440,6.6460,0.003026,330.45, 490.7143
382441,6.6494,0.003711,269.45, 490.7311
382442,6.6528,0.003331,300.20, 490.7140
382443,6.6563,0.003644,274.39, 490.7137
382444,6.6602,0.003530,283.31, 490.7137
382445,6.6631,0.003188,313.64, 490.7140
382446,6.6670,0.003721,268.77, 490.7143
382447,6.6699,0.003115,321.06, 490.7137
382448,6.6738,0.003795,263.52, 490.7140
382449,6.6768,0.003150,317.46, 490.7140
382450,6.6807,0.003579,279.41, 490.7143
382451,6.6841,0.003756,266.27, 490.7140
382452,6.6875,0.002968,336.90, 490.7137
382453,6.6909,0.003890,257.05, 490.7143
382454,6.6943,0.003043,328.68, 490.7137
382455,6.6978,0.003735,267.74, 490.7143
382456,6.7012,0.003172,315.30, 490.7137
382457,6.7051,0.003732,267.98, 490.7137
382458,6.7085,0.003749,266.71, 490.7140
382459,6.7114,0.003012,332.02, 490.7143
382460,6.7153,0.003799,263.21, 490.7140
382461,6.7183,0.002997,333.70, 490.7137
382462,6.7222,0.003783,264.35, 490.7143
382463,6.7251,0.003085,324.19, 490.7140
382464,6.7290,0.003878,257.88, 490.7137
382465,6.7329,0.003582,279.21, 490.7143
382466,6.7358,0.002954,338.48, 490.7137
382467,6.7397,0.004051,246.88, 490.7136
382468,6.7427,0.002976,336.02, 490.7140
382469,6.7466,0.003664,272.90, 490.7143
382470,6.7500,0.003397,294.42, 490.7140
382471,6.7534,0.003799,263.25, 490.7137
382472,6.7578,0.004036,247.75, 490.7136
382473,6.7612,0.003676,272.01, 490.7139
382474,6.7642,0.003104,322.14, 490.7136
382475,6.7676,0.003307,302.42, 490.7143
382476,6.7710,0.003522,283.92, 490.7136
382477,6.7749,0.003467,288.43, 490.7137
382478,6.7783,0.003599,277.83, 490.7137
382479,6.7813,0.003151,317.34, 490.7143
382480,6.7847,0.003473,287.90, 490.7137
382481,6.7886,0.003755,266.29, 490.7140
382482,6.7920,0.003096,323.03, 490.7140
382483,6.7959,0.004036,247.76, 490.7137
382484,6.7993,0.003588,278.68, 490.7143
382485,6.8032,0.003692,270.84, 490.7140
382486,6.8066,0.003444,290.33, 490.7137
382487,6.8101,0.003333,300.08, 490.7143
382488,6.8135,0.003565,280.52, 490.7143
382489,6.8164,0.003201,312.43, 490.7137
382490,6.8203,0.003741,267.29, 490.7137
382491,6.8237,0.003484,287.03, 490.7140
382492,6.8271,0.003293,303.71, 490.7143
382493,6.8311,0.003826,261.39, 490.7143
382494,6.8345,0.003302,302.87, 490.7140
382495,6.8379,0.003478,287.55, 490.7143
382496,6.8413,0.003331,300.18, 490.7137
382497,6.8447,0.003620,276.22, 490.7140
382498,6.8481,0.003624,275.94, 490.7140
382499,6.8516,0.003094,323.20, 490.7137
382500,6.8550,0.003682,271.58, 490.7140
382501,6.8584,0.003259,306.88, 490.7143
382502,6.8623,0.003820,261.77, 490.7137
382503,6.8652,0.003058,327.04, 490.7140
382504,6.8691,0.003776,264.84, 490.7143
382505,6.8721,0.003153,317.17, 490.7143
382506,6.8760,0.003610,276.99, 490.7137
382507,6.8794,0.003665,272.87, 490.7143
382508,6.8828,0.003180,314.50, 490.7140
382509,6.8862,0.003843,260.21, 490.7143
382510,6.8896,0.003164,316.07, 490.7140
382511,6.8936,0.003812,262.34, 490.7137
382512,6.8970,0.003586,278.86, 490.7137
382513,6.8999,0.003070,325.79, 490.7140
382514,6.9038,0.003748,266.84, 490.7143
382515,6.9072,0.003352,298.31, 490.7137
382516,6.9111,0.004168,239.94, 490.7136
382517,6.9146,0.003015,331.66, 490.7137
382518,6.9180,0.003495,286.09, 490.7140
382519,6.9214,0.003708,269.67, 490.7137
382520,6.9248,0.003036,329.41, 490.7137
382521,6.9282,0.003773,265.03, 490.7143
382522,6.9316,0.003294,303.62, 490.7137
382523,6.9351,0.003575,279.70, 490.7140
382524,6.9385,0.003217,310.87, 490.7143
382525,6.9424,0.003821,261.72, 490.7137
382526,6.9458,0.003445,290.25, 490.7137
382527,6.9487,0.003032,329.87, 490.7137
382528,6.9526,0.003802,263.03, 490.7143
382529,6.9556,0.003185,314.01, 490.7137
382530,6.9595,0.003878,257.90, 490.7136
382531,6.9624,0.003011,332.16, 490.7143
382532,6.9663,0.003638,274.87, 490.7140
382533,6.9697,0.003643,274.49, 490.7143
382534,6.9731,0.003210,311.55, 490.7143
382535,6.9766,0.003678,271.87, 490.7143
382536,6.9800,0.003044,328.55, 490.7140
382537,6.9839,0.003853,259.51, 490.7143
382538,6.9868,0.003102,322.34, 490.7137
382539,6.9907,0.003753,266.47, 490.7137
382540,6.9941,0.003641,274.68, 490.7143
382541,6.9971,0.002972,336.43, 490.7143
382542,7.0010,0.003834,260.85, 490.7140
382543,7.0044,0.003436,291.08, 490.7137
382544,7.0083,0.003746,266.92, 490.7139
382545,7.0112,0.003039,329.11, 490.7137
382546,7.0146,0.003557,281.16, 490.7140
382547,7.0186,0.003723,268.62, 490.7136
382548,7.0215,0.002998,333.53, 490.7137
382549,7.0254,0.003687,271.22, 490.7143
382550,7.0283,0.003346,298.85, 490.7140
382551,7.0322,0.003549,281.74, 490.7143
382552,7.0356,0.003418,292.54, 490.7137
382553,7.0391,0.003494,286.25, 490.7137
382554,7.0430,0.003738,267.54, 490.7137
382555,7.0459,0.002956,338.33, 490.7140
382556,7.0493,0.003832,260.99, 490.7137
382557,7.0527,0.003175,314.93, 490.7137
382558,7.0566,0.003791,263.75, 490.7137
382559,7.0596,0.003307,302.40, 490.7143
382560,7.0635,0.003592,278.39, 490.7140
382561,7.0669,0.003461,288.97, 490.7143
382562,7.0698,0.003152,317.31, 490.7137
382563,7.0742,0.004167,239.98, 490.7143
382564,7.0771,0.003084,324.24, 490.7140
382565,7.0811,0.003708,269.69, 490.7140
382566,7.0840,0.003070,325.74, 490.7137
382567,7.0879,0.003719,268.88, 490.7140
382568,7.0913,0.003551,281.62, 490.7140
382569,7.0947,0.003308,302.27, 490.7140
382570,7.0981,0.003688,271.12, 490.7137
382571,7.1016,0.003066,326.19, 490.7137
382572,7.1050,0.003731,268.04, 490.7137
382573,7.1084,0.003115,321.01, 490.7137
382574,7.1118,0.003799,263.20, 490.7140
382575,7.1157,0.003600,277.75, 490.7137
382576,7.1187,0.003142,318.26, 490.7137
382577,7.1226,0.003618,276.40, 490.7137
382578,7.1255,0.003007,332.55, 490.7137
382579,7.1294,0.003908,255.92, 490.7140
382580,7.1323,0.002975,336.11, 490.7140
382581,7.1362,0.003844,260.17, 490.7140
382582,7.1396,0.003604,277.47, 490.7137
382583,7.1431,0.003136,318.93, 490.7143
382584,7.1465,0.003586,278.87, 490.7140
382585,7.1499,0.003253,307.43, 490.7143
382586,7.1533,0.003558,281.10, 490.7143
382587,7.1563,0.003083,324.33, 490.7140
382588,7.1602,0.004039,247.57, 490.7136
382589,7.1636,0.003047,328.23, 490.7137
382590,7.1670,0.003526,283.60, 490.7143
382591,7.1704,0.003633,275.25, 490.7140
382592,7.1738,0.003024,330.74, 490.7137
382593,7.1772,0.003822,261.66, 490.7143
382594,7.1807,0.003044,328.54, 490.7137
382595,7.1846,0.003923,254.92, 490.7137
382596,7.1875,0.002977,335.86, 490.7137
382597,7.1914,0.003833,260.88, 490.7143
382598,7.1948,0.003732,267.97, 490.7136
382599,7.1978,0.002928,341.55, 490.7137
382600,7.2017,0.003737,267.62, 490.7143
382601,7.2046,0.003090,323.66, 490.7143
382602,7.2085,0.003775,264.87, 490.7140
382603,7.2119,0.003322,301.03, 490.7143
382604,7.2153,0.003476,287.68, 490.7137
382605,7.2188,0.003689,271.10, 490.7137
382606,7.2222,0.003052,327.63, 490.7137
382607,7.2256,0.003788,264.03, 490.7140
382608,7.2285,0.002988,334.71, 490.7140
382609,7.2324,0.003806,262.74, 490.7143
382610,7.2354,0.003001,333.18, 490.7137
382611,7.2393,0.003777,264.76, 490.7137
382612,7.2432,0.003650,273.94, 490.7143
382613,7.2466,0.003580,279.31, 490.7140
382614,7.2500,0.003641,274.62, 490.7137
382615,7.2534,0.003301,302.95, 490.7143
382616,7.2568,0.003536,282.82, 490.7140
382617,7.2603,0.003076,325.07, 490.7140
382618,7.2637,0.003772,265.12, 490.7143
382619,7.2676,0.003546,282.00, 490.7140
382620,7.2710,0.003351,298.41, 490.7137
382621,7.2744,0.003640,274.73, 490.7140
382622,7.2778,0.003171,315.34, 490.7137
382623,7.2813,0.003584,279.02, 490.7143
382624,7.2847,0.003373,296.49, 490.7137
382625,7.2881,0.003468,288.32, 490.7140
382626,7.2920,0.003759,266.03, 490.7140
382627,7.2949,0.003184,314.08, 490.7140
382628,7.2983,0.003583,279.06, 490.7137
382629,7.3018,0.003321,301.11, 490.7140
382630,7.3052,0.003438,290.84, 490.7140
382631,7.3086,0.003381,295.76, 490.7137
382632,7.3125,0.003961,252.49, 490.7137
382633,7.3164,0.003598,277.92, 490.7142
382634,7.3193,0.003022,330.88, 490.7137
382635,7.3228,0.003468,288.39, 490.7143
382636,7.3262,0.003229,309.71, 490.7140
382637,7.3296,0.003744,267.12, 490.7140
382638,7.3325,0.002976,336.04, 490.7143
382639,7.3364,0.003820,261.77, 490.7137
382640,7.3403,0.003707,269.78, 490.7140
382641,7.3433,0.002981,335.49, 490.7137
382642,7.3472,0.003867,258.60, 490.7143
382643,7.3501,0.002944,339.73, 490.7137
382644,7.3540,0.003855,259.39, 490.7143
382645,7.3569,0.003257,307.06, 490.7140
382646,7.3608,0.003652,273.84, 490.7140
382647,7.3643,0.003635,275.07, 490.7143
382648,7.3672,0.002950,338.94, 490.7137
382649,7.3711,0.003853,259.51, 490.7140
382650,7.3745,0.003228,309.75, 490.7143
382651,7.3779,0.003719,268.90, 490.7143
382652,7.3813,0.003261,306.66, 490.7143
382653,7.3848,0.003483,287.15, 490.7137
382654,7.3882,0.003158,316.67, 490.7137
382655,7.3921,0.003778,264.68, 490.7143
382656,7.3955,0.003615,276.60, 490.7143
382657,7.3984,0.003048,328.08, 490.7143
382658,7.4023,0.003740,267.41, 490.7137
382659,7.4053,0.003108,321.80, 490.7137
382660,7.4097,0.004115,242.99, 490.7136
382661,7.4126,0.003016,331.53, 490.7137
382662,7.4160,0.003589,278.64, 490.7140
382663,7.4199,0.003708,269.70, 490.7137
382664,7.4229,0.003114,321.10, 490.7137
382665,7.4263,0.003580,279.32, 490.7143
382666,7.4297,0.003430,291.53, 490.7137
382667,7.4336,0.003562,280.73, 490.7143
382668,7.4365,0.003249,307.82, 490.7137
382669,7.4404,0.003657,273.48, 490.7137
382670,7.4438,0.003575,279.74, 490.7143
382671,7.4478,0.003632,275.34, 490.7143
382672,7.4512,0.003602,277.65, 490.7143
382673,7.4546,0.003191,313.40, 490.7137
382674,7.4580,0.003749,266.76, 490.7137
382675,7.4609,0.003018,331.38, 490.7143
382676,7.4648,0.003804,262.85, 490.7137
382677,7.4683,0.003559,280.95, 490.7765
382678,7.4717,0.003083,324.35, 490.7137
382679,7.4756,0.003822,261.62, 490.7140
382680,7.4785,0.003079,324.81, 490.7137
382681,7.4824,0.003764,265.70, 490.7137
382682,7.4854,0.003230,309.58, 490.7140
382683,7.4893,0.003584,278.99, 490.7143
382684,7.4927,0.003704,269.99, 490.7137
382685,7.4961,0.003468,288.32, 490.7143
382686,7.4995,0.003345,298.94, 490.7137
382687,7.5029,0.003479,287.41, 490.7137
382688,7.5063,0.003520,284.12, 490.7140
382689,7.5098,0.003182,314.32, 490.7140
382690,7.5137,0.003758,266.09, 490.7137
382691,7.5171,0.003646,274.27, 490.7143
382692,7.5200,0.003049,327.94, 490.7137
382693,7.5239,0.003810,262.49, 490.7140
382694,7.5269,0.003052,327.61, 490.7137
382695,7.5308,0.003744,267.10, 490.7143
382696,7.5342,0.003265,306.27, 490.7137
382697,7.5376,0.003561,280.80, 490.7143
382698,7.5415,0.003755,266.33, 490.7137
382699,7.5444,0.003006,332.65, 490.7137
382700,7.5483,0.003774,264.98, 490.7137
382701,7.5513,0.003111,321.48, 490.7140
382702,7.5552,0.003814,262.22, 490.7143
382703,7.5581,0.002987,334.75, 490.7140
382704,7.5620,0.003813,262.30, 490.7143
382705,7.5654,0.003473,287.92, 490.7143
382706,7.5688,0.003354,298.16, 490.7137
382707,7.5723,0.003741,267.34, 490.7137
382708,7.5757,0.003008,332.40, 490.7140
382709,7.5791,0.003760,265.93, 490.7140
382710,7.5825,0.003095,323.10, 490.7137
382711,7.5859,0.003722,268.71, 490.7143
382712,7.5898,0.003708,269.69, 490.7140
382713,7.5928,0.002989,334.58, 490.7137
382714,7.5967,0.003794,263.55, 490.7143
382715,7.5996,0.003028,330.23, 490.7140
382716,7.6035,0.003698,270.45, 490.7140
382717,7.6064,0.003117,320.81, 490.7140
382718,7.6104,0.003819,261.87, 490.7137
382719,7.6138,0.003642,274.57, 490.7143
382720,7.6167,0.003062,326.57, 490.7140
382721,7.6206,0.003647,274.21, 490.7140
382722,7.6235,0.002995,333.91, 490.7143
382723,7.6274,0.003888,257.23, 490.7143
382724,7.6304,0.003055,327.35, 490.7140
382725,7.6343,0.003716,269.11, 490.7140
382726,7.6377,0.003608,277.15, 490.7140
382727,7.6411,0.003258,306.97, 490.7143
382728,7.6450,0.003718,268.98, 490.7143
382729,7.6479,0.003001,333.19, 490.7140
382730,7.6514,0.003749,266.71, 490.7143
382731,7.6548,0.003404,293.79, 490.7143
382732,7.6587,0.003796,263.46, 490.7137
382733,7.6621,0.003561,280.82, 490.7143
382734,7.6655,0.002983,335.19, 490.7137
382735,7.6689,0.003835,260.77, 490.7143
382736,7.6724,0.003263,306.44, 490.7140
382737,7.6763,0.003656,273.51, 490.7143
382738,7.6792,0.003024,330.72, 490.7137
382739,7.6826,0.003649,274.04, 490.7137
382740,7.6865,0.003743,267.18, 490.7137
382741,7.6899,0.003632,275.33, 490.7137
382742,7.6934,0.003309,302.20, 490.7137
382743,7.6968,0.003300,303.04, 490.7143
382744,7.7002,0.003579,279.38, 490.7140
382745,7.7036,0.003322,301.04, 490.7140
382746,7.7070,0.003488,286.71, 490.7143
382747,7.7109,0.003724,268.56, 490.7140
382748,7.7144,0.003545,282.08, 490.7137
382749,7.7178,0.003583,279.08, 490.7143
382750,7.7212,0.003281,304.82, 490.7137
382751,7.7246,0.003589,278.65, 490.7140
382752,7.7280,0.003333,300.02, 490.7140
382753,7.7319,0.003566,280.43, 490.7140
382754,7.7354,0.003785,264.24, 490.7139
382755,7.7388,0.003043,328.59, 490.7137
382756,7.7422,0.003720,268.82, 490.7140
382757,7.7451,0.003017,331.44, 490.7143
382758,7.7490,0.003733,267.92, 490.7230
382759,7.7524,0.003274,305.46, 490.7137
382760,7.7559,0.003640,274.74, 490.7137
382761,7.7598,0.003683,271.49, 490.7137
382762,7.7627,0.002989,334.58, 490.7140
382763,7.7671,0.004280,233.65, 490.7136
382764,7.7700,0.003149,317.56, 490.7136
382765,7.7734,0.003172,315.27, 490.7137
382766,7.7769,0.003618,276.37, 490.7137
382767,7.7808,0.003987,250.83, 490.7142
382768,7.7842,0.003549,281.79, 490.7136
382769,7.7881,0.003602,277.63, 490.7137
382770,7.7920,0.003807,262.65, 490.7142
382771,7.7949,0.003133,319.19, 490.7137
382772,7.7983,0.003470,288.22, 490.7143
382773,7.8013,0.003104,322.13, 490.7140
382774,7.8057,0.004147,241.12, 490.7143
382775,7.8091,0.003672,272.33, 490.7143
382776,7.8125,0.003078,324.90, 490.7137
382777,7.8159,0.003718,268.95, 490.7143
382778,7.8193,0.003265,306.25, 490.7137
382779,7.8232,0.003698,270.45, 490.7137
382780,7.8267,0.003647,274.21, 490.7140
382781,7.8301,0.003614,276.72, 490.7137
382782,7.8340,0.003511,284.83, 490.7143
382783,7.8369,0.003071,325.63, 490.7143
382784,7.8408,0.003770,265.25, 490.7137
382785,7.8438,0.003240,308.68, 490.7137
382786,7.8477,0.003689,271.10, 490.7137
382787,7.8511,0.003569,280.21, 490.7143
382788,7.8540,0.003025,330.63, 490.7137
382789,7.8579,0.003804,262.85, 490.7137
382790,7.8613,0.003377,296.09, 490.7137
382791,7.8647,0.003477,287.57, 490.7143
382792,7.8682,0.003312,301.98, 490.7137
382793,7.8716,0.003552,281.50, 490.7140
382794,7.8755,0.003760,265.99, 490.7137
382795,7.8784,0.002952,338.76, 490.7143
382796,7.8823,0.003922,254.99, 490.7143
382797,7.8853,0.003091,323.49, 490.7143
382798,7.8892,0.003726,268.40, 490.7137
382799,7.8921,0.003112,321.36, 490.7140
382800,7.8960,0.003810,262.44, 490.7140
382801,7.8999,0.003665,272.84, 490.7143
382802,7.9028,0.002958,338.12, 490.7143
382803,7.9067,0.003885,257.43, 490.7137
382804,7.9097,0.003031,329.89, 490.7137
382805,7.9136,0.003986,250.90, 490.7137
382806,7.9165,0.003030,330.08, 490.7143
382807,7.9209,0.004083,244.90, 490.7136
382808,7.9238,0.003188,313.64, 490.7137
382809,7.9272,0.003492,286.35, 490.7143
382810,7.9307,0.003446,290.22, 490.7137
382811,7.9341,0.003373,296.45, 490.7143
382812,7.9380,0.003661,273.19, 490.7140
382813,7.9409,0.003119,320.62, 490.7143
382814,7.9448,0.003867,258.57, 490.7137
382815,7.9482,0.003578,279.47, 490.7140
382816,7.9517,0.003252,307.47, 490.7143
382817,7.9551,0.003566,280.47, 490.7143
382818,7.9585,0.003258,306.98, 490.7137
382819,7.9624,0.004014,249.12, 490.7140
382820,7.9663,0.003684,271.44, 490.7143
382821,7.9697,0.003523,283.87, 490.7137
382822,7.9731,0.003390,294.95, 490.7143
382823,7.9761,0.002974,336.24, 490.7140
382824,7.9805,0.004171,239.78, 490.7137
382825,7.9834,0.003079,324.80, 490.7140
382826,7.9868,0.003704,270.01, 490.7137
382827,7.9907,0.003794,263.56, 490.7140
382828,7.9937,0.002951,338.93, 490.7137
382829,7.9976,0.003704,270.01, 490.7143
382830,8.0010,0.003260,306.79, 490.7143
382831,8.0044,0.003596,278.13, 490.7140
382832,8.0078,0.003304,302.63, 490.7140
382833,8.0112,0.003643,274.51, 490.7143
382834,8.0151,0.003746,266.93, 490.7136
382835,8.0181,0.003253,307.38, 490.7137
382836,8.0215,0.003342,299.21, 490.7143
382837,8.0249,0.003339,299.46, 490.7140
382838,8.0288,0.003640,274.76, 490.7137
382839,8.0317,0.003206,311.95, 490.7143
382840,8.0356,0.003643,274.50, 490.7137
382841,8.0391,0.003460,289.03, 490.7143
382842,8.0420,0.003151,317.41, 490.7140
382843,8.0459,0.003901,256.32, 490.7137
382844,8.0493,0.003335,299.84, 490.7137
382845,8.0527,0.003458,289.17, 490.7143
382846,8.0562,0.003321,301.09, 490.7140
382847,8.0596,0.003588,278.73, 490.7137
382848,8.0635,0.003664,272.95, 490.7140
382849,8.0664,0.002981,335.50, 490.7140
382850,8.0698,0.003696,270.53, 490.7140
382851,8.0732,0.003434,291.19, 490.7137
382852,8.0767,0.003401,294.03, 490.7143
382853,8.0806,0.003540,282.50, 490.7140
382854,8.0840,0.003427,291.82, 490.7143
382855,8.0874,0.003498,285.87, 490.7140
382856,8.0908,0.003388,295.17, 490.7140
382857,8.0942,0.003717,269.03, 490.7143
382858,8.0972,0.002961,337.76, 490.7137
382859,8.1011,0.003608,277.16, 490.7143
382860,8.1045,0.003511,284.84, 490.7143
382861,8.1079,0.003466,288.48, 490.7140
382862,8.1113,0.003420,292.39, 490.7137
382863,8.1147,0.003539,282.58, 490.7140
382864,8.1187,0.003613,276.80, 490.7162
382865,8.1216,0.003063,326.48, 490.7143
382866,8.1255,0.003707,269.80, 490.7140
382867,8.1289,0.003395,294.56, 490.7140
382868,8.1318,0.003355,298.06, 490.7143
382869,8.1357,0.003431,291.49, 490.7143
382870,8.1392,0.003555,281.32, 490.7137
382871,8.1426,0.003466,288.56, 490.7137
382872,8.1460,0.003539,282.57, 490.7137
382873,8.1494,0.003325,300.74, 490.7143
382874,8.1528,0.003314,301.76, 490.7143
382875,8.1567,0.003885,257.41, 490.7137
382876,8.1597,0.003165,315.94, 490.7143
382877,8.1636,0.003768,265.39, 490.7191
382878,8.1670,0.003594,278.25, 490.7143
382879,8.1704,0.003117,320.85, 490.7143
382880,8.1738,0.003796,263.46, 490.7143
382881,8.1772,0.003005,332.76, 490.7143
382882,8.1807,0.003715,269.17, 490.7143
382883,8.1841,0.003255,307.19, 490.7143
382884,8.1875,0.003706,269.84, 490.7137
382885,8.1909,0.003026,330.49, 490.7143
382886,8.1943,0.003820,261.81, 490.7143
382887,8.1982,0.003539,282.60, 490.7143
382888,8.2012,0.003045,328.46, 490.7140
382889,8.2046,0.003693,270.76, 490.7143
382890,8.2080,0.003091,323.56, 490.7137
382891,8.2119,0.003886,257.37, 490.7137
382892,8.2148,0.002968,336.96, 490.7140
382893,8.2188,0.003736,267.65, 490.7137
382894,8.2222,0.003669,272.57, 490.7143
382895,8.2251,0.003008,332.46, 490.7137
382896,8.2290,0.003804,262.88, 490.7140
382897,8.2319,0.003013,331.91, 490.7140
382898,8.2358,0.003730,268.10, 490.7140
382899,8.2388,0.003060,326.78, 490.7137
382900,8.2427,0.003786,264.10, 490.7137
382901,8.2461,0.003600,277.75, 490.7143
382902,8.2495,0.003115,321.05, 490.7137
382903,8.2529,0.003826,261.39, 490.7142
382904,8.2559,0.002983,335.20, 490.7137
382905,8.2598,0.003813,262.26, 490.7143
382906,8.2627,0.002970,336.73, 490.7140
382907,8.2666,0.003782,264.39, 490.7143
382908,8.2705,0.003627,275.75, 490.7143
382909,8.2734,0.002956,338.34, 490.7140
382910,8.2773,0.003864,258.77, 490.7137
382911,8.2803,0.003057,327.17, 490.7143
382912,8.2837,0.003735,267.76, 490.7143
382913,8.2871,0.003103,322.29, 490.7137
382914,8.2905,0.003751,266.62, 490.7140
382915,8.2944,0.003748,266.84, 490.7140
382916,8.2974,0.002986,334.87, 490.7137
382917,8.3013,0.003734,267.83, 490.7137
382918,8.3042,0.003016,331.52, 490.7140
382919,8.3081,0.003727,268.32, 490.7143
382920,8.3110,0.003176,314.86, 490.7137
382921,8.3149,0.003715,269.20, 490.7143
382922,8.3184,0.003728,268.28, 490.7139
382923,8.3213,0.002942,339.96, 490.7143
382924,8.3252,0.003797,263.34, 490.7140
382925,8.3281,0.003017,331.49, 490.7143
382926,8.3320,0.003763,265.73, 490.7140
382927,8.3354,0.003326,300.65, 490.7140
382928,8.3389,0.003461,288.92, 490.7140
382929,8.3423,0.003176,314.84, 490.7143
382930,8.3457,0.003816,262.05, 490.7137
382931,8.3491,0.003427,291.82, 490.7137
382932,8.3525,0.003253,307.37, 490.7137
382933,8.3564,0.003719,268.93, 490.7140
382934,8.3594,0.003059,326.94, 490.7143
382935,8.3633,0.003818,261.91, 490.7143
382936,8.3662,0.003226,309.96, 490.7143
382937,8.3701,0.003618,276.38, 490.7143
382938,8.3735,0.003654,273.71, 490.7140
382939,8.3774,0.003830,261.10, 490.7140
382940,8.3809,0.003463,288.78, 490.7137
382941,8.3843,0.003294,303.61, 490.7140
382942,8.3877,0.003503,285.46, 490.7137
382943,8.3911,0.003219,310.67, 490.7137
382944,8.3950,0.003810,262.45, 490.7140
382945,8.3984,0.003525,283.69, 490.7143
382946,8.4014,0.003216,310.96, 490.7140
382947,8.4053,0.003592,278.41, 490.7143
382948,8.4087,0.003355,298.05, 490.7137
382949,8.4121,0.003571,280.03, 490.7137
382950,8.4150,0.003036,329.34, 490.7143
382951,8.4189,0.003758,266.11, 490.7143
382952,8.4224,0.003704,269.97, 490.7137
382953,8.4258,0.003034,329.58, 490.7137
382954,8.4292,0.003874,258.15, 490.7140
382955,8.4326,0.003032,329.82, 490.7143
382956,8.4365,0.003837,260.61, 490.7137
382957,8.4395,0.003044,328.52, 490.7137
382958,8.4434,0.003763,265.75, 490.7143
382959,8.4468,0.003601,277.69, 490.7137
382960,8.4502,0.003235,309.17, 490.7143
382961,8.4536,0.003641,274.69, 490.7140
382962,8.4565,0.003012,332.05, 490.7143
382963,8.4604,0.003812,262.32, 490.7137
382964,8.4634,0.003097,322.92, 490.7143
382965,8.4673,0.003779,264.62, 490.7140
382966,8.4707,0.003632,275.32, 490.7137
382967,8.4741,0.003195,312.98, 490.7143
382968,8.4780,0.003675,272.12, 490.7140
382969,8.4810,0.003081,324.56, 490.7137
382970,8.4849,0.003798,263.30, 490.7137
382971,8.4878,0.003235,309.16, 490.7140
382972,8.4912,0.003510,284.88, 490.7137
382973,8.4951,0.003730,268.12, 490.7140
382974,8.4985,0.003174,315.04, 490.7137
382975,8.5020,0.003617,276.46, 490.7143
382976,8.5054,0.003248,307.91, 490.7140
382977,8.5088,0.003611,276.95, 490.7143
382978,8.5122,0.003292,303.75, 490.7140
382979,8.5161,0.003850,259.76, 490.7137
382980,8.5190,0.003342,299.24, 490.7140
382981,8.5225,0.003356,297.95, 490.7137
382982,8.5264,0.003627,275.70, 490.7143
382983,8.5293,0.003192,313.30, 490.7137
382984,8.5332,0.003899,256.48, 490.7136
382985,8.5366,0.003179,314.57, 490.7143
382986,8.5400,0.003262,306.52, 490.7143
382987,8.5430,0.003311,302.07, 490.7140
382988,8.5469,0.003802,263.03, 490.7137
382989,8.5508,0.003635,275.11, 490.7136
382990,8.5537,0.003154,317.05, 490.7137
382991,8.5576,0.003684,271.47, 490.7143
382992,8.5610,0.003541,282.41, 490.7137
382993,8.5645,0.003546,282.05, 490.7137
382994,8.5684,0.003651,273.89, 490.7136
382995,8.5713,0.003307,302.42, 490.7137
382996,8.5752,0.003617,276.46, 490.7142
382997,8.5781,0.003147,317.79, 490.7137
382998,8.5820,0.003662,273.05, 490.7139
382999,8.5850,0.003153,317.20, 490.7137
383000,8.5889,0.003731,268.05, 490.7136
383001,8.5918,0.003167,315.74, 490.7137
383002,8.5957,0.003687,271.22, 490.7137
383003,8.5991,0.003631,275.44, 490.7142
383004,8.6025,0.003110,321.56, 490.7137
383005,8.6060,0.003674,272.18, 490.7143
383006,8.6094,0.003133,319.17, 490.7137
383007,8.6133,0.004036,247.80, 490.7136
383008,8.6162,0.003087,323.96, 490.7143
383009,8.6196,0.003435,291.15, 490.7140
383010,8.6235,0.003638,274.90, 490.7137
383011,8.6265,0.003117,320.80, 490.7143
383012,8.6304,0.003751,266.58, 490.7140
383013,8.6333,0.003141,318.40, 490.7137
383014,8.6372,0.003734,267.81, 490.7137
383015,8.6401,0.003247,308.01, 490.7137
383016,8.6440,0.003670,272.49, 490.7137
383017,8.6475,0.003536,282.77, 490.7143
383018,8.6509,0.003256,307.09, 490.7140
383019,8.6543,0.003597,278.02, 490.7143
383020,8.6577,0.003376,296.23, 490.7137
383021,8.6611,0.003581,279.24, 490.7137
383022,8.6646,0.003247,307.98, 490.7137
383023,8.6680,0.003522,283.90, 490.7140
383024,8.6719,0.003877,257.92, 490.7136
383025,8.6753,0.003250,307.71, 490.7137
383026,8.6787,0.003279,304.95, 490.7140
383027,8.6821,0.003515,284.49, 490.7140
383028,8.6855,0.003469,288.23, 490.7137
383029,8.6890,0.003672,272.35, 490.7140
383030,8.6924,0.003237,308.93, 490.7140
383031,8.6963,0.003874,258.15, 490.7143
383032,8.6992,0.003037,329.26, 490.7137
383033,8.7031,0.003696,270.54, 490.7143
383034,8.7061,0.003226,309.97, 490.7137
383035,8.7100,0.003851,259.66, 490.7137
383036,8.7134,0.003527,283.51, 490.7140
383037,8.7168,0.002975,336.16, 490.7143
383038,8.7207,0.003895,256.73, 490.7137
383039,8.7236,0.003044,328.49, 490.7143
383040,8.7275,0.004128,242.27, 490.7143
383041,8.7310,0.003088,323.86, 490.7140
383042,8.7344,0.003600,277.77, 490.7137
383043,8.7383,0.003798,263.33, 490.7140
383044,8.7412,0.003056,327.23, 490.7140
383045,8.7451,0.003872,258.27, 490.7143
383046,8.7480,0.003038,329.12, 490.7137
383047,8.7520,0.003956,252.81, 490.7140
383048,8.7554,0.003092,323.45, 490.7137
383049,8.7588,0.003606,277.33, 490.7140
383050,8.7622,0.003577,279.57, 490.7143
383051,8.7656,0.003130,319.49, 490.7143
383052,8.7695,0.004262,234.66, 490.7136
383053,8.7729,0.003107,321.90, 490.7142
383054,8.7759,0.002947,339.29, 490.7140
383055,8.7793,0.003354,298.13, 490.7137
383056,8.7832,0.004125,242.42, 490.7136
383057,8.7866,0.003374,296.38, 490.7136
383058,8.7900,0.003379,295.91, 490.7143
383059,8.7935,0.003369,296.82, 490.7140
383060,8.7969,0.003629,275.54, 490.7140
383061,8.8008,0.003659,273.29, 490.7137
383062,8.8037,0.003139,318.54, 490.7137
383063,8.8076,0.003979,251.34, 490.7140
383064,8.8115,0.003904,256.16, 490.7137
383065,8.8159,0.004028,248.27, 490.7143
383066,8.8188,0.003319,301.34, 490.7137
383067,8.8223,0.003316,301.54, 490.7140
383068,8.8257,0.003534,282.95, 490.7143
383069,8.8296,0.003629,275.57, 490.7143
383070,8.8330,0.003463,288.81, 490.7137
383071,8.8364,0.003494,286.18, 490.7143
383072,8.8398,0.003242,308.49, 490.7140
383073,8.8433,0.003673,272.27, 490.7140
383074,8.8467,0.003111,321.42, 490.7137
383075,8.8501,0.003739,267.48, 490.7143
383076,8.8540,0.003598,277.92, 490.7137
383077,8.8569,0.003233,309.27, 490.7140
383078,8.8608,0.003685,271.41, 490.7140
383079,8.8638,0.003237,308.97, 490.7137
383080,8.8677,0.003583,279.12, 490.7137
383081,8.8706,0.003150,317.47, 490.7137
383082,8.8745,0.003873,258.20, 490.7137
383083,8.8784,0.003635,275.14, 490.7143
383084,8.8813,0.002964,337.43, 490.7137
383085,8.8853,0.003825,261.43, 490.7143
383086,8.8882,0.003015,331.66, 490.7143
383087,8.8921,0.003921,255.03, 490.7137
383088,8.8950,0.003039,329.04, 490.7143
383089,8.8989,0.003785,264.21, 490.7143
383090,8.9023,0.003646,274.27, 490.7140
383091,8.9053,0.003008,332.46, 490.7137
383092,8.9092,0.003831,261.04, 490.7137
383093,8.9126,0.003206,311.89, 490.7140
383094,8.9160,0.003373,296.44, 490.7143
383095,8.9194,0.003518,284.22, 490.7140
383096,8.9229,0.003672,272.34, 490.7137
383097,8.9268,0.003692,270.86, 490.7142
383098,8.9297,0.002976,336.04, 490.7137
383099,8.9336,0.003811,262.37, 490.7143
383100,8.9365,0.002976,335.99, 490.7143
383101,8.9404,0.003749,266.71, 490.7143
383102,8.9434,0.003307,302.38, 490.7137
383103,8.9473,0.003648,274.12, 490.7137
383104,8.9507,0.003623,276.04, 490.7143
383105,8.9536,0.002988,334.68, 490.7140
383106,8.9575,0.003772,265.14, 490.7137
383107,8.9609,0.003262,306.59, 490.7140
383108,8.9644,0.003722,268.69, 490.7143
383109,8.9678,0.002980,335.55, 490.7140
383110,8.9717,0.003898,256.53, 490.7137
383111,8.9751,0.003551,281.62, 490.7143
383112,8.9785,0.003595,278.19, 490.7143
383113,8.9819,0.003557,281.18, 490.7143
383114,8.9854,0.003441,290.61, 490.7137
383115,8.9893,0.003690,271.01, 490.7139
383116,8.9922,0.003083,324.41, 490.7137
383117,8.9966,0.004012,249.23, 490.7137
383118,9.0000,0.003461,288.90, 490.7143
383119,9.0029,0.003099,322.67, 490.7143
383120,9.0068,0.003733,267.90, 490.7140
383121,9.0098,0.003104,322.16, 490.7140
383122,9.0142,0.004440,225.22, 490.7137
383123,9.0176,0.003519,284.20, 490.7137
383124,9.0205,0.002982,335.39, 490.7137
383125,9.0244,0.003914,255.47, 490.7143
383126,9.0278,0.002988,334.72, 490.7137
383127,9.0317,0.003904,256.16, 490.7140
383128,9.0347,0.003320,301.25, 490.7137
383129,9.0381,0.003368,296.94, 490.7137
383130,9.0415,0.003423,292.11, 490.7137
383131,9.0454,0.003562,280.71, 490.7140
383132,9.0488,0.003825,261.47, 490.7139
383133,9.0522,0.003145,317.93, 490.7137
383134,9.0557,0.003383,295.58, 490.7143
383135,9.0591,0.003317,301.45, 490.7140
383136,9.0625,0.003682,271.59, 490.7137
383137,9.0654,0.003005,332.78, 490.7140
383138,9.0693,0.003747,266.89, 490.7137
383139,9.0728,0.003661,273.16, 490.7140
383140,9.0762,0.003011,332.14, 490.7137
383141,9.0796,0.003828,261.21, 490.7143
383142,9.0830,0.003318,301.40, 490.7137
383143,9.0864,0.003490,286.53, 490.7137
383144,9.0898,0.003339,299.49, 490.7140
383145,9.0938,0.003641,274.63, 490.7137
383146,9.0972,0.003573,279.89, 490.7137
383147,9.1001,0.003066,326.21, 490.7140
383148,9.1040,0.003766,265.53, 490.7143
383149,9.1074,0.003292,303.79, 490.7137
383150,9.1108,0.003785,264.20, 490.7137
383151,9.1143,0.003042,328.79, 490.7137
383152,9.1177,0.003608,277.18, 490.7140
383153,9.1216,0.003631,275.44, 490.7140
383154,9.1245,0.003021,330.97, 490.7140
383155,9.1284,0.003883,257.53, 490.7143
383156,9.1313,0.003065,326.24, 490.7143
383157,9.1353,0.003733,267.88, 490.7143
383158,9.1382,0.003272,305.61, 490.7143
383159,9.1421,0.003635,275.09, 490.7140
383160,9.1455,0.003689,271.08, 490.7143
383161,9.1484,0.002966,337.11, 490.7140
383162,9.1523,0.003785,264.19, 490.7140
383163,9.1553,0.003114,321.09, 490.7137
383164,9.1592,0.003873,258.17, 490.7140
383165,9.1626,0.003008,332.42, 490.7137
383166,9.1660,0.003707,269.75, 490.7137
383167,9.1699,0.003648,274.15, 490.7140
383168,9.1729,0.003227,309.90, 490.7140
383169,9.1768,0.003580,279.32, 490.7143
383170,9.1797,0.003033,329.70, 490.7137
383171,9.1831,0.003735,267.74, 490.7143
383172,9.1865,0.003258,306.97, 490.7137
383173,9.1904,0.003630,275.49, 490.7137
383174,9.1938,0.003653,273.76, 490.7143
383175,9.1968,0.003106,321.93, 490.7140
383176,9.2007,0.003581,279.24, 490.7143
383177,9.2036,0.003150,317.49, 490.7137
383178,9.2075,0.003702,270.16, 490.7140
383179,9.2109,0.003355,298.10, 490.7143
383180,9.2144,0.003632,275.37, 490.7137
383181,9.2178,0.003549,281.77, 490.7143
383182,9.2212,0.003210,311.57, 490.7137
383183,9.2246,0.003606,277.29, 490.7143
383184,9.2280,0.003194,313.11, 490.7137
383185,9.2314,0.003421,292.28, 490.7143
383186,9.2349,0.003397,294.39, 490.7140
383187,9.2383,0.003396,294.46, 490.7143
383188,9.2417,0.003419,292.53, 490.7137
383189,9.2451,0.003587,278.78, 490.7143
383190,9.2490,0.003625,275.85, 490.7143
383191,9.2520,0.003178,314.69, 490.7143
383192,9.2554,0.003566,280.46, 490.7137
383193,9.2588,0.003082,324.48, 490.7143
383194,9.2627,0.003978,251.38, 490.7143
383195,9.2656,0.003128,319.67, 490.7137
383196,9.2695,0.003768,265.38, 490.7137
383197,9.2729,0.003570,280.11, 490.7140
383198,9.2759,0.002954,338.58, 490.7140
383199,9.2798,0.003869,258.46, 490.7143
383200,9.2827,0.003075,325.19, 490.7137
383201,9.2866,0.003664,272.90, 490.7143
383202,9.2900,0.003321,301.12, 490.7137
383203,9.2935,0.003622,276.13, 490.7137
383204,9.2964,0.002975,336.13, 490.7140
383205,9.3003,0.003622,276.08, 490.7143
383206,9.3037,0.003583,279.09, 490.7140
383207,9.3071,0.003359,297.71, 490.7143
383208,9.3105,0.003509,284.96, 490.7143
383209,9.3140,0.003411,293.20, 490.7137
383210,9.3174,0.003506,285.23, 490.7143
383211,9.3208,0.003051,327.77, 490.7137
383212,9.3242,0.003737,267.63, 490.7140
383213,9.3276,0.003538,282.68, 490.7143
383214,9.3311,0.003352,298.31, 490.7143
383215,9.3350,0.003566,280.39, 490.7140
383216,9.3379,0.003196,312.88, 490.7143
383217,9.3413,0.003548,281.86, 490.7143
383218,9.3447,0.003296,303.42, 490.7140
383219,9.3486,0.003621,276.15, 490.7140
383220,9.3521,0.003443,290.44, 490.7140
383221,9.3555,0.003437,290.96, 490.7137
383222,9.3589,0.003630,275.51, 490.7137
383223,9.3623,0.003311,302.02, 490.7143
383224,9.3657,0.003466,288.49, 490.7143
383225,9.3687,0.003156,316.91, 490.7140
383226,9.3726,0.003749,266.73, 490.7140
383227,9.3765,0.003743,267.18, 490.7143
383228,9.3794,0.002954,338.58, 490.7137
383229,9.3828,0.003686,271.29, 490.7143
383230,9.3862,0.003344,299.03, 490.7143
383231,9.3901,0.003557,281.12, 490.7143
383232,9.3931,0.003173,315.15, 490.7137
383233,9.3970,0.003813,262.26, 490.7137
383234,9.4004,0.003456,289.37, 490.7143
383235,9.4038,0.003339,299.46, 490.7137
383236,9.4072,0.003561,280.86, 490.7143
383237,9.4106,0.003282,304.70, 490.7140
383238,9.4141,0.003669,272.52, 490.7143
383239,9.4175,0.003246,308.09, 490.7137
383240,9.4209,0.003572,279.93, 490.7137
383241,9.4248,0.003731,268.06, 490.7140
383242,9.4277,0.002924,342.06, 490.7140
383243,9.4316,0.003832,260.97, 490.7143
383244,9.4346,0.003276,305.26, 490.7140
383245,9.4385,0.003603,277.58, 490.7140
383246,9.4419,0.003383,295.63, 490.7137
383247,9.4453,0.003527,283.51, 490.7137
383248,9.4487,0.003584,279.01, 490.7140
383249,9.4517,0.003018,331.37, 490.7143
383250,9.4556,0.003696,270.53, 490.7137
383251,9.4590,0.003454,289.54, 490.7137
383252,9.4629,0.003620,276.23, 490.7143
383253,9.4658,0.003343,299.16, 490.7140
383254,9.4697,0.003919,255.19, 490.7143
383255,9.4736,0.003585,278.91, 490.7142
383256,9.4766,0.002958,338.08, 490.7162
383257,9.4805,0.003820,261.77, 490.7143
383258,9.4834,0.002992,334.21, 490.7137
383259,9.4873,0.004072,245.60, 490.7139
383260,9.4907,0.003158,316.62, 490.7137
383261,9.4941,0.003446,290.20, 490.7140
383262,9.4980,0.003872,258.26, 490.7137
383263,9.5010,0.003038,329.19, 490.7143
383264,9.5044,0.003765,265.63, 490.7143
383265,9.5078,0.003043,328.59, 490.7137
383266,9.5117,0.003820,261.79, 490.7143
383267,9.5146,0.003267,306.14, 490.7137
383268,9.5186,0.003573,279.89, 490.7143
383269,9.5220,0.003623,275.98, 490.7143
383270,9.5249,0.003055,327.29, 490.7137
383271,9.5288,0.003654,273.64, 490.7143
383272,9.5322,0.003442,290.51, 490.7140
383273,9.5356,0.003503,285.45, 490.7143
383274,9.5386,0.003128,319.65, 490.7140
383275,9.5425,0.003806,262.74, 490.7140
383276,9.5459,0.003195,312.99, 490.7137
383277,9.5493,0.003687,271.26, 490.7140
383278,9.5532,0.003653,273.73, 490.7143
383279,9.5562,0.002979,335.74, 490.7137
383280,9.5601,0.003848,259.87, 490.7143
383281,9.5630,0.003121,320.40, 490.7137
383282,9.5669,0.003712,269.37, 490.7137
383283,9.5698,0.003139,318.55, 490.7137
383284,9.5737,0.003651,273.90, 490.7137
383285,9.5771,0.003805,262.84, 490.7143
383286,9.5806,0.003047,328.17, 490.7137
383287,9.5840,0.003732,267.97, 490.7143
383288,9.5869,0.003015,331.69, 490.7137
383289,9.5908,0.003766,265.55, 490.7143
383290,9.5942,0.003355,298.11, 490.7140
383291,9.5977,0.003596,278.13, 490.7137
383292,9.6016,0.003570,280.13, 490.7143
383293,9.6045,0.003265,306.32, 490.7137
383294,9.6084,0.003546,282.02, 490.7143
383295,9.6113,0.003272,305.62, 490.7143
383296,9.6157,0.004198,238.20, 490.7143
383297,9.6191,0.003560,280.91, 490.7143
383298,9.6221,0.003051,327.75, 490.7143
383299,9.6260,0.003870,258.38, 490.7143
383300,9.6294,0.002991,334.34, 490.7143
383301,9.6328,0.003835,260.79, 490.7143
383302,9.6362,0.003202,312.27, 490.7140
383303,9.6401,0.003685,271.39, 490.7137
383304,9.6436,0.003476,287.70, 490.7137
383305,9.6470,0.003662,273.05, 490.7143
383306,9.6504,0.003431,291.44, 490.7137
383307,9.6538,0.003451,289.74, 490.7137
383308,9.6572,0.003514,284.60, 490.7143
383309,9.6606,0.003360,297.61, 490.7140
383310,9.6646,0.003614,276.74, 490.7137
383311,9.6680,0.003594,278.25, 490.7140
383312,9.6714,0.003337,299.65, 490.7143
383313,9.6748,0.003560,280.89, 490.7140
383314,9.6777,0.003055,327.34, 490.7140
383315,9.6816,0.003854,259.50, 490.7137
383316,9.6851,0.003057,327.14, 490.7137
383317,9.6885,0.003828,261.27, 490.7140
383318,9.6924,0.003531,283.24, 490.7137
383319,9.6953,0.003257,307.01, 490.7143
383320,9.6992,0.003606,277.32, 490.7137
383321,9.7021,0.003312,301.91, 490.7140
383322,9.7061,0.003503,285.45, 490.7143
383323,9.7095,0.003349,298.59, 490.7143
383324,9.7129,0.003621,276.14, 490.7143
383325,9.7163,0.003615,276.65, 490.7143
383326,9.7197,0.003220,310.60, 490.7137
383327,9.7231,0.003587,278.75, 490.7140
383328,9.7266,0.003292,303.81, 490.7140
383329,9.7300,0.003631,275.39, 490.7143
383330,9.7334,0.003051,327.78, 490.7140
383331,9.7373,0.004001,249.93, 490.7140
383332,9.7407,0.003383,295.57, 490.7140
383333,9.7441,0.003257,307.07, 490.7143
383334,9.7476,0.003570,280.12, 490.7140
383335,9.7510,0.003408,293.43, 490.7143
383336,9.7544,0.003489,286.65, 490.7162
383337,9.7578,0.003320,301.21, 490.7140
383338,9.7612,0.003673,272.26, 490.7137
383339,9.7651,0.003698,270.44, 490.7137
383340,9.7686,0.003321,301.11, 490.7137
383341,9.7720,0.003643,274.53, 490.7142
383342,9.7754,0.003164,316.05, 490.7137
383343,9.7793,0.004130,242.15, 490.7136
383344,9.7832,0.004114,243.10, 490.7136
383345,9.7876,0.003962,252.37, 490.7136
383346,9.7905,0.003192,313.28, 490.7136
383347,9.7939,0.003150,317.43, 490.7136
383348,9.7969,0.002996,333.81, 490.7140
383349,9.7998,0.003234,309.23, 490.7143
383350,9.8037,0.003599,277.87, 490.7143
383351,9.8076,0.004079,245.17, 490.7143
383352,9.8110,0.003578,279.52, 490.7143
383353,9.8149,0.003534,282.93, 490.7140
383354,9.8179,0.003029,330.13, 490.7143
383355,9.8218,0.003811,262.43, 490.7143
383356,9.8252,0.003399,294.20, 490.7137
383357,9.8286,0.003728,268.23, 490.7143
383358,9.8320,0.003554,281.40, 490.7140
383359,9.8354,0.002997,333.64, 490.7140
383360,9.8389,0.003750,266.68, 490.7143
383361,9.8423,0.003319,301.28, 490.7137
383362,9.8462,0.003842,260.29, 490.7137
383363,9.8491,0.003040,328.90, 490.7137
383364,9.8530,0.003802,263.03, 490.7140
383365,9.8564,0.003527,283.54, 490.7143
383366,9.8599,0.003110,321.55, 490.7137
383367,9.8633,0.003799,263.25, 490.7143
383368,9.8667,0.003022,330.88, 490.7140
383369,9.8701,0.003777,264.73, 490.7143
383370,9.8735,0.003300,303.04, 490.7137
383371,9.8770,0.003614,276.67, 490.7143
383372,9.8809,0.003601,277.69, 490.7140
383373,9.8838,0.003101,322.48, 490.7143
383374,9.8877,0.003698,270.42, 490.7137
383375,9.8911,0.003322,301.07, 490.7137
383376,9.8950,0.003949,253.21, 490.7137
383377,9.8979,0.003057,327.11, 490.7137
383378,9.9019,0.003744,267.13, 490.7137
383379,9.9053,0.003605,277.36, 490.7137
383380,9.9082,0.003014,331.74, 490.7137
383381,9.9121,0.003889,257.16, 490.7143
383382,9.9150,0.003041,328.89, 490.7143
383383,9.9189,0.003744,267.09, 490.7143
383384,9.9219,0.003144,318.11, 490.7137
383385,9.9258,0.003754,266.41, 490.7143
383386,9.9297,0.003643,274.48, 490.7143
383387,9.9326,0.003032,329.87, 490.7143
383388,9.9365,0.003947,253.38, 490.7136
383389,9.9395,0.003189,313.62, 490.7137
383390,9.9434,0.003594,278.23, 490.7137
383391,9.9463,0.003074,325.33, 490.7143
383392,9.9502,0.003748,266.82, 490.7143
383393,9.9536,0.003706,269.81, 490.7143
383394,9.9565,0.002927,341.60, 490.7140
383395,9.9604,0.003734,267.82, 490.7140
383396,9.9639,0.003369,296.82, 490.7137
383397,9.9673,0.003574,279.84, 490.7143
383398,9.9707,0.003289,304.05, 490.7140
383399,9.9741,0.003568,280.28, 490.7137
383400,9.9780,0.003694,270.68, 490.7143
383401,9.9810,0.003040,328.98, 490.7143
383402,9.9849,0.003817,261.97, 490.7137
383403,9.9878,0.003030,330.08, 490.7140
383404,9.9917,0.003751,266.58, 490.7137
383405,9.9951,0.003315,301.66, 490.7140
383406,9.9985,0.003703,270.07, 490.7137
