TotalFrame,Time,DeltaTime,FPS,RAM
131794,0.0000,0.013594,73.56, 421.5069
131795,0.0000,0.013594,73.56, 423.4580
131796,0.0200,0.020000,50.00, 421.5948
131797,0.0234,0.003624,275.96, 422.4436
131798,0.0286,0.005035,198.62, 421.5929
131799,0.0349,0.006369,157.01, 421.8813
131800,0.0391,0.004219,237.02, 421.5641
131801,0.0427,0.003622,276.07, 421.5638
131802,0.0464,0.003486,286.90, 421.5638
131803,0.0498,0.003597,278.02, 421.5638
131804,0.0535,0.003477,287.59, 421.5638
131805,0.0569,0.003598,277.94, 421.5638
131806,0.0605,0.003540,282.52, 421.5636
131807,0.0640,0.003489,286.61, 421.5590
131808,0.0676,0.003543,282.21, 421.5584
131809,0.0710,0.003505,285.27, 421.5585
131810,0.0747,0.003737,267.63, 421.5591
131811,0.0781,0.003470,288.18, 421.5601
131812,0.0818,0.003432,291.38, 421.5585
131813,0.0852,0.003429,291.62, 421.5590
131814,0.0886,0.003612,276.83, 421.5585
131815,0.0920,0.003405,293.66, 421.5584
131816,0.0955,0.003341,299.28, 421.5590
131817,0.0989,0.003526,283.59, 421.5584
131818,0.1025,0.003429,291.66, 421.5590
131819,0.1060,0.003550,281.66, 421.5588
131820,0.1094,0.003393,294.77, 421.5873
131821,0.1128,0.003538,282.63, 421.5584
131822,0.1165,0.003608,277.13, 421.5584
131823,0.1201,0.003537,282.70, 421.5585
131824,0.1243,0.004134,241.90, 421.5585
131825,0.1277,0.003399,294.24, 421.5585
131826,0.1309,0.003393,294.75, 421.5591
131827,0.1343,0.003388,295.13, 421.5584
131828,0.1382,0.003720,268.85, 421.5591
131829,0.1416,0.003588,278.72, 421.5588
131830,0.1453,0.003482,287.18, 421.5584
131831,0.1492,0.003948,253.27, 421.5858
131832,0.1536,0.004430,225.74, 421.5590
131833,0.1572,0.003821,261.69, 421.5883
131834,0.1614,0.004015,249.04, 421.5585
131835,0.1648,0.003517,284.33, 421.5585
131836,0.1682,0.003455,289.45, 421.5678
131837,0.1719,0.003625,275.89, 421.5590
131838,0.1755,0.003529,283.34, 421.5584
131839,0.1790,0.003528,283.48, 421.5584
131840,0.1826,0.003589,278.64, 421.5584
131841,0.1860,0.003429,291.64, 421.5873
131842,0.1897,0.003580,279.35, 421.5584
131843,0.1929,0.003345,298.94, 421.5591
131844,0.1963,0.003413,293.03, 421.5585
131845,0.1997,0.003398,294.32, 421.5584
131846,0.2031,0.003468,288.35, 421.5585
131847,0.2065,0.003382,295.70, 421.5590
131848,0.2100,0.003378,296.03, 421.5590
131849,0.2134,0.003482,287.17, 421.5584
131850,0.2168,0.003401,294.06, 421.5733
131851,0.2205,0.003505,285.31, 421.5591
131852,0.2236,0.003329,300.36, 421.5590
131853,0.2273,0.003652,273.79, 421.5587
131854,0.2307,0.003423,292.16, 421.5587
131855,0.2344,0.003506,285.20, 421.5584
131856,0.2378,0.003488,286.72, 421.5584
131857,0.2412,0.003424,292.03, 421.5585
131858,0.2446,0.003377,296.09, 421.5584
131859,0.2480,0.003380,295.83, 421.5591
131860,0.2515,0.003439,290.81, 421.5584
131861,0.2549,0.003384,295.54, 421.5584
131862,0.2583,0.003488,286.74, 421.5590
131863,0.2617,0.003466,288.48, 421.5584
131864,0.2654,0.003546,282.00, 421.5584
131865,0.2688,0.003508,285.03, 421.5813
131866,0.2722,0.003433,291.28, 421.5609
131867,0.2756,0.003453,289.61, 421.5585
131868,0.2791,0.003463,288.74, 421.5584
131869,0.2827,0.003574,279.81, 421.5584
131870,0.2861,0.003527,283.50, 421.5584
131871,0.2898,0.003547,281.90, 421.5591
131872,0.2932,0.003459,289.07, 421.5591
131873,0.2966,0.003387,295.24, 421.5584
131874,0.3000,0.003484,287.07, 421.5584
131875,0.3035,0.003451,289.80, 421.5590
131876,0.3071,0.003611,276.96, 421.5585
131877,0.3105,0.003456,289.39, 421.5733
131878,0.3142,0.003535,282.91, 421.5585
131879,0.3176,0.003456,289.37, 421.5584
131880,0.3210,0.003432,291.42, 421.5584
131881,0.3247,0.003607,277.28, 421.5585
131882,0.3281,0.003423,292.16, 421.5584
131883,0.3315,0.003481,287.32, 421.5585
131884,0.3350,0.003451,289.80, 421.5590
131885,0.3386,0.003509,284.95, 421.5590
131886,0.3420,0.003581,279.24, 421.5584
131887,0.3457,0.003476,287.70, 421.5590
131888,0.3494,0.003663,273.01, 421.5585
131889,0.3528,0.003477,287.60, 421.5584
131890,0.3562,0.003485,286.96, 421.5584
131891,0.3596,0.003512,284.71, 421.5590
131892,0.3630,0.003417,292.64, 421.5654
131893,0.3667,0.003464,288.72, 421.5585
131894,0.3701,0.003413,292.99, 421.5590
131895,0.3735,0.003528,283.47, 421.5587
131896,0.3772,0.003554,281.40, 421.5587
131897,0.3806,0.003463,288.74, 421.5585
131898,0.3840,0.003475,287.77, 421.5585
131899,0.3875,0.003413,292.96, 421.5585
131900,0.3909,0.003471,288.08, 421.5588
131901,0.3943,0.003376,296.23, 421.5585
131902,0.3977,0.003457,289.27, 421.5585
131903,0.4011,0.003424,292.06, 421.5584
131904,0.4048,0.003503,285.47, 421.5585
131905,0.4082,0.003459,289.13, 421.5584
131906,0.4116,0.003435,291.09, 421.5584
131907,0.4153,0.003596,278.09, 421.5590
131908,0.4187,0.003484,287.06, 421.5584
131909,0.4221,0.003516,284.40, 421.5584
131910,0.4258,0.003491,286.48, 421.5584
131911,0.4292,0.003494,286.20, 421.5590
131912,0.4326,0.003441,290.62, 421.5678
131913,0.4360,0.003536,282.81, 421.5584
131914,0.4397,0.003544,282.19, 421.5585
131915,0.4431,0.003433,291.27, 421.5584
131916,0.4465,0.003493,286.29, 421.5585
131917,0.4504,0.003721,268.75, 421.5584
131918,0.4539,0.003486,286.88, 421.5585
131919,0.4573,0.003476,287.70, 421.5590
131920,0.4607,0.003418,292.55, 421.5590
131921,0.4644,0.003540,282.52, 421.5591
131922,0.4675,0.003390,294.96, 421.5584
131923,0.4712,0.003502,285.53, 421.5588
131924,0.4746,0.003445,290.29, 421.5585
131925,0.4780,0.003436,291.08, 421.5585
131926,0.4814,0.003532,283.14, 421.5591
131927,0.4849,0.003397,294.40, 421.5590
131928,0.4885,0.003516,284.45, 421.5590
131929,0.4919,0.003432,291.37, 421.5584
131930,0.4954,0.003517,284.33, 421.5585
131931,0.4988,0.003471,288.08, 421.5590
131932,0.5024,0.003442,290.53, 421.5584
131933,0.5059,0.003453,289.61, 421.5584
131934,0.5093,0.003470,288.15, 421.5584
131935,0.5127,0.003546,282.00, 421.5588
131936,0.5161,0.003338,299.62, 421.5629
131937,0.5198,0.003549,281.78, 421.5734
131938,0.5232,0.003451,289.79, 421.5584
131939,0.5266,0.003448,290.03, 421.5584
131940,0.5303,0.003687,271.22, 421.5585
131941,0.5337,0.003479,287.41, 421.5584
131942,0.5371,0.003438,290.85, 421.5585
131943,0.5405,0.003451,289.81, 421.5584
131944,0.5442,0.003483,287.08, 421.5584
131945,0.5476,0.003539,282.56, 421.5609
131946,0.5510,0.003462,288.88, 421.5591
131947,0.5547,0.003455,289.43, 421.5584
131948,0.5581,0.003430,291.51, 421.5584
131949,0.5618,0.003866,258.68, 421.5591
131950,0.5654,0.003501,285.65, 421.5584
131951,0.5688,0.003532,283.12, 421.5585
131952,0.5728,0.003730,268.08, 421.5585
131953,0.5759,0.003371,296.66, 421.5591
131954,0.5796,0.003513,284.65, 421.5585
131955,0.5830,0.003400,294.14, 421.5584
131956,0.5864,0.003497,285.98, 421.5585
131957,0.5898,0.003379,295.95, 421.5734
131958,0.5933,0.003584,279.03, 421.5591
131959,0.5967,0.003417,292.68, 421.5584
131960,0.6001,0.003403,293.90, 421.5584
131961,0.6038,0.003604,277.47, 421.5659
131962,0.6072,0.003432,291.38, 421.5584
131963,0.6108,0.003599,277.89, 421.5588
131964,0.6143,0.003538,282.65, 421.5584
131965,0.6179,0.003447,290.09, 421.5584
131966,0.6213,0.003491,286.45, 421.5585
131967,0.6248,0.003460,288.98, 421.5584
131968,0.6282,0.003471,288.07, 421.5585
131969,0.6316,0.003393,294.72, 421.5584
131970,0.6350,0.003429,291.61, 421.5733
131971,0.6387,0.003546,282.05, 421.5584
131972,0.6421,0.003415,292.83, 421.5590
131973,0.6455,0.003518,284.28, 421.5585
131974,0.6489,0.003426,291.86, 421.5584
131975,0.6526,0.003514,284.62, 421.5584
131976,0.6560,0.003601,277.72, 421.5584
131977,0.6597,0.003508,285.09, 421.5610
131978,0.6631,0.003464,288.68, 421.5584
131979,0.6665,0.003515,284.48, 421.5584
131980,0.6702,0.003534,282.95, 421.5591
131981,0.6736,0.003399,294.20, 421.5584
131982,0.6770,0.003476,287.68, 421.5585
131983,0.6804,0.003409,293.34, 421.5584
131984,0.6838,0.003539,282.54, 421.5585
131985,0.6875,0.003522,283.91, 421.5584
131986,0.6909,0.003515,284.49, 421.5584
131987,0.6946,0.003511,284.84, 421.5585
131988,0.6980,0.003435,291.10, 421.5584
131989,0.7014,0.003460,289.00, 421.5585
131990,0.7048,0.003401,294.05, 421.6212
131991,0.7083,0.003493,286.27, 421.5609
131992,0.7117,0.003415,292.85, 421.5733
131993,0.7153,0.003620,276.26, 421.5591
131994,0.7188,0.003532,283.14, 421.5585
131995,0.7222,0.003427,291.78, 421.5587
131996,0.7258,0.003465,288.58, 421.5585
131997,0.7292,0.003560,280.88, 421.5590
131998,0.7329,0.003596,278.10, 421.5591
131999,0.7363,0.003462,288.88, 421.5584
132000,0.7397,0.003452,289.66, 421.5585
132001,0.7432,0.003457,289.29, 421.5585
132002,0.7466,0.003336,299.78, 421.5584
132003,0.7500,0.003471,288.11, 421.5588
132004,0.7534,0.003362,297.48, 421.5584
132005,0.7568,0.003438,290.88, 421.5588
132006,0.7603,0.003491,286.42, 421.5584
132007,0.7639,0.003509,284.97, 421.5584
132008,0.7676,0.003649,274.06, 421.5590
132009,0.7710,0.003542,282.33, 421.5590
132010,0.7744,0.003476,287.70, 421.5585
132011,0.7781,0.003549,281.80, 421.5728
132012,0.7817,0.003765,265.60, 421.5591
132013,0.7854,0.003499,285.77, 421.5584
132014,0.7888,0.003526,283.59, 421.5584
132015,0.7925,0.003524,283.74, 421.5585
132016,0.7959,0.003514,284.58, 421.5584
132017,0.7993,0.003452,289.72, 421.5590
132018,0.8027,0.003408,293.45, 421.5813
132019,0.8062,0.003487,286.80, 421.5591
132020,0.8098,0.003564,280.59, 421.5585
132021,0.8135,0.003592,278.44, 421.5584
132022,0.8171,0.003751,266.57, 421.5591
132023,0.8210,0.003941,253.76, 421.5584
132024,0.8254,0.004272,234.07, 421.5584
132025,0.8291,0.003852,259.61, 421.5585
132026,0.8330,0.003719,268.86, 421.5585
132027,0.8376,0.004650,215.05, 421.5585
132028,0.8411,0.003588,278.70, 421.5585
132029,0.8445,0.003421,292.31, 421.5585
132030,0.8481,0.003509,284.95, 421.5591
132031,0.8516,0.003526,283.59, 421.5585
132032,0.8550,0.003458,289.22, 421.5585
132033,0.8586,0.003500,285.76, 421.5585
132034,0.8621,0.003413,293.01, 421.5584
132035,0.8655,0.003472,288.06, 421.5585
132036,0.8689,0.003458,289.16, 421.5584
132037,0.8726,0.003513,284.62, 421.5609
132038,0.8760,0.003461,288.97, 421.5584
132039,0.8794,0.003519,284.14, 421.5584
132040,0.8831,0.003588,278.71, 421.5584
132041,0.8865,0.003436,291.00, 421.5590
132042,0.8901,0.003645,274.36, 421.5585
132043,0.8936,0.003417,292.63, 421.5624
132044,0.8970,0.003447,290.10, 421.5585
132045,0.9004,0.003527,283.57, 421.5584
132046,0.9038,0.003417,292.65, 421.5585
132047,0.9072,0.003416,292.76, 421.5585
132048,0.9109,0.003476,287.67, 421.5590
132049,0.9143,0.003437,290.92, 421.5610
132050,0.9177,0.003407,293.56, 421.5584
132051,0.9211,0.003509,285.01, 421.5590
132052,0.9248,0.003597,278.03, 421.5590
132053,0.9282,0.003508,285.07, 421.5585
132054,0.9316,0.003471,288.07, 421.5591
132055,0.9353,0.003511,284.80, 421.5590
132056,0.9387,0.003585,278.97, 421.5584
132057,0.9424,0.003468,288.34, 421.5848
132058,0.9458,0.003446,290.18, 421.5588
132059,0.9492,0.003433,291.32, 421.5590
132060,0.9526,0.003556,281.24, 421.5585
132061,0.9561,0.003413,293.01, 421.5734
132062,0.9595,0.003395,294.54, 421.5590
132063,0.9629,0.003463,288.78, 421.5591
132064,0.9666,0.003580,279.31, 421.5584
132065,0.9702,0.003647,274.24, 421.5585
132066,0.9736,0.003495,286.16, 421.5584
132067,0.9773,0.003468,288.39, 421.5590
132068,0.9807,0.003517,284.33, 421.5585
132069,0.9841,0.003491,286.49, 421.5584
132070,0.9878,0.003491,286.48, 421.5588
132071,0.9912,0.003461,288.98, 421.5590
132072,0.9946,0.003459,289.11, 421.5584
132073,0.9980,0.003546,282.02, 421.5584
132074,1.0020,0.003814,262.21, 421.5591
132075,1.0054,0.003520,284.12, 421.5585
132076,1.0093,0.003775,264.91, 421.5588
132077,1.0127,0.003437,290.96, 421.5584
132078,1.0164,0.003602,277.62, 421.5591
132079,1.0198,0.003413,293.01, 421.5584
132080,1.0232,0.003477,287.63, 421.5585
132081,1.0266,0.003384,295.54, 421.5584
132082,1.0300,0.003526,283.59, 421.5584
132083,1.0337,0.003489,286.60, 421.5813
132084,1.0371,0.003505,285.31, 421.5585
132085,1.0405,0.003440,290.73, 421.5584
132086,1.0442,0.003704,269.96, 421.5590
132087,1.0479,0.003517,284.33, 421.5584
132088,1.0513,0.003454,289.54, 421.5584
132089,1.0547,0.003534,282.94, 421.5585
132090,1.0584,0.003497,285.99, 421.5590
132091,1.0615,0.003401,294.02, 421.5585
132092,1.0649,0.003404,293.78, 421.5590
132093,1.0686,0.003486,286.89, 421.5584
132094,1.0720,0.003468,288.38, 421.5591
132095,1.0754,0.003503,285.51, 421.5584
132096,1.0791,0.003534,282.94, 421.5585
132097,1.0828,0.003698,270.43, 421.5584
132098,1.0862,0.003492,286.36, 421.5590
132099,1.0898,0.003620,276.27, 421.5584
132100,1.0933,0.003432,291.39, 421.5584
132101,1.0969,0.003639,274.79, 421.5585
132102,1.1003,0.003522,283.92, 421.5584
132103,1.1040,0.003506,285.19, 421.5584
132104,1.1074,0.003549,281.75, 421.5584
132105,1.1111,0.003586,278.89, 421.5584
132106,1.1145,0.003446,290.18, 421.5591
132107,1.1179,0.003409,293.38, 421.5590
132108,1.1213,0.003509,285.02, 421.5585
132109,1.1250,0.003450,289.87, 421.5584
132110,1.1282,0.003416,292.73, 421.5588
132111,1.1318,0.003456,289.39, 421.5585
132112,1.1350,0.003360,297.66, 421.5609
132113,1.1387,0.003469,288.25, 421.5585
132114,1.1426,0.003936,254.08, 421.5584
132115,1.1462,0.003740,267.37, 421.5853
132116,1.1501,0.003884,257.47, 421.5585
132117,1.1538,0.003609,277.12, 421.5584
132118,1.1577,0.004026,248.39, 421.5591
132119,1.1616,0.003855,259.44, 421.5734
132120,1.1660,0.004276,233.87, 421.5585
132121,1.1699,0.003973,251.71, 421.5585
132122,1.1733,0.003552,281.52, 421.5585
132123,1.1768,0.003430,291.58, 421.5591
132124,1.1804,0.003480,287.33, 421.5585
132125,1.1838,0.003419,292.47, 421.5587
132126,1.1873,0.003534,282.98, 421.5584
132127,1.1909,0.003591,278.47, 421.5584
132128,1.1946,0.003601,277.68, 421.5591
132129,1.1980,0.003491,286.49, 421.5584
132130,1.2014,0.003447,290.08, 421.5584
132131,1.2051,0.003713,269.36, 421.5733
132132,1.2087,0.003620,276.22, 421.5584
132133,1.2124,0.003583,279.06, 421.5585
132134,1.2158,0.003490,286.57, 421.5585
132135,1.2195,0.003580,279.31, 421.5584
132136,1.2229,0.003556,281.25, 421.5584
132137,1.2266,0.003518,284.28, 421.5584
132138,1.2300,0.003574,279.84, 421.5585
132139,1.2334,0.003463,288.73, 421.5584
132140,1.2371,0.003533,283.05, 421.5585
132141,1.2407,0.003568,280.28, 421.5584
132142,1.2441,0.003457,289.27, 421.5585
132143,1.2476,0.003472,288.00, 421.5585
132144,1.2510,0.003456,289.34, 421.5584
132145,1.2546,0.003553,281.49, 421.5585
132146,1.2581,0.003484,287.07, 421.5585
132147,1.2615,0.003498,285.86, 421.5588
132148,1.2651,0.003491,286.49, 421.5584
132149,1.2686,0.003494,286.18, 421.5585
132150,1.2720,0.003539,282.61, 421.5585
132151,1.2754,0.003434,291.23, 421.5587
132152,1.2791,0.003526,283.64, 421.5584
132153,1.2827,0.003636,275.06, 421.5584
132154,1.2864,0.003720,268.84, 421.5591
132155,1.2898,0.003439,290.78, 421.5584
132156,1.2932,0.003428,291.74, 421.5590
132157,1.2966,0.003442,290.53, 421.5584
132158,1.3000,0.003453,289.64, 421.5590
132159,1.3037,0.003581,279.23, 421.5585
132160,1.3071,0.003436,291.01, 421.5590
132161,1.3105,0.003441,290.65, 421.5591
132162,1.3140,0.003474,287.89, 421.5584
132163,1.3176,0.003456,289.36, 421.5590
132164,1.3210,0.003526,283.58, 421.5585
132165,1.3245,0.003386,295.33, 421.5590
132166,1.3279,0.003459,289.08, 421.5591
132167,1.3313,0.003485,286.96, 421.5584
132168,1.3347,0.003443,290.42, 421.5584
132169,1.3384,0.003581,279.27, 421.5590
132170,1.3418,0.003504,285.36, 421.5584
132171,1.3455,0.003655,273.61, 421.5585
132172,1.3491,0.003456,289.39, 421.5584
132173,1.3525,0.003458,289.23, 421.5584
132174,1.3560,0.003536,282.83, 421.5584
132175,1.3596,0.003543,282.27, 421.5585
132176,1.3630,0.003459,289.08, 421.5591
132177,1.3665,0.003397,294.36, 421.5584
132178,1.3699,0.003542,282.36, 421.5584
132179,1.3733,0.003440,290.68, 421.5584
132180,1.3770,0.003556,281.25, 421.5609
132181,1.3804,0.003469,288.26, 421.5584
132182,1.3838,0.003424,292.10, 421.5585
132183,1.3872,0.003466,288.48, 421.5591
132184,1.3909,0.003450,289.86, 421.5584
132185,1.3943,0.003441,290.61, 421.5669
132186,1.3977,0.003387,295.26, 421.5587
132187,1.4011,0.003452,289.73, 421.5585
132188,1.4045,0.003474,287.85, 421.5584
132189,1.4080,0.003492,286.39, 421.5584
132190,1.4116,0.003552,281.53, 421.5584
132191,1.4150,0.003455,289.41, 421.5590
132192,1.4185,0.003525,283.72, 421.5585
132193,1.4219,0.003454,289.56, 421.5584
132194,1.4255,0.003438,290.87, 421.5584
132195,1.4290,0.003612,276.87, 421.5584
132196,1.4324,0.003418,292.58, 421.5585
132197,1.4363,0.003806,262.76, 423.4924
132198,1.4397,0.003423,292.15, 423.4917
132199,1.4431,0.003477,287.59, 423.4917
132200,1.4468,0.003535,282.85, 423.4917
132201,1.4502,0.003487,286.81, 423.4942
132202,1.4536,0.003429,291.64, 423.4917
132203,1.4570,0.003382,295.65, 423.4924
132204,1.4604,0.003474,287.85, 423.4918
132205,1.4639,0.003390,294.98, 423.4918
132206,1.4675,0.003642,274.55, 423.4924
132207,1.4709,0.003399,294.17, 423.5207
132208,1.4744,0.003507,285.11, 423.4918
132209,1.4778,0.003395,294.59, 423.4917
132210,1.4812,0.003417,292.65, 423.4917
132211,1.4846,0.003494,286.22, 423.5207
132212,1.4883,0.003501,285.64, 423.4917
132213,1.4919,0.003628,275.66, 423.4917
132214,1.4954,0.003521,284.03, 423.4917
132215,1.4988,0.003451,289.81, 423.4917
132216,1.5024,0.003508,285.07, 423.4923
132217,1.5059,0.003530,283.32, 423.4917
132218,1.5095,0.003564,280.62, 423.4918
132219,1.5129,0.003417,292.64, 423.4917
132220,1.5164,0.003468,288.39, 423.4918
132221,1.5200,0.003678,271.92, 423.4917
132222,1.5234,0.003471,288.08, 423.4918
132223,1.5269,0.003469,288.26, 423.4917
132224,1.5305,0.003528,283.46, 423.4917
132225,1.5339,0.003564,280.55, 423.4924
132226,1.5374,0.003377,296.09, 423.4917
132227,1.5410,0.003517,284.32, 423.4921
132228,1.5444,0.003446,290.16, 423.4918
132229,1.5479,0.003409,293.33, 423.4918
132230,1.5513,0.003478,287.49, 423.4918
132231,1.5547,0.003494,286.17, 423.4923
132232,1.5584,0.003517,284.37, 423.4917
132233,1.5618,0.003434,291.22, 423.4923
132234,1.5652,0.003523,283.88, 423.4917
132235,1.5688,0.003539,282.59, 423.4923
132236,1.5723,0.003543,282.21, 423.4918
132237,1.5757,0.003440,290.68, 423.4917
132238,1.5791,0.003400,294.09, 423.4941
132239,1.5825,0.003507,285.15, 423.4918
132240,1.5862,0.003473,287.92, 423.4917
132241,1.5896,0.003500,285.69, 423.4918
132242,1.5930,0.003427,291.80, 423.4923
132243,1.5964,0.003457,289.28, 423.4917
132244,1.6001,0.003514,284.61, 423.4917
132245,1.6035,0.003402,293.96, 423.4923
132246,1.6069,0.003469,288.28, 423.4918
132247,1.6104,0.003435,291.09, 423.4917
132248,1.6138,0.003498,285.85, 423.4917
132249,1.6174,0.003599,277.84, 423.4923
132250,1.6209,0.003498,285.86, 423.4924
132251,1.6243,0.003435,291.10, 423.4918
132252,1.6279,0.003476,287.73, 423.4917
132253,1.6313,0.003614,276.67, 423.4917
132254,1.6350,0.003472,287.99, 423.4917
132255,1.6384,0.003538,282.65, 423.4918
132256,1.6418,0.003441,290.60, 423.4917
132257,1.6453,0.003384,295.48, 423.4924
132258,1.6487,0.003425,291.98, 423.5060
132259,1.6521,0.003376,296.19, 423.4941
132260,1.6555,0.003467,288.40, 423.4924
132261,1.6589,0.003464,288.71, 423.4917
132262,1.6626,0.003571,280.06, 423.4924
132263,1.6660,0.003421,292.35, 423.4923
132264,1.6694,0.003445,290.30, 423.4917
132265,1.6731,0.003600,277.81, 423.4920
132266,1.6765,0.003446,290.23, 423.4923
132267,1.6799,0.003538,282.69, 423.4941
132268,1.6836,0.003485,286.91, 423.4917
132269,1.6870,0.003484,287.04, 423.4920
132270,1.6907,0.003603,277.55, 423.4917
132271,1.6941,0.003547,281.92, 423.4921
132272,1.6975,0.003446,290.19, 423.4918
132273,1.7009,0.003447,290.12, 423.4917
132274,1.7046,0.003510,284.92, 423.4917
132275,1.7083,0.003713,269.30, 423.4923
132276,1.7117,0.003476,287.71, 423.4918
132277,1.7151,0.003443,290.46, 423.4917
132278,1.7188,0.003690,271.01, 423.4924
132279,1.7224,0.003503,285.50, 423.4917
132280,1.7258,0.003494,286.22, 423.4917
132281,1.7292,0.003501,285.62, 423.4918
132282,1.7332,0.003709,269.63, 423.4924
132283,1.7366,0.003442,290.54, 423.4918
132284,1.7400,0.003512,284.71, 423.4918
132285,1.7434,0.003427,291.83, 423.4918
132286,1.7468,0.003456,289.37, 423.4918
132287,1.7502,0.003446,290.16, 423.4917
132288,1.7539,0.003485,286.96, 423.4918
132289,1.7573,0.003422,292.24, 423.4941
132290,1.7607,0.003448,290.06, 423.4917
132291,1.7642,0.003561,280.85, 423.4917
132292,1.7678,0.003445,290.30, 423.4917
132293,1.7715,0.003666,272.81, 423.4918
132294,1.7749,0.003551,281.63, 423.4918
132295,1.7783,0.003488,286.74, 423.4923
132296,1.7820,0.003497,285.93, 423.4917
132297,1.7856,0.003741,267.30, 423.4917
132298,1.7896,0.003791,263.80, 423.4918
132299,1.7930,0.003433,291.33, 423.4917
132300,1.7964,0.003448,290.04, 423.4918
132301,1.8000,0.003727,268.33, 423.4917
132302,1.8035,0.003417,292.65, 423.4921
132303,1.8069,0.003459,289.14, 423.4918
132304,1.8103,0.003421,292.30, 423.4923
132305,1.8137,0.003416,292.78, 423.4918
132306,1.8171,0.003471,288.08, 423.4917
132307,1.8208,0.003471,288.13, 423.4917
132308,1.8245,0.003655,273.58, 423.4917
132309,1.8279,0.003405,293.70, 423.5066
132310,1.8313,0.003516,284.38, 423.4942
132311,1.8347,0.003481,287.27, 423.4920
132312,1.8384,0.003577,279.56, 423.4917
132313,1.8420,0.003582,279.20, 423.4917
132314,1.8452,0.003411,293.20, 423.4918
132315,1.8489,0.003470,288.19, 423.4918
132316,1.8523,0.003389,295.06, 423.4917
132317,1.8557,0.003480,287.38, 423.4917
132318,1.8591,0.003549,281.75, 423.4917
132319,1.8628,0.003580,279.35, 423.4918
132320,1.8662,0.003442,290.51, 423.4917
132321,1.8701,0.003752,266.53, 423.4924
132322,1.8735,0.003445,290.29, 423.4917
132323,1.8770,0.003412,293.08, 423.4923
132324,1.8804,0.003482,287.22, 423.4918
132325,1.8838,0.003415,292.82, 423.4917
132326,1.8872,0.003461,288.92, 423.4918
132327,1.8906,0.003489,286.64, 423.4917
132328,1.8945,0.003798,263.27, 423.4917
132329,1.8982,0.003672,272.36, 423.4924
132330,1.9016,0.003500,285.72, 423.4923
132331,1.9053,0.003586,278.84, 423.4918
132332,1.9087,0.003497,285.93, 423.5156
132333,1.9124,0.003629,275.56, 423.4917
132334,1.9160,0.003721,268.74, 423.4917
132335,1.9197,0.003644,274.40, 423.4917
132336,1.9233,0.003680,271.75, 423.4924
132337,1.9270,0.003641,274.62, 423.4917
132338,1.9307,0.003585,278.96, 423.4917
132339,1.9343,0.003709,269.61, 423.4924
132340,1.9380,0.003559,280.96, 423.4917
132341,1.9417,0.003631,275.38, 423.4918
132342,1.9451,0.003623,276.01, 423.4917
132343,1.9487,0.003568,280.26, 423.4917
132344,1.9524,0.003666,272.81, 423.4917
132345,1.9561,0.003603,277.53, 423.4917
132346,1.9597,0.003591,278.45, 423.4918
132347,1.9631,0.003576,279.68, 423.4917
132348,1.9668,0.003557,281.14, 423.4918
132349,1.9702,0.003578,279.49, 423.4917
132350,1.9739,0.003586,278.85, 423.4918
132351,1.9775,0.003618,276.37, 423.4918
132352,1.9810,0.003526,283.64, 423.4917
132353,1.9846,0.003573,279.88, 423.4918
132354,1.9883,0.003621,276.14, 423.4917
132355,1.9919,0.003653,273.77, 423.4918
132356,1.9954,0.003581,279.22, 423.5022
132357,1.9993,0.003691,270.91, 423.4923
132358,2.0027,0.003600,277.79, 423.4918
132359,2.0063,0.003510,284.93, 423.4923
132360,2.0098,0.003528,283.45, 423.4917
132361,2.0134,0.003585,278.93, 423.4917
132362,2.0168,0.003466,288.48, 423.4917
132363,2.0205,0.003566,280.46, 423.4924
132364,2.0242,0.003758,266.10, 423.4918
132365,2.0276,0.003514,284.59, 423.4917
132366,2.0313,0.003571,280.07, 423.4924
132367,2.0347,0.003439,290.77, 423.4920
132368,2.0383,0.003511,284.83, 423.4918
132369,2.0417,0.003442,290.53, 423.4917
132370,2.0452,0.003455,289.47, 423.4923
132371,2.0486,0.003478,287.53, 423.5205
132372,2.0520,0.003489,286.60, 423.4924
132373,2.0554,0.003460,289.03, 423.4917
132374,2.0591,0.003426,291.92, 423.4917
132375,2.0625,0.003564,280.58, 423.4923
132376,2.0659,0.003482,287.17, 423.4917
132377,2.0696,0.003519,284.19, 423.4918
132378,2.0730,0.003448,290.04, 423.4917
132379,2.0764,0.003407,293.55, 423.4918
132380,2.0798,0.003400,294.10, 423.4918
132381,2.0833,0.003419,292.53, 423.4918
132382,2.0867,0.003458,289.23, 423.4918
132383,2.0901,0.003380,295.82, 423.4917
132384,2.0935,0.003460,289.03, 423.4918
132385,2.0969,0.003338,299.62, 423.5016
132386,2.1003,0.003550,281.66, 423.4917
132387,2.1040,0.003544,282.15, 423.5206
132388,2.1074,0.003514,284.57, 423.4917
132389,2.1111,0.003544,282.14, 423.4917
132390,2.1145,0.003508,285.04, 423.4917
132391,2.1182,0.003620,276.24, 423.4917
132392,2.1216,0.003582,279.20, 423.4917
132393,2.1252,0.003500,285.73, 423.4918
132394,2.1287,0.003541,282.39, 423.4918
132395,2.1323,0.003598,277.95, 423.4923
132396,2.1357,0.003494,286.24, 423.4918
132397,2.1392,0.003445,290.27, 423.4917
132398,2.1428,0.003475,287.76, 423.4918
132399,2.1465,0.003721,268.72, 423.4917
132400,2.1501,0.003671,272.42, 423.4924
132401,2.1538,0.003748,266.84, 423.4921
132402,2.1577,0.003746,266.97, 423.4917
132403,2.1614,0.003704,269.97, 423.4918
132404,2.1655,0.004252,235.17, 423.4918
132405,2.1697,0.003971,251.85, 423.4919
132406,2.1733,0.003660,273.22, 423.4924
132407,2.1770,0.003665,272.87, 423.4918
132408,2.1804,0.003467,288.43, 423.4917
132409,2.1838,0.003452,289.73, 423.5045
132410,2.1873,0.003421,292.33, 423.4917
132411,2.1909,0.003589,278.64, 423.4918
132412,2.1946,0.003652,273.83, 423.4917
132413,2.1980,0.003444,290.37, 423.4917
132414,2.2014,0.003609,277.05, 423.4917
132415,2.2051,0.003550,281.73, 423.4917
132416,2.2085,0.003494,286.20, 423.4918
132417,2.2119,0.003455,289.48, 423.4917
132418,2.2156,0.003502,285.52, 423.4917
132419,2.2192,0.003801,263.10, 423.4917
132420,2.2229,0.003691,270.97, 423.4918
132421,2.2266,0.003486,286.83, 423.4917
132422,2.2300,0.003477,287.64, 423.4917
132423,2.2336,0.003612,276.85, 423.4917
132424,2.2371,0.003564,280.62, 423.4917
132425,2.2407,0.003560,280.91, 423.4918
132426,2.2441,0.003481,287.30, 423.4918
132427,2.2476,0.003386,295.35, 423.4917
132428,2.2510,0.003435,291.14, 423.4918
132429,2.2544,0.003383,295.58, 423.4917
132430,2.2578,0.003534,282.95, 423.4917
132431,2.2615,0.003605,277.40, 423.4917
132432,2.2649,0.003438,290.84, 423.4921
132433,2.2683,0.003451,289.79, 423.4918
132434,2.2720,0.003431,291.46, 423.4917
132435,2.2754,0.003460,289.02, 423.4918
132436,2.2788,0.003467,288.47, 423.4917
132437,2.2822,0.003417,292.69, 423.4918
132438,2.2856,0.003450,289.89, 423.4917
132439,2.2891,0.003488,286.72, 423.4923
132440,2.2927,0.003585,278.97, 423.4917
132441,2.2961,0.003458,289.18, 423.4917
132442,2.2998,0.003596,278.10, 423.4918
132443,2.3032,0.003456,289.36, 423.4923
132444,2.3066,0.003475,287.74, 423.4918
132445,2.3103,0.003479,287.47, 423.4917
132446,2.3135,0.003414,292.93, 423.4918
132447,2.3169,0.003416,292.78, 423.4920
132448,2.3203,0.003416,292.77, 423.4918
132449,2.3240,0.003464,288.71, 423.4918
132450,2.3274,0.003406,293.63, 423.4917
132451,2.3308,0.003492,286.40, 423.4918
132452,2.3342,0.003528,283.49, 423.4917
132453,2.3376,0.003426,291.89, 423.5121
132454,2.3413,0.003510,284.94, 423.4923
132455,2.3447,0.003366,297.06, 423.4917
132456,2.3481,0.003616,276.59, 423.4923
132457,2.3518,0.003565,280.52, 423.4917
132458,2.3552,0.003496,286.07, 423.4918
132459,2.3589,0.003492,286.39, 423.4918
132460,2.3623,0.003437,290.98, 423.4918
132461,2.3657,0.003500,285.69, 423.4917
132462,2.3691,0.003370,296.72, 423.5131
132463,2.3726,0.003501,285.66, 423.4917
132464,2.3760,0.003399,294.23, 423.4920
132465,2.3796,0.003537,282.69, 423.4917
132466,2.3831,0.003504,285.42, 423.4917
132467,2.3865,0.003428,291.75, 423.4924
132468,2.3899,0.003452,289.66, 423.4918
132469,2.3933,0.003469,288.29, 423.4917
132470,2.3967,0.003435,291.13, 423.4918
132471,2.4001,0.003414,292.90, 423.4917
132472,2.4038,0.003476,287.68, 423.4917
132473,2.4072,0.003536,282.85, 423.4920
132474,2.4109,0.003590,278.56, 423.4918
132475,2.4143,0.003447,290.12, 423.4921
132476,2.4177,0.003378,296.07, 423.4917
132477,2.4211,0.003465,288.60, 423.4917
132478,2.4246,0.003545,282.10, 423.4917
132479,2.4282,0.003563,280.66, 423.4918
132480,2.4316,0.003504,285.36, 423.4917
132481,2.4351,0.003379,295.94, 423.4918
132482,2.4385,0.003441,290.63, 423.4918
132483,2.4419,0.003402,293.95, 423.5065
132484,2.4456,0.003506,285.23, 423.4918
132485,2.4490,0.003399,294.21, 423.4917
132486,2.4524,0.003488,286.66, 423.4918
132487,2.4558,0.003451,289.75, 423.4918
132488,2.4592,0.003475,287.79, 423.4917
132489,2.4629,0.003500,285.73, 423.4918
132490,2.4661,0.003410,293.22, 423.4917
132491,2.4697,0.003491,286.49, 423.4918
132492,2.4731,0.003419,292.52, 423.4923
132493,2.4766,0.003488,286.68, 423.4917
132494,2.4802,0.003552,281.55, 423.4917
132495,2.4836,0.003460,289.06, 423.5116
132496,2.4871,0.003466,288.52, 423.4924
132497,2.4905,0.003393,294.76, 423.4917
132498,2.4939,0.003442,290.52, 423.4917
132499,2.4973,0.003453,289.58, 423.4923
132500,2.5010,0.003508,285.03, 423.4918
132501,2.5044,0.003476,287.65, 423.4924
132502,2.5078,0.003420,292.41, 423.4918
132503,2.5112,0.003423,292.14, 423.4924
132504,2.5146,0.003483,287.14, 423.4917
132505,2.5181,0.003485,286.98, 423.4918
132506,2.5215,0.003394,294.65, 423.4923
132507,2.5249,0.003482,287.20, 423.4917
132508,2.5286,0.003488,286.71, 423.4920
132509,2.5322,0.003601,277.69, 423.4917
132510,2.5356,0.003574,279.79, 423.4918
132511,2.5391,0.003407,293.49, 423.4923
132512,2.5425,0.003461,288.94, 423.4918
132513,2.5459,0.003387,295.25, 423.4920
132514,2.5493,0.003501,285.67, 423.4917
132515,2.5530,0.003489,286.62, 423.5175
132516,2.5564,0.003469,288.31, 423.4920
132517,2.5598,0.003455,289.41, 423.4917
132518,2.5632,0.003387,295.25, 423.4917
132519,2.5669,0.003564,280.61, 423.4923
132520,2.5703,0.003532,283.10, 423.4917
132521,2.5737,0.003503,285.44, 423.4917
132522,2.5774,0.003468,288.35, 423.4918
132523,2.5808,0.003415,292.80, 423.4924
132524,2.5845,0.003666,272.80, 423.4924
132525,2.5879,0.003544,282.19, 423.5001
132526,2.5916,0.003662,273.07, 423.4918
132527,2.5952,0.003506,285.19, 423.4917
132528,2.5986,0.003520,284.13, 423.4923
132529,2.6021,0.003488,286.71, 423.4917
132530,2.6055,0.003477,287.58, 423.4917
132531,2.6091,0.003534,282.98, 423.4923
132532,2.6128,0.003629,275.57, 423.4917
132533,2.6162,0.003548,281.89, 423.4918
132534,2.6199,0.003546,281.98, 423.4917
132535,2.6235,0.003574,279.78, 423.4917
132536,2.6270,0.003540,282.53, 423.4923
132537,2.6306,0.003564,280.62, 423.4917
132538,2.6340,0.003474,287.82, 423.4921
132539,2.6375,0.003484,287.01, 423.4917
132540,2.6409,0.003490,286.52, 423.4918
132541,2.6445,0.003465,288.59, 423.4917
132542,2.6477,0.003382,295.68, 423.5031
132543,2.6514,0.003470,288.16, 423.4923
132544,2.6545,0.003337,299.64, 423.5036
132545,2.6580,0.003452,289.68, 423.4918
132546,2.6616,0.003537,282.69, 423.4917
132547,2.6650,0.003469,288.25, 423.4924
132548,2.6685,0.003473,287.91, 423.4918
132549,2.6721,0.003485,286.94, 423.4918
132550,2.6755,0.003461,288.91, 423.4921
132551,2.6790,0.003408,293.41, 423.4917
132552,2.6824,0.003480,287.40, 423.4917
132553,2.6858,0.003468,288.32, 423.4917
132554,2.6897,0.003866,258.65, 423.4917
132555,2.6931,0.003501,285.61, 423.4920
132556,2.6965,0.003418,292.60, 423.4918
132557,2.7000,0.003432,291.42, 423.4917
132558,2.7034,0.003403,293.89, 423.4923
132559,2.7070,0.003606,277.34, 423.5567
132560,2.7107,0.003518,284.22, 423.4917
132561,2.7141,0.003452,289.69, 423.4918
132562,2.7175,0.003419,292.47, 423.4917
132563,2.7209,0.003432,291.35, 423.4921
132564,2.7244,0.003447,290.13, 423.5051
132565,2.7278,0.003547,281.96, 423.4923
132566,2.7314,0.003463,288.81, 423.4918
132567,2.7349,0.003473,287.93, 423.4917
132568,2.7383,0.003478,287.51, 423.4917
132569,2.7419,0.003594,278.26, 423.4917
132570,2.7454,0.003505,285.27, 423.4918
132571,2.7488,0.003423,292.12, 423.4924
132572,2.7522,0.003350,298.54, 423.5026
132573,2.7559,0.003571,280.03, 423.4917
132574,2.7593,0.003546,281.98, 423.4917
132575,2.7627,0.003508,285.04, 423.4921
132576,2.7664,0.003438,290.90, 423.4920
132577,2.7698,0.003566,280.40, 423.4918
132578,2.7737,0.003765,265.64, 423.4918
132579,2.7773,0.003761,265.90, 423.4917
132580,2.7810,0.003732,267.95, 423.4918
132581,2.7847,0.003538,282.69, 423.4918
132582,2.7881,0.003433,291.26, 423.4924
132583,2.7915,0.003483,287.10, 423.4917
132584,2.7949,0.003414,292.94, 423.4923
132585,2.7983,0.003520,284.06, 423.4918
132586,2.8025,0.004088,244.61, 423.4917
132587,2.8064,0.003735,267.75, 423.4918
132588,2.8101,0.003862,258.97, 423.4924
132589,2.8137,0.003537,282.72, 423.4917
132590,2.8171,0.003471,288.08, 423.4924
132591,2.8206,0.003472,287.99, 423.4917
132592,2.8240,0.003391,294.92, 423.5066
132593,2.8274,0.003400,294.09, 423.4923
132594,2.8311,0.003546,282.03, 423.4917
132595,2.8345,0.003630,275.47, 423.4918
132596,2.8379,0.003409,293.36, 423.4917
132597,2.8416,0.003467,288.40, 423.4921
132598,2.8450,0.003451,289.75, 423.4917
132599,2.8484,0.003456,289.32, 423.4917
132600,2.8521,0.003664,272.92, 423.4917
132601,2.8557,0.003749,266.75, 423.4917
132602,2.8596,0.003847,259.94, 423.4942
132603,2.8633,0.003689,271.11, 423.4917
132604,2.8667,0.003418,292.55, 423.4918
132605,2.8701,0.003426,291.90, 423.5070
132606,2.8738,0.003549,281.75, 423.4917
132607,2.8772,0.003485,286.93, 423.4921
132608,2.8809,0.003599,277.83, 423.4917
132609,2.8843,0.003601,277.72, 423.4918
132610,2.8882,0.003744,267.13, 423.4917
132611,2.8916,0.003480,287.36, 423.4918
132612,2.8953,0.003602,277.61, 423.4918
132613,2.8987,0.003485,286.93, 423.4918
132614,2.9021,0.003447,290.11, 423.4918
132615,2.9058,0.003512,284.72, 423.4917
132616,2.9094,0.003721,268.74, 423.4917
132617,2.9131,0.003636,275.01, 423.4918
132618,2.9165,0.003410,293.29, 423.4917
132619,2.9199,0.003507,285.14, 423.4918
132620,2.9233,0.003456,289.39, 423.4917
132621,2.9270,0.003564,280.61, 423.4917
132622,2.9304,0.003559,280.98, 423.4923
132623,2.9343,0.003814,262.21, 423.4941
132624,2.9382,0.003955,252.82, 423.4924
132625,2.9424,0.004079,245.19, 423.4918
132626,2.9458,0.003455,289.45, 423.4917
132627,2.9495,0.003634,275.17, 423.4918
132628,2.9529,0.003428,291.68, 423.4917
132629,2.9565,0.003630,275.51, 423.4918
132630,2.9602,0.003584,279.04, 423.4917
132631,2.9636,0.003532,283.15, 423.4917
132632,2.9673,0.003723,268.64, 423.4917
132633,2.9712,0.003819,261.86, 423.4924
132634,2.9746,0.003502,285.55, 423.4924
132635,2.9783,0.003486,286.85, 423.4917
132636,2.9817,0.003461,288.94, 423.4918
132637,2.9851,0.003486,286.85, 423.4917
132638,2.9888,0.003780,264.56, 423.4924
132639,2.9924,0.003490,286.53, 423.4923
132640,2.9956,0.003326,300.70, 423.5127
132641,2.9993,0.003556,281.21, 423.4918
132642,3.0027,0.003509,284.97, 423.4917
132643,3.0061,0.003425,291.95, 423.4924
132644,3.0098,0.003461,288.93, 423.4918
132645,3.0129,0.003397,294.41, 423.4923
132646,3.0164,0.003421,292.31, 423.4918
132647,3.0198,0.003406,293.61, 423.4917
132648,3.0234,0.003521,283.99, 423.4923
132649,3.0269,0.003519,284.19, 423.5130
132650,3.0303,0.003466,288.53, 423.4917
132651,3.0339,0.003484,287.05, 423.4917
132652,3.0374,0.003390,294.99, 423.4923
132653,3.0408,0.003608,277.18, 423.4917
132654,3.0442,0.003418,292.61, 423.4917
132655,3.0481,0.003763,265.74, 423.4918
132656,3.0515,0.003581,279.22, 423.4917
132657,3.0552,0.003451,289.75, 423.4918
132658,3.0586,0.003438,290.87, 423.5542
132659,3.0620,0.003400,294.08, 423.4923
132660,3.0657,0.003668,272.64, 423.4918
132661,3.0691,0.003521,284.00, 423.4917
132662,3.0725,0.003449,289.93, 423.4918
132663,3.0759,0.003416,292.72, 423.4917
132664,3.0793,0.003437,290.99, 423.4917
132665,3.0833,0.003921,255.07, 423.4923
132666,3.0867,0.003455,289.48, 423.4917
132667,3.0903,0.003599,277.84, 423.4918
132668,3.0940,0.003547,281.94, 423.4917
132669,3.0974,0.003427,291.78, 423.4917
132670,3.1011,0.003602,277.62, 423.4917
132671,3.1045,0.003491,286.45, 423.4917
132672,3.1079,0.003473,287.91, 423.4918
132673,3.1113,0.003465,288.63, 423.4917
132674,3.1150,0.003484,287.00, 423.4923
132675,3.1187,0.003840,260.41, 423.4917
132676,3.1223,0.003496,286.06, 423.4918
132677,3.1257,0.003442,290.50, 423.4918
132678,3.1292,0.003452,289.68, 423.4917
132679,3.1326,0.003508,285.10, 423.4917
132680,3.1362,0.003510,284.88, 423.4920
132681,3.1396,0.003591,278.47, 423.4918
132682,3.1431,0.003435,291.13, 423.4924
132683,3.1465,0.003452,289.68, 423.4920
132684,3.1501,0.003456,289.36, 423.4918
132685,3.1533,0.003380,295.87, 423.4917
132686,3.1570,0.003609,277.12, 423.4918
132687,3.1609,0.003795,263.53, 423.5135
132688,3.1643,0.003549,281.76, 423.4924
132689,3.1680,0.003589,278.62, 423.4917
132690,3.1719,0.003919,255.17, 423.4917
132691,3.1760,0.004143,241.39, 423.4942
132692,3.1799,0.003811,262.40, 423.4918
132693,3.1834,0.003473,287.93, 423.4918
132694,3.1868,0.003522,283.91, 423.4918
132695,3.1904,0.003497,285.96, 423.4920
132696,3.1938,0.003523,283.84, 423.4917
132697,3.1973,0.003440,290.71, 423.4917
132698,3.2007,0.003409,293.32, 423.4918
132699,3.2041,0.003494,286.25, 423.4917
132700,3.2075,0.003418,292.58, 423.4917
132701,3.2112,0.003467,288.42, 423.4923
132702,3.2146,0.003566,280.40, 423.4917
132703,3.2180,0.003465,288.57, 423.5031
132704,3.2217,0.003458,289.16, 423.4917
132705,3.2251,0.003431,291.45, 423.4918
132706,3.2285,0.003441,290.61, 423.4918
132707,3.2319,0.003389,295.04, 423.4917
132708,3.2354,0.003467,288.41, 423.4924
132709,3.2388,0.003405,293.70, 423.4917
132710,3.2422,0.003459,289.09, 423.4924
132711,3.2456,0.003472,288.01, 423.4917
132712,3.2490,0.003491,286.45, 423.4917
132713,3.2527,0.003543,282.25, 423.4918
132714,3.2561,0.003404,293.77, 423.4917
132715,3.2595,0.003429,291.60, 423.4918
132716,3.2629,0.003364,297.27, 423.4917
132717,3.2664,0.003497,285.96, 423.4917
132718,3.2700,0.003618,276.38, 423.5146
132719,3.2734,0.003520,284.07, 423.4918
132720,3.2771,0.003511,284.86, 423.4917
132721,3.2805,0.003465,288.61, 423.4917
132722,3.2839,0.003569,280.18, 423.4917
132723,3.2876,0.003483,287.11, 423.4920
132724,3.2913,0.003746,266.97, 423.4924
132725,3.2947,0.003466,288.50, 423.4917
132726,3.2981,0.003421,292.32, 423.4924
132727,3.3015,0.003445,290.25, 423.4920
132728,3.3049,0.003362,297.45, 423.4920
132729,3.3086,0.003585,278.96, 423.4924
132730,3.3120,0.003427,291.77, 423.4923
132731,3.3154,0.003450,289.88, 423.4924
132732,3.3188,0.003457,289.23, 423.4918
132733,3.3223,0.003476,287.70, 423.4917
132734,3.3259,0.003536,282.82, 423.4924
132735,3.3293,0.003462,288.89, 423.4917
132736,3.3328,0.003476,287.71, 423.4918
132737,3.3362,0.003386,295.38, 423.4917
132738,3.3398,0.003550,281.67, 423.4923
132739,3.3433,0.003443,290.47, 423.5180
132740,3.3467,0.003511,284.86, 423.4941
132741,3.3501,0.003464,288.69, 423.4923
132742,3.3538,0.003458,289.17, 423.4920
132743,3.3572,0.003479,287.41, 423.4923
132744,3.3608,0.003586,278.83, 423.4923
132745,3.3643,0.003500,285.69, 423.4918
132746,3.3677,0.003454,289.55, 423.4918
132747,3.3711,0.003429,291.61, 423.4918
132748,3.3745,0.003419,292.51, 423.4918
132749,3.3779,0.003399,294.23, 423.4918
132750,3.3816,0.003728,268.23, 423.4924
132751,3.3850,0.003366,297.08, 423.5066
132752,3.3887,0.003604,277.49, 423.4918
132753,3.3921,0.003524,283.79, 423.4921
132754,3.3958,0.003690,271.02, 423.4917
132755,3.3994,0.003623,276.03, 423.4921
132756,3.4028,0.003445,290.30, 423.4917
132757,3.4065,0.003493,286.31, 423.4918
132758,3.4099,0.003540,282.48, 423.4917
132759,3.4133,0.003451,289.79, 423.4923
132760,3.4170,0.003535,282.90, 423.4917
132761,3.4204,0.003567,280.35, 423.4917
132762,3.4241,0.003610,276.99, 423.4924
132763,3.4275,0.003482,287.16, 423.4917
132764,3.4312,0.003485,286.92, 423.4918
132765,3.4346,0.003444,290.40, 423.4917
132766,3.4380,0.003433,291.32, 423.4924
132767,3.4414,0.003440,290.67, 423.4917
132768,3.4448,0.003456,289.39, 423.4917
132769,3.4485,0.003735,267.72, 423.4924
132770,3.4521,0.003474,287.89, 423.4917
132771,3.4556,0.003492,286.37, 423.4918
132772,3.4590,0.003515,284.51, 423.4918
132773,3.4624,0.003395,294.52, 423.4921
132774,3.4658,0.003433,291.29, 423.4918
132775,3.4692,0.003395,294.54, 423.4917
132776,3.4729,0.003530,283.29, 423.4917
132777,3.4763,0.003554,281.34, 423.4917
132778,3.4797,0.003481,287.29, 423.4918
132779,3.4832,0.003389,295.10, 423.4967
132780,3.4866,0.003440,290.68, 423.4918
132781,3.4902,0.003553,281.45, 423.4918
132782,3.4937,0.003407,293.55, 423.4920
132783,3.4971,0.003531,283.18, 423.4918
132784,3.5005,0.003421,292.30, 423.4917
132785,3.5042,0.003487,286.77, 423.5066
132786,3.5076,0.003508,285.09, 423.4918
132787,3.5110,0.003439,290.77, 423.4924
132788,3.5144,0.003408,293.46, 423.4917
132789,3.5178,0.003429,291.67, 423.4917
132790,3.5212,0.003502,285.58, 423.4918
132791,3.5249,0.003439,290.77, 423.4917
132792,3.5283,0.003441,290.63, 423.4941
132793,3.5317,0.003589,278.67, 423.4917
132794,3.5354,0.003513,284.66, 423.4917
132795,3.5391,0.003615,276.65, 423.4917
132796,3.5425,0.003504,285.40, 423.4917
132797,3.5461,0.003591,278.47, 423.4917
132798,3.5496,0.003623,276.01, 423.4917
132799,3.5532,0.003522,283.96, 423.4918
132800,3.5566,0.003473,287.97, 423.4918
132801,3.5601,0.003406,293.63, 423.4923
132802,3.5635,0.003489,286.66, 423.4917
132803,3.5671,0.003583,279.13, 423.4917
132804,3.5706,0.003533,283.07, 423.4918
132805,3.5742,0.003425,292.00, 423.4917
132806,3.5776,0.003435,291.15, 423.4921
132807,3.5811,0.003451,289.80, 423.4921
132808,3.5845,0.003412,293.09, 423.4923
132809,3.5879,0.003472,288.04, 423.4918
132810,3.5916,0.003739,267.45, 423.4918
132811,3.5950,0.003486,286.85, 423.4920
132812,3.5986,0.003467,288.48, 423.4917
132813,3.6021,0.003401,294.07, 423.5065
132814,3.6055,0.003426,291.86, 423.5011
132815,3.6089,0.003484,287.04, 423.4917
132816,3.6123,0.003529,283.39, 423.4923
132817,3.6157,0.003347,298.81, 423.5190
132818,3.6191,0.003502,285.58, 423.4917
132819,3.6228,0.003593,278.32, 423.4917
132820,3.6262,0.003494,286.25, 423.4921
132821,3.6299,0.003468,288.37, 423.4917
132822,3.6333,0.003413,293.04, 423.4917
132823,3.6367,0.003454,289.53, 423.4917
132824,3.6401,0.003562,280.75, 423.4917
132825,3.6438,0.003570,280.09, 423.4918
132826,3.6472,0.003493,286.26, 423.4917
132827,3.6506,0.003399,294.23, 423.4918
132828,3.6541,0.003453,289.65, 423.4918
132829,3.6575,0.003401,294.06, 423.4918
132830,3.6609,0.003411,293.16, 423.4918
132831,3.6643,0.003397,294.36, 423.4917
132832,3.6677,0.003460,289.03, 423.4918
132833,3.6711,0.003429,291.66, 423.5180
132834,3.6748,0.003582,279.20, 423.4991
132835,3.6785,0.003554,281.37, 423.4923
132836,3.6819,0.003483,287.11, 423.4917
132837,3.6853,0.003521,284.03, 423.4918
132838,3.6887,0.003450,289.85, 423.4917
132839,3.6924,0.003543,282.21, 423.4917
132840,3.6958,0.003521,284.02, 423.4917
132841,3.6995,0.003456,289.37, 423.4918
132842,3.7029,0.003427,291.79, 423.4918
132843,3.7063,0.003411,293.19, 423.4923
132844,3.7097,0.003506,285.19, 423.4918
132845,3.7131,0.003409,293.33, 423.4923
132846,3.7166,0.003455,289.43, 423.4924
132847,3.7200,0.003484,286.99, 423.4923
132848,3.7234,0.003403,293.82, 423.4918
132849,3.7268,0.003469,288.24, 423.4917
132850,3.7305,0.003452,289.65, 423.4917
132851,3.7339,0.003542,282.34, 423.4918
132852,3.7373,0.003412,293.07, 423.4918
132853,3.7407,0.003494,286.19, 423.4918
132854,3.7446,0.003739,267.47, 423.4924
132855,3.7480,0.003454,289.54, 423.4917
132856,3.7515,0.003565,280.51, 423.4917
132857,3.7549,0.003412,293.07, 423.4920
132858,3.7585,0.003586,278.89, 423.4923
132859,3.7620,0.003458,289.19, 423.4923
132860,3.7654,0.003396,294.46, 423.4924
132861,3.7688,0.003450,289.88, 423.4917
132862,3.7725,0.003514,284.58, 423.4918
132863,3.7759,0.003507,285.11, 423.4917
132864,3.7793,0.003440,290.74, 423.4920
132865,3.7827,0.003464,288.67, 423.4918
132866,3.7861,0.003420,292.41, 423.4917
132867,3.7898,0.003614,276.72, 423.4918
132868,3.7932,0.003444,290.39, 423.4918
132869,3.7966,0.003419,292.49, 423.4918
132870,3.8000,0.003471,288.10, 423.4924
132871,3.8037,0.003506,285.27, 423.4917
132872,3.8074,0.003581,279.27, 423.4917
132873,3.8108,0.003516,284.42, 423.5106
132874,3.8142,0.003447,290.13, 423.4918
132875,3.8176,0.003398,294.26, 423.4917
132876,3.8213,0.003703,270.07, 423.4923
132877,3.8250,0.003664,272.92, 423.4923
132878,3.8286,0.003583,279.11, 423.4923
132879,3.8320,0.003554,281.41, 423.4921
132880,3.8357,0.003477,287.64, 423.4917
132881,3.8391,0.003395,294.52, 423.4918
132882,3.8423,0.003404,293.80, 423.4921
132883,3.8457,0.003330,300.32, 423.4917
132884,3.8491,0.003454,289.49, 423.4918
132885,3.8528,0.003501,285.67, 423.4917
132886,3.8562,0.003464,288.73, 423.4918
132887,3.8596,0.003380,295.83, 423.5065
132888,3.8630,0.003432,291.39, 423.4917
132889,3.8665,0.003545,282.12, 423.5160
132890,3.8701,0.003503,285.45, 423.4923
132891,3.8735,0.003592,278.40, 423.4917
132892,3.8772,0.003559,280.98, 423.4917
132893,3.8806,0.003518,284.27, 423.4917
132894,3.8843,0.003552,281.55, 423.4917
132895,3.8877,0.003446,290.17, 423.4921
132896,3.8911,0.003469,288.28, 423.4918
132897,3.8945,0.003444,290.35, 423.4917
132898,3.8979,0.003474,287.89, 423.4917
132899,3.9016,0.003527,283.52, 423.4917
132900,3.9050,0.003504,285.40, 423.4921
132901,3.9084,0.003464,288.72, 423.4917
132902,3.9119,0.003405,293.69, 423.4918
132903,3.9153,0.003434,291.17, 423.4918
132904,3.9187,0.003388,295.19, 423.4917
132905,3.9221,0.003460,289.03, 423.4918
132906,3.9255,0.003408,293.41, 423.4917
132907,3.9292,0.003487,286.77, 423.4924
132908,3.9326,0.003548,281.87, 423.4917
132909,3.9360,0.003417,292.69, 423.4920
132910,3.9397,0.003560,280.91, 423.4923
132911,3.9431,0.003505,285.33, 423.4923
132912,3.9468,0.003681,271.66, 423.4918
132913,3.9504,0.003610,277.01, 423.4918
132914,3.9539,0.003477,287.63, 423.4920
132915,3.9575,0.003479,287.45, 423.5066
132916,3.9609,0.003520,284.11, 423.4918
132917,3.9644,0.003438,290.88, 423.4918
132918,3.9678,0.003388,295.19, 423.4917
132919,3.9712,0.003526,283.58, 423.4917
132920,3.9751,0.003875,258.09, 423.4917
132921,3.9788,0.003658,273.41, 423.4918
132922,3.9822,0.003451,289.77, 423.4923
132923,3.9856,0.003424,292.05, 423.4920
132924,3.9895,0.003755,266.30, 423.4918
132925,3.9929,0.003579,279.38, 423.4942
132926,3.9966,0.003467,288.48, 423.4921
132927,4.0000,0.003526,283.65, 423.4918
132928,4.0034,0.003415,292.81, 423.4918
132929,4.0068,0.003463,288.79, 423.4918
132930,4.0105,0.003501,285.62, 423.4917
132931,4.0139,0.003603,277.52, 423.4918
132932,4.0173,0.003432,291.37, 423.4917
132933,4.0208,0.003443,290.45, 423.4924
132934,4.0242,0.003404,293.81, 423.4918
132935,4.0276,0.003403,293.86, 423.4917
132936,4.0313,0.003512,284.71, 423.4917
132937,4.0347,0.003477,287.59, 423.4923
132938,4.0383,0.003580,279.36, 423.4918
132939,4.0417,0.003484,287.02, 423.4917
132940,4.0452,0.003407,293.54, 423.4918
132941,4.0486,0.003402,293.96, 423.4917
132942,4.0520,0.003428,291.76, 423.4917
132943,4.0557,0.003579,279.39, 423.4918
132944,4.0591,0.003434,291.25, 423.4923
132945,4.0625,0.003497,285.95, 423.4918
132946,4.0659,0.003416,292.73, 423.4917
132947,4.0693,0.003501,285.66, 423.4921
132948,4.0728,0.003469,288.31, 423.4918
132949,4.0762,0.003422,292.24, 423.4918
132950,4.0798,0.003432,291.39, 423.4918
132951,4.0833,0.003645,274.33, 423.4924
132952,4.0869,0.003500,285.75, 423.4917
132953,4.0906,0.003605,277.39, 423.4917
132954,4.0940,0.003552,281.52, 423.4918
132955,4.0974,0.003455,289.44, 423.4918
132956,4.1008,0.003442,290.51, 423.4917
132957,4.1045,0.003503,285.49, 423.4917
132958,4.1079,0.003525,283.73, 423.4917
132959,4.1118,0.003861,258.99, 423.4924
132960,4.1152,0.003435,291.10, 423.4917
132961,4.1187,0.003456,289.35, 423.4918
132962,4.1221,0.003437,290.92, 423.4918
132963,4.1255,0.003411,293.14, 423.4920
132964,4.1292,0.003487,286.80, 423.4918
132965,4.1326,0.003451,289.79, 423.4917
132966,4.1360,0.003471,288.13, 423.4918
132967,4.1394,0.003469,288.31, 423.4917
132968,4.1428,0.003419,292.49, 423.4917
132969,4.1465,0.003548,281.88, 423.4918
132970,4.1499,0.003420,292.39, 423.4923
132971,4.1533,0.003441,290.65, 423.4918
132972,4.1567,0.003423,292.11, 423.4917
132973,4.1602,0.003497,285.93, 423.4917
132974,4.1636,0.003505,285.27, 423.4917
132975,4.1675,0.003845,260.11, 423.4924
132976,4.1711,0.003517,284.34, 423.5091
132977,4.1748,0.003736,267.64, 423.4924
132978,4.1785,0.003795,263.48, 423.4917
132979,4.1831,0.004438,225.34, 423.4920
132980,4.1882,0.005244,190.71, 423.4917
132981,4.1924,0.004132,242.03, 423.4917
132982,4.1963,0.003832,260.97, 423.4918
132983,4.2002,0.003962,252.42, 423.4918
132984,4.2039,0.003754,266.37, 423.4917
132985,4.2080,0.004128,242.25, 423.4918
132986,4.2119,0.003916,255.34, 423.4917
132987,4.2156,0.003697,270.50, 423.4918
132988,4.2192,0.003512,284.71, 423.4924
132989,4.2227,0.003382,295.67, 423.4917
132990,4.2261,0.003426,291.93, 423.4924
132991,4.2295,0.003420,292.41, 423.4917
132992,4.2329,0.003601,277.73, 423.4918
132993,4.2366,0.003489,286.62, 423.4917
132994,4.2400,0.003487,286.81, 423.4917
132995,4.2437,0.003627,275.73, 423.4924
132996,4.2471,0.003439,290.77, 423.4917
132997,4.2505,0.003484,287.03, 423.4918
132998,4.2542,0.003520,284.07, 423.4923
132999,4.2576,0.003504,285.37, 423.4923
133000,4.2612,0.003574,279.81, 423.4917
133001,4.2646,0.003447,290.15, 423.4918
133002,4.2681,0.003483,287.13, 423.4924
133003,4.2715,0.003388,295.15, 423.4917
133004,4.2749,0.003480,287.33, 423.4918
133005,4.2783,0.003510,284.93, 423.4917
133006,4.2820,0.003446,290.18, 423.4917
133007,4.2854,0.003444,290.36, 423.4918
133008,4.2888,0.003429,291.66, 423.4918
133009,4.2922,0.003458,289.16, 423.4918
133010,4.2957,0.003428,291.74, 423.4917
133011,4.2991,0.003465,288.60, 423.4918
133012,4.3025,0.003412,293.11, 423.4917
133013,4.3059,0.003477,287.60, 423.4918
133014,4.3096,0.003483,287.13, 423.4917
133015,4.3130,0.003411,293.21, 423.4923
133016,4.3164,0.003490,286.53, 423.4917
133017,4.3198,0.003483,287.10, 423.4917
133018,4.3235,0.003613,276.75, 423.4917
133019,4.3269,0.003415,292.85, 423.4917
133020,4.3303,0.003501,285.63, 423.4918
133021,4.3337,0.003393,294.75, 423.4917
133022,4.3372,0.003365,297.14, 423.4924
133023,4.3406,0.003459,289.13, 423.4918
133024,4.3440,0.003420,292.36, 423.4917
133025,4.3474,0.003467,288.48, 423.4918
133026,4.3508,0.003380,295.83, 423.4917
133027,4.3542,0.003420,292.44, 423.4918
133028,4.3577,0.003424,292.05, 423.4917
133029,4.3611,0.003425,291.98, 423.4918
133030,4.3645,0.003397,294.38, 423.4917
133031,4.3679,0.003393,294.72, 423.4917
133032,4.3716,0.003653,273.74, 423.4917
133033,4.3750,0.003440,290.66, 423.4923
133034,4.3787,0.003606,277.29, 423.4918
133035,4.3821,0.003450,289.85, 423.4917
133036,4.3855,0.003405,293.71, 423.4918
133037,4.3889,0.003449,289.98, 423.4920
133038,4.3923,0.003419,292.47, 423.4923
133039,4.3958,0.003441,290.60, 423.4918
133040,4.3992,0.003362,297.49, 423.4917
133041,4.4028,0.003582,279.17, 423.4921
133042,4.4065,0.003663,273.02, 423.4917
133043,4.4099,0.003446,290.18, 423.4924
133044,4.4133,0.003425,291.95, 423.4917
133045,4.4167,0.003391,294.92, 423.4917
133046,4.4202,0.003481,287.32, 423.4918
133047,4.4236,0.003368,296.88, 423.4923
133048,4.4270,0.003458,289.15, 423.4923
133049,4.4309,0.003839,260.47, 423.4917
133050,4.4343,0.003493,286.26, 423.4921
133051,4.4377,0.003497,285.99, 423.4924
133052,4.4412,0.003401,294.02, 423.4917
133053,4.4446,0.003467,288.44, 423.4923
133054,4.4482,0.003660,273.21, 423.4917
133055,4.4519,0.003603,277.55, 423.4918
133056,4.4553,0.003471,288.10, 423.4923
133057,4.4590,0.003492,286.40, 423.4918
133058,4.4624,0.003507,285.11, 423.4917
133059,4.4658,0.003512,284.72, 423.4923
133060,4.4695,0.003680,271.75, 423.4918
133061,4.4731,0.003459,289.08, 423.4923
133062,4.4766,0.003454,289.54, 423.4918
133063,4.4800,0.003424,292.07, 423.4917
133064,4.4834,0.003412,293.13, 423.4917
133065,4.4868,0.003501,285.60, 423.4917
133066,4.4902,0.003419,292.49, 423.4917
133067,4.4939,0.003635,275.13, 423.4918
133068,4.4973,0.003474,287.84, 423.4941
133069,4.5010,0.003498,285.89, 423.4920
133070,4.5044,0.003575,279.69, 423.4923
133071,4.5081,0.003541,282.41, 423.4923
133072,4.5115,0.003577,279.54, 423.4918
133073,4.5151,0.003494,286.17, 423.4923
133074,4.5186,0.003569,280.21, 423.4923
133075,4.5222,0.003511,284.81, 423.4923
133076,4.5256,0.003580,279.35, 423.4924
133077,4.5295,0.003705,269.93, 423.4918
133078,4.5330,0.003541,282.45, 423.4923
133079,4.5364,0.003531,283.23, 423.4920
133080,4.5400,0.003511,284.79, 423.4917
133081,4.5435,0.003490,286.52, 423.4921
133082,4.5469,0.003486,286.89, 423.4923
133083,4.5505,0.003481,287.29, 423.4920
133084,4.5540,0.003597,278.03, 423.4924
133085,4.5576,0.003478,287.50, 423.4917
133086,4.5610,0.003525,283.69, 423.4918
133087,4.5645,0.003473,287.92, 423.4917
133088,4.5679,0.003433,291.27, 423.4918
133089,4.5715,0.003537,282.74, 423.4917
133090,4.5750,0.003432,291.38, 423.4917
133091,4.5786,0.003657,273.47, 423.4921
133092,4.5820,0.003434,291.21, 423.4917
133093,4.5854,0.003440,290.66, 423.4924
133094,4.5889,0.003455,289.44, 423.4917
133095,4.5925,0.003528,283.45, 423.4917
133096,4.5959,0.003596,278.09, 423.4917
133097,4.5996,0.003498,285.86, 423.4917
133098,4.6033,0.003683,271.51, 423.4918
133099,4.6067,0.003450,289.85, 423.4917
133100,4.6101,0.003542,282.29, 423.4918
133101,4.6138,0.003443,290.46, 423.4917
133102,4.6172,0.003400,294.10, 423.4918
133103,4.6206,0.003465,288.58, 423.4917
133104,4.6240,0.003453,289.63, 423.4917
133105,4.6274,0.003485,286.94, 423.4918
133106,4.6309,0.003470,288.16, 423.4917
133107,4.6343,0.003419,292.48, 423.4921
133108,4.6377,0.003447,290.09, 423.4923
133109,4.6411,0.003429,291.60, 423.4921
133110,4.6448,0.003455,289.43, 423.4921
133111,4.6482,0.003391,294.89, 423.4917
133112,4.6516,0.003470,288.19, 423.4917
133113,4.6550,0.003537,282.74, 423.4917
133114,4.6587,0.003510,284.91, 423.4918
133115,4.6624,0.003727,268.30, 423.4924
133116,4.6658,0.003391,294.91, 423.4918
133117,4.6692,0.003404,293.75, 423.5066
133118,4.6726,0.003367,297.01, 423.4923
133119,4.6760,0.003572,279.94, 423.4918
133120,4.6794,0.003444,290.37, 423.4923
133121,4.6829,0.003452,289.70, 423.4924
133122,4.6865,0.003476,287.67, 423.4917
133123,4.6899,0.003476,287.70, 423.4924
133124,4.6934,0.003452,289.70, 423.4924
133125,4.6968,0.003372,296.55, 423.4917
133126,4.7002,0.003504,285.40, 423.4918
133127,4.7039,0.003554,281.34, 423.4920
133128,4.7073,0.003474,287.86, 423.4917
133129,4.7109,0.003644,274.45, 423.4917
133130,4.7144,0.003499,285.77, 423.4918
133131,4.7178,0.003465,288.63, 423.4924
133132,4.7212,0.003374,296.38, 423.4917
133133,4.7246,0.003487,286.80, 423.4917
133134,4.7283,0.003524,283.81, 423.4941
133135,4.7317,0.003487,286.80, 423.4918
133136,4.7351,0.003415,292.79, 423.4918
133137,4.7385,0.003401,294.04, 423.4921
133138,4.7419,0.003433,291.29, 423.4923
133139,4.7454,0.003387,295.28, 423.4917
133140,4.7490,0.003531,283.21, 423.4917
133141,4.7524,0.003434,291.21, 423.4917
133142,4.7559,0.003454,289.54, 423.4918
133143,4.7593,0.003462,288.83, 423.4923
133144,4.7627,0.003396,294.43, 423.4923
133145,4.7661,0.003462,288.88, 423.4917
133146,4.7695,0.003452,289.72, 423.4917
133147,4.7732,0.003527,283.49, 423.4918
133148,4.7766,0.003449,289.92, 423.4917
133149,4.7800,0.003551,281.64, 423.4923
133150,4.7834,0.003468,288.33, 423.4920
133151,4.7871,0.003461,288.97, 423.4918
133152,4.7905,0.003495,286.12, 423.4917
133153,4.7939,0.003443,290.44, 423.4941
133154,4.7976,0.003595,278.16, 423.4917
133155,4.8013,0.003650,274.00, 423.4917
133156,4.8047,0.003451,289.77, 423.4918
133157,4.8081,0.003445,290.28, 423.4918
133158,4.8115,0.003509,284.96, 423.4918
133159,4.8152,0.003477,287.61, 423.4918
133160,4.8186,0.003413,293.02, 423.4917
133161,4.8223,0.003746,266.97, 423.4921
133162,4.8259,0.003716,269.13, 423.4917
133163,4.8296,0.003668,272.64, 423.4918
133164,4.8333,0.003521,283.99, 423.4921
133165,4.8364,0.003381,295.81, 423.4917
133166,4.8401,0.003487,286.76, 423.5042
133167,4.8435,0.003412,293.07, 423.4920
133168,4.8469,0.003438,290.90, 423.4924
133169,4.8503,0.003481,287.30, 423.4917
133170,4.8538,0.003424,292.04, 423.5065
133171,4.8572,0.003474,287.85, 423.4941
133172,4.8608,0.003481,287.29, 423.4917
133173,4.8643,0.003559,280.97, 423.4925
133174,4.8679,0.003727,268.31, 423.4921
133175,4.8716,0.003456,289.39, 423.4920
133176,4.8750,0.003544,282.15, 423.4917
133177,4.8784,0.003492,286.36, 423.4917
133178,4.8821,0.003540,282.53, 423.4918
133179,4.8855,0.003436,291.03, 423.4917
133180,4.8889,0.003520,284.13, 423.4918
133181,4.8923,0.003453,289.64, 423.4917
133182,4.8960,0.003454,289.50, 423.4921
133183,4.8994,0.003445,290.31, 423.4918
133184,4.9028,0.003403,293.88, 423.4918
133185,4.9063,0.003489,286.60, 423.4918
133186,4.9097,0.003404,293.81, 423.4917
133187,4.9131,0.003466,288.54, 423.4924
133188,4.9165,0.003447,290.15, 423.4917
133189,4.9199,0.003431,291.49, 423.5041
133190,4.9236,0.003483,287.10, 423.4924
133191,4.9268,0.003387,295.23, 423.4923
133192,4.9304,0.003501,285.60, 423.4923
133193,4.9338,0.003488,286.72, 423.4917
133194,4.9375,0.003696,270.56, 423.4918
133195,4.9409,0.003486,286.88, 423.4917
133196,4.9446,0.003476,287.69, 423.4918
133197,4.9480,0.003456,289.34, 423.4917
133198,4.9514,0.003457,289.31, 423.4918
133199,4.9548,0.003453,289.63, 423.4918
133200,4.9583,0.003459,289.08, 423.4920
133201,4.9619,0.003468,288.35, 423.4924
133202,4.9653,0.003414,292.95, 423.4941
133203,4.9688,0.003507,285.12, 423.4921
133204,4.9722,0.003442,290.57, 423.4917
133205,4.9756,0.003439,290.77, 423.4918
133206,4.9790,0.003448,290.01, 423.4924
133207,4.9824,0.003383,295.56, 423.4917
133208,4.9858,0.003443,290.45, 423.4917
133209,4.9895,0.003513,284.70, 423.4923
133210,4.9929,0.003446,290.18, 423.4918
133211,4.9963,0.003416,292.77, 423.4923
133212,4.9998,0.003461,288.96, 423.4918
133213,5.0032,0.003434,291.21, 423.4918
133214,5.0066,0.003387,295.27, 423.4917
133215,5.0100,0.003472,288.01, 423.4924
133216,5.0134,0.003398,294.32, 423.4917
133217,5.0168,0.003528,283.46, 423.4918
133218,5.0205,0.003537,282.69, 423.4918
133219,5.0239,0.003427,291.82, 423.4924
133220,5.0273,0.003457,289.23, 423.4918
133221,5.0310,0.003607,277.23, 423.4920
133222,5.0344,0.003550,281.69, 423.4924
133223,5.0378,0.003418,292.61, 423.4917
133224,5.0415,0.003462,288.87, 423.4917
133225,5.0449,0.003496,286.03, 423.4917
133226,5.0483,0.003485,286.94, 423.4923
133227,5.0518,0.003425,291.97, 423.5037
133228,5.0552,0.003351,298.44, 423.4941
133229,5.0586,0.003520,284.08, 423.4917
133230,5.0623,0.003556,281.24, 423.4917
133231,5.0657,0.003485,286.92, 423.4918
133232,5.0691,0.003451,289.75, 423.4924
133233,5.0725,0.003380,295.87, 423.4918
133234,5.0759,0.003434,291.23, 423.4920
133235,5.0793,0.003487,286.75, 423.4917
133236,5.0830,0.003442,290.56, 423.4918
133237,5.0862,0.003380,295.86, 423.4920
133238,5.0898,0.003476,287.69, 423.4918
133239,5.0933,0.003490,286.55, 423.4917
133240,5.0967,0.003435,291.15, 423.5545
133241,5.1003,0.003577,279.56, 423.4941
133242,5.1038,0.003483,287.08, 423.4917
133243,5.1074,0.003585,278.96, 423.4918
133244,5.1108,0.003505,285.28, 423.4917
133245,5.1143,0.003481,287.25, 423.4917
133246,5.1177,0.003481,287.31, 423.4917
133247,5.1213,0.003487,286.80, 423.4918
133248,5.1248,0.003475,287.81, 423.4918
133249,5.1282,0.003364,297.29, 423.5065
133250,5.1318,0.003599,277.89, 423.4923
133251,5.1353,0.003538,282.65, 423.4917
133252,5.1387,0.003498,285.90, 423.4918
133253,5.1423,0.003464,288.67, 423.4917
133254,5.1460,0.003689,271.11, 423.4924
133255,5.1494,0.003437,290.94, 423.4918
133256,5.1528,0.003385,295.43, 423.4917
133257,5.1563,0.003512,284.72, 423.4918
133258,5.1597,0.003479,287.43, 423.4923
133259,5.1631,0.003396,294.45, 423.4921
133260,5.1665,0.003367,297.00, 423.4961
133261,5.1702,0.003613,276.78, 423.4923
133262,5.1738,0.003789,263.94, 423.4924
133263,5.1775,0.003652,273.84, 423.4918
133264,5.1812,0.003636,275.00, 423.4924
133265,5.1851,0.003918,255.26, 423.4917
133266,5.1892,0.004020,248.75, 423.4917
133267,5.1931,0.003999,250.04, 423.4918
133268,5.1965,0.003459,289.09, 423.5206
133269,5.2000,0.003500,285.70, 423.4918
133270,5.2036,0.003490,286.54, 423.4917
133271,5.2070,0.003384,295.48, 423.4923
133272,5.2104,0.003544,282.21, 423.4917
133273,5.2139,0.003484,286.99, 423.4917
133274,5.2175,0.003486,286.88, 423.4918
133275,5.2209,0.003468,288.39, 423.4918
133276,5.2244,0.003404,293.75, 423.4918
133277,5.2278,0.003379,295.99, 423.4918
133278,5.2312,0.003442,290.54, 423.4917
133279,5.2346,0.003446,290.23, 423.4967
133280,5.2380,0.003399,294.23, 423.4920
133281,5.2415,0.003460,289.04, 423.4918
133282,5.2449,0.003424,292.05, 423.4917
133283,5.2483,0.003438,290.88, 423.4917
133284,5.2517,0.003486,286.86, 423.4918
133285,5.2551,0.003359,297.71, 423.4920
133286,5.2585,0.003427,291.84, 423.4918
133287,5.2620,0.003374,296.41, 423.4923
133288,5.2654,0.003432,291.35, 423.4923
133289,5.2690,0.003635,275.13, 423.4920
133290,5.2725,0.003519,284.14, 423.4918
133291,5.2761,0.003469,288.26, 423.4918
133292,5.2795,0.003427,291.77, 423.4918
133293,5.2830,0.003469,288.26, 423.4918
133294,5.2864,0.003376,296.23, 423.4923
133295,5.2898,0.003622,276.11, 423.4918
133296,5.2935,0.003456,289.32, 423.4917
133297,5.2969,0.003425,291.95, 423.4918
133298,5.3003,0.003449,289.92, 423.4917
133299,5.3037,0.003461,288.96, 423.4918
133300,5.3071,0.003462,288.88, 423.4917
133301,5.3105,0.003410,293.25, 423.4917
133302,5.3140,0.003469,288.24, 423.4918
133303,5.3174,0.003351,298.42, 423.5206
133304,5.3210,0.003579,279.39, 423.4917
133305,5.3245,0.003505,285.35, 423.4917
133306,5.3279,0.003524,283.76, 423.4921
133307,5.3315,0.003474,287.87, 423.4918
133308,5.3350,0.003420,292.42, 423.4917
133309,5.3384,0.003470,288.19, 423.4917
133310,5.3420,0.003564,280.62, 423.4981
133311,5.3455,0.003459,289.14, 423.4942
133312,5.3489,0.003475,287.75, 423.4917
133313,5.3523,0.003397,294.42, 423.4918
133314,5.3557,0.003436,291.04, 423.4918
133315,5.3591,0.003430,291.57, 423.4917
133316,5.3625,0.003473,287.95, 423.4918
133317,5.3660,0.003414,292.91, 423.4917
133318,5.3694,0.003487,286.80, 423.4918
133319,5.3730,0.003453,289.57, 423.4917
133320,5.3765,0.003593,278.35, 423.4917
133321,5.3801,0.003551,281.60, 423.4921
133322,5.3835,0.003354,298.16, 423.4923
133323,5.3870,0.003478,287.49, 423.4918
133324,5.3904,0.003376,296.20, 423.5161
133325,5.3938,0.003555,281.30, 423.4917
133326,5.3972,0.003432,291.36, 423.4923
133327,5.4009,0.003526,283.63, 423.4918
133328,5.4043,0.003430,291.56, 423.4924
133329,5.4077,0.003499,285.84, 423.4917
133330,5.4114,0.003634,275.17, 423.4917
133331,5.4150,0.003546,282.02, 423.4917
133332,5.4185,0.003537,282.73, 423.4918
133333,5.4219,0.003454,289.51, 423.4917
133334,5.4253,0.003428,291.68, 423.4918
133335,5.4287,0.003475,287.79, 423.4924
133336,5.4321,0.003345,298.94, 423.4917
133337,5.4355,0.003408,293.45, 423.4918
133338,5.4390,0.003394,294.67, 423.4917
133339,5.4424,0.003431,291.43, 423.4918
133340,5.4458,0.003442,290.50, 423.4917
133341,5.4492,0.003439,290.82, 423.4917
133342,5.4529,0.003524,283.78, 423.5066
133343,5.4565,0.003677,271.98, 423.4924
133344,5.4600,0.003500,285.69, 423.4924
133345,5.4634,0.003351,298.38, 423.4991
133346,5.4668,0.003464,288.69, 423.4917
133347,5.4705,0.003558,281.03, 423.4923
133348,5.4739,0.003535,282.92, 423.4918
133349,5.4773,0.003446,290.17, 423.4923
133350,5.4807,0.003457,289.29, 423.4917
133351,5.4844,0.003503,285.45, 423.4920
133352,5.4878,0.003520,284.13, 423.4923
133353,5.4912,0.003514,284.62, 423.4924
133354,5.4946,0.003423,292.16, 423.4917
133355,5.4983,0.003454,289.50, 423.4918
133356,5.5017,0.003490,286.57, 423.4918
133357,5.5051,0.003394,294.60, 423.4918
133358,5.5085,0.003439,290.82, 423.4918
133359,5.5120,0.003478,287.52, 423.4917
133360,5.5154,0.003443,290.48, 423.4918
133361,5.5188,0.003457,289.24, 423.4917
133362,5.5225,0.003459,289.13, 423.4917
133363,5.5259,0.003480,287.35, 423.4917
133364,5.5293,0.003518,284.24, 423.4917
133365,5.5330,0.003693,270.75, 423.4924
133366,5.5366,0.003452,289.72, 423.4917
133367,5.5400,0.003416,292.74, 423.5065
133368,5.5435,0.003495,286.09, 423.4917
133369,5.5469,0.003434,291.21, 423.4917
133370,5.5508,0.003834,260.84, 423.4923
133371,5.5542,0.003422,292.26, 423.4923
133372,5.5576,0.003481,287.30, 423.4918
133373,5.5610,0.003467,288.43, 423.4920
133374,5.5645,0.003459,289.08, 423.4918
133375,5.5679,0.003437,290.99, 423.4917
133376,5.5713,0.003461,288.92, 423.4920
133377,5.5750,0.003536,282.78, 423.4918
133378,5.5784,0.003391,294.93, 423.4923
133379,5.5818,0.003499,285.82, 423.4918
133380,5.5852,0.003425,291.95, 423.4917
133381,5.5886,0.003457,289.25, 423.4918
133382,5.5920,0.003416,292.72, 423.4921
133383,5.5957,0.003580,279.31, 423.4917
133384,5.5991,0.003523,283.86, 423.4917
133385,5.6028,0.003588,278.70, 423.4917
133386,5.6064,0.003509,284.97, 423.4918
133387,5.6099,0.003480,287.40, 423.4917
133388,5.6133,0.003416,292.73, 423.4918
133389,5.6167,0.003487,286.80, 423.4918
133390,5.6201,0.003427,291.79, 423.4917
133391,5.6235,0.003466,288.50, 423.4918
133392,5.6272,0.003473,287.95, 423.4917
133393,5.6306,0.003514,284.58, 423.4918
133394,5.6340,0.003459,289.08, 423.4917
133395,5.6375,0.003461,288.96, 423.4917
133396,5.6411,0.003575,279.74, 423.4918
133397,5.6445,0.003402,293.92, 423.4917
133398,5.6479,0.003475,287.79, 423.4918
133399,5.6514,0.003419,292.49, 423.4917
133400,5.6548,0.003483,287.15, 423.5001
133401,5.6584,0.003545,282.11, 423.4917
133402,5.6619,0.003432,291.41, 423.4921
133403,5.6653,0.003444,290.38, 423.4917
133404,5.6687,0.003476,287.70, 423.4917
133405,5.6724,0.003484,287.01, 423.4917
133406,5.6758,0.003554,281.36, 423.4923
133407,5.6794,0.003623,275.98, 423.4923
133408,5.6829,0.003431,291.49, 423.4923
133409,5.6863,0.003371,296.62, 423.4918
133410,5.6897,0.003560,280.91, 423.4918
133411,5.6931,0.003401,294.07, 423.4920
133412,5.6968,0.003469,288.26, 423.4921
133413,5.7000,0.003414,292.94, 423.4917
133414,5.7036,0.003421,292.28, 423.4918
133415,5.7075,0.004089,244.55, 423.4923
133416,5.7112,0.003508,285.03, 423.4923
133417,5.7146,0.003511,284.84, 423.4918
133418,5.7180,0.003461,288.91, 423.4917
133419,5.7217,0.003557,281.18, 423.4924
133420,5.7251,0.003466,288.48, 423.4923
133421,5.7285,0.003510,284.88, 423.4917
133422,5.7322,0.003538,282.69, 423.4923
133423,5.7356,0.003563,280.65, 423.4917
133424,5.7393,0.003542,282.33, 423.4918
133425,5.7427,0.003432,291.42, 423.4917
133426,5.7461,0.003428,291.71, 423.4917
133427,5.7495,0.003504,285.36, 423.4917
133428,5.7532,0.003509,284.96, 423.4917
133429,5.7568,0.003607,277.26, 423.4917
133430,5.7603,0.003444,290.36, 423.4917
133431,5.7637,0.003470,288.18, 423.4917
133432,5.7671,0.003478,287.49, 423.4917
133433,5.7705,0.003517,284.33, 423.4918
133434,5.7742,0.003420,292.37, 423.5150
133435,5.7776,0.003447,290.07, 423.4924
133436,5.7808,0.003380,295.85, 423.5061
133437,5.7842,0.003418,292.53, 423.4946
133438,5.7878,0.003435,291.12, 423.4918
133439,5.7910,0.003390,295.01, 423.4920
133440,5.7947,0.003506,285.26, 423.4918
133441,5.7981,0.003449,289.91, 423.5195
133442,5.8018,0.003562,280.75, 423.4920
133443,5.8052,0.003577,279.54, 423.4923
133444,5.8088,0.003535,282.87, 423.4917
133445,5.8123,0.003525,283.68, 423.4924
133446,5.8157,0.003506,285.26, 423.4917
133447,5.8193,0.003462,288.82, 423.4923
133448,5.8228,0.003494,286.17, 423.4917
133449,5.8262,0.003453,289.57, 423.4918
133450,5.8301,0.003895,256.77, 423.4921
133451,5.8335,0.003528,283.45, 423.4942
133452,5.8372,0.003644,274.45, 423.4924
133453,5.8408,0.003598,277.90, 423.5140
133454,5.8445,0.003647,274.17, 423.4918
133455,5.8481,0.003746,266.97, 423.4917
133456,5.8518,0.003461,288.95, 423.4923
133457,5.8552,0.003572,279.92, 423.4918
133458,5.8589,0.003548,281.82, 423.4923
133459,5.8623,0.003472,288.05, 423.4921
133460,5.8657,0.003401,294.04, 423.4918
133461,5.8691,0.003388,295.12, 423.4917
133462,5.8726,0.003472,288.00, 423.4918
133463,5.8760,0.003428,291.72, 423.4923
133464,5.8794,0.003480,287.35, 423.4917
133465,5.8831,0.003557,281.13, 423.4917
133466,5.8865,0.003489,286.63, 423.4918
133467,5.8901,0.003515,284.47, 423.4918
133468,5.8933,0.003383,295.60, 423.4917
133469,5.8967,0.003422,292.21, 423.4917
133470,5.9001,0.003429,291.66, 423.4917
133471,5.9038,0.003585,278.91, 423.4917
133472,5.9077,0.003746,266.92, 423.4941
133473,5.9111,0.003630,275.46, 423.4918
133474,5.9148,0.003557,281.12, 423.4917
133475,5.9182,0.003500,285.72, 423.4923
133476,5.9219,0.003670,272.45, 423.4919
133477,5.9255,0.003612,276.89, 423.4918
133478,5.9292,0.003546,281.98, 423.4924
133479,5.9326,0.003519,284.20, 423.4917
133480,5.9360,0.003434,291.19, 423.4917
133481,5.9397,0.003702,270.16, 423.4918
133482,5.9434,0.003533,283.01, 423.4917
133483,5.9468,0.003580,279.30, 423.4918
133484,5.9504,0.003485,286.97, 423.4917
133485,5.9539,0.003434,291.21, 423.4996
133486,5.9573,0.003482,287.20, 423.4917
133487,5.9609,0.003534,282.94, 423.4917
133488,5.9644,0.003582,279.19, 423.4918
133489,5.9680,0.003506,285.24, 423.4917
133490,5.9714,0.003528,283.48, 423.4917
133491,5.9749,0.003535,282.85, 423.4918
133492,5.9785,0.003428,291.73, 423.4923
133493,5.9819,0.003456,289.33, 423.4917
133494,5.9851,0.003379,295.96, 423.4941
133495,5.9888,0.003560,280.90, 423.4917
133496,5.9924,0.003644,274.42, 423.4917
133497,5.9959,0.003481,287.30, 423.4918
133498,5.9993,0.003434,291.25, 423.4918
133499,6.0027,0.003428,291.69, 423.4917
133500,6.0063,0.003484,287.03, 423.4918
133501,6.0098,0.003449,289.96, 423.4917
133502,6.0132,0.003458,289.18, 423.4918
133503,6.0166,0.003453,289.63, 423.4917
133504,6.0200,0.003472,287.99, 423.4918
133505,6.0234,0.003434,291.21, 423.4918
133506,6.0269,0.003420,292.44, 423.4920
133507,6.0305,0.003491,286.47, 423.4917
133508,6.0339,0.003531,283.20, 423.4917
133509,6.0376,0.003572,279.97, 423.4921
133510,6.0410,0.003500,285.73, 423.4918
133511,6.0444,0.003455,289.41, 423.4917
133512,6.0481,0.003536,282.83, 423.5065
133513,6.0515,0.003433,291.32, 423.4941
133514,6.0549,0.003478,287.56, 423.4917
133515,6.0584,0.003495,286.10, 423.4920
133516,6.0620,0.003537,282.76, 423.4921
133517,6.0654,0.003483,287.13, 423.4917
133518,6.0688,0.003475,287.78, 423.4918
133519,6.0725,0.003461,288.93, 423.4918
133520,6.0757,0.003373,296.44, 423.4917
133521,6.0793,0.003589,278.61, 423.4918
133522,6.0828,0.003429,291.65, 423.4917
133523,6.0862,0.003460,289.01, 423.4923
133524,6.0898,0.003501,285.61, 423.4918
133525,6.0933,0.003434,291.21, 423.4918
133526,6.0967,0.003427,291.81, 423.4921
133527,6.1001,0.003433,291.29, 423.4923
133528,6.1035,0.003503,285.45, 423.4917
133529,6.1069,0.003404,293.74, 423.4923
133530,6.1106,0.003679,271.82, 423.4923
133531,6.1143,0.003582,279.21, 423.4923
133532,6.1177,0.003543,282.22, 423.4918
133533,6.1213,0.003485,286.95, 423.4917
133534,6.1248,0.003422,292.23, 423.4917
133535,6.1282,0.003558,281.06, 423.5065
133536,6.1316,0.003422,292.26, 423.5175
133537,6.1350,0.003422,292.26, 423.5071
133538,6.1387,0.003496,286.03, 423.4920
133539,6.1421,0.003420,292.41, 423.4921
133540,6.1455,0.003446,290.21, 423.4918
133541,6.1489,0.003412,293.07, 423.4917
133542,6.1523,0.003459,289.07, 423.4918
133543,6.1558,0.003364,297.27, 423.4917
133544,6.1594,0.003846,260.04, 423.4917
133545,6.1636,0.003998,250.14, 423.4918
133546,6.1670,0.003527,283.54, 423.4918
133547,6.1709,0.003822,261.63, 423.5170
133548,6.1750,0.004197,238.26, 423.4918
133549,6.1787,0.003715,269.15, 423.5037
133550,6.1824,0.003555,281.27, 423.4918
133551,6.1858,0.003421,292.32, 423.4917
133552,6.1895,0.003614,276.71, 423.4918
133553,6.1929,0.003471,288.13, 423.4917
133554,6.1963,0.003491,286.44, 423.4917
133555,6.2000,0.003619,276.36, 423.4923
133556,6.2034,0.003523,283.84, 423.4917
133557,6.2070,0.003493,286.33, 423.4942
133558,6.2104,0.003428,291.74, 423.4917
133559,6.2139,0.003499,285.83, 423.4917
133560,6.2173,0.003536,282.79, 423.4917
133561,6.2209,0.003567,280.37, 423.4918
133562,6.2244,0.003427,291.83, 423.4918
133563,6.2278,0.003453,289.59, 423.4923
133564,6.2314,0.003518,284.28, 423.4918
133565,6.2349,0.003455,289.45, 423.4917
133566,6.2383,0.003508,285.09, 423.4918
133567,6.2417,0.003467,288.40, 423.4917
133568,6.2451,0.003405,293.68, 423.4924
133569,6.2485,0.003432,291.36, 423.4918
133570,6.2520,0.003397,294.42, 423.4923
133571,6.2554,0.003449,289.91, 423.4918
133572,6.2588,0.003400,294.13, 423.4917
133573,6.2625,0.003460,289.03, 423.4921
133574,6.2656,0.003370,296.71, 423.5205
133575,6.2693,0.003480,287.32, 423.5021
133576,6.2727,0.003484,286.99, 423.4917
133577,6.2761,0.003436,291.04, 423.4917
133578,6.2795,0.003541,282.43, 423.4918
133579,6.2830,0.003363,297.33, 423.4923
133580,6.2866,0.003497,286.00, 423.4918
133581,6.2900,0.003458,289.15, 423.4917
133582,6.2935,0.003476,287.72, 423.4918
133583,6.2971,0.003750,266.68, 423.4924
133584,6.3005,0.003459,289.09, 423.4918
133585,6.3042,0.003446,290.18, 423.4918
133586,6.3076,0.003396,294.51, 423.4917
133587,6.3110,0.003520,284.08, 423.4924
133588,6.3145,0.003485,286.99, 423.4920
133589,6.3179,0.003453,289.61, 423.4918
133590,6.3213,0.003452,289.69, 423.4917
133591,6.3247,0.003403,293.85, 423.5026
133592,6.3284,0.003505,285.34, 423.4923
133593,6.3318,0.003509,284.98, 423.4917
133594,6.3354,0.003543,282.28, 423.4917
133595,6.3391,0.003818,261.93, 423.4921
133596,6.3428,0.003479,287.42, 423.4918
133597,6.3462,0.003488,286.69, 423.4917
133598,6.3496,0.003451,289.80, 423.4920
133599,6.3530,0.003534,282.96, 423.4997
133600,6.3564,0.003401,294.04, 423.4917
133601,6.3601,0.003489,286.62, 423.4924
133602,6.3635,0.003461,288.98, 423.4917
133603,6.3669,0.003414,292.91, 423.4918
133604,6.3704,0.003471,288.10, 423.4917
133605,6.3738,0.003394,294.62, 423.4917
133606,6.3772,0.003449,289.95, 423.4924
133607,6.3806,0.003434,291.23, 423.4917
133608,6.3843,0.003590,278.59, 423.4917
133609,6.3877,0.003504,285.37, 423.4917
133610,6.3911,0.003462,288.84, 423.4942
133611,6.3948,0.003463,288.75, 423.4918
133612,6.3982,0.003411,293.20, 423.4941
133613,6.4016,0.003526,283.60, 423.4917
133614,6.4050,0.003470,288.21, 423.4920
133615,6.4087,0.003622,276.07, 423.4918
133616,6.4121,0.003450,289.90, 423.4917
133617,6.4155,0.003413,292.98, 423.4918
133618,6.4189,0.003405,293.71, 423.4917
133619,6.4224,0.003376,296.23, 423.4917
133620,6.4258,0.003461,288.97, 423.4918
133621,6.4292,0.003433,291.26, 423.4920
133622,6.4326,0.003440,290.73, 423.4918
133623,6.4360,0.003422,292.26, 423.5090
133624,6.4397,0.003533,283.03, 423.4917
133625,6.4431,0.003582,279.20, 423.4923
133626,6.4468,0.003586,278.85, 423.4917
133627,6.4504,0.003577,279.60, 423.4918
133628,6.4539,0.003414,292.95, 423.4920
133629,6.4573,0.003551,281.59, 423.4917
133630,6.4609,0.003545,282.09, 423.4923
133631,6.4644,0.003519,284.19, 423.4921
133632,6.4678,0.003457,289.29, 423.4918
133633,6.4712,0.003410,293.22, 423.4917
133634,6.4749,0.003512,284.77, 423.4917
133635,6.4783,0.003555,281.32, 423.4917
133636,6.4817,0.003465,288.61, 423.4918
133637,6.4854,0.003519,284.14, 423.4917
133638,6.4888,0.003559,281.01, 423.4918
133639,6.4924,0.003466,288.50, 423.4918
133640,6.4956,0.003381,295.81, 423.4917
133641,6.4993,0.003458,289.20, 423.5042
133642,6.5027,0.003499,285.80, 423.4917
133643,6.5061,0.003437,290.93, 423.4924
133644,6.5095,0.003420,292.36, 423.5121
133645,6.5129,0.003394,294.61, 423.4917
133646,6.5164,0.003448,290.03, 423.4917
133647,6.5200,0.003527,283.49, 423.4917
133648,6.5234,0.003483,287.08, 423.4918
133649,6.5269,0.003436,291.07, 423.4917
133650,6.5305,0.003623,276.04, 423.4917
133651,6.5339,0.003522,283.97, 423.4917
133652,6.5376,0.003563,280.66, 423.4918
133653,6.5410,0.003475,287.79, 423.4924
133654,6.5444,0.003356,297.99, 423.4917
133655,6.5479,0.003492,286.34, 423.4923
133656,6.5515,0.003604,277.45, 423.4917
133657,6.5549,0.003446,290.16, 423.4918
133658,6.5584,0.003435,291.10, 423.4917
133659,6.5618,0.003410,293.27, 423.4991
133660,6.5652,0.003472,288.06, 423.4918
133661,6.5686,0.003407,293.50, 423.4918
133662,6.5720,0.003452,289.67, 423.4918
133663,6.5754,0.003409,293.36, 423.4917
133664,6.5791,0.003500,285.75, 423.4918
133665,6.5825,0.003455,289.46, 423.5021
133666,6.5859,0.003479,287.41, 423.4917
133667,6.5896,0.003615,276.65, 423.4920
133668,6.5930,0.003532,283.13, 423.4923
133669,6.5967,0.003574,279.79, 423.4918
133670,6.6001,0.003445,290.27, 423.4923
133671,6.6035,0.003465,288.61, 423.4917
133672,6.6072,0.003523,283.82, 423.4917
133673,6.6106,0.003604,277.47, 423.4917
133674,6.6143,0.003682,271.56, 423.4918
133675,6.6179,0.003536,282.81, 423.4917
133676,6.6213,0.003465,288.63, 423.4918
133677,6.6248,0.003500,285.75, 423.4918
133678,6.6287,0.003728,268.23, 423.4918
133679,6.6321,0.003527,283.56, 423.4924
133680,6.6355,0.003395,294.54, 423.4920
133681,6.6389,0.003512,284.78, 423.4918
133682,6.6426,0.003443,290.49, 423.4917
133683,6.6462,0.003725,268.43, 423.4921
133684,6.6497,0.003572,279.95, 423.4918
133685,6.6531,0.003423,292.12, 423.4918
133686,6.6567,0.003481,287.32, 423.4924
133687,6.6602,0.003452,289.73, 423.4917
133688,6.6636,0.003473,287.90, 423.4917
133689,6.6672,0.003533,283.01, 423.4917
133690,6.6707,0.003544,282.20, 423.4924
133691,6.6741,0.003453,289.58, 423.4921
133692,6.6775,0.003409,293.36, 423.4917
133693,6.6809,0.003437,290.93, 423.4917
133694,6.6846,0.003514,284.57, 423.4923
133695,6.6880,0.003608,277.14, 423.4918
133696,6.6917,0.003476,287.72, 423.4917
133697,6.6951,0.003444,290.38, 423.4918
133698,6.6985,0.003467,288.45, 423.4921
133699,6.7019,0.003377,296.15, 423.4917
133700,6.7053,0.003463,288.74, 423.4918
133701,6.7087,0.003445,290.32, 423.4917
133702,6.7122,0.003497,286.00, 423.4918
133703,6.7158,0.003470,288.17, 423.4917
133704,6.7192,0.003452,289.66, 423.4923
133705,6.7227,0.003545,282.09, 423.4918
133706,6.7261,0.003420,292.41, 423.4917
133707,6.7297,0.003496,286.07, 423.4933
133708,6.7332,0.003404,293.75, 423.4917
133709,6.7366,0.003498,285.89, 423.4917
133710,6.7402,0.003586,278.85, 423.4923
133711,6.7437,0.003547,281.94, 423.4918
133712,6.7471,0.003438,290.83, 423.4917
133713,6.7505,0.003426,291.87, 423.4941
133714,6.7542,0.003484,287.02, 423.4917
133715,6.7576,0.003513,284.67, 423.4917
133716,6.7610,0.003515,284.50, 423.4924
133717,6.7644,0.003445,290.28, 423.4917
133718,6.7683,0.003694,270.69, 423.4924
133719,6.7717,0.003497,285.95, 423.4920
133720,6.7751,0.003424,292.04, 423.4917
133721,6.7788,0.003605,277.43, 423.4918
133722,6.7822,0.003503,285.44, 423.4917
133723,6.7856,0.003453,289.57, 423.4918
133724,6.7893,0.003505,285.27, 423.4918
133725,6.7927,0.003435,291.15, 423.4923
133726,6.7961,0.003441,290.59, 423.4917
133727,6.7996,0.003522,283.95, 423.4917
133728,6.8032,0.003535,282.88, 423.4918
133729,6.8066,0.003423,292.12, 423.4917
133730,6.8101,0.003485,286.92, 423.4920
133731,6.8135,0.003538,282.62, 423.4917
133732,6.8174,0.003805,262.78, 423.4917
133733,6.8220,0.004695,213.02, 423.4918
133734,6.8259,0.003792,263.71, 423.4918
133735,6.8293,0.003421,292.29, 423.4918
133736,6.8328,0.003467,288.41, 423.4917
133737,6.8362,0.003406,293.63, 423.4917
133738,6.8398,0.003576,279.67, 423.4924
133739,6.8433,0.003436,291.07, 423.4920
133740,6.8467,0.003517,284.37, 423.4918
133741,6.8506,0.003826,261.35, 423.4917
133742,6.8540,0.003562,280.77, 423.4924
133743,6.8577,0.003508,285.05, 423.4924
133744,6.8611,0.003390,294.98, 423.5065
133745,6.8645,0.003532,283.13, 423.4921
133746,6.8679,0.003464,288.66, 423.4917
133747,6.8713,0.003436,291.02, 423.4918
133748,6.8748,0.003411,293.21, 423.4921
133749,6.8782,0.003433,291.26, 423.4917
133750,6.8816,0.003459,289.08, 423.4918
133751,6.8850,0.003382,295.65, 423.4923
133752,6.8887,0.003469,288.24, 423.4917
133753,6.8921,0.003504,285.42, 423.4917
133754,6.8960,0.003825,261.47, 423.4924
133755,6.8994,0.003619,276.30, 423.4918
133756,6.9031,0.003468,288.32, 423.4923
133757,6.9065,0.003618,276.41, 423.4917
133758,6.9102,0.003673,272.23, 423.5067
133759,6.9138,0.003593,278.31, 423.4923
133760,6.9175,0.003658,273.39, 423.4917
133761,6.9211,0.003557,281.13, 423.4917
133762,6.9248,0.003742,267.24, 423.4917
133763,6.9285,0.003732,267.94, 423.4923
133764,6.9321,0.003708,269.67, 423.4918
133765,6.9358,0.003548,281.87, 423.4918
133766,6.9392,0.003532,283.11, 423.4917
133767,6.9429,0.003655,273.60, 423.4917
133768,6.9468,0.003829,261.14, 423.4917
133769,6.9512,0.004408,226.86, 423.4917
133770,6.9548,0.003593,278.36, 423.4918
133771,6.9585,0.003644,274.45, 423.4917
133772,6.9619,0.003515,284.54, 423.5066
133773,6.9658,0.003736,267.67, 423.4917
133774,6.9692,0.003524,283.81, 423.5156
133775,6.9729,0.003585,278.98, 423.4918
133776,6.9763,0.003518,284.24, 423.4923
133777,6.9797,0.003500,285.72, 423.5206
133778,6.9836,0.003718,268.96, 423.4923
133779,6.9871,0.003499,285.81, 423.4924
133780,6.9907,0.003688,271.12, 423.4918
133781,6.9941,0.003473,287.94, 423.4917
133782,6.9978,0.003604,277.44, 423.4918
133783,7.0015,0.003640,274.71, 423.4917
133784,7.0049,0.003449,289.96, 423.4917
133785,7.0090,0.004059,246.35, 423.4925
133786,7.0125,0.003481,287.31, 423.4917
133787,7.0159,0.003535,282.87, 423.4924
133788,7.0195,0.003629,275.58, 423.4918
133789,7.0229,0.003418,292.54, 423.4917
133790,7.0266,0.003479,287.46, 423.4918
133791,7.0300,0.003454,289.54, 423.4923
133792,7.0334,0.003417,292.67, 423.4918
133793,7.0366,0.003330,300.26, 423.4917
133794,7.0403,0.003513,284.63, 423.4917
133795,7.0437,0.003524,283.78, 423.5185
133796,7.0474,0.003571,280.03, 423.4918
133797,7.0508,0.003510,284.88, 423.4917
133798,7.0542,0.003487,286.81, 423.4917
133799,7.0579,0.003557,281.18, 423.4917
133800,7.0615,0.003598,277.96, 423.4917
133801,7.0649,0.003467,288.48, 423.4918
133802,7.0684,0.003454,289.56, 423.4917
133803,7.0720,0.003527,283.53, 423.4918
133804,7.0754,0.003484,287.04, 423.4918
133805,7.0789,0.003396,294.49, 423.4918
133806,7.0823,0.003423,292.18, 423.4942
133807,7.0857,0.003395,294.57, 423.4923
133808,7.0891,0.003514,284.61, 423.4918
133809,7.0925,0.003439,290.77, 423.5016
133810,7.0959,0.003478,287.49, 423.4917
133811,7.0996,0.003541,282.41, 423.4923
133812,7.1030,0.003517,284.33, 423.4917
133813,7.1064,0.003461,288.91, 423.4918
133814,7.1101,0.003504,285.41, 423.4917
133815,7.1135,0.003536,282.78, 423.4920
133816,7.1172,0.003604,277.45, 423.4917
133817,7.1206,0.003486,286.88, 423.4918
133818,7.1243,0.003478,287.51, 423.4918
133819,7.1274,0.003390,295.01, 423.4917
133820,7.1311,0.003441,290.60, 423.5042
133821,7.1345,0.003496,286.05, 423.4941
133822,7.1379,0.003464,288.71, 423.4918
133823,7.1414,0.003496,286.07, 423.4923
133824,7.1448,0.003436,291.04, 423.4918
133825,7.1484,0.003452,289.71, 423.4917
133826,7.1519,0.003424,292.06, 423.4920
133827,7.1553,0.003545,282.07, 423.4924
133828,7.1587,0.003399,294.24, 423.4917
133829,7.1621,0.003470,288.21, 423.4918
133830,7.1660,0.003787,264.08, 423.4917
133831,7.1697,0.003661,273.18, 423.4917
133832,7.1733,0.003632,275.33, 423.4917
133833,7.1775,0.004159,240.45, 423.4917
133834,7.1814,0.003985,250.95, 423.4917
133835,7.1853,0.003924,254.87, 423.4923
133836,7.1890,0.003617,276.46, 423.4917
133837,7.1926,0.003582,279.19, 423.4917
133838,7.1963,0.003731,268.01, 423.4923
133839,7.1997,0.003457,289.27, 423.4921
133840,7.2031,0.003416,292.78, 423.4921
133841,7.2065,0.003376,296.21, 423.4917
133842,7.2100,0.003571,280.02, 423.4917
133843,7.2136,0.003565,280.48, 423.4917
133844,7.2173,0.003556,281.23, 423.4924
133845,7.2207,0.003519,284.17, 423.4917
133846,7.2241,0.003431,291.45, 423.4918
133847,7.2275,0.003441,290.64, 423.4924
133848,7.2310,0.003418,292.56, 423.4971
133849,7.2346,0.003555,281.26, 423.4918
133850,7.2380,0.003500,285.76, 423.4917
133851,7.2417,0.003755,266.32, 423.4924
133852,7.2454,0.003456,289.38, 423.4917
133853,7.2488,0.003429,291.63, 423.4917
133854,7.2522,0.003537,282.77, 423.4924
133855,7.2556,0.003423,292.18, 423.4917
133856,7.2593,0.003517,284.33, 423.4917
133857,7.2627,0.003472,288.03, 423.4917
133858,7.2661,0.003476,287.71, 423.4923
133859,7.2698,0.003619,276.32, 423.4917
133860,7.2732,0.003404,293.74, 423.4923
133861,7.2766,0.003501,285.64, 423.4918
133862,7.2800,0.003395,294.52, 423.4923
133863,7.2837,0.003541,282.45, 423.4917
133864,7.2871,0.003496,286.04, 423.4917
133865,7.2905,0.003479,287.47, 423.4917
133866,7.2942,0.003540,282.53, 423.4923
133867,7.2974,0.003380,295.90, 423.4923
133868,7.3010,0.003491,286.47, 423.4917
133869,7.3044,0.003411,293.14, 423.4923
133870,7.3079,0.003526,283.62, 423.4918
133871,7.3113,0.003477,287.62, 423.4917
133872,7.3149,0.003452,289.69, 423.4918
133873,7.3184,0.003452,289.65, 423.4918
133874,7.3218,0.003413,293.02, 423.4920
133875,7.3252,0.003429,291.66, 423.4924
133876,7.3286,0.003398,294.27, 423.4917
133877,7.3320,0.003490,286.53, 423.4921
133878,7.3354,0.003410,293.26, 423.4923
133879,7.3389,0.003438,290.91, 423.4917
133880,7.3425,0.003567,280.39, 423.4917
133881,7.3459,0.003497,285.98, 423.4917
133882,7.3494,0.003489,286.59, 423.4921
133883,7.3528,0.003371,296.67, 423.4991
133884,7.3564,0.003550,281.66, 423.4918
133885,7.3599,0.003479,287.46, 423.4917
133886,7.3633,0.003456,289.36, 423.4924
133887,7.3667,0.003415,292.87, 423.4918
133888,7.3701,0.003424,292.06, 423.4917
133889,7.3738,0.003784,264.27, 423.4917
133890,7.3772,0.003415,292.87, 423.4917
133891,7.3809,0.003462,288.83, 423.4918
133892,7.3843,0.003435,291.13, 423.4923
133893,7.3877,0.003543,282.23, 423.4924
133894,7.3911,0.003423,292.17, 423.5066
133895,7.3945,0.003384,295.47, 423.4917
133896,7.3979,0.003442,290.55, 423.4917
133897,7.4014,0.003482,287.19, 423.4923
133898,7.4050,0.003574,279.77, 423.4952
133899,7.4084,0.003499,285.76, 423.4917
133900,7.4121,0.003451,289.75, 423.4918
133901,7.4155,0.003454,289.56, 423.4917
133902,7.4189,0.003419,292.52, 423.5051
133903,7.4224,0.003487,286.77, 423.4924
133904,7.4258,0.003407,293.48, 423.4917
133905,7.4292,0.003521,284.03, 423.4918
133906,7.4329,0.003478,287.56, 423.4917
133907,7.4363,0.003463,288.81, 423.4933
133908,7.4397,0.003457,289.29, 423.4918
133909,7.4431,0.003407,293.50, 423.4917
133910,7.4465,0.003502,285.59, 423.4921
133911,7.4500,0.003471,288.13, 423.4917
133912,7.4536,0.003471,288.08, 423.4920
133913,7.4570,0.003516,284.38, 423.4917
133914,7.4607,0.003527,283.49, 423.5016
133915,7.4644,0.003654,273.71, 423.4923
133916,7.4678,0.003488,286.70, 423.4920
133917,7.4712,0.003518,284.24, 423.4923
133918,7.4746,0.003438,290.89, 423.4917
133919,7.4783,0.003529,283.36, 423.4918
133920,7.4817,0.003508,285.10, 423.4917
133921,7.4851,0.003401,294.05, 423.4924
133922,7.4885,0.003454,289.49, 423.4917
133923,7.4919,0.003422,292.24, 423.4923
133924,7.4956,0.003530,283.33, 423.4918
133925,7.4990,0.003435,291.15, 423.4920
133926,7.5024,0.003481,287.24, 423.4918
133927,7.5059,0.003483,287.09, 423.4923
133928,7.5093,0.003455,289.41, 423.4991
133929,7.5129,0.003508,285.08, 423.4918
133930,7.5164,0.003394,294.66, 423.4917
133931,7.5198,0.003455,289.46, 423.4921
133932,7.5232,0.003415,292.85, 423.4917
133933,7.5266,0.003530,283.33, 423.4917
133934,7.5305,0.003724,268.51, 423.4932
133935,7.5339,0.003502,285.53, 423.4921
133936,7.5374,0.003423,292.13, 423.4918
133937,7.5408,0.003392,294.85, 423.4920
133938,7.5442,0.003529,283.39, 423.4923
133939,7.5479,0.003483,287.12, 423.4917
133940,7.5513,0.003519,284.17, 423.4917
133941,7.5547,0.003519,284.16, 423.4932
133942,7.5581,0.003405,293.69, 423.4918
133943,7.5615,0.003449,289.92, 423.4917
133944,7.5649,0.003415,292.81, 423.4923
133945,7.5686,0.003500,285.75, 423.4918
133946,7.5720,0.003434,291.22, 423.4923
133947,7.5754,0.003519,284.21, 423.4918
133948,7.5789,0.003432,291.36, 423.4917
133949,7.5823,0.003468,288.37, 423.4917
133950,7.5862,0.003775,264.93, 423.4924
133951,7.5896,0.003453,289.64, 423.4917
133952,7.5933,0.003589,278.61, 423.4918
133953,7.5967,0.003524,283.75, 423.4917
133954,7.6001,0.003466,288.54, 423.4917
133955,7.6038,0.003545,282.12, 423.4920
133956,7.6072,0.003415,292.80, 423.4917
133957,7.6108,0.003567,280.34, 423.4918
133958,7.6143,0.003411,293.19, 423.4923
133959,7.6177,0.003481,287.29, 423.4917
133960,7.6211,0.003507,285.16, 423.4917
133961,7.6248,0.003686,271.27, 423.4917
133962,7.6284,0.003693,270.81, 423.4918
133963,7.6318,0.003433,291.31, 423.4917
133964,7.6355,0.003478,287.52, 423.4921
133965,7.6389,0.003434,291.24, 423.4917
133966,7.6423,0.003469,288.30, 423.4918
133967,7.6458,0.003461,288.90, 423.4917
133968,7.6492,0.003428,291.71, 423.4918
133969,7.6526,0.003421,292.32, 423.4924
133970,7.6560,0.003415,292.83, 423.4917
133971,7.6597,0.003524,283.75, 423.4918
133972,7.6631,0.003429,291.61, 423.4917
133973,7.6665,0.003437,290.99, 423.4924
133974,7.6699,0.003481,287.24, 423.4917
133975,7.6733,0.003465,288.64, 423.4917
133976,7.6770,0.003554,281.34, 423.4917
133977,7.6804,0.003465,288.61, 423.4923
133978,7.6838,0.003518,284.29, 423.4918
133979,7.6873,0.003435,291.12, 423.4917
133980,7.6909,0.003536,282.83, 423.4918
133981,7.6943,0.003351,298.42, 423.5186
133982,7.6978,0.003496,286.05, 423.4918
133983,7.7012,0.003518,284.28, 423.4920
133984,7.7048,0.003465,288.62, 423.4917
133985,7.7083,0.003581,279.24, 423.4921
133986,7.7117,0.003460,289.03, 423.4917
133987,7.7153,0.003464,288.65, 423.4918
133988,7.7188,0.003498,285.89, 423.4918
133989,7.7222,0.003439,290.80, 423.4918
133990,7.7256,0.003409,293.35, 423.4918
133991,7.7290,0.003434,291.17, 423.4918
133992,7.7324,0.003457,289.28, 423.4918
133993,7.7358,0.003410,293.22, 423.4918
133994,7.7393,0.003487,286.80, 423.4918
133995,7.7427,0.003414,292.95, 423.5065
133996,7.7463,0.003502,285.58, 423.4918
133997,7.7500,0.003622,276.13, 423.4917
133998,7.7534,0.003405,293.73, 423.4920
133999,7.7568,0.003448,289.99, 423.4918
134000,7.7603,0.003389,295.05, 423.4917
134001,7.7637,0.003573,279.86, 423.4918
134002,7.7671,0.003433,291.28, 423.4923
134003,7.7705,0.003437,290.92, 423.4918
134004,7.7739,0.003443,290.44, 423.4923
134005,7.7773,0.003407,293.50, 423.4920
134006,7.7810,0.003494,286.20, 423.4918
134007,7.7842,0.003376,296.25, 423.4917
134008,7.7878,0.003484,287.01, 423.4917
134009,7.7913,0.003589,278.61, 423.4923
134010,7.7949,0.003537,282.69, 423.4918
134011,7.7983,0.003445,290.31, 423.4921
134012,7.8018,0.003390,295.00, 423.4917
134013,7.8052,0.003432,291.40, 423.4917
134014,7.8086,0.003498,285.88, 423.4923
134015,7.8123,0.003550,281.67, 423.4917
134016,7.8157,0.003536,282.78, 423.4917
134017,7.8191,0.003405,293.69, 423.5065
134018,7.8228,0.003543,282.23, 423.4917
134019,7.8264,0.003814,262.22, 423.4919
134020,7.8311,0.004651,215.03, 423.4918
134021,7.8347,0.003478,287.51, 423.4972
134022,7.8381,0.003440,290.72, 423.4918
134023,7.8416,0.003496,286.06, 423.4917
134024,7.8450,0.003409,293.37, 423.4917
134025,7.8486,0.003557,281.14, 423.4918
134026,7.8521,0.003441,290.60, 423.4923
134027,7.8555,0.003442,290.51, 423.4918
134028,7.8591,0.003776,264.83, 423.5160
134029,7.8628,0.003558,281.06, 423.4917
134030,7.8662,0.003457,289.23, 423.4923
134031,7.8699,0.003550,281.71, 423.4920
134032,7.8733,0.003576,279.62, 423.4918
134033,7.8767,0.003395,294.59, 423.5185
134034,7.8804,0.003518,284.24, 423.4924
134035,7.8838,0.003408,293.40, 423.4918
134036,7.8870,0.003375,296.26, 423.4918
134037,7.8906,0.003476,287.70, 423.4918
134038,7.8940,0.003415,292.79, 423.4917
134039,7.8975,0.003414,292.88, 423.4917
134040,7.9011,0.003650,274.01, 423.4917
134041,7.9045,0.003457,289.26, 423.4918
134042,7.9080,0.003494,286.23, 423.4918
134043,7.9116,0.003675,272.11, 423.4924
134044,7.9150,0.003468,288.37, 423.4918
134045,7.9185,0.003413,292.98, 423.4917
134046,7.9219,0.003430,291.57, 423.4917
134047,7.9253,0.003433,291.31, 423.4918
134048,7.9287,0.003429,291.62, 423.4918
134049,7.9324,0.003452,289.69, 423.4918
134050,7.9355,0.003409,293.31, 423.4918
134051,7.9392,0.003449,289.91, 423.4918
134052,7.9424,0.003360,297.59, 423.4917
134053,7.9460,0.003485,286.98, 423.4918
134054,7.9495,0.003433,291.32, 423.4917
134055,7.9529,0.003431,291.48, 423.4917
134056,7.9563,0.003573,279.92, 423.4917
134057,7.9600,0.003493,286.27, 423.4917
134058,7.9634,0.003548,281.88, 423.4921
134059,7.9668,0.003404,293.74, 423.4920
134060,7.9702,0.003463,288.77, 423.4918
134061,7.9736,0.003449,289.95, 423.4917
134062,7.9771,0.003411,293.19, 423.4921
134063,7.9807,0.003452,289.72, 423.4923
134064,7.9841,0.003402,293.95, 423.4923
134065,7.9875,0.003447,290.10, 423.4918
134066,7.9910,0.003391,294.90, 423.4917
134067,7.9944,0.003445,290.29, 423.4918
134068,7.9978,0.003482,287.21, 423.4917
134069,8.0012,0.003395,294.52, 423.4921
134070,8.0046,0.003415,292.83, 423.4921
134071,8.0078,0.003339,299.51, 423.4923
134072,8.0115,0.003527,283.56, 423.4917
134073,8.0151,0.003574,279.82, 423.4917
134074,8.0186,0.003556,281.18, 423.4918
134075,8.0220,0.003468,288.39, 423.4917
134076,8.0259,0.003728,268.23, 423.4924
134077,8.0293,0.003427,291.83, 423.5060
134078,8.0327,0.003477,287.57, 423.4923
134079,8.0361,0.003465,288.63, 423.4918
134080,8.0396,0.003403,293.89, 423.4917
134081,8.0430,0.003497,285.98, 423.4918
134082,8.0466,0.003475,287.78, 423.4917
134083,8.0500,0.003463,288.73, 423.4967
134084,8.0535,0.003449,289.96, 423.4917
134085,8.0569,0.003417,292.68, 423.4917
134086,8.0603,0.003535,282.86, 423.4924
134087,8.0637,0.003388,295.14, 423.4946
134088,8.0674,0.003550,281.71, 423.4917
134089,8.0708,0.003499,285.80, 423.4923
134090,8.0742,0.003418,292.60, 423.4921
134091,8.0776,0.003454,289.52, 423.4917
134092,8.0811,0.003435,291.15, 423.4917
134093,8.0847,0.003542,282.31, 423.4923
134094,8.0881,0.003502,285.52, 423.4917
134095,8.0918,0.003623,276.02, 423.4924
134096,8.0952,0.003470,288.18, 423.4923
134097,8.0986,0.003432,291.41, 423.4918
134098,8.1021,0.003457,289.25, 423.4917
134099,8.1055,0.003388,295.18, 423.4917
134100,8.1091,0.003601,277.69, 423.4924
134101,8.1125,0.003473,287.91, 423.4917
134102,8.1162,0.003497,285.99, 423.4918
134103,8.1196,0.003474,287.88, 423.4920
134104,8.1230,0.003485,286.91, 423.4920
134105,8.1267,0.003582,279.20, 423.4918
134106,8.1301,0.003442,290.55, 423.4917
134107,8.1335,0.003434,291.21, 423.4918
134108,8.1370,0.003396,294.50, 423.4917
134109,8.1404,0.003519,284.17, 423.4917
134110,8.1440,0.003512,284.76, 423.4917
134111,8.1475,0.003504,285.40, 423.4920
134112,8.1509,0.003457,289.31, 423.4918
134113,8.1543,0.003440,290.74, 423.4920
134114,8.1577,0.003450,289.84, 423.4917
134115,8.1614,0.003543,282.23, 423.4923
134116,8.1648,0.003443,290.41, 423.4918
134117,8.1682,0.003518,284.28, 423.4917
134118,8.1721,0.003798,263.29, 423.4924
134119,8.1758,0.003629,275.58, 423.4917
134120,8.1792,0.003549,281.79, 423.4923
134121,8.1834,0.003985,250.93, 423.5082
134122,8.1873,0.004097,244.10, 423.4981
134123,8.1912,0.003759,266.06, 423.4918
134124,8.1948,0.003699,270.34, 423.4918
134125,8.1985,0.003543,282.25, 423.4917
134126,8.2019,0.003453,289.59, 423.4918
134127,8.2053,0.003574,279.84, 423.4917
134128,8.2087,0.003463,288.77, 423.4917
134129,8.2124,0.003484,287.04, 423.4924
134130,8.2158,0.003445,290.25, 423.4917
134131,8.2192,0.003526,283.59, 423.4918
134132,8.2229,0.003485,286.91, 423.4917
134133,8.2263,0.003455,289.41, 423.4918
134134,8.2297,0.003476,287.70, 423.4918
134135,8.2332,0.003407,293.52, 423.4923
134136,8.2366,0.003479,287.41, 423.4917
134137,8.2402,0.003511,284.86, 423.4923
134138,8.2437,0.003602,277.62, 423.4918
134139,8.2473,0.003482,287.23, 423.4917
134140,8.2507,0.003469,288.27, 423.4918
134141,8.2542,0.003414,292.92, 423.4917
134142,8.2576,0.003453,289.64, 423.4917
134143,8.2610,0.003530,283.28, 423.4921
134144,8.2644,0.003440,290.66, 423.4920
134145,8.2681,0.003537,282.71, 423.4918
134146,8.2715,0.003489,286.58, 423.4917
134147,8.2749,0.003456,289.33, 423.4921
134148,8.2786,0.003580,279.32, 423.4918
134149,8.2822,0.003640,274.72, 423.4923
134150,8.2856,0.003533,283.05, 423.4918
134151,8.2896,0.003737,267.61, 423.4917
134152,8.2932,0.003800,263.19, 423.4920
134153,8.2969,0.003504,285.43, 423.4920
134154,8.3003,0.003496,286.02, 423.4923
134155,8.3037,0.003534,282.93, 423.4921
134156,8.3071,0.003420,292.41, 423.4932
134157,8.3108,0.003498,285.84, 423.5045
134158,8.3142,0.003466,288.48, 423.4923
134159,8.3176,0.003488,286.70, 423.5141
134160,8.3213,0.003502,285.58, 423.4977
134161,8.3245,0.003352,298.31, 423.4917
134162,8.3281,0.003522,283.90, 423.4917
134163,8.3318,0.003592,278.37, 423.4917
134164,8.3352,0.003478,287.56, 423.4918
134165,8.3386,0.003429,291.62, 423.4918
134166,8.3420,0.003386,295.31, 423.4918
134167,8.3455,0.003518,284.28, 423.4924
134168,8.3489,0.003423,292.12, 423.4917
134169,8.3523,0.003451,289.76, 423.4918
134170,8.3557,0.003347,298.79, 423.5135
134171,8.3591,0.003483,287.10, 423.4918
134172,8.3628,0.003499,285.80, 423.4917
134173,8.3662,0.003421,292.35, 423.4917
134174,8.3696,0.003574,279.81, 423.4917
134175,8.3733,0.003525,283.67, 423.4917
134176,8.3767,0.003494,286.20, 423.4918
134177,8.3801,0.003470,288.16, 423.4917
134178,8.3835,0.003479,287.43, 423.4917
134179,8.3872,0.003498,285.91, 423.4923
134180,8.3906,0.003541,282.38, 423.4921
134181,8.3940,0.003469,288.24, 423.4918
134182,8.3975,0.003404,293.80, 423.4917
134183,8.4011,0.003446,290.16, 423.4923
134184,8.4045,0.003453,289.62, 423.4917
134185,8.4080,0.003528,283.41, 423.4923
134186,8.4121,0.004072,245.56, 423.4917
134187,8.4158,0.003789,263.90, 423.4924
134188,8.4197,0.003856,259.35, 423.4918
134189,8.4236,0.003887,257.29, 423.4918
134190,8.4275,0.003796,263.43, 423.4917
134191,8.4314,0.003899,256.51, 423.4917
134192,8.4351,0.003770,265.28, 423.4917
134193,8.4390,0.003829,261.18, 423.4918
134194,8.4429,0.003908,255.89, 423.4918
134195,8.4465,0.003732,267.95, 423.4917
134196,8.4504,0.003942,253.67, 423.4918
134197,8.4543,0.003951,253.09, 423.4918
134198,8.4580,0.003665,272.89, 423.4921
134199,8.4619,0.003953,252.97, 423.4917
134200,8.4658,0.003891,256.98, 423.4917
134201,8.4697,0.003837,260.62, 423.4918
134202,8.4736,0.003853,259.57, 423.4918
134203,8.4773,0.003759,266.03, 423.4919
134204,8.4812,0.003819,261.88, 423.4918
134205,8.4851,0.003917,255.30, 423.4917
134206,8.4890,0.003817,262.02, 423.4921
134207,8.4929,0.003903,256.22, 423.4921
134208,8.4966,0.003823,261.55, 423.4917
134209,8.5005,0.003794,263.57, 423.4918
134210,8.5044,0.003942,253.65, 423.4919
134211,8.5085,0.004072,245.59, 423.4923
134212,8.5122,0.003679,271.84, 423.4918
134213,8.5161,0.003883,257.55, 423.4918
134214,8.5198,0.003824,261.53, 423.4918
134215,8.5237,0.003776,264.81, 423.4918
134216,8.5276,0.003870,258.43, 423.4919
134217,8.5315,0.003939,253.85, 423.4920
134218,8.5354,0.004076,245.34, 423.4924
134219,8.5393,0.003886,257.34, 423.4918
134220,8.5430,0.003668,272.62, 423.4921
134221,8.5469,0.003937,253.99, 423.4918
134222,8.5508,0.003888,257.20, 423.4917
134223,8.5547,0.003789,263.92, 423.4918
134224,8.5586,0.003918,255.22, 423.4918
134225,8.5625,0.003930,254.44, 423.4918
134226,8.5662,0.003758,266.10, 423.4920
134227,8.5703,0.003944,253.56, 423.4917
134228,8.5740,0.003715,269.18, 423.4918
134229,8.5779,0.003936,254.06, 423.4918
134230,8.5818,0.003823,261.60, 423.4917
134231,8.5854,0.003712,269.41, 423.4921
134232,8.5894,0.003841,260.38, 423.4917
134233,8.5930,0.003756,266.21, 423.4917
134234,8.5969,0.003843,260.23, 423.4918
134235,8.6006,0.003857,259.25, 423.4918
134236,8.6045,0.003750,266.68, 423.4919
134237,8.6082,0.003794,263.58, 423.4918
134238,8.6121,0.003906,256.04, 423.4918
134239,8.6160,0.003815,262.15, 423.4918
134240,8.6199,0.003970,251.87, 423.4921
134241,8.6238,0.003852,259.64, 423.4917
134242,8.6272,0.003443,290.44, 423.4942
134243,8.6306,0.003449,289.91, 423.4920
134244,8.6340,0.003452,289.65, 423.4917
134245,8.6377,0.003457,289.27, 423.4918
134246,8.6409,0.003386,295.31, 423.4923
134247,8.6445,0.003529,283.40, 423.4923
134248,8.6482,0.003575,279.71, 423.4917
134249,8.6516,0.003618,276.41, 423.4918
134250,8.6553,0.003503,285.44, 423.4918
134251,8.6587,0.003516,284.44, 423.4917
134252,8.6624,0.003536,282.83, 423.4918
134253,8.6658,0.003499,285.84, 423.4917
134254,8.6692,0.003549,281.77, 423.4918
134255,8.6729,0.003562,280.78, 423.4918
134256,8.6763,0.003480,287.32, 423.4918
134257,8.6799,0.003487,286.79, 423.4918
134258,8.6834,0.003410,293.25, 423.4917
134259,8.6868,0.003523,283.82, 423.4918
134260,8.6902,0.003530,283.29, 423.4917
134261,8.6938,0.003559,280.99, 423.4918
134262,8.6973,0.003513,284.65, 423.4917
134263,8.7009,0.003479,287.46, 423.4917
134264,8.7043,0.003555,281.33, 423.4917
134265,8.7080,0.003619,276.34, 423.4917
134266,8.7117,0.003557,281.10, 423.4918
134267,8.7151,0.003422,292.23, 423.5130
134268,8.7185,0.003571,280.03, 423.4918
134269,8.7219,0.003462,288.86, 423.4917
134270,8.7256,0.003445,290.31, 423.4917
134271,8.7290,0.003527,283.57, 423.4918
134272,8.7324,0.003395,294.52, 423.4920
134273,8.7358,0.003504,285.42, 423.4918
134274,8.7395,0.003531,283.22, 423.4917
134275,8.7429,0.003421,292.34, 423.4924
134276,8.7463,0.003407,293.50, 423.4920
134277,8.7498,0.003437,290.93, 423.4917
134278,8.7532,0.003595,278.14, 423.4918
134279,8.7566,0.003395,294.54, 423.4917
134280,8.7603,0.003529,283.35, 423.4917
134281,8.7637,0.003530,283.30, 423.4923
134282,8.7673,0.003521,284.02, 423.4918
134283,8.7708,0.003495,286.09, 423.5070
134284,8.7742,0.003401,294.02, 423.4917
134285,8.7778,0.003557,281.18, 423.4917
134286,8.7813,0.003546,282.01, 423.4917
134287,8.7849,0.003556,281.23, 423.4918
134288,8.7883,0.003420,292.43, 423.4941
134289,8.7917,0.003424,292.06, 423.4918
134290,8.7952,0.003411,293.14, 423.4918
134291,8.7986,0.003427,291.77, 423.4917
134292,8.8020,0.003469,288.26, 423.4918
134293,8.8054,0.003331,300.23, 423.5135
134294,8.8088,0.003577,279.53, 423.4921
134295,8.8125,0.003505,285.31, 423.4917
134296,8.8159,0.003476,287.67, 423.4917
134297,8.8193,0.003524,283.75, 423.4924
134298,8.8228,0.003414,292.92, 423.4917
134299,8.8262,0.003481,287.27, 423.4918
134300,8.8298,0.003647,274.18, 423.4917
134301,8.8335,0.003476,287.65, 423.4917
134302,8.8369,0.003549,281.76, 423.4923
134303,8.8406,0.003534,282.96, 423.4924
134304,8.8442,0.003752,266.52, 423.4919
134305,8.8489,0.004554,219.60, 423.4925
134306,8.8525,0.003866,258.70, 423.4941
134307,8.8562,0.003560,280.89, 423.4942
134308,8.8599,0.003556,281.21, 423.4923
134309,8.8635,0.003658,273.36, 423.4924
134310,8.8669,0.003486,286.89, 423.4923
134311,8.8704,0.003459,289.12, 423.4917
134312,8.8740,0.003580,279.33, 423.4917
134313,8.8777,0.003760,265.99, 423.4917
134314,8.8813,0.003698,270.45, 423.4918
134315,8.8848,0.003350,298.51, 423.5021
134316,8.8882,0.003466,288.53, 423.4941
134317,8.8916,0.003470,288.18, 423.4917
134318,8.8950,0.003411,293.13, 423.4921
134319,8.8984,0.003444,290.38, 423.4918
134320,8.9019,0.003366,297.09, 423.4961
134321,8.9055,0.003607,277.22, 423.4918
134322,8.9089,0.003512,284.76, 423.4918
134323,8.9126,0.003518,284.24, 423.4921
134324,8.9160,0.003463,288.78, 423.4918
134325,8.9194,0.003509,284.97, 423.4918
134326,8.9231,0.003598,277.94, 423.4924
134327,8.9268,0.003628,275.62, 423.4917
134328,8.9304,0.003637,274.93, 423.4917
134329,8.9341,0.003599,277.87, 423.4917
134330,8.9375,0.003500,285.76, 423.4918
134331,8.9412,0.003556,281.24, 423.4923
134332,8.9446,0.003465,288.61, 423.4917
134333,8.9480,0.003579,279.41, 423.4923
134334,8.9519,0.003855,259.38, 423.4918
134335,8.9553,0.003425,291.97, 423.4918
134336,8.9590,0.003521,284.03, 423.4918
134337,8.9624,0.003399,294.20, 423.4918
134338,8.9658,0.003431,291.48, 423.4924
134339,8.9692,0.003398,294.27, 423.4920
134340,8.9727,0.003541,282.39, 423.5065
134341,8.9763,0.003569,280.19, 423.4917
134342,8.9797,0.003459,289.13, 423.4918
134343,8.9832,0.003423,292.13, 423.4917
134344,8.9866,0.003541,282.40, 423.4917
134345,8.9902,0.003549,281.76, 423.4918
134346,8.9937,0.003435,291.16, 423.4917
134347,8.9971,0.003464,288.66, 423.4918
134348,9.0005,0.003466,288.51, 423.4917
134349,9.0042,0.003484,287.07, 423.4917
134350,9.0076,0.003558,281.06, 423.4917
134351,9.0112,0.003538,282.68, 423.4923
134352,9.0146,0.003548,281.87, 423.4918
134353,9.0181,0.003379,295.94, 423.5167
134354,9.0217,0.003624,275.96, 423.4917
134355,9.0254,0.003615,276.63, 423.4917
134356,9.0288,0.003467,288.41, 423.4918
134357,9.0322,0.003442,290.55, 423.4918
134358,9.0359,0.003657,273.47, 423.4924
134359,9.0393,0.003542,282.35, 423.4923
134360,9.0430,0.003520,284.07, 423.4917
134361,9.0464,0.003534,282.97, 423.4918
134362,9.0498,0.003440,290.72, 423.4918
134363,9.0532,0.003374,296.43, 423.4918
134364,9.0566,0.003423,292.15, 423.4924
134365,9.0601,0.003375,296.32, 423.4918
134366,9.0635,0.003455,289.45, 423.4924
134367,9.0669,0.003415,292.85, 423.4917
134368,9.0703,0.003475,287.75, 423.4918
134369,9.0740,0.003461,288.98, 423.4917
134370,9.0774,0.003447,290.14, 423.4917
134371,9.0811,0.003816,262.08, 423.4923
134372,9.0847,0.003568,280.30, 423.4917
134373,9.0886,0.003879,257.81, 423.4917
134374,9.0923,0.003691,270.95, 423.4917
134375,9.0957,0.003524,283.74, 423.4917
134376,9.0994,0.003629,275.57, 423.4917
134377,9.1030,0.003573,279.91, 423.4917
134378,9.1067,0.003682,271.58, 423.4918
134379,9.1104,0.003672,272.35, 423.4923
134380,9.1140,0.003584,279.06, 423.4918
134381,9.1174,0.003549,281.79, 423.4917
134382,9.1211,0.003471,288.13, 423.4920
134383,9.1245,0.003533,283.07, 423.4918
134384,9.1279,0.003441,290.60, 423.5205
134385,9.1316,0.003538,282.62, 423.4924
134386,9.1350,0.003429,291.66, 423.4917
134387,9.1384,0.003442,290.55, 423.4918
134388,9.1418,0.003533,283.04, 423.4917
134389,9.1455,0.003517,284.32, 423.4917
134390,9.1489,0.003494,286.18, 423.4918
134391,9.1523,0.003481,287.27, 423.4917
134392,9.1558,0.003459,289.13, 423.4917
134393,9.1594,0.003600,277.75, 423.4918
134394,9.1628,0.003432,291.38, 423.4917
134395,9.1663,0.003450,289.89, 423.4918
134396,9.1697,0.003393,294.77, 423.4917
134397,9.1733,0.003658,273.34, 423.4917
134398,9.1772,0.003910,255.78, 423.4923
134399,9.1812,0.003824,261.50, 423.5051
134400,9.1853,0.004107,243.50, 423.4925
134401,9.1892,0.003969,251.94, 423.4917
134402,9.1931,0.003969,251.94, 423.4918
134403,9.1968,0.003667,272.68, 423.5065
134404,9.2002,0.003465,288.62, 423.4917
134405,9.2039,0.003517,284.36, 423.4917
134406,9.2073,0.003517,284.35, 423.4917
134407,9.2109,0.003513,284.70, 423.4917
134408,9.2144,0.003603,277.59, 423.4917
134409,9.2180,0.003481,287.27, 423.4917
134410,9.2214,0.003506,285.24, 423.4918
134411,9.2249,0.003390,295.03, 423.4917
134412,9.2283,0.003554,281.39, 423.4924
134413,9.2319,0.003472,288.03, 423.4917
134414,9.2354,0.003436,291.04, 423.4921
134415,9.2388,0.003435,291.15, 423.4918
134416,9.2419,0.003357,297.85, 423.4923
134417,9.2454,0.003416,292.72, 423.4918
134418,9.2490,0.003457,289.28, 423.4920
134419,9.2524,0.003453,289.58, 423.4921
134420,9.2559,0.003410,293.25, 423.4917
134421,9.2593,0.003438,290.88, 423.4917
134422,9.2629,0.003629,275.57, 423.4920
134423,9.2664,0.003453,289.58, 423.4923
134424,9.2700,0.003614,276.67, 423.4920
134425,9.2734,0.003469,288.29, 423.4917
134426,9.2769,0.003550,281.66, 423.4924
134427,9.2805,0.003493,286.28, 423.4917
134428,9.2839,0.003431,291.50, 423.4918
134429,9.2874,0.003442,290.56, 423.4917
134430,9.2908,0.003465,288.58, 423.4917
134431,9.2944,0.003589,278.60, 423.4917
134432,9.2979,0.003410,293.29, 423.4917
134433,9.3013,0.003480,287.40, 423.4918
134434,9.3047,0.003353,298.21, 423.5065
134435,9.3081,0.003432,291.42, 423.4942
134436,9.3115,0.003457,289.28, 423.4917
134437,9.3149,0.003401,294.06, 423.4917
134438,9.3184,0.003442,290.57, 423.4924
134439,9.3218,0.003375,296.30, 423.4917
134440,9.3252,0.003504,285.36, 423.4917
134441,9.3289,0.003619,276.31, 423.4923
134442,9.3328,0.003806,262.76, 423.4924
134443,9.3362,0.003440,290.71, 423.4918
134444,9.3396,0.003434,291.21, 423.4917
134445,9.3430,0.003504,285.40, 423.4917
134446,9.3469,0.003942,253.65, 423.4917
134447,9.3508,0.003815,262.10, 423.4918
134448,9.3547,0.003930,254.47, 423.4917
134449,9.3584,0.003756,266.28, 423.4918
134450,9.3623,0.003863,258.87, 423.4919
134451,9.3662,0.003759,266.06, 423.4917
134452,9.3699,0.003775,264.87, 423.4918
134453,9.3738,0.003820,261.81, 423.4918
134454,9.3777,0.003878,257.86, 423.4918
134455,9.3813,0.003808,262.62, 423.4920
134456,9.3853,0.003785,264.17, 423.4918
134457,9.3889,0.003852,259.62, 423.4917
134458,9.3928,0.003782,264.41, 423.4921
134459,9.3967,0.003841,260.38, 423.4918
134460,9.4004,0.003789,263.94, 423.4918
134461,9.4043,0.003825,261.44, 423.4919
134462,9.4082,0.003889,257.16, 423.4917
134463,9.4119,0.003777,264.73, 423.4918
134464,9.4158,0.003945,253.50, 423.4924
134465,9.4199,0.004050,246.90, 423.4918
134466,9.4238,0.003844,260.15, 423.4918
134467,9.4277,0.003940,253.80, 423.4918
134468,9.4316,0.003850,259.75, 423.4917
134469,9.4353,0.003789,263.89, 423.4917
134470,9.4392,0.003765,265.63, 423.4921
134471,9.4429,0.003777,264.76, 423.4920
134472,9.4468,0.003925,254.75, 423.4917
134473,9.4507,0.003932,254.33, 423.4917
134474,9.4546,0.003894,256.78, 423.4918
134475,9.4583,0.003714,269.29, 423.4924
134476,9.4622,0.003759,266.00, 423.4923
134477,9.4656,0.003441,290.60, 423.4917
134478,9.4690,0.003548,281.86, 423.4923
134479,9.4724,0.003446,290.17, 423.4918
134480,9.4761,0.003424,292.06, 423.4924
134481,9.4792,0.003407,293.49, 423.4921
134482,9.4829,0.003426,291.89, 423.4917
134483,9.4863,0.003486,286.84, 423.4923
134484,9.4897,0.003580,279.33, 423.4918
134485,9.4934,0.003442,290.53, 423.4917
134486,9.4968,0.003418,292.59, 423.4918
134487,9.5002,0.003451,289.75, 423.4918
134488,9.5037,0.003474,287.84, 423.4917
134489,9.5071,0.003473,287.97, 423.4918
134490,9.5105,0.003477,287.59, 423.4917
134491,9.5139,0.003438,290.87, 423.4924
134492,9.5176,0.003467,288.41, 423.4917
134493,9.5210,0.003536,282.77, 423.4923
134494,9.5247,0.003517,284.36, 423.4918
134495,9.5281,0.003419,292.47, 423.4923
134496,9.5315,0.003571,280.00, 423.4918
134497,9.5349,0.003452,289.69, 423.4917
134498,9.5386,0.003460,288.98, 423.4917
134499,9.5420,0.003573,279.90, 423.4917
134500,9.5454,0.003465,288.57, 423.4921
134501,9.5491,0.003470,288.17, 423.4924
134502,9.5522,0.003395,294.57, 423.4917
134503,9.5559,0.003481,287.28, 423.4917
134504,9.5596,0.003724,268.54, 423.4917
134505,9.5632,0.003613,276.79, 423.4918
134506,9.5667,0.003546,282.04, 423.4918
134507,9.5701,0.003414,292.90, 423.4923
134508,9.5737,0.003480,287.37, 423.4918
134509,9.5769,0.003404,293.82, 423.4917
134510,9.5806,0.003526,283.58, 423.4921
134511,9.5840,0.003473,287.92, 423.4917
134512,9.5874,0.003420,292.41, 423.4918
134513,9.5908,0.003468,288.38, 423.4917
134514,9.5945,0.003472,288.06, 423.4917
134515,9.5979,0.003557,281.14, 423.4918
134516,9.6013,0.003382,295.67, 423.4917
134517,9.6047,0.003488,286.66, 423.4918
134518,9.6082,0.003471,288.13, 423.4923
134519,9.6118,0.003490,286.57, 423.4917
134520,9.6155,0.003632,275.32, 423.4917
134521,9.6189,0.003456,289.32, 423.4917
134522,9.6223,0.003515,284.51, 423.4918
134523,9.6257,0.003416,292.72, 423.4917
134524,9.6294,0.003516,284.42, 423.4918
134525,9.6328,0.003465,288.64, 423.4917
134526,9.6362,0.003425,292.00, 423.4918
134527,9.6396,0.003517,284.37, 423.4917
134528,9.6431,0.003364,297.23, 423.5016
134529,9.6465,0.003498,285.86, 423.4918
134530,9.6499,0.003420,292.41, 423.4917
134531,9.6536,0.003559,281.01, 423.4924
134532,9.6570,0.003472,287.99, 423.4917
134533,9.6604,0.003476,287.70, 423.4918
134534,9.6638,0.003401,294.00, 423.4917
134535,9.6672,0.003408,293.45, 423.4941
134536,9.6709,0.003501,285.63, 423.4917
134537,9.6743,0.003467,288.44, 423.4923
134538,9.6777,0.003581,279.29, 423.4918
134539,9.6814,0.003474,287.89, 423.4917
134540,9.6848,0.003453,289.58, 423.4918
134541,9.6882,0.003424,292.06, 423.5065
134542,9.6917,0.003478,287.53, 423.4917
134543,9.6953,0.003542,282.32, 423.4918
134544,9.6987,0.003412,293.10, 423.4923
134545,9.7021,0.003436,291.07, 423.4918
134546,9.7056,0.003441,290.60, 423.4917
134547,9.7092,0.003727,268.35, 423.4923
134548,9.7126,0.003519,284.15, 423.4917
134549,9.7163,0.003468,288.37, 423.5215
134550,9.7202,0.003901,256.36, 423.4919
134551,9.7236,0.003504,285.38, 423.4923
134552,9.7271,0.003448,290.04, 423.4917
134553,9.7307,0.003593,278.31, 423.4923
134554,9.7341,0.003490,286.53, 423.4923
134555,9.7375,0.003484,287.02, 423.4921
134556,9.7410,0.003443,290.42, 423.4917
134557,9.7446,0.003531,283.25, 423.4917
134558,9.7480,0.003528,283.49, 423.4923
134559,9.7517,0.003485,286.98, 423.4918
134560,9.7551,0.003436,291.06, 423.4923
134561,9.7585,0.003443,290.44, 423.4917
134562,9.7622,0.003604,277.48, 423.4923
134563,9.7656,0.003488,286.73, 423.4923
134564,9.7693,0.003651,273.87, 423.4918
134565,9.7727,0.003467,288.40, 423.5206
134566,9.7761,0.003388,295.12, 423.4924
134567,9.7795,0.003426,291.93, 423.4918
134568,9.7830,0.003417,292.64, 423.4920
134569,9.7864,0.003419,292.51, 423.4918
134570,9.7898,0.003397,294.41, 423.4917
134571,9.7932,0.003479,287.44, 423.4921
134572,9.7969,0.003685,271.36, 423.4920
134573,9.8003,0.003416,292.78, 423.4917
134574,9.8042,0.003795,263.48, 423.4920
134575,9.8076,0.003425,291.95, 423.4923
134576,9.8110,0.003501,285.66, 423.5002
134577,9.8145,0.003406,293.63, 423.4981
134578,9.8179,0.003442,290.50, 423.4941
134579,9.8213,0.003485,286.94, 423.4917
134580,9.8250,0.003481,287.24, 423.4917
134581,9.8284,0.003569,280.23, 423.4924
134582,9.8318,0.003455,289.47, 423.4923
134583,9.8354,0.003649,274.08, 423.4917
134584,9.8391,0.003587,278.82, 423.4917
134585,9.8425,0.003409,293.38, 423.4924
134586,9.8459,0.003405,293.70, 423.4917
134587,9.8494,0.003426,291.86, 423.4924
134588,9.8528,0.003394,294.60, 423.4918
134589,9.8562,0.003329,300.35, 423.4924
134590,9.8594,0.003392,294.79, 423.4924
134591,9.8630,0.003441,290.65, 423.4917
134592,9.8667,0.003674,272.21, 423.4918
134593,9.8701,0.003451,289.74, 423.4923
134594,9.8735,0.003461,288.98, 423.4917
134595,9.8772,0.003635,275.10, 423.4917
134596,9.8811,0.003978,251.40, 423.4918
134597,9.8848,0.003667,272.73, 423.4917
134598,9.8882,0.003470,288.18, 423.4947
134599,9.8916,0.003388,295.18, 423.4918
134600,9.8953,0.003544,282.21, 423.4917
134601,9.8987,0.003568,280.28, 423.4923
134602,9.9023,0.003563,280.67, 423.4918
134603,9.9058,0.003370,296.74, 423.5012
134604,9.9092,0.003573,279.88, 423.4918
134605,9.9126,0.003420,292.37, 423.4923
134606,9.9160,0.003376,296.22, 423.4918
134607,9.9194,0.003411,293.19, 423.4918
134608,9.9229,0.003334,299.95, 423.4923
134609,9.9263,0.003466,288.56, 423.4918
134610,9.9299,0.003584,279.03, 423.4917
134611,9.9334,0.003462,288.87, 423.4924
134612,9.9368,0.003398,294.30, 423.4961
134613,9.9402,0.003474,287.89, 423.4918
134614,9.9436,0.003456,289.36, 423.4917
134615,9.9470,0.003420,292.40, 423.4917
134616,9.9507,0.003560,280.91, 423.4917
134617,9.9546,0.003999,250.09, 423.4917
134618,9.9585,0.003811,262.38, 423.4918
134619,9.9624,0.003969,251.94, 423.4919
134620,9.9661,0.003707,269.77, 423.4918
134621,9.9700,0.003828,261.23, 423.4918
134622,9.9739,0.003900,256.43, 423.4918
134623,9.9775,0.003720,268.84, 423.5002
134624,9.9814,0.003941,253.76, 423.4919
134625,9.9854,0.003866,258.67, 423.4917
134626,9.9893,0.003807,262.65, 423.4920
134627,9.9934,0.004191,238.62, 423.4917
134628,9.9976,0.004119,242.77, 423.4917
