TotalFrame,Time,DeltaTime,FPS,RAM
171896,0.0000,0.013798,72.47, 429.4321
171897,0.0000,0.013798,72.47, 433.9591
171898,0.0200,0.020000,50.00, 430.3514
171899,0.0249,0.004706,212.51, 432.6765
171900,0.0327,0.007980,125.32, 429.4846
171901,0.0369,0.004133,241.98, 429.4845
171902,0.0410,0.004163,240.22, 429.4844
171903,0.0452,0.004030,248.15, 429.4844
171904,0.0493,0.004111,243.24, 429.4844
171905,0.0535,0.004172,239.67, 429.4844
171906,0.0579,0.004563,219.15, 429.4844
171907,0.0620,0.004113,243.15, 429.4911
171908,0.0662,0.004024,248.53, 429.4843
171909,0.0701,0.004006,249.60, 429.4801
171910,0.0742,0.004004,249.73, 429.4790
171911,0.0779,0.003871,258.35, 429.4790
171912,0.0820,0.003921,255.04, 429.4799
171913,0.0857,0.003877,257.93, 429.4790
171914,0.0896,0.003831,261.01, 429.4798
171915,0.0935,0.003916,255.34, 429.4798
171916,0.0979,0.004306,232.26, 429.4689
171917,0.1018,0.003849,259.79, 429.4799
171918,0.1057,0.003928,254.56, 429.4790
171919,0.1096,0.003949,253.22, 429.4790
171920,0.1133,0.003818,261.92, 429.4790
171921,0.1174,0.003999,250.09, 429.4790
171922,0.1213,0.003885,257.39, 429.4866
171923,0.1255,0.004134,241.90, 429.4799
171924,0.1294,0.003877,257.94, 429.4799
171925,0.1333,0.003903,256.19, 429.4790
171926,0.1370,0.003855,259.40, 429.4790
171927,0.1409,0.003937,254.01, 429.4799
171928,0.1448,0.003878,257.89, 429.4790
171929,0.1487,0.003903,256.23, 429.4799
171930,0.1526,0.003895,256.77, 429.4798
171931,0.1565,0.003838,260.53, 429.4790
171932,0.1604,0.003965,252.21, 429.4790
171933,0.1643,0.003892,256.97, 429.4818
171934,0.1682,0.003844,260.13, 429.4801
171935,0.1721,0.003865,258.76, 429.4790
171936,0.1760,0.003951,253.11, 429.4799
171937,0.1799,0.003860,259.07, 429.4809
171938,0.1838,0.003897,256.59, 429.4790
171939,0.1877,0.003867,258.60, 429.4790
171940,0.1917,0.003900,256.44, 429.4790
171941,0.1953,0.003880,257.75, 429.4799
171942,0.1992,0.003901,256.32, 429.4790
171943,0.2031,0.003881,257.65, 429.4846
171944,0.2070,0.003941,253.72, 429.4832
171945,0.2109,0.003895,256.77, 429.4791
171946,0.2148,0.003920,255.10, 429.4790
171947,0.2190,0.003930,254.47, 429.4799
171948,0.2227,0.003814,262.16, 429.4799
171949,0.2266,0.003873,258.20, 429.4790
171950,0.2305,0.003940,253.81, 429.4790
171951,0.2344,0.003837,260.65, 429.4790
171952,0.2383,0.003885,257.42, 429.4790
171953,0.2422,0.003858,259.17, 429.4790
171954,0.2461,0.003920,255.08, 429.4790
171955,0.2498,0.003870,258.41, 429.4790
171956,0.2537,0.003809,262.51, 429.4799
171957,0.2578,0.004087,244.69, 429.4790
171958,0.2617,0.003931,254.39, 429.4790
171959,0.2656,0.003810,262.45, 429.4798
171960,0.2693,0.003871,258.30, 429.4798
171961,0.2732,0.003926,254.74, 429.4790
171962,0.2771,0.003864,258.83, 429.4790
171963,0.2810,0.003916,255.37, 429.4790
171964,0.2849,0.003881,257.69, 429.4790
171965,0.2888,0.003947,253.38, 429.4799
171966,0.2930,0.003964,252.27, 429.4790
171967,0.2966,0.003846,260.01, 429.4790
171968,0.3005,0.003883,257.53, 429.4791
171969,0.3044,0.003931,254.39, 429.4790
171970,0.3083,0.003804,262.87, 429.4799
171971,0.3123,0.003969,251.96, 429.4790
171972,0.3162,0.003914,255.51, 429.4799
171973,0.3201,0.003833,260.87, 429.4790
171974,0.3240,0.003913,255.54, 429.4790
171975,0.3279,0.003882,257.61, 429.4799
171976,0.3318,0.003938,253.91, 429.4790
171977,0.3357,0.003944,253.52, 429.4790
171978,0.3396,0.003915,255.45, 429.4790
171979,0.3435,0.003879,257.83, 429.4790
171980,0.3474,0.003922,254.99, 429.4790
171981,0.3513,0.003920,255.09, 429.4790
171982,0.3552,0.003914,255.52, 429.4790
171983,0.3591,0.003849,259.81, 429.4799
171984,0.3630,0.003827,261.27, 429.4790
171985,0.3669,0.003882,257.63, 429.4790
171986,0.3708,0.003890,257.10, 429.4799
171987,0.3745,0.003827,261.32, 429.4790
171988,0.3784,0.003926,254.71, 429.4790
171989,0.3823,0.003927,254.63, 429.4790
171990,0.3862,0.003855,259.39, 429.4790
171991,0.3901,0.003899,256.47, 429.4790
171992,0.3940,0.003896,256.67, 429.4790
171993,0.3979,0.003895,256.76, 429.4845
171994,0.4019,0.003958,252.64, 429.4790
171995,0.4058,0.003863,258.85, 429.4790
171996,0.4097,0.003959,252.58, 429.4799
171997,0.4136,0.003895,256.77, 429.4790
171998,0.4175,0.003859,259.11, 429.4790
171999,0.4214,0.003871,258.32, 429.4790
172000,0.4253,0.003933,254.29, 429.4806
172001,0.4292,0.003871,258.36, 429.4790
172002,0.4331,0.003902,256.27, 429.4790
172003,0.4370,0.003914,255.50, 429.4799
172004,0.4409,0.003858,259.24, 429.4790
172005,0.4448,0.003917,255.32, 429.4822
172006,0.4492,0.004373,228.67, 429.4669
172007,0.4529,0.003828,261.25, 429.4810
172008,0.4573,0.004351,229.85, 429.4792
172009,0.4612,0.003947,253.36, 429.4790
172010,0.4651,0.003913,255.58, 429.4790
172011,0.4692,0.003951,253.11, 429.4790
172012,0.4731,0.003971,251.80, 429.4790
172013,0.4771,0.003949,253.24, 429.4790
172014,0.4810,0.003926,254.74, 429.4790
172015,0.4849,0.003819,261.83, 429.4790
172016,0.4888,0.004088,244.62, 429.4769
172017,0.4927,0.003915,255.41, 429.4790
172018,0.4966,0.003829,261.16, 429.4799
172019,0.5005,0.003877,257.90, 429.4844
172020,0.5046,0.004036,247.79, 429.4809
172021,0.5083,0.003878,257.87, 429.4799
172022,0.5125,0.004118,242.83, 429.4790
172023,0.5164,0.003920,255.10, 429.4799
172024,0.5203,0.003884,257.49, 429.4799
172025,0.5242,0.003854,259.46, 429.4790
172026,0.5281,0.003929,254.52, 429.4790
172027,0.5320,0.003866,258.64, 429.4790
172028,0.5359,0.003876,257.98, 429.4790
172029,0.5398,0.003883,257.53, 429.4801
172030,0.5437,0.003914,255.53, 429.4790
172031,0.5476,0.003861,259.03, 429.4790
172032,0.5515,0.003886,257.33, 429.4790
172033,0.5554,0.003911,255.68, 429.4790
172034,0.5593,0.003941,253.76, 429.4799
172035,0.5630,0.003803,262.94, 429.4790
172036,0.5669,0.003871,258.32, 429.4790
172037,0.5710,0.004014,249.12, 429.4863
172038,0.5750,0.004103,243.71, 429.4790
172039,0.5789,0.003863,258.85, 429.4790
172040,0.5828,0.003846,259.99, 429.4799
172041,0.5867,0.003828,261.22, 429.4799
172042,0.5906,0.003876,258.02, 429.4790
172043,0.5942,0.003804,262.90, 429.4866
172044,0.5984,0.004219,237.04, 429.4799
172045,0.6023,0.003828,261.23, 429.4790
172046,0.6062,0.003807,262.70, 429.4799
172047,0.6099,0.003858,259.17, 429.4798
172048,0.6140,0.003922,254.95, 429.4809
172049,0.6177,0.003877,257.96, 429.4790
172050,0.6216,0.003891,256.98, 429.4790
172051,0.6255,0.003874,258.14, 429.4799
172052,0.6294,0.003848,259.86, 429.4799
172053,0.6333,0.003968,252.00, 429.4799
172054,0.6372,0.003816,262.09, 429.4799
172055,0.6411,0.003845,260.10, 429.4791
172056,0.6448,0.003881,257.67, 429.4799
172057,0.6487,0.003791,263.76, 429.4790
172058,0.6526,0.003897,256.62, 429.4790
172059,0.6565,0.003871,258.33, 429.4791
172060,0.6602,0.003799,263.23, 429.4799
172061,0.6641,0.003855,259.38, 429.4791
172062,0.6680,0.003887,257.27, 429.4790
172063,0.6719,0.003854,259.48, 429.4790
172064,0.6758,0.003925,254.75, 429.4790
172065,0.6797,0.003916,255.37, 429.4801
172066,0.6836,0.003857,259.26, 429.4790
172067,0.6875,0.003899,256.50, 429.4790
172068,0.6912,0.003823,261.61, 429.4791
172069,0.6951,0.003856,259.36, 429.4799
172070,0.6990,0.003907,255.95, 429.4790
172071,0.7029,0.003802,263.04, 429.4790
172072,0.7068,0.003846,259.98, 429.4790
172073,0.7104,0.003872,258.25, 429.4790
172074,0.7144,0.003870,258.40, 429.4799
172075,0.7183,0.003839,260.48, 429.4799
172076,0.7222,0.003820,261.77, 429.4790
172077,0.7261,0.003952,253.06, 429.4801
172078,0.7300,0.003840,260.44, 429.4791
172079,0.7336,0.003790,263.85, 429.4791
172080,0.7375,0.003918,255.21, 429.4790
172081,0.7415,0.003937,254.02, 429.4799
172082,0.7454,0.003820,261.78, 429.4790
172083,0.7493,0.003844,260.13, 429.4790
172084,0.7532,0.003904,256.14, 429.4790
172085,0.7568,0.003819,261.88, 429.4801
172086,0.7607,0.003878,257.86, 429.4790
172087,0.7646,0.003798,263.30, 429.4791
172088,0.7686,0.003908,255.91, 429.4790
172089,0.7725,0.003994,250.38, 429.4790
172090,0.7764,0.003780,264.56, 429.4791
172091,0.7803,0.003901,256.38, 429.4790
172092,0.7839,0.003874,258.14, 429.4850
172093,0.7883,0.004350,229.90, 429.4799
172094,0.7925,0.004086,244.72, 429.4790
172095,0.7964,0.003887,257.25, 429.4790
172096,0.8003,0.003840,260.39, 429.4799
172097,0.8040,0.003851,259.71, 429.4791
172098,0.8079,0.003843,260.22, 429.4800
172099,0.8118,0.003832,260.95, 429.4799
172100,0.8157,0.003891,257.04, 429.4790
172101,0.8196,0.003953,252.96, 429.4866
172102,0.8240,0.004368,228.92, 429.4790
172103,0.8284,0.004320,231.51, 429.4800
172104,0.8325,0.004342,230.29, 429.4853
172105,0.8369,0.004259,234.81, 429.4790
172106,0.8408,0.004058,246.40, 429.4793
172107,0.8447,0.003905,256.11, 429.4850
172108,0.8489,0.004048,247.04, 429.4799
172109,0.8528,0.003894,256.84, 429.4790
172110,0.8567,0.003898,256.57, 429.4801
172111,0.8606,0.003845,260.07, 429.4790
172112,0.8645,0.003920,255.13, 429.4790
172113,0.8684,0.003885,257.43, 429.4790
172114,0.8721,0.003840,260.40, 429.4790
172115,0.8762,0.003954,252.90, 429.4790
172116,0.8799,0.003765,265.60, 429.4799
172117,0.8838,0.003868,258.52, 429.4790
172118,0.8877,0.003845,260.08, 429.4790
172119,0.8914,0.003800,263.19, 429.4829
172120,0.8955,0.004082,244.97, 429.4790
172121,0.8994,0.003948,253.30, 429.4799
172122,0.9033,0.003847,259.92, 429.4790
172123,0.9072,0.003906,256.03, 429.4790
172124,0.9111,0.003888,257.19, 429.4790
172125,0.9150,0.003965,252.20, 429.4799
172126,0.9189,0.003951,253.08, 429.4790
172127,0.9229,0.003844,260.16, 429.4790
172128,0.9268,0.003963,252.33, 429.4790
172129,0.9307,0.003972,251.76, 429.4844
172130,0.9351,0.004214,237.30, 429.4790
172131,0.9390,0.003968,252.00, 429.4799
172132,0.9429,0.004060,246.31, 429.4790
172133,0.9468,0.003909,255.79, 429.4799
172134,0.9509,0.003968,252.03, 429.4790
172135,0.9548,0.003880,257.73, 429.4801
172136,0.9585,0.003819,261.87, 429.4790
172137,0.9626,0.003981,251.17, 429.4790
172138,0.9666,0.003917,255.31, 429.4790
172139,0.9705,0.003900,256.40, 429.4790
172140,0.9744,0.003956,252.79, 429.4790
172141,0.9783,0.003921,255.06, 429.4832
172142,0.9822,0.003981,251.18, 429.4790
172143,0.9861,0.003891,257.02, 429.4790
172144,0.9900,0.003918,255.22, 429.4799
172145,0.9939,0.003900,256.43, 429.4799
172146,0.9978,0.003930,254.44, 429.4790
172147,1.0017,0.003887,257.25, 429.4790
172148,1.0056,0.003895,256.77, 429.4790
172149,1.0095,0.003993,250.43, 429.4832
172150,1.0137,0.003999,250.04, 429.4799
172151,1.0176,0.003901,256.33, 429.4801
172152,1.0215,0.003987,250.79, 429.4799
172153,1.0254,0.003873,258.19, 429.4790
172154,1.0293,0.003968,252.00, 429.4799
172155,1.0332,0.003859,259.15, 429.4839
172156,1.0371,0.003929,254.49, 429.4790
172157,1.0410,0.003960,252.56, 429.4799
172158,1.0452,0.004037,247.71, 429.4835
172159,1.0491,0.003907,255.96, 429.4790
172160,1.0530,0.003925,254.81, 429.4790
172161,1.0574,0.004383,228.18, 429.4838
172162,1.0615,0.004154,240.71, 429.4790
172163,1.0654,0.003993,250.44, 429.4799
172164,1.0701,0.004562,219.19, 429.4790
172165,1.0742,0.004259,234.79, 429.4799
172166,1.0786,0.004216,237.17, 429.4790
172167,1.0825,0.003978,251.37, 429.4799
172168,1.0864,0.003886,257.35, 429.4832
172169,1.0906,0.004084,244.85, 429.4794
172170,1.0945,0.003954,252.91, 429.4790
172171,1.0984,0.003847,259.96, 429.4790
172172,1.1023,0.003905,256.10, 429.4790
172173,1.1062,0.003939,253.90, 429.4799
172174,1.1099,0.003827,261.31, 429.4799
172175,1.1138,0.003909,255.85, 429.4799
172176,1.1179,0.003935,254.12, 429.4866
172177,1.1218,0.004058,246.40, 429.4799
172178,1.1257,0.003874,258.16, 429.4799
172179,1.1296,0.003935,254.12, 429.4790
172180,1.1335,0.003920,255.10, 429.4798
172181,1.1375,0.003840,260.44, 429.4790
172182,1.1414,0.003880,257.75, 429.4790
172183,1.1453,0.003907,255.98, 429.4790
172184,1.1492,0.003897,256.61, 429.4790
172185,1.1528,0.003821,261.69, 429.4832
172186,1.1570,0.004125,242.41, 429.4790
172187,1.1611,0.003974,251.62, 429.4799
172188,1.1650,0.003938,253.93, 429.4790
172189,1.1689,0.003868,258.55, 429.4791
172190,1.1729,0.003966,252.14, 429.4790
172191,1.1768,0.003838,260.57, 429.4799
172192,1.1807,0.003905,256.11, 429.4798
172193,1.1846,0.003915,255.41, 429.4790
172194,1.1882,0.003855,259.44, 429.4790
172195,1.1921,0.003896,256.65, 429.4790
172196,1.1960,0.003796,263.43, 429.4826
172197,1.2000,0.003978,251.38, 429.4799
172198,1.2039,0.003873,258.22, 429.4790
172199,1.2075,0.003766,265.57, 429.4799
172200,1.2117,0.003939,253.89, 429.4799
172201,1.2156,0.003910,255.74, 429.4799
172202,1.2192,0.003847,259.92, 429.4798
172203,1.2231,0.003929,254.50, 429.4801
172204,1.2271,0.003899,256.49, 429.4790
172205,1.2310,0.003862,258.94, 429.4790
172206,1.2349,0.003954,252.89, 429.4790
172207,1.2388,0.003800,263.16, 429.4852
172208,1.2429,0.004028,248.27, 429.4790
172209,1.2468,0.003908,255.89, 429.4790
172210,1.2505,0.003810,262.46, 429.4799
172211,1.2544,0.003940,253.83, 429.4799
172212,1.2583,0.003921,255.06, 429.4790
172213,1.2622,0.003824,261.48, 429.4799
172214,1.2661,0.003876,257.98, 429.4790
172215,1.2700,0.003925,254.80, 429.4790
172216,1.2739,0.003871,258.32, 429.4841
172217,1.2778,0.003941,253.74, 429.4790
172218,1.2817,0.003894,256.79, 429.4836
172219,1.2856,0.003981,251.18, 429.4790
172220,1.2898,0.003996,250.23, 429.4790
172221,1.2937,0.003892,256.95, 429.4799
172222,1.2976,0.003908,255.90, 429.4798
172223,1.3013,0.003878,257.84, 429.4790
172224,1.3052,0.003856,259.32, 429.4790
172225,1.3091,0.003969,251.97, 429.4790
172226,1.3130,0.003865,258.75, 429.4799
172227,1.3169,0.003808,262.63, 429.4790
172228,1.3208,0.003873,258.23, 429.4790
172229,1.3247,0.003979,251.32, 429.4790
172230,1.3286,0.003844,260.13, 429.4790
172231,1.3325,0.003879,257.82, 429.4790
172232,1.3364,0.004078,245.24, 429.4790
172233,1.3403,0.003857,259.26, 429.4790
172234,1.3442,0.003901,256.36, 429.4790
172235,1.3481,0.003875,258.06, 429.4790
172236,1.3521,0.003929,254.50, 429.4790
172237,1.3560,0.003871,258.31, 429.4790
172238,1.3599,0.003838,260.56, 429.4790
172239,1.3638,0.003890,257.10, 429.4815
172240,1.3677,0.003993,250.44, 429.4799
172241,1.3716,0.003850,259.73, 429.4790
172242,1.3755,0.003940,253.83, 429.4790
172243,1.3794,0.003956,252.76, 429.4799
172244,1.3833,0.003764,265.65, 429.4799
172245,1.3872,0.003926,254.69, 429.4799
172246,1.3909,0.003828,261.23, 429.4790
172247,1.3948,0.003886,257.31, 429.4790
172248,1.3987,0.003927,254.64, 429.4790
172249,1.4026,0.003775,264.91, 429.4790
172250,1.4065,0.003897,256.63, 429.4798
172251,1.4104,0.003887,257.25, 429.4790
172252,1.4141,0.003858,259.23, 429.4790
172253,1.4180,0.003881,257.69, 429.4799
172254,1.4219,0.003922,254.99, 429.4799
172255,1.4258,0.003804,262.88, 429.4790
172256,1.4297,0.003937,254.03, 429.4790
172257,1.4338,0.004131,242.07, 429.4570
172258,1.4377,0.003929,254.51, 429.4812
172259,1.4417,0.003969,251.95, 429.4854
172260,1.4458,0.004071,245.62, 429.4790
172261,1.4497,0.003845,260.05, 429.4799
172262,1.4536,0.003949,253.25, 429.4790
172263,1.4573,0.003779,264.63, 429.4866
172264,1.4617,0.004370,228.86, 429.4799
172265,1.4656,0.003890,257.08, 429.4790
172266,1.4695,0.003864,258.81, 429.4790
172267,1.4734,0.003903,256.21, 429.4810
172268,1.4773,0.003911,255.72, 429.4791
172269,1.4812,0.003877,257.96, 429.4799
172270,1.4851,0.003836,260.66, 429.4799
172271,1.4890,0.003955,252.83, 429.4799
172272,1.4929,0.003869,258.48, 429.4803
172273,1.4968,0.003864,258.81, 429.4790
172274,1.5007,0.003923,254.91, 429.4799
172275,1.5044,0.003868,258.51, 429.4799
172276,1.5083,0.003870,258.40, 429.4790
172277,1.5125,0.003992,250.48, 429.4790
172278,1.5164,0.003911,255.72, 429.4790
172279,1.5203,0.003920,255.13, 429.4798
172280,1.5239,0.003803,262.95, 429.4790
172281,1.5281,0.004003,249.83, 429.4789
172282,1.5322,0.004302,232.48, 429.4754
172283,1.5364,0.003945,253.51, 429.4790
172284,1.5403,0.003918,255.21, 429.4799
172285,1.5439,0.003843,260.24, 429.4865
172286,1.5481,0.004034,247.91, 429.4818
172287,1.5520,0.003993,250.46, 429.4799
172288,1.5559,0.003899,256.50, 429.4803
172289,1.5598,0.003814,262.21, 429.4799
172290,1.5637,0.003909,255.81, 429.4790
172291,1.5676,0.003954,252.93, 429.4801
172292,1.5715,0.003818,261.90, 429.4790
172293,1.5754,0.003954,252.93, 429.4790
172294,1.5793,0.003907,255.95, 429.4790
172295,1.5833,0.003872,258.26, 429.4799
172296,1.5872,0.003892,256.95, 429.4790
172297,1.5908,0.003860,259.05, 429.4790
172298,1.5947,0.003911,255.70, 429.4832
172299,1.5986,0.003895,256.74, 429.4790
172300,1.6025,0.003796,263.43, 429.4799
172301,1.6064,0.003873,258.18, 429.4799
172302,1.6104,0.003974,251.64, 429.4791
172303,1.6143,0.003871,258.35, 429.4801
172304,1.6182,0.004018,248.89, 429.4790
172305,1.6223,0.003979,251.34, 429.4790
172306,1.6260,0.003820,261.78, 429.4790
172307,1.6301,0.003970,251.87, 429.4790
172308,1.6345,0.004536,220.47, 429.4507
172309,1.6384,0.003782,264.45, 429.4799
172310,1.6423,0.003924,254.86, 429.4790
172311,1.6460,0.003831,261.06, 429.4791
172312,1.6499,0.003876,257.97, 429.4799
172313,1.6538,0.003878,257.88, 429.4790
172314,1.6577,0.003785,264.22, 429.4790
172315,1.6616,0.003883,257.51, 429.4799
172316,1.6653,0.003862,258.93, 429.4799
172317,1.6697,0.004269,234.26, 429.4779
172318,1.6736,0.004045,247.21, 429.4790
172319,1.6775,0.003886,257.33, 429.4799
172320,1.6814,0.003932,254.36, 429.4790
172321,1.6853,0.003905,256.08, 429.4790
172322,1.6892,0.003854,259.48, 429.4860
172323,1.6934,0.004155,240.70, 429.4790
172324,1.6973,0.003857,259.27, 429.4790
172325,1.7017,0.004314,231.79, 429.4774
172326,1.7053,0.003842,260.31, 429.4790
172327,1.7092,0.003897,256.58, 429.4799
172328,1.7131,0.003854,259.50, 429.4799
172329,1.7170,0.003845,260.11, 429.4790
172330,1.7209,0.003841,260.34, 429.4799
172331,1.7246,0.003823,261.58, 429.4790
172332,1.7285,0.003913,255.56, 429.4790
172333,1.7324,0.003861,258.99, 429.4790
172334,1.7363,0.003797,263.37, 429.4790
172335,1.7402,0.004003,249.83, 429.4790
172336,1.7444,0.003990,250.62, 429.4807
172337,1.7480,0.003791,263.80, 429.4790
172338,1.7520,0.003877,257.94, 429.4790
172339,1.7559,0.003914,255.52, 429.4799
172340,1.7598,0.003868,258.54, 429.4790
172341,1.7637,0.003878,257.85, 429.4790
172342,1.7673,0.003799,263.23, 429.4790
172343,1.7712,0.003877,257.92, 429.4790
172344,1.7751,0.003939,253.90, 429.4800
172345,1.7791,0.003815,262.14, 429.4790
172346,1.7830,0.003852,259.63, 429.4790
172347,1.7869,0.003879,257.79, 429.4790
172348,1.7905,0.003822,261.62, 429.4790
172349,1.7944,0.003906,256.03, 429.4790
172350,1.7983,0.003956,252.79, 429.4790
172351,1.8022,0.003900,256.43, 429.4790
172352,1.8064,0.004175,239.50, 429.4790
172353,1.8103,0.003907,255.92, 429.4790
172354,1.8142,0.003833,260.88, 429.4799
172355,1.8181,0.003891,257.02, 429.4799
172356,1.8220,0.003801,263.12, 429.4790
172357,1.8257,0.003860,259.09, 429.4790
172358,1.8296,0.003897,256.61, 429.4790
172359,1.8337,0.003981,251.19, 429.4790
172360,1.8376,0.003925,254.76, 429.4798
172361,1.8416,0.003879,257.80, 429.4799
172362,1.8455,0.003937,253.99, 429.4790
172363,1.8494,0.003900,256.42, 429.4790
172364,1.8533,0.003841,260.36, 429.4803
172365,1.8569,0.003829,261.19, 429.4790
172366,1.8608,0.003873,258.23, 429.4845
172367,1.8650,0.004048,247.06, 429.4790
172368,1.8689,0.003912,255.63, 429.4799
172369,1.8728,0.003910,255.76, 429.4790
172370,1.8765,0.003822,261.62, 429.4799
172371,1.8804,0.003931,254.41, 429.4799
172372,1.8843,0.003892,256.96, 429.4790
172373,1.8882,0.003806,262.74, 429.4790
172374,1.8921,0.003936,254.05, 429.4799
172375,1.8960,0.003949,253.22, 429.4799
172376,1.8999,0.003824,261.48, 429.4790
172377,1.9038,0.003889,257.12, 429.4790
172378,1.9077,0.003843,260.21, 429.4798
172379,1.9119,0.004355,229.64, 429.4776
172380,1.9160,0.003959,252.59, 429.4790
172381,1.9197,0.003857,259.27, 429.4790
172382,1.9236,0.003872,258.24, 429.4799
172383,1.9275,0.003919,255.17, 429.4801
172384,1.9314,0.003891,256.98, 429.4790
172385,1.9358,0.004334,230.76, 429.4684
172386,1.9397,0.003933,254.25, 429.4790
172387,1.9436,0.003874,258.12, 429.4790
172388,1.9475,0.003918,255.23, 429.4790
172389,1.9514,0.003900,256.44, 429.4790
172390,1.9553,0.003844,260.13, 429.4790
172391,1.9592,0.003882,257.63, 429.4790
172392,1.9631,0.003913,255.57, 429.4799
172393,1.9668,0.003810,262.44, 429.4790
172394,1.9707,0.003888,257.21, 429.4791
172395,1.9751,0.004240,235.88, 429.4699
172396,1.9788,0.003866,258.69, 429.4801
172397,1.9827,0.003883,257.57, 429.4799
172398,1.9873,0.004424,226.03, 429.4724
172399,1.9910,0.003850,259.77, 429.4790
172400,1.9949,0.003911,255.70, 429.4790
172401,1.9990,0.003962,252.40, 429.4790
172402,2.0027,0.003806,262.75, 429.4790
172403,2.0066,0.003921,255.07, 429.4799
172404,2.0105,0.003874,258.15, 429.4790
172405,2.0144,0.003910,255.75, 429.4790
172406,2.0183,0.003874,258.16, 429.4790
172407,2.0222,0.003840,260.39, 429.4790
172408,2.0261,0.003932,254.30, 429.4801
172409,2.0300,0.003870,258.38, 429.4799
172410,2.0337,0.003795,263.54, 429.4799
172411,2.0376,0.003852,259.60, 429.4799
172412,2.0415,0.003919,255.19, 429.4790
172413,2.0454,0.003889,257.14, 429.4798
172414,2.0493,0.003924,254.86, 429.4790
172415,2.0532,0.003858,259.24, 429.4790
172416,2.0571,0.003886,257.31, 429.4790
172417,2.0610,0.003910,255.79, 429.4790
172418,2.0647,0.003826,261.34, 429.4799
172419,2.0691,0.004199,238.17, 429.4790
172420,2.0730,0.004028,248.24, 429.4790
172421,2.0774,0.004427,225.88, 429.4650
172422,2.0815,0.004212,237.45, 429.4790
172423,2.0859,0.004190,238.66, 429.4790
172424,2.0901,0.004327,231.11, 429.4799
172425,2.0942,0.004009,249.45, 429.4790
172426,2.0981,0.003937,254.03, 429.4790
172427,2.1021,0.003958,252.64, 429.4790
172428,2.1060,0.003908,255.89, 429.4790
172429,2.1099,0.003886,257.33, 429.4799
172430,2.1138,0.003859,259.16, 429.4790
172431,2.1177,0.003893,256.90, 429.4790
172432,2.1216,0.003890,257.07, 429.4799
172433,2.1252,0.003810,262.44, 429.4790
172434,2.1292,0.003933,254.25, 429.4790
172435,2.1333,0.003946,253.42, 429.4799
172436,2.1370,0.003796,263.45, 429.4790
172437,2.1409,0.003947,253.38, 429.4790
172438,2.1448,0.003947,253.33, 429.4790
172439,2.1487,0.003876,257.98, 429.4799
172440,2.1528,0.003946,253.43, 429.4798
172441,2.1565,0.003844,260.14, 429.4790
172442,2.1604,0.003951,253.09, 429.4810
172443,2.1643,0.003913,255.58, 429.4790
172444,2.1682,0.003819,261.83, 429.4799
172445,2.1721,0.003889,257.13, 429.4799
172446,2.1760,0.003964,252.29, 429.4790
172447,2.1799,0.003874,258.16, 429.4790
172448,2.1838,0.003888,257.23, 429.4799
172449,2.1877,0.003833,260.87, 429.4835
172450,2.1917,0.003931,254.38, 429.4790
172451,2.1956,0.003960,252.52, 429.4790
172452,2.1995,0.003893,256.86, 429.4790
172453,2.2034,0.003897,256.59, 429.4791
172454,2.2073,0.003883,257.55, 429.4801
172455,2.2112,0.003876,257.98, 429.4790
172456,2.2151,0.003933,254.25, 429.4799
172457,2.2190,0.003857,259.24, 429.4790
172458,2.2227,0.003836,260.70, 429.4790
172459,2.2266,0.003915,255.45, 429.4790
172460,2.2305,0.003822,261.65, 429.4816
172461,2.2344,0.003986,250.90, 429.4790
172462,2.2383,0.003876,257.98, 429.4799
172463,2.2422,0.003922,254.96, 429.4799
172464,2.2461,0.003853,259.53, 429.4799
172465,2.2500,0.003892,256.96, 429.4790
172466,2.2539,0.003948,253.29, 429.4790
172467,2.2578,0.003839,260.52, 429.4799
172468,2.2617,0.003898,256.55, 429.4790
172469,2.2656,0.003810,262.49, 429.4799
172470,2.2695,0.004020,248.74, 429.4790
172471,2.2734,0.003869,258.50, 429.4790
172472,2.2771,0.003797,263.34, 429.4790
172473,2.2810,0.003861,259.01, 429.4800
172474,2.2849,0.003947,253.36, 429.4790
172475,2.2888,0.003836,260.67, 429.4799
172476,2.2927,0.003981,251.18, 429.4790
172477,2.2966,0.003833,260.92, 429.4829
172478,2.3005,0.003982,251.16, 429.4799
172479,2.3044,0.003923,254.91, 429.4791
172480,2.3084,0.003866,258.70, 429.4800
172481,2.3123,0.003921,255.02, 429.4790
172482,2.3164,0.003950,253.15, 429.4790
172483,2.3201,0.003830,261.10, 429.4790
172484,2.3240,0.003886,257.31, 429.4790
172485,2.3279,0.003926,254.74, 429.4799
172486,2.3318,0.003839,260.47, 429.4790
172487,2.3357,0.003890,257.08, 429.4790
172488,2.3396,0.004007,249.58, 429.4790
172489,2.3435,0.003795,263.52, 429.4801
172490,2.3474,0.003945,253.49, 429.4790
172491,2.3513,0.003927,254.65, 429.4799
172492,2.3552,0.003880,257.77, 429.4790
172493,2.3591,0.003925,254.75, 429.4790
172494,2.3630,0.003953,253.00, 429.4790
172495,2.3669,0.003894,256.78, 429.4799
172496,2.3709,0.003862,258.97, 429.4790
172497,2.3748,0.003862,258.92, 429.4790
172498,2.3787,0.003878,257.88, 429.4798
172499,2.3826,0.003925,254.81, 429.4798
172500,2.3862,0.003795,263.51, 429.4790
172501,2.3901,0.003855,259.44, 429.4790
172502,2.3940,0.003936,254.05, 429.4799
172503,2.3984,0.004285,233.36, 429.4665
172504,2.4023,0.003923,254.93, 429.4799
172505,2.4063,0.003843,260.19, 429.4799
172506,2.4099,0.003822,261.68, 429.4790
172507,2.4138,0.003887,257.24, 429.4844
172508,2.4177,0.003892,256.94, 429.4795
172509,2.4216,0.003896,256.69, 429.4801
172510,2.4255,0.003825,261.47, 429.4790
172511,2.4294,0.003878,257.88, 429.4798
172512,2.4334,0.003928,254.56, 429.4790
172513,2.4373,0.003858,259.17, 429.4790
172514,2.4409,0.003824,261.53, 429.4790
172515,2.4448,0.003916,255.40, 429.4790
172516,2.4487,0.003850,259.73, 429.4798
172517,2.4526,0.003805,262.81, 429.4799
172518,2.4565,0.003929,254.52, 429.4790
172519,2.4602,0.003819,261.83, 429.4790
172520,2.4641,0.003890,257.10, 429.4790
172521,2.4680,0.003852,259.63, 429.4790
172522,2.4717,0.003770,265.23, 429.4790
172523,2.4758,0.003915,255.45, 429.4799
172524,2.4800,0.004309,232.09, 429.4764
172525,2.4839,0.003821,261.70, 429.4799
172526,2.4878,0.003874,258.12, 429.4790
172527,2.4917,0.003954,252.91, 429.4790
172528,2.4956,0.003858,259.24, 429.4799
172529,2.4995,0.003906,256.05, 429.4790
172530,2.5034,0.003891,257.00, 429.4790
172531,2.5071,0.003850,259.76, 429.4798
172532,2.5112,0.003990,250.61, 429.4836
172533,2.5151,0.004032,248.03, 429.4799
172534,2.5190,0.003860,259.10, 429.4790
172535,2.5229,0.003958,252.67, 429.4799
172536,2.5269,0.003878,257.87, 429.4799
172537,2.5308,0.003897,256.63, 429.4790
172538,2.5347,0.003919,255.18, 429.4790
172539,2.5386,0.003857,259.26, 429.4790
172540,2.5425,0.003903,256.24, 429.4790
172541,2.5464,0.003937,253.98, 429.4790
172542,2.5503,0.003856,259.31, 429.4790
172543,2.5549,0.004619,216.51, 429.4789
172544,2.5596,0.004571,218.76, 429.4774
172545,2.5640,0.004507,221.87, 429.4694
172546,2.5684,0.004316,231.71, 429.4790
172547,2.5728,0.004413,226.61, 429.4790
172548,2.5771,0.004491,222.67, 429.4526
172549,2.5813,0.004119,242.79, 429.4790
172550,2.5857,0.004443,225.06, 429.4790
172551,2.5901,0.004338,230.54, 429.4792
172552,2.5945,0.004381,228.28, 429.4729
172553,2.5989,0.004423,226.12, 429.4650
172554,2.6033,0.004342,230.32, 429.4769
172555,2.6077,0.004336,230.64, 429.4792
172556,2.6118,0.004314,231.81, 429.4779
172557,2.6162,0.004400,227.26, 429.4790
172558,2.6206,0.004448,224.85, 429.4650
172559,2.6248,0.003947,253.36, 429.4799
172560,2.6287,0.003912,255.64, 429.4790
172561,2.6326,0.004045,247.22, 429.4790
172562,2.6367,0.003982,251.16, 429.4799
172563,2.6406,0.003896,256.68, 429.4790
172564,2.6445,0.003910,255.75, 429.4790
172565,2.6482,0.003885,257.43, 429.4790
172566,2.6523,0.003985,250.93, 429.4790
172567,2.6563,0.003861,259.03, 429.4790
172568,2.6599,0.003871,258.36, 429.4790
172569,2.6641,0.003945,253.51, 429.4798
172570,2.6677,0.003847,259.92, 429.4834
172571,2.6716,0.003926,254.73, 429.4861
172572,2.6758,0.004020,248.77, 429.4832
172573,2.6797,0.003941,253.74, 429.4838
172574,2.6836,0.003925,254.76, 429.4790
172575,2.6875,0.003908,255.91, 429.4790
172576,2.6914,0.003945,253.48, 429.4790
172577,2.6953,0.003915,255.43, 429.4790
172578,2.6992,0.003876,257.98, 429.4835
172579,2.7031,0.003974,251.64, 429.4799
172580,2.7070,0.003874,258.15, 429.4791
172581,2.7109,0.003879,257.81, 429.4822
172582,2.7148,0.003906,256.05, 429.4790
172583,2.7188,0.003865,258.74, 429.4807
172584,2.7227,0.003920,255.09, 429.4799
172585,2.7266,0.003850,259.73, 429.4790
172586,2.7305,0.003904,256.12, 429.4799
172587,2.7344,0.003902,256.27, 429.4799
172588,2.7383,0.003844,260.17, 429.4791
172589,2.7422,0.003938,253.94, 429.4790
172590,2.7461,0.003918,255.23, 429.4790
172591,2.7500,0.003918,255.26, 429.4790
172592,2.7539,0.003843,260.21, 429.4799
172593,2.7576,0.003844,260.13, 429.4790
172594,2.7615,0.003933,254.24, 429.4799
172595,2.7659,0.004212,237.41, 429.4694
172596,2.7698,0.004085,244.82, 429.4836
172597,2.7739,0.003954,252.91, 429.4832
172598,2.7778,0.003945,253.50, 429.4790
172599,2.7815,0.003823,261.57, 429.4799
172600,2.7854,0.003890,257.06, 429.4801
172601,2.7893,0.003879,257.83, 429.4799
172602,2.7932,0.003861,259.02, 429.4790
172603,2.7971,0.003906,256.03, 429.4790
172604,2.8010,0.003900,256.40, 429.4790
172605,2.8049,0.003918,255.21, 429.4790
172606,2.8088,0.003897,256.61, 429.4790
172607,2.8127,0.003890,257.08, 429.4790
172608,2.8167,0.003957,252.73, 429.4790
172609,2.8210,0.004389,227.82, 429.4719
172610,2.8254,0.004459,224.29, 429.4866
172611,2.8296,0.004159,240.47, 429.4790
172612,2.8337,0.003990,250.66, 429.4790
172613,2.8376,0.003894,256.79, 429.4798
172614,2.8416,0.003920,255.10, 429.4801
172615,2.8455,0.003957,252.73, 429.4832
172616,2.8496,0.004039,247.61, 429.4790
172617,2.8535,0.003909,255.81, 429.4799
172618,2.8572,0.003888,257.20, 429.4790
172619,2.8611,0.003874,258.12, 429.4790
172620,2.8650,0.003866,258.65, 429.4832
172621,2.8691,0.004056,246.55, 429.4790
172622,2.8730,0.003843,260.23, 429.4799
172623,2.8767,0.003859,259.13, 429.4790
172624,2.8806,0.003934,254.20, 429.4799
172625,2.8845,0.003842,260.26, 429.4790
172626,2.8884,0.003900,256.40, 429.4790
172627,2.8923,0.003971,251.81, 429.4810
172628,2.8962,0.003909,255.80, 429.4799
172629,2.9009,0.004580,218.33, 429.4764
172630,2.9048,0.003871,258.31, 429.4863
172631,2.9087,0.003960,252.51, 429.4799
172632,2.9126,0.003933,254.28, 429.4790
172633,2.9165,0.003886,257.36, 429.4799
172634,2.9204,0.003860,259.08, 429.4799
172635,2.9243,0.003887,257.29, 429.4790
172636,2.9282,0.003830,261.10, 429.4866
172637,2.9324,0.004228,236.54, 429.4799
172638,2.9363,0.003896,256.69, 429.4799
172639,2.9402,0.003798,263.29, 429.4799
172640,2.9438,0.003862,258.94, 429.4790
172641,2.9478,0.003862,258.92, 429.4790
172642,2.9517,0.003801,263.12, 429.4790
172643,2.9556,0.003867,258.58, 429.4790
172644,2.9595,0.003936,254.06, 429.4790
172645,2.9631,0.003837,260.61, 429.4790
172646,2.9670,0.003873,258.22, 429.4790
172647,2.9709,0.003898,256.52, 429.4790
172648,2.9749,0.003864,258.79, 429.4806
172649,2.9788,0.003871,258.32, 429.4799
172650,2.9827,0.003809,262.55, 429.4799
172651,2.9866,0.003902,256.28, 429.4790
172652,2.9902,0.003855,259.40, 429.4790
172653,2.9941,0.003866,258.64, 429.4799
172654,2.9980,0.003843,260.21, 429.4790
172655,3.0020,0.003827,261.31, 429.4820
172656,3.0059,0.003948,253.29, 429.4799
172657,3.0098,0.003929,254.54, 429.4790
172658,3.0137,0.003914,255.47, 429.4793
172659,3.0173,0.003811,262.38, 429.4799
172660,3.0215,0.003926,254.73, 429.4790
172661,3.0251,0.003795,263.50, 429.4799
172662,3.0291,0.003914,255.47, 429.4802
172663,3.0330,0.003955,252.82, 429.4801
172664,3.0369,0.003796,263.44, 429.4790
172665,3.0408,0.003886,257.36, 429.4790
172666,3.0447,0.003926,254.69, 429.4791
172667,3.0486,0.003877,257.95, 429.4790
172668,3.0525,0.003930,254.43, 429.4792
172669,3.0564,0.004056,246.57, 429.4789
172670,3.0603,0.003896,256.66, 429.4790
172671,3.0645,0.003964,252.29, 429.4790
172672,3.0684,0.003900,256.39, 429.4790
172673,3.0725,0.004203,237.91, 429.4790
172674,3.0764,0.004016,248.99, 429.4790
172675,3.0806,0.003998,250.13, 429.4790
172676,3.0845,0.004039,247.62, 429.4799
172677,3.0889,0.004363,229.22, 429.4799
172678,3.0930,0.004193,238.52, 429.4866
172679,3.0972,0.004171,239.76, 429.4790
172680,3.1013,0.004063,246.15, 429.4799
172681,3.1052,0.003859,259.15, 429.4853
172682,3.1091,0.004007,249.59, 429.4799
172683,3.1130,0.003935,254.12, 429.4790
172684,3.1169,0.003896,256.66, 429.4799
172685,3.1209,0.003858,259.19, 429.4799
172686,3.1248,0.003943,253.61, 429.4790
172687,3.1287,0.003801,263.11, 429.4790
172688,3.1326,0.003990,250.60, 429.4790
172689,3.1365,0.003903,256.25, 429.4790
172690,3.1404,0.003826,261.39, 429.4799
172691,3.1443,0.003935,254.10, 429.4799
172692,3.1482,0.003848,259.87, 429.4799
172693,3.1519,0.003779,264.61, 429.4790
172694,3.1558,0.003912,255.64, 429.4790
172695,3.1597,0.003890,257.06, 429.4790
172696,3.1636,0.003843,260.20, 429.4801
172697,3.1675,0.003876,257.98, 429.4790
172698,3.1714,0.003872,258.24, 429.4790
172699,3.1753,0.003918,255.24, 429.4790
172700,3.1792,0.003875,258.08, 429.4790
172701,3.1829,0.003872,258.28, 429.4790
172702,3.1868,0.003879,257.81, 429.4790
172703,3.1907,0.003857,259.28, 429.4790
172704,3.1946,0.003835,260.74, 429.4799
172705,3.1985,0.004009,249.45, 429.4790
172706,3.2026,0.004003,249.81, 429.4790
172707,3.2063,0.003802,263.05, 429.4790
172708,3.2102,0.003904,256.17, 429.4799
172709,3.2144,0.004000,249.99, 429.4790
172710,3.2180,0.003880,257.74, 429.4790
172711,3.2219,0.003883,257.52, 429.4790
172712,3.2258,0.003854,259.49, 429.4790
172713,3.2297,0.003938,253.94, 429.4790
172714,3.2336,0.003883,257.55, 429.4799
172715,3.2375,0.003864,258.81, 429.4790
172716,3.2415,0.003897,256.58, 429.4790
172717,3.2454,0.003932,254.34, 429.4794
172718,3.2493,0.003936,254.09, 429.4792
172719,3.2532,0.003880,257.74, 429.4790
172720,3.2573,0.004136,241.77, 429.4866
172721,3.2615,0.004223,236.82, 429.4801
172722,3.2654,0.003933,254.24, 429.4790
172723,3.2693,0.003907,255.94, 429.4799
172724,3.2732,0.003837,260.63, 429.4799
172725,3.2771,0.003947,253.36, 429.4790
172726,3.2810,0.003871,258.36, 429.4790
172727,3.2849,0.003825,261.46, 429.4791
172728,3.2888,0.003905,256.09, 429.4790
172729,3.2925,0.003830,261.13, 429.4832
172730,3.2966,0.003974,251.63, 429.4799
172731,3.3005,0.003870,258.42, 429.4790
172732,3.3044,0.003911,255.66, 429.4790
172733,3.3084,0.003887,257.24, 429.4798
172734,3.3123,0.003939,253.85, 429.4790
172735,3.3159,0.003819,261.88, 429.4810
172736,3.3201,0.004021,248.69, 429.4792
172737,3.3240,0.003912,255.62, 429.4799
172738,3.3279,0.003877,257.93, 429.4790
172739,3.3318,0.003896,256.68, 429.4791
172740,3.3357,0.003928,254.58, 429.4790
172741,3.3396,0.003854,259.48, 429.4799
172742,3.3435,0.003896,256.66, 429.4799
172743,3.3472,0.003848,259.90, 429.4790
172744,3.3513,0.003978,251.40, 429.4799
172745,3.3552,0.003938,253.96, 429.4790
172746,3.3589,0.003847,259.93, 429.4790
172747,3.3628,0.003899,256.46, 429.4790
172748,3.3669,0.004000,250.01, 429.4799
172749,3.3709,0.003908,255.88, 429.4790
172750,3.3748,0.003898,256.54, 429.4790
172751,3.3787,0.003885,257.37, 429.4807
172752,3.3826,0.003936,254.04, 429.4799
172753,3.3865,0.003883,257.57, 429.4790
172754,3.3904,0.003899,256.51, 429.4790
172755,3.3943,0.003863,258.86, 429.4802
172756,3.3979,0.003902,256.29, 429.4791
172757,3.4019,0.003840,260.44, 429.4790
172758,3.4058,0.003910,255.73, 429.4790
172759,3.4097,0.003881,257.70, 429.4790
172760,3.4136,0.003830,261.11, 429.4790
172761,3.4175,0.003859,259.12, 429.4790
172762,3.4214,0.003938,253.94, 429.4790
172763,3.4253,0.003859,259.15, 429.4799
172764,3.4292,0.003976,251.53, 429.4790
172765,3.4331,0.003881,257.70, 429.4790
172766,3.4368,0.003826,261.36, 429.4799
172767,3.4407,0.003893,256.86, 429.4790
172768,3.4446,0.003859,259.11, 429.4790
172769,3.4485,0.003904,256.13, 429.4790
172770,3.4524,0.003886,257.36, 429.4790
172771,3.4563,0.003945,253.47, 429.4790
172772,3.4604,0.003981,251.17, 429.4790
172773,3.4644,0.003917,255.29, 429.4799
172774,3.4680,0.003807,262.67, 429.4790
172775,3.4719,0.003864,258.80, 429.4790
172776,3.4758,0.003928,254.57, 429.4800
172777,3.4797,0.003863,258.85, 429.4790
172778,3.4836,0.003898,256.54, 429.4790
172779,3.4875,0.003845,260.07, 429.4790
172780,3.4915,0.003940,253.84, 429.4790
172781,3.4954,0.003861,259.02, 429.4790
172782,3.4993,0.003904,256.13, 429.4790
172783,3.5029,0.003862,258.93, 429.4799
172784,3.5068,0.003883,257.57, 429.4790
172785,3.5110,0.003958,252.68, 429.4790
172786,3.5149,0.003928,254.60, 429.4790
172787,3.5188,0.003923,254.91, 429.4799
172788,3.5225,0.003857,259.24, 429.4790
172789,3.5264,0.003852,259.63, 429.4790
172790,3.5303,0.003956,252.79, 429.4790
172791,3.5342,0.003808,262.63, 429.4799
172792,3.5381,0.003935,254.16, 429.4790
172793,3.5420,0.003830,261.13, 429.4790
172794,3.5459,0.003893,256.88, 429.4799
172795,3.5498,0.003894,256.78, 429.4799
172796,3.5535,0.003782,264.42, 429.4799
172797,3.5574,0.003890,257.08, 429.4790
172798,3.5613,0.003907,255.93, 429.4790
172799,3.5652,0.003872,258.24, 429.4790
172800,3.5696,0.004299,232.61, 429.4759
172801,3.5737,0.004341,230.35, 429.4704
172802,3.5776,0.003799,263.20, 429.4799
172803,3.5815,0.003867,258.57, 429.4829
172804,3.5857,0.004080,245.12, 429.4790
172805,3.5894,0.003878,257.88, 429.4799
172806,3.5935,0.003929,254.55, 429.4790
172807,3.5974,0.003927,254.65, 429.4790
172808,3.6011,0.003816,262.04, 429.4799
172809,3.6050,0.003898,256.56, 429.4799
172810,3.6089,0.003848,259.88, 429.4790
172811,3.6128,0.003967,252.11, 429.4799
172812,3.6167,0.003875,258.04, 429.4790
172813,3.6206,0.003837,260.61, 429.4790
172814,3.6245,0.003909,255.79, 429.4799
172815,3.6284,0.003881,257.65, 429.4790
172816,3.6323,0.003882,257.61, 429.4801
172817,3.6360,0.003849,259.78, 429.4790
172818,3.6401,0.003951,253.09, 429.4790
172819,3.6438,0.003826,261.36, 429.4790
172820,3.6479,0.004021,248.71, 429.4790
172821,3.6519,0.004011,249.31, 429.4791
172822,3.6558,0.003832,260.95, 429.4799
172823,3.6597,0.003958,252.65, 429.4790
172824,3.6636,0.004007,249.55, 429.4790
172825,3.6675,0.003885,257.42, 429.4790
172826,3.6714,0.003923,254.90, 429.4790
172827,3.6753,0.003863,258.88, 429.4790
172828,3.6792,0.003910,255.74, 429.4791
172829,3.6831,0.003903,256.24, 429.4790
172830,3.6870,0.003788,264.01, 429.4790
172831,3.6909,0.003885,257.39, 429.4790
172832,3.6948,0.003947,253.37, 429.4798
172833,3.6987,0.003846,260.04, 429.4790
172834,3.7026,0.003898,256.54, 429.4790
172835,3.7065,0.003910,255.77, 429.4790
172836,3.7114,0.004933,202.74, 429.4790
172837,3.7158,0.004466,223.92, 429.4790
172838,3.7200,0.004055,246.61, 429.4790
172839,3.7239,0.003884,257.45, 429.4791
172840,3.7278,0.003938,253.93, 429.4799
172841,3.7317,0.003915,255.42, 429.4790
172842,3.7356,0.003866,258.66, 429.4790
172843,3.7395,0.003931,254.36, 429.4790
172844,3.7434,0.003886,257.31, 429.4799
172845,3.7471,0.003871,258.36, 429.4799
172846,3.7510,0.003895,256.73, 429.4790
172847,3.7551,0.003935,254.12, 429.4790
172848,3.7588,0.003898,256.52, 429.4799
172849,3.7627,0.003873,258.23, 429.4790
172850,3.7666,0.003849,259.79, 429.4790
172851,3.7705,0.003917,255.32, 429.4790
172852,3.7744,0.003887,257.29, 429.4790
172853,3.7783,0.003802,263.03, 429.4790
172854,3.7822,0.003897,256.62, 429.4790
172855,3.7861,0.003924,254.86, 429.4810
172856,3.7898,0.003793,263.63, 429.4799
172857,3.7937,0.003911,255.72, 429.4790
172858,3.7976,0.003863,258.85, 429.4866
172859,3.8018,0.004148,241.10, 429.4799
172860,3.8057,0.003886,257.36, 429.4790
172861,3.8096,0.003835,260.76, 429.4791
172862,3.8135,0.003987,250.79, 429.4790
172863,3.8174,0.003862,258.91, 429.4790
172864,3.8213,0.003866,258.69, 429.4799
172865,3.8252,0.003911,255.66, 429.4790
172866,3.8291,0.003922,255.00, 429.4790
172867,3.8330,0.003881,257.68, 429.4790
172868,3.8372,0.004202,237.96, 429.4799
172869,3.8411,0.003939,253.89, 429.4790
172870,3.8450,0.003855,259.38, 429.4799
172871,3.8489,0.003874,258.10, 429.4790
172872,3.8528,0.003945,253.47, 429.4799
172873,3.8567,0.003833,260.90, 429.4790
172874,3.8606,0.003940,253.83, 429.4790
172875,3.8645,0.003899,256.45, 429.4790
172876,3.8682,0.003852,259.62, 429.4790
172877,3.8721,0.003888,257.19, 429.4790
172878,3.8760,0.003876,257.98, 429.4790
172879,3.8804,0.004373,228.69, 429.4665
172880,3.8843,0.003903,256.21, 429.4790
172881,3.8887,0.004404,227.07, 429.4650
172882,3.8928,0.004123,242.57, 429.4536
172883,3.8972,0.004299,232.60, 429.4790
172884,3.9011,0.004025,248.45, 429.4792
172885,3.9050,0.003845,260.06, 429.4790
172886,3.9089,0.003888,257.21, 429.4790
172887,3.9128,0.003926,254.71, 429.4790
172888,3.9167,0.003924,254.83, 429.4799
172889,3.9207,0.003887,257.24, 429.4790
172890,3.9246,0.003840,260.45, 429.4790
172891,3.9285,0.003943,253.62, 429.4790
172892,3.9324,0.003891,257.02, 429.4790
172893,3.9363,0.003865,258.71, 429.4790
172894,3.9402,0.003906,256.02, 429.4790
172895,3.9441,0.003923,254.89, 429.4791
172896,3.9478,0.003880,257.71, 429.4799
172897,3.9517,0.003887,257.24, 429.4790
172898,3.9556,0.003886,257.36, 429.4799
172899,3.9595,0.003865,258.73, 429.4790
172900,3.9634,0.003978,251.39, 429.4792
172901,3.9673,0.003888,257.18, 429.4790
172902,3.9712,0.003913,255.53, 429.4790
172903,3.9751,0.003925,254.80, 429.4790
172904,3.9790,0.003873,258.17, 429.4790
172905,3.9832,0.003947,253.34, 429.4790
172906,3.9868,0.003869,258.46, 429.4799
172907,3.9907,0.003916,255.36, 429.4799
172908,3.9946,0.003904,256.14, 429.4790
172909,3.9985,0.003882,257.57, 429.4844
172910,4.0027,0.003997,250.18, 429.4822
172911,4.0066,0.003949,253.26, 429.4801
172912,4.0105,0.004043,247.33, 429.4845
172913,4.0146,0.004038,247.62, 429.4799
172914,4.0186,0.003901,256.37, 429.4790
172915,4.0225,0.003898,256.55, 429.4790
172916,4.0264,0.003839,260.50, 429.4799
172917,4.0303,0.003893,256.86, 429.4799
172918,4.0339,0.003848,259.86, 429.4790
172919,4.0378,0.003866,258.67, 429.4832
172920,4.0420,0.004042,247.41, 429.4799
172921,4.0457,0.003750,266.67, 429.4799
172922,4.0496,0.003882,257.63, 429.4799
172923,4.0535,0.003943,253.59, 429.4791
172924,4.0574,0.003832,260.95, 429.4790
172925,4.0613,0.003917,255.28, 429.4790
172926,4.0652,0.004033,247.98, 429.4789
172927,4.0693,0.004124,242.47, 429.4790
172928,4.0735,0.004148,241.10, 429.4790
172929,4.0774,0.003941,253.77, 429.4843
172930,4.0815,0.004172,239.72, 429.4801
172931,4.0859,0.004312,231.94, 429.4799
172932,4.0903,0.004311,231.95, 429.4798
172933,4.0942,0.004028,248.26, 429.4790
172934,4.0984,0.003964,252.30, 429.4801
172935,4.1023,0.003975,251.56, 429.4790
172936,4.1062,0.003867,258.57, 429.4799
172937,4.1101,0.003924,254.87, 429.4790
172938,4.1140,0.004017,248.95, 429.4790
172939,4.1179,0.003901,256.38, 429.4799
172940,4.1218,0.003900,256.42, 429.4790
172941,4.1257,0.003883,257.54, 429.4799
172942,4.1296,0.003888,257.23, 429.4791
172943,4.1335,0.003881,257.67, 429.4790
172944,4.1375,0.003878,257.84, 429.4790
172945,4.1414,0.003904,256.14, 429.4790
172946,4.1453,0.003928,254.58, 429.4790
172947,4.1489,0.003815,262.11, 429.4791
172948,4.1528,0.003825,261.47, 429.4799
172949,4.1567,0.003858,259.21, 429.4799
172950,4.1606,0.003859,259.11, 429.4790
172951,4.1646,0.003878,257.90, 429.4790
172952,4.1685,0.003891,257.03, 429.4790
172953,4.1721,0.003832,260.97, 429.4790
172954,4.1760,0.003876,257.97, 429.4803
172955,4.1802,0.004031,248.08, 429.4790
172956,4.1841,0.003891,257.02, 429.4791
172957,4.1877,0.003837,260.62, 429.4790
172958,4.1917,0.003839,260.49, 429.4790
172959,4.1956,0.004021,248.71, 429.4790
172960,4.1997,0.003990,250.62, 429.4791
172961,4.2036,0.003902,256.26, 429.4790
172962,4.2075,0.003923,254.89, 429.4832
172963,4.2122,0.004620,216.45, 429.4799
172964,4.2161,0.003974,251.61, 429.4791
172965,4.2202,0.004187,238.84, 429.4790
172966,4.2241,0.003958,252.63, 429.4790
172967,4.2285,0.004377,228.45, 429.4714
172968,4.2327,0.004102,243.81, 429.4799
172969,4.2366,0.003977,251.43, 429.4790
172970,4.2407,0.003943,253.62, 429.4799
172971,4.2446,0.003999,250.06, 429.4790
172972,4.2485,0.004006,249.62, 429.4790
172973,4.2524,0.003900,256.44, 429.4790
172974,4.2566,0.004021,248.69, 429.4790
172975,4.2605,0.003910,255.73, 429.4799
172976,4.2644,0.003946,253.40, 429.4790
172977,4.2683,0.003941,253.75, 429.4790
172978,4.2727,0.004401,227.23, 429.4774
172979,4.2766,0.003935,254.14, 429.4799
172980,4.2808,0.004018,248.86, 429.4790
172981,4.2852,0.004378,228.43, 429.4734
172982,4.2891,0.003919,255.19, 429.4799
172983,4.2930,0.004051,246.84, 429.4790
172984,4.2974,0.004316,231.70, 429.4744
172985,4.3015,0.004127,242.32, 429.4790
172986,4.3057,0.004125,242.42, 429.4790
172987,4.3096,0.003947,253.38, 429.4790
172988,4.3135,0.003843,260.21, 429.4790
172989,4.3174,0.003906,256.00, 429.4799
172990,4.3213,0.003866,258.70, 429.4790
172991,4.3250,0.003779,264.63, 429.4799
172992,4.3289,0.003866,258.69, 429.4790
172993,4.3328,0.003893,256.86, 429.4799
172994,4.3364,0.003804,262.92, 429.4799
172995,4.3403,0.003912,255.62, 429.4790
172996,4.3442,0.003800,263.15, 429.4799
172997,4.3481,0.003921,255.02, 429.4790
172998,4.3521,0.003924,254.84, 429.4790
172999,4.3560,0.003818,261.92, 429.4790
173000,4.3599,0.003879,257.79, 429.4790
173001,4.3638,0.003902,256.31, 429.4790
173002,4.3674,0.003849,259.78, 429.4790
173003,4.3713,0.003917,255.30, 429.4799
173004,4.3752,0.003863,258.87, 429.4791
173005,4.3792,0.003792,263.71, 429.4790
173006,4.3831,0.003915,255.41, 429.4790
173007,4.3870,0.003826,261.34, 429.4799
173008,4.3906,0.003874,258.16, 429.4798
173009,4.3945,0.003815,262.13, 429.4860
173010,4.3984,0.003975,251.59, 429.4790
173011,4.4023,0.003958,252.63, 429.4791
173012,4.4063,0.003797,263.40, 429.4790
173013,4.4102,0.003816,262.05, 429.4824
173014,4.4141,0.004004,249.76, 429.4790
173015,4.4180,0.003931,254.41, 429.4802
173016,4.4219,0.003827,261.34, 429.4800
173017,4.4258,0.003855,259.38, 429.4799
173018,4.4297,0.003933,254.28, 429.4790
173019,4.4336,0.003887,257.27, 429.4799
173020,4.4375,0.003880,257.73, 429.4790
173021,4.4412,0.003856,259.31, 429.4799
173022,4.4453,0.003991,250.54, 429.4790
173023,4.4492,0.003914,255.52, 429.4790
173024,4.4529,0.003826,261.36, 429.4790
173025,4.4568,0.003861,259.02, 429.4790
173026,4.4607,0.003909,255.81, 429.4799
173027,4.4646,0.003881,257.69, 429.4799
173028,4.4685,0.003896,256.69, 429.4790
173029,4.4724,0.003945,253.52, 429.4790
173030,4.4763,0.003840,260.42, 429.4790
173031,4.4802,0.003910,255.73, 429.4790
173032,4.4841,0.003899,256.48, 429.4799
173033,4.4880,0.003865,258.73, 429.4790
173034,4.4919,0.003907,255.97, 429.4791
173035,4.4956,0.003808,262.63, 429.4799
173036,4.4995,0.003905,256.10, 429.4799
173037,4.5037,0.003974,251.67, 429.4790
173038,4.5073,0.003821,261.70, 429.4790
173039,4.5115,0.004090,244.49, 429.4799
173040,4.5154,0.003938,253.97, 429.4798
173041,4.5193,0.003814,262.16, 429.4818
173042,4.5232,0.003934,254.17, 429.4790
173043,4.5271,0.003865,258.76, 429.4799
173044,4.5308,0.003825,261.44, 429.4800
173045,4.5347,0.003910,255.76, 429.4799
173046,4.5386,0.003896,256.66, 429.4790
173047,4.5425,0.003892,256.95, 429.4799
173048,4.5464,0.003872,258.26, 429.4801
173049,4.5503,0.003840,260.42, 429.4799
173050,4.5542,0.003998,250.13, 429.4790
173051,4.5581,0.003906,256.00, 429.4790
173052,4.5620,0.003842,260.31, 429.4790
173053,4.5659,0.003863,258.89, 429.4799
173054,4.5698,0.003994,250.41, 429.4790
173055,4.5737,0.003831,261.01, 429.4790
173056,4.5776,0.003928,254.61, 429.4799
173057,4.5815,0.003883,257.53, 429.4798
173058,4.5854,0.003873,258.18, 429.4790
173059,4.5894,0.003923,254.92, 429.4790
173060,4.5933,0.003841,260.38, 429.4832
173061,4.5972,0.004020,248.77, 429.4799
173062,4.6011,0.003879,257.80, 429.4790
173063,4.6050,0.003905,256.11, 429.4790
173064,4.6089,0.003928,254.60, 429.4791
173065,4.6128,0.003920,255.10, 429.4790
173066,4.6167,0.003798,263.28, 429.4799
173067,4.6206,0.003898,256.52, 429.4790
173068,4.6245,0.003920,255.08, 429.4799
173069,4.6282,0.003793,263.66, 429.4799
173070,4.6321,0.003949,253.24, 429.4790
173071,4.6360,0.003912,255.64, 429.4799
173072,4.6399,0.003854,259.48, 429.4799
173073,4.6438,0.003828,261.21, 429.4799
173074,4.6475,0.003791,263.81, 429.4790
173075,4.6516,0.004027,248.34, 429.4799
173076,4.6555,0.004005,249.70, 429.4789
173077,4.6594,0.003789,263.93, 429.4799
173078,4.6633,0.003980,251.26, 429.4790
173079,4.6675,0.004056,246.57, 429.4801
173080,4.6714,0.003933,254.23, 429.4796
173081,4.6753,0.003874,258.12, 429.4790
173082,4.6792,0.003913,255.54, 429.4790
173083,4.6831,0.003918,255.24, 429.4791
173084,4.6870,0.003870,258.37, 429.4790
173085,4.6909,0.003909,255.85, 429.4790
173086,4.6946,0.003834,260.83, 429.4799
173087,4.6985,0.003857,259.30, 429.4801
173088,4.7024,0.003833,260.89, 429.4866
173089,4.7065,0.004250,235.30, 429.4790
173090,4.7104,0.003878,257.89, 429.4799
173091,4.7144,0.003836,260.72, 429.4790
173092,4.7183,0.003893,256.85, 429.4790
173093,4.7227,0.004359,229.43, 429.4759
173094,4.7263,0.003852,259.64, 429.4799
173095,4.7302,0.003891,256.98, 429.4790
173096,4.7341,0.003869,258.50, 429.5415
173097,4.7380,0.003820,261.79, 429.4790
173098,4.7419,0.003852,259.63, 429.4799
173099,4.7459,0.003924,254.87, 429.4799
173100,4.7495,0.003845,260.09, 429.4798
173101,4.7534,0.003862,258.91, 429.4790
173102,4.7573,0.003867,258.63, 429.4790
173103,4.7612,0.003886,257.33, 429.4790
173104,4.7651,0.003866,258.68, 429.4799
173105,4.7688,0.003766,265.54, 429.4790
173106,4.7727,0.003912,255.64, 429.4799
173107,4.7766,0.003881,257.69, 429.4799
173108,4.7805,0.003800,263.14, 429.4790
173109,4.7844,0.003880,257.71, 429.4799
173110,4.7881,0.003821,261.75, 429.4799
173111,4.7920,0.003818,261.94, 429.4801
173112,4.7959,0.003926,254.71, 429.4790
173113,4.8003,0.004297,232.75, 429.4650
173114,4.8040,0.003858,259.20, 429.4790
173115,4.8079,0.003850,259.72, 429.4798
173116,4.8118,0.003746,266.92, 429.4790
173117,4.8154,0.003869,258.44, 429.4799
173118,4.8196,0.003946,253.40, 429.4790
173119,4.8232,0.003782,264.43, 429.4799
173120,4.8271,0.003826,261.40, 429.4790
173121,4.8311,0.003902,256.28, 429.4801
173122,4.8347,0.003862,258.97, 429.4799
173123,4.8386,0.003894,256.80, 429.4799
173124,4.8425,0.003848,259.87, 429.4790
173125,4.8464,0.003858,259.21, 429.4790
173126,4.8503,0.003965,252.24, 429.4790
173127,4.8547,0.004236,236.06, 429.4801
173128,4.8586,0.003956,252.77, 429.4790
173129,4.8625,0.003882,257.63, 429.4790
173130,4.8662,0.003808,262.63, 429.4798
173131,4.8701,0.003911,255.67, 429.4790
173132,4.8740,0.003883,257.51, 429.4790
173133,4.8779,0.003815,262.12, 429.4799
173134,4.8818,0.003847,259.95, 429.4790
173135,4.8857,0.003900,256.44, 429.4790
173136,4.8894,0.003836,260.67, 429.4790
173137,4.8933,0.003864,258.78, 429.4799
173138,4.8972,0.003803,262.96, 429.4799
173139,4.9011,0.003893,256.84, 429.4790
173140,4.9048,0.003822,261.62, 429.4790
173141,4.9087,0.003805,262.81, 429.4790
173142,4.9126,0.003891,256.99, 429.4790
173143,4.9165,0.003884,257.47, 429.4799
173144,4.9202,0.003793,263.67, 429.4790
173145,4.9241,0.003857,259.28, 429.4797
173146,4.9280,0.003854,259.46, 429.4799
173147,4.9319,0.003887,257.25, 429.4799
173148,4.9358,0.003856,259.31, 429.4790
173149,4.9395,0.003881,257.70, 429.4790
173150,4.9434,0.003873,258.17, 429.4790
173151,4.9473,0.003847,259.94, 429.4790
173152,4.9512,0.003839,260.52, 429.4799
173153,4.9551,0.003876,258.02, 429.4790
173154,4.9590,0.003927,254.63, 429.4790
173155,4.9626,0.003795,263.49, 429.4798
173156,4.9666,0.003844,260.14, 429.4790
173157,4.9705,0.003919,255.18, 429.4799
173158,4.9744,0.003816,262.07, 429.4790
173159,4.9780,0.003818,261.94, 429.4826
173160,4.9819,0.003913,255.56, 429.4790
173161,4.9858,0.003860,259.10, 429.4799
173162,4.9897,0.003806,262.72, 429.4799
173163,4.9937,0.003960,252.52, 429.4799
173164,4.9976,0.003901,256.32, 429.4790
173165,5.0015,0.003947,253.36, 429.4799
173166,5.0054,0.003824,261.51, 429.4795
173167,5.0093,0.003841,260.34, 429.4838
173168,5.0132,0.003988,250.74, 429.4790
173169,5.0171,0.003846,260.04, 429.4790
173170,5.0208,0.003864,258.79, 429.4801
173171,5.0249,0.003957,252.69, 429.4790
173172,5.0291,0.004338,230.53, 429.4650
173173,5.0330,0.003861,258.98, 429.4790
173174,5.0369,0.003802,263.03, 429.4798
173175,5.0408,0.003883,257.54, 429.4796
173176,5.0447,0.003878,257.86, 429.4799
173177,5.0483,0.003763,265.72, 429.4790
173178,5.0522,0.003858,259.23, 429.4790
173179,5.0562,0.003901,256.34, 429.4793
173180,5.0601,0.003851,259.68, 429.4790
173181,5.0637,0.003850,259.74, 429.4790
173182,5.0676,0.003826,261.37, 429.4790
173183,5.0720,0.004487,222.87, 429.4779
173184,5.0762,0.004134,241.92, 429.4799
173185,5.0803,0.003950,253.20, 429.4799
173186,5.0842,0.003910,255.73, 429.4799
173187,5.0884,0.004152,240.83, 429.4790
173188,5.0928,0.004440,225.24, 429.4795
173189,5.0969,0.004149,241.03, 429.4798
173190,5.1008,0.003935,254.12, 429.4834
173191,5.1047,0.004043,247.35, 429.4790
173192,5.1091,0.004261,234.71, 429.4689
173193,5.1130,0.003995,250.34, 429.4790
173194,5.1169,0.003836,260.71, 429.4801
173195,5.1209,0.003896,256.67, 429.4799
173196,5.1248,0.003890,257.07, 429.4790
173197,5.1287,0.003864,258.79, 429.4790
173198,5.1326,0.003878,257.88, 429.4799
173199,5.1365,0.003955,252.86, 429.4790
173200,5.1404,0.003899,256.47, 429.4799
173201,5.1440,0.003853,259.54, 429.4790
173202,5.1479,0.003911,255.68, 429.4790
173203,5.1519,0.003881,257.67, 429.4790
173204,5.1558,0.003890,257.04, 429.4790
173205,5.1597,0.003911,255.72, 429.4799
173206,5.1636,0.003843,260.23, 429.4790
173207,5.1675,0.003907,255.95, 429.4790
173208,5.1714,0.003890,257.09, 429.4860
173209,5.1755,0.004186,238.92, 429.4789
173210,5.1794,0.003958,252.68, 429.4791
173211,5.1834,0.003900,256.38, 429.4801
173212,5.1873,0.003904,256.17, 429.4790
173213,5.1917,0.004324,231.25, 429.4764
173214,5.1958,0.004027,248.34, 429.4799
173215,5.1995,0.003888,257.21, 429.4790
173216,5.2034,0.003892,256.95, 429.4790
173217,5.2073,0.003897,256.60, 429.4791
173218,5.2112,0.003860,259.07, 429.4802
173219,5.2153,0.004007,249.58, 429.4790
173220,5.2190,0.003855,259.42, 429.4790
173221,5.2229,0.003908,255.89, 429.4790
173222,5.2268,0.003903,256.20, 429.4790
173223,5.2307,0.003876,258.00, 429.4790
173224,5.2346,0.003943,253.59, 429.4800
173225,5.2385,0.003893,256.90, 429.4790
173226,5.2424,0.003860,259.05, 429.4790
173227,5.2468,0.004392,227.67, 429.4655
173228,5.2512,0.004287,233.26, 429.4754
173229,5.2551,0.003882,257.63, 429.4799
173230,5.2588,0.003875,258.06, 429.4790
173231,5.2629,0.003957,252.69, 429.4790
173232,5.2668,0.003875,258.04, 429.4799
173233,5.2705,0.003868,258.57, 429.4790
173234,5.2749,0.004332,230.86, 429.4709
173235,5.2788,0.003832,260.95, 429.4790
173236,5.2827,0.003900,256.40, 429.4791
173237,5.2866,0.003883,257.52, 429.4790
173238,5.2905,0.003885,257.39, 429.4790
173239,5.2944,0.003935,254.15, 429.4790
173240,5.2988,0.004351,229.82, 429.4659
173241,5.3025,0.003863,258.84, 429.4790
173242,5.3064,0.003895,256.71, 429.4790
173243,5.3103,0.003857,259.30, 429.4866
173244,5.3147,0.004292,232.99, 429.4790
173245,5.3186,0.003899,256.51, 429.4790
173246,5.3223,0.003814,262.19, 429.4799
173247,5.3267,0.004372,228.72, 429.4774
173248,5.3311,0.004380,228.30, 429.4724
173249,5.3350,0.003881,257.67, 429.4790
173250,5.3389,0.003832,260.95, 429.4790
173251,5.3428,0.003853,259.53, 429.4799
173252,5.3469,0.004261,234.68, 429.4689
173253,5.3508,0.003902,256.27, 429.4790
173254,5.3547,0.003881,257.65, 429.4790
173255,5.3584,0.003788,264.01, 429.4799
173256,5.3625,0.003948,253.32, 429.4799
173257,5.3662,0.003842,260.31, 429.4790
173258,5.3701,0.003835,260.78, 429.4790
173259,5.3740,0.003967,252.08, 429.4792
173260,5.3779,0.003868,258.54, 429.4799
173261,5.3818,0.003820,261.76, 429.4790
173262,5.3857,0.003896,256.67, 429.4790
173263,5.3896,0.003900,256.44, 429.4790
173264,5.3933,0.003835,260.76, 429.5424
173265,5.3972,0.003853,259.52, 429.4799
173266,5.4011,0.003786,264.12, 429.4790
173267,5.4050,0.003940,253.82, 429.4799
173268,5.4089,0.003850,259.75, 429.4790
173269,5.4126,0.003809,262.54, 429.4790
173270,5.4165,0.003877,257.96, 429.4790
173271,5.4204,0.003962,252.39, 429.4791
173272,5.4243,0.003823,261.57, 429.4790
173273,5.4282,0.003854,259.47, 429.4799
173274,5.4321,0.003861,259.03, 429.4790
173275,5.4360,0.003903,256.19, 429.4790
173276,5.4397,0.003843,260.19, 429.4790
173277,5.4436,0.003798,263.31, 429.4798
173278,5.4475,0.003848,259.86, 429.4790
173279,5.4514,0.003905,256.08, 429.4790
173280,5.4551,0.003846,260.02, 429.4790
173281,5.4590,0.003859,259.13, 429.4790
173282,5.4629,0.003900,256.44, 429.4791
173283,5.4668,0.003849,259.81, 429.4790
173284,5.4707,0.003947,253.33, 429.4790
173285,5.4746,0.003850,259.71, 429.4799
173286,5.4785,0.003961,252.47, 429.4790
173287,5.4824,0.003923,254.91, 429.4790
173288,5.4863,0.003790,263.87, 429.4828
173289,5.4902,0.004082,244.97, 429.4791
173290,5.4944,0.003977,251.43, 429.4789
173291,5.4980,0.003859,259.11, 429.4799
173292,5.5020,0.003895,256.73, 429.4790
173293,5.5059,0.003840,260.42, 429.4790
173294,5.5098,0.003852,259.61, 429.4790
173295,5.5139,0.004064,246.04, 429.4790
173296,5.5178,0.003922,254.98, 429.4801
173297,5.5215,0.003822,261.66, 429.4790
173298,5.5254,0.003899,256.46, 429.4790
173299,5.5293,0.003841,260.37, 429.4799
173300,5.5332,0.003880,257.75, 429.4790
173301,5.5371,0.003911,255.68, 429.4790
173302,5.5410,0.003807,262.66, 429.4790
173303,5.5449,0.003941,253.74, 429.4790
173304,5.5488,0.003875,258.09, 429.4864
173305,5.5527,0.004025,248.42, 429.4790
173306,5.5566,0.003845,260.05, 429.4790
173307,5.5605,0.003894,256.83, 429.4799
173308,5.5642,0.003847,259.97, 429.4799
173309,5.5681,0.003817,261.96, 429.4790
173310,5.5723,0.004048,247.07, 429.4789
173311,5.5759,0.003812,262.34, 429.4790
173312,5.5798,0.003864,258.77, 429.4790
173313,5.5837,0.003817,262.01, 429.4790
173314,5.5874,0.003842,260.27, 429.4799
173315,5.5913,0.003853,259.52, 429.4790
173316,5.5952,0.003804,262.86, 429.4791
173317,5.5991,0.003864,258.80, 429.4790
173318,5.6030,0.003952,253.04, 429.4799
173319,5.6067,0.003804,262.90, 429.4790
173320,5.6106,0.003898,256.57, 429.4799
173321,5.6145,0.003888,257.21, 429.4790
173322,5.6184,0.003843,260.23, 429.4790
173323,5.6223,0.003935,254.16, 429.4790
173324,5.6262,0.003770,265.28, 429.4790
173325,5.6301,0.003973,251.72, 429.4791
173326,5.6340,0.003827,261.32, 429.4790
173327,5.6377,0.003767,265.44, 429.4799
173328,5.6416,0.003937,254.01, 429.4799
173329,5.6455,0.003897,256.62, 429.4799
173330,5.6494,0.003823,261.60, 429.4799
173331,5.6531,0.003835,260.78, 429.4796
173332,5.6570,0.003901,256.34, 429.4790
173333,5.6609,0.003870,258.40, 429.4799
173334,5.6648,0.003859,259.12, 429.4790
173335,5.6687,0.003784,264.31, 429.4790
173336,5.6731,0.004492,222.60, 429.4669
173337,5.6770,0.003923,254.89, 429.4790
173338,5.6809,0.003812,262.34, 429.4790
173339,5.6848,0.003899,256.48, 429.4799
173340,5.6885,0.003819,261.87, 429.4790
173341,5.6924,0.003752,266.50, 429.4799
173342,5.6963,0.003882,257.59, 429.4801
173343,5.7000,0.003880,257.71, 429.4801
173344,5.7039,0.003852,259.61, 429.4790
173345,5.7078,0.003863,258.84, 429.4790
173346,5.7117,0.003830,261.08, 429.4801
173347,5.7156,0.003911,255.70, 429.4790
173348,5.7195,0.003891,257.00, 429.4790
173349,5.7231,0.003842,260.27, 429.4790
173350,5.7271,0.003833,260.89, 429.4790
173351,5.7310,0.003872,258.29, 429.4790
173352,5.7349,0.003860,259.05, 429.4801
173353,5.7388,0.003835,260.77, 429.4799
173354,5.7424,0.003872,258.26, 429.4809
173355,5.7463,0.003828,261.24, 429.4799
173356,5.7502,0.003879,257.78, 429.4790
173357,5.7542,0.003848,259.86, 429.4790
173358,5.7581,0.003895,256.75, 429.4790
173359,5.7620,0.003866,258.65, 429.4791
173360,5.7656,0.003818,261.95, 429.4790
173361,5.7695,0.003901,256.34, 429.4790
173362,5.7734,0.003847,259.98, 429.4790
173363,5.7773,0.003842,260.26, 429.4790
173364,5.7813,0.003938,253.91, 429.4790
173365,5.7849,0.003843,260.19, 429.4814
173366,5.7888,0.003818,261.94, 429.4798
173367,5.7927,0.003887,257.25, 429.4790
173368,5.7966,0.003981,251.19, 429.4801
173369,5.8008,0.003970,251.90, 429.4790
173370,5.8047,0.004021,248.71, 429.4790
173371,5.8086,0.003891,257.00, 429.4799
173372,5.8125,0.003992,250.53, 429.4801
173373,5.8164,0.003862,258.93, 429.4790
173374,5.8203,0.003794,263.58, 429.4790
173375,5.8242,0.003891,256.98, 429.4790
173376,5.8281,0.003923,254.88, 429.4798
173377,5.8318,0.003767,265.50, 429.4801
173378,5.8357,0.003829,261.16, 429.4791
173379,5.8396,0.003873,258.17, 429.4799
173380,5.8433,0.003849,259.81, 429.4799
173381,5.8472,0.003851,259.65, 429.4822
173382,5.8513,0.004009,249.46, 429.4801
173383,5.8552,0.003920,255.08, 429.4801
173384,5.8594,0.004328,231.05, 429.4790
173385,5.8635,0.003996,250.27, 429.4790
173386,5.8674,0.003876,257.98, 429.4801
173387,5.8713,0.003972,251.78, 429.4790
173388,5.8752,0.003870,258.41, 429.4790
173389,5.8792,0.003856,259.34, 429.4790
173390,5.8831,0.003883,257.56, 429.4790
173391,5.8867,0.003767,265.49, 429.4828
173392,5.8906,0.004039,247.59, 429.4799
173393,5.8945,0.003869,258.47, 429.4799
173394,5.8984,0.003832,260.94, 429.4790
173395,5.9023,0.003885,257.38, 429.4790
173396,5.9063,0.003983,251.04, 429.4790
173397,5.9102,0.003860,259.09, 429.4799
173398,5.9141,0.003885,257.39, 429.4790
173399,5.9180,0.003797,263.36, 429.4790
173400,5.9219,0.003976,251.50, 429.4799
173401,5.9258,0.003875,258.09, 429.4790
173402,5.9294,0.003856,259.35, 429.4790
173403,5.9336,0.003918,255.21, 429.4790
173404,5.9373,0.003862,258.97, 429.4798
173405,5.9412,0.003794,263.59, 429.4801
173406,5.9451,0.003893,256.90, 429.4790
173407,5.9490,0.003884,257.50, 429.4790
173408,5.9526,0.003844,260.17, 429.4790
173409,5.9565,0.003845,260.08, 429.4790
173410,5.9604,0.003830,261.12, 429.4790
173411,5.9644,0.003912,255.62, 429.4790
173412,5.9683,0.003866,258.65, 429.4799
173413,5.9719,0.003765,265.63, 429.4790
173414,5.9758,0.003867,258.63, 429.4790
173415,5.9797,0.003884,257.45, 429.4791
173416,5.9836,0.003919,255.17, 429.4799
173417,5.9875,0.003957,252.72, 429.4790
173418,5.9917,0.004134,241.88, 429.4769
173419,5.9956,0.003944,253.58, 429.4799
173420,5.9998,0.003970,251.87, 429.4798
173421,6.0039,0.004373,228.68, 429.4774
173422,6.0078,0.003851,259.67, 429.4790
173423,6.0117,0.003926,254.71, 429.4790
173424,6.0159,0.003992,250.51, 429.4799
173425,6.0198,0.003879,257.79, 429.4799
173426,6.0237,0.003905,256.11, 429.4794
173427,6.0273,0.003867,258.62, 429.4790
173428,6.0313,0.003906,256.02, 429.4790
173429,6.0354,0.003934,254.21, 429.4790
173430,6.0391,0.003875,258.09, 429.4790
173431,6.0430,0.003915,255.45, 429.4790
173432,6.0469,0.003867,258.58, 429.4791
173433,6.0508,0.003873,258.17, 429.4790
173434,6.0547,0.003845,260.10, 429.4790
173435,6.0591,0.004333,230.78, 429.4792
173436,6.0627,0.003855,259.38, 429.4799
173437,6.0667,0.003915,255.42, 429.4790
173438,6.0708,0.003932,254.33, 429.4790
173439,6.0747,0.003935,254.13, 429.4832
173440,6.0791,0.004438,225.31, 429.4790
173441,6.0830,0.003976,251.54, 429.4790
173442,6.0869,0.003959,252.56, 429.4790
173443,6.0916,0.004639,215.56, 429.4769
173444,6.0967,0.004976,200.96, 429.4789
173445,6.1013,0.004684,213.49, 429.4792
173446,6.1052,0.003963,252.32, 429.4798
173447,6.1094,0.004072,245.59, 429.4799
173448,6.1133,0.003906,256.04, 429.4832
173449,6.1172,0.003977,251.45, 429.4791
173450,6.1211,0.003911,255.66, 429.4798
173451,6.1250,0.003971,251.86, 429.4789
173452,6.1289,0.003821,261.73, 429.4790
173453,6.1328,0.003880,257.72, 429.4799
173454,6.1367,0.003845,260.07, 429.4790
173455,6.1406,0.003900,256.39, 429.4790
173456,6.1443,0.003821,261.70, 429.4799
173457,6.1482,0.003814,262.19, 429.4790
173458,6.1521,0.003851,259.66, 429.4790
173459,6.1560,0.003921,255.02, 429.4799
173460,6.1597,0.003809,262.51, 429.4790
173461,6.1636,0.003828,261.22, 429.4799
173462,6.1675,0.003870,258.40, 429.4790
173463,6.1714,0.003899,256.50, 429.4790
173464,6.1753,0.003870,258.41, 429.4801
173465,6.1790,0.003773,265.04, 429.4790
173466,6.1829,0.003919,255.15, 429.4790
173467,6.1868,0.003879,257.78, 429.4799
173468,6.1907,0.003798,263.31, 429.4790
173469,6.1946,0.003872,258.24, 429.4799
173470,6.1982,0.003889,257.16, 429.4790
173471,6.2021,0.003831,261.05, 429.4790
173472,6.2061,0.003930,254.45, 429.4790
173473,6.2100,0.003814,262.21, 429.4832
173474,6.2139,0.004024,248.51, 429.4799
173475,6.2178,0.003887,257.29, 429.4790
173476,6.2217,0.003809,262.56, 429.4799
173477,6.2256,0.003927,254.66, 429.4790
173478,6.2295,0.003943,253.59, 429.4790
173479,6.2334,0.003883,257.56, 429.4791
173480,6.2373,0.003903,256.21, 429.4790
173481,6.2412,0.003878,257.86, 429.4799
173482,6.2451,0.003839,260.47, 429.4790
173483,6.2490,0.004039,247.60, 429.4790
173484,6.2529,0.003902,256.27, 429.4799
173485,6.2568,0.003792,263.73, 429.4790
173486,6.2607,0.003919,255.17, 429.4799
173487,6.2646,0.004048,247.01, 429.4790
173488,6.2686,0.003914,255.51, 429.4826
173489,6.2727,0.004039,247.60, 429.4790
173490,6.2766,0.003874,258.16, 429.4790
173491,6.2805,0.003929,254.49, 429.4799
173492,6.2844,0.003887,257.25, 429.4790
173493,6.2881,0.003839,260.52, 429.4799
173494,6.2920,0.003872,258.29, 429.4790
173495,6.2959,0.003934,254.17, 429.4799
173496,6.2998,0.003882,257.59, 429.4790
173497,6.3037,0.003910,255.77, 429.4790
173498,6.3076,0.003902,256.27, 429.4864
173499,6.3118,0.004046,247.18, 429.4790
173500,6.3157,0.003893,256.87, 429.4790
173501,6.3196,0.003933,254.25, 429.4798
173502,6.3235,0.003870,258.41, 429.4801
173503,6.3274,0.003895,256.75, 429.4790
173504,6.3313,0.003839,260.52, 429.4799
173505,6.3352,0.003998,250.14, 429.4790
173506,6.3391,0.003879,257.80, 429.4790
173507,6.3430,0.003854,259.48, 429.4790
173508,6.3469,0.003901,256.36, 429.4790
173509,6.3506,0.003872,258.28, 429.4790
173510,6.3545,0.003865,258.71, 429.4799
173511,6.3584,0.003895,256.73, 429.4790
173512,6.3623,0.003978,251.37, 429.4838
173513,6.3662,0.003906,256.04, 429.4799
173514,6.3704,0.003947,253.38, 429.4790
173515,6.3743,0.003898,256.54, 429.4799
173516,6.3779,0.003848,259.86, 429.4790
173517,6.3818,0.003898,256.54, 429.4831
173518,6.3860,0.003969,251.93, 429.4790
173519,6.3899,0.003925,254.77, 429.4790
173520,6.3938,0.003896,256.70, 429.4809
173521,6.3975,0.003821,261.68, 429.4790
173522,6.4014,0.003945,253.47, 429.4790
173523,6.4053,0.003879,257.81, 429.4790
173524,6.4092,0.003841,260.36, 429.4799
173525,6.4131,0.003892,256.97, 429.4801
173526,6.4170,0.003972,251.78, 429.4790
173527,6.4209,0.003843,260.20, 429.4790
173528,6.4248,0.003921,255.07, 429.4790
173529,6.4287,0.003876,258.00, 429.4790
173530,6.4326,0.003921,255.07, 429.4799
173531,6.4365,0.003929,254.50, 429.4790
173532,6.4404,0.003830,261.07, 429.4790
173533,6.4443,0.003876,257.97, 429.4790
173534,6.4482,0.003899,256.48, 429.4799
173535,6.4519,0.003824,261.53, 429.4801
173536,6.4558,0.003878,257.89, 429.4799
173537,6.4597,0.003929,254.54, 429.4790
173538,6.4636,0.003922,254.98, 429.4790
173539,6.4675,0.003933,254.27, 429.4799
173540,6.4717,0.003945,253.49, 429.4790
173541,6.4753,0.003879,257.81, 429.4790
173542,6.4795,0.003918,255.21, 429.4790
173543,6.4832,0.003832,260.97, 429.4790
173544,6.4871,0.003937,253.97, 429.4790
173545,6.4910,0.003888,257.23, 429.4790
173546,6.4949,0.003816,262.08, 429.4799
173547,6.4988,0.003900,256.41, 429.4790
173548,6.5027,0.003840,260.45, 429.4845
173549,6.5066,0.003965,252.18, 429.4801
173550,6.5107,0.004190,238.66, 429.4790
173551,6.5146,0.003924,254.87, 429.4799
173552,6.5186,0.003819,261.86, 429.4799
173553,6.5225,0.003900,256.41, 429.4790
173554,6.5264,0.003907,255.94, 429.4790
173555,6.5303,0.003909,255.83, 429.4798
173556,6.5342,0.003903,256.21, 429.4790
173557,6.5378,0.003840,260.39, 429.4790
173558,6.5417,0.003917,255.32, 429.4790
173559,6.5457,0.003878,257.89, 429.4844
173560,6.5496,0.003937,253.99, 429.4799
173561,6.5535,0.003879,257.82, 429.4820
173562,6.5576,0.003978,251.41, 429.4801
173563,6.5615,0.003901,256.32, 429.4801
173564,6.5652,0.003833,260.89, 429.4814
173565,6.5693,0.004039,247.56, 429.4799
173566,6.5732,0.003857,259.26, 429.4790
173567,6.5769,0.003850,259.77, 429.4799
173568,6.5813,0.004215,237.28, 429.4774
173569,6.5854,0.004157,240.55, 429.4790
173570,6.5894,0.003993,250.46, 429.4790
173571,6.5933,0.003887,257.30, 429.4790
173572,6.5972,0.003832,260.95, 429.4799
173573,6.6011,0.003916,255.35, 429.4790
173574,6.6050,0.003952,253.02, 429.4790
173575,6.6089,0.003893,256.86, 429.4799
173576,6.6128,0.003914,255.52, 429.4799
173577,6.6167,0.003814,262.19, 429.4791
173578,6.6206,0.004104,243.66, 429.4790
173579,6.6245,0.003937,253.99, 429.4790
173580,6.6284,0.003816,262.08, 429.4790
173581,6.6323,0.003924,254.83, 429.4790
173582,6.6362,0.003900,256.44, 429.4815
173583,6.6401,0.003875,258.09, 429.4801
173584,6.6440,0.003880,257.71, 429.4799
173585,6.6479,0.003894,256.82, 429.4799
173586,6.6519,0.003855,259.38, 429.4799
173587,6.6558,0.003890,257.04, 429.4799
173588,6.6597,0.003944,253.56, 429.4792
173589,6.6636,0.003921,255.06, 429.4798
173590,6.6675,0.003894,256.83, 429.4790
173591,6.6711,0.003833,260.87, 429.4790
173592,6.6753,0.003944,253.57, 429.4790
173593,6.6792,0.003895,256.75, 429.4790
173594,6.6831,0.003966,252.16, 429.4790
173595,6.6870,0.003888,257.18, 429.4790
173596,6.6909,0.003923,254.93, 429.4790
173597,6.6948,0.003876,258.02, 429.4790
173598,6.6987,0.003954,252.94, 429.4790
173599,6.7026,0.003938,253.96, 429.4790
173600,6.7065,0.003826,261.34, 429.4790
173601,6.7104,0.004001,249.93, 429.4790
173602,6.7144,0.003918,255.22, 429.4799
173603,6.7185,0.004188,238.77, 429.4774
173604,6.7227,0.004196,238.33, 429.4799
173605,6.7266,0.003857,259.29, 429.4790
173606,6.7305,0.003878,257.84, 429.4790
173607,6.7344,0.003914,255.52, 429.4790
173608,6.7383,0.003884,257.45, 429.4799
173609,6.7422,0.003904,256.18, 429.4790
173610,6.7461,0.003939,253.88, 429.4791
173611,6.7500,0.003851,259.65, 429.4790
173612,6.7539,0.003917,255.28, 429.4790
173613,6.7578,0.003910,255.78, 429.4790
173614,6.7617,0.003833,260.91, 429.4790
173615,6.7656,0.003925,254.75, 429.4790
173616,6.7695,0.003963,252.35, 429.4798
173617,6.7734,0.003831,261.00, 429.4790
173618,6.7773,0.003878,257.89, 429.4798
173619,6.7810,0.003841,260.34, 429.4790
173620,6.7849,0.003903,256.19, 429.4790
173621,6.7888,0.003847,259.92, 429.4799
173622,6.7927,0.003872,258.26, 429.4790
173623,6.7966,0.003888,257.20, 429.4790
173624,6.8005,0.003925,254.81, 429.4799
173625,6.8044,0.003836,260.72, 429.4790
173626,6.8084,0.003890,257.05, 429.4790
173627,6.8123,0.003939,253.88, 429.4799
173628,6.8162,0.003883,257.57, 429.4790
173629,6.8201,0.003902,256.26, 429.4790
173630,6.8240,0.003965,252.22, 429.4790
173631,6.8279,0.003874,258.12, 429.4799
173632,6.8318,0.003918,255.22, 429.4799
173633,6.8357,0.003845,260.07, 429.4790
173634,6.8394,0.003889,257.14, 429.4790
173635,6.8435,0.003919,255.16, 429.4790
173636,6.8472,0.003862,258.91, 429.4790
173637,6.8511,0.003938,253.97, 429.4790
173638,6.8550,0.003872,258.24, 429.4799
173639,6.8589,0.003780,264.56, 429.4801
173640,6.8628,0.003917,255.28, 429.4848
173641,6.8667,0.003909,255.82, 429.4866
173642,6.8709,0.004145,241.27, 429.4832
173643,6.8752,0.004318,231.57, 429.4801
173644,6.8792,0.003943,253.59, 429.4790
173645,6.8828,0.003852,259.59, 429.4799
173646,6.8870,0.003928,254.61, 429.4790
173647,6.8909,0.003919,255.15, 429.4790
173648,6.8945,0.003859,259.13, 429.4799
173649,6.8984,0.003892,256.93, 429.4790
173650,6.9023,0.003874,258.12, 429.4799
173651,6.9063,0.003964,252.25, 429.4790
173652,6.9102,0.003900,256.43, 429.4790
173653,6.9141,0.003848,259.89, 429.4790
173654,6.9180,0.003938,253.97, 429.4790
173655,6.9219,0.003877,257.96, 429.4832
173656,6.9258,0.003902,256.30, 429.4801
173657,6.9297,0.003834,260.80, 429.4799
173658,6.9336,0.003965,252.23, 429.4790
173659,6.9375,0.003794,263.59, 429.4799
173660,6.9414,0.003882,257.57, 429.4799
173661,6.9451,0.003879,257.81, 429.4790
173662,6.9490,0.003889,257.16, 429.4790
173663,6.9529,0.003859,259.15, 429.4799
173664,6.9568,0.003804,262.87, 429.4790
173665,6.9607,0.003877,257.91, 429.4790
173666,6.9646,0.003941,253.76, 429.4844
173667,6.9685,0.003963,252.33, 429.4790
173668,6.9724,0.003882,257.59, 429.4790
173669,6.9763,0.003893,256.86, 429.4799
173670,6.9802,0.003860,259.06, 429.4790
173671,6.9841,0.003910,255.73, 429.4791
173672,6.9880,0.003865,258.71, 429.4790
173673,6.9917,0.003858,259.22, 429.4790
173674,6.9959,0.003959,252.57, 429.4790
173675,6.9998,0.003922,254.95, 429.4790
173676,7.0037,0.003887,257.26, 429.4790
173677,7.0073,0.003839,260.51, 429.4799
173678,7.0112,0.003872,258.26, 429.4790
173679,7.0154,0.004016,249.02, 429.4790
173680,7.0193,0.003956,252.81, 429.4799
173681,7.0229,0.003820,261.78, 429.4790
173682,7.0269,0.003906,256.04, 429.4800
173683,7.0310,0.003944,253.56, 429.4790
173684,7.0347,0.003847,259.94, 429.4799
173685,7.0386,0.003912,255.65, 429.4799
173686,7.0425,0.003888,257.21, 429.4790
173687,7.0464,0.003878,257.85, 429.4798
173688,7.0503,0.003851,259.67, 429.4832
173689,7.0542,0.003908,255.86, 429.4790
173690,7.0581,0.003943,253.59, 429.4790
173691,7.0620,0.003873,258.17, 429.4790
173692,7.0659,0.003800,263.14, 429.4790
173693,7.0696,0.003881,257.65, 429.4790
173694,7.0737,0.003959,252.57, 429.4790
173695,7.0774,0.003814,262.19, 429.4790
173696,7.0813,0.003916,255.36, 429.4790
173697,7.0852,0.003933,254.27, 429.4790
173698,7.0891,0.003899,256.49, 429.4799
173699,7.0935,0.004262,234.65, 429.4790
173700,7.0977,0.004103,243.75, 429.4790
173701,7.1021,0.004407,226.90, 429.4709
173702,7.1062,0.004279,233.70, 429.4791
173703,7.1108,0.004654,214.85, 429.4790
173704,7.1150,0.004046,247.18, 429.4799
173705,7.1189,0.003976,251.50, 429.4790
173706,7.1228,0.003919,255.14, 429.4799
173707,7.1267,0.003821,261.75, 429.4790
173708,7.1306,0.003918,255.25, 429.4790
173709,7.1345,0.003920,255.13, 429.4799
173710,7.1384,0.003831,261.01, 429.4790
173711,7.1421,0.003855,259.40, 429.4790
173712,7.1460,0.003910,255.78, 429.4799
173713,7.1499,0.003913,255.58, 429.4790
173714,7.1538,0.003876,258.00, 429.4790
173715,7.1577,0.003791,263.76, 429.4790
173716,7.1616,0.003863,258.85, 429.4790
173717,7.1653,0.003847,259.98, 429.4799
173718,7.1692,0.003880,257.74, 429.4790
173719,7.1731,0.003894,256.82, 429.4790
173720,7.1770,0.003835,260.74, 429.4790
173721,7.1809,0.003821,261.69, 429.4791
173722,7.1846,0.003854,259.50, 429.4799
173723,7.1885,0.003894,256.81, 429.4799
173724,7.1926,0.003942,253.71, 429.4789
173725,7.1963,0.003854,259.47, 429.4799
173726,7.2002,0.003859,259.11, 429.4799
173727,7.2041,0.003841,260.37, 429.4799
173728,7.2080,0.003883,257.53, 429.4790
173729,7.2117,0.003768,265.43, 429.4801
173730,7.2156,0.003899,256.49, 429.4790
173731,7.2195,0.003934,254.20, 429.4798
173732,7.2234,0.003788,263.98, 429.4790
173733,7.2273,0.003877,257.96, 429.4791
173734,7.2312,0.003935,254.11, 429.4790
173735,7.2351,0.003843,260.25, 429.4791
173736,7.2388,0.003860,259.09, 429.4799
173737,7.2427,0.003808,262.58, 429.4790
173738,7.2466,0.003870,258.42, 429.4799
173739,7.2505,0.003877,257.94, 429.4791
173740,7.2542,0.003766,265.51, 429.4790
173741,7.2581,0.003876,258.00, 429.4791
173742,7.2620,0.003970,251.87, 429.4799
173743,7.2659,0.003809,262.56, 429.4838
173744,7.2698,0.003967,252.07, 429.4832
173745,7.2737,0.003974,251.67, 429.4798
173746,7.2776,0.003862,258.93, 429.4790
173747,7.2815,0.003939,253.87, 429.4799
173748,7.2854,0.003848,259.87, 429.4790
173749,7.2893,0.003864,258.83, 429.4798
173750,7.2932,0.003907,255.92, 429.4794
173751,7.2971,0.003835,260.74, 429.4790
173752,7.3010,0.004024,248.48, 429.4790
173753,7.3049,0.003823,261.61, 429.4790
173754,7.3088,0.003853,259.52, 429.4790
173755,7.3127,0.003934,254.20, 429.4790
173756,7.3164,0.003843,260.25, 429.4839
173757,7.3206,0.003978,251.41, 429.4801
173758,7.3245,0.003900,256.44, 429.4790
173759,7.3284,0.003933,254.25, 429.4790
173760,7.3323,0.003932,254.34, 429.4790
173761,7.3362,0.003875,258.06, 429.4798
173762,7.3401,0.003885,257.37, 429.4799
173763,7.3438,0.003863,258.86, 429.4790
173764,7.3477,0.003850,259.75, 429.4790
173765,7.3516,0.003882,257.57, 429.4790
173766,7.3555,0.003952,253.07, 429.4790
173767,7.3594,0.003887,257.27, 429.4791
173768,7.3633,0.003817,262.00, 429.4790
173769,7.3672,0.003909,255.80, 429.4790
173770,7.3711,0.003941,253.77, 429.4832
173771,7.3750,0.003993,250.42, 429.4790
173772,7.3789,0.003896,256.67, 429.4790
173773,7.3828,0.003885,257.39, 429.4790
173774,7.3867,0.003871,258.31, 429.4790
173775,7.3906,0.003884,257.46, 429.4801
173776,7.3945,0.003861,258.99, 429.4799
173777,7.3984,0.003907,255.98, 429.4790
173778,7.4023,0.003965,252.22, 429.4790
173779,7.4063,0.003819,261.83, 429.4791
173780,7.4102,0.003849,259.81, 429.4799
173781,7.4141,0.003979,251.34, 429.4799
173782,7.4180,0.003957,252.71, 429.4799
173783,7.4219,0.003914,255.48, 429.4790
173784,7.4258,0.003930,254.47, 429.4799
173785,7.4297,0.003865,258.71, 429.4790
173786,7.4336,0.003965,252.21, 429.4790
173787,7.4380,0.004302,232.44, 429.4744
173788,7.4419,0.003850,259.71, 429.4790
173789,7.4458,0.003901,256.34, 429.4799
173790,7.4497,0.003941,253.74, 429.4790
173791,7.4536,0.003964,252.30, 429.4790
173792,7.4575,0.003814,262.21, 429.4832
173793,7.4614,0.004095,244.22, 429.4790
173794,7.4653,0.003905,256.07, 429.4790
173795,7.4692,0.003925,254.77, 429.4790
173796,7.4731,0.003851,259.67, 429.4799
173797,7.4771,0.003862,258.93, 429.4790
173798,7.4810,0.003932,254.35, 429.4799
173799,7.4849,0.003834,260.83, 429.4790
173800,7.4888,0.003903,256.22, 429.4799
173801,7.4927,0.003911,255.67, 429.4790
173802,7.4966,0.003831,261.06, 429.4798
173803,7.5002,0.003859,259.15, 429.4857
173804,7.5044,0.004000,249.99, 429.4799
173805,7.5083,0.003916,255.35, 429.4790
173806,7.5122,0.004067,245.88, 429.4790
173807,7.5161,0.003887,257.27, 429.4791
173808,7.5203,0.003954,252.91, 429.4799
173809,7.5239,0.003886,257.36, 429.4790
173810,7.5278,0.003813,262.27, 429.4799
173811,7.5317,0.003897,256.61, 429.4790
173812,7.5356,0.003895,256.75, 429.4799
173813,7.5396,0.003822,261.62, 429.4799
173814,7.5435,0.003941,253.77, 429.4790
173815,7.5474,0.003884,257.49, 429.4799
173816,7.5510,0.003850,259.77, 429.4799
173817,7.5549,0.003884,257.47, 429.4835
173818,7.5588,0.003935,254.14, 429.4790
173819,7.5630,0.003933,254.26, 429.4790
173820,7.5671,0.004299,232.59, 429.4789
173821,7.5710,0.003870,258.38, 429.4790
173822,7.5750,0.003888,257.20, 429.4799
173823,7.5789,0.003927,254.62, 429.4790
173824,7.5828,0.003861,258.99, 429.4799
173825,7.5867,0.003892,256.92, 429.4790
173826,7.5906,0.003875,258.10, 429.4790
173827,7.5945,0.003882,257.60, 429.4799
173828,7.5981,0.003838,260.53, 429.4799
173829,7.6021,0.003946,253.40, 429.4799
173830,7.6060,0.003865,258.73, 429.4790
173831,7.6099,0.003890,257.09, 429.4799
173832,7.6138,0.003893,256.85, 429.4791
173833,7.6177,0.003879,257.77, 429.4790
173834,7.6216,0.003886,257.33, 429.4790
173835,7.6255,0.003896,256.70, 429.4790
173836,7.6294,0.003902,256.31, 429.4790
173837,7.6333,0.003863,258.89, 429.4790
173838,7.6370,0.003820,261.77, 429.4790
173839,7.6409,0.003891,257.03, 429.4790
173840,7.6450,0.003970,251.86, 429.4790
173841,7.6487,0.003826,261.38, 429.4790
173842,7.6526,0.003888,257.20, 429.4790
173843,7.6565,0.003947,253.39, 429.4790
173844,7.6604,0.003845,260.08, 429.4790
173845,7.6643,0.003885,257.38, 429.4790
173846,7.6682,0.003852,259.58, 429.4790
173847,7.6721,0.003934,254.22, 429.4790
173848,7.6760,0.003914,255.51, 429.4790
173849,7.6799,0.003825,261.47, 429.4799
173850,7.6838,0.003896,256.67, 429.4790
173851,7.6877,0.003977,251.42, 429.4790
173852,7.6917,0.003824,261.53, 429.4799
173853,7.6956,0.004014,249.11, 429.4789
173854,7.6995,0.003967,252.09, 429.4790
173855,7.7034,0.003848,259.90, 429.4790
173856,7.7073,0.003948,253.32, 429.4790
173857,7.7112,0.003858,259.18, 429.4799
173858,7.7151,0.003886,257.33, 429.4790
173859,7.7190,0.004022,248.63, 429.4789
173860,7.7229,0.003849,259.79, 429.4790
173861,7.7268,0.003968,252.03, 429.4790
173862,7.7307,0.003924,254.87, 429.4790
173863,7.7346,0.003848,259.88, 429.4790
173864,7.7385,0.003887,257.28, 429.4790
173865,7.7424,0.003881,257.65, 429.4790
173866,7.7463,0.003814,262.22, 429.4799
173867,7.7502,0.003969,251.94, 429.4790
173868,7.7542,0.003929,254.52, 429.4790
173869,7.7581,0.003873,258.18, 429.4790
173870,7.7620,0.003905,256.06, 429.4790
173871,7.7659,0.003890,257.06, 429.4799
173872,7.7698,0.003924,254.82, 429.4790
173873,7.7737,0.003879,257.79, 429.4799
173874,7.7773,0.003834,260.86, 429.4790
173875,7.7815,0.003989,250.70, 429.4790
173876,7.7854,0.003924,254.82, 429.4790
173877,7.7893,0.003876,257.99, 429.4799
173878,7.7932,0.003874,258.12, 429.4790
173879,7.7969,0.003827,261.33, 429.4838
173880,7.8008,0.003911,255.67, 429.4809
173881,7.8047,0.003906,256.05, 429.4832
173882,7.8088,0.003974,251.66, 429.4801
173883,7.8125,0.003878,257.86, 429.4790
173884,7.8164,0.003908,255.91, 429.4799
173885,7.8203,0.003919,255.20, 429.4790
173886,7.8245,0.003926,254.74, 429.4790
173887,7.8281,0.003871,258.31, 429.4790
173888,7.8323,0.004021,248.71, 429.4789
173889,7.8362,0.003955,252.83, 429.4790
173890,7.8401,0.003870,258.41, 429.5415
173891,7.8440,0.003874,258.12, 429.4790
173892,7.8479,0.003981,251.17, 429.4790
173893,7.8518,0.003873,258.21, 429.4790
173894,7.8557,0.003830,261.08, 429.4790
173895,7.8596,0.003929,254.54, 429.4791
173896,7.8635,0.003933,254.23, 429.4812
173897,7.8674,0.003909,255.83, 429.4790
173898,7.8713,0.003933,254.25, 429.4801
173899,7.8752,0.003915,255.41, 429.4790
173900,7.8794,0.004239,235.88, 429.4790
173901,7.8835,0.004043,247.32, 429.4799
173902,7.8875,0.003880,257.74, 429.4790
173903,7.8914,0.003849,259.78, 429.4799
173904,7.8953,0.003885,257.39, 429.4799
173905,7.8989,0.003848,259.90, 429.4790
173906,7.9028,0.003869,258.44, 429.4799
173907,7.9067,0.003860,259.09, 429.4790
173908,7.9106,0.004005,249.71, 429.4790
173909,7.9146,0.003914,255.47, 429.4790
173910,7.9185,0.003906,256.00, 429.4797
173911,7.9224,0.003839,260.48, 429.4790
173912,7.9263,0.003886,257.35, 429.4790
173913,7.9302,0.003891,257.02, 429.4790
173914,7.9341,0.003838,260.57, 429.4799
173915,7.9380,0.003928,254.60, 429.4798
173916,7.9419,0.003905,256.09, 429.4790
173917,7.9458,0.003844,260.15, 429.4790
173918,7.9497,0.003945,253.48, 429.4790
173919,7.9534,0.003848,259.86, 429.4798
173920,7.9575,0.003943,253.65, 429.4790
173921,7.9614,0.003899,256.45, 429.4790
173922,7.9651,0.003824,261.53, 429.4790
173923,7.9692,0.003977,251.45, 429.4790
173924,7.9729,0.003902,256.29, 429.4799
173925,7.9768,0.003834,260.82, 429.4790
173926,7.9807,0.003894,256.82, 429.4790
173927,7.9846,0.003900,256.44, 429.4790
173928,7.9885,0.003931,254.42, 429.4790
173929,7.9924,0.003919,255.17, 429.4790
173930,7.9963,0.003810,262.46, 429.4866
173931,8.0005,0.004271,234.14, 429.4790
173932,8.0044,0.003893,256.88, 429.4801
173933,8.0083,0.003795,263.54, 429.4799
173934,8.0122,0.003952,253.03, 429.4790
173935,8.0161,0.003843,260.20, 429.4790
173936,8.0200,0.003863,258.87, 429.4790
173937,8.0239,0.004010,249.35, 429.4799
173938,8.0278,0.003901,256.38, 429.4790
173939,8.0317,0.003834,260.82, 429.4791
173940,8.0356,0.004087,244.68, 429.4789
173941,8.0396,0.003879,257.81, 429.4834
173942,8.0435,0.003904,256.16, 429.4799
173943,8.0474,0.003868,258.54, 429.4790
173944,8.0513,0.003897,256.61, 429.4799
173945,8.0552,0.003871,258.32, 429.4790
173946,8.0591,0.003889,257.17, 429.4790
173947,8.0630,0.003899,256.48, 429.4790
173948,8.0669,0.003842,260.29, 429.4799
173949,8.0708,0.003887,257.27, 429.4798
173950,8.0745,0.003801,263.11, 429.4791
173951,8.0784,0.003847,259.92, 429.4790
173952,8.0823,0.003918,255.25, 429.4799
173953,8.0862,0.003867,258.63, 429.4801
173954,8.0901,0.003924,254.84, 429.4790
173955,8.0940,0.003856,259.35, 429.4790
173956,8.0977,0.003803,262.98, 429.4790
173957,8.1018,0.004168,239.92, 429.4790
173958,8.1060,0.004026,248.39, 429.4790
173959,8.1099,0.003963,252.36, 429.4790
173960,8.1150,0.005014,199.46, 429.4799
173961,8.1194,0.004462,224.12, 429.4799
173962,8.1233,0.003891,257.02, 429.4818
173963,8.1272,0.003993,250.46, 429.4799
173964,8.1311,0.003989,250.72, 429.4790
173965,8.1350,0.003901,256.32, 429.4790
173966,8.1389,0.003912,255.60, 429.4791
173967,8.1428,0.003909,255.79, 429.4790
173968,8.1467,0.003907,255.95, 429.4799
173969,8.1509,0.003928,254.58, 429.4799
173970,8.1548,0.003908,255.92, 429.4790
173971,8.1584,0.003880,257.76, 429.4790
173972,8.1626,0.003943,253.59, 429.4801
173973,8.1665,0.003977,251.45, 429.4790
173974,8.1704,0.003883,257.55, 429.4790
173975,8.1743,0.003900,256.40, 429.4790
173976,8.1782,0.003903,256.25, 429.4799
173977,8.1821,0.003931,254.39, 429.4790
173978,8.1860,0.003854,259.48, 429.4800
173979,8.1897,0.003832,260.95, 429.4790
173980,8.1936,0.003891,257.00, 429.4798
173981,8.1975,0.003892,256.91, 429.4791
173982,8.2014,0.003888,257.23, 429.4799
173983,8.2053,0.003904,256.16, 429.4790
173984,8.2097,0.004328,231.07, 429.4719
173985,8.2139,0.004176,239.47, 429.4829
173986,8.2180,0.004154,240.71, 429.4790
173987,8.2222,0.004188,238.76, 429.4790
173988,8.2266,0.004477,223.39, 429.4774
173989,8.2310,0.004265,234.49, 429.4790
173990,8.2349,0.004035,247.84, 429.4790
173991,8.2390,0.004094,244.29, 429.4789
173992,8.2432,0.004178,239.34, 429.4806
173993,8.2473,0.003986,250.90, 429.4790
173994,8.2512,0.003956,252.79, 429.4790
173995,8.2551,0.004029,248.23, 429.4790
173996,8.2593,0.003991,250.54, 429.4790
173997,8.2632,0.003880,257.71, 429.4829
173998,8.2673,0.004214,237.32, 429.4802
173999,8.2712,0.003921,255.01, 429.4790
174000,8.2751,0.003906,256.00, 429.4846
174001,8.2793,0.004076,245.34, 429.4790
174002,8.2832,0.003936,254.09, 429.4799
174003,8.2869,0.003829,261.18, 429.4799
174004,8.2908,0.003893,256.88, 429.4790
174005,8.2947,0.003885,257.42, 429.4798
174006,8.2986,0.003914,255.50, 429.4790
174007,8.3025,0.003941,253.76, 429.4790
174008,8.3064,0.003823,261.58, 429.4790
174009,8.3103,0.003892,256.92, 429.4791
174010,8.3142,0.003901,256.35, 429.4799
174011,8.3181,0.003891,256.98, 429.4790
174012,8.3223,0.004119,242.80, 429.4790
174013,8.3259,0.003819,261.88, 429.4790
174014,8.3298,0.003842,260.29, 429.4790
174015,8.3337,0.003940,253.83, 429.4790
174016,8.3376,0.003906,256.03, 429.4801
174017,8.3416,0.003859,259.15, 429.4790
174018,8.3455,0.003895,256.73, 429.4790
174019,8.3494,0.003910,255.76, 429.4799
174020,8.3533,0.003866,258.67, 429.4790
174021,8.3572,0.003932,254.35, 429.4790
174022,8.3611,0.003872,258.26, 429.4790
174023,8.3650,0.003947,253.33, 429.4790
174024,8.3691,0.004004,249.74, 429.4790
174025,8.3728,0.003868,258.50, 429.4799
174026,8.3767,0.003856,259.32, 429.4828
174027,8.3806,0.003942,253.66, 429.4799
174028,8.3845,0.003799,263.21, 429.4790
174029,8.3884,0.003867,258.59, 429.4799
174030,8.3923,0.003889,257.16, 429.4834
174031,8.3960,0.003869,258.48, 429.4799
174032,8.4001,0.003947,253.34, 429.4801
174033,8.4038,0.003856,259.33, 429.4840
174034,8.4080,0.003943,253.61, 429.4854
174035,8.4119,0.003973,251.68, 429.4864
174036,8.4158,0.004057,246.52, 429.4789
174037,8.4199,0.003935,254.15, 429.4798
174038,8.4238,0.003906,256.05, 429.4790
174039,8.4275,0.003774,265.01, 429.4799
174040,8.4314,0.003986,250.87, 429.4790
174041,8.4353,0.003888,257.18, 429.4790
174042,8.4392,0.003846,260.04, 429.5415
174043,8.4431,0.003909,255.81, 429.4801
174044,8.4470,0.003922,255.00, 429.4799
174045,8.4509,0.003899,256.51, 429.4790
174046,8.4548,0.003863,258.85, 429.4790
174047,8.4587,0.003862,258.93, 429.4799
174048,8.4626,0.003925,254.78, 429.4799
174049,8.4666,0.003899,256.46, 429.4790
174050,8.4705,0.003874,258.14, 429.4790
174051,8.4744,0.003917,255.28, 429.4790
174052,8.4783,0.003868,258.54, 429.4790
174053,8.4819,0.003800,263.17, 429.4790
174054,8.4858,0.003928,254.60, 429.4790
174055,8.4897,0.003882,257.59, 429.4799
174056,8.4937,0.003860,259.07, 429.4790
174057,8.4976,0.003894,256.84, 429.4790
174058,8.5015,0.003901,256.33, 429.4790
174059,8.5054,0.003841,260.38, 429.4799
174060,8.5093,0.003930,254.44, 429.4790
174061,8.5132,0.003989,250.68, 429.4790
174062,8.5171,0.003927,254.66, 429.4790
174063,8.5210,0.003895,256.73, 429.4790
174064,8.5249,0.003934,254.19, 429.4799
174065,8.5288,0.003885,257.40, 429.4790
174066,8.5327,0.003921,255.04, 429.4790
174067,8.5366,0.003824,261.49, 429.4790
174068,8.5405,0.003895,256.72, 429.4790
174069,8.5444,0.003923,254.89, 429.4790
174070,8.5481,0.003807,262.67, 429.4790
174071,8.5520,0.003898,256.53, 429.4790
174072,8.5562,0.003971,251.86, 429.4790
174073,8.5598,0.003871,258.32, 429.4791
174074,8.5637,0.003887,257.29, 429.4815
174075,8.5676,0.003879,257.82, 429.4790
174076,8.5715,0.003914,255.49, 429.4790
174077,8.5754,0.003909,255.81, 429.4790
174078,8.5793,0.003849,259.80, 429.4790
174079,8.5833,0.003924,254.82, 429.4790
174080,8.5872,0.003873,258.22, 429.4790
174081,8.5911,0.003934,254.19, 429.4790
174082,8.5950,0.003839,260.47, 429.4790
174083,8.5989,0.003951,253.09, 429.4799
174084,8.6028,0.003888,257.20, 429.4790
174085,8.6067,0.003858,259.23, 429.4790
174086,8.6106,0.003887,257.29, 429.4799
174087,8.6145,0.003889,257.13, 429.4790
174088,8.6184,0.003935,254.14, 429.4790
174089,8.6223,0.003860,259.10, 429.4790
174090,8.6262,0.003940,253.78, 429.4790
174091,8.6301,0.003907,255.97, 429.4790
174092,8.6338,0.003833,260.91, 429.4798
174093,8.6377,0.003923,254.92, 429.4799
174094,8.6416,0.003824,261.49, 429.4818
174095,8.6455,0.003846,260.00, 429.4799
174096,8.6494,0.003976,251.49, 429.4799
174097,8.6533,0.003921,255.02, 429.4814
174098,8.6577,0.004283,233.50, 429.4694
174099,8.6616,0.003920,255.08, 429.4790
174100,8.6655,0.003830,261.07, 429.4832
174101,8.6694,0.004141,241.51, 429.4790
174102,8.6736,0.003973,251.69, 429.4799
174103,8.6775,0.003907,255.93, 429.4825
174104,8.6814,0.003976,251.50, 429.4790
174105,8.6853,0.003885,257.40, 429.4832
174106,8.6892,0.003977,251.47, 429.4790
174107,8.6931,0.003908,255.87, 429.4798
174108,8.6970,0.003957,252.74, 429.4790
174109,8.7009,0.003851,259.65, 429.4791
174110,8.7048,0.003944,253.54, 429.4790
174111,8.7087,0.003873,258.23, 429.4790
174112,8.7126,0.003933,254.25, 429.4799
174113,8.7166,0.003864,258.83, 429.4790
174114,8.7205,0.003954,252.89, 429.4790
174115,8.7244,0.003811,262.38, 429.4790
174116,8.7283,0.003880,257.74, 429.4799
174117,8.7322,0.003914,255.47, 429.4790
174118,8.7361,0.003858,259.19, 429.4799
174119,8.7400,0.003900,256.44, 429.4790
174120,8.7439,0.003882,257.61, 429.4790
174121,8.7478,0.003944,253.52, 429.4828
174122,8.7517,0.003955,252.86, 429.4790
174123,8.7556,0.003822,261.66, 429.4790
174124,8.7595,0.003899,256.46, 429.4832
174125,8.7634,0.004030,248.14, 429.4790
174126,8.7673,0.003849,259.82, 429.4790
174127,8.7712,0.003868,258.54, 429.4790
174128,8.7751,0.003895,256.73, 429.4790
174129,8.7791,0.003870,258.38, 429.4790
174130,8.7827,0.003876,258.02, 429.4799
174131,8.7866,0.003915,255.45, 429.4790
174132,8.7905,0.003885,257.38, 429.4790
174133,8.7944,0.003884,257.46, 429.4790
174134,8.7983,0.003823,261.59, 429.4790
174135,8.8022,0.003936,254.08, 429.4790
174136,8.8062,0.003929,254.50, 429.4790
174137,8.8101,0.003856,259.34, 429.4790
174138,8.8145,0.004312,231.93, 429.4659
174139,8.8184,0.003917,255.31, 429.4790
174140,8.8220,0.003878,257.84, 429.4790
174141,8.8262,0.003924,254.86, 429.4798
174142,8.8301,0.003901,256.32, 429.4799
174143,8.8337,0.003802,263.03, 429.4790
174144,8.8376,0.003932,254.31, 429.4799
174145,8.8416,0.003921,255.06, 429.4790
174146,8.8455,0.003831,261.06, 429.4798
174147,8.8494,0.003894,256.82, 429.4794
174148,8.8533,0.003977,251.43, 429.4792
174149,8.8572,0.003902,256.30, 429.4799
174150,8.8611,0.003921,255.07, 429.4790
174151,8.8650,0.003808,262.58, 429.4790
174152,8.8689,0.003915,255.40, 429.4790
174153,8.8728,0.003993,250.46, 429.4790
174154,8.8767,0.003792,263.73, 429.4790
174155,8.8806,0.003893,256.90, 429.4790
174156,8.8845,0.004016,249.00, 429.4799
174157,8.8892,0.004532,220.64, 429.4714
174158,8.8933,0.004131,242.09, 429.4790
174159,8.8972,0.003999,250.05, 429.4790
174160,8.9014,0.004112,243.18, 429.4790
174161,8.9053,0.003996,250.24, 429.4790
174162,8.9092,0.003930,254.48, 429.4798
174163,8.9133,0.003946,253.41, 429.4790
174164,8.9172,0.004045,247.22, 429.4790
174165,8.9211,0.004008,249.51, 429.4799
174166,8.9250,0.003863,258.89, 429.4790
174167,8.9290,0.003946,253.42, 429.4790
174168,8.9331,0.004084,244.89, 429.4790
174169,8.9370,0.003877,257.93, 429.4790
174170,8.9409,0.003957,252.72, 429.4790
174171,8.9451,0.003999,250.09, 429.4790
174172,8.9490,0.003898,256.56, 429.4790
174173,8.9529,0.003947,253.38, 429.4790
174174,8.9568,0.003918,255.24, 429.4790
174175,8.9607,0.003953,252.95, 429.4790
174176,8.9646,0.003941,253.75, 429.4790
174177,8.9685,0.003891,257.01, 429.4790
174178,8.9724,0.003999,250.06, 429.4792
174179,8.9766,0.003967,252.08, 429.4800
174180,8.9805,0.003906,256.02, 429.4790
174181,8.9844,0.003973,251.69, 429.4790
174182,8.9883,0.003953,253.00, 429.4799
174183,8.9922,0.003910,255.75, 429.4790
174184,8.9963,0.004006,249.62, 429.4798
174185,9.0002,0.003980,251.25, 429.4790
174186,9.0042,0.003949,253.26, 429.4790
174187,9.0081,0.003977,251.48, 429.4790
174188,9.0122,0.003975,251.60, 429.4790
174189,9.0161,0.003934,254.17, 429.4790
174190,9.0200,0.003973,251.72, 429.4790
174191,9.0239,0.003959,252.61, 429.4790
174192,9.0281,0.004114,243.05, 429.4790
174193,9.0322,0.004016,248.98, 429.4790
174194,9.0361,0.004045,247.21, 429.4790
174195,9.0400,0.003852,259.62, 429.4790
174196,9.0442,0.004134,241.87, 429.4792
174197,9.0481,0.003970,251.92, 429.4790
174198,9.0520,0.003961,252.46, 429.4790
174199,9.0562,0.003995,250.34, 429.4790
174200,9.0601,0.004051,246.85, 429.4790
174201,9.0642,0.004124,242.48, 429.4790
174202,9.0684,0.004042,247.42, 429.4790
174203,9.0723,0.003934,254.22, 429.4790
174204,9.0762,0.003894,256.81, 429.4790
174205,9.0801,0.003903,256.22, 429.4832
174206,9.0840,0.003973,251.70, 429.4790
174207,9.0881,0.004048,247.04, 429.4792
174208,9.0928,0.004846,206.34, 429.4789
174209,9.0974,0.004520,221.23, 429.4789
174210,9.1016,0.004168,239.93, 429.4790
174211,9.1060,0.004314,231.80, 429.4799
174212,9.1101,0.004198,238.20, 429.4864
174213,9.1145,0.004405,227.03, 429.4799
174214,9.1184,0.003939,253.88, 429.4798
174215,9.1223,0.003979,251.33, 429.4790
174216,9.1265,0.003961,252.47, 429.4790
174217,9.1304,0.003945,253.49, 429.4790
174218,9.1343,0.003910,255.74, 429.4832
174219,9.1382,0.004022,248.66, 429.4790
174220,9.1421,0.003899,256.48, 429.4799
174221,9.1460,0.003930,254.47, 429.4790
174222,9.1499,0.003863,258.84, 429.4790
174223,9.1538,0.003922,254.99, 429.4790
174224,9.1577,0.003893,256.85, 429.4790
174225,9.1616,0.003852,259.61, 429.4790
174226,9.1655,0.003891,257.00, 429.4790
174227,9.1694,0.003965,252.22, 429.4799
174228,9.1733,0.003876,258.02, 429.4799
174229,9.1772,0.003857,259.30, 429.4790
174230,9.1812,0.003837,260.59, 429.4790
174231,9.1851,0.003979,251.34, 429.4790
174232,9.1890,0.003928,254.61, 429.4799
174233,9.1926,0.003803,262.92, 429.4790
174234,9.1965,0.003874,258.15, 429.4790
174235,9.2007,0.004139,241.63, 429.4790
174236,9.2046,0.003898,256.52, 429.4790
174237,9.2090,0.004218,237.06, 429.4789
174238,9.2131,0.004255,235.00, 429.4807
174239,9.2170,0.003861,258.98, 429.4859
174240,9.2212,0.004287,233.25, 429.4790
174241,9.2256,0.004360,229.34, 429.4507
174242,9.2297,0.004011,249.34, 429.4799
174243,9.2336,0.004046,247.17, 429.4799
174244,9.2375,0.003947,253.35, 429.4790
174245,9.2417,0.003943,253.61, 429.4790
174246,9.2456,0.004074,245.45, 429.4790
174247,9.2498,0.004002,249.88, 429.4790
174248,9.2537,0.003928,254.60, 429.4790
174249,9.2576,0.003992,250.48, 429.4790
174250,9.2617,0.004024,248.54, 429.4790
174251,9.2656,0.003906,256.01, 429.4839
174252,9.2698,0.004152,240.85, 429.4790
174253,9.2737,0.004030,248.15, 429.4799
174254,9.2778,0.004119,242.77, 429.4790
174255,9.2817,0.003986,250.90, 429.4790
174256,9.2859,0.004006,249.61, 429.4799
174257,9.2898,0.003897,256.63, 429.4790
174258,9.2937,0.004045,247.23, 429.4857
174259,9.2979,0.004151,240.88, 429.4843
174260,9.3020,0.004115,243.01, 429.4790
174261,9.3062,0.004028,248.24, 429.4799
174262,9.3101,0.004039,247.57, 429.4790
174263,9.3140,0.003806,262.74, 429.4801
174264,9.3179,0.003913,255.59, 429.4790
174265,9.3218,0.003908,255.87, 429.9709
174266,9.3259,0.004224,236.77, 429.4790
174267,9.3298,0.003878,257.84, 429.4799
174268,9.3337,0.003860,259.04, 429.4790
174269,9.3376,0.003982,251.14, 429.4801
174270,9.3416,0.003940,253.79, 429.4790
174271,9.3455,0.003893,256.90, 429.4790
174272,9.3494,0.003904,256.13, 429.4799
174273,9.3533,0.003897,256.64, 429.4790
174274,9.3572,0.003791,263.77, 429.4790
174275,9.3611,0.003953,252.98, 429.4790
174276,9.3650,0.003905,256.08, 429.4798
174277,9.3689,0.003881,257.69, 429.4802
174278,9.3730,0.004135,241.87, 429.4792
174279,9.3770,0.003927,254.65, 429.4799
174280,9.3806,0.003849,259.81, 429.4799
174281,9.3845,0.003872,258.30, 429.4790
174282,9.3884,0.003905,256.06, 429.4791
174283,9.3923,0.003841,260.37, 429.4790
174284,9.3962,0.003906,256.00, 429.4799
174285,9.4001,0.003805,262.81, 429.4866
174286,9.4043,0.004258,234.84, 429.4799
174287,9.4082,0.003888,257.22, 429.4790
174288,9.4121,0.003867,258.63, 429.4790
174289,9.4160,0.003871,258.36, 429.4791
174290,9.4199,0.003944,253.58, 429.4790
174291,9.4236,0.003784,264.30, 429.4790
174292,9.4275,0.003854,259.50, 429.4790
174293,9.4316,0.004232,236.32, 429.4734
174294,9.4355,0.003868,258.50, 429.4790
174295,9.4395,0.003864,258.78, 429.4799
174296,9.4434,0.003807,262.69, 429.4866
174297,9.4473,0.004088,244.62, 429.4828
174298,9.4514,0.003935,254.10, 429.4790
174299,9.4553,0.003911,255.71, 429.4799
174300,9.4590,0.003820,261.81, 429.4791
174301,9.4629,0.003940,253.82, 429.4790
174302,9.4668,0.003825,261.41, 429.4799
174303,9.4707,0.003919,255.20, 429.4790
174304,9.4746,0.003877,257.93, 429.4790
174305,9.4783,0.003787,264.06, 429.4790
174306,9.4822,0.003886,257.35, 429.4790
174307,9.4861,0.003862,258.91, 429.4810
174308,9.4900,0.003825,261.46, 429.4801
174309,9.4939,0.003899,256.50, 429.4790
174310,9.4978,0.003831,261.04, 429.4798
174311,9.5015,0.003854,259.44, 429.4799
174312,9.5054,0.003839,260.49, 429.4799
174313,9.5093,0.003786,264.11, 429.4790
174314,9.5132,0.004070,245.72, 429.4809
174315,9.5171,0.003848,259.90, 429.4790
174316,9.5210,0.003814,262.23, 429.4790
174317,9.5249,0.003889,257.16, 429.4790
174318,9.5288,0.003925,254.76, 429.4799
174319,9.5325,0.003793,263.64, 429.4799
174320,9.5364,0.003889,257.13, 429.4790
174321,9.5403,0.003868,258.54, 429.4798
174322,9.5442,0.003839,260.52, 429.4790
174323,9.5481,0.003872,258.25, 429.4826
174324,9.5518,0.003840,260.42, 429.4790
174325,9.5557,0.003854,259.48, 429.4799
174326,9.5596,0.003939,253.89, 429.4791
174327,9.5635,0.003818,261.94, 429.4799
174328,9.5674,0.003880,257.75, 429.4799
174329,9.5710,0.003817,261.99, 429.4834
174330,9.5752,0.003964,252.30, 429.4799
174331,9.5789,0.003864,258.81, 429.4794
174332,9.5830,0.003997,250.20, 429.4789
174333,9.5869,0.003846,260.02, 429.4799
174334,9.5906,0.003848,259.91, 429.4799
174335,9.5945,0.003820,261.81, 429.4790
174336,9.5984,0.003937,254.00, 429.4790
174337,9.6023,0.003827,261.27, 429.4790
174338,9.6060,0.003830,261.12, 429.4790
174339,9.6099,0.003859,259.14, 429.4790
174340,9.6138,0.003886,257.35, 429.4793
174341,9.6177,0.003783,264.35, 429.4799
174342,9.6216,0.003925,254.78, 429.4790
174343,9.6255,0.003877,257.94, 429.4790
174344,9.6292,0.003825,261.45, 429.4790
174345,9.6335,0.004348,230.00, 429.4659
174346,9.6375,0.003880,257.77, 429.4790
174347,9.6414,0.003873,258.19, 429.4799
174348,9.6453,0.003872,258.24, 429.4790
174349,9.6492,0.003875,258.08, 429.4790
174350,9.6528,0.003884,257.45, 429.4790
174351,9.6567,0.003863,258.85, 429.4832
174352,9.6606,0.003955,252.87, 429.4861
174353,9.6648,0.004095,244.21, 429.4790
174354,9.6687,0.003912,255.62, 429.4790
174355,9.6726,0.003839,260.51, 429.4799
174356,9.6765,0.003839,260.52, 429.4790
174357,9.6804,0.003944,253.57, 429.4801
174358,9.6843,0.003853,259.57, 429.4791
174359,9.6882,0.003894,256.81, 429.4799
174360,9.6921,0.003892,256.93, 429.4790
174361,9.6958,0.003876,257.97, 429.4790
174362,9.7000,0.003967,252.09, 429.4790
174363,9.7036,0.003782,264.44, 429.4790
174364,9.7075,0.003921,255.05, 429.4790
174365,9.7114,0.003840,260.43, 429.4799
174366,9.7153,0.003890,257.08, 429.4790
174367,9.7192,0.003897,256.59, 429.4790
174368,9.7231,0.003899,256.48, 429.4790
174369,9.7268,0.003781,264.49, 429.4860
174370,9.7310,0.004058,246.45, 429.4790
174371,9.7349,0.004004,249.76, 429.4790
174372,9.7388,0.003848,259.90, 429.4790
174373,9.7427,0.003890,257.10, 429.4799
174374,9.7466,0.003894,256.83, 429.4790
174375,9.7505,0.003950,253.18, 429.4790
174376,9.7544,0.003930,254.49, 429.4799
174377,9.7583,0.003791,263.77, 429.4799
174378,9.7622,0.003904,256.17, 429.4790
174379,9.7661,0.003902,256.29, 429.4799
174380,9.7698,0.003843,260.23, 429.4790
174381,9.7739,0.003915,255.41, 429.4790
174382,9.7776,0.003892,256.93, 429.4790
174383,9.7815,0.003825,261.45, 429.4790
174384,9.7854,0.003950,253.19, 429.4790
174385,9.7893,0.003873,258.22, 429.4790
174386,9.7932,0.003861,259.01, 429.4790
174387,9.7971,0.003902,256.30, 429.4790
174388,9.8010,0.003906,256.04, 429.4790
174389,9.8049,0.003877,257.94, 429.4790
174390,9.8088,0.003904,256.13, 429.4836
174391,9.8127,0.003890,257.09, 429.4790
174392,9.8167,0.003853,259.55, 429.4798
174393,9.8206,0.003957,252.72, 429.4799
174394,9.8242,0.003815,262.12, 429.4799
174395,9.8281,0.003915,255.43, 429.4791
174396,9.8320,0.003871,258.31, 429.4790
174397,9.8359,0.003845,260.05, 429.4799
174398,9.8398,0.003884,257.49, 429.4799
174399,9.8438,0.003869,258.44, 429.4790
174400,9.8477,0.003891,256.98, 429.4790
174401,9.8516,0.003862,258.95, 429.4790
174402,9.8552,0.003803,262.95, 429.4790
174403,9.8591,0.003888,257.18, 429.4799
174404,9.8630,0.003866,258.65, 429.4791
174405,9.8669,0.003837,260.64, 429.4799
174406,9.8706,0.003869,258.46, 429.4790
174407,9.8750,0.004173,239.65, 429.4799
174408,9.8787,0.003901,256.35, 429.4790
174409,9.8828,0.003915,255.41, 429.4790
174410,9.8867,0.003932,254.33, 429.4790
174411,9.8906,0.003898,256.54, 429.4790
174412,9.8945,0.003974,251.61, 429.4789
174413,9.8984,0.003842,260.27, 429.4798
174414,9.9023,0.004085,244.80, 429.4790
174415,9.9070,0.004606,217.12, 429.4759
174416,9.9111,0.003991,250.60, 429.4790
174417,9.9148,0.003868,258.57, 429.4790
174418,9.9189,0.003955,252.87, 429.4790
174419,9.9229,0.003901,256.34, 429.4799
174420,9.9265,0.003879,257.81, 429.4790
174421,9.9304,0.003888,257.23, 429.4790
174422,9.9343,0.003870,258.40, 429.4790
174423,9.9382,0.003906,256.02, 429.4799
174424,9.9421,0.003924,254.82, 429.4799
174425,9.9460,0.003819,261.86, 429.4790
174426,9.9500,0.004000,250.03, 429.4790
174427,9.9539,0.003943,253.64, 429.4801
174428,9.9578,0.003776,264.86, 429.4790
174429,9.9617,0.003902,256.31, 429.4799
174430,9.9656,0.003852,259.59, 429.4790
174431,9.9695,0.003874,258.14, 429.4790
174432,9.9734,0.003891,257.03, 429.4790
174433,9.9771,0.003828,261.26, 429.4790
174434,9.9810,0.003962,252.41, 429.4790
174435,9.9849,0.003877,257.96, 429.4790
174436,9.9888,0.003842,260.29, 429.4790
174437,9.9927,0.003922,254.99, 429.4790
174438,9.9966,0.003925,254.75, 429.4790
