TotalFrame,Time,DeltaTime,FPS,RAM
156302,0.0000,0.014298,69.94, 425.6666
156303,0.0000,0.014298,69.94, 429.1630
156304,0.0200,0.020000,50.00, 426.4381
156305,0.0247,0.004768,209.73, 426.9362
156306,0.0305,0.005690,175.75, 426.3461
156307,0.0356,0.005280,189.38, 425.7402
156308,0.0396,0.003777,264.77, 425.7472
156309,0.0432,0.003747,266.89, 425.7484
156310,0.0471,0.003824,261.50, 425.7343
156311,0.0508,0.003727,268.28, 425.7484
156312,0.0544,0.003734,267.85, 425.7417
156313,0.0583,0.003772,265.13, 425.7462
156314,0.0620,0.003784,264.29, 425.7482
156315,0.0659,0.003763,265.74, 425.7383
156316,0.0696,0.003835,260.74, 425.7403
156317,0.0735,0.003723,268.59, 425.7413
156318,0.0771,0.003786,264.14, 425.7413
156319,0.0811,0.003796,263.47, 425.7349
156320,0.0850,0.004073,245.53, 425.7210
156321,0.0889,0.003827,261.33, 425.7429
156322,0.0925,0.003778,264.67, 425.7354
156323,0.0964,0.003724,268.56, 425.7359
156324,0.1001,0.003783,264.36, 425.7408
156325,0.1038,0.003691,270.93, 425.7349
156326,0.1077,0.003726,268.36, 425.7373
156327,0.1113,0.003775,264.91, 425.7413
156328,0.1152,0.003778,264.67, 425.7429
156329,0.1191,0.003909,255.85, 425.7413
156330,0.1228,0.003750,266.69, 425.7430
156331,0.1265,0.003732,267.92, 425.7388
156332,0.1304,0.003792,263.71, 425.7430
156333,0.1343,0.003942,253.70, 425.7429
156334,0.1382,0.003855,259.41, 425.7393
156335,0.1418,0.003773,265.01, 425.7418
156336,0.1458,0.003784,264.24, 425.7413
156337,0.1494,0.003868,258.50, 425.7324
156338,0.1533,0.003741,267.30, 425.7413
156339,0.1570,0.003711,269.49, 425.7431
156340,0.1609,0.003818,261.93, 425.7304
156341,0.1646,0.003738,267.49, 425.7430
156342,0.1682,0.003774,264.96, 425.7429
156343,0.1721,0.003780,264.57, 425.7429
156344,0.1758,0.003665,272.88, 425.7373
156345,0.1794,0.003758,266.12, 425.7413
156346,0.1833,0.003747,266.85, 425.7289
156347,0.1870,0.003744,267.07, 425.7388
156348,0.1907,0.003740,267.41, 425.7429
156349,0.1946,0.003730,268.09, 425.7418
156350,0.1982,0.003734,267.80, 425.7393
156351,0.2019,0.003704,269.96, 425.7430
156352,0.2056,0.003761,265.89, 425.7314
156353,0.2097,0.003938,253.96, 425.7418
156354,0.2134,0.003739,267.46, 425.7349
156355,0.2170,0.003792,263.71, 425.7413
156356,0.2212,0.004169,239.86, 425.7165
156357,0.2249,0.003661,273.16, 425.7413
156358,0.2288,0.003758,266.11, 425.7429
156359,0.2324,0.003805,262.83, 425.7430
156360,0.2363,0.003712,269.42, 425.7383
156361,0.2400,0.003809,262.54, 425.7398
156362,0.2437,0.003686,271.33, 425.7344
156363,0.2476,0.003756,266.24, 425.7339
156364,0.2512,0.003803,262.98, 425.7398
156365,0.2551,0.003714,269.28, 425.7418
156366,0.2588,0.003771,265.17, 425.7393
156367,0.2625,0.003753,266.47, 425.7429
156368,0.2664,0.003723,268.60, 425.7429
156369,0.2700,0.003850,259.75, 425.7319
156370,0.2742,0.003979,251.34, 425.7429
156371,0.2781,0.003893,256.86, 425.7429
156372,0.2820,0.003888,257.20, 425.7429
156373,0.2856,0.003865,258.73, 425.7429
156374,0.2896,0.003940,253.79, 425.7429
156375,0.2935,0.003865,258.74, 425.7429
156376,0.2974,0.003779,264.66, 425.7418
156377,0.3013,0.003896,256.69, 425.7413
156378,0.3049,0.003810,262.44, 425.7429
156379,0.3088,0.003887,257.26, 425.7429
156380,0.3127,0.003909,255.84, 425.7403
156381,0.3167,0.003725,268.46, 425.7294
156382,0.3206,0.003905,256.06, 425.7429
156383,0.3242,0.003855,259.38, 425.7440
156384,0.3281,0.003873,258.22, 425.7418
156385,0.3320,0.003904,256.18, 425.7429
156386,0.3359,0.003806,262.73, 425.7439
156387,0.3396,0.003833,260.89, 425.7429
156388,0.3435,0.003880,257.71, 425.7429
156389,0.3474,0.003830,261.12, 425.7429
156390,0.3513,0.003882,257.63, 425.7368
156391,0.3552,0.003869,258.47, 425.7413
156392,0.3589,0.003783,264.35, 425.7418
156393,0.3628,0.003816,262.08, 425.7429
156394,0.3667,0.003902,256.31, 425.7413
156395,0.3704,0.003804,262.87, 425.7431
156396,0.3743,0.003861,259.00, 425.7429
156397,0.3784,0.004019,248.82, 425.7430
156398,0.3828,0.004412,226.65, 425.7144
156399,0.3867,0.003834,260.81, 425.7429
156400,0.3904,0.003792,263.75, 425.7430
156401,0.3940,0.003732,267.94, 425.7344
156402,0.3979,0.003755,266.31, 425.7430
156403,0.4016,0.003680,271.73, 425.7413
156404,0.4053,0.003780,264.54, 425.7408
156405,0.4092,0.003759,266.06, 425.7413
156406,0.4128,0.003701,270.18, 425.7429
156407,0.4165,0.003738,267.52, 425.7413
156408,0.4202,0.003738,267.52, 425.7408
156409,0.4241,0.003746,266.98, 425.7413
156410,0.4277,0.003718,268.95, 425.7418
156411,0.4314,0.003678,271.90, 425.7413
156412,0.4351,0.003753,266.44, 425.7289
156413,0.4390,0.003732,267.95, 425.7429
156414,0.4426,0.003750,266.66, 425.7339
156415,0.4463,0.003712,269.37, 425.7408
156416,0.4500,0.003698,270.42, 425.7429
156417,0.4539,0.003741,267.29, 425.7329
156418,0.4578,0.003893,256.87, 425.7304
156419,0.4614,0.003728,268.23, 425.7349
156420,0.4653,0.003830,261.08, 425.7344
156421,0.4690,0.003728,268.23, 425.7324
156422,0.4727,0.003738,267.53, 425.7439
156423,0.4766,0.003804,262.87, 425.7170
156424,0.4802,0.003740,267.39, 425.7388
156425,0.4839,0.003715,269.17, 425.7388
156426,0.4878,0.003713,269.36, 425.7430
156427,0.4915,0.003719,268.93, 425.7408
156428,0.4951,0.003775,264.91, 425.7284
156429,0.4988,0.003658,273.40, 425.7413
156430,0.5027,0.003770,265.28, 425.7339
156431,0.5063,0.003703,270.05, 425.7437
156432,0.5100,0.003677,271.99, 425.7349
156433,0.5137,0.003755,266.30, 425.7359
156434,0.5173,0.003675,272.09, 425.7388
156435,0.5212,0.003789,263.93, 425.7403
156436,0.5251,0.003811,262.41, 425.7379
156437,0.5288,0.003686,271.33, 425.7354
156438,0.5325,0.003750,266.65, 425.7413
156439,0.5361,0.003764,265.67, 425.7398
156440,0.5400,0.003776,264.83, 425.7398
156441,0.5437,0.003730,268.09, 425.7430
156442,0.5474,0.003645,274.33, 425.7418
156443,0.5513,0.003801,263.12, 425.7339
156444,0.5549,0.003746,266.94, 425.7429
156445,0.5586,0.003689,271.05, 425.7359
156446,0.5623,0.003729,268.18, 425.7431
156447,0.5662,0.003694,270.71, 425.7413
156448,0.5698,0.003735,267.71, 425.7398
156449,0.5735,0.003735,267.77, 425.7339
156450,0.5771,0.003678,271.89, 425.7349
156451,0.5811,0.003751,266.63, 425.7364
156452,0.5847,0.003763,265.75, 425.7429
156453,0.5884,0.003732,267.92, 425.7373
156454,0.5923,0.003731,268.03, 425.7354
156455,0.5957,0.003655,273.62, 425.7418
156456,0.5996,0.003773,265.05, 425.7373
156457,0.6033,0.003751,266.61, 425.7373
156458,0.6069,0.003703,270.07, 425.7418
156459,0.6108,0.003715,269.16, 425.7429
156460,0.6145,0.003790,263.82, 425.7309
156461,0.6184,0.003862,258.95, 425.7359
156462,0.6221,0.003732,267.96, 425.7364
156463,0.6257,0.003665,272.82, 425.7368
156464,0.6296,0.003771,265.20, 425.7413
156465,0.6333,0.003716,269.12, 425.7383
156466,0.6370,0.003729,268.14, 425.7398
156467,0.6409,0.003749,266.76, 425.7339
156468,0.6445,0.003662,273.07, 425.7431
156469,0.6482,0.003752,266.55, 425.7379
156470,0.6519,0.003777,264.74, 425.7429
156471,0.6558,0.003713,269.35, 425.7339
156472,0.6594,0.003757,266.17, 425.7364
156473,0.6631,0.003749,266.77, 425.7388
156474,0.6670,0.003729,268.20, 425.7413
156475,0.6707,0.003749,266.74, 425.7418
156476,0.6743,0.003717,269.03, 425.7418
156477,0.6782,0.003760,265.97, 425.7334
156478,0.6819,0.003705,269.88, 425.7359
156479,0.6855,0.003714,269.28, 425.7334
156480,0.6892,0.003772,265.13, 425.7429
156481,0.6931,0.003689,271.05, 425.7304
156482,0.6968,0.003726,268.41, 425.7431
156483,0.7004,0.003744,267.09, 425.7388
156484,0.7043,0.003741,267.30, 425.7339
156485,0.7080,0.003760,265.95, 425.7289
156486,0.7117,0.003652,273.85, 425.7413
156487,0.7153,0.003781,264.49, 425.7294
156488,0.7192,0.003797,263.34, 425.7429
156489,0.7231,0.003835,260.79, 425.7429
156490,0.7268,0.003751,266.57, 425.7289
156491,0.7305,0.003758,266.13, 425.7398
156492,0.7344,0.003729,268.18, 425.7418
156493,0.7380,0.003761,265.91, 425.7289
156494,0.7422,0.004095,244.21, 425.7165
156495,0.7458,0.003682,271.59, 425.7398
156496,0.7495,0.003753,266.43, 425.7429
156497,0.7534,0.003724,268.55, 425.7339
156498,0.7571,0.003731,268.06, 425.7403
156499,0.7607,0.003676,272.04, 425.7431
156500,0.7644,0.003744,267.07, 425.7418
156501,0.7683,0.003752,266.55, 425.7339
156502,0.7720,0.003741,267.29, 425.7413
156503,0.7756,0.003719,268.88, 425.7309
156504,0.7795,0.003769,265.36, 425.7413
156505,0.7832,0.003702,270.15, 425.7289
156506,0.7869,0.003729,268.19, 425.7429
156507,0.7905,0.003665,272.87, 425.7413
156508,0.7942,0.003775,264.89, 425.7289
156509,0.7981,0.003675,272.08, 425.7440
156510,0.8018,0.003822,261.68, 425.7418
156511,0.8057,0.003770,265.28, 425.7429
156512,0.8093,0.003788,263.98, 425.7289
156513,0.8132,0.003857,259.30, 425.7429
156514,0.8171,0.003821,261.70, 425.7413
156515,0.8208,0.003815,262.11, 425.7431
156516,0.8250,0.003989,250.67, 425.7439
156517,0.8289,0.004128,242.28, 425.7429
156518,0.8330,0.004020,248.77, 425.7413
156519,0.8369,0.004022,248.65, 425.7439
156520,0.8413,0.004260,234.77, 425.7170
156521,0.8450,0.003720,268.81, 425.7368
156522,0.8489,0.003884,257.45, 425.7429
156523,0.8528,0.003885,257.43, 425.7429
156524,0.8567,0.003807,262.70, 425.7403
156525,0.8604,0.003798,263.27, 425.7429
156526,0.8643,0.003985,250.97, 425.7429
156527,0.8684,0.003985,250.97, 425.7430
156528,0.8723,0.003890,257.08, 425.7388
156529,0.8762,0.004024,248.50, 425.7429
156530,0.8806,0.004274,233.96, 425.7429
156531,0.8848,0.004180,239.25, 425.7431
156532,0.8887,0.003926,254.69, 425.7439
156533,0.8923,0.003751,266.59, 425.7289
156534,0.8965,0.003981,251.18, 425.7408
156535,0.9001,0.003822,261.62, 425.7430
156536,0.9041,0.003811,262.38, 425.7393
156537,0.9077,0.003767,265.47, 425.7418
156538,0.9116,0.003780,264.58, 425.7339
156539,0.9153,0.003771,265.20, 425.7334
156540,0.9189,0.003721,268.77, 425.7430
156541,0.9229,0.003836,260.69, 425.7289
156542,0.9268,0.003770,265.28, 425.7289
156543,0.9304,0.003818,261.90, 425.7429
156544,0.9343,0.003744,267.07, 425.7431
156545,0.9380,0.003814,262.19, 425.7431
156546,0.9417,0.003696,270.57, 425.7430
156547,0.9456,0.003788,263.98, 425.7329
156548,0.9492,0.003815,262.13, 425.7289
156549,0.9531,0.003867,258.63, 425.7431
156550,0.9570,0.003807,262.67, 425.7379
156551,0.9607,0.003730,268.09, 425.7439
156552,0.9644,0.003735,267.72, 425.7430
156553,0.9683,0.003795,263.48, 425.7431
156554,0.9719,0.003720,268.85, 425.7289
156555,0.9758,0.003830,261.10, 425.7429
156556,0.9795,0.003721,268.75, 425.7408
156557,0.9834,0.003813,262.25, 425.7429
156558,0.9871,0.003794,263.55, 425.7373
156559,0.9910,0.003751,266.62, 425.7413
156560,0.9946,0.003735,267.74, 425.7413
156561,0.9985,0.003806,262.72, 425.7429
156562,1.0022,0.003718,268.99, 425.7429
156563,1.0059,0.003741,267.34, 425.7408
156564,1.0095,0.003694,270.70, 425.7319
156565,1.0134,0.003750,266.67, 425.7413
156566,1.0171,0.003733,267.88, 425.7429
156567,1.0208,0.003730,268.13, 425.7413
156568,1.0247,0.003756,266.23, 425.7398
156569,1.0283,0.003725,268.49, 425.7319
156570,1.0320,0.003706,269.82, 425.7398
156571,1.0359,0.003811,262.37, 425.7429
156572,1.0396,0.003714,269.25, 425.7349
156573,1.0432,0.003716,269.12, 425.7430
156574,1.0469,0.003702,270.15, 425.7430
156575,1.0505,0.003726,268.40, 425.7304
156576,1.0544,0.003752,266.52, 425.7413
156577,1.0581,0.003702,270.12, 425.7408
156578,1.0618,0.003746,266.97, 425.7379
156579,1.0657,0.003732,267.99, 425.7439
156580,1.0693,0.003714,269.27, 425.7359
156581,1.0730,0.003764,265.70, 425.7393
156582,1.0767,0.003681,271.64, 425.7319
156583,1.0806,0.003745,266.99, 425.7429
156584,1.0845,0.003886,257.31, 425.7418
156585,1.0881,0.003767,265.44, 425.7418
156586,1.0918,0.003763,265.73, 425.7359
156587,1.0957,0.003720,268.80, 425.7429
156588,1.0994,0.003672,272.31, 425.7334
156589,1.1030,0.003734,267.80, 425.7429
156590,1.1067,0.003667,272.67, 425.7429
156591,1.1104,0.003775,264.87, 425.7319
156592,1.1143,0.003766,265.56, 425.7393
156593,1.1179,0.003722,268.71, 425.7289
156594,1.1218,0.003769,265.34, 425.7364
156595,1.1255,0.003770,265.24, 425.7379
156596,1.1292,0.003715,269.15, 425.7299
156597,1.1331,0.003835,260.78, 425.7408
156598,1.1367,0.003669,272.54, 425.7413
156599,1.1404,0.003750,266.65, 425.7368
156600,1.1443,0.003749,266.76, 425.7429
156601,1.1482,0.003890,257.10, 425.7431
156602,1.1519,0.003841,260.38, 425.7418
156603,1.1555,0.003684,271.44, 425.7431
156604,1.1594,0.003747,266.89, 425.7408
156605,1.1631,0.003668,272.65, 425.7431
156606,1.1667,0.003652,273.80, 425.7408
156607,1.1707,0.003881,257.68, 425.7359
156608,1.1743,0.003702,270.15, 425.7413
156609,1.1780,0.003746,266.96, 425.7289
156610,1.1816,0.003691,270.94, 425.7429
156611,1.1853,0.003660,273.26, 425.7393
156612,1.1892,0.003745,267.00, 425.7393
156613,1.1929,0.003810,262.47, 425.7408
156614,1.1965,0.003666,272.81, 425.7379
156615,1.2004,0.003749,266.72, 425.7408
156616,1.2041,0.003698,270.39, 425.7309
156617,1.2078,0.003778,264.68, 425.7289
156618,1.2114,0.003714,269.24, 425.7429
156619,1.2151,0.003664,272.95, 425.7413
156620,1.2190,0.003771,265.20, 425.7299
156621,1.2227,0.003734,267.80, 425.7373
156622,1.2266,0.003765,265.58, 425.7393
156623,1.2305,0.004122,242.58, 425.7141
156624,1.2344,0.003831,261.01, 425.7418
156625,1.2383,0.003745,267.02, 425.7430
156626,1.2419,0.003893,256.90, 425.7418
156627,1.2459,0.003708,269.71, 425.7388
156628,1.2495,0.003786,264.12, 425.7413
156629,1.2534,0.003757,266.18, 425.7408
156630,1.2571,0.003732,267.95, 425.7373
156631,1.2607,0.003745,266.99, 425.7398
156632,1.2644,0.003727,268.33, 425.7398
156633,1.2683,0.003790,263.86, 425.7289
156634,1.2722,0.003809,262.53, 425.7418
156635,1.2759,0.003726,268.41, 425.7324
156636,1.2795,0.003751,266.57, 425.7403
156637,1.2834,0.003752,266.50, 425.7324
156638,1.2871,0.003804,262.88, 425.7349
156639,1.2910,0.003787,264.08, 425.7334
156640,1.2947,0.003688,271.14, 425.7429
156641,1.2983,0.003758,266.13, 425.7354
156642,1.3020,0.003682,271.63, 425.7439
156643,1.3059,0.003814,262.21, 425.7364
156644,1.3096,0.003768,265.39, 425.7403
156645,1.3132,0.003639,274.78, 425.7413
156646,1.3171,0.003892,256.94, 425.7431
156647,1.3210,0.003788,264.00, 425.7418
156648,1.3247,0.003653,273.74, 425.7413
156649,1.3284,0.003785,264.22, 425.7364
156650,1.3320,0.003723,268.62, 425.7431
156651,1.3359,0.003705,269.93, 425.7429
156652,1.3396,0.003735,267.72, 425.7429
156653,1.3433,0.003632,275.34, 425.7430
156654,1.3469,0.003709,269.61, 425.7349
156655,1.3506,0.003762,265.79, 425.7408
156656,1.3542,0.003707,269.76, 425.7354
156657,1.3582,0.003711,269.50, 425.7413
156658,1.3618,0.003682,271.57, 425.7413
156659,1.3655,0.003749,266.73, 425.7388
156660,1.3694,0.003803,262.96, 425.7388
156661,1.3730,0.003673,272.26, 425.7379
156662,1.3767,0.003794,263.59, 425.7334
156663,1.3806,0.003799,263.20, 425.7439
156664,1.3843,0.003726,268.39, 425.7430
156665,1.3882,0.003775,264.87, 425.7388
156666,1.3918,0.003677,271.95, 425.7408
156667,1.3955,0.003840,260.44, 425.7398
156668,1.3994,0.003748,266.78, 425.7439
156669,1.4031,0.003848,259.87, 425.7388
156670,1.4070,0.003803,262.94, 425.7413
156671,1.4106,0.003725,268.48, 425.7430
156672,1.4146,0.003744,267.11, 425.7329
156673,1.4182,0.003776,264.85, 425.7429
156674,1.4219,0.003743,267.20, 425.7368
156675,1.4258,0.003746,266.92, 425.7429
156676,1.4297,0.003847,259.94, 425.7431
156677,1.4334,0.003716,269.13, 425.7324
156678,1.4370,0.003765,265.64, 425.7309
156679,1.4407,0.003714,269.28, 425.7289
156680,1.4446,0.003780,264.52, 425.7368
156681,1.4482,0.003731,268.01, 425.7433
156682,1.4519,0.003715,269.16, 425.7309
156683,1.4558,0.003768,265.39, 425.7413
156684,1.4597,0.003839,260.50, 425.7294
156685,1.4636,0.004141,241.49, 425.7165
156686,1.4675,0.003734,267.81, 425.7329
156687,1.4712,0.003748,266.83, 425.7339
156688,1.4751,0.003926,254.74, 425.7289
156689,1.4792,0.004152,240.86, 425.7165
156690,1.4829,0.003687,271.26, 425.7329
156691,1.4868,0.003764,265.70, 425.7408
156692,1.4905,0.003799,263.21, 425.7413
156693,1.4941,0.003700,270.26, 425.7413
156694,1.4980,0.003740,267.37, 425.7418
156695,1.5017,0.003641,274.67, 425.7430
156696,1.5054,0.003771,265.20, 425.7373
156697,1.5093,0.003776,264.86, 425.7388
156698,1.5129,0.003692,270.89, 425.7429
156699,1.5166,0.003716,269.13, 425.7431
156700,1.5205,0.003819,261.85, 425.7393
156701,1.5242,0.003754,266.37, 425.7413
156702,1.5281,0.003827,261.28, 425.7383
156703,1.5317,0.003643,274.48, 425.7431
156704,1.5354,0.003723,268.57, 425.7398
156705,1.5391,0.003721,268.72, 425.7430
156706,1.5427,0.003714,269.25, 425.7373
156707,1.5466,0.003738,267.54, 425.7403
156708,1.5503,0.003694,270.73, 425.7403
156709,1.5540,0.003770,265.25, 425.7430
156710,1.5576,0.003717,269.04, 425.7431
156711,1.5615,0.003706,269.81, 425.7431
156712,1.5652,0.003744,267.11, 425.7349
156713,1.5688,0.003721,268.77, 425.7431
156714,1.5728,0.003776,264.85, 425.7339
156715,1.5764,0.003752,266.50, 425.7299
156716,1.5801,0.003705,269.88, 425.7403
156717,1.5840,0.003756,266.26, 425.7429
156718,1.5876,0.003747,266.92, 425.7344
156719,1.5913,0.003720,268.80, 425.7413
156720,1.5950,0.003739,267.47, 425.7299
156721,1.5989,0.003693,270.75, 425.7418
156722,1.6025,0.003776,264.85, 425.7383
156723,1.6062,0.003725,268.49, 425.7437
156724,1.6099,0.003698,270.44, 425.7383
156725,1.6138,0.003766,265.57, 425.7413
156726,1.6174,0.003701,270.20, 425.7373
156727,1.6211,0.003764,265.65, 425.7398
156728,1.6250,0.003725,268.47, 425.7373
156729,1.6287,0.003717,269.03, 425.7429
156730,1.6326,0.003821,261.70, 425.7398
156731,1.6362,0.003738,267.56, 425.7430
156732,1.6399,0.003752,266.50, 425.7368
156733,1.6438,0.003765,265.64, 425.7289
156734,1.6475,0.003701,270.20, 425.7373
156735,1.6511,0.003801,263.08, 425.7408
156736,1.6550,0.003735,267.73, 425.7430
156737,1.6587,0.003679,271.85, 425.7388
156738,1.6624,0.003731,268.06, 425.7373
156739,1.6665,0.004153,240.81, 425.7147
156740,1.6702,0.003726,268.37, 425.7319
156741,1.6741,0.003748,266.81, 425.7289
156742,1.6777,0.003767,265.44, 425.7429
156743,1.6816,0.003844,260.13, 425.7430
156744,1.6853,0.003768,265.38, 425.7429
156745,1.6890,0.003699,270.34, 425.7431
156746,1.6929,0.003820,261.79, 425.7430
156747,1.6965,0.003668,272.64, 425.7439
156748,1.7002,0.003724,268.51, 425.7430
156749,1.7041,0.003746,266.99, 425.7429
156750,1.7078,0.003697,270.51, 425.7430
156751,1.7114,0.003738,267.56, 425.7430
156752,1.7151,0.003745,267.02, 425.7289
156753,1.7190,0.003824,261.49, 425.7364
156754,1.7229,0.003956,252.76, 425.7429
156755,1.7268,0.003718,269.00, 425.7429
156756,1.7305,0.003761,265.91, 425.7413
156757,1.7341,0.003782,264.44, 425.7368
156758,1.7380,0.003744,267.12, 425.7349
156759,1.7417,0.003723,268.58, 425.7431
156760,1.7454,0.003676,272.07, 425.7429
156761,1.7490,0.003755,266.34, 425.7413
156762,1.7529,0.003751,266.61, 425.7413
156763,1.7566,0.003689,271.08, 425.7413
156764,1.7603,0.003762,265.82, 425.7403
156765,1.7642,0.003742,267.25, 425.7429
156766,1.7678,0.003707,269.75, 425.7364
156767,1.7720,0.004072,245.59, 425.7147
156768,1.7756,0.003879,257.83, 425.7430
156769,1.7795,0.003730,268.10, 425.7403
156770,1.7832,0.003759,266.05, 425.7398
156771,1.7869,0.003677,271.99, 425.7429
156772,1.7908,0.003789,263.89, 425.7418
156773,1.7944,0.003787,264.04, 425.7429
156774,1.7981,0.003704,270.01, 425.7379
156775,1.8020,0.003756,266.28, 425.7349
156776,1.8057,0.003736,267.66, 425.7289
156777,1.8096,0.003809,262.53, 425.7430
156778,1.8132,0.003782,264.45, 425.7379
156779,1.8171,0.003773,265.06, 425.7413
156780,1.8210,0.003956,252.81, 425.7393
156781,1.8247,0.003773,265.05, 425.7429
156782,1.8286,0.003761,265.89, 425.7319
156783,1.8323,0.003798,263.32, 425.7359
156784,1.8364,0.004152,240.85, 425.7147
156785,1.8403,0.003748,266.78, 425.7429
156786,1.8440,0.003771,265.15, 425.7373
156787,1.8477,0.003656,273.55, 425.7388
156788,1.8516,0.003836,260.68, 425.7379
156789,1.8552,0.003742,267.24, 425.7429
156790,1.8589,0.003745,267.05, 425.7379
156791,1.8628,0.003754,266.36, 425.7430
156792,1.8665,0.003714,269.24, 425.7431
156793,1.8704,0.003820,261.76, 425.7304
156794,1.8740,0.003755,266.31, 425.7403
156795,1.8777,0.003698,270.39, 425.7388
156796,1.8818,0.004049,246.96, 425.7429
156797,1.8857,0.003937,254.01, 425.7429
156798,1.8896,0.003833,260.89, 425.7413
156799,1.8936,0.004059,246.35, 425.7429
156800,1.8979,0.004451,224.66, 425.7439
156801,1.9021,0.004122,242.61, 425.7430
156802,1.9063,0.004056,246.56, 425.7430
156803,1.9102,0.003837,260.61, 425.7429
156804,1.9141,0.003961,252.49, 425.7429
156805,1.9180,0.003880,257.75, 425.7429
156806,1.9216,0.003808,262.61, 425.7368
156807,1.9255,0.003714,269.23, 425.7368
156808,1.9294,0.003906,256.04, 425.7429
156809,1.9331,0.003724,268.51, 425.7413
156810,1.9368,0.003772,265.09, 425.7319
156811,1.9407,0.003747,266.87, 425.7430
156812,1.9443,0.003703,270.04, 425.7304
156813,1.9480,0.003830,261.09, 425.7324
156814,1.9519,0.003680,271.71, 425.7429
156815,1.9556,0.003750,266.70, 425.7339
156816,1.9597,0.004156,240.60, 425.7165
156817,1.9634,0.003683,271.53, 425.7431
156818,1.9670,0.003770,265.24, 425.7289
156819,1.9709,0.003905,256.10, 425.7429
156820,1.9749,0.003684,271.47, 425.7403
156821,1.9788,0.003956,252.80, 425.7289
156822,1.9827,0.003924,254.82, 425.7429
156823,1.9863,0.003752,266.53, 425.7429
156824,1.9902,0.003901,256.35, 425.7289
156825,1.9941,0.003750,266.65, 425.7429
156826,1.9978,0.003725,268.44, 425.7418
156827,2.0015,0.003831,261.01, 425.7437
156828,2.0054,0.003678,271.87, 425.7413
156829,2.0090,0.003855,259.40, 425.7304
156830,2.0129,0.003843,260.23, 425.7147
156831,2.0166,0.003697,270.51, 425.7403
156832,2.0205,0.003812,262.31, 425.7413
156833,2.0242,0.003755,266.33, 425.7299
156834,2.0281,0.003768,265.42, 425.7413
156835,2.0317,0.003739,267.44, 425.7429
156836,2.0354,0.003640,274.75, 425.7430
156837,2.0391,0.003779,264.59, 425.7418
156838,2.0430,0.003764,265.66, 425.7334
156839,2.0466,0.003705,269.93, 425.7413
156840,2.0505,0.003814,262.20, 425.7429
156841,2.0542,0.003753,266.47, 425.7393
156842,2.0579,0.003703,270.08, 425.7430
156843,2.0615,0.003754,266.38, 425.7429
156844,2.0654,0.003728,268.26, 425.7413
156845,2.0691,0.003782,264.43, 425.7429
156846,2.0728,0.003699,270.34, 425.7398
156847,2.0767,0.003770,265.24, 425.7289
156848,2.0803,0.003739,267.47, 425.7429
156849,2.0840,0.003725,268.45, 425.7329
156850,2.0879,0.003796,263.41, 425.7429
156851,2.0916,0.003731,268.01, 425.7379
156852,2.0952,0.003715,269.22, 425.7430
156853,2.0991,0.003750,266.70, 425.7373
156854,2.1028,0.003693,270.82, 425.7304
156855,2.1064,0.003757,266.15, 425.7408
156856,2.1104,0.003782,264.42, 425.7429
156857,2.1140,0.003722,268.69, 425.7379
156858,2.1179,0.003810,262.47, 425.7413
156859,2.1216,0.003718,268.93, 425.7418
156860,2.1252,0.003759,266.06, 425.7354
156861,2.1292,0.003804,262.91, 425.7403
156862,2.1328,0.003758,266.08, 425.7413
156863,2.1367,0.003760,265.93, 425.7289
156864,2.1404,0.003824,261.49, 425.7429
156865,2.1443,0.003737,267.62, 425.7418
156866,2.1479,0.003844,260.13, 425.7408
156867,2.1519,0.003704,269.99, 425.7413
156868,2.1555,0.003784,264.29, 425.7393
156869,2.1594,0.003824,261.48, 425.7388
156870,2.1631,0.003777,264.77, 425.7289
156871,2.1675,0.004422,226.15, 425.7195
156872,2.1714,0.003723,268.62, 425.7430
156873,2.1750,0.003772,265.08, 425.7314
156874,2.1790,0.003792,263.72, 425.7289
156875,2.1826,0.003707,269.77, 425.7393
156876,2.1863,0.003768,265.39, 425.7431
156877,2.1904,0.004171,239.78, 425.7165
156878,2.1941,0.003650,273.97, 425.7431
156879,2.1980,0.003814,262.19, 425.7304
156880,2.2017,0.003769,265.29, 425.7429
156881,2.2056,0.003740,267.40, 425.7379
156882,2.2092,0.003762,265.80, 425.7430
156883,2.2129,0.003791,263.76, 425.7430
156884,2.2168,0.003769,265.32, 425.7319
156885,2.2205,0.003748,266.82, 425.7429
156886,2.2241,0.003684,271.48, 425.7430
156887,2.2280,0.003731,268.05, 425.7403
156888,2.2317,0.003740,267.41, 425.7413
156889,2.2354,0.003749,266.77, 425.7354
156890,2.2393,0.003738,267.54, 425.7429
156891,2.2429,0.003693,270.80, 425.7431
156892,2.2466,0.003723,268.59, 425.7413
156893,2.2505,0.003812,262.36, 425.7429
156894,2.2542,0.003707,269.73, 425.7418
156895,2.2578,0.003794,263.56, 425.7413
156896,2.2615,0.003689,271.07, 425.7403
156897,2.2654,0.003740,267.36, 425.7430
156898,2.2690,0.003744,267.08, 425.7398
156899,2.2732,0.004045,247.21, 425.7147
156900,2.2769,0.003705,269.93, 425.7388
156901,2.2805,0.003773,265.06, 425.7429
156902,2.2844,0.003734,267.82, 425.7349
156903,2.2881,0.003758,266.07, 425.7359
156904,2.2917,0.003672,272.31, 425.7413
156905,2.2954,0.003775,264.91, 425.7408
156906,2.2993,0.003709,269.61, 425.7429
156907,2.3030,0.003673,272.24, 425.7403
156908,2.3066,0.003732,267.96, 425.7403
156909,2.3103,0.003759,266.01, 425.7349
156910,2.3147,0.004180,239.24, 425.7165
156911,2.3184,0.003710,269.55, 425.7430
156912,2.3220,0.003650,273.98, 425.7373
156913,2.3257,0.003796,263.45, 425.7429
156914,2.3293,0.003718,268.96, 425.7432
156915,2.3333,0.003682,271.58, 425.7413
156916,2.3369,0.003725,268.49, 425.7413
156917,2.3406,0.003695,270.63, 425.7418
156918,2.3442,0.003729,268.19, 425.7324
156919,2.3481,0.003745,267.02, 425.7418
156920,2.3518,0.003659,273.33, 425.7429
156921,2.3555,0.003755,266.35, 425.7289
156922,2.3591,0.003749,266.77, 425.7289
156923,2.3628,0.003707,269.77, 425.7373
156924,2.3667,0.003729,268.20, 425.7339
156925,2.3704,0.003754,266.36, 425.7364
156926,2.3740,0.003699,270.37, 425.7359
156927,2.3779,0.003742,267.21, 425.7398
156928,2.3816,0.003696,270.59, 425.7334
156929,2.3853,0.003758,266.13, 425.7429
156930,2.3889,0.003692,270.83, 425.7379
156931,2.3928,0.003749,266.77, 425.7429
156932,2.3965,0.003681,271.64, 425.7398
156933,2.4001,0.003770,265.27, 425.7354
156934,2.4038,0.003751,266.61, 425.7398
156935,2.4077,0.003727,268.31, 425.7309
156936,2.4114,0.003725,268.46, 425.7403
156937,2.4153,0.003832,260.98, 425.7430
156938,2.4189,0.003662,273.11, 425.7418
156939,2.4226,0.003748,266.81, 425.7373
156940,2.4263,0.003740,267.36, 425.7319
156941,2.4302,0.003754,266.35, 425.7413
156942,2.4338,0.003759,266.01, 425.7289
156943,2.4375,0.003747,266.86, 425.7429
156944,2.4414,0.003780,264.56, 425.7309
156945,2.4451,0.003716,269.10, 425.7429
156946,2.4487,0.003693,270.80, 425.7403
156947,2.4526,0.003749,266.77, 425.7430
156948,2.4563,0.003726,268.36, 425.7289
156949,2.4600,0.003789,263.94, 425.7429
156950,2.4639,0.003741,267.29, 425.7304
156951,2.4675,0.003635,275.10, 425.7413
156952,2.4712,0.003756,266.26, 425.7408
156953,2.4751,0.003845,260.06, 425.7429
156954,2.4788,0.003676,272.06, 425.7430
156955,2.4824,0.003738,267.54, 425.7398
156956,2.4861,0.003666,272.75, 425.7379
156957,2.4900,0.003788,263.98, 425.7418
156958,2.4937,0.003752,266.54, 425.7429
156959,2.4973,0.003675,272.10, 425.7413
156960,2.5010,0.003737,267.57, 425.7413
156961,2.5049,0.003769,265.32, 425.7393
156962,2.5085,0.003731,268.02, 425.7388
156963,2.5122,0.003688,271.13, 425.7339
156964,2.5159,0.003672,272.32, 425.7289
156965,2.5198,0.003774,264.99, 425.7329
156966,2.5234,0.003793,263.64, 425.7429
156967,2.5273,0.003724,268.54, 425.7413
156968,2.5310,0.003687,271.19, 425.7429
156969,2.5347,0.003644,274.43, 425.7429
156970,2.5383,0.003738,267.50, 425.7393
156971,2.5420,0.003747,266.89, 425.7429
156972,2.5457,0.003681,271.69, 425.7309
156973,2.5496,0.003757,266.20, 425.7431
156974,2.5532,0.003667,272.72, 425.7368
156975,2.5569,0.003752,266.55, 425.7294
156976,2.5605,0.003728,268.21, 425.7373
156977,2.5642,0.003693,270.79, 425.7429
156978,2.5681,0.003758,266.13, 425.7393
156979,2.5718,0.003763,265.72, 425.7339
156980,2.5754,0.003675,272.12, 425.7429
156981,2.5793,0.003746,266.93, 425.7368
156982,2.5830,0.003651,273.92, 425.7408
156983,2.5867,0.003739,267.49, 425.7289
156984,2.5906,0.003819,261.88, 425.7403
156985,2.5942,0.003715,269.20, 425.7359
156986,2.5979,0.003721,268.73, 425.7379
156987,2.6016,0.003653,273.76, 425.7354
156988,2.6052,0.003737,267.63, 425.7430
156989,2.6091,0.003773,265.08, 425.7429
156990,2.6128,0.003687,271.25, 425.7349
156991,2.6165,0.003757,266.18, 425.7359
156992,2.6201,0.003711,269.44, 425.7289
156993,2.6243,0.004002,249.86, 425.7388
156994,2.6279,0.003731,268.02, 425.7413
156995,2.6316,0.003681,271.69, 425.7429
156996,2.6353,0.003704,270.00, 425.7408
156997,2.6392,0.003783,264.33, 425.7418
156998,2.6428,0.003635,275.08, 425.7429
156999,2.6465,0.003661,273.18, 425.7418
157000,2.6501,0.003666,272.81, 425.7413
157001,2.6538,0.003743,267.14, 425.7414
157002,2.6575,0.003725,268.47, 425.7431
157003,2.6611,0.003673,272.29, 425.7408
157004,2.6650,0.003720,268.83, 425.7418
157005,2.6687,0.003705,269.88, 425.7429
157006,2.6724,0.003697,270.47, 425.7429
157007,2.6760,0.003705,269.89, 425.7429
157008,2.6797,0.003669,272.59, 425.7429
157009,2.6836,0.003756,266.22, 425.7388
157010,2.6873,0.003702,270.16, 425.7383
157011,2.6909,0.003731,268.05, 425.7429
157012,2.6948,0.003812,262.30, 425.7329
157013,2.6985,0.003716,269.08, 425.7429
157014,2.7021,0.003752,266.50, 425.7429
157015,2.7058,0.003709,269.65, 425.7439
157016,2.7097,0.003883,257.57, 425.7439
157017,2.7136,0.003747,266.87, 425.7439
157018,2.7173,0.003760,265.99, 425.7408
157019,2.7212,0.003872,258.24, 425.7431
157020,2.7249,0.003800,263.14, 425.7408
157021,2.7288,0.003746,266.93, 425.7430
157022,2.7324,0.003713,269.30, 425.7430
157023,2.7361,0.003735,267.75, 425.7429
157024,2.7400,0.003783,264.33, 425.7329
157025,2.7437,0.003817,262.00, 425.7413
157026,2.7473,0.003640,274.75, 425.7430
157027,2.7512,0.003745,267.03, 425.7419
157028,2.7549,0.003841,260.33, 425.7439
157029,2.7588,0.003766,265.51, 425.7359
157030,2.7625,0.003774,264.97, 425.7319
157031,2.7661,0.003700,270.26, 425.7329
157032,2.7700,0.003728,268.24, 425.7429
157033,2.7737,0.003782,264.38, 425.7289
157034,2.7773,0.003681,271.70, 425.7429
157035,2.7813,0.003734,267.82, 425.7379
157036,2.7849,0.003774,264.96, 425.7344
157037,2.7888,0.003803,262.98, 425.7408
157038,2.7925,0.003739,267.42, 425.7379
157039,2.7961,0.003707,269.73, 425.7294
157040,2.8000,0.003788,263.98, 425.7430
157041,2.8037,0.003764,265.65, 425.7429
157042,2.8074,0.003687,271.23, 425.7418
157043,2.8113,0.003774,264.95, 425.7429
157044,2.8149,0.003758,266.08, 425.7344
157045,2.8186,0.003780,264.56, 425.7324
157046,2.8225,0.003802,263.03, 425.7393
157047,2.8262,0.003693,270.77, 425.7319
157048,2.8301,0.003795,263.49, 425.7289
157049,2.8337,0.003763,265.72, 425.7429
157050,2.8374,0.003723,268.59, 425.7413
157051,2.8413,0.003803,262.94, 425.7413
157052,2.8450,0.003735,267.72, 425.7359
157053,2.8489,0.003786,264.15, 425.7430
157054,2.8525,0.003731,268.06, 425.7383
157055,2.8562,0.003696,270.54, 425.7289
157056,2.8599,0.003726,268.37, 425.7429
157057,2.8638,0.003786,264.17, 425.7408
157058,2.8674,0.003736,267.64, 425.7408
157059,2.8713,0.003765,265.63, 425.7431
157060,2.8750,0.003645,274.32, 425.7430
157061,2.8787,0.003829,261.17, 425.7418
157062,2.8826,0.003737,267.59, 425.7430
157063,2.8862,0.003684,271.47, 425.7373
157064,2.8899,0.003817,262.01, 425.7304
157065,2.8938,0.003868,258.52, 425.7393
157066,2.8979,0.004095,244.22, 425.7431
157067,2.9019,0.003835,260.77, 425.7429
157068,2.9055,0.003779,264.66, 425.7408
157069,2.9097,0.004171,239.77, 425.7430
157070,2.9138,0.004218,237.09, 425.7403
157071,2.9180,0.004050,246.90, 425.7430
157072,2.9219,0.003837,260.60, 425.7403
157073,2.9255,0.003816,262.03, 425.7289
157074,2.9294,0.003689,271.10, 425.7413
157075,2.9331,0.003746,266.95, 425.7413
157076,2.9368,0.003712,269.38, 425.7431
157077,2.9407,0.003851,259.66, 425.7304
157078,2.9446,0.003832,260.94, 425.7344
157079,2.9482,0.003674,272.15, 425.7314
157080,2.9519,0.003754,266.40, 425.7314
157081,2.9556,0.003779,264.61, 425.7429
157082,2.9595,0.003860,259.07, 425.7429
157083,2.9634,0.003784,264.28, 425.7413
157084,2.9670,0.003745,267.01, 425.7383
157085,2.9707,0.003750,266.64, 425.7319
157086,2.9746,0.003690,270.99, 425.7430
157087,2.9783,0.003653,273.78, 425.7408
157088,2.9819,0.003758,266.08, 425.7349
157089,2.9856,0.003756,266.21, 425.7429
157090,2.9895,0.003739,267.44, 425.7408
157091,2.9932,0.003703,270.03, 425.7429
157092,2.9968,0.003693,270.78, 425.7373
157093,3.0005,0.003780,264.57, 425.7334
157094,3.0044,0.003729,268.18, 425.7418
157095,3.0081,0.003685,271.35, 425.7413
157096,3.0117,0.003745,267.05, 425.7344
157097,3.0154,0.003734,267.84, 425.7398
157098,3.0193,0.003706,269.84, 425.7398
157099,3.0229,0.003754,266.35, 425.7413
157100,3.0266,0.003643,274.47, 425.7429
157101,3.0303,0.003796,263.44, 425.7398
157102,3.0342,0.003744,267.10, 425.7429
157103,3.0378,0.003741,267.29, 425.7304
157104,3.0415,0.003720,268.80, 425.7413
157105,3.0454,0.003769,265.34, 425.7364
157106,3.0493,0.003894,256.83, 425.7429
157107,3.0530,0.003752,266.55, 425.7418
157108,3.0566,0.003702,270.13, 425.7430
157109,3.0605,0.003758,266.13, 425.7431
157110,3.0642,0.003721,268.73, 425.7413
157111,3.0681,0.003935,254.12, 425.7398
157112,3.0718,0.003766,265.57, 425.7418
157113,3.0757,0.003692,270.89, 425.7429
157114,3.0798,0.004167,239.98, 425.7165
157115,3.0835,0.003693,270.80, 425.7403
157116,3.0872,0.003692,270.89, 425.7329
157117,3.0908,0.003779,264.63, 425.7430
157118,3.0945,0.003680,271.78, 425.7430
157119,3.0984,0.003789,263.94, 425.7379
157120,3.1021,0.003730,268.13, 425.7430
157121,3.1057,0.003635,275.12, 425.7413
157122,3.1094,0.003720,268.79, 425.7431
157123,3.1133,0.003826,261.36, 425.7429
157124,3.1169,0.003688,271.19, 425.7339
157125,3.1209,0.003784,264.27, 425.7408
157126,3.1245,0.003682,271.61, 425.7413
157127,3.1282,0.003785,264.21, 425.7289
157128,3.1321,0.003748,266.84, 425.7364
157129,3.1357,0.003699,270.33, 425.7430
157130,3.1394,0.003746,266.92, 425.7373
157131,3.1433,0.003790,263.85, 425.7430
157132,3.1470,0.003736,267.66, 425.7354
157133,3.1506,0.003803,262.96, 425.7430
157134,3.1545,0.003717,269.05, 425.7349
157135,3.1582,0.003753,266.48, 425.7408
157136,3.1621,0.003801,263.08, 425.7429
157137,3.1658,0.003712,269.37, 425.7413
157138,3.1694,0.003787,264.03, 425.7413
157139,3.1733,0.003744,267.13, 425.7324
157140,3.1777,0.004491,222.67, 425.7413
157141,3.1816,0.003932,254.34, 425.7429
157142,3.1853,0.003725,268.46, 425.7398
157143,3.1892,0.003812,262.34, 425.7413
157144,3.1931,0.003793,263.65, 425.7388
157145,3.1968,0.003698,270.40, 425.7418
157146,3.2004,0.003768,265.36, 425.7289
157147,3.2043,0.003755,266.35, 425.7429
157148,3.2080,0.003758,266.07, 425.7429
157149,3.2117,0.003732,267.97, 425.7430
157150,3.2153,0.003664,272.90, 425.7413
157151,3.2192,0.003759,266.03, 425.7364
157152,3.2229,0.003792,263.69, 425.7408
157153,3.2266,0.003714,269.22, 425.7398
157154,3.2305,0.003760,265.98, 425.7413
157155,3.2341,0.003782,264.39, 425.7413
157156,3.2380,0.003812,262.35, 425.7289
157157,3.2417,0.003710,269.57, 425.7431
157158,3.2454,0.003730,268.10, 425.7324
157159,3.2493,0.003816,262.05, 425.7299
157160,3.2532,0.003794,263.59, 425.7359
157161,3.2568,0.003717,269.01, 425.7429
157162,3.2605,0.003804,262.88, 425.7309
157163,3.2644,0.003707,269.75, 425.7294
157164,3.2681,0.003739,267.44, 425.7403
157165,3.2717,0.003761,265.87, 425.7431
157166,3.2754,0.003678,271.92, 425.7413
157167,3.2793,0.003762,265.84, 425.7429
157168,3.2830,0.003781,264.48, 425.7319
157169,3.2869,0.003820,261.76, 425.7314
157170,3.2905,0.003732,267.96, 425.7430
157171,3.2942,0.003703,270.07, 425.7329
157172,3.2981,0.003757,266.18, 425.7383
157173,3.3018,0.003799,263.21, 425.7429
157174,3.3054,0.003699,270.37, 425.7430
157175,3.3093,0.003754,266.41, 425.7398
157176,3.3130,0.003778,264.67, 425.7289
157177,3.3167,0.003718,268.94, 425.7429
157178,3.3206,0.003773,265.02, 425.7364
157179,3.3242,0.003685,271.38, 425.7413
157180,3.3279,0.003744,267.12, 425.7431
157181,3.3318,0.003809,262.56, 425.7324
157182,3.3354,0.003706,269.84, 425.7388
157183,3.3394,0.003779,264.59, 425.7329
157184,3.3430,0.003701,270.20, 425.7339
157185,3.3467,0.003828,261.25, 425.7413
157186,3.3506,0.003798,263.32, 425.7429
157187,3.3542,0.003685,271.34, 425.7413
157188,3.3582,0.003768,265.40, 425.7324
157189,3.3618,0.003694,270.69, 425.7429
157190,3.3655,0.003751,266.61, 425.7429
157191,3.3691,0.003735,267.71, 425.7429
157192,3.3730,0.003728,268.21, 425.7339
157193,3.3767,0.003750,266.65, 425.7289
157194,3.3804,0.003763,265.72, 425.7429
157195,3.3840,0.003682,271.58, 425.7413
157196,3.3879,0.003756,266.26, 425.7429
157197,3.3916,0.003684,271.44, 425.7418
157198,3.3955,0.003808,262.63, 425.7314
157199,3.3992,0.003744,267.12, 425.7388
157200,3.4028,0.003720,268.84, 425.7289
157201,3.4065,0.003743,267.18, 425.7413
157202,3.4104,0.003731,268.00, 425.7429
157203,3.4141,0.003778,264.68, 425.7379
157204,3.4180,0.003901,256.35, 425.7388
157205,3.4216,0.003677,271.94, 425.7431
157206,3.4253,0.003720,268.81, 425.7354
157207,3.4292,0.003814,262.19, 425.7429
157208,3.4329,0.003748,266.83, 425.7403
157209,3.4368,0.003762,265.85, 425.7408
157210,3.4404,0.003725,268.43, 425.7454
157211,3.4443,0.003914,255.50, 425.7403
157212,3.4482,0.003765,265.62, 425.7403
157213,3.4519,0.003669,272.54, 425.7418
157214,3.4556,0.003724,268.51, 425.7413
157215,3.4592,0.003765,265.59, 425.7413
157216,3.4629,0.003716,269.09, 425.7429
157217,3.4668,0.003675,272.09, 425.7393
157218,3.4705,0.003689,271.05, 425.7359
157219,3.4741,0.003739,267.44, 425.7429
157220,3.4778,0.003789,263.90, 425.7429
157221,3.4817,0.003666,272.79, 425.7413
157222,3.4854,0.003741,267.34, 425.7418
157223,3.4890,0.003659,273.29, 425.7429
157224,3.4927,0.003753,266.47, 425.7429
157225,3.4968,0.004180,239.23, 425.7175
157226,3.5005,0.003625,275.85, 425.7430
157227,3.5046,0.004074,245.47, 425.7181
157228,3.5083,0.003764,265.66, 425.7437
157229,3.5120,0.003691,270.91, 425.7309
157230,3.5156,0.003674,272.21, 425.7403
157231,3.5193,0.003657,273.47, 425.7431
157232,3.5234,0.003970,251.90, 425.7439
157233,3.5271,0.003809,262.54, 425.7324
157234,3.5308,0.003698,270.42, 425.7429
157235,3.5344,0.003676,272.06, 425.7429
157236,3.5383,0.003717,269.01, 425.7429
157237,3.5420,0.003716,269.14, 425.7418
157238,3.5457,0.003720,268.82, 425.7418
157239,3.5493,0.003646,274.30, 425.7431
157240,3.5530,0.003749,266.71, 425.7430
157241,3.5569,0.003729,268.19, 425.7429
157242,3.5605,0.003640,274.74, 425.7418
157243,3.5642,0.003766,265.53, 425.7429
157244,3.5679,0.003715,269.21, 425.7359
157245,3.5718,0.003731,268.06, 425.7430
157246,3.5754,0.003744,267.13, 425.7429
157247,3.5791,0.003633,275.28, 425.7429
157248,3.5828,0.003735,267.75, 425.7408
157249,3.5864,0.003687,271.22, 425.7413
157250,3.5903,0.003764,265.71, 425.7429
157251,3.5940,0.003690,271.02, 425.7431
157252,3.5977,0.003696,270.58, 425.7359
157253,3.6013,0.003753,266.43, 425.7289
157254,3.6050,0.003692,270.89, 425.7408
157255,3.6089,0.003719,268.88, 425.7413
157256,3.6125,0.003726,268.42, 425.7329
157257,3.6162,0.003652,273.84, 425.7383
157258,3.6199,0.003758,266.08, 425.7344
157259,3.6235,0.003721,268.77, 425.7418
157260,3.6272,0.003662,273.10, 425.7354
157261,3.6311,0.003736,267.68, 425.7344
157262,3.6348,0.003640,274.73, 425.7431
157263,3.6384,0.003751,266.58, 425.7429
157264,3.6421,0.003763,265.72, 425.7373
157265,3.6458,0.003648,274.16, 425.7403
157266,3.6497,0.003798,263.29, 425.7429
157267,3.6533,0.003693,270.76, 425.7334
157268,3.6570,0.003721,268.78, 425.7294
157269,3.6609,0.003767,265.48, 425.7304
157270,3.6646,0.003680,271.73, 425.7388
157271,3.6682,0.003726,268.37, 425.7413
157272,3.6719,0.003742,267.21, 425.7289
157273,3.6758,0.003737,267.57, 425.7344
157274,3.6794,0.003753,266.47, 425.7418
157275,3.6831,0.003647,274.24, 425.7373
157276,3.6868,0.003762,265.80, 425.7309
157277,3.6907,0.003772,265.10, 425.7429
157278,3.6943,0.003652,273.86, 425.7324
157279,3.6980,0.003738,267.52, 425.7294
157280,3.7017,0.003626,275.79, 425.7429
157281,3.7053,0.003784,264.24, 425.7429
157282,3.7092,0.003796,263.44, 425.7413
157283,3.7129,0.003663,273.03, 425.7364
157284,3.7166,0.003720,268.82, 425.7289
157285,3.7205,0.003943,253.64, 425.7429
157286,3.7244,0.003774,265.00, 425.7398
157287,3.7280,0.003744,267.10, 425.7418
157288,3.7317,0.003663,273.01, 425.7431
157289,3.7354,0.003712,269.42, 425.7344
157290,3.7393,0.003707,269.74, 425.7418
157291,3.7429,0.003739,267.47, 425.7354
157292,3.7466,0.003695,270.61, 425.7429
157293,3.7502,0.003777,264.78, 425.7354
157294,3.7542,0.003784,264.26, 425.7344
157295,3.7581,0.003790,263.87, 425.7379
157296,3.7617,0.003749,266.77, 425.7373
157297,3.7654,0.003732,267.99, 425.7429
157298,3.7690,0.003696,270.58, 425.7430
157299,3.7729,0.003732,267.98, 425.7289
157300,3.7766,0.003716,269.08, 425.7418
157301,3.7803,0.003709,269.60, 425.7413
157302,3.7839,0.003738,267.54, 425.7349
157303,3.7876,0.003693,270.79, 425.7429
157304,3.7915,0.003757,266.18, 425.7354
157305,3.7952,0.003745,267.03, 425.7373
157306,3.7988,0.003706,269.84, 425.7339
157307,3.8027,0.003818,261.93, 425.7368
157308,3.8064,0.003717,269.03, 425.7413
157309,3.8103,0.003753,266.46, 425.7319
157310,3.8140,0.003751,266.62, 425.7289
157311,3.8176,0.003712,269.41, 425.7413
157312,3.8215,0.003755,266.29, 425.7329
157313,3.8252,0.003782,264.41, 425.7408
157314,3.8289,0.003683,271.52, 425.7418
157315,3.8325,0.003731,268.02, 425.7393
157316,3.8364,0.003784,264.29, 425.7429
157317,3.8401,0.003695,270.66, 425.7431
157318,3.8442,0.004100,243.90, 425.7165
157319,3.8479,0.003739,267.49, 425.7413
157320,3.8516,0.003727,268.35, 425.7368
157321,3.8555,0.003786,264.11, 425.7413
157322,3.8591,0.003730,268.08, 425.7403
157323,3.8628,0.003713,269.35, 425.7431
157324,3.8667,0.003754,266.35, 425.7429
157325,3.8704,0.003777,264.73, 425.7413
157326,3.8743,0.003747,266.92, 425.7413
157327,3.8779,0.003703,270.05, 425.7344
157328,3.8816,0.003754,266.41, 425.7403
157329,3.8855,0.003805,262.81, 425.7429
157330,3.8892,0.003741,267.32, 425.7429
157331,3.8928,0.003744,267.07, 425.7429
157332,3.8967,0.003710,269.56, 425.7413
157333,3.9004,0.003744,267.13, 425.7413
157334,3.9048,0.004447,224.89, 425.7165
157335,3.9094,0.004545,220.04, 425.7185
157336,3.9138,0.004451,224.69, 425.7141
157337,3.9180,0.004058,246.40, 425.7430
157338,3.9224,0.004385,228.05, 425.7439
157339,3.9263,0.004121,242.67, 425.7429
157340,3.9304,0.004020,248.78, 425.7413
157341,3.9343,0.003870,258.37, 425.7429
157342,3.9380,0.003783,264.38, 425.7324
157343,3.9419,0.003843,260.23, 425.7289
157344,3.9458,0.003807,262.71, 425.7431
157345,3.9495,0.003760,265.99, 425.7299
157346,3.9531,0.003791,263.79, 425.7403
157347,3.9570,0.003735,267.74, 425.7289
157348,3.9607,0.003786,264.15, 425.7289
157349,3.9646,0.003755,266.33, 425.7359
157350,3.9683,0.003800,263.16, 425.7470
157351,3.9729,0.004483,223.08, 425.7418
157352,3.9766,0.003677,271.96, 425.7431
157353,3.9802,0.003707,269.77, 425.7388
157354,3.9839,0.003712,269.37, 425.7429
157355,3.9875,0.003736,267.67, 425.7289
157356,3.9917,0.003992,250.53, 425.7430
157357,3.9954,0.003864,258.80, 425.7309
157358,3.9993,0.003717,269.03, 425.7430
157359,4.0032,0.003875,258.10, 425.7429
157360,4.0068,0.003763,265.72, 425.7413
157361,4.0105,0.003711,269.49, 425.7403
157362,4.0144,0.003775,264.92, 425.7388
157363,4.0181,0.003726,268.41, 425.7462
157364,4.0220,0.003873,258.18, 425.7289
157365,4.0256,0.003715,269.19, 425.7429
157366,4.0293,0.003752,266.52, 425.7429
157367,4.0332,0.003783,264.38, 425.7309
157368,4.0369,0.003771,265.16, 425.7429
157369,4.0405,0.003700,270.29, 425.7430
157370,4.0444,0.003751,266.57, 425.7429
157371,4.0481,0.003797,263.35, 425.7431
157372,4.0520,0.003763,265.74, 425.7413
157373,4.0557,0.003756,266.23, 425.7403
157374,4.0593,0.003718,268.99, 425.7408
157375,4.0632,0.003768,265.38, 425.7339
157376,4.0669,0.003697,270.50, 425.7413
157377,4.0706,0.003719,268.93, 425.7403
157378,4.0742,0.003723,268.58, 425.7418
157379,4.0781,0.003696,270.56, 425.7413
157380,4.0818,0.003774,264.97, 425.7398
157381,4.0854,0.003762,265.79, 425.7430
157382,4.0894,0.003724,268.56, 425.7359
157383,4.0933,0.003990,250.60, 425.7147
157384,4.0969,0.003723,268.62, 425.7413
157385,4.1008,0.003763,265.73, 425.7429
157386,4.1045,0.003794,263.61, 425.7429
157387,4.1084,0.003762,265.81, 425.7413
157388,4.1121,0.003714,269.24, 425.7418
157389,4.1157,0.003742,267.23, 425.7430
157390,4.1194,0.003683,271.53, 425.7413
157391,4.1233,0.003820,261.77, 425.7373
157392,4.1270,0.003705,269.91, 425.7408
157393,4.1309,0.003818,261.95, 425.7334
157394,4.1345,0.003762,265.79, 425.7418
157395,4.1382,0.003733,267.92, 425.7309
157396,4.1421,0.003770,265.27, 425.7368
157397,4.1458,0.003710,269.56, 425.7408
157398,4.1494,0.003736,267.67, 425.7418
157399,4.1533,0.003789,263.91, 425.7408
157400,4.1570,0.003657,273.44, 425.7430
157401,4.1606,0.003735,267.77, 425.7393
157402,4.1646,0.003784,264.26, 425.7413
157403,4.1682,0.003765,265.64, 425.7373
157404,4.1721,0.003814,262.21, 425.7457
157405,4.1758,0.003754,266.40, 425.7439
157406,4.1794,0.003738,267.55, 425.7430
157407,4.1834,0.003748,266.78, 425.7398
157408,4.1873,0.004070,245.69, 425.7429
157409,4.1912,0.003866,258.67, 425.7413
157410,4.1951,0.003794,263.57, 425.7429
157411,4.1987,0.003735,267.76, 425.7429
157412,4.2024,0.003743,267.17, 425.7413
157413,4.2063,0.003728,268.22, 425.7413
157414,4.2100,0.003741,267.32, 425.7418
157415,4.2136,0.003717,269.04, 425.7418
157416,4.2175,0.003723,268.64, 425.7431
157417,4.2212,0.003769,265.30, 425.7388
157418,4.2249,0.003735,267.71, 425.7294
157419,4.2288,0.003734,267.82, 425.7431
157420,4.2327,0.003898,256.54, 425.7147
157421,4.2363,0.003732,267.97, 425.7429
157422,4.2400,0.003785,264.23, 425.7418
157423,4.2439,0.003827,261.31, 425.7429
157424,4.2476,0.003678,271.90, 425.7364
157425,4.2515,0.003806,262.72, 425.7329
157426,4.2554,0.003873,258.22, 425.7314
157427,4.2590,0.003784,264.29, 425.7413
157428,4.2627,0.003729,268.15, 425.7413
157429,4.2664,0.003715,269.15, 425.7393
157430,4.2703,0.003798,263.31, 425.7354
157431,4.2742,0.003776,264.86, 425.7429
157432,4.2778,0.003720,268.80, 425.7373
157433,4.2815,0.003780,264.57, 425.7354
157434,4.2852,0.003705,269.89, 425.7388
157435,4.2891,0.003841,260.38, 425.7430
157436,4.2930,0.003754,266.36, 425.7373
157437,4.2966,0.003722,268.68, 425.7294
157438,4.3003,0.003791,263.79, 425.7429
157439,4.3042,0.003772,265.15, 425.7413
157440,4.3079,0.003749,266.74, 425.7398
157441,4.3118,0.003796,263.44, 425.7413
157442,4.3154,0.003671,272.38, 425.7304
157443,4.3191,0.003815,262.10, 425.7314
157444,4.3230,0.003782,264.43, 425.7429
157445,4.3267,0.003782,264.40, 425.7429
157446,4.3306,0.003803,262.93, 425.7429
157447,4.3342,0.003784,264.25, 425.7413
157448,4.3381,0.003761,265.89, 425.7289
157449,4.3418,0.003781,264.45, 425.7413
157450,4.3457,0.003816,262.05, 425.7429
157451,4.3494,0.003790,263.84, 425.7388
157452,4.3533,0.003786,264.17, 425.7429
157453,4.3569,0.003686,271.27, 425.7429
157454,4.3608,0.003798,263.32, 425.7413
157455,4.3645,0.003763,265.73, 425.7429
157456,4.3682,0.003755,266.28, 425.7368
157457,4.3721,0.003752,266.55, 425.7430
157458,4.3757,0.003678,271.92, 425.7418
157459,4.3794,0.003747,266.89, 425.7430
157460,4.3831,0.003738,267.53, 425.7440
157461,4.3870,0.003685,271.37, 425.7388
157462,4.3906,0.003775,264.90, 425.7429
157463,4.3943,0.003712,269.41, 425.7418
157464,4.3982,0.003833,260.88, 425.7413
157465,4.4019,0.003782,264.44, 425.7368
157466,4.4058,0.003747,266.92, 425.7319
157467,4.4094,0.003768,265.39, 425.7359
157468,4.4131,0.003733,267.92, 425.7383
157469,4.4170,0.003731,268.00, 425.7364
157470,4.4207,0.003789,263.94, 425.7408
157471,4.4246,0.003723,268.61, 425.7430
157472,4.4282,0.003767,265.46, 425.7299
157473,4.4319,0.003725,268.47, 425.7429
157474,4.4355,0.003670,272.46, 425.7413
157475,4.4395,0.003843,260.20, 425.7431
157476,4.4431,0.003746,266.94, 425.7294
157477,4.4470,0.003771,265.18, 425.7329
157478,4.4507,0.003739,267.42, 425.7418
157479,4.4548,0.004146,241.18, 425.7165
157480,4.4585,0.003752,266.54, 425.7403
157481,4.4624,0.003806,262.76, 425.7403
157482,4.4661,0.003667,272.67, 425.7393
157483,4.4700,0.003843,260.23, 425.7430
157484,4.4736,0.003634,275.20, 425.7439
157485,4.4773,0.003712,269.43, 425.7431
157486,4.4810,0.003742,267.22, 425.7430
157487,4.4846,0.003726,268.39, 425.7430
157488,4.4885,0.003796,263.41, 425.7413
157489,4.4922,0.003741,267.30, 425.7430
157490,4.4959,0.003697,270.50, 425.7373
157491,4.4998,0.003786,264.11, 425.7418
157492,4.5034,0.003657,273.44, 425.7430
157493,4.5071,0.003750,266.67, 425.7349
157494,4.5110,0.003745,267.02, 425.7429
157495,4.5146,0.003749,266.74, 425.7429
157496,4.5183,0.003742,267.26, 425.7429
157497,4.5222,0.003698,270.44, 425.7413
157498,4.5259,0.003795,263.51, 425.7289
157499,4.5298,0.003785,264.19, 425.7429
157500,4.5334,0.003772,265.08, 425.7408
157501,4.5371,0.003778,264.68, 425.7413
157502,4.5410,0.003737,267.57, 425.7418
157503,4.5447,0.003739,267.43, 425.7324
157504,4.5486,0.003779,264.63, 425.7314
157505,4.5522,0.003692,270.86, 425.7339
157506,4.5559,0.003825,261.44, 425.7339
157507,4.5598,0.003840,260.45, 425.7429
157508,4.5635,0.003742,267.27, 425.7429
157509,4.5674,0.003770,265.27, 425.7324
157510,4.5710,0.003691,270.96, 425.7472
157511,4.5750,0.003905,256.07, 425.7408
157512,4.5786,0.003726,268.38, 425.7429
157513,4.5823,0.003713,269.33, 425.7429
157514,4.5862,0.003793,263.66, 425.7413
157515,4.5898,0.003772,265.09, 425.7413
157516,4.5938,0.003725,268.49, 425.7368
157517,4.5974,0.003759,266.04, 425.7429
157518,4.6011,0.003677,271.95, 425.7431
157519,4.6050,0.003795,263.51, 425.7429
157520,4.6086,0.003765,265.64, 425.7429
157521,4.6123,0.003709,269.64, 425.7289
157522,4.6162,0.003748,266.79, 425.7289
157523,4.6199,0.003773,265.03, 425.7418
157524,4.6235,0.003730,268.13, 425.7431
157525,4.6274,0.003796,263.43, 425.7413
157526,4.6311,0.003701,270.22, 425.7413
157527,4.6348,0.003759,266.06, 425.7289
157528,4.6387,0.003743,267.19, 425.7429
157529,4.6426,0.003861,259.01, 425.7413
157530,4.6462,0.003801,263.12, 425.7413
157531,4.6501,0.003834,260.81, 425.7408
157532,4.6538,0.003748,266.79, 425.7408
157533,4.6577,0.003803,262.93, 425.7408
157534,4.6614,0.003759,266.06, 425.7334
157535,4.6653,0.003793,263.64, 425.7398
157536,4.6689,0.003832,260.95, 425.7379
157537,4.6729,0.003854,259.46, 425.7403
157538,4.6768,0.003800,263.17, 425.7324
157539,4.6807,0.003849,259.83, 425.7393
157540,4.6843,0.003715,269.21, 425.7429
157541,4.6880,0.003763,265.77, 425.7431
157542,4.6917,0.003658,273.37, 425.7431
157543,4.6956,0.003749,266.74, 425.7403
157544,4.6992,0.003725,268.43, 425.7429
157545,4.7029,0.003706,269.84, 425.7398
157546,4.7068,0.003908,255.89, 425.7165
157547,4.7107,0.003798,263.29, 425.7403
157548,4.7144,0.003701,270.20, 425.7388
157549,4.7180,0.003775,264.91, 425.7324
157550,4.7219,0.003795,263.51, 425.7431
157551,4.7256,0.003796,263.44, 425.7324
157552,4.7295,0.003783,264.33, 425.7430
157553,4.7332,0.003770,265.23, 425.7289
157554,4.7371,0.003747,266.87, 425.7289
157555,4.7407,0.003727,268.29, 425.7368
157556,4.7444,0.003750,266.70, 425.7359
157557,4.7483,0.003801,263.06, 425.7408
157558,4.7520,0.003690,271.02, 425.7430
157559,4.7559,0.003818,261.91, 425.7408
157560,4.7595,0.003709,269.62, 425.7453
157561,4.7632,0.003830,261.07, 425.7379
157562,4.7671,0.003724,268.52, 425.7429
157563,4.7708,0.003719,268.91, 425.7413
157564,4.7744,0.003750,266.70, 425.7354
157565,4.7783,0.003769,265.35, 425.7429
157566,4.7820,0.003708,269.72, 425.7354
157567,4.7856,0.003799,263.20, 425.7413
157568,4.7896,0.003693,270.78, 425.7430
157569,4.7932,0.003763,265.75, 425.7364
157570,4.7969,0.003745,266.99, 425.7431
157571,4.8005,0.003703,270.08, 425.7403
157572,4.8044,0.003747,266.86, 425.7430
157573,4.8081,0.003815,262.16, 425.7289
157574,4.8120,0.003721,268.74, 425.7413
157575,4.8157,0.003762,265.80, 425.7413
157576,4.8193,0.003727,268.33, 425.7304
157577,4.8232,0.003771,265.15, 425.7429
157578,4.8269,0.003768,265.43, 425.7418
157579,4.8308,0.003759,266.01, 425.7418
157580,4.8345,0.003732,267.97, 425.7429
157581,4.8381,0.003691,270.92, 425.7467
157582,4.8418,0.003766,265.52, 425.7431
157583,4.8457,0.003754,266.40, 425.7388
157584,4.8494,0.003724,268.51, 425.7431
157585,4.8533,0.003776,264.81, 425.7413
157586,4.8569,0.003793,263.68, 425.7429
157587,4.8608,0.003765,265.63, 425.7354
157588,4.8647,0.004137,241.74, 425.7156
157589,4.8684,0.003647,274.24, 425.7413
157590,4.8723,0.003784,264.31, 425.7413
157591,4.8760,0.003742,267.21, 425.7413
157592,4.8796,0.003692,270.87, 425.7430
157593,4.8835,0.003749,266.77, 425.7289
157594,4.8872,0.003745,267.06, 425.7294
157595,4.8909,0.003778,264.72, 425.7429
157596,4.8948,0.003715,269.19, 425.7439
157597,4.8984,0.003690,271.04, 425.7383
157598,4.9021,0.003742,267.26, 425.7429
157599,4.9060,0.003857,259.30, 425.7429
157600,4.9102,0.004123,242.52, 425.7403
157601,4.9141,0.003933,254.27, 425.7413
157602,4.9180,0.003951,253.10, 425.7418
157603,4.9224,0.004265,234.44, 425.7439
157604,4.9272,0.004924,203.10, 425.7429
157605,4.9316,0.004462,224.10, 425.7429
157606,4.9355,0.003863,258.85, 425.7393
157607,4.9395,0.003894,256.81, 425.7418
157608,4.9431,0.003781,264.46, 425.7429
157609,4.9470,0.003712,269.40, 425.7289
157610,4.9507,0.003789,263.92, 425.7344
157611,4.9543,0.003775,264.89, 425.7429
157612,4.9583,0.003712,269.41, 425.7418
157613,4.9619,0.003792,263.69, 425.7324
157614,4.9656,0.003676,272.01, 425.7431
157615,4.9695,0.003826,261.37, 425.7279
157616,4.9731,0.003736,267.65, 425.7439
157617,4.9768,0.003705,269.90, 425.7289
157618,4.9807,0.003764,265.66, 425.7393
157619,4.9844,0.003792,263.69, 425.7413
157620,4.9885,0.004116,242.98, 425.7147
157621,4.9924,0.003803,262.93, 425.7413
157622,4.9961,0.003773,265.07, 425.7393
157623,5.0000,0.003845,260.08, 425.7429
157624,5.0039,0.003821,261.70, 425.7339
157625,5.0076,0.003797,263.35, 425.7314
157626,5.0115,0.003778,264.73, 425.7430
157627,5.0151,0.003780,264.57, 425.7403
157628,5.0188,0.003708,269.67, 425.7430
157629,5.0227,0.003692,270.84, 425.7439
157630,5.0264,0.003736,267.67, 425.7274
157631,5.0300,0.003803,262.98, 425.7289
157632,5.0339,0.003746,266.97, 425.7429
157633,5.0376,0.003695,270.67, 425.7339
157634,5.0413,0.003810,262.49, 425.7429
157635,5.0452,0.003732,267.92, 425.7398
157636,5.0488,0.003803,262.95, 425.7429
157637,5.0527,0.003789,263.95, 425.7289
157638,5.0564,0.003681,271.64, 425.7354
157639,5.0601,0.003803,262.97, 425.7289
157640,5.0640,0.003738,267.54, 425.7439
157641,5.0676,0.003726,268.38, 425.7294
157642,5.0713,0.003767,265.49, 425.7430
157643,5.0752,0.003704,269.95, 425.7379
157644,5.0789,0.003773,265.06, 425.7430
157645,5.0828,0.003778,264.68, 425.7408
157646,5.0864,0.003682,271.58, 425.7339
157647,5.0901,0.003755,266.30, 425.7388
157648,5.0938,0.003766,265.56, 425.7359
157649,5.0977,0.003763,265.72, 425.7408
157650,5.1013,0.003778,264.69, 425.7430
157651,5.1050,0.003662,273.08, 425.7349
157652,5.1089,0.003811,262.38, 425.7413
157653,5.1125,0.003779,264.59, 425.7431
157654,5.1165,0.003693,270.82, 425.7349
157655,5.1201,0.003783,264.35, 425.7309
157656,5.1240,0.003780,264.57, 425.7289
157657,5.1277,0.003762,265.82, 425.7413
157658,5.1313,0.003742,267.24, 425.7440
157659,5.1353,0.003763,265.75, 425.7408
157660,5.1389,0.003825,261.42, 425.7413
157661,5.1428,0.003758,266.07, 425.7430
157662,5.1465,0.003681,271.64, 425.7289
157663,5.1501,0.003772,265.09, 425.7368
157664,5.1538,0.003674,272.22, 425.7413
157665,5.1580,0.003954,252.93, 425.7429
157666,5.1616,0.003835,260.76, 425.7429
157667,5.1655,0.003807,262.68, 425.7429
157668,5.1692,0.003808,262.63, 425.7408
157669,5.1731,0.003764,265.65, 425.7437
157670,5.1768,0.003747,266.86, 425.7413
157671,5.1807,0.003777,264.75, 425.7413
157672,5.1843,0.003704,269.99, 425.7299
157673,5.1880,0.003799,263.21, 425.7324
157674,5.1919,0.003692,270.84, 425.7430
157675,5.1953,0.003649,274.07, 425.7413
157676,5.1992,0.003734,267.81, 425.7429
157677,5.2031,0.003998,250.12, 425.7431
157678,5.2075,0.004369,228.91, 425.7230
157679,5.2112,0.003731,268.02, 425.7413
157680,5.2151,0.003707,269.79, 425.7359
157681,5.2188,0.003769,265.33, 425.7439
157682,5.2224,0.003726,268.39, 425.7430
157683,5.2261,0.003710,269.54, 425.7430
157684,5.2300,0.003788,263.98, 425.7314
157685,5.2336,0.003787,264.08, 425.7334
157686,5.2375,0.003687,271.24, 425.7430
157687,5.2412,0.003771,265.17, 425.7403
157688,5.2449,0.003711,269.47, 425.7334
157689,5.2488,0.003832,260.95, 425.7383
157690,5.2524,0.003769,265.29, 425.7430
157691,5.2561,0.003691,270.96, 425.7289
157692,5.2600,0.003823,261.57, 425.7364
157693,5.2637,0.003711,269.49, 425.7408
157694,5.2676,0.003775,264.87, 425.7430
157695,5.2712,0.003776,264.80, 425.7430
157696,5.2749,0.003687,271.22, 425.7329
157697,5.2788,0.003744,267.11, 425.7429
157698,5.2827,0.003872,258.29, 425.7439
157699,5.2864,0.003790,263.87, 425.7430
157700,5.2903,0.003866,258.70, 425.7429
157701,5.2942,0.003858,259.19, 425.7429
157702,5.2981,0.003877,257.94, 425.7430
157703,5.3018,0.003798,263.28, 425.7430
157704,5.3057,0.003765,265.60, 425.7413
157705,5.3096,0.003948,253.27, 425.7413
157706,5.3132,0.003846,259.98, 425.7439
157707,5.3171,0.003749,266.75, 425.7418
157708,5.3210,0.003841,260.34, 425.7469
157709,5.3252,0.004356,229.56, 425.7418
157710,5.3291,0.003748,266.84, 425.7440
157711,5.3333,0.004098,244.04, 425.7431
157712,5.3369,0.003766,265.54, 425.7431
157713,5.3408,0.003831,261.06, 425.7429
157714,5.3447,0.003878,257.88, 425.7431
157715,5.3484,0.003776,264.80, 425.7429
157716,5.3525,0.004210,237.55, 425.7141
157717,5.3567,0.003998,250.10, 425.7429
157718,5.3604,0.003802,263.05, 425.7447
157719,5.3647,0.004261,234.70, 425.7440
157720,5.3687,0.003937,253.99, 425.7413
157721,5.3728,0.004126,242.37, 425.7165
157722,5.3767,0.003930,254.45, 425.7429
157723,5.3806,0.003881,257.64, 425.7429
157724,5.3843,0.003789,263.90, 425.7439
157725,5.3884,0.004019,248.83, 425.7430
157726,5.3921,0.003856,259.32, 425.7429
157727,5.3960,0.003713,269.33, 425.7354
157728,5.3997,0.003778,264.66, 425.7344
157729,5.4033,0.003746,266.97, 425.7373
157730,5.4075,0.003929,254.51, 425.7430
157731,5.4114,0.003921,255.01, 425.7418
157732,5.4150,0.003819,261.88, 425.7403
157733,5.4189,0.003767,265.44, 425.7349
157734,5.4226,0.003810,262.47, 425.7430
157735,5.4265,0.003760,265.98, 425.7354
157736,5.4302,0.003777,264.77, 425.7430
157737,5.4341,0.003743,267.18, 425.7289
157738,5.4377,0.003772,265.09, 425.7429
157739,5.4414,0.003744,267.11, 425.7413
157740,5.4451,0.003695,270.67, 425.7413
157741,5.4490,0.003775,264.89, 425.7289
157742,5.4526,0.003798,263.32, 425.7373
157743,5.4565,0.003768,265.37, 425.7413
157744,5.4604,0.003838,260.59, 425.7429
157745,5.4641,0.003663,273.02, 425.7469
157746,5.4678,0.003845,260.08, 425.7368
157747,5.4717,0.003795,263.53, 425.7429
157748,5.4753,0.003707,269.75, 425.7413
157749,5.4790,0.003763,265.73, 425.7329
157750,5.4829,0.003729,268.18, 425.7430
157751,5.4866,0.003739,267.44, 425.7429
157752,5.4905,0.003824,261.53, 425.7413
157753,5.4941,0.003706,269.80, 425.7309
157754,5.4978,0.003732,267.92, 425.7431
157755,5.5015,0.003723,268.61, 425.7439
157756,5.5054,0.003764,265.65, 425.7431
157757,5.5090,0.003753,266.47, 425.7429
157758,5.5127,0.003682,271.60, 425.7403
157759,5.5166,0.003761,265.90, 425.7359
157760,5.5203,0.003800,263.18, 425.7398
157761,5.5239,0.003679,271.82, 425.7368
157762,5.5278,0.003772,265.14, 425.7289
157763,5.5315,0.003701,270.22, 425.7430
157764,5.5352,0.003783,264.38, 425.7398
157765,5.5391,0.003774,264.96, 425.7309
157766,5.5427,0.003666,272.76, 425.7429
157767,5.5464,0.003722,268.67, 425.7413
157768,5.5503,0.003808,262.58, 425.7430
157769,5.5540,0.003669,272.52, 425.7398
157770,5.5576,0.003703,270.04, 425.7430
157771,5.5613,0.003695,270.63, 425.7413
157772,5.5652,0.003777,264.80, 425.7289
157773,5.5688,0.003744,267.13, 425.7429
157774,5.5725,0.003717,269.05, 425.7403
157775,5.5762,0.003696,270.58, 425.7413
157776,5.5801,0.003740,267.39, 425.7413
157777,5.5837,0.003727,268.31, 425.7364
157778,5.5874,0.003723,268.64, 425.7429
157779,5.5911,0.003682,271.58, 425.7383
157780,5.5950,0.003798,263.28, 425.7413
157781,5.5986,0.003710,269.54, 425.7430
157782,5.6023,0.003673,272.25, 425.7304
157783,5.6060,0.003715,269.16, 425.7413
157784,5.6096,0.003692,270.86, 425.7429
157785,5.6135,0.003783,264.35, 425.7413
157786,5.6172,0.003774,264.97, 425.7408
157787,5.6209,0.003656,273.50, 425.7431
157788,5.6245,0.003716,269.09, 425.7429
157789,5.6284,0.003681,271.67, 425.7413
157790,5.6321,0.003712,269.43, 425.7413
157791,5.6357,0.003720,268.85, 425.7430
157792,5.6394,0.003732,267.98, 425.7413
157793,5.6433,0.003765,265.58, 425.7304
157794,5.6470,0.003708,269.67, 425.7334
157795,5.6506,0.003694,270.68, 425.7429
157796,5.6543,0.003706,269.85, 425.7429
157797,5.6580,0.003688,271.18, 425.7289
157798,5.6619,0.003731,268.02, 425.7418
157799,5.6655,0.003673,272.28, 425.7439
157800,5.6692,0.003683,271.53, 425.7373
157801,5.6729,0.003753,266.47, 425.7430
157802,5.6765,0.003681,271.64, 425.7413
157803,5.6802,0.003737,267.62, 425.7393
157804,5.6841,0.003733,267.86, 425.7429
157805,5.6877,0.003653,273.72, 425.7413
157806,5.6914,0.003819,261.84, 425.7304
157807,5.6951,0.003684,271.44, 425.7359
157808,5.6990,0.003703,270.06, 425.7403
157809,5.7026,0.003711,269.44, 425.7413
157810,5.7063,0.003702,270.10, 425.7403
157811,5.7100,0.003745,267.02, 425.7398
157812,5.7136,0.003681,271.64, 425.7429
157813,5.7175,0.003709,269.61, 425.7373
157814,5.7214,0.003892,256.94, 425.7289
157815,5.7251,0.003828,261.21, 425.7429
157816,5.7290,0.003883,257.54, 425.7294
157817,5.7327,0.003709,269.65, 425.7413
157818,5.7363,0.003692,270.88, 425.7431
157819,5.7402,0.003781,264.47, 425.7429
157820,5.7441,0.003806,262.76, 425.7289
157821,5.7478,0.003725,268.48, 425.7413
157822,5.7515,0.003753,266.46, 425.7429
157823,5.7551,0.003683,271.50, 425.7418
157824,5.7590,0.003772,265.10, 425.7359
157825,5.7632,0.004200,238.11, 425.7234
157826,5.7668,0.003705,269.92, 425.7431
157827,5.7708,0.003774,265.00, 425.7430
157828,5.7744,0.003805,262.82, 425.7334
157829,5.7781,0.003738,267.55, 425.7429
157830,5.7820,0.003716,269.12, 425.7429
157831,5.7856,0.003676,272.04, 425.7413
157832,5.7893,0.003794,263.59, 425.7368
157833,5.7932,0.003781,264.49, 425.7403
157834,5.7969,0.003718,268.99, 425.7393
157835,5.8005,0.003764,265.67, 425.7379
157836,5.8044,0.003716,269.14, 425.7314
157837,5.8081,0.003798,263.33, 425.7408
157838,5.8123,0.004114,243.10, 425.7165
157839,5.8159,0.003658,273.37, 425.7368
157840,5.8196,0.003783,264.32, 425.7324
157841,5.8235,0.003684,271.47, 425.7430
157842,5.8271,0.003731,268.03, 425.7398
157843,5.8308,0.003804,262.86, 425.7373
157844,5.8347,0.003732,267.97, 425.7383
157845,5.8384,0.003790,263.82, 425.7349
157846,5.8420,0.003725,268.44, 425.7430
157847,5.8459,0.003672,272.35, 425.7418
157848,5.8496,0.003878,257.84, 425.7429
157849,5.8535,0.003767,265.44, 425.7349
157850,5.8572,0.003707,269.75, 425.7430
157851,5.8608,0.003717,269.05, 425.7430
157852,5.8647,0.003735,267.76, 425.7383
157853,5.8684,0.003878,257.90, 425.7175
157854,5.8723,0.003757,266.16, 425.7440
157855,5.8762,0.003836,260.68, 425.7431
157856,5.8799,0.003846,260.04, 425.7364
157857,5.8835,0.003705,269.90, 425.7429
157858,5.8875,0.003770,265.23, 425.7339
157859,5.8911,0.003744,267.09, 425.7430
157860,5.8950,0.003827,261.27, 425.7319
157861,5.8999,0.004948,202.11, 425.7429
157862,5.9038,0.003877,257.96, 425.7374
157863,5.9077,0.003772,265.10, 425.7429
157864,5.9119,0.004275,233.91, 425.7430
157865,5.9163,0.004423,226.10, 425.7413
157866,5.9202,0.003959,252.60, 425.7429
157867,5.9241,0.003872,258.27, 425.7364
157868,5.9280,0.003821,261.70, 425.7368
157869,5.9316,0.003688,271.16, 425.7413
157870,5.9353,0.003783,264.36, 425.7388
157871,5.9392,0.003866,258.69, 425.7429
157872,5.9431,0.003767,265.44, 425.7418
157873,5.9468,0.003787,264.04, 425.7289
157874,5.9507,0.003731,268.02, 425.7289
157875,5.9543,0.003791,263.75, 425.7413
157876,5.9580,0.003727,268.31, 425.7429
157877,5.9619,0.003724,268.54, 425.7413
157878,5.9656,0.003729,268.18, 425.7349
157879,5.9695,0.003827,261.29, 425.7359
157880,5.9731,0.003731,268.02, 425.7349
157881,5.9771,0.003898,256.56, 425.7383
157882,5.9807,0.003767,265.44, 425.7339
157883,5.9846,0.003807,262.65, 425.7403
157884,5.9883,0.003797,263.35, 425.7289
157885,5.9922,0.003830,261.07, 425.7413
157886,5.9961,0.003880,257.74, 425.7349
157887,6.0000,0.003803,262.96, 425.7431
157888,6.0037,0.003709,269.59, 425.7364
157889,6.0073,0.003765,265.60, 425.7413
157890,6.0110,0.003749,266.77, 425.7368
157891,6.0149,0.003772,265.10, 425.7413
157892,6.0186,0.003713,269.35, 425.7439
157893,6.0222,0.003678,271.89, 425.7379
157894,6.0261,0.003765,265.63, 425.7339
157895,6.0298,0.003809,262.52, 425.7429
157896,6.0337,0.003771,265.21, 425.7403
157897,6.0374,0.003779,264.65, 425.7349
157898,6.0410,0.003697,270.48, 425.7368
157899,6.0449,0.003859,259.12, 425.7349
157900,6.0486,0.003748,266.82, 425.7418
157901,6.0525,0.003708,269.72, 425.7408
157902,6.0562,0.003813,262.27, 425.7383
157903,6.0601,0.003780,264.55, 425.7373
157904,6.0637,0.003706,269.83, 425.7430
157905,6.0674,0.003744,267.08, 425.7284
157906,6.0713,0.003759,266.03, 425.7430
157907,6.0750,0.003744,267.13, 425.7403
157908,6.0789,0.003798,263.33, 425.7398
157909,6.0825,0.003718,268.99, 425.7294
157910,6.0862,0.003736,267.69, 425.7429
157911,6.0901,0.003780,264.55, 425.7289
157912,6.0938,0.003788,263.98, 425.7289
157913,6.0977,0.003793,263.63, 425.7354
157914,6.1013,0.003688,271.12, 425.7373
157915,6.1050,0.003792,263.74, 425.7289
157916,6.1089,0.003757,266.14, 425.7413
157917,6.1125,0.003747,266.85, 425.7373
157918,6.1162,0.003734,267.83, 425.7413
157919,6.1201,0.003802,263.03, 425.7319
157920,6.1238,0.003766,265.54, 425.7339
157921,6.1274,0.003714,269.24, 425.7430
157922,6.1313,0.003706,269.80, 425.7373
157923,6.1350,0.003740,267.38, 425.7440
157924,6.1387,0.003780,264.54, 425.7429
157925,6.1426,0.003739,267.49, 425.7413
157926,6.1462,0.003713,269.35, 425.7418
157927,6.1499,0.003757,266.18, 425.7413
157928,6.1536,0.003671,272.43, 425.7439
157929,6.1572,0.003682,271.58, 425.7408
157930,6.1611,0.003750,266.70, 425.7403
157931,6.1648,0.003771,265.18, 425.7429
157932,6.1685,0.003666,272.76, 425.7430
157933,6.1724,0.003747,266.91, 425.7418
157934,6.1760,0.003748,266.84, 425.7413
157935,6.1797,0.003739,267.49, 425.7383
157936,6.1836,0.003765,265.58, 425.7388
157937,6.1873,0.003670,272.49, 425.7413
157938,6.1909,0.003800,263.16, 425.7431
157939,6.1948,0.003739,267.43, 425.7430
157940,6.1985,0.003723,268.57, 425.7289
157941,6.2024,0.003817,261.96, 425.7289
157942,6.2061,0.003713,269.32, 425.7429
157943,6.2097,0.003754,266.40, 425.7439
157944,6.2139,0.004046,247.17, 425.7430
157945,6.2175,0.003742,267.23, 425.7463
157946,6.2214,0.003963,252.31, 425.7429
157947,6.2253,0.003742,267.24, 425.7429
157948,6.2295,0.004287,233.29, 425.7165
157949,6.2334,0.003807,262.67, 425.7413
157950,6.2371,0.003764,265.67, 425.7430
157951,6.2407,0.003666,272.78, 425.7413
157952,6.2444,0.003735,267.76, 425.7309
157953,6.2483,0.003687,271.26, 425.7339
157954,6.2520,0.003712,269.37, 425.7429
157955,6.2556,0.003723,268.63, 425.7398
157956,6.2593,0.003702,270.15, 425.7413
157957,6.2632,0.003749,266.74, 425.7334
157958,6.2668,0.003738,267.49, 425.7429
157959,6.2705,0.003747,266.91, 425.7354
157960,6.2744,0.003776,264.83, 425.7398
157961,6.2781,0.003677,271.98, 425.7408
157962,6.2817,0.003734,267.78, 425.7418
157963,6.2854,0.003747,266.86, 425.7429
157964,6.2893,0.003695,270.61, 425.7383
157965,6.2930,0.003714,269.24, 425.7413
157966,6.2966,0.003680,271.74, 425.7393
157967,6.3003,0.003794,263.59, 425.7289
157968,6.3042,0.003740,267.39, 425.7429
157969,6.3079,0.003761,265.87, 425.7429
157970,6.3115,0.003683,271.53, 425.7413
157971,6.3154,0.003799,263.25, 425.7408
157972,6.3191,0.003729,268.16, 425.7398
157973,6.3228,0.003742,267.26, 425.7413
157974,6.3264,0.003674,272.16, 425.7403
157975,6.3303,0.003779,264.61, 425.7339
157976,6.3340,0.003714,269.26, 425.7429
157977,6.3376,0.003667,272.72, 425.7430
157978,6.3413,0.003765,265.58, 425.7413
157979,6.3452,0.003703,270.03, 425.7379
157980,6.3489,0.003753,266.47, 425.7429
157981,6.3525,0.003721,268.75, 425.7430
157982,6.3562,0.003649,274.07, 425.7324
157983,6.3601,0.003795,263.49, 425.7403
157984,6.3643,0.004148,241.08, 425.7180
157985,6.3679,0.003670,272.48, 425.7359
157986,6.3716,0.003800,263.15, 425.7429
157987,6.3752,0.003672,272.34, 425.7403
157988,6.3792,0.003755,266.33, 425.7289
157989,6.3828,0.003729,268.18, 425.7429
157990,6.3867,0.003797,263.39, 425.7413
157991,6.3904,0.003842,260.29, 425.7403
157992,6.3943,0.003744,267.12, 425.7429
157993,6.3979,0.003743,267.16, 425.7431
157994,6.4016,0.003786,264.15, 425.7359
157995,6.4055,0.003673,272.28, 425.7431
157996,6.4092,0.003762,265.82, 425.7413
157997,6.4128,0.003765,265.62, 425.7430
157998,6.4165,0.003641,274.62, 425.7440
157999,6.4204,0.003876,257.98, 425.7429
158000,6.4241,0.003700,270.28, 425.7373
158001,6.4280,0.003767,265.48, 425.7314
158002,6.4316,0.003758,266.11, 425.7388
158003,6.4353,0.003735,267.72, 425.7354
158004,6.4392,0.003801,263.12, 425.7319
158005,6.4429,0.003763,265.77, 425.7354
158006,6.4468,0.003727,268.33, 425.7429
158007,6.4504,0.003798,263.32, 425.7413
158008,6.4541,0.003714,269.22, 425.7289
158009,6.4583,0.004157,240.55, 425.7147
158010,6.4626,0.004170,239.83, 425.7165
158011,6.4663,0.003889,257.16, 425.7398
158012,6.4702,0.003892,256.91, 425.7289
158013,6.4741,0.003741,267.34, 425.7429
158014,6.4778,0.003770,265.28, 425.7413
158015,6.4817,0.003783,264.33, 425.7339
158016,6.4854,0.003742,267.21, 425.7364
158017,6.4890,0.003748,266.82, 425.7429
158018,6.4929,0.003766,265.51, 425.7289
158019,6.4966,0.003704,269.99, 425.7403
158020,6.5002,0.003782,264.40, 425.7289
158021,6.5042,0.003779,264.63, 425.7408
158022,6.5078,0.003760,265.99, 425.7304
158023,6.5117,0.003746,266.97, 425.7418
158024,6.5154,0.003667,272.67, 425.7429
158025,6.5190,0.003815,262.12, 425.7284
158026,6.5229,0.003772,265.12, 425.7430
158027,6.5266,0.003721,268.76, 425.7418
158028,6.5305,0.003794,263.57, 425.7383
158029,6.5342,0.003759,266.05, 425.7429
158030,6.5378,0.003752,266.53, 425.7368
158031,6.5417,0.003847,259.98, 425.7289
158032,6.5454,0.003711,269.45, 425.7388
158033,6.5493,0.003803,262.93, 425.7324
158034,6.5530,0.003752,266.52, 425.7429
158035,6.5566,0.003715,269.19, 425.7408
158036,6.5605,0.003765,265.58, 425.7398
158037,6.5642,0.003686,271.31, 425.7393
158038,6.5679,0.003770,265.26, 425.7430
158039,6.5718,0.003779,264.61, 425.7403
158040,6.5754,0.003688,271.14, 425.7359
158041,6.5791,0.003777,264.74, 425.7373
158042,6.5830,0.003734,267.82, 425.7429
158043,6.5867,0.003706,269.83, 425.7299
158044,6.5906,0.003828,261.27, 425.7314
158045,6.5942,0.003694,270.70, 425.7319
158046,6.5979,0.003781,264.49, 425.7289
158047,6.6018,0.003787,264.07, 425.7429
158048,6.6055,0.003675,272.13, 425.7373
158049,6.6091,0.003789,263.89, 425.7299
158050,6.6128,0.003708,269.71, 425.7408
158051,6.6167,0.003759,266.05, 425.7408
158052,6.6204,0.003786,264.17, 425.7339
158053,6.6243,0.003728,268.26, 425.7373
158054,6.6279,0.003744,267.10, 425.7398
158055,6.6316,0.003776,264.80, 425.7368
158056,6.6355,0.003679,271.85, 425.7418
158057,6.6392,0.003737,267.61, 425.7418
158058,6.6428,0.003690,271.03, 425.7408
158059,6.6465,0.003781,264.47, 425.7408
158060,6.6504,0.003742,267.23, 425.7430
158061,6.6541,0.003646,274.24, 425.7430
158062,6.6577,0.003802,263.01, 425.7329
158063,6.6616,0.003716,269.12, 425.7413
158064,6.6653,0.003779,264.66, 425.7289
158065,6.6689,0.003769,265.34, 425.7430
158066,6.6729,0.003686,271.29, 425.7379
158067,6.6765,0.003831,261.03, 425.7329
158068,6.6804,0.003786,264.12, 425.7379
158069,6.6841,0.003697,270.49, 425.7408
158070,6.6877,0.003796,263.44, 425.7413
158071,6.6917,0.003725,268.46, 425.7429
158072,6.6953,0.003759,266.04, 425.7430
158073,6.6990,0.003749,266.71, 425.7354
158074,6.7029,0.003694,270.73, 425.7430
158075,6.7065,0.003752,266.55, 425.7429
158076,6.7102,0.003737,267.62, 425.7430
158077,6.7141,0.003779,264.64, 425.7413
158078,6.7178,0.003705,269.91, 425.7413
158079,6.7217,0.003866,258.68, 425.7334
158080,6.7253,0.003778,264.70, 425.7383
158081,6.7292,0.003824,261.51, 425.7430
158082,6.7329,0.003711,269.45, 425.7329
158083,6.7368,0.003789,263.96, 425.7418
158084,6.7405,0.003727,268.35, 425.7339
158085,6.7441,0.003735,267.75, 425.7304
158086,6.7480,0.003777,264.74, 425.7373
158087,6.7517,0.003702,270.10, 425.7430
158088,6.7554,0.003750,266.65, 425.7368
158089,6.7593,0.003784,264.30, 425.7429
158090,6.7629,0.003731,268.05, 425.7398
158091,6.7666,0.003727,268.33, 425.7388
158092,6.7703,0.003735,267.71, 425.7324
158093,6.7742,0.003830,261.07, 425.7349
158094,6.7781,0.003794,263.59, 425.7430
158095,6.7817,0.003740,267.36, 425.7431
158096,6.7854,0.003717,269.06, 425.7304
158097,6.7893,0.003779,264.59, 425.7429
158098,6.7932,0.003884,257.49, 425.7429
158099,6.7969,0.003825,261.46, 425.7418
158100,6.8005,0.003693,270.80, 425.7413
158101,6.8044,0.003760,265.98, 425.7403
158102,6.8081,0.003803,262.98, 425.7429
158103,6.8120,0.003695,270.61, 425.7354
158104,6.8157,0.003744,267.08, 425.7359
158105,6.8193,0.003735,267.75, 425.7349
158106,6.8232,0.003760,265.96, 425.7403
158107,6.8269,0.003832,260.94, 425.7379
158108,6.8308,0.003764,265.67, 425.7429
158109,6.8345,0.003733,267.87, 425.7413
158110,6.8381,0.003736,267.68, 425.7429
158111,6.8420,0.003729,268.19, 425.7344
158112,6.8457,0.003724,268.52, 425.7329
158113,6.8494,0.003747,266.89, 425.7289
158114,6.8530,0.003748,266.82, 425.7429
158115,6.8574,0.004202,237.99, 425.7220
158116,6.8611,0.003700,270.30, 425.7289
158117,6.8647,0.003741,267.32, 425.7413
158118,6.8687,0.003784,264.26, 425.7418
158119,6.8723,0.003704,269.95, 425.7430
158120,6.8760,0.003729,268.19, 425.7429
158121,6.8796,0.003750,266.65, 425.7408
158122,6.8835,0.003773,265.06, 425.7429
158123,6.8875,0.003961,252.47, 425.7418
158124,6.8911,0.003715,269.22, 425.7403
158125,6.8950,0.003781,264.52, 425.7289
158126,6.8987,0.003756,266.22, 425.7418
158127,6.9028,0.003982,251.10, 425.7430
158128,6.9067,0.003969,251.96, 425.7430
158129,6.9104,0.003776,264.86, 425.7444
158130,6.9146,0.003998,250.10, 425.7429
158131,6.9187,0.004273,234.04, 425.7430
158132,6.9233,0.004492,222.61, 425.7141
158133,6.9270,0.003831,261.04, 425.7429
158134,6.9309,0.003835,260.76, 425.7430
158135,6.9346,0.003746,266.96, 425.7344
158136,6.9385,0.003831,261.04, 425.7418
158137,6.9421,0.003759,266.05, 425.7429
158138,6.9460,0.003736,267.65, 425.7368
158139,6.9497,0.003797,263.37, 425.7314
158140,6.9536,0.003759,266.01, 425.7383
158141,6.9573,0.003745,267.04, 425.7329
158142,6.9609,0.003773,265.08, 425.7383
158143,6.9648,0.003700,270.28, 425.7324
158144,6.9685,0.003798,263.32, 425.7429
158145,6.9724,0.003769,265.35, 425.7403
158146,6.9761,0.003683,271.53, 425.7430
158147,6.9797,0.003816,262.04, 425.7354
158148,6.9834,0.003701,270.22, 425.7373
158149,6.9873,0.003711,269.50, 425.7429
158150,6.9910,0.003834,260.86, 425.7429
158151,6.9946,0.003681,271.67, 425.7418
158152,6.9985,0.003741,267.29, 425.7408
158153,7.0022,0.003773,265.08, 425.7339
158154,7.0063,0.004062,246.16, 425.7141
158155,7.0107,0.004397,227.42, 425.7200
158156,7.0144,0.003780,264.56, 425.7413
158157,7.0183,0.003753,266.44, 425.7289
158158,7.0220,0.003756,266.28, 425.7264
158159,7.0256,0.003652,273.79, 425.7398
158160,7.0295,0.003802,263.02, 425.7383
158161,7.0332,0.003777,264.73, 425.7430
158162,7.0369,0.003686,271.33, 425.7430
158163,7.0408,0.003766,265.51, 425.7429
158164,7.0444,0.003743,267.14, 425.7429
158165,7.0483,0.003856,259.31, 425.7260
158166,7.0520,0.003744,267.10, 425.7368
158167,7.0557,0.003679,271.83, 425.7418
158168,7.0596,0.003793,263.62, 425.7429
158169,7.0632,0.003761,265.86, 425.7430
158170,7.0669,0.003660,273.24, 425.7413
158171,7.0706,0.003717,269.03, 425.7431
158172,7.0742,0.003688,271.17, 425.7431
158173,7.0781,0.003761,265.89, 425.7430
158174,7.0818,0.003788,264.03, 425.7431
158175,7.0857,0.003706,269.85, 425.7289
158176,7.0894,0.003770,265.26, 425.7413
158177,7.0930,0.003762,265.82, 425.7398
158178,7.0969,0.003721,268.74, 425.7431
158179,7.1006,0.003747,266.87, 425.7359
158180,7.1042,0.003700,270.27, 425.7429
158181,7.1082,0.003788,263.98, 425.7289
158182,7.1118,0.003750,266.65, 425.7429
158183,7.1155,0.003671,272.40, 425.7309
158184,7.1191,0.003753,266.45, 425.7418
158185,7.1235,0.004183,239.09, 425.7141
158186,7.1277,0.004210,237.53, 425.7429
158187,7.1313,0.003816,262.06, 425.7418
158188,7.1350,0.003654,273.69, 425.7429
158189,7.1389,0.003801,263.07, 425.7368
158190,7.1426,0.003770,265.29, 425.7429
158191,7.1462,0.003660,273.25, 425.7429
158192,7.1501,0.003805,262.78, 425.7430
158193,7.1538,0.003750,266.65, 425.7429
158194,7.1577,0.003793,263.66, 425.7430
158195,7.1614,0.003766,265.52, 425.7309
158196,7.1650,0.003667,272.70, 425.7398
158197,7.1689,0.003781,264.48, 425.7408
158198,7.1726,0.003767,265.45, 425.7429
158199,7.1763,0.003703,270.03, 425.7430
158200,7.1802,0.003745,266.99, 425.7413
158201,7.1838,0.003743,267.20, 425.7429
158202,7.1875,0.003738,267.50, 425.7429
158203,7.1914,0.003774,264.96, 425.7429
158204,7.1951,0.003685,271.38, 425.7431
158205,7.1987,0.003728,268.21, 425.7430
158206,7.2026,0.003801,263.09, 425.7413
158207,7.2063,0.003760,265.94, 425.7413
158208,7.2102,0.003751,266.59, 425.7364
158209,7.2139,0.003726,268.38, 425.7314
158210,7.2178,0.003849,259.82, 425.7413
158211,7.2214,0.003775,264.92, 425.7437
158212,7.2251,0.003718,268.98, 425.7289
158213,7.2290,0.003785,264.24, 425.7398
158214,7.2329,0.003921,255.05, 425.7439
158215,7.2368,0.003887,257.30, 425.7413
158216,7.2410,0.004173,239.66, 425.7165
158217,7.2446,0.003681,271.64, 425.7431
158218,7.2483,0.003763,265.77, 425.7413
158219,7.2522,0.003737,267.62, 425.7413
158220,7.2559,0.003714,269.27, 425.7418
158221,7.2595,0.003771,265.19, 425.7429
158222,7.2637,0.004175,239.50, 425.7165
158223,7.2673,0.003658,273.37, 425.7429
158224,7.2712,0.003792,263.70, 425.7429
158225,7.2749,0.003781,264.49, 425.7368
158226,7.2788,0.003774,264.96, 425.7431
158227,7.2825,0.003783,264.33, 425.7430
158228,7.2861,0.003680,271.73, 425.7314
158229,7.2900,0.003767,265.45, 425.7393
158230,7.2937,0.003775,264.91, 425.7418
158231,7.2976,0.003716,269.11, 425.7289
158232,7.3013,0.003722,268.70, 425.7413
158233,7.3049,0.003703,270.09, 425.7430
158234,7.3088,0.003818,261.95, 425.7413
158235,7.3125,0.003703,270.04, 425.7418
158236,7.3162,0.003740,267.39, 425.7368
158237,7.3203,0.004150,240.94, 425.7165
158238,7.3240,0.003723,268.57, 425.7413
158239,7.3279,0.003780,264.56, 425.7299
158240,7.3315,0.003707,269.75, 425.7429
158241,7.3352,0.003693,270.75, 425.7429
158242,7.3391,0.003899,256.50, 425.7408
158243,7.3428,0.003721,268.78, 425.7430
158244,7.3464,0.003662,273.05, 425.7413
158245,7.3503,0.003780,264.53, 425.7413
158246,7.3540,0.003677,271.98, 425.7398
158247,7.3577,0.003793,263.68, 425.7398
158248,7.3616,0.003766,265.55, 425.7413
158249,7.3652,0.003733,267.87, 425.7289
158250,7.3689,0.003741,267.34, 425.7430
158251,7.3728,0.003735,267.71, 425.7429
158252,7.3765,0.003721,268.74, 425.7373
158253,7.3801,0.003789,263.93, 425.7364
158254,7.3840,0.003695,270.67, 425.7393
158255,7.3877,0.003721,268.72, 425.7439
158256,7.3914,0.003786,264.13, 425.7429
158257,7.3953,0.003771,265.20, 425.7289
158258,7.3989,0.003745,267.03, 425.7413
158259,7.4026,0.003737,267.62, 425.7413
158260,7.4065,0.003754,266.40, 425.7429
158261,7.4102,0.003739,267.43, 425.7430
158262,7.4138,0.003697,270.48, 425.7364
158263,7.4177,0.003716,269.08, 425.7429
158264,7.4214,0.003743,267.20, 425.7344
158265,7.4250,0.003794,263.55, 425.7309
158266,7.4290,0.003765,265.63, 425.7388
158267,7.4326,0.003719,268.89, 425.7429
158268,7.4368,0.004111,243.24, 425.7147
158269,7.4404,0.003765,265.63, 425.7429
158270,7.4441,0.003699,270.36, 425.7334
158271,7.4480,0.003793,263.62, 425.7383
158272,7.4519,0.003859,259.15, 425.7403
158273,7.4556,0.003730,268.11, 425.7289
158274,7.4592,0.003745,267.04, 425.7413
158275,7.4631,0.003722,268.71, 425.7349
158276,7.4668,0.003815,262.12, 425.7379
158277,7.4707,0.003808,262.60, 425.7413
158278,7.4744,0.003701,270.17, 425.7413
158279,7.4780,0.003773,265.05, 425.7299
158280,7.4819,0.003754,266.39, 425.7429
158281,7.4856,0.003761,265.92, 425.7439
158282,7.4895,0.003762,265.83, 425.7368
158283,7.4932,0.003739,267.44, 425.7324
158284,7.4968,0.003755,266.33, 425.7429
158285,7.5007,0.003717,269.06, 425.7472
158286,7.5049,0.004138,241.67, 425.7165
158287,7.5085,0.003844,260.16, 425.7264
158288,7.5125,0.003743,267.16, 425.7403
158289,7.5161,0.003799,263.23, 425.7289
158290,7.5200,0.003769,265.32, 425.7373
158291,7.5239,0.004035,247.84, 425.7205
158292,7.5278,0.003825,261.44, 425.7359
158293,7.5320,0.004190,238.66, 425.7170
158294,7.5356,0.003622,276.07, 425.7431
158295,7.5393,0.003762,265.79, 425.7359
158296,7.5432,0.003824,261.49, 425.7393
158297,7.5469,0.003758,266.12, 425.7368
158298,7.5508,0.003780,264.54, 425.7413
158299,7.5544,0.003716,269.08, 425.7368
158300,7.5584,0.003820,261.79, 425.7314
158301,7.5620,0.003716,269.14, 425.7430
158302,7.5657,0.003677,271.94, 425.7413
158303,7.5693,0.003757,266.14, 425.7430
158304,7.5730,0.003713,269.35, 425.7430
158305,7.5769,0.003762,265.82, 425.7364
158306,7.5806,0.003751,266.59, 425.7354
158307,7.5845,0.003761,265.92, 425.7373
158308,7.5881,0.003791,263.79, 425.7289
158309,7.5920,0.003787,264.04, 425.7429
158310,7.5957,0.003697,270.50, 425.7431
158311,7.5994,0.003777,264.77, 425.7289
158312,7.6030,0.003687,271.19, 425.7413
158313,7.6069,0.003922,254.97, 425.7383
158314,7.6108,0.003828,261.22, 425.7429
158315,7.6145,0.003684,271.44, 425.7413
158316,7.6184,0.003743,267.18, 425.7413
158317,7.6221,0.003812,262.32, 425.7289
158318,7.6260,0.003779,264.62, 425.7418
158319,7.6301,0.004144,241.32, 425.7147
158320,7.6338,0.003721,268.75, 425.7429
158321,7.6375,0.003725,268.49, 425.7430
158322,7.6411,0.003711,269.45, 425.7439
158323,7.6448,0.003679,271.80, 425.7413
158324,7.6489,0.004146,241.17, 425.7165
158325,7.6528,0.003738,267.52, 425.7334
158326,7.6565,0.003686,271.27, 425.7413
158327,7.6602,0.003815,262.13, 425.7418
158328,7.6641,0.003699,270.36, 425.7413
158329,7.6677,0.003708,269.72, 425.7431
158330,7.6716,0.003867,258.61, 425.7431
158331,7.6753,0.003686,271.32, 425.7413
158332,7.6790,0.003804,262.86, 425.7429
158333,7.6826,0.003705,269.92, 425.7431
158334,7.6865,0.003689,271.10, 425.7431
158335,7.6902,0.003832,260.97, 425.7408
158336,7.6938,0.003712,269.40, 425.7429
158337,7.6978,0.003743,267.14, 425.7430
158338,7.7017,0.003838,260.55, 425.7429
158339,7.7053,0.003685,271.39, 425.7388
158340,7.7090,0.003791,263.78, 425.7408
158341,7.7126,0.003694,270.72, 425.7467
158342,7.7166,0.003880,257.75, 425.7413
158343,7.7205,0.003872,258.24, 425.7429
158344,7.7241,0.003710,269.53, 425.7429
158345,7.7278,0.003716,269.14, 425.7429
158346,7.7317,0.003811,262.38, 425.7413
158347,7.7354,0.003702,270.13, 425.7429
158348,7.7393,0.003747,266.88, 425.7429
158349,7.7427,0.003617,276.50, 425.7431
158350,7.7466,0.003779,264.64, 425.7413
158351,7.7502,0.003763,265.72, 425.7429
158352,7.7542,0.003717,269.01, 425.7430
158353,7.7578,0.003774,264.96, 425.7289
158354,7.7615,0.003690,270.98, 425.7418
158355,7.7651,0.003724,268.51, 425.7408
158356,7.7690,0.003768,265.43, 425.7418
158357,7.7727,0.003675,272.08, 425.7349
158358,7.7764,0.003707,269.74, 425.7354
158359,7.7803,0.003797,263.37, 425.7431
158360,7.7839,0.003750,266.64, 425.7429
158361,7.7876,0.003720,268.84, 425.7329
158362,7.7913,0.003673,272.23, 425.7429
158363,7.7952,0.003753,266.45, 425.7429
158364,7.7988,0.003760,265.99, 425.7429
158365,7.8025,0.003674,272.15, 425.7403
158366,7.8062,0.003730,268.07, 425.7418
158367,7.8101,0.003722,268.64, 425.7398
158368,7.8137,0.003751,266.60, 425.7429
158369,7.8174,0.003674,272.15, 425.7403
158370,7.8210,0.003658,273.41, 425.7413
158371,7.8247,0.003742,267.22, 425.7383
158372,7.8286,0.003803,262.92, 425.7418
158373,7.8323,0.003681,271.64, 425.7408
158374,7.8359,0.003754,266.42, 425.7373
158375,7.8396,0.003642,274.60, 425.7339
158376,7.8435,0.003783,264.34, 425.7354
158377,7.8472,0.003738,267.54, 425.7429
158378,7.8508,0.003715,269.16, 425.7393
158379,7.8545,0.003706,269.86, 425.7413
158380,7.8584,0.003691,270.94, 425.7319
158381,7.8621,0.003768,265.39, 425.7289
158382,7.8657,0.003661,273.14, 425.7430
158383,7.8694,0.003693,270.75, 425.7314
158384,7.8733,0.003784,264.26, 425.7379
158385,7.8770,0.003697,270.47, 425.7413
158386,7.8806,0.003761,265.87, 425.7359
158387,7.8843,0.003684,271.45, 425.7408
158388,7.8882,0.003758,266.07, 425.7398
158389,7.8918,0.003765,265.61, 425.7289
158390,7.8955,0.003727,268.28, 425.7429
158391,7.8992,0.003690,270.99, 425.7364
158392,7.9031,0.003732,267.98, 425.7344
158393,7.9070,0.003974,251.62, 425.7429
158394,7.9109,0.003786,264.15, 425.7379
158395,7.9155,0.004737,211.12, 425.7143
158396,7.9194,0.003995,250.31, 425.7430
158397,7.9236,0.004172,239.67, 425.7430
158398,7.9277,0.004162,240.25, 425.7489
158399,7.9319,0.004059,246.38, 425.7430
158400,7.9358,0.003811,262.41, 425.7354
158401,7.9397,0.003939,253.90, 425.7359
158402,7.9434,0.003695,270.66, 425.7379
158403,7.9470,0.003773,265.07, 425.7339
158404,7.9514,0.004211,237.50, 425.7175
158405,7.9551,0.003849,259.78, 425.7413
158406,7.9590,0.003833,260.92, 425.7368
158407,7.9629,0.003789,263.92, 425.7418
158408,7.9666,0.003728,268.21, 425.7398
158409,7.9702,0.003791,263.81, 425.7413
158410,7.9741,0.003767,265.44, 425.7309
158411,7.9778,0.003734,267.81, 425.7430
158412,7.9817,0.003785,264.19, 425.7368
158413,7.9854,0.003695,270.67, 425.7429
158414,7.9893,0.003919,255.14, 425.7431
158415,7.9932,0.003833,260.89, 425.7431
158416,7.9966,0.003649,274.06, 425.7429
158417,8.0005,0.003817,262.01, 425.7413
158418,8.0042,0.003667,272.71, 425.7429
158419,8.0081,0.003796,263.44, 425.7398
158420,8.0117,0.003722,268.66, 425.7413
158421,8.0154,0.003691,270.93, 425.7403
158422,8.0195,0.004229,236.46, 425.7165
158423,8.0234,0.003715,269.22, 425.7429
158424,8.0271,0.003678,271.89, 425.7429
158425,8.0308,0.003854,259.50, 425.7429
158426,8.0344,0.003668,272.60, 425.7429
158427,8.0383,0.003809,262.57, 425.7418
158428,8.0420,0.003748,266.83, 425.7413
158429,8.0459,0.003694,270.69, 425.7429
158430,8.0496,0.003768,265.43, 425.7294
158431,8.0532,0.003755,266.33, 425.7314
158432,8.0569,0.003679,271.82, 425.7429
158433,8.0608,0.003706,269.83, 425.7431
158434,8.0645,0.003648,274.13, 425.7373
158435,8.0681,0.003759,266.01, 425.7413
158436,8.0718,0.003702,270.13, 425.7413
158437,8.0754,0.003714,269.27, 425.7413
158438,8.0793,0.003721,268.76, 425.7429
158439,8.0830,0.003688,271.17, 425.7314
158440,8.0867,0.003734,267.80, 425.7393
158441,8.0903,0.003792,263.71, 425.7429
158442,8.0942,0.003744,267.11, 425.7379
158443,8.0979,0.003792,263.73, 425.7319
158444,8.1016,0.003699,270.37, 425.7408
158445,8.1055,0.003704,269.97, 425.7418
158446,8.1091,0.003767,265.44, 425.7413
158447,8.1128,0.003700,270.30, 425.7430
158448,8.1165,0.003713,269.32, 425.7403
158449,8.1204,0.003714,269.27, 425.7379
158450,8.1240,0.003776,264.85, 425.7319
158451,8.1279,0.003805,262.81, 425.7413
158452,8.1316,0.003672,272.35, 425.7413
158453,8.1353,0.003741,267.30, 425.7413
158454,8.1389,0.003749,266.76, 425.7429
158455,8.1428,0.003703,270.07, 425.7368
158456,8.1465,0.003707,269.77, 425.7429
158457,8.1501,0.003740,267.39, 425.7359
158458,8.1538,0.003730,268.13, 425.7289
158459,8.1577,0.003743,267.20, 425.7429
158460,8.1614,0.003682,271.56, 425.7413
158461,8.1650,0.003723,268.62, 425.7364
158462,8.1687,0.003711,269.45, 425.7418
158463,8.1726,0.003737,267.59, 425.7413
158464,8.1763,0.003729,268.15, 425.7393
158465,8.1799,0.003705,269.88, 425.7413
158466,8.1836,0.003694,270.68, 425.7413
158467,8.1873,0.003720,268.85, 425.7431
158468,8.1912,0.003806,262.76, 425.7299
158469,8.1948,0.003727,268.33, 425.7304
158470,8.1985,0.003659,273.28, 425.7413
158471,8.2024,0.003798,263.32, 425.7289
158472,8.2061,0.003713,269.32, 425.7429
158473,8.2097,0.003721,268.77, 425.7294
158474,8.2134,0.003694,270.73, 425.7329
158475,8.2175,0.004022,248.61, 425.7260
158476,8.2214,0.003952,253.06, 425.7418
158477,8.2253,0.003802,263.01, 425.7403
158478,8.2290,0.003698,270.42, 425.7418
158479,8.2329,0.003882,257.57, 425.7383
158480,8.2366,0.003738,267.50, 425.7431
158481,8.2402,0.003693,270.80, 425.7429
158482,8.2439,0.003766,265.53, 425.7418
158483,8.2478,0.003905,256.11, 425.7354
158484,8.2520,0.003964,252.28, 425.7430
158485,8.2556,0.003808,262.58, 425.7429
158486,8.2595,0.003717,269.05, 425.7354
158487,8.2632,0.003819,261.85, 425.7368
158488,8.2668,0.003721,268.73, 425.7429
158489,8.2708,0.003720,268.80, 425.7430
158490,8.2744,0.003742,267.22, 425.7398
158491,8.2783,0.003963,252.35, 425.7418
158492,8.2822,0.003764,265.68, 425.7289
158493,8.2859,0.003750,266.68, 425.7289
158494,8.2896,0.003721,268.74, 425.7418
158495,8.2935,0.003827,261.31, 425.7289
158496,8.2974,0.003846,260.03, 425.7429
158497,8.3010,0.003758,266.08, 425.7289
158498,8.3047,0.003752,266.53, 425.7364
158499,8.3086,0.003817,262.02, 425.7364
158500,8.3123,0.003760,265.94, 425.7309
158501,8.3162,0.003735,267.75, 425.7383
158502,8.3198,0.003727,268.31, 425.7373
158503,8.3237,0.003833,260.91, 425.7429
158504,8.3276,0.004016,249.02, 425.7141
158505,8.3313,0.003676,272.01, 425.7368
158506,8.3352,0.003765,265.58, 425.7413
158507,8.3389,0.003754,266.41, 425.7429
158508,8.3428,0.003879,257.83, 425.7429
158509,8.3464,0.003764,265.67, 425.7344
158510,8.3503,0.003714,269.25, 425.7359
158511,8.3540,0.003806,262.72, 425.7324
158512,8.3582,0.004167,239.99, 425.7165
158513,8.3618,0.003700,270.29, 425.7408
158514,8.3657,0.003735,267.75, 425.7289
158515,8.3694,0.003793,263.63, 425.7364
158516,8.3733,0.003751,266.59, 425.7354
158517,8.3770,0.003760,265.96, 425.7339
158518,8.3806,0.003683,271.51, 425.7393
158519,8.3845,0.003796,263.41, 425.7388
158520,8.3882,0.003885,257.42, 425.7418
158521,8.3921,0.003747,266.87, 425.7354
158522,8.3958,0.003700,270.25, 425.7429
158523,8.3997,0.003795,263.50, 425.7364
158524,8.4033,0.003782,264.41, 425.7334
158525,8.4070,0.003763,265.74, 425.7403
158526,8.4109,0.003710,269.57, 425.7431
158527,8.4146,0.003805,262.79, 425.7334
158528,8.4185,0.003752,266.56, 425.7408
158529,8.4221,0.003805,262.80, 425.7388
158530,8.4260,0.003882,257.62, 425.7429
158531,8.4299,0.003967,252.05, 425.7413
158532,8.4338,0.003797,263.35, 425.7413
158533,8.4377,0.003816,262.04, 425.7289
158534,8.4414,0.003690,271.00, 425.7289
158535,8.4451,0.003806,262.72, 425.7354
158536,8.4490,0.003806,262.73, 425.7429
158537,8.4526,0.003778,264.70, 425.7289
158538,8.4565,0.003786,264.13, 425.7349
158539,8.4602,0.003765,265.60, 425.7398
158540,8.4641,0.003741,267.29, 425.7289
158541,8.4678,0.003842,260.25, 425.7289
158542,8.4717,0.003730,268.08, 425.7349
158543,8.4753,0.003831,261.02, 425.7289
158544,8.4792,0.003805,262.82, 425.7413
158545,8.4832,0.003870,258.41, 425.7147
158546,8.4868,0.003830,261.10, 425.7429
158547,8.4907,0.003762,265.83, 425.7429
158548,8.4944,0.003827,261.29, 425.7418
158549,8.4983,0.003821,261.73, 425.7309
158550,8.5022,0.003761,265.88, 425.7359
158551,8.5059,0.003733,267.91, 425.7429
158552,8.5095,0.003755,266.33, 425.7429
158553,8.5132,0.003717,269.03, 425.7368
158554,8.5171,0.003762,265.82, 425.7398
158555,8.5208,0.003713,269.31, 425.7418
158556,8.5247,0.003785,264.17, 425.7413
158557,8.5283,0.003779,264.61, 425.7398
158558,8.5320,0.003670,272.50, 425.7359
158559,8.5356,0.003712,269.40, 425.7429
158560,8.5396,0.003760,265.94, 425.7408
158561,8.5432,0.003712,269.37, 425.7373
158562,8.5471,0.003822,261.64, 425.7413
158563,8.5508,0.003729,268.17, 425.7429
158564,8.5544,0.003713,269.36, 425.7403
158565,8.5581,0.003784,264.28, 425.7354
158566,8.5620,0.003746,266.92, 425.7431
158567,8.5662,0.004090,244.51, 425.7141
158568,8.5701,0.003948,253.32, 425.7364
158569,8.5737,0.003734,267.84, 425.7431
158570,8.5776,0.003868,258.57, 425.7147
158571,8.5813,0.003691,270.91, 425.7319
158572,8.5850,0.003765,265.58, 425.7319
158573,8.5889,0.003769,265.32, 425.7418
158574,8.5925,0.003710,269.57, 425.7383
158575,8.5964,0.003777,264.80, 425.7418
158576,8.6001,0.003721,268.74, 425.7354
158577,8.6038,0.003749,266.74, 425.7334
158578,8.6077,0.003762,265.80, 425.7319
158579,8.6113,0.003729,268.18, 425.7418
158580,8.6150,0.003790,263.85, 425.7289
158581,8.6189,0.003743,267.19, 425.7403
158582,8.6226,0.003716,269.13, 425.7294
158583,8.6265,0.003843,260.20, 425.7339
158584,8.6301,0.003689,271.08, 425.7453
158585,8.6338,0.003807,262.65, 425.7429
158586,8.6377,0.003748,266.83, 425.7344
158587,8.6414,0.003714,269.27, 425.7431
158588,8.6453,0.003824,261.50, 425.7413
158589,8.6489,0.003744,267.12, 425.7368
158590,8.6526,0.003734,267.82, 425.7383
158591,8.6567,0.004060,246.32, 425.7254
158592,8.6604,0.003660,273.26, 425.7413
158593,8.6641,0.003722,268.64, 425.7359
158594,8.6677,0.003720,268.85, 425.7418
158595,8.6714,0.003706,269.86, 425.7430
158596,8.6753,0.003786,264.11, 425.7329
158597,8.6790,0.003776,264.85, 425.7364
158598,8.6829,0.003714,269.26, 425.7403
158599,8.6865,0.003720,268.80, 425.7430
158600,8.6902,0.003744,267.12, 425.7339
158601,8.6941,0.003735,267.73, 425.7354
158602,8.6978,0.003723,268.59, 425.7439
158603,8.7014,0.003722,268.70, 425.7418
158604,8.7051,0.003708,269.69, 425.7440
158605,8.7090,0.003775,264.89, 425.7413
158606,8.7126,0.003746,266.99, 425.7430
158607,8.7163,0.003756,266.24, 425.7413
158608,8.7202,0.003909,255.80, 425.7329
158609,8.7241,0.003757,266.17, 425.7439
158610,8.7278,0.003751,266.62, 425.7329
158611,8.7317,0.003770,265.29, 425.7430
158612,8.7354,0.003676,272.06, 425.7393
158613,8.7390,0.003698,270.41, 425.7324
158614,8.7427,0.003815,262.10, 425.7299
158615,8.7466,0.003710,269.56, 425.7439
158616,8.7505,0.004093,244.31, 425.7165
158617,8.7544,0.003734,267.79, 425.7408
158618,8.7581,0.003710,269.57, 425.7393
158619,8.7617,0.003744,267.08, 425.7289
158620,8.7656,0.003747,266.88, 425.7309
158621,8.7693,0.003699,270.36, 425.7393
158622,8.7729,0.003768,265.41, 425.7344
158623,8.7766,0.003743,267.18, 425.7430
158624,8.7805,0.003779,264.63, 425.7418
158625,8.7844,0.003796,263.44, 425.7314
158626,8.7881,0.003703,270.08, 425.7339
158627,8.7917,0.003825,261.46, 425.7354
158628,8.7957,0.003771,265.15, 425.7413
158629,8.7993,0.003720,268.84, 425.7429
158630,8.8030,0.003752,266.52, 425.7413
158631,8.8069,0.003739,267.46, 425.7289
158632,8.8105,0.003760,265.93, 425.7429
158633,8.8145,0.003764,265.65, 425.7388
158634,8.8181,0.003712,269.37, 425.7329
158635,8.8218,0.003746,266.99, 425.7413
158636,8.8254,0.003725,268.48, 425.7418
158637,8.8293,0.003777,264.80, 425.7398
158638,8.8330,0.003781,264.52, 425.7339
158639,8.8369,0.003735,267.73, 425.7429
158640,8.8406,0.003780,264.59, 425.7403
158641,8.8445,0.003830,261.08, 425.7329
158642,8.8481,0.003717,269.05, 425.7413
158643,8.8518,0.003727,268.31, 425.7429
158644,8.8555,0.003722,268.64, 425.7429
158645,8.8594,0.003778,264.70, 425.7403
158646,8.8630,0.003767,265.46, 425.7393
158647,8.8669,0.003705,269.91, 425.7413
158648,8.8706,0.003777,264.75, 425.7339
158649,8.8743,0.003755,266.33, 425.7413
158650,8.8782,0.003755,266.35, 425.7368
158651,8.8818,0.003756,266.24, 425.7403
158652,8.8855,0.003672,272.37, 425.7418
158653,8.8894,0.003806,262.72, 425.7429
158654,8.8931,0.003741,267.34, 425.7393
158655,8.8970,0.003784,264.25, 425.7165
158656,8.9006,0.003733,267.90, 425.7408
158657,8.9045,0.003806,262.76, 425.7349
158658,8.9087,0.004306,232.23, 425.7429
158659,8.9128,0.004215,237.24, 425.7144
158660,8.9172,0.004232,236.31, 425.7439
158661,8.9214,0.004101,243.87, 425.7430
158662,8.9255,0.004287,233.29, 425.7429
158663,8.9297,0.004016,248.99, 425.7429
158664,8.9334,0.003767,265.49, 425.7289
158665,8.9373,0.003802,263.01, 425.7429
158666,8.9409,0.003870,258.38, 425.7413
158667,8.9448,0.003762,265.79, 425.7413
158668,8.9485,0.003822,261.64, 425.7418
158669,8.9524,0.003724,268.55, 425.7398
158670,8.9561,0.003777,264.75, 425.7314
158671,8.9600,0.003762,265.83, 425.7429
158672,8.9636,0.003662,273.08, 425.7413
158673,8.9673,0.003809,262.57, 425.7289
158674,8.9712,0.003761,265.90, 425.7429
158675,8.9749,0.003749,266.72, 425.7373
158676,8.9785,0.003765,265.63, 425.7304
158677,8.9824,0.003720,268.83, 425.7388
158678,8.9861,0.003772,265.10, 425.7398
158679,8.9902,0.004185,238.94, 425.7195
158680,8.9941,0.003761,265.86, 425.7314
158681,8.9978,0.003711,269.48, 425.7430
158682,9.0015,0.003715,269.17, 425.7430
158683,9.0051,0.003712,269.43, 425.7418
158684,9.0090,0.003731,268.05, 425.7429
158685,9.0127,0.003721,268.76, 425.7354
158686,9.0164,0.003774,265.01, 425.7354
158687,9.0203,0.003736,267.64, 425.7431
158688,9.0239,0.003667,272.70, 425.7413
158689,9.0276,0.003741,267.34, 425.7393
158690,9.0315,0.003819,261.82, 425.7413
158691,9.0352,0.003726,268.42, 425.7418
158692,9.0388,0.003783,264.33, 425.7388
158693,9.0427,0.003728,268.28, 425.7294
158694,9.0466,0.003959,252.60, 425.7431
158695,9.0505,0.003888,257.18, 425.7403
158696,9.0542,0.003688,271.12, 425.7413
158697,9.0579,0.003755,266.29, 425.7418
158698,9.0615,0.003656,273.55, 425.7430
158699,9.0652,0.003746,266.92, 425.7398
158700,9.0691,0.003766,265.53, 425.7430
158701,9.0728,0.003722,268.70, 425.7413
158702,9.0767,0.003770,265.22, 425.7429
158703,9.0803,0.003773,265.03, 425.7408
158704,9.0840,0.003732,267.92, 425.7319
158705,9.0879,0.003710,269.58, 425.7429
158706,9.0916,0.003701,270.19, 425.7430
158707,9.0955,0.003868,258.54, 425.7359
158708,9.0991,0.003823,261.60, 425.7439
158709,9.1028,0.003696,270.59, 425.7364
158710,9.1067,0.003742,267.21, 425.7413
158711,9.1104,0.003745,267.04, 425.7379
158712,9.1140,0.003742,267.22, 425.7373
158713,9.1179,0.003750,266.64, 425.7373
158714,9.1216,0.003673,272.23, 425.7413
158715,9.1252,0.003780,264.52, 425.7413
158716,9.1292,0.003753,266.47, 425.7368
158717,9.1328,0.003705,269.94, 425.7383
158718,9.1365,0.003713,269.32, 425.7429
158719,9.1401,0.003702,270.11, 425.7398
158720,9.1438,0.003736,267.69, 425.7403
158721,9.1477,0.003736,267.64, 425.7413
158722,9.1514,0.003735,267.76, 425.7359
158723,9.1550,0.003686,271.29, 425.7403
158724,9.1587,0.003658,273.37, 425.7413
158725,9.1626,0.003762,265.82, 425.7299
158726,9.1663,0.003762,265.81, 425.7429
158727,9.1699,0.003712,269.37, 425.7299
158728,9.1736,0.003744,267.12, 425.7359
158729,9.1775,0.003701,270.23, 425.7413
158730,9.1812,0.003745,267.00, 425.7413
158731,9.1848,0.003726,268.40, 425.7339
158732,9.1885,0.003691,270.93, 425.7429
158733,9.1924,0.003760,265.97, 425.7383
158734,9.1960,0.003733,267.85, 425.7334
158735,9.1997,0.003688,271.19, 425.7309
158736,9.2036,0.003792,263.74, 425.7413
158737,9.2073,0.003644,274.42, 425.7364
158738,9.2109,0.003788,263.98, 425.7413
158739,9.2146,0.003710,269.54, 425.7431
158740,9.2185,0.003709,269.60, 425.7418
158741,9.2222,0.003731,268.06, 425.7364
158742,9.2258,0.003667,272.68, 425.7413
158743,9.2295,0.003775,264.91, 425.7368
158744,9.2334,0.003825,261.43, 425.7469
158745,9.2375,0.004079,245.16, 425.7373
158746,9.2412,0.003808,262.58, 425.7430
158747,9.2451,0.003787,264.09, 425.7429
158748,9.2490,0.003867,258.62, 425.7408
158749,9.2529,0.003935,254.13, 425.7429
158750,9.2566,0.003764,265.67, 425.7430
158751,9.2605,0.003754,266.42, 425.7398
158752,9.2642,0.003738,267.56, 425.7429
158753,9.2681,0.003951,253.07, 425.7440
158754,9.2725,0.004387,227.96, 425.7165
158755,9.2761,0.003704,270.01, 425.7430
158756,9.2800,0.003774,265.01, 425.7344
158757,9.2837,0.003770,265.29, 425.7413
158758,9.2874,0.003685,271.39, 425.7440
158759,9.2913,0.003770,265.25, 425.7339
158760,9.2952,0.003975,251.57, 425.7147
158761,9.2991,0.004011,249.32, 425.7368
158762,9.3030,0.003734,267.79, 425.7413
158763,9.3066,0.003759,266.03, 425.7418
158764,9.3103,0.003725,268.44, 425.7319
158765,9.3142,0.003748,266.81, 425.7398
158766,9.3179,0.003768,265.37, 425.7393
158767,9.3215,0.003665,272.89, 425.7413
158768,9.3252,0.003741,267.32, 425.7431
158769,9.3291,0.003752,266.55, 425.7393
158770,9.3328,0.003780,264.57, 425.7408
158771,9.3364,0.003700,270.25, 425.7429
158772,9.3401,0.003697,270.47, 425.7373
158773,9.3445,0.004180,239.25, 425.7147
158774,9.3481,0.003750,266.70, 425.7413
158775,9.3518,0.003692,270.85, 425.7429
158776,9.3557,0.003804,262.88, 425.7413
158777,9.3596,0.003972,251.74, 425.7431
158778,9.3635,0.003829,261.17, 425.7430
158779,9.3672,0.003825,261.46, 425.7429
158780,9.3711,0.003774,264.99, 425.7413
158781,9.3750,0.003854,259.44, 425.7429
158782,9.3787,0.003837,260.65, 425.7429
158783,9.3826,0.003734,267.82, 425.7430
158784,9.3862,0.003839,260.50, 425.7429
158785,9.3901,0.003864,258.79, 425.7413
158786,9.3940,0.003792,263.73, 425.7429
158787,9.3977,0.003816,262.03, 425.7439
158788,9.4019,0.004002,249.86, 425.7147
158789,9.4058,0.004033,247.95, 425.7429
158790,9.4097,0.003831,261.01, 425.7439
158791,9.4136,0.004022,248.65, 425.7147
158792,9.4180,0.004401,227.21, 425.7344
158793,9.4219,0.003704,270.00, 425.7429
158794,9.4255,0.003655,273.59, 425.7373
158795,9.4292,0.003782,264.42, 425.7294
158796,9.4329,0.003733,267.86, 425.7429
158797,9.4368,0.003761,265.89, 425.7430
158798,9.4404,0.003750,266.68, 425.7393
158799,9.4441,0.003669,272.58, 425.7413
158800,9.4480,0.003767,265.47, 425.7429
158801,9.4517,0.003773,265.02, 425.7408
158802,9.4553,0.003681,271.67, 425.7408
158803,9.4590,0.003771,265.21, 425.7413
158804,9.4629,0.003744,267.13, 425.7429
158805,9.4666,0.003746,266.97, 425.7418
158806,9.4705,0.003766,265.53, 425.7388
158807,9.4741,0.003664,272.90, 425.7309
158808,9.4778,0.003742,267.27, 425.7364
158809,9.4814,0.003772,265.10, 425.7429
158810,9.4854,0.003850,259.77, 425.7398
158811,9.4893,0.003829,261.18, 425.7413
158812,9.4929,0.003709,269.61, 425.7418
158813,9.4966,0.003764,265.66, 425.7339
158814,9.5005,0.003820,261.76, 425.7339
158815,9.5042,0.003697,270.48, 425.7413
158816,9.5081,0.003800,263.17, 425.7289
158817,9.5117,0.003754,266.35, 425.7393
158818,9.5156,0.003819,261.88, 425.7403
158819,9.5193,0.003725,268.48, 425.7413
158820,9.5229,0.003693,270.76, 425.7393
158821,9.5269,0.003755,266.31, 425.7329
158822,9.5305,0.003805,262.83, 425.7413
158823,9.5342,0.003704,270.01, 425.7413
158824,9.5381,0.003772,265.10, 425.7289
158825,9.5417,0.003644,274.42, 425.7413
158826,9.5454,0.003797,263.40, 425.7344
158827,9.5493,0.003774,264.96, 425.7429
158828,9.5530,0.003723,268.61, 425.7289
158829,9.5569,0.003812,262.35, 425.7429
158830,9.5605,0.003755,266.34, 425.7413
158831,9.5645,0.003844,260.13, 425.7249
158832,9.5684,0.003858,259.22, 425.7413
158833,9.5720,0.003716,269.10, 425.7413
158834,9.5757,0.003750,266.65, 425.7418
158835,9.5796,0.003797,263.34, 425.7430
158836,9.5833,0.003712,269.41, 425.7334
158837,9.5869,0.003716,269.09, 425.7408
158838,9.5906,0.003691,270.91, 425.7413
158839,9.5945,0.003769,265.34, 425.7418
158840,9.5981,0.003792,263.70, 425.7430
158841,9.6018,0.003676,272.06, 425.7430
158842,9.6057,0.003744,267.13, 425.7383
158843,9.6094,0.003783,264.36, 425.7368
158844,9.6130,0.003724,268.50, 425.7413
158845,9.6169,0.003717,269.06, 425.7413
158846,9.6206,0.003687,271.22, 425.7431
158847,9.6243,0.003801,263.07, 425.7289
158848,9.6282,0.003791,263.82, 425.7429
158849,9.6318,0.003681,271.64, 425.7430
158850,9.6355,0.003708,269.67, 425.7398
158851,9.6392,0.003690,271.02, 425.7467
158852,9.6431,0.003889,257.13, 425.7413
158853,9.6467,0.003728,268.28, 425.7429
158854,9.6504,0.003667,272.74, 425.7429
158855,9.6543,0.003713,269.30, 425.7294
158856,9.6580,0.003779,264.61, 425.7383
158857,9.6616,0.003709,269.62, 425.7429
158858,9.6653,0.003687,271.25, 425.7429
158859,9.6689,0.003668,272.64, 425.7393
158860,9.6729,0.003789,263.94, 425.7429
158861,9.6765,0.003711,269.45, 425.7413
158862,9.6802,0.003682,271.59, 425.7418
158863,9.6843,0.004110,243.32, 425.7165
158864,9.6880,0.003731,268.05, 425.7429
158865,9.6917,0.003714,269.23, 425.7418
158866,9.6956,0.003678,271.86, 425.7418
158867,9.6992,0.003665,272.87, 425.7393
158868,9.7029,0.003758,266.09, 425.7309
158869,9.7065,0.003738,267.51, 425.7403
158870,9.7104,0.003773,265.08, 425.7398
158871,9.7141,0.003677,271.94, 425.7430
158872,9.7178,0.003659,273.27, 425.7431
158873,9.7217,0.003881,257.70, 425.7429
158874,9.7253,0.003765,265.58, 425.7429
158875,9.7290,0.003683,271.49, 425.7334
158876,9.7327,0.003701,270.20, 425.7440
158877,9.7366,0.003851,259.70, 425.7398
158878,9.7402,0.003760,265.94, 425.7413
158879,9.7441,0.003737,267.59, 425.7408
158880,9.7478,0.003738,267.52, 425.7349
158881,9.7515,0.003718,268.95, 425.7368
158882,9.7554,0.003747,266.91, 425.7430
158883,9.7590,0.003717,269.02, 425.7383
158884,9.7632,0.004185,238.96, 425.7185
158885,9.7668,0.003677,271.96, 425.7373
158886,9.7705,0.003728,268.22, 425.7431
158887,9.7744,0.003785,264.21, 425.7429
158888,9.7781,0.003706,269.83, 425.7430
158889,9.7817,0.003763,265.75, 425.7408
158890,9.7856,0.003772,265.10, 425.7413
158891,9.7893,0.003685,271.35, 425.7429
158892,9.7930,0.003721,268.72, 425.7431
158893,9.7966,0.003706,269.82, 425.7429
158894,9.8005,0.003778,264.68, 425.7319
158895,9.8042,0.003716,269.14, 425.7430
158896,9.8079,0.003715,269.16, 425.7429
158897,9.8118,0.003736,267.67, 425.7429
158898,9.8154,0.003728,268.28, 425.7279
158899,9.8191,0.003744,267.09, 425.7403
158900,9.8230,0.003786,264.15, 425.7319
158901,9.8267,0.003720,268.80, 425.7408
158902,9.8306,0.003835,260.76, 425.7431
158903,9.8342,0.003726,268.38, 425.7429
158904,9.8379,0.003712,269.43, 425.7359
158905,9.8418,0.003761,265.90, 425.7359
158906,9.8455,0.003698,270.40, 425.7334
158907,9.8491,0.003785,264.18, 425.7364
158908,9.8530,0.003799,263.21, 425.7429
158909,9.8567,0.003704,270.01, 425.7413
158910,9.8606,0.003831,261.03, 425.7413
158911,9.8643,0.003717,269.07, 425.7393
158912,9.8679,0.003757,266.19, 425.7430
158913,9.8718,0.003733,267.87, 425.7289
158914,9.8755,0.003715,269.15, 425.7418
158915,9.8792,0.003785,264.23, 425.7334
158916,9.8831,0.003790,263.87, 425.7413
158917,9.8867,0.003687,271.23, 425.7413
158918,9.8904,0.003795,263.52, 425.7431
158919,9.8943,0.003716,269.08, 425.7324
158920,9.8979,0.003773,265.01, 425.7413
158921,9.9021,0.004022,248.65, 425.7289
158922,9.9058,0.003708,269.67, 425.7388
158923,9.9094,0.003790,263.83, 425.7304
158924,9.9133,0.003756,266.23, 425.7429
158925,9.9170,0.003697,270.51, 425.7289
158926,9.9209,0.004058,246.40, 425.7429
158927,9.9248,0.003893,256.85, 425.7408
158928,9.9287,0.003888,257.23, 425.7429
158929,9.9326,0.003921,255.06, 425.7429
158930,9.9368,0.004088,244.62, 425.7431
158931,9.9409,0.004034,247.91, 425.7418
158932,9.9451,0.004121,242.68, 425.7429
158933,9.9487,0.003749,266.75, 425.7373
158934,9.9524,0.003776,264.81, 425.7289
158935,9.9563,0.003782,264.38, 425.7429
158936,9.9600,0.003789,263.91, 425.7393
158937,9.9639,0.003771,265.17, 425.7324
158938,9.9675,0.003776,264.82, 425.7368
158939,9.9714,0.003735,267.72, 425.7393
158940,9.9751,0.003758,266.13, 425.7289
158941,9.9788,0.003699,270.33, 425.7354
158942,9.9827,0.003759,266.01, 425.7429
158943,9.9863,0.003734,267.82, 425.7429
158944,9.9900,0.003756,266.25, 425.7393
158945,9.9939,0.003740,267.38, 425.7304
158946,9.9976,0.003862,258.93, 425.7408
