TotalFrame,Time,DeltaTime,FPS,RAM
123094,0.0000,0.013340,74.97, 419.4350
123095,0.0000,0.013340,74.97, 420.8716
123096,0.0200,0.020000,50.00, 420.0321
123097,0.0244,0.004427,225.90, 420.2093
123098,0.0288,0.004478,223.33, 419.5438
123099,0.0349,0.006128,163.18, 419.5429
123100,0.0383,0.003358,297.76, 419.5140
123101,0.0420,0.003635,275.10, 419.5140
123102,0.0454,0.003484,287.03, 419.5140
123103,0.0488,0.003456,289.34, 419.5145
123104,0.0522,0.003401,294.07, 419.5140
123105,0.0557,0.003378,296.03, 419.5143
123106,0.0591,0.003439,290.77, 419.5143
123107,0.0625,0.003392,294.83, 419.5092
123108,0.0659,0.003434,291.22, 419.5093
123109,0.0693,0.003290,303.91, 419.5086
123110,0.0728,0.003406,293.60, 419.5087
123111,0.0762,0.003484,287.07, 419.5086
123112,0.0796,0.003377,296.09, 419.5086
123113,0.0830,0.003422,292.23, 419.5086
123114,0.0864,0.003404,293.81, 419.5092
123115,0.0898,0.003449,289.91, 419.5087
123116,0.0930,0.003306,302.52, 419.5086
123117,0.0964,0.003395,294.56, 419.5093
123118,0.0999,0.003266,306.18, 419.5086
123119,0.1030,0.003376,296.19, 419.5087
123120,0.1064,0.003336,299.72, 419.5086
123121,0.1099,0.003428,291.75, 419.5086
123122,0.1133,0.003466,288.50, 419.5087
123123,0.1167,0.003285,304.40, 419.5086
123124,0.1201,0.003387,295.29, 419.5087
123125,0.1233,0.003304,302.71, 419.5092
123126,0.1270,0.003591,278.45, 419.5087
123127,0.1304,0.003338,299.59, 419.5089
123128,0.1338,0.003471,288.11, 419.5090
123129,0.1372,0.003360,297.60, 419.5086
123130,0.1406,0.003431,291.46, 419.5086
123131,0.1440,0.003444,290.38, 419.5087
123132,0.1472,0.003274,305.47, 419.5086
123133,0.1506,0.003354,298.12, 419.5087
123134,0.1538,0.003291,303.87, 419.5086
123135,0.1575,0.003475,287.79, 419.5090
123136,0.1609,0.003436,291.03, 419.5086
123137,0.1643,0.003513,284.69, 419.5089
123138,0.1675,0.003245,308.16, 419.5330
123139,0.1711,0.003552,281.55, 419.5092
123140,0.1748,0.003625,275.83, 419.5087
123141,0.1780,0.003324,300.82, 419.5086
123142,0.1814,0.003329,300.37, 419.5093
123143,0.1848,0.003308,302.29, 419.5089
123144,0.1880,0.003373,296.51, 419.5087
123145,0.1914,0.003291,303.91, 419.5086
123146,0.1948,0.003460,289.05, 419.5086
123147,0.1982,0.003374,296.41, 419.5249
123148,0.2014,0.003304,302.65, 419.5086
123149,0.2048,0.003415,292.87, 419.5086
123150,0.2083,0.003275,305.38, 419.5086
123151,0.2114,0.003321,301.10, 419.5090
123152,0.2148,0.003392,294.82, 419.5086
123153,0.2185,0.003523,283.83, 419.5089
123154,0.2219,0.003548,281.88, 419.5225
123155,0.2253,0.003423,292.15, 419.5090
123156,0.2288,0.003331,300.17, 419.5087
123157,0.2319,0.003292,303.76, 419.5086
123158,0.2354,0.003381,295.74, 419.5087
123159,0.2388,0.003283,304.65, 419.5092
123160,0.2419,0.003350,298.53, 419.5087
123161,0.2454,0.003305,302.55, 419.5089
123162,0.2488,0.003343,299.16, 419.5086
123163,0.2522,0.003494,286.17, 419.5086
123164,0.2556,0.003414,292.89, 419.5087
123165,0.2590,0.003327,300.53, 419.5086
123166,0.2622,0.003251,307.61, 419.5205
123167,0.2656,0.003395,294.54, 419.5093
123168,0.2688,0.003277,305.15, 419.5086
123169,0.2722,0.003353,298.20, 419.5087
123170,0.2754,0.003259,306.80, 419.5089
123171,0.2788,0.003398,294.26, 419.5086
123172,0.2822,0.003375,296.31, 419.5086
123173,0.2856,0.003493,286.25, 419.5086
123174,0.2891,0.003376,296.20, 419.5086
123175,0.2925,0.003362,297.46, 419.5086
123176,0.2959,0.003414,292.92, 419.5087
123177,0.2991,0.003299,303.15, 419.5086
123178,0.3025,0.003401,294.03, 419.5086
123179,0.3059,0.003322,301.05, 419.5086
123180,0.3093,0.003493,286.25, 419.5087
123181,0.3127,0.003393,294.73, 419.5086
123182,0.3162,0.003466,288.54, 419.5086
123183,0.3196,0.003306,302.47, 419.5089
123184,0.3230,0.003333,300.01, 419.5086
123185,0.3262,0.003315,301.66, 419.5087
123186,0.3296,0.003277,305.19, 419.5087
123187,0.3328,0.003331,300.26, 419.5086
123188,0.3362,0.003263,306.46, 419.5086
123189,0.3394,0.003374,296.37, 419.5086
123190,0.3428,0.003387,295.22, 419.5086
123191,0.3462,0.003388,295.12, 419.5090
123192,0.3496,0.003295,303.46, 419.5086
123193,0.3528,0.003363,297.32, 419.5087
123194,0.3562,0.003309,302.25, 419.5087
123195,0.3594,0.003286,304.31, 419.5092
123196,0.3628,0.003385,295.45, 419.5087
123197,0.3662,0.003300,303.07, 419.5086
123198,0.3696,0.003457,289.31, 419.5087
123199,0.3730,0.003483,287.14, 419.5092
123200,0.3767,0.003515,284.49, 419.5087
123201,0.3801,0.003396,294.48, 419.5086
123202,0.3835,0.003415,292.87, 419.5110
123203,0.3867,0.003366,297.09, 419.5092
123204,0.3904,0.003708,269.72, 419.5093
123205,0.3938,0.003414,292.95, 419.5087
123206,0.3972,0.003256,307.12, 419.5086
123207,0.4006,0.003364,297.28, 419.5093
123208,0.4038,0.003358,297.81, 419.5086
123209,0.4072,0.003391,294.88, 419.5087
123210,0.4106,0.003324,300.82, 419.5086
123211,0.4141,0.003341,299.32, 419.5089
123212,0.4175,0.003432,291.39, 419.5086
123213,0.4209,0.003416,292.72, 419.5086
123214,0.4243,0.003475,287.76, 419.5087
123215,0.4275,0.003289,304.04, 419.5086
123216,0.4309,0.003345,298.96, 419.5087
123217,0.4343,0.003360,297.64, 419.5086
123218,0.4377,0.003442,290.53, 419.5089
123219,0.4412,0.003393,294.75, 419.5086
123220,0.4446,0.003367,296.98, 419.5086
123221,0.4480,0.003409,293.31, 419.5093
123222,0.4512,0.003290,303.91, 419.5089
123223,0.4546,0.003393,294.76, 419.5090
123224,0.4578,0.003240,308.60, 419.5086
123225,0.4612,0.003340,299.39, 419.5087
123226,0.4644,0.003297,303.30, 419.5086
123227,0.4680,0.003515,284.46, 419.5089
123228,0.4714,0.003373,296.50, 419.5086
123229,0.4746,0.003389,295.06, 419.5087
123230,0.4780,0.003265,306.31, 419.5087
123231,0.4812,0.003227,309.90, 419.5092
123232,0.4846,0.003332,300.10, 419.5087
123233,0.4880,0.003462,288.89, 419.5086
123234,0.4915,0.003436,291.08, 419.5087
123235,0.4949,0.003425,292.00, 419.5086
123236,0.4983,0.003361,297.52, 419.5086
123237,0.5017,0.003487,286.77, 419.5086
123238,0.5051,0.003401,294.01, 419.5087
123239,0.5085,0.003331,300.20, 419.5087
123240,0.5117,0.003299,303.10, 419.5086
123241,0.5151,0.003355,298.08, 419.5087
123242,0.5188,0.003623,276.01, 419.5086
123243,0.5225,0.003639,274.81, 419.5195
123244,0.5259,0.003449,289.91, 419.5235
123245,0.5295,0.003767,265.47, 419.5087
123246,0.5334,0.003928,254.56, 419.5087
123247,0.5374,0.003779,264.63, 419.5087
123248,0.5410,0.003699,270.37, 419.5087
123249,0.5444,0.003435,291.12, 419.5092
123250,0.5476,0.003294,303.60, 419.5087
123251,0.5510,0.003318,301.41, 419.5089
123252,0.5542,0.003281,304.79, 419.5092
123253,0.5576,0.003385,295.46, 419.5086
123254,0.5610,0.003407,293.51, 419.5086
123255,0.5645,0.003467,288.43, 419.5087
123256,0.5679,0.003366,297.06, 419.5086
123257,0.5713,0.003439,290.82, 419.5087
123258,0.5747,0.003373,296.45, 419.5086
123259,0.5781,0.003275,305.39, 419.5092
123260,0.5813,0.003327,300.56, 419.5087
123261,0.5847,0.003409,293.33, 419.5087
123262,0.5881,0.003483,287.12, 419.5086
123263,0.5918,0.003563,280.70, 419.5711
123264,0.5952,0.003460,289.04, 419.5087
123265,0.5986,0.003341,299.34, 419.5086
123266,0.6018,0.003317,301.45, 419.5712
123267,0.6052,0.003296,303.36, 419.5089
123268,0.6084,0.003300,302.99, 419.5090
123269,0.6118,0.003390,294.99, 419.5087
123270,0.6152,0.003258,306.90, 419.5092
123271,0.6184,0.003356,297.96, 419.5087
123272,0.6218,0.003220,310.60, 419.5086
123273,0.6250,0.003371,296.63, 419.5087
123274,0.6284,0.003225,310.10, 419.5086
123275,0.6316,0.003346,298.83, 419.5090
123276,0.6350,0.003351,298.44, 419.5110
123277,0.6384,0.003288,304.15, 419.5087
123278,0.6416,0.003229,309.68, 419.5093
123279,0.6448,0.003298,303.20, 419.5086
123280,0.6482,0.003316,301.56, 419.5086
123281,0.6514,0.003287,304.23, 419.5086
123282,0.6548,0.003455,289.47, 419.5087
123283,0.6582,0.003377,296.16, 419.5086
123284,0.6616,0.003345,298.97, 419.5111
123285,0.6650,0.003330,300.28, 419.5092
123286,0.6682,0.003326,300.66, 419.5092
123287,0.6716,0.003461,288.91, 419.5092
123288,0.6750,0.003389,295.05, 419.5087
123289,0.6785,0.003312,301.92, 419.5086
123290,0.6816,0.003315,301.69, 419.5089
123291,0.6851,0.003335,299.83, 419.5087
123292,0.6882,0.003231,309.52, 419.5110
123293,0.6917,0.003425,291.97, 419.5087
123294,0.6951,0.003319,301.33, 419.5086
123295,0.6987,0.003550,281.66, 419.5089
123296,0.7021,0.003509,284.96, 419.5086
123297,0.7056,0.003439,290.77, 419.5087
123298,0.7090,0.003313,301.83, 419.5086
123299,0.7122,0.003287,304.19, 419.5089
123300,0.7156,0.003330,300.31, 419.5087
123301,0.7188,0.003236,309.04, 419.5086
123302,0.7222,0.003354,298.13, 419.5086
123303,0.7256,0.003448,290.03, 419.5086
123304,0.7290,0.003428,291.76, 419.5093
123305,0.7324,0.003337,299.69, 419.5087
123306,0.7356,0.003309,302.17, 419.5092
123307,0.7393,0.003585,278.96, 419.5093
123308,0.7424,0.003296,303.43, 419.5090
123309,0.7458,0.003315,301.62, 419.5087
123310,0.7490,0.003222,310.37, 419.5086
123311,0.7524,0.003352,298.34, 419.5086
123312,0.7556,0.003319,301.29, 419.5086
123313,0.7593,0.003522,283.90, 419.5087
123314,0.7625,0.003257,306.99, 419.5207
123315,0.7659,0.003307,302.43, 419.5090
123316,0.7690,0.003367,297.04, 419.5165
123317,0.7725,0.003386,295.38, 419.5087
123318,0.7759,0.003353,298.26, 419.5087
123319,0.7791,0.003234,309.21, 419.5092
123320,0.7825,0.003348,298.69, 419.5087
123321,0.7856,0.003274,305.44, 419.5086
123322,0.7891,0.003363,297.36, 419.5087
123323,0.7925,0.003319,301.31, 419.5086
123324,0.7959,0.003362,297.44, 419.5093
123325,0.7991,0.003324,300.82, 419.5086
123326,0.8025,0.003346,298.83, 419.5101
123327,0.8059,0.003515,284.50, 419.5086
123328,0.8096,0.003686,271.27, 419.5089
123329,0.8135,0.003842,260.30, 419.5087
123330,0.8176,0.004007,249.56, 419.5086
123331,0.8213,0.003743,267.14, 419.5087
123332,0.8247,0.003542,282.36, 419.5086
123333,0.8284,0.003532,283.14, 419.5086
123334,0.8318,0.003437,290.99, 419.5086
123335,0.8352,0.003468,288.36, 419.5086
123336,0.8389,0.003594,278.23, 419.5086
123337,0.8423,0.003491,286.43, 419.5092
123338,0.8457,0.003466,288.56, 419.5089
123339,0.8491,0.003348,298.67, 419.5093
123340,0.8525,0.003294,303.55, 419.5092
123341,0.8557,0.003361,297.52, 419.5087
123342,0.8591,0.003272,305.60, 419.5086
123343,0.8625,0.003389,295.05, 419.5092
123344,0.8660,0.003402,293.95, 419.5086
123345,0.8694,0.003472,288.04, 419.5090
123346,0.8728,0.003368,296.96, 419.5086
123347,0.8760,0.003321,301.11, 419.5093
123348,0.8794,0.003303,302.78, 419.5087
123349,0.8826,0.003258,306.92, 419.5090
123350,0.8860,0.003309,302.23, 419.5086
123351,0.8892,0.003253,307.38, 419.5092
123352,0.8926,0.003409,293.32, 419.5087
123353,0.8958,0.003294,303.57, 419.5160
123354,0.8992,0.003416,292.72, 419.5087
123355,0.9026,0.003354,298.13, 419.5086
123356,0.9060,0.003323,300.96, 419.5092
123357,0.9092,0.003301,302.91, 419.5087
123358,0.9126,0.003326,300.66, 419.5086
123359,0.9160,0.003430,291.53, 419.5089
123360,0.9194,0.003455,289.45, 419.5086
123361,0.9229,0.003387,295.28, 419.5087
123362,0.9260,0.003302,302.85, 419.5086
123363,0.9294,0.003371,296.62, 419.5093
123364,0.9329,0.003342,299.23, 419.5150
123365,0.9363,0.003376,296.17, 419.5087
123366,0.9395,0.003237,308.92, 419.5359
123367,0.9429,0.003345,298.99, 419.5110
123368,0.9463,0.003505,285.27, 419.5234
123369,0.9497,0.003337,299.70, 419.5086
123370,0.9534,0.003627,275.73, 419.5087
123371,0.9565,0.003287,304.22, 419.5092
123372,0.9600,0.003360,297.62, 419.5087
123373,0.9634,0.003355,298.06, 419.5086
123374,0.9666,0.003370,296.70, 419.5086
123375,0.9702,0.003506,285.23, 419.5086
123376,0.9736,0.003381,295.81, 419.5092
123377,0.9771,0.003640,274.76, 419.5087
123378,0.9807,0.003434,291.23, 419.5086
123379,0.9839,0.003360,297.65, 419.5090
123380,0.9873,0.003315,301.64, 419.5711
123381,0.9907,0.003409,293.32, 419.5087
123382,0.9941,0.003517,284.32, 419.5087
123383,0.9976,0.003317,301.44, 419.5092
123384,1.0010,0.003442,290.54, 419.5086
123385,1.0044,0.003379,295.91, 419.5086
123386,1.0078,0.003476,287.69, 419.5087
123387,1.0112,0.003345,298.99, 419.5089
123388,1.0146,0.003412,293.05, 419.5087
123389,1.0178,0.003362,297.44, 419.5086
123390,1.0212,0.003382,295.70, 419.5101
123391,1.0247,0.003380,295.88, 419.5110
123392,1.0281,0.003400,294.14, 419.5086
123393,1.0317,0.003528,283.42, 419.5087
123394,1.0349,0.003318,301.37, 419.5089
123395,1.0383,0.003443,290.48, 419.5093
123396,1.0417,0.003306,302.51, 419.5086
123397,1.0452,0.003485,286.95, 419.5087
123398,1.0486,0.003343,299.18, 419.5086
123399,1.0518,0.003354,298.12, 419.5092
123400,1.0554,0.003488,286.71, 419.5087
123401,1.0586,0.003316,301.57, 419.5086
123402,1.0620,0.003354,298.15, 419.5087
123403,1.0652,0.003261,306.62, 419.5092
123404,1.0686,0.003416,292.77, 419.5087
123405,1.0723,0.003447,290.15, 419.5086
123406,1.0757,0.003423,292.16, 419.5089
123407,1.0791,0.003428,291.71, 419.5086
123408,1.0825,0.003399,294.20, 419.5087
123409,1.0859,0.003413,293.01, 419.5087
123410,1.0891,0.003328,300.45, 419.5086
123411,1.0925,0.003328,300.50, 419.5093
123412,1.0957,0.003277,305.19, 419.5086
123413,1.0991,0.003486,286.86, 419.5087
123414,1.1025,0.003321,301.13, 419.5086
123415,1.1060,0.003365,297.14, 419.5086
123416,1.1094,0.003364,297.30, 419.5086
123417,1.1128,0.003404,293.82, 419.5087
123418,1.1162,0.003612,276.88, 419.5093
123419,1.1196,0.003326,300.64, 419.5086
123420,1.1230,0.003335,299.83, 419.5087
123421,1.1265,0.003394,294.66, 419.5086
123422,1.1296,0.003399,294.25, 419.5086
123423,1.1333,0.003439,290.82, 419.5086
123424,1.1365,0.003388,295.19, 419.5090
123425,1.1399,0.003351,298.45, 419.5086
123426,1.1433,0.003350,298.55, 419.5087
123427,1.1465,0.003288,304.17, 419.5092
123428,1.1499,0.003290,303.96, 419.5090
123429,1.1531,0.003303,302.73, 419.5093
123430,1.1565,0.003289,304.08, 419.5086
123431,1.1599,0.003481,287.24, 419.5092
123432,1.1633,0.003470,288.18, 419.5086
123433,1.1675,0.003995,250.34, 419.5087
123434,1.1707,0.003318,301.35, 419.5087
123435,1.1741,0.003336,299.79, 419.5086
123436,1.1772,0.003305,302.61, 419.5087
123437,1.1807,0.003263,306.49, 419.5086
123438,1.1841,0.003347,298.75, 419.5086
123439,1.1873,0.003353,298.21, 419.5092
123440,1.1909,0.003503,285.47, 419.5087
123441,1.1941,0.003358,297.77, 419.5086
123442,1.1975,0.003352,298.37, 419.5086
123443,1.2009,0.003278,305.03, 419.5092
123444,1.2041,0.003342,299.21, 419.5086
123445,1.2075,0.003360,297.65, 419.5087
123446,1.2109,0.003302,302.85, 419.5086
123447,1.2141,0.003373,296.47, 419.5089
123448,1.2175,0.003393,294.73, 419.5086
123449,1.2209,0.003474,287.85, 419.5087
123450,1.2244,0.003399,294.23, 419.5086
123451,1.2278,0.003425,291.99, 419.5087
123452,1.2312,0.003309,302.25, 419.5086
123453,1.2346,0.003358,297.80, 419.5093
123454,1.2378,0.003287,304.20, 419.5087
123455,1.2410,0.003228,309.79, 419.5092
123456,1.2444,0.003417,292.66, 419.5093
123457,1.2478,0.003359,297.74, 419.5086
123458,1.2512,0.003320,301.19, 419.5087
123459,1.2544,0.003275,305.34, 419.5086
123460,1.2578,0.003347,298.78, 419.5087
123461,1.2610,0.003294,303.59, 419.5086
123462,1.2644,0.003347,298.77, 419.5086
123463,1.2678,0.003320,301.19, 419.5086
123464,1.2712,0.003390,295.00, 419.5089
123465,1.2744,0.003356,297.96, 419.5093
123466,1.2778,0.003303,302.78, 419.5089
123467,1.2813,0.003347,298.74, 419.5087
123468,1.2844,0.003308,302.32, 419.5086
123469,1.2878,0.003407,293.51, 419.5087
123470,1.2913,0.003350,298.50, 419.5086
123471,1.2947,0.003404,293.78, 419.5086
123472,1.2981,0.003375,296.26, 419.5087
123473,1.3013,0.003320,301.25, 419.5092
123474,1.3047,0.003474,287.87, 419.5087
123475,1.3081,0.003329,300.36, 419.5089
123476,1.3115,0.003352,298.37, 419.5110
123477,1.3147,0.003300,303.01, 419.5089
123478,1.3184,0.003504,285.37, 419.5086
123479,1.3218,0.003507,285.18, 419.5092
123480,1.3252,0.003395,294.59, 419.5087
123481,1.3284,0.003268,306.01, 419.5087
123482,1.3318,0.003263,306.51, 419.5086
123483,1.3350,0.003341,299.30, 419.5086
123484,1.3384,0.003354,298.17, 419.5086
123485,1.3418,0.003308,302.33, 419.5087
123486,1.3450,0.003281,304.79, 419.5086
123487,1.3484,0.003409,293.35, 419.5092
123488,1.3518,0.003320,301.22, 419.5086
123489,1.3552,0.003509,284.96, 419.5087
123490,1.3584,0.003287,304.28, 419.5086
123491,1.3618,0.003289,304.05, 419.5092
123492,1.3650,0.003285,304.45, 419.5086
123493,1.3684,0.003272,305.63, 419.5090
123494,1.3716,0.003335,299.81, 419.5086
123495,1.3750,0.003370,296.71, 419.5086
123496,1.3784,0.003340,299.37, 419.5087
123497,1.3816,0.003247,307.95, 419.5086
123498,1.3850,0.003417,292.64, 419.5111
123499,1.3887,0.003581,279.26, 419.5092
123500,1.3918,0.003303,302.73, 419.5086
123501,1.3953,0.003294,303.61, 419.5090
123502,1.3987,0.003437,290.93, 419.5087
123503,1.4021,0.003415,292.85, 419.5086
123504,1.4053,0.003294,303.63, 419.5086
123505,1.4087,0.003357,297.89, 419.5087
123506,1.4121,0.003288,304.15, 419.5086
123507,1.4155,0.003403,293.88, 419.5093
123508,1.4187,0.003310,302.11, 419.5086
123509,1.4221,0.003387,295.27, 419.5087
123510,1.4255,0.003325,300.72, 419.5092
123511,1.4290,0.003439,290.80, 419.5092
123512,1.4324,0.003484,286.99, 419.5087
123513,1.4355,0.003293,303.70, 419.5086
123514,1.4390,0.003392,294.78, 419.5087
123515,1.4424,0.003290,303.93, 419.5089
123516,1.4458,0.003513,284.67, 419.5093
123517,1.4492,0.003328,300.45, 419.5089
123518,1.4526,0.003353,298.28, 419.5086
123519,1.4558,0.003374,296.42, 419.5086
123520,1.4592,0.003339,299.48, 419.5110
123521,1.4626,0.003375,296.30, 419.5086
123522,1.4661,0.003365,297.14, 419.5086
123523,1.4692,0.003326,300.65, 419.5090
123524,1.4729,0.003578,279.46, 419.5086
123525,1.4766,0.003668,272.64, 419.5087
123526,1.4800,0.003352,298.34, 419.5086
123527,1.4834,0.003364,297.25, 419.5092
123528,1.4866,0.003378,296.02, 419.5087
123529,1.4900,0.003394,294.61, 419.5086
123530,1.4934,0.003379,295.97, 419.5093
123531,1.4968,0.003273,305.50, 419.5089
123532,1.5000,0.003308,302.27, 419.5235
123533,1.5034,0.003333,300.07, 419.5086
123534,1.5068,0.003447,290.11, 419.5086
123535,1.5103,0.003428,291.68, 419.5086
123536,1.5137,0.003387,295.23, 419.5087
123537,1.5168,0.003329,300.41, 419.5086
123538,1.5203,0.003336,299.72, 419.5089
123539,1.5239,0.003654,273.69, 419.5093
123540,1.5276,0.003646,274.26, 419.5086
123541,1.5313,0.003684,271.42, 419.5087
123542,1.5352,0.003962,252.38, 419.5090
123543,1.5388,0.003708,269.70, 419.5086
123544,1.5427,0.003884,257.45, 419.5087
123545,1.5464,0.003556,281.19, 419.5265
123546,1.5498,0.003471,288.12, 419.5086
123547,1.5532,0.003410,293.22, 419.5086
123548,1.5569,0.003654,273.69, 419.5092
123549,1.5603,0.003403,293.82, 419.5087
123550,1.5635,0.003287,304.20, 419.5086
123551,1.5669,0.003347,298.77, 419.5089
123552,1.5703,0.003445,290.31, 419.5086
123553,1.5740,0.003543,282.29, 419.5093
123554,1.5774,0.003347,298.75, 419.5086
123555,1.5806,0.003321,301.14, 419.5093
123556,1.5840,0.003274,305.40, 419.5284
123557,1.5872,0.003349,298.57, 419.5092
123558,1.5906,0.003390,294.97, 419.5086
123559,1.5940,0.003381,295.76, 419.5089
123560,1.5974,0.003356,298.02, 419.5087
123561,1.6006,0.003303,302.77, 419.5110
123562,1.6042,0.003636,275.06, 419.5093
123563,1.6074,0.003242,308.41, 419.5290
123564,1.6108,0.003337,299.66, 419.5087
123565,1.6143,0.003295,303.46, 419.5086
123566,1.6174,0.003240,308.60, 419.5090
123567,1.6206,0.003279,304.97, 419.5086
123568,1.6240,0.003339,299.46, 419.5086
123569,1.6274,0.003340,299.39, 419.5086
123570,1.6306,0.003220,310.58, 419.5092
123571,1.6340,0.003361,297.53, 419.5087
123572,1.6372,0.003301,302.96, 419.5086
123573,1.6406,0.003336,299.72, 419.5087
123574,1.6438,0.003300,303.04, 419.5101
123575,1.6472,0.003457,289.31, 419.5092
123576,1.6506,0.003317,301.52, 419.5087
123577,1.6541,0.003310,302.16, 419.5086
123578,1.6572,0.003379,295.96, 419.5087
123579,1.6606,0.003259,306.88, 419.5092
123580,1.6641,0.003355,298.04, 419.5087
123581,1.6672,0.003295,303.53, 419.5086
123582,1.6707,0.003499,285.76, 419.5086
123583,1.6743,0.003494,286.17, 419.5086
123584,1.6777,0.003462,288.85, 419.5087
123585,1.6809,0.003309,302.25, 419.5086
123586,1.6843,0.003307,302.39, 419.5086
123587,1.6877,0.003319,301.32, 419.5089
123588,1.6909,0.003280,304.92, 419.5086
123589,1.6943,0.003335,299.88, 419.5087
123590,1.6975,0.003241,308.58, 419.5111
123591,1.7009,0.003553,281.44, 419.5092
123592,1.7046,0.003574,279.84, 419.5086
123593,1.7080,0.003389,295.09, 419.5087
123594,1.7114,0.003338,299.54, 419.5087
123595,1.7148,0.003390,294.99, 419.5089
123596,1.7180,0.003369,296.87, 419.5087
123597,1.7214,0.003270,305.83, 419.5110
123598,1.7249,0.003420,292.42, 419.5086
123599,1.7280,0.003337,299.71, 419.5279
123600,1.7314,0.003396,294.46, 419.5093
123601,1.7349,0.003398,294.33, 419.5087
123602,1.7383,0.003300,303.07, 419.5089
123603,1.7415,0.003290,303.94, 419.5086
123604,1.7449,0.003306,302.48, 419.5090
123605,1.7480,0.003307,302.40, 419.5090
123606,1.7512,0.003202,312.33, 419.5087
123607,1.7546,0.003291,303.82, 419.5086
123608,1.7578,0.003302,302.87, 419.5086
123609,1.7612,0.003309,302.17, 419.5086
123610,1.7644,0.003254,307.35, 419.5086
123611,1.7678,0.003327,300.53, 419.5086
123612,1.7712,0.003336,299.74, 419.5086
123613,1.7749,0.003877,257.96, 419.5093
123614,1.7783,0.003391,294.94, 419.5086
123615,1.7820,0.003460,289.01, 419.5089
123616,1.7854,0.003464,288.70, 419.5087
123617,1.7886,0.003272,305.63, 419.5086
123618,1.7920,0.003395,294.55, 419.5235
123619,1.7952,0.003217,310.86, 419.5375
123620,1.7986,0.003380,295.84, 419.5087
123621,1.8020,0.003314,301.77, 419.5086
123622,1.8054,0.003455,289.44, 419.5089
123623,1.8091,0.003592,278.39, 419.5086
123624,1.8125,0.003445,290.28, 419.5086
123625,1.8159,0.003533,283.04, 419.5087
123626,1.8193,0.003377,296.15, 419.5086
123627,1.8230,0.003561,280.85, 419.5090
123628,1.8262,0.003355,298.03, 419.5086
123629,1.8296,0.003360,297.64, 419.5092
123630,1.8330,0.003300,303.04, 419.5092
123631,1.8364,0.003430,291.55, 419.5092
123632,1.8398,0.003424,292.09, 419.5093
123633,1.8430,0.003316,301.53, 419.5086
123634,1.8464,0.003346,298.83, 419.5086
123635,1.8499,0.003323,300.97, 419.5092
123636,1.8533,0.003425,291.95, 419.5090
123637,1.8564,0.003354,298.17, 419.5086
123638,1.8599,0.003375,296.28, 419.5086
123639,1.8633,0.003481,287.31, 419.5086
123640,1.8667,0.003329,300.44, 419.5092
123641,1.8701,0.003460,289.00, 419.5093
123642,1.8735,0.003490,286.50, 419.5092
123643,1.8770,0.003384,295.53, 419.5087
123644,1.8804,0.003329,300.39, 419.5086
123645,1.8840,0.003583,279.13, 419.5087
123646,1.8875,0.003388,295.16, 419.5086
123647,1.8906,0.003339,299.49, 419.5089
123648,1.8940,0.003478,287.51, 419.5086
123649,1.8975,0.003357,297.89, 419.5086
123650,1.9011,0.003504,285.38, 419.5087
123651,1.9043,0.003278,305.05, 419.5089
123652,1.9077,0.003385,295.39, 419.5087
123653,1.9109,0.003321,301.10, 419.5086
123654,1.9148,0.003714,269.22, 419.5093
123655,1.9180,0.003350,298.49, 419.5086
123656,1.9214,0.003327,300.61, 419.5086
123657,1.9248,0.003433,291.33, 419.5087
123658,1.9282,0.003288,304.15, 419.5086
123659,1.9314,0.003377,296.15, 419.5090
123660,1.9348,0.003285,304.40, 419.5086
123661,1.9382,0.003400,294.16, 419.5087
123662,1.9417,0.003561,280.81, 419.5090
123663,1.9451,0.003343,299.13, 419.5092
123664,1.9485,0.003421,292.29, 419.5087
123665,1.9519,0.003301,302.93, 419.5086
123666,1.9551,0.003365,297.14, 419.5087
123667,1.9585,0.003267,306.05, 419.5089
123668,1.9619,0.003370,296.75, 419.5087
123669,1.9651,0.003374,296.39, 419.5086
123670,1.9688,0.003515,284.54, 419.5086
123671,1.9722,0.003455,289.41, 419.5086
123672,1.9758,0.003655,273.63, 419.5093
123673,1.9790,0.003305,302.54, 419.5086
123674,1.9824,0.003322,301.02, 419.5086
123675,1.9856,0.003291,303.89, 419.5090
123676,1.9888,0.003179,314.58, 419.5089
123677,1.9922,0.003339,299.49, 419.5086
123678,1.9959,0.003559,280.95, 419.5086
123679,1.9993,0.003506,285.23, 419.5092
123680,2.0027,0.003401,294.01, 419.5086
123681,2.0061,0.003388,295.13, 419.5087
123682,2.0095,0.003344,299.03, 419.5087
123683,2.0127,0.003348,298.69, 419.5086
123684,2.0161,0.003366,297.13, 419.5086
123685,2.0193,0.003242,308.50, 419.5092
123686,2.0227,0.003361,297.56, 419.5110
123687,2.0261,0.003465,288.64, 419.5086
123688,2.0295,0.003447,290.10, 419.5093
123689,2.0330,0.003400,294.08, 419.5086
123690,2.0364,0.003319,301.33, 419.5086
123691,2.0396,0.003289,304.07, 419.5090
123692,2.0430,0.003319,301.28, 419.5087
123693,2.0461,0.003277,305.12, 419.5087
123694,2.0496,0.003253,307.41, 419.5086
123695,2.0530,0.003356,297.98, 419.5086
123696,2.0564,0.003443,290.46, 419.5092
123697,2.0598,0.003577,279.58, 419.5087
123698,2.0632,0.003378,296.06, 419.5086
123699,2.0667,0.003406,293.63, 419.5090
123700,2.0701,0.003346,298.85, 419.5086
123701,2.0735,0.003384,295.52, 419.5086
123702,2.0769,0.003472,288.02, 419.5086
123703,2.0801,0.003314,301.71, 419.5092
123704,2.0835,0.003360,297.62, 419.5087
123705,2.0869,0.003358,297.84, 419.5086
123706,2.0903,0.003366,297.10, 419.5087
123707,2.0935,0.003330,300.32, 419.5086
123708,2.0969,0.003298,303.23, 419.5090
123709,2.1001,0.003284,304.52, 419.5086
123710,2.1035,0.003437,290.94, 419.5086
123711,2.1072,0.003443,290.45, 419.5086
123712,2.1104,0.003340,299.38, 419.5089
123713,2.1138,0.003384,295.50, 419.5087
123714,2.1172,0.003285,304.40, 419.5086
123715,2.1206,0.003439,290.77, 419.5087
123716,2.1238,0.003363,297.36, 419.5086
123717,2.1274,0.003501,285.60, 419.5087
123718,2.1306,0.003271,305.73, 419.5087
123719,2.1340,0.003425,292.01, 419.5086
123720,2.1375,0.003496,286.02, 419.5087
123721,2.1409,0.003301,302.93, 419.5086
123722,2.1443,0.003389,295.08, 419.5087
123723,2.1475,0.003229,309.68, 419.5259
123724,2.1509,0.003392,294.80, 419.5087
123725,2.1543,0.003387,295.25, 419.5086
123726,2.1577,0.003357,297.88, 419.5086
123727,2.1609,0.003360,297.66, 419.5086
123728,2.1643,0.003404,293.77, 419.5086
123729,2.1677,0.003426,291.93, 419.5087
123730,2.1711,0.003271,305.70, 419.5086
123731,2.1746,0.003360,297.59, 419.5093
123732,2.1780,0.003417,292.68, 419.5086
123733,2.1812,0.003363,297.39, 419.5165
123734,2.1848,0.003536,282.77, 419.5086
123735,2.1882,0.003486,286.85, 419.5092
123736,2.1917,0.003419,292.48, 419.5086
123737,2.1951,0.003334,299.91, 419.5086
123738,2.1982,0.003345,298.98, 419.5087
123739,2.2017,0.003240,308.60, 419.5092
123740,2.2051,0.003393,294.72, 419.5087
123741,2.2083,0.003294,303.55, 419.5086
123742,2.2117,0.003366,297.13, 419.5086
123743,2.2153,0.003728,268.21, 419.5092
123744,2.2188,0.003416,292.71, 419.5087
123745,2.2222,0.003451,289.75, 419.5092
123746,2.2256,0.003343,299.12, 419.5086
123747,2.2290,0.003419,292.51, 419.5087
123748,2.2324,0.003346,298.91, 419.5092
123749,2.2358,0.003443,290.43, 419.5087
123750,2.2390,0.003304,302.67, 419.5086
123751,2.2424,0.003397,294.38, 419.5086
123752,2.2459,0.003444,290.34, 419.5086
123753,2.2493,0.003301,302.95, 419.5090
123754,2.2524,0.003334,299.97, 419.5087
123755,2.2559,0.003285,304.45, 419.5089
123756,2.2595,0.003578,279.46, 419.5093
123757,2.2627,0.003252,307.49, 419.5092
123758,2.2661,0.003451,289.80, 419.5089
123759,2.2695,0.003385,295.46, 419.5115
123760,2.2732,0.003580,279.35, 419.5087
123761,2.2764,0.003378,296.05, 419.5086
123762,2.2798,0.003405,293.69, 419.5087
123763,2.2832,0.003337,299.67, 419.5090
123764,2.2866,0.003315,301.68, 419.5092
123765,2.2898,0.003340,299.38, 419.5087
123766,2.2932,0.003267,306.10, 419.5086
123767,2.2964,0.003338,299.59, 419.5089
123768,2.2998,0.003346,298.83, 419.5086
123769,2.3032,0.003480,287.38, 419.5087
123770,2.3066,0.003403,293.89, 419.5111
123771,2.3101,0.003313,301.86, 419.5093
123772,2.3132,0.003336,299.74, 419.5092
123773,2.3167,0.003256,307.10, 419.5087
123774,2.3198,0.003304,302.66, 419.5086
123775,2.3232,0.003294,303.57, 419.5092
123776,2.3267,0.003409,293.38, 419.5086
123777,2.3298,0.003307,302.42, 419.5086
123778,2.3335,0.003495,286.12, 419.5087
123779,2.3367,0.003325,300.78, 419.5086
123780,2.3401,0.003333,299.99, 419.5087
123781,2.3435,0.003313,301.82, 419.5087
123782,2.3467,0.003276,305.25, 419.5086
123783,2.3499,0.003301,302.97, 419.5086
123784,2.3533,0.003402,293.97, 419.5086
123785,2.3567,0.003376,296.23, 419.5087
123786,2.3599,0.003243,308.33, 419.5092
123787,2.3633,0.003360,297.59, 419.5087
123788,2.3667,0.003327,300.59, 419.5086
123789,2.3701,0.003527,283.52, 419.5087
123790,2.3735,0.003340,299.42, 419.5086
123791,2.3770,0.003392,294.84, 419.5086
123792,2.3804,0.003485,286.91, 419.5087
123793,2.3838,0.003324,300.86, 419.5086
123794,2.3872,0.003458,289.19, 419.5087
123795,2.3906,0.003320,301.21, 419.5086
123796,2.3940,0.003555,281.28, 419.5087
123797,2.3975,0.003326,300.71, 419.5086
123798,2.4009,0.003402,293.97, 419.5086
123799,2.4043,0.003490,286.57, 419.5092
123800,2.4077,0.003446,290.18, 419.5086
123801,2.4111,0.003377,296.16, 419.5090
123802,2.4143,0.003272,305.60, 419.5089
123803,2.4177,0.003377,296.16, 419.5220
123804,2.4211,0.003281,304.75, 419.5092
123805,2.4246,0.003404,293.75, 419.5093
123806,2.4277,0.003369,296.84, 419.5086
123807,2.4312,0.003367,297.02, 419.5086
123808,2.4348,0.003524,283.75, 419.5093
123809,2.4380,0.003361,297.56, 419.5320
123810,2.4417,0.003481,287.31, 419.5087
123811,2.4448,0.003397,294.42, 419.5089
123812,2.4487,0.003691,270.92, 419.5087
123813,2.4521,0.003574,279.81, 419.5086
123814,2.4556,0.003467,288.45, 419.5089
123815,2.4600,0.004190,238.64, 419.5090
123816,2.4639,0.003957,252.74, 419.5087
123817,2.4678,0.003838,260.53, 419.5088
123818,2.4714,0.003849,259.81, 419.5086
123819,2.4753,0.003768,265.39, 419.5087
123820,2.4790,0.003694,270.73, 419.5093
123821,2.4824,0.003442,290.51, 419.5166
123822,2.4858,0.003468,288.36, 419.5093
123823,2.4893,0.003418,292.57, 419.5089
123824,2.4927,0.003497,285.95, 419.5086
123825,2.4963,0.003514,284.59, 419.5111
123826,2.4995,0.003304,302.67, 419.5360
123827,2.5032,0.003551,281.60, 419.5090
123828,2.5066,0.003447,290.08, 419.5086
123829,2.5103,0.003571,280.07, 419.5087
123830,2.5137,0.003524,283.79, 419.5092
123831,2.5171,0.003477,287.64, 419.5086
123832,2.5208,0.003603,277.52, 419.5285
123833,2.5247,0.003774,264.96, 419.5087
123834,2.5286,0.004098,244.00, 419.5086
123835,2.5322,0.003647,274.21, 419.5087
123836,2.5359,0.003576,279.63, 419.5087
123837,2.5396,0.003759,266.00, 419.5087
123838,2.5437,0.004074,245.48, 419.5087
123839,2.5476,0.003860,259.06, 419.5092
123840,2.5513,0.003746,266.96, 419.5087
123841,2.5549,0.003530,283.33, 419.5086
123842,2.5584,0.003524,283.80, 419.5145
123843,2.5618,0.003455,289.41, 419.5092
123844,2.5652,0.003414,292.88, 419.5087
123845,2.5686,0.003326,300.63, 419.5087
123846,2.5718,0.003311,302.00, 419.5092
123847,2.5754,0.003500,285.76, 419.5089
123848,2.5789,0.003416,292.71, 419.5086
123849,2.5823,0.003502,285.56, 419.5090
123850,2.5859,0.003626,275.76, 419.5090
123851,2.5894,0.003389,295.07, 419.5087
123852,2.5925,0.003320,301.19, 419.5087
123853,2.5959,0.003299,303.16, 419.5086
123854,2.5999,0.003942,253.70, 419.5086
123855,2.6038,0.003906,256.04, 419.5086
123856,2.6074,0.003699,270.32, 419.5087
123857,2.6113,0.003737,267.57, 419.5086
123858,2.6150,0.003669,272.58, 419.5087
123859,2.6187,0.003681,271.64, 419.5094
123860,2.6223,0.003737,267.63, 419.5087
123861,2.6260,0.003694,270.72, 419.5087
123862,2.6296,0.003740,267.35, 419.5089
123863,2.6333,0.003574,279.78, 419.5089
123864,2.6370,0.003536,282.81, 419.5087
123865,2.6401,0.003309,302.18, 419.5086
123866,2.6436,0.003405,293.67, 419.5087
123867,2.6470,0.003330,300.29, 419.5086
123868,2.6501,0.003309,302.22, 419.5086
123869,2.6536,0.003343,299.17, 419.5087
123870,2.6567,0.003283,304.63, 419.5093
123871,2.6602,0.003338,299.57, 419.5086
123872,2.6636,0.003309,302.22, 419.5086
123873,2.6670,0.003402,293.99, 419.5087
123874,2.6702,0.003241,308.56, 419.5086
123875,2.6736,0.003426,291.90, 419.5086
123876,2.6770,0.003371,296.65, 419.5110
123877,2.6802,0.003318,301.37, 419.5087
123878,2.6836,0.003431,291.50, 419.5086
123879,2.6870,0.003436,291.01, 419.5086
123880,2.6907,0.003678,271.91, 419.5092
123881,2.6941,0.003354,298.20, 419.5086
123882,2.6975,0.003374,296.43, 419.5093
123883,2.7007,0.003282,304.74, 419.5086
123884,2.7041,0.003317,301.52, 419.5092
123885,2.7075,0.003302,302.88, 419.5089
123886,2.7107,0.003319,301.34, 419.5086
123887,2.7141,0.003490,286.56, 419.5086
123888,2.7175,0.003404,293.82, 419.5086
123889,2.7212,0.003460,289.01, 419.5087
123890,2.7244,0.003210,311.49, 419.5110
123891,2.7278,0.003378,296.00, 419.5087
123892,2.7310,0.003385,295.41, 419.5086
123893,2.7346,0.003450,289.88, 419.5086
123894,2.7378,0.003348,298.67, 419.5086
123895,2.7412,0.003383,295.58, 419.5089
123896,2.7446,0.003427,291.79, 419.5086
123897,2.7480,0.003302,302.87, 419.5086
123898,2.7512,0.003382,295.67, 419.5087
123899,2.7546,0.003286,304.28, 419.5089
123900,2.7581,0.003352,298.31, 419.5087
123901,2.7612,0.003274,305.45, 419.5092
123902,2.7646,0.003382,295.73, 419.5086
123903,2.7681,0.003476,287.69, 419.5086
123904,2.7715,0.003260,306.79, 419.5235
123905,2.7749,0.003495,286.15, 419.5086
123906,2.7781,0.003326,300.65, 419.5087
123907,2.7815,0.003270,305.85, 419.5090
123908,2.7847,0.003245,308.18, 419.5086
123909,2.7881,0.003288,304.15, 419.5087
123910,2.7913,0.003228,309.77, 419.5092
123911,2.7947,0.003572,279.93, 419.5086
123912,2.7981,0.003389,295.08, 419.5086
123913,2.8015,0.003410,293.26, 419.5090
123914,2.8049,0.003337,299.64, 419.5086
123915,2.8084,0.003338,299.63, 419.5092
123916,2.8115,0.003365,297.21, 419.5087
123917,2.8149,0.003296,303.44, 419.5087
123918,2.8184,0.003316,301.60, 419.5089
123919,2.8215,0.003254,307.36, 419.5089
123920,2.8250,0.003438,290.85, 419.5087
123921,2.8284,0.003345,298.98, 419.5086
123922,2.8315,0.003354,298.15, 419.5087
123923,2.8350,0.003228,309.84, 419.5255
123924,2.8381,0.003350,298.48, 419.5086
123925,2.8416,0.003295,303.53, 419.5086
123926,2.8447,0.003312,301.96, 419.5089
123927,2.8481,0.003296,303.41, 419.5092
123928,2.8516,0.003340,299.41, 419.5110
123929,2.8547,0.003360,297.65, 419.5087
123930,2.8582,0.003230,309.64, 419.5092
123931,2.8613,0.003372,296.56, 419.5087
123932,2.8647,0.003348,298.66, 419.5086
123933,2.8682,0.003388,295.17, 419.5087
123934,2.8716,0.003380,295.88, 419.5086
123935,2.8750,0.003436,291.07, 419.5092
123936,2.8784,0.003353,298.28, 419.5087
123937,2.8816,0.003293,303.67, 419.5092
123938,2.8850,0.003370,296.76, 419.5087
123939,2.8882,0.003297,303.28, 419.5089
123940,2.8921,0.003713,269.30, 419.5090
123941,2.8955,0.003636,275.03, 419.5089
123942,2.8989,0.003331,300.21, 419.5086
123943,2.9023,0.003505,285.27, 419.5086
123944,2.9060,0.003423,292.13, 419.5086
123945,2.9094,0.003495,286.10, 419.5087
123946,2.9126,0.003314,301.77, 419.5092
123947,2.9160,0.003391,294.87, 419.5090
123948,2.9194,0.003305,302.54, 419.5086
123949,2.9229,0.003415,292.87, 419.5087
123950,2.9260,0.003329,300.37, 419.5086
123951,2.9294,0.003325,300.76, 419.5089
123952,2.9329,0.003441,290.58, 419.5087
123953,2.9363,0.003311,302.05, 419.5086
123954,2.9395,0.003357,297.91, 419.5087
123955,2.9429,0.003302,302.86, 419.5092
123956,2.9463,0.003355,298.08, 419.5087
123957,2.9495,0.003273,305.49, 419.5086
123958,2.9529,0.003477,287.60, 419.5086
123959,2.9563,0.003443,290.47, 419.5086
123960,2.9600,0.003447,290.14, 419.5087
123961,2.9631,0.003275,305.39, 419.5087
123962,2.9666,0.003378,296.00, 419.5086
123963,2.9697,0.003329,300.40, 419.5090
123964,2.9731,0.003330,300.35, 419.5086
123965,2.9766,0.003326,300.67, 419.5087
123966,2.9797,0.003250,307.71, 419.5089
123967,2.9832,0.003390,295.02, 419.5092
123968,2.9866,0.003331,300.19, 419.5092
123969,2.9897,0.003350,298.47, 419.5087
123970,2.9932,0.003283,304.60, 419.5086
123971,2.9963,0.003347,298.80, 419.5092
123972,2.9998,0.003318,301.40, 419.5086
123973,3.0032,0.003291,303.91, 419.5087
123974,3.0063,0.003307,302.36, 419.5086
123975,3.0095,0.003250,307.69, 419.5092
123976,3.0132,0.003556,281.25, 419.5087
123977,3.0166,0.003526,283.60, 419.5092
123978,3.0200,0.003400,294.12, 419.5087
123979,3.0234,0.003341,299.29, 419.5086
123980,3.0269,0.003329,300.39, 419.5086
123981,3.0303,0.003499,285.76, 419.5092
123982,3.0337,0.003329,300.37, 419.5093
123983,3.0369,0.003386,295.31, 419.5086
123984,3.0403,0.003294,303.59, 419.5086
123985,3.0437,0.003427,291.84, 419.5087
123986,3.0469,0.003282,304.69, 419.5086
123987,3.0503,0.003336,299.78, 419.5090
123988,3.0537,0.003302,302.81, 419.5087
123989,3.0571,0.003380,295.83, 419.5090
123990,3.0603,0.003263,306.49, 419.5093
123991,3.0635,0.003277,305.20, 419.5093
123992,3.0669,0.003267,306.06, 419.5086
123993,3.0701,0.003219,310.68, 419.5087
123994,3.0732,0.003310,302.16, 419.5093
123995,3.0767,0.003294,303.61, 419.5092
123996,3.0801,0.003344,299.08, 419.5086
123997,3.0833,0.003249,307.81, 419.5086
123998,3.0867,0.003330,300.30, 419.5086
123999,3.0903,0.003657,273.43, 419.5086
124000,3.0938,0.003416,292.75, 419.5087
124001,3.0969,0.003291,303.83, 419.5087
124002,3.1001,0.003255,307.22, 419.5086
124003,3.1035,0.003318,301.35, 419.5090
124004,3.1067,0.003272,305.62, 419.5086
124005,3.1101,0.003362,297.41, 419.5087
124006,3.1135,0.003281,304.80, 419.5086
124007,3.1169,0.003425,292.01, 419.5089
124008,3.1201,0.003341,299.36, 419.5086
124009,3.1235,0.003476,287.68, 419.5089
124010,3.1272,0.003562,280.73, 419.5086
124011,3.1306,0.003393,294.71, 419.5092
124012,3.1340,0.003350,298.51, 419.5090
124013,3.1372,0.003353,298.27, 419.5086
124014,3.1406,0.003371,296.67, 419.5086
124015,3.1440,0.003378,296.03, 419.5092
124016,3.1475,0.003497,285.98, 419.5090
124017,3.1509,0.003358,297.80, 419.5086
124018,3.1543,0.003478,287.53, 419.5087
124019,3.1577,0.003312,301.96, 419.5089
124020,3.1611,0.003314,301.75, 419.5086
124021,3.1643,0.003362,297.42, 419.5087
124022,3.1677,0.003335,299.81, 419.5086
124023,3.1711,0.003384,295.50, 419.5092
124024,3.1746,0.003401,294.00, 419.5086
124025,3.1780,0.003567,280.33, 419.5087
124026,3.1814,0.003371,296.62, 419.5086
124027,3.1848,0.003433,291.27, 419.5090
124028,3.1882,0.003337,299.72, 419.5087
124029,3.1917,0.003327,300.55, 419.5086
124030,3.1948,0.003406,293.57, 419.5110
124031,3.1982,0.003384,295.53, 419.5092
124032,3.2017,0.003364,297.30, 419.5087
124033,3.2051,0.003281,304.82, 419.5086
124034,3.2085,0.003543,282.23, 419.5087
124035,3.2119,0.003364,297.26, 419.5086
124036,3.2153,0.003344,299.03, 419.5087
124037,3.2185,0.003298,303.22, 419.5086
124038,3.2219,0.003387,295.21, 419.5086
124039,3.2253,0.003467,288.41, 419.5086
124040,3.2288,0.003384,295.50, 419.5092
124041,3.2322,0.003355,298.10, 419.5087
124042,3.2354,0.003280,304.92, 419.5086
124043,3.2388,0.003375,296.29, 419.5090
124044,3.2422,0.003362,297.45, 419.5086
124045,3.2456,0.003404,293.76, 419.5087
124046,3.2490,0.003372,296.54, 419.5087
124047,3.2522,0.003322,301.02, 419.5092
124048,3.2556,0.003370,296.74, 419.5087
124049,3.2590,0.003325,300.74, 419.5086
124050,3.2625,0.003417,292.63, 419.5087
124051,3.2656,0.003272,305.66, 419.5089
124052,3.2690,0.003334,299.93, 419.5235
124053,3.2722,0.003347,298.78, 419.5086
124054,3.2761,0.003711,269.50, 419.5092
124055,3.2793,0.003366,297.06, 419.5110
124056,3.2827,0.003380,295.86, 419.5086
124057,3.2861,0.003337,299.72, 419.5087
124058,3.2893,0.003257,307.03, 419.5086
124059,3.2927,0.003407,293.50, 419.5087
124060,3.2961,0.003287,304.22, 419.5086
124061,3.2993,0.003341,299.35, 419.5087
124062,3.3027,0.003338,299.54, 419.5086
124063,3.3062,0.003381,295.81, 419.5092
124064,3.3096,0.003383,295.58, 419.5093
124065,3.3130,0.003423,292.18, 419.5086
124066,3.3162,0.003357,297.92, 419.5087
124067,3.3196,0.003291,303.89, 419.5089
124068,3.3230,0.003345,298.94, 419.5087
124069,3.3262,0.003267,306.05, 419.5086
124070,3.3298,0.003560,280.88, 419.5092
124071,3.3333,0.003514,284.54, 419.5086
124072,3.3367,0.003357,297.89, 419.5087
124073,3.3401,0.003412,293.09, 419.5086
124074,3.3433,0.003334,299.91, 419.5087
124075,3.3467,0.003337,299.69, 419.5090
124076,3.3499,0.003247,308.01, 419.5087
124077,3.3533,0.003400,294.11, 419.5087
124078,3.3567,0.003355,298.03, 419.5086
124079,3.3601,0.003406,293.64, 419.5089
124080,3.3635,0.003418,292.59, 419.5086
124081,3.3669,0.003367,297.04, 419.5087
124082,3.3704,0.003557,281.12, 419.5092
124083,3.3738,0.003291,303.91, 419.5093
124084,3.3770,0.003306,302.51, 419.5087
124085,3.3804,0.003294,303.61, 419.5087
124086,3.3835,0.003296,303.39, 419.5092
124087,3.3870,0.003402,293.92, 419.5092
124088,3.3906,0.003514,284.58, 419.5087
124089,3.3938,0.003346,298.89, 419.5086
124090,3.3972,0.003331,300.21, 419.5087
124091,3.4004,0.003233,309.36, 419.5092
124092,3.4038,0.003322,301.06, 419.5086
124093,3.4070,0.003341,299.34, 419.5087
124094,3.4104,0.003280,304.92, 419.5087
124095,3.4136,0.003270,305.78, 419.5092
124096,3.4170,0.003316,301.53, 419.5092
124097,3.4204,0.003335,299.84, 419.5087
124098,3.4236,0.003331,300.22, 419.5092
124099,3.4270,0.003356,298.01, 419.5090
124100,3.4302,0.003281,304.78, 419.5086
124101,3.4336,0.003393,294.75, 419.5087
124102,3.4370,0.003276,305.26, 419.5086
124103,3.4404,0.003385,295.44, 419.5092
124104,3.4438,0.003564,280.60, 419.5087
124105,3.4473,0.003305,302.60, 419.5086
124106,3.4504,0.003351,298.45, 419.5087
124107,3.4539,0.003303,302.79, 419.5089
124108,3.4573,0.003396,294.44, 419.5087
124109,3.4607,0.003544,282.21, 419.5086
124110,3.4641,0.003390,294.99, 419.5086
124111,3.4675,0.003461,288.91, 419.5092
124112,3.4709,0.003371,296.67, 419.5092
124113,3.4744,0.003386,295.31, 419.5087
124114,3.4778,0.003326,300.68, 419.5092
124115,3.4812,0.003399,294.24, 419.5087
124116,3.4849,0.003664,272.92, 419.5090
124117,3.4883,0.003394,294.66, 419.5090
124118,3.4915,0.003324,300.86, 419.5086
124119,3.4951,0.003700,270.27, 419.5089
124120,3.4990,0.003862,258.93, 419.5088
124121,3.5027,0.003739,267.47, 419.5087
124122,3.5063,0.003606,277.30, 419.5087
124123,3.5103,0.003786,264.17, 419.5087
124124,3.5139,0.003692,270.89, 419.5087
124125,3.5176,0.003708,269.71, 419.5087
124126,3.5212,0.003695,270.61, 419.5086
124127,3.5251,0.003769,265.32, 419.5086
124128,3.5293,0.004217,237.15, 419.5087
124129,3.5332,0.003947,253.34, 419.5087
124130,3.5393,0.005972,167.44, 419.5087
124131,3.5430,0.003831,261.06, 419.5093
124132,3.5469,0.003884,257.45, 419.5087
124133,3.5505,0.003693,270.80, 419.5087
124134,3.5542,0.003669,272.55, 419.5086
124135,3.5579,0.003497,285.93, 419.5086
124136,3.5613,0.003538,282.65, 419.5087
124137,3.5647,0.003397,294.37, 419.5086
124138,3.5681,0.003443,290.46, 419.5087
124139,3.5715,0.003378,296.06, 419.5087
124140,3.5752,0.003634,275.22, 419.5086
124141,3.5786,0.003370,296.72, 419.5087
124142,3.5818,0.003273,305.58, 419.5086
124143,3.5852,0.003381,295.81, 419.5086
124144,3.5886,0.003490,286.50, 419.5110
124145,3.5923,0.003622,276.13, 419.5087
124146,3.5957,0.003390,295.02, 419.5086
124147,3.5991,0.003324,300.86, 419.5086
124148,3.6025,0.003423,292.16, 419.5087
124149,3.6060,0.003518,284.22, 419.5086
124150,3.6096,0.003701,270.18, 419.5086
124151,3.6130,0.003508,285.09, 419.5086
124152,3.6165,0.003423,292.12, 419.5087
124153,3.6201,0.003608,277.19, 419.5093
124154,3.6235,0.003287,304.28, 419.5086
124155,3.6267,0.003355,298.04, 419.5093
124156,3.6301,0.003261,306.65, 419.5092
124157,3.6335,0.003399,294.25, 419.5087
124158,3.6367,0.003292,303.79, 419.5086
124159,3.6401,0.003421,292.31, 419.5092
124160,3.6438,0.003602,277.60, 419.5093
124161,3.6472,0.003332,300.17, 419.5086
124162,3.6506,0.003451,289.74, 419.5086
124163,3.6538,0.003342,299.24, 419.5089
124164,3.6572,0.003377,296.16, 419.5087
124165,3.6606,0.003265,306.27, 419.5086
124166,3.6641,0.003445,290.28, 419.5086
124167,3.6675,0.003392,294.81, 419.5086
124168,3.6709,0.003380,295.83, 419.5087
124169,3.6741,0.003352,298.32, 419.5087
124170,3.6775,0.003327,300.61, 419.5087
124171,3.6807,0.003271,305.75, 419.5092
124172,3.6841,0.003294,303.63, 419.5086
124173,3.6873,0.003306,302.44, 419.5087
124174,3.6907,0.003224,310.14, 419.5089
124175,3.6941,0.003536,282.77, 419.5089
124176,3.6975,0.003335,299.89, 419.5086
124177,3.7009,0.003467,288.45, 419.5086
124178,3.7043,0.003378,296.06, 419.5086
124179,3.7075,0.003345,298.94, 419.5090
124180,3.7109,0.003265,306.32, 419.5086
124181,3.7141,0.003306,302.47, 419.5087
124182,3.7175,0.003303,302.76, 419.5086
124183,3.7207,0.003283,304.62, 419.5089
124184,3.7241,0.003400,294.13, 419.5087
124185,3.7275,0.003293,303.66, 419.5089
124186,3.7307,0.003363,297.35, 419.5087
124187,3.7341,0.003279,304.95, 419.5092
124188,3.7373,0.003264,306.41, 419.5086
124189,3.7407,0.003289,304.03, 419.5087
124190,3.7439,0.003300,303.06, 419.5087
124191,3.7473,0.003306,302.53, 419.5092
124192,3.7505,0.003264,306.38, 419.5086
124193,3.7539,0.003323,300.96, 419.5087
124194,3.7571,0.003267,306.10, 419.5086
124195,3.7605,0.003291,303.84, 419.5093
124196,3.7639,0.003427,291.81, 419.5086
124197,3.7671,0.003370,296.70, 419.5087
124198,3.7705,0.003216,310.98, 419.5110
124199,3.7739,0.003449,289.97, 419.5086
124200,3.7773,0.003364,297.23, 419.5086
124201,3.7808,0.003427,291.83, 419.5089
124202,3.7839,0.003321,301.10, 419.5210
124203,3.7871,0.003220,310.57, 419.5125
124204,3.7905,0.003396,294.50, 419.5093
124205,3.7949,0.004430,225.74, 419.5087
124206,3.7988,0.003764,265.67, 419.5086
124207,3.8025,0.003697,270.53, 419.5086
124208,3.8062,0.003588,278.71, 419.5092
124209,3.8098,0.003668,272.61, 419.5087
124210,3.8135,0.003679,271.83, 419.5086
124211,3.8174,0.003894,256.83, 419.5090
124212,3.8208,0.003489,286.64, 419.5087
124213,3.8242,0.003359,297.69, 419.5086
124214,3.8279,0.003675,272.09, 419.5086
124215,3.8313,0.003422,292.27, 419.5086
124216,3.8347,0.003468,288.33, 419.5090
124217,3.8381,0.003305,302.58, 419.5092
124218,3.8413,0.003386,295.38, 419.5087
124219,3.8450,0.003487,286.81, 419.5093
124220,3.8484,0.003474,287.82, 419.5087
124221,3.8518,0.003526,283.65, 419.5087
124222,3.8552,0.003298,303.21, 419.5086
124223,3.8586,0.003451,289.79, 419.5086
124224,3.8621,0.003410,293.30, 419.5219
124225,3.8655,0.003335,299.84, 419.5087
124226,3.8687,0.003269,305.94, 419.5086
124227,3.8721,0.003360,297.66, 419.5089
124228,3.8755,0.003431,291.46, 419.5087
124229,3.8787,0.003283,304.59, 419.5086
124230,3.8821,0.003439,290.80, 419.5086
124231,3.8855,0.003409,293.31, 419.5086
124232,3.8892,0.003465,288.63, 419.5087
124233,3.8926,0.003445,290.26, 419.5086
124234,3.8958,0.003363,297.38, 419.5086
124235,3.8992,0.003340,299.43, 419.5087
124236,3.9026,0.003284,304.53, 419.5087
124237,3.9060,0.003444,290.37, 419.5087
124238,3.9092,0.003248,307.92, 419.5089
124239,3.9126,0.003335,299.87, 419.5086
124240,3.9158,0.003376,296.18, 419.5086
124241,3.9194,0.003608,277.20, 419.5087
124242,3.9229,0.003399,294.17, 419.5086
124243,3.9263,0.003374,296.38, 419.5087
124244,3.9297,0.003340,299.38, 419.5086
124245,3.9329,0.003289,304.03, 419.5090
124246,3.9365,0.003592,278.40, 419.5093
124247,3.9397,0.003284,304.52, 419.5092
124248,3.9431,0.003382,295.66, 419.5087
124249,3.9465,0.003272,305.61, 419.5092
124250,3.9497,0.003369,296.81, 419.5087
124251,3.9531,0.003403,293.88, 419.5086
124252,3.9565,0.003312,301.97, 419.5086
124253,3.9597,0.003315,301.69, 419.5086
124254,3.9631,0.003325,300.75, 419.5087
124255,3.9666,0.003318,301.40, 419.5086
124256,3.9700,0.003384,295.51, 419.5086
124257,3.9731,0.003396,294.51, 419.5087
124258,3.9766,0.003289,304.02, 419.5086
124259,3.9800,0.003383,295.58, 419.5090
124260,3.9834,0.003576,279.62, 419.5090
124261,3.9868,0.003385,295.46, 419.5087
124262,3.9902,0.003280,304.87, 419.5086
124263,3.9937,0.003412,293.06, 419.5089
124264,3.9971,0.003417,292.62, 419.5087
124265,4.0002,0.003292,303.80, 419.5089
124266,4.0037,0.003384,295.53, 419.5087
124267,4.0068,0.003244,308.27, 419.5092
124268,4.0103,0.003405,293.65, 419.5087
124269,4.0137,0.003425,292.00, 419.5086
124270,4.0171,0.003384,295.51, 419.5110
124271,4.0205,0.003324,300.82, 419.5092
124272,4.0239,0.003432,291.42, 419.5089
124273,4.0273,0.003358,297.82, 419.5090
124274,4.0308,0.003553,281.49, 419.5086
124275,4.0344,0.003587,278.76, 419.5087
124276,4.0378,0.003346,298.91, 419.5086
124277,4.0413,0.003431,291.50, 419.5087
124278,4.0447,0.003422,292.22, 419.5086
124279,4.0481,0.003396,294.47, 419.5092
124280,4.0513,0.003360,297.65, 419.5086
124281,4.0547,0.003337,299.65, 419.5086
124282,4.0581,0.003339,299.48, 419.5087
124283,4.0613,0.003264,306.34, 419.5092
124284,4.0647,0.003408,293.44, 419.5086
124285,4.0681,0.003313,301.84, 419.5086
124286,4.0715,0.003558,281.08, 419.5086
124287,4.0750,0.003469,288.23, 419.5086
124288,4.0786,0.003476,287.68, 419.5087
124289,4.0818,0.003337,299.70, 419.5087
124290,4.0852,0.003323,300.92, 419.5089
124291,4.0884,0.003313,301.80, 419.5090
124292,4.0918,0.003277,305.17, 419.5086
124293,4.0952,0.003500,285.71, 419.5093
124294,4.0986,0.003336,299.76, 419.5086
124295,4.1021,0.003373,296.45, 419.5086
124296,4.1055,0.003518,284.28, 419.5086
124297,4.1089,0.003439,290.78, 419.5087
124298,4.1123,0.003341,299.28, 419.5087
124299,4.1155,0.003274,305.40, 419.5089
124300,4.1189,0.003285,304.44, 419.5087
124301,4.1221,0.003244,308.30, 419.5086
124302,4.1257,0.003727,268.31, 419.5086
124303,4.1294,0.003491,286.47, 419.5086
124304,4.1326,0.003348,298.69, 419.5087
124305,4.1360,0.003282,304.71, 419.5086
124306,4.1394,0.003388,295.15, 419.5086
124307,4.1428,0.003445,290.25, 419.5087
124308,4.1460,0.003299,303.10, 419.5087
124309,4.1494,0.003271,305.76, 419.5087
124310,4.1526,0.003249,307.83, 419.5086
124311,4.1560,0.003469,288.23, 419.5086
124312,4.1594,0.003376,296.17, 419.5086
124313,4.1628,0.003437,290.98, 419.5090
124314,4.1663,0.003327,300.61, 419.5086
124315,4.1694,0.003290,303.95, 419.5089
124316,4.1729,0.003376,296.22, 419.5086
124317,4.1760,0.003270,305.81, 419.5087
124318,4.1794,0.003274,305.42, 419.5086
124319,4.1826,0.003282,304.71, 419.5086
124320,4.1860,0.003458,289.22, 419.5087
124321,4.1895,0.003343,299.13, 419.5086
124322,4.1929,0.003525,283.66, 419.5093
124323,4.1963,0.003348,298.66, 419.5086
124324,4.1997,0.003310,302.13, 419.5090
124325,4.2029,0.003323,300.94, 419.5092
124326,4.2063,0.003358,297.82, 419.5086
124327,4.2097,0.003386,295.30, 419.5092
124328,4.2131,0.003393,294.72, 419.5086
124329,4.2166,0.003383,295.59, 419.5087
124330,4.2197,0.003285,304.41, 419.5086
124331,4.2231,0.003359,297.70, 419.5087
124332,4.2263,0.003293,303.70, 419.5086
124333,4.2297,0.003335,299.81, 419.5087
124334,4.2332,0.003350,298.48, 419.5087
124335,4.2366,0.003352,298.31, 419.5093
124336,4.2397,0.003280,304.90, 419.5092
124337,4.2429,0.003265,306.30, 419.5093
124338,4.2463,0.003265,306.31, 419.5087
124339,4.2495,0.003309,302.22, 419.5092
124340,4.2529,0.003350,298.49, 419.5087
124341,4.2561,0.003283,304.65, 419.5089
124342,4.2595,0.003356,297.97, 419.5086
124343,4.2629,0.003488,286.73, 419.5086
124344,4.2666,0.003448,290.04, 419.5087
124345,4.2698,0.003297,303.33, 419.5087
124346,4.2729,0.003266,306.20, 419.5086
124347,4.2764,0.003325,300.72, 419.5087
124348,4.2798,0.003335,299.87, 419.5086
124349,4.2832,0.003354,298.19, 419.5093
124350,4.2864,0.003247,307.97, 419.5086
124351,4.2898,0.003358,297.77, 419.5092
124352,4.2930,0.003350,298.53, 419.5205
124353,4.2966,0.003487,286.75, 419.5086
124354,4.2998,0.003342,299.22, 419.5086
124355,4.3032,0.003394,294.61, 419.5090
124356,4.3066,0.003318,301.42, 419.5086
124357,4.3098,0.003326,300.64, 419.5086
124358,4.3137,0.003712,269.41, 419.5086
124359,4.3176,0.004075,245.40, 419.5086
124360,4.3210,0.003447,290.10, 419.5087
124361,4.3245,0.003375,296.29, 419.5086
124362,4.3279,0.003338,299.63, 419.5086
124363,4.3313,0.003353,298.20, 419.5089
124364,4.3345,0.003307,302.38, 419.5086
124365,4.3379,0.003340,299.45, 419.5087
124366,4.3411,0.003280,304.89, 419.5086
124367,4.3445,0.003435,291.13, 419.5086
124368,4.3479,0.003425,291.96, 419.5086
124369,4.3513,0.003412,293.07, 419.5087
124370,4.3547,0.003343,299.14, 419.5086
124371,4.3582,0.003356,297.97, 419.5087
124372,4.3613,0.003308,302.27, 419.5086
124373,4.3647,0.003277,305.14, 419.5087
124374,4.3679,0.003347,298.78, 419.5086
124375,4.3713,0.003245,308.21, 419.5092
124376,4.3748,0.003390,295.01, 419.5087
124377,4.3779,0.003287,304.26, 419.5279
124378,4.3813,0.003390,294.98, 419.5093
124379,4.3848,0.003457,289.23, 419.5086
124380,4.3882,0.003305,302.60, 419.5086
124381,4.3916,0.003379,295.97, 419.5087
124382,4.3948,0.003258,306.93, 419.5090
124383,4.3979,0.003246,308.04, 419.5200
124384,4.4014,0.003264,306.38, 419.5086
124385,4.4045,0.003389,295.08, 419.5093
124386,4.4080,0.003319,301.31, 419.5086
124387,4.4114,0.003501,285.60, 419.5087
124388,4.4148,0.003362,297.46, 419.5086
124389,4.4182,0.003399,294.20, 419.5090
124390,4.4214,0.003275,305.35, 419.5087
124391,4.4248,0.003256,307.11, 419.5089
124392,4.4282,0.003358,297.76, 419.5086
124393,4.4314,0.003293,303.68, 419.5087
124394,4.4348,0.003293,303.67, 419.5087
124395,4.4380,0.003373,296.49, 419.5086
124396,4.4417,0.003464,288.73, 419.5093
124397,4.4448,0.003379,295.92, 419.5086
124398,4.4482,0.003340,299.44, 419.5086
124399,4.4517,0.003447,290.12, 419.5086
124400,4.4553,0.003549,281.75, 419.5087
124401,4.4585,0.003338,299.56, 419.5087
124402,4.4619,0.003311,302.02, 419.5086
124403,4.4651,0.003290,303.96, 419.5093
124404,4.4685,0.003291,303.89, 419.5092
124405,4.4719,0.003353,298.20, 419.5087
124406,4.4751,0.003278,305.10, 419.5086
124407,4.4785,0.003379,295.93, 419.5089
124408,4.4819,0.003321,301.16, 419.5092
124409,4.4851,0.003355,298.08, 419.5086
124410,4.4885,0.003344,299.09, 419.5086
124411,4.4919,0.003468,288.37, 419.5089
124412,4.4954,0.003372,296.53, 419.5093
124413,4.4985,0.003296,303.44, 419.5086
124414,4.5020,0.003353,298.20, 419.5092
124415,4.5054,0.003395,294.58, 419.5089
124416,4.5088,0.003487,286.76, 419.5090
124417,4.5122,0.003422,292.24, 419.5086
124418,4.5156,0.003349,298.60, 419.5087
124419,4.5193,0.003575,279.69, 419.5092
124420,4.5225,0.003314,301.76, 419.5086
124421,4.5259,0.003458,289.22, 419.5087
124422,4.5293,0.003370,296.73, 419.5086
124423,4.5330,0.003616,276.54, 419.5086
124424,4.5364,0.003398,294.26, 419.5180
124425,4.5398,0.003408,293.43, 419.5087
124426,4.5432,0.003389,295.10, 419.5087
124427,4.5469,0.003660,273.23, 419.5090
124428,4.5503,0.003467,288.42, 419.5093
124429,4.5537,0.003366,297.06, 419.5087
124430,4.5574,0.003818,261.93, 419.5086
124431,4.5613,0.003818,261.94, 419.5086
124432,4.5649,0.003722,268.67, 419.5087
124433,4.5686,0.003505,285.31, 419.5087
124434,4.5718,0.003324,300.82, 419.5086
124435,4.5757,0.003722,268.66, 419.5086
124436,4.5791,0.003459,289.10, 419.5086
124437,4.5825,0.003431,291.48, 419.5087
124438,4.5857,0.003342,299.25, 419.5086
124439,4.5891,0.003364,297.30, 419.5089
124440,4.5928,0.003486,286.89, 419.5087
124441,4.5959,0.003287,304.20, 419.5086
124442,4.5994,0.003378,296.04, 419.5087
124443,4.6025,0.003319,301.31, 419.5086
124444,4.6060,0.003386,295.33, 419.5087
124445,4.6094,0.003459,289.08, 419.5092
124446,4.6130,0.003493,286.30, 419.5086
124447,4.6165,0.003483,287.13, 419.5089
124448,4.6199,0.003355,298.05, 419.5086
124449,4.6233,0.003415,292.79, 419.5086
124450,4.6267,0.003465,288.59, 419.5086
124451,4.6304,0.003608,277.19, 419.5087
124452,4.6338,0.003356,298.00, 419.5086
124453,4.6370,0.003336,299.74, 419.5087
124454,4.6404,0.003353,298.25, 419.5086
124455,4.6438,0.003368,296.96, 419.5089
124456,4.6470,0.003359,297.67, 419.5092
124457,4.6504,0.003318,301.41, 419.5086
124458,4.6538,0.003457,289.31, 419.5092
124459,4.6572,0.003325,300.76, 419.5092
124460,4.6606,0.003512,284.75, 419.5087
124461,4.6641,0.003356,297.99, 419.5086
124462,4.6675,0.003488,286.74, 419.5086
124463,4.6711,0.003652,273.80, 419.5086
124464,4.6746,0.003486,286.89, 419.5089
124465,4.6780,0.003373,296.48, 419.5087
124466,4.6814,0.003245,308.17, 419.5089
124467,4.6848,0.003406,293.59, 419.5090
124468,4.6880,0.003297,303.35, 419.5360
124469,4.6914,0.003398,294.33, 419.5087
124470,4.6948,0.003321,301.12, 419.5086
124471,4.6980,0.003402,293.99, 419.5092
124472,4.7017,0.003428,291.74, 419.5712
124473,4.7048,0.003326,300.65, 419.5086
124474,4.7083,0.003362,297.41, 419.5087
124475,4.7114,0.003290,304.00, 419.5717
124476,4.7148,0.003400,294.13, 419.5092
124477,4.7183,0.003353,298.27, 419.5086
124478,4.7217,0.003459,289.13, 419.5086
124479,4.7251,0.003388,295.16, 419.5089
124480,4.7285,0.003384,295.51, 419.5087
124481,4.7317,0.003282,304.71, 419.5086
124482,4.7351,0.003296,303.40, 419.5086
124483,4.7385,0.003345,298.94, 419.5089
124484,4.7417,0.003237,308.94, 419.5086
124485,4.7451,0.003373,296.50, 419.5087
124486,4.7483,0.003255,307.20, 419.5086
124487,4.7517,0.003417,292.62, 419.5089
124488,4.7551,0.003354,298.18, 419.5086
124489,4.7585,0.003473,287.95, 419.5087
124490,4.7617,0.003300,303.03, 419.5086
124491,4.7651,0.003248,307.88, 419.5093
124492,4.7683,0.003315,301.64, 419.5086
124493,4.7717,0.003289,304.07, 419.5087
124494,4.7751,0.003339,299.46, 419.5089
124495,4.7783,0.003277,305.14, 419.5092
124496,4.7817,0.003384,295.47, 419.5087
124497,4.7849,0.003322,301.05, 419.5086
124498,4.7883,0.003411,293.19, 419.5087
124499,4.7917,0.003324,300.89, 419.5087
124500,4.7952,0.003303,302.75, 419.5086
124501,4.7983,0.003391,294.87, 419.5090
124502,4.8018,0.003305,302.57, 419.5092
124503,4.8052,0.003371,296.62, 419.5092
124504,4.8084,0.003320,301.19, 419.5092
124505,4.8120,0.003491,286.49, 419.5093
124506,4.8152,0.003334,299.90, 419.5086
124507,4.8186,0.003436,291.08, 419.5087
124508,4.8220,0.003303,302.72, 419.5086
124509,4.8252,0.003254,307.33, 419.5234
124510,4.8286,0.003386,295.33, 419.5087
124511,4.8320,0.003350,298.54, 419.5087
124512,4.8352,0.003319,301.34, 419.5086
124513,4.8386,0.003256,307.09, 419.5087
124514,4.8418,0.003327,300.61, 419.5087
124515,4.8452,0.003367,296.98, 419.5089
124516,4.8489,0.003528,283.43, 419.5086
124517,4.8521,0.003305,302.57, 419.5086
124518,4.8555,0.003336,299.80, 419.5086
124519,4.8589,0.003421,292.35, 419.5086
124520,4.8623,0.003517,284.30, 419.5093
124521,4.8657,0.003329,300.36, 419.5092
124522,4.8689,0.003254,307.29, 419.5110
124523,4.8723,0.003379,295.93, 419.5087
124524,4.8755,0.003259,306.81, 419.5086
124525,4.8792,0.003508,285.10, 419.5087
124526,4.8823,0.003317,301.50, 419.5086
124527,4.8857,0.003371,296.61, 419.5092
124528,4.8892,0.003369,296.81, 419.5089
124529,4.8926,0.003381,295.79, 419.5087
124530,4.8958,0.003257,307.08, 419.5093
124531,4.8989,0.003258,306.94, 419.5089
124532,4.9023,0.003320,301.24, 419.5150
124533,4.9058,0.003281,304.75, 419.5089
124534,4.9089,0.003377,296.16, 419.5086
124535,4.9124,0.003398,294.27, 419.5092
124536,4.9160,0.003477,287.60, 419.5093
124537,4.9194,0.003615,276.63, 419.5086
124538,4.9229,0.003393,294.77, 419.5087
124539,4.9263,0.003309,302.22, 419.5087
124540,4.9294,0.003266,306.18, 419.5089
124541,4.9329,0.003337,299.69, 419.5086
124542,4.9360,0.003288,304.18, 419.5086
124543,4.9404,0.004276,233.85, 419.5087
124544,4.9448,0.004377,228.47, 419.5086
124545,4.9480,0.003326,300.65, 419.5089
124546,4.9514,0.003338,299.61, 419.5087
124547,4.9551,0.003597,277.99, 419.5086
124548,4.9587,0.003631,275.41, 419.5087
124549,4.9619,0.003332,300.17, 419.5086
124550,4.9653,0.003364,297.27, 419.5086
124551,4.9688,0.003427,291.80, 419.5092
124552,4.9722,0.003505,285.34, 419.5086
124553,4.9756,0.003377,296.09, 419.5087
124554,4.9792,0.003670,272.45, 419.5093
124555,4.9827,0.003412,293.08, 419.5093
124556,4.9861,0.003333,300.08, 419.5086
124557,4.9893,0.003307,302.43, 419.5087
124558,4.9927,0.003298,303.20, 419.5086
124559,4.9961,0.003388,295.12, 419.5089
124560,4.9995,0.003476,287.71, 419.5086
124561,5.0029,0.003321,301.12, 419.5086
124562,5.0061,0.003347,298.80, 419.5090
124563,5.0095,0.003254,307.33, 419.5092
124564,5.0129,0.003445,290.31, 419.5126
124565,5.0161,0.003275,305.31, 419.5239
124566,5.0195,0.003355,298.04, 419.5086
124567,5.0229,0.003441,290.64, 419.5089
124568,5.0264,0.003431,291.45, 419.5087
124569,5.0298,0.003323,300.90, 419.5086
124570,5.0330,0.003323,300.93, 419.5090
124571,5.0364,0.003314,301.78, 419.5090
124572,5.0396,0.003210,311.53, 419.5086
124573,5.0430,0.003386,295.33, 419.5087
124574,5.0464,0.003367,296.97, 419.5086
124575,5.0503,0.003872,258.24, 419.5087
124576,5.0542,0.003969,251.98, 419.5086
124577,5.0576,0.003352,298.34, 419.5087
124578,5.0610,0.003458,289.17, 419.5087
124579,5.0645,0.003419,292.46, 419.5086
124580,5.0679,0.003466,288.53, 419.5087
124581,5.0713,0.003366,297.11, 419.5086
124582,5.0747,0.003478,287.49, 419.5086
124583,5.0781,0.003399,294.20, 419.5086
124584,5.0815,0.003431,291.43, 419.5086
124585,5.0850,0.003407,293.51, 419.5087
124586,5.0881,0.003299,303.09, 419.5086
124587,5.0916,0.003361,297.54, 419.5087
124588,5.0950,0.003430,291.52, 419.5086
124589,5.0986,0.003520,284.11, 419.5092
124590,5.1018,0.003315,301.67, 419.5086
124591,5.1052,0.003390,294.99, 419.5092
124592,5.1086,0.003354,298.20, 419.5087
124593,5.1118,0.003319,301.28, 419.5086
124594,5.1152,0.003329,300.39, 419.5111
124595,5.1187,0.003286,304.30, 419.5089
124596,5.1218,0.003357,297.87, 419.5090
124597,5.1255,0.003478,287.55, 419.5086
124598,5.1289,0.003540,282.50, 419.5086
124599,5.1323,0.003463,288.78, 419.5092
124600,5.1357,0.003441,290.59, 419.5087
124601,5.1392,0.003442,290.57, 419.5087
124602,5.1426,0.003300,303.08, 419.5086
124603,5.1460,0.003325,300.80, 419.5087
124604,5.1492,0.003266,306.18, 419.5086
124605,5.1528,0.003550,281.73, 419.5087
124606,5.1560,0.003386,295.36, 419.5086
124607,5.1597,0.003488,286.71, 419.5089
124608,5.1631,0.003441,290.59, 419.5086
124609,5.1663,0.003296,303.37, 419.5089
124610,5.1697,0.003293,303.64, 419.5087
124611,5.1729,0.003281,304.79, 419.5092
124612,5.1763,0.003370,296.78, 419.5087
124613,5.1794,0.003261,306.68, 419.5086
124614,5.1829,0.003449,289.93, 419.5092
124615,5.1865,0.003459,289.08, 419.5092
124616,5.1899,0.003404,293.75, 419.5087
124617,5.1934,0.003429,291.65, 419.5086
124618,5.1965,0.003348,298.71, 419.5086
124619,5.2000,0.003289,304.03, 419.5089
124620,5.2031,0.003269,305.92, 419.5087
124621,5.2065,0.003291,303.88, 419.5087
124622,5.2097,0.003275,305.36, 419.5089
124623,5.2131,0.003380,295.85, 419.5086
124624,5.2166,0.003398,294.26, 419.5086
124625,5.2200,0.003487,286.80, 419.5087
124626,5.2234,0.003352,298.30, 419.5089
124627,5.2268,0.003341,299.29, 419.5089
124628,5.2300,0.003273,305.53, 419.5087
124629,5.2332,0.003248,307.90, 419.5087
124630,5.2366,0.003296,303.44, 419.5086
124631,5.2397,0.003292,303.77, 419.5092
124632,5.2432,0.003352,298.35, 419.5087
124633,5.2463,0.003282,304.69, 419.5086
124634,5.2500,0.003490,286.53, 419.5111
124635,5.2534,0.003388,295.17, 419.5086
124636,5.2566,0.003372,296.53, 419.5087
124637,5.2600,0.003341,299.29, 419.5086
124638,5.2634,0.003329,300.39, 419.5110
124639,5.2666,0.003326,300.67, 419.5086
124640,5.2700,0.003402,293.98, 419.5092
124641,5.2739,0.003724,268.55, 419.5093
124642,5.2771,0.003332,300.10, 419.5086
124643,5.2805,0.003371,296.65, 419.5093
124644,5.2839,0.003433,291.32, 419.5155
124645,5.2874,0.003419,292.49, 419.5087
124646,5.2908,0.003310,302.12, 419.5086
124647,5.2939,0.003335,299.89, 419.5086
124648,5.2974,0.003405,293.68, 419.5086
124649,5.3008,0.003378,296.07, 419.5089
124650,5.3042,0.003433,291.27, 419.5087
124651,5.3076,0.003268,305.99, 419.5086
124652,5.3108,0.003388,295.19, 419.5090
124653,5.3145,0.003523,283.82, 419.5225
124654,5.3179,0.003368,296.92, 419.5086
124655,5.3213,0.003450,289.90, 419.5086
124656,5.3245,0.003331,300.25, 419.5089
124657,5.3281,0.003474,287.89, 419.5087
124658,5.3313,0.003315,301.67, 419.5086
124659,5.3347,0.003384,295.48, 419.5087
124660,5.3379,0.003257,307.02, 419.5086
124661,5.3413,0.003392,294.80, 419.5093
124662,5.3447,0.003377,296.14, 419.5086
124663,5.3484,0.003698,270.45, 419.5093
124664,5.3518,0.003394,294.65, 419.5087
124665,5.3552,0.003308,302.31, 419.5086
124666,5.3586,0.003375,296.34, 419.5087
124667,5.3618,0.003287,304.28, 419.5086
124668,5.3652,0.003382,295.73, 419.5093
124669,5.3684,0.003245,308.19, 419.5205
124670,5.3718,0.003357,297.89, 419.5092
124671,5.3752,0.003390,295.02, 419.5086
124672,5.3787,0.003393,294.69, 419.5086
124673,5.3818,0.003298,303.24, 419.5093
124674,5.3853,0.003256,307.13, 419.5110
124675,5.3884,0.003318,301.37, 419.5093
124676,5.3916,0.003269,305.91, 419.5092
124677,5.3950,0.003402,293.96, 419.5087
124678,5.3984,0.003252,307.50, 419.5092
124679,5.4019,0.003537,282.72, 419.5086
124680,5.4053,0.003380,295.88, 419.5086
124681,5.4087,0.003360,297.65, 419.5087
124682,5.4119,0.003333,300.03, 419.5087
124683,5.4153,0.003272,305.67, 419.5101
124684,5.4187,0.003327,300.56, 419.5086
124685,5.4219,0.003263,306.47, 419.5093
124686,5.4253,0.003392,294.79, 419.5086
124687,5.4285,0.003285,304.41, 419.5089
124688,5.4319,0.003396,294.50, 419.5087
124689,5.4353,0.003273,305.55, 419.5086
124690,5.4385,0.003354,298.15, 419.5090
124691,5.4419,0.003350,298.52, 419.5092
124692,5.4453,0.003318,301.38, 419.5092
124693,5.4485,0.003353,298.22, 419.5087
124694,5.4519,0.003294,303.55, 419.5086
124695,5.4553,0.003418,292.55, 419.5092
124696,5.4585,0.003268,306.03, 419.5092
124697,5.4619,0.003360,297.58, 419.5087
124698,5.4653,0.003329,300.39, 419.5086
124699,5.4685,0.003359,297.71, 419.5087
124700,5.4719,0.003382,295.67, 419.5086
124701,5.4753,0.003474,287.89, 419.5087
124702,5.4788,0.003294,303.60, 419.5089
124703,5.4822,0.003415,292.85, 419.5089
124704,5.4856,0.003530,283.29, 419.5087
124705,5.4893,0.003513,284.66, 419.5092
124706,5.4927,0.003516,284.43, 419.5087
124707,5.4961,0.003331,300.18, 419.5086
124708,5.4995,0.003379,295.94, 419.5087
124709,5.5027,0.003242,308.47, 419.5375
124710,5.5061,0.003360,297.65, 419.5086
124711,5.5095,0.003422,292.27, 419.5086
124712,5.5129,0.003424,292.06, 419.5086
124713,5.5164,0.003463,288.74, 419.5087
124714,5.5198,0.003337,299.72, 419.5086
124715,5.5232,0.003406,293.58, 419.5087
124716,5.5264,0.003275,305.37, 419.5086
124717,5.5300,0.003591,278.49, 419.5087
124718,5.5339,0.003878,257.88, 419.5087
124719,5.5374,0.003630,275.48, 419.5092
124720,5.5410,0.003613,276.81, 419.5093
124721,5.5447,0.003598,277.92, 419.5086
124722,5.5483,0.003767,265.45, 419.5087
124723,5.5522,0.003797,263.39, 419.5087
124724,5.5557,0.003528,283.48, 419.5090
124725,5.5591,0.003444,290.35, 419.5087
124726,5.5625,0.003328,300.47, 419.5087
124727,5.5659,0.003395,294.57, 419.5092
124728,5.5693,0.003328,300.49, 419.5086
124729,5.5730,0.003659,273.31, 419.5090
124730,5.5764,0.003568,280.29, 419.5092
124731,5.5798,0.003401,294.00, 419.5087
124732,5.5833,0.003363,297.36, 419.5093
124733,5.5864,0.003294,303.62, 419.5086
124734,5.5898,0.003364,297.27, 419.5086
124735,5.5933,0.003433,291.26, 419.5086
124736,5.5969,0.003597,278.02, 419.5087
124737,5.6003,0.003395,294.52, 419.5110
124738,5.6038,0.003389,295.05, 419.5093
124739,5.6072,0.003383,295.58, 419.5087
124740,5.6104,0.003361,297.57, 419.5086
124741,5.6138,0.003413,292.99, 419.5087
124742,5.6172,0.003287,304.19, 419.5089
124743,5.6206,0.003501,285.61, 419.5092
124744,5.6243,0.003504,285.42, 419.5086
124745,5.6277,0.003480,287.37, 419.5087
124746,5.6309,0.003306,302.53, 419.5086
124747,5.6343,0.003283,304.60, 419.5092
124748,5.6377,0.003365,297.17, 419.5087
124749,5.6409,0.003250,307.66, 419.5086
124750,5.6443,0.003383,295.63, 419.5086
124751,5.6475,0.003340,299.45, 419.5086
124752,5.6509,0.003425,291.97, 419.5090
124753,5.6543,0.003296,303.42, 419.5086
124754,5.6577,0.003466,288.50, 419.5089
124755,5.6611,0.003297,303.33, 419.5375
124756,5.6643,0.003352,298.37, 419.5087
124757,5.6677,0.003310,302.12, 419.5090
124758,5.6709,0.003241,308.57, 419.5086
124759,5.6750,0.004089,244.55, 419.5088
124760,5.6792,0.004058,246.40, 419.5086
124761,5.6826,0.003449,289.93, 419.5093
124762,5.6858,0.003282,304.67, 419.5086
124763,5.6892,0.003337,299.67, 419.5089
124764,5.6926,0.003341,299.33, 419.5110
124765,5.6958,0.003284,304.48, 419.5086
124766,5.6992,0.003336,299.77, 419.5086
124767,5.7026,0.003422,292.24, 419.5089
124768,5.7061,0.003561,280.83, 419.5087
124769,5.7095,0.003352,298.34, 419.5086
124770,5.7129,0.003358,297.80, 419.5087
124771,5.7161,0.003274,305.44, 419.5090
124772,5.7195,0.003288,304.15, 419.5086
124773,5.7227,0.003316,301.60, 419.5087
124774,5.7261,0.003261,306.68, 419.5086
124775,5.7292,0.003330,300.26, 419.5086
124776,5.7327,0.003425,291.98, 419.5086
124777,5.7361,0.003376,296.24, 419.5087
124778,5.7395,0.003343,299.15, 419.5086
124779,5.7429,0.003361,297.52, 419.5087
124780,5.7461,0.003301,302.98, 419.5086
124781,5.7495,0.003313,301.81, 419.5086
124782,5.7527,0.003310,302.11, 419.5087
124783,5.7561,0.003308,302.27, 419.5086
124784,5.7595,0.003429,291.67, 419.5087
124785,5.7627,0.003285,304.38, 419.5086
124786,5.7661,0.003365,297.19, 419.5087
124787,5.7695,0.003317,301.51, 419.5089
124788,5.7729,0.003599,277.89, 419.5087
124789,5.7764,0.003292,303.73, 419.5087
124790,5.7795,0.003302,302.82, 419.5086
124791,5.7832,0.003479,287.46, 419.5086
124792,5.7864,0.003394,294.60, 419.5086
124793,5.7900,0.003434,291.22, 419.5087
124794,5.7932,0.003275,305.34, 419.5086
124795,5.7966,0.003396,294.48, 419.5087
124796,5.7998,0.003286,304.31, 419.5092
124797,5.8032,0.003381,295.80, 419.5086
124798,5.8066,0.003354,298.16, 419.5086
124799,5.8101,0.003383,295.60, 419.5092
124800,5.8135,0.003449,289.97, 419.5087
124801,5.8167,0.003275,305.38, 419.5089
124802,5.8201,0.003297,303.32, 419.5087
124803,5.8232,0.003282,304.72, 419.5089
124804,5.8267,0.003340,299.37, 419.5087
124805,5.8298,0.003297,303.32, 419.5089
124806,5.8335,0.003592,278.40, 419.5086
124807,5.8369,0.003319,301.32, 419.5270
124808,5.8403,0.003412,293.07, 419.5087
124809,5.8435,0.003330,300.26, 419.5086
124810,5.8469,0.003313,301.80, 419.5086
124811,5.8503,0.003349,298.63, 419.5092
124812,5.8535,0.003306,302.48, 419.5087
124813,5.8569,0.003327,300.62, 419.5087
124814,5.8601,0.003197,312.76, 419.5086
124815,5.8635,0.003555,281.31, 419.5086
124816,5.8672,0.003477,287.61, 419.5086
124817,5.8704,0.003352,298.31, 419.5087
124818,5.8738,0.003335,299.84, 419.5086
124819,5.8772,0.003308,302.33, 419.5086
124820,5.8804,0.003322,301.00, 419.5087
124821,5.8838,0.003313,301.82, 419.5090
124822,5.8870,0.003301,302.91, 419.5092
124823,5.8904,0.003336,299.78, 419.5092
124824,5.8938,0.003386,295.38, 419.5086
124825,5.8972,0.003445,290.25, 419.5086
124826,5.9006,0.003457,289.31, 419.5090
124827,5.9041,0.003345,298.98, 419.5092
124828,5.9075,0.003341,299.29, 419.5093
124829,5.9106,0.003317,301.47, 419.5086
124830,5.9141,0.003348,298.71, 419.5086
124831,5.9175,0.003428,291.68, 419.5092
124832,5.9209,0.003366,297.12, 419.5086
124833,5.9243,0.003381,295.77, 419.5087
124834,5.9275,0.003328,300.44, 419.5086
124835,5.9309,0.003356,297.96, 419.5090
124836,5.9341,0.003298,303.18, 419.5234
124837,5.9375,0.003282,304.68, 419.5110
124838,5.9409,0.003338,299.63, 419.5086
124839,5.9441,0.003377,296.15, 419.5089
124840,5.9475,0.003376,296.23, 419.5087
124841,5.9509,0.003256,307.13, 419.5089
124842,5.9541,0.003383,295.56, 419.5087
124843,5.9575,0.003338,299.55, 419.5086
124844,5.9609,0.003416,292.77, 419.5093
124845,5.9644,0.003378,296.06, 419.5086
124846,5.9678,0.003348,298.70, 419.5086
124847,5.9712,0.003432,291.35, 419.5086
124848,5.9746,0.003407,293.54, 419.5090
124849,5.9778,0.003307,302.36, 419.5086
124850,5.9810,0.003249,307.82, 419.5086
124851,5.9844,0.003338,299.60, 419.5093
124852,5.9878,0.003279,305.02, 419.5086
124853,5.9912,0.003442,290.52, 419.5093
124854,5.9944,0.003275,305.39, 419.5086
124855,5.9978,0.003362,297.48, 419.5092
124856,6.0015,0.003690,271.00, 419.5092
124857,6.0049,0.003360,297.60, 419.5087
124858,6.0081,0.003337,299.68, 419.5087
124859,6.0115,0.003277,305.17, 419.5089
124860,6.0146,0.003320,301.25, 419.5087
124861,6.0181,0.003377,296.16, 419.5086
124862,6.0217,0.003500,285.73, 419.5086
124863,6.0251,0.003453,289.60, 419.5086
124864,6.0286,0.003435,291.13, 419.5087
124865,6.0317,0.003343,299.11, 419.5092
124866,6.0352,0.003300,303.03, 419.5089
124867,6.0383,0.003246,308.07, 419.5090
124868,6.0417,0.003256,307.14, 419.5087
124869,6.0449,0.003347,298.75, 419.5087
124870,6.0483,0.003353,298.20, 419.5086
124871,6.0518,0.003393,294.73, 419.5092
124872,6.0552,0.003327,300.61, 419.5086
124873,6.0584,0.003378,296.05, 419.5086
124874,6.0618,0.003376,296.21, 419.5086
124875,6.0657,0.003791,263.77, 419.5092
124876,6.0691,0.003488,286.71, 419.5087
124877,6.0725,0.003387,295.24, 419.5086
124878,6.0759,0.003392,294.83, 419.5086
124879,6.0793,0.003399,294.20, 419.5089
124880,6.0828,0.003507,285.12, 419.5093
124881,6.0862,0.003332,300.13, 419.5086
124882,6.0894,0.003300,303.01, 419.5089
124883,6.0928,0.003366,297.12, 419.5111
124884,6.0962,0.003282,304.73, 419.5087
124885,6.0994,0.003306,302.48, 419.5086
124886,6.1025,0.003276,305.25, 419.5089
124887,6.1060,0.003358,297.77, 419.5086
124888,6.1094,0.003342,299.25, 419.5086
124889,6.1128,0.003453,289.60, 419.5093
124890,6.1162,0.003316,301.55, 419.5086
124891,6.1194,0.003311,302.02, 419.5087
124892,6.1228,0.003325,300.72, 419.5092
124893,6.1262,0.003465,288.63, 419.5087
124894,6.1296,0.003330,300.33, 419.5087
124895,6.1328,0.003281,304.79, 419.5089
124896,6.1362,0.003335,299.81, 419.5087
124897,6.1394,0.003326,300.68, 419.5092
124898,6.1428,0.003418,292.55, 419.5086
124899,6.1462,0.003303,302.74, 419.5086
124900,6.1497,0.003376,296.21, 419.5087
124901,6.1531,0.003385,295.40, 419.5086
124902,6.1565,0.003523,283.84, 419.5086
124903,6.1599,0.003425,291.99, 419.5086
124904,6.1633,0.003417,292.67, 419.5086
124905,6.1667,0.003364,297.24, 419.5090
124906,6.1699,0.003237,308.90, 419.5086
124907,6.1733,0.003366,297.06, 419.5093
124908,6.1765,0.003259,306.82, 419.5086
124909,6.1799,0.003355,298.05, 419.5087
124910,6.1834,0.003379,295.99, 419.5086
124911,6.1868,0.003411,293.19, 419.5086
124912,6.1899,0.003309,302.19, 419.5087
124913,6.1936,0.003568,280.27, 419.5092
124914,6.1970,0.003373,296.47, 419.5087
124915,6.2002,0.003245,308.17, 419.5092
124916,6.2036,0.003427,291.81, 419.5092
124917,6.2070,0.003384,295.48, 419.5086
124918,6.2107,0.003576,279.63, 419.5086
124919,6.2141,0.003482,287.17, 419.5092
124920,6.2175,0.003347,298.81, 419.5087
124921,6.2207,0.003328,300.53, 419.5086
124922,6.2241,0.003390,294.98, 419.5086
124923,6.2275,0.003347,298.77, 419.5089
124924,6.2307,0.003295,303.46, 419.5086
124925,6.2341,0.003408,293.40, 419.5093
124926,6.2375,0.003288,304.17, 419.5092
124927,6.2407,0.003342,299.26, 419.5092
124928,6.2441,0.003437,290.94, 419.5086
124929,6.2476,0.003389,295.06, 419.5086
124930,6.2510,0.003338,299.61, 419.5087
124931,6.2544,0.003329,300.41, 419.5089
124932,6.2578,0.003383,295.56, 419.5086
124933,6.2610,0.003279,304.93, 419.5086
124934,6.2644,0.003373,296.52, 419.5086
124935,6.2681,0.003806,262.78, 419.5086
124936,6.2720,0.003738,267.52, 419.5087
124937,6.2759,0.003881,257.69, 419.5086
124938,6.2793,0.003524,283.78, 419.5087
124939,6.2830,0.003764,265.66, 419.5087
124940,6.2869,0.003694,270.68, 419.5086
124941,6.2903,0.003560,280.88, 419.5087
124942,6.2942,0.003844,260.15, 419.5092
124943,6.2979,0.003725,268.49, 419.5086
124944,6.3015,0.003685,271.41, 419.5088
124945,6.3054,0.003760,265.98, 419.5086
124946,6.3088,0.003576,279.67, 419.5087
124947,6.3130,0.003972,251.75, 419.5087
124948,6.3167,0.003813,262.25, 419.5087
124949,6.3203,0.003687,271.19, 419.5087
124950,6.3242,0.003795,263.53, 419.5086
124951,6.3279,0.003625,275.89, 419.5086
124952,6.3313,0.003484,287.06, 419.5087
124953,6.3347,0.003356,297.99, 419.5086
124954,6.3379,0.003334,299.97, 419.5087
124955,6.3413,0.003325,300.76, 419.5086
124956,6.3447,0.003353,298.27, 419.5086
124957,6.3481,0.003373,296.44, 419.5087
124958,6.3513,0.003240,308.62, 419.5087
124959,6.3545,0.003321,301.11, 419.5086
124960,6.3579,0.003276,305.30, 419.5089
124961,6.3613,0.003389,295.07, 419.5086
124962,6.3645,0.003333,300.04, 419.5086
124963,6.3679,0.003327,300.53, 419.5093
124964,6.3711,0.003267,306.07, 419.5087
124965,6.3748,0.003469,288.28, 419.5087
124966,6.3779,0.003346,298.86, 419.5086
124967,6.3813,0.003264,306.42, 419.5087
124968,6.3845,0.003271,305.73, 419.5086
124969,6.3877,0.003282,304.73, 419.5089
124970,6.3914,0.003441,290.66, 419.5087
124971,6.3945,0.003348,298.71, 419.5092
124972,6.3979,0.003329,300.36, 419.5087
124973,6.4011,0.003298,303.25, 419.5086
124974,6.4048,0.003497,285.98, 419.5089
124975,6.4082,0.003458,289.15, 419.5086
124976,6.4116,0.003355,298.05, 419.5087
124977,6.4150,0.003451,289.77, 419.5086
124978,6.4182,0.003293,303.70, 419.5086
124979,6.4216,0.003350,298.53, 419.5090
124980,6.4248,0.003270,305.85, 419.5087
124981,6.4282,0.003322,301.01, 419.5087
124982,6.4314,0.003202,312.33, 419.5092
124983,6.4351,0.003521,283.99, 419.5089
124984,6.4385,0.003416,292.72, 419.5092
124985,6.4417,0.003326,300.66, 419.5087
124986,6.4451,0.003293,303.72, 419.5086
124987,6.4485,0.003444,290.37, 419.5093
124988,6.4519,0.003372,296.55, 419.5086
124989,6.4551,0.003237,308.94, 419.5087
124990,6.4583,0.003281,304.83, 419.5086
124991,6.4617,0.003267,306.09, 419.5092
124992,6.4651,0.003570,280.09, 419.5234
124993,6.4685,0.003266,306.21, 419.5086
124994,6.4717,0.003311,302.01, 419.5087
124995,6.4749,0.003197,312.79, 419.5324
124996,6.4785,0.003717,269.01, 419.5087
124997,6.4819,0.003312,301.94, 419.5087
124998,6.4851,0.003273,305.58, 419.5086
124999,6.4885,0.003311,302.03, 419.5086
125000,6.4919,0.003307,302.35, 419.5086
125001,6.4954,0.003442,290.57, 419.5087
125002,6.4985,0.003326,300.66, 419.5086
125003,6.5020,0.003425,291.97, 419.5087
125004,6.5054,0.003303,302.76, 419.5712
125005,6.5085,0.003321,301.12, 419.5087
125006,6.5120,0.003315,301.66, 419.5087
125007,6.5154,0.003409,293.37, 419.5087
125008,6.5188,0.003426,291.91, 419.5086
125009,6.5222,0.003310,302.11, 419.5087
125010,6.5254,0.003392,294.78, 419.5088
125011,6.5288,0.003330,300.27, 419.5089
125012,6.5322,0.003431,291.44, 419.5093
125013,6.5356,0.003317,301.51, 419.5086
125014,6.5388,0.003329,300.35, 419.5086
125015,6.5425,0.003557,281.11, 419.5086
125016,6.5459,0.003408,293.40, 419.5087
125017,6.5493,0.003404,293.74, 419.5086
125018,6.5527,0.003413,292.96, 419.5086
125019,6.5562,0.003434,291.22, 419.5087
125020,6.5596,0.003370,296.76, 419.5086
125021,6.5635,0.003861,258.98, 419.5111
125022,6.5669,0.003514,284.55, 419.5234
125023,6.5708,0.003801,263.10, 419.5092
125024,6.5742,0.003652,273.85, 419.5087
125025,6.5781,0.003788,263.99, 419.5087
125026,6.5818,0.003699,270.37, 419.5087
125027,6.5854,0.003580,279.30, 419.5093
125028,6.5886,0.003326,300.68, 419.5087
125029,6.5920,0.003381,295.74, 419.5087
125030,6.5955,0.003265,306.26, 419.5092
125031,6.5989,0.003412,293.09, 419.5092
125032,6.6021,0.003361,297.57, 419.5086
125033,6.6055,0.003416,292.77, 419.5093
125034,6.6089,0.003347,298.74, 419.5087
125035,6.6123,0.003341,299.36, 419.5087
125036,6.6155,0.003334,299.95, 419.5087
125037,6.6189,0.003357,297.86, 419.5092
125038,6.6223,0.003341,299.36, 419.5086
125039,6.6257,0.003431,291.46, 419.5089
125040,6.6292,0.003394,294.63, 419.5087
125041,6.6326,0.003363,297.34, 419.5086
125042,6.6360,0.003519,284.18, 419.5087
125043,6.6396,0.003586,278.84, 419.5093
125044,6.6428,0.003275,305.31, 419.5087
125045,6.6460,0.003267,306.08, 419.5087
125046,6.6494,0.003243,308.32, 419.5093
125047,6.6528,0.003559,280.98, 419.5093
125048,6.6563,0.003278,305.08, 419.5086
125049,6.6594,0.003341,299.32, 419.5087
125050,6.6628,0.003320,301.20, 419.5086
125051,6.6663,0.003479,287.46, 419.5093
125052,6.6697,0.003242,308.45, 419.5092
125053,6.6729,0.003267,306.12, 419.5087
125054,6.6760,0.003297,303.28, 419.5087
125055,6.6794,0.003312,301.92, 419.5093
125056,6.6829,0.003518,284.27, 419.5093
125057,6.6863,0.003281,304.79, 419.5087
125058,6.6897,0.003435,291.15, 419.5087
125059,6.6929,0.003280,304.90, 419.5092
125060,6.6963,0.003304,302.66, 419.5375
125061,6.6997,0.003373,296.45, 419.5086
125062,6.7029,0.003355,298.06, 419.5086
125063,6.7065,0.003475,287.81, 419.5089
125064,6.7100,0.003403,293.82, 419.5087
125065,6.7131,0.003365,297.19, 419.5087
125066,6.7166,0.003310,302.14, 419.5086
125067,6.7200,0.003306,302.45, 419.5090
125068,6.7231,0.003272,305.67, 419.5086
125069,6.7266,0.003446,290.19, 419.5087
125070,6.7300,0.003308,302.32, 419.5086
125071,6.7332,0.003375,296.34, 419.5086
125072,6.7366,0.003378,296.04, 419.5086
125073,6.7400,0.003366,297.12, 419.5087
125074,6.7434,0.003304,302.69, 419.5086
125075,6.7466,0.003285,304.43, 419.5086
125076,6.7500,0.003317,301.46, 419.5087
125077,6.7532,0.003240,308.67, 419.5110
125078,6.7566,0.003462,288.86, 419.5086
125079,6.7600,0.003371,296.63, 419.5086
125080,6.7634,0.003475,287.81, 419.5087
125081,6.7668,0.003344,299.02, 419.5086
125082,6.7703,0.003461,288.94, 419.5087
125083,6.7734,0.003294,303.63, 419.5090
125084,6.7769,0.003251,307.56, 419.5086
125085,6.7803,0.003378,296.01, 419.5086
125086,6.7834,0.003343,299.13, 419.5086
125087,6.7869,0.003429,291.62, 419.5089
125088,6.7903,0.003308,302.32, 419.5086
125089,6.7937,0.003544,282.15, 419.5087
125090,6.7971,0.003366,297.07, 419.5086
125091,6.8005,0.003340,299.41, 419.5093
125092,6.8037,0.003306,302.52, 419.5086
125093,6.8071,0.003309,302.20, 419.5087
125094,6.8108,0.003640,274.73, 419.5087
125095,6.8142,0.003348,298.71, 419.5092
125096,6.8174,0.003361,297.50, 419.5087
125097,6.8208,0.003269,305.91, 419.5086
125098,6.8242,0.003403,293.88, 419.5087
125099,6.8276,0.003594,278.26, 419.5092
125100,6.8311,0.003323,300.90, 419.5086
125101,6.8345,0.003370,296.71, 419.5087
125102,6.8376,0.003302,302.86, 419.5086
125103,6.8411,0.003362,297.49, 419.5086
125104,6.8445,0.003354,298.15, 419.5086
125105,6.8479,0.003564,280.57, 419.5093
125106,6.8513,0.003295,303.48, 419.5086
125107,6.8547,0.003351,298.44, 419.5090
125108,6.8582,0.003375,296.28, 419.5086
125109,6.8613,0.003333,299.99, 419.5090
125110,6.8647,0.003319,301.27, 419.5087
125111,6.8679,0.003277,305.18, 419.5089
125112,6.8713,0.003412,293.08, 419.5086
125113,6.8748,0.003341,299.31, 419.5086
125114,6.8782,0.003343,299.17, 419.5086
125115,6.8813,0.003285,304.39, 419.5089
125116,6.8848,0.003343,299.15, 419.5093
125117,6.8882,0.003444,290.33, 419.5086
125118,6.8916,0.003446,290.23, 419.5086
125119,6.8950,0.003455,289.42, 419.5089
125120,6.8984,0.003430,291.52, 419.5092
125121,6.9019,0.003451,289.75, 419.5087
125122,6.9053,0.003429,291.65, 419.5086
125123,6.9089,0.003496,286.06, 419.5090
125124,6.9121,0.003332,300.14, 419.5086
125125,6.9158,0.003519,284.16, 419.5087
125126,6.9189,0.003350,298.54, 419.5086
125127,6.9224,0.003410,293.23, 419.5092
125128,6.9258,0.003377,296.14, 419.5087
125129,6.9292,0.003307,302.35, 419.5086
125130,6.9326,0.003455,289.45, 419.5093
125131,6.9358,0.003262,306.56, 419.5089
125132,6.9392,0.003376,296.22, 419.5087
125133,6.9426,0.003319,301.29, 419.5086
125134,6.9463,0.003796,263.41, 419.5092
125135,6.9497,0.003386,295.33, 419.5086
125136,6.9531,0.003377,296.09, 419.5086
125137,6.9565,0.003333,300.05, 419.5087
125138,6.9597,0.003326,300.63, 419.5089
125139,6.9631,0.003377,296.09, 419.5087
125140,6.9663,0.003273,305.53, 419.5089
125141,6.9700,0.003433,291.26, 419.5093
125142,6.9731,0.003385,295.46, 419.5086
125143,6.9768,0.003469,288.24, 419.5086
125144,6.9802,0.003479,287.43, 419.5087
125145,6.9834,0.003311,302.01, 419.5089
125146,6.9868,0.003345,298.98, 419.5093
125147,6.9900,0.003259,306.89, 419.5092
125148,6.9934,0.003397,294.35, 419.5087
125149,6.9968,0.003292,303.74, 419.5089
125150,7.0002,0.003366,297.10, 419.5092
125151,7.0037,0.003417,292.69, 419.5086
125152,7.0071,0.003411,293.18, 419.5092
125153,7.0105,0.003599,277.83, 419.5092
125154,7.0139,0.003310,302.08, 419.5087
125155,7.0173,0.003381,295.81, 419.5093
125156,7.0205,0.003220,310.52, 419.5087
125157,7.0239,0.003316,301.61, 419.5090
125158,7.0271,0.003257,307.07, 419.5086
125159,7.0305,0.003341,299.34, 419.5086
125160,7.0337,0.003377,296.16, 419.5086
125161,7.0371,0.003436,291.08, 419.5089
125162,7.0408,0.003457,289.23, 419.5087
125163,7.0439,0.003317,301.49, 419.5090
125164,7.0471,0.003243,308.35, 419.5235
125165,7.0505,0.003246,308.08, 419.5087
125166,7.0540,0.003403,293.85, 419.5086
125167,7.0571,0.003294,303.55, 419.5089
125168,7.0605,0.003363,297.35, 419.5087
125169,7.0640,0.003382,295.67, 419.5086
125170,7.0674,0.003490,286.56, 419.5090
125171,7.0708,0.003317,301.48, 419.5086
125172,7.0740,0.003320,301.19, 419.5087
125173,7.0774,0.003355,298.06, 419.5087
125174,7.0811,0.003705,269.88, 419.5087
125175,7.0847,0.003512,284.75, 419.5086
125176,7.0879,0.003300,303.01, 419.5086
125177,7.0913,0.003387,295.23, 419.5087
125178,7.0947,0.003311,302.04, 419.5375
125179,7.0981,0.003418,292.61, 419.5090
125180,7.1013,0.003336,299.80, 419.5086
125181,7.1047,0.003311,301.99, 419.5087
125182,7.1079,0.003293,303.66, 419.5087
125183,7.1113,0.003313,301.82, 419.5089
125184,7.1147,0.003432,291.35, 419.5086
125185,7.1179,0.003209,311.59, 419.5110
125186,7.1213,0.003301,302.90, 419.5235
125187,7.1250,0.003711,269.46, 419.5086
125188,7.1284,0.003450,289.89, 419.5093
125189,7.1318,0.003392,294.81, 419.5086
125190,7.1350,0.003308,302.30, 419.5089
125191,7.1384,0.003414,292.93, 419.5089
125192,7.1421,0.003470,288.17, 419.5086
125193,7.1455,0.003465,288.59, 419.5384
125194,7.1492,0.003678,271.88, 419.5384
125195,7.1526,0.003578,279.48, 419.5090
125196,7.1560,0.003374,296.38, 419.5161
125197,7.1594,0.003352,298.35, 419.5086
125198,7.1628,0.003339,299.46, 419.5087
125199,7.1660,0.003300,303.07, 419.5089
125200,7.1694,0.003311,302.00, 419.5087
125201,7.1726,0.003316,301.60, 419.5089
125202,7.1760,0.003395,294.58, 419.5087
125203,7.1794,0.003321,301.10, 419.5086
125204,7.1831,0.003645,274.36, 419.5093
125205,7.1863,0.003325,300.80, 419.5086
125206,7.1899,0.003483,287.13, 419.5092
125207,7.1934,0.003432,291.34, 419.5089
125208,7.1965,0.003358,297.80, 419.5086
125209,7.2000,0.003348,298.67, 419.5087
125210,7.2034,0.003377,296.13, 419.5089
125211,7.2068,0.003420,292.39, 419.5087
125212,7.2102,0.003307,302.35, 419.5092
125213,7.2136,0.003447,290.08, 419.5087
125214,7.2170,0.003384,295.51, 419.5086
125215,7.2202,0.003388,295.18, 419.5086
125216,7.2239,0.003441,290.60, 419.5087
125217,7.2271,0.003257,307.04, 419.5089
125218,7.2305,0.003357,297.93, 419.5087
125219,7.2336,0.003355,298.03, 419.5089
125220,7.2371,0.003386,295.34, 419.5087
125221,7.2405,0.003316,301.60, 419.5086
125222,7.2439,0.003418,292.59, 419.5086
125223,7.2473,0.003446,290.22, 419.5089
125224,7.2507,0.003368,296.91, 419.5087
125225,7.2539,0.003283,304.58, 419.5234
125226,7.2571,0.003246,308.06, 419.5110
125227,7.2607,0.003607,277.21, 419.5087
125228,7.2644,0.003631,275.41, 419.5093
125229,7.2678,0.003438,290.85, 419.5087
125230,7.2712,0.003287,304.22, 419.5086
125231,7.2744,0.003317,301.51, 419.5092
125232,7.2778,0.003320,301.25, 419.5087
125233,7.2810,0.003315,301.67, 419.5086
125234,7.2844,0.003398,294.30, 419.5087
125235,7.2878,0.003291,303.85, 419.5092
125236,7.2910,0.003296,303.44, 419.5087
125237,7.2944,0.003269,305.90, 419.5092
125238,7.2979,0.003562,280.71, 419.5086
125239,7.3013,0.003432,291.39, 419.5092
125240,7.3047,0.003365,297.21, 419.5087
125241,7.3081,0.003374,296.40, 419.5086
125242,7.3115,0.003330,300.31, 419.5092
125243,7.3147,0.003353,298.20, 419.5093
125244,7.3181,0.003282,304.67, 419.5087
125245,7.3213,0.003276,305.30, 419.5235
125246,7.3247,0.003268,306.04, 419.5086
125247,7.3284,0.003782,264.38, 419.5086
125248,7.3325,0.004255,235.03, 419.5086
125249,7.3364,0.003829,261.14, 419.5087
125250,7.3398,0.003452,289.69, 419.5087
125251,7.3433,0.003312,301.96, 419.5086
125252,7.3467,0.003405,293.67, 419.5087
125253,7.3501,0.003346,298.88, 419.5086
125254,7.3538,0.003669,272.53, 419.5092
125255,7.3569,0.003344,299.04, 419.5086
125256,7.3604,0.003321,301.11, 419.5086
125257,7.3638,0.003397,294.34, 419.5087
125258,7.3669,0.003288,304.13, 419.5086
125259,7.3704,0.003354,298.20, 419.5089
125260,7.3735,0.003278,305.10, 419.5086
125261,7.3770,0.003397,294.35, 419.5087
125262,7.3804,0.003311,302.01, 419.5086
125263,7.3838,0.003470,288.20, 419.5089
125264,7.3872,0.003373,296.45, 419.5086
125265,7.3906,0.003326,300.64, 419.5086
125266,7.3940,0.003448,290.07, 419.5086
125267,7.3972,0.003323,300.95, 419.5092
125268,7.4006,0.003313,301.88, 419.5087
125269,7.4038,0.003235,309.15, 419.5086
125270,7.4072,0.003515,284.49, 419.5086
125271,7.4106,0.003416,292.71, 419.5086
125272,7.4141,0.003386,295.33, 419.5090
125273,7.4175,0.003291,303.84, 419.5087
125274,7.4207,0.003285,304.44, 419.5093
125275,7.4241,0.003338,299.59, 419.5089
125276,7.4272,0.003242,308.46, 419.5090
125277,7.4307,0.003298,303.24, 419.5087
125278,7.4338,0.003253,307.43, 419.5086
125279,7.4373,0.003331,300.25, 419.5086
125280,7.4407,0.003396,294.47, 419.5092
125281,7.4441,0.003455,289.48, 419.5087
125282,7.4473,0.003336,299.72, 419.5092
125283,7.4507,0.003335,299.85, 419.5087
125284,7.4541,0.003454,289.51, 419.5087
125285,7.4575,0.003413,293.03, 419.5087
125286,7.4609,0.003461,288.94, 419.5087
125287,7.4644,0.003418,292.53, 419.5089
125288,7.4680,0.003645,274.33, 419.5087
125289,7.4717,0.003549,281.77, 419.5086
125290,7.4753,0.003585,278.98, 419.5087
125291,7.4788,0.003466,288.51, 419.5087
125292,7.4822,0.003435,291.12, 419.5086
125293,7.4856,0.003534,282.97, 419.5087
125294,7.4890,0.003431,291.46, 419.5086
125295,7.4927,0.003496,286.06, 419.5384
125296,7.4961,0.003588,278.73, 419.5086
125297,7.4998,0.003677,271.98, 419.5087
125298,7.5034,0.003598,277.90, 419.5087
125299,7.5068,0.003455,289.48, 419.5086
125300,7.5105,0.003649,274.07, 419.5087
125301,7.5142,0.003487,286.75, 419.5086
125302,7.5176,0.003498,285.91, 419.5086
125303,7.5210,0.003545,282.06, 419.5235
125304,7.5247,0.003486,286.85, 419.5086
125305,7.5281,0.003574,279.83, 419.5087
125306,7.5317,0.003553,281.49, 419.5110
125307,7.5352,0.003537,282.75, 419.5087
125308,7.5386,0.003428,291.71, 419.5087
125309,7.5420,0.003435,291.15, 419.5087
125310,7.5457,0.003468,288.33, 419.5093
125311,7.5491,0.003521,284.00, 419.5086
125312,7.5527,0.003545,282.06, 419.5087
125313,7.5559,0.003288,304.15, 419.5086
125314,7.5593,0.003397,294.37, 419.5087
125315,7.5630,0.003586,278.86, 419.5210
125316,7.5664,0.003590,278.54, 419.5086
125317,7.5701,0.003496,286.03, 419.5086
125318,7.5735,0.003496,286.06, 419.5087
125319,7.5771,0.003757,266.16, 419.5092
125320,7.5811,0.003866,258.67, 419.5334
125321,7.5847,0.003676,272.05, 419.5087
125322,7.5884,0.003503,285.47, 419.5086
125323,7.5916,0.003335,299.82, 419.5092
125324,7.5952,0.003467,288.43, 419.5086
125325,7.5984,0.003296,303.40, 419.5086
125326,7.6018,0.003354,298.12, 419.5086
125327,7.6052,0.003455,289.40, 419.5086
125328,7.6086,0.003487,286.75, 419.5087
125329,7.6121,0.003377,296.09, 419.5087
125330,7.6155,0.003308,302.27, 419.5092
125331,7.6187,0.003263,306.48, 419.5092
125332,7.6218,0.003244,308.28, 419.5111
125333,7.6252,0.003345,298.96, 419.5090
125334,7.6284,0.003243,308.33, 419.5086
125335,7.6318,0.003351,298.41, 419.5086
125336,7.6353,0.003386,295.35, 419.5086
125337,7.6387,0.003496,286.02, 419.5090
125338,7.6421,0.003321,301.11, 419.5087
125339,7.6453,0.003308,302.30, 419.5093
125340,7.6487,0.003263,306.44, 419.5086
125341,7.6519,0.003287,304.23, 419.5087
125342,7.6553,0.003342,299.23, 419.5086
125343,7.6584,0.003296,303.43, 419.5092
125344,7.6619,0.003436,291.06, 419.5087
125345,7.6653,0.003250,307.73, 419.5089
125346,7.6685,0.003365,297.19, 419.5087
125347,7.6719,0.003415,292.83, 419.5086
125348,7.6753,0.003361,297.57, 419.5090
125349,7.6787,0.003398,294.26, 419.5086
125350,7.6821,0.003359,297.73, 419.5086
125351,7.6855,0.003448,290.00, 419.5089
125352,7.6890,0.003488,286.71, 419.5086
125353,7.6924,0.003437,290.92, 419.5087
125354,7.6958,0.003258,306.91, 419.5089
125355,7.6992,0.003408,293.39, 419.5086
125356,7.7024,0.003373,296.52, 419.5086
125357,7.7058,0.003378,296.05, 419.5087
125358,7.7092,0.003323,300.92, 419.5086
125359,7.7126,0.003450,289.82, 419.5092
125360,7.7161,0.003432,291.38, 419.5087
125361,7.7195,0.003364,297.27, 419.5086
125362,7.7229,0.003445,290.29, 419.5087
125363,7.7261,0.003287,304.22, 419.5089
125364,7.7297,0.003424,292.09, 419.5087
125365,7.7329,0.003348,298.69, 419.5086
125366,7.7363,0.003412,293.07, 419.5086
125367,7.7397,0.003472,287.99, 419.5089
125368,7.7432,0.003372,296.53, 419.5089
125369,7.7466,0.003401,294.01, 419.5086
125370,7.7500,0.003302,302.87, 419.5086
125371,7.7534,0.003397,294.39, 419.5090
125372,7.7566,0.003300,303.08, 419.5086
125373,7.7600,0.003360,297.60, 419.5086
125374,7.7634,0.003368,296.93, 419.5086
125375,7.7668,0.003424,292.06, 419.5092
125376,7.7703,0.003398,294.30, 419.5093
125377,7.7734,0.003347,298.76, 419.5086
125378,7.7769,0.003368,296.91, 419.5086
125379,7.7803,0.003270,305.86, 419.5110
125380,7.7834,0.003331,300.21, 419.5087
125381,7.7869,0.003262,306.53, 419.5086
125382,7.7903,0.003488,286.68, 419.5086
125383,7.7937,0.003418,292.59, 419.5089
125384,7.7971,0.003419,292.50, 419.5093
125385,7.8005,0.003484,286.99, 419.5087
125386,7.8040,0.003439,290.78, 419.5087
125387,7.8074,0.003481,287.32, 419.5086
125388,7.8108,0.003370,296.74, 419.5087
125389,7.8145,0.003661,273.19, 419.5093
125390,7.8179,0.003371,296.64, 419.5086
125391,7.8213,0.003307,302.38, 419.5086
125392,7.8245,0.003348,298.65, 419.5086
125393,7.8281,0.003472,288.05, 419.5090
125394,7.8313,0.003382,295.65, 419.5089
125395,7.8347,0.003291,303.83, 419.5089
125396,7.8379,0.003294,303.63, 419.5093
125397,7.8413,0.003240,308.63, 419.5086
125398,7.8445,0.003348,298.71, 419.5110
125399,7.8479,0.003432,291.42, 419.5086
125400,7.8516,0.003496,286.02, 419.5087
125401,7.8547,0.003326,300.71, 419.5087
125402,7.8582,0.003307,302.35, 419.5089
125403,7.8613,0.003312,301.91, 419.5089
125404,7.8647,0.003334,299.98, 419.5087
125405,7.8679,0.003249,307.83, 419.5090
125406,7.8713,0.003242,308.49, 419.5092
125407,7.8745,0.003316,301.55, 419.5089
125408,7.8779,0.003474,287.82, 419.5086
125409,7.8816,0.003478,287.55, 419.5087
125410,7.8848,0.003363,297.36, 419.5086
125411,7.8882,0.003389,295.12, 419.5089
125412,7.8916,0.003434,291.17, 419.5087
125413,7.8950,0.003412,293.11, 419.5087
125414,7.8984,0.003395,294.55, 419.5086
125415,7.9019,0.003313,301.85, 419.5086
125416,7.9053,0.003433,291.31, 419.5093
125417,7.9087,0.003310,302.16, 419.5086
125418,7.9119,0.003365,297.22, 419.5087
125419,7.9153,0.003323,300.95, 419.5086
125420,7.9187,0.003324,300.88, 419.5087
125421,7.9219,0.003263,306.49, 419.5086
125422,7.9253,0.003499,285.80, 419.5086
125423,7.9290,0.003501,285.60, 419.5092
125424,7.9324,0.003415,292.80, 419.5092
125425,7.9358,0.003605,277.38, 419.5087
125426,7.9392,0.003334,299.99, 419.5086
125427,7.9429,0.003571,280.00, 419.5090
125428,7.9465,0.003661,273.18, 419.5089
125429,7.9497,0.003339,299.48, 419.5087
125430,7.9531,0.003360,297.58, 419.5087
125431,7.9565,0.003354,298.15, 419.5086
125432,7.9600,0.003572,279.96, 419.5087
125433,7.9634,0.003405,293.65, 419.5086
125434,7.9670,0.003513,284.70, 419.5087
125435,7.9702,0.003324,300.83, 419.5086
125436,7.9744,0.004046,247.14, 419.5087
125437,7.9788,0.004313,231.88, 419.5087
125438,7.9819,0.003353,298.28, 419.5086
125439,7.9854,0.003348,298.73, 419.5092
125440,7.9890,0.003669,272.54, 419.5088
125441,7.9932,0.004197,238.27, 419.5086
125442,7.9968,0.003484,287.00, 419.5090
125443,8.0000,0.003345,298.94, 419.5089
125444,8.0037,0.003506,285.25, 419.5087
125445,8.0068,0.003300,303.01, 419.5087
125446,8.0100,0.003259,306.83, 419.5086
125447,8.0134,0.003401,294.04, 419.5086
125448,8.0168,0.003387,295.25, 419.5092
125449,8.0203,0.003359,297.68, 419.5087
125450,8.0234,0.003278,305.04, 419.5086
125451,8.0269,0.003347,298.74, 419.5111
125452,8.0303,0.003356,298.02, 419.5086
125453,8.0337,0.003511,284.84, 419.5087
125454,8.0371,0.003361,297.54, 419.5165
125455,8.0405,0.003324,300.84, 419.5092
125456,8.0439,0.003496,286.07, 419.5086
125457,8.0474,0.003376,296.17, 419.5086
125458,8.0508,0.003368,296.95, 419.5087
125459,8.0540,0.003313,301.86, 419.5089
125460,8.0574,0.003392,294.79, 419.5087
125461,8.0608,0.003365,297.22, 419.5086
125462,8.0642,0.003451,289.76, 419.5086
125463,8.0676,0.003507,285.14, 419.5092
125464,8.0710,0.003372,296.57, 419.5087
125465,8.0745,0.003339,299.48, 419.5087
125466,8.0776,0.003218,310.78, 419.5092
125467,8.0811,0.003323,300.90, 419.5087
125468,8.0845,0.003414,292.95, 419.5090
125469,8.0879,0.003465,288.62, 419.5087
125470,8.0911,0.003255,307.23, 419.5086
125471,8.0945,0.003396,294.45, 419.5086
125472,8.0984,0.003879,257.77, 419.5086
125473,8.1021,0.003655,273.58, 419.5087
125474,8.1055,0.003339,299.46, 419.5087
125475,8.1086,0.003217,310.84, 419.5089
125476,8.1118,0.003344,299.09, 419.5087
125477,8.1152,0.003308,302.26, 419.5086
125478,8.1187,0.003391,294.94, 419.5089
125479,8.1221,0.003434,291.19, 419.5086
125480,8.1255,0.003491,286.46, 419.5087
125481,8.1289,0.003420,292.41, 419.5087
125482,8.1323,0.003266,306.20, 419.5092
125483,8.1357,0.003393,294.75, 419.5093
125484,8.1389,0.003223,310.32, 419.5359
125485,8.1421,0.003360,297.63, 419.5087
125486,8.1455,0.003380,295.89, 419.5086
125487,8.1489,0.003435,291.14, 419.5092
125488,8.1526,0.003492,286.36, 419.5092
125489,8.1560,0.003414,292.95, 419.5087
125490,8.1592,0.003330,300.34, 419.5087
125491,8.1626,0.003338,299.62, 419.5092
125492,8.1660,0.003335,299.89, 419.5087
125493,8.1692,0.003241,308.55, 419.5086
125494,8.1726,0.003371,296.65, 419.5092
125495,8.1760,0.003425,291.98, 419.5086
125496,8.1794,0.003420,292.40, 419.5087
125497,8.1826,0.003332,300.12, 419.5110
125498,8.1860,0.003316,301.61, 419.5086
125499,8.1895,0.003315,301.67, 419.5086
125500,8.1926,0.003303,302.76, 419.5093
125501,8.1960,0.003354,298.17, 419.5087
125502,8.1992,0.003235,309.12, 419.5090
125503,8.2026,0.003320,301.20, 419.5086
125504,8.2058,0.003275,305.32, 419.5092
125505,8.2095,0.003582,279.18, 419.5087
125506,8.2129,0.003368,296.89, 419.5086
125507,8.2161,0.003373,296.45, 419.5090
125508,8.2195,0.003311,302.06, 419.5110
125509,8.2229,0.003395,294.56, 419.5087
125510,8.2263,0.003342,299.24, 419.5087
125511,8.2295,0.003277,305.19, 419.5086
125512,8.2329,0.003397,294.38, 419.5087
125513,8.2361,0.003241,308.55, 419.5110
125514,8.2395,0.003392,294.80, 419.5860
125515,8.2429,0.003480,287.35, 419.5092
125516,8.2463,0.003350,298.53, 419.5087
125517,8.2498,0.003312,301.94, 419.5086
125518,8.2532,0.003408,293.40, 419.5089
125519,8.2566,0.003538,282.64, 419.5092
125520,8.2600,0.003412,293.06, 419.5092
125521,8.2634,0.003463,288.79, 419.5087
125522,8.2668,0.003480,287.37, 419.5092
125523,8.2703,0.003425,291.94, 419.5087
125524,8.2737,0.003350,298.49, 419.5086
125525,8.2771,0.003330,300.33, 419.5087
125526,8.2803,0.003295,303.48, 419.5087
125527,8.2837,0.003333,300.02, 419.5090
125528,8.2871,0.003296,303.37, 419.5086
125529,8.2905,0.003572,279.96, 419.5093
125530,8.2939,0.003334,299.95, 419.5090
125531,8.2971,0.003272,305.62, 419.5092
125532,8.3005,0.003342,299.19, 419.5093
125533,8.3037,0.003258,306.98, 419.5244
125534,8.3071,0.003373,296.51, 419.5086
125535,8.3105,0.003345,298.95, 419.5086
125536,8.3140,0.003463,288.80, 419.5086
125537,8.3174,0.003388,295.18, 419.5093
125538,8.3206,0.003297,303.27, 419.5089
125539,8.3240,0.003337,299.67, 419.5087
125540,8.3271,0.003211,311.47, 419.5086
125541,8.3306,0.003365,297.16, 419.5087
125542,8.3340,0.003351,298.44, 419.5086
125543,8.3374,0.003525,283.66, 419.5087
125544,8.3408,0.003335,299.82, 419.5086
125545,8.3440,0.003324,300.88, 419.5089
125546,8.3474,0.003340,299.41, 419.5087
125547,8.3508,0.003310,302.15, 419.5093
125548,8.3540,0.003312,301.91, 419.5087
125549,8.3574,0.003282,304.74, 419.5086
125550,8.3606,0.003314,301.77, 419.5110
125551,8.3640,0.003432,291.41, 419.5092
125552,8.3677,0.003491,286.47, 419.5087
125553,8.3709,0.003297,303.32, 419.5092
125554,8.3743,0.003392,294.85, 419.5093
125555,8.3774,0.003278,305.11, 419.5087
125556,8.3809,0.003344,299.08, 419.5086
125557,8.3843,0.003342,299.26, 419.5093
125558,8.3875,0.003287,304.24, 419.5089
125559,8.3909,0.003378,296.02, 419.5089
125560,8.3943,0.003399,294.17, 419.5086
125561,8.3977,0.003519,284.17, 419.5087
125562,8.4011,0.003405,293.66, 419.5089
125563,8.4045,0.003377,296.10, 419.5087
125564,8.4080,0.003290,303.91, 419.5092
125565,8.4111,0.003262,306.54, 419.5087
125566,8.4146,0.003306,302.45, 419.5087
125567,8.4177,0.003299,303.17, 419.5092
125568,8.4211,0.003315,301.67, 419.5093
125569,8.4243,0.003271,305.75, 419.5086
125570,8.4277,0.003345,299.00, 419.5093
125571,8.4309,0.003261,306.69, 419.5092
125572,8.4343,0.003391,294.92, 419.5087
125573,8.4375,0.003306,302.45, 419.5089
125574,8.4409,0.003404,293.75, 419.5101
125575,8.4446,0.003439,290.82, 419.5086
125576,8.4478,0.003387,295.25, 419.5092
125577,8.4512,0.003314,301.77, 419.5087
125578,8.4543,0.003249,307.77, 419.5092
125579,8.4578,0.003339,299.47, 419.5090
125580,8.4609,0.003234,309.21, 419.5086
125581,8.4644,0.003397,294.42, 419.5087
125582,8.4678,0.003315,301.70, 419.5086
125583,8.4709,0.003349,298.56, 419.5086
125584,8.4744,0.003437,290.99, 419.5086
125585,8.4778,0.003415,292.81, 419.5086
125586,8.4812,0.003308,302.27, 419.5087
125587,8.4846,0.003306,302.47, 419.5089
125588,8.4878,0.003306,302.50, 419.5087
125589,8.4912,0.003277,305.17, 419.5089
125590,8.4944,0.003364,297.29, 419.5086
125591,8.4978,0.003394,294.62, 419.5092
125592,8.5012,0.003434,291.25, 419.5087
125593,8.5046,0.003391,294.92, 419.5086
125594,8.5081,0.003347,298.81, 419.5093
125595,8.5115,0.003549,281.74, 419.5092
125596,8.5149,0.003358,297.81, 419.5086
125597,8.5183,0.003308,302.29, 419.5087
125598,8.5215,0.003295,303.54, 419.5087
125599,8.5251,0.003707,269.75, 419.5093
125600,8.5286,0.003285,304.40, 419.5086
125601,8.5320,0.003540,282.48, 419.5087
125602,8.5354,0.003338,299.58, 419.5086
125603,8.5388,0.003329,300.43, 419.5093
125604,8.5422,0.003467,288.43, 419.5087
125605,8.5457,0.003369,296.86, 419.5086
125606,8.5491,0.003395,294.52, 419.5086
125607,8.5525,0.003432,291.40, 419.5092
125608,8.5559,0.003539,282.61, 419.5087
125609,8.5596,0.003560,280.88, 419.5087
125610,8.5630,0.003451,289.76, 419.5087
125611,8.5667,0.003652,273.81, 419.5092
125612,8.5703,0.003668,272.64, 419.5092
125613,8.5742,0.004062,246.19, 419.5086
125614,8.5781,0.003843,260.21, 419.5087
125615,8.5818,0.003552,281.54, 419.5087
125616,8.5854,0.003785,264.22, 419.5086
125617,8.5894,0.003736,267.64, 419.5087
125618,8.5930,0.003732,267.97, 419.5087
125619,8.5964,0.003495,286.14, 419.5086
125620,8.5999,0.003403,293.89, 419.5093
125621,8.6033,0.003336,299.76, 419.5086
125622,8.6064,0.003290,303.96, 419.5086
125623,8.6101,0.003557,281.18, 419.5092
125624,8.6135,0.003549,281.78, 419.5086
125625,8.6169,0.003379,295.93, 419.5087
125626,8.6204,0.003318,301.37, 419.5086
125627,8.6235,0.003297,303.32, 419.5092
125628,8.6272,0.003622,276.08, 419.5093
125629,8.6306,0.003297,303.27, 419.5087
125630,8.6338,0.003325,300.79, 419.5086
125631,8.6372,0.003253,307.45, 419.5092
125632,8.6406,0.003407,293.49, 419.5087
125633,8.6438,0.003389,295.06, 419.5086
125634,8.6472,0.003353,298.20, 419.5093
125635,8.6506,0.003400,294.13, 419.5086
125636,8.6541,0.003359,297.72, 419.5087
125637,8.6572,0.003298,303.18, 419.5090
125638,8.6606,0.003277,305.19, 419.5086
125639,8.6641,0.003393,294.73, 419.5086
125640,8.6672,0.003355,298.08, 419.5086
125641,8.6707,0.003346,298.84, 419.5087
125642,8.6738,0.003271,305.70, 419.5092
125643,8.6775,0.003433,291.28, 419.5093
125644,8.6807,0.003361,297.51, 419.5086
125645,8.6841,0.003339,299.48, 419.5090
125646,8.6875,0.003322,301.06, 419.5110
125647,8.6907,0.003322,301.01, 419.5089
125648,8.6941,0.003444,290.39, 419.5086
125649,8.6975,0.003403,293.88, 419.5092
125650,8.7009,0.003316,301.60, 419.5087
125651,8.7041,0.003263,306.49, 419.5092
125652,8.7075,0.003360,297.63, 419.5087
125653,8.7109,0.003330,300.29, 419.5086
125654,8.7144,0.003607,277.26, 419.5086
125655,8.7180,0.003474,287.83, 419.5086
125656,8.7212,0.003385,295.46, 419.5087
125657,8.7246,0.003305,302.57, 419.5092
125658,8.7278,0.003261,306.65, 419.5086
125659,8.7312,0.003334,299.99, 419.5086
125660,8.7346,0.003334,299.93, 419.5086
125661,8.7380,0.003430,291.55, 419.5087
125662,8.7412,0.003261,306.70, 419.5086
125663,8.7446,0.003392,294.85, 419.5089
125664,8.7480,0.003450,289.87, 419.5089
125665,8.7515,0.003405,293.68, 419.5090
125666,8.7549,0.003323,300.91, 419.5086
125667,8.7581,0.003278,305.05, 419.5089
125668,8.7615,0.003335,299.83, 419.5086
125669,8.7646,0.003316,301.53, 419.5086
125670,8.7681,0.003325,300.77, 419.5086
125671,8.7715,0.003359,297.73, 419.5089
125672,8.7751,0.003670,272.49, 419.5093
125673,8.7786,0.003502,285.52, 419.5086
125674,8.7820,0.003319,301.27, 419.5140
125675,8.7852,0.003251,307.56, 419.5264
125676,8.7883,0.003228,309.83, 419.5090
125677,8.7917,0.003310,302.09, 419.5087
125678,8.7949,0.003289,304.08, 419.5086
125679,8.7983,0.003304,302.63, 419.5086
125680,8.8015,0.003284,304.54, 419.5086
125681,8.8052,0.003556,281.18, 419.5087
125682,8.8086,0.003550,281.67, 419.5092
125683,8.8120,0.003389,295.11, 419.5087
125684,8.8154,0.003340,299.41, 419.5092
125685,8.8186,0.003272,305.65, 419.5089
125686,8.8220,0.003371,296.61, 419.5092
125687,8.8254,0.003451,289.80, 419.5092
125688,8.8289,0.003433,291.29, 419.5087
125689,8.8325,0.003547,281.91, 419.5086
125690,8.8359,0.003366,297.07, 419.5087
125691,8.8391,0.003319,301.26, 419.5111
125692,8.8425,0.003278,305.04, 419.5093
125693,8.8457,0.003314,301.71, 419.5087
125694,8.8491,0.003271,305.73, 419.5089
125695,8.8523,0.003348,298.69, 419.5089
125696,8.8557,0.003426,291.87, 419.5089
125697,8.8591,0.003353,298.27, 419.5087
125698,8.8625,0.003277,305.12, 419.5089
125699,8.8657,0.003390,294.98, 419.5093
125700,8.8694,0.003620,276.27, 419.5086
125701,8.8728,0.003439,290.77, 419.5087
125702,8.8762,0.003342,299.23, 419.5086
125703,8.8796,0.003362,297.43, 419.5086
125704,8.8831,0.003404,293.79, 419.5086
125705,8.8865,0.003415,292.83, 419.5086
125706,8.8896,0.003362,297.47, 419.5087
125707,8.8931,0.003274,305.46, 419.5086
125708,8.8965,0.003398,294.31, 419.5087
125709,8.8999,0.003386,295.34, 419.5086
125710,8.9031,0.003351,298.40, 419.5086
125711,8.9065,0.003412,293.10, 419.5092
125712,8.9099,0.003396,294.44, 419.5086
125713,8.9133,0.003421,292.30, 419.5087
125714,8.9167,0.003310,302.12, 419.5092
125715,8.9202,0.003366,297.05, 419.5087
125716,8.9233,0.003285,304.42, 419.5086
125717,8.9268,0.003385,295.46, 419.5090
125718,8.9299,0.003267,306.09, 419.5086
125719,8.9334,0.003421,292.28, 419.5089
125720,8.9368,0.003426,291.92, 419.5089
125721,8.9402,0.003315,301.67, 419.5086
125722,8.9438,0.003580,279.35, 419.5087
125723,8.9470,0.003380,295.82, 419.5089
125724,8.9504,0.003406,293.60, 419.5087
125725,8.9539,0.003433,291.31, 419.5092
125726,8.9575,0.003464,288.68, 419.5092
125727,8.9607,0.003349,298.61, 419.5125
125728,8.9641,0.003397,294.39, 419.5086
125729,8.9675,0.003466,288.52, 419.5092
125730,8.9709,0.003325,300.75, 419.5086
125731,8.9744,0.003409,293.36, 419.5093
125732,8.9775,0.003224,310.15, 419.5086
125733,8.9810,0.003467,288.41, 419.5090
125734,8.9844,0.003334,299.99, 419.5086
125735,8.9878,0.003489,286.63, 419.5086
125736,8.9912,0.003332,300.09, 419.5092
125737,8.9946,0.003318,301.43, 419.5087
125738,8.9978,0.003287,304.21, 419.5087
125739,9.0012,0.003264,306.34, 419.5093
125740,9.0044,0.003302,302.84, 419.5086
125741,9.0076,0.003279,304.93, 419.5086
125742,9.0110,0.003385,295.43, 419.5089
125743,9.0144,0.003391,294.92, 419.5092
125744,9.0178,0.003388,295.14, 419.5093
125745,9.0212,0.003315,301.70, 419.5086
125746,9.0244,0.003311,302.05, 419.5086
125747,9.0278,0.003334,299.90, 419.5092
125748,9.0310,0.003281,304.83, 419.5087
125749,9.0344,0.003300,303.02, 419.5087
125750,9.0376,0.003203,312.26, 419.5087
125751,9.0408,0.003271,305.76, 419.5092
125752,9.0442,0.003274,305.42, 419.5086
125753,9.0474,0.003313,301.88, 419.5086
125754,9.0508,0.003260,306.77, 419.5092
125755,9.0540,0.003339,299.47, 419.5090
125756,9.0574,0.003280,304.88, 419.5086
125757,9.0608,0.003378,296.01, 419.5087
125758,9.0640,0.003353,298.27, 419.5086
125759,9.0674,0.003418,292.61, 419.5089
125760,9.0708,0.003313,301.88, 419.5110
125761,9.0740,0.003303,302.73, 419.5086
125762,9.0774,0.003357,297.89, 419.5087
125763,9.0808,0.003273,305.54, 419.5092
125764,9.0840,0.003323,300.95, 419.5087
125765,9.0872,0.003225,310.13, 419.5089
125766,9.0908,0.003594,278.25, 419.5086
125767,9.0942,0.003440,290.67, 419.5086
125768,9.0977,0.003452,289.73, 419.5087
125769,9.1011,0.003330,300.30, 419.5087
125770,9.1045,0.003516,284.41, 419.5086
125771,9.1082,0.003610,276.99, 419.5089
125772,9.1116,0.003309,302.25, 419.5090
125773,9.1150,0.003407,293.48, 419.5087
125774,9.1182,0.003245,308.18, 419.5086
125775,9.1216,0.003302,302.83, 419.5086
125776,9.1250,0.003556,281.23, 419.5086
125777,9.1284,0.003435,291.13, 419.5087
125778,9.1318,0.003338,299.57, 419.5087
125779,9.1350,0.003305,302.59, 419.5086
125780,9.1384,0.003348,298.69, 419.5087
125781,9.1416,0.003232,309.37, 419.5086
125782,9.1453,0.003520,284.07, 419.5086
125783,9.1487,0.003438,290.86, 419.5086
125784,9.1521,0.003458,289.20, 419.5087
125785,9.1555,0.003317,301.45, 419.5087
125786,9.1587,0.003252,307.51, 419.5087
125787,9.1619,0.003277,305.19, 419.5090
125788,9.1653,0.003257,307.08, 419.5087
125789,9.1687,0.003451,289.75, 419.5087
125790,9.1719,0.003235,309.16, 419.5092
125791,9.1753,0.003297,303.35, 419.5092
125792,9.1785,0.003248,307.90, 419.5086
125793,9.1819,0.003547,281.90, 419.5092
125794,9.1853,0.003383,295.57, 419.5086
125795,9.1887,0.003322,300.99, 419.5092
125796,9.1919,0.003313,301.85, 419.5086
125797,9.1953,0.003276,305.23, 419.5086
125798,9.1987,0.003358,297.76, 419.5087
125799,9.2019,0.003298,303.24, 419.5092
125800,9.2053,0.003403,293.90, 419.5087
125801,9.2085,0.003227,309.85, 419.5089
125802,9.2119,0.003384,295.52, 419.5087
125803,9.2153,0.003435,291.11, 419.5092
125804,9.2188,0.003359,297.68, 419.5087
125805,9.2222,0.003336,299.80, 419.5086
125806,9.2256,0.003393,294.71, 419.5086
125807,9.2290,0.003459,289.09, 419.5086
125808,9.2322,0.003335,299.83, 419.5092
125809,9.2356,0.003322,301.07, 419.5087
125810,9.2388,0.003216,310.98, 419.5092
125811,9.2422,0.003323,300.93, 419.5087
125812,9.2454,0.003311,302.06, 419.5086
125813,9.2488,0.003379,295.93, 419.5087
125814,9.2522,0.003435,291.10, 419.5086
125815,9.2559,0.003532,283.14, 419.5092
125816,9.2593,0.003432,291.38, 419.5086
125817,9.2625,0.003309,302.23, 419.5092
125818,9.2659,0.003395,294.59, 419.5086
125819,9.2693,0.003282,304.72, 419.5086
125820,9.2725,0.003361,297.53, 419.5087
125821,9.2759,0.003291,303.86, 419.5086
125822,9.2793,0.003549,281.74, 419.5086
125823,9.2830,0.003439,290.75, 419.5089
125824,9.2861,0.003351,298.45, 419.5087
125825,9.2896,0.003354,298.16, 419.5086
125826,9.2930,0.003392,294.78, 419.5086
125827,9.2964,0.003374,296.43, 419.5089
125828,9.2996,0.003287,304.21, 419.5086
125829,9.3030,0.003376,296.21, 419.5087
125830,9.3064,0.003339,299.46, 419.5086
125831,9.3098,0.003591,278.47, 419.5086
125832,9.3132,0.003379,295.94, 419.5086
125833,9.3167,0.003318,301.38, 419.5087
125834,9.3198,0.003304,302.65, 419.5087
125835,9.3232,0.003261,306.64, 419.5093
125836,9.3264,0.003286,304.37, 419.5087
125837,9.3296,0.003214,311.17, 419.5086
125838,9.3330,0.003369,296.82, 419.5086
125839,9.3364,0.003350,298.50, 419.5089
125840,9.3398,0.003465,288.61, 419.5230
125841,9.3435,0.003559,281.02, 419.5086
125842,9.3469,0.003426,291.91, 419.5090
125843,9.3501,0.003316,301.58, 419.5086
125844,9.3535,0.003363,297.32, 419.5086
125845,9.3572,0.003736,267.70, 419.5093
125846,9.3606,0.003247,308.00, 419.5086
125847,9.3640,0.003467,288.43, 419.5086
125848,9.3674,0.003413,293.04, 419.5089
125849,9.3709,0.003484,287.04, 419.5087
125850,9.3743,0.003324,300.88, 419.5086
125851,9.3774,0.003280,304.88, 419.5087
125852,9.3809,0.003287,304.19, 419.5087
125853,9.3840,0.003280,304.92, 419.5087
125854,9.3875,0.003323,300.98, 419.5086
125855,9.3906,0.003269,305.91, 419.5092
125856,9.3940,0.003540,282.48, 419.5087
125857,9.3975,0.003377,296.16, 419.5086
125858,9.4011,0.003615,276.59, 419.5087
125859,9.4045,0.003454,289.54, 419.5087
125860,9.4080,0.003469,288.29, 419.5086
125861,9.4114,0.003374,296.35, 419.5087
125862,9.4148,0.003334,299.90, 419.5086
125863,9.4182,0.003404,293.82, 419.5086
125864,9.4214,0.003319,301.30, 419.5086
125865,9.4250,0.003568,280.27, 419.5087
125866,9.4285,0.003313,301.84, 419.5086
125867,9.4316,0.003363,297.39, 419.5087
125868,9.4353,0.003553,281.48, 419.5093
125869,9.4387,0.003304,302.67, 419.5087
125870,9.4419,0.003274,305.46, 419.5093
125871,9.4451,0.003241,308.59, 419.5092
125872,9.4485,0.003365,297.19, 419.5087
125873,9.4517,0.003274,305.40, 419.5086
125874,9.4551,0.003375,296.32, 419.5087
125875,9.4585,0.003286,304.34, 419.5089
125876,9.4619,0.003419,292.52, 419.5087
125877,9.4651,0.003368,296.91, 419.5086
125878,9.4685,0.003414,292.89, 419.5086
125879,9.4722,0.003446,290.17, 419.5086
125880,9.4756,0.003406,293.64, 419.5089
125881,9.4788,0.003372,296.57, 419.5087
125882,9.4822,0.003269,305.95, 419.5086
125883,9.4856,0.003376,296.21, 419.5087
125884,9.4888,0.003292,303.78, 419.5086
125885,9.4922,0.003372,296.59, 419.5090
125886,9.4954,0.003317,301.46, 419.5185
125887,9.4988,0.003420,292.38, 419.5089
125888,9.5022,0.003396,294.48, 419.5110
125889,9.5056,0.003284,304.52, 419.5086
125890,9.5090,0.003373,296.46, 419.5087
125891,9.5125,0.003500,285.69, 419.5092
125892,9.5159,0.003423,292.13, 419.5087
125893,9.5193,0.003319,301.34, 419.5086
125894,9.5227,0.003458,289.17, 419.5086
125895,9.5261,0.003549,281.80, 419.5150
125896,9.5298,0.003518,284.23, 419.5087
125897,9.5332,0.003405,293.69, 419.5086
125898,9.5364,0.003245,308.14, 419.5086
125899,9.5396,0.003303,302.76, 419.5090
125900,9.5430,0.003235,309.17, 419.5092
125901,9.5466,0.003728,268.24, 419.5090
125902,9.5500,0.003322,301.01, 419.5086
125903,9.5532,0.003338,299.60, 419.5086
125904,9.5566,0.003352,298.36, 419.5086
125905,9.5601,0.003489,286.61, 419.5092
125906,9.5635,0.003450,289.90, 419.5087
125907,9.5669,0.003307,302.35, 419.5092
125908,9.5703,0.003395,294.55, 419.5093
125909,9.5740,0.003675,272.12, 419.5089
125910,9.5776,0.003765,265.58, 419.5092
125911,9.5813,0.003565,280.50, 419.5087
125912,9.5852,0.003855,259.39, 419.5086
125913,9.5891,0.003968,252.00, 419.5087
125914,9.5930,0.004034,247.91, 419.5086
125915,9.5967,0.003499,285.83, 419.5092
125916,9.6001,0.003397,294.38, 419.5087
125917,9.6033,0.003350,298.53, 419.5086
125918,9.6072,0.003706,269.83, 419.5086
125919,9.6108,0.003640,274.70, 419.5092
125920,9.6143,0.003459,289.11, 419.5087
125921,9.6177,0.003380,295.88, 419.5086
125922,9.6209,0.003363,297.36, 419.5087
125923,9.6243,0.003367,296.97, 419.5092
125924,9.6277,0.003313,301.87, 419.5086
125925,9.6311,0.003548,281.87, 419.5087
125926,9.6345,0.003427,291.80, 419.5086
125927,9.6382,0.003481,287.27, 419.5086
125928,9.6414,0.003337,299.66, 419.5087
125929,9.6448,0.003286,304.28, 419.5093
125930,9.6479,0.003282,304.74, 419.5086
125931,9.6514,0.003302,302.85, 419.5090
125932,9.6545,0.003292,303.77, 419.5087
125933,9.6577,0.003232,309.38, 419.5089
125934,9.6611,0.003343,299.11, 419.5086
125935,9.6646,0.003406,293.64, 419.5086
125936,9.6680,0.003521,284.05, 419.5087
125937,9.6714,0.003311,302.02, 419.5086
125938,9.6748,0.003333,300.01, 419.5087
125939,9.6780,0.003251,307.59, 419.5324
125940,9.6812,0.003295,303.52, 419.5101
125941,9.6846,0.003317,301.45, 419.5087
125942,9.6877,0.003253,307.41, 419.5087
125943,9.6912,0.003281,304.78, 419.5092
125944,9.6943,0.003331,300.18, 419.5092
125945,9.6978,0.003360,297.59, 419.5086
125946,9.7012,0.003274,305.45, 419.5086
125947,9.7043,0.003349,298.64, 419.5086
125948,9.7078,0.003368,296.95, 419.5086
125949,9.7112,0.003434,291.19, 419.5088
125950,9.7146,0.003353,298.27, 419.5089
125951,9.7180,0.003367,296.97, 419.5092
125952,9.7214,0.003431,291.48, 419.5086
125953,9.7249,0.003379,295.95, 419.5086
125954,9.7283,0.003440,290.66, 419.5093
125955,9.7314,0.003300,303.02, 419.5092
125956,9.7349,0.003397,294.39, 419.5087
125957,9.7383,0.003376,296.23, 419.5086
125958,9.7417,0.003367,297.00, 419.5086
125959,9.7451,0.003401,294.07, 419.5086
125960,9.7485,0.003445,290.27, 419.5086
125961,9.7520,0.003462,288.86, 419.5087
125962,9.7551,0.003280,304.90, 419.5086
125963,9.7585,0.003367,296.97, 419.5087
125964,9.7620,0.003312,301.94, 419.5086
125965,9.7654,0.003397,294.40, 419.5086
125966,9.7686,0.003373,296.50, 419.5086
125967,9.7720,0.003385,295.46, 419.5086
125968,9.7754,0.003366,297.05, 419.5086
125969,9.7788,0.003334,299.97, 419.5086
125970,9.7822,0.003442,290.55, 419.5092
125971,9.7856,0.003367,297.02, 419.5089
125972,9.7891,0.003411,293.20, 419.5087
125973,9.7922,0.003283,304.60, 419.5089
125974,9.7957,0.003515,284.53, 419.5086
125975,9.7993,0.003516,284.44, 419.5086
125976,9.8027,0.003380,295.86, 419.5087
125977,9.8059,0.003327,300.61, 419.5089
125978,9.8093,0.003348,298.72, 419.5086
125979,9.8127,0.003379,295.95, 419.5087
125980,9.8159,0.003309,302.24, 419.5086
125981,9.8193,0.003327,300.56, 419.5087
125982,9.8225,0.003265,306.30, 419.5092
125983,9.8259,0.003372,296.58, 419.5089
125984,9.8293,0.003445,290.31, 419.5086
125985,9.8328,0.003413,292.98, 419.5087
125986,9.8362,0.003299,303.16, 419.5086
125987,9.8394,0.003255,307.20, 419.5090
125988,9.8428,0.003352,298.37, 419.5087
125989,9.8459,0.003244,308.25, 419.5087
125990,9.8494,0.003285,304.38, 419.5086
125991,9.8525,0.003304,302.67, 419.5089
125992,9.8560,0.003386,295.31, 419.5087
125993,9.8594,0.003293,303.68, 419.5089
125994,9.8628,0.003420,292.39, 419.5087
125995,9.8660,0.003388,295.12, 419.5086
125996,9.8694,0.003348,298.71, 419.5087
125997,9.8728,0.003371,296.68, 419.5087
125998,9.8760,0.003268,306.04, 419.5086
125999,9.8794,0.003324,300.89, 419.5086
126000,9.8828,0.003376,296.21, 419.5089
126001,9.8862,0.003347,298.78, 419.5087
126002,9.8894,0.003246,308.04, 419.5086
126003,9.8928,0.003369,296.83, 419.5093
126004,9.8960,0.003269,305.91, 419.5086
126005,9.8994,0.003362,297.48, 419.5087
126006,9.9026,0.003328,300.46, 419.5086
126007,9.9060,0.003321,301.11, 419.5092
126008,9.9094,0.003427,291.78, 419.5089
126009,9.9128,0.003342,299.23, 419.5086
126010,9.9163,0.003417,292.63, 419.5087
126011,9.9194,0.003313,301.83, 419.5089
126012,9.9229,0.003353,298.28, 419.5087
126013,9.9263,0.003309,302.25, 419.5086
126014,9.9297,0.003561,280.82, 419.5086
126015,9.9331,0.003487,286.76, 419.5086
126016,9.9365,0.003405,293.69, 419.5090
126017,9.9399,0.003321,301.15, 419.5087
126018,9.9431,0.003271,305.72, 419.5086
126019,9.9465,0.003338,299.62, 419.5090
126020,9.9500,0.003292,303.78, 419.5086
126021,9.9531,0.003339,299.50, 419.5087
126022,9.9563,0.003202,312.34, 419.5089
126023,9.9597,0.003455,289.46, 419.5092
126024,9.9634,0.003428,291.74, 419.5086
126025,9.9668,0.003433,291.32, 419.5086
126026,9.9700,0.003282,304.66, 419.5087
126027,9.9734,0.003318,301.37, 419.5089
126028,9.9766,0.003311,302.06, 419.5093
126029,9.9800,0.003327,300.59, 419.5086
126030,9.9834,0.003396,294.43, 419.5086
126031,9.9866,0.003346,298.90, 419.5089
126032,9.9905,0.003732,267.99, 419.5093
126033,9.9941,0.003684,271.41, 419.5086
126034,9.9976,0.003514,284.54, 419.5092
