TotalFrame,Time,DeltaTime,FPS,RAM
828016,0.0000,0.013347,74.92, 455.2840
828017,0.0000,0.013347,74.92, 455.5190
828018,0.0200,0.020000,50.00, 455.3287
828019,0.0229,0.003193,313.20, 455.3086
828020,0.0264,0.003063,326.49, 455.3086
828021,0.0356,0.009452,105.80, 455.3086
828022,0.0391,0.003244,308.27, 455.3085
828023,0.0430,0.004087,244.71, 455.3084
828024,0.0464,0.003424,292.07, 455.3084
828025,0.0493,0.003074,325.33, 455.3084
828026,0.0537,0.004211,237.49, 455.3080
828027,0.0566,0.003075,325.22, 455.3084
828028,0.0605,0.003576,279.61, 455.3082
828029,0.0645,0.004065,246.00, 455.3030
828030,0.0674,0.003134,319.04, 455.3030
828031,0.0713,0.003842,260.30, 455.3030
828032,0.0742,0.003074,325.30, 455.3030
828033,0.0786,0.003935,254.16, 455.3030
828034,0.0815,0.003051,327.78, 455.3025
828035,0.0854,0.004011,249.30, 455.3030
828036,0.0889,0.003539,282.61, 455.3030
828037,0.0923,0.003310,302.15, 455.3030
828038,0.0967,0.004351,229.85, 455.3024
828039,0.0996,0.003192,313.28, 455.3030
828040,0.1030,0.003029,330.12, 455.3028
828041,0.1069,0.003971,251.81, 455.3030
828042,0.1099,0.003042,328.79, 455.3030
828043,0.1138,0.003893,256.87, 455.3030
828044,0.1167,0.003084,324.24, 455.3030
828045,0.1211,0.004115,243.00, 455.3030
828046,0.1240,0.002991,334.37, 455.3030
828047,0.1279,0.003821,261.71, 455.3272
828048,0.1313,0.003481,287.32, 455.3028
828049,0.1343,0.003230,309.64, 455.3030
828050,0.1392,0.004744,210.78, 455.3030
828051,0.1421,0.003084,324.22, 455.3030
828052,0.1455,0.003026,330.48, 455.3028
828053,0.1484,0.003278,305.05, 455.3028
828054,0.1523,0.003905,256.10, 455.3030
828055,0.1563,0.003575,279.69, 455.3030
828056,0.1592,0.003263,306.49, 455.3028
828057,0.1631,0.003770,265.25, 455.3028
828058,0.1665,0.003502,285.54, 455.3025
828059,0.1704,0.003846,259.99, 455.3030
828060,0.1738,0.003462,288.83, 455.3030
828061,0.1772,0.003081,324.53, 455.3025
828062,0.1807,0.003769,265.30, 455.3030
828063,0.1841,0.003167,315.79, 455.3030
828064,0.1875,0.003626,275.76, 455.3030
828065,0.1914,0.003710,269.58, 455.3030
828066,0.1948,0.003413,292.99, 455.3028
828067,0.1987,0.003803,262.98, 455.3030
828068,0.2017,0.003042,328.77, 455.3030
828069,0.2056,0.003759,266.04, 455.3030
828070,0.2085,0.003268,306.00, 455.3028
828071,0.2124,0.003936,254.08, 455.3030
828072,0.2163,0.003860,259.09, 455.3030
828073,0.2197,0.003149,317.54, 455.3030
828074,0.2236,0.003994,250.36, 455.3027
828075,0.2266,0.003019,331.21, 455.3030
828076,0.2305,0.003914,255.52, 455.3025
828077,0.2344,0.003744,267.13, 455.3030
828078,0.2378,0.003391,294.90, 455.3109
828079,0.2412,0.003455,289.41, 455.3030
828080,0.2446,0.003639,274.81, 455.3030
828081,0.2485,0.003688,271.18, 455.3030
828082,0.2515,0.002964,337.38, 455.3030
828083,0.2554,0.004154,240.73, 455.3028
828084,0.2588,0.003247,308.01, 455.3030
828085,0.2622,0.003569,280.16, 455.3030
828086,0.2661,0.003656,273.52, 455.3030
828087,0.2690,0.003069,325.87, 455.3028
828088,0.2729,0.003849,259.78, 455.3030
828089,0.2769,0.003868,258.54, 455.3030
828090,0.2798,0.002985,335.05, 455.3028
828091,0.2842,0.004276,233.84, 455.3024
828092,0.2871,0.003289,304.09, 455.3030
828093,0.2905,0.002974,336.20, 455.3030
828094,0.2939,0.003592,278.40, 455.3030
828095,0.2974,0.003655,273.58, 455.3028
828096,0.3018,0.004006,249.62, 455.3030
828097,0.3047,0.003175,314.97, 455.3028
828098,0.3086,0.004000,250.03, 455.3024
828099,0.3120,0.003077,325.00, 455.3028
828100,0.3154,0.003703,270.09, 455.3030
828101,0.3193,0.003680,271.71, 455.3025
828102,0.3223,0.003026,330.45, 455.3028
828103,0.3262,0.003874,258.16, 455.3030
828104,0.3291,0.003074,325.31, 455.3028
828105,0.3335,0.004231,236.33, 455.3030
828106,0.3369,0.003673,272.27, 455.3030
828107,0.3398,0.002930,341.34, 455.3025
828108,0.3438,0.004003,249.81, 455.3030
828109,0.3472,0.003031,329.89, 455.3030
828110,0.3511,0.004248,235.40, 455.3030
828111,0.3545,0.003065,326.32, 455.3030
828112,0.3584,0.003829,261.17, 455.3030
828113,0.3618,0.003607,277.25, 455.3030
828114,0.3647,0.003102,322.34, 455.3243
828115,0.3687,0.004007,249.58, 455.3030
828116,0.3721,0.002993,334.17, 455.3030
828117,0.3760,0.003993,250.41, 455.3024
828118,0.3789,0.003038,329.15, 455.3030
828119,0.3828,0.003841,260.37, 455.3030
828120,0.3862,0.003668,272.62, 455.3030
828121,0.3892,0.002957,338.24, 455.3030
828122,0.3931,0.003856,259.36, 455.3030
828123,0.3965,0.003351,298.43, 455.3030
828124,0.4004,0.003667,272.73, 455.3049
828125,0.4033,0.003035,329.53, 455.3030
828126,0.4072,0.003933,254.27, 455.3025
828127,0.4106,0.003565,280.52, 455.3030
828128,0.4141,0.003272,305.65, 455.3030
828129,0.4180,0.003801,263.07, 455.3030
828130,0.4209,0.002968,336.98, 455.3030
828131,0.4253,0.004325,231.20, 455.3030
828132,0.4282,0.003023,330.85, 455.3030
828133,0.4316,0.003491,286.48, 455.3030
828134,0.4355,0.003706,269.81, 455.3030
828135,0.4385,0.003322,301.03, 455.3030
828136,0.4424,0.003569,280.17, 455.3030
828137,0.4453,0.003220,310.60, 455.3028
828138,0.4492,0.003799,263.24, 455.3030
828139,0.4531,0.003874,258.10, 455.3030
828140,0.4561,0.003153,317.12, 455.3028
828141,0.4595,0.003376,296.17, 455.3030
828142,0.4629,0.003449,289.92, 455.3030
828143,0.4668,0.003669,272.58, 455.3030
828144,0.4702,0.003442,290.54, 455.3030
828145,0.4741,0.003975,251.60, 455.3025
828146,0.4775,0.003179,314.61, 455.3030
828147,0.4810,0.003476,287.71, 455.3030
828148,0.4849,0.003770,265.25, 455.3030
828149,0.4878,0.003346,298.86, 455.3028
828150,0.4922,0.004049,247.01, 455.3024
828151,0.4956,0.003428,291.76, 455.3027
828152,0.4985,0.003185,314.02, 455.3028
828153,0.5020,0.003356,297.96, 455.3028
828154,0.5054,0.003148,317.63, 455.3028
828155,0.5088,0.003784,264.27, 455.3028
828156,0.5127,0.003921,255.05, 455.3030
828157,0.5166,0.003642,274.56, 455.3030
828158,0.5200,0.003728,268.25, 455.3025
828159,0.5234,0.003139,318.62, 455.3030
828160,0.5269,0.003673,272.26, 455.3030
828161,0.5303,0.003183,314.15, 455.3030
828162,0.5347,0.004311,231.98, 455.3030
828163,0.5376,0.003243,308.37, 455.3030
828164,0.5405,0.003000,333.37, 455.3030
828165,0.5444,0.003851,259.71, 455.3030
828166,0.5479,0.003124,320.09, 455.3030
828167,0.5522,0.004305,232.28, 455.3030
828168,0.5552,0.003213,311.26, 455.3030
828169,0.5591,0.003638,274.87, 455.3030
828170,0.5625,0.003631,275.40, 455.3030
828171,0.5659,0.003260,306.79, 455.3030
828172,0.5693,0.003659,273.29, 455.3030
828173,0.5728,0.003303,302.78, 455.3028
828174,0.5767,0.003793,263.64, 455.3028
828175,0.5796,0.003160,316.51, 455.3030
828176,0.5835,0.003982,251.14, 455.3030
828177,0.5874,0.003493,286.25, 455.3030
828178,0.5903,0.003173,315.14, 455.3030
828179,0.5947,0.004228,236.54, 455.3028
828180,0.5977,0.003091,323.48, 455.3030
828181,0.6011,0.003391,294.87, 455.3028
828182,0.6050,0.003753,266.43, 455.3030
828183,0.6079,0.003295,303.49, 455.3030
828184,0.6118,0.003606,277.34, 455.3030
828185,0.6147,0.003125,320.05, 455.3030
828186,0.6191,0.004375,228.56, 455.3024
828187,0.6221,0.003079,324.76, 455.3030
828188,0.6255,0.003206,311.93, 455.3030
828189,0.6294,0.003867,258.58, 455.3030
828190,0.6328,0.003237,308.89, 455.3030
828191,0.6362,0.003738,267.54, 455.3030
828192,0.6392,0.003004,332.88, 455.3030
828193,0.6431,0.003886,257.31, 455.3028
828194,0.6465,0.003085,324.14, 455.3028
828195,0.6504,0.004235,236.16, 455.3030
828196,0.6538,0.003104,322.21, 455.3028
828197,0.6572,0.003434,291.17, 455.3030
828198,0.6611,0.003924,254.82, 455.3030
828199,0.6641,0.003062,326.61, 455.3025
828200,0.6680,0.003675,272.12, 455.3028
828201,0.6709,0.003099,322.66, 455.3030
828202,0.6753,0.004226,236.61, 455.3025
828203,0.6782,0.003104,322.22, 455.3030
828204,0.6816,0.003316,301.55, 455.3030
828205,0.6851,0.003769,265.35, 455.3030
828206,0.6885,0.003096,322.96, 455.3030
828207,0.6924,0.003833,260.92, 455.3030
828208,0.6958,0.003662,273.11, 455.3030
828209,0.6987,0.003100,322.55, 455.3030
828210,0.7026,0.003803,262.92, 455.3028
828211,0.7061,0.003373,296.48, 455.3030
828212,0.7100,0.003649,274.06, 455.3030
828213,0.7129,0.003071,325.65, 455.3030
828214,0.7168,0.003909,255.80, 455.3030
828215,0.7202,0.003662,273.10, 455.3030
828216,0.7236,0.003037,329.24, 455.3030
828217,0.7271,0.003748,266.82, 455.3030
828218,0.7305,0.003467,288.45, 455.3025
828219,0.7344,0.003730,268.08, 455.3030
828220,0.7373,0.002973,336.41, 455.3030
828221,0.7412,0.003833,260.93, 455.3030
828222,0.7451,0.003675,272.12, 455.3030
828223,0.7480,0.003109,321.68, 455.3028
828224,0.7520,0.003754,266.38, 455.3030
828225,0.7554,0.003406,293.57, 455.3030
828226,0.7588,0.003584,279.06, 455.3030
828227,0.7622,0.003492,286.38, 455.3030
828228,0.7656,0.003536,282.81, 455.3030
828229,0.7695,0.003586,278.87, 455.3030
828230,0.7729,0.003494,286.20, 455.3025
828231,0.7769,0.003788,264.01, 455.3030
828232,0.7803,0.003409,293.37, 455.3025
828233,0.7837,0.003536,282.84, 455.3073
828234,0.7871,0.003617,276.44, 455.3024
828235,0.7905,0.003439,290.79, 455.3030
828236,0.7939,0.003528,283.45, 455.3030
828237,0.7974,0.003161,316.40, 455.3028
828238,0.8018,0.004525,220.99, 455.3049
828239,0.8052,0.003430,291.52, 455.3030
828240,0.8086,0.003247,308.02, 455.3030
828241,0.8120,0.003676,272.06, 455.3025
828242,0.8154,0.003432,291.42, 455.3025
828243,0.8188,0.003320,301.21, 455.3030
828244,0.8223,0.003470,288.17, 455.3030
828245,0.8262,0.003518,284.24, 455.3030
828246,0.8301,0.003914,255.47, 455.3030
828247,0.8330,0.003050,327.83, 455.3301
828248,0.8364,0.003658,273.39, 455.3030
828249,0.8398,0.003535,282.91, 455.3030
828250,0.8438,0.003661,273.18, 455.3025
828251,0.8467,0.003012,331.97, 455.3030
828252,0.8506,0.003950,253.18, 455.3030
828253,0.8545,0.003694,270.73, 455.3030
828254,0.8574,0.002928,341.59, 455.3030
828255,0.8613,0.003990,250.63, 455.3030
828256,0.8643,0.003098,322.77, 455.3028
828257,0.8682,0.003818,261.89, 455.3030
828258,0.8711,0.003045,328.37, 455.3030
828259,0.8750,0.003888,257.20, 455.3030
828260,0.8789,0.003539,282.55, 455.3030
828261,0.8818,0.003258,306.98, 455.3030
828262,0.8857,0.003794,263.58, 455.3028
828263,0.8887,0.003057,327.09, 455.3030
828264,0.8926,0.003863,258.87, 455.3030
828265,0.8965,0.003741,267.32, 455.3030
828266,0.8999,0.003689,271.08, 455.3030
828267,0.9038,0.003632,275.36, 455.3030
828268,0.9067,0.003085,324.16, 455.3030
828269,0.9106,0.003744,267.12, 455.3028
828270,0.9136,0.003096,323.04, 455.3030
828271,0.9175,0.003947,253.35, 455.3030
828272,0.9214,0.003684,271.42, 455.3030
828273,0.9243,0.002991,334.36, 455.3030
828274,0.9282,0.003939,253.88, 455.3030
828275,0.9312,0.003020,331.10, 455.3030
828276,0.9351,0.003980,251.28, 455.3030
828277,0.9380,0.002976,336.06, 455.3030
828278,0.9419,0.003821,261.73, 455.3030
828279,0.9458,0.003599,277.88, 455.3030
828280,0.9487,0.003113,321.26, 455.3030
828281,0.9526,0.003918,255.21, 455.3030
828282,0.9561,0.003374,296.43, 455.3028
828283,0.9600,0.003716,269.13, 455.3030
828284,0.9629,0.003324,300.83, 455.3030
828285,0.9668,0.003603,277.52, 455.3030
828286,0.9702,0.003537,282.76, 455.3030
828287,0.9736,0.003237,308.96, 455.3030
828288,0.9775,0.004040,247.54, 455.3024
828289,0.9805,0.003188,313.69, 455.3028
828290,0.9844,0.003645,274.37, 455.3030
828291,0.9878,0.003454,289.56, 455.3030
828292,0.9912,0.003235,309.08, 455.3030
828293,0.9946,0.003754,266.41, 455.3030
828294,0.9980,0.003129,319.55, 455.3028
828295,1.0020,0.004286,233.30, 455.3028
828296,1.0054,0.003018,331.35, 455.3030
828297,1.0088,0.003791,263.78, 455.3030
828298,1.0132,0.004023,248.59, 455.3027
828299,1.0166,0.003488,286.71, 455.3027
828300,1.0195,0.003055,327.29, 455.3025
828301,1.0229,0.003548,281.83, 455.3025
828302,1.0269,0.003566,280.44, 455.3030
828303,1.0303,0.003668,272.65, 455.3030
828304,1.0332,0.003085,324.16, 455.3030
828305,1.0371,0.003678,271.89, 455.3030
828306,1.0405,0.003295,303.47, 455.3030
828307,1.0439,0.003722,268.65, 455.3030
828308,1.0474,0.003135,318.99, 455.3030
828309,1.0513,0.003802,263.05, 455.3030
828310,1.0547,0.003625,275.88, 455.3030
828311,1.0581,0.003333,300.03, 455.3030
828312,1.0615,0.003523,283.89, 455.3030
828313,1.0649,0.003438,290.84, 455.3030
828314,1.0688,0.003771,265.20, 455.3024
828315,1.0718,0.003141,318.37, 455.3025
828316,1.0757,0.003786,264.14, 455.3030
828317,1.0791,0.003414,292.90, 455.3030
828318,1.0825,0.003409,293.38, 455.3030
828319,1.0859,0.003643,274.50, 455.3030
828320,1.0894,0.003370,296.73, 455.3030
828321,1.0933,0.003624,275.96, 455.3028
828322,1.0962,0.003094,323.26, 455.3030
828323,1.1006,0.004178,239.35, 455.3025
828324,1.1040,0.003604,277.50, 455.3030
828325,1.1069,0.003126,319.89, 455.3028
828326,1.1108,0.003598,277.95, 455.3029
828327,1.1138,0.003049,328.03, 455.3030
828328,1.1177,0.004039,247.61, 455.3030
828329,1.1211,0.003382,295.65, 455.3030
828330,1.1245,0.003128,319.70, 455.3028
828331,1.1279,0.003837,260.65, 455.3030
828332,1.1313,0.003118,320.75, 455.3030
828333,1.1353,0.003898,256.57, 455.3028
828334,1.1382,0.003015,331.65, 455.3030
828335,1.1421,0.003916,255.38, 455.3030
828336,1.1455,0.003606,277.28, 455.3030
828337,1.1489,0.003184,314.09, 455.3025
828338,1.1533,0.004663,214.46, 455.3024
828339,1.1567,0.003117,320.81, 455.3030
828340,1.1597,0.002903,344.48, 455.3030
828341,1.1631,0.003316,301.57, 455.3030
828342,1.1665,0.003772,265.14, 455.3030
828343,1.1704,0.003581,279.28, 455.3030
828344,1.1733,0.003057,327.15, 455.3030
828345,1.1772,0.003813,262.29, 455.3030
828346,1.1802,0.003163,316.15, 455.3028
828347,1.1846,0.004264,234.51, 455.3030
828348,1.1875,0.003083,324.34, 455.3049
828349,1.1909,0.003236,309.05, 455.3030
828350,1.1948,0.003922,255.00, 455.3030
828351,1.1978,0.003006,332.67, 455.3030
828352,1.2017,0.003985,250.92, 455.3030
828353,1.2046,0.003001,333.22, 455.3030
828354,1.2085,0.003676,272.03, 455.3025
828355,1.2119,0.003264,306.39, 455.3030
828356,1.2153,0.003807,262.65, 455.3030
828357,1.2192,0.003693,270.78, 455.3030
828358,1.2227,0.003444,290.37, 455.3030
828359,1.2266,0.003694,270.71, 455.3028
828360,1.2295,0.003057,327.13, 455.3030
828361,1.2334,0.003919,255.17, 455.3030
828362,1.2368,0.003658,273.37, 455.3025
828363,1.2402,0.003124,320.14, 455.3030
828364,1.2441,0.003798,263.27, 455.3030
828365,1.2471,0.003107,321.84, 455.3028
828366,1.2510,0.003890,257.08, 455.3025
828367,1.2539,0.003092,323.39, 455.3025
828368,1.2578,0.003882,257.57, 455.3030
828369,1.2617,0.003598,277.92, 455.3028
828370,1.2646,0.003062,326.58, 455.3028
828371,1.2686,0.004050,246.91, 455.3024
828372,1.2715,0.003139,318.62, 455.3030
828373,1.2754,0.003706,269.83, 455.3025
828374,1.2783,0.003053,327.50, 455.3028
828375,1.2827,0.003995,250.33, 455.3030
828376,1.2861,0.003595,278.16, 455.3024
828377,1.2891,0.003069,325.82, 455.3030
828378,1.2930,0.003760,265.93, 455.3025
828379,1.2964,0.003436,291.02, 455.3030
828380,1.2998,0.003611,276.90, 455.3030
828381,1.3037,0.003785,264.24, 455.3030
828382,1.3066,0.002985,335.00, 455.3030
828383,1.3105,0.003688,271.19, 455.3030
828384,1.3140,0.003470,288.20, 455.3025
828385,1.3179,0.003752,266.56, 455.3025
828386,1.3208,0.003008,332.41, 455.3028
828387,1.3247,0.004301,232.51, 455.3030
828388,1.3281,0.003005,332.78, 455.3025
828389,1.3315,0.003486,286.84, 455.3030
828390,1.3350,0.003693,270.80, 455.3030
828391,1.3384,0.003349,298.63, 455.3030
828392,1.3418,0.003534,282.94, 455.3025
828393,1.3452,0.003093,323.32, 455.3030
828394,1.3491,0.004197,238.27, 455.3025
828395,1.3525,0.003286,304.34, 455.3030
828396,1.3560,0.003260,306.77, 455.3030
828397,1.3594,0.003566,280.42, 455.3030
828398,1.3628,0.003485,286.94, 455.3030
828399,1.3667,0.003700,270.28, 455.3030
828400,1.3696,0.003190,313.46, 455.3030
828401,1.3735,0.003667,272.67, 455.3028
828402,1.3770,0.003642,274.57, 455.3030
828403,1.3804,0.003317,301.45, 455.3030
828404,1.3843,0.003739,267.47, 455.3030
828405,1.3872,0.003023,330.83, 455.3030
828406,1.3911,0.003922,254.95, 455.3025
828407,1.3945,0.003603,277.52, 455.3030
828408,1.3979,0.003035,329.47, 455.3030
828409,1.4019,0.004007,249.58, 455.3030
828410,1.4048,0.003016,331.60, 455.3030
828411,1.4087,0.003800,263.13, 455.3028
828412,1.4121,0.003549,281.79, 455.3030
828413,1.4155,0.003492,286.38, 455.3028
828414,1.4194,0.003683,271.54, 455.3030
828415,1.4229,0.003636,275.02, 455.3028
828416,1.4263,0.003518,284.24, 455.3030
828417,1.4297,0.003415,292.81, 455.3028
828418,1.4341,0.004065,246.03, 455.3025
828419,1.4370,0.003227,309.90, 455.3030
828420,1.4404,0.003386,295.33, 455.3030
828421,1.4443,0.003607,277.22, 455.3030
828422,1.4473,0.003087,323.92, 455.3030
828423,1.4512,0.003989,250.67, 455.3094
828424,1.4546,0.003172,315.29, 455.3028
828425,1.4580,0.003729,268.15, 455.3030
828426,1.4619,0.003699,270.38, 455.3030
828427,1.4648,0.003216,310.96, 455.3028
828428,1.4688,0.003779,264.59, 455.3030
828429,1.4717,0.003088,323.83, 455.3030
828430,1.4761,0.003983,251.09, 455.3025
828431,1.4790,0.003281,304.81, 455.3099
828432,1.4829,0.003770,265.27, 455.3079
828433,1.4863,0.003576,279.63, 455.3030
828434,1.4902,0.003531,283.21, 455.3030
828435,1.4937,0.003804,262.92, 455.3027
828436,1.4976,0.003608,277.18, 455.3025
828437,1.5015,0.003793,263.68, 455.3030
828438,1.5044,0.003237,308.96, 455.3030
828439,1.5083,0.003620,276.21, 455.3030
828440,1.5122,0.003911,255.69, 455.3025
828441,1.5156,0.003506,285.26, 455.3030
828442,1.5195,0.004141,241.51, 455.3028
828443,1.5225,0.003032,329.77, 455.3030
828444,1.5264,0.003574,279.81, 455.3030
828445,1.5298,0.003509,285.02, 455.3030
828446,1.5327,0.003149,317.53, 455.3028
828447,1.5366,0.003893,256.89, 455.3030
828448,1.5405,0.003697,270.53, 455.3030
828449,1.5435,0.003021,330.99, 455.3028
828450,1.5474,0.004001,249.91, 455.3030
828451,1.5503,0.002991,334.30, 455.3030
828452,1.5542,0.003865,258.75, 455.3030
828453,1.5576,0.003106,321.95, 455.3030
828454,1.5615,0.003943,253.63, 455.3028
828455,1.5649,0.003689,271.11, 455.3030
828456,1.5688,0.003551,281.62, 455.3030
828457,1.5723,0.003659,273.28, 455.3030
828458,1.5752,0.003079,324.74, 455.3030
828459,1.5791,0.003866,258.65, 455.3109
828460,1.5820,0.002971,336.60, 455.3030
828461,1.5864,0.004048,247.05, 455.3030
828462,1.5898,0.003495,286.13, 455.3030
828463,1.5928,0.003120,320.55, 455.3030
828464,1.5967,0.003758,266.09, 455.3030
828465,1.5996,0.003163,316.12, 455.3030
828466,1.6040,0.003946,253.42, 455.3030
828467,1.6074,0.003655,273.64, 455.3030
828468,1.6104,0.003008,332.48, 455.3030
828469,1.6143,0.003996,250.23, 455.3030
828470,1.6177,0.003032,329.83, 455.3028
828471,1.6211,0.003830,261.08, 455.3030
828472,1.6245,0.003115,321.00, 455.3028
828473,1.6284,0.003843,260.24, 455.3030
828474,1.6318,0.003689,271.06, 455.3030
828475,1.6357,0.003714,269.27, 455.3028
828476,1.6392,0.003525,283.68, 455.3030
828477,1.6421,0.003135,318.97, 455.3030
828478,1.6460,0.003906,256.05, 455.3030
828479,1.6494,0.003103,322.29, 455.3025
828480,1.6533,0.003883,257.52, 455.3030
828481,1.6567,0.003552,281.54, 455.3030
828482,1.6597,0.003047,328.17, 455.3028
828483,1.6641,0.004180,239.25, 455.3030
828484,1.6670,0.003027,330.35, 455.3030
828485,1.6704,0.003616,276.53, 455.3025
828486,1.6748,0.003995,250.34, 455.3024
828487,1.6777,0.003243,308.39, 455.3025
828488,1.6816,0.003769,265.34, 455.3030
828489,1.6846,0.003059,326.87, 455.3025
828490,1.6885,0.003861,258.98, 455.3030
828491,1.6914,0.003031,329.89, 455.3025
828492,1.6953,0.003643,274.52, 455.3030
828493,1.6992,0.003881,257.65, 455.3030
828494,1.7021,0.003020,331.09, 455.3030
828495,1.7061,0.004015,249.05, 455.3030
828496,1.7095,0.003249,307.80, 455.3030
828497,1.7134,0.003760,265.99, 455.3030
828498,1.7163,0.003005,332.81, 455.3030
828499,1.7202,0.004185,238.94, 455.3028
828500,1.7236,0.003301,302.92, 455.3030
828501,1.7271,0.003348,298.67, 455.3030
828502,1.7305,0.003539,282.54, 455.3030
828503,1.7339,0.003349,298.61, 455.3030
828504,1.7378,0.003804,262.89, 455.3025
828505,1.7412,0.003758,266.07, 455.3030
828506,1.7446,0.003115,321.04, 455.3025
828507,1.7485,0.003875,258.10, 455.3030
828508,1.7515,0.003133,319.16, 455.3030
828509,1.7549,0.003364,297.28, 455.3028
828510,1.7583,0.003235,309.17, 455.3030
828511,1.7622,0.004024,248.49, 455.3028
828512,1.7656,0.003590,278.56, 455.3030
828513,1.7690,0.003030,330.07, 455.3030
828514,1.7725,0.003729,268.15, 455.3025
828515,1.7759,0.003427,291.79, 455.3030
828516,1.7798,0.003654,273.69, 455.3028
828517,1.7827,0.003058,327.02, 455.3030
828518,1.7866,0.003909,255.85, 455.3028
828519,1.7905,0.003868,258.53, 455.3027
828520,1.7939,0.003252,307.47, 455.3030
828521,1.7974,0.003710,269.56, 455.3024
828522,1.8008,0.003146,317.88, 455.3025
828523,1.8047,0.004040,247.54, 455.3024
828524,1.8076,0.003100,322.59, 455.3030
828525,1.8115,0.003642,274.58, 455.3030
828526,1.8149,0.003648,274.13, 455.3030
828527,1.8179,0.003104,322.12, 455.3030
828528,1.8218,0.003784,264.24, 455.3028
828529,1.8252,0.003315,301.70, 455.3025
828530,1.8291,0.003720,268.80, 455.3030
828531,1.8325,0.003650,273.96, 455.3030
828532,1.8359,0.003143,318.19, 455.3030
828533,1.8394,0.003723,268.57, 455.3030
828534,1.8428,0.003102,322.34, 455.3025
828535,1.8462,0.003849,259.80, 455.3030
828536,1.8496,0.003114,321.14, 455.3030
828537,1.8530,0.003743,267.16, 455.3030
828538,1.8574,0.003942,253.69, 455.3027
828539,1.8604,0.002967,337.09, 455.3030
828540,1.8638,0.003776,264.84, 455.3030
828541,1.8672,0.003131,319.35, 455.3028
828542,1.8711,0.003943,253.61, 455.3025
828543,1.8740,0.002983,335.28, 455.3030
828544,1.8779,0.003921,255.06, 455.3030
828545,1.8818,0.003723,268.63, 455.3030
828546,1.8848,0.002989,334.54, 455.3030
828547,1.8887,0.003908,255.92, 455.3028
828548,1.8916,0.003030,329.99, 455.3030
828549,1.8955,0.003715,269.16, 455.3028
828550,1.8989,0.003839,260.50, 455.3030
828551,1.9028,0.003711,269.45, 455.3030
828552,1.9063,0.003619,276.36, 455.3030
828553,1.9092,0.002931,341.18, 455.3030
828554,1.9136,0.004371,228.81, 455.3030
828555,1.9170,0.003170,315.46, 455.3028
828556,1.9199,0.003106,321.92, 455.3028
828557,1.9238,0.003764,265.70, 455.3030
828558,1.9272,0.003449,289.96, 455.3028
828559,1.9307,0.003634,275.22, 455.3030
828560,1.9341,0.003026,330.50, 455.3030
828561,1.9380,0.004011,249.30, 455.3027
828562,1.9409,0.003058,327.02, 455.3025
828563,1.9448,0.003774,264.99, 455.3030
828564,1.9482,0.003690,270.98, 455.3030
828565,1.9517,0.003060,326.79, 455.3030
828566,1.9556,0.003964,252.25, 455.3030
828567,1.9585,0.003010,332.23, 455.3030
828568,1.9624,0.003836,260.69, 455.3030
828569,1.9658,0.003607,277.26, 455.3030
828570,1.9697,0.003663,272.97, 455.3028
828571,1.9731,0.003566,280.39, 455.3030
828572,1.9766,0.003391,294.94, 455.3030
828573,1.9805,0.003743,267.16, 455.3030
828574,1.9834,0.003136,318.92, 455.3028
828575,1.9873,0.003686,271.32, 455.3030
828576,1.9907,0.003661,273.16, 455.3025
828577,1.9937,0.003085,324.13, 455.3030
828578,1.9976,0.003826,261.37, 455.3028
828579,2.0005,0.003053,327.57, 455.3030
828580,2.0049,0.003966,252.15, 455.3025
828581,2.0078,0.003081,324.60, 455.3030
828582,2.0117,0.004015,249.10, 455.3030
828583,2.0151,0.003513,284.70, 455.3030
828584,2.0181,0.003005,332.73, 455.3028
828585,2.0220,0.003868,258.56, 455.3028
828586,2.0254,0.003270,305.80, 455.3030
828587,2.0293,0.003640,274.70, 455.3028
828588,2.0332,0.003942,253.68, 455.3030
828589,2.0361,0.003033,329.68, 455.3025
828590,2.0396,0.003656,273.49, 455.3030
828591,2.0430,0.003036,329.36, 455.3030
828592,2.0469,0.003896,256.65, 455.3030
828593,2.0498,0.003088,323.83, 455.3025
828594,2.0537,0.003952,253.03, 455.3028
828595,2.0571,0.003488,286.68, 455.3030
828596,2.0605,0.003296,303.37, 455.3030
828597,2.0640,0.003697,270.51, 455.3030
828598,2.0674,0.003129,319.57, 455.3030
828599,2.0713,0.003848,259.88, 455.3030
828600,2.0742,0.003132,319.33, 455.3030
828601,2.0781,0.003741,267.30, 455.3030
828602,2.0820,0.004127,242.29, 455.3030
828603,2.0854,0.003157,316.79, 455.3028
828604,2.0884,0.003313,301.88, 455.3030
828605,2.0918,0.003345,298.97, 455.3030
828606,2.0957,0.003579,279.38, 455.3030
828607,2.0986,0.003226,310.03, 455.3030
828608,2.1025,0.003840,260.43, 455.3030
828609,2.1064,0.003652,273.85, 455.3030
828610,2.1094,0.003034,329.63, 455.3030
828611,2.1138,0.004307,232.21, 455.3024
828612,2.1172,0.003502,285.58, 455.3027
828613,2.1206,0.003283,304.64, 455.3030
828614,2.1235,0.003052,327.62, 455.3028
828615,2.1270,0.003742,267.26, 455.3030
828616,2.1309,0.003554,281.39, 455.3028
828617,2.1338,0.003141,318.40, 455.3028
828618,2.1377,0.003900,256.38, 455.3030
828619,2.1406,0.002999,333.40, 455.3030
828620,2.1445,0.003888,257.23, 455.3030
828621,2.1484,0.003701,270.23, 455.3030
828622,2.1514,0.002980,335.59, 455.3030
828623,2.1553,0.003879,257.79, 455.3030
828624,2.1587,0.003285,304.44, 455.3030
828625,2.1621,0.003850,259.76, 455.3049
828626,2.1655,0.003217,310.90, 455.3025
828627,2.1694,0.003783,264.34, 455.3030
828628,2.1729,0.003636,275.05, 455.3030
828629,2.1758,0.002980,335.62, 455.3030
828630,2.1797,0.003776,264.81, 455.3025
828631,2.1831,0.003500,285.70, 455.3028
828632,2.1870,0.003593,278.36, 455.3028
828633,2.1899,0.002989,334.59, 455.3030
828634,2.1938,0.004186,238.91, 455.3025
828635,2.1973,0.003115,321.08, 455.3030
828636,2.2007,0.003619,276.33, 455.3030
828637,2.2041,0.003580,279.32, 455.3030
828638,2.2075,0.003196,312.85, 455.3030
828639,2.2114,0.003764,265.67, 455.3030
828640,2.2144,0.003080,324.71, 455.3030
828641,2.2183,0.003901,256.32, 455.3030
828642,2.2222,0.003878,257.85, 455.3030
828643,2.2256,0.003297,303.35, 455.3030
828644,2.2285,0.003147,317.79, 455.3030
828645,2.2319,0.003592,278.39, 455.3030
828646,2.2358,0.003594,278.24, 455.3025
828647,2.2393,0.003604,277.49, 455.3030
828648,2.2427,0.003086,324.07, 455.3030
828649,2.2466,0.003901,256.38, 455.3025
828650,2.2495,0.003067,326.01, 455.3025
828651,2.2539,0.004684,213.50, 455.3025
828652,2.2573,0.003024,330.72, 455.3030
828653,2.2603,0.003306,302.48, 455.3030
828654,2.2642,0.003889,257.11, 455.3030
828655,2.2676,0.003028,330.29, 455.3028
828656,2.2710,0.003842,260.32, 455.3030
828657,2.2744,0.003090,323.65, 455.3028
828658,2.2783,0.003893,256.90, 455.3028
828659,2.2817,0.003775,264.89, 455.3030
828660,2.2856,0.003602,277.65, 455.3025
828661,2.2891,0.003575,279.71, 455.3030
828662,2.2920,0.003068,325.98, 455.3030
828663,2.2959,0.003903,256.19, 455.3028
828664,2.2993,0.003035,329.46, 455.3030
828665,2.3032,0.003900,256.40, 455.3030
828666,2.3066,0.003635,275.14, 455.3030
828667,2.3096,0.003035,329.49, 455.3049
828668,2.3135,0.003827,261.30, 455.3030
828669,2.3164,0.003126,319.94, 455.3028
828670,2.3208,0.003968,252.05, 455.3028
828671,2.3237,0.002997,333.66, 455.3030
828672,2.3271,0.003685,271.35, 455.3028
828673,2.3311,0.003930,254.44, 455.3030
828674,2.3345,0.003116,320.97, 455.3030
828675,2.3379,0.003742,267.26, 455.3030
828676,2.3413,0.003166,315.83, 455.3030
828677,2.3452,0.003776,264.85, 455.3030
828678,2.3486,0.003725,268.46, 455.3030
828679,2.3525,0.003851,259.71, 455.3030
828680,2.3560,0.003450,289.85, 455.3030
828681,2.3594,0.003325,300.72, 455.3030
828682,2.3633,0.004048,247.03, 455.3024
828683,2.3667,0.003054,327.42, 455.3030
828684,2.3701,0.003570,280.08, 455.3030
828685,2.3735,0.003670,272.45, 455.3028
828686,2.3770,0.003018,331.30, 455.3030
828687,2.3804,0.003747,266.88, 455.3030
828688,2.3838,0.003503,285.49, 455.3030
828689,2.3877,0.003605,277.42, 455.3030
828690,2.3916,0.003894,256.79, 455.3030
828691,2.3945,0.002957,338.18, 455.3243
828692,2.3979,0.003628,275.66, 455.3030
828693,2.4019,0.003648,274.16, 455.3028
828694,2.4053,0.003404,293.82, 455.3028
828695,2.4087,0.003331,300.20, 455.3030
828696,2.4121,0.003727,268.28, 455.3030
828697,2.4155,0.003513,284.62, 455.3030
828698,2.4189,0.003328,300.45, 455.3025
828699,2.4229,0.003776,264.80, 455.3030
828700,2.4258,0.003121,320.42, 455.3030
828701,2.4297,0.003736,267.65, 455.3030
828702,2.4331,0.003368,296.95, 455.3025
828703,2.4370,0.003750,266.68, 455.3030
828704,2.4404,0.003748,266.83, 455.3027
828705,2.4434,0.003050,327.85, 455.3028
828706,2.4473,0.003711,269.45, 455.3030
828707,2.4502,0.003055,327.39, 455.3030
828708,2.4541,0.003939,253.88, 455.3025
828709,2.4575,0.003046,328.33, 455.3030
828710,2.4614,0.003881,257.69, 455.3030
828711,2.4648,0.003503,285.47, 455.3030
828712,2.4683,0.003411,293.14, 455.3030
828713,2.4717,0.003620,276.27, 455.3049
828714,2.4751,0.003178,314.67, 455.3030
828715,2.4790,0.003898,256.57, 455.3028
828716,2.4819,0.003008,332.44, 455.3030
828717,2.4858,0.004025,248.45, 455.3028
828718,2.4897,0.003832,260.95, 455.3024
828719,2.4927,0.003237,308.89, 455.3025
828720,2.4966,0.003450,289.87, 455.3030
828721,2.4995,0.003230,309.56, 455.3025
828722,2.5039,0.004160,240.40, 455.3025
828723,2.5073,0.003539,282.54, 455.3027
828724,2.5107,0.003380,295.89, 455.3025
828725,2.5142,0.003501,285.65, 455.3030
828726,2.5171,0.003121,320.45, 455.3025
828727,2.5220,0.004443,225.07, 455.3028
828728,2.5254,0.003590,278.54, 455.3030
828729,2.5288,0.003588,278.68, 455.3030
828730,2.5337,0.004736,211.15, 455.3024
828731,2.5366,0.003156,316.89, 455.3027
828732,2.5400,0.003125,320.00, 455.3025
828733,2.5435,0.003742,267.23, 455.3030
828734,2.5469,0.003137,318.79, 455.3025
828735,2.5508,0.003762,265.83, 455.3030
828736,2.5537,0.003143,318.15, 455.3025
828737,2.5576,0.003910,255.77, 455.3025
828738,2.5615,0.003889,257.14, 455.3027
828739,2.5649,0.003236,309.05, 455.3030
828740,2.5679,0.003215,311.00, 455.3030
828741,2.5713,0.003471,288.09, 455.3028
828742,2.5752,0.003609,277.12, 455.3030
828743,2.5781,0.003124,320.15, 455.3025
828744,2.5820,0.003827,261.27, 455.3025
828745,2.5859,0.003797,263.37, 455.3030
828746,2.5889,0.003133,319.20, 455.3028
828747,2.5928,0.003797,263.35, 455.3030
828748,2.5957,0.003146,317.82, 455.3025
828749,2.5996,0.003783,264.38, 455.3027
828750,2.6030,0.003196,312.87, 455.3025
828751,2.6069,0.004211,237.46, 455.3025
828752,2.6104,0.003204,312.16, 455.3030
828753,2.6133,0.003115,321.04, 455.3025
828754,2.6177,0.004131,242.08, 455.3030
828755,2.6206,0.003239,308.70, 455.3030
828756,2.6240,0.003163,316.12, 455.3030
828757,2.6274,0.003507,285.15, 455.3028
828758,2.6313,0.003765,265.64, 455.3025
828759,2.6348,0.003628,275.64, 455.3030
828760,2.6382,0.003268,306.02, 455.3030
828761,2.6416,0.003677,271.95, 455.3025
828762,2.6450,0.003392,294.79, 455.3025
828763,2.6489,0.003659,273.31, 455.3030
828764,2.6519,0.003022,330.86, 455.3030
828765,2.6558,0.003893,256.89, 455.3028
828766,2.6592,0.003605,277.39, 455.3030
828767,2.6626,0.003181,314.40, 455.3030
828768,2.6670,0.004283,233.46, 455.3030
828769,2.6699,0.002991,334.29, 455.3030
828770,2.6738,0.004157,240.55, 455.3030
828771,2.6772,0.003198,312.73, 455.3030
828772,2.6802,0.003166,315.82, 455.3030
828773,2.6841,0.003927,254.63, 455.3030
828774,2.6875,0.003030,330.05, 455.3030
828775,2.6909,0.003785,264.20, 455.3030
828776,2.6943,0.003275,305.35, 455.3025
828777,2.6982,0.003741,267.33, 455.3030
828778,2.7017,0.003714,269.23, 455.3028
828779,2.7046,0.003026,330.45, 455.3030
828780,2.7090,0.003938,253.96, 455.3030
828781,2.7119,0.003036,329.41, 455.3030
828782,2.7153,0.003790,263.84, 455.3030
828783,2.7192,0.003532,283.09, 455.3030
828784,2.7231,0.003814,262.22, 455.3028
828785,2.7266,0.003577,279.53, 455.3027
828786,2.7300,0.003451,289.75, 455.3028
828787,2.7329,0.003157,316.78, 455.3030
828788,2.7363,0.003448,290.01, 455.3030
828789,2.7402,0.003575,279.73, 455.3025
828790,2.7437,0.003709,269.64, 455.3030
828791,2.7471,0.003057,327.10, 455.3028
828792,2.7510,0.003874,258.11, 455.3030
828793,2.7539,0.003135,319.00, 455.3030
828794,2.7578,0.003857,259.29, 455.3028
828795,2.7607,0.003016,331.54, 455.3030
828796,2.7646,0.003803,262.95, 455.3030
828797,2.7686,0.003775,264.94, 455.3030
828798,2.7720,0.003656,273.50, 455.3028
828799,2.7754,0.003512,284.71, 455.3030
828800,2.7788,0.003341,299.30, 455.3030
828801,2.7822,0.003609,277.08, 455.3030
828802,2.7856,0.003175,314.97, 455.3030
828803,2.7896,0.003912,255.66, 455.3030
828804,2.7930,0.003550,281.69, 455.3030
828805,2.7964,0.003079,324.83, 455.3030
828806,2.8003,0.003909,255.81, 455.3030
828807,2.8032,0.003283,304.58, 455.3028
828808,2.8071,0.003668,272.62, 455.3030
828809,2.8105,0.003643,274.54, 455.3025
828810,2.8135,0.003034,329.58, 455.3028
828811,2.8174,0.003878,257.86, 455.3030
828812,2.8208,0.003063,326.51, 455.3030
828813,2.8247,0.003811,262.43, 455.3030
828814,2.8276,0.003204,312.09, 455.3030
828815,2.8315,0.003762,265.84, 455.3030
828816,2.8350,0.003637,274.99, 455.3030
828817,2.8389,0.003697,270.47, 455.3030
828818,2.8423,0.003533,283.02, 455.3030
828819,2.8457,0.003363,297.35, 455.3030
828820,2.8491,0.003631,275.42, 455.3028
828821,2.8525,0.003128,319.65, 455.3030
828822,2.8564,0.003848,259.87, 455.3030
828823,2.8599,0.003608,277.15, 455.3030
828824,2.8633,0.003159,316.57, 455.3025
828825,2.8667,0.003715,269.19, 455.3030
828826,2.8701,0.003274,305.46, 455.3028
828827,2.8735,0.003650,273.95, 455.3025
828828,2.8774,0.003656,273.52, 455.3030
828829,2.8809,0.003379,295.95, 455.3030
828830,2.8843,0.003648,274.12, 455.3030
828831,2.8877,0.003141,318.36, 455.3030
828832,2.8911,0.003823,261.57, 455.3030
828833,2.8945,0.003119,320.62, 455.3030
828834,2.8984,0.003893,256.88, 455.3025
828835,2.9019,0.003594,278.24, 455.3030
828836,2.9058,0.003691,270.93, 455.3030
828837,2.9092,0.003516,284.39, 455.3030
828838,2.9126,0.003441,290.60, 455.3025
828839,2.9160,0.003647,274.20, 455.3030
828840,2.9194,0.003023,330.85, 455.3030
828841,2.9233,0.003905,256.10, 455.3025
828842,2.9268,0.003576,279.63, 455.3030
828843,2.9297,0.003107,321.81, 455.3030
828844,2.9336,0.003871,258.31, 455.3030
828845,2.9370,0.003137,318.79, 455.3030
828846,2.9404,0.003746,266.96, 455.3028
828847,2.9443,0.003709,269.59, 455.3030
828848,2.9478,0.003255,307.21, 455.3030
828849,2.9512,0.003745,267.06, 455.3030
828850,2.9546,0.003132,319.28, 455.3028
828851,2.9585,0.003835,260.79, 455.3030
828852,2.9614,0.003177,314.77, 455.3030
828853,2.9653,0.003699,270.33, 455.3028
828854,2.9688,0.003658,273.41, 455.3028
828855,2.9727,0.003665,272.84, 455.3030
828856,2.9761,0.003673,272.25, 455.3030
828857,2.9790,0.003009,332.29, 455.3030
828858,2.9829,0.003926,254.74, 455.3030
828859,2.9863,0.003021,331.04, 455.3030
828860,2.9897,0.003849,259.80, 455.3030
828861,2.9937,0.003708,269.72, 455.3030
828862,2.9966,0.003142,318.26, 455.3030
828863,3.0005,0.003897,256.59, 455.3030
828864,3.0039,0.003009,332.38, 455.3030
828865,3.0073,0.003828,261.21, 455.3028
828866,3.0112,0.003768,265.36, 455.3027
828867,3.0142,0.002959,337.96, 455.3030
828868,3.0181,0.003861,259.01, 455.3030
828869,3.0215,0.003191,313.39, 455.3030
828870,3.0249,0.003840,260.41, 455.3030
828871,3.0283,0.003046,328.32, 455.3025
828872,3.0317,0.003706,269.86, 455.3025
828873,3.0356,0.003764,265.67, 455.3030
828874,3.0396,0.003671,272.44, 455.3028
828875,3.0430,0.003731,268.05, 455.3030
828876,3.0459,0.003072,325.56, 455.3025
828877,3.0498,0.003638,274.90, 455.3025
828878,3.0532,0.003507,285.12, 455.3025
828879,3.0571,0.003696,270.54, 455.3025
828880,3.0605,0.003509,284.99, 455.3030
828881,3.0635,0.003097,322.90, 455.3049
828882,3.0674,0.003754,266.36, 455.3030
828883,3.0708,0.003227,309.93, 455.3030
828884,3.0742,0.003844,260.15, 455.3030
828885,3.0781,0.003552,281.56, 455.3030
828886,3.0811,0.003041,328.81, 455.3028
828887,3.0850,0.003940,253.83, 455.3030
828888,3.0879,0.003150,317.44, 455.3030
828889,3.0918,0.003727,268.33, 455.3030
828890,3.0947,0.003107,321.86, 455.3028
828891,3.0986,0.003794,263.61, 455.3028
828892,3.1025,0.003658,273.37, 455.3030
828893,3.1060,0.003738,267.52, 455.3030
828894,3.1099,0.003628,275.60, 455.3030
828895,3.1133,0.003391,294.92, 455.3030
828896,3.1167,0.003733,267.91, 455.3030
828897,3.1201,0.003141,318.33, 455.3028
828898,3.1235,0.003750,266.65, 455.3030
828899,3.1274,0.003534,282.96, 455.3030
828900,3.1309,0.003334,299.96, 455.3030
828901,3.1348,0.004253,235.15, 455.3024
828902,3.1382,0.003112,321.36, 455.3030
828903,3.1411,0.003241,308.55, 455.3030
828904,3.1450,0.003755,266.30, 455.3030
828905,3.1479,0.003009,332.39, 455.3030
828906,3.1519,0.003958,252.68, 455.3030
828907,3.1548,0.003012,331.99, 455.3030
828908,3.1587,0.003793,263.65, 455.3028
828909,3.1621,0.003436,291.04, 455.3028
828910,3.1660,0.003617,276.50, 455.3028
828911,3.1699,0.003930,254.45, 455.3030
828912,3.1729,0.003320,301.18, 455.3030
828913,3.1768,0.003784,264.28, 455.3030
828914,3.1802,0.003165,315.92, 455.3059
828915,3.1841,0.003892,256.96, 455.3028
828916,3.1870,0.003340,299.41, 455.3030
828917,3.1909,0.003457,289.25, 455.3030
828918,3.1943,0.003669,272.58, 455.3030
828919,3.1973,0.003135,318.96, 455.3025
828920,3.2012,0.003863,258.87, 455.3030
828921,3.2046,0.003095,323.13, 455.3025
828922,3.2085,0.004083,244.91, 455.3030
828923,3.2119,0.003316,301.53, 455.3030
828924,3.2148,0.003025,330.57, 455.3030
828925,3.2188,0.003923,254.89, 455.3030
828926,3.2222,0.003123,320.25, 455.3030
828927,3.2261,0.003925,254.78, 455.3030
828928,3.2290,0.003028,330.25, 455.3025
828929,3.2324,0.003549,281.80, 455.3030
828930,3.2363,0.004034,247.92, 455.3030
828931,3.2393,0.002990,334.43, 455.3030
828932,3.2432,0.003747,266.87, 455.3030
828933,3.2461,0.003084,324.26, 455.3030
828934,3.2500,0.003776,264.85, 455.3114
828935,3.2534,0.003384,295.52, 455.3030
828936,3.2573,0.003935,254.14, 455.3030
828937,3.2607,0.003361,297.53, 455.3030
828938,3.2642,0.003198,312.72, 455.3025
828939,3.2676,0.003862,258.92, 455.3030
828940,3.2710,0.003075,325.22, 455.3030
828941,3.2749,0.003855,259.42, 455.3025
828942,3.2778,0.003287,304.24, 455.3028
828943,3.2817,0.003584,279.00, 455.3030
828944,3.2856,0.003849,259.83, 455.3030
828945,3.2886,0.003094,323.21, 455.3028
828946,3.2925,0.004029,248.20, 455.3030
828947,3.2954,0.003018,331.32, 455.3030
828948,3.2993,0.003658,273.38, 455.3030
828949,3.3032,0.003876,257.98, 455.3030
828950,3.3062,0.003114,321.12, 455.3025
828951,3.3101,0.003773,265.01, 455.3030
828952,3.3130,0.003052,327.70, 455.3028
828953,3.3169,0.004004,249.73, 455.3027
828954,3.3198,0.003000,333.38, 455.3025
828955,3.3237,0.003791,263.79, 455.3030
828956,3.3276,0.003719,268.87, 455.3030
828957,3.3306,0.003047,328.15, 455.3030
828958,3.3345,0.003946,253.44, 455.3025
828959,3.3379,0.003156,316.91, 455.3028
828960,3.3418,0.003831,261.01, 455.3024
828961,3.3447,0.003069,325.87, 455.3025
828962,3.3481,0.003526,283.63, 455.3049
828963,3.3521,0.003967,252.07, 455.3030
828964,3.3550,0.003072,325.50, 455.3030
828965,3.3589,0.003806,262.74, 455.3030
828966,3.3623,0.003112,321.34, 455.3030
828967,3.3657,0.003812,262.36, 455.3030
828968,3.3696,0.003541,282.41, 455.3028
828969,3.3730,0.003609,277.12, 455.3028
828970,3.3770,0.003779,264.66, 455.3030
828971,3.3799,0.003108,321.76, 455.3030
828972,3.3838,0.003904,256.13, 455.3030
828973,3.3867,0.003048,328.04, 455.3030
828974,3.3906,0.003491,286.48, 455.3030
828975,3.3945,0.004002,249.89, 455.3030
828976,3.3975,0.003021,331.01, 455.3028
828977,3.4014,0.004105,243.63, 455.3027
828978,3.4048,0.003219,310.70, 455.3028
828979,3.4087,0.003922,254.95, 455.3024
828980,3.4116,0.003114,321.12, 455.3030
828981,3.4150,0.003248,307.84, 455.3030
828982,3.4189,0.003796,263.44, 455.3030
828983,3.4219,0.003235,309.08, 455.3030
828984,3.4258,0.003690,271.03, 455.3030
828985,3.4287,0.003087,323.96, 455.3030
828986,3.4331,0.004295,232.84, 455.3027
828987,3.4360,0.003079,324.82, 455.3030
828988,3.4399,0.003558,281.08, 455.3030
828989,3.4434,0.003596,278.06, 455.3030
828990,3.4463,0.003035,329.50, 455.3030
828991,3.4507,0.004107,243.49, 455.3028
828992,3.4541,0.003433,291.30, 455.3030
828993,3.4575,0.003561,280.81, 455.3030
828994,3.4614,0.004126,242.36, 455.3024
828995,3.4648,0.003175,314.98, 455.3028
828996,3.4683,0.003309,302.25, 455.3030
828997,3.4712,0.003139,318.55, 455.3025
828998,3.4751,0.003618,276.40, 455.3030
828999,3.4785,0.003828,261.25, 455.3025
829000,3.4819,0.003424,292.02, 455.3030
829001,3.4858,0.003761,265.90, 455.3054
829002,3.4893,0.003283,304.65, 455.3025
829003,3.4932,0.004205,237.80, 455.3024
829004,3.4966,0.003387,295.21, 455.3282
829005,3.5000,0.003301,302.90, 455.3025
829006,3.5039,0.003833,260.89, 455.3030
829007,3.5078,0.003697,270.51, 455.3030
829008,3.5112,0.003667,272.70, 455.3030
829009,3.5151,0.003669,272.57, 455.3030
829010,3.5190,0.004098,244.01, 455.3025
829011,3.5220,0.003023,330.81, 455.3030
829012,3.5254,0.003361,297.57, 455.3030
829013,3.5288,0.003548,281.83, 455.3030
829014,3.5322,0.003377,296.09, 455.3030
829015,3.5361,0.003834,260.82, 455.3030
829016,3.5396,0.003617,276.51, 455.3030
829017,3.5430,0.003351,298.43, 455.3030
829018,3.5469,0.003618,276.43, 455.3028
829019,3.5498,0.002990,334.49, 455.3030
829020,3.5537,0.004096,244.12, 455.3030
829021,3.5571,0.003249,307.77, 455.3025
829022,3.5610,0.003853,259.54, 455.3028
829023,3.5645,0.003358,297.83, 455.3030
829024,3.5674,0.003311,301.99, 455.3025
829025,3.5713,0.003662,273.07, 455.3030
829026,3.5742,0.003166,315.84, 455.3028
829027,3.5781,0.003707,269.78, 455.3030
829028,3.5811,0.003131,319.40, 455.3030
829029,3.5850,0.003863,258.89, 455.3030
829030,3.5889,0.003703,270.07, 455.3028
829031,3.5923,0.003308,302.27, 455.3030
829032,3.5957,0.003565,280.51, 455.3030
829033,3.5986,0.003095,323.15, 455.3030
829034,3.6030,0.004463,224.08, 455.3024
829035,3.6064,0.003138,318.65, 455.3028
829036,3.6094,0.002965,337.22, 455.3030
829037,3.6133,0.003919,255.14, 455.3028
829038,3.6167,0.003302,302.87, 455.3030
829039,3.6201,0.003620,276.27, 455.3025
829040,3.6235,0.003161,316.37, 455.3028
829041,3.6274,0.003907,255.98, 455.3025
829042,3.6304,0.003100,322.59, 455.3028
829043,3.6343,0.004105,243.64, 455.3030
829044,3.6377,0.003168,315.62, 455.3030
829045,3.6411,0.003529,283.36, 455.3030
829046,3.6445,0.003541,282.42, 455.3030
829047,3.6479,0.003330,300.27, 455.3030
829048,3.6514,0.003476,287.70, 455.3028
829049,3.6553,0.003951,253.09, 455.3030
829050,3.6582,0.002957,338.23, 455.3030
829051,3.6626,0.004091,244.42, 455.3024
829052,3.6660,0.003371,296.67, 455.3030
829053,3.6694,0.003770,265.28, 455.3028
829054,3.6733,0.003591,278.50, 455.3030
829055,3.6763,0.003128,319.65, 455.3030
829056,3.6807,0.004152,240.82, 455.3024
829057,3.6836,0.003260,306.71, 455.3030
829058,3.6875,0.003798,263.31, 455.3027
829059,3.6904,0.003012,331.97, 455.3030
829060,3.6943,0.003832,260.97, 455.3030
829061,3.6982,0.003635,275.09, 455.3025
829062,3.7012,0.003067,326.04, 455.3025
829063,3.7051,0.003953,252.97, 455.3032
829064,3.7080,0.003048,328.04, 455.3025
829065,3.7119,0.003877,257.94, 455.3030
829066,3.7153,0.003155,316.97, 455.3028
829067,3.7188,0.003787,264.05, 455.3030
829068,3.7227,0.003607,277.28, 455.3030
829069,3.7256,0.003053,327.54, 455.3030
829070,3.7295,0.003909,255.81, 455.3030
829071,3.7324,0.003061,326.74, 455.3030
829072,3.7363,0.003945,253.46, 455.3028
829073,3.7397,0.002991,334.29, 455.3030
829074,3.7432,0.003797,263.38, 455.3028
829075,3.7471,0.003869,258.47, 455.3030
829076,3.7500,0.002992,334.20, 455.3030
829077,3.7539,0.003833,260.90, 455.3030
829078,3.7568,0.003049,327.94, 455.3030
829079,3.7607,0.003901,256.32, 455.3030
829080,3.7642,0.003069,325.81, 455.3030
829081,3.7681,0.003913,255.55, 455.3030
829082,3.7715,0.003547,281.95, 455.3030
829083,3.7749,0.003175,315.00, 455.3049
829084,3.7783,0.003792,263.73, 455.3030
829085,3.7817,0.003060,326.78, 455.3030
829086,3.7856,0.003958,252.65, 455.3030
829087,3.7891,0.003658,273.34, 455.3030
829088,3.7920,0.002992,334.28, 455.3030
829089,3.7964,0.004032,248.02, 455.3030
829090,3.7993,0.002973,336.38, 455.3030
829091,3.8037,0.004635,215.77, 455.3025
829092,3.8066,0.003097,322.91, 455.3030
829093,3.8101,0.003209,311.62, 455.3028
829094,3.8140,0.003672,272.31, 455.3030
829095,3.8169,0.003384,295.47, 455.3030
829096,3.8213,0.003962,252.40, 455.3030
829097,3.8242,0.003359,297.69, 455.3030
829098,3.8281,0.003589,278.66, 455.3030
829099,3.8315,0.003613,276.80, 455.3030
829100,3.8350,0.003226,310.03, 455.3030
829101,3.8389,0.003782,264.39, 455.3028
829102,3.8423,0.003470,288.19, 455.3030
829103,3.8457,0.003472,288.00, 455.3028
829104,3.8491,0.003367,296.99, 455.3030
829105,3.8525,0.003747,266.85, 455.3025
829106,3.8564,0.003490,286.53, 455.3030
829107,3.8594,0.003343,299.17, 455.3030
829108,3.8633,0.003609,277.05, 455.3030
829109,3.8667,0.003353,298.21, 455.3030
829110,3.8701,0.003687,271.19, 455.3030
829111,3.8730,0.003044,328.54, 455.3030
829112,3.8770,0.003875,258.06, 455.3030
829113,3.8809,0.003607,277.26, 455.3030
829114,3.8838,0.003119,320.64, 455.3028
829115,3.8882,0.004340,230.41, 455.3024
829116,3.8911,0.003092,323.44, 455.3030
829117,3.8945,0.003342,299.20, 455.3030
829118,3.8979,0.003255,307.27, 455.3030
829119,3.9019,0.003825,261.44, 455.3025
829120,3.9058,0.003844,260.15, 455.3030
829121,3.9087,0.003025,330.58, 455.3028
829122,3.9126,0.003807,262.66, 455.3024
829123,3.9155,0.003102,322.42, 455.3030
829124,3.9194,0.003723,268.64, 455.3028
829125,3.9229,0.003684,271.41, 455.3025
829126,3.9258,0.003110,321.54, 455.3025
829127,3.9297,0.003684,271.48, 455.3030
829128,3.9326,0.003170,315.45, 455.3028
829129,3.9365,0.003840,260.45, 455.3028
829130,3.9399,0.003060,326.85, 455.3030
829131,3.9434,0.003841,260.34, 455.3030
829132,3.9473,0.003704,269.99, 455.3030
829133,3.9502,0.003094,323.22, 455.3028
829134,3.9541,0.003814,262.19, 455.3030
829135,3.9575,0.003114,321.12, 455.3030
829136,3.9609,0.003804,262.91, 455.3028
829137,3.9644,0.003162,316.24, 455.3030
829138,3.9683,0.003820,261.77, 455.3028
829139,3.9722,0.003902,256.27, 455.3030
829140,3.9751,0.003157,316.74, 455.3030
829141,3.9785,0.003479,287.46, 455.3030
829142,3.9819,0.003343,299.13, 455.3030
829143,3.9858,0.003824,261.48, 455.3030
829144,3.9888,0.002994,333.98, 455.3030
829145,3.9927,0.003646,274.30, 455.3030
829146,3.9961,0.003671,272.42, 455.3030
829147,3.9995,0.003378,296.07, 455.3030
829148,4.0034,0.003888,257.18, 455.3024
829149,4.0063,0.003074,325.35, 455.3030
829150,4.0103,0.003714,269.24, 455.3030
829151,4.0137,0.003698,270.40, 455.3030
829152,4.0171,0.003026,330.52, 455.3025
829153,4.0205,0.003815,262.11, 455.3030
829154,4.0239,0.003071,325.64, 455.3030
829155,4.0278,0.003898,256.55, 455.3030
829156,4.0308,0.003217,310.88, 455.3030
829157,4.0347,0.003764,265.66, 455.3030
829158,4.0381,0.003660,273.23, 455.3030
829159,4.0415,0.003031,329.96, 455.3025
829160,4.0454,0.003991,250.56, 455.3030
829161,4.0483,0.003011,332.12, 455.3028
829162,4.0522,0.003686,271.33, 455.3030
829163,4.0557,0.003532,283.17, 455.3030
829164,4.0591,0.003574,279.78, 455.3030
829165,4.0630,0.003737,267.61, 455.3030
829166,4.0659,0.003249,307.78, 455.3030
829167,4.0698,0.003665,272.87, 455.3030
829168,4.0732,0.003327,300.53, 455.3028
829169,4.0767,0.003758,266.12, 455.3024
829170,4.0801,0.003019,331.20, 455.3025
829171,4.0840,0.004228,236.50, 455.3025
829172,4.0874,0.003037,329.29, 455.3030
829173,4.0908,0.003570,280.14, 455.3030
829174,4.0942,0.003573,279.86, 455.3028
829175,4.0972,0.003073,325.37, 455.3030
829176,4.1011,0.003898,256.57, 455.3028
829177,4.1050,0.003819,261.88, 455.3030
829178,4.1079,0.003039,329.06, 455.3028
829179,4.1123,0.004011,249.33, 455.3030
829180,4.1157,0.003346,298.91, 455.3030
829181,4.1191,0.003472,288.05, 455.3030
829182,4.1221,0.003095,323.12, 455.3030
829183,4.1260,0.003812,262.32, 455.3030
829184,4.1294,0.003483,287.10, 455.3030
829185,4.1323,0.003133,319.15, 455.3028
829186,4.1367,0.004159,240.42, 455.3024
829187,4.1401,0.003349,298.63, 455.3030
829188,4.1431,0.003236,309.05, 455.3030
829189,4.1465,0.003374,296.42, 455.3025
829190,4.1504,0.003679,271.81, 455.3030
829191,4.1543,0.003845,260.11, 455.3030
829192,4.1572,0.002973,336.33, 455.3030
829193,4.1606,0.003705,269.91, 455.3030
829194,4.1641,0.003105,322.05, 455.3028
829195,4.1680,0.004081,245.07, 455.3030
829196,4.1709,0.002978,335.75, 455.3030
829197,4.1748,0.003860,259.07, 455.3028
829198,4.1782,0.003539,282.61, 455.3030
829199,4.1816,0.003113,321.24, 455.3030
829200,4.1855,0.003965,252.22, 455.3030
829201,4.1885,0.003245,308.21, 455.3030
829202,4.1924,0.003734,267.79, 455.3030
829203,4.1953,0.002981,335.45, 455.3030
829204,4.1992,0.003826,261.34, 455.3030
829205,4.2031,0.003860,259.10, 455.3030
829206,4.2061,0.003005,332.75, 455.3030
829207,4.2100,0.003937,253.97, 455.3030
829208,4.2134,0.003166,315.91, 455.3028
829209,4.2168,0.003784,264.24, 455.3030
829210,4.2207,0.003874,258.12, 455.3030
829211,4.2236,0.002973,336.35, 455.3030
829212,4.2275,0.003891,257.00, 455.3030
829213,4.2310,0.003044,328.57, 455.3030
829214,4.2349,0.003966,252.16, 455.3030
829215,4.2378,0.002951,338.86, 455.3030
829216,4.2417,0.003966,252.15, 455.3028
829217,4.2456,0.004018,248.86, 455.3024
829218,4.2490,0.003404,293.77, 455.3028
829219,4.2524,0.003173,315.19, 455.3030
829220,4.2559,0.003398,294.26, 455.3025
829221,4.2593,0.003668,272.62, 455.3030
829222,4.2627,0.003589,278.61, 455.3028
829223,4.2666,0.003777,264.75, 455.3030
829224,4.2705,0.003726,268.40, 455.3030
829225,4.2734,0.003054,327.45, 455.3028
829226,4.2769,0.003493,286.28, 455.3030
829227,4.2803,0.003433,291.27, 455.3030
829228,4.2842,0.003745,267.03, 455.3030
829229,4.2881,0.004041,247.44, 455.3030
829230,4.2910,0.002983,335.23, 455.3030
829231,4.2949,0.003949,253.25, 455.3030
829232,4.2983,0.003014,331.83, 455.3030
829233,4.3022,0.003896,256.70, 455.3028
829234,4.3057,0.003636,275.06, 455.3030
829235,4.3086,0.003172,315.25, 455.3030
829236,4.3125,0.003589,278.64, 455.3030
829237,4.3159,0.003561,280.82, 455.3025
829238,4.3193,0.003398,294.27, 455.3030
829239,4.3228,0.003492,286.34, 455.3028
829240,4.3267,0.003639,274.79, 455.3028
829241,4.3301,0.003694,270.69, 455.3030
829242,4.3335,0.003098,322.79, 455.3025
829243,4.3374,0.003958,252.63, 455.3030
829244,4.3403,0.002968,336.90, 455.3030
829245,4.3442,0.003937,254.00, 455.3025
829246,4.3472,0.003046,328.26, 455.3028
829247,4.3511,0.003818,261.91, 455.3030
829248,4.3545,0.003668,272.61, 455.3030
829249,4.3579,0.003109,321.61, 455.3030
829250,4.3618,0.003778,264.73, 455.3030
829251,4.3647,0.003112,321.33, 455.3030
829252,4.3687,0.004021,248.68, 455.3030
829253,4.3716,0.002993,334.11, 455.3030
829254,4.3755,0.003903,256.19, 455.3030
829255,4.3794,0.003655,273.63, 455.3030
829256,4.3823,0.002971,336.62, 455.3028
829257,4.3862,0.003892,256.96, 455.3030
829258,4.3892,0.003099,322.66, 455.3030
829259,4.3931,0.003813,262.30, 455.3030
829260,4.3970,0.003738,267.54, 455.3030
829261,4.3999,0.003057,327.08, 455.3030
829262,4.4038,0.003932,254.35, 455.3030
829263,4.4067,0.003151,317.40, 455.3030
829264,4.4106,0.003782,264.41, 455.3030
829265,4.4141,0.003255,307.22, 455.3030
829266,4.4175,0.003700,270.25, 455.3025
829267,4.4214,0.003674,272.15, 455.3028
829268,4.4248,0.003632,275.35, 455.3030
829269,4.4287,0.003537,282.74, 455.3030
829270,4.4316,0.003249,307.82, 455.3025
829271,4.4355,0.003911,255.71, 455.3030
829272,4.4395,0.003756,266.25, 455.3030
829273,4.4424,0.002937,340.52, 455.3030
829274,4.4463,0.004099,243.97, 455.3030
829275,4.4497,0.003384,295.49, 455.3030
829276,4.4531,0.003090,323.61, 455.3030
829277,4.4565,0.003441,290.64, 455.3030
829278,4.4600,0.003483,287.14, 455.3030
829279,4.4639,0.004045,247.21, 455.3030
829280,4.4668,0.003074,325.33, 455.3025
829281,4.4707,0.003743,267.14, 455.3030
829282,4.4736,0.003075,325.22, 455.3028
829283,4.4775,0.003789,263.89, 455.3030
829284,4.4805,0.003113,321.25, 455.3030
829285,4.4849,0.004169,239.85, 455.3028
829286,4.4883,0.003577,279.60, 455.3030
829287,4.4922,0.003545,282.09, 455.3030
829288,4.4956,0.003758,266.10, 455.3253
829289,4.4990,0.003413,292.99, 455.3028
829290,4.5029,0.003821,261.73, 455.3025
829291,4.5063,0.003417,292.62, 455.3030
829292,4.5093,0.003096,323.03, 455.3030
829293,4.5137,0.004138,241.68, 455.3049
829294,4.5166,0.003131,319.43, 455.3025
829295,4.5210,0.004282,233.52, 455.3028
829296,4.5244,0.003585,278.92, 455.3030
829297,4.5278,0.003149,317.53, 455.3028
829298,4.5317,0.003808,262.61, 455.3030
829299,4.5347,0.003044,328.55, 455.3030
829300,4.5386,0.003914,255.51, 455.3030
829301,4.5415,0.003216,310.96, 455.3025
829302,4.5459,0.004060,246.29, 455.3025
829303,4.5493,0.003325,300.73, 455.3030
829304,4.5522,0.003250,307.67, 455.3030
829305,4.5562,0.003712,269.42, 455.3030
829306,4.5596,0.003429,291.63, 455.3030
829307,4.5635,0.003730,268.11, 455.3024
829308,4.5664,0.003136,318.91, 455.3030
829309,4.5703,0.003853,259.56, 455.3028
829310,4.5737,0.003556,281.21, 455.3025
829311,4.5767,0.003070,325.79, 455.3030
829312,4.5806,0.003819,261.84, 455.3025
829313,4.5840,0.003075,325.24, 455.3028
829314,4.5879,0.003907,255.93, 455.3028
829315,4.5913,0.003547,281.91, 455.3030
829316,4.5942,0.003215,311.07, 455.3028
829317,4.5981,0.003823,261.61, 455.3030
829318,4.6011,0.003004,332.94, 455.3030
829319,4.6055,0.004048,247.07, 455.3030
829320,4.6084,0.003008,332.47, 455.3030
829321,4.6123,0.003780,264.56, 455.3030
829322,4.6162,0.003955,252.83, 455.3027
829323,4.6191,0.003129,319.58, 455.3030
829324,4.6226,0.003512,284.72, 455.3030
829325,4.6260,0.003093,323.32, 455.3028
829326,4.6294,0.003787,264.09, 455.3030
829327,4.6328,0.003188,313.65, 455.3030
829328,4.6367,0.003855,259.40, 455.3030
829329,4.6406,0.003825,261.42, 455.3024
829330,4.6436,0.003231,309.50, 455.3025
829331,4.6475,0.003789,263.94, 455.3030
829332,4.6509,0.003262,306.59, 455.3025
829333,4.6543,0.003440,290.74, 455.3025
829334,4.6572,0.003053,327.53, 455.3030
829335,4.6611,0.003864,258.81, 455.3030
829336,4.6646,0.003628,275.64, 455.3030
829337,4.6680,0.003133,319.17, 455.3030
829338,4.6719,0.003916,255.36, 455.3025
829339,4.6748,0.003039,329.11, 455.3030
829340,4.6787,0.003778,264.69, 455.3129
829341,4.6821,0.003646,274.27, 455.3030
829342,4.6855,0.003282,304.67, 455.3030
829343,4.6895,0.003860,259.07, 455.3030
829344,4.6924,0.003037,329.33, 455.3030
829345,4.6963,0.003775,264.90, 455.3028
829346,4.6992,0.003055,327.32, 455.3028
829347,4.7031,0.004044,247.29, 455.3030
829348,4.7070,0.003573,279.87, 455.3028
829349,4.7100,0.003008,332.50, 455.3028
829350,4.7139,0.003879,257.83, 455.3030
829351,4.7168,0.003080,324.73, 455.3028
829352,4.7207,0.004005,249.68, 455.3027
829353,4.7236,0.003036,329.38, 455.3030
829354,4.7275,0.003723,268.62, 455.3025
829355,4.7314,0.003733,267.86, 455.3030
829356,4.7344,0.003137,318.75, 455.3030
829357,4.7383,0.003720,268.82, 455.3030
829358,4.7417,0.003390,294.99, 455.3030
829359,4.7451,0.003444,290.39, 455.3030
829360,4.7485,0.003382,295.66, 455.3030
829361,4.7524,0.003952,253.02, 455.3030
829362,4.7559,0.003477,287.63, 455.3030
829363,4.7588,0.003074,325.33, 455.3030
829364,4.7627,0.003811,262.39, 455.3030
829365,4.7661,0.003396,294.49, 455.3030
829366,4.7695,0.003560,280.94, 455.3025
829367,4.7729,0.003270,305.85, 455.3028
829368,4.7764,0.003688,271.13, 455.3030
829369,4.7803,0.003697,270.48, 455.3030
829370,4.7832,0.003135,318.99, 455.3030
829371,4.7871,0.003918,255.23, 455.3030
829372,4.7905,0.002985,335.04, 455.3028
829373,4.7944,0.004262,234.64, 455.3025
829374,4.7979,0.003463,288.75, 455.3030
829375,4.8018,0.003456,289.35, 455.3028
829376,4.8052,0.003520,284.07, 455.3030
829377,4.8086,0.003348,298.69, 455.3028
829378,4.8115,0.003181,314.37, 455.3028
829379,4.8149,0.003384,295.55, 455.3030
829380,4.8188,0.003727,268.34, 455.3030
829381,4.8223,0.003640,274.74, 455.3030
829382,4.8257,0.003141,318.39, 455.3025
829383,4.8296,0.004093,244.33, 455.3030
829384,4.8325,0.003060,326.85, 455.3025
829385,4.8364,0.003606,277.30, 455.3030
829386,4.8394,0.003018,331.40, 455.3030
829387,4.8433,0.003888,257.20, 455.3030
829388,4.8467,0.003703,270.03, 455.3030
829389,4.8496,0.003012,332.04, 455.3030
829390,4.8540,0.003988,250.78, 455.3030
829391,4.8569,0.002998,333.60, 455.3030
829392,4.8608,0.003816,262.09, 455.3030
829393,4.8638,0.003082,324.42, 455.3030
829394,4.8672,0.003705,269.93, 455.3028
829395,4.8711,0.003894,256.82, 455.3030
829396,4.8745,0.003033,329.73, 455.3030
829397,4.8784,0.003882,257.61, 455.3030
829398,4.8813,0.003018,331.39, 455.3030
829399,4.8853,0.003990,250.63, 455.3030
829400,4.8882,0.003098,322.80, 455.3030
829401,4.8921,0.003806,262.77, 455.3030
829402,4.8960,0.003675,272.09, 455.3030
829403,4.8989,0.002971,336.62, 455.3030
829404,4.9028,0.004011,249.32, 455.3313
829405,4.9058,0.003113,321.29, 455.3030
829406,4.9097,0.003713,269.34, 455.3030
829407,4.9131,0.003622,276.11, 455.3030
829408,4.9165,0.003330,300.34, 455.3030
829409,4.9204,0.003684,271.47, 455.3030
829410,4.9233,0.003185,313.96, 455.3030
829411,4.9272,0.003849,259.84, 455.3027
829412,4.9302,0.003020,331.17, 455.3030
829413,4.9341,0.003554,281.37, 455.3030
829414,4.9380,0.003971,251.81, 455.3030
829415,4.9414,0.003597,278.02, 455.3030
829416,4.9448,0.003536,282.77, 455.3030
829417,4.9482,0.003250,307.70, 455.3030
829418,4.9521,0.003929,254.54, 455.3030
829419,4.9551,0.003140,318.48, 455.3030
829420,4.9590,0.003713,269.33, 455.3028
829421,4.9629,0.003710,269.56, 455.3030
829422,4.9658,0.003003,333.02, 455.3030
829423,4.9697,0.003845,260.11, 455.3030
829424,4.9727,0.003105,322.09, 455.3028
829425,4.9766,0.003819,261.88, 455.3030
829426,4.9800,0.003706,269.80, 455.3030
829427,4.9829,0.002954,338.49, 455.3030
829428,4.9873,0.004042,247.38, 455.3030
829429,4.9902,0.002963,337.52, 455.3030
829430,4.9941,0.003823,261.60, 455.3030
829431,4.9976,0.003420,292.44, 455.3030
829432,5.0010,0.003626,275.77, 455.3030
829433,5.0054,0.004174,239.59, 455.3030
829434,5.0083,0.003104,322.13, 455.3025
829435,5.0127,0.004181,239.19, 455.3024
829436,5.0156,0.003169,315.59, 455.3030
829437,5.0186,0.003089,323.75, 455.3030
829438,5.0225,0.003853,259.55, 455.3028
829439,5.0259,0.003180,314.48, 455.3030
829440,5.0293,0.003771,265.19, 455.3030
829441,5.0327,0.003115,321.07, 455.3030
829442,5.0371,0.004324,231.28, 455.3024
829443,5.0400,0.003192,313.33, 455.3030
829444,5.0430,0.003024,330.70, 455.3030
829445,5.0469,0.003918,255.23, 455.3030
829446,5.0503,0.003006,332.63, 455.3030
829447,5.0542,0.003985,250.95, 455.3030
829448,5.0571,0.003007,332.55, 455.3030
829449,5.0610,0.003801,263.07, 455.3028
829450,5.0645,0.003307,302.36, 455.3030
829451,5.0684,0.003995,250.29, 455.3028
829452,5.0718,0.003643,274.47, 455.3030
829453,5.0752,0.003126,319.94, 455.3028
829454,5.0786,0.003486,286.90, 455.3030
829455,5.0815,0.003241,308.59, 455.3030
829456,5.0854,0.003893,256.88, 455.3030
829457,5.0884,0.002998,333.59, 455.3028
829458,5.0923,0.003862,258.96, 455.3030
829459,5.0967,0.004006,249.63, 455.3030
829460,5.0996,0.003023,330.80, 455.3025
829461,5.1035,0.003835,260.76, 455.3030
829462,5.1064,0.003093,323.28, 455.3030
829463,5.1104,0.003922,254.99, 455.3030
829464,5.1138,0.003573,279.88, 455.3030
829465,5.1172,0.003154,317.10, 455.3030
829466,5.1211,0.003894,256.79, 455.3030
829467,5.1240,0.003149,317.60, 455.3025
829468,5.1279,0.003788,264.02, 455.3030
829469,5.1309,0.003076,325.08, 455.3030
829470,5.1348,0.003847,259.98, 455.3028
829471,5.1387,0.004078,245.20, 455.3030
829472,5.1421,0.003163,316.16, 455.3028
829473,5.1460,0.003767,265.48, 455.3030
829474,5.1489,0.003010,332.26, 455.3028
829475,5.1528,0.004127,242.29, 455.3030
829476,5.1567,0.003788,263.97, 455.3024
829477,5.1602,0.003235,309.10, 455.3025
829478,5.1636,0.003347,298.80, 455.3030
829479,5.1670,0.003578,279.49, 455.3030
829480,5.1704,0.003593,278.30, 455.3028
829481,5.1733,0.003008,332.47, 455.3030
829482,5.1777,0.004194,238.45, 455.3030
829483,5.1807,0.003068,325.93, 455.3030
829484,5.1846,0.003725,268.49, 455.3028
829485,5.1880,0.003611,276.96, 455.3030
829486,5.1914,0.003074,325.28, 455.3030
829487,5.1948,0.003838,260.57, 455.3028
829488,5.1982,0.003041,328.85, 455.3030
829489,5.2017,0.003592,278.40, 455.3028
829490,5.2056,0.004148,241.10, 455.3024
829491,5.2090,0.003017,331.49, 455.3028
829492,5.2124,0.003621,276.16, 455.3655
829493,5.2153,0.003117,320.83, 455.3028
829494,5.2197,0.004005,249.67, 455.3030
829495,5.2231,0.003627,275.69, 455.3030
829496,5.2261,0.002924,342.01, 455.3028
829497,5.2300,0.004028,248.24, 455.3030
829498,5.2334,0.003048,328.08, 455.3030
829499,5.2373,0.004085,244.78, 455.3079
829500,5.2402,0.003037,329.23, 455.3025
829501,5.2441,0.003824,261.51, 455.3030
829502,5.2476,0.003651,273.91, 455.3030
829503,5.2510,0.003025,330.58, 455.3025
829504,5.2549,0.003873,258.21, 455.3030
829505,5.2578,0.003110,321.57, 455.3030
829506,5.2617,0.003897,256.62, 455.3025
829507,5.2646,0.003174,315.03, 455.3030
829508,5.2686,0.003902,256.27, 455.3028
829509,5.2725,0.003599,277.86, 455.3030
829510,5.2754,0.003172,315.24, 455.3025
829511,5.2793,0.003687,271.24, 455.3030
829512,5.2822,0.003111,321.48, 455.3030
829513,5.2861,0.003924,254.85, 455.3030
829514,5.2891,0.002972,336.44, 455.3030
829515,5.2930,0.003901,256.37, 455.3030
829516,5.2969,0.003553,281.44, 455.3030
829517,5.2998,0.003174,315.09, 455.3030
829518,5.3037,0.003829,261.15, 455.3030
829519,5.3066,0.003168,315.65, 455.3030
829520,5.3105,0.003853,259.54, 455.3030
829521,5.3145,0.003625,275.88, 455.3030
829522,5.3174,0.002988,334.68, 455.3028
829523,5.3218,0.004269,234.27, 455.3024
829524,5.3247,0.003331,300.25, 455.3030
829525,5.3286,0.003485,286.93, 455.3030
829526,5.3315,0.003036,329.44, 455.3030
829527,5.3354,0.003815,262.14, 455.3030
829528,5.3389,0.003767,265.48, 455.3028
829529,5.3423,0.003058,326.97, 455.3030
829530,5.3462,0.004023,248.57, 455.3027
829531,5.3491,0.003051,327.74, 455.3028
829532,5.3530,0.003824,261.49, 455.3028
829533,5.3560,0.003108,321.71, 455.3025
829534,5.3599,0.003811,262.38, 455.3030
829535,5.3638,0.003635,275.08, 455.3030
829536,5.3667,0.003102,322.37, 455.3030
829537,5.3706,0.004044,247.28, 455.3030
829538,5.3735,0.003093,323.35, 455.3030
829539,5.3779,0.004181,239.17, 455.3027
829540,5.3809,0.003050,327.85, 455.3030
829541,5.3843,0.003498,285.89, 455.3030
829542,5.3882,0.003578,279.52, 455.3028
829543,5.3916,0.003362,297.43, 455.3030
829544,5.3950,0.003706,269.80, 455.3030
829545,5.3979,0.002989,334.53, 455.3028
829546,5.4019,0.003768,265.42, 455.3030
829547,5.4053,0.003274,305.44, 455.3030
829548,5.4087,0.003746,266.98, 455.3030
829549,5.4126,0.003703,270.04, 455.3030
829550,5.4155,0.003066,326.17, 455.3028
829551,5.4194,0.003868,258.56, 455.3030
829552,5.4229,0.003365,297.18, 455.3030
829553,5.4268,0.003601,277.72, 455.3030
829554,5.4302,0.003601,277.69, 455.3030
829555,5.4331,0.003166,315.90, 455.3030
829556,5.4370,0.003797,263.36, 455.3030
829557,5.4404,0.003256,307.11, 455.3030
829558,5.4438,0.003724,268.56, 455.3030
829559,5.4473,0.003014,331.83, 455.3030
829560,5.4512,0.003855,259.43, 455.3030
829561,5.4546,0.003806,262.78, 455.3030
829562,5.4580,0.003057,327.16, 455.3028
829563,5.4619,0.004277,233.84, 455.3025
829564,5.4653,0.003154,317.04, 455.3030
829565,5.4683,0.002987,334.76, 455.3028
829566,5.4717,0.003641,274.67, 455.3030
829567,5.4756,0.003636,275.01, 455.3030
829568,5.4790,0.003595,278.18, 455.3030
829569,5.4824,0.003157,316.74, 455.3030
829570,5.4863,0.004274,233.99, 455.3024
829571,5.4897,0.003358,297.81, 455.3028
829572,5.4932,0.003140,318.45, 455.3030
829573,5.4966,0.003707,269.75, 455.3119
829574,5.5000,0.003278,305.11, 455.3025
829575,5.5044,0.004271,234.16, 455.3024
829576,5.5078,0.003466,288.55, 455.3024
829577,5.5107,0.003118,320.68, 455.3030
829578,5.5146,0.003733,267.87, 455.3028
829579,5.5186,0.003981,251.18, 455.3028
829580,5.5215,0.003089,323.71, 455.3025
829581,5.5254,0.003690,271.01, 455.3030
829582,5.5288,0.003557,281.13, 455.3025
829583,5.5327,0.003728,268.28, 455.3030
829584,5.5356,0.003038,329.17, 455.3028
829585,5.5396,0.003943,253.60, 455.3028
829586,5.5425,0.003013,331.88, 455.3025
829587,5.5464,0.003851,259.68, 455.3030
829588,5.5493,0.003056,327.19, 455.3028
829589,5.5532,0.003827,261.32, 455.3028
829590,5.5571,0.003673,272.29, 455.3030
829591,5.5601,0.003116,320.89, 455.3030
829592,5.5640,0.003941,253.72, 455.3030
829593,5.5674,0.003051,327.82, 455.3025
829594,5.5708,0.003872,258.27, 455.3030
829595,5.5742,0.003104,322.15, 455.3028
829596,5.5781,0.003826,261.34, 455.3030
829597,5.5815,0.003623,276.03, 455.3030
829598,5.5845,0.003072,325.56, 455.3028
829599,5.5889,0.003988,250.78, 455.3030
829600,5.5918,0.003011,332.07, 455.3030
829601,5.5957,0.003939,253.88, 455.3030
829602,5.5986,0.003008,332.50, 455.3025
829603,5.6025,0.003901,256.36, 455.3030
829604,5.6055,0.003015,331.71, 455.3025
829605,5.6094,0.003776,264.85, 455.3030
829606,5.6128,0.003711,269.45, 455.3030
829607,5.6162,0.003296,303.38, 455.3030
829608,5.6201,0.003685,271.35, 455.3030
829609,5.6230,0.003123,320.17, 455.3030
829610,5.6274,0.004151,240.88, 455.3028
829611,5.6304,0.003113,321.23, 455.3030
829612,5.6338,0.003503,285.49, 455.3030
829613,5.6372,0.003469,288.27, 455.3030
829614,5.6406,0.003330,300.27, 455.3030
829615,5.6445,0.004051,246.83, 455.3027
829616,5.6479,0.003054,327.46, 455.3028
829617,5.6514,0.003748,266.82, 455.3025
829618,5.6553,0.003913,255.56, 455.3030
829619,5.6582,0.003010,332.26, 455.3030
829620,5.6626,0.003938,253.96, 455.3049
829621,5.6655,0.003040,328.96, 455.3030
829622,5.6694,0.003932,254.34, 455.3030
829623,5.6729,0.003616,276.59, 455.3030
829624,5.6758,0.003023,330.75, 455.3028
829625,5.6797,0.003781,264.45, 455.3030
829626,5.6831,0.003471,288.11, 455.3030
829627,5.6870,0.003975,251.56, 455.3028
829628,5.6909,0.003583,279.12, 455.3030
829629,5.6938,0.003085,324.20, 455.3030
829630,5.6978,0.003886,257.33, 455.3030
829631,5.7007,0.002967,337.07, 455.3030
829632,5.7051,0.004382,228.21, 455.3030
829633,5.7080,0.003012,332.01, 455.3030
829634,5.7119,0.003682,271.58, 455.3030
829635,5.7158,0.003872,258.27, 455.3030
829636,5.7188,0.003052,327.68, 455.3030
829637,5.7227,0.003880,257.71, 455.3028
829638,5.7256,0.003015,331.68, 455.3028
829639,5.7295,0.003803,262.93, 455.3030
829640,5.7324,0.003110,321.51, 455.3030
829641,5.7363,0.003944,253.56, 455.3028
829642,5.7402,0.003766,265.52, 455.3030
829643,5.7432,0.002976,336.03, 455.3030
829644,5.7471,0.003801,263.08, 455.3030
829645,5.7500,0.003104,322.20, 455.3030
829646,5.7539,0.003772,265.14, 455.3025
829647,5.7573,0.003375,296.32, 455.3030
829648,5.7607,0.003640,274.71, 455.3030
829649,5.7646,0.003647,274.18, 455.3030
829650,5.7676,0.003088,323.83, 455.3028
829651,5.7715,0.003930,254.48, 455.3030
829652,5.7744,0.002995,333.87, 455.3030
829653,5.7783,0.003813,262.25, 455.3030
829654,5.7817,0.003337,299.64, 455.3028
829655,5.7856,0.003856,259.36, 455.3030
829656,5.7891,0.003544,282.18, 455.3028
829657,5.7920,0.003079,324.81, 455.3030
829658,5.7959,0.003919,255.15, 455.3027
829659,5.7993,0.003102,322.36, 455.3030
829660,5.8032,0.003800,263.18, 455.3030
829661,5.8066,0.003563,280.69, 455.3030
829662,5.8101,0.003231,309.49, 455.3030
829663,5.8135,0.003734,267.82, 455.3030
829664,5.8169,0.003155,316.95, 455.3028
829665,5.8208,0.003987,250.79, 455.3030
829666,5.8247,0.004116,242.98, 455.3024
829667,5.8281,0.003431,291.47, 455.3030
829668,5.8315,0.003090,323.67, 455.3025
829669,5.8345,0.003359,297.72, 455.3030
829670,5.8384,0.003629,275.60, 455.3025
829671,5.8413,0.003176,314.89, 455.3025
829672,5.8452,0.003797,263.36, 455.3030
829673,5.8481,0.003084,324.28, 455.3028
829674,5.8525,0.004264,234.52, 455.3025
829675,5.8555,0.003062,326.62, 455.3030
829676,5.8589,0.003424,292.06, 455.3030
829677,5.8628,0.003699,270.32, 455.3030
829678,5.8657,0.003137,318.74, 455.3030
829679,5.8696,0.003885,257.40, 455.3030
829680,5.8730,0.003337,299.64, 455.3028
829681,5.8770,0.003583,279.09, 455.3028
829682,5.8804,0.003835,260.78, 455.3027
829683,5.8838,0.003033,329.73, 455.3028
829684,5.8872,0.003777,264.75, 455.3030
829685,5.8906,0.003119,320.57, 455.3030
829686,5.8945,0.003799,263.23, 455.3028
829687,5.8979,0.003560,280.88, 455.3030
829688,5.9014,0.003528,283.49, 455.3030
829689,5.9053,0.003687,271.21, 455.3025
829690,5.9087,0.003343,299.15, 455.3030
829691,5.9121,0.003570,280.10, 455.3030
829692,5.9150,0.003220,310.58, 455.3030
829693,5.9189,0.003779,264.62, 455.3030
829694,5.9229,0.003761,265.88, 455.3030
829695,5.9258,0.003181,314.37, 455.3030
829696,5.9297,0.003603,277.55, 455.3030
829697,5.9326,0.003162,316.25, 455.3028
829698,5.9365,0.003940,253.80, 455.3025
829699,5.9404,0.003855,259.40, 455.3030
829700,5.9434,0.003048,328.13, 455.3028
829701,5.9473,0.003809,262.54, 455.3030
829702,5.9502,0.002993,334.12, 455.3030
829703,5.9546,0.004229,236.46, 455.3024
829704,5.9575,0.003022,330.91, 455.3030
829705,5.9609,0.003521,283.99, 455.3030
829706,5.9648,0.003855,259.42, 455.3030
829707,5.9683,0.003150,317.46, 455.3028
829708,5.9722,0.003899,256.46, 455.3028
829709,5.9751,0.003040,328.96, 455.3030
829710,5.9790,0.003786,264.12, 455.3030
829711,5.9819,0.003068,325.98, 455.3030
829712,5.9858,0.003923,254.93, 455.3030
829713,5.9897,0.003691,270.94, 455.3030
829714,5.9927,0.003072,325.49, 455.3030
829715,5.9966,0.003893,256.89, 455.3024
829716,5.9995,0.003096,322.97, 455.3030
829717,6.0034,0.003956,252.81, 455.3025
829718,6.0073,0.003633,275.22, 455.3030
829719,6.0103,0.003055,327.39, 455.3030
829720,6.0142,0.003760,265.93, 455.3030
829721,6.0171,0.003028,330.25, 455.3030
829722,6.0210,0.004058,246.41, 455.3030
829723,6.0239,0.002983,335.20, 455.3030
829724,6.0278,0.003855,259.38, 455.3030
829725,6.0317,0.003778,264.73, 455.3030
829726,6.0352,0.003628,275.64, 455.3025
829727,6.0391,0.003523,283.85, 455.3027
829728,6.0420,0.003120,320.49, 455.3030
829729,6.0454,0.003615,276.64, 455.3025
829730,6.0488,0.003068,325.95, 455.3028
829731,6.0527,0.004248,235.41, 455.3028
829732,6.0562,0.003097,322.91, 455.3030
829733,6.0596,0.003495,286.14, 455.3030
829734,6.0630,0.003639,274.82, 455.3030
829735,6.0664,0.003424,292.07, 455.3028
829736,6.0703,0.003562,280.71, 455.3025
829737,6.0732,0.003110,321.60, 455.3030
829738,6.0771,0.003861,258.99, 455.3030
829739,6.0811,0.003853,259.55, 455.3030
829740,6.0840,0.003183,314.21, 455.3030
829741,6.0879,0.003734,267.80, 455.3030
829742,6.0908,0.003097,322.93, 455.3028
829743,6.0947,0.003936,254.10, 455.3025
829744,6.0986,0.003573,279.90, 455.3028
829745,6.1016,0.003158,316.68, 455.3028
829746,6.1060,0.004144,241.33, 455.3024
829747,6.1089,0.003088,323.88, 455.3030
829748,6.1123,0.003526,283.58, 455.3030
829749,6.1157,0.003530,283.29, 455.3030
829750,6.1196,0.003903,256.24, 455.3028
829751,6.1230,0.003113,321.21, 455.3030
829752,6.1260,0.003108,321.73, 455.3030
829753,6.1299,0.003838,260.58, 455.3030
829754,6.1328,0.003085,324.16, 455.3030
829755,6.1367,0.003709,269.60, 455.3030
829756,6.1401,0.003503,285.49, 455.3030
829757,6.1440,0.003686,271.32, 455.3025
829758,6.1475,0.003729,268.16, 455.3030
829759,6.1509,0.003057,327.16, 455.3028
829760,6.1543,0.003780,264.56, 455.3030
829761,6.1577,0.003130,319.48, 455.3030
829762,6.1616,0.004134,241.92, 455.3024
829763,6.1650,0.003155,316.93, 455.3030
829764,6.1685,0.003505,285.31, 455.3030
829765,6.1719,0.003593,278.29, 455.3030
829766,6.1753,0.003476,287.72, 455.3025
829767,6.1787,0.003454,289.49, 455.3028
829768,6.1821,0.003122,320.33, 455.3030
829769,6.1860,0.003842,260.32, 455.3030
829770,6.1890,0.003088,323.86, 455.3030
829771,6.1929,0.003917,255.33, 455.3030
829772,6.1968,0.003692,270.87, 455.3049
829773,6.1997,0.003006,332.72, 455.3030
829774,6.2036,0.003925,254.80, 455.3030
829775,6.2065,0.003094,323.22, 455.3030
829776,6.2104,0.003891,257.03, 455.3030
829777,6.2144,0.003650,273.96, 455.3030
829778,6.2173,0.002939,340.22, 455.3030
829779,6.2212,0.004269,234.22, 455.3027
829780,6.2246,0.003262,306.53, 455.3028
829781,6.2280,0.003224,310.14, 455.3028
829782,6.2310,0.003259,306.81, 455.3030
829783,6.2349,0.003823,261.55, 455.3030
829784,6.2388,0.003646,274.29, 455.3030
829785,6.2417,0.003158,316.67, 455.3030
829786,6.2451,0.003652,273.83, 455.3028
829787,6.2485,0.003284,304.50, 455.3030
829788,6.2524,0.003727,268.30, 455.3028
829789,6.2559,0.003380,295.85, 455.3030
829790,6.2593,0.003714,269.26, 455.3028
829791,6.2632,0.003675,272.09, 455.3024
829792,6.2661,0.003109,321.70, 455.3025
829793,6.2700,0.003962,252.37, 455.3024
829794,6.2734,0.003116,320.93, 455.3025
829795,6.2769,0.003474,287.86, 455.3028
829796,6.2803,0.003610,277.03, 455.3030
829797,6.2837,0.003322,301.04, 455.3030
829798,6.2876,0.003945,253.52, 455.3030
829799,6.2905,0.002975,336.16, 455.3030
829800,6.2944,0.003970,251.89, 455.3030
829801,6.2979,0.003002,333.13, 455.3030
829802,6.3018,0.004231,236.34, 455.3025
829803,6.3057,0.003972,251.78, 455.3024
829804,6.3091,0.003187,313.74, 455.3030
829805,6.3125,0.003444,290.39, 455.3030
829806,6.3154,0.003080,324.64, 455.3030
829807,6.3193,0.003795,263.49, 455.3030
829808,6.3228,0.003635,275.11, 455.3028
829809,6.3267,0.003741,267.32, 455.3025
829810,6.3296,0.003044,328.56, 455.3030
829811,6.3335,0.003541,282.43, 455.3030
829812,6.3369,0.003713,269.30, 455.3028
829813,6.3398,0.002992,334.22, 455.3030
829814,6.3438,0.003874,258.16, 455.3028
829815,6.3477,0.003633,275.29, 455.3030
829816,6.3506,0.003187,313.75, 455.3030
829817,6.3545,0.003712,269.37, 455.3030
829818,6.3579,0.003388,295.19, 455.3030
829819,6.3613,0.003543,282.22, 455.3030
829820,6.3647,0.003463,288.78, 455.3030
829821,6.3682,0.003532,283.10, 455.3030
829822,6.3721,0.003777,264.75, 455.3028
829823,6.3750,0.003037,329.32, 455.3030
829824,6.3789,0.003898,256.56, 455.3030
829825,6.3818,0.003026,330.51, 455.3028
829826,6.3862,0.004375,228.59, 455.3024
829827,6.3896,0.003068,326.00, 455.3030
829828,6.3931,0.003368,296.96, 455.3030
829829,6.3965,0.003620,276.27, 455.3030
829830,6.3994,0.003036,329.44, 455.3030
829831,6.4033,0.003934,254.21, 455.3030
829832,6.4067,0.003084,324.23, 455.3030
829833,6.4106,0.003977,251.45, 455.3030
829834,6.4136,0.003008,332.46, 455.3028
829835,6.4175,0.003924,254.86, 455.3025
829836,6.4209,0.003509,284.95, 455.3030
829837,6.4238,0.003097,322.87, 455.3030
829838,6.4277,0.003800,263.15, 455.3030
829839,6.4312,0.003376,296.22, 455.3025
829840,6.4351,0.003749,266.73, 455.3025
829841,6.4385,0.003674,272.16, 455.3030
829842,6.4424,0.003946,253.41, 455.3028
829843,6.4458,0.002979,335.65, 455.3030
829844,6.4492,0.003618,276.37, 455.3030
829845,6.4526,0.003593,278.36, 455.3030
829846,6.4561,0.003142,318.24, 455.3030
829847,6.4600,0.003876,258.03, 455.3030
829848,6.4634,0.003350,298.47, 455.3159
829849,6.4663,0.003258,306.94, 455.3030
829850,6.4702,0.003976,251.50, 455.3030
829851,6.4736,0.003054,327.43, 455.3030
829852,6.4771,0.003834,260.81, 455.3028
829853,6.4805,0.003050,327.84, 455.3030
829854,6.4844,0.003998,250.14, 455.3025
829855,6.4883,0.003927,254.66, 455.3024
829856,6.4917,0.003406,293.61, 455.3024
829857,6.4946,0.003138,318.66, 455.3030
829858,6.4980,0.003295,303.49, 455.3025
829859,6.5024,0.004392,227.71, 455.3024
829860,6.5059,0.003438,290.84, 455.3027
829861,6.5093,0.003420,292.41, 455.3030
829862,6.5127,0.003487,286.78, 455.3030
829863,6.5171,0.004020,248.74, 455.3030
829864,6.5205,0.003686,271.28, 455.3028
829865,6.5239,0.003363,297.35, 455.3030
829866,6.5269,0.003137,318.83, 455.3028
829867,6.5308,0.003909,255.85, 455.3030
829868,6.5342,0.003097,322.86, 455.3030
829869,6.5381,0.004223,236.82, 455.3025
829870,6.5410,0.002939,340.25, 455.3030
829871,6.5449,0.003743,267.16, 455.3028
829872,6.5483,0.003543,282.27, 455.3030
829873,6.5518,0.003067,326.03, 455.3030
829874,6.5562,0.004372,228.75, 455.3024
829875,6.5591,0.003162,316.23, 455.3030
829876,6.5620,0.003084,324.24, 455.3030
829877,6.5654,0.003499,285.80, 455.3030
829878,6.5693,0.003655,273.60, 455.3030
829879,6.5732,0.003697,270.51, 455.3030
829880,6.5762,0.003076,325.08, 455.3025
829881,6.5796,0.003703,270.07, 455.3030
829882,6.5830,0.003415,292.82, 455.3025
829883,6.5874,0.004046,247.16, 455.3025
829884,6.5903,0.003183,314.19, 455.3030
829885,6.5938,0.003330,300.27, 455.3030
829886,6.5977,0.003744,267.10, 455.3030
829887,6.6006,0.003004,332.92, 455.3030
829888,6.6050,0.004287,233.28, 455.3084
829889,6.6079,0.002967,337.09, 455.3030
829890,6.6123,0.004358,229.47, 455.3025
829891,6.6152,0.003081,324.61, 455.3030
829892,6.6182,0.003145,317.93, 455.3030
829893,6.6226,0.004287,233.27, 455.3028
829894,6.6255,0.003011,332.12, 455.3030
829895,6.6294,0.003812,262.36, 455.3030
829896,6.6333,0.003777,264.77, 455.3030
829897,6.6362,0.002947,339.28, 455.3030
829898,6.6401,0.003982,251.12, 455.3030
829899,6.6436,0.003144,318.10, 455.3030
829900,6.6470,0.003785,264.21, 455.3028
829901,6.6504,0.003071,325.64, 455.3030
829902,6.6543,0.003906,256.04, 455.3030
829903,6.6577,0.003701,270.18, 455.3030
829904,6.6606,0.002954,338.55, 455.3030
829905,6.6646,0.003850,259.75, 455.3030
829906,6.6680,0.003209,311.63, 455.3028
829907,6.6719,0.003997,250.19, 455.3030
829908,6.6748,0.003099,322.65, 455.3030
829909,6.6787,0.003720,268.82, 455.3030
829910,6.6821,0.003722,268.69, 455.3030
829911,6.6855,0.003098,322.82, 455.3025
829912,6.6895,0.003796,263.41, 455.3030
829913,6.6924,0.003207,311.85, 455.3025
829914,6.6968,0.004218,237.08, 455.3024
829915,6.6997,0.003060,326.85, 455.3030
829916,6.7026,0.003059,326.90, 455.3028
829917,6.7065,0.003989,250.72, 455.3030
829918,6.7104,0.003467,288.46, 455.3030
829919,6.7139,0.003656,273.53, 455.3030
829920,6.7168,0.003150,317.49, 455.3030
829921,6.7207,0.003649,274.08, 455.3030
829922,6.7246,0.003694,270.70, 455.3030
829923,6.7275,0.003389,295.04, 455.3030
829924,6.7314,0.003611,276.90, 455.3030
829925,6.7349,0.003406,293.59, 455.3030
829926,6.7383,0.003598,277.95, 455.3030
829927,6.7417,0.003251,307.64, 455.3030
829928,6.7456,0.003738,267.52, 455.3030
829929,6.7490,0.003550,281.66, 455.3030
829930,6.7520,0.003103,322.32, 455.3030
829931,6.7573,0.005218,191.63, 455.3024
829932,6.7603,0.003028,330.29, 455.3030
829933,6.7632,0.003011,332.15, 455.3024
829934,6.7661,0.002987,334.81, 455.3030
829935,6.7700,0.003545,282.09, 455.3030
829936,6.7734,0.003534,282.95, 455.3030
829937,6.7769,0.003406,293.59, 455.3030
829938,6.7803,0.003492,286.38, 455.3030
829939,6.7837,0.003368,296.89, 455.3030
829940,6.7871,0.003744,267.10, 455.3028
829941,6.7910,0.003635,275.12, 455.3028
829942,6.7939,0.003086,324.02, 455.3028
829943,6.7979,0.003767,265.45, 455.3028
829944,6.8013,0.003234,309.20, 455.3030
829945,6.8047,0.003790,263.87, 455.3030
829946,6.8081,0.003078,324.88, 455.3028
829947,6.8115,0.003800,263.18, 455.3025
829948,6.8154,0.003750,266.65, 455.3030
829949,6.8184,0.003020,331.18, 455.3173
829950,6.8223,0.003830,261.12, 455.3030
829951,6.8257,0.003511,284.80, 455.3030
829952,6.8291,0.003455,289.43, 455.3030
829953,6.8325,0.003093,323.34, 455.3030
829954,6.8364,0.003888,257.19, 455.3030
829955,6.8403,0.003886,257.31, 455.3030
829956,6.8438,0.003357,297.91, 455.3028
829957,6.8467,0.003166,315.86, 455.3030
829958,6.8501,0.003542,282.37, 455.3030
829959,6.8540,0.003630,275.45, 455.3030
829960,6.8569,0.003128,319.72, 455.3025
829961,6.8608,0.003793,263.63, 455.3030
829962,6.8643,0.003525,283.72, 455.3030
829963,6.8677,0.003457,289.29, 455.3028
829964,6.8716,0.003777,264.74, 455.3030
829965,6.8745,0.003102,322.34, 455.3025
829966,6.8784,0.003725,268.43, 455.3028
829967,6.8813,0.003073,325.47, 455.3030
829968,6.8853,0.003945,253.46, 455.3030
829969,6.8892,0.003833,260.87, 455.3030
829970,6.8921,0.002962,337.67, 455.3030
829971,6.8965,0.004475,223.45, 455.3024
829972,6.8999,0.003177,314.74, 455.3030
829973,6.9028,0.003023,330.79, 455.3025
829974,6.9063,0.003550,281.67, 455.3030
829975,6.9102,0.003692,270.84, 455.3030
829976,6.9136,0.003518,284.27, 455.3025
829977,6.9165,0.003112,321.31, 455.3030
829978,6.9209,0.004399,227.34, 455.3025
829979,6.9248,0.003803,262.93, 455.3030
829980,6.9282,0.003078,324.85, 455.3025
829981,6.9316,0.003737,267.61, 455.3030
829982,6.9351,0.003234,309.20, 455.3030
829983,6.9390,0.004115,243.00, 455.3030
829984,6.9429,0.003676,272.06, 455.3030
829985,6.9458,0.002951,338.88, 455.3025
829986,6.9497,0.004033,247.98, 455.3030
829987,6.9526,0.002944,339.69, 455.3119
829988,6.9575,0.004792,208.67, 455.3024
829989,6.9604,0.003077,324.99, 455.3030
829990,6.9639,0.003121,320.43, 455.3030
829991,6.9678,0.003926,254.69, 455.3030
829992,6.9707,0.003026,330.50, 455.3030
829993,6.9746,0.003948,253.31, 455.3030
829994,6.9775,0.003019,331.26, 455.3025
829995,6.9819,0.004296,232.77, 455.3024
829996,6.9849,0.003141,318.38, 455.3030
829997,6.9883,0.003299,303.09, 455.3030
829998,6.9922,0.003811,262.43, 455.3030
829999,6.9951,0.003055,327.39, 455.3030
830000,6.9990,0.003845,260.07, 455.3030
830001,7.0024,0.003148,317.68, 455.3030
830002,7.0059,0.003884,257.47, 455.3049
830003,7.0093,0.003020,331.15, 455.3030
830004,7.0132,0.003930,254.46, 455.3028
830005,7.0166,0.003720,268.80, 455.3030
830006,7.0200,0.003079,324.75, 455.3025
830007,7.0239,0.003929,254.53, 455.3024
830008,7.0269,0.003085,324.17, 455.3025
830009,7.0303,0.003512,284.77, 455.3028
830010,7.0342,0.004022,248.66, 455.3030
830011,7.0376,0.003055,327.31, 455.3025
830012,7.0410,0.003794,263.55, 455.3030
830013,7.0444,0.003122,320.34, 455.3028
830014,7.0483,0.003838,260.54, 455.3028
830015,7.0518,0.003465,288.57, 455.3025
830016,7.0557,0.003836,260.71, 455.3025
830017,7.0586,0.003042,328.73, 455.3030
830018,7.0620,0.003669,272.52, 455.3030
830019,7.0659,0.003804,262.85, 455.3030
830020,7.0693,0.003239,308.71, 455.3028
830021,7.0732,0.003901,256.33, 455.3030
830022,7.0767,0.003548,281.86, 455.3030
830023,7.0801,0.003433,291.27, 455.3030
830024,7.0835,0.003520,284.07, 455.3030
830025,7.0869,0.003248,307.91, 455.3030
830026,7.0908,0.003771,265.22, 455.3030
830027,7.0938,0.003088,323.83, 455.3030
830028,7.0977,0.003917,255.32, 455.3030
830029,7.1016,0.003735,267.74, 455.3030
830030,7.1045,0.003024,330.67, 455.3030
830031,7.1084,0.003863,258.86, 455.3030
830032,7.1113,0.003022,330.86, 455.3030
830033,7.1152,0.003898,256.52, 455.3030
830034,7.1182,0.003132,319.27, 455.3030
830035,7.1221,0.003908,255.91, 455.3030
830036,7.1260,0.003576,279.65, 455.3030
830037,7.1289,0.003063,326.52, 455.3028
830038,7.1328,0.003795,263.48, 455.3030
830039,7.1362,0.003339,299.46, 455.3030
830040,7.1396,0.003695,270.61, 455.3030
830041,7.1426,0.003089,323.74, 455.3030
830042,7.1465,0.003839,260.50, 455.3030
830043,7.1504,0.003821,261.70, 455.3030
830044,7.1538,0.003400,294.11, 455.3030
830045,7.1572,0.003305,302.60, 455.3030
830046,7.1606,0.003348,298.66, 455.3028
830047,7.1641,0.003713,269.34, 455.3025
830048,7.1680,0.003851,259.71, 455.3030
830049,7.1709,0.002923,342.07, 455.3030
830050,7.1758,0.004534,220.56, 455.3024
830051,7.1792,0.003522,283.95, 455.3030
830052,7.1821,0.003044,328.56, 455.3030
830053,7.1851,0.003059,326.88, 455.3028
830054,7.1890,0.003994,250.41, 455.3030
830055,7.1929,0.003576,279.63, 455.3030
830056,7.1958,0.003098,322.81, 455.3030
830057,7.1997,0.003673,272.29, 455.3030
830058,7.2026,0.003324,300.82, 455.3025
830059,7.2070,0.004038,247.68, 455.3028
830060,7.2104,0.003555,281.33, 455.3030
830061,7.2134,0.003115,320.99, 455.3025
830062,7.2168,0.003476,287.72, 455.3030
830063,7.2207,0.003542,282.31, 455.3030
830064,7.2241,0.003792,263.75, 455.3030
830065,7.2275,0.003043,328.61, 455.3030
830066,7.2310,0.003710,269.51, 455.3028
830067,7.2349,0.003817,262.01, 455.3030
830068,7.2388,0.003645,274.34, 455.3028
830069,7.2427,0.003862,258.93, 455.3030
830070,7.2456,0.003041,328.80, 455.3025
830071,7.2490,0.003718,268.94, 455.3028
830072,7.2524,0.003128,319.66, 455.3025
830073,7.2563,0.003864,258.83, 455.3030
830074,7.2598,0.003479,287.42, 455.3028
830075,7.2627,0.003192,313.33, 455.3028
830076,7.2666,0.003793,263.62, 455.3030
830077,7.2700,0.003138,318.63, 455.3028
830078,7.2734,0.003706,269.86, 455.3028
830079,7.2773,0.003749,266.74, 455.3030
830080,7.2803,0.003212,311.38, 455.3030
830081,7.2842,0.003780,264.56, 455.3030
830082,7.2871,0.002988,334.69, 455.3028
830083,7.2915,0.004361,229.31, 455.3028
830084,7.2954,0.003617,276.46, 455.3030
830085,7.2983,0.002901,344.76, 455.3030
830086,7.3022,0.004091,244.44, 455.3030
830087,7.3052,0.002983,335.29, 455.3030
830088,7.3091,0.003872,258.28, 455.3028
830089,7.3120,0.003087,323.90, 455.3030
830090,7.3159,0.003754,266.41, 455.3025
830091,7.3193,0.003259,306.81, 455.3030
830092,7.3232,0.004201,238.04, 455.3030
830093,7.3267,0.003086,324.04, 455.3030
830094,7.3301,0.003500,285.76, 455.3028
830095,7.3335,0.003692,270.84, 455.3030
830096,7.3369,0.003272,305.67, 455.3030
830097,7.3408,0.003691,270.92, 455.3028
830098,7.3442,0.003708,269.67, 455.3032
830099,7.3472,0.003005,332.81, 455.3030
830100,7.3511,0.003797,263.38, 455.3030
830101,7.3540,0.003118,320.75, 455.3030
830102,7.3584,0.003959,252.57, 455.3030
830103,7.3613,0.002983,335.23, 455.3030
830104,7.3652,0.003854,259.49, 455.3030
830105,7.3687,0.003716,269.13, 455.3030
830106,7.3716,0.002996,333.73, 455.3030
830107,7.3760,0.004007,249.54, 455.3030
830108,7.3789,0.003111,321.44, 455.3030
830109,7.3828,0.003865,258.77, 455.3024
830110,7.3857,0.003075,325.17, 455.3030
830111,7.3896,0.003854,259.48, 455.3028
830112,7.3931,0.003640,274.74, 455.3028
830113,7.3960,0.002942,339.90, 455.3030
830114,7.4004,0.004296,232.76, 455.3025
830115,7.4038,0.003192,313.31, 455.3030
830116,7.4072,0.003383,295.61, 455.3028
830117,7.4102,0.003017,331.50, 455.3030
830118,7.4141,0.004027,248.34, 455.3030
830119,7.4175,0.003555,281.29, 455.3030
830120,7.4209,0.003002,333.09, 455.3030
830121,7.4248,0.004049,246.96, 455.3027
830122,7.4277,0.002983,335.23, 455.3030
830123,7.4316,0.004154,240.73, 455.3025
830124,7.4351,0.003322,301.03, 455.3030
830125,7.4390,0.003672,272.32, 455.3028
830126,7.4424,0.003652,273.85, 455.3030
830127,7.4458,0.003058,327.03, 455.3030
830128,7.4497,0.003932,254.30, 455.3030
830129,7.4526,0.003046,328.27, 455.3030
830130,7.4565,0.003748,266.79, 455.3028
830131,7.4600,0.003663,273.02, 455.3030
830132,7.4634,0.003216,310.93, 455.3030
830133,7.4668,0.003780,264.55, 455.3028
830134,7.4702,0.003067,326.03, 455.3030
830135,7.4741,0.003862,258.94, 455.3030
830136,7.4771,0.003130,319.51, 455.3030
830137,7.4810,0.003836,260.72, 455.3030
830138,7.4844,0.003654,273.64, 455.3030
830139,7.4878,0.003083,324.32, 455.3028
830140,7.4917,0.004007,249.59, 455.3030
830141,7.4946,0.003016,331.60, 455.3049
830142,7.4985,0.003684,271.44, 455.3030
830143,7.5024,0.004022,248.63, 455.3025
830144,7.5063,0.003817,262.01, 455.3025
830145,7.5093,0.003109,321.63, 455.3030
830146,7.5132,0.003749,266.77, 455.3025
830147,7.5166,0.003490,286.56, 455.3025
830148,7.5200,0.003767,265.50, 455.3030
830149,7.5234,0.003382,295.65, 455.3028
830150,7.5273,0.003611,276.92, 455.3030
830151,7.5303,0.003106,321.92, 455.3025
830152,7.5347,0.004265,234.45, 455.3027
830153,7.5376,0.003089,323.73, 455.3025
830154,7.5425,0.004809,207.93, 455.3025
830155,7.5459,0.003263,306.45, 455.3030
830156,7.5493,0.003609,277.07, 455.3030
830157,7.5532,0.003633,275.22, 455.3025
830158,7.5566,0.003678,271.86, 455.3030
830159,7.5596,0.003071,325.63, 455.3025
830160,7.5635,0.003845,260.06, 455.3027
830161,7.5669,0.003204,312.07, 455.3025
830162,7.5713,0.004228,236.50, 455.3024
830163,7.5742,0.003225,310.11, 455.3030
830164,7.5776,0.003133,319.23, 455.3028
830165,7.5811,0.003739,267.44, 455.3030
830166,7.5845,0.003104,322.20, 455.3025
830167,7.5879,0.003859,259.17, 455.3030
830168,7.5913,0.003060,326.81, 455.3025
830169,7.5947,0.003749,266.77, 455.3030
830170,7.5981,0.003123,320.22, 455.3030
830171,7.6021,0.003873,258.17, 455.3028
830172,7.6055,0.003700,270.28, 455.3030
830173,7.6089,0.003088,323.81, 455.3030
830174,7.6128,0.003902,256.29, 455.3027
830175,7.6157,0.003164,316.10, 455.3025
830176,7.6191,0.003608,277.17, 455.3030
830177,7.6226,0.003254,307.36, 455.3030
830178,7.6265,0.003884,257.49, 455.3025
830179,7.6304,0.003944,253.56, 455.3030
830180,7.6338,0.003539,282.57, 455.3030
830181,7.6372,0.003079,324.82, 455.3030
830182,7.6401,0.003249,307.81, 455.3025
830183,7.6440,0.003750,266.67, 455.3068
830184,7.6470,0.003036,329.42, 455.3025
830185,7.6509,0.003698,270.40, 455.3028
830186,7.6543,0.003702,270.12, 455.3030
830187,7.6577,0.003084,324.30, 455.3030
830188,7.6611,0.003779,264.61, 455.3030
830189,7.6646,0.003248,307.85, 455.3028
830190,7.6685,0.003687,271.21, 455.3030
830191,7.6714,0.003062,326.55, 455.3030
830192,7.6753,0.003933,254.28, 455.3028
830193,7.6787,0.003543,282.26, 455.3030
830194,7.6821,0.003330,300.28, 455.3028
830195,7.6860,0.003692,270.86, 455.3030
830196,7.6890,0.003114,321.11, 455.3030
830197,7.6929,0.003906,256.03, 455.3030
830198,7.6963,0.003567,280.37, 455.3030
830199,7.6997,0.003222,310.33, 455.3030
830200,7.7036,0.003742,267.27, 455.3030
830201,7.7065,0.003124,320.10, 455.3030
830202,7.7104,0.003727,268.29, 455.3028
830203,7.7134,0.003161,316.34, 455.3030
830204,7.7173,0.003784,264.28, 455.3030
830205,7.7212,0.003733,267.87, 455.3028
830206,7.7246,0.003643,274.54, 455.3028
830207,7.7280,0.003579,279.39, 455.3030
830208,7.7314,0.003321,301.11, 455.3030
830209,7.7354,0.003629,275.53, 455.3028
830210,7.7383,0.003175,314.97, 455.3030
830211,7.7427,0.004219,237.02, 455.3028
830212,7.7456,0.003089,323.77, 455.3030
830213,7.7490,0.003431,291.43, 455.3030
830214,7.7524,0.003621,276.14, 455.3030
830215,7.7559,0.003330,300.29, 455.3028
830216,7.7598,0.003676,272.01, 455.3030
830217,7.7632,0.003666,272.78, 455.3030
830218,7.7666,0.003063,326.52, 455.3030
830219,7.7705,0.004296,232.79, 455.3024
830220,7.7739,0.003424,292.06, 455.3030
830221,7.7769,0.002959,337.91, 455.3030
830222,7.7808,0.003479,287.41, 455.3030
830223,7.7842,0.003665,272.89, 455.3030
830224,7.7876,0.003579,279.45, 455.3030
830225,7.7915,0.003739,267.44, 455.3030
830226,7.7949,0.003624,275.95, 455.3030
830227,7.7983,0.003131,319.37, 455.3030
830228,7.8022,0.003862,258.97, 455.3030
830229,7.8052,0.003047,328.25, 455.3030
830230,7.8091,0.003869,258.47, 455.3030
830231,7.8130,0.003762,265.83, 455.3030
830232,7.8159,0.002993,334.10, 455.3028
830233,7.8198,0.003793,263.65, 455.3030
830234,7.8228,0.003102,322.39, 455.3030
830235,7.8267,0.004013,249.20, 455.3025
830236,7.8301,0.003556,281.24, 455.3030
830237,7.8335,0.003131,319.39, 455.3030
830238,7.8374,0.003889,257.15, 455.3030
830239,7.8408,0.003420,292.36, 455.3030
830240,7.8442,0.003562,280.71, 455.3030
830241,7.8472,0.003079,324.81, 455.3030
830242,7.8516,0.004211,237.48, 455.3028
830243,7.8555,0.003662,273.05, 455.3030
830244,7.8584,0.003366,297.05, 455.3025
830245,7.8618,0.003178,314.70, 455.3030
830246,7.8652,0.003521,283.99, 455.3025
830247,7.8687,0.003538,282.61, 455.3025
830248,7.8721,0.003401,294.06, 455.3025
830249,7.8760,0.003643,274.54, 455.3030
830250,7.8794,0.003701,270.23, 455.3049
830251,7.8828,0.003123,320.25, 455.3028
830252,7.8867,0.003783,264.32, 455.3030
830253,7.8896,0.002998,333.58, 455.3030
830254,7.8936,0.004035,247.86, 455.3028
830255,7.8970,0.003596,278.07, 455.3030
830256,7.8999,0.002980,335.58, 455.3025
830257,7.9043,0.004153,240.78, 455.3030
830258,7.9072,0.002987,334.74, 455.3030
830259,7.9111,0.003905,256.11, 455.3030
830260,7.9141,0.003027,330.36, 455.3030
830261,7.9185,0.004060,246.29, 455.3028
830262,7.9219,0.003626,275.81, 455.3030
830263,7.9253,0.003468,288.33, 455.3030
830264,7.9287,0.003627,275.71, 455.3030
830265,7.9321,0.003114,321.12, 455.3030
830266,7.9360,0.003746,266.98, 455.3030
830267,7.9390,0.003181,314.36, 455.3028
830268,7.9429,0.003959,252.62, 455.3030
830269,7.9463,0.003578,279.52, 455.3030
830270,7.9497,0.003131,319.42, 455.3028
830271,7.9536,0.003850,259.75, 455.3028
830272,7.9570,0.003363,297.37, 455.3030
830273,7.9604,0.003772,265.15, 455.3025
830274,7.9644,0.003883,257.53, 455.3024
830275,7.9678,0.003119,320.64, 455.3049
830276,7.9712,0.003617,276.45, 455.3030
830277,7.9746,0.003298,303.25, 455.3030
830278,7.9780,0.003458,289.18, 455.3028
830279,7.9814,0.003308,302.27, 455.3028
830280,7.9854,0.003785,264.19, 455.3030
830281,7.9893,0.004060,246.31, 455.3030
830282,7.9922,0.003115,321.03, 455.3025
830283,7.9961,0.003994,250.36, 455.3024
830284,7.9995,0.003045,328.43, 455.3025
830285,8.0034,0.003873,258.21, 455.3030
830286,8.0068,0.003815,262.14, 455.3030
830287,8.0103,0.003111,321.40, 455.3030
830288,8.0142,0.003853,259.52, 455.3030
830289,8.0171,0.003065,326.30, 455.3030
830290,8.0210,0.003982,251.12, 455.3030
830291,8.0249,0.003883,257.54, 455.3030
830292,8.0278,0.003083,324.37, 455.3030
830293,8.0317,0.003501,285.67, 455.3030
830294,8.0347,0.003153,317.17, 455.3025
830295,8.0386,0.003869,258.47, 455.3030
830296,8.0415,0.003129,319.55, 455.3030
830297,8.0454,0.003787,264.03, 455.3030
830298,8.0488,0.003549,281.79, 455.3030
830299,8.0522,0.003317,301.47, 455.3030
830300,8.0562,0.003789,263.93, 455.3030
830301,8.0591,0.003081,324.57, 455.3028
830302,8.0630,0.003755,266.29, 455.3028
830303,8.0664,0.003479,287.48, 455.3030
830304,8.0698,0.003634,275.21, 455.3030
830305,8.0737,0.003654,273.64, 455.3030
830306,8.0767,0.003075,325.21, 455.3028
830307,8.0811,0.004170,239.80, 455.3030
830308,8.0840,0.003084,324.24, 455.3030
830309,8.0874,0.003318,301.38, 455.3030
830310,8.0908,0.003447,290.12, 455.3030
830311,8.0942,0.003633,275.27, 455.3030
830312,8.0981,0.003639,274.79, 455.3030
830313,8.1011,0.003145,317.94, 455.3028
830314,8.1050,0.003904,256.17, 455.3030
830315,8.1084,0.003130,319.54, 455.3030
830316,8.1118,0.003823,261.61, 455.3030
830317,8.1152,0.003138,318.73, 455.3028
830318,8.1191,0.003859,259.16, 455.3030
830319,8.1226,0.003741,267.32, 455.3030
830320,8.1260,0.003059,326.94, 455.3025
830321,8.1299,0.003802,263.05, 455.3028
830322,8.1328,0.003007,332.58, 455.3030
830323,8.1362,0.003680,271.72, 455.3030
830324,8.1401,0.003812,262.32, 455.3030
830325,8.1436,0.003626,275.78, 455.3030
830326,8.1475,0.003617,276.48, 455.3030
830327,8.1509,0.003339,299.49, 455.3030
830328,8.1543,0.003712,269.37, 455.3028
830329,8.1577,0.003044,328.49, 455.3030
830330,8.1611,0.003840,260.42, 455.3030
830331,8.1655,0.004016,248.99, 455.3027
830332,8.1685,0.003124,320.07, 455.3030
830333,8.1719,0.003346,298.89, 455.3028
830334,8.1753,0.003410,293.22, 455.3030
830335,8.1792,0.003747,266.87, 455.3030
830336,8.1821,0.003015,331.72, 455.3028
830337,8.1860,0.003830,261.08, 455.3030
830338,8.1895,0.003851,259.71, 455.3030
830339,8.1929,0.003084,324.31, 455.3030
830340,8.1968,0.004198,238.22, 455.3027
830341,8.2002,0.003034,329.63, 455.3030
830342,8.2036,0.003647,274.23, 455.3030
830343,8.2075,0.003787,264.08, 455.3025
830344,8.2109,0.003490,286.52, 455.3030
830345,8.2144,0.003549,281.77, 455.3030
830346,8.2178,0.003232,309.44, 455.3030
830347,8.2217,0.003746,266.96, 455.3025
830348,8.2256,0.003908,255.89, 455.3030
830349,8.2285,0.002978,335.78, 455.3030
830350,8.2319,0.003805,262.80, 455.3028
830351,8.2354,0.003098,322.80, 455.3030
830352,8.2393,0.003832,260.95, 455.3030
830353,8.2422,0.003135,319.03, 455.3028
830354,8.2466,0.004172,239.67, 455.3025
830355,8.2495,0.003140,318.45, 455.3030
830356,8.2529,0.003272,305.59, 455.3028
830357,8.2568,0.004065,246.00, 455.3030
830358,8.2598,0.003117,320.78, 455.3030
830359,8.2637,0.003605,277.38, 455.3109
830360,8.2666,0.003052,327.62, 455.3028
830361,8.2705,0.003906,256.04, 455.3030
830362,8.2739,0.003602,277.65, 455.3030
830363,8.2783,0.003984,251.02, 455.3030
830364,8.2813,0.003270,305.85, 455.3030
830365,8.2847,0.003165,315.95, 455.3025
830366,8.2886,0.003799,263.24, 455.3030
830367,8.2920,0.003764,265.71, 455.3030
830368,8.2949,0.003030,330.02, 455.3030
830369,8.2988,0.003591,278.51, 455.3028
830370,8.3022,0.003557,281.15, 455.3030
830371,8.3062,0.004043,247.35, 455.3030
830372,8.3096,0.003116,320.89, 455.3028
830373,8.3130,0.003576,279.65, 455.3025
830374,8.3169,0.003927,254.63, 455.3030
830375,8.3203,0.003128,319.66, 455.3025
830376,8.3242,0.004124,242.48, 455.3024
830377,8.3276,0.003298,303.22, 455.3028
830378,8.3315,0.004073,245.53, 455.3024
830379,8.3345,0.003110,321.57, 455.3030
830380,8.3379,0.003412,293.07, 455.3030
830381,8.3418,0.003640,274.75, 455.3030
830382,8.3452,0.003346,298.83, 455.3030
830383,8.3486,0.003591,278.44, 455.3030
830384,8.3521,0.003367,297.03, 455.3030
830385,8.3555,0.003665,272.84, 455.3030
830386,8.3594,0.003723,268.61, 455.3030
830387,8.3623,0.002922,342.20, 455.3030
830388,8.3662,0.003867,258.60, 455.3030
830389,8.3691,0.003063,326.46, 455.3030
830390,8.3735,0.004036,247.79, 455.3030
830391,8.3765,0.002968,336.95, 455.3030
830392,8.3799,0.003666,272.78, 455.3030
830393,8.3838,0.003806,262.74, 455.3030
830394,8.3867,0.003067,326.05, 455.3030
830395,8.3911,0.004297,232.70, 455.3025
830396,8.3945,0.003188,313.70, 455.3030
830397,8.3975,0.003066,326.13, 455.3049
830398,8.4009,0.003502,285.57, 455.3030
830399,8.4043,0.003670,272.49, 455.3030
830400,8.4082,0.003673,272.29, 455.3030
830401,8.4111,0.003085,324.17, 455.3030
830402,8.4150,0.003916,255.39, 455.3030
830403,8.4180,0.002996,333.83, 455.3030
830404,8.4224,0.004039,247.62, 455.3030
830405,8.4258,0.003412,293.06, 455.3049
830406,8.4292,0.003369,296.82, 455.3030
830407,8.4326,0.003702,270.14, 455.3030
830408,8.4355,0.003034,329.64, 455.3030
830409,8.4399,0.004212,237.44, 455.3028
830410,8.4443,0.004227,236.57, 455.3024
830411,8.4478,0.003465,288.62, 455.3030
830412,8.4507,0.002961,337.74, 455.3025
830413,8.4536,0.003022,330.88, 455.3028
830414,8.4575,0.003970,251.87, 455.3030
830415,8.4604,0.002988,334.71, 455.3030
830416,8.4644,0.003875,258.08, 455.3028
830417,8.4673,0.003044,328.57, 455.3030
830418,8.4712,0.003895,256.73, 455.3025
830419,8.4751,0.003694,270.73, 455.3030
830420,8.4780,0.003011,332.10, 455.3030
830421,8.4819,0.003945,253.49, 455.3030
830422,8.4854,0.003088,323.80, 455.3030
830423,8.4888,0.003829,261.17, 455.3030
830424,8.4927,0.003703,270.06, 455.3028
830425,8.4956,0.003007,332.55, 455.3025
830426,8.4995,0.003834,260.80, 455.3028
830427,8.5024,0.003106,321.97, 455.3030
830428,8.5068,0.004310,232.03, 455.3028
830429,8.5107,0.003604,277.50, 455.3030
830430,8.5137,0.002942,339.88, 455.3030
830431,8.5176,0.004121,242.65, 455.3048
830432,8.5210,0.003371,296.66, 455.3025
830433,8.5244,0.003648,274.13, 455.3030
830434,8.5278,0.003286,304.33, 455.3030
830435,8.5317,0.003800,263.13, 455.3048
830436,8.5352,0.003459,289.07, 455.3024
830437,8.5386,0.003529,283.33, 455.3025
830438,8.5420,0.003349,298.60, 455.3028
830439,8.5459,0.003620,276.22, 455.3028
830440,8.5498,0.003906,256.00, 455.3030
830441,8.5537,0.004354,229.70, 455.3030
830442,8.5571,0.003039,329.07, 455.3025
830443,8.5605,0.003790,263.88, 455.3025
830444,8.5640,0.003062,326.62, 455.3030
830445,8.5679,0.003866,258.67, 455.3028
830446,8.5713,0.003683,271.52, 455.3030
830447,8.5742,0.002978,335.84, 455.3030
830448,8.5781,0.003868,258.55, 455.3030
830449,8.5815,0.003162,316.25, 455.3028
830450,8.5850,0.003744,267.09, 455.3030
830451,8.5889,0.003719,268.90, 455.3030
830452,8.5928,0.003995,250.32, 455.3028
830453,8.5962,0.003215,311.00, 455.3030
830454,8.5991,0.003136,318.92, 455.3028
830455,8.6030,0.003761,265.92, 455.3030
830456,8.6060,0.003177,314.79, 455.3030
830457,8.6104,0.004300,232.54, 455.3030
830458,8.6143,0.003783,264.35, 455.3030
830459,8.6172,0.002980,335.57, 455.3030
830460,8.6211,0.004093,244.34, 455.3030
830461,8.6245,0.003025,330.56, 455.3030
830462,8.6279,0.003694,270.72, 455.3030
830463,8.6309,0.003086,324.08, 455.3030
830464,8.6348,0.003876,257.97, 455.3028
830465,8.6387,0.003829,261.18, 455.3030
830466,8.6421,0.003523,283.83, 455.3025
830467,8.6455,0.003385,295.46, 455.3030
830468,8.6494,0.003470,288.17, 455.3030
830469,8.6528,0.003761,265.90, 455.3030
830470,8.6558,0.003000,333.37, 455.3030
830471,8.6597,0.003702,270.15, 455.3028
830472,8.6636,0.003823,261.55, 455.3030
830473,8.6665,0.003125,320.02, 455.3030
830474,8.6704,0.003810,262.44, 455.3030
830475,8.6733,0.003057,327.12, 455.3030
830476,8.6772,0.003948,253.27, 455.3030
830477,8.6812,0.003618,276.37, 455.3030
830478,8.6841,0.003096,323.04, 455.3030
830479,8.6880,0.003959,252.61, 455.3030
830480,8.6909,0.002962,337.58, 455.3030
830481,8.6948,0.003871,258.30, 455.3030
830482,8.6982,0.003116,320.91, 455.3030
830483,8.7021,0.004162,240.25, 455.3030
830484,8.7051,0.003110,321.57, 455.3030
830485,8.7090,0.003905,256.08, 455.3030
830486,8.7129,0.003505,285.33, 455.3030
830487,8.7163,0.003365,297.21, 455.3030
830488,8.7197,0.003649,274.02, 455.3028
830489,8.7227,0.003107,321.81, 455.3030
830490,8.7271,0.003981,251.21, 455.3028
830491,8.7305,0.003676,272.03, 455.3030
830492,8.7334,0.003024,330.68, 455.3030
830493,8.7373,0.003656,273.51, 455.3030
830494,8.7407,0.003332,300.08, 455.3030
830495,8.7441,0.003762,265.82, 455.3030
830496,8.7480,0.003640,274.74, 455.3030
830497,8.7510,0.003002,333.08, 455.3030
830498,8.7549,0.004000,250.00, 455.3030
830499,8.7578,0.002996,333.74, 455.3030
830500,8.7617,0.003834,260.81, 455.3028
830501,8.7646,0.003117,320.81, 455.3030
830502,8.7686,0.003801,263.10, 455.3030
830503,8.7725,0.003756,266.22, 455.3030
830504,8.7759,0.003702,270.16, 455.3030
830505,8.7798,0.003696,270.58, 455.3030
830506,8.7827,0.002995,333.87, 455.3030
830507,8.7866,0.003889,257.12, 455.3030
830508,8.7900,0.003235,309.12, 455.3030
830509,8.7939,0.003964,252.30, 455.3025
830510,8.7974,0.003440,290.66, 455.3030
830511,8.8003,0.003159,316.52, 455.3030
830512,8.8047,0.004024,248.50, 455.3030
830513,8.8076,0.003011,332.09, 455.3030
830514,8.8115,0.003871,258.34, 455.3025
830515,8.8149,0.003583,279.10, 455.3025
830516,8.8179,0.003137,318.75, 455.3030
830517,8.8218,0.003869,258.48, 455.3030
830518,8.8252,0.003021,330.97, 455.3030
830519,8.8286,0.003632,275.37, 455.3030
830520,8.8320,0.003543,282.26, 455.3030
830521,8.8359,0.003828,261.21, 455.3030
830522,8.8398,0.003668,272.64, 455.3030
830523,8.8428,0.003092,323.39, 455.3030
830524,8.8467,0.003687,271.21, 455.3030
830525,8.8496,0.003334,299.99, 455.3030
830526,8.8535,0.003878,257.86, 455.3025
830527,8.8564,0.003001,333.21, 455.3028
830528,8.8608,0.004218,237.08, 455.3030
830529,8.8638,0.003084,324.31, 455.3030
830530,8.8677,0.003651,273.88, 455.3030
830531,8.8711,0.003632,275.31, 455.3119
830532,8.8745,0.003101,322.52, 455.3030
830533,8.8779,0.003610,277.03, 455.3030
830534,8.8818,0.003814,262.19, 455.3028
830535,8.8848,0.003038,329.20, 455.3030
830536,8.8887,0.003860,259.08, 455.3025
830537,8.8921,0.003194,313.08, 455.3025
830538,8.8955,0.003815,262.16, 455.3028
830539,8.8989,0.003020,331.18, 455.3030
830540,8.9023,0.003872,258.25, 455.3030
830541,8.9067,0.003981,251.22, 455.3030
830542,8.9097,0.003254,307.33, 455.3030
830543,8.9136,0.003770,265.22, 455.3030
830544,8.9165,0.003022,330.93, 455.3030
830545,8.9204,0.003893,256.86, 455.3025
830546,8.9233,0.003050,327.83, 455.3030
830547,8.9272,0.003915,255.42, 455.3030
830548,8.9312,0.003704,270.01, 455.3030
830549,8.9341,0.003029,330.10, 455.3028
830550,8.9385,0.004297,232.74, 455.3024
830551,8.9414,0.003133,319.18, 455.3030
830552,8.9453,0.003525,283.70, 455.3030
830553,8.9487,0.003394,294.61, 455.3030
830554,8.9521,0.003513,284.69, 455.3028
830555,8.9556,0.003651,273.93, 455.3030
830556,8.9590,0.003211,311.43, 455.3025
830557,8.9629,0.003785,264.24, 455.3028
830558,8.9658,0.003090,323.68, 455.3030
830559,8.9697,0.003775,264.91, 455.3030
830560,8.9731,0.003721,268.72, 455.3030
830561,8.9766,0.003043,328.61, 455.3030
830562,8.9805,0.004018,248.86, 455.3030
830563,8.9834,0.003132,319.32, 455.3030
830564,8.9868,0.003519,284.14, 455.3079
830565,8.9912,0.003981,251.20, 455.3030
830566,8.9941,0.003017,331.41, 455.3028
830567,8.9980,0.003879,257.79, 455.3030
830568,9.0010,0.003094,323.22, 455.3030
830569,9.0049,0.003917,255.32, 455.3028
830570,9.0078,0.003053,327.53, 455.3028
830571,9.0117,0.003989,250.72, 455.3030
830572,9.0156,0.003515,284.49, 455.3030
830573,9.0186,0.003082,324.49, 455.3028
830574,9.0225,0.003850,259.73, 455.3030
830575,9.0254,0.003213,311.21, 455.3030
830576,9.0293,0.003737,267.58, 455.3030
830577,9.0327,0.003153,317.21, 455.3028
830578,9.0361,0.003894,256.83, 455.3030
830579,9.0400,0.003500,285.75, 455.3030
830580,9.0430,0.003275,305.32, 455.3028
830581,9.0469,0.003741,267.34, 455.3030
830582,9.0498,0.003033,329.73, 455.3030
830583,9.0537,0.003886,257.31, 455.3030
830584,9.0571,0.003157,316.81, 455.3028
830585,9.0610,0.003909,255.82, 455.3030
830586,9.0645,0.003588,278.71, 455.3030
830587,9.0674,0.003029,330.19, 455.3030
830588,9.0713,0.003916,255.34, 455.3030
830589,9.0747,0.003238,308.83, 455.3025
830590,9.0781,0.003706,269.83, 455.3030
830591,9.0815,0.003122,320.36, 455.3025
830592,9.0854,0.003809,262.54, 455.3030
830593,9.0889,0.003696,270.57, 455.3030
830594,9.0923,0.003133,319.14, 455.3028
830595,9.0957,0.003767,265.47, 455.3030
830596,9.0991,0.003025,330.55, 455.3030
830597,9.1025,0.003857,259.28, 455.3099
830598,9.1064,0.003808,262.58, 455.3030
830599,9.1094,0.002927,341.64, 455.3028
830600,9.1133,0.003903,256.21, 455.3030
830601,9.1167,0.003118,320.74, 455.3030
830602,9.1206,0.004022,248.63, 455.3048
830603,9.1235,0.003235,309.11, 455.3030
830604,9.1274,0.003534,282.98, 455.3028
830605,9.1309,0.003701,270.22, 455.3030
830606,9.1338,0.003013,331.92, 455.3030
830607,9.1382,0.004067,245.86, 455.3030
830608,9.1416,0.003404,293.76, 455.3030
830609,9.1450,0.003659,273.27, 455.3028
830610,9.1484,0.003053,327.56, 455.3030
830611,9.1523,0.004132,242.03, 455.3025
830612,9.1558,0.003470,288.19, 455.3030
830613,9.1587,0.002965,337.23, 455.3030
830614,9.1631,0.004100,243.90, 455.3025
830615,9.1660,0.003032,329.77, 455.3030
830616,9.1699,0.003862,258.93, 455.3030
830617,9.1729,0.002969,336.83, 455.3030
830618,9.1768,0.004035,247.83, 455.3030
830619,9.1802,0.003544,282.18, 455.3030
830620,9.1836,0.003134,319.07, 455.3030
830621,9.1875,0.003890,257.04, 455.3028
830622,9.1904,0.002985,335.04, 455.3028
830623,9.1943,0.003906,256.02, 455.3134
830624,9.1978,0.003567,280.32, 455.3030
830625,9.2012,0.003478,287.54, 455.3030
830626,9.2046,0.003474,287.85, 455.3025
830627,9.2080,0.003481,287.32, 455.3030
830628,9.2119,0.003494,286.19, 455.3030
830629,9.2148,0.003151,317.33, 455.3028
830630,9.2188,0.003949,253.22, 455.3030
830631,9.2227,0.003660,273.25, 455.3030
830632,9.2256,0.002996,333.81, 455.3030
830633,9.2290,0.003761,265.86, 455.3030
830634,9.2329,0.003623,276.05, 455.3025
830635,9.2363,0.003297,303.31, 455.3074
830636,9.2393,0.003152,317.26, 455.3028
830637,9.2432,0.003940,253.81, 455.3030
830638,9.2466,0.003520,284.11, 455.3030
830639,9.2500,0.003153,317.17, 455.3030
830640,9.2539,0.003773,265.06, 455.3030
830641,9.2568,0.003126,319.92, 455.3030
830642,9.2607,0.003879,257.82, 455.3028
830643,9.2642,0.003651,273.91, 455.3030
830644,9.2676,0.003054,327.43, 455.3030
830645,9.2715,0.003891,257.00, 455.3030
830646,9.2744,0.003127,319.79, 455.3030
830647,9.2783,0.003741,267.28, 455.3030
830648,9.2817,0.003392,294.78, 455.3028
830649,9.2852,0.003511,284.79, 455.3030
830650,9.2891,0.003799,263.25, 455.3030
830651,9.2925,0.003684,271.46, 455.3030
830652,9.2959,0.003539,282.54, 455.3030
830653,9.2993,0.003335,299.84, 455.3028
830654,9.3032,0.003599,277.83, 455.3025
830655,9.3062,0.003314,301.80, 455.3030
830656,9.3101,0.003676,272.01, 455.3030
830657,9.3135,0.003709,269.60, 455.3030
830658,9.3169,0.003054,327.46, 455.3028
830659,9.3213,0.004447,224.89, 455.3027
830660,9.3242,0.003193,313.15, 455.3030
830661,9.3276,0.003211,311.39, 455.3028
830662,9.3315,0.003753,266.45, 455.3030
830663,9.3345,0.003055,327.32, 455.3030
830664,9.3384,0.004030,248.13, 455.3030
830665,9.3413,0.002981,335.46, 455.3030
830666,9.3452,0.003896,256.71, 455.3129
830667,9.3486,0.003108,321.75, 455.3030
830668,9.3521,0.003791,263.77, 455.3030
830669,9.3560,0.003817,261.99, 455.3027
830670,9.3589,0.002985,335.02, 455.3030
830671,9.3628,0.003799,263.21, 455.3030
830672,9.3662,0.003268,305.97, 455.3030
830673,9.3696,0.003493,286.33, 455.3028
830674,9.3730,0.003486,286.83, 455.3025
830675,9.3770,0.003692,270.83, 455.3028
830676,9.3804,0.003538,282.62, 455.3030
830677,9.3833,0.003184,314.04, 455.3028
830678,9.3872,0.003817,261.98, 455.3028
830679,9.3901,0.003060,326.75, 455.3030
830680,9.3945,0.004023,248.57, 455.3027
830681,9.3975,0.003005,332.76, 455.3030
830682,9.4014,0.003968,252.02, 455.3030
830683,9.4058,0.004313,231.87, 455.3024
830684,9.4092,0.003334,299.93, 455.3027
830685,9.4121,0.002934,340.89, 455.3024
830686,9.4150,0.003017,331.44, 455.3030
830687,9.4189,0.003737,267.62, 455.3030
830688,9.4224,0.003623,275.98, 455.3030
830689,9.4258,0.003536,282.81, 455.3030
830690,9.4297,0.003717,269.04, 455.3028
830691,9.4331,0.003421,292.30, 455.3030
830692,9.4365,0.003744,267.09, 455.3030
830693,9.4399,0.003138,318.64, 455.3030
830694,9.4438,0.003757,266.18, 455.3028
830695,9.4473,0.003549,281.79, 455.3030
830696,9.4502,0.003034,329.55, 455.3030
830697,9.4541,0.003642,274.61, 455.3030
830698,9.4575,0.003652,273.80, 455.3030
830699,9.4609,0.003391,294.94, 455.3028
830700,9.4644,0.003497,285.95, 455.3030
830701,9.4683,0.003664,272.93, 455.3028
830702,9.4717,0.003637,274.94, 455.3030
830703,9.4746,0.003046,328.33, 455.3030
830704,9.4785,0.003821,261.74, 455.3030
830705,9.4819,0.003145,317.92, 455.3030
830706,9.4854,0.003863,258.87, 455.3030
830707,9.4893,0.003740,267.41, 455.3030
830708,9.4927,0.003457,289.23, 455.3028
830709,9.4966,0.003693,270.78, 455.3030
830710,9.4995,0.003054,327.49, 455.3030
830711,9.5034,0.003887,257.26, 455.3030
830712,9.5063,0.003134,319.12, 455.3030
830713,9.5103,0.003871,258.33, 455.3030
830714,9.5146,0.004073,245.54, 455.3030
830715,9.5176,0.003201,312.41, 455.3030
830716,9.5215,0.003677,271.95, 455.3030
830717,9.5249,0.003390,294.97, 455.3028
830718,9.5293,0.004711,212.29, 455.3024
830719,9.5327,0.003470,288.16, 455.3030
830720,9.5361,0.003207,311.87, 455.3030
830721,9.5391,0.003083,324.32, 455.3030
830722,9.5430,0.003617,276.48, 455.3025
830723,9.5469,0.003924,254.87, 455.3025
830724,9.5498,0.003054,327.46, 455.3030
830725,9.5532,0.003620,276.23, 455.3030
830726,9.5576,0.004229,236.46, 455.3030
830727,9.5605,0.003105,322.02, 455.3025
830728,9.5645,0.003827,261.30, 455.3028
830729,9.5684,0.003586,278.89, 455.3030
830730,9.5713,0.002913,343.25, 455.3030
830731,9.5752,0.004184,239.02, 455.3030
830732,9.5781,0.002959,337.96, 455.3030
830733,9.5820,0.003785,264.19, 455.3030
830734,9.5854,0.003349,298.64, 455.3030
830735,9.5889,0.003705,269.89, 455.3030
830736,9.5928,0.003616,276.55, 455.3030
830737,9.5957,0.003010,332.20, 455.3028
830738,9.5996,0.003827,261.28, 455.3030
830739,9.6025,0.003101,322.52, 455.3030
830740,9.6064,0.004044,247.29, 455.3027
830741,9.6099,0.003032,329.82, 455.3028
830742,9.6138,0.003826,261.40, 455.3030
830743,9.6172,0.003556,281.25, 455.3030
830744,9.6201,0.003103,322.29, 455.3030
830745,9.6240,0.003919,255.14, 455.3030
830746,9.6274,0.003149,317.52, 455.3028
830747,9.6309,0.003769,265.31, 455.3028
830748,9.6343,0.003250,307.66, 455.3030
830749,9.6377,0.003530,283.26, 455.3030
830750,9.6416,0.003900,256.41, 455.3030
830751,9.6445,0.003011,332.10, 455.3030
830752,9.6484,0.003829,261.19, 455.3030
830753,9.6519,0.003186,313.89, 455.3028
830754,9.6558,0.003919,255.14, 455.3159
830755,9.6587,0.002974,336.29, 455.3030
830756,9.6626,0.003943,253.63, 455.3028
830757,9.6660,0.003668,272.67, 455.3030
830758,9.6694,0.003036,329.40, 455.3030
830759,9.6733,0.003848,259.90, 455.3030
830760,9.6763,0.003081,324.54, 455.3028
830761,9.6802,0.003789,263.89, 455.3030
830762,9.6841,0.004268,234.32, 455.3024
830763,9.6875,0.003151,317.36, 455.3025
830764,9.6904,0.003024,330.72, 455.3030
830765,9.6938,0.003546,282.02, 455.3030
830766,9.6978,0.003557,281.14, 455.3153
830767,9.7012,0.003403,293.90, 455.3030
830768,9.7051,0.003911,255.67, 455.3030
830769,9.7085,0.003768,265.43, 455.3030
830770,9.7119,0.003079,324.76, 455.3028
830771,9.7158,0.004055,246.63, 455.3030
830772,9.7188,0.003023,330.76, 455.3030
830773,9.7227,0.003792,263.75, 455.3030
830774,9.7261,0.003628,275.62, 455.3030
830775,9.7295,0.003315,301.68, 455.3030
830776,9.7334,0.003860,259.07, 455.3030
830777,9.7363,0.002990,334.43, 455.3030
830778,9.7402,0.003994,250.39, 455.3028
830779,9.7437,0.003105,322.07, 455.3030
830780,9.7471,0.003739,267.42, 455.3030
830781,9.7510,0.003841,260.38, 455.3030
830782,9.7539,0.002988,334.64, 455.3030
830783,9.7578,0.003887,257.27, 455.3030
830784,9.7612,0.003374,296.41, 455.3030
830785,9.7651,0.003663,273.02, 455.3030
830786,9.7681,0.002993,334.15, 455.3030
830787,9.7720,0.003797,263.37, 455.3030
830788,9.7754,0.003819,261.83, 455.3030
830789,9.7788,0.003018,331.37, 455.3030
830790,9.7822,0.003861,259.01, 455.3049
830791,9.7856,0.003384,295.51, 455.3030
830792,9.7896,0.003576,279.67, 455.3028
830793,9.7930,0.003745,267.04, 455.3030
830794,9.7959,0.002973,336.41, 455.3030
830795,9.7998,0.003844,260.13, 455.3030
830796,9.8032,0.003426,291.88, 455.3030
830797,9.8076,0.003998,250.13, 455.3028
830798,9.8110,0.003675,272.08, 455.3030
830799,9.8140,0.002918,342.75, 455.3049
830800,9.8179,0.004066,245.96, 455.3027
830801,9.8213,0.003000,333.37, 455.3025
830802,9.8252,0.003926,254.72, 455.3027
830803,9.8281,0.003036,329.38, 455.3030
830804,9.8315,0.003713,269.30, 455.3049
830805,9.8350,0.003195,313.01, 455.3030
830806,9.8384,0.003594,278.22, 455.3025
830807,9.8423,0.003936,254.08, 455.3030
830808,9.8457,0.003068,325.90, 455.3030
830809,9.8496,0.003896,256.66, 455.3030
830810,9.8525,0.003145,317.98, 455.3025
830811,9.8564,0.003898,256.53, 455.3025
830812,9.8599,0.003535,282.91, 455.3030
830813,9.8633,0.003082,324.45, 455.3030
830814,9.8672,0.003898,256.57, 455.3030
830815,9.8701,0.003113,321.21, 455.3030
830816,9.8740,0.003931,254.39, 455.3030
830817,9.8770,0.003001,333.23, 455.3030
830818,9.8813,0.004185,238.95, 455.3028
830819,9.8843,0.003128,319.73, 455.3028
830820,9.8877,0.003482,287.16, 455.3030
830821,9.8916,0.003600,277.82, 455.3030
830822,9.8945,0.003131,319.35, 455.3028
830823,9.8984,0.003802,263.04, 455.3030
830824,9.9019,0.003323,300.91, 455.3030
830825,9.9053,0.003763,265.75, 455.3030
830826,9.9092,0.003522,283.96, 455.3030
830827,9.9121,0.003286,304.29, 455.3028
830828,9.9160,0.003686,271.30, 455.3030
830829,9.9189,0.003144,318.12, 455.3030
830830,9.9229,0.003907,255.97, 455.3025
830831,9.9263,0.003098,322.80, 455.3030
830832,9.9297,0.003765,265.63, 455.3030
830833,9.9336,0.003742,267.23, 455.3025
830834,9.9365,0.003172,315.26, 455.3030
830835,9.9404,0.003647,274.21, 455.3028
830836,9.9438,0.003209,311.61, 455.3025
830837,9.9473,0.003805,262.78, 455.3030
830838,9.9512,0.003757,266.16, 455.3025
830839,9.9546,0.003369,296.81, 455.3030
830840,9.9580,0.003613,276.80, 455.3030
830841,9.9614,0.003155,317.00, 455.3030
830842,9.9653,0.003810,262.45, 455.3028
830843,9.9683,0.003104,322.14, 455.3030
830844,9.9722,0.003775,264.88, 455.3030
830845,9.9756,0.003799,263.26, 455.3030
830846,9.9790,0.003019,331.27, 455.3030
830847,9.9824,0.003845,260.11, 455.3025
830848,9.9858,0.003206,311.89, 455.3030
830849,9.9897,0.003880,257.77, 455.3024
830850,9.9927,0.003078,324.92, 455.3025
830851,9.9966,0.003827,261.30, 455.3030
