TotalFrame,Time,DeltaTime,FPS,RAM
497850,0.0000,0.014401,69.44, 437.0756
497851,0.0000,0.014401,69.44, 437.3112
497852,0.0200,0.020000,50.00, 437.1299
497853,0.0234,0.003298,303.23, 437.1005
497854,0.0264,0.002944,339.72, 437.1009
497855,0.0361,0.010164,98.39, 437.1007
497856,0.0396,0.003253,307.41, 437.1000
497857,0.0430,0.003377,296.16, 437.1003
497858,0.0464,0.003481,287.29, 437.1001
497859,0.0498,0.003252,307.52, 437.1084
497860,0.0527,0.003144,318.04, 437.1003
497861,0.0562,0.003360,297.62, 437.1006
497862,0.0596,0.003146,317.84, 437.0951
497863,0.0625,0.003116,320.89, 437.0952
497864,0.0654,0.003022,330.91, 437.0946
497865,0.0684,0.003042,328.76, 437.0952
497866,0.0713,0.002981,335.44, 437.0946
497867,0.0747,0.003177,314.76, 437.0952
497868,0.0776,0.002937,340.52, 437.0952
497869,0.0806,0.002930,341.25, 437.0952
497870,0.0835,0.002967,337.00, 437.0946
497871,0.0864,0.003031,329.90, 437.0952
497872,0.0894,0.002978,335.85, 437.0946
497873,0.0928,0.003032,329.78, 437.0952
497874,0.0957,0.003005,332.76, 437.0946
497875,0.0986,0.002950,339.02, 437.0952
497876,0.1016,0.002907,344.00, 437.0946
497877,0.1045,0.003051,327.77, 437.0952
497878,0.1074,0.002977,335.94, 437.0946
497879,0.1104,0.002991,334.30, 437.0952
497880,0.1133,0.002932,341.03, 437.0952
497881,0.1162,0.002975,336.11, 437.0952
497882,0.1191,0.002934,340.83, 437.0952
497883,0.1221,0.003015,331.72, 437.0952
497884,0.1250,0.002883,346.81, 437.0952
497885,0.1284,0.003039,329.01, 437.0949
497886,0.1313,0.002924,342.06, 437.0949
497887,0.1343,0.003015,331.72, 437.0952
497888,0.1372,0.002893,345.63, 437.0952
497889,0.1401,0.003035,329.47, 437.0949
497890,0.1431,0.002961,337.76, 437.0952
497891,0.1460,0.002994,334.01, 437.0952
497892,0.1489,0.002927,341.68, 437.0952
497893,0.1519,0.003060,326.83, 437.0952
497894,0.1548,0.002934,340.89, 437.0952
497895,0.1582,0.003007,332.57, 437.0952
497896,0.1606,0.002914,343.15, 437.0952
497897,0.1641,0.003144,318.03, 437.0952
497898,0.1670,0.003007,332.61, 437.0952
497899,0.1699,0.002976,336.00, 437.0952
497900,0.1729,0.002894,345.59, 437.0952
497901,0.1758,0.002992,334.26, 437.0952
497902,0.1787,0.002909,343.78, 437.0952
497903,0.1821,0.003135,319.02, 437.0952
497904,0.1851,0.003094,323.26, 437.0949
497905,0.1880,0.003037,329.29, 437.0946
497906,0.1909,0.003013,331.94, 437.0952
497907,0.1943,0.003037,329.27, 437.0949
497908,0.1973,0.002964,337.40, 437.0952
497909,0.2002,0.002983,335.28, 437.0952
497910,0.2031,0.003002,333.09, 437.0949
497911,0.2061,0.003004,332.92, 437.0946
497912,0.2090,0.002996,333.82, 437.0952
497913,0.2124,0.003348,298.70, 437.0946
497914,0.2158,0.003180,314.46, 437.0952
497915,0.2188,0.002972,336.45, 437.0970
497916,0.2217,0.002918,342.71, 437.0952
497917,0.2246,0.003027,330.35, 437.0952
497918,0.2275,0.002978,335.85, 437.0952
497919,0.2305,0.003010,332.23, 437.0952
497920,0.2334,0.002923,342.11, 437.0970
497921,0.2363,0.002975,336.19, 437.0946
497922,0.2393,0.002976,336.02, 437.0949
497923,0.2427,0.003062,326.61, 437.0946
497924,0.2456,0.002995,333.91, 437.1090
497925,0.2485,0.003004,332.85, 437.0946
497926,0.2515,0.002983,335.26, 437.0952
497927,0.2544,0.003010,332.28, 437.0946
497928,0.2573,0.003006,332.62, 437.0946
497929,0.2603,0.002968,336.94, 437.0946
497930,0.2632,0.002988,334.65, 437.0949
497931,0.2661,0.002963,337.47, 437.0952
497932,0.2695,0.002957,338.24, 437.0952
497933,0.2725,0.002975,336.10, 437.0949
497934,0.2754,0.003027,330.39, 437.0952
497935,0.2783,0.002945,339.59, 437.0952
497936,0.2813,0.002953,338.66, 437.0952
497937,0.2842,0.002984,335.10, 437.0952
497938,0.2871,0.002999,333.43, 437.0952
497939,0.2900,0.002973,336.34, 437.0952
497940,0.2930,0.003023,330.83, 437.0952
497941,0.2959,0.002945,339.56, 437.0949
497942,0.2993,0.003005,332.76, 437.0952
497943,0.3022,0.002958,338.07, 437.0952
497944,0.3052,0.003042,328.71, 437.0952
497945,0.3081,0.002995,333.93, 437.0946
497946,0.3110,0.003048,328.05, 437.0952
497947,0.3140,0.003017,331.51, 437.0952
497948,0.3174,0.003048,328.09, 437.0952
497949,0.3203,0.002895,345.40, 437.0970
497950,0.3232,0.003079,324.75, 437.0946
497951,0.3262,0.002961,337.78, 437.0952
497952,0.3291,0.002987,334.77, 437.0949
497953,0.3320,0.002954,338.50, 437.0949
497954,0.3350,0.003048,328.07, 437.0952
497955,0.3379,0.002958,338.03, 437.0952
497956,0.3413,0.003032,329.87, 437.0949
497957,0.3442,0.002970,336.68, 437.0952
497958,0.3472,0.003029,330.13, 437.0946
497959,0.3501,0.002885,346.61, 437.0949
497960,0.3530,0.003101,322.53, 437.0952
497961,0.3560,0.002911,343.50, 437.0952
497962,0.3589,0.003060,326.78, 437.0946
497963,0.3618,0.002932,341.12, 437.0952
497964,0.3652,0.003015,331.66, 437.0949
497965,0.3682,0.003054,327.41, 437.0949
497966,0.3711,0.003160,316.48, 437.0952
497967,0.3740,0.002955,338.41, 437.0952
497968,0.3774,0.003000,333.38, 437.0946
497969,0.3804,0.002962,337.56, 437.0952
497970,0.3833,0.003060,326.85, 437.0952
497971,0.3862,0.003011,332.16, 437.0961
497972,0.3892,0.003088,323.79, 437.0949
497973,0.3921,0.002933,340.95, 437.0952
497974,0.3955,0.003014,331.79, 437.0952
497975,0.3984,0.002993,334.07, 437.0952
497976,0.4014,0.003052,327.62, 437.0952
497977,0.4043,0.002943,339.80, 437.0952
497978,0.4072,0.003005,332.75, 437.0952
497979,0.4102,0.002906,344.08, 437.0952
497980,0.4131,0.003036,329.44, 437.0952
497981,0.4160,0.002936,340.55, 437.0952
497982,0.4194,0.003026,330.44, 437.0952
497983,0.4224,0.002938,340.41, 437.0952
497984,0.4253,0.002972,336.50, 437.0952
497985,0.4282,0.002930,341.31, 437.0949
497986,0.4312,0.003040,328.99, 437.0949
497987,0.4341,0.002993,334.10, 437.1050
497988,0.4370,0.002990,334.43, 437.0949
497989,0.4399,0.002906,344.10, 437.0952
497990,0.4429,0.003029,330.17, 437.0952
497991,0.4458,0.002981,335.48, 437.0952
497992,0.4487,0.002987,334.76, 437.0946
497993,0.4521,0.002970,336.76, 437.0952
497994,0.4551,0.003005,332.82, 437.0949
497995,0.4580,0.002981,335.50, 437.0952
497996,0.4609,0.002965,337.25, 437.0949
497997,0.4639,0.003138,318.73, 437.0949
497998,0.4673,0.003098,322.83, 437.0952
497999,0.4702,0.002982,335.32, 437.0952
498000,0.4731,0.002989,334.54, 437.0946
498001,0.4761,0.002985,335.00, 437.0952
498002,0.4790,0.002965,337.26, 437.0952
498003,0.4819,0.002979,335.67, 437.0952
498004,0.4849,0.002961,337.77, 437.0949
498005,0.4878,0.002939,340.27, 437.0952
498006,0.4907,0.002946,339.50, 437.0949
498007,0.4937,0.003013,331.90, 437.0952
498008,0.4971,0.002957,338.19, 437.0949
498009,0.5000,0.002942,339.94, 437.0952
498010,0.5029,0.002979,335.72, 437.0946
498011,0.5059,0.002965,337.31, 437.0952
498012,0.5088,0.003059,326.89, 437.0946
498013,0.5122,0.003270,305.83, 437.0949
498014,0.5151,0.003006,332.69, 437.0952
498015,0.5181,0.002986,334.94, 437.0952
498016,0.5210,0.002949,339.09, 437.0952
498017,0.5239,0.003028,330.22, 437.0949
498018,0.5273,0.003255,307.18, 437.0946
498019,0.5303,0.003231,309.52, 437.1080
498020,0.5337,0.003013,331.92, 437.0975
498021,0.5366,0.002977,335.87, 437.0949
498022,0.5396,0.002963,337.54, 437.0949
498023,0.5425,0.003039,329.06, 437.1134
498024,0.5454,0.002960,337.86, 437.0952
498025,0.5483,0.003022,330.95, 437.1094
498026,0.5513,0.002932,341.11, 437.0952
498027,0.5542,0.002986,334.93, 437.0952
498028,0.5571,0.002923,342.09, 437.0946
498029,0.5605,0.003031,329.97, 437.0952
498030,0.5635,0.003064,326.33, 437.0952
498031,0.5664,0.002973,336.36, 437.0952
498032,0.5693,0.002915,343.10, 437.0946
498033,0.5723,0.003030,330.02, 437.0952
498034,0.5752,0.003031,329.88, 437.0946
498035,0.5781,0.003006,332.63, 437.0952
498036,0.5815,0.002942,339.95, 437.0946
498037,0.5845,0.003014,331.83, 437.0949
498038,0.5874,0.002960,337.79, 437.0946
498039,0.5903,0.003099,322.68, 437.0952
498040,0.5933,0.002995,333.87, 437.0946
498041,0.5962,0.003014,331.75, 437.0949
498042,0.5991,0.002899,344.98, 437.1234
498043,0.6025,0.003114,321.14, 437.0952
498044,0.6055,0.003080,324.63, 437.0946
498045,0.6089,0.003173,315.19, 437.0949
498046,0.6118,0.002969,336.87, 437.0949
498047,0.6147,0.003069,325.81, 437.0952
498048,0.6177,0.002972,336.51, 437.0946
498049,0.6206,0.003021,330.97, 437.0952
498050,0.6235,0.002986,334.94, 437.0946
498051,0.6265,0.002989,334.59, 437.0952
498052,0.6294,0.002880,347.17, 437.1045
498053,0.6323,0.003003,333.00, 437.0949
498054,0.6353,0.002934,340.80, 437.0952
498055,0.6387,0.002992,334.22, 437.0952
498056,0.6411,0.002884,346.72, 437.0952
498057,0.6445,0.003162,316.31, 437.0946
498058,0.6475,0.002949,339.09, 437.0949
498059,0.6504,0.003033,329.68, 437.0952
498060,0.6533,0.002940,340.14, 437.0946
498061,0.6563,0.003018,331.33, 437.0952
498062,0.6592,0.002967,337.00, 437.0952
498063,0.6626,0.003015,331.73, 437.0952
498064,0.6655,0.002896,345.29, 437.0952
498065,0.6685,0.002995,333.93, 437.0952
498066,0.6714,0.002917,342.77, 437.0952
498067,0.6743,0.003035,329.48, 437.0952
498068,0.6772,0.002927,341.66, 437.0952
498069,0.6802,0.002981,335.49, 437.0952
498070,0.6831,0.002996,333.73, 437.0952
498071,0.6860,0.003006,332.63, 437.0952
498072,0.6890,0.002892,345.83, 437.0952
498073,0.6919,0.002961,337.68, 437.0952
498074,0.6948,0.003003,332.97, 437.0949
498075,0.6978,0.002952,338.74, 437.0952
498076,0.7012,0.002964,337.35, 437.0949
498077,0.7041,0.003004,332.91, 437.0952
498078,0.7070,0.002955,338.41, 437.0952
498079,0.7100,0.002928,341.59, 437.0952
498080,0.7129,0.002977,335.93, 437.0949
498081,0.7158,0.002961,337.75, 437.0946
498082,0.7188,0.002975,336.16, 437.0952
498083,0.7217,0.002955,338.44, 437.0952
498084,0.7246,0.003022,330.96, 437.0952
498085,0.7275,0.002898,345.07, 437.0952
498086,0.7305,0.002977,335.93, 437.0952
498087,0.7334,0.002900,344.85, 437.1045
498088,0.7363,0.003032,329.85, 437.0949
498089,0.7393,0.002933,340.94, 437.0952
498090,0.7427,0.003077,324.99, 437.0949
498091,0.7456,0.002993,334.17, 437.0952
498092,0.7485,0.003012,331.96, 437.0949
498093,0.7515,0.002931,341.18, 437.0946
498094,0.7544,0.003035,329.51, 437.0952
498095,0.7573,0.002917,342.83, 437.0949
498096,0.7603,0.003031,329.88, 437.0946
498097,0.7637,0.003270,305.79, 437.0946
498098,0.7671,0.003301,302.90, 437.0952
498099,0.7700,0.003154,317.08, 437.0949
498100,0.7734,0.003283,304.56, 437.0946
498101,0.7769,0.003222,310.40, 437.0946
498102,0.7803,0.003510,284.87, 437.0946
498103,0.7837,0.003570,280.10, 437.0946
498104,0.7871,0.003207,311.81, 437.0949
498105,0.7900,0.003157,316.74, 437.0946
498106,0.7930,0.003059,326.93, 437.0952
498107,0.7964,0.003213,311.27, 437.0952
498108,0.7998,0.003282,304.72, 437.0949
498109,0.8032,0.003376,296.17, 437.0946
498110,0.8066,0.003555,281.26, 437.0946
498111,0.8101,0.003508,285.07, 437.0950
498112,0.8140,0.003953,252.96, 437.0946
498113,0.8174,0.003348,298.66, 437.0947
498114,0.8208,0.003460,288.99, 437.0947
498115,0.8237,0.003072,325.54, 437.0946
498116,0.8271,0.003275,305.32, 437.0946
498117,0.8306,0.003183,314.21, 437.0946
498118,0.8335,0.003071,325.58, 437.0970
498119,0.8364,0.002977,335.89, 437.0946
498120,0.8394,0.003031,329.88, 437.0946
498121,0.8423,0.002993,334.16, 437.0946
498122,0.8457,0.003052,327.69, 437.0946
498123,0.8486,0.002941,340.07, 437.0949
498124,0.8516,0.003125,320.00, 437.0946
498125,0.8545,0.003002,333.09, 437.0946
498126,0.8579,0.003069,325.89, 437.0946
498127,0.8608,0.003006,332.62, 437.0949
498128,0.8638,0.003036,329.38, 437.0952
498129,0.8667,0.002930,341.26, 437.0952
498130,0.8696,0.003009,332.34, 437.0952
498131,0.8726,0.002958,338.09, 437.0952
498132,0.8755,0.003045,328.43, 437.0946
498133,0.8784,0.002972,336.49, 437.0952
498134,0.8818,0.002977,335.87, 437.0970
498135,0.8848,0.003037,329.30, 437.0952
498136,0.8877,0.003035,329.53, 437.0946
498137,0.8906,0.003167,315.74, 437.0952
498138,0.8940,0.003061,326.69, 437.0949
498139,0.8970,0.002907,343.99, 437.0952
498140,0.8999,0.003074,325.35, 437.0949
498141,0.9028,0.003002,333.12, 437.0952
498142,0.9063,0.003121,320.41, 437.0946
498143,0.9092,0.002948,339.19, 437.0952
498144,0.9121,0.003034,329.60, 437.0949
498145,0.9150,0.003000,333.34, 437.0952
498146,0.9180,0.003016,331.61, 437.0952
498147,0.9209,0.002979,335.73, 437.0952
498148,0.9243,0.003204,312.11, 437.0946
498149,0.9272,0.003049,328.03, 437.0949
498150,0.9302,0.003086,324.03, 437.0952
498151,0.9331,0.002951,338.88, 437.0952
498152,0.9365,0.003058,327.05, 437.0946
498153,0.9395,0.003029,330.12, 437.0952
498154,0.9424,0.003064,326.39, 437.0952
498155,0.9453,0.002961,337.75, 437.0952
498156,0.9482,0.003009,332.37, 437.0952
498157,0.9517,0.003015,331.69, 437.0946
498158,0.9546,0.003239,308.78, 437.0946
498159,0.9575,0.002988,334.64, 437.0949
498160,0.9609,0.003083,324.32, 437.0946
498161,0.9639,0.003002,333.07, 437.0952
498162,0.9668,0.003023,330.75, 437.0946
498163,0.9697,0.002923,342.08, 437.0952
498164,0.9727,0.003067,326.06, 437.0946
498165,0.9756,0.002954,338.50, 437.0953
498166,0.9785,0.003008,332.44, 437.0952
498167,0.9814,0.002942,339.90, 437.0952
498168,0.9849,0.002999,333.44, 437.0949
498169,0.9878,0.002923,342.10, 437.0952
498170,0.9907,0.003038,329.15, 437.0946
498171,0.9937,0.002984,335.15, 437.0952
498172,0.9966,0.003025,330.53, 437.0946
498173,0.9995,0.003109,321.61, 437.0949
498174,1.0029,0.003151,317.33, 437.0946
498175,1.0059,0.002965,337.28, 437.0952
498176,1.0088,0.003030,330.07, 437.0946
498177,1.0117,0.002965,337.33, 437.0952
498178,1.0146,0.002999,333.44, 437.0952
498179,1.0176,0.002924,342.03, 437.0952
498180,1.0210,0.002990,334.46, 437.0952
498181,1.0239,0.002965,337.33, 437.0949
498182,1.0269,0.002994,333.96, 437.0952
498183,1.0298,0.002982,335.35, 437.0952
498184,1.0327,0.003015,331.66, 437.0949
498185,1.0356,0.002939,340.31, 437.0952
498186,1.0386,0.003125,320.04, 437.0949
498187,1.0415,0.002954,338.56, 437.0952
498188,1.0449,0.003014,331.81, 437.0952
498189,1.0479,0.002953,338.64, 437.0970
498190,1.0508,0.003011,332.16, 437.0952
498191,1.0537,0.002975,336.18, 437.0949
498192,1.0566,0.002962,337.62, 437.0946
498193,1.0596,0.002972,336.50, 437.0952
498194,1.0625,0.003001,333.18, 437.0952
498195,1.0654,0.002961,337.69, 437.0952
498196,1.0684,0.002929,341.39, 437.0946
498197,1.0713,0.002999,333.49, 437.0952
498198,1.0747,0.002981,335.49, 437.0952
498199,1.0776,0.002957,338.16, 437.0952
498200,1.0806,0.002943,339.75, 437.0946
498201,1.0835,0.003014,331.77, 437.0952
498202,1.0864,0.002922,342.28, 437.0952
498203,1.0894,0.002966,337.18, 437.0952
498204,1.0923,0.003024,330.68, 437.0946
498205,1.0957,0.003147,317.72, 437.0952
498206,1.0986,0.002969,336.81, 437.0946
498207,1.1016,0.002985,334.97, 437.0952
498208,1.1045,0.002941,340.01, 437.1020
498209,1.1074,0.003036,329.40, 437.0952
498210,1.1104,0.003123,320.24, 437.0949
498211,1.1138,0.003013,331.87, 437.0952
498212,1.1167,0.002935,340.75, 437.0952
498213,1.1196,0.002982,335.33, 437.0952
498214,1.1226,0.002955,338.41, 437.0946
498215,1.1255,0.003096,322.98, 437.0946
498216,1.1284,0.002992,334.25, 437.0949
498217,1.1313,0.003017,331.41, 437.0949
498218,1.1343,0.002969,336.81, 437.0949
498219,1.1377,0.002977,335.94, 437.0952
498220,1.1406,0.003035,329.46, 437.0946
498221,1.1436,0.003096,323.05, 437.0946
498222,1.1465,0.002962,337.63, 437.0946
498223,1.1494,0.003086,324.10, 437.0952
498224,1.1523,0.002939,340.30, 437.0946
498225,1.1558,0.003035,329.54, 437.0949
498226,1.1587,0.002954,338.50, 437.0946
498227,1.1616,0.003036,329.35, 437.0952
498228,1.1646,0.002994,334.05, 437.0946
498229,1.1675,0.003033,329.72, 437.0952
498230,1.1709,0.003039,329.06, 437.1129
498231,1.1738,0.003108,321.75, 437.0949
498232,1.1768,0.002950,338.94, 437.0949
498233,1.1797,0.003018,331.32, 437.0952
498234,1.1826,0.002875,347.85, 437.1094
498235,1.1855,0.003122,320.31, 437.0952
498236,1.1885,0.002978,335.80, 437.0949
498237,1.1919,0.003051,327.78, 437.0946
498238,1.1948,0.002930,341.27, 437.0952
498239,1.1978,0.003091,323.52, 437.0946
498240,1.2007,0.003067,326.05, 437.0949
498241,1.2041,0.003165,315.96, 437.0946
498242,1.2070,0.002908,343.93, 437.0949
498243,1.2100,0.003035,329.45, 437.0949
498244,1.2129,0.002916,342.97, 437.0952
498245,1.2158,0.003051,327.75, 437.0952
498246,1.2188,0.002939,340.26, 437.0952
498247,1.2222,0.003078,324.92, 437.0952
498248,1.2251,0.002946,339.50, 437.0952
498249,1.2280,0.003057,327.11, 437.0946
498250,1.2310,0.002962,337.61, 437.0952
498251,1.2339,0.003050,327.90, 437.0952
498252,1.2368,0.002937,340.51, 437.0952
498253,1.2397,0.003023,330.78, 437.0949
498254,1.2427,0.002968,336.94, 437.0946
498255,1.2461,0.003129,319.56, 437.0952
498256,1.2490,0.002977,335.89, 437.0949
498257,1.2520,0.003045,328.40, 437.0946
498258,1.2549,0.002942,339.86, 437.0949
498259,1.2578,0.003027,330.37, 437.0952
498260,1.2612,0.002983,335.27, 437.0981
498261,1.2642,0.003072,325.54, 437.0952
498262,1.2671,0.002938,340.32, 437.0949
498263,1.2700,0.002969,336.85, 437.0952
498264,1.2729,0.002954,338.50, 437.0949
498265,1.2759,0.003045,328.43, 437.0949
498266,1.2788,0.003059,326.93, 437.0952
498267,1.2822,0.003144,318.09, 437.0952
498268,1.2852,0.002961,337.68, 437.0946
498269,1.2881,0.003063,326.49, 437.0952
498270,1.2910,0.002991,334.35, 437.0952
498271,1.2944,0.003042,328.77, 437.0952
498272,1.2974,0.003030,330.00, 437.0946
498273,1.3003,0.003022,330.90, 437.0949
498274,1.3032,0.002977,335.89, 437.0946
498275,1.3062,0.003032,329.86, 437.0952
498276,1.3091,0.002956,338.33, 437.0949
498277,1.3125,0.003135,319.03, 437.0952
498278,1.3154,0.002978,335.78, 437.0952
498279,1.3184,0.003006,332.67, 437.0946
498280,1.3213,0.002982,335.31, 437.0952
498281,1.3242,0.003036,329.34, 437.0946
498282,1.3271,0.002951,338.89, 437.0949
498283,1.3301,0.002961,337.72, 437.0952
498284,1.3330,0.002954,338.48, 437.0946
498285,1.3364,0.003008,332.45, 437.0952
498286,1.3394,0.002974,336.20, 437.0946
498287,1.3423,0.003009,332.30, 437.0952
498288,1.3452,0.003045,328.42, 437.0949
498289,1.3481,0.002992,334.20, 437.0946
498290,1.3511,0.002960,337.87, 437.0946
498291,1.3545,0.003032,329.79, 437.0952
498292,1.3574,0.002981,335.51, 437.0946
498293,1.3604,0.002998,333.60, 437.0952
498294,1.3633,0.003019,331.29, 437.0946
498295,1.3662,0.002979,335.72, 437.0952
498296,1.3691,0.002981,335.47, 437.0946
498297,1.3721,0.003006,332.66, 437.0946
498298,1.3750,0.003010,332.24, 437.0946
498299,1.3779,0.002933,341.01, 437.0952
498300,1.3813,0.002947,339.31, 437.0952
498301,1.3843,0.002985,335.00, 437.0952
498302,1.3872,0.002936,340.58, 437.0952
498303,1.3901,0.002960,337.89, 437.0952
498304,1.3931,0.003026,330.48, 437.0949
498305,1.3960,0.003039,329.04, 437.0949
498306,1.3989,0.002993,334.09, 437.0952
498307,1.4019,0.002987,334.80, 437.0946
498308,1.4053,0.003095,323.11, 437.0952
498309,1.4082,0.002975,336.09, 437.0952
498310,1.4111,0.003031,329.91, 437.0952
498311,1.4141,0.002962,337.60, 437.0949
498312,1.4170,0.003011,332.14, 437.0949
498313,1.4199,0.002950,339.01, 437.0946
498314,1.4233,0.003153,317.21, 437.0952
498315,1.4263,0.003214,311.15, 437.0949
498316,1.4297,0.003255,307.19, 437.0946
498317,1.4331,0.003370,296.70, 437.0946
498318,1.4360,0.003161,316.40, 437.0952
498319,1.4395,0.003083,324.32, 437.0949
498320,1.4424,0.003078,324.93, 437.0949
498321,1.4453,0.002982,335.33, 437.0949
498322,1.4482,0.003069,325.80, 437.0952
498323,1.4517,0.003040,328.94, 437.0952
498324,1.4546,0.003030,330.08, 437.0946
498325,1.4575,0.002977,335.95, 437.0952
498326,1.4604,0.002970,336.72, 437.1030
498327,1.4634,0.002991,334.39, 437.0952
498328,1.4663,0.002988,334.72, 437.0952
498329,1.4697,0.003065,326.25, 437.0952
498330,1.4727,0.003070,325.72, 437.0949
498331,1.4756,0.002971,336.61, 437.0952
498332,1.4785,0.003008,332.44, 437.0946
498333,1.4814,0.002953,338.68, 437.0952
498334,1.4844,0.003016,331.55, 437.0949
498335,1.4873,0.002936,340.65, 437.0952
498336,1.4902,0.003010,332.18, 437.0981
498337,1.4937,0.002981,335.50, 437.0952
498338,1.4966,0.003016,331.60, 437.0946
498339,1.4995,0.002962,337.62, 437.0946
498340,1.5024,0.003003,332.99, 437.1060
498341,1.5054,0.002940,340.19, 437.0949
498342,1.5083,0.003003,332.96, 437.0946
498343,1.5112,0.002916,342.90, 437.0952
498344,1.5142,0.003020,331.11, 437.0946
498345,1.5176,0.003063,326.51, 437.0952
498346,1.5205,0.003020,331.18, 437.0946
498347,1.5234,0.003000,333.37, 437.0952
498348,1.5264,0.003083,324.39, 437.0946
498349,1.5293,0.003017,331.47, 437.0949
498350,1.5327,0.003285,304.40, 437.0946
498351,1.5361,0.003263,306.49, 437.0952
498352,1.5391,0.003078,324.94, 437.0949
498353,1.5420,0.003003,333.06, 437.0946
498354,1.5449,0.003054,327.42, 437.0952
498355,1.5483,0.002973,336.41, 437.0952
498356,1.5513,0.002984,335.10, 437.0949
498357,1.5542,0.002964,337.42, 437.0952
498358,1.5571,0.003002,333.16, 437.0952
498359,1.5601,0.002979,335.69, 437.0949
498360,1.5630,0.003067,326.01, 437.0952
498361,1.5659,0.002993,334.08, 437.0952
498362,1.5693,0.002991,334.38, 437.0946
498363,1.5723,0.003005,332.83, 437.0949
498364,1.5752,0.003055,327.35, 437.0952
498365,1.5781,0.002991,334.34, 437.0946
498366,1.5811,0.003081,324.54, 437.0949
498367,1.5845,0.002987,334.77, 437.0952
498368,1.5874,0.002998,333.53, 437.0952
498369,1.5903,0.003053,327.50, 437.0952
498370,1.5933,0.003041,328.83, 437.0949
498371,1.5962,0.002979,335.68, 437.0952
498372,1.5991,0.002991,334.34, 437.0946
498373,1.6021,0.002873,348.12, 437.1245
498374,1.6055,0.003108,321.71, 437.0952
498375,1.6084,0.002922,342.18, 437.0952
498376,1.6113,0.003091,323.48, 437.0946
498377,1.6143,0.002985,335.01, 437.0952
498378,1.6172,0.002986,334.93, 437.0949
498379,1.6201,0.002939,340.24, 437.0952
498380,1.6230,0.003089,323.75, 437.0952
498381,1.6265,0.003057,327.17, 437.0952
498382,1.6294,0.003112,321.39, 437.0949
498383,1.6323,0.002951,338.85, 437.0949
498384,1.6353,0.003025,330.61, 437.0952
498385,1.6382,0.002931,341.13, 437.0949
498386,1.6416,0.003007,332.51, 437.0952
498387,1.6445,0.002964,337.40, 437.0952
498388,1.6475,0.003033,329.74, 437.0949
498389,1.6504,0.002915,343.08, 437.0952
498390,1.6533,0.003003,332.97, 437.0952
498391,1.6563,0.002907,344.02, 437.0952
498392,1.6592,0.003020,331.09, 437.0949
498393,1.6621,0.003025,330.62, 437.0952
498394,1.6650,0.003028,330.24, 437.0949
498395,1.6680,0.002913,343.34, 437.0952
498396,1.6714,0.003106,321.94, 437.0952
498397,1.6743,0.003011,332.07, 437.0952
498398,1.6772,0.002998,333.60, 437.0949
498399,1.6802,0.002983,335.19, 437.0952
498400,1.6831,0.003047,328.19, 437.0949
498401,1.6860,0.002944,339.65, 437.0952
498402,1.6895,0.002988,334.69, 437.0949
498403,1.6924,0.002923,342.09, 437.0952
498404,1.6953,0.003026,330.48, 437.0952
498405,1.6982,0.002971,336.56, 437.0949
498406,1.7012,0.002956,338.27, 437.0952
498407,1.7041,0.002958,338.05, 437.0952
498408,1.7070,0.002989,334.62, 437.0949
498409,1.7100,0.002992,334.21, 437.0952
498410,1.7129,0.002969,336.77, 437.0952
498411,1.7158,0.002942,339.94, 437.0952
498412,1.7188,0.002975,336.12, 437.0952
498413,1.7222,0.002994,334.02, 437.0952
498414,1.7251,0.003025,330.58, 437.0946
498415,1.7280,0.002972,336.45, 437.0952
498416,1.7310,0.002917,342.88, 437.0946
498417,1.7339,0.002973,336.39, 437.0952
498418,1.7368,0.002970,336.66, 437.0952
498419,1.7397,0.003048,328.12, 437.0952
498420,1.7427,0.002992,334.19, 437.0946
498421,1.7461,0.003005,332.75, 437.0952
498422,1.7490,0.002949,339.12, 437.0952
498423,1.7520,0.002982,335.39, 437.0952
498424,1.7549,0.003012,331.97, 437.0949
498425,1.7578,0.003124,320.07, 437.0949
498426,1.7607,0.002959,337.91, 437.0949
498427,1.7637,0.002999,333.44, 437.0952
498428,1.7671,0.002983,335.22, 437.0946
498429,1.7705,0.003494,286.18, 437.0949
498430,1.7739,0.003361,297.54, 437.0949
498431,1.7769,0.003077,324.99, 437.1030
498432,1.7808,0.003765,265.61, 437.0946
498433,1.7842,0.003427,291.80, 437.1057
498434,1.7876,0.003462,288.85, 437.0946
498435,1.7905,0.003287,304.28, 437.0946
498436,1.7939,0.003194,313.06, 437.0953
498437,1.7969,0.003029,330.10, 437.0946
498438,1.8003,0.003152,317.31, 437.0949
498439,1.8032,0.003007,332.56, 437.0975
498440,1.8062,0.003010,332.20, 437.0946
498441,1.8091,0.002966,337.12, 437.0946
498442,1.8120,0.003068,326.00, 437.0952
498443,1.8154,0.003127,319.79, 437.0952
498444,1.8184,0.003074,325.32, 437.0949
498445,1.8213,0.002968,336.95, 437.0949
498446,1.8242,0.003083,324.40, 437.0952
498447,1.8271,0.002976,336.02, 437.0946
498448,1.8306,0.003010,332.27, 437.0952
498449,1.8335,0.003021,330.97, 437.0952
498450,1.8364,0.002992,334.28, 437.0952
498451,1.8394,0.002919,342.54, 437.0952
498452,1.8423,0.003010,332.23, 437.0949
498453,1.8452,0.002942,339.93, 437.0952
498454,1.8481,0.003062,326.54, 437.0952
498455,1.8511,0.002957,338.15, 437.0952
498456,1.8545,0.003001,333.21, 437.0952
498457,1.8569,0.002864,349.22, 437.0952
498458,1.8604,0.003027,330.37, 437.0949
498459,1.8633,0.003010,332.19, 437.0952
498460,1.8662,0.003024,330.66, 437.0946
498461,1.8691,0.002911,343.56, 437.0952
498462,1.8721,0.002970,336.75, 437.0952
498463,1.8750,0.002932,341.09, 437.0949
498464,1.8779,0.003012,332.06, 437.0952
498465,1.8809,0.002940,340.10, 437.0952
498466,1.8838,0.003006,332.69, 437.0952
498467,1.8867,0.002916,342.91, 437.0952
498468,1.8901,0.003014,331.80, 437.0952
498469,1.8931,0.002949,339.06, 437.0952
498470,1.8960,0.002969,336.77, 437.0952
498471,1.8989,0.002892,345.82, 437.0952
498472,1.9019,0.002960,337.83, 437.0952
498473,1.9048,0.002952,338.71, 437.0952
498474,1.9077,0.003027,330.36, 437.0946
498475,1.9106,0.002964,337.42, 437.0952
498476,1.9136,0.002961,337.72, 437.0952
498477,1.9165,0.003027,330.41, 437.0952
498478,1.9194,0.002941,340.07, 437.0946
498479,1.9224,0.002964,337.39, 437.0952
498480,1.9258,0.003015,331.73, 437.0946
498481,1.9287,0.002941,339.97, 437.0952
498482,1.9316,0.002926,341.72, 437.0952
498483,1.9346,0.002957,338.13, 437.0952
498484,1.9375,0.002896,345.28, 437.0949
498485,1.9404,0.002930,341.32, 437.0952
498486,1.9434,0.002942,339.88, 437.0946
498487,1.9463,0.003022,330.93, 437.0946
498488,1.9492,0.002913,343.31, 437.0946
498489,1.9521,0.002965,337.27, 437.0952
498490,1.9551,0.002917,342.87, 437.0952
498491,1.9580,0.003171,315.32, 437.0949
498492,1.9609,0.002985,335.05, 437.0952
498493,1.9639,0.002995,333.85, 437.0952
498494,1.9668,0.002874,347.92, 437.0952
498495,1.9702,0.002992,334.20, 437.0952
498496,1.9727,0.002896,345.26, 437.0949
498497,1.9761,0.003078,324.85, 437.0952
498498,1.9790,0.002915,343.04, 437.0952
498499,1.9819,0.003000,333.29, 437.0952
498500,1.9849,0.002888,346.31, 437.0952
498501,1.9878,0.003114,321.12, 437.0952
498502,1.9907,0.003032,329.83, 437.0952
498503,1.9941,0.003080,324.64, 437.0952
498504,1.9971,0.002915,343.05, 437.0946
498505,2.0000,0.002995,333.89, 437.0949
498506,2.0029,0.002880,347.20, 437.0952
498507,2.0059,0.003045,328.44, 437.0952
498508,2.0088,0.002890,346.00, 437.0952
498509,2.0117,0.003036,329.37, 437.0952
498510,2.0146,0.002906,344.09, 437.0952
498511,2.0176,0.002992,334.20, 437.0952
498512,2.0205,0.002924,341.95, 437.0952
498513,2.0234,0.003035,329.52, 437.0952
498514,2.0264,0.002930,341.33, 437.0952
498515,2.0293,0.002948,339.21, 437.0952
498516,2.0322,0.002885,346.63, 437.0949
498517,2.0352,0.002935,340.72, 437.0946
498518,2.0386,0.003037,329.26, 437.0970
498519,2.0415,0.003018,331.33, 437.0952
498520,2.0444,0.002962,337.64, 437.0949
498521,2.0474,0.003047,328.15, 437.0946
498522,2.0503,0.002942,339.86, 437.0949
498523,2.0532,0.003002,333.13, 437.0952
498524,2.0562,0.002951,338.82, 437.0949
498525,2.0591,0.002949,339.09, 437.0949
498526,2.0620,0.002952,338.80, 437.0952
498527,2.0649,0.002939,340.26, 437.0952
498528,2.0679,0.002935,340.72, 437.0952
498529,2.0708,0.002899,344.98, 437.0952
498530,2.0737,0.002932,341.09, 437.0952
498531,2.0767,0.002902,344.59, 437.0952
498532,2.0796,0.002954,338.55, 437.0952
498533,2.0825,0.002928,341.48, 437.0952
498534,2.0854,0.002995,333.92, 437.0952
498535,2.0884,0.002915,343.02, 437.0952
498536,2.0913,0.002996,333.76, 437.0946
498537,2.0942,0.002897,345.24, 437.0952
498538,2.0972,0.002947,339.28, 437.0952
498539,2.1006,0.003080,324.73, 437.1000
498540,2.1035,0.003191,313.39, 437.0952
498541,2.1064,0.002905,344.26, 437.0949
498542,2.1094,0.003003,333.01, 437.0946
498543,2.1123,0.002906,344.14, 437.0952
498544,2.1157,0.003038,329.12, 437.0946
498545,2.1187,0.002893,345.64, 437.0952
498546,2.1216,0.002968,336.96, 437.0952
498547,2.1245,0.002905,344.25, 437.0952
498548,2.1274,0.003024,330.64, 437.0949
498549,2.1304,0.002969,336.84, 437.0946
498550,2.1333,0.003017,331.44, 437.0952
498551,2.1362,0.002915,343.01, 437.0952
498552,2.1392,0.003035,329.51, 437.0946
498553,2.1421,0.003073,325.39, 437.0946
498554,2.1455,0.003091,323.52, 437.0949
498555,2.1484,0.002993,334.09, 437.0970
498556,2.1514,0.003122,320.34, 437.0949
498557,2.1553,0.003603,277.58, 437.0946
498558,2.1587,0.003469,288.28, 437.0946
498559,2.1616,0.003100,322.60, 437.0952
498560,2.1646,0.003028,330.22, 437.0952
498561,2.1675,0.002931,341.23, 437.0946
498562,2.1709,0.003013,331.92, 437.0949
498563,2.1738,0.002953,338.70, 437.0952
498564,2.1768,0.003140,318.47, 437.0952
498565,2.1797,0.003003,332.97, 437.0946
498566,2.1826,0.003095,323.11, 437.0946
498567,2.1860,0.002937,340.54, 437.0952
498568,2.1890,0.003008,332.48, 437.0949
498569,2.1919,0.002982,335.40, 437.0946
498570,2.1948,0.003081,324.61, 437.0952
498571,2.1978,0.002943,339.85, 437.0952
498572,2.2007,0.002982,335.33, 437.0949
498573,2.2036,0.002932,341.02, 437.0949
498574,2.2065,0.003035,329.49, 437.0952
498575,2.2095,0.002879,347.31, 437.0946
498576,2.2129,0.003048,328.05, 437.0949
498577,2.2158,0.002924,342.02, 437.0952
498578,2.2188,0.002996,333.77, 437.0949
498579,2.2217,0.002915,343.11, 437.0952
498580,2.2246,0.003078,324.87, 437.0946
498581,2.2280,0.003317,301.48, 437.0949
498582,2.2310,0.003136,318.89, 437.0947
498583,2.2344,0.003157,316.80, 437.0952
498584,2.2373,0.003032,329.85, 437.0949
498585,2.2402,0.002916,342.99, 437.0949
498586,2.2432,0.003175,314.93, 437.0946
498587,2.2461,0.002907,344.01, 437.0952
498588,2.2490,0.002997,333.71, 437.0952
498589,2.2520,0.002962,337.56, 437.0952
498590,2.2554,0.003017,331.51, 437.0952
498591,2.2583,0.002905,344.26, 437.0952
498592,2.2612,0.002983,335.28, 437.0946
498593,2.2642,0.002943,339.78, 437.0952
498594,2.2671,0.002989,334.58, 437.0952
498595,2.2700,0.002867,348.77, 437.0952
498596,2.2729,0.002987,334.75, 437.0952
498597,2.2759,0.002898,345.09, 437.0952
498598,2.2788,0.003036,329.37, 437.0952
498599,2.2817,0.002924,341.97, 437.0949
498600,2.2847,0.002982,335.36, 437.0952
498601,2.2876,0.002896,345.33, 437.0952
498602,2.2905,0.002960,337.88, 437.0949
498603,2.2935,0.002954,338.49, 437.0949
498604,2.2964,0.002977,335.93, 437.0949
498605,2.2993,0.002927,341.68, 437.0946
498606,2.3022,0.002950,338.94, 437.0952
498607,2.3052,0.002967,337.03, 437.0952
498608,2.3081,0.002932,341.12, 437.0949
498609,2.3110,0.002959,337.96, 437.0952
498610,2.3140,0.002947,339.29, 437.0952
498611,2.3169,0.002918,342.75, 437.0952
498612,2.3198,0.002935,340.72, 437.0946
498613,2.3232,0.002971,336.55, 437.0952
498614,2.3262,0.002947,339.32, 437.0949
498615,2.3291,0.002958,338.07, 437.0952
498616,2.3320,0.002916,342.99, 437.0952
498617,2.3350,0.003056,327.24, 437.0952
498618,2.3379,0.002920,342.51, 437.0952
498619,2.3408,0.002964,337.42, 437.0952
498620,2.3438,0.002971,336.58, 437.0946
498621,2.3467,0.002978,335.77, 437.0949
498622,2.3496,0.002895,345.44, 437.0946
498623,2.3540,0.004394,227.60, 437.0949
498624,2.3569,0.003115,321.03, 437.0952
498625,2.3604,0.003038,329.13, 437.0949
498626,2.3633,0.002999,333.49, 437.0952
498627,2.3662,0.002949,339.06, 437.0952
498628,2.3691,0.003005,332.79, 437.0952
498629,2.3721,0.003009,332.39, 437.1025
498630,2.3750,0.003102,322.40, 437.0949
498631,2.3784,0.003204,312.08, 437.0952
498632,2.3813,0.003059,326.95, 437.0947
498633,2.3848,0.003062,326.54, 437.0952
498634,2.3877,0.003113,321.20, 437.0949
498635,2.3906,0.002979,335.72, 437.0952
498636,2.3940,0.003154,317.10, 437.0949
498637,2.3970,0.003047,328.16, 437.0949
498638,2.3999,0.003032,329.79, 437.0949
498639,2.4028,0.003043,328.67, 437.0952
498640,2.4063,0.003099,322.74, 437.0949
498641,2.4092,0.003006,332.70, 437.0949
498642,2.4121,0.003018,331.39, 437.0952
498643,2.4150,0.003035,329.51, 437.0952
498644,2.4180,0.002993,334.12, 437.0949
498645,2.4209,0.003047,328.25, 437.0952
498646,2.4243,0.003119,320.64, 437.0952
498647,2.4272,0.003010,332.21, 437.0952
498648,2.4302,0.003156,316.82, 437.0946
498649,2.4336,0.003158,316.64, 437.0949
498650,2.4365,0.003141,318.41, 437.0952
498651,2.4395,0.002959,337.92, 437.0952
498652,2.4429,0.003033,329.76, 437.0949
498653,2.4458,0.003028,330.24, 437.0970
498654,2.4487,0.003029,330.12, 437.0946
498655,2.4517,0.002940,340.11, 437.0952
498656,2.4546,0.003009,332.38, 437.0952
498657,2.4575,0.002948,339.25, 437.0952
498658,2.4609,0.003052,327.61, 437.0946
498659,2.4639,0.003079,324.79, 437.0949
498660,2.4668,0.003009,332.36, 437.0952
498661,2.4697,0.002968,336.95, 437.0949
498662,2.4727,0.002994,334.06, 437.0952
498663,2.4756,0.003033,329.74, 437.0952
498664,2.4790,0.003148,317.69, 437.0946
498665,2.4819,0.003117,320.78, 437.0952
498666,2.4849,0.003035,329.45, 437.0946
498667,2.4878,0.002944,339.69, 437.0952
498668,2.4912,0.002997,333.69, 437.0952
498669,2.4941,0.003031,329.97, 437.0952
498670,2.4971,0.002986,334.92, 437.0949
498671,2.5000,0.002927,341.66, 437.0952
498672,2.5029,0.002943,339.82, 437.0952
498673,2.5059,0.002999,333.47, 437.0949
498674,2.5088,0.002945,339.52, 437.0946
498675,2.5117,0.002995,333.88, 437.0952
498676,2.5146,0.002981,335.49, 437.0949
498677,2.5176,0.002934,340.82, 437.0990
498678,2.5205,0.002943,339.77, 437.0946
498679,2.5239,0.003031,329.89, 437.0952
498680,2.5269,0.003145,318.02, 437.0952
498681,2.5298,0.003023,330.76, 437.0952
498682,2.5327,0.002932,341.03, 437.0952
498683,2.5356,0.003013,331.92, 437.0949
498684,2.5391,0.003111,321.46, 437.0946
498685,2.5425,0.003303,302.76, 437.0952
498686,2.5454,0.003159,316.52, 437.0946
498687,2.5483,0.003026,330.43, 437.0946
498688,2.5513,0.002986,334.88, 437.0946
498689,2.5542,0.002993,334.08, 437.0970
498690,2.5576,0.003002,333.09, 437.0946
498691,2.5605,0.002997,333.70, 437.0952
498692,2.5635,0.002969,336.81, 437.0946
498693,2.5664,0.003017,331.41, 437.0952
498694,2.5693,0.003007,332.54, 437.0952
498695,2.5723,0.002996,333.83, 437.0952
498696,2.5752,0.002982,335.31, 437.0946
498697,2.5786,0.003041,328.88, 437.0952
498698,2.5815,0.002995,333.95, 437.0952
498699,2.5845,0.002995,333.88, 437.1055
498700,2.5874,0.002922,342.22, 437.0952
498701,2.5903,0.002976,336.00, 437.0952
498702,2.5933,0.002894,345.52, 437.0970
498703,2.5962,0.003053,327.53, 437.0952
498704,2.5991,0.002881,347.10, 437.1005
498705,2.6021,0.003021,331.07, 437.0952
498706,2.6050,0.002966,337.14, 437.0949
498707,2.6084,0.003036,329.34, 437.0952
498708,2.6113,0.002956,338.34, 437.0949
498709,2.6143,0.003133,319.18, 437.0946
498710,2.6172,0.002974,336.24, 437.0952
498711,2.6201,0.002996,333.77, 437.0952
498712,2.6230,0.002908,343.89, 437.1085
498713,2.6265,0.003093,323.30, 437.0949
498714,2.6294,0.002935,340.70, 437.0949
498715,2.6323,0.003082,324.50, 437.0952
498716,2.6353,0.002967,337.07, 437.0946
498717,2.6382,0.003024,330.64, 437.0952
498718,2.6411,0.002999,333.43, 437.0949
498719,2.6445,0.003107,321.82, 437.0949
498720,2.6475,0.002919,342.54, 437.0949
498721,2.6504,0.003025,330.57, 437.0949
498722,2.6533,0.002906,344.10, 437.0949
498723,2.6563,0.003058,326.97, 437.0952
498724,2.6592,0.002905,344.26, 437.0952
498725,2.6621,0.003060,326.82, 437.0952
498726,2.6650,0.002925,341.89, 437.0952
498727,2.6685,0.003072,325.51, 437.0952
498728,2.6709,0.002917,342.84, 437.0953
498729,2.6743,0.003397,294.36, 437.0952
498730,2.6772,0.002903,344.47, 437.0952
498731,2.6802,0.002964,337.43, 437.0952
498732,2.6831,0.002895,345.42, 437.0952
498733,2.6865,0.003007,332.61, 437.0949
498734,2.6890,0.002858,349.93, 437.0952
498735,2.6924,0.003000,333.31, 437.0952
498736,2.6953,0.002911,343.55, 437.0952
498737,2.6982,0.002964,337.43, 437.0952
498738,2.7012,0.002935,340.70, 437.0952
498739,2.7041,0.003009,332.29, 437.0952
498740,2.7070,0.002922,342.24, 437.0952
498741,2.7100,0.002982,335.37, 437.0952
498742,2.7129,0.002946,339.50, 437.0952
498743,2.7158,0.003009,332.38, 437.0949
498744,2.7188,0.002927,341.68, 437.0952
498745,2.7217,0.003053,327.55, 437.0946
498746,2.7246,0.002930,341.27, 437.0952
498747,2.7275,0.002965,337.25, 437.0952
498748,2.7310,0.003004,332.89, 437.0952
498749,2.7339,0.003033,329.66, 437.0952
498750,2.7368,0.003035,329.52, 437.0952
498751,2.7397,0.002995,333.92, 437.0952
498752,2.7427,0.002985,335.03, 437.0952
498753,2.7461,0.003102,322.37, 437.0952
498754,2.7490,0.002960,337.83, 437.0952
498755,2.7520,0.002924,342.01, 437.0946
498756,2.7549,0.002963,337.53, 437.0946
498757,2.7578,0.002922,342.27, 437.0952
498758,2.7607,0.003032,329.83, 437.0952
498759,2.7642,0.003456,289.32, 437.0946
498760,2.7671,0.003163,316.19, 437.0952
498761,2.7705,0.003144,318.04, 437.0952
498762,2.7734,0.003163,316.12, 437.0949
498763,2.7769,0.003280,304.91, 437.0952
498764,2.7803,0.003516,284.38, 437.0949
498765,2.7837,0.003498,285.90, 437.0947
498766,2.7871,0.003177,314.78, 437.0949
498767,2.7900,0.003114,321.12, 437.0952
498768,2.7930,0.002979,335.66, 437.0949
498769,2.7964,0.003146,317.82, 437.0949
498770,2.7993,0.002987,334.82, 437.0952
498771,2.8022,0.003026,330.51, 437.0952
498772,2.8052,0.002972,336.43, 437.0946
498773,2.8086,0.003073,325.47, 437.0952
498774,2.8115,0.002980,335.63, 437.0946
498775,2.8145,0.003010,332.28, 437.0952
498776,2.8174,0.002879,347.32, 437.0952
498777,2.8203,0.003006,332.65, 437.0952
498778,2.8232,0.002994,334.00, 437.0952
498779,2.8262,0.003006,332.63, 437.0952
498780,2.8291,0.002884,346.75, 437.0952
498781,2.8320,0.003001,333.27, 437.0952
498782,2.8350,0.002898,345.02, 437.0952
498783,2.8379,0.002964,337.40, 437.0952
498784,2.8408,0.002865,349.00, 437.0952
498785,2.8438,0.003031,329.96, 437.0946
498786,2.8467,0.002915,343.03, 437.0952
498787,2.8496,0.002952,338.76, 437.0952
498788,2.8525,0.002902,344.61, 437.0952
498789,2.8555,0.003006,332.69, 437.0946
498790,2.8584,0.002948,339.26, 437.0952
498791,2.8618,0.002987,334.78, 437.0952
498792,2.8647,0.003013,331.95, 437.0952
498793,2.8677,0.002965,337.28, 437.0949
498794,2.8706,0.002911,343.50, 437.0952
498795,2.8735,0.003030,330.03, 437.0946
498796,2.8765,0.002963,337.45, 437.0952
498797,2.8794,0.002951,338.91, 437.0946
498798,2.8823,0.002939,340.31, 437.0952
498799,2.8853,0.002959,338.01, 437.0952
498800,2.8882,0.002961,337.71, 437.0952
498801,2.8911,0.002926,341.82, 437.0952
498802,2.8940,0.003025,330.57, 437.0952
498803,2.8970,0.002918,342.67, 437.0952
498804,2.8999,0.002943,339.75, 437.0952
498805,2.9033,0.003063,326.50, 437.0952
498806,2.9063,0.003034,329.55, 437.0952
498807,2.9092,0.002952,338.72, 437.0995
498808,2.9121,0.003049,328.03, 437.0946
498809,2.9150,0.002955,338.43, 437.0946
498810,2.9180,0.002986,334.87, 437.0952
498811,2.9209,0.002966,337.20, 437.0946
498812,2.9243,0.003060,326.80, 437.0952
498813,2.9272,0.002923,342.15, 437.0952
498814,2.9302,0.002973,336.34, 437.0952
498815,2.9331,0.002961,337.71, 437.0952
498816,2.9360,0.002968,336.95, 437.0949
498817,2.9390,0.002883,346.89, 437.0949
498818,2.9419,0.003032,329.77, 437.0952
498819,2.9448,0.002920,342.47, 437.0952
498820,2.9478,0.002977,335.95, 437.0946
498821,2.9507,0.002886,346.51, 437.0952
498822,2.9536,0.003028,330.21, 437.0946
498823,2.9565,0.002894,345.60, 437.0952
498824,2.9595,0.003038,329.22, 437.0946
498825,2.9629,0.003134,319.12, 437.0952
498826,2.9658,0.003053,327.60, 437.0949
498827,2.9688,0.002932,341.03, 437.0952
498828,2.9717,0.003043,328.61, 437.0952
498829,2.9746,0.002962,337.67, 437.0952
498830,2.9775,0.003003,333.00, 437.0952
498831,2.9810,0.002961,337.75, 437.0952
498832,2.9839,0.003052,327.71, 437.0949
498833,2.9868,0.003096,323.04, 437.0949
498834,2.9897,0.003018,331.35, 437.0946
498835,2.9927,0.002918,342.76, 437.0952
498836,2.9956,0.003016,331.54, 437.0952
498837,2.9990,0.003030,330.02, 437.0952
498838,3.0020,0.003005,332.83, 437.0952
498839,3.0049,0.003043,328.66, 437.0952
498840,3.0078,0.003031,329.91, 437.0949
498841,3.0107,0.002930,341.33, 437.1045
498842,3.0137,0.003020,331.16, 437.0952
498843,3.0171,0.002973,336.38, 437.0952
498844,3.0200,0.002997,333.67, 437.0946
498845,3.0229,0.002979,335.68, 437.0952
498846,3.0259,0.003024,330.72, 437.0952
498847,3.0288,0.002988,334.73, 437.0952
498848,3.0317,0.003002,333.17, 437.0946
498849,3.0347,0.002976,336.02, 437.1577
498850,3.0381,0.003163,316.15, 437.0952
498851,3.0410,0.002976,336.02, 437.0952
498852,3.0439,0.003171,315.39, 437.0946
498853,3.0474,0.003174,315.03, 437.0949
498854,3.0503,0.003045,328.43, 437.0949
498855,3.0532,0.002964,337.42, 437.0952
498856,3.0562,0.003027,330.40, 437.0946
498857,3.0596,0.003109,321.64, 437.0946
498858,3.0625,0.003071,325.61, 437.0949
498859,3.0654,0.002950,339.01, 437.1050
498860,3.0684,0.002982,335.39, 437.0949
498861,3.0713,0.002956,338.30, 437.0952
498862,3.0742,0.003030,330.08, 437.0952
498863,3.0776,0.003028,330.22, 437.0952
498864,3.0806,0.002978,335.80, 437.0946
498865,3.0835,0.002975,336.17, 437.0949
498866,3.0864,0.002957,338.21, 437.0952
498867,3.0894,0.002959,337.92, 437.0952
498868,3.0923,0.002968,336.93, 437.0946
498869,3.0952,0.002997,333.66, 437.0952
498870,3.0981,0.002960,337.86, 437.0946
498871,3.1011,0.002922,342.22, 437.0952
498872,3.1040,0.002983,335.26, 437.0949
498873,3.1074,0.003051,327.75, 437.0952
498874,3.1104,0.003220,310.60, 437.0952
498875,3.1133,0.003052,327.65, 437.0952
498876,3.1167,0.002981,335.42, 437.0952
498877,3.1196,0.002986,334.86, 437.0952
498878,3.1226,0.003016,331.60, 437.0946
498879,3.1255,0.003149,317.60, 437.0952
498880,3.1289,0.003110,321.53, 437.0946
498881,3.1318,0.003008,332.42, 437.0946
498882,3.1348,0.002994,334.03, 437.0970
498883,3.1377,0.002988,334.65, 437.0952
498884,3.1406,0.002966,337.18, 437.0949
498885,3.1440,0.003124,320.07, 437.0946
498886,3.1470,0.002922,342.22, 437.0970
498887,3.1499,0.002958,338.11, 437.0952
498888,3.1528,0.002940,340.16, 437.0946
498889,3.1558,0.002995,333.86, 437.0949
498890,3.1587,0.002940,340.10, 437.0946
498891,3.1616,0.003010,332.19, 437.0949
498892,3.1646,0.002970,336.73, 437.0946
498893,3.1675,0.002981,335.45, 437.0949
498894,3.1704,0.002990,334.40, 437.0952
498895,3.1733,0.003038,329.20, 437.0952
498896,3.1763,0.002936,340.56, 437.0952
498897,3.1797,0.003082,324.49, 437.0952
498898,3.1826,0.002981,335.46, 437.0946
498899,3.1855,0.003092,323.39, 437.0946
498900,3.1885,0.003065,326.32, 437.0946
498901,3.1919,0.003023,330.82, 437.0949
498902,3.1948,0.002983,335.21, 437.0952
498903,3.1978,0.003006,332.70, 437.0952
498904,3.2007,0.002952,338.78, 437.0946
498905,3.2036,0.003141,318.35, 437.0952
498906,3.2065,0.002966,337.15, 437.0952
498907,3.2100,0.003038,329.15, 437.0952
498908,3.2129,0.002988,334.64, 437.0946
498909,3.2158,0.003028,330.28, 437.0952
498910,3.2188,0.002960,337.87, 437.0949
498911,3.2217,0.003011,332.13, 437.0952
498912,3.2246,0.002900,344.86, 437.1235
498913,3.2275,0.003050,327.92, 437.0952
498914,3.2305,0.002878,347.46, 437.1085
498915,3.2339,0.003036,329.39, 437.0952
498916,3.2368,0.003046,328.33, 437.0946
498917,3.2397,0.003145,318.00, 437.0952
498918,3.2427,0.002921,342.36, 437.0949
498919,3.2456,0.003016,331.60, 437.0952
498920,3.2490,0.003020,331.15, 437.0946
498921,3.2520,0.002994,334.01, 437.0952
498922,3.2549,0.002896,345.36, 437.0952
498923,3.2578,0.002979,335.69, 437.0952
498924,3.2607,0.002856,350.09, 437.0953
498925,3.2637,0.003155,316.96, 437.0952
498926,3.2666,0.002956,338.32, 437.0970
498927,3.2695,0.003034,329.61, 437.0946
498928,3.2725,0.002975,336.11, 437.0952
498929,3.2759,0.003079,324.74, 437.0952
498930,3.2788,0.002926,341.82, 437.0952
498931,3.2817,0.003044,328.50, 437.0949
498932,3.2847,0.002965,337.33, 437.0952
498933,3.2876,0.003004,332.85, 437.0952
498934,3.2905,0.002904,344.32, 437.0952
498935,3.2935,0.003094,323.26, 437.0952
498936,3.2969,0.002975,336.11, 437.0952
498937,3.2998,0.003004,332.94, 437.0949
498938,3.3027,0.002929,341.38, 437.0952
498939,3.3057,0.002963,337.48, 437.0952
498940,3.3086,0.002906,344.17, 437.0949
498941,3.3115,0.003066,326.15, 437.0946
498942,3.3145,0.002976,336.00, 437.0952
498943,3.3174,0.002968,336.94, 437.0952
498944,3.3203,0.002916,342.90, 437.0952
498945,3.3232,0.002983,335.28, 437.0952
498946,3.3262,0.003007,332.60, 437.0949
498947,3.3296,0.003035,329.48, 437.0949
498948,3.3325,0.003010,332.24, 437.0952
498949,3.3354,0.002998,333.57, 437.0946
498950,3.3384,0.002950,338.98, 437.0952
498951,3.3413,0.003125,319.97, 437.0952
498952,3.3447,0.003057,327.10, 437.0949
498953,3.3477,0.002973,336.35, 437.0952
498954,3.3506,0.002933,340.91, 437.0952
498955,3.3535,0.002970,336.75, 437.0952
498956,3.3564,0.002988,334.69, 437.0952
498957,3.3594,0.003108,321.77, 437.0952
498958,3.3628,0.003045,328.46, 437.0949
498959,3.3657,0.002992,334.20, 437.0952
498960,3.3687,0.002957,338.17, 437.0946
498961,3.3716,0.002957,338.18, 437.0952
498962,3.3745,0.003011,332.10, 437.0946
498963,3.3774,0.002950,339.01, 437.0949
498964,3.3804,0.002971,336.58, 437.0952
498965,3.3833,0.002980,335.60, 437.0970
498966,3.3862,0.002948,339.20, 437.0952
498967,3.3892,0.002937,340.44, 437.0952
498968,3.3926,0.003104,322.18, 437.0952
498969,3.3955,0.002981,335.42, 437.0946
498970,3.3984,0.002954,338.51, 437.0952
498971,3.4014,0.002922,342.22, 437.0952
498972,3.4043,0.003025,330.57, 437.0949
498973,3.4072,0.002965,337.30, 437.0946
498974,3.4102,0.002998,333.53, 437.0952
498975,3.4131,0.003037,329.25, 437.0946
498976,3.4160,0.003000,333.36, 437.0946
498977,3.4194,0.002994,334.00, 437.0946
498978,3.4224,0.003059,326.89, 437.0952
498979,3.4253,0.002943,339.78, 437.0952
498980,3.4282,0.003116,320.97, 437.0952
498981,3.4312,0.002960,337.82, 437.0946
498982,3.4346,0.003093,323.33, 437.0952
498983,3.4375,0.003025,330.63, 437.0952
498984,3.4404,0.002996,333.74, 437.0952
498985,3.4434,0.002952,338.75, 437.0952
498986,3.4463,0.003037,329.26, 437.0949
498987,3.4492,0.002950,338.97, 437.0946
498988,3.4521,0.003016,331.55, 437.0952
498989,3.4556,0.002933,340.96, 437.0952
498990,3.4585,0.003003,333.03, 437.0952
498991,3.4614,0.002932,341.02, 437.0946
498992,3.4644,0.003028,330.26, 437.0949
498993,3.4673,0.002911,343.52, 437.0949
498994,3.4702,0.003007,332.55, 437.0952
498995,3.4731,0.002929,341.47, 437.0952
498996,3.4761,0.003032,329.87, 437.0946
498997,3.4790,0.002967,337.03, 437.0952
498998,3.4824,0.003094,323.26, 437.0952
498999,3.4854,0.003030,330.09, 437.0949
499000,3.4883,0.002994,333.99, 437.0949
499001,3.4912,0.002933,340.96, 437.0949
499002,3.4941,0.003081,324.58, 437.0949
499003,3.4971,0.003048,328.09, 437.0946
499004,3.5005,0.003086,324.07, 437.0949
499005,3.5034,0.002994,334.03, 437.0946
499006,3.5063,0.002998,333.54, 437.0952
499007,3.5093,0.002936,340.60, 437.0952
499008,3.5122,0.003007,332.52, 437.0946
499009,3.5151,0.002988,334.68, 437.0946
499010,3.5181,0.002970,336.69, 437.0952
499011,3.5215,0.003028,330.25, 437.0949
499012,3.5244,0.003025,330.56, 437.0949
499013,3.5273,0.002959,337.91, 437.0952
499014,3.5303,0.003030,330.02, 437.0952
499015,3.5332,0.002950,338.99, 437.0952
499016,3.5361,0.003003,332.97, 437.0952
499017,3.5391,0.002940,340.09, 437.0952
499018,3.5420,0.002958,338.09, 437.0949
499019,3.5454,0.003159,316.57, 437.0952
499020,3.5483,0.003236,309.01, 437.0949
499021,3.5518,0.003018,331.40, 437.0949
499022,3.5547,0.003022,330.96, 437.0952
499023,3.5576,0.003076,325.06, 437.0952
499024,3.5610,0.003136,318.84, 437.0949
499025,3.5640,0.003074,325.30, 437.0949
499026,3.5669,0.003006,332.69, 437.0949
499027,3.5698,0.002956,338.27, 437.0952
499028,3.5728,0.003008,332.49, 437.0949
499029,3.5757,0.002984,335.12, 437.0952
499030,3.5786,0.002985,335.02, 437.0952
499031,3.5820,0.002953,338.64, 437.0952
499032,3.5850,0.003031,329.96, 437.0946
499033,3.5879,0.002990,334.48, 437.0946
499034,3.5908,0.002981,335.49, 437.0949
499035,3.5938,0.003027,330.39, 437.0952
499036,3.5967,0.002965,337.30, 437.0952
499037,3.5996,0.003003,333.04, 437.0952
499038,3.6025,0.002965,337.33, 437.0949
499039,3.6060,0.002977,335.86, 437.0952
499040,3.6089,0.002964,337.39, 437.0946
499041,3.6118,0.003010,332.21, 437.0946
499042,3.6147,0.002940,340.11, 437.0952
499043,3.6177,0.002977,335.94, 437.0946
499044,3.6206,0.002986,334.92, 437.1094
499045,3.6235,0.003038,329.21, 437.0946
499046,3.6265,0.002945,339.57, 437.0949
499047,3.6294,0.002995,333.89, 437.0949
499048,3.6323,0.002931,341.17, 437.0949
499049,3.6357,0.002984,335.09, 437.0952
499050,3.6387,0.002981,335.41, 437.0949
499051,3.6416,0.002979,335.74, 437.0952
499052,3.6445,0.003035,329.46, 437.0946
499053,3.6475,0.003152,317.29, 437.0946
499054,3.6509,0.003086,324.03, 437.0952
499055,3.6538,0.003010,332.19, 437.0952
499056,3.6567,0.003031,329.92, 437.0952
499057,3.6597,0.003062,326.62, 437.0952
499058,3.6626,0.002967,337.10, 437.0946
499059,3.6660,0.002969,336.83, 437.0952
499060,3.6685,0.002906,344.07, 437.0946
499061,3.6719,0.003019,331.29, 437.0952
499062,3.6748,0.002956,338.27, 437.0952
499063,3.6777,0.003001,333.23, 437.0952
499064,3.6807,0.002901,344.66, 437.0949
499065,3.6836,0.002992,334.25, 437.0952
499066,3.6865,0.002879,347.32, 437.0952
499067,3.6895,0.002988,334.71, 437.0952
499068,3.6924,0.002864,349.13, 437.0952
499069,3.6953,0.003004,332.85, 437.0952
499070,3.6982,0.002879,347.39, 437.0952
499071,3.7012,0.002983,335.29, 437.0952
499072,3.7041,0.002928,341.58, 437.0946
499073,3.7070,0.003009,332.31, 437.0952
499074,3.7100,0.002886,346.48, 437.0952
499075,3.7129,0.003075,325.26, 437.0952
499076,3.7158,0.002933,340.91, 437.0952
499077,3.7188,0.002970,336.76, 437.0946
499078,3.7217,0.002923,342.07, 437.0952
499079,3.7251,0.003009,332.39, 437.0952
499080,3.7280,0.002911,343.54, 437.0952
499081,3.7310,0.002964,337.39, 437.0952
499082,3.7339,0.002914,343.16, 437.0952
499083,3.7368,0.002953,338.65, 437.0952
499084,3.7397,0.002951,338.88, 437.0949
499085,3.7427,0.002986,334.94, 437.0946
499086,3.7456,0.002973,336.39, 437.0952
499087,3.7485,0.003016,331.53, 437.0952
499088,3.7515,0.002957,338.23, 437.0952
499089,3.7544,0.002945,339.52, 437.0952
499090,3.7573,0.002920,342.52, 437.0952
499091,3.7603,0.002897,345.24, 437.0952
499092,3.7637,0.003205,312.05, 437.0949
499093,3.7666,0.003326,300.65, 437.0952
499094,3.7700,0.003096,322.97, 437.0952
499095,3.7744,0.004422,226.14, 437.0948
499096,3.7778,0.003648,274.12, 437.0947
499097,3.7817,0.003740,267.37, 437.1095
499098,3.7852,0.003471,288.08, 437.0946
499099,3.7886,0.003203,312.25, 437.0953
499100,3.7915,0.003082,324.46, 437.0946
499101,3.7944,0.003123,320.23, 437.0952
499102,3.7974,0.002982,335.30, 437.0952
499103,3.8003,0.002960,337.86, 437.0952
499104,3.8037,0.002976,335.98, 437.0952
499105,3.8066,0.002946,339.45, 437.0952
499106,3.8096,0.002977,335.93, 437.0949
499107,3.8125,0.003015,331.72, 437.0952
499108,3.8154,0.002961,337.72, 437.0952
499109,3.8184,0.002928,341.48, 437.0952
499110,3.8213,0.002895,345.46, 437.0952
499111,3.8242,0.002987,334.80, 437.0952
499112,3.8271,0.002979,335.69, 437.0952
499113,3.8301,0.003041,328.88, 437.0949
499114,3.8330,0.002900,344.82, 437.0952
499115,3.8359,0.002971,336.54, 437.0952
499116,3.8389,0.002891,345.94, 437.0952
499117,3.8423,0.003077,325.00, 437.0946
499118,3.8452,0.002979,335.68, 437.0952
499119,3.8481,0.003009,332.37, 437.0946
499120,3.8511,0.002885,346.66, 437.0952
499121,3.8540,0.002994,334.03, 437.0946
499122,3.8569,0.002969,336.77, 437.0949
499123,3.8604,0.003216,310.98, 437.0946
499124,3.8633,0.003010,332.19, 437.0949
499125,3.8662,0.003006,332.66, 437.0946
499126,3.8691,0.002910,343.65, 437.0949
499127,3.8721,0.003038,329.19, 437.0952
499128,3.8750,0.003040,328.95, 437.0949
499129,3.8779,0.003028,330.28, 437.0946
499130,3.8809,0.002921,342.31, 437.0949
499131,3.8843,0.003079,324.82, 437.0949
499132,3.8872,0.002887,346.36, 437.0952
499133,3.8901,0.003054,327.40, 437.0952
499134,3.8931,0.002920,342.42, 437.0952
499135,3.8960,0.003011,332.08, 437.0952
499136,3.8989,0.002861,349.56, 437.0949
499137,3.9019,0.002986,334.91, 437.0952
499138,3.9048,0.002952,338.81, 437.0952
499139,3.9077,0.002995,333.88, 437.0949
499140,3.9106,0.002877,347.56, 437.0949
499141,3.9136,0.003028,330.28, 437.0952
499142,3.9165,0.002924,341.97, 437.0952
499143,3.9194,0.002999,333.49, 437.0949
499144,3.9224,0.002947,339.35, 437.0952
499145,3.9258,0.002977,335.97, 437.0952
499146,3.9287,0.002916,342.98, 437.0952
499147,3.9316,0.002978,335.81, 437.0952
499148,3.9346,0.002912,343.44, 437.0949
499149,3.9375,0.002955,338.40, 437.0952
499150,3.9404,0.002907,344.01, 437.0946
499151,3.9434,0.002993,334.08, 437.0952
499152,3.9463,0.003014,331.77, 437.0952
499153,3.9492,0.002912,343.47, 437.0949
499154,3.9521,0.002939,340.29, 437.0952
499155,3.9551,0.002928,341.51, 437.0952
499156,3.9580,0.002949,339.05, 437.0952
499157,3.9609,0.003061,326.67, 437.0946
499158,3.9639,0.003025,330.61, 437.0952
499159,3.9668,0.002953,338.65, 437.0952
499160,3.9697,0.002951,338.91, 437.0952
499161,3.9727,0.002922,342.23, 437.0952
499162,3.9761,0.002982,335.38, 437.0952
499163,3.9790,0.002963,337.48, 437.0952
499164,3.9819,0.002998,333.52, 437.0952
499165,3.9849,0.002964,337.39, 437.0952
499166,3.9878,0.002956,338.26, 437.0952
499167,3.9907,0.002948,339.25, 437.0952
499168,3.9937,0.003031,329.96, 437.0952
499169,3.9966,0.002933,340.97, 437.0949
499170,4.0000,0.003106,321.92, 437.0949
499171,4.0029,0.002972,336.43, 437.0970
499172,4.0059,0.003042,328.76, 437.0952
499173,4.0088,0.003046,328.31, 437.0949
499174,4.0117,0.003041,328.86, 437.0952
499175,4.0146,0.003027,330.38, 437.0946
499176,4.0181,0.003006,332.68, 437.0952
499177,4.0210,0.002965,337.33, 437.0949
499178,4.0239,0.003021,331.02, 437.0952
499179,4.0269,0.002930,341.29, 437.0952
499180,4.0298,0.003116,320.90, 437.0952
499181,4.0327,0.002976,336.04, 437.0949
499182,4.0361,0.003182,314.30, 437.0946
499183,4.0391,0.003031,329.97, 437.0946
499184,4.0420,0.003008,332.44, 437.0949
499185,4.0449,0.002939,340.21, 437.0946
499186,4.0479,0.002997,333.72, 437.0952
499187,4.0508,0.002957,338.23, 437.0949
499188,4.0542,0.003024,330.67, 437.0949
499189,4.0571,0.002899,344.92, 437.0952
499190,4.0601,0.003027,330.33, 437.0949
499191,4.0630,0.003075,325.18, 437.0946
499192,4.0659,0.003039,329.06, 437.0946
499193,4.0688,0.002906,344.12, 437.0952
499194,4.0723,0.003043,328.63, 437.0952
499195,4.0752,0.002963,337.45, 437.0952
499196,4.0781,0.003032,329.87, 437.0946
499197,4.0811,0.002928,341.59, 437.0953
499198,4.0840,0.003045,328.36, 437.0952
499199,4.0869,0.003040,329.00, 437.0952
499200,4.0898,0.003026,330.44, 437.0952
499201,4.0933,0.003102,322.37, 437.0946
499202,4.0962,0.003189,313.63, 437.0949
499203,4.0991,0.002940,340.10, 437.0952
499204,4.1025,0.003107,321.85, 437.0952
499205,4.1055,0.002933,340.90, 437.0946
499206,4.1084,0.003039,329.09, 437.0952
499207,4.1113,0.003019,331.24, 437.0952
499208,4.1147,0.003141,318.36, 437.0946
499209,4.1177,0.002937,340.45, 437.0946
499210,4.1206,0.002968,336.90, 437.0952
499211,4.1235,0.002983,335.24, 437.0952
499212,4.1265,0.003082,324.43, 437.0970
499213,4.1294,0.003059,326.87, 437.0949
499214,4.1328,0.003009,332.31, 437.0952
499215,4.1357,0.002932,341.06, 437.0952
499216,4.1387,0.003010,332.25, 437.0946
499217,4.1416,0.003129,319.58, 437.0946
499218,4.1450,0.003177,314.78, 437.0946
499219,4.1479,0.002998,333.60, 437.0952
499220,4.1509,0.003015,331.72, 437.0952
499221,4.1538,0.002942,339.86, 437.0949
499222,4.1567,0.003055,327.33, 437.0946
499223,4.1597,0.002963,337.47, 437.0952
499224,4.1631,0.003076,325.07, 437.0949
499225,4.1660,0.002950,338.95, 437.0952
499226,4.1689,0.002998,333.60, 437.0949
499227,4.1719,0.002985,335.05, 437.0952
499228,4.1748,0.003005,332.83, 437.0952
499229,4.1777,0.002949,339.12, 437.0952
499230,4.1807,0.002958,338.05, 437.0949
499231,4.1836,0.003064,326.38, 437.0952
499232,4.1870,0.003112,321.31, 437.0952
499233,4.1899,0.002943,339.78, 437.0970
499234,4.1929,0.002997,333.70, 437.0952
499235,4.1958,0.002982,335.37, 437.0952
499236,4.1987,0.003129,319.60, 437.0952
499237,4.2021,0.003009,332.29, 437.0952
499238,4.2051,0.002994,334.00, 437.0952
499239,4.2080,0.002960,337.82, 437.0952
499240,4.2109,0.002976,336.06, 437.0952
499241,4.2139,0.002969,336.86, 437.1015
499242,4.2168,0.003022,330.86, 437.0949
499243,4.2197,0.002994,334.02, 437.0952
499244,4.2227,0.002992,334.27, 437.0949
499245,4.2261,0.002984,335.08, 437.0949
499246,4.2290,0.002980,335.63, 437.0952
499247,4.2319,0.003016,331.59, 437.0952
499248,4.2349,0.002989,334.62, 437.0949
499249,4.2378,0.002958,338.10, 437.0949
499250,4.2407,0.002917,342.78, 437.1060
499251,4.2437,0.003013,331.91, 437.0949
499252,4.2466,0.002999,333.42, 437.0946
499253,4.2495,0.002993,334.16, 437.0952
499254,4.2524,0.002873,348.04, 437.1050
499255,4.2554,0.002983,335.24, 437.0949
499256,4.2583,0.002934,340.81, 437.0949
499257,4.2612,0.002977,335.89, 437.1094
499258,4.2646,0.002961,337.74, 437.0949
499259,4.2676,0.002984,335.08, 437.1040
499260,4.2705,0.003003,333.03, 437.0949
499261,4.2734,0.003005,332.81, 437.0946
499262,4.2764,0.002937,340.54, 437.0949
499263,4.2798,0.003239,308.72, 437.0946
499264,4.2832,0.003474,287.89, 437.0946
499265,4.2861,0.003026,330.50, 437.0950
499266,4.2891,0.002896,345.30, 437.0952
499267,4.2920,0.002988,334.72, 437.0970
499268,4.2949,0.002964,337.43, 437.0952
499269,4.2979,0.003010,332.23, 437.0952
499270,4.3008,0.002957,338.18, 437.0952
499271,4.3037,0.003009,332.33, 437.0952
499272,4.3066,0.002964,337.39, 437.0949
499273,4.3101,0.003007,332.55, 437.0952
499274,4.3130,0.003006,332.65, 437.0949
499275,4.3159,0.003025,330.61, 437.0952
499276,4.3188,0.002909,343.75, 437.0946
499277,4.3218,0.003012,331.96, 437.0952
499278,4.3247,0.002946,339.48, 437.0952
499279,4.3276,0.003070,325.72, 437.0952
499280,4.3306,0.002922,342.22, 437.0946
499281,4.3340,0.003020,331.14, 437.0952
499282,4.3369,0.002913,343.34, 437.0949
499283,4.3398,0.003006,332.66, 437.0952
499284,4.3428,0.002916,342.92, 437.0952
499285,4.3457,0.003067,326.09, 437.0946
499286,4.3486,0.002945,339.59, 437.0949
499287,4.3516,0.003087,323.98, 437.0952
499288,4.3545,0.002914,343.21, 437.0952
499289,4.3574,0.003019,331.20, 437.0946
499290,4.3608,0.002952,338.81, 437.0952
499291,4.3638,0.003097,322.86, 437.0946
499292,4.3667,0.002973,336.41, 437.0946
499293,4.3696,0.003031,329.92, 437.0946
499294,4.3726,0.002927,341.64, 437.0952
499295,4.3760,0.003111,321.44, 437.0946
499296,4.3789,0.002940,340.17, 437.0952
499297,4.3818,0.003019,331.19, 437.0946
499298,4.3848,0.002939,340.21, 437.0952
499299,4.3877,0.003030,330.00, 437.0946
499300,4.3906,0.002930,341.26, 437.0949
499301,4.3936,0.003018,331.38, 437.0946
499302,4.3965,0.002964,337.34, 437.0952
499303,4.3994,0.003025,330.59, 437.0952
499304,4.4023,0.002950,338.98, 437.0949
499305,4.4058,0.002973,336.42, 437.0952
499306,4.4087,0.002918,342.75, 437.0952
499307,4.4116,0.003010,332.23, 437.0952
499308,4.4146,0.002956,338.33, 437.1080
499309,4.4175,0.003035,329.50, 437.0952
499310,4.4204,0.002927,341.66, 437.0952
499311,4.4233,0.003093,323.27, 437.0952
499312,4.4263,0.002972,336.47, 437.0952
499313,4.4292,0.002959,338.01, 437.0946
499314,4.4326,0.002966,337.21, 437.1010
499315,4.4355,0.002998,333.61, 437.0952
499316,4.4385,0.003124,320.06, 437.0949
499317,4.4414,0.003069,325.85, 437.0952
499318,4.4448,0.003023,330.79, 437.0952
499319,4.4478,0.002985,334.96, 437.0952
499320,4.4507,0.002959,337.93, 437.0949
499321,4.4536,0.002986,334.92, 437.0970
499322,4.4565,0.002956,338.28, 437.0949
499323,4.4595,0.003013,331.85, 437.0952
499324,4.4624,0.003035,329.51, 437.0946
499325,4.4653,0.002972,336.43, 437.0946
499326,4.4683,0.002975,336.11, 437.0952
499327,4.4717,0.002978,335.81, 437.1035
499328,4.4746,0.003005,332.82, 437.0946
499329,4.4775,0.002905,344.23, 437.1022
499330,4.4805,0.002959,338.01, 437.0952
499331,4.4834,0.002951,338.88, 437.0952
499332,4.4863,0.003239,308.70, 437.0952
499333,4.4897,0.003013,331.86, 437.0949
499334,4.4927,0.003039,329.02, 437.0952
499335,4.4956,0.003036,329.41, 437.0952
499336,4.4985,0.003016,331.55, 437.0949
499337,4.5015,0.003020,331.15, 437.0952
499338,4.5049,0.003007,332.52, 437.0949
499339,4.5078,0.002958,338.10, 437.0952
499340,4.5107,0.003032,329.87, 437.0949
499341,4.5137,0.002966,337.14, 437.0952
499342,4.5166,0.003005,332.82, 437.0952
499343,4.5195,0.002942,339.87, 437.0952
499344,4.5225,0.003018,331.37, 437.0949
499345,4.5254,0.002904,344.38, 437.0985
499346,4.5283,0.003043,328.60, 437.0949
499347,4.5317,0.003082,324.50, 437.0946
499348,4.5347,0.003083,324.38, 437.0952
499349,4.5376,0.002936,340.63, 437.0949
499350,4.5405,0.003000,333.37, 437.0952
499351,4.5435,0.003061,326.73, 437.0952
499352,4.5469,0.003088,323.83, 437.0946
499353,4.5498,0.003018,331.35, 437.0949
499354,4.5527,0.003046,328.28, 437.0949
499355,4.5557,0.002993,334.15, 437.0952
499356,4.5586,0.003003,333.00, 437.0946
499357,4.5620,0.003038,329.13, 437.0946
499358,4.5654,0.003441,290.60, 437.0949
499359,4.5684,0.003205,312.04, 437.0946
499360,4.5718,0.003053,327.51, 437.0952
499361,4.5747,0.003147,317.74, 437.0946
499362,4.5781,0.003241,308.58, 437.0949
499363,4.5811,0.003232,309.43, 437.0952
499364,4.5845,0.003302,302.88, 437.0946
499365,4.5879,0.003290,303.92, 437.1145
499366,4.5908,0.003214,311.11, 437.0949
499367,4.5942,0.003363,297.39, 437.0946
499368,4.5977,0.003323,300.95, 437.0946
499369,4.6011,0.003381,295.74, 437.0946
499370,4.6045,0.003368,296.89, 437.0946
499371,4.6079,0.003428,291.72, 437.0946
499372,4.6113,0.003405,293.66, 437.0946
499373,4.6147,0.003387,295.26, 437.0953
499374,4.6182,0.003442,290.55, 437.0949
499375,4.6216,0.003335,299.88, 437.0949
499376,4.6250,0.003358,297.76, 437.0949
499377,4.6279,0.003212,311.37, 437.0952
499378,4.6313,0.003366,297.10, 437.0952
499379,4.6348,0.003306,302.52, 437.0946
499380,4.6382,0.003361,297.57, 437.0946
499381,4.6416,0.003379,295.97, 437.0946
499382,4.6445,0.003355,298.06, 437.0949
499383,4.6479,0.003234,309.18, 437.0952
499384,4.6514,0.003197,312.75, 437.0949
499385,4.6543,0.003294,303.56, 437.0949
499386,4.6577,0.003278,305.07, 437.0946
499387,4.6611,0.003282,304.71, 437.0946
499388,4.6641,0.003150,317.42, 437.0952
499389,4.6675,0.003164,316.03, 437.0946
499390,4.6704,0.003052,327.62, 437.0949
499391,4.6738,0.003242,308.42, 437.0952
499392,4.6768,0.003181,314.37, 437.0949
499393,4.6802,0.003317,301.48, 437.0946
499394,4.6836,0.003377,296.16, 437.0946
499395,4.6865,0.003226,310.02, 437.0949
499396,4.6899,0.003323,300.92, 437.0946
499397,4.6934,0.003220,310.53, 437.0952
499398,4.6963,0.003007,332.61, 437.0952
499399,4.6992,0.002992,334.21, 437.0952
499400,4.7021,0.002990,334.50, 437.0952
499401,4.7056,0.003175,314.95, 437.0952
499402,4.7085,0.003002,333.17, 437.0949
499403,4.7114,0.003046,328.31, 437.1139
499404,4.7144,0.003004,332.85, 437.0952
499405,4.7173,0.002963,337.50, 437.1089
499406,4.7202,0.002955,338.42, 437.0949
499407,4.7236,0.003031,329.90, 437.0952
499408,4.7266,0.003036,329.38, 437.0970
499409,4.7295,0.003006,332.68, 437.0949
499410,4.7324,0.002939,340.30, 437.0949
499411,4.7354,0.002999,333.40, 437.0952
499412,4.7383,0.002971,336.59, 437.0949
499413,4.7412,0.002996,333.83, 437.0952
499414,4.7441,0.002973,336.42, 437.0949
499415,4.7476,0.003012,332.03, 437.0952
499416,4.7505,0.002992,334.27, 437.0949
499417,4.7534,0.003248,307.89, 437.0952
499418,4.7568,0.003093,323.36, 437.0946
499419,4.7598,0.003132,319.31, 437.0952
499420,4.7632,0.003121,320.39, 437.0949
499421,4.7661,0.003006,332.65, 437.0952
499422,4.7690,0.002949,339.09, 437.0946
499423,4.7720,0.003006,332.65, 437.0952
499424,4.7749,0.002934,340.81, 437.1025
499425,4.7778,0.002980,335.57, 437.0952
499426,4.7808,0.002914,343.16, 437.0946
499427,4.7842,0.003436,291.07, 437.0949
499428,4.7876,0.003219,310.66, 437.0949
499429,4.7905,0.003110,321.56, 437.1040
499430,4.7939,0.003351,298.41, 437.0946
499431,4.7974,0.003580,279.37, 437.0949
499432,4.8008,0.003491,286.46, 437.0947
499433,4.8042,0.003229,309.69, 437.0946
499434,4.8071,0.003173,315.13, 437.0949
499435,4.8101,0.002932,341.11, 437.0946
499436,4.8135,0.003184,314.08, 437.0952
499437,4.8164,0.003056,327.23, 437.0952
499438,4.8198,0.003103,322.26, 437.0952
499439,4.8228,0.002967,337.00, 437.0952
499440,4.8257,0.003068,325.91, 437.0946
499441,4.8286,0.002996,333.73, 437.0949
499442,4.8315,0.003042,328.75, 437.0952
499443,4.8345,0.002956,338.31, 437.0952
499444,4.8379,0.003002,333.11, 437.0946
499445,4.8408,0.002928,341.50, 437.0946
499446,4.8438,0.003033,329.66, 437.0952
499447,4.8467,0.003053,327.50, 437.0952
499448,4.8496,0.003052,327.69, 437.0946
499449,4.8525,0.002986,334.88, 437.0952
499450,4.8560,0.003026,330.45, 437.0952
499451,4.8589,0.002967,337.04, 437.0952
499452,4.8618,0.003050,327.83, 437.0946
499453,4.8647,0.003008,332.41, 437.0952
499454,4.8677,0.002964,337.34, 437.0949
499455,4.8706,0.002932,341.08, 437.0952
499456,4.8735,0.002983,335.29, 437.0952
499457,4.8765,0.002968,336.98, 437.0952
499458,4.8794,0.002992,334.25, 437.0952
499459,4.8828,0.002990,334.44, 437.0952
499460,4.8857,0.002997,333.69, 437.0952
499461,4.8887,0.002920,342.49, 437.0952
499462,4.8916,0.002976,336.06, 437.0949
499463,4.8945,0.003139,318.56, 437.0949
499464,4.8979,0.003149,317.61, 437.0952
499465,4.9009,0.003034,329.64, 437.0949
499466,4.9038,0.003052,327.66, 437.0949
499467,4.9067,0.002980,335.57, 437.0952
499468,4.9097,0.003001,333.22, 437.0946
499469,4.9126,0.002986,334.90, 437.0952
499470,4.9160,0.002998,333.58, 437.0952
499471,4.9189,0.003002,333.13, 437.0949
499472,4.9219,0.003019,331.28, 437.0952
499473,4.9248,0.002985,334.99, 437.0952
499474,4.9277,0.002963,337.55, 437.0949
499475,4.9307,0.002979,335.68, 437.0952
499476,4.9336,0.002984,335.08, 437.0949
499477,4.9365,0.002971,336.56, 437.0952
499478,4.9395,0.002955,338.41, 437.0946
499479,4.9429,0.002999,333.49, 437.0952
499480,4.9458,0.002959,337.94, 437.0952
499481,4.9487,0.002985,334.99, 437.0946
499482,4.9517,0.003020,331.10, 437.1065
499483,4.9546,0.002997,333.66, 437.0946
499484,4.9575,0.002944,339.63, 437.0946
499485,4.9604,0.003021,331.02, 437.0946
499486,4.9634,0.003008,332.44, 437.0970
499487,4.9668,0.003040,328.97, 437.0952
499488,4.9697,0.002894,345.53, 437.0952
499489,4.9727,0.002950,338.98, 437.0952
499490,4.9756,0.002920,342.44, 437.0946
499491,4.9785,0.002993,334.14, 437.0952
499492,4.9814,0.002962,337.62, 437.0949
499493,4.9844,0.002993,334.17, 437.0952
499494,4.9873,0.002984,335.18, 437.0946
499495,4.9902,0.003058,327.06, 437.0952
499496,4.9932,0.002955,338.46, 437.0946
499497,4.9966,0.003104,322.13, 437.0946
499498,4.9995,0.002943,339.85, 437.0952
499499,5.0024,0.003033,329.74, 437.0952
499500,5.0054,0.003001,333.28, 437.0949
499501,5.0083,0.002980,335.62, 437.1595
499502,5.0112,0.002902,344.60, 437.0949
499503,5.0142,0.003078,324.87, 437.0952
499504,5.0176,0.002952,338.71, 437.0949
499505,5.0205,0.003075,325.26, 437.0995
499506,5.0234,0.002980,335.62, 437.0946
499507,5.0264,0.003041,328.87, 437.0952
499508,5.0293,0.002865,349.05, 437.1229
499509,5.0327,0.003183,314.21, 437.0952
499510,5.0356,0.002922,342.20, 437.0946
499511,5.0386,0.003153,317.18, 437.0949
499512,5.0415,0.002957,338.24, 437.0952
499513,5.0444,0.003062,326.64, 437.0946
499514,5.0474,0.002928,341.48, 437.0952
499515,5.0503,0.003009,332.30, 437.0952
499516,5.0532,0.002904,344.34, 437.0970
499517,5.0566,0.003039,329.02, 437.0952
499518,5.0596,0.002916,342.99, 437.0952
499519,5.0625,0.003079,324.83, 437.0952
499520,5.0654,0.002973,336.32, 437.0949
499521,5.0684,0.003034,329.62, 437.0949
499522,5.0713,0.002888,346.26, 437.0971
499523,5.0747,0.003305,302.54, 437.0970
499524,5.0776,0.002914,343.23, 437.0952
499525,5.0806,0.002983,335.19, 437.0970
499526,5.0835,0.003049,328.01, 437.0952
499527,5.0864,0.003052,327.71, 437.0952
499528,5.0894,0.002896,345.36, 437.0949
499529,5.0928,0.003005,332.82, 437.0952
499530,5.0957,0.002924,342.02, 437.0949
499531,5.0986,0.003002,333.11, 437.0949
499532,5.1016,0.002926,341.82, 437.0952
499533,5.1045,0.002987,334.81, 437.0952
499534,5.1074,0.002927,341.61, 437.0952
499535,5.1104,0.002999,333.47, 437.0952
499536,5.1133,0.003045,328.40, 437.0949
499537,5.1162,0.003044,328.55, 437.0949
499538,5.1196,0.003062,326.55, 437.0952
499539,5.1226,0.003101,322.48, 437.0949
499540,5.1255,0.002958,338.04, 437.0946
499541,5.1284,0.002995,333.86, 437.0949
499542,5.1313,0.003019,331.24, 437.0949
499543,5.1348,0.003023,330.78, 437.0949
499544,5.1377,0.002962,337.60, 437.0946
499545,5.1406,0.002949,339.08, 437.0952
499546,5.1436,0.002996,333.76, 437.0946
499547,5.1465,0.003208,311.70, 437.0952
499548,5.1499,0.003082,324.49, 437.0946
499549,5.1528,0.002999,333.44, 437.0952
499550,5.1558,0.003000,333.38, 437.0952
499551,5.1587,0.003004,332.85, 437.0952
499552,5.1616,0.003020,331.17, 437.0946
499553,5.1650,0.003011,332.13, 437.0946
499554,5.1680,0.002972,336.47, 437.0949
499555,5.1709,0.003019,331.20, 437.0952
499556,5.1738,0.002989,334.56, 437.0946
499557,5.1768,0.003005,332.80, 437.0946
499558,5.1797,0.002972,336.49, 437.0952
499559,5.1826,0.003000,333.36, 437.0952
499560,5.1855,0.002968,336.92, 437.0949
499561,5.1885,0.002945,339.59, 437.0946
499562,5.1919,0.003011,332.12, 437.1577
499563,5.1948,0.003000,333.30, 437.0952
499564,5.1978,0.002988,334.73, 437.0949
499565,5.2007,0.003032,329.79, 437.0952
499566,5.2036,0.003041,328.88, 437.0949
499567,5.2065,0.003043,328.66, 437.0952
499568,5.2100,0.003082,324.50, 437.0952
499569,5.2129,0.002953,338.67, 437.0949
499570,5.2158,0.002997,333.62, 437.0952
499571,5.2188,0.002938,340.43, 437.0952
499572,5.2217,0.003049,328.00, 437.0952
499573,5.2246,0.002980,335.58, 437.0952
499574,5.2275,0.002964,337.40, 437.0952
499575,5.2305,0.002911,343.50, 437.1015
499576,5.2339,0.003009,332.36, 437.0946
499577,5.2368,0.002993,334.12, 437.0949
499578,5.2397,0.003002,333.10, 437.0952
499579,5.2427,0.002963,337.51, 437.0946
499580,5.2456,0.003041,328.88, 437.0946
499581,5.2485,0.002936,340.61, 437.0949
499582,5.2515,0.003018,331.39, 437.0946
499583,5.2544,0.003005,332.80, 437.0946
499584,5.2578,0.003003,332.97, 437.0946
499585,5.2607,0.002904,344.35, 437.0952
499586,5.2637,0.003033,329.68, 437.0949
499587,5.2666,0.002931,341.13, 437.0952
499588,5.2695,0.003016,331.53, 437.0952
499589,5.2725,0.003082,324.50, 437.0946
499590,5.2759,0.003113,321.23, 437.0952
499591,5.2788,0.002911,343.48, 437.0952
499592,5.2817,0.003043,328.61, 437.0946
499593,5.2847,0.002992,334.25, 437.0949
499594,5.2876,0.003010,332.20, 437.0952
499595,5.2905,0.002906,344.15, 437.0952
499596,5.2935,0.003039,329.08, 437.0952
499597,5.2964,0.002951,338.87, 437.0949
499598,5.2993,0.002975,336.12, 437.0952
499599,5.3022,0.002944,339.70, 437.0953
499600,5.3057,0.003038,329.13, 437.0952
499601,5.3086,0.002950,339.03, 437.0952
499602,5.3115,0.003063,326.46, 437.0946
499603,5.3145,0.002983,335.21, 437.0949
499604,5.3174,0.003025,330.58, 437.0949
499605,5.3203,0.002968,336.95, 437.1065
499606,5.3237,0.003043,328.60, 437.0952
499607,5.3267,0.002936,340.58, 437.0952
499608,5.3296,0.002979,335.73, 437.0952
499609,5.3325,0.002952,338.79, 437.0952
499610,5.3354,0.003011,332.09, 437.0949
499611,5.3384,0.002927,341.65, 437.0952
499612,5.3413,0.003011,332.15, 437.0946
499613,5.3442,0.002954,338.51, 437.0952
499614,5.3472,0.002985,334.96, 437.0952
499615,5.3501,0.003015,331.70, 437.0952
499616,5.3535,0.003001,333.20, 437.0952
499617,5.3564,0.002946,339.42, 437.0952
499618,5.3594,0.002988,334.73, 437.0949
499619,5.3623,0.002983,335.21, 437.0952
499620,5.3652,0.003012,332.06, 437.0949
499621,5.3682,0.002935,340.76, 437.0975
499622,5.3711,0.002971,336.62, 437.0946
499623,5.3740,0.002968,336.90, 437.1094
499624,5.3770,0.002973,336.42, 437.0952
499625,5.3799,0.002997,333.72, 437.0952
499626,5.3833,0.002973,336.38, 437.0949
499627,5.3862,0.002979,335.66, 437.0952
499628,5.3892,0.002926,341.81, 437.0946
499629,5.3921,0.002992,334.21, 437.0952
499630,5.3950,0.002966,337.21, 437.0946
499631,5.3979,0.003008,332.45, 437.0952
499632,5.4009,0.002944,339.67, 437.0952
499633,5.4038,0.003000,333.36, 437.0949
499634,5.4067,0.002993,334.08, 437.0949
499635,5.4097,0.002996,333.81, 437.0949
499636,5.4126,0.002955,338.47, 437.0949
499637,5.4160,0.003035,329.46, 437.0952
499638,5.4189,0.002902,344.54, 437.0952
499639,5.4219,0.003037,329.24, 437.0949
499640,5.4248,0.003062,326.64, 437.0952
499641,5.4277,0.003062,326.54, 437.0946
499642,5.4307,0.002984,335.12, 437.0949
499643,5.4341,0.003067,326.04, 437.0952
499644,5.4370,0.002946,339.50, 437.0952
499645,5.4399,0.003102,322.38, 437.0949
499646,5.4429,0.003062,326.59, 437.0946
499647,5.4463,0.003083,324.38, 437.0952
499648,5.4492,0.002960,337.79, 437.0946
499649,5.4521,0.002984,335.18, 437.0952
499650,5.4551,0.002960,337.85, 437.0946
499651,5.4580,0.003033,329.74, 437.0952
499652,5.4609,0.003045,328.45, 437.0946
499653,5.4644,0.003060,326.81, 437.0949
499654,5.4673,0.002940,340.10, 437.0946
499655,5.4702,0.002992,334.27, 437.0970
499656,5.4731,0.002967,337.05, 437.0946
499657,5.4761,0.003049,327.94, 437.0952
499658,5.4790,0.002875,347.78, 437.0952
499659,5.4819,0.003044,328.57, 437.0952
499660,5.4849,0.002958,338.05, 437.0952
499661,5.4883,0.003082,324.42, 437.0949
499662,5.4912,0.003090,323.58, 437.0946
499663,5.4941,0.003168,315.65, 437.0952
499664,5.4976,0.002969,336.87, 437.0952
499665,5.5005,0.002998,333.54, 437.0952
499666,5.5034,0.003032,329.84, 437.0946
499667,5.5068,0.003351,298.43, 437.0952
499668,5.5098,0.002975,336.10, 437.0946
499669,5.5127,0.003044,328.56, 437.0952
499670,5.5156,0.002963,337.45, 437.0949
499671,5.5186,0.003046,328.32, 437.0952
499672,5.5215,0.002976,335.99, 437.0952
499673,5.5249,0.003048,328.08, 437.0952
499674,5.5278,0.002934,340.80, 437.0952
499675,5.5308,0.003026,330.50, 437.0952
499676,5.5337,0.002935,340.77, 437.0952
499677,5.5366,0.003036,329.37, 437.0952
499678,5.5396,0.002910,343.70, 437.0952
499679,5.5425,0.003047,328.21, 437.0952
499680,5.5454,0.002903,344.51, 437.0952
499681,5.5483,0.003008,332.41, 437.0946
499682,5.5518,0.003084,324.21, 437.0949
499683,5.5547,0.003053,327.58, 437.0952
499684,5.5576,0.002937,340.54, 437.0949
499685,5.5605,0.003043,328.61, 437.0946
499686,5.5635,0.002961,337.70, 437.0952
499687,5.5669,0.003221,310.49, 437.0946
499688,5.5698,0.002970,336.72, 437.0971
499689,5.5728,0.003144,318.07, 437.0952
499690,5.5757,0.002910,343.65, 437.0952
499691,5.5791,0.003048,328.09, 437.0946
499692,5.5820,0.003067,326.09, 437.0946
499693,5.5854,0.003320,301.21, 437.0952
499694,5.5884,0.002976,336.02, 437.0952
499695,5.5913,0.003040,328.97, 437.0952
499696,5.5942,0.002904,344.38, 437.0953
499697,5.5972,0.003101,322.49, 437.0949
499698,5.6001,0.002982,335.30, 437.0952
499699,5.6035,0.003060,326.78, 437.0952
499700,5.6064,0.002906,344.16, 437.0952
499701,5.6094,0.003086,324.01, 437.0949
499702,5.6123,0.002975,336.12, 437.0952
499703,5.6152,0.003061,326.72, 437.0952
499704,5.6182,0.002954,338.54, 437.0949
499705,5.6216,0.003025,330.55, 437.0946
499706,5.6245,0.002967,337.03, 437.0952
499707,5.6274,0.003053,327.57, 437.0949
499708,5.6304,0.002977,335.87, 437.0949
499709,5.6333,0.003010,332.26, 437.0952
499710,5.6362,0.002909,343.81, 437.0952
499711,5.6392,0.003007,332.60, 437.0952
499712,5.6426,0.003046,328.35, 437.0952
499713,5.6455,0.003143,318.13, 437.0952
499714,5.6484,0.002940,340.15, 437.0949
499715,5.6514,0.003002,333.09, 437.0952
499716,5.6543,0.002928,341.57, 437.0970
499717,5.6572,0.002940,340.15, 437.0952
499718,5.6602,0.002936,340.60, 437.0952
499719,5.6636,0.003095,323.12, 437.0952
499720,5.6665,0.002980,335.55, 437.0949
499721,5.6694,0.003005,332.79, 437.0946
499722,5.6724,0.002955,338.46, 437.0952
499723,5.6753,0.003033,329.71, 437.0952
499724,5.6782,0.002934,340.84, 437.0949
499725,5.6812,0.003016,331.60, 437.0949
499726,5.6841,0.002989,334.54, 437.0952
499727,5.6870,0.002996,333.77, 437.0946
499728,5.6904,0.002976,336.04, 437.0949
499729,5.6934,0.003012,332.06, 437.0952
499730,5.6963,0.002972,336.53, 437.0952
499731,5.6992,0.002955,338.43, 437.0952
499732,5.7021,0.002993,334.08, 437.0946
499733,5.7051,0.002969,336.85, 437.0949
499734,5.7080,0.002999,333.48, 437.0949
499735,5.7109,0.002981,335.41, 437.0952
499736,5.7144,0.003028,330.28, 437.0952
499737,5.7173,0.002945,339.57, 437.0952
499738,5.7202,0.003039,329.07, 437.0952
499739,5.7231,0.003074,325.27, 437.0952
499740,5.7261,0.002988,334.64, 437.0946
499741,5.7290,0.002953,338.59, 437.0952
499742,5.7319,0.003025,330.60, 437.0949
499743,5.7354,0.003049,328.03, 437.0952
499744,5.7383,0.003027,330.39, 437.0952
499745,5.7412,0.002916,342.91, 437.0952
499746,5.7441,0.003044,328.56, 437.0949
499747,5.7471,0.002942,339.87, 437.0949
499748,5.7500,0.003001,333.21, 437.0952
499749,5.7529,0.002929,341.38, 437.0949
499750,5.7563,0.003102,322.34, 437.0952
499751,5.7593,0.002936,340.55, 437.0952
499752,5.7622,0.003035,329.51, 437.0946
499753,5.7651,0.002987,334.77, 437.0946
499754,5.7681,0.002966,337.11, 437.0952
499755,5.7710,0.002982,335.31, 437.0952
499756,5.7739,0.003003,333.00, 437.0952
499757,5.7769,0.002922,342.28, 437.0949
499758,5.7798,0.003007,332.60, 437.0949
499759,5.7832,0.003011,332.09, 437.0952
499760,5.7861,0.003041,328.80, 437.0946
499761,5.7891,0.002920,342.52, 437.0949
499762,5.7920,0.003025,330.60, 437.0952
499763,5.7949,0.003027,330.36, 437.0949
499764,5.7979,0.003041,328.89, 437.0949
499765,5.8018,0.003443,290.48, 437.0949
499766,5.8047,0.003249,307.81, 437.0949
499767,5.8076,0.003013,331.91, 437.0946
499768,5.8110,0.003149,317.53, 437.0946
499769,5.8140,0.003109,321.62, 437.0952
499770,5.8179,0.003904,256.14, 437.0946
499771,5.8218,0.003632,275.35, 437.0950
499772,5.8252,0.003417,292.64, 437.0949
499773,5.8281,0.003305,302.55, 437.0946
499774,5.8315,0.003083,324.37, 437.0952
499775,5.8345,0.003083,324.39, 437.0952
499776,5.8374,0.002874,347.95, 437.0949
499777,5.8403,0.003021,330.99, 437.0949
499778,5.8433,0.002923,342.15, 437.0952
499779,5.8467,0.003162,316.30, 437.0946
499780,5.8496,0.003031,329.90, 437.0949
499781,5.8525,0.003022,330.94, 437.0952
499782,5.8555,0.002914,343.23, 437.0952
499783,5.8584,0.002991,334.35, 437.0952
499784,5.8613,0.002896,345.34, 437.0952
499785,5.8643,0.003057,327.17, 437.0952
499786,5.8672,0.002923,342.15, 437.0952
499787,5.8701,0.003032,329.85, 437.0952
499788,5.8730,0.002930,341.29, 437.0952
499789,5.8765,0.003034,329.62, 437.0946
499790,5.8794,0.002932,341.08, 437.0952
499791,5.8823,0.003058,327.06, 437.0952
499792,5.8853,0.002921,342.30, 437.0952
499793,5.8882,0.002967,337.02, 437.0946
499794,5.8911,0.002899,345.01, 437.0952
499795,5.8940,0.002999,333.41, 437.0946
499796,5.8970,0.002956,338.35, 437.0949
499797,5.8999,0.002937,340.52, 437.0952
499798,5.9028,0.002944,339.66, 437.0952
499799,5.9058,0.002936,340.59, 437.0952
499800,5.9087,0.003053,327.55, 437.0946
499801,5.9121,0.003084,324.22, 437.0952
499802,5.9150,0.003010,332.20, 437.0952
499803,5.9180,0.002987,334.78, 437.0952
499804,5.9209,0.002929,341.37, 437.0952
499805,5.9238,0.002974,336.24, 437.0952
499806,5.9268,0.003059,326.88, 437.0952
499807,5.9297,0.002976,336.06, 437.0949
499808,5.9331,0.002991,334.36, 437.0952
499809,5.9360,0.002935,340.68, 437.0952
499810,5.9390,0.002922,342.21, 437.0952
499811,5.9419,0.003001,333.24, 437.0949
499812,5.9448,0.003067,326.03, 437.0952
499813,5.9478,0.003013,331.93, 437.0949
499814,5.9507,0.002998,333.52, 437.0949
499815,5.9536,0.002929,341.46, 437.0952
499816,5.9565,0.002977,335.89, 437.0952
499817,5.9595,0.002911,343.52, 437.0952
499818,5.9624,0.003008,332.50, 437.0952
499819,5.9653,0.002933,340.92, 437.0952
499820,5.9688,0.002949,339.08, 437.0949
499821,5.9717,0.002958,338.03, 437.0952
499822,5.9746,0.003001,333.28, 437.0952
499823,5.9775,0.002884,346.70, 437.0952
499824,5.9805,0.002974,336.21, 437.0952
499825,5.9834,0.002903,344.52, 437.0952
499826,5.9863,0.002994,333.98, 437.0946
499827,5.9893,0.002888,346.21, 437.0952
499828,5.9922,0.002957,338.19, 437.0952
499829,5.9951,0.002895,345.41, 437.0952
499830,5.9980,0.002974,336.28, 437.0952
499831,6.0010,0.002926,341.74, 437.0952
499832,6.0039,0.003005,332.77, 437.0952
499833,6.0068,0.002926,341.78, 437.0952
499834,6.0098,0.002937,340.45, 437.0952
499835,6.0127,0.002946,339.48, 437.0952
499836,6.0156,0.002952,338.76, 437.0952
499837,6.0186,0.002946,339.41, 437.0949
499838,6.0215,0.002942,339.86, 437.0946
499839,6.0244,0.002969,336.80, 437.0952
499840,6.0273,0.002920,342.43, 437.0946
499841,6.0303,0.003016,331.61, 437.0949
499842,6.0332,0.002950,339.02, 437.0952
499843,6.0366,0.003192,313.28, 437.0949
499844,6.0396,0.002933,340.97, 437.0952
499845,6.0425,0.002955,338.43, 437.0952
499846,6.0454,0.002921,342.30, 437.0952
499847,6.0483,0.002939,340.29, 437.0952
499848,6.0513,0.003056,327.19, 437.0952
499849,6.0542,0.003025,330.58, 437.0946
499850,6.0571,0.002875,347.79, 437.0952
499851,6.0601,0.002966,337.17, 437.0952
499852,6.0635,0.002996,333.80, 437.0946
499853,6.0664,0.003066,326.16, 437.0952
499854,6.0693,0.003015,331.72, 437.0952
499855,6.0723,0.003021,331.06, 437.0952
499856,6.0752,0.002953,338.64, 437.0952
499857,6.0781,0.003016,331.53, 437.0952
499858,6.0811,0.002908,343.94, 437.0952
499859,6.0840,0.003005,332.79, 437.0952
499860,6.0869,0.002909,343.71, 437.0952
499861,6.0903,0.002979,335.71, 437.0952
499862,6.0933,0.002906,344.08, 437.0952
499863,6.0962,0.002984,335.12, 437.0952
499864,6.0991,0.002921,342.37, 437.0949
499865,6.1021,0.003007,332.56, 437.0952
499866,6.1050,0.002901,344.66, 437.0952
499867,6.1079,0.002953,338.66, 437.0952
499868,6.1108,0.002872,348.24, 437.0952
499869,6.1138,0.003057,327.14, 437.0952
499870,6.1167,0.002924,341.99, 437.0952
499871,6.1196,0.002980,335.59, 437.0952
499872,6.1226,0.002904,344.39, 437.0946
499873,6.1255,0.002978,335.78, 437.0952
499874,6.1284,0.002873,348.10, 437.0952
499875,6.1313,0.002990,334.44, 437.0952
499876,6.1343,0.003024,330.72, 437.0952
499877,6.1372,0.003036,329.39, 437.0952
499878,6.1401,0.002924,341.97, 437.0952
499879,6.1436,0.002982,335.39, 437.0952
499880,6.1465,0.002988,334.66, 437.0952
499881,6.1494,0.002941,340.06, 437.0952
499882,6.1523,0.002928,341.48, 437.0952
499883,6.1553,0.002934,340.81, 437.0952
499884,6.1582,0.002922,342.22, 437.0952
499885,6.1611,0.003012,331.96, 437.0952
499886,6.1641,0.003018,331.36, 437.0952
499887,6.1670,0.002951,338.85, 437.0952
499888,6.1699,0.002917,342.82, 437.0952
499889,6.1729,0.002936,340.65, 437.0952
499890,6.1758,0.002987,334.82, 437.0952
499891,6.1787,0.003015,331.71, 437.0952
499892,6.1821,0.003048,328.07, 437.0952
499893,6.1851,0.002960,337.82, 437.0949
499894,6.1880,0.002961,337.71, 437.0952
499895,6.1909,0.002981,335.48, 437.0946
499896,6.1938,0.003050,327.87, 437.0949
499897,6.1968,0.002964,337.37, 437.0949
499898,6.1997,0.002995,333.90, 437.0952
499899,6.2026,0.002967,337.10, 437.0946
499900,6.2056,0.002957,338.17, 437.0952
499901,6.2085,0.002935,340.72, 437.0946
499902,6.2119,0.003040,328.90, 437.0949
499903,6.2148,0.002934,340.83, 437.0949
499904,6.2178,0.002968,336.95, 437.0949
499905,6.2207,0.002910,343.60, 437.0952
499906,6.2236,0.003067,326.07, 437.0949
499907,6.2266,0.002926,341.79, 437.0949
499908,6.2295,0.003012,332.06, 437.0946
499909,6.2324,0.002910,343.62, 437.0952
499910,6.2354,0.002982,335.30, 437.0952
499911,6.2383,0.002901,344.76, 437.0952
499912,6.2412,0.002995,333.93, 437.0946
499913,6.2441,0.002908,343.94, 437.0952
499914,6.2471,0.002968,336.92, 437.0949
499915,6.2500,0.002904,344.35, 437.0952
499916,6.2529,0.002965,337.22, 437.0952
499917,6.2559,0.002950,339.01, 437.0949
499918,6.2588,0.002955,338.39, 437.0952
499919,6.2617,0.002883,346.84, 437.0952
499920,6.2646,0.002962,337.59, 437.0946
499921,6.2676,0.002924,342.00, 437.0949
499922,6.2705,0.002951,338.85, 437.0952
499923,6.2734,0.002924,342.01, 437.0952
499924,6.2764,0.002929,341.41, 437.0949
499925,6.2793,0.002935,340.75, 437.0952
499926,6.2827,0.003009,332.36, 437.0952
499927,6.2856,0.003150,317.48, 437.0952
499928,6.2886,0.002987,334.84, 437.0946
499929,6.2915,0.002977,335.93, 437.0949
499930,6.2944,0.002964,337.35, 437.0949
499931,6.2974,0.002956,338.31, 437.1094
499932,6.3003,0.002981,335.42, 437.0952
499933,6.3037,0.003024,330.70, 437.0952
499934,6.3066,0.002917,342.81, 437.0952
499935,6.3096,0.002975,336.18, 437.0952
499936,6.3125,0.002916,342.90, 437.0952
499937,6.3154,0.003158,316.63, 437.0949
499938,6.3188,0.003265,306.28, 437.0946
499939,6.3218,0.003063,326.46, 437.0946
499940,6.3247,0.003010,332.23, 437.0952
499941,6.3276,0.003015,331.70, 437.0946
499942,6.3311,0.002980,335.56, 437.0952
499943,6.3340,0.003011,332.17, 437.0949
499944,6.3369,0.002937,340.44, 437.0946
499945,6.3398,0.002998,333.58, 437.0952
499946,6.3428,0.002933,340.94, 437.0949
499947,6.3457,0.003041,328.86, 437.0952
499948,6.3486,0.003072,325.57, 437.0949
499949,6.3521,0.003043,328.60, 437.0952
499950,6.3550,0.002970,336.69, 437.0952
499951,6.3579,0.003012,332.01, 437.0952
499952,6.3608,0.003062,326.57, 437.0949
499953,6.3643,0.003123,320.16, 437.0946
499954,6.3672,0.002972,336.50, 437.0952
499955,6.3701,0.003082,324.44, 437.0949
499956,6.3730,0.003029,330.16, 437.0946
499957,6.3760,0.003017,331.48, 437.0946
499958,6.3794,0.003074,325.28, 437.1070
499959,6.3823,0.003142,318.29, 437.0952
499960,6.3853,0.002946,339.44, 437.0961
499961,6.3882,0.003081,324.59, 437.0961
499962,6.3916,0.002994,334.05, 437.0946
499963,6.3945,0.003017,331.51, 437.0952
499964,6.3975,0.002932,341.08, 437.0952
499965,6.4004,0.003035,329.53, 437.0952
499966,6.4033,0.002967,337.00, 437.0970
499967,6.4063,0.003035,329.53, 437.0952
499968,6.4092,0.002950,338.96, 437.0949
499969,6.4126,0.003071,325.66, 437.0952
499970,6.4155,0.002964,337.35, 437.0949
499971,6.4185,0.002996,333.73, 437.0952
499972,6.4214,0.002940,340.12, 437.0952
499973,6.4243,0.003062,326.57, 437.0949
499974,6.4272,0.002915,343.05, 437.0952
499975,6.4302,0.003051,327.76, 437.0946
499976,6.4331,0.003018,331.38, 437.0946
499977,6.4365,0.003163,316.16, 437.0949
499978,6.4395,0.002911,343.49, 437.0949
499979,6.4429,0.003247,308.02, 437.0952
499980,6.4458,0.002964,337.34, 437.0952
499981,6.4487,0.003060,326.77, 437.0949
499982,6.4517,0.002944,339.72, 437.0952
499983,6.4546,0.003032,329.78, 437.0952
499984,6.4575,0.002950,339.02, 437.1124
499985,6.4604,0.003055,327.29, 437.0952
499986,6.4634,0.002919,342.59, 437.0952
499987,6.4668,0.003040,328.90, 437.0946
499988,6.4697,0.002908,343.93, 437.0952
499989,6.4727,0.003021,331.03, 437.0949
499990,6.4756,0.002899,344.99, 437.0952
499991,6.4785,0.003038,329.22, 437.0952
499992,6.4814,0.002929,341.44, 437.0946
499993,6.4844,0.003032,329.80, 437.0946
499994,6.4873,0.002917,342.77, 437.0952
499995,6.4907,0.003190,313.47, 437.0949
499996,6.4937,0.002951,338.89, 437.1075
499997,6.4966,0.003216,310.92, 437.0946
499998,6.4995,0.002952,338.75, 437.0946
499999,6.5029,0.003040,328.93, 437.0952
500000,6.5059,0.002938,340.33, 437.0952
500001,6.5088,0.003038,329.19, 437.0952
500002,6.5117,0.002941,340.04, 437.0952
500003,6.5146,0.003002,333.17, 437.0949
500004,6.5176,0.002940,340.19, 437.0952
500005,6.5205,0.002971,336.59, 437.0949
500006,6.5234,0.002985,334.99, 437.0952
500007,6.5264,0.003009,332.37, 437.0952
500008,6.5293,0.002923,342.16, 437.0952
500009,6.5322,0.003007,332.58, 437.0952
500010,6.5356,0.002958,338.08, 437.0949
500011,6.5386,0.002955,338.42, 437.0952
500012,6.5415,0.002933,340.90, 437.0946
500013,6.5444,0.003026,330.44, 437.0949
500014,6.5474,0.002923,342.10, 437.0952
500015,6.5503,0.002951,338.83, 437.0952
500016,6.5532,0.002981,335.49, 437.0952
500017,6.5562,0.002996,333.77, 437.0946
500018,6.5591,0.002917,342.82, 437.0952
500019,6.5620,0.002963,337.47, 437.0952
500020,6.5649,0.003004,332.85, 437.0946
500021,6.5679,0.002972,336.44, 437.0946
500022,6.5708,0.002984,335.14, 437.0952
500023,6.5737,0.002924,342.06, 437.0952
500024,6.5767,0.002934,340.83, 437.0952
500025,6.5796,0.002891,345.88, 437.0970
500026,6.5830,0.003101,322.48, 437.0952
500027,6.5859,0.003018,331.40, 437.0952
500028,6.5889,0.002973,336.33, 437.0952
500029,6.5918,0.002931,341.20, 437.0949
500030,6.5947,0.002997,333.71, 437.0952
500031,6.5977,0.003101,322.51, 437.0949
500032,6.6016,0.003424,292.09, 437.0952
500033,6.6045,0.003042,328.77, 437.0946
500034,6.6074,0.003033,329.66, 437.0953
500035,6.6104,0.002983,335.26, 437.0952
500036,6.6133,0.003032,329.83, 437.0949
500037,6.6162,0.002990,334.40, 437.0949
500038,6.6191,0.002959,337.96, 437.0952
500039,6.6221,0.002897,345.16, 437.0952
500040,6.6255,0.003068,325.97, 437.0952
500041,6.6284,0.002948,339.19, 437.0952
500042,6.6313,0.003005,332.73, 437.0952
500043,6.6343,0.002906,344.16, 437.0990
500044,6.6372,0.002927,341.68, 437.0952
500045,6.6401,0.002904,344.35, 437.0949
500046,6.6431,0.002965,337.29, 437.0949
500047,6.6460,0.002946,339.47, 437.0949
500048,6.6489,0.002980,335.57, 437.0952
500049,6.6519,0.002907,344.03, 437.0952
500050,6.6548,0.002958,338.12, 437.0952
500051,6.6577,0.002877,347.57, 437.0952
500052,6.6606,0.003009,332.34, 437.0952
500053,6.6636,0.002949,339.08, 437.0952
500054,6.6665,0.002960,337.88, 437.0952
500055,6.6694,0.002875,347.80, 437.0952
500056,6.6724,0.002941,340.00, 437.0946
500057,6.6753,0.002975,336.09, 437.0952
500058,6.6782,0.002959,338.00, 437.0952
500059,6.6812,0.002913,343.24, 437.0952
500060,6.6841,0.002983,335.20, 437.0952
500061,6.6870,0.002913,343.34, 437.0952
500062,6.6899,0.002939,340.30, 437.0949
500063,6.6929,0.002967,337.06, 437.0952
500064,6.6958,0.002964,337.44, 437.0952
500065,6.6987,0.002939,340.27, 437.0952
500066,6.7017,0.002918,342.75, 437.0946
500067,6.7046,0.002983,335.27, 437.0952
500068,6.7080,0.003043,328.64, 437.0946
500069,6.7109,0.002951,338.90, 437.1577
500070,6.7139,0.002914,343.18, 437.0952
500071,6.7168,0.002976,336.03, 437.0952
500072,6.7197,0.002935,340.70, 437.0946
500073,6.7227,0.002995,333.93, 437.0952
500074,6.7256,0.002963,337.52, 437.0949
500075,6.7285,0.002970,336.71, 437.0952
500076,6.7314,0.002906,344.08, 437.0952
500077,6.7344,0.003032,329.84, 437.0952
500078,6.7373,0.002943,339.75, 437.0952
500079,6.7407,0.003022,330.96, 437.0952
500080,6.7437,0.002933,340.90, 437.0946
500081,6.7466,0.003055,327.34, 437.0952
500082,6.7495,0.002900,344.86, 437.0952
500083,6.7524,0.003077,324.98, 437.0952
500084,6.7554,0.002945,339.58, 437.0946
500085,6.7583,0.002996,333.83, 437.0952
500086,6.7612,0.002873,348.09, 437.0952
500087,6.7642,0.003036,329.36, 437.0952
500088,6.7671,0.002916,342.90, 437.0949
500089,6.7700,0.003026,330.49, 437.0952
500090,6.7729,0.002887,346.43, 437.0952
500091,6.7759,0.002986,334.85, 437.0952
500092,6.7788,0.002871,348.34, 437.0952
500093,6.7822,0.003041,328.88, 437.0946
500094,6.7852,0.002947,339.34, 437.0952
500095,6.7881,0.003088,323.89, 437.0946
500096,6.7910,0.003072,325.57, 437.0949
500097,6.7944,0.003069,325.88, 437.0946
500098,6.7974,0.002951,338.88, 437.0970
500099,6.8003,0.003004,332.88, 437.0952
500100,6.8037,0.003345,298.94, 437.0946
500101,6.8066,0.003145,318.01, 437.0953
500102,6.8105,0.003782,264.40, 437.0952
500103,6.8140,0.003403,293.88, 437.0950
500104,6.8174,0.003527,283.50, 437.0946
500105,6.8208,0.003596,278.10, 437.0946
500106,6.8242,0.003503,285.48, 437.0990
500107,6.8276,0.003196,312.91, 437.0952
500108,6.8311,0.003171,315.39, 437.0949
500109,6.8340,0.003135,318.97, 437.0949
500110,6.8369,0.003096,322.98, 437.0949
500111,6.8398,0.003010,332.20, 437.0952
500112,6.8433,0.003131,319.44, 437.0946
500113,6.8462,0.002991,334.29, 437.0946
500114,6.8496,0.003315,301.62, 437.0949
500115,6.8525,0.003198,312.74, 437.0946
500116,6.8560,0.003196,312.94, 437.0949
500117,6.8589,0.003164,316.02, 437.0952
500118,6.8623,0.003072,325.53, 437.0946
500119,6.8652,0.003072,325.57, 437.0946
500120,6.8682,0.003046,328.28, 437.0946
500121,6.8711,0.002962,337.60, 437.0952
500122,6.8745,0.003090,323.67, 437.0952
500123,6.8774,0.002944,339.65, 437.0952
500124,6.8804,0.003100,322.62, 437.0946
500125,6.8833,0.003017,331.47, 437.0946
500126,6.8862,0.003015,331.73, 437.0952
500127,6.8892,0.002953,338.63, 437.0952
500128,6.8926,0.003034,329.60, 437.0946
500129,6.8955,0.002950,339.04, 437.0952
500130,6.8984,0.003030,330.03, 437.0946
500131,6.9014,0.002985,334.96, 437.0952
500132,6.9043,0.003007,332.57, 437.0952
500133,6.9072,0.002855,350.32, 437.0970
500134,6.9102,0.003017,331.47, 437.0949
500135,6.9131,0.002948,339.25, 437.0952
500136,6.9160,0.003106,321.99, 437.0952
500137,6.9189,0.002926,341.79, 437.0952
500138,6.9224,0.003014,331.81, 437.0949
500139,6.9253,0.002971,336.58, 437.0952
500140,6.9282,0.003165,315.92, 437.0946
500141,6.9316,0.003071,325.60, 437.0946
500142,6.9346,0.003121,320.39, 437.0946
500143,6.9375,0.002915,343.08, 437.0952
500144,6.9404,0.003005,332.77, 437.0946
500145,6.9434,0.002975,336.15, 437.0946
500146,6.9463,0.003080,324.69, 437.0946
500147,6.9492,0.002963,337.47, 437.0952
500148,6.9526,0.003072,325.54, 437.0970
500149,6.9556,0.002915,343.01, 437.0949
500150,6.9585,0.003022,330.86, 437.0952
500151,6.9614,0.003013,331.86, 437.0952
500152,6.9644,0.003068,325.91, 437.0946
500153,6.9673,0.002913,343.31, 437.0952
500154,6.9707,0.003010,332.21, 437.0946
500155,6.9736,0.003002,333.16, 437.0952
500156,6.9766,0.003162,316.23, 437.0949
500157,6.9795,0.002963,337.50, 437.0952
500158,6.9824,0.003062,326.62, 437.0946
500159,6.9858,0.002950,338.96, 437.1070
500160,6.9888,0.003012,332.04, 437.0946
500161,6.9917,0.002966,337.21, 437.0949
500162,6.9946,0.003040,328.94, 437.0946
500163,6.9976,0.003000,333.36, 437.0952
500164,7.0010,0.003115,321.07, 437.0946
500165,7.0039,0.003077,324.95, 437.0952
500166,7.0068,0.003045,328.45, 437.0949
500167,7.0098,0.003032,329.86, 437.0952
500168,7.0127,0.003032,329.79, 437.0946
500169,7.0156,0.002911,343.49, 437.1035
500170,7.0186,0.002951,338.85, 437.0952
500171,7.0220,0.002971,336.61, 437.0952
500172,7.0249,0.003097,322.93, 437.0952
500173,7.0278,0.002923,342.10, 437.0952
500174,7.0308,0.002976,336.08, 437.0952
500175,7.0337,0.003001,333.18, 437.0949
500176,7.0371,0.003190,313.51, 437.0952
500177,7.0400,0.002945,339.54, 437.0952
500178,7.0430,0.003026,330.47, 437.0952
500179,7.0459,0.002931,341.22, 437.0952
500180,7.0488,0.002992,334.19, 437.0949
500181,7.0518,0.003074,325.27, 437.0949
500182,7.0552,0.003151,317.34, 437.0949
500183,7.0581,0.002964,337.40, 437.0952
500184,7.0610,0.003029,330.11, 437.0946
500185,7.0645,0.003154,317.10, 437.0949
500186,7.0674,0.003103,322.30, 437.0952
500187,7.0703,0.002945,339.55, 437.0952
500188,7.0732,0.003012,332.06, 437.0952
500189,7.0762,0.003003,333.06, 437.0952
500190,7.0791,0.002972,336.45, 437.0952
500191,7.0820,0.002988,334.72, 437.0952
500192,7.0854,0.003074,325.35, 437.0952
500193,7.0884,0.002882,347.04, 437.0952
500194,7.0913,0.002904,344.41, 437.0952
500195,7.0942,0.002952,338.75, 437.0952
500196,7.0972,0.002964,337.39, 437.0946
500197,7.1001,0.003126,319.87, 437.0949
500198,7.1030,0.003002,333.07, 437.0952
500199,7.1064,0.003104,322.16, 437.0952
500200,7.1094,0.002960,337.80, 437.0952
500201,7.1123,0.002957,338.21, 437.0952
500202,7.1152,0.003122,320.33, 437.0952
500203,7.1182,0.002999,333.48, 437.0952
500204,7.1211,0.002910,343.67, 437.0952
500205,7.1240,0.002967,337.03, 437.0952
500206,7.1270,0.002905,344.29, 437.0952
500207,7.1304,0.003259,306.89, 437.0952
500208,7.1338,0.003234,309.21, 437.1235
500209,7.1367,0.003124,320.15, 437.0946
500210,7.1396,0.003076,325.11, 437.0946
500211,7.1426,0.003010,332.25, 437.0952
500212,7.1460,0.003107,321.85, 437.0946
500213,7.1489,0.002989,334.54, 437.0952
500214,7.1519,0.002975,336.18, 437.0946
500215,7.1548,0.003006,332.69, 437.0952
500216,7.1577,0.003018,331.40, 437.0949
500217,7.1611,0.003394,294.64, 437.0952
500218,7.1646,0.003157,316.81, 437.0950
500219,7.1675,0.002973,336.32, 437.0952
500220,7.1704,0.003012,331.97, 437.0952
500221,7.1733,0.003035,329.52, 437.1094
500222,7.1763,0.002993,334.14, 437.0952
500223,7.1792,0.002980,335.58, 437.0952
500224,7.1826,0.003011,332.16, 437.0949
500225,7.1855,0.003026,330.45, 437.0952
500226,7.1885,0.002964,337.38, 437.0952
500227,7.1914,0.003068,325.90, 437.0949
500228,7.1948,0.003289,304.03, 437.0952
500229,7.1978,0.003037,329.26, 437.0952
500230,7.2007,0.003011,332.17, 437.0949
500231,7.2036,0.002982,335.32, 437.0952
500232,7.2070,0.002994,334.03, 437.0946
500233,7.2100,0.002963,337.50, 437.0952
500234,7.2129,0.002955,338.46, 437.0952
500235,7.2158,0.002999,333.43, 437.0952
500236,7.2188,0.002951,338.87, 437.0949
500237,7.2217,0.002961,337.78, 437.0946
500238,7.2246,0.002969,336.78, 437.0952
500239,7.2275,0.002969,336.81, 437.0952
500240,7.2305,0.002943,339.82, 437.0946
500241,7.2334,0.002985,335.02, 437.0952
500242,7.2363,0.002917,342.81, 437.0949
500243,7.2393,0.003004,332.85, 437.1025
500244,7.2427,0.003051,327.75, 437.0946
500245,7.2456,0.003024,330.67, 437.0949
500246,7.2485,0.002921,342.41, 437.0952
500247,7.2515,0.003008,332.48, 437.0952
500248,7.2544,0.002940,340.18, 437.0952
500249,7.2573,0.002964,337.35, 437.0970
500250,7.2603,0.002971,336.56, 437.0952
500251,7.2632,0.003075,325.26, 437.0952
500252,7.2661,0.002930,341.27, 437.0946
500253,7.2690,0.002977,335.91, 437.0952
500254,7.2720,0.002936,340.60, 437.0952
500255,7.2754,0.003057,327.16, 437.0952
500256,7.2783,0.002919,342.61, 437.0946
500257,7.2813,0.003036,329.41, 437.0952
500258,7.2842,0.002959,337.92, 437.0952
500259,7.2871,0.003018,331.38, 437.0952
500260,7.2900,0.002962,337.60, 437.0949
500261,7.2930,0.003014,331.75, 437.0946
500262,7.2959,0.002890,345.98, 437.0952
500263,7.2993,0.003030,330.03, 437.0952
500264,7.3022,0.002945,339.52, 437.0949
500265,7.3052,0.003112,321.35, 437.0952
500266,7.3081,0.002989,334.55, 437.0952
500267,7.3110,0.003037,329.29, 437.0952
500268,7.3140,0.002915,343.05, 437.0949
500269,7.3169,0.003017,331.50, 437.0952
500270,7.3203,0.002992,334.25, 437.0952
500271,7.3232,0.003049,327.98, 437.0952
500272,7.3262,0.002922,342.20, 437.0949
500273,7.3291,0.003003,333.04, 437.0952
500274,7.3320,0.002953,338.65, 437.0946
500275,7.3350,0.003042,328.74, 437.0952
500276,7.3379,0.002948,339.20, 437.0946
500277,7.3408,0.002988,334.64, 437.0949
500278,7.3438,0.002951,338.86, 437.0946
500279,7.3472,0.002982,335.40, 437.0952
500280,7.3501,0.002960,337.85, 437.0949
500281,7.3530,0.003026,330.44, 437.0949
500282,7.3560,0.002911,343.51, 437.0952
500283,7.3589,0.002979,335.69, 437.0952
500284,7.3618,0.002962,337.61, 437.0952
500285,7.3647,0.003106,321.96, 437.0952
500286,7.3682,0.003080,324.64, 437.0952
500287,7.3711,0.003093,323.28, 437.0952
500288,7.3740,0.003014,331.80, 437.0952
500289,7.3770,0.002950,338.96, 437.0949
500290,7.3799,0.002957,338.20, 437.0995
500291,7.3833,0.003111,321.44, 437.0949
500292,7.3862,0.002985,334.96, 437.0952
500293,7.3892,0.002945,339.62, 437.0952
500294,7.3921,0.002963,337.46, 437.0952
500295,7.3950,0.003007,332.58, 437.0949
500296,7.3979,0.003007,332.54, 437.0946
500297,7.4009,0.002968,336.95, 437.0952
500298,7.4038,0.002960,337.82, 437.0952
500299,7.4067,0.002949,339.08, 437.0952
500300,7.4097,0.003009,332.34, 437.0949
500301,7.4131,0.003007,332.55, 437.0952
500302,7.4160,0.002998,333.58, 437.0952
500303,7.4189,0.002956,338.28, 437.0952
500304,7.4219,0.002994,333.99, 437.0952
500305,7.4248,0.002983,335.28, 437.0952
500306,7.4277,0.002946,339.41, 437.0970
500307,7.4307,0.003016,331.61, 437.0949
500308,7.4341,0.003075,325.16, 437.0952
500309,7.4370,0.003001,333.26, 437.0949
500310,7.4399,0.002995,333.88, 437.0990
500311,7.4429,0.002995,333.93, 437.0970
500312,7.4458,0.003070,325.74, 437.0946
500313,7.4487,0.002957,338.18, 437.0949
500314,7.4517,0.002990,334.46, 437.0949
500315,7.4546,0.002964,337.39, 437.0952
500316,7.4580,0.002983,335.24, 437.0949
500317,7.4609,0.002944,339.65, 437.0952
500318,7.4639,0.003066,326.21, 437.0961
500319,7.4668,0.002950,338.96, 437.0952
500320,7.4697,0.002997,333.66, 437.0946
500321,7.4727,0.002930,341.26, 437.0952
500322,7.4756,0.003035,329.53, 437.0946
500323,7.4785,0.002963,337.54, 437.0952
500324,7.4819,0.003037,329.30, 437.0952
500325,7.4849,0.002957,338.16, 437.0949
500326,7.4878,0.003017,331.50, 437.0949
500327,7.4907,0.002901,344.73, 437.0952
500328,7.4937,0.003147,317.78, 437.0946
500329,7.4966,0.003052,327.68, 437.0970
500330,7.5000,0.003118,320.75, 437.0949
500331,7.5029,0.003064,326.35, 437.0952
500332,7.5059,0.003018,331.32, 437.0946
500333,7.5088,0.002899,344.93, 437.0952
500334,7.5117,0.003035,329.54, 437.0952
500335,7.5151,0.003023,330.79, 437.0946
500336,7.5181,0.003052,327.70, 437.0952
500337,7.5210,0.002879,347.29, 437.0946
500338,7.5239,0.003034,329.59, 437.0952
500339,7.5269,0.002902,344.54, 437.0952
500340,7.5298,0.003018,331.30, 437.0952
500341,7.5327,0.002945,339.59, 437.0952
500342,7.5356,0.003009,332.30, 437.0952
500343,7.5386,0.002893,345.69, 437.0970
500344,7.5415,0.003000,333.33, 437.0946
500345,7.5444,0.002972,336.46, 437.0952
500346,7.5479,0.003014,331.76, 437.0946
500347,7.5508,0.002949,339.09, 437.0952
500348,7.5537,0.002999,333.46, 437.0949
500349,7.5566,0.002925,341.92, 437.0952
500350,7.5596,0.002985,335.00, 437.0949
500351,7.5625,0.003006,332.62, 437.0952
500352,7.5654,0.003016,331.62, 437.0952
500353,7.5684,0.002934,340.88, 437.0946
500354,7.5713,0.002949,339.12, 437.0952
500355,7.5742,0.002978,335.85, 437.0952
500356,7.5771,0.002944,339.70, 437.0952
500357,7.5801,0.002959,337.99, 437.0946
500358,7.5835,0.002962,337.66, 437.0949
500359,7.5864,0.003021,330.98, 437.0949
500360,7.5894,0.003045,328.41, 437.0946
500361,7.5923,0.002965,337.33, 437.0946
500362,7.5952,0.002959,337.99, 437.0952
500363,7.5981,0.002975,336.12, 437.0949
500364,7.6011,0.002920,342.45, 437.0952
500365,7.6045,0.003201,312.39, 437.0946
500366,7.6074,0.003250,307.72, 437.0949
500367,7.6108,0.003019,331.19, 437.1094
500368,7.6138,0.002987,334.76, 437.0946
500369,7.6167,0.003034,329.58, 437.0952
500370,7.6196,0.003013,331.90, 437.0952
500371,7.6226,0.003032,329.82, 437.0952
500372,7.6255,0.002958,338.05, 437.0949
500373,7.6284,0.002968,336.96, 437.0949
500374,7.6313,0.002934,340.84, 437.0949
500375,7.6348,0.003004,332.93, 437.1055
500376,7.6377,0.002902,344.60, 437.1094
500377,7.6406,0.002988,334.67, 437.0946
500378,7.6436,0.002988,334.66, 437.0946
500379,7.6465,0.003020,331.11, 437.1065
500380,7.6494,0.002953,338.63, 437.0946
500381,7.6523,0.003024,330.66, 437.0946
500382,7.6553,0.002953,338.67, 437.0952
500383,7.6582,0.003010,332.23, 437.0946
500384,7.6611,0.002945,339.55, 437.0952
500385,7.6646,0.003051,327.78, 437.0970
500386,7.6675,0.003044,328.52, 437.0952
500387,7.6704,0.003082,324.46, 437.0952
500388,7.6733,0.002934,340.84, 437.0949
500389,7.6763,0.002980,335.57, 437.0946
500390,7.6792,0.002917,342.77, 437.0946
500391,7.6826,0.003081,324.56, 437.0946
500392,7.6855,0.002967,337.03, 437.0949
500393,7.6885,0.002972,336.45, 437.0952
500394,7.6914,0.002860,349.67, 437.0946
500395,7.6943,0.003021,330.98, 437.0952
500396,7.6973,0.002877,347.62, 437.0952
500397,7.7002,0.002983,335.29, 437.0946
500398,7.7031,0.002889,346.16, 437.0952
500399,7.7061,0.003006,332.63, 437.0952
500400,7.7090,0.002860,349.67, 437.0952
500401,7.7119,0.003005,332.76, 437.0952
500402,7.7148,0.002940,340.11, 437.0946
500403,7.7178,0.003016,331.58, 437.0952
500404,7.7207,0.002863,349.32, 437.0952
500405,7.7236,0.002953,338.59, 437.0952
500406,7.7266,0.002917,342.77, 437.0946
500407,7.7295,0.002962,337.67, 437.0952
500408,7.7324,0.002930,341.26, 437.0946
500409,7.7354,0.003047,328.25, 437.0949
500410,7.7383,0.002951,338.82, 437.0952
500411,7.7412,0.002970,336.66, 437.0952
500412,7.7441,0.002954,338.58, 437.0952
500413,7.7476,0.002967,337.04, 437.0946
500414,7.7505,0.002956,338.30, 437.0952
500415,7.7534,0.002972,336.53, 437.0952
500416,7.7563,0.002914,343.19, 437.0949
500417,7.7593,0.002885,346.58, 437.0952
500418,7.7622,0.002944,339.63, 437.0952
500419,7.7651,0.002936,340.60, 437.0949
500420,7.7681,0.002975,336.19, 437.0952
500421,7.7710,0.002918,342.68, 437.0952
500422,7.7739,0.002964,337.36, 437.0952
500423,7.7769,0.002965,337.23, 437.0946
500424,7.7798,0.003032,329.83, 437.0949
500425,7.7827,0.002934,340.82, 437.0946
500426,7.7856,0.002972,336.50, 437.0952
500427,7.7886,0.002907,343.99, 437.0946
500428,7.7915,0.002976,336.03, 437.0949
500429,7.7949,0.003489,286.58, 437.0952
500430,7.7983,0.003307,302.42, 437.0952
500431,7.8013,0.003098,322.82, 437.0975
500432,7.8047,0.003325,300.79, 437.0952
500433,7.8081,0.003327,300.57, 437.0946
500434,7.8115,0.003490,286.54, 437.0946
500435,7.8154,0.003559,280.98, 437.0949
500436,7.8184,0.003195,313.04, 437.0949
500437,7.8213,0.003025,330.56, 437.0952
500438,7.8252,0.003889,257.17, 437.0946
500439,7.8286,0.003421,292.28, 437.0949
500440,7.8315,0.003030,330.05, 437.0949
500441,7.8350,0.003035,329.54, 437.0952
500442,7.8379,0.002926,341.76, 437.0952
500443,7.8408,0.003005,332.80, 437.0952
500444,7.8438,0.002943,339.75, 437.0946
500445,7.8467,0.003063,326.46, 437.0949
500446,7.8496,0.002983,335.29, 437.0946
500447,7.8525,0.003044,328.47, 437.0952
500448,7.8560,0.003001,333.27, 437.0952
500449,7.8589,0.003093,323.28, 437.0949
500450,7.8618,0.002979,335.69, 437.0949
500451,7.8647,0.003034,329.59, 437.0952
500452,7.8677,0.002907,344.00, 437.0946
500453,7.8706,0.003018,331.37, 437.0946
500454,7.8740,0.003016,331.55, 437.0949
500455,7.8770,0.003152,317.31, 437.0949
500456,7.8799,0.003054,327.43, 437.0946
500457,7.8833,0.003132,319.26, 437.0952
500458,7.8862,0.002960,337.80, 437.0946
500459,7.8892,0.003087,323.95, 437.0949
500460,7.8921,0.002974,336.29, 437.0946
500461,7.8950,0.003003,333.00, 437.0952
500462,7.8979,0.002944,339.65, 437.0946
500463,7.9014,0.003034,329.60, 437.0952
500464,7.9043,0.003047,328.25, 437.0946
500465,7.9072,0.003039,329.02, 437.0949
500466,7.9102,0.002948,339.25, 437.0952
500467,7.9131,0.003053,327.59, 437.0952
500468,7.9160,0.002946,339.40, 437.0946
500469,7.9194,0.003029,330.14, 437.0949
500470,7.9224,0.002987,334.77, 437.0946
500471,7.9253,0.003130,319.49, 437.0952
500472,7.9282,0.002930,341.36, 437.0946
500473,7.9312,0.003009,332.34, 437.0949
500474,7.9346,0.003158,316.63, 437.0946
500475,7.9375,0.003222,310.33, 437.0952
500476,7.9409,0.003213,311.25, 437.0946
500477,7.9443,0.003295,303.49, 437.0949
500478,7.9473,0.003191,313.42, 437.0952
500479,7.9507,0.003123,320.23, 437.0946
500480,7.9536,0.003046,328.32, 437.0952
500481,7.9565,0.003001,333.18, 437.0946
500482,7.9595,0.002986,334.86, 437.0946
500483,7.9624,0.003028,330.21, 437.0949
500484,7.9653,0.002974,336.27, 437.0970
500485,7.9688,0.003028,330.31, 437.0946
500486,7.9717,0.002973,336.37, 437.0952
500487,7.9746,0.003357,297.89, 437.0946
500488,7.9780,0.003146,317.85, 437.0946
500489,7.9810,0.003011,332.09, 437.0952
500490,7.9839,0.002989,334.56, 437.0952
500491,7.9868,0.002981,335.44, 437.0949
500492,7.9897,0.002909,343.80, 437.0952
500493,7.9927,0.002991,334.38, 437.0949
500494,7.9961,0.002999,333.43, 437.0952
500495,7.9990,0.003158,316.71, 437.0952
500496,8.0020,0.002984,335.12, 437.0949
500497,8.0049,0.002988,334.64, 437.0952
500498,8.0078,0.002964,337.37, 437.0949
500499,8.0112,0.003028,330.26, 437.0952
500500,8.0142,0.002975,336.16, 437.0946
500501,8.0171,0.003032,329.84, 437.0952
500502,8.0200,0.002942,339.88, 437.0952
500503,8.0229,0.003030,330.05, 437.1075
500504,8.0259,0.003016,331.59, 437.0946
500505,8.0293,0.003195,313.01, 437.0949
500506,8.0322,0.003017,331.47, 437.0949
500507,8.0352,0.003151,317.34, 437.0952
500508,8.0386,0.003068,325.93, 437.0949
500509,8.0415,0.003065,326.30, 437.0949
500510,8.0444,0.003128,319.67, 437.0952
500511,8.0479,0.003103,322.24, 437.0952
500512,8.0508,0.002964,337.42, 437.0952
500513,8.0537,0.002978,335.75, 437.0949
500514,8.0566,0.003025,330.53, 437.0949
500515,8.0596,0.003002,333.10, 437.0952
500516,8.0625,0.002992,334.26, 437.0949
500517,8.0659,0.003121,320.40, 437.0952
500518,8.0688,0.002960,337.84, 437.0952
500519,8.0718,0.002993,334.16, 437.0946
500520,8.0747,0.003052,327.68, 437.0946
500521,8.0776,0.003061,326.73, 437.0952
500522,8.0806,0.002929,341.37, 437.0949
500523,8.0840,0.002995,333.86, 437.0952
500524,8.0869,0.002964,337.37, 437.0946
500525,8.0898,0.002972,336.47, 437.0952
500526,8.0928,0.002972,336.52, 437.0949
500527,8.0957,0.003028,330.21, 437.0949
500528,8.0986,0.002914,343.17, 437.0952
500529,8.1016,0.003060,326.83, 437.0949
500530,8.1045,0.002997,333.72, 437.0949
500531,8.1079,0.003007,332.55, 437.0952
500532,8.1104,0.002888,346.31, 437.0949
500533,8.1138,0.003011,332.15, 437.0952
500534,8.1167,0.002967,337.02, 437.0952
500535,8.1196,0.003012,332.02, 437.0952
500536,8.1226,0.002908,343.90, 437.0952
500537,8.1255,0.003015,331.65, 437.0952
500538,8.1284,0.002936,340.59, 437.0952
500539,8.1313,0.003067,326.02, 437.0952
500540,8.1343,0.002965,337.22, 437.0949
500541,8.1377,0.003027,330.35, 437.0952
500542,8.1406,0.002919,342.57, 437.0952
500543,8.1436,0.003052,327.63, 437.0946
500544,8.1465,0.002919,342.56, 437.0949
500545,8.1494,0.003014,331.75, 437.0949
500546,8.1523,0.002958,338.05, 437.0952
500547,8.1553,0.003020,331.10, 437.0946
500548,8.1582,0.002938,340.37, 437.0952
500549,8.1611,0.003043,328.66, 437.0946
500550,8.1646,0.002985,335.04, 437.0952
500551,8.1675,0.002987,334.77, 437.0952
500552,8.1704,0.003068,325.98, 437.0946
500553,8.1738,0.003203,312.23, 437.0952
500554,8.1768,0.002974,336.30, 437.0949
500555,8.1797,0.003022,330.92, 437.0949
500556,8.1826,0.002920,342.51, 437.1035
500557,8.1855,0.002970,336.76, 437.0970
500558,8.1885,0.002956,338.32, 437.0952
500559,8.1914,0.003050,327.91, 437.0952
500560,8.1943,0.003043,328.60, 437.0952
500561,8.1978,0.002992,334.19, 437.0952
500562,8.2007,0.002972,336.47, 437.0952
500563,8.2036,0.003037,329.29, 437.0952
500564,8.2065,0.002964,337.38, 437.0946
500565,8.2095,0.002978,335.83, 437.0949
500566,8.2124,0.002975,336.11, 437.0952
500567,8.2153,0.002973,336.34, 437.0949
500568,8.2183,0.003055,327.29, 437.0952
500569,8.2217,0.003002,333.08, 437.0952
500570,8.2246,0.002970,336.69, 437.0952
500571,8.2275,0.002972,336.49, 437.0952
500572,8.2305,0.002964,337.40, 437.0952
500573,8.2334,0.002977,335.86, 437.0946
500574,8.2363,0.003023,330.78, 437.0949
500575,8.2393,0.002947,339.32, 437.0952
500576,8.2422,0.002975,336.13, 437.0952
500577,8.2451,0.002956,338.26, 437.0946
500578,8.2480,0.002976,336.06, 437.1050
500579,8.2515,0.002986,334.92, 437.0952
500580,8.2544,0.002986,334.87, 437.0949
500581,8.2573,0.002917,342.78, 437.0949
500582,8.2603,0.003010,332.25, 437.0952
500583,8.2632,0.003046,328.28, 437.0952
500584,8.2661,0.003054,327.44, 437.0949
500585,8.2690,0.002947,339.28, 437.0952
500586,8.2725,0.003034,329.61, 437.0952
500587,8.2754,0.002944,339.69, 437.0949
500588,8.2783,0.003019,331.22, 437.0949
500589,8.2813,0.003003,332.99, 437.0946
500590,8.2842,0.003183,314.20, 437.0952
500591,8.2871,0.002953,338.65, 437.0952
500592,8.2900,0.002949,339.12, 437.0952
500593,8.2930,0.002925,341.87, 437.0952
500594,8.2964,0.003066,326.13, 437.0952
500595,8.2993,0.002974,336.26, 437.0952
500596,8.3022,0.002987,334.77, 437.0952
500597,8.3052,0.002965,337.23, 437.0949
500598,8.3081,0.003007,332.60, 437.0952
500599,8.3110,0.002974,336.24, 437.0952
500600,8.3145,0.003331,300.19, 437.0946
500601,8.3174,0.002973,336.37, 437.0946
500602,8.3203,0.002997,333.68, 437.0952
500603,8.3232,0.002947,339.31, 437.0949
500604,8.3267,0.003045,328.39, 437.0952
500605,8.3296,0.002927,341.65, 437.0949
500606,8.3325,0.003084,324.26, 437.0952
500607,8.3354,0.002940,340.10, 437.0952
500608,8.3384,0.002987,334.78, 437.0946
500609,8.3413,0.002969,336.84, 437.0952
500610,8.3447,0.003139,318.55, 437.0949
500611,8.3472,0.002893,345.65, 437.0952
500612,8.3506,0.003027,330.35, 437.0952
500613,8.3535,0.002911,343.54, 437.0973
500614,8.3564,0.003015,331.72, 437.0952
500615,8.3594,0.002921,342.40, 437.0952
500616,8.3623,0.003057,327.11, 437.0946
500617,8.3652,0.002924,341.96, 437.0952
500618,8.3682,0.003024,330.70, 437.0946
500619,8.3711,0.002935,340.70, 437.0952
500620,8.3740,0.003036,329.40, 437.0949
500621,8.3770,0.002938,340.36, 437.0952
500622,8.3804,0.003096,323.03, 437.0949
500623,8.3833,0.002988,334.69, 437.0952
500624,8.3862,0.003013,331.91, 437.0946
500625,8.3892,0.002944,339.70, 437.0949
500626,8.3921,0.003077,325.04, 437.0949
500627,8.3950,0.002931,341.19, 437.0952
500628,8.3984,0.003007,332.54, 437.0949
500629,8.4014,0.002974,336.21, 437.0952
500630,8.4043,0.003088,323.86, 437.0949
500631,8.4072,0.003038,329.17, 437.0952
500632,8.4102,0.003013,331.88, 437.0946
500633,8.4131,0.002936,340.62, 437.0952
500634,8.4165,0.003030,330.07, 437.0952
500635,8.4194,0.002958,338.12, 437.0952
500636,8.4224,0.003002,333.14, 437.0949
500637,8.4253,0.002933,340.97, 437.0952
500638,8.4282,0.002971,336.64, 437.1005
500639,8.4312,0.003015,331.71, 437.0952
500640,8.4341,0.003034,329.65, 437.0946
500641,8.4375,0.003040,328.94, 437.0946
500642,8.4404,0.003058,327.04, 437.0952
500643,8.4434,0.002999,333.48, 437.0952
500644,8.4463,0.003038,329.19, 437.0949
500645,8.4492,0.002966,337.12, 437.0946
500646,8.4521,0.003002,333.17, 437.0949
500647,8.4551,0.002955,338.38, 437.0952
500648,8.4580,0.002930,341.30, 437.0949
500649,8.4614,0.002968,336.97, 437.0949
500650,8.4644,0.003016,331.58, 437.0952
500651,8.4673,0.003017,331.49, 437.0949
500652,8.4702,0.002945,339.52, 437.0952
500653,8.4731,0.002966,337.15, 437.0952
500654,8.4761,0.002969,336.86, 437.0952
500655,8.4790,0.002954,338.54, 437.0952
500656,8.4819,0.002995,333.88, 437.0949
500657,8.4854,0.003079,324.81, 437.0952
500658,8.4883,0.003004,332.90, 437.0946
500659,8.4912,0.002953,338.68, 437.1175
500660,8.4941,0.003005,332.78, 437.0946
500661,8.4971,0.003149,317.58, 437.0949
500662,8.5005,0.003178,314.71, 437.0952
500663,8.5034,0.003107,321.83, 437.0970
500664,8.5063,0.002973,336.36, 437.0947
500665,8.5093,0.002935,340.70, 437.0952
500666,8.5122,0.002953,338.62, 437.0949
500667,8.5156,0.003065,326.29, 437.0952
500668,8.5186,0.002908,343.88, 437.0952
500669,8.5215,0.002995,333.93, 437.0952
500670,8.5244,0.002948,339.20, 437.0946
500671,8.5273,0.003005,332.75, 437.0952
500672,8.5303,0.002931,341.20, 437.0949
500673,8.5332,0.003007,332.61, 437.0952
500674,8.5361,0.002991,334.37, 437.0949
500675,8.5391,0.002967,337.03, 437.0952
500676,8.5420,0.003025,330.58, 437.0949
500677,8.5454,0.003083,324.37, 437.0970
500678,8.5483,0.002943,339.75, 437.0952
500679,8.5513,0.003028,330.27, 437.0952
500680,8.5542,0.003053,327.56, 437.0952
500681,8.5576,0.003110,321.50, 437.0952
500682,8.5605,0.003096,322.98, 437.0952
500683,8.5635,0.003072,325.50, 437.0952
500684,8.5664,0.002955,338.41, 437.0949
500685,8.5693,0.002994,334.05, 437.0952
500686,8.5723,0.002936,340.59, 437.0949
500687,8.5757,0.003031,329.94, 437.0952
500688,8.5786,0.002940,340.09, 437.0949
500689,8.5815,0.003021,331.07, 437.0952
500690,8.5845,0.002932,341.09, 437.1045
500691,8.5874,0.003050,327.87, 437.0946
500692,8.5903,0.002884,346.74, 437.0949
500693,8.5933,0.003116,320.92, 437.0946
500694,8.5962,0.002946,339.42, 437.0952
500695,8.5996,0.003034,329.63, 437.0949
500696,8.6025,0.002952,338.72, 437.0949
500697,8.6055,0.003041,328.85, 437.0952
500698,8.6084,0.003166,315.86, 437.0946
500699,8.6118,0.003281,304.77, 437.0952
500700,8.6147,0.003003,333.04, 437.0946
500701,8.6177,0.003011,332.12, 437.0952
500702,8.6211,0.002951,338.83, 437.0946
500703,8.6240,0.003038,329.15, 437.0949
500704,8.6270,0.002959,337.97, 437.0946
500705,8.6299,0.003048,328.11, 437.0946
500706,8.6328,0.002977,335.94, 437.0946
500707,8.6357,0.003010,332.21, 437.0952
500708,8.6387,0.002947,339.28, 437.0946
500709,8.6421,0.003049,327.95, 437.0952
500710,8.6450,0.002981,335.49, 437.0946
500711,8.6479,0.003106,321.94, 437.0949
500712,8.6509,0.002951,338.91, 437.0946
500713,8.6538,0.003126,319.86, 437.0949
500714,8.6572,0.002954,338.51, 437.0952
500715,8.6602,0.003000,333.33, 437.0952
500716,8.6631,0.002980,335.57, 437.0946
500717,8.6660,0.003047,328.19, 437.0952
500718,8.6689,0.002993,334.11, 437.0946
500719,8.6724,0.003148,317.71, 437.0946
500720,8.6753,0.002940,340.16, 437.1077
500721,8.6782,0.002991,334.37, 437.0952
500722,8.6812,0.002939,340.21, 437.0946
500723,8.6841,0.003060,326.83, 437.0949
500724,8.6870,0.002970,336.75, 437.0952
500725,8.6899,0.002998,333.57, 437.0952
500726,8.6934,0.003047,328.16, 437.0952
500727,8.6963,0.003118,320.76, 437.0952
500728,8.6992,0.003042,328.74, 437.0952
500729,8.7021,0.003113,321.22, 437.0946
500730,8.7051,0.002925,341.90, 437.0952
500731,8.7085,0.003038,329.16, 437.0949
500732,8.7114,0.002916,342.94, 437.0949
500733,8.7144,0.003012,332.03, 437.0952
500734,8.7173,0.002959,337.91, 437.0949
500735,8.7202,0.002999,333.49, 437.0949
500736,8.7231,0.002944,339.69, 437.0952
500737,8.7261,0.002997,333.68, 437.0949
500738,8.7290,0.002949,339.13, 437.0952
500739,8.7319,0.003003,332.98, 437.0949
500740,8.7354,0.003039,329.10, 437.0952
500741,8.7383,0.002967,337.02, 437.0946
500742,8.7412,0.002959,337.91, 437.0952
500743,8.7441,0.003020,331.15, 437.0952
500744,8.7471,0.002950,338.94, 437.0952
500745,8.7500,0.003126,319.89, 437.0946
500746,8.7534,0.003136,318.93, 437.0949
500747,8.7563,0.003027,330.35, 437.0952
500748,8.7593,0.002971,336.56, 437.0952
500749,8.7622,0.003026,330.50, 437.0946
500750,8.7651,0.003028,330.27, 437.0952
500751,8.7686,0.003009,332.38, 437.0946
500752,8.7715,0.002928,341.59, 437.0952
500753,8.7744,0.003004,332.88, 437.0946
500754,8.7773,0.002972,336.52, 437.0952
500755,8.7803,0.002987,334.82, 437.0952
500756,8.7832,0.003026,330.43, 437.0952
500757,8.7861,0.002942,339.87, 437.0946
500758,8.7891,0.002968,336.96, 437.0952
500759,8.7920,0.002973,336.33, 437.0952
500760,8.7949,0.002947,339.34, 437.0952
500761,8.7983,0.003287,304.26, 437.0946
500762,8.8018,0.003220,310.54, 437.0970
500763,8.8047,0.003092,323.38, 437.0970
500764,8.8081,0.003204,312.14, 437.0946
500765,8.8110,0.003118,320.77, 437.0949
500766,8.8145,0.003299,303.09, 437.1035
500767,8.8179,0.003533,283.04, 437.0947
500768,8.8213,0.003312,301.90, 437.0946
500769,8.8247,0.003322,301.04, 437.0947
500770,8.8276,0.002992,334.21, 437.0952
500771,8.8306,0.003126,319.88, 437.0949
500772,8.8335,0.003046,328.29, 437.0952
500773,8.8369,0.003027,330.32, 437.0952
500774,8.8398,0.003027,330.33, 437.0949
500775,8.8428,0.003139,318.53, 437.0952
500776,8.8457,0.003042,328.72, 437.0946
500777,8.8491,0.003182,314.24, 437.0952
500778,8.8521,0.003094,323.19, 437.0946
500779,8.8555,0.003208,311.71, 437.0952
500780,8.8584,0.002920,342.52, 437.0952
500781,8.8613,0.003029,330.19, 437.0949
500782,8.8643,0.002972,336.49, 437.0949
500783,8.8672,0.003042,328.76, 437.0946
500784,8.8701,0.002941,340.06, 437.0946
500785,8.8735,0.003029,330.12, 437.0952
500786,8.8765,0.002943,339.80, 437.0952
500787,8.8794,0.003001,333.22, 437.0949
500788,8.8823,0.002944,339.71, 437.0946
500789,8.8853,0.003082,324.42, 437.0952
500790,8.8882,0.002949,339.08, 437.0949
500791,8.8911,0.003014,331.79, 437.0952
500792,8.8945,0.003127,319.81, 437.0949
500793,8.8975,0.003014,331.79, 437.0952
500794,8.9004,0.002887,346.42, 437.1030
500795,8.9033,0.003025,330.53, 437.0952
500796,8.9063,0.003043,328.68, 437.0946
500797,8.9097,0.003410,293.24, 437.0946
500798,8.9131,0.003143,318.18, 437.0946
500799,8.9160,0.003083,324.36, 437.0952
500800,8.9189,0.002942,339.94, 437.0949
500801,8.9219,0.003056,327.20, 437.0949
500802,8.9253,0.003051,327.79, 437.0952
500803,8.9282,0.003024,330.73, 437.0952
500804,8.9312,0.002931,341.24, 437.0949
500805,8.9341,0.003050,327.86, 437.0952
500806,8.9370,0.002928,341.59, 437.0949
500807,8.9409,0.003788,263.98, 437.0947
500808,8.9443,0.003628,275.65, 437.0947
500809,8.9478,0.003277,305.14, 437.0953
500810,8.9512,0.003438,290.84, 437.0946
500811,8.9551,0.003821,261.69, 437.0947
500812,8.9580,0.003224,310.20, 437.0953
500813,8.9609,0.002972,336.52, 437.0952
500814,8.9644,0.003080,324.65, 437.0952
500815,8.9673,0.002945,339.52, 437.0952
500816,8.9702,0.002995,333.91, 437.0949
500817,8.9731,0.002905,344.22, 437.0952
500818,8.9761,0.003014,331.74, 437.0949
500819,8.9790,0.002991,334.36, 437.0952
500820,8.9819,0.003051,327.76, 437.0949
500821,8.9849,0.002955,338.41, 437.0952
500822,8.9883,0.002988,334.72, 437.0952
500823,8.9912,0.002913,343.27, 437.0952
500824,8.9941,0.002975,336.10, 437.0952
500825,8.9971,0.002951,338.86, 437.0952
500826,9.0000,0.002968,336.98, 437.0952
500827,9.0029,0.003002,333.17, 437.0952
500828,9.0059,0.002949,339.06, 437.0952
500829,9.0088,0.002896,345.28, 437.0952
500830,9.0117,0.002930,341.34, 437.0952
500831,9.0146,0.002981,335.47, 437.0952
500832,9.0176,0.003055,327.38, 437.0949
500833,9.0205,0.002951,338.86, 437.0949
500834,9.0234,0.002952,338.74, 437.0952
500835,9.0264,0.002946,339.42, 437.0949
500836,9.0293,0.002925,341.87, 437.0952
500837,9.0322,0.002967,337.01, 437.0952
500838,9.0352,0.002962,337.67, 437.0952
500839,9.0386,0.003057,327.16, 437.0949
500840,9.0415,0.002915,343.08, 437.0946
500841,9.0444,0.002981,335.45, 437.0952
500842,9.0474,0.002905,344.26, 437.0952
500843,9.0503,0.002969,336.84, 437.0952
500844,9.0532,0.002898,345.05, 437.0949
500845,9.0562,0.002966,337.15, 437.0952
500846,9.0591,0.002884,346.73, 437.0952
500847,9.0620,0.003005,332.82, 437.0952
500848,9.0649,0.002947,339.39, 437.0949
500849,9.0679,0.003001,333.27, 437.0949
500850,9.0708,0.002907,344.01, 437.0952
500851,9.0737,0.002994,333.96, 437.0952
500852,9.0767,0.002945,339.51, 437.0946
500853,9.0796,0.002979,335.72, 437.0952
500854,9.0825,0.002913,343.27, 437.0949
500855,9.0854,0.003006,332.69, 437.0952
500856,9.0884,0.002855,350.24, 437.0949
500857,9.0913,0.002990,334.44, 437.0949
500858,9.0942,0.002915,343.05, 437.0952
500859,9.0977,0.003043,328.61, 437.0952
500860,9.1006,0.002893,345.70, 437.0952
500861,9.1035,0.003055,327.31, 437.0949
500862,9.1064,0.002888,346.28, 437.0949
500863,9.1094,0.002961,337.77, 437.0952
500864,9.1123,0.002891,345.95, 437.0949
500865,9.1152,0.002988,334.64, 437.0952
500866,9.1182,0.002907,343.96, 437.0952
500867,9.1211,0.002960,337.88, 437.0952
500868,9.1240,0.002922,342.28, 437.0952
500869,9.1270,0.002972,336.43, 437.0949
500870,9.1299,0.002967,337.09, 437.0952
500871,9.1328,0.003087,323.99, 437.0952
500872,9.1357,0.003001,333.20, 437.0946
500873,9.1387,0.002938,340.39, 437.0946
500874,9.1416,0.002941,340.04, 437.0952
500875,9.1450,0.002987,334.77, 437.0946
500876,9.1479,0.002979,335.72, 437.0949
500877,9.1509,0.002936,340.62, 437.0946
500878,9.1538,0.002938,340.40, 437.0952
500879,9.1567,0.002925,341.89, 437.0952
500880,9.1597,0.003075,325.20, 437.0952
500881,9.1626,0.002993,334.17, 437.0952
500882,9.1655,0.003020,331.10, 437.0952
500883,9.1685,0.002924,342.06, 437.0952
500884,9.1714,0.002952,338.74, 437.0946
500885,9.1743,0.002928,341.58, 437.0952
500886,9.1772,0.002972,336.49, 437.0952
500887,9.1802,0.002948,339.25, 437.0952
500888,9.1836,0.003033,329.68, 437.0952
500889,9.1865,0.002896,345.34, 437.0952
500890,9.1895,0.002983,335.26, 437.0952
500891,9.1924,0.003147,317.75, 437.1015
500892,9.1953,0.003040,328.97, 437.1020
500893,9.1982,0.002917,342.87, 437.0952
500894,9.2017,0.003040,328.91, 437.0952
500895,9.2046,0.003114,321.16, 437.0952
500896,9.2075,0.003144,318.06, 437.0949
500897,9.2104,0.002960,337.86, 437.0949
500898,9.2139,0.003059,326.89, 437.0946
500899,9.2168,0.002953,338.59, 437.0952
500900,9.2197,0.003120,320.54, 437.0952
500901,9.2227,0.002964,337.34, 437.0949
500902,9.2256,0.003031,329.88, 437.0952
500903,9.2285,0.002877,347.56, 437.1243
500904,9.2319,0.003164,316.05, 437.0952
500905,9.2349,0.002920,342.49, 437.0952
500906,9.2378,0.002969,336.78, 437.0952
500907,9.2407,0.002954,338.51, 437.0952
500908,9.2437,0.003003,333.00, 437.0952
500909,9.2466,0.002856,350.12, 437.0952
500910,9.2495,0.002985,334.97, 437.0952
500911,9.2524,0.002935,340.67, 437.0952
500912,9.2554,0.003065,326.32, 437.0946
500913,9.2583,0.002866,348.95, 437.0949
500914,9.2612,0.002979,335.74, 437.0952
500915,9.2642,0.002920,342.50, 437.0952
500916,9.2671,0.002952,338.74, 437.0949
500917,9.2705,0.003034,329.60, 437.0952
500918,9.2734,0.002990,334.41, 437.0952
500919,9.2764,0.003002,333.13, 437.0952
500920,9.2793,0.002964,337.37, 437.0952
500921,9.2822,0.002921,342.35, 437.0952
500922,9.2852,0.003095,323.11, 437.0952
500923,9.2881,0.002975,336.16, 437.0952
500924,9.2910,0.002947,339.28, 437.0946
500925,9.2939,0.003000,333.29, 437.0949
500926,9.2974,0.002953,338.68, 437.0946
500927,9.3003,0.003080,324.73, 437.0952
500928,9.3032,0.003012,332.01, 437.0949
500929,9.3062,0.002914,343.23, 437.0952
500930,9.3091,0.002922,342.20, 437.0946
500931,9.3120,0.002923,342.08, 437.0952
500932,9.3149,0.003001,333.28, 437.0952
500933,9.3179,0.003085,324.20, 437.0952
500934,9.3208,0.002938,340.38, 437.0952
500935,9.3242,0.002978,335.76, 437.0952
500936,9.3267,0.002906,344.15, 437.0949
500937,9.3301,0.002971,336.55, 437.0949
500938,9.3330,0.002916,342.90, 437.0952
500939,9.3359,0.002998,333.58, 437.0952
500940,9.3389,0.002903,344.53, 437.0952
500941,9.3418,0.002968,336.90, 437.0952
500942,9.3447,0.002943,339.74, 437.0952
500943,9.3477,0.003035,329.50, 437.0952
500944,9.3506,0.002928,341.54, 437.0946
500945,9.3535,0.002962,337.62, 437.0949
500946,9.3564,0.002859,349.74, 437.0949
500947,9.3594,0.002966,337.19, 437.0949
500948,9.3623,0.002938,340.33, 437.0946
500949,9.3652,0.003043,328.63, 437.0946
500950,9.3682,0.002888,346.25, 437.0952
500951,9.3711,0.002984,335.15, 437.0952
500952,9.3740,0.002904,344.39, 437.0949
500953,9.3770,0.003026,330.46, 437.0952
500954,9.3799,0.002884,346.72, 437.0952
500955,9.3828,0.003033,329.72, 437.0952
500956,9.3862,0.002993,334.14, 437.0952
500957,9.3892,0.003010,332.24, 437.0952
500958,9.3921,0.002902,344.64, 437.0952
500959,9.3950,0.003014,331.81, 437.0949
500960,9.3979,0.002864,349.14, 437.0952
500961,9.4009,0.002968,336.94, 437.0949
500962,9.4038,0.002967,337.10, 437.0952
500963,9.4067,0.003008,332.50, 437.0952
500964,9.4102,0.003222,310.40, 437.0952
500965,9.4131,0.003100,322.57, 437.0946
500966,9.4160,0.002943,339.81, 437.0952
500967,9.4189,0.002957,338.16, 437.0952
500968,9.4219,0.002941,340.08, 437.0952
500969,9.4248,0.002993,334.11, 437.0952
500970,9.4277,0.002932,341.03, 437.0952
500971,9.4307,0.002961,337.75, 437.0952
500972,9.4336,0.002997,333.67, 437.0952
500973,9.4365,0.002947,339.36, 437.0949
500974,9.4399,0.003076,325.07, 437.0946
500975,9.4429,0.003287,304.20, 437.0949
500976,9.4463,0.002967,337.01, 437.0952
500977,9.4492,0.002962,337.66, 437.0949
500978,9.4521,0.003030,329.99, 437.0949
500979,9.4551,0.002962,337.62, 437.0949
500980,9.4580,0.002936,340.63, 437.0952
500981,9.4609,0.002929,341.41, 437.0952
500982,9.4639,0.002981,335.46, 437.0952
500983,9.4668,0.002965,337.23, 437.0949
500984,9.4697,0.002982,335.30, 437.0952
500985,9.4727,0.002958,338.08, 437.0952
500986,9.4756,0.002962,337.63, 437.0952
500987,9.4785,0.002923,342.07, 437.0952
500988,9.4814,0.003006,332.62, 437.0952
500989,9.4849,0.002954,338.52, 437.0949
500990,9.4878,0.003002,333.13, 437.0949
500991,9.4907,0.002958,338.08, 437.0952
500992,9.4937,0.002978,335.84, 437.0946
500993,9.4966,0.002904,344.40, 437.0952
500994,9.4995,0.002970,336.73, 437.0952
500995,9.5024,0.002953,338.66, 437.0952
500996,9.5054,0.003097,322.92, 437.0946
500997,9.5083,0.002943,339.75, 437.0952
500998,9.5112,0.003020,331.08, 437.0952
500999,9.5142,0.002925,341.90, 437.0952
501000,9.5176,0.003002,333.07, 437.0952
501001,9.5205,0.002894,345.54, 437.0952
501002,9.5234,0.002977,335.86, 437.0952
501003,9.5264,0.002917,342.78, 437.0952
501004,9.5293,0.002965,337.27, 437.0952
501005,9.5322,0.002886,346.52, 437.0952
501006,9.5352,0.003087,323.94, 437.0952
501007,9.5381,0.002926,341.74, 437.0952
501008,9.5410,0.002980,335.57, 437.0952
501009,9.5439,0.002915,343.11, 437.0952
501010,9.5469,0.002973,336.35, 437.0952
501011,9.5498,0.002938,340.37, 437.0952
501012,9.5527,0.003026,330.44, 437.0952
501013,9.5557,0.002900,344.88, 437.0952
501014,9.5586,0.002980,335.53, 437.0952
501015,9.5615,0.002925,341.83, 437.0952
501016,9.5645,0.002979,335.71, 437.0952
501017,9.5679,0.003125,320.05, 437.0946
501018,9.5708,0.003153,317.15, 437.0952
501019,9.5737,0.003000,333.32, 437.0952
501020,9.5767,0.002970,336.75, 437.0949
501021,9.5796,0.002930,341.34, 437.0952
501022,9.5830,0.002984,335.11, 437.0952
501023,9.5859,0.003028,330.22, 437.0952
501024,9.5889,0.002959,337.94, 437.0952
501025,9.5918,0.002942,339.93, 437.1571
501026,9.5947,0.002953,338.67, 437.0952
501027,9.5977,0.003032,329.87, 437.0949
501028,9.6011,0.003168,315.62, 437.0952
501029,9.6040,0.003157,316.77, 437.0946
501030,9.6069,0.003096,323.05, 437.0946
501031,9.6104,0.003069,325.82, 437.0952
501032,9.6133,0.003153,317.18, 437.0946
501033,9.6167,0.003397,294.40, 437.0946
501034,9.6201,0.003228,309.78, 437.0947
501035,9.6230,0.003070,325.71, 437.0952
501036,9.6260,0.003128,319.65, 437.0946
501037,9.6294,0.003030,330.07, 437.0952
501038,9.6323,0.003178,314.64, 437.0952
501039,9.6353,0.003040,328.96, 437.0952
501040,9.6387,0.003105,322.05, 437.0946
501041,9.6416,0.003016,331.58, 437.0952
501042,9.6445,0.003162,316.27, 437.0952
501043,9.6479,0.003080,324.71, 437.0952
501044,9.6509,0.003178,314.71, 437.0946
501045,9.6543,0.003167,315.75, 437.0946
501046,9.6572,0.003133,319.16, 437.0949
501047,9.6602,0.003097,322.90, 437.0946
501048,9.6636,0.003171,315.39, 437.0952
501049,9.6665,0.003139,318.54, 437.0946
501050,9.6699,0.003160,316.50, 437.0946
501051,9.6729,0.003144,318.07, 437.0952
501052,9.6763,0.003160,316.47, 437.0952
501053,9.6792,0.003208,311.77, 437.0946
501054,9.6826,0.003289,304.06, 437.0952
501055,9.6860,0.003155,317.00, 437.0946
501056,9.6890,0.003198,312.71, 437.0946
501057,9.6924,0.003167,315.73, 437.1025
501058,9.6953,0.003144,318.06, 437.0952
501059,9.6987,0.003202,312.29, 437.0981
501060,9.7017,0.003252,307.55, 437.0949
501061,9.7051,0.003420,292.37, 437.0946
501062,9.7085,0.003111,321.40, 437.0952
501063,9.7114,0.003138,318.64, 437.0952
501064,9.7144,0.002942,339.94, 437.0949
501065,9.7173,0.003026,330.51, 437.0952
501066,9.7202,0.002969,336.79, 437.0952
501067,9.7236,0.003063,326.47, 437.0952
501068,9.7266,0.002969,336.80, 437.0990
501069,9.7295,0.002966,337.15, 437.0952
501070,9.7324,0.002915,343.02, 437.0949
501071,9.7354,0.003067,326.01, 437.0949
501072,9.7383,0.003032,329.84, 437.0970
501073,9.7412,0.002982,335.38, 437.0949
501074,9.7441,0.002999,333.42, 437.0970
501075,9.7476,0.002967,337.04, 437.0952
501076,9.7505,0.002958,338.07, 437.0946
501077,9.7534,0.003005,332.77, 437.0952
501078,9.7563,0.002963,337.55, 437.0949
501079,9.7593,0.002950,338.99, 437.0952
501080,9.7622,0.002960,337.89, 437.0949
501081,9.7651,0.003002,333.13, 437.0946
501082,9.7681,0.002980,335.57, 437.0952
501083,9.7710,0.003006,332.62, 437.0949
501084,9.7744,0.003068,325.95, 437.0949
501085,9.7773,0.002978,335.76, 437.0952
501086,9.7803,0.002932,341.05, 437.0952
501087,9.7832,0.003060,326.75, 437.1040
501088,9.7861,0.002973,336.38, 437.0949
501089,9.7896,0.003506,285.25, 437.0946
501090,9.7930,0.003167,315.72, 437.0952
501091,9.7959,0.003153,317.14, 437.0952
501092,9.7993,0.003199,312.61, 437.0946
501093,9.8027,0.003581,279.23, 437.0946
501094,9.8062,0.003451,289.76, 437.0946
501095,9.8096,0.003305,302.58, 437.0952
501096,9.8125,0.003097,322.93, 437.0946
501097,9.8159,0.003109,321.62, 437.0952
501098,9.8188,0.003008,332.50, 437.0952
501099,9.8218,0.003012,331.98, 437.0952
501100,9.8247,0.002985,335.00, 437.0946
501101,9.8276,0.002998,333.59, 437.0952
501102,9.8306,0.002898,345.11, 437.0952
501103,9.8340,0.003195,312.97, 437.0949
501104,9.8369,0.003127,319.84, 437.0949
501105,9.8398,0.003026,330.44, 437.0953
501106,9.8428,0.002982,335.39, 437.0952
501107,9.8462,0.003028,330.22, 437.0952
501108,9.8491,0.002956,338.32, 437.0952
501109,9.8521,0.003049,327.95, 437.0949
501110,9.8550,0.002994,333.96, 437.0952
501111,9.8579,0.002997,333.70, 437.0952
501112,9.8608,0.002951,338.82, 437.0946
501113,9.8643,0.003094,323.24, 437.0949
501114,9.8672,0.003040,328.99, 437.0949
501115,9.8701,0.003074,325.34, 437.0946
501116,9.8730,0.002930,341.36, 437.0952
501117,9.8760,0.003015,331.69, 437.0952
501118,9.8789,0.002975,336.09, 437.0946
501119,9.8823,0.003065,326.26, 437.0952
501120,9.8853,0.002991,334.31, 437.0949
501121,9.8882,0.003003,332.97, 437.0952
501122,9.8911,0.002868,348.64, 437.1245
501123,9.8940,0.003094,323.17, 437.0952
501124,9.8970,0.002987,334.74, 437.0949
501125,9.9004,0.003222,310.39, 437.0949
501126,9.9033,0.003034,329.58, 437.0946
501127,9.9063,0.003093,323.36, 437.0952
501128,9.9097,0.003072,325.57, 437.0946
501129,9.9126,0.003119,320.57, 437.0946
501130,9.9155,0.003025,330.63, 437.0946
501131,9.9185,0.003062,326.54, 437.0952
501132,9.9219,0.002972,336.50, 437.0946
501133,9.9248,0.003119,320.58, 437.0952
501134,9.9277,0.002927,341.66, 437.0952
501135,9.9307,0.003077,324.95, 437.0952
501136,9.9336,0.002985,335.05, 437.0949
501137,9.9370,0.003006,332.62, 437.0946
501138,9.9395,0.002912,343.47, 437.0952
501139,9.9429,0.003073,325.44, 437.0946
501140,9.9458,0.003194,313.10, 437.0946
501141,9.9492,0.003297,303.32, 437.0952
501142,9.9521,0.003016,331.58, 437.0946
501143,9.9551,0.002993,334.09, 437.0952
501144,9.9580,0.002923,342.08, 437.0946
501145,9.9614,0.003045,328.40, 437.0952
501146,9.9644,0.002999,333.50, 437.0952
501147,9.9673,0.003013,331.94, 437.0952
501148,9.9702,0.002906,344.08, 437.0949
501149,9.9731,0.002988,334.65, 437.0949
501150,9.9761,0.003001,333.26, 437.0952
501151,9.9790,0.003048,328.07, 437.0952
501152,9.9819,0.002919,342.61, 437.0949
501153,9.9854,0.003075,325.26, 437.0952
501154,9.9883,0.002950,338.94, 437.0952
501155,9.9912,0.002997,333.62, 437.0952
501156,9.9941,0.002923,342.15, 437.0952
501157,9.9971,0.003012,332.03, 437.0952
501158,10.0000,0.002918,342.70, 437.0952
