TotalFrame,Time,DeltaTime,FPS,RAM
521037,0.0000,0.014452,69.20, 438.4049
521038,0.0000,0.014452,69.20, 438.6404
521039,0.0200,0.020000,50.00, 438.4591
521040,0.0234,0.003188,313.71, 438.4299
521041,0.0264,0.002881,347.07, 438.4583
521042,0.0366,0.010270,97.37, 438.4293
521043,0.0396,0.003255,307.24, 438.4297
521044,0.0430,0.003079,324.83, 438.4291
521045,0.0459,0.003050,327.91, 438.4297
521046,0.0488,0.002976,336.04, 438.4291
521047,0.0518,0.003119,320.63, 438.4297
521048,0.0547,0.003022,330.88, 438.4297
521049,0.0581,0.003043,328.66, 438.4291
521050,0.0610,0.003007,332.52, 438.4237
521051,0.0640,0.003080,324.68, 438.4243
521052,0.0669,0.002919,342.57, 438.4326
521053,0.0698,0.003019,331.24, 438.4243
521054,0.0732,0.003067,326.10, 438.4237
521055,0.0762,0.003002,333.16, 438.4240
521056,0.0791,0.002927,341.67, 438.4240
521057,0.0820,0.003038,329.12, 438.4243
521058,0.0850,0.002998,333.59, 438.4243
521059,0.0879,0.003004,332.85, 438.4261
521060,0.0908,0.002990,334.44, 438.4240
521061,0.0942,0.003029,330.14, 438.4243
521062,0.0972,0.003015,331.65, 438.4237
521063,0.1001,0.003014,331.79, 438.4243
521064,0.1030,0.002990,334.48, 438.4237
521065,0.1060,0.003040,328.98, 438.4243
521066,0.1089,0.002939,340.23, 438.4237
521067,0.1123,0.003028,330.25, 438.4243
521068,0.1152,0.002964,337.35, 438.4237
521069,0.1182,0.003045,328.37, 438.4243
521070,0.1211,0.003031,329.98, 438.4237
521071,0.1240,0.003003,333.02, 438.4243
521072,0.1270,0.002942,339.95, 438.4237
521073,0.1299,0.003007,332.51, 438.4240
521074,0.1328,0.002952,338.74, 438.4237
521075,0.1362,0.003046,328.33, 438.4237
521076,0.1392,0.002975,336.19, 438.4237
521077,0.1421,0.003035,329.46, 438.4243
521078,0.1450,0.002959,337.93, 438.4243
521079,0.1479,0.003017,331.51, 438.4237
521080,0.1509,0.002959,337.91, 438.4243
521081,0.1538,0.003037,329.33, 438.4237
521082,0.1567,0.002904,344.33, 438.4243
521083,0.1602,0.002981,335.41, 438.4243
521084,0.1631,0.002975,336.13, 438.4243
521085,0.1660,0.003154,317.07, 438.4237
521086,0.1689,0.002927,341.71, 438.4243
521087,0.1719,0.003113,321.21, 438.4243
521088,0.1748,0.002923,342.15, 438.4243
521089,0.1782,0.002980,335.62, 438.4243
521090,0.1812,0.002974,336.24, 438.4237
521091,0.1841,0.003032,329.85, 438.4240
521092,0.1870,0.002931,341.16, 438.4243
521093,0.1899,0.002992,334.18, 438.4243
521094,0.1929,0.002951,338.91, 438.4243
521095,0.1958,0.002983,335.20, 438.4243
521096,0.1987,0.002911,343.49, 438.4243
521097,0.2017,0.002967,337.07, 438.4243
521098,0.2046,0.002980,335.53, 438.4243
521099,0.2075,0.002928,341.59, 438.4243
521100,0.2104,0.002959,337.94, 438.4243
521101,0.2134,0.003005,332.79, 438.4240
521102,0.2168,0.003015,331.66, 438.4243
521103,0.2197,0.002939,340.25, 438.4266
521104,0.2227,0.002981,335.46, 438.4243
521105,0.2256,0.002933,340.91, 438.4243
521106,0.2285,0.002966,337.20, 438.4243
521107,0.2314,0.002925,341.85, 438.4243
521108,0.2344,0.003010,332.19, 438.4240
521109,0.2373,0.002893,345.66, 438.4243
521110,0.2402,0.002969,336.84, 438.4240
521111,0.2432,0.002905,344.22, 438.4243
521112,0.2461,0.002945,339.59, 438.4240
521113,0.2490,0.002936,340.55, 438.4243
521114,0.2520,0.003014,331.77, 438.4243
521115,0.2549,0.002988,334.71, 438.4240
521116,0.2578,0.002985,334.97, 438.4243
521117,0.2607,0.002914,343.16, 438.4243
521118,0.2642,0.003015,331.69, 438.4237
521119,0.2671,0.002935,340.70, 438.4243
521120,0.2700,0.002969,336.81, 438.4243
521121,0.2729,0.002932,341.11, 438.4243
521122,0.2759,0.003031,329.88, 438.4240
521123,0.2788,0.002897,345.21, 438.4243
521124,0.2817,0.002980,335.55, 438.4243
521125,0.2847,0.002848,351.11, 438.4243
521126,0.2876,0.003023,330.85, 438.4243
521127,0.2905,0.002996,333.74, 438.4243
521128,0.2935,0.003027,330.38, 438.4240
521129,0.2964,0.002908,343.87, 438.4243
521130,0.2993,0.002978,335.75, 438.4243
521131,0.3022,0.002938,340.41, 438.4237
521132,0.3052,0.002981,335.49, 438.4243
521133,0.3086,0.003032,329.83, 438.4243
521134,0.3115,0.003016,331.52, 438.4237
521135,0.3145,0.003095,323.12, 438.4243
521136,0.3174,0.003076,325.14, 438.4243
521137,0.3203,0.002954,338.52, 438.4243
521138,0.3237,0.003033,329.71, 438.4240
521139,0.3267,0.002910,343.61, 438.4243
521140,0.3296,0.002967,337.02, 438.4240
521141,0.3325,0.002916,342.90, 438.4243
521142,0.3354,0.002986,334.85, 438.4237
521143,0.3384,0.003052,327.65, 438.4243
521144,0.3413,0.003043,328.58, 438.4243
521145,0.3442,0.002955,338.36, 438.4243
521146,0.3477,0.003077,325.00, 438.4240
521147,0.3506,0.002951,338.86, 438.4243
521148,0.3535,0.002994,333.99, 438.4240
521149,0.3564,0.003019,331.27, 438.4243
521150,0.3594,0.002993,334.09, 438.4240
521151,0.3623,0.002958,338.05, 438.4243
521152,0.3652,0.002951,338.93, 438.4240
521153,0.3682,0.003008,332.47, 438.4243
521154,0.3716,0.002985,335.05, 438.4243
521155,0.3745,0.002936,340.66, 438.4243
521156,0.3774,0.002989,334.53, 438.4240
521157,0.3804,0.002932,341.08, 438.4243
521158,0.3833,0.002993,334.16, 438.4243
521159,0.3862,0.002994,333.99, 438.4243
521160,0.3892,0.002940,340.18, 438.4237
521161,0.3921,0.002993,334.09, 438.4243
521162,0.3950,0.002926,341.80, 438.4261
521163,0.3979,0.002984,335.09, 438.4243
521164,0.4009,0.002980,335.58, 438.4237
521165,0.4043,0.003084,324.26, 438.4237
521166,0.4072,0.002911,343.52, 438.4333
521167,0.4102,0.002950,338.94, 438.4243
521168,0.4131,0.002986,334.87, 438.4243
521169,0.4160,0.003063,326.52, 438.4243
521170,0.4189,0.002959,337.95, 438.4237
521171,0.4219,0.003039,329.04, 438.4240
521172,0.4248,0.002924,342.02, 438.4237
521173,0.4277,0.003016,331.53, 438.4243
521174,0.4307,0.002939,340.25, 438.4240
521175,0.4341,0.003121,320.43, 438.4243
521176,0.4370,0.002988,334.65, 438.4237
521177,0.4399,0.003031,329.94, 438.4240
521178,0.4429,0.002961,337.72, 438.4240
521179,0.4458,0.002982,335.36, 438.4243
521180,0.4487,0.002914,343.12, 438.4243
521181,0.4521,0.003089,323.70, 438.4243
521182,0.4551,0.002926,341.72, 438.4243
521183,0.4580,0.003000,333.36, 438.4243
521184,0.4609,0.002881,347.16, 438.4243
521185,0.4639,0.003067,326.08, 438.4243
521186,0.4668,0.002985,335.03, 438.4243
521187,0.4702,0.003156,316.86, 438.4243
521188,0.4731,0.003071,325.64, 438.4237
521189,0.4761,0.003026,330.44, 438.4243
521190,0.4790,0.002937,340.48, 438.4240
521191,0.4819,0.003027,330.38, 438.4243
521192,0.4849,0.002935,340.77, 438.4243
521193,0.4878,0.003003,333.04, 438.4243
521194,0.4907,0.002933,340.96, 438.4243
521195,0.4941,0.003031,329.96, 438.4240
521196,0.4971,0.002904,344.31, 438.4243
521197,0.5000,0.003008,332.49, 438.4243
521198,0.5029,0.003023,330.81, 438.4243
521199,0.5059,0.003011,332.10, 438.4243
521200,0.5088,0.002909,343.74, 438.4243
521201,0.5117,0.003041,328.82, 438.4243
521202,0.5146,0.002950,338.95, 438.4243
521203,0.5176,0.003021,330.99, 438.4240
521204,0.5210,0.003020,331.14, 438.4243
521205,0.5239,0.002983,335.23, 438.4243
521206,0.5269,0.003090,323.67, 438.4237
521207,0.5298,0.003048,328.05, 438.4243
521208,0.5327,0.002994,334.06, 438.4243
521209,0.5361,0.002965,337.26, 438.4240
521210,0.5391,0.002961,337.75, 438.4242
521211,0.5420,0.003003,333.02, 438.4243
521212,0.5449,0.002996,333.76, 438.4252
521213,0.5479,0.003037,329.32, 438.4240
521214,0.5508,0.002987,334.83, 438.4243
521215,0.5542,0.003055,327.35, 438.4243
521216,0.5571,0.003004,332.85, 438.4243
521217,0.5601,0.002955,338.39, 438.4243
521218,0.5630,0.003030,330.07, 438.4243
521219,0.5659,0.003026,330.51, 438.4243
521220,0.5688,0.002971,336.63, 438.4243
521221,0.5723,0.003090,323.67, 438.4243
521222,0.5752,0.002950,338.98, 438.4243
521223,0.5781,0.002917,342.87, 438.4243
521224,0.5811,0.002953,338.70, 438.4237
521225,0.5840,0.002930,341.33, 438.4271
521226,0.5869,0.002994,334.02, 438.4237
521227,0.5898,0.002957,338.19, 438.4243
521228,0.5928,0.003100,322.57, 438.4243
521229,0.5957,0.002944,339.72, 438.4243
521230,0.5986,0.003070,325.79, 438.4240
521231,0.6021,0.002988,334.66, 438.4243
521232,0.6050,0.003118,320.70, 438.4243
521233,0.6079,0.003182,314.23, 438.4237
521234,0.6113,0.003053,327.56, 438.4240
521235,0.6143,0.002979,335.72, 438.4243
521236,0.6172,0.003066,326.21, 438.4240
521237,0.6201,0.003025,330.53, 438.4240
521238,0.6235,0.003138,318.68, 438.4237
521239,0.6265,0.002941,339.99, 438.4243
521240,0.6294,0.002976,336.01, 438.4243
521241,0.6323,0.002948,339.25, 438.4243
521242,0.6353,0.003091,323.56, 438.4243
521243,0.6387,0.003333,299.99, 438.4243
521244,0.6421,0.003191,313.42, 438.4243
521245,0.6450,0.003189,313.54, 438.4243
521246,0.6484,0.003321,301.12, 438.4237
521247,0.6514,0.003165,315.94, 438.4243
521248,0.6548,0.003136,318.91, 438.4243
521249,0.6582,0.003533,283.08, 438.4237
521250,0.6616,0.003446,290.20, 438.4237
521251,0.6650,0.003298,303.19, 438.4243
521252,0.6680,0.003158,316.70, 438.4243
521253,0.6714,0.003254,307.30, 438.4240
521254,0.6743,0.003084,324.26, 438.4237
521255,0.6777,0.003085,324.18, 438.4243
521256,0.6807,0.003021,330.99, 438.4237
521257,0.6836,0.003258,306.97, 438.4240
521258,0.6870,0.003142,318.26, 438.4240
521259,0.6899,0.003023,330.80, 438.4243
521260,0.6929,0.002987,334.77, 438.4240
521261,0.6958,0.003048,328.09, 438.4243
521262,0.6992,0.003096,323.05, 438.4240
521263,0.7021,0.003087,323.93, 438.4243
521264,0.7051,0.003013,331.85, 438.4237
521265,0.7080,0.002999,333.48, 438.4243
521266,0.7114,0.002999,333.40, 438.4240
521267,0.7144,0.003037,329.33, 438.4243
521268,0.7173,0.002969,336.78, 438.4240
521269,0.7202,0.003011,332.16, 438.4243
521270,0.7231,0.002985,335.00, 438.4237
521271,0.7266,0.003104,322.13, 438.4240
521272,0.7295,0.002953,338.63, 438.4237
521273,0.7324,0.003032,329.80, 438.4243
521274,0.7354,0.002949,339.06, 438.4237
521275,0.7383,0.003003,332.99, 438.4243
521276,0.7412,0.002907,343.97, 438.4240
521277,0.7441,0.003030,330.05, 438.4243
521278,0.7471,0.002985,335.04, 438.4237
521279,0.7505,0.003074,325.36, 438.4237
521280,0.7534,0.002975,336.18, 438.4237
521281,0.7563,0.003005,332.76, 438.4243
521282,0.7593,0.003013,331.85, 438.4240
521283,0.7622,0.003105,322.09, 438.4261
521284,0.7651,0.002920,342.50, 438.4361
521285,0.7686,0.003074,325.28, 438.4243
521286,0.7715,0.002953,338.63, 438.4237
521287,0.7744,0.003056,327.19, 438.4243
521288,0.7773,0.002927,341.65, 438.4240
521289,0.7803,0.003017,331.46, 438.4243
521290,0.7832,0.002924,341.96, 438.4243
521291,0.7861,0.003024,330.66, 438.4243
521292,0.7891,0.002914,343.14, 438.4240
521293,0.7925,0.003154,317.04, 438.4243
521294,0.7954,0.002999,333.46, 438.4243
521295,0.7983,0.003115,321.04, 438.4243
521296,0.8018,0.003514,284.58, 438.4237
521297,0.8052,0.003111,321.40, 438.4243
521298,0.8081,0.003006,332.66, 438.4237
521299,0.8110,0.003163,316.19, 438.4286
521300,0.8145,0.003194,313.07, 438.4240
521301,0.8179,0.003301,302.98, 438.4286
521302,0.8213,0.003518,284.27, 438.4237
521303,0.8247,0.003350,298.55, 438.4243
521304,0.8281,0.003411,293.15, 438.4243
521305,0.8311,0.003140,318.52, 438.4243
521306,0.8345,0.003186,313.89, 438.4240
521307,0.8374,0.003145,318.01, 438.4243
521308,0.8403,0.003046,328.30, 438.4237
521309,0.8433,0.002956,338.31, 438.4243
521310,0.8467,0.003000,333.37, 438.4243
521311,0.8496,0.002942,339.94, 438.4243
521312,0.8525,0.003002,333.13, 438.4243
521313,0.8555,0.002941,340.08, 438.4243
521314,0.8584,0.003009,332.31, 438.4243
521315,0.8613,0.002925,341.90, 438.4243
521316,0.8643,0.002973,336.41, 438.4243
521317,0.8672,0.002941,340.08, 438.4243
521318,0.8701,0.003001,333.26, 438.4240
521319,0.8730,0.002993,334.15, 438.4243
521320,0.8760,0.002961,337.68, 438.4240
521321,0.8789,0.002994,334.05, 438.4243
521322,0.8823,0.002979,335.64, 438.4240
521323,0.8853,0.002986,334.90, 438.4237
521324,0.8882,0.003125,320.02, 438.4240
521325,0.8911,0.003039,329.04, 438.4243
521326,0.8940,0.003001,333.26, 438.4240
521327,0.8975,0.002990,334.40, 438.4243
521328,0.9004,0.002940,340.10, 438.4237
521329,0.9038,0.003823,261.59, 438.4237
521330,0.9077,0.003830,261.13, 438.4237
521331,0.9106,0.002947,339.36, 438.4244
521332,0.9141,0.003113,321.19, 438.4243
521333,0.9170,0.002847,351.25, 438.4243
521334,0.9199,0.003111,321.41, 438.4240
521335,0.9229,0.002980,335.59, 438.4243
521336,0.9258,0.002970,336.68, 438.4243
521337,0.9287,0.002873,348.03, 438.4243
521338,0.9316,0.003021,330.98, 438.4243
521339,0.9346,0.002864,349.15, 438.4243
521340,0.9375,0.003011,332.17, 438.4237
521341,0.9404,0.002928,341.55, 438.4243
521342,0.9434,0.002984,335.08, 438.4240
521343,0.9463,0.002884,346.76, 438.4243
521344,0.9492,0.003006,332.68, 438.4243
521345,0.9526,0.003033,329.73, 438.4243
521346,0.9556,0.003053,327.50, 438.4243
521347,0.9585,0.002905,344.23, 438.4243
521348,0.9614,0.002931,341.23, 438.4243
521349,0.9644,0.002908,343.93, 438.4243
521350,0.9673,0.002997,333.63, 438.4237
521351,0.9702,0.002955,338.43, 438.4243
521352,0.9731,0.002944,339.67, 438.4243
521353,0.9761,0.002915,343.06, 438.4243
521354,0.9790,0.002907,343.99, 438.4240
521355,0.9819,0.002967,337.02, 438.4243
521356,0.9849,0.002915,343.03, 438.4243
521357,0.9878,0.002952,338.74, 438.4243
521358,0.9907,0.002946,339.49, 438.4243
521359,0.9937,0.002962,337.56, 438.4243
521360,0.9966,0.002920,342.42, 438.4240
521361,0.9995,0.002981,335.41, 438.4243
521362,1.0024,0.002920,342.50, 438.4243
521363,1.0054,0.003006,332.68, 438.4243
521364,1.0083,0.002867,348.82, 438.4243
521365,1.0112,0.003001,333.22, 438.4243
521366,1.0142,0.002945,339.52, 438.4243
521367,1.0171,0.002992,334.21, 438.4243
521368,1.0200,0.002903,344.48, 438.4243
521369,1.0234,0.002983,335.24, 438.4243
521370,1.0259,0.002842,351.93, 438.4243
521371,1.0288,0.002941,340.02, 438.4243
521372,1.0317,0.002893,345.69, 438.4243
521373,1.0347,0.003025,330.62, 438.4243
521374,1.0376,0.002883,346.92, 438.4243
521375,1.0405,0.002931,341.24, 438.4243
521376,1.0435,0.002946,339.42, 438.4243
521377,1.0464,0.002957,338.18, 438.4243
521378,1.0493,0.002902,344.58, 438.4240
521379,1.0527,0.002979,335.67, 438.4243
521380,1.0557,0.002926,341.80, 438.4240
521381,1.0586,0.002952,338.78, 438.4240
521382,1.0615,0.002927,341.71, 438.4243
521383,1.0645,0.002932,341.05, 438.4243
521384,1.0674,0.002930,341.30, 438.4243
521385,1.0703,0.002963,337.53, 438.4243
521386,1.0732,0.003028,330.22, 438.4243
521387,1.0762,0.002952,338.80, 438.4240
521388,1.0791,0.002934,340.84, 438.4243
521389,1.0820,0.002920,342.48, 438.4243
521390,1.0850,0.002998,333.59, 438.4243
521391,1.0879,0.002917,342.88, 438.4243
521392,1.0908,0.002979,335.66, 438.4243
521393,1.0938,0.002916,342.97, 438.4237
521394,1.0967,0.002959,337.96, 438.4243
521395,1.0996,0.002902,344.59, 438.4243
521396,1.1025,0.003001,333.26, 438.4237
521397,1.1055,0.002946,339.49, 438.4240
521398,1.1084,0.002999,333.50, 438.4240
521399,1.1113,0.002926,341.72, 438.4240
521400,1.1143,0.002969,336.77, 438.4240
521401,1.1172,0.002856,350.09, 438.4243
521402,1.1206,0.003055,327.33, 438.4240
521403,1.1235,0.003136,318.91, 438.4243
521404,1.1265,0.003039,329.04, 438.4243
521405,1.1294,0.002913,343.34, 438.4243
521406,1.1323,0.003051,327.73, 438.4240
521407,1.1353,0.002926,341.75, 438.4243
521408,1.1387,0.003003,333.02, 438.4243
521409,1.1416,0.002936,340.62, 438.4243
521410,1.1445,0.002992,334.21, 438.4240
521411,1.1475,0.002946,339.48, 438.4243
521412,1.1504,0.003035,329.50, 438.4240
521413,1.1533,0.003008,332.44, 438.4240
521414,1.1563,0.002976,336.00, 438.4243
521415,1.1592,0.002905,344.27, 438.4243
521416,1.1621,0.002989,334.52, 438.4243
521417,1.1650,0.002941,339.97, 438.4243
521418,1.1680,0.002982,335.31, 438.4243
521419,1.1709,0.002971,336.63, 438.4243
521420,1.1743,0.002972,336.44, 438.4243
521421,1.1772,0.002930,341.29, 438.4243
521422,1.1802,0.002982,335.32, 438.4240
521423,1.1831,0.002982,335.39, 438.4243
521424,1.1860,0.002988,334.64, 438.4243
521425,1.1890,0.002966,337.21, 438.4243
521426,1.1919,0.002998,333.57, 438.4237
521427,1.1948,0.003004,332.89, 438.4243
521428,1.1978,0.002994,334.01, 438.4243
521429,1.2012,0.003058,326.99, 438.4243
521430,1.2041,0.003000,333.33, 438.4237
521431,1.2070,0.002983,335.27, 438.4243
521432,1.2100,0.002922,342.21, 438.4240
521433,1.2129,0.002991,334.39, 438.4243
521434,1.2158,0.002964,337.34, 438.4243
521435,1.2188,0.002978,335.85, 438.4243
521436,1.2217,0.002993,334.15, 438.4240
521437,1.2246,0.002949,339.12, 438.4237
521438,1.2275,0.002919,342.64, 438.4243
521439,1.2305,0.002963,337.55, 438.4240
521440,1.2334,0.002920,342.47, 438.4240
521441,1.2368,0.002991,334.29, 438.4243
521442,1.2397,0.002932,341.05, 438.4237
521443,1.2427,0.002974,336.29, 438.4243
521444,1.2456,0.002910,343.65, 438.4243
521445,1.2485,0.002990,334.48, 438.4243
521446,1.2515,0.002899,344.90, 438.4240
521447,1.2544,0.003017,331.49, 438.4243
521448,1.2573,0.002869,348.54, 438.4243
521449,1.2603,0.002960,337.86, 438.4243
521450,1.2632,0.002955,338.43, 438.4243
521451,1.2661,0.002972,336.45, 438.4243
521452,1.2690,0.002887,346.39, 438.4243
521453,1.2720,0.003005,332.83, 438.4243
521454,1.2749,0.002945,339.59, 438.4243
521455,1.2778,0.002975,336.16, 438.4243
521456,1.2808,0.002904,344.41, 438.4243
521457,1.2837,0.002966,337.19, 438.4243
521458,1.2866,0.002944,339.72, 438.4243
521459,1.2896,0.002928,341.57, 438.4243
521460,1.2925,0.002902,344.59, 438.4243
521461,1.2954,0.002958,338.07, 438.4243
521462,1.2983,0.002936,340.59, 438.4243
521463,1.3013,0.002965,337.25, 438.4243
521464,1.3042,0.002944,339.64, 438.4243
521465,1.3071,0.002927,341.66, 438.4243
521466,1.3101,0.002955,338.36, 438.4243
521467,1.3130,0.002948,339.27, 438.4243
521468,1.3159,0.002942,339.92, 438.4243
521469,1.3188,0.002913,343.27, 438.4237
521470,1.3218,0.003008,332.42, 438.4243
521471,1.3247,0.002931,341.13, 438.4240
521472,1.3281,0.002976,336.03, 438.4243
521473,1.3311,0.002936,340.61, 438.4243
521474,1.3340,0.002993,334.14, 438.4243
521475,1.3369,0.002938,340.32, 438.4243
521476,1.3398,0.002968,336.92, 438.4243
521477,1.3428,0.002974,336.28, 438.4243
521478,1.3457,0.002996,333.73, 438.4243
521479,1.3486,0.002886,346.51, 438.4243
521480,1.3516,0.003035,329.49, 438.4243
521481,1.3545,0.002977,335.97, 438.4243
521482,1.3579,0.003070,325.72, 438.4243
521483,1.3604,0.002890,345.98, 438.4243
521484,1.3638,0.002986,334.88, 438.4243
521485,1.3662,0.002843,351.69, 438.4243
521486,1.3696,0.003037,329.29, 438.4243
521487,1.3726,0.003036,329.42, 438.4243
521488,1.3755,0.002991,334.35, 438.4243
521489,1.3784,0.002892,345.81, 438.4243
521490,1.3813,0.002994,334.05, 438.4240
521491,1.3843,0.002863,349.30, 438.4243
521492,1.3872,0.002994,333.96, 438.4237
521493,1.3901,0.003011,332.17, 438.4243
521494,1.3931,0.002973,336.32, 438.4237
521495,1.3960,0.002892,345.76, 438.4243
521496,1.3989,0.002939,340.21, 438.4243
521497,1.4019,0.002951,338.91, 438.4243
521498,1.4048,0.002996,333.82, 438.4237
521499,1.4077,0.002898,345.10, 438.4240
521500,1.4106,0.002943,339.81, 438.4243
521501,1.4136,0.002942,339.95, 438.4240
521502,1.4170,0.002998,333.58, 438.4240
521503,1.4199,0.003002,333.14, 438.4243
521504,1.4229,0.002952,338.71, 438.4243
521505,1.4258,0.002942,339.86, 438.4243
521506,1.4287,0.002897,345.15, 438.4240
521507,1.4316,0.002983,335.29, 438.4243
521508,1.4346,0.002964,337.39, 438.4237
521509,1.4375,0.003006,332.68, 438.4243
521510,1.4404,0.002885,346.64, 438.4243
521511,1.4434,0.002957,338.24, 438.4243
521512,1.4463,0.002852,350.69, 438.4243
521513,1.4492,0.003078,324.94, 438.4237
521514,1.4521,0.002984,335.10, 438.4240
521515,1.4556,0.003102,322.37, 438.4243
521516,1.4585,0.002918,342.75, 438.4243
521517,1.4614,0.002979,335.72, 438.4237
521518,1.4644,0.002927,341.60, 438.4240
521519,1.4673,0.002994,334.01, 438.4243
521520,1.4702,0.002871,348.37, 438.4243
521521,1.4731,0.003024,330.74, 438.4243
521522,1.4761,0.002828,353.61, 438.4243
521523,1.4790,0.003031,329.98, 438.4243
521524,1.4819,0.002929,341.46, 438.4243
521525,1.4849,0.003003,333.00, 438.4243
521526,1.4878,0.002922,342.24, 438.4243
521527,1.4907,0.002907,343.95, 438.4342
521528,1.4937,0.002892,345.75, 438.4240
521529,1.4966,0.003070,325.70, 438.4243
521530,1.4995,0.003043,328.59, 438.4243
521531,1.5029,0.003207,311.78, 438.4237
521532,1.5059,0.003184,314.06, 438.4240
521533,1.5093,0.003104,322.12, 438.4240
521534,1.5122,0.003004,332.89, 438.4240
521535,1.5151,0.003024,330.74, 438.4243
521536,1.5181,0.002877,347.58, 438.4243
521537,1.5210,0.003008,332.47, 438.4243
521538,1.5239,0.003025,330.57, 438.4243
521539,1.5273,0.002985,335.02, 438.4243
521540,1.5298,0.002877,347.58, 438.4243
521541,1.5332,0.002990,334.43, 438.4243
521542,1.5361,0.002918,342.69, 438.4243
521543,1.5391,0.002983,335.29, 438.4243
521544,1.5420,0.002896,345.26, 438.4243
521545,1.5449,0.002960,337.89, 438.4243
521546,1.5479,0.002931,341.18, 438.4240
521547,1.5508,0.002929,341.38, 438.4243
521548,1.5537,0.002988,334.64, 438.4240
521549,1.5566,0.003081,324.62, 438.4243
521550,1.5596,0.003041,328.84, 438.4243
521551,1.5625,0.002935,340.75, 438.4261
521552,1.5654,0.002941,340.01, 438.4240
521553,1.5684,0.002925,341.85, 438.4243
521554,1.5713,0.003009,332.31, 438.4237
521555,1.5742,0.002929,341.46, 438.4243
521556,1.5771,0.002926,341.74, 438.4243
521557,1.5806,0.003003,332.99, 438.4243
521558,1.5835,0.003199,312.59, 438.4243
521559,1.5864,0.002947,339.31, 438.4243
521560,1.5894,0.003019,331.24, 438.4243
521561,1.5923,0.002969,336.77, 438.4243
521562,1.5957,0.002989,334.62, 438.4243
521563,1.5986,0.002945,339.54, 438.4243
521564,1.6016,0.003026,330.50, 438.4240
521565,1.6045,0.002977,335.95, 438.4243
521566,1.6074,0.002989,334.58, 438.4243
521567,1.6104,0.003012,332.05, 438.4243
521568,1.6133,0.003038,329.19, 438.4243
521569,1.6162,0.002946,339.48, 438.4237
521570,1.6196,0.003125,320.03, 438.4243
521571,1.6230,0.003441,290.64, 438.4237
521572,1.6260,0.003135,318.95, 438.4243
521573,1.6289,0.003015,331.68, 438.4243
521574,1.6323,0.003038,329.16, 438.4243
521575,1.6353,0.002979,335.71, 438.4243
521576,1.6382,0.003016,331.53, 438.4237
521577,1.6411,0.003049,328.03, 438.4243
521578,1.6445,0.003113,321.21, 438.4243
521579,1.6475,0.003076,325.06, 438.4243
521580,1.6509,0.003329,300.44, 438.4237
521581,1.6543,0.003327,300.58, 438.4237
521582,1.6572,0.003184,314.05, 438.4243
521583,1.6606,0.003310,302.11, 438.4243
521584,1.6636,0.003037,329.23, 438.4240
521585,1.6670,0.003323,300.95, 438.4240
521586,1.6704,0.003562,280.73, 438.4237
521587,1.6738,0.003552,281.57, 438.4237
521588,1.6772,0.003269,305.95, 438.4237
521589,1.6807,0.003114,321.09, 438.4243
521590,1.6836,0.003149,317.59, 438.4243
521591,1.6865,0.003130,319.45, 438.4243
521592,1.6899,0.003041,328.86, 438.4237
521593,1.6929,0.003041,328.84, 438.4243
521594,1.6958,0.002924,341.97, 438.4237
521595,1.6987,0.003035,329.52, 438.4243
521596,1.7017,0.003021,331.02, 438.4237
521597,1.7046,0.003048,328.04, 438.4237
521598,1.7075,0.002943,339.85, 438.4243
521599,1.7109,0.002999,333.48, 438.4243
521600,1.7139,0.002975,336.15, 438.4237
521601,1.7168,0.003013,331.93, 438.4243
521602,1.7197,0.002938,340.36, 438.4243
521603,1.7227,0.003068,325.92, 438.4243
521604,1.7256,0.002944,339.73, 438.4240
521605,1.7285,0.003038,329.16, 438.4243
521606,1.7319,0.003092,323.47, 438.4243
521607,1.7349,0.003034,329.58, 438.4237
521608,1.7378,0.002954,338.49, 438.4237
521609,1.7407,0.003012,331.98, 438.4243
521610,1.7437,0.003052,327.66, 438.4237
521611,1.7471,0.002998,333.60, 438.4243
521612,1.7500,0.002929,341.39, 438.4243
521613,1.7529,0.003048,328.13, 438.4237
521614,1.7559,0.003032,329.82, 438.4237
521615,1.7588,0.003147,317.74, 438.4243
521616,1.7622,0.003053,327.58, 438.4237
521617,1.7651,0.003077,325.04, 438.4243
521618,1.7681,0.002949,339.13, 438.4237
521619,1.7710,0.003045,328.44, 438.4243
521620,1.7739,0.002942,339.87, 438.4240
521621,1.7773,0.003023,330.80, 438.4243
521622,1.7803,0.002944,339.64, 438.4243
521623,1.7832,0.003032,329.85, 438.4240
521624,1.7861,0.002874,347.94, 438.4243
521625,1.7891,0.003017,331.41, 438.4240
521626,1.7920,0.002977,335.93, 438.4243
521627,1.7949,0.003090,323.66, 438.4237
521628,1.7979,0.002863,349.35, 438.4243
521629,1.8008,0.003009,332.37, 438.4243
521630,1.8037,0.002958,338.02, 438.4237
521631,1.8071,0.003123,320.18, 438.4243
521632,1.8101,0.003258,306.90, 438.4243
521633,1.8135,0.003108,321.74, 438.4240
521634,1.8164,0.003004,332.87, 438.4240
521635,1.8193,0.003009,332.39, 438.4243
521636,1.8223,0.002963,337.53, 438.4243
521637,1.8257,0.003200,312.52, 438.4243
521638,1.8286,0.002991,334.31, 438.4243
521639,1.8315,0.003079,324.81, 438.4243
521640,1.8345,0.002907,344.00, 438.4240
521641,1.8374,0.003044,328.55, 438.4243
521642,1.8408,0.003053,327.59, 438.4243
521643,1.8438,0.002996,333.76, 438.4243
521644,1.8467,0.002976,336.03, 438.4243
521645,1.8496,0.002999,333.40, 438.4243
521646,1.8525,0.002982,335.30, 438.4243
521647,1.8555,0.003115,321.08, 438.4243
521648,1.8584,0.002929,341.37, 438.4243
521649,1.8618,0.003070,325.73, 438.4243
521650,1.8647,0.002943,339.75, 438.4243
521651,1.8677,0.003057,327.13, 438.4243
521652,1.8706,0.002974,336.20, 438.4237
521653,1.8735,0.003002,333.11, 438.4243
521654,1.8765,0.002898,345.04, 438.4237
521655,1.8794,0.003003,333.04, 438.4243
521656,1.8823,0.002980,335.58, 438.4243
521657,1.8857,0.003059,326.93, 438.4237
521658,1.8887,0.002964,337.44, 438.4243
521659,1.8916,0.003012,331.98, 438.4243
521660,1.8945,0.002886,346.48, 438.4243
521661,1.8975,0.003022,330.93, 438.4237
521662,1.9004,0.003019,331.25, 438.4237
521663,1.9038,0.003112,321.39, 438.4240
521664,1.9067,0.002977,335.86, 438.4243
521665,1.9097,0.002966,337.20, 438.4243
521666,1.9126,0.003008,332.46, 438.4243
521667,1.9155,0.003029,330.11, 438.4240
521668,1.9189,0.003209,311.65, 438.4243
521669,1.9219,0.003192,313.33, 438.4237
521670,1.9248,0.002993,334.07, 438.4240
521671,1.9282,0.003042,328.74, 438.4240
521672,1.9312,0.003019,331.22, 438.4237
521673,1.9341,0.003055,327.34, 438.4240
521674,1.9370,0.002963,337.52, 438.4243
521675,1.9399,0.003000,333.38, 438.4237
521676,1.9429,0.002959,337.96, 438.4243
521677,1.9458,0.002971,336.63, 438.4237
521678,1.9492,0.003035,329.46, 438.4243
521679,1.9521,0.003070,325.74, 438.4237
521680,1.9551,0.002938,340.34, 438.4237
521681,1.9580,0.002973,336.42, 438.4243
521682,1.9609,0.002964,337.35, 438.4237
521683,1.9639,0.003078,324.85, 438.4237
521684,1.9668,0.002957,338.18, 438.4243
521685,1.9702,0.002967,337.10, 438.4240
521686,1.9731,0.003026,330.52, 438.4237
521687,1.9761,0.002966,337.20, 438.4243
521688,1.9790,0.003084,324.21, 438.4243
521689,1.9819,0.003064,326.41, 438.4243
521690,1.9854,0.002996,333.81, 438.4237
521691,1.9883,0.003049,327.99, 438.4237
521692,1.9912,0.003033,329.73, 438.4243
521693,1.9941,0.002945,339.51, 438.4243
521694,1.9971,0.003032,329.82, 438.4237
521695,2.0000,0.002989,334.58, 438.4243
521696,2.0034,0.003032,329.79, 438.4240
521697,2.0063,0.002982,335.35, 438.4237
521698,2.0093,0.002948,339.24, 438.4237
521699,2.0122,0.003039,329.07, 438.4237
521700,2.0151,0.002993,334.07, 438.4243
521701,2.0181,0.002949,339.16, 438.4243
521702,2.0210,0.003014,331.83, 438.4240
521703,2.0239,0.002949,339.11, 438.4243
521704,2.0269,0.003002,333.10, 438.4243
521705,2.0298,0.002938,340.36, 438.4243
521706,2.0332,0.003039,329.10, 438.4243
521707,2.0361,0.002936,340.63, 438.4243
521708,2.0391,0.002972,336.47, 438.4243
521709,2.0420,0.003036,329.42, 438.4243
521710,2.0449,0.003024,330.66, 438.4243
521711,2.0479,0.002929,341.37, 438.4243
521712,2.0508,0.003020,331.16, 438.4243
521713,2.0537,0.002899,344.96, 438.4237
521714,2.0566,0.003016,331.62, 438.4243
521715,2.0601,0.002941,340.07, 438.4237
521716,2.0630,0.003023,330.82, 438.4237
521717,2.0659,0.002903,344.51, 438.4243
521718,2.0688,0.002995,333.91, 438.4237
521719,2.0718,0.002957,338.17, 438.4243
521720,2.0747,0.003016,331.60, 438.4243
521721,2.0776,0.002893,345.64, 438.4243
521722,2.0806,0.003053,327.60, 438.4240
521723,2.0835,0.002878,347.43, 438.4244
521724,2.0864,0.003050,327.84, 438.4243
521725,2.0894,0.002932,341.11, 438.4243
521726,2.0928,0.003162,316.29, 438.4240
521727,2.0957,0.003061,326.67, 438.4243
521728,2.0986,0.002996,333.74, 438.4240
521729,2.1016,0.002911,343.57, 438.4243
521730,2.1045,0.003040,328.97, 438.4243
521731,2.1074,0.002964,337.34, 438.4243
521732,2.1108,0.002977,335.91, 438.4243
521733,2.1138,0.002902,344.57, 438.4243
521734,2.1167,0.002968,336.96, 438.4240
521735,2.1196,0.002928,341.59, 438.4237
521736,2.1226,0.003027,330.39, 438.4243
521737,2.1255,0.002900,344.85, 438.4243
521738,2.1284,0.002956,338.25, 438.4237
521739,2.1313,0.002968,336.94, 438.4243
521740,2.1343,0.002965,337.28, 438.4240
521741,2.1372,0.002970,336.69, 438.4240
521742,2.1401,0.002960,337.82, 438.4243
521743,2.1431,0.002930,341.31, 438.4237
521744,2.1460,0.002901,344.72, 438.4243
521745,2.1489,0.002916,342.95, 438.4243
521746,2.1519,0.002958,338.10, 438.4243
521747,2.1548,0.002959,337.91, 438.4243
521748,2.1577,0.003012,331.96, 438.4243
521749,2.1606,0.002926,341.81, 438.4243
521750,2.1636,0.002966,337.12, 438.4243
521751,2.1665,0.002951,338.83, 438.4243
521752,2.1694,0.002925,341.85, 438.4243
521753,2.1729,0.003017,331.46, 438.4243
521754,2.1758,0.002931,341.20, 438.4240
521755,2.1787,0.002946,339.45, 438.4243
521756,2.1816,0.002901,344.70, 438.4243
521757,2.1846,0.003026,330.49, 438.4240
521758,2.1875,0.002927,341.71, 438.4237
521759,2.1904,0.003179,314.57, 438.4243
521760,2.1934,0.002955,338.42, 438.4243
521761,2.1963,0.002975,336.17, 438.4243
521762,2.1992,0.002954,338.49, 438.4240
521763,2.2026,0.003078,324.92, 438.4243
521764,2.2056,0.003021,331.03, 438.4243
521765,2.2085,0.003002,333.12, 438.4240
521766,2.2114,0.002899,344.99, 438.4276
521767,2.2144,0.003037,329.25, 438.4243
521768,2.2173,0.002934,340.89, 438.4240
521769,2.2202,0.003017,331.46, 438.4243
521770,2.2231,0.002958,338.12, 438.4243
521771,2.2266,0.003003,332.96, 438.4243
521772,2.2295,0.002895,345.39, 438.4243
521773,2.2324,0.003014,331.76, 438.4243
521774,2.2354,0.002893,345.66, 438.4243
521775,2.2383,0.002986,334.92, 438.4240
521776,2.2412,0.002931,341.24, 438.4243
521777,2.2441,0.002992,334.27, 438.4243
521778,2.2471,0.002937,340.45, 438.4243
521779,2.2500,0.003015,331.68, 438.4243
521780,2.2529,0.002981,335.47, 438.4243
521781,2.2559,0.002964,337.40, 438.4243
521782,2.2588,0.002932,341.03, 438.4240
521783,2.2617,0.003012,332.02, 438.4243
521784,2.2651,0.002991,334.31, 438.4243
521785,2.2681,0.002982,335.32, 438.4243
521786,2.2710,0.002979,335.66, 438.4243
521787,2.2739,0.003021,331.01, 438.4237
521788,2.2769,0.002959,337.93, 438.4243
521789,2.2798,0.002965,337.29, 438.4237
521790,2.2827,0.003047,328.15, 438.4243
521791,2.2856,0.002976,336.04, 438.4240
521792,2.2891,0.003002,333.07, 438.4243
521793,2.2920,0.003000,333.34, 438.4237
521794,2.2949,0.003001,333.22, 438.4240
521795,2.2979,0.002969,336.81, 438.4237
521796,2.3008,0.002955,338.42, 438.4243
521797,2.3037,0.003117,320.84, 438.4237
521798,2.3071,0.003057,327.16, 438.4240
521799,2.3101,0.003050,327.83, 438.4243
521800,2.3130,0.003172,315.25, 438.4237
521801,2.3164,0.003048,328.12, 438.4237
521802,2.3193,0.003125,319.96, 438.4240
521803,2.3223,0.002998,333.56, 438.4237
521804,2.3252,0.002965,337.26, 438.4240
521805,2.3281,0.002945,339.62, 438.4237
521806,2.3311,0.003005,332.76, 438.4243
521807,2.3345,0.003019,331.26, 438.4237
521808,2.3374,0.002997,333.70, 438.4243
521809,2.3403,0.002977,335.94, 438.4237
521810,2.3433,0.003019,331.19, 438.4243
521811,2.3462,0.002967,337.03, 438.4237
521812,2.3491,0.002981,335.51, 438.4243
521813,2.3521,0.003000,333.30, 438.4240
521814,2.3555,0.003028,330.21, 438.4237
521815,2.3584,0.002949,339.12, 438.4243
521816,2.3613,0.002970,336.73, 438.4243
521817,2.3643,0.002969,336.86, 438.4243
521818,2.3672,0.002983,335.24, 438.4243
521819,2.3701,0.002936,340.62, 438.4243
521820,2.3730,0.003057,327.12, 438.4243
521821,2.3760,0.002959,337.94, 438.4240
521822,2.3789,0.003017,331.41, 438.4243
521823,2.3818,0.002949,339.14, 438.4243
521824,2.3853,0.003034,329.55, 438.4243
521825,2.3882,0.002939,340.30, 438.4243
521826,2.3911,0.003058,327.05, 438.4240
521827,2.3940,0.002959,337.91, 438.4243
521828,2.3970,0.002996,333.77, 438.4243
521829,2.3999,0.002912,343.37, 438.4243
521830,2.4028,0.003044,328.52, 438.4237
521831,2.4058,0.002943,339.81, 438.4243
521832,2.4087,0.003013,331.90, 438.4243
521833,2.4116,0.002904,344.39, 438.4243
521834,2.4150,0.003018,331.37, 438.4237
521835,2.4180,0.002877,347.58, 438.4243
521836,2.4209,0.003076,325.09, 438.4243
521837,2.4238,0.002980,335.54, 438.4237
521838,2.4268,0.003017,331.51, 438.4240
521839,2.4297,0.002893,345.71, 438.4243
521840,2.4326,0.003039,329.06, 438.4240
521841,2.4355,0.002986,334.85, 438.4243
521842,2.4390,0.003049,327.93, 438.4240
521843,2.4419,0.002969,336.77, 438.4243
521844,2.4448,0.002997,333.63, 438.4237
521845,2.4478,0.002893,345.61, 438.4243
521846,2.4507,0.003066,326.16, 438.4237
521847,2.4536,0.003098,322.81, 438.4243
521848,2.4570,0.003033,329.70, 438.4243
521849,2.4600,0.002910,343.61, 438.4243
521850,2.4629,0.003032,329.77, 438.4237
521851,2.4658,0.002914,343.19, 438.4243
521852,2.4688,0.003016,331.52, 438.4237
521853,2.4717,0.002964,337.40, 438.4240
521854,2.4746,0.002959,337.92, 438.4347
521855,2.4775,0.002929,341.46, 438.4243
521856,2.4805,0.002973,336.33, 438.4240
521857,2.4834,0.003012,331.98, 438.4243
521858,2.4863,0.002965,337.30, 438.4237
521859,2.4893,0.002951,338.82, 438.4243
521860,2.4922,0.002965,337.26, 438.4237
521861,2.4951,0.002937,340.51, 438.4376
521862,2.4985,0.002988,334.73, 438.4243
521863,2.5015,0.003027,330.37, 438.4243
521864,2.5044,0.002983,335.21, 438.4240
521865,2.5073,0.003006,332.65, 438.4243
521866,2.5103,0.002946,339.47, 438.4243
521867,2.5132,0.003059,326.93, 438.4237
521868,2.5166,0.003082,324.51, 438.4240
521869,2.5195,0.003006,332.68, 438.4243
521870,2.5225,0.002959,337.94, 438.4237
521871,2.5254,0.002940,340.14, 438.4243
521872,2.5283,0.002899,344.96, 438.4243
521873,2.5313,0.003040,328.95, 438.4243
521874,2.5342,0.002974,336.28, 438.4240
521875,2.5371,0.002993,334.15, 438.4243
521876,2.5400,0.002938,340.37, 438.4237
521877,2.5435,0.003026,330.50, 438.4243
521878,2.5464,0.002997,333.66, 438.4237
521879,2.5493,0.003014,331.84, 438.4243
521880,2.5522,0.002966,337.15, 438.4237
521881,2.5552,0.003133,319.15, 438.4243
521882,2.5586,0.003061,326.67, 438.4237
521883,2.5615,0.003024,330.72, 438.4243
521884,2.5645,0.002958,338.12, 438.4237
521885,2.5674,0.003003,333.01, 438.4243
521886,2.5703,0.002963,337.48, 438.4240
521887,2.5732,0.003056,327.27, 438.4243
521888,2.5762,0.002902,344.57, 438.4386
521889,2.5796,0.003101,322.47, 438.4243
521890,2.5825,0.002963,337.55, 438.4237
521891,2.5854,0.003043,328.59, 438.4243
521892,2.5884,0.003001,333.21, 438.4237
521893,2.5913,0.003025,330.59, 438.4240
521894,2.5942,0.002900,344.80, 438.4385
521895,2.5972,0.003024,330.67, 438.4243
521896,2.6001,0.002886,346.49, 438.4240
521897,2.6035,0.003081,324.54, 438.4243
521898,2.6064,0.002942,339.94, 438.4243
521899,2.6094,0.003032,329.84, 438.4243
521900,2.6123,0.002884,346.76, 438.4243
521901,2.6152,0.002993,334.17, 438.4243
521902,2.6182,0.002955,338.41, 438.4243
521903,2.6211,0.003022,330.86, 438.4243
521904,2.6240,0.002989,334.56, 438.4243
521905,2.6274,0.003063,326.45, 438.4237
521906,2.6304,0.003274,305.42, 438.4237
521907,2.6338,0.003323,300.97, 438.4243
521908,2.6367,0.002907,343.99, 438.4243
521909,2.6396,0.003048,328.12, 438.4243
521910,2.6426,0.002948,339.25, 438.4243
521911,2.6455,0.003006,332.65, 438.4243
521912,2.6484,0.002899,345.01, 438.4243
521913,2.6519,0.003126,319.86, 438.4240
521914,2.6548,0.003235,309.08, 438.4237
521915,2.6631,0.008236,121.42, 438.4240
521916,2.6665,0.003280,304.92, 438.4244
521917,2.6694,0.003160,316.49, 438.4238
521918,2.6729,0.003416,292.77, 438.4237
521919,2.6768,0.003508,285.07, 438.4243
521920,2.6802,0.003504,285.38, 438.4237
521921,2.6831,0.003235,309.13, 438.4243
521922,2.6865,0.003046,328.34, 438.4240
521923,2.6895,0.003099,322.74, 438.4243
521924,2.6924,0.003006,332.67, 438.4243
521925,2.6953,0.002988,334.66, 438.4243
521926,2.6982,0.002949,339.11, 438.4240
521927,2.7017,0.003115,321.07, 438.4243
521928,2.7046,0.002991,334.31, 438.4237
521929,2.7075,0.003018,331.33, 438.4243
521930,2.7104,0.002974,336.21, 438.4243
521931,2.7134,0.003055,327.29, 438.4243
521932,2.7163,0.002947,339.37, 438.4243
521933,2.7197,0.003048,328.12, 438.4243
521934,2.7227,0.002971,336.64, 438.4243
521935,2.7256,0.002988,334.63, 438.4243
521936,2.7285,0.002873,348.06, 438.4240
521937,2.7314,0.002983,335.26, 438.4243
521938,2.7344,0.002911,343.51, 438.4240
521939,2.7373,0.003004,332.94, 438.4243
521940,2.7402,0.002962,337.56, 438.4240
521941,2.7432,0.002986,334.95, 438.4240
521942,2.7461,0.002859,349.75, 438.4237
521943,2.7490,0.003014,331.81, 438.4243
521944,2.7520,0.002918,342.70, 438.4240
521945,2.7549,0.003011,332.10, 438.4243
521946,2.7578,0.002870,348.48, 438.4243
521947,2.7607,0.002975,336.18, 438.4243
521948,2.7637,0.002982,335.31, 438.4243
521949,2.7671,0.003021,331.04, 438.4243
521950,2.7700,0.002918,342.72, 438.4243
521951,2.7729,0.003017,331.51, 438.4243
521952,2.7759,0.002919,342.54, 438.4240
521953,2.7788,0.002980,335.57, 438.4243
521954,2.7817,0.002915,343.08, 438.4243
521955,2.7847,0.003011,332.16, 438.4243
521956,2.7876,0.002920,342.50, 438.4243
521957,2.7905,0.002964,337.44, 438.4243
521958,2.7935,0.002953,338.66, 438.4243
521959,2.7964,0.003006,332.72, 438.4243
521960,2.7993,0.002966,337.14, 438.4243
521961,2.8022,0.002985,335.02, 438.4240
521962,2.8052,0.002957,338.19, 438.4243
521963,2.8081,0.002935,340.69, 438.4243
521964,2.8110,0.002956,338.34, 438.4243
521965,2.8145,0.002963,337.51, 438.4237
521966,2.8169,0.002912,343.42, 438.4243
521967,2.8198,0.002901,344.73, 438.4243
521968,2.8232,0.003056,327.20, 438.4243
521969,2.8262,0.003023,330.82, 438.4243
521970,2.8291,0.002954,338.52, 438.4243
521971,2.8320,0.002960,337.87, 438.4240
521972,2.8350,0.003036,329.44, 438.4243
521973,2.8379,0.002899,344.98, 438.4243
521974,2.8408,0.002995,333.87, 438.4240
521975,2.8442,0.003103,322.28, 438.4243
521976,2.8472,0.002956,338.25, 438.4243
521977,2.8501,0.002899,344.92, 438.4243
521978,2.8530,0.003037,329.32, 438.4237
521979,2.8560,0.002917,342.88, 438.4243
521980,2.8589,0.003004,332.89, 438.4243
521981,2.8618,0.002880,347.21, 438.4240
521982,2.8647,0.003011,332.12, 438.4237
521983,2.8677,0.002854,350.45, 438.4243
521984,2.8706,0.003050,327.91, 438.4237
521985,2.8735,0.002950,339.01, 438.4243
521986,2.8765,0.002971,336.64, 438.4243
521987,2.8794,0.002855,350.32, 438.4243
521988,2.8823,0.002953,338.64, 438.4237
521989,2.8853,0.002864,349.20, 438.4243
521990,2.8882,0.002978,335.81, 438.4240
521991,2.8911,0.002992,334.21, 438.4243
521992,2.8940,0.002962,337.67, 438.4243
521993,2.8970,0.002886,346.54, 438.4243
521994,2.8999,0.002957,338.19, 438.4240
521995,2.9033,0.003120,320.49, 438.4243
521996,2.9063,0.003069,325.87, 438.4240
521997,2.9092,0.002907,344.03, 438.4243
521998,2.9121,0.002975,336.12, 438.4243
521999,2.9150,0.003010,332.26, 438.4243
522000,2.9180,0.003034,329.62, 438.4240
522001,2.9209,0.002984,335.18, 438.4243
522002,2.9243,0.002952,338.79, 438.4240
522003,2.9272,0.002953,338.66, 438.4243
522004,2.9302,0.002897,345.22, 438.4243
522005,2.9331,0.003030,330.04, 438.4240
522006,2.9360,0.003294,303.56, 438.4237
522007,2.9395,0.003082,324.52, 438.4243
522008,2.9424,0.003054,327.41, 438.4237
522009,2.9453,0.002937,340.47, 438.4243
522010,2.9482,0.003018,331.37, 438.4237
522011,2.9512,0.003008,332.48, 438.4243
522012,2.9541,0.002966,337.18, 438.4243
522013,2.9570,0.002935,340.69, 438.4243
522014,2.9600,0.002925,341.85, 438.4240
522015,2.9629,0.002950,339.02, 438.4243
522016,2.9663,0.002966,337.12, 438.4243
522017,2.9692,0.003063,326.45, 438.4243
522018,2.9722,0.002918,342.75, 438.4243
522019,2.9751,0.002956,338.26, 438.4243
522020,2.9780,0.002889,346.20, 438.4240
522021,2.9810,0.003002,333.09, 438.4243
522022,2.9839,0.002907,344.03, 438.4243
522023,2.9868,0.003022,330.88, 438.4243
522024,2.9897,0.002898,345.05, 438.4237
522025,2.9927,0.003054,327.44, 438.4243
522026,2.9956,0.002918,342.76, 438.4237
522027,2.9990,0.003096,323.00, 438.4240
522028,3.0020,0.002934,340.89, 438.4243
522029,3.0049,0.003056,327.20, 438.4243
522030,3.0078,0.002967,337.07, 438.4237
522031,3.0107,0.003044,328.53, 438.4243
522032,3.0137,0.002910,343.67, 438.4243
522033,3.0166,0.003017,331.46, 438.4237
522034,3.0195,0.002855,350.32, 438.4243
522035,3.0225,0.003057,327.17, 438.4237
522036,3.0254,0.002881,347.07, 438.4243
522037,3.0283,0.003020,331.09, 438.4240
522038,3.0313,0.002894,345.51, 438.4240
522039,3.0347,0.003030,330.02, 438.4243
522040,3.0376,0.002903,344.50, 438.4243
522041,3.0405,0.002950,339.01, 438.4240
522042,3.0435,0.003158,316.65, 438.4243
522043,3.0464,0.003123,320.22, 438.4243
522044,3.0493,0.002914,343.12, 438.4243
522045,3.0527,0.003031,329.97, 438.4243
522046,3.0557,0.002955,338.39, 438.4243
522047,3.0586,0.003091,323.52, 438.4243
522048,3.0615,0.002906,344.14, 438.4243
522049,3.0645,0.002970,336.68, 438.4243
522050,3.0674,0.002922,342.28, 438.4243
522051,3.0703,0.003014,331.79, 438.4240
522052,3.0732,0.002966,337.19, 438.4243
522053,3.0762,0.003008,332.40, 438.4240
522054,3.0791,0.002894,345.53, 438.4240
522055,3.0820,0.002962,337.63, 438.4243
522056,3.0850,0.002935,340.74, 438.4237
522057,3.0884,0.003011,332.14, 438.4410
522058,3.0913,0.003045,328.39, 438.4243
522059,3.0942,0.002970,336.70, 438.4243
522060,3.0972,0.002945,339.58, 438.4240
522061,3.1001,0.002945,339.62, 438.4240
522062,3.1030,0.002988,334.72, 438.4243
522063,3.1060,0.003037,329.28, 438.4243
522064,3.1089,0.002943,339.75, 438.4243
522065,3.1118,0.002944,339.69, 438.4243
522066,3.1147,0.002952,338.81, 438.4243
522067,3.1177,0.002951,338.86, 438.4243
522068,3.1211,0.003142,318.31, 438.4240
522069,3.1240,0.003108,321.78, 438.4240
522070,3.1274,0.003041,328.88, 438.4243
522071,3.1304,0.002969,336.79, 438.4243
522072,3.1333,0.002968,336.96, 438.4243
522073,3.1362,0.002909,343.76, 438.4243
522074,3.1392,0.002966,337.18, 438.4243
522075,3.1421,0.002926,341.82, 438.4240
522076,3.1450,0.002993,334.11, 438.4237
522077,3.1479,0.002887,346.43, 438.4243
522078,3.1509,0.002975,336.18, 438.4243
522079,3.1538,0.002926,341.81, 438.4240
522080,3.1567,0.002978,335.80, 438.4243
522081,3.1597,0.002929,341.40, 438.4243
522082,3.1626,0.003007,332.58, 438.4243
522083,3.1655,0.002893,345.72, 438.4243
522084,3.1685,0.003010,332.21, 438.4243
522085,3.1714,0.002896,345.32, 438.4243
522086,3.1743,0.003008,332.46, 438.4240
522087,3.1772,0.002857,349.97, 438.4243
522088,3.1802,0.002965,337.25, 438.4240
522089,3.1831,0.002900,344.88, 438.4243
522090,3.1860,0.002979,335.66, 438.4240
522091,3.1890,0.002953,338.60, 438.4243
522092,3.1919,0.002969,336.77, 438.4243
522093,3.1948,0.002930,341.29, 438.4243
522094,3.1978,0.002948,339.27, 438.4243
522095,3.2007,0.002935,340.67, 438.4243
522096,3.2041,0.003000,333.38, 438.4240
522097,3.2070,0.002932,341.02, 438.4243
522098,3.2100,0.002911,343.57, 438.4240
522099,3.2129,0.002959,338.00, 438.4243
522100,3.2158,0.003124,320.10, 438.4237
522101,3.2188,0.003123,320.23, 438.4243
522102,3.2222,0.003097,322.88, 438.4240
522103,3.2251,0.003096,323.04, 438.4240
522104,3.2280,0.003074,325.33, 438.4240
522105,3.2314,0.003131,319.40, 438.4240
522106,3.2344,0.003208,311.70, 438.4240
522107,3.2378,0.003155,316.95, 438.4240
522108,3.2407,0.003128,319.69, 438.4243
522109,3.2437,0.003029,330.17, 438.4240
522110,3.2471,0.003117,320.80, 438.4240
522111,3.2500,0.003141,318.41, 438.4243
522112,3.2534,0.003153,317.14, 438.4237
522113,3.2563,0.003049,328.03, 438.4243
522114,3.2593,0.003165,315.96, 438.4243
522115,3.2627,0.003086,324.10, 438.4243
522116,3.2656,0.003163,316.12, 438.4240
522117,3.2690,0.003088,323.89, 438.4243
522118,3.2720,0.003376,296.21, 438.4243
522119,3.2754,0.003110,321.60, 438.4237
522120,3.2783,0.003123,320.18, 438.4240
522121,3.2817,0.003102,322.34, 438.4237
522122,3.2847,0.003143,318.15, 438.4237
522123,3.2876,0.003109,321.67, 438.4240
522124,3.2910,0.003135,318.99, 438.4243
522125,3.2939,0.003152,317.30, 438.4240
522126,3.2974,0.003174,315.03, 438.4237
522127,3.3008,0.003333,300.06, 438.4243
522128,3.3037,0.003149,317.52, 438.4240
522129,3.3066,0.003117,320.82, 438.4243
522130,3.3101,0.003145,317.95, 438.4237
522131,3.3135,0.003373,296.45, 438.4243
522132,3.3164,0.003248,307.84, 438.4237
522133,3.3198,0.003037,329.24, 438.4243
522134,3.3228,0.003027,330.38, 438.4243
522135,3.3257,0.003053,327.54, 438.4243
522136,3.3286,0.002946,339.45, 438.4243
522137,3.3315,0.003066,326.19, 438.4243
522138,3.3345,0.002954,338.52, 438.4243
522139,3.3374,0.002955,338.41, 438.4386
522140,3.3408,0.002988,334.63, 438.4240
522141,3.3438,0.002988,334.71, 438.4243
522142,3.3467,0.003019,331.27, 438.4240
522143,3.3496,0.002990,334.46, 438.4240
522144,3.3525,0.002974,336.28, 438.4243
522145,3.3555,0.003034,329.65, 438.4243
522146,3.3584,0.002994,333.97, 438.4240
522147,3.3618,0.002981,335.42, 438.4243
522148,3.3647,0.002956,338.25, 438.4243
522149,3.3677,0.003027,330.41, 438.4243
522150,3.3706,0.003139,318.61, 438.4240
522151,3.3740,0.003060,326.77, 438.4243
522152,3.3770,0.003015,331.70, 438.4243
522153,3.3799,0.002921,342.38, 438.4243
522154,3.3828,0.003043,328.64, 438.4240
522155,3.3857,0.003083,324.38, 438.4237
522156,3.3892,0.003094,323.21, 438.4243
522157,3.3921,0.003005,332.78, 438.4243
522158,3.3950,0.002976,336.06, 438.4240
522159,3.3979,0.002982,335.38, 438.4243
522160,3.4009,0.002997,333.66, 438.4243
522161,3.4038,0.003000,333.38, 438.4243
522162,3.4067,0.002991,334.31, 438.4243
522163,3.4097,0.002948,339.19, 438.4243
522164,3.4131,0.003089,323.77, 438.4243
522165,3.4160,0.002925,341.93, 438.4243
522166,3.4189,0.002961,337.75, 438.4243
522167,3.4219,0.002973,336.42, 438.4243
522168,3.4248,0.003028,330.21, 438.4240
522169,3.4277,0.002946,339.50, 438.4240
522170,3.4307,0.003001,333.19, 438.4243
522171,3.4336,0.003054,327.40, 438.4243
522172,3.4370,0.003139,318.60, 438.4243
522173,3.4399,0.002975,336.19, 438.4243
522174,3.4429,0.003016,331.54, 438.4240
522175,3.4458,0.003040,328.94, 438.4243
522176,3.4492,0.003057,327.15, 438.4243
522177,3.4521,0.002970,336.76, 438.4243
522178,3.4551,0.002994,333.97, 438.4243
522179,3.4580,0.002977,335.91, 438.4237
522180,3.4609,0.002980,335.54, 438.4243
522181,3.4639,0.003009,332.29, 438.4237
522182,3.4668,0.003021,330.97, 438.4243
522183,3.4697,0.002933,340.94, 438.4243
522184,3.4731,0.003055,327.30, 438.4243
522185,3.4761,0.002944,339.67, 438.4243
522186,3.4790,0.002959,337.91, 438.4243
522187,3.4819,0.002916,342.94, 438.4243
522188,3.4849,0.002962,337.64, 438.4243
522189,3.4878,0.002879,347.39, 438.4243
522190,3.4907,0.003021,331.02, 438.4243
522191,3.4937,0.002925,341.92, 438.4243
522192,3.4966,0.002994,334.02, 438.4243
522193,3.4995,0.002893,345.71, 438.4243
522194,3.5024,0.003041,328.86, 438.4237
522195,3.5054,0.002926,341.81, 438.4243
522196,3.5083,0.002987,334.78, 438.4243
522197,3.5112,0.002978,335.75, 438.4243
522198,3.5142,0.002989,334.53, 438.4243
522199,3.5176,0.002964,337.42, 438.4243
522200,3.5205,0.002981,335.44, 438.4237
522201,3.5234,0.002922,342.25, 438.4243
522202,3.5264,0.002966,337.12, 438.4240
522203,3.5293,0.002895,345.38, 438.4237
522204,3.5322,0.002970,336.71, 438.4243
522205,3.5352,0.002884,346.80, 438.4243
522206,3.5381,0.003030,330.00, 438.4240
522207,3.5410,0.003108,321.79, 438.4261
522208,3.5439,0.002958,338.10, 438.4243
522209,3.5469,0.002985,335.04, 438.4243
522210,3.5498,0.002976,336.07, 438.4237
522211,3.5532,0.002982,335.38, 438.4243
522212,3.5562,0.003299,303.14, 438.4243
522213,3.5596,0.003115,320.99, 438.4243
522214,3.5625,0.003022,330.90, 438.4237
522215,3.5654,0.002970,336.67, 438.4243
522216,3.5684,0.002973,336.38, 438.4240
522217,3.5713,0.003027,330.32, 438.4243
522218,3.5742,0.002990,334.50, 438.4243
522219,3.5776,0.003008,332.48, 438.4243
522220,3.5806,0.002950,338.99, 438.4243
522221,3.5835,0.002984,335.12, 438.4243
522222,3.5864,0.002932,341.04, 438.4237
522223,3.5894,0.002976,336.01, 438.4261
522224,3.5923,0.002983,335.26, 438.4240
522225,3.5952,0.003026,330.45, 438.4243
522226,3.5981,0.002906,344.08, 438.4243
522227,3.6011,0.002972,336.52, 438.4243
522228,3.6040,0.002957,338.18, 438.4243
522229,3.6069,0.002994,333.98, 438.4243
522230,3.6099,0.002921,342.38, 438.4237
522231,3.6133,0.003068,325.95, 438.4243
522232,3.6162,0.003060,326.79, 438.4243
522233,3.6191,0.003018,331.38, 438.4240
522234,3.6221,0.002978,335.85, 438.4240
522235,3.6250,0.003055,327.30, 438.4243
522236,3.6284,0.003053,327.53, 438.4243
522237,3.6313,0.003054,327.46, 438.4243
522238,3.6343,0.003001,333.23, 438.4240
522239,3.6372,0.003094,323.20, 438.4243
522240,3.6401,0.002980,335.58, 438.4237
522241,3.6436,0.003006,332.71, 438.4243
522242,3.6465,0.002884,346.69, 438.4301
522243,3.6494,0.002969,336.80, 438.4243
522244,3.6523,0.003042,328.77, 438.4237
522245,3.6553,0.003055,327.38, 438.4237
522246,3.6582,0.002912,343.41, 438.4240
522247,3.6611,0.003029,330.13, 438.4243
522248,3.6641,0.002938,340.38, 438.4240
522249,3.6680,0.003539,282.60, 438.4240
522250,3.6709,0.003341,299.36, 438.4243
522251,3.6743,0.003141,318.39, 438.4243
522252,3.6777,0.003453,289.65, 438.4237
522253,3.6812,0.003525,283.73, 438.4366
522254,3.6846,0.003546,282.01, 438.4238
522255,3.6880,0.003283,304.63, 438.4243
522256,3.6914,0.003212,311.35, 438.4243
522257,3.6943,0.003003,333.00, 438.4243
522258,3.6973,0.003078,324.92, 438.4237
522259,3.7002,0.002942,339.96, 438.4243
522260,3.7036,0.003126,319.86, 438.4237
522261,3.7065,0.002959,337.93, 438.4243
522262,3.7095,0.003037,329.29, 438.4240
522263,3.7124,0.002983,335.23, 438.4243
522264,3.7153,0.003067,326.07, 438.4243
522265,3.7183,0.002885,346.58, 438.4243
522266,3.7212,0.003021,331.07, 438.4240
522267,3.7241,0.002904,344.40, 438.4243
522268,3.7271,0.002980,335.56, 438.4237
522269,3.7300,0.002894,345.52, 438.4243
522270,3.7334,0.003049,328.00, 438.4237
522271,3.7358,0.002876,347.75, 438.4243
522272,3.7393,0.002975,336.12, 438.4240
522273,3.7422,0.002943,339.80, 438.4243
522274,3.7451,0.003165,315.95, 438.4243
522275,3.7480,0.003122,320.32, 438.4237
522276,3.7515,0.003038,329.19, 438.4237
522277,3.7544,0.002968,336.97, 438.4243
522278,3.7573,0.003018,331.35, 438.4237
522279,3.7603,0.002975,336.09, 438.4243
522280,3.7632,0.003132,319.28, 438.4237
522281,3.7666,0.003002,333.11, 438.4252
522282,3.7695,0.003006,332.65, 438.4237
522283,3.7725,0.003045,328.46, 438.4243
522284,3.7754,0.003067,326.03, 438.4237
522285,3.7783,0.002935,340.72, 438.4243
522286,3.7813,0.002997,333.69, 438.4237
522287,3.7842,0.002950,339.02, 438.4243
522288,3.7876,0.003030,329.99, 438.4237
522289,3.7905,0.002972,336.51, 438.4243
522290,3.7935,0.003013,331.93, 438.4240
522291,3.7964,0.002914,343.17, 438.4243
522292,3.7993,0.002967,337.09, 438.4237
522293,3.8022,0.003012,332.02, 438.4243
522294,3.8052,0.003016,331.60, 438.4237
522295,3.8081,0.002972,336.45, 438.4243
522296,3.8110,0.002972,336.52, 438.4301
522297,3.8145,0.002970,336.68, 438.4243
522298,3.8174,0.002948,339.17, 438.4237
522299,3.8203,0.002982,335.40, 438.4291
522300,3.8232,0.002951,338.85, 438.4261
522301,3.8262,0.002939,340.22, 438.4243
522302,3.8291,0.002909,343.77, 438.4243
522303,3.8320,0.002979,335.69, 438.4243
522304,3.8350,0.002994,334.01, 438.4243
522305,3.8379,0.003032,329.77, 438.4243
522306,3.8408,0.002969,336.78, 438.4237
522307,3.8438,0.002990,334.45, 438.4243
522308,3.8467,0.002914,343.21, 438.4243
522309,3.8501,0.003025,330.56, 438.4243
522310,3.8530,0.002992,334.28, 438.4237
522311,3.8560,0.003020,331.16, 438.4243
522312,3.8589,0.002913,343.34, 438.4237
522313,3.8618,0.003013,331.86, 438.4243
522314,3.8647,0.002916,342.98, 438.4261
522315,3.8677,0.002991,334.36, 438.4243
522316,3.8706,0.002927,341.60, 438.4243
522317,3.8735,0.003062,326.63, 438.4237
522318,3.8765,0.002929,341.47, 438.4243
522319,3.8799,0.003046,328.28, 438.4237
522320,3.8828,0.002901,344.66, 438.4237
522321,3.8857,0.003089,323.69, 438.4237
522322,3.8887,0.002921,342.35, 438.4243
522323,3.8916,0.003009,332.38, 438.4240
522324,3.8945,0.002907,343.95, 438.4243
522325,3.8975,0.002972,336.45, 438.4243
522326,3.9004,0.002947,339.32, 438.4240
522327,3.9033,0.003069,325.83, 438.4243
522328,3.9063,0.002910,343.64, 438.4243
522329,3.9092,0.003028,330.26, 438.4243
522330,3.9126,0.002950,338.99, 438.4243
522331,3.9155,0.002981,335.46, 438.4243
522332,3.9185,0.003017,331.46, 438.4240
522333,3.9214,0.003029,330.17, 438.4240
522334,3.9243,0.002991,334.29, 438.4243
522335,3.9272,0.002990,334.45, 438.4243
522336,3.9302,0.002928,341.55, 438.4240
522337,3.9336,0.003284,304.53, 438.4240
522338,3.9365,0.003137,318.76, 438.4243
522339,3.9399,0.003078,324.91, 438.4237
522340,3.9429,0.002977,335.90, 438.4240
522341,3.9458,0.003025,330.59, 438.4240
522342,3.9492,0.003196,312.85, 438.4237
522343,3.9521,0.003387,295.29, 438.4237
522344,3.9556,0.003046,328.27, 438.4243
522345,3.9585,0.003067,326.04, 438.4240
522346,3.9614,0.002938,340.43, 438.4243
522347,3.9644,0.003110,321.55, 438.4243
522348,3.9673,0.002941,340.00, 438.4243
522349,3.9707,0.003050,327.89, 438.4240
522350,3.9736,0.002964,337.43, 438.4243
522351,3.9766,0.003001,333.28, 438.4243
522352,3.9795,0.002880,347.25, 438.4243
522353,3.9824,0.003039,329.02, 438.4243
522354,3.9854,0.002917,342.84, 438.4240
522355,3.9883,0.003041,328.87, 438.4243
522356,3.9912,0.002940,340.11, 438.4243
522357,3.9941,0.003046,328.33, 438.4243
522358,3.9976,0.002973,336.38, 438.4240
522359,4.0005,0.003005,332.78, 438.4243
522360,4.0034,0.002922,342.18, 438.4243
522361,4.0063,0.002959,338.01, 438.4243
522362,4.0093,0.002979,335.74, 438.4243
522363,4.0122,0.003037,329.30, 438.4237
522364,4.0151,0.002935,340.76, 438.4243
522365,4.0181,0.002999,333.41, 438.4237
522366,4.0210,0.002992,334.18, 438.4243
522367,4.0244,0.003008,332.46, 438.4243
522368,4.0273,0.002958,338.09, 438.4243
522369,4.0303,0.003005,332.76, 438.4237
522370,4.0332,0.002983,335.23, 438.4240
522371,4.0361,0.002958,338.08, 438.4240
522372,4.0391,0.002973,336.38, 438.4240
522373,4.0420,0.003035,329.54, 438.4237
522374,4.0449,0.002943,339.75, 438.4243
522375,4.0479,0.002918,342.68, 438.4243
522376,4.0508,0.002976,336.07, 438.4243
522377,4.0537,0.002956,338.27, 438.4243
522378,4.0571,0.003045,328.40, 438.4243
522379,4.0601,0.002944,339.70, 438.4240
522380,4.0630,0.002980,335.57, 438.4243
522381,4.0659,0.002913,343.32, 438.4240
522382,4.0688,0.002975,336.10, 438.4243
522383,4.0718,0.002930,341.33, 438.4243
522384,4.0747,0.003093,323.31, 438.4243
522385,4.0776,0.002978,335.81, 438.4240
522386,4.0806,0.003003,333.01, 438.4237
522387,4.0835,0.002943,339.79, 438.4243
522388,4.0869,0.003002,333.17, 438.4243
522389,4.0898,0.003052,327.68, 438.4243
522390,4.0928,0.003069,325.85, 438.4240
522391,4.0957,0.002926,341.75, 438.4243
522392,4.0986,0.003092,323.40, 438.4243
522393,4.1016,0.002966,337.13, 438.4240
522394,4.1050,0.003113,321.21, 438.4240
522395,4.1079,0.002949,339.16, 438.4237
522396,4.1108,0.002995,333.86, 438.4243
522397,4.1138,0.002910,343.60, 438.4237
522398,4.1167,0.003042,328.74, 438.4237
522399,4.1196,0.002890,346.06, 438.4243
522400,4.1226,0.003057,327.15, 438.4240
522401,4.1255,0.002944,339.69, 438.4243
522402,4.1289,0.003031,329.92, 438.4237
522403,4.1318,0.002957,338.18, 438.4243
522404,4.1348,0.003057,327.11, 438.4243
522405,4.1377,0.002992,334.20, 438.4243
522406,4.1406,0.003062,326.54, 438.4240
522407,4.1436,0.002951,338.91, 438.4243
522408,4.1470,0.003010,332.18, 438.4237
522409,4.1494,0.002903,344.51, 438.4243
522410,4.1528,0.003059,326.89, 438.4243
522411,4.1558,0.002892,345.73, 438.4243
522412,4.1587,0.002971,336.62, 438.4243
522413,4.1616,0.002909,343.77, 438.4243
522414,4.1646,0.003064,326.41, 438.4243
522415,4.1675,0.002985,335.01, 438.4243
522416,4.1704,0.003014,331.82, 438.4240
522417,4.1733,0.002946,339.45, 438.4243
522418,4.1763,0.002974,336.29, 438.4243
522419,4.1792,0.002929,341.40, 438.4243
522420,4.1821,0.002970,336.69, 438.4240
522421,4.1851,0.002914,343.12, 438.4243
522422,4.1880,0.002924,341.95, 438.4425
522423,4.1914,0.003033,329.74, 438.4243
522424,4.1943,0.003052,327.69, 438.4240
522425,4.1973,0.002934,340.83, 438.4243
522426,4.2002,0.002980,335.62, 438.4240
522427,4.2031,0.003032,329.82, 438.4243
522428,4.2061,0.002962,337.67, 438.4243
522429,4.2095,0.003085,324.12, 438.4243
522430,4.2124,0.003000,333.39, 438.4243
522431,4.2153,0.003011,332.07, 438.4243
522432,4.2183,0.002977,335.90, 438.4240
522433,4.2212,0.002988,334.65, 438.4243
522434,4.2241,0.003003,333.00, 438.4240
522435,4.2271,0.002963,337.51, 438.4261
522436,4.2300,0.002934,340.80, 438.4240
522437,4.2334,0.003089,323.71, 438.4243
522438,4.2363,0.002947,339.36, 438.4240
522439,4.2393,0.003043,328.59, 438.4266
522440,4.2422,0.002951,338.82, 438.4237
522441,4.2451,0.002986,334.86, 438.4243
522442,4.2480,0.002957,338.18, 438.4237
522443,4.2510,0.002996,333.78, 438.4243
522444,4.2544,0.003187,313.79, 438.4240
522445,4.2573,0.003069,325.84, 438.4243
522446,4.2603,0.002978,335.82, 438.4240
522447,4.2632,0.003001,333.19, 438.4243
522448,4.2661,0.002910,343.67, 438.4243
522449,4.2695,0.003086,324.04, 438.4243
522450,4.2725,0.003008,332.45, 438.4237
522451,4.2754,0.003053,327.53, 438.4243
522452,4.2783,0.002958,338.09, 438.4237
522453,4.2813,0.003034,329.55, 438.4243
522454,4.2842,0.002974,336.22, 438.4240
522455,4.2876,0.003031,329.90, 438.4243
522456,4.2905,0.002901,344.74, 438.4243
522457,4.2935,0.003049,328.00, 438.4243
522458,4.2964,0.002964,337.42, 438.4237
522459,4.2993,0.003027,330.34, 438.4240
522460,4.3022,0.002935,340.76, 438.4240
522461,4.3052,0.003016,331.57, 438.4243
522462,4.3081,0.002887,346.40, 438.4331
522463,4.3110,0.003036,329.34, 438.4237
522464,4.3140,0.002923,342.09, 438.4243
522465,4.3174,0.003023,330.76, 438.4237
522466,4.3203,0.002903,344.46, 438.4243
522467,4.3232,0.003044,328.50, 438.4237
522468,4.3262,0.002915,343.01, 438.4243
522469,4.3291,0.003042,328.72, 438.4243
522470,4.3320,0.002913,343.31, 438.4243
522471,4.3350,0.002996,333.76, 438.4243
522472,4.3379,0.002882,347.04, 438.4243
522473,4.3408,0.003036,329.39, 438.4240
522474,4.3438,0.003002,333.07, 438.4243
522475,4.3472,0.003086,324.09, 438.4243
522476,4.3501,0.003039,329.08, 438.4243
522477,4.3530,0.003060,326.75, 438.4240
522478,4.3560,0.002954,338.52, 438.4243
522479,4.3589,0.003014,331.80, 438.4243
522480,4.3618,0.002896,345.32, 438.4243
522481,4.3647,0.002966,337.15, 438.4243
522482,4.3677,0.002893,345.72, 438.4237
522483,4.3706,0.002975,336.13, 438.4243
522484,4.3740,0.002987,334.81, 438.4237
522485,4.3770,0.002946,339.42, 438.4243
522486,4.3799,0.002918,342.65, 438.4240
522487,4.3828,0.002955,338.41, 438.4243
522488,4.3857,0.002927,341.71, 438.4243
522489,4.3887,0.002976,336.04, 438.4243
522490,4.3916,0.002995,333.87, 438.4243
522491,4.3945,0.002959,337.96, 438.4243
522492,4.3975,0.002927,341.68, 438.4243
522493,4.4004,0.002904,344.41, 438.4243
522494,4.4033,0.002981,335.51, 438.4240
522495,4.4063,0.003003,332.98, 438.4261
522496,4.4092,0.003015,331.70, 438.4243
522497,4.4121,0.002939,340.26, 438.4243
522498,4.4150,0.002941,340.02, 438.4240
522499,4.4180,0.002920,342.52, 438.4243
522500,4.4209,0.002995,333.91, 438.4240
522501,4.4238,0.002927,341.64, 438.4243
522502,4.4268,0.002944,339.65, 438.4243
522503,4.4297,0.002876,347.74, 438.4240
522504,4.4326,0.002994,333.98, 438.4243
522505,4.4355,0.002938,340.41, 438.4243
522506,4.4390,0.003047,328.18, 438.4237
522507,4.4419,0.002934,340.88, 438.4243
522508,4.4448,0.003000,333.33, 438.4243
522509,4.4478,0.002850,350.90, 438.4243
522510,4.4507,0.003040,328.93, 438.4237
522511,4.4536,0.002900,344.84, 438.4243
522512,4.4565,0.002965,337.28, 438.4243
522513,4.4595,0.002875,347.89, 438.4243
522514,4.4624,0.002984,335.09, 438.4243
522515,4.4653,0.002888,346.26, 438.4243
522516,4.4683,0.003019,331.20, 438.4237
522517,4.4712,0.002919,342.61, 438.4243
522518,4.4741,0.003082,324.43, 438.4243
522519,4.4771,0.002919,342.58, 438.4243
522520,4.4800,0.002958,338.02, 438.4237
522521,4.4829,0.002947,339.36, 438.4243
522522,4.4858,0.002983,335.22, 438.4237
522523,4.4888,0.002922,342.28, 438.4243
522524,4.4922,0.002957,338.20, 438.4237
522525,4.4951,0.002978,335.82, 438.4243
522526,4.4980,0.002921,342.30, 438.4237
522527,4.5010,0.002923,342.15, 438.4243
522528,4.5039,0.002917,342.78, 438.4240
522529,4.5068,0.002946,339.47, 438.4243
522530,4.5098,0.002914,343.15, 438.4240
522531,4.5127,0.002940,340.19, 438.4243
522532,4.5156,0.002917,342.79, 438.4243
522533,4.5186,0.002953,338.64, 438.4243
522534,4.5215,0.002891,345.88, 438.4243
522535,4.5244,0.003021,331.01, 438.4243
522536,4.5273,0.002893,345.71, 438.4243
522537,4.5303,0.003080,324.65, 438.4240
522538,4.5332,0.003025,330.62, 438.4237
522539,4.5361,0.003028,330.27, 438.4240
522540,4.5391,0.002934,340.81, 438.4243
522541,4.5425,0.003027,330.40, 438.4243
522542,4.5449,0.002910,343.61, 438.4237
522543,4.5483,0.002962,337.66, 438.4240
522544,4.5508,0.002864,349.22, 438.4243
522545,4.5542,0.003122,320.30, 438.4243
522546,4.5571,0.002981,335.51, 438.4240
522547,4.5601,0.003030,330.00, 438.4243
522548,4.5630,0.002890,345.98, 438.4243
522549,4.5659,0.002977,335.90, 438.4240
522550,4.5688,0.002902,344.64, 438.4243
522551,4.5718,0.003026,330.46, 438.4243
522552,4.5747,0.002883,346.90, 438.4243
522553,4.5776,0.002954,338.48, 438.4240
522554,4.5806,0.002914,343.15, 438.4243
522555,4.5835,0.002997,333.72, 438.4243
522556,4.5864,0.002881,347.09, 438.4243
522557,4.5894,0.002922,342.24, 438.4243
522558,4.5923,0.002972,336.47, 438.4243
522559,4.5957,0.003029,330.12, 438.4243
522560,4.5986,0.002959,337.99, 438.4243
522561,4.6016,0.002969,336.77, 438.4243
522562,4.6045,0.003091,323.51, 438.4240
522563,4.6074,0.003081,324.62, 438.4243
522564,4.6108,0.003075,325.19, 438.4243
522565,4.6138,0.003015,331.68, 438.4237
522566,4.6167,0.002976,335.98, 438.4240
522567,4.6196,0.002982,335.40, 438.4243
522568,4.6226,0.003100,322.59, 438.4243
522569,4.6260,0.003019,331.24, 438.4243
522570,4.6289,0.003025,330.53, 438.4237
522571,4.6318,0.002990,334.40, 438.4243
522572,4.6348,0.002937,340.44, 438.4243
522573,4.6377,0.002942,339.94, 438.4243
522574,4.6406,0.002986,334.91, 438.4243
522575,4.6436,0.003016,331.52, 438.4243
522576,4.6465,0.002970,336.70, 438.4243
522577,4.6494,0.002908,343.93, 438.4243
522578,4.6523,0.002966,337.13, 438.4243
522579,4.6553,0.002969,336.81, 438.4237
522580,4.6582,0.002977,335.86, 438.4245
522581,4.6611,0.002925,341.88, 438.4243
522582,4.6646,0.003096,322.98, 438.4240
522583,4.6675,0.002971,336.54, 438.4243
522584,4.6704,0.003123,320.24, 438.4243
522585,4.6738,0.003473,287.94, 438.4237
522586,4.6772,0.003296,303.43, 438.4244
522587,4.6802,0.003052,327.71, 438.4243
522588,4.6836,0.003243,308.40, 438.4237
522589,4.6870,0.003187,313.78, 438.4237
522590,4.6899,0.003395,294.59, 438.4237
522591,4.6938,0.003557,281.15, 438.4243
522592,4.6973,0.003417,292.65, 438.4237
522593,4.7002,0.003199,312.56, 438.4240
522594,4.7031,0.002999,333.48, 438.4240
522595,4.7065,0.003137,318.77, 438.4237
522596,4.7095,0.002959,337.91, 438.4243
522597,4.7124,0.003067,326.08, 438.4243
522598,4.7153,0.002883,346.86, 438.4237
522599,4.7183,0.003004,332.92, 438.4243
522600,4.7212,0.002910,343.65, 438.4240
522601,4.7241,0.003034,329.62, 438.4243
522602,4.7271,0.002876,347.74, 438.4243
522603,4.7300,0.002963,337.54, 438.4243
522604,4.7329,0.002911,343.50, 438.4243
522605,4.7363,0.003032,329.82, 438.4243
522606,4.7393,0.002893,345.72, 438.4243
522607,4.7422,0.002978,335.85, 438.4243
522608,4.7451,0.002883,346.84, 438.4243
522609,4.7480,0.002979,335.69, 438.4243
522610,4.7510,0.002958,338.04, 438.4240
522611,4.7539,0.003128,319.71, 438.4243
522612,4.7568,0.003072,325.51, 438.4243
522613,4.7603,0.003399,294.20, 438.4243
522614,4.7637,0.003114,321.16, 438.4237
522615,4.7666,0.003082,324.42, 438.4243
522616,4.7695,0.002941,340.03, 438.4240
522617,4.7725,0.003116,320.92, 438.4243
522618,4.7759,0.003023,330.76, 438.4240
522619,4.7788,0.003076,325.13, 438.4240
522620,4.7817,0.003035,329.53, 438.4243
522621,4.7852,0.003126,319.95, 438.4243
522622,4.7881,0.002943,339.81, 438.4243
522623,4.7910,0.003107,321.90, 438.4243
522624,4.7939,0.002994,334.06, 438.4243
522625,4.7969,0.003037,329.26, 438.4243
522626,4.7998,0.002939,340.22, 438.4243
522627,4.8032,0.003052,327.65, 438.4237
522628,4.8062,0.002918,342.70, 438.4243
522629,4.8091,0.003043,328.60, 438.4243
522630,4.8120,0.002937,340.50, 438.4243
522631,4.8149,0.003123,320.25, 438.4243
522632,4.8179,0.002950,338.99, 438.4240
522633,4.8208,0.003034,329.58, 438.4243
522634,4.8242,0.002988,334.72, 438.4243
522635,4.8271,0.003011,332.13, 438.4243
522636,4.8301,0.002966,337.18, 438.4245
522637,4.8330,0.003062,326.55, 438.4243
522638,4.8359,0.002926,341.75, 438.4243
522639,4.8389,0.003019,331.26, 438.4243
522640,4.8418,0.002972,336.51, 438.4243
522641,4.8452,0.003059,326.90, 438.4240
522642,4.8481,0.002930,341.25, 438.4243
522643,4.8511,0.003018,331.32, 438.4243
522644,4.8540,0.002973,336.39, 438.4237
522645,4.8569,0.003009,332.36, 438.4243
522646,4.8599,0.002988,334.66, 438.4240
522647,4.8628,0.003106,321.99, 438.4243
522648,4.8662,0.002936,340.63, 438.4237
522649,4.8691,0.003085,324.15, 438.4243
522650,4.8721,0.003010,332.26, 438.4237
522651,4.8750,0.002974,336.20, 438.4243
522652,4.8779,0.002954,338.49, 438.4240
522653,4.8809,0.003016,331.58, 438.4237
522654,4.8838,0.002984,335.10, 438.4243
522655,4.8867,0.002950,339.04, 438.4318
522656,4.8901,0.002995,333.89, 438.4240
522657,4.8931,0.003019,331.25, 438.4243
522658,4.8960,0.002947,339.35, 438.4237
522659,4.8989,0.002957,338.24, 438.4243
522660,4.9019,0.002996,333.81, 438.4237
522661,4.9048,0.002995,333.85, 438.4240
522662,4.9077,0.002975,336.12, 438.4237
522663,4.9106,0.002985,335.01, 438.4240
522664,4.9136,0.002994,334.03, 438.4237
522665,4.9165,0.002940,340.10, 438.4243
522666,4.9199,0.003064,326.42, 438.4240
522667,4.9229,0.002989,334.54, 438.4243
522668,4.9258,0.003023,330.81, 438.4237
522669,4.9287,0.002980,335.62, 438.4243
522670,4.9316,0.003005,332.83, 438.4243
522671,4.9346,0.002933,340.98, 438.4243
522672,4.9380,0.003088,323.88, 438.4237
522673,4.9409,0.003003,333.03, 438.4243
522674,4.9438,0.003019,331.21, 438.4237
522675,4.9468,0.002904,344.36, 438.4243
522676,4.9497,0.002978,335.77, 438.4240
522677,4.9531,0.003199,312.63, 438.4243
522678,4.9565,0.003392,294.81, 438.4237
522679,4.9595,0.003171,315.33, 438.4243
522680,4.9624,0.003061,326.71, 438.4243
522681,4.9653,0.002968,336.98, 438.4243
522682,4.9683,0.002963,337.50, 438.4243
522683,4.9717,0.002994,333.96, 438.4237
522684,4.9746,0.003027,330.35, 438.4243
522685,4.9775,0.002942,339.88, 438.4243
522686,4.9805,0.002969,336.81, 438.4240
522687,4.9834,0.003033,329.72, 438.4237
522688,4.9863,0.003014,331.77, 438.4243
522689,4.9893,0.003004,332.93, 438.4237
522690,4.9927,0.003033,329.72, 438.4237
522691,4.9956,0.002966,337.19, 438.4240
522692,4.9985,0.002986,334.86, 438.4243
522693,5.0015,0.002978,335.77, 438.4243
522694,5.0044,0.003102,322.38, 438.4243
522695,5.0073,0.002950,339.02, 438.4243
522696,5.0103,0.003001,333.21, 438.4240
522697,5.0137,0.003001,333.24, 438.4243
522698,5.0166,0.003032,329.84, 438.4243
522699,5.0195,0.002968,336.98, 438.4243
522700,5.0225,0.003027,330.32, 438.4240
522701,5.0254,0.002951,338.85, 438.4243
522702,5.0283,0.002989,334.55, 438.4243
522703,5.0313,0.002937,340.48, 438.4243
522704,5.0347,0.003050,327.90, 438.4243
522705,5.0376,0.002974,336.27, 438.4243
522706,5.0405,0.003045,328.41, 438.4237
522707,5.0435,0.002935,340.67, 438.4243
522708,5.0464,0.003019,331.21, 438.4240
522709,5.0493,0.003042,328.79, 438.4243
522710,5.0527,0.003101,322.51, 438.4243
522711,5.0557,0.002938,340.37, 438.4243
522712,5.0586,0.003001,333.22, 438.4243
522713,5.0615,0.003079,324.75, 438.4243
522714,5.0649,0.003160,316.49, 438.4240
522715,5.0679,0.002901,344.71, 438.4243
522716,5.0708,0.003027,330.36, 438.4243
522717,5.0737,0.002936,340.63, 438.4243
522718,5.0767,0.002995,333.95, 438.4243
522719,5.0796,0.002909,343.82, 438.4243
522720,5.0825,0.003003,333.01, 438.4243
522721,5.0854,0.003013,331.85, 438.4243
522722,5.0884,0.003004,332.93, 438.4243
522723,5.0913,0.002945,339.55, 438.4243
522724,5.0947,0.003094,323.21, 438.4243
522725,5.0977,0.002947,339.29, 438.4243
522726,5.1006,0.003048,328.12, 438.4237
522727,5.1035,0.002938,340.32, 438.4243
522728,5.1064,0.003021,331.02, 438.4240
522729,5.1094,0.002975,336.16, 438.4243
522730,5.1123,0.002999,333.48, 438.4240
522731,5.1152,0.002903,344.44, 438.4243
522732,5.1182,0.002969,336.79, 438.4243
522733,5.1211,0.002917,342.81, 438.4243
522734,5.1245,0.003032,329.83, 438.4243
522735,5.1274,0.002962,337.62, 438.4243
522736,5.1304,0.002983,335.28, 438.4243
522737,5.1333,0.002976,335.99, 438.4240
522738,5.1362,0.002949,339.16, 438.4410
522739,5.1392,0.003057,327.08, 438.4243
522740,5.1421,0.002995,333.85, 438.4237
522741,5.1450,0.002985,335.04, 438.4243
522742,5.1479,0.002935,340.70, 438.4237
522743,5.1509,0.002960,337.89, 438.4243
522744,5.1543,0.002996,333.74, 438.4237
522745,5.1572,0.003035,329.53, 438.4243
522746,5.1602,0.002991,334.36, 438.4237
522747,5.1631,0.002958,338.10, 438.4243
522748,5.1660,0.003073,325.37, 438.4237
522749,5.1689,0.002961,337.74, 438.4243
522750,5.1719,0.002983,335.26, 438.4240
522751,5.1753,0.002998,333.57, 438.4243
522752,5.1782,0.003022,330.94, 438.4240
522753,5.1812,0.002986,334.91, 438.4243
522754,5.1841,0.002962,337.61, 438.4243
522755,5.1870,0.002972,336.47, 438.4240
522756,5.1899,0.002941,340.04, 438.4237
522757,5.1929,0.003040,328.94, 438.4243
522758,5.1958,0.002918,342.72, 438.4237
522759,5.1987,0.002999,333.40, 438.4243
522760,5.2021,0.003000,333.29, 438.4237
522761,5.2056,0.003541,282.43, 438.4240
522762,5.2085,0.003117,320.80, 438.4237
522763,5.2114,0.003000,333.33, 438.4243
522764,5.2144,0.002988,334.69, 438.4243
522765,5.2178,0.002963,337.51, 438.4243
522766,5.2207,0.002937,340.54, 438.4243
522767,5.2236,0.002964,337.35, 438.4243
522768,5.2261,0.002866,348.89, 438.4286
522769,5.2295,0.002966,337.13, 438.4243
522770,5.2324,0.002928,341.51, 438.4243
522771,5.2354,0.002983,335.20, 438.4243
522772,5.2383,0.002913,343.35, 438.4237
522773,5.2412,0.003039,329.03, 438.4243
522774,5.2441,0.002949,339.11, 438.4243
522775,5.2471,0.002985,335.03, 438.4243
522776,5.2500,0.002850,350.88, 438.4240
522777,5.2529,0.003013,331.92, 438.4243
522778,5.2559,0.002862,349.42, 438.4240
522779,5.2588,0.003004,332.89, 438.4243
522780,5.2617,0.002895,345.40, 438.4243
522781,5.2646,0.002986,334.94, 438.4240
522782,5.2676,0.002912,343.43, 438.4237
522783,5.2705,0.003003,332.98, 438.4243
522784,5.2734,0.003035,329.48, 438.4240
522785,5.2769,0.003062,326.59, 438.4243
522786,5.2798,0.002897,345.21, 438.4237
522787,5.2827,0.003019,331.22, 438.4243
522788,5.2856,0.002893,345.61, 438.4243
522789,5.2886,0.002966,337.11, 438.4243
522790,5.2915,0.002921,342.34, 438.4243
522791,5.2944,0.002959,337.93, 438.4243
522792,5.2974,0.002909,343.76, 438.4243
522793,5.3003,0.002954,338.51, 438.4240
522794,5.3032,0.002952,338.78, 438.4240
522795,5.3062,0.002927,341.65, 438.4243
522796,5.3091,0.002953,338.66, 438.4243
522797,5.3120,0.002963,337.50, 438.4243
522798,5.3149,0.002920,342.52, 438.4243
522799,5.3179,0.003008,332.45, 438.4243
522800,5.3208,0.002963,337.47, 438.4243
522801,5.3237,0.002948,339.19, 438.4237
522802,5.3267,0.002919,342.57, 438.4243
522803,5.3296,0.002915,343.05, 438.4237
522804,5.3325,0.002986,334.92, 438.4243
522805,5.3354,0.002936,340.55, 438.4243
522806,5.3384,0.002956,338.30, 438.4240
522807,5.3413,0.002920,342.43, 438.4243
522808,5.3442,0.002964,337.39, 438.4240
522809,5.3477,0.003005,332.80, 438.4243
522810,5.3506,0.003052,327.63, 438.4243
522811,5.3535,0.002908,343.94, 438.4240
522812,5.3564,0.003006,332.70, 438.4240
522813,5.3594,0.002978,335.75, 438.4243
522814,5.3623,0.003034,329.59, 438.4237
522815,5.3652,0.002984,335.11, 438.4243
522816,5.3682,0.002960,337.82, 438.4243
522817,5.3711,0.002906,344.17, 438.4243
522818,5.3745,0.002992,334.27, 438.4240
522819,5.3770,0.002901,344.71, 438.4243
522820,5.3804,0.002954,338.50, 438.4243
522821,5.3828,0.002902,344.64, 438.4243
522822,5.3857,0.002951,338.86, 438.4237
522823,5.3887,0.002901,344.69, 438.4243
522824,5.3921,0.003002,333.11, 438.4237
522825,5.3950,0.002911,343.58, 438.4243
522826,5.3979,0.002932,341.05, 438.4243
522827,5.4004,0.002884,346.76, 438.4243
522828,5.4033,0.002939,340.26, 438.4243
522829,5.4067,0.002993,334.14, 438.4243
522830,5.4097,0.002976,336.04, 438.4240
522831,5.4126,0.002923,342.11, 438.4243
522832,5.4155,0.002880,347.23, 438.4243
522833,5.4185,0.002918,342.72, 438.4243
522834,5.4214,0.002909,343.77, 438.4370
522835,5.4243,0.003048,328.14, 438.4243
522836,5.4272,0.002899,344.93, 438.4237
522837,5.4302,0.003077,324.95, 438.4243
522838,5.4331,0.002926,341.75, 438.4240
522839,5.4360,0.002958,338.10, 438.4243
522840,5.4390,0.003012,332.01, 438.4243
522841,5.4419,0.003033,329.67, 438.4243
522842,5.4448,0.002901,344.70, 438.4243
522843,5.4478,0.002956,338.31, 438.4240
522844,5.4507,0.002910,343.61, 438.4240
522845,5.4541,0.003072,325.56, 438.4243
522846,5.4570,0.002927,341.60, 438.4240
522847,5.4600,0.002973,336.33, 438.4243
522848,5.4629,0.002873,348.09, 438.4240
522849,5.4658,0.002979,335.69, 438.4243
522850,5.4688,0.003004,332.88, 438.4240
522851,5.4717,0.003063,326.50, 438.4243
522852,5.4746,0.002895,345.46, 438.4243
522853,5.4775,0.002990,334.41, 438.4243
522854,5.4805,0.002839,352.25, 438.4243
522855,5.4834,0.003015,331.71, 438.4243
522856,5.4863,0.002885,346.62, 438.4243
522857,5.4893,0.002978,335.76, 438.4243
522858,5.4922,0.002937,340.51, 438.4240
522859,5.4951,0.002932,341.10, 438.4243
522860,5.4980,0.002927,341.66, 438.4237
522861,5.5010,0.002966,337.14, 438.4243
522862,5.5039,0.002925,341.89, 438.4240
522863,5.5068,0.002954,338.48, 438.4243
522864,5.5098,0.002941,340.01, 438.4240
522865,5.5132,0.003003,333.00, 438.4240
522866,5.5161,0.003118,320.73, 438.4243
522867,5.5190,0.003008,332.50, 438.4243
522868,5.5220,0.002969,336.85, 438.4240
522869,5.5249,0.002958,338.11, 438.4243
522870,5.5278,0.002940,340.14, 438.4243
522871,5.5308,0.002984,335.17, 438.4243
522872,5.5337,0.002974,336.24, 438.4243
522873,5.5366,0.002933,340.98, 438.4237
522874,5.5396,0.002940,340.17, 438.4243
522875,5.5425,0.002929,341.45, 438.4243
522876,5.5459,0.003378,296.05, 438.4238
522877,5.5498,0.003962,252.40, 438.4237
522878,5.5532,0.003383,295.63, 438.4244
522879,5.5566,0.003423,292.18, 438.4243
522880,5.5596,0.002941,340.06, 438.4243
522881,5.5630,0.003236,309.04, 438.4240
522882,5.5659,0.003083,324.39, 438.4243
522883,5.5693,0.003039,329.07, 438.4240
522884,5.5723,0.002973,336.39, 438.4237
522885,5.5752,0.003166,315.82, 438.4237
522886,5.5786,0.003151,317.39, 438.4243
522887,5.5815,0.003100,322.55, 438.4240
522888,5.5845,0.003092,323.39, 438.4237
522889,5.5879,0.003130,319.53, 438.4243
522890,5.5908,0.003043,328.63, 438.4237
522891,5.5938,0.003077,325.04, 438.4240
522892,5.5967,0.002986,334.94, 438.4240
522893,5.6001,0.003145,317.93, 438.4237
522894,5.6030,0.002966,337.21, 438.4243
522895,5.6060,0.003009,332.39, 438.4243
522896,5.6089,0.003003,332.99, 438.4243
522897,5.6118,0.003010,332.25, 438.4243
522898,5.6152,0.003003,333.03, 438.4243
522899,5.6182,0.002994,334.02, 438.4240
522900,5.6211,0.002938,340.38, 438.4240
522901,5.6240,0.003052,327.63, 438.4243
522902,5.6270,0.002912,343.45, 438.4237
522903,5.6299,0.003027,330.36, 438.4243
522904,5.6328,0.002901,344.73, 438.4243
522905,5.6357,0.002987,334.84, 438.4243
522906,5.6387,0.002836,352.62, 438.4243
522907,5.6416,0.003050,327.85, 438.4243
522908,5.6445,0.002873,348.13, 438.4243
522909,5.6475,0.002989,334.55, 438.4243
522910,5.6504,0.002903,344.52, 438.4243
522911,5.6533,0.002981,335.41, 438.4243
522912,5.6563,0.002897,345.24, 438.4243
522913,5.6592,0.002960,337.89, 438.4243
522914,5.6621,0.002900,344.79, 438.4243
522915,5.6650,0.002975,336.16, 438.4243
522916,5.6680,0.002871,348.35, 438.4243
522917,5.6709,0.002987,334.77, 438.4237
522918,5.6738,0.002921,342.38, 438.4243
522919,5.6768,0.002930,341.29, 438.4243
522920,5.6797,0.002888,346.28, 438.4243
522921,5.6826,0.002942,339.88, 438.4243
522922,5.6855,0.002932,341.04, 438.4243
522923,5.6890,0.003379,295.92, 438.4273
522924,5.6924,0.003339,299.52, 438.4240
522925,5.6953,0.003185,313.94, 438.4240
522926,5.6992,0.003683,271.54, 438.4237
522927,5.7031,0.004054,246.65, 438.4238
522928,5.7075,0.004020,248.79, 438.4238
522929,5.7109,0.003636,275.03, 438.4242
522930,5.7144,0.003430,291.51, 438.4238
522931,5.7173,0.003048,328.09, 438.4243
522932,5.7207,0.003154,317.06, 438.4237
522933,5.7236,0.003060,326.85, 438.4243
522934,5.7266,0.003036,329.37, 438.4237
522935,5.7295,0.002953,338.70, 438.4243
522936,5.7329,0.003108,321.73, 438.4237
522937,5.7358,0.002952,338.78, 438.4243
522938,5.7388,0.003057,327.14, 438.4237
522939,5.7417,0.002963,337.48, 438.4243
522940,5.7446,0.003020,331.08, 438.4237
522941,5.7476,0.002915,343.06, 438.4243
522942,5.7505,0.003031,329.97, 438.4243
522943,5.7534,0.002979,335.72, 438.4243
522944,5.7568,0.003007,332.59, 438.4237
522945,5.7598,0.002929,341.38, 438.4243
522946,5.7627,0.003002,333.09, 438.4237
522947,5.7656,0.002922,342.22, 438.4243
522948,5.7686,0.003003,333.04, 438.4243
522949,5.7715,0.002981,335.48, 438.4243
522950,5.7744,0.003030,330.08, 438.4237
522951,5.7773,0.003033,329.71, 438.4243
522952,5.7808,0.003022,330.91, 438.4243
522953,5.7837,0.003018,331.31, 438.4243
522954,5.7866,0.003000,333.37, 438.4240
522955,5.7896,0.002957,338.17, 438.4243
522956,5.7925,0.003018,331.37, 438.4243
522957,5.7954,0.002922,342.27, 438.4243
522958,5.7983,0.003086,324.02, 438.4243
522959,5.8018,0.003015,331.63, 438.4240
522960,5.8047,0.002971,336.59, 438.4240
522961,5.8076,0.003085,324.20, 438.4243
522962,5.8105,0.003020,331.14, 438.4237
522963,5.8140,0.003107,321.91, 438.4243
522964,5.8169,0.002973,336.38, 438.4243
522965,5.8198,0.002983,335.28, 438.4243
522966,5.8228,0.002994,334.00, 438.4243
522967,5.8257,0.003013,331.86, 438.4243
522968,5.8286,0.002988,334.69, 438.4243
522969,5.8315,0.002988,334.73, 438.4243
522970,5.8345,0.002968,336.90, 438.4243
522971,5.8379,0.002982,335.33, 438.4243
522972,5.8408,0.002960,337.88, 438.4240
522973,5.8438,0.003043,328.64, 438.4243
522974,5.8467,0.002949,339.08, 438.4243
522975,5.8496,0.002991,334.36, 438.4243
522976,5.8525,0.003076,325.06, 438.4240
522977,5.8555,0.003012,331.97, 438.4243
522978,5.8584,0.002944,339.72, 438.4237
522979,5.8618,0.003003,333.03, 438.4237
522980,5.8647,0.002910,343.62, 438.4243
522981,5.8677,0.002976,336.00, 438.4240
522982,5.8706,0.002955,338.36, 438.4240
522983,5.8735,0.003054,327.49, 438.4243
522984,5.8765,0.002910,343.67, 438.4240
522985,5.8794,0.002984,335.10, 438.4243
522986,5.8823,0.002944,339.67, 438.4237
522987,5.8853,0.002992,334.20, 438.4243
522988,5.8882,0.002903,344.52, 438.4243
522989,5.8911,0.003065,326.25, 438.4243
522990,5.8940,0.002944,339.67, 438.4243
522991,5.8975,0.002977,335.95, 438.4243
522992,5.8999,0.002850,350.85, 438.4243
522993,5.9033,0.003005,332.75, 438.4243
522994,5.9058,0.002876,347.69, 438.4237
522995,5.9092,0.002991,334.30, 438.4243
522996,5.9121,0.002999,333.50, 438.4243
522997,5.9150,0.002979,335.67, 438.4243
522998,5.9180,0.002935,340.73, 438.4240
522999,5.9209,0.003048,328.07, 438.4240
523000,5.9238,0.002976,336.01, 438.4243
523001,5.9268,0.002944,339.70, 438.4243
523002,5.9297,0.002863,349.31, 438.4237
523003,5.9326,0.003018,331.33, 438.4243
523004,5.9355,0.002922,342.21, 438.4243
523005,5.9385,0.002963,337.54, 438.4240
523006,5.9414,0.002939,340.30, 438.4243
523007,5.9443,0.002949,339.13, 438.4243
523008,5.9473,0.002942,339.92, 438.4243
523009,5.9502,0.002988,334.64, 438.4243
523010,5.9536,0.003057,327.12, 438.4243
523011,5.9565,0.003003,333.01, 438.4301
523012,5.9595,0.002915,343.03, 438.4243
523013,5.9624,0.002975,336.19, 438.4243
523014,5.9653,0.002916,342.99, 438.4243
523015,5.9683,0.003088,323.88, 438.4243
523016,5.9717,0.003247,308.01, 438.4240
523017,5.9746,0.003019,331.20, 438.4243
523018,5.9775,0.002982,335.30, 438.4243
523019,5.9805,0.002952,338.79, 438.4243
523020,5.9834,0.002962,337.61, 438.4243
523021,5.9863,0.002895,345.48, 438.4243
523022,5.9893,0.002936,340.65, 438.4243
523023,5.9922,0.002940,340.18, 438.4243
523024,5.9951,0.002978,335.84, 438.4243
523025,5.9980,0.002944,339.64, 438.4237
523026,6.0015,0.003000,333.39, 438.4243
523027,6.0044,0.002977,335.95, 438.4243
523028,6.0073,0.002997,333.66, 438.4240
523029,6.0103,0.002950,338.98, 438.4243
523030,6.0132,0.002959,338.01, 438.4243
523031,6.0161,0.002995,333.88, 438.4243
523032,6.0190,0.002984,335.11, 438.4240
523033,6.0220,0.002941,340.01, 438.4237
523034,6.0249,0.003016,331.54, 438.4243
523035,6.0278,0.002891,345.85, 438.4237
523036,6.0308,0.002998,333.61, 438.4243
523037,6.0337,0.002904,344.41, 438.4243
523038,6.0366,0.002978,335.76, 438.4237
523039,6.0396,0.002861,349.48, 438.4243
523040,6.0425,0.002991,334.30, 438.4243
523041,6.0454,0.002915,343.10, 438.4243
523042,6.0483,0.002951,338.86, 438.4243
523043,6.0513,0.002907,344.00, 438.4243
523044,6.0542,0.002983,335.21, 438.4240
523045,6.0571,0.002912,343.45, 438.4240
523046,6.0601,0.002952,338.75, 438.4243
523047,6.0630,0.002923,342.14, 438.4243
523048,6.0659,0.002935,340.75, 438.4243
523049,6.0688,0.002923,342.16, 438.4243
523050,6.0723,0.002987,334.74, 438.4237
523051,6.0752,0.002969,336.78, 438.4243
523052,6.0781,0.002942,339.94, 438.4240
523053,6.0811,0.002910,343.61, 438.4243
523054,6.0840,0.002928,341.52, 438.4243
523055,6.0869,0.002935,340.73, 438.4243
523056,6.0898,0.002878,347.43, 438.4243
523057,6.0928,0.002983,335.19, 438.4243
523058,6.0957,0.002902,344.63, 438.4240
523059,6.0986,0.002991,334.30, 438.4243
523060,6.1016,0.002874,347.98, 438.4243
523061,6.1045,0.002961,337.68, 438.4243
523062,6.1074,0.002911,343.50, 438.4243
523063,6.1104,0.003045,328.46, 438.4243
523064,6.1133,0.002927,341.62, 438.4240
523065,6.1162,0.003053,327.56, 438.4243
523066,6.1191,0.002897,345.18, 438.4240
523067,6.1221,0.003058,326.98, 438.4237
523068,6.1250,0.002942,339.90, 438.4240
523069,6.1284,0.003019,331.22, 438.4237
523070,6.1309,0.002902,344.60, 438.4240
523071,6.1343,0.002984,335.17, 438.4243
523072,6.1367,0.002887,346.34, 438.4243
523073,6.1401,0.003101,322.48, 438.4243
523074,6.1431,0.002935,340.70, 438.4243
523075,6.1460,0.002963,337.52, 438.4243
523076,6.1489,0.002829,353.51, 438.4243
523077,6.1519,0.002969,336.86, 438.4243
523078,6.1548,0.002876,347.67, 438.4243
523079,6.1577,0.003012,332.05, 438.4243
523080,6.1606,0.002918,342.76, 438.4243
523081,6.1636,0.002929,341.41, 438.4243
523082,6.1665,0.002884,346.72, 438.4243
523083,6.1694,0.002941,340.08, 438.4243
523084,6.1724,0.002997,333.70, 438.4240
523085,6.1753,0.002940,340.16, 438.4243
523086,6.1782,0.002909,343.77, 438.4243
523087,6.1812,0.002937,340.53, 438.4243
523088,6.1841,0.002920,342.51, 438.4243
523089,6.1870,0.002886,346.54, 438.4243
523090,6.1899,0.002974,336.22, 438.4240
523091,6.1929,0.002952,338.75, 438.4243
523092,6.1958,0.002931,341.20, 438.4243
523093,6.1987,0.002884,346.75, 438.4243
523094,6.2017,0.002957,338.17, 438.4243
523095,6.2046,0.003081,324.53, 438.4243
523096,6.2080,0.003195,312.98, 438.4237
523097,6.2109,0.002995,333.88, 438.4243
523098,6.2139,0.003023,330.82, 438.4243
523099,6.2168,0.002933,340.99, 438.4243
523100,6.2197,0.003018,331.36, 438.4237
523101,6.2227,0.003008,332.47, 438.4243
523102,6.2261,0.003065,326.25, 438.4237
523103,6.2295,0.003496,286.04, 438.4237
523104,6.2324,0.003107,321.85, 438.4244
523105,6.2354,0.003019,331.20, 438.4243
523106,6.2388,0.003039,329.09, 438.4243
523107,6.2417,0.002981,335.47, 438.4243
523108,6.2446,0.002979,335.65, 438.4243
523109,6.2476,0.002917,342.82, 438.4243
523110,6.2505,0.002965,337.31, 438.4243
523111,6.2534,0.002944,339.63, 438.4243
523112,6.2563,0.002984,335.12, 438.4243
523113,6.2593,0.002919,342.54, 438.4240
523114,6.2622,0.002965,337.30, 438.4243
523115,6.2651,0.002950,338.98, 438.4243
523116,6.2681,0.002966,337.18, 438.4243
523117,6.2710,0.002907,344.00, 438.4237
523118,6.2739,0.003010,332.20, 438.4243
523119,6.2769,0.002951,338.86, 438.4243
523120,6.2803,0.003016,331.62, 438.4243
523121,6.2832,0.002938,340.43, 438.4240
523122,6.2861,0.003054,327.41, 438.4243
523123,6.2891,0.002882,347.01, 438.4237
523124,6.2920,0.002997,333.72, 438.4243
523125,6.2949,0.002917,342.78, 438.4243
523126,6.2979,0.003018,331.39, 438.4243
523127,6.3008,0.002938,340.34, 438.4243
523128,6.3037,0.003025,330.60, 438.4243
523129,6.3066,0.002908,343.84, 438.4243
523130,6.3096,0.002995,333.93, 438.4237
523131,6.3125,0.002961,337.74, 438.4243
523132,6.3154,0.002974,336.26, 438.4243
523133,6.3184,0.002886,346.50, 438.4243
523134,6.3218,0.003022,330.88, 438.4243
523135,6.3247,0.002983,335.23, 438.4243
523136,6.3276,0.002936,340.59, 438.4243
523137,6.3306,0.002917,342.87, 438.4243
523138,6.3335,0.002945,339.58, 438.4243
523139,6.3364,0.002913,343.32, 438.4243
523140,6.3394,0.002942,339.93, 438.4240
523141,6.3423,0.002972,336.53, 438.4237
523142,6.3452,0.002920,342.43, 438.4237
523143,6.3481,0.002918,342.71, 438.4243
523144,6.3511,0.002898,345.02, 438.4243
523145,6.3540,0.002968,336.93, 438.4243
523146,6.3569,0.002911,343.57, 438.4243
523147,6.3599,0.003020,331.18, 438.4243
523148,6.3628,0.002959,337.99, 438.4243
523149,6.3657,0.003030,330.03, 438.4243
523150,6.3687,0.002989,334.60, 438.4243
523151,6.3716,0.003021,330.97, 438.4243
523152,6.3750,0.002996,333.78, 438.4243
523153,6.3784,0.003659,273.30, 438.4237
523154,6.3818,0.003156,316.91, 438.4243
523155,6.3848,0.003048,328.13, 438.4243
523156,6.3877,0.002963,337.47, 438.4237
523157,6.3906,0.003054,327.46, 438.4237
523158,6.3936,0.002961,337.74, 438.4240
523159,6.3965,0.002967,337.05, 438.4243
523160,6.3994,0.002900,344.88, 438.4261
523161,6.4023,0.002991,334.36, 438.4243
523162,6.4053,0.002914,343.18, 438.4311
523163,6.4082,0.003023,330.80, 438.4243
523164,6.4111,0.002951,338.91, 438.4243
523165,6.4146,0.003078,324.88, 438.4243
523166,6.4175,0.002926,341.78, 438.4240
523167,6.4204,0.002993,334.15, 438.4243
523168,6.4233,0.002955,338.39, 438.4243
523169,6.4263,0.003030,329.99, 438.4243
523170,6.4292,0.002972,336.45, 438.4240
523171,6.4321,0.003034,329.57, 438.4243
523172,6.4351,0.002930,341.29, 438.4240
523173,6.4385,0.003091,323.53, 438.4240
523174,6.4414,0.003045,328.39, 438.4237
523175,6.4443,0.003045,328.40, 438.4243
523176,6.4473,0.002948,339.19, 438.4237
523177,6.4507,0.003044,328.52, 438.4243
523178,6.4536,0.002998,333.59, 438.4271
523179,6.4565,0.003137,318.74, 438.4240
523180,6.4595,0.002969,336.77, 438.4243
523181,6.4624,0.003025,330.62, 438.4243
523182,6.4653,0.002893,345.65, 438.4243
523183,6.4683,0.003014,331.77, 438.4243
523184,6.4717,0.003061,326.70, 438.4237
523185,6.4746,0.003079,324.79, 438.4240
523186,6.4775,0.002950,338.94, 438.4240
523187,6.4805,0.003000,333.30, 438.4243
523188,6.4834,0.002887,346.36, 438.4347
523189,6.4863,0.003050,327.85, 438.4243
523190,6.4897,0.002988,334.72, 438.4237
523191,6.4927,0.003053,327.58, 438.4243
523192,6.4956,0.002910,343.67, 438.4240
523193,6.4985,0.002965,337.27, 438.4243
523194,6.5015,0.002900,344.78, 438.4240
523195,6.5044,0.003067,326.07, 438.4237
523196,6.5073,0.002937,340.50, 438.4243
523197,6.5103,0.003032,329.84, 438.4237
523198,6.5132,0.002933,340.92, 438.4240
523199,6.5161,0.002997,333.63, 438.4240
523200,6.5195,0.003006,332.67, 438.4243
523201,6.5225,0.003031,329.97, 438.4243
523202,6.5254,0.002939,340.30, 438.4240
523203,6.5283,0.003002,333.13, 438.4243
523204,6.5313,0.002977,335.95, 438.4243
523205,6.5342,0.002998,333.59, 438.4243
523206,6.5371,0.002917,342.88, 438.4243
523207,6.5400,0.003001,333.26, 438.4243
523208,6.5430,0.002940,340.12, 438.4240
523209,6.5459,0.002958,338.11, 438.4240
523210,6.5488,0.002963,337.46, 438.4243
523211,6.5522,0.003012,332.02, 438.4240
523212,6.5552,0.003024,330.73, 438.4243
523213,6.5581,0.003029,330.20, 438.4243
523214,6.5610,0.002998,333.51, 438.4243
523215,6.5640,0.003062,326.55, 438.4237
523216,6.5674,0.002993,334.15, 438.4243
523217,6.5703,0.002999,333.44, 438.4237
523218,6.5732,0.003002,333.13, 438.4237
523219,6.5762,0.002980,335.58, 438.4243
523220,6.5791,0.002982,335.40, 438.4237
523221,6.5820,0.002986,334.94, 438.4243
523222,6.5850,0.002939,340.21, 438.4240
523223,6.5879,0.002939,340.26, 438.4237
523224,6.5908,0.002983,335.27, 438.4243
523225,6.5938,0.002943,339.80, 438.4243
523226,6.5967,0.002973,336.37, 438.4243
523227,6.5996,0.002929,341.40, 438.4261
523228,6.6030,0.002987,334.75, 438.4243
523229,6.6060,0.002940,340.14, 438.4240
523230,6.6089,0.003021,331.01, 438.4243
523231,6.6118,0.002997,333.62, 438.4237
523232,6.6147,0.003008,332.44, 438.4240
523233,6.6177,0.002897,345.18, 438.4243
523234,6.6206,0.002978,335.80, 438.4240
523235,6.6235,0.002957,338.17, 438.4243
523236,6.6270,0.003144,318.07, 438.4243
523237,6.6299,0.003044,328.52, 438.4243
523238,6.6328,0.003043,328.59, 438.4240
523239,6.6357,0.002961,337.71, 438.4237
523240,6.6387,0.003009,332.34, 438.4243
523241,6.6416,0.002983,335.26, 438.4243
523242,6.6450,0.003167,315.74, 438.4237
523243,6.6479,0.002948,339.20, 438.4243
523244,6.6509,0.003032,329.86, 438.4243
523245,6.6538,0.002962,337.56, 438.4243
523246,6.6567,0.003039,329.09, 438.4243
523247,6.6597,0.002952,338.76, 438.4240
523248,6.6631,0.003047,328.20, 438.4240
523249,6.6660,0.002880,347.19, 438.4243
523250,6.6689,0.003046,328.31, 438.4240
523251,6.6719,0.002958,338.09, 438.4243
523252,6.6748,0.003063,326.53, 438.4237
523253,6.6777,0.002930,341.27, 438.4243
523254,6.6807,0.003013,331.85, 438.4237
523255,6.6836,0.002958,338.10, 438.4243
523256,6.6865,0.002984,335.15, 438.4237
523257,6.6899,0.003015,331.72, 438.4243
523258,6.6934,0.003432,291.42, 438.4237
523259,6.6963,0.003213,311.22, 438.4243
523260,6.6997,0.003174,315.02, 438.4237
523261,6.7031,0.003321,301.13, 438.4237
523262,6.7065,0.003412,293.13, 438.4237
523263,6.7100,0.003712,269.42, 438.4237
523264,6.7134,0.003504,285.38, 438.4237
523265,6.7168,0.003193,313.19, 438.4243
523266,6.7197,0.002998,333.60, 438.4243
523267,6.7227,0.003097,322.92, 438.4243
523268,6.7261,0.003003,332.97, 438.4243
523269,6.7290,0.003046,328.26, 438.4243
523270,6.7319,0.002962,337.60, 438.4243
523271,6.7349,0.002978,335.85, 438.4243
523272,6.7378,0.002915,343.04, 438.4243
523273,6.7407,0.002976,336.08, 438.4243
523274,6.7437,0.002962,337.56, 438.4243
523275,6.7466,0.002939,340.27, 438.4240
523276,6.7495,0.002919,342.61, 438.4243
523277,6.7524,0.002993,334.08, 438.4243
523278,6.7554,0.002919,342.55, 438.4243
523279,6.7583,0.002948,339.21, 438.4243
523280,6.7612,0.002964,337.35, 438.4240
523281,6.7642,0.002881,347.05, 438.4243
523282,6.7671,0.002922,342.20, 438.4240
523283,6.7700,0.002942,339.92, 438.4243
523284,6.7729,0.003030,330.05, 438.4240
523285,6.7759,0.002970,336.76, 438.4243
523286,6.7793,0.002990,334.44, 438.4243
523287,6.7822,0.002947,339.33, 438.4243
523288,6.7852,0.003006,332.62, 438.4243
523289,6.7881,0.002959,338.00, 438.4243
523290,6.7910,0.003034,329.59, 438.4240
523291,6.7939,0.002940,340.18, 438.4243
523292,6.7969,0.002961,337.75, 438.4243
523293,6.7998,0.002926,341.75, 438.4237
523294,6.8027,0.003113,321.26, 438.4240
523295,6.8057,0.002909,343.75, 438.4243
523296,6.8091,0.002997,333.66, 438.4243
523297,6.8120,0.002961,337.74, 438.4243
523298,6.8149,0.003032,329.84, 438.4237
523299,6.8179,0.003066,326.18, 438.4243
523300,6.8208,0.003008,332.41, 438.4243
523301,6.8237,0.002906,344.14, 438.4243
523302,6.8267,0.002988,334.63, 438.4243
523303,6.8296,0.002889,346.14, 438.4243
523304,6.8330,0.003073,325.44, 438.4243
523305,6.8359,0.002931,341.15, 438.4243
523306,6.8389,0.002992,334.19, 438.4240
523307,6.8418,0.002925,341.89, 438.4243
523308,6.8447,0.002973,336.35, 438.4243
523309,6.8477,0.002903,344.53, 438.4243
523310,6.8506,0.002991,334.35, 438.4243
523311,6.8535,0.002934,340.80, 438.4243
523312,6.8564,0.002964,337.39, 438.4243
523313,6.8594,0.002943,339.82, 438.4243
523314,6.8623,0.002951,338.93, 438.4240
523315,6.8652,0.002951,338.91, 438.4243
523316,6.8682,0.002910,343.68, 438.4243
523317,6.8711,0.002911,343.55, 438.4243
523318,6.8740,0.002934,340.88, 438.4240
523319,6.8770,0.002976,336.00, 438.4243
523320,6.8799,0.002928,341.48, 438.4243
523321,6.8828,0.002959,337.94, 438.4243
523322,6.8857,0.002907,344.06, 438.4237
523323,6.8887,0.002942,339.92, 438.4240
523324,6.8916,0.002899,344.90, 438.4261
523325,6.8945,0.003017,331.47, 438.4243
523326,6.8975,0.002974,336.27, 438.4237
523327,6.9004,0.002975,336.12, 438.4243
523328,6.9033,0.002917,342.78, 438.4237
523329,6.9063,0.002984,335.14, 438.4243
523330,6.9097,0.002958,338.02, 438.4237
523331,6.9126,0.003054,327.46, 438.4243
523332,6.9155,0.002893,345.67, 438.4243
523333,6.9185,0.002978,335.80, 438.4243
523334,6.9214,0.002865,349.02, 438.4237
523335,6.9243,0.003026,330.43, 438.4243
523336,6.9272,0.003003,333.02, 438.4243
523337,6.9302,0.003046,328.26, 438.4237
523338,6.9331,0.002941,340.08, 438.4243
523339,6.9360,0.002995,333.86, 438.4243
523340,6.9390,0.002876,347.68, 438.4243
523341,6.9419,0.003008,332.45, 438.4261
523342,6.9448,0.002919,342.61, 438.4243
523343,6.9482,0.002988,334.68, 438.4240
523344,6.9507,0.002878,347.51, 438.4243
523345,6.9541,0.003030,330.01, 438.4243
523346,6.9570,0.002905,344.28, 438.4240
523347,6.9604,0.003382,295.67, 438.4240
523348,6.9634,0.002919,342.54, 438.4243
523349,6.9663,0.002973,336.41, 438.4243
523350,6.9692,0.002911,343.56, 438.4240
523351,6.9722,0.003025,330.61, 438.4243
523352,6.9751,0.003155,316.97, 438.4240
523353,6.9785,0.003219,310.67, 438.4243
523354,6.9814,0.002974,336.25, 438.4243
523355,6.9844,0.003151,317.38, 438.4243
523356,6.9873,0.002921,342.37, 438.4243
523357,6.9907,0.003097,322.85, 438.4237
523358,6.9937,0.002947,339.37, 438.4240
523359,6.9966,0.003010,332.25, 438.4243
523360,6.9995,0.002922,342.22, 438.4240
523361,7.0024,0.002995,333.93, 438.4243
523362,7.0054,0.002897,345.24, 438.4243
523363,7.0083,0.003001,333.21, 438.4243
523364,7.0112,0.002932,341.10, 438.4243
523365,7.0142,0.002963,337.47, 438.4243
523366,7.0171,0.002878,347.48, 438.4243
523367,7.0200,0.002992,334.24, 438.4243
523368,7.0229,0.002983,335.29, 438.4243
523369,7.0259,0.002944,339.63, 438.4243
523370,7.0288,0.002927,341.69, 438.4243
523371,7.0317,0.002963,337.51, 438.4240
523372,7.0347,0.002952,338.72, 438.4243
523373,7.0376,0.002932,341.10, 438.4237
523374,7.0410,0.002964,337.34, 438.4243
523375,7.0439,0.002973,336.36, 438.4243
523376,7.0469,0.002900,344.80, 438.4243
523377,7.0493,0.002885,346.60, 438.4243
523378,7.0527,0.002975,336.09, 438.4243
523379,7.0557,0.002951,338.82, 438.4243
523380,7.0586,0.003014,331.80, 438.4243
523381,7.0615,0.002956,338.33, 438.4243
523382,7.0645,0.002955,338.38, 438.4243
523383,7.0674,0.002885,346.58, 438.4243
523384,7.0703,0.002979,335.73, 438.4240
523385,7.0732,0.002902,344.59, 438.4243
523386,7.0762,0.002995,333.95, 438.4237
523387,7.0791,0.002877,347.61, 438.4243
523388,7.0820,0.002999,333.40, 438.4237
523389,7.0850,0.002905,344.29, 438.4243
523390,7.0879,0.003018,331.30, 438.4237
523391,7.0908,0.002915,343.10, 438.4243
523392,7.0938,0.002981,335.48, 438.4240
523393,7.0967,0.002862,349.41, 438.4243
523394,7.0996,0.002942,339.93, 438.4243
523395,7.1025,0.002952,338.73, 438.4243
523396,7.1055,0.002969,336.81, 438.4243
523397,7.1084,0.002920,342.43, 438.4243
523398,7.1113,0.002952,338.75, 438.4243
523399,7.1143,0.002955,338.46, 438.4243
523400,7.1172,0.002932,341.10, 438.4243
523401,7.1201,0.002914,343.21, 438.4243
523402,7.1230,0.002953,338.67, 438.4240
523403,7.1260,0.002947,339.36, 438.4243
523404,7.1289,0.002881,347.14, 438.4243
523405,7.1318,0.002965,337.26, 438.4237
523406,7.1348,0.002921,342.35, 438.4237
523407,7.1377,0.002992,334.28, 438.4243
523408,7.1411,0.002991,334.33, 438.4243
523409,7.1440,0.003013,331.95, 438.4240
523410,7.1470,0.002899,344.98, 438.4243
523411,7.1499,0.003009,332.30, 438.4243
523412,7.1528,0.002881,347.14, 438.4318
523413,7.1558,0.002970,336.72, 438.4243
523414,7.1587,0.002911,343.55, 438.4243
523415,7.1616,0.002998,333.57, 438.4243
523416,7.1646,0.002921,342.38, 438.4243
523417,7.1675,0.002951,338.91, 438.4243
523418,7.1704,0.002889,346.12, 438.4240
523419,7.1733,0.003002,333.13, 438.4243
523420,7.1763,0.002916,342.92, 438.4237
523421,7.1792,0.002996,333.77, 438.4243
523422,7.1821,0.002886,346.48, 438.4237
523423,7.1851,0.002981,335.45, 438.4243
523424,7.1880,0.002887,346.38, 438.4243
523425,7.1909,0.002975,336.18, 438.4243
523426,7.1938,0.003033,329.70, 438.4237
523427,7.1973,0.003194,313.11, 438.4243
523428,7.2002,0.002911,343.49, 438.4237
523429,7.2031,0.003031,329.95, 438.4243
523430,7.2061,0.002902,344.61, 438.4243
523431,7.2090,0.003053,327.55, 438.4243
523432,7.2124,0.003092,323.39, 438.4243
523433,7.2153,0.003039,329.04, 438.4240
523434,7.2183,0.002986,334.87, 438.4243
523435,7.2212,0.003046,328.35, 438.4237
523436,7.2241,0.002977,335.95, 438.4243
523437,7.2271,0.003004,332.87, 438.4243
523438,7.2305,0.003019,331.29, 438.4237
523439,7.2334,0.003114,321.12, 438.4237
523440,7.2363,0.002952,338.76, 438.4243
523441,7.2393,0.003063,326.47, 438.4237
523442,7.2422,0.003002,333.08, 438.4240
523443,7.2456,0.003053,327.54, 438.4243
523444,7.2485,0.002906,344.13, 438.4240
523445,7.2515,0.002993,334.09, 438.4237
523446,7.2544,0.002927,341.69, 438.4240
523447,7.2573,0.003007,332.56, 438.4237
523448,7.2603,0.002940,340.17, 438.4252
523449,7.2632,0.002975,336.16, 438.4243
523450,7.2661,0.002954,338.58, 438.4243
523451,7.2690,0.003102,322.37, 438.4261
523452,7.2725,0.003131,319.36, 438.4243
523453,7.2754,0.002998,333.54, 438.4237
523454,7.2783,0.003012,332.04, 438.4237
523455,7.2813,0.003030,330.09, 438.4237
523456,7.2842,0.003005,332.81, 438.4240
523457,7.2876,0.002997,333.63, 438.4243
523458,7.2905,0.003063,326.53, 438.4243
523459,7.2935,0.003006,332.72, 438.4240
523460,7.2964,0.002936,340.61, 438.4243
523461,7.2993,0.002983,335.21, 438.4237
523462,7.3022,0.002986,334.95, 438.4237
523463,7.3052,0.003010,332.18, 438.4237
523464,7.3086,0.002988,334.67, 438.4243
523465,7.3115,0.002959,338.01, 438.4243
523466,7.3145,0.002996,333.73, 438.4240
523467,7.3174,0.002957,338.23, 438.4243
523468,7.3203,0.002987,334.74, 438.4237
523469,7.3232,0.002976,336.00, 438.4243
523470,7.3262,0.002989,334.59, 438.4243
523471,7.3291,0.002975,336.11, 438.4243
523472,7.3320,0.002986,334.92, 438.4240
523473,7.3350,0.002921,342.37, 438.4243
523474,7.3379,0.002973,336.42, 438.4243
523475,7.3413,0.002964,337.34, 438.4243
523476,7.3442,0.003035,329.51, 438.4237
523477,7.3472,0.002883,346.82, 438.4271
523478,7.3501,0.002959,337.95, 438.4237
523479,7.3530,0.002998,333.52, 438.4243
523480,7.3560,0.003029,330.13, 438.4240
523481,7.3589,0.002957,338.20, 438.4243
523482,7.3618,0.003021,331.01, 438.4243
523483,7.3647,0.002928,341.54, 438.4243
523484,7.3677,0.003033,329.72, 438.4240
523485,7.3711,0.002939,340.30, 438.4243
523486,7.3740,0.003123,320.23, 438.4240
523487,7.3770,0.002914,343.19, 438.4243
523488,7.3799,0.003010,332.25, 438.4240
523489,7.3828,0.002956,338.25, 438.4243
523490,7.3857,0.003015,331.68, 438.4237
523491,7.3887,0.002912,343.37, 438.4243
523492,7.3921,0.003066,326.15, 438.4243
523493,7.3945,0.002916,342.90, 438.4243
523494,7.3979,0.003017,331.50, 438.4237
523495,7.4009,0.002982,335.31, 438.4243
523496,7.4038,0.003074,325.35, 438.4240
523497,7.4067,0.002931,341.20, 438.4243
523498,7.4097,0.003007,332.52, 438.4237
523499,7.4126,0.002993,334.17, 438.4237
523500,7.4160,0.003033,329.67, 438.4237
523501,7.4189,0.002938,340.33, 438.4243
523502,7.4219,0.003017,331.43, 438.4237
523503,7.4248,0.002964,337.37, 438.4243
523504,7.4277,0.003011,332.13, 438.4237
523505,7.4307,0.002978,335.81, 438.4243
523506,7.4336,0.003038,329.15, 438.4237
523507,7.4365,0.002928,341.57, 438.4243
523508,7.4399,0.003072,325.53, 438.4237
523509,7.4429,0.003013,331.88, 438.4243
523510,7.4458,0.003046,328.32, 438.4237
523511,7.4487,0.003051,327.82, 438.4243
523512,7.4517,0.003016,331.53, 438.4237
523513,7.4551,0.002971,336.61, 438.4243
523514,7.4580,0.002975,336.15, 438.4237
523515,7.4609,0.002977,335.94, 438.4243
523516,7.4639,0.003019,331.19, 438.4237
523517,7.4668,0.002916,342.94, 438.4243
523518,7.4697,0.002962,337.60, 438.4243
523519,7.4727,0.002970,336.66, 438.4243
523520,7.4756,0.002936,340.55, 438.4240
523521,7.4785,0.003048,328.12, 438.4243
523522,7.4819,0.003054,327.40, 438.4237
523523,7.4849,0.002987,334.74, 438.4243
523524,7.4878,0.002938,340.34, 438.4240
523525,7.4907,0.002992,334.28, 438.4243
523526,7.4937,0.003003,332.96, 438.4240
523527,7.4966,0.002978,335.85, 438.4243
523528,7.4995,0.002895,345.42, 438.4243
523529,7.5024,0.002973,336.32, 438.4243
523530,7.5054,0.002936,340.60, 438.4237
523531,7.5083,0.003043,328.64, 438.4243
523532,7.5112,0.002970,336.69, 438.4243
523533,7.5142,0.002983,335.28, 438.4243
523534,7.5171,0.002892,345.78, 438.4237
523535,7.5205,0.002994,333.98, 438.4243
523536,7.5234,0.002949,339.09, 438.4240
523537,7.5264,0.003054,327.44, 438.4240
523538,7.5293,0.002924,342.02, 438.4243
523539,7.5322,0.003045,328.37, 438.4243
523540,7.5352,0.002879,347.39, 438.4261
523541,7.5381,0.003009,332.37, 438.4243
523542,7.5410,0.002890,346.03, 438.4243
523543,7.5439,0.003073,325.38, 438.4243
523544,7.5469,0.002902,344.59, 438.4240
523545,7.5498,0.003002,333.08, 438.4237
523546,7.5527,0.002929,341.45, 438.4243
523547,7.5562,0.003151,317.38, 438.4237
523548,7.5591,0.002931,341.24, 438.4243
523549,7.5620,0.003001,333.21, 438.4243
523550,7.5649,0.002880,347.21, 438.4240
523551,7.5679,0.003009,332.31, 438.4243
523552,7.5708,0.002912,343.39, 438.4243
523553,7.5737,0.003102,322.34, 438.4237
523554,7.5767,0.002942,339.86, 438.4240
523555,7.5801,0.003021,331.01, 438.4243
523556,7.5830,0.002953,338.66, 438.4243
523557,7.5859,0.002970,336.75, 438.4243
523558,7.5889,0.002912,343.41, 438.4240
523559,7.5918,0.003032,329.79, 438.4243
523560,7.5947,0.003022,330.86, 438.4240
523561,7.5977,0.003003,333.06, 438.4243
523562,7.6006,0.002961,337.70, 438.4240
523563,7.6035,0.003010,332.21, 438.4240
523564,7.6069,0.002949,339.12, 438.4243
523565,7.6099,0.002967,337.01, 438.4237
523566,7.6128,0.002994,334.01, 438.4243
523567,7.6157,0.002955,338.40, 438.4243
523568,7.6187,0.002937,340.45, 438.4240
523569,7.6216,0.002973,336.38, 438.4306
523570,7.6245,0.002969,336.78, 438.4243
523571,7.6274,0.002975,336.19, 438.4243
523572,7.6304,0.002977,335.90, 438.4240
523573,7.6333,0.002936,340.62, 438.4243
523574,7.6362,0.002998,333.56, 438.4240
523575,7.6392,0.002942,339.96, 438.4243
523576,7.6426,0.003011,332.10, 438.4243
523577,7.6455,0.003063,326.49, 438.4243
523578,7.6484,0.003028,330.29, 438.4243
523579,7.6514,0.003069,325.83, 438.4243
523580,7.6543,0.003022,330.94, 438.4243
523581,7.6577,0.002964,337.36, 438.4240
523582,7.6606,0.002988,334.69, 438.4240
523583,7.6636,0.002953,338.62, 438.4243
523584,7.6665,0.002975,336.15, 438.4243
523585,7.6694,0.002992,334.20, 438.4261
523586,7.6724,0.003108,321.71, 438.4243
523587,7.6753,0.002926,341.74, 438.4243
523588,7.6782,0.003034,329.61, 438.4243
523589,7.6816,0.002993,334.08, 438.4237
523590,7.6846,0.003037,329.33, 438.4237
523591,7.6875,0.002985,335.02, 438.4240
523592,7.6904,0.003028,330.28, 438.4237
523593,7.6934,0.003053,327.60, 438.4243
523594,7.6968,0.003029,330.12, 438.4243
523595,7.7002,0.003478,287.51, 438.4243
523596,7.7031,0.003218,310.74, 438.4243
523597,7.7065,0.003133,319.20, 438.4237
523598,7.7100,0.003312,301.98, 438.4240
523599,7.7134,0.003606,277.31, 438.4237
523600,7.7168,0.003336,299.80, 438.4237
523601,7.7202,0.003348,298.69, 438.4240
523602,7.7231,0.002978,335.77, 438.4243
523603,7.7261,0.003103,322.28, 438.4243
523604,7.7295,0.003539,282.53, 438.4237
523605,7.7334,0.003952,253.07, 438.4240
523606,7.7368,0.003029,330.13, 438.4237
523607,7.7397,0.003039,329.04, 438.4243
523608,7.7427,0.002960,337.87, 438.4243
523609,7.7456,0.003079,324.78, 438.4240
523610,7.7485,0.002979,335.73, 438.4243
523611,7.7515,0.002974,336.29, 438.4243
523612,7.7544,0.002925,341.94, 438.4243
523613,7.7573,0.002962,337.67, 438.4243
523614,7.7603,0.002935,340.68, 438.4240
523615,7.7637,0.003004,332.92, 438.4243
523616,7.7661,0.002823,354.22, 438.4318
523617,7.7690,0.002942,339.92, 438.4237
523618,7.7720,0.002936,340.65, 438.4240
523619,7.7754,0.003002,333.12, 438.4243
523620,7.7783,0.002948,339.18, 438.4237
523621,7.7813,0.003034,329.57, 438.4243
523622,7.7842,0.002875,347.79, 438.4240
523623,7.7871,0.002967,337.01, 438.4243
523624,7.7900,0.002832,353.06, 438.4243
523625,7.7930,0.003224,310.22, 438.4243
523626,7.7959,0.002950,338.95, 438.4237
523627,7.7988,0.003008,332.45, 438.4243
523628,7.8018,0.002884,346.73, 438.4243
523629,7.8047,0.003000,333.30, 438.4243
523630,7.8081,0.002994,334.05, 438.4243
523631,7.8110,0.003003,332.96, 438.4243
523632,7.8140,0.002880,347.19, 438.4243
523633,7.8169,0.002967,337.10, 438.4243
523634,7.8198,0.002927,341.69, 438.4243
523635,7.8228,0.003152,317.26, 438.4243
523636,7.8257,0.003025,330.60, 438.4240
523637,7.8286,0.002976,336.07, 438.4243
523638,7.8315,0.002927,341.64, 438.4243
523639,7.8345,0.002951,338.91, 438.4243
523640,7.8374,0.002931,341.16, 438.4243
523641,7.8408,0.003038,329.19, 438.4240
523642,7.8438,0.002990,334.41, 438.4243
523643,7.8467,0.002924,342.00, 438.4243
523644,7.8496,0.002950,339.03, 438.4243
523645,7.8525,0.002958,338.05, 438.4243
523646,7.8555,0.003057,327.11, 438.4243
523647,7.8584,0.002977,335.89, 438.4243
523648,7.8613,0.002995,333.92, 438.4243
523649,7.8647,0.003008,332.41, 438.4243
523650,7.8677,0.003005,332.79, 438.4243
523651,7.8706,0.003037,329.32, 438.4237
523652,7.8735,0.003033,329.66, 438.4243
523653,7.8765,0.002954,338.54, 438.4243
523654,7.8794,0.002956,338.28, 438.4243
523655,7.8823,0.002966,337.15, 438.4240
523656,7.8853,0.002976,335.98, 438.4240
523657,7.8887,0.003041,328.80, 438.4243
523658,7.8916,0.003014,331.81, 438.4243
523659,7.8945,0.002910,343.60, 438.4243
523660,7.8975,0.003025,330.57, 438.4243
523661,7.9004,0.002970,336.70, 438.4281
523662,7.9033,0.002987,334.75, 438.4243
523663,7.9063,0.002914,343.22, 438.4243
523664,7.9092,0.003001,333.28, 438.4243
523665,7.9121,0.002970,336.67, 438.4237
523666,7.9155,0.003001,333.24, 438.4240
523667,7.9185,0.003023,330.78, 438.4261
523668,7.9214,0.003040,328.97, 438.4240
523669,7.9243,0.003050,327.90, 438.4243
523670,7.9277,0.003228,309.84, 438.4243
523671,7.9307,0.003103,322.27, 438.4243
523672,7.9341,0.003206,311.94, 438.4237
523673,7.9370,0.003049,327.98, 438.4240
523674,7.9399,0.003092,323.47, 438.4237
523675,7.9429,0.003027,330.39, 438.4240
523676,7.9463,0.003030,330.05, 438.4240
523677,7.9492,0.003025,330.59, 438.4237
523678,7.9521,0.003157,316.77, 438.4237
523679,7.9556,0.003040,328.94, 438.4243
523680,7.9585,0.003005,332.77, 438.4243
523681,7.9614,0.002929,341.47, 438.4243
523682,7.9644,0.003004,332.88, 438.4240
523683,7.9673,0.003011,332.15, 438.4243
523684,7.9702,0.002966,337.12, 438.4243
523685,7.9731,0.002981,335.41, 438.4243
523686,7.9761,0.002993,334.08, 438.4243
523687,7.9790,0.002925,341.86, 438.4243
523688,7.9824,0.003256,307.10, 438.4237
523689,7.9858,0.003177,314.74, 438.4243
523690,7.9888,0.003048,328.13, 438.4237
523691,7.9917,0.002946,339.50, 438.4243
523692,7.9946,0.002994,334.00, 438.4237
523693,7.9976,0.003003,333.06, 438.4243
523694,8.0010,0.003177,314.73, 438.4237
523695,8.0039,0.003376,296.18, 438.4237
523696,8.0073,0.003213,311.20, 438.4240
523697,8.0103,0.003067,326.06, 438.4243
523698,8.0137,0.003021,331.04, 438.4240
523699,8.0166,0.002919,342.59, 438.4243
523700,8.0195,0.002957,338.19, 438.4243
523701,8.0225,0.002927,341.67, 438.4243
523702,8.0254,0.002974,336.27, 438.4237
523703,8.0283,0.003052,327.65, 438.4243
523704,8.0313,0.003144,318.11, 438.4311
523705,8.0342,0.002993,334.08, 438.4243
523706,8.0376,0.002985,334.99, 438.4243
523707,8.0405,0.002953,338.62, 438.4240
523708,8.0435,0.003180,314.45, 438.4240
523709,8.0464,0.003079,324.77, 438.4237
523710,8.0498,0.003049,327.94, 438.4243
523711,8.0527,0.002990,334.47, 438.4240
523712,8.0557,0.002977,335.94, 438.4243
523713,8.0586,0.002967,337.01, 438.4243
523714,8.0615,0.003063,326.48, 438.4240
523715,8.0645,0.002983,335.23, 438.4243
523716,8.0679,0.002990,334.41, 438.4243
523717,8.0708,0.003043,328.61, 438.4237
523718,8.0737,0.003155,317.01, 438.4240
523719,8.0767,0.002994,334.01, 438.4243
523720,8.0796,0.003001,333.18, 438.4243
523721,8.0830,0.002984,335.08, 438.4240
523722,8.0859,0.002992,334.24, 438.4243
523723,8.0889,0.003054,327.42, 438.4240
523724,8.0923,0.003602,277.62, 438.4237
523725,8.0957,0.003178,314.64, 438.4243
523726,8.0986,0.002992,334.22, 438.4243
523727,8.1016,0.003001,333.28, 438.4243
523728,8.1045,0.002971,336.63, 438.4243
523729,8.1074,0.003063,326.50, 438.4243
523730,8.1108,0.003008,332.42, 438.4237
523731,8.1138,0.002972,336.44, 438.4243
523732,8.1167,0.002925,341.85, 438.4243
523733,8.1196,0.003014,331.84, 438.4243
523734,8.1230,0.003539,282.55, 438.4237
523735,8.1265,0.003276,305.27, 438.4244
523736,8.1294,0.003152,317.25, 438.4243
523737,8.1328,0.003027,330.40, 438.4243
523738,8.1357,0.002951,338.91, 438.4243
523739,8.1387,0.003012,331.96, 438.4243
523740,8.1416,0.002945,339.54, 438.4243
523741,8.1445,0.002980,335.54, 438.4240
523742,8.1475,0.002920,342.50, 438.4243
523743,8.1504,0.002949,339.05, 438.4243
523744,8.1533,0.003012,332.01, 438.4240
523745,8.1563,0.002985,335.04, 438.4243
523746,8.1592,0.003004,332.86, 438.4243
523747,8.1621,0.002952,338.78, 438.4243
523748,8.1650,0.002939,340.26, 438.4243
523749,8.1680,0.002947,339.33, 438.4243
523750,8.1714,0.002974,336.24, 438.4243
523751,8.1738,0.002915,343.08, 438.4243
523752,8.1772,0.002945,339.55, 438.4243
523753,8.1797,0.002893,345.61, 438.4243
523754,8.1831,0.003020,331.18, 438.4237
523755,8.1855,0.002839,352.24, 438.4286
523756,8.1885,0.002927,341.71, 438.4243
523757,8.1914,0.002918,342.70, 438.4237
523758,8.1948,0.003037,329.33, 438.4243
523759,8.1978,0.002905,344.29, 438.4243
523760,8.2007,0.003051,327.78, 438.4243
523761,8.2036,0.002920,342.43, 438.4243
523762,8.2065,0.003011,332.07, 438.4243
523763,8.2095,0.002917,342.78, 438.4243
523764,8.2124,0.002980,335.53, 438.4237
523765,8.2153,0.002978,335.81, 438.4243
523766,8.2188,0.003174,315.07, 438.4237
523767,8.2217,0.003075,325.21, 438.4243
523768,8.2246,0.003146,317.88, 438.4243
523769,8.2280,0.003084,324.23, 438.4240
523770,8.2310,0.003160,316.46, 438.4237
523771,8.2344,0.003119,320.67, 438.4237
523772,8.2373,0.003157,316.73, 438.4240
523773,8.2402,0.003063,326.43, 438.4237
523774,8.2437,0.003213,311.23, 438.4240
523775,8.2466,0.003107,321.87, 438.4243
523776,8.2500,0.003085,324.13, 438.4237
523777,8.2529,0.003103,322.29, 438.4240
523778,8.2559,0.003090,323.59, 438.4243
523779,8.2593,0.003082,324.51, 438.4237
523780,8.2622,0.003127,319.85, 438.4243
523781,8.2651,0.003181,314.38, 438.4237
523782,8.2686,0.003238,308.80, 438.4237
523783,8.2720,0.003169,315.57, 438.4237
523784,8.2749,0.003150,317.42, 438.4237
523785,8.2783,0.003207,311.80, 438.4240
523786,8.2813,0.003183,314.20, 438.4243
523787,8.2847,0.003196,312.92, 438.4276
523788,8.2876,0.003082,324.44, 438.4243
523789,8.2905,0.003163,316.17, 438.4240
523790,8.2939,0.003145,317.98, 438.4243
523791,8.2969,0.003179,314.60, 438.4237
523792,8.3003,0.003068,325.97, 438.4243
523793,8.3032,0.003175,314.93, 438.4243
523794,8.3062,0.003052,327.70, 438.4243
523795,8.3096,0.003266,306.22, 438.4243
523796,8.3130,0.003198,312.70, 438.4240
523797,8.3159,0.003051,327.73, 438.4237
523798,8.3188,0.003006,332.68, 438.4243
523799,8.3218,0.003038,329.14, 438.4243
523800,8.3247,0.003003,332.97, 438.4261
523801,8.3281,0.003052,327.68, 438.4237
523802,8.3311,0.002948,339.27, 438.4243
523803,8.3340,0.003069,325.88, 438.4240
523804,8.3369,0.002891,345.95, 438.4243
523805,8.3398,0.003055,327.38, 438.4237
523806,8.3428,0.002945,339.59, 438.4243
523807,8.3457,0.003001,333.23, 438.4243
523808,8.3486,0.002888,346.21, 438.4243
523809,8.3521,0.003078,324.88, 438.4237
523810,8.3550,0.002916,342.90, 438.4243
523811,8.3579,0.003012,332.01, 438.4243
523812,8.3608,0.002937,340.45, 438.4240
523813,8.3638,0.003083,324.34, 438.4243
523814,8.3667,0.002906,344.12, 438.4243
523815,8.3696,0.002995,333.92, 438.4243
523816,8.3726,0.002951,338.89, 438.4243
523817,8.3755,0.003019,331.27, 438.4243
523818,8.3784,0.002983,335.26, 438.4243
523819,8.3818,0.003011,332.17, 438.4243
523820,8.3848,0.002899,344.93, 438.4243
523821,8.3877,0.002963,337.45, 438.4243
523822,8.3906,0.002956,338.33, 438.4240
523823,8.3936,0.002983,335.29, 438.4243
523824,8.3965,0.002952,338.74, 438.4240
523825,8.3994,0.002944,339.65, 438.4243
523826,8.4023,0.002999,333.47, 438.4240
523827,8.4053,0.002979,335.68, 438.4243
523828,8.4082,0.002989,334.56, 438.4240
523829,8.4111,0.002949,339.09, 438.4243
523830,8.4141,0.002988,334.67, 438.4243
523831,8.4170,0.002903,344.52, 438.4243
523832,8.4204,0.003006,332.66, 438.4243
523833,8.4233,0.002960,337.80, 438.4243
523834,8.4263,0.002979,335.73, 438.4243
523835,8.4292,0.002990,334.40, 438.4240
523836,8.4321,0.003007,332.52, 438.4237
523837,8.4351,0.002912,343.47, 438.4243
523838,8.4380,0.003030,330.02, 438.4237
523839,8.4409,0.002927,341.69, 438.4243
523840,8.4438,0.003107,321.81, 438.4237
523841,8.4468,0.002907,344.02, 438.4261
523842,8.4502,0.003198,312.71, 438.4243
523843,8.4531,0.003007,332.55, 438.4243
523844,8.4561,0.003011,332.09, 438.4237
523845,8.4590,0.002926,341.75, 438.4243
523846,8.4624,0.003054,327.47, 438.4237
523847,8.4653,0.003080,324.73, 438.4243
523848,8.4683,0.003037,329.30, 438.4243
523849,8.4712,0.002979,335.64, 438.4243
523850,8.4741,0.003027,330.33, 438.4243
523851,8.4771,0.002939,340.25, 438.4240
523852,8.4805,0.003060,326.79, 438.4237
523853,8.4834,0.003066,326.18, 438.4243
523854,8.4863,0.003027,330.36, 438.4243
523855,8.4893,0.002913,343.29, 438.4243
523856,8.4927,0.003156,316.88, 438.4243
523857,8.4956,0.002984,335.12, 438.4240
523858,8.4985,0.003050,327.87, 438.4237
523859,8.5015,0.002958,338.07, 438.4243
523860,8.5044,0.003119,320.60, 438.4243
523861,8.5073,0.002924,341.99, 438.4243
523862,8.5107,0.003069,325.84, 438.4237
523863,8.5137,0.003102,322.42, 438.4243
523864,8.5166,0.003042,328.79, 438.4243
523865,8.5195,0.002924,341.99, 438.4243
523866,8.5225,0.003053,327.59, 438.4243
523867,8.5254,0.002915,343.05, 438.4243
523868,8.5288,0.003084,324.28, 438.4240
523869,8.5317,0.002961,337.74, 438.4243
523870,8.5347,0.003066,326.12, 438.4237
523871,8.5376,0.002899,345.01, 438.4243
523872,8.5405,0.003060,326.75, 438.4240
523873,8.5435,0.003014,331.82, 438.4243
523874,8.5469,0.003050,327.87, 438.4240
523875,8.5498,0.002917,342.77, 438.4243
523876,8.5527,0.003097,322.90, 438.4243
523877,8.5557,0.003067,326.09, 438.4243
523878,8.5591,0.003144,318.04, 438.4240
523879,8.5620,0.002971,336.62, 438.4243
523880,8.5649,0.002980,335.60, 438.4243
523881,8.5679,0.002906,344.09, 438.4243
523882,8.5708,0.002983,335.29, 438.4243
523883,8.5737,0.002906,344.09, 438.4237
523884,8.5767,0.002997,333.72, 438.4240
523885,8.5796,0.002941,339.97, 438.4243
523886,8.5825,0.003047,328.16, 438.4240
523887,8.5854,0.002893,345.66, 438.4243
523888,8.5884,0.002991,334.35, 438.4240
523889,8.5918,0.003021,331.01, 438.4243
523890,8.5947,0.003013,331.91, 438.4243
523891,8.5977,0.002904,344.31, 438.4243
523892,8.6006,0.002961,337.77, 438.4243
523893,8.6035,0.002922,342.21, 438.4243
523894,8.6064,0.002990,334.46, 438.4243
523895,8.6094,0.002910,343.61, 438.4243
523896,8.6123,0.002966,337.17, 438.4243
523897,8.6152,0.002909,343.71, 438.4243
523898,8.6182,0.002979,335.66, 438.4240
523899,8.6211,0.002911,343.51, 438.4243
523900,8.6240,0.002944,339.67, 438.4243
523901,8.6270,0.002938,340.39, 438.4243
523902,8.6299,0.003020,331.15, 438.4240
523903,8.6333,0.003154,317.02, 438.4243
523904,8.6362,0.002941,340.03, 438.4237
523905,8.6392,0.002980,335.62, 438.4243
523906,8.6421,0.003091,323.57, 438.4240
523907,8.6455,0.003393,294.74, 438.4243
523908,8.6484,0.003070,325.74, 438.4243
523909,8.6514,0.002969,336.86, 438.4243
523910,8.6548,0.003030,330.02, 438.4243
523911,8.6577,0.002960,337.82, 438.4243
523912,8.6606,0.002937,340.54, 438.4243
523913,8.6636,0.002991,334.34, 438.4243
523914,8.6665,0.002944,339.69, 438.4243
523915,8.6694,0.002980,335.58, 438.4243
523916,8.6724,0.002932,341.03, 438.4385
523917,8.6753,0.002983,335.24, 438.4243
523918,8.6782,0.002966,337.14, 438.4237
523919,8.6812,0.002952,338.80, 438.4243
523920,8.6841,0.003023,330.82, 438.4243
523921,8.6870,0.002978,335.77, 438.4243
523922,8.6904,0.002952,338.72, 438.4240
523923,8.6934,0.003042,328.71, 438.4243
523924,8.6963,0.002945,339.51, 438.4237
523925,8.6992,0.003107,321.81, 438.4237
523926,8.7026,0.003344,299.01, 438.4237
523927,8.7061,0.003206,311.88, 438.4243
523928,8.7090,0.003150,317.47, 438.4243
523929,8.7124,0.003556,281.25, 438.4386
523930,8.7163,0.003668,272.65, 438.4240
523931,8.7197,0.003450,289.85, 438.4240
523932,8.7231,0.003443,290.48, 438.4237
523933,8.7261,0.003126,319.94, 438.4240
523934,8.7295,0.003081,324.61, 438.4240
523935,8.7324,0.003011,332.14, 438.4237
523936,8.7354,0.003069,325.81, 438.4243
523937,8.7383,0.003004,332.86, 438.4237
523938,8.7417,0.003125,320.03, 438.4237
523939,8.7446,0.003008,332.42, 438.4243
523940,8.7476,0.003071,325.61, 438.4237
523941,8.7505,0.002998,333.56, 438.4240
523942,8.7539,0.003087,323.91, 438.4240
523943,8.7568,0.002944,339.69, 438.4237
523944,8.7598,0.003062,326.56, 438.4237
523945,8.7627,0.003075,325.26, 438.4237
523946,8.7656,0.003047,328.25, 438.4240
523947,8.7686,0.002971,336.60, 438.4243
523948,8.7720,0.003088,323.88, 438.4243
523949,8.7749,0.002947,339.28, 438.4240
523950,8.7778,0.003045,328.42, 438.4243
523951,8.7808,0.002967,337.03, 438.4243
523952,8.7837,0.003058,326.97, 438.4240
523953,8.7871,0.003025,330.62, 438.4240
523954,8.7900,0.003052,327.68, 438.4240
523955,8.7930,0.002984,335.08, 438.4243
523956,8.7959,0.003005,332.78, 438.4243
523957,8.7988,0.002964,337.42, 438.4243
523958,8.8018,0.003025,330.63, 438.4237
523959,8.8052,0.002997,333.68, 438.4243
523960,8.8081,0.003063,326.53, 438.4240
523961,8.8110,0.003198,312.74, 438.4237
523962,8.8145,0.003181,314.41, 438.4240
523963,8.8174,0.002949,339.16, 438.4240
523964,8.8203,0.003047,328.18, 438.4240
523965,8.8232,0.002980,335.63, 438.4240
523966,8.8267,0.003193,313.17, 438.4237
523967,8.8296,0.003205,312.00, 438.4240
523968,8.8330,0.003095,323.15, 438.4243
523969,8.8359,0.002951,338.83, 438.4243
523970,8.8389,0.003043,328.60, 438.4240
523971,8.8418,0.002988,334.73, 438.4243
523972,8.8447,0.003073,325.45, 438.4240
523973,8.8481,0.003019,331.29, 438.4237
523974,8.8511,0.003151,317.38, 438.4240
523975,8.8540,0.002974,336.24, 438.4243
523976,8.8569,0.003045,328.43, 438.4243
523977,8.8599,0.002985,335.04, 438.4243
523978,8.8633,0.003000,333.39, 438.4243
523979,8.8662,0.002910,343.61, 438.4243
523980,8.8691,0.003004,332.88, 438.4243
523981,8.8721,0.002935,340.67, 438.4243
523982,8.8750,0.003073,325.43, 438.4243
523983,8.8779,0.002854,350.39, 438.4486
523984,8.8809,0.003175,314.99, 438.4240
523985,8.8838,0.002942,339.89, 438.4243
523986,8.8872,0.003015,331.66, 438.4237
523987,8.8901,0.002928,341.50, 438.4243
523988,8.8931,0.003044,328.55, 438.4243
523989,8.8960,0.002913,343.29, 438.4240
523990,8.8989,0.002982,335.33, 438.4243
523991,8.9019,0.002899,344.95, 438.4243
523992,8.9048,0.003051,327.72, 438.4243
523993,8.9077,0.002919,342.56, 438.4243
523994,8.9106,0.003037,329.29, 438.4240
523995,8.9136,0.002948,339.22, 438.4243
523996,8.9165,0.002966,337.18, 438.4243
523997,8.9194,0.002947,339.28, 438.4240
523998,8.9229,0.003006,332.62, 438.4243
523999,8.9258,0.002921,342.40, 438.4243
524000,8.9287,0.002963,337.54, 438.4240
524001,8.9316,0.002957,338.16, 438.4243
524002,8.9346,0.003029,330.13, 438.4240
524003,8.9375,0.002949,339.09, 438.4243
524004,8.9404,0.002977,335.93, 438.4237
524005,8.9434,0.002975,336.11, 438.4243
524006,8.9463,0.002940,340.17, 438.4252
524007,8.9492,0.003034,329.60, 438.4243
524008,8.9526,0.003089,323.70, 438.4237
524009,8.9556,0.003023,330.80, 438.4243
524010,8.9585,0.002997,333.72, 438.4237
524011,8.9614,0.002961,337.78, 438.4243
524012,8.9644,0.002951,338.87, 438.4243
524013,8.9673,0.003022,330.93, 438.4243
524014,8.9702,0.003000,333.32, 438.4237
524015,8.9731,0.002957,338.15, 438.4243
524016,8.9761,0.002937,340.48, 438.4243
524017,8.9795,0.002981,335.49, 438.4243
524018,8.9824,0.003039,329.07, 438.4243
524019,8.9854,0.002982,335.31, 438.4243
524020,8.9883,0.003011,332.09, 438.4237
524021,8.9912,0.003025,330.62, 438.4243
524022,8.9941,0.002966,337.17, 438.4237
524023,8.9976,0.003130,319.47, 438.4261
524024,9.0005,0.003222,310.38, 438.4237
524025,9.0039,0.003068,326.00, 438.4243
524026,9.0068,0.002996,333.73, 438.4243
524027,9.0098,0.003038,329.22, 438.4240
524028,9.0127,0.003025,330.53, 438.4240
524029,9.0156,0.002980,335.60, 438.4243
524030,9.0186,0.002920,342.52, 438.4243
524031,9.0215,0.002954,338.55, 438.4243
524032,9.0244,0.002930,341.31, 438.4237
524033,9.0278,0.003056,327.21, 438.4243
524034,9.0308,0.003031,329.92, 438.4237
524035,9.0337,0.003010,332.18, 438.4243
524036,9.0366,0.002928,341.50, 438.4237
524037,9.0396,0.003012,332.03, 438.4243
524038,9.0425,0.002965,337.29, 438.4237
524039,9.0454,0.003028,330.29, 438.4243
524040,9.0483,0.002959,337.99, 438.4237
524041,9.0518,0.003044,328.52, 438.4243
524042,9.0547,0.002962,337.64, 438.4237
524043,9.0576,0.003010,332.21, 438.4243
524044,9.0605,0.003190,313.47, 438.4244
524045,9.0640,0.003115,321.00, 438.4237
524046,9.0669,0.002901,344.66, 438.4243
524047,9.0698,0.002995,333.88, 438.4243
524048,9.0728,0.002965,337.27, 438.4240
524049,9.0757,0.003042,328.75, 438.4237
524050,9.0786,0.002933,341.01, 438.4243
524051,9.0815,0.002976,336.08, 438.4243
524052,9.0845,0.002875,347.81, 438.4240
524053,9.0874,0.002981,335.45, 438.4243
524054,9.0903,0.002861,349.52, 438.4243
524055,9.0933,0.003042,328.77, 438.4243
524056,9.0967,0.003007,332.55, 438.4243
524057,9.0996,0.003003,332.99, 438.4243
524058,9.1025,0.002905,344.28, 438.4240
524059,9.1055,0.003055,327.39, 438.4243
524060,9.1084,0.002945,339.57, 438.4243
524061,9.1113,0.003098,322.79, 438.4243
524062,9.1143,0.002930,341.26, 438.4243
524063,9.1172,0.002960,337.83, 438.4243
524064,9.1201,0.002897,345.18, 438.4240
524065,9.1235,0.003046,328.32, 438.4243
524066,9.1265,0.002925,341.89, 438.4243
524067,9.1294,0.002983,335.22, 438.4243
524068,9.1323,0.002905,344.26, 438.4243
524069,9.1353,0.002967,337.02, 438.4240
524070,9.1382,0.002896,345.30, 438.4243
524071,9.1411,0.002945,339.62, 438.4243
524072,9.1440,0.002972,336.47, 438.4237
524073,9.1470,0.002941,340.00, 438.4243
524074,9.1499,0.002899,344.92, 438.4243
524075,9.1528,0.002951,338.83, 438.4243
524076,9.1558,0.002938,340.43, 438.4243
524077,9.1587,0.002942,339.87, 438.4243
524078,9.1616,0.003063,326.51, 438.4243
524079,9.1646,0.003038,329.14, 438.4243
524080,9.1675,0.002973,336.38, 438.4240
524081,9.1704,0.002960,337.86, 438.4243
524082,9.1738,0.003026,330.46, 438.4237
524083,9.1768,0.002999,333.44, 438.4243
524084,9.1797,0.003001,333.28, 438.4243
524085,9.1826,0.002978,335.76, 438.4240
524086,9.1855,0.002964,337.37, 438.4243
524087,9.1885,0.002968,336.98, 438.4243
524088,9.1919,0.003125,320.05, 438.4243
524089,9.1948,0.002979,335.73, 438.4243
524090,9.1978,0.003023,330.79, 438.4243
524091,9.2007,0.003013,331.85, 438.4243
524092,9.2036,0.003039,329.10, 438.4243
524093,9.2065,0.002952,338.74, 438.4243
524094,9.2095,0.002986,334.85, 438.4240
524095,9.2124,0.002975,336.10, 438.4243
524096,9.2158,0.003001,333.28, 438.4243
524097,9.2188,0.003001,333.23, 438.4240
524098,9.2217,0.003017,331.43, 438.4243
524099,9.2246,0.002937,340.50, 438.4237
524100,9.2275,0.003011,332.14, 438.4243
524101,9.2305,0.003013,331.87, 438.4243
524102,9.2339,0.003044,328.57, 438.4240
524103,9.2368,0.003035,329.45, 438.4237
524104,9.2397,0.003093,323.35, 438.4240
524105,9.2427,0.002986,334.93, 438.4240
524106,9.2456,0.003023,330.76, 438.4240
524107,9.2485,0.002953,338.65, 438.4243
524108,9.2520,0.003022,330.87, 438.4243
524109,9.2549,0.002930,341.33, 438.4243
524110,9.2578,0.003008,332.50, 438.4243
524111,9.2607,0.002974,336.27, 438.4243
524112,9.2637,0.003073,325.43, 438.4240
524113,9.2666,0.002893,345.67, 438.4243
524114,9.2695,0.003076,325.07, 438.4243
524115,9.2725,0.002931,341.24, 438.4243
524116,9.2759,0.003004,332.93, 438.4240
524117,9.2788,0.003021,331.05, 438.4243
524118,9.2817,0.003041,328.89, 438.4237
524119,9.2847,0.002894,345.60, 438.4243
524120,9.2876,0.002981,335.51, 438.4240
524121,9.2905,0.002988,334.72, 438.4243
524122,9.2939,0.003134,319.13, 438.4243
524123,9.2969,0.002941,340.01, 438.4243
524124,9.2998,0.002992,334.27, 438.4243
524125,9.3027,0.002942,339.92, 438.4243
524126,9.3057,0.002985,335.01, 438.4237
524127,9.3086,0.002930,341.27, 438.4243
524128,9.3115,0.003037,329.32, 438.4240
524129,9.3145,0.002955,338.39, 438.4243
524130,9.3174,0.002971,336.61, 438.4237
524131,9.3203,0.002935,340.75, 438.4243
524132,9.3232,0.003055,327.35, 438.4237
524133,9.3267,0.002964,337.37, 438.4243
524134,9.3296,0.002943,339.85, 438.4243
524135,9.3325,0.002942,339.90, 438.4243
524136,9.3354,0.002930,341.34, 438.4237
524137,9.3384,0.002969,336.83, 438.4243
524138,9.3413,0.002996,333.80, 438.4237
524139,9.3442,0.002969,336.81, 438.4243
524140,9.3472,0.002998,333.54, 438.4243
524141,9.3501,0.003048,328.07, 438.4286
524142,9.3535,0.003069,325.82, 438.4243
524143,9.3564,0.003036,329.42, 438.4243
524144,9.3594,0.002917,342.77, 438.4240
524145,9.3623,0.003088,323.87, 438.4243
524146,9.3652,0.002912,343.36, 438.4243
524147,9.3682,0.002964,337.35, 438.4243
524148,9.3711,0.002974,336.20, 438.4240
524149,9.3740,0.003073,325.47, 438.4240
524150,9.3770,0.002926,341.75, 438.4243
524151,9.3804,0.002987,334.81, 438.4243
524152,9.3833,0.002963,337.51, 438.4243
524153,9.3862,0.002992,334.24, 438.4243
524154,9.3892,0.002947,339.37, 438.4237
524155,9.3921,0.003044,328.56, 438.4240
524156,9.3950,0.002944,339.64, 438.4240
524157,9.3979,0.003014,331.84, 438.4243
524158,9.4009,0.002920,342.50, 438.4240
524159,9.4038,0.003004,332.91, 438.4243
524160,9.4067,0.002867,348.77, 438.4243
524161,9.4097,0.003030,330.01, 438.4240
524162,9.4131,0.003053,327.54, 438.4243
524163,9.4160,0.002992,334.25, 438.4240
524164,9.4189,0.002897,345.22, 438.4243
524165,9.4219,0.003038,329.21, 438.4240
524166,9.4248,0.002961,337.72, 438.4243
524167,9.4277,0.003043,328.63, 438.4243
524168,9.4307,0.002920,342.49, 438.4243
524169,9.4341,0.003056,327.24, 438.4237
524170,9.4365,0.002863,349.32, 438.4240
524171,9.4399,0.003008,332.45, 438.4237
524172,9.4429,0.002945,339.62, 438.4243
524173,9.4458,0.003004,332.88, 438.4243
524174,9.4487,0.002888,346.25, 438.4240
524175,9.4517,0.003060,326.77, 438.4243
524176,9.4546,0.002913,343.25, 438.4243
524177,9.4575,0.003054,327.40, 438.4240
524178,9.4604,0.002962,337.66, 438.4240
524179,9.4634,0.002996,333.73, 438.4243
524180,9.4663,0.002919,342.63, 438.4240
524181,9.4692,0.002995,333.92, 438.4243
524182,9.4722,0.002953,338.65, 438.4243
524183,9.4756,0.002993,334.08, 438.4243
524184,9.4785,0.002952,338.71, 438.4243
524185,9.4814,0.003085,324.18, 438.4243
524186,9.4844,0.003071,325.58, 438.4240
524187,9.4873,0.003007,332.60, 438.4243
524188,9.4902,0.002939,340.25, 438.4243
524189,9.4937,0.002984,335.17, 438.4237
524190,9.4966,0.002954,338.50, 438.4243
524191,9.4995,0.002924,342.04, 438.4261
524192,9.5024,0.003070,325.73, 438.4237
524193,9.5054,0.002997,333.69, 438.4243
524194,9.5083,0.002948,339.25, 438.4243
524195,9.5112,0.002969,336.87, 438.4237
524196,9.5142,0.002971,336.64, 438.4243
524197,9.5171,0.002957,338.24, 438.4243
524198,9.5200,0.002974,336.24, 438.4237
524199,9.5229,0.002948,339.26, 438.4243
524200,9.5259,0.002967,337.04, 438.4243
524201,9.5293,0.002971,336.60, 438.4243
524202,9.5322,0.003009,332.34, 438.4237
524203,9.5352,0.002949,339.09, 438.4240
524204,9.5381,0.002963,337.53, 438.4237
524205,9.5410,0.002914,343.16, 438.4237
524206,9.5439,0.003082,324.51, 438.4237
524207,9.5469,0.003088,323.88, 438.4243
524208,9.5503,0.003026,330.47, 438.4237
524209,9.5532,0.002978,335.77, 438.4240
524210,9.5562,0.003099,322.72, 438.4240
524211,9.5591,0.002974,336.26, 438.4243
524212,9.5620,0.003078,324.85, 438.4237
524213,9.5654,0.003032,329.82, 438.4240
524214,9.5684,0.003037,329.27, 438.4243
524215,9.5713,0.002954,338.51, 438.4261
524216,9.5742,0.003039,329.11, 438.4243
524217,9.5771,0.002964,337.39, 438.4243
524218,9.5801,0.003023,330.75, 438.4237
524219,9.5830,0.002936,340.56, 438.4261
524220,9.5864,0.003094,323.20, 438.4243
524221,9.5894,0.003002,333.10, 438.4240
524222,9.5923,0.003069,325.80, 438.4243
524223,9.5952,0.002973,336.33, 438.4243
524224,9.5981,0.003005,332.78, 438.4243
524225,9.6011,0.002940,340.17, 438.4243
524226,9.6045,0.002995,333.90, 438.4240
524227,9.6074,0.002942,339.88, 438.4243
524228,9.6104,0.003077,325.02, 438.4240
524229,9.6133,0.002997,333.66, 438.4243
524230,9.6162,0.002995,333.91, 438.4240
524231,9.6191,0.002884,346.76, 438.4243
524232,9.6221,0.003039,329.11, 438.4243
524233,9.6255,0.003158,316.69, 438.4243
524234,9.6284,0.003086,324.09, 438.4237
524235,9.6313,0.002952,338.71, 438.4243
524236,9.6343,0.003038,329.19, 438.4243
524237,9.6372,0.002955,338.44, 438.4243
524238,9.6406,0.003035,329.51, 438.4243
524239,9.6436,0.002954,338.54, 438.4243
524240,9.6465,0.002990,334.47, 438.4240
524241,9.6494,0.002924,342.06, 438.4237
524242,9.6523,0.003029,330.19, 438.4240
524243,9.6553,0.002999,333.41, 438.4240
524244,9.6582,0.003048,328.06, 438.4240
524245,9.6611,0.002971,336.56, 438.4243
524246,9.6646,0.003013,331.95, 438.4243
524247,9.6675,0.002984,335.15, 438.4243
524248,9.6704,0.003022,330.86, 438.4240
524249,9.6733,0.002938,340.41, 438.4243
524250,9.6763,0.002956,338.27, 438.4252
524251,9.6792,0.002905,344.22, 438.4261
524252,9.6821,0.002985,334.99, 438.4261
524253,9.6851,0.002969,336.79, 438.4243
524254,9.6880,0.003017,331.50, 438.4240
524255,9.6909,0.002925,341.92, 438.4243
524256,9.6938,0.002963,337.45, 438.4240
524257,9.6973,0.002984,335.10, 438.4243
524258,9.7002,0.002978,335.75, 438.4243
524259,9.7031,0.003338,299.56, 438.4240
524260,9.7065,0.003275,305.32, 438.4240
524261,9.7100,0.003222,310.36, 438.4243
524262,9.7134,0.003521,283.99, 438.4237
524263,9.7168,0.003428,291.74, 438.4271
524264,9.7207,0.003707,269.79, 438.4237
524265,9.7236,0.003365,297.15, 438.4243
524266,9.7271,0.003164,316.11, 438.4243
524267,9.7300,0.003016,331.61, 438.4243
524268,9.7329,0.003045,328.44, 438.4240
524269,9.7358,0.002945,339.51, 438.4243
524270,9.7393,0.002999,333.46, 438.4237
524271,9.7417,0.002904,344.38, 438.4356
524272,9.7451,0.003081,324.53, 438.4237
524273,9.7480,0.002976,335.99, 438.4240
524274,9.7510,0.002971,336.63, 438.4243
524275,9.7539,0.002928,341.48, 438.4243
524276,9.7568,0.002942,339.90, 438.4243
524277,9.7598,0.002934,340.80, 438.4243
524278,9.7627,0.003008,332.49, 438.4243
524279,9.7656,0.003015,331.63, 438.4240
524280,9.7690,0.003165,315.97, 438.4240
524281,9.7720,0.002982,335.36, 438.4243
524282,9.7749,0.003042,328.71, 438.4237
524283,9.7778,0.002933,341.01, 438.4243
524284,9.7813,0.003132,319.34, 438.4243
524285,9.7842,0.002928,341.58, 438.4243
524286,9.7871,0.002986,334.95, 438.4243
524287,9.7900,0.002993,334.08, 438.4243
524288,9.7930,0.003126,319.87, 438.4240
524289,9.7959,0.003022,330.88, 438.4243
524290,9.7993,0.003031,329.98, 438.4243
524291,9.8022,0.002953,338.67, 438.4243
524292,9.8052,0.003052,327.65, 438.4243
524293,9.8081,0.002939,340.22, 438.4243
524294,9.8110,0.003087,323.98, 438.4240
524295,9.8140,0.003029,330.13, 438.4237
524296,9.8174,0.003005,332.78, 438.4243
524297,9.8203,0.002978,335.85, 438.4243
524298,9.8232,0.003008,332.45, 438.4237
524299,9.8262,0.002923,342.07, 438.4243
524300,9.8291,0.003067,326.06, 438.4243
524301,9.8320,0.002951,338.91, 438.4311
524302,9.8350,0.003041,328.86, 438.4240
524303,9.8379,0.002949,339.05, 438.4243
524304,9.8413,0.003135,319.00, 438.4261
524305,9.8442,0.003154,317.04, 438.4306
524306,9.8477,0.003041,328.89, 438.4237
524307,9.8506,0.002945,339.55, 438.4240
524308,9.8535,0.003049,327.98, 438.4240
524309,9.8564,0.002944,339.63, 438.4237
524310,9.8594,0.003014,331.75, 438.4240
524311,9.8623,0.002972,336.46, 438.4240
524312,9.8652,0.003021,330.97, 438.4240
524313,9.8682,0.002931,341.13, 438.4240
524314,9.8711,0.002997,333.72, 438.4237
524315,9.8740,0.002900,344.84, 438.4243
524316,9.8774,0.003023,330.75, 438.4243
524317,9.8804,0.002912,343.47, 438.4243
524318,9.8833,0.002999,333.46, 438.4240
524319,9.8862,0.002867,348.81, 438.4243
524320,9.8892,0.002999,333.50, 438.4243
524321,9.8921,0.002992,334.19, 438.4243
524322,9.8950,0.003002,333.14, 438.4240
524323,9.8979,0.002942,339.88, 438.4243
524324,9.9009,0.002988,334.69, 438.4243
524325,9.9038,0.002924,342.06, 438.4243
524326,9.9067,0.003009,332.33, 438.4240
524327,9.9097,0.002997,333.62, 438.4243
524328,9.9131,0.003030,330.01, 438.4237
524329,9.9160,0.002927,341.61, 438.4243
524330,9.9189,0.002974,336.20, 438.4243
524331,9.9219,0.003023,330.82, 438.4240
524332,9.9248,0.003024,330.68, 438.4243
524333,9.9277,0.002949,339.09, 438.4245
524334,9.9307,0.003000,333.33, 438.4240
524335,9.9336,0.002958,338.04, 438.4243
524336,9.9370,0.003065,326.24, 438.4243
524337,9.9399,0.003004,332.87, 438.4243
524338,9.9429,0.003075,325.19, 438.4240
524339,9.9458,0.002954,338.57, 438.4243
524340,9.9487,0.002981,335.51, 438.4237
524341,9.9517,0.003046,328.34, 438.4240
524342,9.9551,0.003087,323.96, 438.4240
524343,9.9580,0.002971,336.55, 438.4243
524344,9.9609,0.002984,335.11, 438.4237
524345,9.9639,0.002994,334.05, 438.4243
524346,9.9668,0.002963,337.53, 438.4243
524347,9.9697,0.002979,335.72, 438.4243
524348,9.9727,0.002997,333.63, 438.4243
524349,9.9761,0.003015,331.68, 438.4243
524350,9.9790,0.002927,341.69, 438.4237
524351,9.9819,0.003011,332.17, 438.4240
524352,9.9849,0.003102,322.40, 438.4240
524353,9.9878,0.002979,335.68, 438.4243
524354,9.9907,0.003049,327.99, 438.4237
524355,9.9941,0.003042,328.70, 438.4243
524356,9.9971,0.002971,336.54, 438.4243
524357,10.0000,0.003011,332.16, 438.4240
