TotalFrame,Time,DeltaTime,FPS,RAM
534306,0.0000,0.014064,71.10, 439.0307
534307,0.0000,0.014064,71.10, 439.2657
534308,0.0200,0.020000,50.00, 439.0887
534309,0.0234,0.003540,282.53, 439.0553
534310,0.0264,0.002999,333.46, 439.0696
534311,0.0361,0.009508,105.18, 439.0550
534312,0.0391,0.003179,314.53, 439.0545
534313,0.0425,0.003043,328.62, 439.0551
534314,0.0454,0.003088,323.84, 439.0551
534315,0.0483,0.002945,339.52, 439.0693
534316,0.0513,0.003073,325.41, 439.0548
534317,0.0542,0.003068,325.97, 439.0545
534318,0.0576,0.003199,312.61, 439.0546
534319,0.0605,0.003028,330.28, 439.0494
534320,0.0640,0.003082,324.48, 439.0494
534321,0.0669,0.002979,335.69, 439.0497
534322,0.0698,0.003025,330.55, 439.0494
534323,0.0728,0.003025,330.60, 439.0497
534324,0.0757,0.003020,331.09, 439.0497
534325,0.0786,0.003004,332.85, 439.0497
534326,0.0820,0.003046,328.33, 439.0494
534327,0.0850,0.003049,328.03, 439.0497
534328,0.0879,0.003143,318.22, 439.0497
534329,0.0908,0.002952,338.75, 439.0497
534330,0.0942,0.003056,327.19, 439.0497
534331,0.0972,0.003006,332.69, 439.0494
534332,0.1001,0.003217,310.90, 439.0491
534333,0.1040,0.003525,283.69, 439.0494
534334,0.1069,0.003353,298.28, 439.0494
534335,0.1104,0.003227,309.86, 439.0497
534336,0.1138,0.003228,309.76, 439.0497
534337,0.1167,0.003312,301.91, 439.0494
534338,0.1201,0.003377,296.14, 439.0590
534339,0.1240,0.003529,283.41, 439.0491
534340,0.1270,0.003233,309.34, 439.0497
534341,0.1304,0.003268,305.99, 439.0497
534342,0.1333,0.003048,328.13, 439.0516
534343,0.1362,0.003112,321.31, 439.0516
534344,0.1396,0.003400,294.12, 439.0491
534345,0.1431,0.003135,318.99, 439.0494
534346,0.1460,0.003006,332.67, 439.0494
534347,0.1489,0.003163,316.20, 439.0497
534348,0.1523,0.002998,333.56, 439.0497
534349,0.1553,0.002998,333.54, 439.0497
534350,0.1582,0.002979,335.65, 439.0497
534351,0.1611,0.003052,327.71, 439.0494
534352,0.1641,0.003077,324.97, 439.0497
534353,0.1675,0.003074,325.27, 439.0497
534354,0.1704,0.003005,332.75, 439.0491
534355,0.1733,0.002987,334.83, 439.0516
534356,0.1763,0.002979,335.68, 439.0491
534357,0.1792,0.003031,329.97, 439.0516
534358,0.1826,0.003063,326.45, 439.0491
534359,0.1855,0.003011,332.08, 439.0497
534360,0.1885,0.002957,338.19, 439.0497
534361,0.1914,0.003003,332.97, 439.0497
534362,0.1943,0.002955,338.42, 439.0491
534363,0.1973,0.003023,330.81, 439.0494
534364,0.2002,0.002951,338.86, 439.0491
534365,0.2031,0.003001,333.24, 439.0497
534366,0.2061,0.002946,339.40, 439.0491
534367,0.2095,0.003019,331.24, 439.0497
534368,0.2124,0.003135,319.03, 439.0491
534369,0.2153,0.003041,328.86, 439.0497
534370,0.2183,0.002931,341.18, 439.0497
534371,0.2212,0.002978,335.84, 439.0497
534372,0.2241,0.002878,347.49, 439.0494
534373,0.2275,0.003083,324.38, 439.0497
534374,0.2300,0.002896,345.26, 439.0497
534375,0.2334,0.002971,336.54, 439.0497
534376,0.2358,0.002875,347.87, 439.0497
534377,0.2393,0.003014,331.81, 439.0497
534378,0.2422,0.002911,343.58, 439.0491
534379,0.2451,0.003002,333.07, 439.0497
534380,0.2480,0.002952,338.75, 439.0497
534381,0.2510,0.002954,338.50, 439.0497
534382,0.2539,0.002912,343.45, 439.0497
534383,0.2568,0.002987,334.74, 439.0497
534384,0.2598,0.002932,341.10, 439.0497
534385,0.2627,0.003067,326.04, 439.0497
534386,0.2656,0.002957,338.21, 439.0497
534387,0.2686,0.003015,331.69, 439.0497
534388,0.2715,0.002914,343.12, 439.0491
534389,0.2749,0.003062,326.56, 439.0497
534390,0.2778,0.002975,336.17, 439.0491
534391,0.2808,0.002964,337.43, 439.0497
534392,0.2837,0.003014,331.74, 439.0491
534393,0.2866,0.002968,336.98, 439.0497
534394,0.2896,0.002928,341.59, 439.0497
534395,0.2925,0.002927,341.66, 439.0497
534396,0.2954,0.002948,339.27, 439.0498
534397,0.2983,0.003010,332.28, 439.0497
534398,0.3013,0.002933,340.98, 439.0497
534399,0.3042,0.002887,346.38, 439.0497
534400,0.3071,0.002940,340.14, 439.0497
534401,0.3101,0.002942,339.90, 439.0497
534402,0.3130,0.003007,332.61, 439.0491
534403,0.3159,0.002965,337.26, 439.0497
534404,0.3193,0.002969,336.77, 439.0497
534405,0.3223,0.002931,341.22, 439.0494
534406,0.3252,0.002965,337.23, 439.0497
534407,0.3281,0.002974,336.26, 439.0497
534408,0.3311,0.002981,335.48, 439.0494
534409,0.3340,0.002934,340.85, 439.0491
534410,0.3369,0.002977,335.87, 439.0497
534411,0.3398,0.002877,347.56, 439.0494
534412,0.3428,0.002968,336.94, 439.0497
534413,0.3457,0.002902,344.63, 439.0497
534414,0.3486,0.003030,330.09, 439.0497
534415,0.3516,0.002934,340.87, 439.0497
534416,0.3545,0.003000,333.29, 439.0497
534417,0.3574,0.002958,338.05, 439.0497
534418,0.3604,0.002985,335.02, 439.0494
534419,0.3633,0.002878,347.51, 439.0497
534420,0.3662,0.002968,336.93, 439.0497
534421,0.3691,0.002949,339.08, 439.0497
534422,0.3721,0.002967,337.06, 439.0497
534423,0.3750,0.002871,348.27, 439.0497
534424,0.3779,0.002964,337.37, 439.0494
534425,0.3809,0.002929,341.46, 439.0497
534426,0.3838,0.002971,336.55, 439.0491
534427,0.3867,0.002910,343.62, 439.0497
534428,0.3896,0.002921,342.40, 439.0491
534429,0.3926,0.002897,345.18, 439.0497
534430,0.3955,0.002935,340.77, 439.0494
534431,0.3984,0.002993,334.15, 439.0497
534432,0.4019,0.002933,340.97, 439.0497
534433,0.4048,0.002939,340.23, 439.0497
534434,0.4072,0.002898,345.04, 439.0497
534435,0.4102,0.002910,343.63, 439.0497
534436,0.4131,0.002872,348.25, 439.0497
534437,0.4160,0.003028,330.23, 439.0497
534438,0.4189,0.002892,345.83, 439.0494
534439,0.4219,0.002967,337.00, 439.0497
534440,0.4248,0.002879,347.37, 439.0491
534441,0.4282,0.003022,330.86, 439.0497
534442,0.4307,0.002880,347.22, 439.0494
534443,0.4341,0.002998,333.57, 439.0491
534444,0.4370,0.002919,342.58, 439.0497
534445,0.4399,0.002972,336.53, 439.0497
534446,0.4429,0.002850,350.93, 439.0494
534447,0.4458,0.003039,329.10, 439.0494
534448,0.4487,0.002920,342.43, 439.0497
534449,0.4517,0.002963,337.53, 439.0497
534450,0.4546,0.002872,348.23, 439.0497
534451,0.4575,0.002968,336.89, 439.0497
534452,0.4604,0.002930,341.33, 439.0497
534453,0.4634,0.003099,322.71, 439.0497
534454,0.4668,0.003172,315.27, 439.0491
534455,0.4697,0.003015,331.69, 439.0497
534456,0.4727,0.002942,339.86, 439.0494
534457,0.4756,0.003016,331.52, 439.0497
534458,0.4785,0.002952,338.75, 439.0497
534459,0.4814,0.002971,336.59, 439.0497
534460,0.4844,0.002958,338.05, 439.0494
534461,0.4873,0.003012,331.98, 439.0497
534462,0.4907,0.003043,328.66, 439.0491
534463,0.4941,0.003495,286.16, 439.0494
534464,0.4971,0.003119,320.63, 439.0494
534465,0.5000,0.003089,323.76, 439.0497
534466,0.5034,0.002975,336.09, 439.0494
534467,0.5063,0.003137,318.81, 439.0494
534468,0.5093,0.002989,334.54, 439.0497
534469,0.5122,0.003039,329.02, 439.0491
534470,0.5151,0.002966,337.13, 439.0497
534471,0.5186,0.003002,333.17, 439.0497
534472,0.5210,0.002903,344.48, 439.0497
534473,0.5244,0.003017,331.47, 439.0497
534474,0.5273,0.002933,340.98, 439.0497
534475,0.5303,0.003077,325.02, 439.0497
534476,0.5332,0.002931,341.16, 439.0497
534477,0.5361,0.002997,333.67, 439.0497
534478,0.5391,0.002993,334.08, 439.0497
534479,0.5420,0.002982,335.33, 439.0497
534480,0.5449,0.002951,338.82, 439.0497
534481,0.5483,0.003106,321.97, 439.0497
534482,0.5513,0.002976,336.06, 439.0497
534483,0.5542,0.002991,334.38, 439.0497
534484,0.5571,0.003080,324.70, 439.0497
534485,0.5601,0.003014,331.77, 439.0497
534486,0.5635,0.002992,334.25, 439.0497
534487,0.5664,0.003002,333.13, 439.0497
534488,0.5693,0.002951,338.88, 439.0497
534489,0.5723,0.002971,336.61, 439.0497
534490,0.5752,0.002990,334.46, 439.0497
534491,0.5781,0.002971,336.62, 439.0497
534492,0.5811,0.003020,331.10, 439.0497
534493,0.5840,0.002939,340.24, 439.0497
534494,0.5869,0.002984,335.14, 439.0497
534495,0.5898,0.002911,343.54, 439.0497
534496,0.5928,0.002954,338.54, 439.0497
534497,0.5957,0.002932,341.11, 439.0497
534498,0.5991,0.003027,330.36, 439.0497
534499,0.6021,0.002953,338.67, 439.0497
534500,0.6050,0.002982,335.33, 439.0497
534501,0.6079,0.002954,338.55, 439.0497
534502,0.6108,0.002965,337.30, 439.0497
534503,0.6138,0.002934,340.81, 439.0497
534504,0.6172,0.003480,287.37, 439.0491
534505,0.6211,0.004074,245.45, 439.0494
534506,0.6245,0.003029,330.15, 439.0517
534507,0.6274,0.003150,317.42, 439.0497
534508,0.6304,0.003064,326.41, 439.0494
534509,0.6338,0.003153,317.13, 439.0494
534510,0.6367,0.003079,324.81, 439.0497
534511,0.6396,0.002984,335.12, 439.0497
534512,0.6426,0.002940,340.18, 439.0491
534513,0.6455,0.002997,333.70, 439.0494
534514,0.6489,0.003055,327.31, 439.0494
534515,0.6519,0.003053,327.53, 439.0497
534516,0.6548,0.002941,339.97, 439.0497
534517,0.6577,0.003003,332.99, 439.0497
534518,0.6606,0.002914,343.22, 439.0491
534519,0.6636,0.002973,336.34, 439.0497
534520,0.6665,0.002984,335.10, 439.0497
534521,0.6694,0.003017,331.49, 439.0494
534522,0.6724,0.002956,338.27, 439.0494
534523,0.6753,0.002951,338.87, 439.0497
534524,0.6782,0.002958,338.04, 439.0497
534525,0.6812,0.002932,341.12, 439.0497
534526,0.6846,0.002969,336.84, 439.0491
534527,0.6875,0.002941,340.07, 439.0497
534528,0.6904,0.002956,338.34, 439.0494
534529,0.6934,0.002929,341.40, 439.0494
534530,0.6963,0.003033,329.73, 439.0491
534531,0.6992,0.003045,328.37, 439.0497
534532,0.7021,0.003016,331.55, 439.0494
534533,0.7051,0.002959,337.94, 439.0497
534534,0.7080,0.002946,339.50, 439.0497
534535,0.7109,0.002907,344.04, 439.0494
534536,0.7139,0.003006,332.70, 439.0497
534537,0.7173,0.002999,333.44, 439.0497
534538,0.7202,0.002955,338.38, 439.0497
534539,0.7231,0.002925,341.90, 439.0494
534540,0.7261,0.002987,334.76, 439.0497
534541,0.7290,0.002974,336.21, 439.0497
534542,0.7319,0.002997,333.72, 439.0494
534543,0.7349,0.002916,342.99, 439.0494
534544,0.7378,0.002975,336.19, 439.0497
534545,0.7407,0.002888,346.21, 439.0497
534546,0.7437,0.002983,335.19, 439.0497
534547,0.7466,0.002901,344.77, 439.0497
534548,0.7495,0.002992,334.24, 439.0497
534549,0.7524,0.002940,340.15, 439.0497
534550,0.7554,0.002959,337.99, 439.0494
534551,0.7583,0.002893,345.70, 439.0497
534552,0.7612,0.003042,328.79, 439.0494
534553,0.7642,0.002960,337.84, 439.0497
534554,0.7676,0.003027,330.33, 439.0494
534555,0.7705,0.002863,349.26, 439.0497
534556,0.7734,0.002930,341.33, 439.0497
534557,0.7764,0.002999,333.41, 439.0497
534558,0.7793,0.003000,333.37, 439.0494
534559,0.7822,0.002900,344.86, 439.0497
534560,0.7852,0.002983,335.19, 439.0494
534561,0.7881,0.002933,341.01, 439.0497
534562,0.7910,0.002926,341.75, 439.0491
534563,0.7939,0.002921,342.41, 439.0497
534564,0.7969,0.002944,339.64, 439.0497
534565,0.7998,0.002947,339.37, 439.0497
534566,0.8027,0.002897,345.16, 439.0497
534567,0.8057,0.003036,329.34, 439.0497
534568,0.8086,0.003142,318.27, 439.0497
534569,0.8120,0.003117,320.81, 439.0497
534570,0.8154,0.003493,286.30, 439.0491
534571,0.8188,0.003470,288.20, 439.0491
534572,0.8223,0.003473,287.92, 439.0516
534573,0.8257,0.003168,315.65, 439.0497
534574,0.8286,0.003261,306.67, 439.0491
534575,0.8320,0.003138,318.71, 439.0494
534576,0.8350,0.003054,327.47, 439.0491
534577,0.8379,0.002959,337.97, 439.0497
534578,0.8408,0.003015,331.68, 439.0491
534579,0.8438,0.002920,342.43, 439.0497
534580,0.8472,0.003096,322.96, 439.0497
534581,0.8501,0.002946,339.41, 439.0497
534582,0.8530,0.003017,331.46, 439.0494
534583,0.8560,0.002929,341.41, 439.0497
534584,0.8589,0.003024,330.66, 439.0491
534585,0.8618,0.002913,343.31, 439.0494
534586,0.8647,0.003037,329.25, 439.0494
534587,0.8677,0.002981,335.47, 439.0497
534588,0.8711,0.003030,329.99, 439.0497
534589,0.8735,0.002894,345.54, 439.0497
534590,0.8770,0.002991,334.39, 439.0494
534591,0.8799,0.002930,341.34, 439.0497
534592,0.8828,0.003021,331.02, 439.0491
534593,0.8857,0.002956,338.27, 439.0497
534594,0.8887,0.002974,336.25, 439.0497
534595,0.8916,0.002917,342.78, 439.0497
534596,0.8945,0.003093,323.34, 439.0491
534597,0.8975,0.003016,331.57, 439.0494
534598,0.9004,0.002970,336.71, 439.0494
534599,0.9033,0.002930,341.29, 439.0497
534600,0.9067,0.003002,333.14, 439.0497
534601,0.9097,0.003027,330.34, 439.0494
534602,0.9126,0.002988,334.66, 439.0497
534603,0.9155,0.002978,335.84, 439.0497
534604,0.9185,0.003024,330.66, 439.0494
534605,0.9214,0.002932,341.05, 439.0497
534606,0.9243,0.002993,334.07, 439.0494
534607,0.9277,0.003188,313.70, 439.0497
534608,0.9307,0.003013,331.86, 439.0491
534609,0.9336,0.003067,326.03, 439.0497
534610,0.9365,0.002979,335.68, 439.0491
534611,0.9399,0.002960,337.86, 439.0497
534612,0.9429,0.002974,336.21, 439.0494
534613,0.9458,0.002989,334.55, 439.0497
534614,0.9487,0.002971,336.55, 439.0497
534615,0.9517,0.002933,340.96, 439.0497
534616,0.9546,0.002907,344.06, 439.0494
534617,0.9575,0.003084,324.31, 439.0497
534618,0.9604,0.002917,342.85, 439.0491
534619,0.9634,0.002998,333.52, 439.0497
534620,0.9663,0.002958,338.07, 439.0494
534621,0.9692,0.002979,335.71, 439.0497
534622,0.9722,0.002892,345.77, 439.0497
534623,0.9751,0.002981,335.47, 439.0497
534624,0.9780,0.002940,340.15, 439.0491
534625,0.9814,0.003017,331.49, 439.0497
534626,0.9844,0.002927,341.65, 439.0494
534627,0.9873,0.003061,326.66, 439.0497
534628,0.9902,0.002936,340.59, 439.0494
534629,0.9932,0.003018,331.40, 439.0497
534630,0.9961,0.002924,341.99, 439.0491
534631,0.9990,0.003026,330.47, 439.0497
534632,1.0020,0.002893,345.67, 439.0497
534633,1.0049,0.002988,334.65, 439.0491
534634,1.0078,0.002879,347.34, 439.0497
534635,1.0112,0.003146,317.84, 439.0491
534636,1.0142,0.002987,334.81, 439.0497
534637,1.0171,0.003075,325.22, 439.0491
534638,1.0200,0.002888,346.32, 439.0497
534639,1.0229,0.002984,335.08, 439.0494
534640,1.0259,0.002944,339.70, 439.0497
534641,1.0293,0.003174,315.07, 439.0491
534642,1.0322,0.003075,325.18, 439.0495
534643,1.0352,0.003097,322.86, 439.0497
534644,1.0381,0.002933,340.98, 439.0497
534645,1.0410,0.003007,332.52, 439.0497
534646,1.0439,0.002910,343.69, 439.0497
534647,1.0474,0.003065,326.31, 439.0497
534648,1.0503,0.002961,337.69, 439.0497
534649,1.0532,0.002974,336.25, 439.0497
534650,1.0562,0.002923,342.14, 439.0491
534651,1.0591,0.002996,333.79, 439.0497
534652,1.0620,0.002935,340.74, 439.0497
534653,1.0649,0.002999,333.41, 439.0497
534654,1.0679,0.003073,325.45, 439.0497
534655,1.0713,0.003225,310.09, 439.0497
534656,1.0742,0.003122,320.30, 439.0497
534657,1.0776,0.003053,327.56, 439.0494
534658,1.0806,0.002994,334.03, 439.0494
534659,1.0835,0.002990,334.41, 439.0497
534660,1.0864,0.002979,335.66, 439.0494
534661,1.0894,0.002989,334.52, 439.0516
534662,1.0923,0.002922,342.20, 439.0516
534663,1.0952,0.003033,329.68, 439.0497
534664,1.0981,0.002951,338.89, 439.0497
534665,1.1011,0.003007,332.57, 439.0516
534666,1.1045,0.003081,324.62, 439.0494
534667,1.1074,0.003074,325.27, 439.0494
534668,1.1104,0.002937,340.46, 439.0497
534669,1.1133,0.002998,333.57, 439.0491
534670,1.1162,0.003009,332.36, 439.0494
534671,1.1196,0.003459,289.14, 439.0497
534672,1.1230,0.003150,317.50, 439.0497
534673,1.1265,0.003247,308.00, 439.0494
534674,1.1299,0.003381,295.78, 439.0491
534675,1.1333,0.003599,277.86, 439.0491
534676,1.1367,0.003568,280.29, 439.0491
534677,1.1401,0.003363,297.36, 439.0497
534678,1.1436,0.003197,312.82, 439.0491
534679,1.1465,0.003134,319.13, 439.0497
534680,1.1494,0.003048,328.06, 439.0491
534681,1.1523,0.003029,330.10, 439.0497
534682,1.1558,0.003021,331.04, 439.0494
534683,1.1587,0.002983,335.22, 439.0494
534684,1.1616,0.002973,336.36, 439.0516
534685,1.1646,0.003061,326.73, 439.0494
534686,1.1675,0.003073,325.40, 439.0491
534687,1.1709,0.003016,331.52, 439.0497
534688,1.1738,0.003025,330.56, 439.0494
534689,1.1768,0.002989,334.60, 439.0497
534690,1.1797,0.002985,335.04, 439.0491
534691,1.1826,0.003022,330.87, 439.0494
534692,1.1855,0.002992,334.24, 439.0491
534693,1.1885,0.002964,337.43, 439.0497
534694,1.1914,0.002913,343.25, 439.0497
534695,1.1948,0.003012,332.04, 439.0497
534696,1.1978,0.003036,329.38, 439.0491
534697,1.2007,0.002974,336.26, 439.0497
534698,1.2036,0.002945,339.60, 439.0497
534699,1.2065,0.002998,333.61, 439.0497
534700,1.2095,0.002951,338.90, 439.0491
534701,1.2124,0.003040,328.97, 439.0497
534702,1.2153,0.002988,334.65, 439.0497
534703,1.2183,0.002953,338.62, 439.0497
534704,1.2217,0.002962,337.56, 439.0491
534705,1.2246,0.002991,334.39, 439.0497
534706,1.2275,0.002994,333.98, 439.0491
534707,1.2305,0.003016,331.59, 439.0497
534708,1.2334,0.002944,339.70, 439.0491
534709,1.2363,0.003007,332.55, 439.0497
534710,1.2393,0.002948,339.27, 439.0491
534711,1.2422,0.003035,329.54, 439.0497
534712,1.2451,0.002931,341.17, 439.0494
534713,1.2485,0.003041,328.83, 439.0497
534714,1.2515,0.002964,337.43, 439.0494
534715,1.2544,0.003014,331.74, 439.0494
534716,1.2573,0.002963,337.50, 439.0497
534717,1.2603,0.002991,334.36, 439.0516
534718,1.2632,0.002906,344.10, 439.0497
534719,1.2661,0.003065,326.27, 439.0497
534720,1.2690,0.002935,340.67, 439.0491
534721,1.2725,0.003155,316.92, 439.0497
534722,1.2754,0.002965,337.22, 439.0494
534723,1.2783,0.003042,328.73, 439.0497
534724,1.2813,0.002911,343.56, 439.0497
534725,1.2842,0.002989,334.53, 439.0497
534726,1.2871,0.002978,335.84, 439.0494
534727,1.2905,0.003092,323.38, 439.0497
534728,1.2935,0.002923,342.07, 439.0497
534729,1.2964,0.003028,330.27, 439.0497
534730,1.2993,0.002954,338.58, 439.0497
534731,1.3022,0.002996,333.81, 439.0497
534732,1.3052,0.003093,323.33, 439.0491
534733,1.3086,0.003264,306.34, 439.0497
534734,1.3115,0.003087,323.91, 439.0494
534735,1.3149,0.003118,320.74, 439.0491
534736,1.3179,0.002981,335.41, 439.0497
534737,1.3208,0.003136,318.87, 439.0491
534738,1.3237,0.002949,339.16, 439.0497
534739,1.3267,0.003018,331.39, 439.0497
534740,1.3296,0.002892,345.77, 439.0497
534741,1.3330,0.003006,332.63, 439.0497
534742,1.3359,0.002977,335.95, 439.0491
534743,1.3389,0.003013,331.85, 439.0497
534744,1.3418,0.002930,341.27, 439.0497
534745,1.3447,0.002991,334.29, 439.0497
534746,1.3477,0.003015,331.63, 439.0497
534747,1.3506,0.003033,329.71, 439.0491
534748,1.3535,0.002937,340.51, 439.0497
534749,1.3569,0.003018,331.38, 439.0497
534750,1.3599,0.002936,340.59, 439.0497
534751,1.3628,0.003013,331.85, 439.0497
534752,1.3657,0.002979,335.71, 439.0497
534753,1.3687,0.003016,331.62, 439.0497
534754,1.3716,0.002996,333.83, 439.0497
534755,1.3745,0.002977,335.91, 439.0497
534756,1.3779,0.003084,324.24, 439.0497
534757,1.3809,0.002988,334.66, 439.0497
534758,1.3838,0.002977,335.89, 439.0494
534759,1.3867,0.002998,333.59, 439.0497
534760,1.3896,0.002919,342.55, 439.0499
534761,1.3926,0.003098,322.83, 439.0497
534762,1.3955,0.002948,339.21, 439.0494
534763,1.3984,0.003052,327.70, 439.0497
534764,1.4019,0.003017,331.49, 439.0497
534765,1.4048,0.003045,328.39, 439.0497
534766,1.4077,0.003015,331.68, 439.0497
534767,1.4106,0.002941,339.97, 439.0497
534768,1.4136,0.002979,335.67, 439.0494
534769,1.4165,0.002967,337.00, 439.0497
534770,1.4194,0.002981,335.41, 439.0497
534771,1.4224,0.002958,338.02, 439.0497
534772,1.4258,0.002982,335.31, 439.0497
534773,1.4287,0.002976,336.02, 439.0497
534774,1.4316,0.002990,334.48, 439.0494
534775,1.4346,0.002933,340.97, 439.0497
534776,1.4375,0.002978,335.76, 439.0499
534777,1.4404,0.002924,342.04, 439.0491
534778,1.4434,0.003013,331.93, 439.0497
534779,1.4463,0.002978,335.85, 439.0491
534780,1.4492,0.003034,329.57, 439.0497
534781,1.4521,0.002987,334.84, 439.0491
534782,1.4556,0.002989,334.57, 439.0494
534783,1.4580,0.002890,346.04, 439.0536
534784,1.4614,0.003011,332.17, 439.0494
534785,1.4644,0.002951,338.86, 439.0494
534786,1.4673,0.003058,327.01, 439.0516
534787,1.4702,0.002928,341.54, 439.0497
534788,1.4731,0.002971,336.58, 439.0497
534789,1.4761,0.002963,337.45, 439.0497
534790,1.4790,0.003046,328.27, 439.0494
534791,1.4819,0.002946,339.50, 439.0497
534792,1.4854,0.002993,334.12, 439.0494
534793,1.4878,0.002881,347.14, 439.0498
534794,1.4912,0.003021,331.01, 439.0491
534795,1.4941,0.002911,343.54, 439.0497
534796,1.4971,0.003016,331.60, 439.0497
534797,1.5000,0.002923,342.13, 439.0497
534798,1.5029,0.002977,335.87, 439.0494
534799,1.5059,0.002907,344.00, 439.0494
534800,1.5093,0.003563,280.67, 439.0497
534801,1.5122,0.002949,339.06, 439.0491
534802,1.5151,0.003064,326.35, 439.0491
534803,1.5181,0.002952,338.79, 439.0494
534804,1.5215,0.003009,332.33, 439.0494
534805,1.5244,0.002982,335.39, 439.0494
534806,1.5273,0.003051,327.82, 439.0497
534807,1.5303,0.002919,342.55, 439.0494
534808,1.5332,0.003038,329.16, 439.0497
534809,1.5361,0.002955,338.42, 439.0497
534810,1.5391,0.002993,334.07, 439.0494
534811,1.5420,0.002945,339.55, 439.0497
534812,1.5454,0.003009,332.34, 439.0497
534813,1.5483,0.002950,338.99, 439.0497
534814,1.5513,0.002985,335.00, 439.0494
534815,1.5542,0.002971,336.59, 439.0491
534816,1.5571,0.003077,325.01, 439.0497
534817,1.5601,0.002941,340.08, 439.0494
534818,1.5630,0.002997,333.70, 439.0497
534819,1.5659,0.002995,333.90, 439.0497
534820,1.5693,0.002999,333.46, 439.0497
534821,1.5723,0.003060,326.82, 439.0497
534822,1.5752,0.002995,333.87, 439.0491
534823,1.5781,0.002944,339.69, 439.0497
534824,1.5811,0.002973,336.37, 439.0491
534825,1.5840,0.002995,333.91, 439.0497
534826,1.5869,0.003065,326.24, 439.0494
534827,1.5898,0.002940,340.15, 439.0497
534828,1.5933,0.002960,337.86, 439.0497
534829,1.5962,0.002990,334.45, 439.0497
534830,1.5991,0.002973,336.42, 439.0497
534831,1.6021,0.002987,334.82, 439.0497
534832,1.6050,0.002925,341.93, 439.0497
534833,1.6079,0.002964,337.40, 439.0497
534834,1.6108,0.002967,337.00, 439.0497
534835,1.6138,0.003000,333.32, 439.0497
534836,1.6167,0.003010,332.20, 439.0494
534837,1.6196,0.003012,332.02, 439.0497
534838,1.6226,0.002940,340.12, 439.0491
534839,1.6260,0.003008,332.48, 439.0497
534840,1.6289,0.002876,347.66, 439.0562
534841,1.6318,0.003017,331.47, 439.0497
534842,1.6353,0.003317,301.46, 439.0497
534843,1.6382,0.003110,321.54, 439.0497
534844,1.6411,0.002988,334.66, 439.0491
534845,1.6440,0.002989,334.55, 439.0497
534846,1.6470,0.003064,326.37, 439.0497
534847,1.6504,0.003179,314.57, 439.0494
534848,1.6533,0.003066,326.16, 439.0491
534849,1.6563,0.002998,333.54, 439.0497
534850,1.6592,0.002974,336.28, 439.0491
534851,1.6626,0.003039,329.03, 439.0497
534852,1.6655,0.003042,328.74, 439.0497
534853,1.6685,0.003039,329.03, 439.0497
534854,1.6714,0.003031,329.96, 439.0491
534855,1.6748,0.003049,328.03, 439.0497
534856,1.6777,0.002960,337.83, 439.0494
534857,1.6807,0.003008,332.47, 439.0497
534858,1.6836,0.002960,337.89, 439.0497
534859,1.6865,0.003002,333.09, 439.0497
534860,1.6895,0.002911,343.58, 439.0494
534861,1.6924,0.003002,333.17, 439.0497
534862,1.6953,0.002948,339.25, 439.0497
534863,1.6987,0.003144,318.10, 439.0507
534864,1.7017,0.003018,331.30, 439.0491
534865,1.7046,0.003024,330.64, 439.0497
534866,1.7075,0.003019,331.21, 439.0491
534867,1.7104,0.003030,330.02, 439.0497
534868,1.7134,0.002949,339.05, 439.0497
534869,1.7168,0.003039,329.01, 439.0497
534870,1.7197,0.002923,342.08, 439.0491
534871,1.7227,0.003021,331.07, 439.0497
534872,1.7256,0.003027,330.34, 439.0497
534873,1.7285,0.003067,326.04, 439.0497
534874,1.7314,0.002943,339.77, 439.0494
534875,1.7344,0.003019,331.21, 439.0497
534876,1.7373,0.002901,344.76, 439.0625
534877,1.7402,0.002971,336.55, 439.0497
534878,1.7437,0.002979,335.69, 439.0494
534879,1.7466,0.003067,326.03, 439.0497
534880,1.7495,0.002950,339.01, 439.0497
534881,1.7524,0.003010,332.23, 439.0497
534882,1.7554,0.002914,343.22, 439.0494
534883,1.7583,0.003003,332.99, 439.0497
534884,1.7612,0.002920,342.48, 439.0494
534885,1.7642,0.003002,333.08, 439.0497
534886,1.7671,0.002985,335.05, 439.0491
534887,1.7705,0.003002,333.11, 439.0497
534888,1.7734,0.002923,342.17, 439.0497
534889,1.7764,0.003014,331.80, 439.0494
534890,1.7793,0.002969,336.84, 439.0491
534891,1.7822,0.002991,334.35, 439.0494
534892,1.7852,0.002953,338.60, 439.0497
534893,1.7881,0.003102,322.35, 439.0491
534894,1.7910,0.002979,335.64, 439.0497
534895,1.7944,0.002987,334.83, 439.0494
534896,1.7974,0.002992,334.21, 439.0494
534897,1.8003,0.002992,334.20, 439.0494
534898,1.8032,0.002929,341.44, 439.0494
534899,1.8062,0.003012,332.03, 439.0494
534900,1.8091,0.002962,337.64, 439.0491
534901,1.8120,0.002979,335.68, 439.0497
534902,1.8149,0.003016,331.61, 439.0491
534903,1.8179,0.002978,335.82, 439.0497
534904,1.8213,0.003022,330.96, 439.0491
534905,1.8242,0.002966,337.12, 439.0497
534906,1.8271,0.003081,324.61, 439.0491
534907,1.8301,0.003075,325.18, 439.0497
534908,1.8330,0.002991,334.29, 439.0497
534909,1.8364,0.003193,313.20, 439.0491
534910,1.8394,0.003068,325.98, 439.0494
534911,1.8423,0.002987,334.74, 439.0497
534912,1.8452,0.002987,334.77, 439.0494
534913,1.8486,0.002961,337.70, 439.0497
534914,1.8516,0.003031,329.98, 439.0494
534915,1.8545,0.002969,336.81, 439.0494
534916,1.8574,0.002979,335.66, 439.0516
534917,1.8604,0.002918,342.75, 439.0641
534918,1.8633,0.002983,335.29, 439.0494
534919,1.8662,0.002979,335.69, 439.0497
534920,1.8691,0.002991,334.31, 439.0497
534921,1.8721,0.002955,338.39, 439.0497
534922,1.8750,0.003014,331.77, 439.0491
534923,1.8779,0.002882,346.97, 439.0570
534924,1.8813,0.003015,331.64, 439.0491
534925,1.8843,0.002928,341.54, 439.0494
534926,1.8872,0.003059,326.95, 439.0491
534927,1.8901,0.002940,340.19, 439.0497
534928,1.8931,0.003006,332.67, 439.0497
534929,1.8960,0.002947,339.36, 439.0494
534930,1.8989,0.003077,325.00, 439.0494
534931,1.9019,0.003009,332.38, 439.0497
534932,1.9053,0.003001,333.24, 439.0497
534933,1.9082,0.002968,336.97, 439.0497
534934,1.9111,0.003001,333.27, 439.0491
534935,1.9141,0.003051,327.76, 439.0497
534936,1.9170,0.003113,321.21, 439.0491
534937,1.9199,0.002933,340.94, 439.0497
534938,1.9233,0.003086,324.00, 439.0497
534939,1.9263,0.002928,341.55, 439.0601
534940,1.9292,0.003052,327.62, 439.0491
534941,1.9321,0.003006,332.69, 439.0491
534942,1.9351,0.003032,329.87, 439.0491
534943,1.9380,0.002898,345.07, 439.0497
534944,1.9409,0.002990,334.45, 439.0497
534945,1.9438,0.002921,342.31, 439.0494
534946,1.9473,0.003118,320.69, 439.0491
534947,1.9502,0.002948,339.17, 439.0497
534948,1.9531,0.003037,329.28, 439.0494
534949,1.9561,0.002891,345.96, 439.0497
534950,1.9590,0.003032,329.85, 439.0494
534951,1.9619,0.002912,343.41, 439.0497
534952,1.9648,0.003005,332.77, 439.0497
534953,1.9678,0.002946,339.44, 439.0497
534954,1.9707,0.002993,334.12, 439.0497
534955,1.9736,0.002883,346.90, 439.0497
534956,1.9771,0.003023,330.81, 439.0497
534957,1.9800,0.002944,339.72, 439.0497
534958,1.9829,0.002993,334.11, 439.0491
534959,1.9858,0.002951,338.85, 439.0497
534960,1.9888,0.002965,337.31, 439.0494
534961,1.9917,0.002948,339.24, 439.0497
534962,1.9946,0.003028,330.25, 439.0494
534963,1.9976,0.002957,338.21, 439.0497
534964,2.0005,0.002944,339.63, 439.0497
534965,2.0034,0.002949,339.05, 439.0497
534966,2.0068,0.003102,322.38, 439.0491
534967,2.0098,0.002998,333.51, 439.0497
534968,2.0127,0.002956,338.34, 439.0491
534969,2.0156,0.003011,332.15, 439.0494
534970,2.0186,0.002977,335.94, 439.0494
534971,2.0215,0.002952,338.72, 439.0491
534972,2.0244,0.002999,333.47, 439.0494
534973,2.0273,0.003013,331.92, 439.0491
534974,2.0303,0.002973,336.37, 439.0491
534975,2.0337,0.002968,336.96, 439.0497
534976,2.0366,0.002945,339.62, 439.0491
534977,2.0396,0.002960,337.80, 439.0497
534978,2.0425,0.002935,340.69, 439.0497
534979,2.0454,0.002976,336.08, 439.0497
534980,2.0483,0.002924,342.03, 439.0516
534981,2.0513,0.002974,336.25, 439.0497
534982,2.0542,0.002967,337.06, 439.0491
534983,2.0571,0.003022,330.88, 439.0497
534984,2.0601,0.002904,344.33, 439.0494
534985,2.0630,0.002971,336.61, 439.0497
534986,2.0659,0.002954,338.55, 439.0497
534987,2.0688,0.003047,328.19, 439.0497
534988,2.0723,0.002988,334.66, 439.0497
534989,2.0752,0.003025,330.55, 439.0494
534990,2.0781,0.002968,336.88, 439.0497
534991,2.0811,0.003008,332.41, 439.0497
534992,2.0840,0.002967,337.00, 439.0497
534993,2.0869,0.003096,323.03, 439.0497
534994,2.0898,0.002929,341.38, 439.0491
534995,2.0933,0.003013,331.91, 439.0497
534996,2.0962,0.002915,343.08, 439.0494
534997,2.0991,0.003062,326.63, 439.0494
534998,2.1021,0.003030,330.00, 439.0497
534999,2.1055,0.003176,314.85, 439.0497
535000,2.1084,0.002932,341.10, 439.0494
535001,2.1113,0.003028,330.31, 439.0491
535002,2.1143,0.002901,344.72, 439.0497
535003,2.1172,0.003228,309.77, 439.0491
535004,2.1211,0.003542,282.34, 439.0491
535005,2.1240,0.003238,308.88, 439.0494
535006,2.1274,0.003136,318.87, 439.0516
535007,2.1309,0.003545,282.11, 439.0497
535008,2.1343,0.003511,284.82, 439.0492
535009,2.1377,0.003358,297.83, 439.0491
535010,2.1411,0.003414,292.88, 439.0491
535011,2.1440,0.003022,330.91, 439.0497
535012,2.1475,0.003156,316.82, 439.0491
535013,2.1504,0.003017,331.51, 439.0497
535014,2.1533,0.003051,327.80, 439.0494
535015,2.1563,0.002967,337.03, 439.0497
535016,2.1592,0.003026,330.47, 439.0494
535017,2.1621,0.002904,344.41, 439.0497
535018,2.1650,0.003077,324.97, 439.0491
535019,2.1685,0.003016,331.54, 439.0497
535020,2.1714,0.003073,325.43, 439.0497
535021,2.1743,0.002931,341.19, 439.0497
535022,2.1772,0.003010,332.26, 439.0497
535023,2.1802,0.002915,343.05, 439.0497
535024,2.1831,0.003008,332.50, 439.0494
535025,2.1860,0.002965,337.23, 439.0494
535026,2.1890,0.002984,335.15, 439.0491
535027,2.1919,0.002884,346.79, 439.0497
535028,2.1948,0.002992,334.28, 439.0491
535029,2.1982,0.002978,335.82, 439.0497
535030,2.2012,0.002967,337.00, 439.0491
535031,2.2041,0.002932,341.08, 439.0497
535032,2.2070,0.003014,331.81, 439.0494
535033,2.2100,0.002947,339.29, 439.0497
535034,2.2129,0.002990,334.46, 439.0491
535035,2.2158,0.002974,336.25, 439.0494
535036,2.2188,0.003013,331.85, 439.0491
535037,2.2217,0.002948,339.26, 439.0497
535038,2.2246,0.002884,346.70, 439.0497
535039,2.2275,0.002964,337.37, 439.0497
535040,2.2305,0.002921,342.40, 439.0497
535041,2.2334,0.002993,334.11, 439.0497
535042,2.2363,0.002941,340.01, 439.0494
535043,2.2393,0.002966,337.13, 439.0497
535044,2.2427,0.002943,339.75, 439.0491
535045,2.2456,0.002993,334.12, 439.0497
535046,2.2485,0.002927,341.68, 439.0497
535047,2.2515,0.003012,332.05, 439.0497
535048,2.2544,0.002903,344.46, 439.0491
535049,2.2573,0.003040,328.91, 439.0491
535050,2.2603,0.003000,333.34, 439.0491
535051,2.2632,0.003077,324.97, 439.0497
535052,2.2666,0.002986,334.85, 439.0491
535053,2.2695,0.002996,333.79, 439.0491
535054,2.2725,0.002871,348.35, 439.0497
535055,2.2754,0.003125,320.02, 439.0491
535056,2.2783,0.003041,328.80, 439.0491
535057,2.2813,0.003079,324.75, 439.0497
535058,2.2842,0.002899,344.93, 439.0497
535059,2.2876,0.003008,332.44, 439.0491
535060,2.2900,0.002890,346.03, 439.0497
535061,2.2935,0.003041,328.82, 439.0494
535062,2.2964,0.002895,345.46, 439.0497
535063,2.2993,0.003024,330.68, 439.0497
535064,2.3022,0.003054,327.40, 439.0497
535065,2.3052,0.003118,320.70, 439.0494
535066,2.3086,0.003109,321.67, 439.0497
535067,2.3115,0.003037,329.25, 439.0491
535068,2.3145,0.002962,337.59, 439.0497
535069,2.3174,0.003058,326.99, 439.0494
535070,2.3203,0.002944,339.67, 439.0494
535071,2.3237,0.003107,321.81, 439.0497
535072,2.3267,0.003047,328.19, 439.0497
535073,2.3296,0.003026,330.51, 439.0497
535074,2.3325,0.002902,344.65, 439.0497
535075,2.3354,0.003020,331.18, 439.0491
535076,2.3384,0.002950,338.95, 439.0497
535077,2.3418,0.002978,335.84, 439.0491
535078,2.3447,0.002977,335.90, 439.0497
535079,2.3477,0.003038,329.16, 439.0491
535080,2.3506,0.002928,341.50, 439.0497
535081,2.3535,0.002998,333.51, 439.0497
535082,2.3564,0.003015,331.66, 439.0497
535083,2.3594,0.003012,332.04, 439.0497
535084,2.3623,0.002913,343.34, 439.0497
535085,2.3652,0.003015,331.63, 439.0497
535086,2.3687,0.003002,333.11, 439.0491
535087,2.3716,0.003033,329.70, 439.0494
535088,2.3745,0.002942,339.89, 439.0497
535089,2.3774,0.002999,333.41, 439.0491
535090,2.3804,0.002917,342.84, 439.0494
535091,2.3833,0.003027,330.39, 439.0491
535092,2.3862,0.002993,334.12, 439.0516
535093,2.3892,0.002940,340.09, 439.0610
535094,2.3921,0.002946,339.48, 439.0494
535095,2.3955,0.003066,326.18, 439.0497
535096,2.3984,0.003098,322.80, 439.0497
535097,2.4014,0.003130,319.54, 439.0491
535098,2.4048,0.003089,323.74, 439.0497
535099,2.4077,0.003140,318.48, 439.0491
535100,2.4111,0.003128,319.71, 439.0491
535101,2.4141,0.003183,314.21, 439.0497
535102,2.4175,0.003172,315.29, 439.0507
535103,2.4204,0.003130,319.47, 439.0616
535104,2.4233,0.003096,323.04, 439.0497
535105,2.4268,0.003182,314.31, 439.0494
535106,2.4297,0.002993,334.08, 439.0720
535107,2.4331,0.003259,306.86, 439.0497
535108,2.4360,0.003122,320.31, 439.0491
535109,2.4390,0.003140,318.48, 439.0497
535110,2.4424,0.003056,327.19, 439.0497
535111,2.4453,0.003180,314.44, 439.0491
535112,2.4487,0.003142,318.24, 439.0491
535113,2.4517,0.003154,317.03, 439.0497
535114,2.4546,0.003070,325.72, 439.0491
535115,2.4580,0.003141,318.33, 439.0497
535116,2.4609,0.003147,317.75, 439.0497
535117,2.4644,0.003172,315.31, 439.0497
535118,2.4673,0.003139,318.56, 439.0491
535119,2.4707,0.003127,319.79, 439.0497
535120,2.4736,0.003109,321.69, 439.0497
535121,2.4766,0.003174,315.10, 439.0491
535122,2.4800,0.003071,325.62, 439.0612
535123,2.4829,0.003143,318.22, 439.0494
535124,2.4863,0.003138,318.63, 439.0491
535125,2.4893,0.003085,324.20, 439.0497
535126,2.4922,0.003086,324.04, 439.0516
535127,2.4956,0.003265,306.27, 439.0497
535128,2.4985,0.003185,313.97, 439.0491
535129,2.5020,0.003052,327.71, 439.0494
535130,2.5049,0.002969,336.80, 439.0497
535131,2.5078,0.002983,335.20, 439.0497
535132,2.5107,0.002994,334.05, 439.0497
535133,2.5137,0.002997,333.64, 439.0497
535134,2.5166,0.002976,336.00, 439.0497
535135,2.5195,0.002957,338.18, 439.0497
535136,2.5225,0.002944,339.64, 439.0494
535137,2.5259,0.003046,328.30, 439.0497
535138,2.5288,0.002942,339.87, 439.0531
535139,2.5317,0.002986,334.95, 439.0497
535140,2.5347,0.002957,338.19, 439.0497
535141,2.5376,0.003009,332.34, 439.0497
535142,2.5405,0.002966,337.21, 439.0494
535143,2.5435,0.002981,335.48, 439.0497
535144,2.5464,0.003025,330.55, 439.0491
535145,2.5493,0.003009,332.38, 439.0497
535146,2.5527,0.002955,338.40, 439.0494
535147,2.5557,0.002987,334.74, 439.0497
535148,2.5586,0.002988,334.63, 439.0494
535149,2.5615,0.002995,333.85, 439.0497
535150,2.5645,0.002978,335.81, 439.0491
535151,2.5674,0.003029,330.11, 439.0494
535152,2.5703,0.002956,338.28, 439.0491
535153,2.5732,0.003003,332.96, 439.0497
535154,2.5767,0.002972,336.45, 439.0491
535155,2.5796,0.003025,330.58, 439.0497
535156,2.5825,0.002952,338.80, 439.0491
535157,2.5854,0.003221,310.47, 439.0497
535158,2.5889,0.003014,331.83, 439.0491
535159,2.5918,0.002995,333.90, 439.0497
535160,2.5947,0.002936,340.55, 439.0491
535161,2.5977,0.002995,333.88, 439.0497
535162,2.6006,0.002911,343.56, 439.0494
535163,2.6035,0.003011,332.16, 439.0497
535164,2.6064,0.002957,338.17, 439.0497
535165,2.6094,0.003039,329.06, 439.0491
535166,2.6123,0.002897,345.14, 439.0497
535167,2.6152,0.003035,329.51, 439.0516
535168,2.6187,0.003130,319.46, 439.0491
535169,2.6216,0.003280,304.87, 439.0491
535170,2.6250,0.002942,339.90, 439.0497
535171,2.6279,0.003027,330.39, 439.0497
535172,2.6309,0.002908,343.84, 439.0497
535173,2.6338,0.003023,330.85, 439.0497
535174,2.6367,0.002951,338.82, 439.0497
535175,2.6396,0.003002,333.17, 439.0494
535176,2.6426,0.002906,344.13, 439.0497
535177,2.6455,0.003012,332.05, 439.0497
535178,2.6484,0.002927,341.66, 439.0494
535179,2.6523,0.003746,266.94, 439.0491
535180,2.6563,0.003764,265.65, 439.0491
535181,2.6592,0.003042,328.77, 439.0497
535182,2.6621,0.002973,336.42, 439.0491
535183,2.6650,0.003013,331.92, 439.0497
535184,2.6685,0.003193,313.22, 439.0491
535185,2.6714,0.003071,325.66, 439.0551
535186,2.6743,0.002951,338.85, 439.0497
535187,2.6772,0.003005,332.82, 439.0497
535188,2.6802,0.003042,328.69, 439.0497
535189,2.6836,0.003041,328.85, 439.0497
535190,2.6865,0.002991,334.36, 439.0494
535191,2.6895,0.002974,336.25, 439.0497
535192,2.6924,0.002935,340.75, 439.0491
535193,2.6953,0.002994,333.96, 439.0497
535194,2.6982,0.003114,321.13, 439.0491
535195,2.7017,0.003067,326.07, 439.0494
535196,2.7046,0.002985,334.96, 439.0497
535197,2.7075,0.002979,335.64, 439.0516
535198,2.7104,0.002970,336.72, 439.0491
535199,2.7134,0.003057,327.13, 439.0497
535200,2.7163,0.002996,333.73, 439.0491
535201,2.7192,0.002968,336.96, 439.0516
535202,2.7222,0.002939,340.27, 439.0491
535203,2.7256,0.003090,323.67, 439.0516
535204,2.7285,0.002964,337.39, 439.0516
535205,2.7314,0.003029,330.13, 439.0497
535206,2.7344,0.002907,344.00, 439.0641
535207,2.7373,0.003127,319.84, 439.0494
535208,2.7402,0.002936,340.63, 439.0491
535209,2.7432,0.003001,333.28, 439.0494
535210,2.7466,0.003004,332.87, 439.0491
535211,2.7495,0.003011,332.07, 439.0497
535212,2.7524,0.003027,330.35, 439.0497
535213,2.7554,0.003156,316.87, 439.0497
535214,2.7583,0.002868,348.74, 439.0790
535215,2.7617,0.003110,321.50, 439.0497
535216,2.7646,0.002930,341.30, 439.0491
535217,2.7676,0.003060,326.81, 439.0494
535218,2.7705,0.002947,339.31, 439.0497
535219,2.7734,0.003001,333.27, 439.0497
535220,2.7764,0.002951,338.93, 439.0497
535221,2.7793,0.003020,331.08, 439.0494
535222,2.7822,0.002896,345.29, 439.0494
535223,2.7852,0.003010,332.26, 439.0497
535224,2.7881,0.002930,341.34, 439.0494
535225,2.7915,0.003012,331.99, 439.0494
535226,2.7944,0.002948,339.19, 439.0497
535227,2.7974,0.003034,329.59, 439.0497
535228,2.8003,0.002947,339.34, 439.0497
535229,2.8032,0.002983,335.24, 439.0494
535230,2.8062,0.002953,338.68, 439.0497
535231,2.8091,0.003002,333.16, 439.0497
535232,2.8120,0.002916,342.99, 439.0494
535233,2.8149,0.003007,332.51, 439.0494
535234,2.8179,0.002950,339.03, 439.0494
535235,2.8208,0.002977,335.95, 439.0497
535236,2.8237,0.002937,340.46, 439.0497
535237,2.8271,0.003014,331.83, 439.0491
535238,2.8301,0.002927,341.60, 439.0494
535239,2.8330,0.002978,335.76, 439.0491
535240,2.8359,0.002982,335.36, 439.0497
535241,2.8389,0.002986,334.86, 439.0491
535242,2.8418,0.003019,331.26, 439.0494
535243,2.8447,0.003022,330.94, 439.0491
535244,2.8481,0.003047,328.16, 439.0494
535245,2.8511,0.002985,335.02, 439.0491
535246,2.8540,0.002955,338.40, 439.0497
535247,2.8569,0.003001,333.23, 439.0491
535248,2.8599,0.002980,335.56, 439.0497
535249,2.8628,0.002954,338.54, 439.0494
535250,2.8657,0.003028,330.27, 439.0494
535251,2.8687,0.002955,338.41, 439.0497
535252,2.8716,0.003020,331.10, 439.0494
535253,2.8750,0.002958,338.08, 439.0491
535254,2.8779,0.002982,335.39, 439.0497
535255,2.8809,0.002908,343.87, 439.0497
535256,2.8838,0.003025,330.56, 439.0497
535257,2.8867,0.002984,335.12, 439.0497
535258,2.8896,0.003049,328.02, 439.0497
535259,2.8926,0.002946,339.50, 439.0497
535260,2.8955,0.003015,331.65, 439.0497
535261,2.8984,0.002933,340.96, 439.0494
535262,2.9019,0.003002,333.09, 439.0497
535263,2.9048,0.002978,335.84, 439.0494
535264,2.9077,0.003053,327.50, 439.0497
535265,2.9106,0.002928,341.55, 439.0497
535266,2.9136,0.002995,333.85, 439.0497
535267,2.9165,0.002921,342.41, 439.0497
535268,2.9194,0.003097,322.86, 439.0494
535269,2.9229,0.003117,320.83, 439.0497
535270,2.9258,0.003192,313.28, 439.0494
535271,2.9292,0.003338,299.54, 439.0491
535272,2.9321,0.003133,319.22, 439.0491
535273,2.9355,0.002989,334.57, 439.0494
535274,2.9385,0.003057,327.09, 439.0494
535275,2.9414,0.002926,341.79, 439.0497
535276,2.9443,0.003015,331.64, 439.0497
535277,2.9473,0.002970,336.66, 439.0497
535278,2.9502,0.003010,332.28, 439.0497
535279,2.9531,0.002971,336.58, 439.0497
535280,2.9565,0.003006,332.72, 439.0497
535281,2.9590,0.002884,346.79, 439.0494
535282,2.9619,0.002961,337.76, 439.0491
535283,2.9648,0.002876,347.67, 439.0497
535284,2.9683,0.003061,326.68, 439.0497
535285,2.9712,0.002907,343.95, 439.0497
535286,2.9741,0.002986,334.92, 439.0491
535287,2.9771,0.002890,346.06, 439.0497
535288,2.9800,0.002983,335.23, 439.0497
535289,2.9829,0.002944,339.64, 439.0497
535290,2.9858,0.003011,332.10, 439.0494
535291,2.9888,0.002893,345.72, 439.0494
535292,2.9917,0.002939,340.27, 439.0497
535293,2.9946,0.002969,336.77, 439.0497
535294,2.9976,0.002991,334.33, 439.0497
535295,3.0005,0.002916,342.90, 439.0497
535296,3.0034,0.002930,341.25, 439.0497
535297,3.0063,0.002933,340.96, 439.0494
535298,3.0093,0.002931,341.16, 439.0491
535299,3.0122,0.002951,338.88, 439.0494
535300,3.0151,0.003003,333.00, 439.0491
535301,3.0181,0.003002,333.08, 439.0494
535302,3.0210,0.002914,343.14, 439.0497
535303,3.0239,0.002934,340.80, 439.0497
535304,3.0273,0.003021,330.99, 439.0497
535305,3.0303,0.002956,338.34, 439.0497
535306,3.0332,0.002940,340.16, 439.0497
535307,3.0361,0.002998,333.54, 439.0497
535308,3.0391,0.002938,340.40, 439.0497
535309,3.0420,0.002995,333.95, 439.0497
535310,3.0449,0.002935,340.73, 439.0497
535311,3.0483,0.003395,294.54, 439.0497
535312,3.0513,0.003140,318.52, 439.0497
535313,3.0542,0.002986,334.85, 439.0494
535314,3.0576,0.002962,337.62, 439.0491
535315,3.0605,0.002968,336.92, 439.0497
535316,3.0635,0.002993,334.15, 439.0491
535317,3.0664,0.003020,331.17, 439.0497
535318,3.0693,0.002903,344.42, 439.0497
535319,3.0723,0.003068,325.95, 439.0497
535320,3.0752,0.002967,337.01, 439.0497
535321,3.0781,0.003008,332.47, 439.0497
535322,3.0811,0.002904,344.32, 439.0494
535323,3.0840,0.003007,332.54, 439.0497
535324,3.0874,0.003031,329.88, 439.0497
535325,3.0903,0.002971,336.60, 439.0497
535326,3.0933,0.002988,334.63, 439.0494
535327,3.0962,0.003002,333.10, 439.0497
535328,3.0991,0.002917,342.82, 439.0494
535329,3.1021,0.003010,332.24, 439.0497
535330,3.1050,0.002884,346.75, 439.0494
535331,3.1084,0.003209,311.62, 439.0491
535332,3.1118,0.003378,296.02, 439.0491
535333,3.1147,0.003140,318.48, 439.0497
535334,3.1182,0.003180,314.49, 439.0494
535335,3.1211,0.003097,322.86, 439.0497
535336,3.1245,0.003392,294.79, 439.0491
535337,3.1279,0.003507,285.12, 439.0494
535338,3.1313,0.003356,297.94, 439.0491
535339,3.1343,0.003156,316.85, 439.0497
535340,3.1377,0.003076,325.12, 439.0497
535341,3.1406,0.003034,329.55, 439.0497
535342,3.1436,0.003012,331.97, 439.0494
535343,3.1465,0.002953,338.65, 439.0497
535344,3.1494,0.003113,321.29, 439.0491
535345,3.1528,0.002980,335.56, 439.0497
535346,3.1558,0.003021,330.98, 439.0497
535347,3.1587,0.002939,340.25, 439.0497
535348,3.1616,0.002974,336.29, 439.0497
535349,3.1646,0.002919,342.58, 439.0497
535350,3.1675,0.002987,334.76, 439.0494
535351,3.1704,0.003003,332.97, 439.0497
535352,3.1733,0.002935,340.75, 439.0494
535353,3.1763,0.002950,339.03, 439.0497
535354,3.1792,0.002945,339.60, 439.0497
535355,3.1821,0.002934,340.81, 439.0497
535356,3.1851,0.002915,343.11, 439.0497
535357,3.1880,0.002945,339.52, 439.0497
535358,3.1909,0.002900,344.88, 439.0497
535359,3.1938,0.003026,330.46, 439.0497
535360,3.1968,0.002921,342.41, 439.0497
535361,3.1997,0.002972,336.47, 439.0497
535362,3.2026,0.002841,351.96, 439.0641
535363,3.2056,0.002982,335.39, 439.0491
535364,3.2085,0.002928,341.52, 439.0494
535365,3.2114,0.002943,339.84, 439.0497
535366,3.2144,0.002897,345.21, 439.0491
535367,3.2178,0.003049,327.98, 439.0497
535368,3.2207,0.002933,340.99, 439.0497
535369,3.2236,0.002989,334.52, 439.0497
535370,3.2266,0.002904,344.34, 439.0491
535371,3.2295,0.003034,329.65, 439.0497
535372,3.2324,0.002887,346.34, 439.0497
535373,3.2354,0.003002,333.17, 439.0497
535374,3.2383,0.002910,343.63, 439.0494
535375,3.2412,0.002967,337.10, 439.0497
535376,3.2441,0.002842,351.91, 439.0497
535377,3.2471,0.002972,336.49, 439.0497
535378,3.2500,0.002906,344.08, 439.0497
535379,3.2529,0.002971,336.61, 439.0497
535380,3.2559,0.002887,346.37, 439.0497
535381,3.2588,0.002948,339.18, 439.0497
535382,3.2617,0.002863,349.30, 439.0497
535383,3.2646,0.002977,335.91, 439.0497
535384,3.2676,0.002983,335.27, 439.0497
535385,3.2705,0.002940,340.09, 439.0497
535386,3.2734,0.002894,345.49, 439.0497
535387,3.2764,0.002962,337.60, 439.0494
535388,3.2793,0.002945,339.51, 439.0497
535389,3.2822,0.002988,334.73, 439.0497
535390,3.2852,0.002952,338.73, 439.0497
535391,3.2881,0.002924,342.00, 439.0497
535392,3.2910,0.002923,342.16, 439.0497
535393,3.2939,0.003006,332.66, 439.0507
535394,3.2969,0.003039,329.03, 439.0494
535395,3.2998,0.002931,341.22, 439.0497
535396,3.3027,0.002940,340.11, 439.0497
535397,3.3057,0.002900,344.79, 439.0497
535398,3.3086,0.002948,339.19, 439.0497
535399,3.3115,0.002927,341.62, 439.0497
535400,3.3149,0.003011,332.07, 439.0497
535401,3.3179,0.002917,342.84, 439.0497
535402,3.3208,0.002959,338.01, 439.0494
535403,3.3232,0.002845,351.48, 439.0497
535404,3.3267,0.003059,326.96, 439.0494
535405,3.3296,0.002889,346.19, 439.0497
535406,3.3325,0.003030,330.07, 439.0491
535407,3.3354,0.002892,345.84, 439.0497
535408,3.3384,0.002972,336.50, 439.0491
535409,3.3413,0.002892,345.73, 439.0497
535410,3.3442,0.003001,333.20, 439.0497
535411,3.3472,0.002919,342.59, 439.0497
535412,3.3501,0.002951,338.83, 439.0491
535413,3.3530,0.002903,344.52, 439.0497
535414,3.3560,0.002955,338.43, 439.0494
535415,3.3589,0.002974,336.20, 439.0497
535416,3.3618,0.002953,338.70, 439.0497
535417,3.3647,0.002953,338.66, 439.0497
535418,3.3677,0.002969,336.81, 439.0494
535419,3.3706,0.002927,341.62, 439.0497
535420,3.3735,0.002909,343.76, 439.0497
535421,3.3765,0.002942,339.92, 439.0491
535422,3.3794,0.002911,343.51, 439.0494
535423,3.3823,0.002973,336.42, 439.0497
535424,3.3853,0.002905,344.27, 439.0494
535425,3.3882,0.002939,340.23, 439.0497
535426,3.3911,0.002893,345.66, 439.0497
535427,3.3940,0.002922,342.29, 439.0497
535428,3.3970,0.002933,340.96, 439.0497
535429,3.3999,0.002951,338.87, 439.0497
535430,3.4028,0.002909,343.73, 439.0497
535431,3.4058,0.003003,333.00, 439.0497
535432,3.4087,0.002884,346.69, 439.0491
535433,3.4116,0.002983,335.19, 439.0497
535434,3.4146,0.002842,351.85, 439.0491
535435,3.4175,0.003012,332.05, 439.0497
535436,3.4204,0.002906,344.08, 439.0497
535437,3.4233,0.002941,340.02, 439.0497
535438,3.4263,0.002886,346.51, 439.0497
535439,3.4292,0.002973,336.42, 439.0497
535440,3.4321,0.002907,344.06, 439.0497
535441,3.4351,0.003083,324.41, 439.0497
535442,3.4385,0.002992,334.26, 439.0497
535443,3.4414,0.002995,333.90, 439.0494
535444,3.4443,0.002896,345.29, 439.0494
535445,3.4473,0.003009,332.39, 439.0491
535446,3.4502,0.002935,340.74, 439.0497
535447,3.4531,0.002984,335.17, 439.0497
535448,3.4561,0.002908,343.89, 439.0497
535449,3.4590,0.002968,336.90, 439.0497
535450,3.4619,0.002912,343.47, 439.0494
535451,3.4648,0.002972,336.50, 439.0491
535452,3.4678,0.002962,337.66, 439.0494
535453,3.4707,0.002909,343.80, 439.0491
535454,3.4736,0.002905,344.25, 439.0494
535455,3.4766,0.002928,341.57, 439.0497
535456,3.4795,0.002912,343.38, 439.0497
535457,3.4824,0.002910,343.60, 439.0497
535458,3.4854,0.002993,334.15, 439.0494
535459,3.4883,0.002884,346.80, 439.0497
535460,3.4912,0.002939,340.31, 439.0497
535461,3.4941,0.003076,325.07, 439.0491
535462,3.4976,0.003152,317.29, 439.0494
535463,3.5005,0.003001,333.20, 439.0497
535464,3.5034,0.002967,337.00, 439.0497
535465,3.5063,0.002958,338.09, 439.0497
535466,3.5093,0.003016,331.57, 439.0497
535467,3.5122,0.002981,335.48, 439.0494
535468,3.5156,0.003106,322.00, 439.0497
535469,3.5186,0.002953,338.70, 439.0497
535470,3.5215,0.003009,332.34, 439.0491
535471,3.5244,0.002924,342.06, 439.0497
535472,3.5273,0.003053,327.51, 439.0494
535473,3.5303,0.003003,333.02, 439.0494
535474,3.5332,0.003018,331.39, 439.0497
535475,3.5366,0.003009,332.29, 439.0494
535476,3.5396,0.003025,330.59, 439.0494
535477,3.5425,0.003020,331.17, 439.0497
535478,3.5454,0.003043,328.63, 439.0491
535479,3.5483,0.002946,339.47, 439.0497
535480,3.5513,0.003033,329.66, 439.0491
535481,3.5542,0.002933,340.97, 439.0497
535482,3.5576,0.003023,330.83, 439.0497
535483,3.5605,0.002953,338.70, 439.0497
535484,3.5635,0.003035,329.48, 439.0497
535485,3.5664,0.002974,336.30, 439.0497
535486,3.5693,0.003105,322.10, 439.0497
535487,3.5723,0.002922,342.25, 439.0497
535488,3.5757,0.003097,322.87, 439.0497
535489,3.5786,0.002984,335.15, 439.0497
535490,3.5815,0.003032,329.85, 439.0494
535491,3.5845,0.002940,340.11, 439.0497
535492,3.5874,0.003028,330.28, 439.0494
535493,3.5903,0.002965,337.33, 439.0497
535494,3.5938,0.003092,323.39, 439.0494
535495,3.5967,0.002959,337.99, 439.0497
535496,3.5996,0.003011,332.12, 439.0494
535497,3.6025,0.002944,339.63, 439.0497
535498,3.6055,0.003012,331.96, 439.0497
535499,3.6084,0.002950,338.96, 439.0497
535500,3.6113,0.003005,332.77, 439.0494
535501,3.6143,0.002889,346.13, 439.0516
535502,3.6172,0.003009,332.37, 439.0516
535503,3.6201,0.002912,343.41, 439.0516
535504,3.6235,0.003053,327.50, 439.0494
535505,3.6265,0.002969,336.80, 439.0497
535506,3.6294,0.003020,331.13, 439.0494
535507,3.6323,0.002965,337.29, 439.0497
535508,3.6353,0.002968,336.97, 439.0494
535509,3.6382,0.002957,338.17, 439.0497
535510,3.6411,0.002933,341.01, 439.0494
535511,3.6440,0.002964,337.34, 439.0497
535512,3.6470,0.003052,327.63, 439.0494
535513,3.6499,0.002964,337.38, 439.0497
535514,3.6533,0.003086,324.09, 439.0491
535515,3.6563,0.003040,328.98, 439.0497
535516,3.6592,0.002960,337.88, 439.0507
535517,3.6621,0.002959,337.99, 439.0497
535518,3.6650,0.003096,323.00, 439.0491
535519,3.6685,0.003220,310.58, 439.0491
535520,3.6719,0.003310,302.09, 439.0497
535521,3.6748,0.003038,329.14, 439.0497
535522,3.6777,0.003038,329.19, 439.0494
535523,3.6807,0.002948,339.27, 439.0497
535524,3.6841,0.003042,328.77, 439.0491
535525,3.6870,0.003034,329.55, 439.0497
535526,3.6899,0.002993,334.15, 439.0491
535527,3.6929,0.002946,339.45, 439.0497
535528,3.6958,0.002947,339.33, 439.0570
535529,3.6992,0.003229,309.66, 439.0491
535530,3.7021,0.003103,322.27, 439.0497
535531,3.7051,0.002979,335.64, 439.0497
535532,3.7080,0.002986,334.93, 439.0497
535533,3.7109,0.002920,342.42, 439.0497
535534,3.7139,0.002949,339.08, 439.0497
535535,3.7168,0.003044,328.52, 439.0497
535536,3.7197,0.002967,337.03, 439.0491
535537,3.7227,0.002923,342.17, 439.0497
535538,3.7256,0.002928,341.51, 439.0497
535539,3.7290,0.003012,331.97, 439.0497
535540,3.7319,0.003093,323.33, 439.0494
535541,3.7349,0.003165,315.95, 439.0497
535542,3.7383,0.003030,330.01, 439.0491
535543,3.7412,0.003010,332.25, 439.0497
535544,3.7441,0.002945,339.59, 439.0497
535545,3.7471,0.003026,330.49, 439.0497
535546,3.7500,0.002996,333.80, 439.0494
535547,3.7529,0.002977,335.97, 439.0497
535548,3.7559,0.002986,334.92, 439.0497
535549,3.7588,0.002961,337.78, 439.0497
535550,3.7622,0.002973,336.33, 439.0491
535551,3.7651,0.003089,323.73, 439.0497
535552,3.7681,0.002984,335.11, 439.0494
535553,3.7710,0.002984,335.09, 439.0497
535554,3.7739,0.002925,341.89, 439.0494
535555,3.7769,0.003012,331.97, 439.0497
535556,3.7798,0.003009,332.31, 439.0497
535557,3.7832,0.003026,330.48, 439.0494
535558,3.7861,0.002943,339.85, 439.0491
535559,3.7891,0.003027,330.41, 439.0497
535560,3.7920,0.002950,338.94, 439.0494
535561,3.7949,0.003147,317.76, 439.0494
535562,3.7983,0.003204,312.09, 439.0491
535563,3.8013,0.003039,329.08, 439.0497
535564,3.8042,0.002944,339.67, 439.0516
535565,3.8071,0.003038,329.15, 439.0497
535566,3.8101,0.002972,336.46, 439.0491
535567,3.8135,0.003017,331.51, 439.0497
535568,3.8164,0.002940,340.12, 439.0494
535569,3.8193,0.003024,330.67, 439.0491
535570,3.8223,0.002936,340.58, 439.0491
535571,3.8252,0.003054,327.47, 439.0491
535572,3.8281,0.002989,334.58, 439.0494
535573,3.8311,0.003008,332.45, 439.0497
535574,3.8340,0.002949,339.09, 439.0491
535575,3.8374,0.003046,328.33, 439.0497
535576,3.8403,0.002892,345.75, 439.0516
535577,3.8433,0.003109,321.64, 439.0497
535578,3.8462,0.002963,337.46, 439.0497
535579,3.8491,0.003146,317.91, 439.0497
535580,3.8525,0.002966,337.20, 439.0497
535581,3.8555,0.003013,331.94, 439.0494
535582,3.8584,0.002928,341.57, 439.0494
535583,3.8613,0.003022,330.94, 439.0497
535584,3.8643,0.002896,345.32, 439.0497
535585,3.8672,0.003074,325.29, 439.0497
535586,3.8701,0.002941,340.00, 439.0497
535587,3.8730,0.003045,328.43, 439.0497
535588,3.8760,0.002919,342.64, 439.0497
535589,3.8789,0.002999,333.40, 439.0497
535590,3.8818,0.002920,342.49, 439.0497
535591,3.8853,0.003023,330.76, 439.0497
535592,3.8882,0.002939,340.22, 439.0497
535593,3.8911,0.002946,339.45, 439.0497
535594,3.8940,0.002928,341.52, 439.0497
535595,3.8970,0.003035,329.51, 439.0497
535596,3.8999,0.002936,340.62, 439.0494
535597,3.9028,0.002983,335.26, 439.0497
535598,3.9058,0.002941,339.99, 439.0497
535599,3.9087,0.002976,336.02, 439.0497
535600,3.9116,0.002939,340.23, 439.0497
535601,3.9146,0.002988,334.68, 439.0491
535602,3.9175,0.002988,334.68, 439.0497
535603,3.9209,0.003064,326.42, 439.0491
535604,3.9238,0.002956,338.30, 439.0494
535605,3.9268,0.002998,333.51, 439.0491
535606,3.9297,0.002939,340.24, 439.0497
535607,3.9326,0.002969,336.77, 439.0491
535608,3.9355,0.003006,332.63, 439.0497
535609,3.9385,0.002953,338.70, 439.0497
535610,3.9414,0.002955,338.36, 439.0499
535611,3.9443,0.002982,335.33, 439.0494
535612,3.9473,0.002963,337.51, 439.0497
535613,3.9507,0.003012,331.97, 439.0531
535614,3.9536,0.003041,328.85, 439.0497
535615,3.9565,0.003008,332.42, 439.0491
535616,3.9595,0.002970,336.66, 439.0497
535617,3.9624,0.002942,339.90, 439.0497
535618,3.9653,0.003012,332.01, 439.0497
535619,3.9683,0.002970,336.73, 439.0497
535620,3.9712,0.003002,333.07, 439.0491
535621,3.9741,0.002914,343.22, 439.0521
535622,3.9775,0.003000,333.29, 439.0516
535623,3.9805,0.003016,331.61, 439.0497
535624,3.9834,0.003036,329.41, 439.0491
535625,3.9863,0.002989,334.59, 439.0494
535626,3.9893,0.002976,336.02, 439.0491
535627,3.9922,0.002880,347.19, 439.0497
535628,3.9951,0.002997,333.64, 439.0497
535629,3.9980,0.002857,350.01, 439.0497
535630,4.0010,0.003023,330.84, 439.0494
535631,4.0039,0.002870,348.48, 439.0497
535632,4.0068,0.002986,334.92, 439.0497
535633,4.0098,0.002850,350.89, 439.0497
535634,4.0127,0.002947,339.28, 439.0494
535635,4.0156,0.003038,329.21, 439.0497
535636,4.0186,0.002976,336.08, 439.0497
535637,4.0215,0.002875,347.83, 439.0497
535638,4.0244,0.002919,342.64, 439.0497
535639,4.0273,0.002924,342.03, 439.0497
535640,4.0303,0.002958,338.02, 439.0494
535641,4.0337,0.002992,334.20, 439.0491
535642,4.0366,0.003007,332.54, 439.0494
535643,4.0396,0.002930,341.29, 439.0494
535644,4.0425,0.002937,340.52, 439.0494
535645,4.0454,0.002972,336.51, 439.0494
535646,4.0483,0.002974,336.25, 439.0494
535647,4.0513,0.002970,336.75, 439.0497
535648,4.0542,0.002915,343.08, 439.0497
535649,4.0571,0.002934,340.89, 439.0497
535650,4.0601,0.002888,346.28, 439.0497
535651,4.0630,0.002953,338.63, 439.0497
535652,4.0659,0.002917,342.77, 439.0497
535653,4.0688,0.003064,326.36, 439.0497
535654,4.0718,0.002912,343.43, 439.0491
535655,4.0747,0.002960,337.83, 439.0497
535656,4.0776,0.002976,336.03, 439.0494
535657,4.0806,0.003001,333.26, 439.0497
535658,4.0835,0.002894,345.53, 439.0491
535659,4.0864,0.002984,335.08, 439.0497
535660,4.0894,0.002888,346.30, 439.0491
535661,4.0928,0.003054,327.45, 439.0497
535662,4.0957,0.003174,315.04, 439.0491
535663,4.0991,0.003126,319.88, 439.0491
535664,4.1021,0.002987,334.76, 439.0494
535665,4.1050,0.002983,335.19, 439.0497
535666,4.1079,0.002937,340.53, 439.0494
535667,4.1108,0.003250,307.70, 439.0497
535668,4.1143,0.003358,297.84, 439.0491
535669,4.1177,0.003261,306.65, 439.0497
535670,4.1211,0.003226,309.96, 439.0494
535671,4.1245,0.003452,289.65, 439.0494
535672,4.1279,0.003679,271.84, 439.0595
535673,4.1313,0.003381,295.78, 439.0497
535674,4.1348,0.003303,302.76, 439.0497
535675,4.1377,0.003191,313.34, 439.0497
535676,4.1411,0.003060,326.75, 439.0497
535677,4.1440,0.003169,315.58, 439.0491
535678,4.1475,0.003251,307.61, 439.0491
535679,4.1504,0.003084,324.22, 439.0497
535680,4.1533,0.003078,324.84, 439.0497
535681,4.1563,0.002964,337.44, 439.0491
535682,4.1597,0.003109,321.68, 439.0491
535683,4.1626,0.002966,337.14, 439.0497
535684,4.1655,0.003035,329.52, 439.0491
535685,4.1685,0.002975,336.13, 439.0497
535686,4.1714,0.003025,330.53, 439.0491
535687,4.1743,0.002880,347.25, 439.0630
535688,4.1777,0.003032,329.86, 439.0494
535689,4.1802,0.002893,345.63, 439.0497
535690,4.1836,0.003062,326.62, 439.0497
535691,4.1865,0.002966,337.17, 439.0494
535692,4.1895,0.003066,326.15, 439.0491
535693,4.1924,0.002926,341.73, 439.0497
535694,4.1953,0.003023,330.78, 439.0494
535695,4.1982,0.002935,340.68, 439.0497
535696,4.2012,0.002950,338.94, 439.0526
535697,4.2041,0.002935,340.74, 439.0494
535698,4.2075,0.003026,330.44, 439.0497
535699,4.2100,0.002906,344.10, 439.0497
535700,4.2134,0.003022,330.86, 439.0491
535701,4.2163,0.002943,339.85, 439.0497
535702,4.2192,0.003002,333.17, 439.0491
535703,4.2222,0.002990,334.48, 439.0497
535704,4.2251,0.003081,324.61, 439.0491
535705,4.2280,0.002944,339.64, 439.0497
535706,4.2310,0.002987,334.74, 439.0497
535707,4.2344,0.003024,330.64, 439.0497
535708,4.2373,0.002999,333.44, 439.0497
535709,4.2402,0.002918,342.74, 439.0497
535710,4.2432,0.002981,335.46, 439.0494
535711,4.2461,0.002962,337.66, 439.0497
535712,4.2490,0.002968,336.94, 439.0497
535713,4.2520,0.002977,335.87, 439.0494
535714,4.2549,0.002944,339.65, 439.0494
535715,4.2578,0.002980,335.54, 439.0491
535716,4.2607,0.002946,339.42, 439.0494
535717,4.2637,0.002950,338.96, 439.0491
535718,4.2671,0.003029,330.13, 439.0491
535719,4.2700,0.003029,330.10, 439.0494
535720,4.2729,0.002969,336.84, 439.0494
535721,4.2759,0.002967,337.02, 439.0497
535722,4.2788,0.003007,332.55, 439.0497
535723,4.2817,0.003111,321.44, 439.0497
535724,4.2852,0.003041,328.80, 439.0491
535725,4.2881,0.003005,332.79, 439.0497
535726,4.2910,0.002934,340.79, 439.0497
535727,4.2939,0.002957,338.23, 439.0497
535728,4.2969,0.002940,340.11, 439.0494
535729,4.2998,0.003031,329.95, 439.0497
535730,4.3027,0.002917,342.87, 439.0494
535731,4.3057,0.002986,334.85, 439.0497
535732,4.3086,0.002844,351.67, 439.0570
535733,4.3115,0.002969,336.80, 439.0491
535734,4.3145,0.002993,334.14, 439.0494
535735,4.3179,0.003077,325.04, 439.0497
535736,4.3203,0.002921,342.34, 439.0497
535737,4.3237,0.002952,338.73, 439.0497
535738,4.3267,0.002932,341.12, 439.0494
535739,4.3296,0.002984,335.13, 439.0491
535740,4.3325,0.002904,344.33, 439.0497
535741,4.3354,0.002997,333.71, 439.0497
535742,4.3384,0.002903,344.46, 439.0497
535743,4.3413,0.002967,337.06, 439.0497
535744,4.3442,0.002887,346.43, 439.0494
535745,4.3472,0.003092,323.44, 439.0497
535746,4.3501,0.002959,337.96, 439.0494
535747,4.3530,0.002945,339.56, 439.0497
535748,4.3560,0.002893,345.72, 439.0497
535749,4.3589,0.002931,341.15, 439.0497
535750,4.3618,0.002904,344.34, 439.0491
535751,4.3647,0.002950,338.95, 439.0497
535752,4.3677,0.002942,339.95, 439.0494
535753,4.3706,0.002932,341.02, 439.0497
535754,4.3735,0.002905,344.21, 439.0497
535755,4.3765,0.002928,341.58, 439.0497
535756,4.3794,0.002931,341.20, 439.0497
535757,4.3823,0.002933,340.96, 439.0497
535758,4.3853,0.002967,337.05, 439.0497
535759,4.3882,0.002940,340.12, 439.0497
535760,4.3911,0.002917,342.85, 439.0497
535761,4.3940,0.002907,343.97, 439.0497
535762,4.3970,0.002957,338.16, 439.0494
535763,4.3999,0.002878,347.43, 439.0491
535764,4.4028,0.003014,331.81, 439.0497
535765,4.4058,0.002920,342.50, 439.0491
535766,4.4087,0.003016,331.53, 439.0497
535767,4.4116,0.002915,343.08, 439.0494
535768,4.4146,0.002977,335.89, 439.0497
535769,4.4175,0.002932,341.02, 439.0491
535770,4.4204,0.002969,336.79, 439.0494
535771,4.4233,0.002921,342.40, 439.0497
535772,4.4268,0.003014,331.82, 439.0497
535773,4.4292,0.002861,349.54, 439.0497
535774,4.4326,0.002996,333.77, 439.0494
535775,4.4355,0.002888,346.24, 439.0497
535776,4.4385,0.003004,332.86, 439.0494
535777,4.4414,0.002933,340.99, 439.0497
535778,4.4443,0.002985,334.97, 439.0494
535779,4.4473,0.002894,345.53, 439.0497
535780,4.4502,0.002976,336.00, 439.0497
535781,4.4531,0.002942,339.87, 439.0497
535782,4.4561,0.003003,333.01, 439.0491
535783,4.4590,0.002894,345.58, 439.0497
535784,4.4619,0.002943,339.84, 439.0491
535785,4.4648,0.002915,343.11, 439.0497
535786,4.4678,0.003012,332.01, 439.0491
535787,4.4707,0.003065,326.27, 439.0497
535788,4.4741,0.003025,330.56, 439.0491
535789,4.4771,0.002934,340.87, 439.0497
535790,4.4800,0.002972,336.45, 439.0497
535791,4.4829,0.002960,337.87, 439.0497
535792,4.4858,0.002954,338.48, 439.0494
535793,4.4888,0.002933,340.91, 439.0497
535794,4.4917,0.002909,343.82, 439.0494
535795,4.4946,0.002939,340.29, 439.0497
535796,4.4976,0.002962,337.66, 439.0497
535797,4.5005,0.002979,335.66, 439.0497
535798,4.5034,0.002921,342.34, 439.0497
535799,4.5063,0.002944,339.67, 439.0497
535800,4.5093,0.002860,349.71, 439.0497
535801,4.5122,0.002971,336.64, 439.0497
535802,4.5151,0.002904,344.36, 439.0494
535803,4.5181,0.003008,332.48, 439.0491
535804,4.5210,0.002883,346.85, 439.0497
535805,4.5239,0.002944,339.69, 439.0497
535806,4.5269,0.002956,338.33, 439.0494
535807,4.5298,0.002966,337.12, 439.0497
535808,4.5327,0.002858,349.90, 439.0497
535809,4.5356,0.003009,332.35, 439.0497
535810,4.5386,0.002930,341.30, 439.0497
535811,4.5415,0.002947,339.37, 439.0497
535812,4.5444,0.002896,345.29, 439.0497
535813,4.5474,0.003021,331.02, 439.0497
535814,4.5508,0.003333,300.03, 439.0495
535815,4.5542,0.003208,311.76, 439.0491
535816,4.5571,0.003065,326.31, 439.0494
535817,4.5601,0.003047,328.25, 439.0497
535818,4.5630,0.002940,340.10, 439.1122
535819,4.5659,0.003052,327.66, 439.0497
535820,4.5688,0.002920,342.50, 439.0497
535821,4.5718,0.002982,335.38, 439.0497
535822,4.5752,0.002962,337.58, 439.0497
535823,4.5781,0.003027,330.40, 439.0497
535824,4.5815,0.003457,289.24, 439.0497
535825,4.5845,0.003014,331.79, 439.0491
535826,4.5874,0.002991,334.30, 439.0494
535827,4.5903,0.003030,330.04, 439.0497
535828,4.5933,0.002970,336.71, 439.0497
535829,4.5967,0.003101,322.49, 439.0497
535830,4.5996,0.002927,341.67, 439.0494
535831,4.6025,0.003036,329.39, 439.0497
535832,4.6055,0.002945,339.62, 439.0497
535833,4.6084,0.003001,333.20, 439.0491
535834,4.6113,0.002910,343.70, 439.0497
535835,4.6143,0.002995,333.85, 439.0491
535836,4.6172,0.002982,335.39, 439.0497
535837,4.6201,0.002961,337.77, 439.0497
535838,4.6230,0.002912,343.39, 439.0497
535839,4.6265,0.003024,330.66, 439.0497
535840,4.6294,0.002958,338.08, 439.0497
535841,4.6323,0.003013,331.87, 439.0494
535842,4.6353,0.002945,339.60, 439.0497
535843,4.6382,0.002961,337.71, 439.0497
535844,4.6411,0.002935,340.67, 439.0497
535845,4.6440,0.002957,338.20, 439.0497
535846,4.6470,0.002995,333.87, 439.0497
535847,4.6499,0.002959,337.95, 439.0497
535848,4.6528,0.002962,337.62, 439.0497
535849,4.6558,0.002994,333.98, 439.0494
535850,4.6587,0.002996,333.76, 439.0491
535851,4.6616,0.002939,340.31, 439.0494
535852,4.6650,0.002970,336.68, 439.0494
535853,4.6680,0.002968,336.98, 439.0497
535854,4.6709,0.003047,328.15, 439.0497
535855,4.6738,0.002943,339.77, 439.0497
535856,4.6772,0.003294,303.59, 439.0491
535857,4.6802,0.003110,321.58, 439.0494
535858,4.6831,0.003015,331.73, 439.0494
535859,4.6860,0.002999,333.43, 439.0491
535860,4.6890,0.002956,338.25, 439.0497
535861,4.6924,0.003035,329.47, 439.0497
535862,4.6953,0.003075,325.26, 439.0497
535863,4.6982,0.002979,335.74, 439.0497
535864,4.7012,0.003103,322.25, 439.0491
535865,4.7046,0.003095,323.07, 439.0494
535866,4.7075,0.003079,324.80, 439.0516
535867,4.7104,0.002960,337.87, 439.0497
535868,4.7134,0.002945,339.59, 439.0494
535869,4.7163,0.002938,340.34, 439.0491
535870,4.7192,0.002994,334.03, 439.0497
535871,4.7222,0.002930,341.29, 439.0497
535872,4.7251,0.002984,335.09, 439.0497
535873,4.7280,0.002917,342.88, 439.0497
535874,4.7310,0.002966,337.17, 439.0497
535875,4.7339,0.002914,343.22, 439.0494
535876,4.7373,0.003069,325.87, 439.0497
535877,4.7402,0.002972,336.49, 439.0497
535878,4.7432,0.003011,332.17, 439.0494
535879,4.7461,0.002962,337.64, 439.0497
535880,4.7490,0.003015,331.65, 439.0494
535881,4.7520,0.002946,339.41, 439.0497
535882,4.7554,0.003125,319.99, 439.0497
535883,4.7583,0.003006,332.62, 439.0497
535884,4.7612,0.003065,326.31, 439.0497
535885,4.7642,0.002904,344.41, 439.0497
535886,4.7671,0.003071,325.61, 439.0497
535887,4.7700,0.002943,339.82, 439.0491
535888,4.7729,0.003020,331.17, 439.0497
535889,4.7759,0.002937,340.52, 439.0497
535890,4.7793,0.003023,330.75, 439.0497
535891,4.7822,0.002923,342.08, 439.0491
535892,4.7852,0.003029,330.17, 439.0497
535893,4.7881,0.002918,342.65, 439.0566
535894,4.7910,0.003033,329.70, 439.0491
535895,4.7939,0.002885,346.58, 439.0497
535896,4.7969,0.003060,326.80, 439.0491
535897,4.7998,0.002897,345.20, 439.0497
535898,4.8032,0.003182,314.31, 439.0491
535899,4.8062,0.003097,322.85, 439.0497
535900,4.8091,0.003072,325.57, 439.0494
535901,4.8120,0.002899,344.95, 439.0497
535902,4.8154,0.003052,327.66, 439.0494
535903,4.8184,0.002940,340.10, 439.0497
535904,4.8213,0.003023,330.84, 439.0494
535905,4.8242,0.002889,346.15, 439.0497
535906,4.8271,0.003040,328.90, 439.0491
535907,4.8301,0.002900,344.84, 439.0497
535908,4.8330,0.003001,333.26, 439.0491
535909,4.8359,0.002944,339.66, 439.0497
535910,4.8389,0.003020,331.16, 439.0491
535911,4.8418,0.002948,339.19, 439.0497
535912,4.8447,0.002975,336.10, 439.0494
535913,4.8477,0.002946,339.42, 439.0497
535914,4.8511,0.003083,324.35, 439.0491
535915,4.8540,0.002995,333.93, 439.0494
535916,4.8569,0.003070,325.71, 439.0494
535917,4.8599,0.002963,337.52, 439.0497
535918,4.8628,0.002990,334.47, 439.0497
535919,4.8657,0.002967,337.01, 439.0497
535920,4.8687,0.002982,335.40, 439.0491
535921,4.8716,0.002953,338.63, 439.0497
535922,4.8750,0.002970,336.68, 439.0497
535923,4.8779,0.002948,339.24, 439.0497
535924,4.8809,0.002982,335.40, 439.0497
535925,4.8838,0.003054,327.41, 439.0497
535926,4.8867,0.003028,330.27, 439.0497
535927,4.8896,0.002992,334.24, 439.0497
535928,4.8926,0.002915,343.09, 439.0497
535929,4.8955,0.002988,334.66, 439.0491
535930,4.8984,0.002970,336.67, 439.0497
535931,4.9019,0.002992,334.19, 439.0497
535932,4.9048,0.002958,338.02, 439.0494
535933,4.9077,0.002984,335.12, 439.0497
535934,4.9106,0.002936,340.60, 439.0497
535935,4.9136,0.002969,336.79, 439.0497
535936,4.9165,0.003026,330.44, 439.0497
535937,4.9194,0.003040,328.90, 439.0497
535938,4.9224,0.002957,338.13, 439.0494
535939,4.9253,0.003000,333.30, 439.0497
535940,4.9287,0.002950,338.99, 439.0491
535941,4.9316,0.003032,329.79, 439.0497
535942,4.9346,0.002943,339.81, 439.1116
535943,4.9375,0.002999,333.44, 439.0497
535944,4.9404,0.002982,335.38, 439.0491
535945,4.9434,0.003100,322.55, 439.0491
535946,4.9463,0.002915,343.01, 439.0769
535947,4.9497,0.003125,320.00, 439.0494
535948,4.9526,0.002928,341.59, 439.0494
535949,4.9556,0.002984,335.14, 439.0494
535950,4.9585,0.002901,344.71, 439.0494
535951,4.9614,0.003005,332.73, 439.0516
535952,4.9644,0.002865,349.09, 439.0536
535953,4.9673,0.003133,319.19, 439.0494
535954,4.9702,0.002930,341.31, 439.0497
535955,4.9731,0.003013,331.85, 439.0497
535956,4.9761,0.002934,340.79, 439.0497
535957,4.9795,0.003182,314.23, 439.0497
535958,4.9824,0.002896,345.27, 439.0497
535959,4.9854,0.003072,325.49, 439.0497
535960,4.9883,0.003037,329.24, 439.0497
535961,4.9917,0.003139,318.56, 439.0497
535962,4.9946,0.003003,333.03, 439.0497
535963,4.9976,0.003046,328.32, 439.0497
535964,5.0005,0.003043,328.66, 439.0497
535965,5.0039,0.003004,332.92, 439.0497
535966,5.0068,0.002963,337.50, 439.0491
535967,5.0098,0.003325,300.73, 439.0494
535968,5.0132,0.003224,310.22, 439.0491
535969,5.0161,0.003150,317.51, 439.0491
535970,5.0195,0.003114,321.16, 439.0491
535971,5.0225,0.003121,320.37, 439.0497
535972,5.0259,0.003145,317.99, 439.0516
535973,5.0288,0.003189,313.61, 439.0497
535974,5.0322,0.003089,323.71, 439.0491
535975,5.0352,0.003105,322.10, 439.0497
535976,5.0381,0.003085,324.17, 439.0497
535977,5.0410,0.003060,326.79, 439.0497
535978,5.0444,0.003048,328.08, 439.0497
535979,5.0474,0.003067,326.04, 439.0497
535980,5.0503,0.003089,323.71, 439.0645
535981,5.0537,0.003102,322.37, 439.0497
535982,5.0566,0.003035,329.54, 439.0521
535983,5.0596,0.003057,327.11, 439.0497
535984,5.0625,0.002935,340.70, 439.0494
535985,5.0654,0.003033,329.73, 439.0497
535986,5.0688,0.003020,331.14, 439.0497
535987,5.0718,0.003045,328.43, 439.0497
535988,5.0747,0.002946,339.50, 439.0491
535989,5.0776,0.002981,335.42, 439.0497
535990,5.0806,0.002906,344.09, 439.0491
535991,5.0835,0.003004,332.88, 439.0497
535992,5.0864,0.002980,335.60, 439.0491
535993,5.0894,0.002980,335.60, 439.0494
535994,5.0923,0.002931,341.20, 439.0491
535995,5.0952,0.003019,331.24, 439.0494
535996,5.0981,0.002946,339.42, 439.0497
535997,5.1016,0.003082,324.46, 439.0494
535998,5.1045,0.003023,330.81, 439.0497
535999,5.1074,0.003020,331.16, 439.0497
536000,5.1104,0.002871,348.31, 439.0497
536001,5.1133,0.002995,333.93, 439.0497
536002,5.1167,0.003405,293.65, 439.0497
536003,5.1206,0.003711,269.45, 439.0497
536004,5.1235,0.003110,321.55, 439.0497
536005,5.1270,0.003141,318.40, 439.0491
536006,5.1304,0.003490,286.55, 439.0494
536007,5.1338,0.003527,283.53, 439.0491
536008,5.1377,0.003762,265.81, 439.0491
536009,5.1406,0.003134,319.07, 439.0494
536010,5.1436,0.003115,321.03, 439.0491
536011,5.1470,0.002984,335.18, 439.0491
536012,5.1499,0.003359,297.69, 439.0497
536013,5.1533,0.003005,332.75, 439.0491
536014,5.1563,0.003033,329.66, 439.0497
536015,5.1592,0.002955,338.47, 439.0491
536016,5.1621,0.003064,326.37, 439.0494
536017,5.1650,0.003002,333.17, 439.0491
536018,5.1685,0.003106,321.97, 439.0494
536019,5.1714,0.002990,334.44, 439.0491
536020,5.1743,0.003030,330.08, 439.0491
536021,5.1772,0.002961,337.72, 439.0494
536022,5.1802,0.003049,328.01, 439.0497
536023,5.1831,0.002986,334.95, 439.0494
536024,5.1865,0.003094,323.20, 439.0497
536025,5.1895,0.003065,326.25, 439.0494
536026,5.1924,0.003007,332.57, 439.0491
536027,5.1953,0.002934,340.83, 439.0494
536028,5.1982,0.003058,327.05, 439.0497
536029,5.2012,0.002925,341.92, 439.0494
536030,5.2046,0.002985,335.01, 439.0516
536031,5.2070,0.002913,343.34, 439.0494
536032,5.2104,0.003034,329.60, 439.0494
536033,5.2134,0.002924,342.02, 439.0491
536034,5.2163,0.003032,329.83, 439.0497
536035,5.2192,0.002986,334.85, 439.0491
536036,5.2222,0.003006,332.65, 439.0494
536037,5.2251,0.002908,343.83, 439.0497
536038,5.2280,0.003005,332.76, 439.0494
536039,5.2310,0.002924,341.97, 439.0497
536040,5.2339,0.002994,334.00, 439.0497
536041,5.2368,0.002947,339.39, 439.0497
536042,5.2402,0.002965,337.30, 439.0494
536043,5.2427,0.002927,341.67, 439.0497
536044,5.2461,0.003077,324.95, 439.0497
536045,5.2490,0.002934,340.89, 439.0497
536046,5.2520,0.002992,334.18, 439.0497
536047,5.2549,0.002936,340.60, 439.0497
536048,5.2578,0.002978,335.82, 439.0497
536049,5.2607,0.002931,341.20, 439.0497
536050,5.2637,0.002960,337.83, 439.0497
536051,5.2666,0.002985,335.04, 439.0497
536052,5.2695,0.003007,332.51, 439.0491
536053,5.2725,0.002932,341.06, 439.0497
536054,5.2759,0.003087,323.95, 439.0491
536055,5.2788,0.002958,338.10, 439.0516
536056,5.2817,0.002970,336.76, 439.0494
536057,5.2847,0.002990,334.45, 439.0497
536058,5.2876,0.002958,338.07, 439.0494
536059,5.2905,0.002972,336.44, 439.0497
536060,5.2935,0.002970,336.73, 439.0494
536061,5.2964,0.002963,337.55, 439.0497
536062,5.2993,0.002915,343.02, 439.0531
536063,5.3022,0.002990,334.45, 439.0497
536064,5.3052,0.002974,336.20, 439.0491
536065,5.3086,0.003038,329.22, 439.0497
536066,5.3115,0.002893,345.63, 439.0516
536067,5.3145,0.003017,331.47, 439.0555
536068,5.3174,0.002979,335.73, 439.0497
536069,5.3203,0.003049,327.97, 439.0497
536070,5.3232,0.003016,331.60, 439.0491
536071,5.3267,0.003103,322.24, 439.0516
536072,5.3296,0.003010,332.27, 439.0497
536073,5.3325,0.003040,328.97, 439.0491
536074,5.3354,0.002959,337.91, 439.0494
536075,5.3384,0.003026,330.47, 439.0491
536076,5.3413,0.002936,340.63, 439.0497
536077,5.3442,0.002964,337.38, 439.0491
536078,5.3472,0.002915,343.03, 439.0494
536079,5.3501,0.002988,334.71, 439.0497
536080,5.3535,0.002991,334.33, 439.0497
536081,5.3564,0.003024,330.66, 439.0497
536082,5.3594,0.002928,341.59, 439.0494
536083,5.3623,0.002998,333.60, 439.0497
536084,5.3652,0.002895,345.46, 439.0497
536085,5.3682,0.003172,315.26, 439.0494
536086,5.3716,0.003197,312.80, 439.0497
536087,5.3745,0.003043,328.67, 439.0497
536088,5.3774,0.002914,343.15, 439.0497
536089,5.3804,0.003080,324.63, 439.0491
536090,5.3833,0.002931,341.19, 439.0494
536091,5.3867,0.003042,328.71, 439.0491
536092,5.3896,0.002903,344.52, 439.0497
536093,5.3926,0.002970,336.75, 439.0497
536094,5.3955,0.002886,346.45, 439.0497
536095,5.3984,0.003006,332.66, 439.0494
536096,5.4014,0.002928,341.51, 439.0497
536097,5.4043,0.002941,339.99, 439.0497
536098,5.4072,0.002872,348.21, 439.0497
536099,5.4102,0.002941,340.00, 439.0497
536100,5.4131,0.003005,332.80, 439.0497
536101,5.4160,0.002990,334.41, 439.0494
536102,5.4189,0.002934,340.83, 439.0497
536103,5.4219,0.002938,340.43, 439.0497
536104,5.4248,0.002904,344.41, 439.0491
536105,5.4277,0.002968,336.97, 439.0497
536106,5.4307,0.002936,340.61, 439.0491
536107,5.4336,0.002964,337.37, 439.0497
536108,5.4365,0.002999,333.41, 439.0497
536109,5.4395,0.002927,341.69, 439.0497
536110,5.4424,0.002964,337.39, 439.0497
536111,5.4453,0.002922,342.25, 439.0497
536112,5.4482,0.003001,333.26, 439.0497
536113,5.4512,0.002914,343.17, 439.0497
536114,5.4541,0.002972,336.44, 439.0497
536115,5.4570,0.002945,339.59, 439.0497
536116,5.4604,0.002981,335.51, 439.0497
536117,5.4634,0.002957,338.23, 439.0497
536118,5.4663,0.003073,325.39, 439.0494
536119,5.4692,0.002933,340.94, 439.0494
536120,5.4722,0.003033,329.75, 439.0497
536121,5.4751,0.002907,343.95, 439.0494
536122,5.4780,0.002986,334.86, 439.0494
536123,5.4810,0.002920,342.52, 439.0497
536124,5.4839,0.003019,331.22, 439.0497
536125,5.4868,0.002944,339.64, 439.0497
536126,5.4902,0.003009,332.30, 439.0497
536127,5.4927,0.002842,351.86, 439.0491
536128,5.4961,0.003045,328.36, 439.0494
536129,5.4990,0.002914,343.17, 439.0494
536130,5.5020,0.002990,334.49, 439.0494
536131,5.5049,0.002896,345.35, 439.0497
536132,5.5078,0.002984,335.18, 439.0497
536133,5.5107,0.002924,342.06, 439.0497
536134,5.5137,0.002969,336.79, 439.0497
536135,5.5166,0.002890,346.08, 439.0497
536136,5.5195,0.003103,322.24, 439.0497
536137,5.5225,0.002913,343.34, 439.0497
536138,5.5254,0.002947,339.29, 439.0497
536139,5.5283,0.002887,346.39, 439.0497
536140,5.5313,0.002971,336.60, 439.0497
536141,5.5342,0.002944,339.73, 439.0497
536142,5.5371,0.002969,336.77, 439.0497
536143,5.5400,0.002948,339.20, 439.0497
536144,5.5430,0.003003,333.03, 439.0494
536145,5.5464,0.002974,336.22, 439.0497
536146,5.5493,0.002934,340.83, 439.0491
536147,5.5522,0.002945,339.57, 439.0497
536148,5.5552,0.002935,340.77, 439.0491
536149,5.5581,0.002985,335.01, 439.0497
536150,5.5610,0.002916,342.97, 439.0491
536151,5.5640,0.002955,338.40, 439.0497
536152,5.5669,0.003031,329.95, 439.0497
536153,5.5698,0.002983,335.28, 439.0497
536154,5.5728,0.002985,334.96, 439.0497
536155,5.5757,0.002941,340.03, 439.0497
536156,5.5786,0.002964,337.36, 439.0494
536157,5.5815,0.002933,340.96, 439.0497
536158,5.5845,0.002894,345.54, 439.0497
536159,5.5874,0.003085,324.19, 439.0497
536160,5.5908,0.003014,331.83, 439.0491
536161,5.5938,0.002983,335.19, 439.0497
536162,5.5967,0.002939,340.29, 439.0494
536163,5.5996,0.003016,331.58, 439.0497
536164,5.6025,0.002908,343.91, 439.0497
536165,5.6055,0.003014,331.83, 439.0497
536166,5.6084,0.002885,346.66, 439.0494
536167,5.6113,0.003087,323.94, 439.0497
536168,5.6143,0.002910,343.65, 439.0497
536169,5.6177,0.003117,320.79, 439.0497
536170,5.6206,0.003082,324.46, 439.0497
536171,5.6235,0.003049,327.98, 439.0497
536172,5.6270,0.003078,324.87, 439.0494
536173,5.6299,0.003067,326.04, 439.0497
536174,5.6328,0.002896,345.34, 439.0497
536175,5.6357,0.003065,326.26, 439.0497
536176,5.6387,0.002981,335.41, 439.0494
536177,5.6416,0.003000,333.30, 439.0497
536178,5.6445,0.002907,343.97, 439.0497
536179,5.6475,0.003055,327.31, 439.0497
536180,5.6509,0.002976,336.01, 439.0494
536181,5.6538,0.003028,330.25, 439.0497
536182,5.6567,0.002906,344.14, 439.0497
536183,5.6597,0.002978,335.82, 439.0497
536184,5.6626,0.002912,343.39, 439.0497
536185,5.6655,0.003020,331.16, 439.0497
536186,5.6685,0.002988,334.63, 439.0494
536187,5.6714,0.003012,331.97, 439.0497
536188,5.6743,0.002975,336.17, 439.0494
536189,5.6772,0.002969,336.79, 439.0497
536190,5.6802,0.002926,341.82, 439.0516
536191,5.6836,0.003353,298.28, 439.0491
536192,5.6870,0.003145,318.01, 439.0494
536193,5.6899,0.003034,329.62, 439.0494
536194,5.6929,0.002910,343.60, 439.0497
536195,5.6958,0.003064,326.37, 439.0494
536196,5.6992,0.003259,306.82, 439.0494
536197,5.7021,0.003239,308.71, 439.0497
536198,5.7056,0.003125,319.99, 439.0497
536199,5.7085,0.003137,318.77, 439.0497
536200,5.7119,0.003038,329.20, 439.0494
536201,5.7148,0.003109,321.62, 439.0494
536202,5.7178,0.003068,325.90, 439.0497
536203,5.7207,0.003008,332.44, 439.0491
536204,5.7236,0.002998,333.59, 439.0497
536205,5.7271,0.003246,308.11, 439.0494
536206,5.7300,0.003011,332.08, 439.0491
536207,5.7329,0.003022,330.95, 439.0497
536208,5.7363,0.002965,337.26, 439.0491
536209,5.7393,0.003008,332.41, 439.0497
536210,5.7422,0.002888,346.21, 439.0497
536211,5.7451,0.003087,323.96, 439.0497
536212,5.7480,0.002947,339.32, 439.0498
536213,5.7510,0.003037,329.26, 439.0494
536214,5.7539,0.002902,344.58, 439.0499
536215,5.7568,0.003030,330.04, 439.0497
536216,5.7598,0.002958,338.05, 439.0494
536217,5.7632,0.002997,333.66, 439.0497
536218,5.7661,0.002924,341.97, 439.0497
536219,5.7690,0.003073,325.47, 439.0494
536220,5.7720,0.002948,339.20, 439.0497
536221,5.7749,0.002985,335.00, 439.0497
536222,5.7778,0.002931,341.15, 439.0497
536223,5.7808,0.002959,337.99, 439.0497
536224,5.7837,0.002955,338.36, 439.0494
536225,5.7866,0.003031,329.91, 439.0497
536226,5.7896,0.002922,342.23, 439.0497
536227,5.7925,0.002982,335.37, 439.0497
536228,5.7959,0.003014,331.76, 439.0497
536229,5.7988,0.003017,331.48, 439.0494
536230,5.8018,0.002967,337.03, 439.0494
536231,5.8047,0.002999,333.44, 439.0497
536232,5.8076,0.003017,331.41, 439.0497
536233,5.8105,0.002973,336.37, 439.0491
536234,5.8135,0.002945,339.59, 439.0497
536235,5.8164,0.002932,341.08, 439.0640
536236,5.8193,0.003024,330.74, 439.0497
536237,5.8228,0.003195,312.99, 439.0494
536238,5.8257,0.003131,319.38, 439.0494
536239,5.8291,0.003034,329.58, 439.0497
536240,5.8320,0.002944,339.65, 439.0497
536241,5.8350,0.002984,335.10, 439.0491
536242,5.8379,0.003022,330.94, 439.0491
536243,5.8408,0.002955,338.41, 439.0497
536244,5.8438,0.002952,338.80, 439.0497
536245,5.8467,0.003003,332.98, 439.0497
536246,5.8496,0.002975,336.13, 439.0497
536247,5.8525,0.003028,330.26, 439.0494
536248,5.8560,0.003203,312.18, 439.0497
536249,5.8589,0.002955,338.40, 439.0497
536250,5.8618,0.002975,336.11, 439.0497
536251,5.8647,0.002964,337.38, 439.0497
536252,5.8677,0.003032,329.85, 439.0497
536253,5.8711,0.002950,338.99, 439.0497
536254,5.8740,0.003017,331.43, 439.0497
536255,5.8770,0.002996,333.76, 439.0497
536256,5.8799,0.002987,334.81, 439.0497
536257,5.8828,0.002888,346.26, 439.0497
536258,5.8857,0.003082,324.50, 439.0494
536259,5.8887,0.002963,337.51, 439.0497
536260,5.8916,0.002999,333.44, 439.0494
536261,5.8945,0.002948,339.21, 439.0497
536262,5.8979,0.003104,322.18, 439.0494
536263,5.9009,0.002956,338.35, 439.0494
536264,5.9038,0.003036,329.39, 439.0497
536265,5.9067,0.002984,335.13, 439.0494
536266,5.9097,0.002992,334.26, 439.0497
536267,5.9126,0.002926,341.82, 439.0497
536268,5.9160,0.003072,325.53, 439.0494
536269,5.9189,0.002941,340.04, 439.0494
536270,5.9219,0.003056,327.20, 439.0497
536271,5.9248,0.002913,343.34, 439.0497
536272,5.9277,0.003032,329.83, 439.0497
536273,5.9307,0.002951,338.89, 439.0516
536274,5.9336,0.003047,328.23, 439.0497
536275,5.9365,0.002909,343.76, 439.0781
536276,5.9395,0.003031,329.94, 439.0494
536277,5.9424,0.002880,347.26, 439.0497
536278,5.9458,0.003043,328.68, 439.0491
536279,5.9487,0.002909,343.82, 439.0497
536280,5.9517,0.003043,328.62, 439.0497
536281,5.9546,0.002936,340.58, 439.0497
536282,5.9575,0.003014,331.82, 439.0497
536283,5.9604,0.002895,345.47, 439.0497
536284,5.9634,0.003045,328.45, 439.0497
536285,5.9663,0.002927,341.65, 439.0497
536286,5.9697,0.003127,319.79, 439.0497
536287,5.9727,0.003045,328.42, 439.0497
536288,5.9756,0.003012,332.02, 439.0494
536289,5.9785,0.002929,341.43, 439.0497
536290,5.9814,0.003052,327.61, 439.0516
536291,5.9844,0.002944,339.63, 439.0497
536292,5.9873,0.003000,333.32, 439.0497
536293,5.9902,0.002909,343.80, 439.0497
536294,5.9932,0.002965,337.33, 439.0491
536295,5.9961,0.002965,337.33, 439.0497
536296,5.9995,0.002964,337.35, 439.0516
536297,6.0024,0.002951,338.87, 439.0497
536298,6.0054,0.002953,338.66, 439.0497
536299,6.0083,0.002967,337.09, 439.0497
536300,6.0112,0.002966,337.18, 439.0494
536301,6.0142,0.002957,338.21, 439.0494
536302,6.0171,0.002962,337.67, 439.0497
536303,6.0200,0.002981,335.48, 439.0497
536304,6.0229,0.002928,341.50, 439.0497
536305,6.0259,0.002993,334.16, 439.0493
536306,6.0288,0.002973,336.37, 439.0494
536307,6.0317,0.002988,334.67, 439.0491
536308,6.0347,0.002964,337.35, 439.0494
536309,6.0381,0.003058,327.06, 439.0491
536310,6.0410,0.003175,314.93, 439.0491
536311,6.0439,0.003052,327.62, 439.0497
536312,6.0474,0.002981,335.51, 439.0497
536313,6.0503,0.002989,334.58, 439.0497
536314,6.0532,0.002918,342.71, 439.0497
536315,6.0562,0.003104,322.14, 439.0494
536316,6.0591,0.002988,334.68, 439.0497
536317,6.0620,0.002987,334.82, 439.0497
536318,6.0649,0.003016,331.57, 439.0497
536319,6.0684,0.003074,325.29, 439.0497
536320,6.0713,0.003011,332.12, 439.0491
536321,6.0742,0.003073,325.47, 439.0494
536322,6.0771,0.002953,338.68, 439.0497
536323,6.0801,0.002963,337.47, 439.0497
536324,6.0830,0.002931,341.15, 439.0491
536325,6.0864,0.003044,328.57, 439.0497
536326,6.0894,0.002952,338.81, 439.0497
536327,6.0923,0.002983,335.27, 439.0497
536328,6.0952,0.002956,338.25, 439.0497
536329,6.0981,0.003059,326.86, 439.0497
536330,6.1011,0.002914,343.22, 439.0497
536331,6.1040,0.003156,316.84, 439.0494
536332,6.1074,0.003029,330.12, 439.0494
536333,6.1104,0.002999,333.41, 439.0497
536334,6.1133,0.002910,343.64, 439.0494
536335,6.1162,0.003050,327.86, 439.0497
536336,6.1196,0.003460,289.03, 439.0491
536337,6.1230,0.003260,306.80, 439.0494
536338,6.1260,0.003140,318.50, 439.0494
536339,6.1299,0.003599,277.88, 439.0494
536340,6.1333,0.003607,277.25, 439.0491
536341,6.1367,0.003493,286.32, 439.0491
536342,6.1401,0.003428,291.69, 439.0494
536343,6.1431,0.003076,325.10, 439.0497
536344,6.1465,0.003109,321.69, 439.0494
536345,6.1494,0.002955,338.38, 439.0497
536346,6.1523,0.003143,318.14, 439.0497
536347,6.1553,0.003034,329.57, 439.0497
536348,6.1587,0.003060,326.79, 439.0497
536349,6.1616,0.002909,343.81, 439.0497
536350,6.1646,0.003032,329.80, 439.0491
536351,6.1675,0.003006,332.67, 439.0497
536352,6.1704,0.003075,325.22, 439.0494
536353,6.1733,0.002951,338.82, 439.0497
536354,6.1768,0.003042,328.72, 439.0491
536355,6.1797,0.002902,344.55, 439.0497
536356,6.1826,0.003084,324.31, 439.0491
536357,6.1855,0.003131,319.38, 439.0497
536358,6.1890,0.003189,313.58, 439.0491
536359,6.1924,0.003270,305.84, 439.0494
536360,6.1953,0.003155,316.92, 439.0491
536361,6.1982,0.002993,334.17, 439.0497
536362,6.2012,0.003099,322.68, 439.0494
536363,6.2046,0.002967,337.06, 439.0494
536364,6.2075,0.003066,326.21, 439.0494
536365,6.2104,0.002919,342.56, 439.0497
536366,6.2134,0.003022,330.91, 439.0497
536367,6.2163,0.002951,338.88, 439.0494
536368,6.2192,0.003069,325.88, 439.0494
536369,6.2222,0.002894,345.55, 439.0605
536370,6.2256,0.003085,324.12, 439.0497
536371,6.2285,0.002927,341.71, 439.0497
536372,6.2314,0.003009,332.39, 439.0497
536373,6.2344,0.002902,344.58, 439.0497
536374,6.2373,0.003086,324.10, 439.0491
536375,6.2402,0.002905,344.23, 439.0497
536376,6.2432,0.002969,336.79, 439.0497
536377,6.2461,0.002946,339.41, 439.0494
536378,6.2490,0.003029,330.13, 439.0491
536379,6.2520,0.002923,342.16, 439.0497
536380,6.2549,0.002996,333.82, 439.0497
536381,6.2578,0.002915,343.10, 439.0497
536382,6.2607,0.002998,333.57, 439.0494
536383,6.2637,0.002920,342.51, 439.0497
536384,6.2671,0.003042,328.73, 439.0494
536385,6.2700,0.002964,337.44, 439.0497
536386,6.2729,0.002987,334.78, 439.0494
536387,6.2759,0.002958,338.11, 439.0497
536388,6.2788,0.003019,331.24, 439.0497
536389,6.2817,0.002941,340.03, 439.0497
536390,6.2847,0.002998,333.58, 439.0497
536391,6.2876,0.003027,330.39, 439.0497
536392,6.2905,0.002917,342.81, 439.0497
536393,6.2935,0.002960,337.86, 439.0497
536394,6.2969,0.003006,332.62, 439.0491
536395,6.2998,0.002953,338.70, 439.0497
536396,6.3027,0.002954,338.50, 439.0497
536397,6.3057,0.003019,331.26, 439.0494
536398,6.3086,0.002980,335.57, 439.0494
536399,6.3115,0.002991,334.39, 439.0497
536400,6.3145,0.003021,331.03, 439.0560
536401,6.3174,0.002993,334.08, 439.0494
536402,6.3208,0.002942,339.88, 439.0494
536403,6.3237,0.002997,333.62, 439.0497
536404,6.3267,0.002961,337.78, 439.0497
536405,6.3296,0.003030,330.08, 439.0491
536406,6.3325,0.002943,339.75, 439.0491
536407,6.3354,0.003028,330.21, 439.0494
536408,6.3384,0.003007,332.55, 439.0494
536409,6.3413,0.002997,333.64, 439.0491
536410,6.3442,0.002945,339.57, 439.0497
536411,6.3477,0.002984,335.17, 439.0497
536412,6.3506,0.002920,342.50, 439.0494
536413,6.3535,0.003037,329.29, 439.0491
536414,6.3564,0.003039,329.06, 439.0494
536415,6.3594,0.003006,332.72, 439.0497
536416,6.3623,0.002914,343.19, 439.0491
536417,6.3652,0.003021,331.04, 439.0497
536418,6.3682,0.002926,341.74, 439.0494
536419,6.3716,0.003090,323.65, 439.0497
536420,6.3745,0.002959,337.94, 439.0494
536421,6.3774,0.003082,324.48, 439.0497
536422,6.3804,0.002933,340.95, 439.0491
536423,6.3833,0.003041,328.84, 439.0491
536424,6.3862,0.002995,333.89, 439.0497
536425,6.3896,0.002997,333.69, 439.0516
536426,6.3921,0.002883,346.85, 439.0494
536427,6.3955,0.002997,333.71, 439.0497
536428,6.3979,0.002896,345.36, 439.0497
536429,6.4014,0.003022,330.93, 439.0497
536430,6.4043,0.002954,338.55, 439.0497
536431,6.4072,0.003027,330.41, 439.0497
536432,6.4102,0.002893,345.69, 439.0494
536433,6.4131,0.002975,336.12, 439.0497
536434,6.4160,0.002963,337.46, 439.0497
536435,6.4189,0.003014,331.80, 439.0494
536436,6.4219,0.002948,339.24, 439.0494
536437,6.4248,0.003004,332.94, 439.0497
536438,6.4277,0.002953,338.63, 439.0497
536439,6.4312,0.003038,329.16, 439.0497
536440,6.4341,0.002987,334.81, 439.0497
536441,6.4370,0.002983,335.26, 439.0497
536442,6.4399,0.002978,335.78, 439.0497
536443,6.4429,0.002968,336.88, 439.0494
536444,6.4458,0.002975,336.15, 439.0497
536445,6.4487,0.003025,330.58, 439.0494
536446,6.4517,0.002987,334.83, 439.0491
536447,6.4546,0.002956,338.31, 439.0497
536448,6.4580,0.002978,335.81, 439.0491
536449,6.4609,0.002945,339.56, 439.0497
536450,6.4639,0.002984,335.14, 439.0491
536451,6.4668,0.002980,335.55, 439.0497
536452,6.4697,0.002974,336.22, 439.0497
536453,6.4727,0.002922,342.28, 439.0497
536454,6.4756,0.002977,335.91, 439.0497
536455,6.4785,0.003007,332.54, 439.0497
536456,6.4814,0.002996,333.74, 439.0497
536457,6.4844,0.002944,339.69, 439.0494
536458,6.4878,0.003041,328.87, 439.0497
536459,6.4907,0.002957,338.21, 439.0497
536460,6.4937,0.002985,335.03, 439.0497
536461,6.4966,0.002990,334.49, 439.0491
536462,6.4995,0.003027,330.32, 439.0497
536463,6.5024,0.002939,340.22, 439.0497
536464,6.5054,0.003007,332.59, 439.0494
536465,6.5083,0.003001,333.24, 439.0491
536466,6.5117,0.003029,330.17, 439.0494
536467,6.5146,0.002936,340.58, 439.0497
536468,6.5176,0.003042,328.77, 439.0494
536469,6.5205,0.002935,340.74, 439.0491
536470,6.5234,0.003114,321.18, 439.0497
536471,6.5264,0.002975,336.18, 439.0497
536472,6.5298,0.003062,326.56, 439.0497
536473,6.5327,0.002928,341.55, 439.0494
536474,6.5356,0.003072,325.55, 439.0491
536475,6.5386,0.002971,336.55, 439.0497
536476,6.5415,0.003012,332.03, 439.0497
536477,6.5444,0.002911,343.51, 439.0497
536478,6.5474,0.003040,328.90, 439.0491
536479,6.5503,0.002997,333.70, 439.0497
536480,6.5537,0.003034,329.61, 439.0494
536481,6.5566,0.002917,342.78, 439.0497
536482,6.5596,0.003026,330.48, 439.0494
536483,6.5625,0.002866,348.95, 439.0497
536484,6.5654,0.003017,331.51, 439.0497
536485,6.5684,0.002934,340.87, 439.0497
536486,6.5713,0.002992,334.19, 439.0497
536487,6.5742,0.002916,342.92, 439.0497
536488,6.5771,0.002992,334.18, 439.0497
536489,6.5801,0.002880,347.19, 439.0494
536490,6.5830,0.003022,330.90, 439.0491
536491,6.5859,0.002955,338.36, 439.0497
536492,6.5889,0.002996,333.82, 439.0497
536493,6.5918,0.002929,341.38, 439.0497
536494,6.5952,0.002995,333.85, 439.0491
536495,6.5981,0.003001,333.23, 439.0497
536496,6.6011,0.003032,329.83, 439.0491
536497,6.6040,0.003004,332.86, 439.0491
536498,6.6069,0.003151,317.36, 439.0494
536499,6.6104,0.002954,338.50, 439.0497
536500,6.6133,0.003005,332.78, 439.0494
536501,6.6162,0.002956,338.33, 439.0497
536502,6.6191,0.003016,331.55, 439.0491
536503,6.6221,0.002965,337.28, 439.0497
536504,6.6250,0.002978,335.75, 439.0491
536505,6.6279,0.002991,334.30, 439.0497
536506,6.6309,0.002987,334.83, 439.0491
536507,6.6338,0.003001,333.26, 439.0491
536508,6.6372,0.003053,327.55, 439.0491
536509,6.6401,0.002926,341.74, 439.0497
536510,6.6431,0.002975,336.15, 439.0491
536511,6.6460,0.003109,321.66, 439.0497
536512,6.6494,0.003154,317.04, 439.0491
536513,6.6523,0.003119,320.61, 439.0497
536514,6.6553,0.003014,331.74, 439.0491
536515,6.6582,0.002990,334.43, 439.0497
536516,6.6611,0.002941,340.00, 439.0491
536517,6.6641,0.002960,337.87, 439.0497
536518,6.6675,0.003024,330.64, 439.0491
536519,6.6704,0.002992,334.27, 439.0497
536520,6.6733,0.002976,335.99, 439.0491
536521,6.6763,0.002974,336.21, 439.0497
536522,6.6792,0.002947,339.39, 439.0497
536523,6.6821,0.003002,333.13, 439.0497
536524,6.6851,0.002950,339.03, 439.0494
536525,6.6880,0.003032,329.78, 439.0497
536526,6.6909,0.002942,339.90, 439.0491
536527,6.6938,0.002975,336.13, 439.0497
536528,6.6973,0.003081,324.55, 439.0491
536529,6.7007,0.003385,295.46, 439.0494
536530,6.7036,0.003125,320.02, 439.0491
536531,6.7070,0.003124,320.13, 439.0494
536532,6.7100,0.003036,329.42, 439.0494
536533,6.7129,0.002987,334.83, 439.0497
536534,6.7158,0.002977,335.91, 439.0497
536535,6.7188,0.003004,332.94, 439.0497
536536,6.7217,0.002919,342.58, 439.0497
536537,6.7246,0.002970,336.76, 439.0497
536538,6.7275,0.002984,335.12, 439.0491
536539,6.7305,0.002941,339.97, 439.0497
536540,6.7334,0.002953,338.60, 439.0491
536541,6.7363,0.003004,332.88, 439.0497
536542,6.7397,0.002947,339.32, 439.0491
536543,6.7422,0.002912,343.37, 439.0650
536544,6.7456,0.003098,322.82, 439.0494
536545,6.7485,0.003010,332.21, 439.0497
536546,6.7515,0.002926,341.79, 439.0494
536547,6.7544,0.002993,334.09, 439.0497
536548,6.7573,0.002937,340.52, 439.0497
536549,6.7603,0.002984,335.13, 439.0497
536550,6.7632,0.002988,334.63, 439.0635
536551,6.7666,0.003117,320.78, 439.0497
536552,6.7695,0.002894,345.59, 439.0655
536553,6.7725,0.002996,333.81, 439.0497
536554,6.7754,0.002952,338.72, 439.0494
536555,6.7783,0.003040,328.90, 439.0497
536556,6.7813,0.002950,338.99, 439.0622
536557,6.7842,0.003016,331.59, 439.0497
536558,6.7871,0.002970,336.71, 439.0494
536559,6.7905,0.003001,333.23, 439.0497
536560,6.7930,0.002913,343.27, 439.0494
536561,6.7964,0.003026,330.50, 439.0497
536562,6.7993,0.002912,343.37, 439.0497
536563,6.8022,0.002970,336.66, 439.0497
536564,6.8052,0.002962,337.60, 439.0494
536565,6.8081,0.003139,318.62, 439.0497
536566,6.8110,0.003032,329.78, 439.0497
536567,6.8145,0.003038,329.12, 439.0497
536568,6.8174,0.003011,332.08, 439.0497
536569,6.8203,0.003120,320.56, 439.0497
536570,6.8232,0.003003,333.02, 439.0494
536571,6.8267,0.003020,331.18, 439.0494
536572,6.8296,0.003004,332.91, 439.0497
536573,6.8325,0.003049,327.98, 439.0494
536574,6.8354,0.003012,331.96, 439.0491
536575,6.8389,0.003216,310.96, 439.0491
536576,6.8418,0.002993,334.12, 439.0494
536577,6.8447,0.003004,332.90, 439.0491
536578,6.8477,0.002989,334.57, 439.0497
536579,6.8506,0.002995,333.89, 439.0491
536580,6.8535,0.002980,335.55, 439.0497
536581,6.8569,0.003038,329.16, 439.0491
536582,6.8599,0.002942,339.90, 439.0497
536583,6.8628,0.002961,337.77, 439.0491
536584,6.8657,0.002895,345.45, 439.0497
536585,6.8687,0.003099,322.65, 439.0494
536586,6.8716,0.003019,331.28, 439.0497
536587,6.8745,0.003009,332.31, 439.0494
536588,6.8774,0.002932,341.10, 439.0497
536589,6.8804,0.002965,337.30, 439.0497
536590,6.8833,0.002922,342.27, 439.0497
536591,6.8862,0.002942,339.94, 439.0719
536592,6.8892,0.002940,340.15, 439.0497
536593,6.8921,0.002929,341.46, 439.0494
536594,6.8950,0.002958,338.12, 439.0497
536595,6.8984,0.003028,330.22, 439.0497
536596,6.9014,0.002996,333.78, 439.0494
536597,6.9043,0.002923,342.14, 439.0494
536598,6.9072,0.002986,334.88, 439.0497
536599,6.9102,0.002885,346.57, 439.0516
536600,6.9131,0.002965,337.22, 439.0494
536601,6.9165,0.003404,293.82, 439.0491
536602,6.9194,0.003020,331.08, 439.0491
536603,6.9224,0.002947,339.31, 439.0494
536604,6.9253,0.002977,335.87, 439.0497
536605,6.9282,0.002959,337.97, 439.0497
536606,6.9312,0.003038,329.13, 439.0516
536607,6.9346,0.003037,329.26, 439.0494
536608,6.9375,0.003005,332.76, 439.0494
536609,6.9404,0.002921,342.37, 439.0497
536610,6.9434,0.002977,335.97, 439.0497
536611,6.9463,0.002943,339.78, 439.0516
536612,6.9492,0.002990,334.44, 439.0497
536613,6.9521,0.002904,344.31, 439.0497
536614,6.9551,0.003017,331.47, 439.0491
536615,6.9580,0.002990,334.45, 439.0497
536616,6.9609,0.002974,336.24, 439.0497
536617,6.9639,0.002917,342.83, 439.0494
536618,6.9673,0.003057,327.08, 439.0494
536619,6.9702,0.002936,340.56, 439.0494
536620,6.9731,0.003017,331.44, 439.0497
536621,6.9761,0.002932,341.06, 439.0494
536622,6.9790,0.003033,329.73, 439.0494
536623,6.9819,0.003018,331.35, 439.0494
536624,6.9854,0.003079,324.74, 439.0497
536625,6.9883,0.002955,338.46, 439.0494
536626,6.9912,0.002988,334.63, 439.0497
536627,6.9941,0.002916,342.97, 439.0497
536628,6.9971,0.003024,330.74, 439.0494
536629,7.0000,0.002917,342.87, 439.0491
536630,7.0029,0.003038,329.16, 439.0494
536631,7.0059,0.002964,337.42, 439.0497
536632,7.0093,0.003302,302.86, 439.0491
536633,7.0122,0.003067,326.09, 439.0497
536634,7.0151,0.003052,327.61, 439.0497
536635,7.0181,0.002932,341.06, 439.0497
536636,7.0215,0.003026,330.43, 439.0497
536637,7.0244,0.002907,344.02, 439.0497
536638,7.0273,0.003006,332.71, 439.0497
536639,7.0303,0.002870,348.48, 439.0497
536640,7.0332,0.002997,333.70, 439.0494
536641,7.0361,0.002961,337.74, 439.0497
536642,7.0391,0.003068,325.95, 439.0497
536643,7.0420,0.002952,338.79, 439.0497
536644,7.0449,0.002991,334.30, 439.0494
536645,7.0479,0.002979,335.66, 439.0497
536646,7.0513,0.003024,330.69, 439.0491
536647,7.0542,0.002940,340.19, 439.0494
536648,7.0571,0.003040,328.98, 439.0497
536649,7.0601,0.002952,338.78, 439.0491
536650,7.0630,0.003004,332.89, 439.0497
536651,7.0659,0.002946,339.49, 439.0491
536652,7.0688,0.002993,334.11, 439.0497
536653,7.0718,0.002971,336.58, 439.0491
536654,7.0747,0.002997,333.71, 439.0497
536655,7.0776,0.002973,336.33, 439.0497
536656,7.0806,0.002950,339.02, 439.0497
536657,7.0840,0.002953,338.59, 439.0497
536658,7.0869,0.003052,327.66, 439.0494
536659,7.0898,0.003090,323.62, 439.0497
536660,7.0928,0.003042,328.70, 439.0641
536661,7.0962,0.003299,303.09, 439.0491
536662,7.0996,0.003222,310.34, 439.0494
536663,7.1025,0.003280,304.89, 439.0497
536664,7.1060,0.003318,301.36, 439.0491
536665,7.1094,0.003251,307.64, 439.0494
536666,7.1123,0.003166,315.84, 439.0491
536667,7.1152,0.002951,338.89, 439.0497
536668,7.1187,0.003274,305.46, 439.0494
536669,7.1216,0.003029,330.19, 439.0516
536670,7.1250,0.003146,317.90, 439.0497
536671,7.1279,0.003036,329.39, 439.0497
536672,7.1309,0.003018,331.37, 439.0494
536673,7.1343,0.003486,286.85, 439.0494
536674,7.1377,0.003427,291.82, 439.0491
536675,7.1411,0.003407,293.52, 439.0491
536676,7.1445,0.003445,290.28, 439.0491
536677,7.1479,0.003464,288.67, 439.0495
536678,7.1514,0.003392,294.83, 439.0491
536679,7.1548,0.003435,291.10, 439.0494
536680,7.1582,0.002995,333.85, 439.0497
536681,7.1611,0.003208,311.73, 439.0497
536682,7.1641,0.003047,328.25, 439.0494
536683,7.1675,0.003141,318.33, 439.0497
536684,7.1704,0.002949,339.09, 439.0497
536685,7.1733,0.003007,332.52, 439.0494
536686,7.1763,0.002884,346.74, 439.0497
536687,7.1792,0.003022,330.92, 439.0497
536688,7.1821,0.002975,336.16, 439.0497
536689,7.1851,0.003044,328.54, 439.0497
536690,7.1880,0.002917,342.79, 439.0497
536691,7.1909,0.002961,337.68, 439.0497
536692,7.1938,0.002835,352.75, 439.0497
536693,7.1968,0.003022,330.87, 439.0497
536694,7.1997,0.002870,348.44, 439.0494
536695,7.2026,0.002971,336.60, 439.0497
536696,7.2056,0.002959,337.96, 439.0497
536697,7.2090,0.002966,337.18, 439.0497
536698,7.2119,0.002940,340.14, 439.0497
536699,7.2148,0.003003,332.97, 439.0497
536700,7.2178,0.002916,342.94, 439.0497
536701,7.2207,0.002960,337.89, 439.0491
536702,7.2236,0.003014,331.83, 439.0497
536703,7.2266,0.003097,322.91, 439.0497
536704,7.2295,0.002936,340.66, 439.0494
536705,7.2324,0.002942,339.90, 439.0494
536706,7.2354,0.002940,340.11, 439.0497
536707,7.2383,0.002926,341.73, 439.0497
536708,7.2412,0.002941,340.03, 439.0497
536709,7.2441,0.002929,341.44, 439.0497
536710,7.2471,0.002959,338.01, 439.0497
536711,7.2500,0.002915,343.05, 439.0497
536712,7.2529,0.002939,340.29, 439.0497
536713,7.2559,0.002951,338.91, 439.0497
536714,7.2593,0.003209,311.65, 439.0497
536715,7.2622,0.002980,335.63, 439.0491
536716,7.2651,0.002954,338.54, 439.0497
536717,7.2681,0.002926,341.74, 439.0497
536718,7.2710,0.002990,334.49, 439.0491
536719,7.2739,0.002950,338.97, 439.0497
536720,7.2769,0.003015,331.70, 439.0494
536721,7.2798,0.002935,340.77, 439.0491
536722,7.2832,0.002991,334.39, 439.0494
536723,7.2861,0.003021,331.02, 439.0491
536724,7.2891,0.003212,311.29, 439.0491
536725,7.2925,0.003070,325.71, 439.0497
536726,7.2954,0.002995,333.89, 439.0497
536727,7.2983,0.002935,340.73, 439.0497
536728,7.3013,0.003092,323.42, 439.0494
536729,7.3042,0.002983,335.23, 439.0497
536730,7.3076,0.003050,327.92, 439.0497
536731,7.3101,0.002880,347.25, 439.0494
536732,7.3135,0.002979,335.64, 439.0491
536733,7.3159,0.002902,344.58, 439.0491
536734,7.3193,0.003036,329.36, 439.0497
536735,7.3223,0.002911,343.49, 439.0494
536736,7.3252,0.002994,334.05, 439.0497
536737,7.3281,0.002911,343.50, 439.0491
536738,7.3311,0.002979,335.68, 439.0491
536739,7.3340,0.002908,343.94, 439.0497
536740,7.3369,0.003039,329.08, 439.0491
536741,7.3398,0.002945,339.51, 439.0497
536742,7.3428,0.002958,338.04, 439.0497
536743,7.3457,0.002929,341.38, 439.0497
536744,7.3486,0.002996,333.79, 439.0494
536745,7.3516,0.002942,339.86, 439.0497
536746,7.3545,0.002967,337.09, 439.0497
536747,7.3574,0.002923,342.08, 439.0497
536748,7.3604,0.002931,341.19, 439.0494
536749,7.3633,0.002910,343.65, 439.0497
536750,7.3662,0.003003,332.96, 439.0494
536751,7.3691,0.002947,339.33, 439.0497
536752,7.3721,0.002933,340.99, 439.0494
536753,7.3750,0.002930,341.32, 439.0497
536754,7.3779,0.002943,339.85, 439.0491
536755,7.3809,0.002904,344.40, 439.0497
536756,7.3843,0.003014,331.79, 439.0491
536757,7.3872,0.003017,331.47, 439.0497
536758,7.3901,0.003042,328.69, 439.0491
536759,7.3931,0.003090,323.59, 439.0575
536760,7.3960,0.002956,338.30, 439.0497
536761,7.3994,0.002979,335.74, 439.0497
536762,7.4023,0.002933,340.96, 439.0497
536763,7.4053,0.003022,330.96, 439.0497
536764,7.4082,0.003026,330.46, 439.0497
536765,7.4111,0.002984,335.09, 439.0494
536766,7.4141,0.003063,326.43, 439.0491
536767,7.4175,0.003135,319.03, 439.0497
536768,7.4204,0.003060,326.85, 439.0491
536769,7.4233,0.003103,322.26, 439.0497
536770,7.4268,0.003088,323.87, 439.0491
536771,7.4297,0.003247,308.01, 439.0494
536772,7.4331,0.003149,317.53, 439.0491
536773,7.4360,0.003180,314.51, 439.0491
536774,7.4395,0.003275,305.39, 439.0494
536775,7.4424,0.003149,317.52, 439.0497
536776,7.4458,0.003143,318.17, 439.0491
536777,7.4487,0.003080,324.65, 439.0497
536778,7.4521,0.003123,320.25, 439.0491
536779,7.4551,0.003096,323.03, 439.0497
536780,7.4580,0.003160,316.45, 439.0491
536781,7.4614,0.003046,328.27, 439.0497
536782,7.4644,0.003131,319.40, 439.0497
536783,7.4678,0.003248,307.92, 439.0491
536784,7.4707,0.003239,308.74, 439.0494
536785,7.4741,0.003128,319.65, 439.0497
536786,7.4771,0.003207,311.86, 439.0491
536787,7.4805,0.003198,312.74, 439.0491
536788,7.4839,0.003263,306.44, 439.0494
536789,7.4868,0.003247,307.94, 439.0494
536790,7.4902,0.003269,305.92, 439.0497
536791,7.4932,0.003131,319.38, 439.0494
536792,7.4966,0.003138,318.73, 439.0491
536793,7.4995,0.003123,320.19, 439.0494
536794,7.5024,0.003110,321.51, 439.0491
536795,7.5059,0.003138,318.66, 439.0497
536796,7.5088,0.003143,318.21, 439.0497
536797,7.5122,0.003089,323.73, 439.0497
536798,7.5151,0.003166,315.88, 439.0491
536799,7.5186,0.003198,312.68, 439.0494
536800,7.5215,0.003016,331.52, 439.0494
536801,7.5244,0.003002,333.08, 439.0497
536802,7.5273,0.002992,334.24, 439.0494
536803,7.5303,0.002959,337.97, 439.0491
536804,7.5332,0.002923,342.10, 439.0497
536805,7.5361,0.002969,336.83, 439.0497
536806,7.5391,0.002980,335.59, 439.0491
536807,7.5420,0.002957,338.18, 439.0497
536808,7.5449,0.002965,337.29, 439.0497
536809,7.5483,0.003031,329.94, 439.0635
536810,7.5513,0.003054,327.49, 439.0494
536811,7.5542,0.002974,336.25, 439.0497
536812,7.5571,0.003026,330.50, 439.0497
536813,7.5601,0.002977,335.87, 439.0497
536814,7.5630,0.002960,337.82, 439.0497
536815,7.5659,0.002946,339.45, 439.0497
536816,7.5693,0.003001,333.20, 439.0497
536817,7.5723,0.002972,336.43, 439.0497
536818,7.5752,0.002953,338.65, 439.0497
536819,7.5781,0.002888,346.27, 439.0540
536820,7.5811,0.002972,336.44, 439.0494
536821,7.5840,0.002967,337.07, 439.0497
536822,7.5869,0.003221,310.49, 439.0491
536823,7.5903,0.003027,330.41, 439.0497
536824,7.5933,0.002968,336.92, 439.0497
536825,7.5962,0.003011,332.08, 439.0497
536826,7.5991,0.002980,335.58, 439.0497
536827,7.6021,0.002978,335.84, 439.0497
536828,7.6050,0.003090,323.66, 439.0494
536829,7.6084,0.003025,330.61, 439.0497
536830,7.6113,0.003006,332.62, 439.0494
536831,7.6143,0.002913,343.35, 439.0497
536832,7.6172,0.003177,314.73, 439.0494
536833,7.6201,0.002979,335.71, 439.1119
536834,7.6230,0.003018,331.38, 439.0494
536835,7.6260,0.002946,339.43, 439.0494
536836,7.6294,0.002978,335.81, 439.0497
536837,7.6323,0.002966,337.19, 439.0497
536838,7.6353,0.003023,330.75, 439.0497
536839,7.6382,0.002927,341.61, 439.0497
536840,7.6411,0.002987,334.74, 439.0497
536841,7.6440,0.002871,348.34, 439.0497
536842,7.6470,0.003057,327.11, 439.0491
536843,7.6499,0.003005,332.76, 439.0497
536844,7.6533,0.003043,328.59, 439.0494
536845,7.6563,0.002968,336.92, 439.0494
536846,7.6592,0.003011,332.13, 439.0494
536847,7.6621,0.003023,330.82, 439.0497
536848,7.6650,0.003057,327.13, 439.0497
536849,7.6680,0.002955,338.38, 439.0497
536850,7.6709,0.003006,332.63, 439.0497
536851,7.6738,0.002925,341.94, 439.0497
536852,7.6772,0.003025,330.57, 439.0491
536853,7.6802,0.002932,341.11, 439.0497
536854,7.6831,0.002962,337.60, 439.0494
536855,7.6860,0.002941,339.99, 439.0497
536856,7.6890,0.002971,336.62, 439.0494
536857,7.6919,0.002937,340.44, 439.0497
536858,7.6948,0.003000,333.33, 439.0497
536859,7.6978,0.002946,339.45, 439.0497
536860,7.7007,0.003073,325.44, 439.0491
536861,7.7036,0.003007,332.57, 439.0497
536862,7.7070,0.003016,331.62, 439.0497
536863,7.7100,0.003102,322.34, 439.0491
536864,7.7134,0.003297,303.28, 439.0491
536865,7.7163,0.003037,329.28, 439.0497
536866,7.7192,0.003002,333.08, 439.0494
536867,7.7222,0.002958,338.04, 439.0497
536868,7.7251,0.003021,331.05, 439.0491
536869,7.7280,0.002964,337.34, 439.0497
536870,7.7310,0.002954,338.50, 439.0497
536871,7.7344,0.003030,330.08, 439.0497
536872,7.7373,0.003004,332.90, 439.0494
536873,7.7402,0.003011,332.15, 439.0497
536874,7.7432,0.002963,337.45, 439.0494
536875,7.7461,0.002984,335.10, 439.0497
536876,7.7490,0.002958,338.10, 439.0494
536877,7.7520,0.002973,336.35, 439.0497
536878,7.7549,0.002956,338.27, 439.0497
536879,7.7578,0.002974,336.22, 439.0497
536880,7.7607,0.002921,342.35, 439.0497
536881,7.7637,0.002973,336.33, 439.0497
536882,7.7671,0.002972,336.47, 439.0497
536883,7.7700,0.003016,331.61, 439.0497
536884,7.7729,0.003067,326.10, 439.0497
536885,7.7759,0.003016,331.62, 439.0497
536886,7.7788,0.003000,333.34, 439.0497
536887,7.7817,0.002986,334.91, 439.0497
536888,7.7847,0.002939,340.23, 439.0494
536889,7.7881,0.003051,327.75, 439.0497
536890,7.7910,0.002967,337.05, 439.0494
536891,7.7939,0.002944,339.63, 439.0497
536892,7.7969,0.003080,324.70, 439.0497
536893,7.7998,0.003063,326.50, 439.0497
536894,7.8032,0.003002,333.07, 439.0497
536895,7.8062,0.003089,323.71, 439.0497
536896,7.8091,0.002941,340.07, 439.0497
536897,7.8120,0.003047,328.15, 439.0497
536898,7.8149,0.002968,336.97, 439.0491
536899,7.8179,0.003016,331.52, 439.0497
536900,7.8213,0.003094,323.23, 439.0497
536901,7.8242,0.003123,320.17, 439.0497
536902,7.8271,0.002995,333.90, 439.0497
536903,7.8301,0.003025,330.60, 439.0497
536904,7.8335,0.002940,340.16, 439.0494
536905,7.8364,0.003110,321.53, 439.0497
536906,7.8394,0.003041,328.82, 439.0491
536907,7.8423,0.003021,331.05, 439.0497
536908,7.8452,0.002971,336.54, 439.0491
536909,7.8486,0.002997,333.72, 439.0507
536910,7.8516,0.003024,330.72, 439.0491
536911,7.8545,0.003188,313.65, 439.0491
536912,7.8574,0.003056,327.23, 439.0494
536913,7.8608,0.003034,329.65, 439.0497
536914,7.8638,0.002962,337.66, 439.0491
536915,7.8667,0.003062,326.64, 439.0497
536916,7.8696,0.002934,340.84, 439.0497
536917,7.8726,0.003044,328.49, 439.0497
536918,7.8755,0.002959,337.94, 439.0491
536919,7.8784,0.002985,335.01, 439.0497
536920,7.8818,0.002978,335.80, 439.0491
536921,7.8848,0.003146,317.91, 439.0497
536922,7.8877,0.003033,329.71, 439.0494
536923,7.8906,0.003068,325.98, 439.0497
536924,7.8936,0.002927,341.69, 439.0497
536925,7.8970,0.003041,328.85, 439.0494
536926,7.8999,0.002910,343.62, 439.0497
536927,7.9028,0.003020,331.11, 439.0497
536928,7.9058,0.002976,336.04, 439.0494
536929,7.9087,0.003013,331.93, 439.0497
536930,7.9116,0.002917,342.85, 439.0491
536931,7.9146,0.003041,328.81, 439.0497
536932,7.9175,0.003012,332.06, 439.0497
536933,7.9209,0.003058,327.02, 439.0497
536934,7.9238,0.002901,344.76, 439.0497
536935,7.9268,0.003034,329.65, 439.0497
536936,7.9297,0.002913,343.35, 439.0491
536937,7.9326,0.003044,328.53, 439.0497
536938,7.9355,0.002951,338.86, 439.0491
536939,7.9385,0.003027,330.41, 439.0497
536940,7.9414,0.002925,341.94, 439.0494
536941,7.9448,0.003061,326.74, 439.0497
536942,7.9478,0.003159,316.59, 439.0494
536943,7.9507,0.003037,329.25, 439.0491
536944,7.9536,0.002886,346.49, 439.0497
536945,7.9565,0.002997,333.63, 439.0497
536946,7.9595,0.002878,347.50, 439.0497
536947,7.9624,0.003025,330.63, 439.0497
536948,7.9653,0.002936,340.61, 439.0494
536949,7.9688,0.003035,329.54, 439.0497
536950,7.9717,0.002935,340.72, 439.0497
536951,7.9746,0.002984,335.12, 439.0494
536952,7.9775,0.002998,333.57, 439.0494
536953,7.9805,0.003096,323.05, 439.0497
536954,7.9834,0.002982,335.40, 439.0497
536955,7.9868,0.003030,330.02, 439.0497
536956,7.9897,0.002953,338.66, 439.0497
536957,7.9927,0.003021,331.07, 439.0497
536958,7.9956,0.002934,340.84, 439.0497
536959,7.9985,0.002934,340.84, 439.0497
536960,8.0015,0.002906,344.07, 439.0497
536961,8.0044,0.002956,338.30, 439.0494
536962,8.0073,0.003007,332.54, 439.0497
536963,8.0103,0.002959,337.93, 439.0497
536964,8.0132,0.002944,339.73, 439.0497
536965,8.0161,0.002960,337.84, 439.0494
536966,8.0190,0.003004,332.86, 439.0497
536967,8.0220,0.002935,340.69, 439.0497
536968,8.0249,0.002978,335.78, 439.0491
536969,8.0278,0.002941,340.06, 439.0497
536970,8.0308,0.002948,339.18, 439.0491
536971,8.0337,0.002887,346.37, 439.0497
536972,8.0371,0.003029,330.11, 439.0497
536973,8.0400,0.002938,340.32, 439.0494
536974,8.0430,0.003011,332.09, 439.0497
536975,8.0459,0.002892,345.82, 439.0497
536976,8.0488,0.002960,337.88, 439.0497
536977,8.0518,0.002883,346.82, 439.0497
536978,8.0547,0.003004,332.86, 439.0494
536979,8.0576,0.002933,341.01, 439.0497
536980,8.0605,0.002954,338.57, 439.0494
536981,8.0635,0.002876,347.72, 439.0497
536982,8.0664,0.002995,333.95, 439.0494
536983,8.0693,0.002955,338.36, 439.0497
536984,8.0723,0.002974,336.29, 439.0497
536985,8.0752,0.002904,344.38, 439.0494
536986,8.0781,0.002963,337.46, 439.0497
536987,8.0811,0.002873,348.02, 439.0497
536988,8.0840,0.002965,337.26, 439.0494
536989,8.0869,0.002991,334.33, 439.0497
536990,8.0898,0.002946,339.40, 439.0497
536991,8.0928,0.002891,345.88, 439.0497
536992,8.0962,0.003296,303.42, 439.0491
536993,8.0991,0.003190,313.53, 439.0494
536994,8.1025,0.003063,326.49, 439.0491
536995,8.1055,0.003008,332.41, 439.0497
536996,8.1084,0.003057,327.17, 439.0494
536997,8.1113,0.002929,341.47, 439.0494
536998,8.1143,0.002973,336.39, 439.0494
536999,8.1172,0.002952,338.71, 439.0497
537000,8.1201,0.002995,333.86, 439.0494
537001,8.1230,0.002922,342.18, 439.0497
537002,8.1260,0.002976,336.04, 439.0497
537003,8.1289,0.002918,342.69, 439.0497
537004,8.1318,0.002934,340.84, 439.0497
537005,8.1357,0.003507,285.14, 439.0497
537006,8.1387,0.003315,301.68, 439.0497
537007,8.1421,0.003098,322.75, 439.0494
537008,8.1455,0.003421,292.31, 439.0491
537009,8.1489,0.003536,282.77, 439.0491
537010,8.1523,0.003556,281.18, 439.0491
537011,8.1558,0.003353,298.21, 439.0491
537012,8.1592,0.003137,318.80, 439.0497
537013,8.1621,0.002961,337.75, 439.0494
537014,8.1650,0.003041,328.84, 439.0494
537015,8.1680,0.003033,329.75, 439.0494
537016,8.1714,0.003187,313.81, 439.0494
537017,8.1743,0.003046,328.35, 439.0491
537018,8.1772,0.002989,334.57, 439.0497
537019,8.1802,0.003010,332.24, 439.0494
537020,8.1831,0.003042,328.70, 439.0491
537021,8.1860,0.003013,331.86, 439.0497
537022,8.1895,0.003038,329.21, 439.0491
537023,8.1924,0.002928,341.57, 439.0497
537024,8.1953,0.003088,323.82, 439.0497
537025,8.1982,0.003015,331.65, 439.0497
537026,8.2012,0.003043,328.66, 439.0491
537027,8.2046,0.002973,336.33, 439.0491
537028,8.2075,0.003021,331.03, 439.0491
537029,8.2104,0.002930,341.33, 439.0497
537030,8.2134,0.003103,322.28, 439.0491
537031,8.2163,0.003058,327.04, 439.0494
537032,8.2197,0.003082,324.48, 439.0497
537033,8.2227,0.002953,338.70, 439.0491
537034,8.2256,0.003068,325.96, 439.0497
537035,8.2285,0.002948,339.20, 439.0497
537036,8.2314,0.003035,329.49, 439.0491
537037,8.2344,0.002936,340.60, 439.0497
537038,8.2373,0.002985,334.97, 439.0497
537039,8.2402,0.002935,340.68, 439.0491
537040,8.2437,0.003090,323.60, 439.0494
537041,8.2466,0.003276,305.25, 439.0494
537042,8.2500,0.003038,329.13, 439.0497
537043,8.2529,0.002944,339.69, 439.0497
537044,8.2559,0.003069,325.80, 439.0497
537045,8.2588,0.002994,333.96, 439.0497
537046,8.2617,0.002988,334.65, 439.0494
537047,8.2646,0.002991,334.31, 439.0497
537048,8.2681,0.003063,326.47, 439.0497
537049,8.2710,0.002954,338.48, 439.0497
537050,8.2739,0.003095,323.07, 439.0497
537051,8.2769,0.002947,339.31, 439.0497
537052,8.2798,0.003010,332.24, 439.0497
537053,8.2827,0.002911,343.54, 439.0497
537054,8.2856,0.003040,328.94, 439.0497
537055,8.2886,0.002924,342.04, 439.1122
537056,8.2920,0.003107,321.88, 439.0497
537057,8.2949,0.002962,337.59, 439.0494
537058,8.2979,0.003027,330.39, 439.0494
537059,8.3008,0.002954,338.56, 439.0497
537060,8.3037,0.003130,319.45, 439.0497
537061,8.3071,0.003039,329.06, 439.0497
537062,8.3101,0.002991,334.38, 439.0494
537063,8.3130,0.002884,346.72, 439.0494
537064,8.3159,0.003012,331.97, 439.0494
537065,8.3188,0.002876,347.74, 439.0497
537066,8.3218,0.003093,323.30, 439.0497
537067,8.3247,0.002949,339.09, 439.0497
537068,8.3276,0.003015,331.66, 439.0497
537069,8.3306,0.002889,346.12, 439.0497
537070,8.3335,0.003040,328.94, 439.0494
537071,8.3369,0.003026,330.47, 439.0497
537072,8.3398,0.003082,324.46, 439.0494
537073,8.3428,0.002885,346.64, 439.0497
537074,8.3457,0.003049,328.01, 439.0497
537075,8.3486,0.002883,346.92, 439.0497
537076,8.3516,0.003041,328.81, 439.0497
537077,8.3545,0.002987,334.80, 439.0497
537078,8.3574,0.002995,333.89, 439.0491
537079,8.3604,0.002906,344.08, 439.0497
537080,8.3638,0.002964,337.40, 439.0494
537081,8.3667,0.002975,336.09, 439.0497
537082,8.3696,0.003015,331.68, 439.0497
537083,8.3726,0.002933,340.90, 439.0497
537084,8.3755,0.003039,329.04, 439.0494
537085,8.3784,0.002913,343.27, 439.0497
537086,8.3813,0.003005,332.73, 439.0491
537087,8.3843,0.002928,341.59, 439.0494
537088,8.3877,0.003126,319.94, 439.0497
537089,8.3906,0.002977,335.95, 439.0494
537090,8.3936,0.002959,337.97, 439.0491
537091,8.3965,0.002931,341.16, 439.0497
537092,8.3994,0.002991,334.31, 439.0491
537093,8.4023,0.002971,336.64, 439.0735
537094,8.4053,0.003159,316.55, 439.0491
537095,8.4087,0.003015,331.70, 439.0497
537096,8.4116,0.003022,330.90, 439.0491
537097,8.4146,0.002960,337.82, 439.0497
537098,8.4175,0.002985,334.96, 439.0491
537099,8.4204,0.002989,334.53, 439.0497
537100,8.4233,0.002969,336.84, 439.0491
537101,8.4263,0.003026,330.46, 439.0497
537102,8.4297,0.003035,329.46, 439.0491
537103,8.4326,0.002952,338.72, 439.0497
537104,8.4355,0.003056,327.24, 439.0491
537105,8.4385,0.003006,332.69, 439.0494
537106,8.4414,0.002957,338.17, 439.0491
537107,8.4443,0.002982,335.35, 439.0497
537108,8.4473,0.002976,336.07, 439.0497
537109,8.4502,0.002972,336.46, 439.0497
537110,8.4531,0.002926,341.76, 439.0497
537111,8.4565,0.003022,330.96, 439.0497
537112,8.4595,0.002935,340.67, 439.0497
537113,8.4624,0.002958,338.12, 439.0497
537114,8.4653,0.002933,340.98, 439.0494
537115,8.4683,0.003035,329.54, 439.0497
537116,8.4712,0.003052,327.63, 439.0497
537117,8.4746,0.003205,312.00, 439.0497
537118,8.4775,0.002973,336.38, 439.0491
537119,8.4805,0.002975,336.17, 439.0497
537120,8.4834,0.003034,329.61, 439.0497
537121,8.4863,0.003124,320.06, 439.0497
537122,8.4893,0.002939,340.31, 439.0494
537123,8.4927,0.002977,335.86, 439.0497
537124,8.4956,0.002928,341.59, 439.0491
537125,8.4985,0.003106,321.95, 439.0497
537126,8.5015,0.002929,341.40, 439.0497
537127,8.5044,0.003061,326.73, 439.0497
537128,8.5073,0.002956,338.32, 439.0497
537129,8.5103,0.002987,334.83, 439.0494
537130,8.5132,0.002916,342.95, 439.0497
537131,8.5161,0.002988,334.73, 439.0516
537132,8.5190,0.002912,343.41, 439.0494
537133,8.5220,0.002979,335.67, 439.0497
537134,8.5254,0.003008,332.49, 439.0497
537135,8.5283,0.003032,329.79, 439.0494
537136,8.5313,0.002933,340.90, 439.0497
537137,8.5342,0.003016,331.55, 439.0497
537138,8.5371,0.002905,344.25, 439.0497
537139,8.5400,0.002976,336.07, 439.0497
537140,8.5430,0.002884,346.74, 439.0497
537141,8.5459,0.003033,329.76, 439.0497
537142,8.5488,0.002949,339.08, 439.0491
537143,8.5518,0.002996,333.79, 439.0491
537144,8.5547,0.002933,340.90, 439.0497
537145,8.5576,0.002978,335.77, 439.0491
537146,8.5605,0.002941,339.97, 439.0494
537147,8.5640,0.002997,333.64, 439.0497
537148,8.5669,0.002984,335.13, 439.0494
537149,8.5698,0.003003,333.03, 439.0497
537150,8.5728,0.002964,337.38, 439.0497
537151,8.5757,0.002991,334.35, 439.0497
537152,8.5786,0.003010,332.27, 439.0497
537153,8.5815,0.002963,337.46, 439.0494
537154,8.5845,0.002957,338.16, 439.0497
537155,8.5874,0.002935,340.67, 439.0497
537156,8.5903,0.002987,334.83, 439.0497
537157,8.5938,0.002945,339.62, 439.0516
537158,8.5967,0.002967,337.05, 439.0494
537159,8.5996,0.002927,341.71, 439.0497
537160,8.6025,0.002976,336.08, 439.0497
537161,8.6055,0.002928,341.58, 439.0497
537162,8.6084,0.003052,327.70, 439.0497
537163,8.6113,0.002963,337.50, 439.0491
537164,8.6143,0.002997,333.66, 439.0497
537165,8.6172,0.002938,340.41, 439.0497
537166,8.6206,0.003120,320.54, 439.0497
537167,8.6235,0.003193,313.22, 439.0491
537168,8.6270,0.003212,311.32, 439.0491
537169,8.6299,0.002992,334.24, 439.0497
537170,8.6328,0.002985,334.99, 439.0494
537171,8.6357,0.002931,341.24, 439.0497
537172,8.6387,0.003046,328.27, 439.0497
537173,8.6416,0.002964,337.35, 439.0507
537174,8.6445,0.002979,335.66, 439.0497
537175,8.6475,0.002982,335.37, 439.0497
537176,8.6509,0.003035,329.46, 439.0494
537177,8.6538,0.002969,336.81, 439.0497
537178,8.6567,0.003043,328.59, 439.0494
537179,8.6597,0.002962,337.56, 439.0497
537180,8.6626,0.002988,334.69, 439.0497
537181,8.6655,0.002918,342.67, 439.0497
537182,8.6685,0.003032,329.82, 439.0491
537183,8.6719,0.003098,322.76, 439.0494
537184,8.6748,0.003032,329.80, 439.0497
537185,8.6777,0.002942,339.95, 439.0497
537186,8.6807,0.003020,331.11, 439.0491
537187,8.6836,0.002873,348.06, 439.0516
537188,8.6865,0.003078,324.94, 439.0491
537189,8.6895,0.002931,341.18, 439.0494
537190,8.6924,0.002986,334.85, 439.0491
537191,8.6953,0.002907,343.99, 439.0497
537192,8.6987,0.003051,327.82, 439.0494
537193,8.7017,0.003024,330.66, 439.0497
537194,8.7046,0.003050,327.90, 439.0491
537195,8.7075,0.002933,340.94, 439.0497
537196,8.7104,0.003008,332.44, 439.0497
537197,8.7134,0.002925,341.93, 439.0497
537198,8.7163,0.003028,330.21, 439.0494
537199,8.7197,0.003063,326.45, 439.0497
537200,8.7227,0.003302,302.81, 439.0497
537201,8.7261,0.003023,330.82, 439.0497
537202,8.7290,0.003056,327.24, 439.0491
537203,8.7319,0.002922,342.23, 439.0497
537204,8.7349,0.003076,325.15, 439.0494
537205,8.7378,0.002939,340.22, 439.0497
537206,8.7407,0.002991,334.33, 439.0497
537207,8.7437,0.002895,345.38, 439.0497
537208,8.7466,0.003020,331.08, 439.0497
537209,8.7495,0.002912,343.38, 439.0497
537210,8.7529,0.003010,332.26, 439.0497
537211,8.7559,0.002927,341.61, 439.0497
537212,8.7588,0.003023,330.80, 439.0497
537213,8.7617,0.002883,346.90, 439.0494
537214,8.7646,0.003111,321.48, 439.0491
537215,8.7676,0.003055,327.33, 439.0497
537216,8.7705,0.003015,331.72, 439.0497
537217,8.7734,0.002939,340.26, 439.0497
537218,8.7769,0.002981,335.50, 439.0497
537219,8.7798,0.002931,341.23, 439.0497
537220,8.7827,0.003013,331.93, 439.0497
537221,8.7856,0.002928,341.53, 439.0497
537222,8.7886,0.002986,334.88, 439.0497
537223,8.7915,0.002966,337.13, 439.0497
537224,8.7944,0.002974,336.28, 439.0491
537225,8.7974,0.002989,334.55, 439.0497
537226,8.8003,0.002942,339.88, 439.0494
537227,8.8032,0.003011,332.14, 439.0497
537228,8.8062,0.002968,336.97, 439.0497
537229,8.8091,0.002952,338.79, 439.0497
537230,8.8125,0.002952,338.75, 439.0494
537231,8.8154,0.003006,332.67, 439.0494
537232,8.8184,0.002966,337.17, 439.0595
537233,8.8213,0.002998,333.51, 439.0494
537234,8.8242,0.002922,342.18, 439.0491
537235,8.8271,0.003174,315.02, 439.0497
537236,8.8306,0.003049,328.00, 439.0494
537237,8.8335,0.003023,330.76, 439.0497
537238,8.8364,0.002952,338.75, 439.0491
537239,8.8394,0.003015,331.72, 439.0497
537240,8.8423,0.002964,337.40, 439.0516
537241,8.8452,0.003060,326.75, 439.0494
537242,8.8486,0.003048,328.04, 439.0491
537243,8.8516,0.003013,331.94, 439.0497
537244,8.8545,0.002933,340.90, 439.0640
537245,8.8574,0.003023,330.83, 439.0497
537246,8.8604,0.002929,341.43, 439.0494
537247,8.8633,0.003021,330.97, 439.0497
537248,8.8662,0.002961,337.77, 439.0497
537249,8.8691,0.003025,330.62, 439.0497
537250,8.8721,0.002959,337.97, 439.0491
537251,8.8755,0.002997,333.71, 439.0494
537252,8.8784,0.003016,331.57, 439.0491
537253,8.8813,0.002985,334.97, 439.0491
537254,8.8843,0.002921,342.37, 439.0497
537255,8.8872,0.003051,327.75, 439.0494
537256,8.8901,0.002962,337.67, 439.0494
537257,8.8931,0.003080,324.73, 439.0491
537258,8.8965,0.002941,340.02, 439.0494
537259,8.8994,0.002995,333.95, 439.0516
537260,8.9023,0.002899,344.91, 439.0494
537261,8.9053,0.003028,330.23, 439.0497
537262,8.9082,0.002961,337.74, 439.0497
537263,8.9111,0.003056,327.20, 439.0497
537264,8.9141,0.002893,345.70, 439.0497
537265,8.9170,0.003039,329.08, 439.0497
537266,8.9199,0.002930,341.36, 439.0494
537267,8.9229,0.003030,329.99, 439.0497
537268,8.9258,0.002940,340.14, 439.0497
537269,8.9292,0.003013,331.86, 439.0497
537270,8.9321,0.002889,346.10, 439.0491
537271,8.9351,0.003041,328.83, 439.0497
537272,8.9380,0.003029,330.20, 439.0494
537273,8.9409,0.003043,328.59, 439.0491
537274,8.9438,0.002904,344.34, 439.0497
537275,8.9468,0.002996,333.76, 439.0491
537276,8.9502,0.003018,331.37, 439.0497
537277,8.9531,0.003017,331.42, 439.0491
537278,8.9561,0.002991,334.35, 439.0497
537279,8.9590,0.002960,337.80, 439.0491
537280,8.9619,0.002926,341.75, 439.0494
537281,8.9648,0.002974,336.20, 439.0494
537282,8.9678,0.002956,338.31, 439.0494
537283,8.9707,0.002966,337.14, 439.0497
537284,8.9736,0.002945,339.54, 439.0497
537285,8.9766,0.002921,342.37, 439.0497
537286,8.9795,0.002904,344.31, 439.0497
537287,8.9824,0.002951,338.83, 439.0497
537288,8.9854,0.003013,331.91, 439.0497
537289,8.9883,0.002893,345.72, 439.0497
537290,8.9912,0.002925,341.85, 439.0497
537291,8.9941,0.002966,337.19, 439.0497
537292,8.9971,0.003005,332.76, 439.0497
537293,9.0005,0.002985,334.97, 439.0494
537294,9.0034,0.003005,332.76, 439.0494
537295,9.0063,0.002932,341.06, 439.0497
537296,9.0093,0.002975,336.18, 439.0491
537297,9.0122,0.002901,344.71, 439.0497
537298,9.0151,0.002968,336.90, 439.0491
537299,9.0181,0.002898,345.07, 439.0497
537300,9.0210,0.003009,332.37, 439.0497
537301,9.0239,0.002883,346.82, 439.0497
537302,9.0269,0.002992,334.26, 439.0497
537303,9.0298,0.002897,345.20, 439.0497
537304,9.0327,0.003030,330.04, 439.0497
537305,9.0356,0.002906,344.10, 439.0497
537306,9.0386,0.002989,334.57, 439.0497
537307,9.0415,0.002895,345.45, 439.0497
537308,9.0444,0.003014,331.74, 439.0491
537309,9.0474,0.002976,335.98, 439.0491
537310,9.0503,0.002977,335.92, 439.0494
537311,9.0532,0.002924,341.95, 439.0497
537312,9.0566,0.002987,334.76, 439.0497
537313,9.0591,0.002897,345.24, 439.0497
537314,9.0625,0.003048,328.07, 439.0491
537315,9.0654,0.002989,334.54, 439.0497
537316,9.0684,0.002991,334.34, 439.0497
537317,9.0713,0.002945,339.58, 439.0494
537318,9.0742,0.003041,328.82, 439.0494
537319,9.0771,0.003030,329.99, 439.0494
537320,9.0806,0.002995,333.85, 439.0494
537321,9.0835,0.002925,341.89, 439.0491
537322,9.0864,0.003012,332.06, 439.0491
537323,9.0894,0.002951,338.93, 439.0497
537324,9.0923,0.002956,338.31, 439.0494
537325,9.0952,0.002957,338.16, 439.0497
537326,9.0981,0.002921,342.35, 439.0494
537327,9.1011,0.002924,342.01, 439.0497
537328,9.1040,0.002852,350.59, 439.0621
537329,9.1069,0.003077,324.97, 439.0497
537330,9.1099,0.002953,338.64, 439.0494
537331,9.1128,0.003002,333.14, 439.0497
537332,9.1157,0.002985,335.00, 439.0497
537333,9.1187,0.002990,334.46, 439.0497
537334,9.1216,0.002901,344.74, 439.0494
537335,9.1250,0.003280,304.88, 439.0491
537336,9.1284,0.003296,303.41, 439.0494
537337,9.1313,0.003057,327.10, 439.0491
537338,9.1348,0.003239,308.73, 439.0585
537339,9.1377,0.003146,317.83, 439.0497
537340,9.1411,0.003338,299.61, 439.0494
537341,9.1450,0.003823,261.56, 439.0491
537342,9.1484,0.003549,281.76, 439.0492
537343,9.1519,0.003204,312.12, 439.0494
537344,9.1548,0.003211,311.43, 439.0491
537345,9.1582,0.003091,323.50, 439.0494
537346,9.1611,0.003075,325.24, 439.0494
537347,9.1641,0.003025,330.59, 439.0494
537348,9.1670,0.003069,325.82, 439.0497
537349,9.1699,0.002966,337.14, 439.0497
537350,9.1733,0.003114,321.18, 439.0497
537351,9.1763,0.003036,329.39, 439.0497
537352,9.1792,0.003025,330.62, 439.0494
537353,9.1821,0.002947,339.34, 439.0497
537354,9.1851,0.003058,327.01, 439.0494
537355,9.1885,0.003040,328.90, 439.0497
537356,9.1914,0.003008,332.50, 439.0497
537357,9.1943,0.002949,339.06, 439.0494
537358,9.1973,0.003125,319.96, 439.0494
537359,9.2007,0.003021,331.05, 439.0497
537360,9.2036,0.003043,328.64, 439.0497
537361,9.2065,0.003018,331.35, 439.0497
537362,9.2095,0.003028,330.25, 439.0494
537363,9.2124,0.002936,340.66, 439.0497
537364,9.2153,0.003011,332.15, 439.0494
537365,9.2183,0.003010,332.25, 439.0491
537366,9.2217,0.003070,325.79, 439.0494
537367,9.2246,0.003105,322.02, 439.0497
537368,9.2280,0.003131,319.35, 439.0497
537369,9.2310,0.002958,338.09, 439.0497
537370,9.2339,0.002962,337.67, 439.0497
537371,9.2368,0.002931,341.23, 439.0494
537372,9.2397,0.003032,329.86, 439.0497
537373,9.2427,0.002854,350.37, 439.0497
537374,9.2456,0.002981,335.42, 439.0497
537375,9.2485,0.002879,347.39, 439.0497
537376,9.2515,0.003033,329.73, 439.0491
537377,9.2544,0.002896,345.34, 439.0497
537378,9.2573,0.003028,330.22, 439.0494
537379,9.2603,0.002850,350.94, 439.0497
537380,9.2632,0.002965,337.22, 439.0491
537381,9.2661,0.002909,343.77, 439.0497
537382,9.2690,0.002991,334.37, 439.0491
537383,9.2720,0.002919,342.54, 439.0497
537384,9.2749,0.002961,337.75, 439.0497
537385,9.2778,0.002891,345.94, 439.0497
537386,9.2808,0.002952,338.72, 439.0494
537387,9.2837,0.002921,342.31, 439.0497
537388,9.2866,0.002969,336.84, 439.0494
537389,9.2896,0.002961,337.71, 439.0497
537390,9.2925,0.002931,341.18, 439.0494
537391,9.2954,0.002950,339.02, 439.0497
537392,9.2983,0.002969,336.80, 439.0494
537393,9.3013,0.002927,341.69, 439.0497
537394,9.3042,0.002875,347.84, 439.0497
537395,9.3071,0.002978,335.81, 439.0494
537396,9.3101,0.002911,343.56, 439.0497
537397,9.3130,0.002976,336.04, 439.0497
537398,9.3159,0.002918,342.75, 439.0497
537399,9.3188,0.003009,332.34, 439.0497
537400,9.3218,0.002894,345.59, 439.0497
537401,9.3252,0.002984,335.13, 439.0497
537402,9.3281,0.002939,340.25, 439.0494
537403,9.3311,0.002996,333.74, 439.0497
537404,9.3340,0.002863,349.35, 439.0497
537405,9.3369,0.002988,334.69, 439.0497
537406,9.3398,0.002888,346.21, 439.0497
537407,9.3428,0.003005,332.82, 439.0497
537408,9.3457,0.002882,347.03, 439.0497
537409,9.3486,0.002956,338.34, 439.0494
537410,9.3516,0.002869,348.53, 439.0497
537411,9.3545,0.002978,335.76, 439.0497
537412,9.3574,0.002949,339.08, 439.0491
537413,9.3604,0.002986,334.86, 439.0497
537414,9.3633,0.002907,344.03, 439.0494
537415,9.3662,0.003011,332.14, 439.0497
537416,9.3691,0.002893,345.65, 439.0497
537417,9.3721,0.003058,326.99, 439.0494
537418,9.3750,0.002978,335.84, 439.0497
537419,9.3779,0.002976,335.98, 439.0497
537420,9.3809,0.002895,345.48, 439.0497
537421,9.3838,0.002923,342.08, 439.0497
537422,9.3867,0.002999,333.44, 439.0497
537423,9.3896,0.002967,337.01, 439.0497
537424,9.3926,0.002941,340.01, 439.0497
537425,9.3955,0.002919,342.58, 439.0497
537426,9.3984,0.002919,342.56, 439.0497
537427,9.4014,0.002929,341.37, 439.0497
537428,9.4043,0.002953,338.67, 439.0497
537429,9.4077,0.002980,335.63, 439.0494
537430,9.4106,0.002928,341.52, 439.0497
537431,9.4131,0.002880,347.27, 439.0497
537432,9.4165,0.002951,338.83, 439.0497
537433,9.4189,0.002909,343.77, 439.0497
537434,9.4224,0.002983,335.19, 439.0494
537435,9.4253,0.002993,334.10, 439.0497
537436,9.4282,0.002993,334.08, 439.0497
537437,9.4312,0.002885,346.57, 439.0497
537438,9.4341,0.002999,333.40, 439.0497
537439,9.4370,0.002891,345.91, 439.0497
537440,9.4399,0.003079,324.78, 439.0491
537441,9.4429,0.003060,326.84, 439.0497
537442,9.4463,0.003179,314.52, 439.0491
537443,9.4497,0.003241,308.53, 439.0491
537444,9.4526,0.003059,326.88, 439.0494
537445,9.4556,0.003001,333.28, 439.0491
537446,9.4585,0.002998,333.53, 439.0497
537447,9.4614,0.002909,343.74, 439.0497
537448,9.4644,0.002958,338.12, 439.0494
537449,9.4673,0.002912,343.41, 439.0497
537450,9.4702,0.002985,335.06, 439.0491
537451,9.4731,0.002870,348.41, 439.0497
537452,9.4761,0.003008,332.42, 439.0497
537453,9.4790,0.002865,349.03, 439.0497
537454,9.4819,0.002943,339.77, 439.0497
537455,9.4849,0.002876,347.72, 439.0497
537456,9.4878,0.002978,335.80, 439.0494
537457,9.4907,0.002886,346.54, 439.0497
537458,9.4937,0.002977,335.93, 439.0491
537459,9.4966,0.002925,341.83, 439.0497
537460,9.4995,0.002932,341.12, 439.0491
537461,9.5024,0.002901,344.72, 439.0497
537462,9.5054,0.002930,341.31, 439.0494
537463,9.5083,0.002992,334.27, 439.0497
537464,9.5112,0.002898,345.08, 439.0497
537465,9.5142,0.002929,341.43, 439.0497
537466,9.5171,0.002947,339.33, 439.0494
537467,9.5200,0.002985,334.96, 439.0497
537468,9.5229,0.002918,342.74, 439.0497
537469,9.5259,0.002949,339.05, 439.0497
537470,9.5288,0.002835,352.76, 439.0555
537471,9.5317,0.002970,336.72, 439.0497
537472,9.5347,0.002900,344.83, 439.0491
537473,9.5376,0.003044,328.52, 439.0491
537474,9.5405,0.002935,340.75, 439.0497
537475,9.5435,0.002974,336.27, 439.0497
537476,9.5464,0.002928,341.50, 439.0497
537477,9.5498,0.002994,333.99, 439.0497
537478,9.5522,0.002891,345.93, 439.0497
537479,9.5557,0.003121,320.41, 439.0497
537480,9.5586,0.003099,322.66, 439.0516
537481,9.5615,0.003000,333.30, 439.0497
537482,9.5645,0.002935,340.77, 439.0516
537483,9.5679,0.003069,325.89, 439.0497
537484,9.5708,0.002918,342.67, 439.0497
537485,9.5737,0.003050,327.91, 439.0497
537486,9.5767,0.002928,341.52, 439.0497
537487,9.5796,0.003050,327.89, 439.0494
537488,9.5825,0.002940,340.16, 439.0498
537489,9.5854,0.003058,326.99, 439.0494
537490,9.5884,0.002918,342.75, 439.0497
537491,9.5918,0.003030,330.05, 439.0497
537492,9.5947,0.002920,342.42, 439.0494
537493,9.5977,0.003061,326.71, 439.0497
537494,9.6006,0.002893,345.63, 439.0497
537495,9.6035,0.003096,323.05, 439.0497
537496,9.6064,0.003019,331.20, 439.0494
537497,9.6094,0.003003,333.04, 439.0497
537498,9.6123,0.002917,342.77, 439.0497
537499,9.6157,0.003074,325.32, 439.0494
537500,9.6187,0.002923,342.16, 439.0497
537501,9.6216,0.002998,333.53, 439.0497
537502,9.6245,0.002954,338.52, 439.0497
537503,9.6274,0.003120,320.48, 439.0494
537504,9.6304,0.002948,339.21, 439.0497
537505,9.6333,0.002963,337.55, 439.0494
537506,9.6362,0.002922,342.27, 439.0497
537507,9.6392,0.002978,335.85, 439.0497
537508,9.6426,0.002977,335.94, 439.0497
537509,9.6455,0.003007,332.56, 439.0497
537510,9.6484,0.002983,335.29, 439.0497
537511,9.6514,0.002944,339.67, 439.0497
537512,9.6543,0.002937,340.47, 439.0497
537513,9.6572,0.003098,322.75, 439.0494
537514,9.6602,0.003018,331.31, 439.0497
537515,9.6631,0.002946,339.49, 439.0497
537516,9.6665,0.003001,333.21, 439.0497
537517,9.6694,0.002950,339.02, 439.0497
537518,9.6724,0.003070,325.72, 439.0494
537519,9.6753,0.003025,330.56, 439.0497
537520,9.6782,0.002949,339.05, 439.0516
537521,9.6812,0.002931,341.18, 439.0494
537522,9.6841,0.002965,337.33, 439.0491
537523,9.6870,0.002962,337.58, 439.0497
537524,9.6899,0.003005,332.73, 439.0497
537525,9.6929,0.002916,342.94, 439.0497
537526,9.6958,0.002973,336.37, 439.0491
537527,9.6992,0.003129,319.61, 439.0497
537528,9.7021,0.003202,312.32, 439.0494
537529,9.7056,0.002963,337.50, 439.0497
537530,9.7085,0.002962,337.60, 439.0491
537531,9.7114,0.002931,341.22, 439.0497
537532,9.7144,0.002946,339.50, 439.0497
537533,9.7173,0.002937,340.54, 439.0497
537534,9.7202,0.002983,335.29, 439.0497
537535,9.7231,0.002921,342.36, 439.0494
537536,9.7261,0.002979,335.64, 439.0497
537537,9.7290,0.002863,349.28, 439.0497
537538,9.7319,0.002961,337.71, 439.0494
537539,9.7349,0.002975,336.13, 439.0497
537540,9.7383,0.003303,302.72, 439.0491
537541,9.7412,0.003025,330.63, 439.0497
537542,9.7441,0.002983,335.27, 439.0494
537543,9.7471,0.002964,337.34, 439.0497
537544,9.7500,0.003013,331.91, 439.0497
537545,9.7529,0.002893,345.66, 439.0497
537546,9.7559,0.003010,332.25, 439.0494
537547,9.7588,0.002895,345.39, 439.0497
537548,9.7617,0.002994,333.99, 439.0497
537549,9.7646,0.002866,348.95, 439.0497
537550,9.7676,0.003036,329.41, 439.0497
537551,9.7705,0.002920,342.48, 439.0497
537552,9.7734,0.002930,341.25, 439.0497
537553,9.7764,0.002910,343.70, 439.0497
537554,9.7793,0.002938,340.40, 439.0494
537555,9.7822,0.002928,341.48, 439.0491
537556,9.7852,0.003000,333.36, 439.0494
537557,9.7886,0.002963,337.50, 439.0494
537558,9.7915,0.002940,340.16, 439.0491
537559,9.7944,0.003013,331.87, 439.0497
537560,9.7974,0.002967,337.07, 439.0497
537561,9.8003,0.002968,336.88, 439.0497
537562,9.8032,0.002925,341.93, 439.0491
537563,9.8062,0.002973,336.37, 439.0497
537564,9.8091,0.002968,336.92, 439.0491
537565,9.8120,0.002912,343.37, 439.0497
537566,9.8149,0.002933,340.95, 439.0494
537567,9.8179,0.002954,338.57, 439.0497
537568,9.8208,0.002885,346.57, 439.0494
537569,9.8237,0.002968,336.96, 439.0497
537570,9.8267,0.002930,341.26, 439.0491
537571,9.8296,0.002976,336.07, 439.0497
537572,9.8325,0.002922,342.29, 439.0491
537573,9.8354,0.003016,331.61, 439.0497
537574,9.8384,0.002938,340.36, 439.0491
537575,9.8413,0.002959,337.93, 439.0497
537576,9.8442,0.002905,344.21, 439.0491
537577,9.8472,0.003000,333.30, 439.0497
537578,9.8501,0.002902,344.60, 439.0497
537579,9.8535,0.003018,331.35, 439.0497
537580,9.8564,0.002893,345.69, 439.0497
537581,9.8594,0.003000,333.29, 439.0497
537582,9.8623,0.002897,345.15, 439.0497
537583,9.8652,0.002989,334.53, 439.0497
537584,9.8682,0.002891,345.94, 439.0497
537585,9.8711,0.003004,332.87, 439.0497
537586,9.8740,0.002906,344.17, 439.0497
537587,9.8770,0.002970,336.69, 439.0497
537588,9.8799,0.002865,349.04, 439.0497
537589,9.8828,0.002969,336.78, 439.0491
537590,9.8857,0.002927,341.60, 439.0494
537591,9.8887,0.002992,334.27, 439.0491
537592,9.8916,0.003013,331.87, 439.0497
537593,9.8945,0.003118,320.71, 439.0491
537594,9.8979,0.002985,335.04, 439.0497
537595,9.9009,0.003033,329.72, 439.0491
537596,9.9038,0.002928,341.58, 439.0497
537597,9.9067,0.002995,333.93, 439.0491
537598,9.9097,0.002922,342.22, 439.0497
537599,9.9126,0.002978,335.78, 439.0497
537600,9.9155,0.002937,340.51, 439.0497
537601,9.9185,0.002949,339.14, 439.0494
537602,9.9214,0.002935,340.74, 439.0494
537603,9.9243,0.002935,340.70, 439.0494
537604,9.9272,0.002973,336.34, 439.0497
537605,9.9302,0.002892,345.81, 439.0497
537606,9.9331,0.002934,340.82, 439.0497
537607,9.9360,0.002917,342.77, 439.0497
537608,9.9390,0.002968,336.96, 439.0497
537609,9.9419,0.002920,342.45, 439.0497
537610,9.9448,0.002946,339.48, 439.0497
537611,9.9478,0.002914,343.18, 439.0497
537612,9.9507,0.002985,335.03, 439.0494
537613,9.9536,0.002833,352.96, 439.0497
537614,9.9565,0.003066,326.15, 439.0497
537615,9.9595,0.002915,343.08, 439.0497
537616,9.9624,0.002957,338.15, 439.0497
537617,9.9653,0.002892,345.79, 439.0497
537618,9.9683,0.002991,334.33, 439.0491
537619,9.9712,0.002926,341.75, 439.0497
537620,9.9746,0.002996,333.79, 439.0491
537621,9.9775,0.002923,342.09, 439.0497
537622,9.9805,0.002949,339.06, 439.0491
537623,9.9829,0.002889,346.16, 439.0497
537624,9.9863,0.002978,335.84, 439.0494
537625,9.9893,0.002963,337.55, 439.0497
537626,9.9922,0.002942,339.86, 439.0494
537627,9.9951,0.002932,341.06, 439.0491
537628,9.9980,0.002943,339.84, 439.0497
