TotalFrame,Time,DeltaTime,FPS,RAM
646753,0.0000,0.014536,68.79, 445.2842
646754,0.0000,0.014536,68.79, 445.5192
646755,0.0200,0.020000,50.00, 445.3372
646756,0.0234,0.003206,311.88, 445.3088
646757,0.0264,0.003046,328.35, 445.3088
646758,0.0371,0.010483,95.40, 445.3088
646759,0.0405,0.003586,278.85, 445.3087
646760,0.0439,0.003720,268.79, 445.3086
646761,0.0474,0.003123,320.19, 445.3105
646762,0.0503,0.003226,309.99, 445.3083
646763,0.0542,0.003786,264.15, 445.3079
646764,0.0576,0.003096,322.96, 445.3080
646765,0.0610,0.003470,288.15, 445.3075
646766,0.0645,0.003410,293.26, 445.3029
646767,0.0674,0.002992,334.21, 445.3029
646768,0.0708,0.003633,275.27, 445.3031
646769,0.0742,0.003494,286.18, 445.3026
646770,0.0776,0.002991,334.38, 445.3033
646771,0.0806,0.003036,329.34, 445.3032
646772,0.0840,0.003733,267.92, 445.3032
646773,0.0874,0.003368,296.94, 445.3031
646774,0.0903,0.003009,332.34, 445.3029
646775,0.0942,0.003758,266.08, 445.3031
646776,0.0972,0.002981,335.42, 445.3032
646777,0.1011,0.003829,261.17, 445.3031
646778,0.1045,0.003160,316.47, 445.3032
646779,0.1074,0.003371,296.69, 445.3031
646780,0.1108,0.003056,327.20, 445.3032
646781,0.1143,0.003558,281.03, 445.3031
646782,0.1172,0.002997,333.71, 445.3032
646783,0.1211,0.003651,273.90, 445.3032
646784,0.1240,0.003354,298.13, 445.3031
646785,0.1274,0.002941,340.00, 445.3032
646786,0.1304,0.002998,333.61, 445.3170
646787,0.1343,0.003872,258.29, 445.3032
646788,0.1372,0.003258,306.93, 445.3032
646789,0.1401,0.003015,331.63, 445.3032
646790,0.1440,0.003809,262.53, 445.3031
646791,0.1470,0.003045,328.44, 445.3026
646792,0.1509,0.003477,287.60, 445.3026
646793,0.1538,0.003140,318.44, 445.3026
646794,0.1572,0.003438,290.86, 445.3032
646795,0.1611,0.003929,254.52, 445.3026
646796,0.1646,0.003504,285.40, 445.3026
646797,0.1680,0.003138,318.68, 445.3026
646798,0.1709,0.003074,325.32, 445.3029
646799,0.1738,0.003005,332.82, 445.3029
646800,0.1768,0.002995,333.92, 445.3032
646801,0.1807,0.003564,280.57, 445.3031
646802,0.1836,0.003280,304.85, 445.3026
646803,0.1865,0.002980,335.53, 445.3032
646804,0.1899,0.003324,300.83, 445.3029
646805,0.1938,0.003614,276.72, 445.3029
646806,0.1973,0.003515,284.51, 445.3031
646807,0.2002,0.002943,339.84, 445.3032
646808,0.2036,0.003669,272.53, 445.3041
646809,0.2070,0.003005,332.81, 445.3032
646810,0.2104,0.003489,286.66, 445.3031
646811,0.2134,0.003031,329.97, 445.3032
646812,0.2168,0.003663,273.04, 445.3031
646813,0.2202,0.003010,332.26, 445.3032
646814,0.2231,0.003387,295.23, 445.3031
646815,0.2266,0.003123,320.17, 445.3051
646816,0.2300,0.003520,284.13, 445.3026
646817,0.2334,0.003576,279.67, 445.3032
646818,0.2368,0.003356,297.96, 445.3032
646819,0.2407,0.003590,278.59, 445.3031
646820,0.2437,0.003015,331.72, 445.3032
646821,0.2471,0.003561,280.80, 445.3031
646822,0.2500,0.003016,331.61, 445.3032
646823,0.2534,0.003526,283.62, 445.3031
646824,0.2568,0.003090,323.59, 445.3026
646825,0.2598,0.003142,318.23, 445.3032
646826,0.2632,0.003332,300.08, 445.3032
646827,0.2666,0.003541,282.42, 445.3032
646828,0.2700,0.003422,292.26, 445.3031
646829,0.2729,0.002971,336.62, 445.3029
646830,0.2764,0.003278,305.10, 445.3026
646831,0.2808,0.004101,243.87, 445.3026
646832,0.2842,0.003526,283.65, 445.3026
646833,0.2876,0.003325,300.75, 445.3029
646834,0.2905,0.003030,330.08, 445.3031
646835,0.2935,0.003290,303.93, 445.3031
646836,0.2969,0.003080,324.65, 445.3315
646837,0.2998,0.003262,306.58, 445.3031
646838,0.3032,0.003153,317.16, 445.3029
646839,0.3062,0.003052,327.62, 445.3032
646840,0.3096,0.003157,316.77, 445.3033
646841,0.3125,0.003055,327.39, 445.3026
646842,0.3159,0.003698,270.40, 445.3032
646843,0.3193,0.003278,305.09, 445.3032
646844,0.3223,0.003027,330.37, 445.3032
646845,0.3262,0.003491,286.45, 445.3032
646846,0.3296,0.003531,283.21, 445.3029
646847,0.3330,0.003369,296.82, 445.3029
646848,0.3359,0.003020,331.18, 445.3032
646849,0.3394,0.003530,283.28, 445.3029
646850,0.3423,0.003091,323.54, 445.3032
646851,0.3467,0.004075,245.37, 445.3026
646852,0.3496,0.003005,332.82, 445.3031
646853,0.3525,0.002998,333.61, 445.3032
646854,0.3560,0.003609,277.09, 445.3031
646855,0.3594,0.002971,336.61, 445.3032
646856,0.3623,0.003338,299.61, 445.3032
646857,0.3657,0.003076,325.10, 445.3029
646858,0.3691,0.003561,280.79, 445.3031
646859,0.3721,0.003183,314.18, 445.3032
646860,0.3760,0.003617,276.47, 445.3029
646861,0.3789,0.003138,318.71, 445.3026
646862,0.3823,0.003167,315.80, 445.3026
646863,0.3853,0.003132,319.33, 445.3026
646864,0.3892,0.003711,269.50, 445.3150
646865,0.3926,0.003311,302.03, 445.3029
646866,0.3955,0.003152,317.31, 445.3026
646867,0.3994,0.004071,245.66, 445.3026
646868,0.4028,0.003333,300.05, 445.3029
646869,0.4063,0.003145,317.95, 445.3029
646870,0.4092,0.003160,316.44, 445.3026
646871,0.4121,0.003084,324.21, 445.3031
646872,0.4155,0.003154,317.03, 445.3029
646873,0.4185,0.003114,321.18, 445.3032
646874,0.4224,0.003786,264.11, 445.3031
646875,0.4253,0.003090,323.65, 445.3026
646876,0.4287,0.003330,300.32, 445.3031
646877,0.4321,0.003239,308.78, 445.3026
646878,0.4351,0.003224,310.16, 445.3050
646879,0.4385,0.003157,316.76, 445.3029
646880,0.4419,0.003330,300.32, 445.3029
646881,0.4448,0.003183,314.20, 445.3026
646882,0.4487,0.003628,275.64, 445.3026
646883,0.4517,0.003183,314.14, 445.3026
646884,0.4551,0.003191,313.40, 445.3032
646885,0.4585,0.003541,282.37, 445.3031
646886,0.4614,0.003070,325.74, 445.3091
646887,0.4653,0.003838,260.58, 445.3026
646888,0.4688,0.003233,309.36, 445.3031
646889,0.4717,0.003134,319.04, 445.3031
646890,0.4746,0.003018,331.37, 445.3026
646891,0.4780,0.003133,319.21, 445.3032
646892,0.4814,0.003459,289.08, 445.3032
646893,0.4854,0.003843,260.23, 445.3031
646894,0.4883,0.002972,336.47, 445.3032
646895,0.4917,0.003367,296.98, 445.3032
646896,0.4951,0.003551,281.64, 445.3031
646897,0.4980,0.003091,323.52, 445.3029
646898,0.5020,0.003689,271.08, 445.3026
646899,0.5049,0.003088,323.89, 445.3032
646900,0.5078,0.003055,327.35, 445.3032
646901,0.5112,0.003150,317.46, 445.3032
646902,0.5146,0.003657,273.47, 445.3031
646903,0.5176,0.002956,338.25, 445.3032
646904,0.5210,0.003304,302.65, 445.3032
646905,0.5244,0.003147,317.78, 445.3032
646906,0.5278,0.003758,266.12, 445.3029
646907,0.5317,0.003883,257.52, 445.3026
646908,0.5352,0.003336,299.79, 445.3026
646909,0.5381,0.002966,337.11, 445.3026
646910,0.5410,0.002978,335.83, 445.3026
646911,0.5444,0.003241,308.51, 445.3032
646912,0.5474,0.003161,316.36, 445.3032
646913,0.5513,0.003674,272.21, 445.3031
646914,0.5542,0.002986,334.92, 445.3032
646915,0.5576,0.003568,280.27, 445.3031
646916,0.5610,0.003162,316.22, 445.3032
646917,0.5640,0.003092,323.44, 445.3032
646918,0.5679,0.003733,267.85, 445.3032
646919,0.5708,0.003222,310.38, 445.3032
646920,0.5747,0.003703,270.08, 445.3031
646921,0.5776,0.002936,340.61, 445.3032
646922,0.5811,0.003595,278.20, 445.3029
646923,0.5840,0.003007,332.59, 445.3032
646924,0.5879,0.003445,290.28, 445.3032
646925,0.5908,0.003010,332.28, 445.3032
646926,0.5942,0.003599,277.85, 445.3031
646927,0.5972,0.003013,331.86, 445.3029
646928,0.6006,0.003464,288.68, 445.3026
646929,0.6045,0.003640,274.73, 445.3031
646930,0.6074,0.003049,328.01, 445.3032
646931,0.6113,0.003786,264.13, 445.3026
646932,0.6147,0.003354,298.18, 445.3026
646933,0.6177,0.002997,333.64, 445.3031
646934,0.6206,0.003011,332.08, 445.3029
646935,0.6240,0.003410,293.24, 445.3031
646936,0.6270,0.003091,323.49, 445.3029
646937,0.6304,0.003510,284.92, 445.3031
646938,0.6338,0.003009,332.39, 445.3029
646939,0.6372,0.003669,272.58, 445.3031
646940,0.6401,0.002959,337.91, 445.3032
646941,0.6436,0.003318,301.40, 445.3029
646942,0.6465,0.003017,331.50, 445.3032
646943,0.6504,0.003689,271.07, 445.3032
646944,0.6538,0.003739,267.49, 445.3031
646945,0.6572,0.003290,303.94, 445.3031
646946,0.6602,0.002950,338.98, 445.3031
646947,0.6631,0.003027,330.36, 445.3032
646948,0.6670,0.003589,278.64, 445.3031
646949,0.6699,0.002988,334.63, 445.3032
646950,0.6733,0.003579,279.39, 445.3029
646951,0.6763,0.003018,331.39, 445.3032
646952,0.6797,0.003242,308.50, 445.3029
646953,0.6831,0.003457,289.23, 445.3032
646954,0.6865,0.003499,285.79, 445.3029
646955,0.6899,0.003385,295.40, 445.3029
646956,0.6934,0.003087,323.93, 445.3029
646957,0.6968,0.003581,279.29, 445.3026
646958,0.6997,0.003059,326.94, 445.3026
646959,0.7031,0.003356,297.96, 445.3031
646960,0.7061,0.002988,334.64, 445.3032
646961,0.7100,0.003756,266.22, 445.3031
646962,0.7129,0.003027,330.36, 445.3032
646963,0.7168,0.003821,261.71, 445.3032
646964,0.7197,0.003164,316.04, 445.3026
646965,0.7231,0.003131,319.42, 445.3032
646966,0.7266,0.003493,286.25, 445.3029
646967,0.7295,0.002911,343.50, 445.3032
646968,0.7334,0.003959,252.60, 445.3090
646969,0.7363,0.003028,330.22, 445.3032
646970,0.7397,0.003230,309.56, 445.3031
646971,0.7427,0.003111,321.40, 445.3029
646972,0.7461,0.003595,278.14, 445.3029
646973,0.7495,0.003360,297.60, 445.3155
646974,0.7529,0.003142,318.24, 445.3032
646975,0.7563,0.003646,274.27, 445.3031
646976,0.7598,0.003339,299.50, 445.3026
646977,0.7637,0.003664,272.90, 445.3029
646978,0.7671,0.003583,279.11, 445.3026
646979,0.7705,0.003229,309.68, 445.3032
646980,0.7734,0.003181,314.38, 445.3026
646981,0.7764,0.003024,330.69, 445.3135
646982,0.7798,0.003439,290.82, 445.3026
646983,0.7837,0.004001,249.97, 445.3031
646984,0.7871,0.003348,298.69, 445.3026
646985,0.7910,0.003602,277.64, 445.3026
646986,0.7944,0.003481,287.31, 445.3031
646987,0.7979,0.003636,275.07, 445.3031
646988,0.8013,0.003168,315.70, 445.3029
646989,0.8042,0.003084,324.28, 445.3031
646990,0.8071,0.002975,336.18, 445.3091
646991,0.8110,0.003645,274.36, 445.3031
646992,0.8140,0.003030,330.08, 445.3026
646993,0.8174,0.003524,283.79, 445.3026
646994,0.8213,0.003680,271.73, 445.3029
646995,0.8242,0.003087,323.92, 445.3032
646996,0.8271,0.003132,319.33, 445.3029
646997,0.8311,0.003773,265.03, 445.3031
646998,0.8340,0.003074,325.32, 445.3026
646999,0.8374,0.003221,310.44, 445.3031
647000,0.8408,0.003185,314.01, 445.3032
647001,0.8442,0.003424,292.08, 445.3032
647002,0.8477,0.003608,277.15, 445.3031
647003,0.8506,0.002908,343.86, 445.3032
647004,0.8540,0.003591,278.44, 445.3031
647005,0.8569,0.002999,333.42, 445.3032
647006,0.8604,0.003472,288.00, 445.3031
647007,0.8638,0.002992,334.26, 445.3032
647008,0.8672,0.003648,274.13, 445.3032
647009,0.8701,0.003007,332.59, 445.3032
647010,0.8740,0.003692,270.86, 445.3031
647011,0.8770,0.003085,324.18, 445.3032
647012,0.8804,0.003418,292.53, 445.3029
647013,0.8843,0.003625,275.85, 445.3031
647014,0.8872,0.002966,337.12, 445.3032
647015,0.8906,0.003472,288.05, 445.3031
647016,0.8936,0.002933,340.96, 445.3032
647017,0.8970,0.003614,276.69, 445.3032
647018,0.8999,0.002959,337.93, 445.3029
647019,0.9038,0.003785,264.19, 445.3031
647020,0.9067,0.002986,334.92, 445.3032
647021,0.9102,0.003486,286.83, 445.3032
647022,0.9136,0.003093,323.27, 445.3029
647023,0.9170,0.003669,272.55, 445.3032
647024,0.9204,0.003378,296.08, 445.3031
647025,0.9233,0.002962,337.56, 445.3032
647026,0.9272,0.003672,272.30, 445.3031
647027,0.9302,0.002944,339.64, 445.3032
647028,0.9336,0.003622,276.08, 445.3031
647029,0.9365,0.002970,336.69, 445.3032
647030,0.9399,0.003464,288.68, 445.3029
647031,0.9429,0.002953,338.62, 445.3032
647032,0.9468,0.003794,263.56, 445.3050
647033,0.9497,0.003065,326.25, 445.3026
647034,0.9531,0.003458,289.17, 445.3026
647035,0.9570,0.003899,256.51, 445.3026
647036,0.9604,0.003310,302.09, 445.3026
647037,0.9634,0.003013,331.92, 445.3031
647038,0.9663,0.002999,333.49, 445.3026
647039,0.9697,0.003233,309.34, 445.3032
647040,0.9727,0.003047,328.15, 445.3029
647041,0.9766,0.003671,272.44, 445.3031
647042,0.9795,0.002977,335.87, 445.3032
647043,0.9834,0.004108,243.42, 445.3026
647044,0.9868,0.003155,317.00, 445.3031
647045,0.9897,0.002931,341.20, 445.3029
647046,0.9932,0.003312,301.97, 445.3032
647047,0.9961,0.002942,339.92, 445.3029
647048,0.9995,0.003803,262.98, 445.3026
647049,1.0029,0.003041,328.82, 445.3029
647050,1.0063,0.003589,278.65, 445.3026
647051,1.0093,0.003052,327.62, 445.3032
647052,1.0127,0.003354,298.15, 445.3031
647053,1.0156,0.002996,333.74, 445.3032
647054,1.0195,0.003689,271.05, 445.3026
647055,1.0225,0.003006,332.68, 445.3032
647056,1.0259,0.003519,284.15, 445.3031
647057,1.0293,0.003116,320.90, 445.3026
647058,1.0327,0.003445,290.27, 445.3032
647059,1.0361,0.003544,282.14, 445.3031
647060,1.0391,0.002929,341.41, 445.3031
647061,1.0420,0.002944,339.64, 445.3032
647062,1.0454,0.003716,269.13, 445.3032
647063,1.0493,0.003469,288.25, 445.3031
647064,1.0522,0.002969,336.84, 445.3032
647065,1.0557,0.003515,284.50, 445.3031
647066,1.0586,0.003028,330.28, 445.3032
647067,1.0620,0.003465,288.63, 445.3051
647068,1.0654,0.003269,305.91, 445.3029
647069,1.0688,0.003356,297.96, 445.3029
647070,1.0718,0.003057,327.08, 445.3029
647071,1.0757,0.003862,258.97, 445.3029
647072,1.0786,0.003007,332.56, 445.3032
647073,1.0815,0.002978,335.76, 445.3029
647074,1.0854,0.003712,269.43, 445.3031
647075,1.0884,0.003044,328.49, 445.3029
647076,1.0923,0.003750,266.67, 445.3031
647077,1.0952,0.003106,321.97, 445.3032
647078,1.0981,0.003108,321.77, 445.3032
647079,1.1011,0.002978,335.85, 445.3032
647080,1.1050,0.003830,261.11, 445.3026
647081,1.1084,0.003297,303.32, 445.3029
647082,1.1123,0.003884,257.50, 445.3026
647083,1.1157,0.003383,295.61, 445.3032
647084,1.1187,0.003143,318.15, 445.3032
647085,1.1226,0.003706,269.80, 445.3031
647086,1.1255,0.003067,326.09, 445.3026
647087,1.1289,0.003409,293.38, 445.3031
647088,1.1318,0.003037,329.26, 445.3032
647089,1.1357,0.003734,267.85, 445.3026
647090,1.1392,0.003486,286.88, 445.3031
647091,1.1421,0.002974,336.21, 445.3032
647092,1.1455,0.003389,295.05, 445.3032
647093,1.1489,0.003056,327.21, 445.3032
647094,1.1523,0.003684,271.45, 445.3031
647095,1.1553,0.003032,329.80, 445.3026
647096,1.1587,0.003448,290.01, 445.3031
647097,1.1621,0.003005,332.83, 445.3029
647098,1.1655,0.003702,270.14, 445.3050
647099,1.1685,0.003044,328.47, 445.3032
647100,1.1719,0.003438,290.91, 445.3032
647101,1.1758,0.003527,283.54, 445.3031
647102,1.1787,0.002934,340.80, 445.3032
647103,1.1821,0.003726,268.39, 445.3031
647104,1.1851,0.003045,328.44, 445.3026
647105,1.1885,0.003195,313.00, 445.3032
647106,1.1914,0.003050,327.90, 445.3029
647107,1.1953,0.003608,277.14, 445.3026
647108,1.1982,0.003177,314.77, 445.3026
647109,1.2021,0.004045,247.20, 445.3026
647110,1.2056,0.003119,320.65, 445.3032
647111,1.2085,0.002896,345.33, 445.3032
647112,1.2119,0.003753,266.45, 445.3026
647113,1.2148,0.002951,338.93, 445.3032
647114,1.2183,0.002979,335.67, 445.3032
647115,1.2217,0.003809,262.57, 445.3029
647116,1.2251,0.003349,298.63, 445.3031
647117,1.2280,0.002941,340.06, 445.3029
647118,1.2319,0.003808,262.59, 445.3031
647119,1.2349,0.002981,335.49, 445.3032
647120,1.2383,0.003386,295.32, 445.3031
647121,1.2412,0.003009,332.29, 445.3051
647122,1.2451,0.003577,279.54, 445.3031
647123,1.2480,0.003014,331.84, 445.3032
647124,1.2515,0.003606,277.32, 445.3031
647125,1.2544,0.002943,339.80, 445.3032
647126,1.2578,0.003543,282.25, 445.3032
647127,1.2617,0.003472,288.00, 445.3031
647128,1.2646,0.002964,337.36, 445.3032
647129,1.2681,0.003437,290.97, 445.3032
647130,1.2710,0.003096,322.97, 445.3032
647131,1.2744,0.003661,273.13, 445.3031
647132,1.2778,0.002977,335.92, 445.3032
647133,1.2808,0.003301,302.95, 445.3032
647134,1.2842,0.003314,301.77, 445.3029
647135,1.2876,0.003517,284.34, 445.3050
647136,1.2905,0.003008,332.46, 445.3029
647137,1.2944,0.003683,271.52, 445.3032
647138,1.2979,0.003359,297.73, 445.3026
647139,1.3008,0.003114,321.12, 445.3026
647140,1.3047,0.003592,278.41, 445.3031
647141,1.3076,0.003069,325.88, 445.3032
647142,1.3110,0.003413,293.01, 445.3031
647143,1.3140,0.003031,329.88, 445.3032
647144,1.3174,0.003535,282.91, 445.3029
647145,1.3208,0.003001,333.26, 445.3032
647146,1.3242,0.003658,273.40, 445.3026
647147,1.3271,0.002962,337.67, 445.3032
647148,1.3306,0.003392,294.78, 445.3032
647149,1.3340,0.003632,275.37, 445.3031
647150,1.3374,0.003020,331.16, 445.3032
647151,1.3408,0.003445,290.25, 445.3032
647152,1.3438,0.002976,335.99, 445.3032
647153,1.3472,0.003556,281.23, 445.3029
647154,1.3501,0.002990,334.44, 445.3032
647155,1.3545,0.004366,229.05, 445.3026
647156,1.3574,0.003105,322.03, 445.3031
647157,1.3608,0.002951,338.93, 445.3026
647158,1.3643,0.003671,272.41, 445.3031
647159,1.3672,0.002959,337.97, 445.3032
647160,1.3706,0.003395,294.55, 445.3031
647161,1.3735,0.002906,344.09, 445.3032
647162,1.3770,0.003606,277.35, 445.3032
647163,1.3799,0.002936,340.62, 445.3032
647164,1.3838,0.003789,263.94, 445.3031
647165,1.3867,0.003074,325.31, 445.3029
647166,1.3901,0.003397,294.41, 445.3031
647167,1.3936,0.003007,332.59, 445.3032
647168,1.3970,0.003496,286.03, 445.3029
647169,1.4004,0.003637,274.93, 445.3026
647170,1.4033,0.002983,335.24, 445.3032
647171,1.4067,0.003513,284.69, 445.3031
647172,1.4102,0.002941,340.01, 445.3032
647173,1.4136,0.003647,274.21, 445.3031
647174,1.4165,0.002973,336.41, 445.3032
647175,1.4199,0.003512,284.76, 445.3032
647176,1.4229,0.002966,337.20, 445.3032
647177,1.4268,0.003616,276.56, 445.3032
647178,1.4297,0.003017,331.47, 445.3026
647179,1.4336,0.004180,239.26, 445.3026
647180,1.4370,0.003174,315.05, 445.3031
647181,1.4399,0.002979,335.67, 445.3032
647182,1.4434,0.003331,300.17, 445.3050
647183,1.4463,0.002943,339.81, 445.3032
647184,1.4502,0.003975,251.57, 445.3031
647185,1.4531,0.003017,331.41, 445.3029
647186,1.4570,0.003589,278.61, 445.3031
647187,1.4600,0.002982,335.37, 445.3032
647188,1.4634,0.003515,284.47, 445.3029
647189,1.4663,0.003095,323.07, 445.3032
647190,1.4697,0.003481,287.25, 445.3032
647191,1.4731,0.003465,288.58, 445.3031
647192,1.4766,0.003045,328.37, 445.3026
647193,1.4800,0.003540,282.47, 445.3031
647194,1.4829,0.002986,334.86, 445.3026
647195,1.4863,0.003488,286.68, 445.3032
647196,1.4893,0.002947,339.32, 445.3032
647197,1.4932,0.003575,279.71, 445.3032
647198,1.4966,0.003489,286.63, 445.3026
647199,1.5000,0.003320,301.20, 445.3026
647200,1.5029,0.003135,318.99, 445.3029
647201,1.5059,0.003048,328.08, 445.3026
647202,1.5098,0.003684,271.46, 445.3031
647203,1.5127,0.003110,321.50, 445.3029
647204,1.5156,0.003117,320.81, 445.3032
647205,1.5195,0.003422,292.20, 445.3032
647206,1.5229,0.003470,288.20, 445.3031
647207,1.5259,0.002961,337.72, 445.3032
647208,1.5293,0.003519,284.19, 445.3032
647209,1.5322,0.003019,331.29, 445.3032
647210,1.5361,0.003682,271.58, 445.3029
647211,1.5391,0.002995,333.85, 445.3032
647212,1.5425,0.003510,284.87, 445.3031
647213,1.5454,0.003047,328.17, 445.3032
647214,1.5493,0.003903,256.25, 445.3031
647215,1.5522,0.003004,332.92, 445.3032
647216,1.5562,0.003710,269.58, 445.3032
647217,1.5596,0.003230,309.59, 445.3031
647218,1.5625,0.002970,336.71, 445.3032
647219,1.5659,0.003678,271.86, 445.3031
647220,1.5688,0.002963,337.53, 445.3032
647221,1.5728,0.003632,275.37, 445.3031
647222,1.5757,0.003258,306.93, 445.3026
647223,1.5791,0.003226,310.02, 445.3031
647224,1.5820,0.003025,330.53, 445.3032
647225,1.5854,0.003553,281.44, 445.3031
647226,1.5884,0.002955,338.36, 445.3032
647227,1.5923,0.003670,272.46, 445.3032
647228,1.5957,0.003332,300.11, 445.3032
647229,1.5986,0.002927,341.65, 445.3029
647230,1.6025,0.003862,258.95, 445.3031
647231,1.6055,0.003181,314.37, 445.3026
647232,1.6089,0.003143,318.22, 445.3032
647233,1.6118,0.003049,327.99, 445.3029
647234,1.6152,0.003708,269.72, 445.3050
647235,1.6187,0.002965,337.23, 445.3032
647236,1.6221,0.003668,272.65, 445.3031
647237,1.6250,0.003001,333.22, 445.3032
647238,1.6284,0.003420,292.43, 445.3032
647239,1.6323,0.003759,266.04, 445.3031
647240,1.6353,0.003095,323.13, 445.3026
647241,1.6387,0.003168,315.69, 445.3032
647242,1.6416,0.003060,326.80, 445.3032
647243,1.6450,0.003598,277.94, 445.3031
647244,1.6479,0.002985,334.97, 445.3032
647245,1.6523,0.004013,249.17, 445.3026
647246,1.6558,0.003384,295.48, 445.3032
647247,1.6587,0.002937,340.45, 445.3029
647248,1.6621,0.003745,267.01, 445.3031
647249,1.6655,0.003024,330.74, 445.3029
647250,1.6694,0.004135,241.85, 445.3031
647251,1.6724,0.003151,317.33, 445.3031
647252,1.6753,0.002918,342.68, 445.3029
647253,1.6787,0.003102,322.34, 445.3032
647254,1.6826,0.003808,262.59, 445.3029
647255,1.6855,0.003147,317.74, 445.3026
647256,1.6885,0.003056,327.28, 445.3029
647257,1.6924,0.003804,262.92, 445.3029
647258,1.6953,0.003014,331.80, 445.3026
647259,1.6987,0.003452,289.66, 445.3031
647260,1.7021,0.003080,324.73, 445.3026
647261,1.7056,0.003556,281.18, 445.3029
647262,1.7085,0.003019,331.29, 445.3032
647263,1.7124,0.003831,261.02, 445.3032
647264,1.7158,0.003228,309.78, 445.3029
647265,1.7188,0.002944,339.71, 445.3031
647266,1.7217,0.003017,331.46, 445.3029
647267,1.7251,0.003716,269.08, 445.3026
647268,1.7285,0.003111,321.45, 445.3032
647269,1.7319,0.003351,298.38, 445.3029
647270,1.7354,0.003695,270.64, 445.3031
647271,1.7383,0.003021,330.98, 445.3026
647272,1.7422,0.003581,279.28, 445.3031
647273,1.7456,0.003343,299.13, 445.3026
647274,1.7485,0.002948,339.24, 445.3032
647275,1.7515,0.003008,332.47, 445.3032
647276,1.7549,0.003691,270.95, 445.3031
647277,1.7578,0.002985,334.97, 445.3032
647278,1.7617,0.003848,259.90, 445.3026
647279,1.7656,0.003731,268.05, 445.3031
647280,1.7686,0.003072,325.53, 445.3032
647281,1.7720,0.003267,306.08, 445.3032
647282,1.7754,0.003693,270.77, 445.3031
647283,1.7793,0.003519,284.20, 445.3125
647284,1.7827,0.003701,270.18, 445.3026
647285,1.7861,0.003334,299.94, 445.3026
647286,1.7891,0.003104,322.12, 445.3031
647287,1.7925,0.003172,315.25, 445.3026
647288,1.7954,0.003202,312.29, 445.3032
647289,1.7993,0.003675,272.14, 445.3032
647290,1.8027,0.003460,289.04, 445.3026
647291,1.8057,0.003097,322.87, 445.3029
647292,1.8096,0.003541,282.40, 445.3031
647293,1.8125,0.003081,324.53, 445.3029
647294,1.8159,0.003527,283.54, 445.3031
647295,1.8188,0.003008,332.44, 445.3032
647296,1.8223,0.003396,294.43, 445.3029
647297,1.8262,0.003514,284.62, 445.3029
647298,1.8286,0.002908,343.94, 445.3032
647299,1.8325,0.003828,261.22, 445.3026
647300,1.8359,0.003032,329.77, 445.3026
647301,1.8389,0.003391,294.89, 445.3031
647302,1.8423,0.003112,321.34, 445.3029
647303,1.8457,0.003557,281.17, 445.3031
647304,1.8486,0.002985,334.99, 445.3029
647305,1.8521,0.003364,297.27, 445.3031
647306,1.8550,0.003008,332.50, 445.3029
647307,1.8589,0.003596,278.07, 445.3032
647308,1.8623,0.003473,287.95, 445.3031
647309,1.8652,0.002941,340.03, 445.3032
647310,1.8682,0.002971,336.55, 445.3032
647311,1.8721,0.003884,257.48, 445.3032
647312,1.8750,0.003165,315.99, 445.3032
647313,1.8779,0.002945,339.55, 445.3029
647314,1.8818,0.003772,265.09, 445.3031
647315,1.8848,0.002989,334.62, 445.3032
647316,1.8882,0.003548,281.83, 445.3031
647317,1.8916,0.002975,336.10, 445.3032
647318,1.8950,0.003514,284.54, 445.3031
647319,1.8979,0.002994,333.97, 445.3032
647320,1.9014,0.003644,274.44, 445.3031
647321,1.9048,0.003022,330.86, 445.3032
647322,1.9082,0.003590,278.58, 445.3032
647323,1.9116,0.003534,282.96, 445.3031
647324,1.9146,0.002948,339.17, 445.3032
647325,1.9185,0.003594,278.21, 445.3029
647326,1.9214,0.003247,307.99, 445.3029
647327,1.9243,0.002993,334.15, 445.3032
647328,1.9277,0.003297,303.32, 445.3032
647329,1.9312,0.003334,299.95, 445.3032
647330,1.9341,0.003046,328.29, 445.3026
647331,1.9385,0.004127,242.31, 445.3032
647332,1.9419,0.003637,274.94, 445.3031
647333,1.9448,0.002958,338.12, 445.3032
647334,1.9487,0.003625,275.90, 445.3031
647335,1.9517,0.002949,339.08, 445.3032
647336,1.9551,0.003695,270.62, 445.3029
647337,1.9580,0.002965,337.31, 445.3029
647338,1.9614,0.003372,296.56, 445.3032
647339,1.9644,0.003030,330.03, 445.3029
647340,1.9683,0.003650,273.96, 445.3032
647341,1.9717,0.003485,286.91, 445.3031
647342,1.9746,0.002887,346.40, 445.3032
647343,1.9780,0.003574,279.79, 445.3026
647344,1.9810,0.002957,338.13, 445.3032
647345,1.9849,0.003993,250.46, 445.3031
647346,1.9878,0.002943,339.80, 445.3032
647347,1.9917,0.003679,271.83, 445.3031
647348,1.9946,0.003004,332.89, 445.3032
647349,1.9980,0.003434,291.18, 445.3031
647350,2.0010,0.003017,331.48, 445.3029
647351,2.0044,0.003390,295.02, 445.3032
647352,2.0083,0.003722,268.65, 445.3031
647353,2.0112,0.002978,335.83, 445.3026
647354,2.0146,0.003557,281.11, 445.3031
647355,2.0176,0.002982,335.31, 445.3032
647356,2.0215,0.003666,272.79, 445.3031
647357,2.0244,0.003020,331.16, 445.3032
647358,2.0278,0.003383,295.58, 445.3031
647359,2.0308,0.002988,334.73, 445.3032
647360,2.0342,0.003611,276.90, 445.3031
647361,2.0376,0.002966,337.13, 445.3032
647362,2.0410,0.003605,277.38, 445.3026
647363,2.0444,0.003627,275.70, 445.3031
647364,2.0474,0.002880,347.28, 445.3106
647365,2.0508,0.003511,284.81, 445.3029
647366,2.0542,0.002997,333.70, 445.3029
647367,2.0576,0.003556,281.24, 445.3031
647368,2.0605,0.002926,341.72, 445.3051
647369,2.0640,0.003413,292.98, 445.3029
647370,2.0669,0.003049,327.93, 445.3029
647371,2.0708,0.003857,259.26, 445.3031
647372,2.0742,0.003312,301.96, 445.3026
647373,2.0771,0.002943,339.81, 445.3032
647374,2.0801,0.003088,323.79, 445.3032
647375,2.0840,0.003722,268.66, 445.3031
647376,2.0869,0.002990,334.40, 445.3032
647377,2.0903,0.003500,285.70, 445.3032
647378,2.0938,0.003430,291.55, 445.3031
647379,2.0967,0.002916,342.98, 445.3032
647380,2.1006,0.003744,267.12, 445.3029
647381,2.1035,0.003092,323.43, 445.3026
647382,2.1069,0.003361,297.50, 445.3032
647383,2.1099,0.002990,334.48, 445.3032
647384,2.1133,0.003627,275.70, 445.3031
647385,2.1167,0.003038,329.19, 445.3029
647386,2.1206,0.003915,255.43, 445.3029
647387,2.1235,0.002969,336.78, 445.3032
647388,2.1270,0.003621,276.18, 445.3032
647389,2.1304,0.003344,299.09, 445.3032
647390,2.1333,0.002952,338.79, 445.3032
647391,2.1372,0.003670,272.47, 445.3031
647392,2.1401,0.002936,340.56, 445.3032
647393,2.1436,0.003643,274.47, 445.3031
647394,2.1465,0.003002,333.14, 445.3032
647395,2.1509,0.004102,243.81, 445.3026
647396,2.1538,0.003141,318.38, 445.3031
647397,2.1567,0.002907,344.03, 445.3026
647398,2.1602,0.003414,292.89, 445.3029
647399,2.1631,0.002954,338.58, 445.3026
647400,2.1670,0.003771,265.21, 445.3029
647401,2.1699,0.003080,324.68, 445.3032
647402,2.1733,0.003399,294.18, 445.3029
647403,2.1763,0.003076,325.08, 445.3029
647404,2.1802,0.003477,287.65, 445.3031
647405,2.1831,0.003137,318.74, 445.3026
647406,2.1865,0.003486,286.84, 445.3031
647407,2.1895,0.003045,328.46, 445.3026
647408,2.1929,0.003504,285.38, 445.3026
647409,2.1963,0.003388,295.20, 445.3029
647410,2.1997,0.003027,330.37, 445.3032
647411,2.2036,0.003913,255.57, 445.3026
647412,2.2065,0.003320,301.17, 445.3029
647413,2.2095,0.002944,339.70, 445.3031
647414,2.2129,0.003035,329.47, 445.3032
647415,2.2163,0.003580,279.31, 445.3031
647416,2.2192,0.002967,337.07, 445.3032
647417,2.2227,0.003524,283.77, 445.3031
647418,2.2256,0.002980,335.59, 445.3029
647419,2.2295,0.003581,279.26, 445.3032
647420,2.2329,0.003516,284.42, 445.3032
647421,2.2363,0.003422,292.21, 445.3032
647422,2.2397,0.003490,286.52, 445.3029
647423,2.2427,0.003000,333.30, 445.3032
647424,2.2461,0.003448,290.01, 445.3031
647425,2.2490,0.002973,336.35, 445.3032
647426,2.2524,0.003443,290.48, 445.3032
647427,2.2559,0.003096,322.97, 445.3029
647428,2.2593,0.003614,276.69, 445.3031
647429,2.2622,0.003017,331.47, 445.3032
647430,2.2661,0.003718,268.98, 445.3032
647431,2.2695,0.003506,285.27, 445.3031
647432,2.2725,0.002969,336.80, 445.3026
647433,2.2754,0.003026,330.44, 445.3032
647434,2.2788,0.003441,290.58, 445.3029
647435,2.2827,0.003747,266.87, 445.3031
647436,2.2856,0.003053,327.59, 445.3029
647437,2.2891,0.003031,329.95, 445.3026
647438,2.2920,0.003133,319.21, 445.3026
647439,2.2959,0.003673,272.27, 445.3031
647440,2.2988,0.002993,334.11, 445.3032
647441,2.3022,0.003535,282.85, 445.3029
647442,2.3052,0.003020,331.10, 445.3032
647443,2.3091,0.004016,248.99, 445.3026
647444,2.3125,0.003072,325.50, 445.3031
647445,2.3154,0.003037,329.27, 445.3032
647446,2.3188,0.003627,275.69, 445.3031
647447,2.3218,0.002979,335.69, 445.3032
647448,2.3252,0.003457,289.31, 445.3029
647449,2.3286,0.003077,325.00, 445.3032
647450,2.3320,0.003395,294.52, 445.3029
647451,2.3350,0.003057,327.14, 445.3029
647452,2.3384,0.003404,293.75, 445.3032
647453,2.3413,0.003098,322.80, 445.3029
647454,2.3452,0.003527,283.51, 445.3026
647455,2.3481,0.003034,329.57, 445.3032
647456,2.3521,0.003981,251.21, 445.3032
647457,2.3550,0.003091,323.50, 445.3026
647458,2.3579,0.003064,326.40, 445.3032
647459,2.3618,0.003807,262.67, 445.3031
647460,2.3652,0.003101,322.51, 445.3032
647461,2.3687,0.003714,269.22, 445.3031
647462,2.3721,0.003250,307.65, 445.3029
647463,2.3750,0.002982,335.35, 445.3029
647464,2.3779,0.003158,316.67, 445.3026
647465,2.3818,0.003566,280.41, 445.3031
647466,2.3848,0.003041,328.81, 445.3032
647467,2.3882,0.003614,276.72, 445.3032
647468,2.3916,0.003395,294.58, 445.3031
647469,2.3945,0.002958,338.09, 445.3032
647470,2.3984,0.003622,276.11, 445.3031
647471,2.4014,0.003064,326.35, 445.3032
647472,2.4048,0.003545,282.11, 445.3031
647473,2.4082,0.003013,331.87, 445.3032
647474,2.4111,0.003400,294.10, 445.3026
647475,2.4146,0.003062,326.63, 445.3032
647476,2.4180,0.003749,266.71, 445.3029
647477,2.4214,0.002964,337.44, 445.3032
647478,2.4248,0.003543,282.25, 445.3032
647479,2.4282,0.003358,297.77, 445.3031
647480,2.4312,0.002945,339.59, 445.3032
647481,2.4346,0.003767,265.45, 445.3031
647482,2.4380,0.003071,325.68, 445.3026
647483,2.4414,0.003373,296.47, 445.3031
647484,2.4443,0.003059,326.86, 445.3032
647485,2.4482,0.003997,250.16, 445.3029
647486,2.4512,0.003090,323.67, 445.3026
647487,2.4546,0.003060,326.75, 445.3029
647488,2.4580,0.003619,276.31, 445.3031
647489,2.4609,0.003032,329.87, 445.3032
647490,2.4648,0.003672,272.32, 445.3031
647491,2.4678,0.003015,331.70, 445.3026
647492,2.4712,0.003256,307.14, 445.3032
647493,2.4741,0.003073,325.43, 445.3029
647494,2.4780,0.003750,266.67, 445.3031
647495,2.4810,0.003123,320.16, 445.3026
647496,2.4844,0.003212,311.34, 445.3032
647497,2.4873,0.002981,335.46, 445.3032
647498,2.4912,0.004095,244.18, 445.3026
647499,2.4946,0.003287,304.20, 445.3031
647500,2.4976,0.002892,345.75, 445.3032
647501,2.5010,0.003469,288.24, 445.3031
647502,2.5039,0.003052,327.68, 445.3032
647503,2.5073,0.003555,281.33, 445.3031
647504,2.5103,0.002995,333.86, 445.3032
647505,2.5142,0.003578,279.49, 445.3031
647506,2.5171,0.003014,331.83, 445.3026
647507,2.5205,0.003553,281.47, 445.3031
647508,2.5234,0.003027,330.39, 445.3032
647509,2.5273,0.003682,271.61, 445.3032
647510,2.5308,0.003219,310.62, 445.3029
647511,2.5342,0.003630,275.47, 445.3032
647512,2.5376,0.003266,306.17, 445.3032
647513,2.5405,0.002962,337.64, 445.3029
647514,2.5444,0.003865,258.72, 445.3026
647515,2.5474,0.003121,320.40, 445.3032
647516,2.5508,0.003303,302.77, 445.3031
647517,2.5537,0.002988,334.69, 445.3029
647518,2.5571,0.003559,280.98, 445.3031
647519,2.5605,0.003084,324.26, 445.3032
647520,2.5640,0.003527,283.54, 445.3029
647521,2.5674,0.003504,285.42, 445.3031
647522,2.5703,0.003009,332.36, 445.3026
647523,2.5737,0.003431,291.43, 445.3032
647524,2.5767,0.002991,334.34, 445.3032
647525,2.5806,0.003527,283.54, 445.3032
647526,2.5835,0.003063,326.51, 445.3029
647527,2.5869,0.003728,268.28, 445.3031
647528,2.5903,0.003003,332.99, 445.3032
647529,2.5938,0.003527,283.50, 445.3031
647530,2.5967,0.003019,331.29, 445.3026
647531,2.6011,0.004174,239.59, 445.3029
647532,2.6040,0.003022,330.94, 445.3031
647533,2.6069,0.002906,344.15, 445.3029
647534,2.6104,0.003526,283.62, 445.3031
647535,2.6133,0.002961,337.76, 445.3032
647536,2.6167,0.003661,273.19, 445.3031
647537,2.6201,0.003042,328.69, 445.3032
647538,2.6235,0.003416,292.78, 445.3032
647539,2.6265,0.002998,333.54, 445.3032
647540,2.6299,0.003526,283.60, 445.3029
647541,2.6333,0.003178,314.69, 445.3032
647542,2.6367,0.003770,265.25, 445.3026
647543,2.6406,0.003580,279.35, 445.3031
647544,2.6436,0.003022,330.94, 445.3032
647545,2.6470,0.003291,303.90, 445.3031
647546,2.6499,0.002942,339.88, 445.3032
647547,2.6533,0.003648,274.11, 445.3031
647548,2.6563,0.002930,341.31, 445.3032
647549,2.6597,0.003537,282.73, 445.3032
647550,2.6626,0.002981,335.46, 445.3032
647551,2.6665,0.003659,273.31, 445.3031
647552,2.6694,0.002985,335.00, 445.3026
647553,2.6729,0.003605,277.42, 445.3032
647554,2.6763,0.003429,291.63, 445.3029
647555,2.6792,0.002940,340.11, 445.3032
647556,2.6836,0.004122,242.59, 445.3029
647557,2.6865,0.003192,313.26, 445.3029
647558,2.6895,0.002988,334.72, 445.3031
647559,2.6929,0.002966,337.21, 445.3029
647560,2.6963,0.003536,282.81, 445.3031
647561,2.6992,0.003005,332.82, 445.3651
647562,2.7031,0.003903,256.23, 445.3029
647563,2.7061,0.002968,336.95, 445.3032
647564,2.7095,0.003501,285.65, 445.3032
647565,2.7134,0.003619,276.36, 445.3029
647566,2.7163,0.002973,336.32, 445.3029
647567,2.7197,0.003603,277.52, 445.3031
647568,2.7227,0.002956,338.30, 445.3032
647569,2.7261,0.003527,283.55, 445.3031
647570,2.7295,0.003014,331.80, 445.3026
647571,2.7329,0.003696,270.60, 445.3031
647572,2.7358,0.003001,333.28, 445.3032
647573,2.7393,0.003505,285.29, 445.3031
647574,2.7427,0.003099,322.68, 445.3026
647575,2.7461,0.003609,277.06, 445.3032
647576,2.7490,0.003080,324.64, 445.3032
647577,2.7524,0.003032,329.86, 445.3032
647578,2.7559,0.003671,272.44, 445.3031
647579,2.7588,0.002922,342.27, 445.3032
647580,2.7627,0.003606,277.32, 445.3031
647581,2.7656,0.003183,314.15, 445.3032
647582,2.7695,0.003795,263.51, 445.3026
647583,2.7725,0.003115,321.05, 445.3026
647584,2.7759,0.003325,300.78, 445.3029
647585,2.7788,0.002986,334.90, 445.3032
647586,2.7827,0.003681,271.65, 445.3031
647587,2.7856,0.003102,322.35, 445.3029
647588,2.7891,0.003204,312.16, 445.3032
647589,2.7925,0.003485,286.98, 445.3029
647590,2.7954,0.003155,316.99, 445.3029
647591,2.7988,0.003132,319.27, 445.3031
647592,2.8018,0.003305,302.62, 445.3026
647593,2.8057,0.003599,277.86, 445.3029
647594,2.8091,0.003485,286.92, 445.3026
647595,2.8125,0.003276,305.23, 445.3029
647596,2.8154,0.003195,312.97, 445.3029
647597,2.8193,0.003753,266.45, 445.3032
647598,2.8223,0.003047,328.18, 445.3026
647599,2.8262,0.003647,274.19, 445.3032
647600,2.8296,0.003708,269.66, 445.3029
647601,2.8325,0.003068,325.99, 445.3029
647602,2.8369,0.003992,250.48, 445.3029
647603,2.8398,0.003053,327.59, 445.3029
647604,2.8433,0.003277,305.12, 445.3032
647605,2.8462,0.003040,329.00, 445.3032
647606,2.8496,0.003640,274.76, 445.3032
647607,2.8530,0.003524,283.78, 445.3031
647608,2.8560,0.002898,345.11, 445.3029
647609,2.8599,0.003554,281.36, 445.3031
647610,2.8628,0.002955,338.46, 445.3032
647611,2.8667,0.004222,236.83, 445.3026
647612,2.8701,0.003311,302.02, 445.3031
647613,2.8730,0.002958,338.10, 445.3031
647614,2.8760,0.002999,333.47, 445.3032
647615,2.8789,0.002996,333.83, 445.3032
647616,2.8828,0.003457,289.28, 445.3032
647617,2.8857,0.003229,309.71, 445.3032
647618,2.8896,0.003747,266.85, 445.3029
647619,2.8926,0.002953,338.65, 445.3032
647620,2.8960,0.003585,278.94, 445.3031
647621,2.8989,0.002933,341.01, 445.3032
647622,2.9028,0.003647,274.18, 445.3029
647623,2.9058,0.002968,336.98, 445.3032
647624,2.9092,0.003323,300.91, 445.3032
647625,2.9121,0.003109,321.62, 445.3029
647626,2.9155,0.003511,284.85, 445.3031
647627,2.9185,0.003019,331.19, 445.3032
647628,2.9224,0.003741,267.34, 445.3029
647629,2.9258,0.003313,301.87, 445.3032
647630,2.9287,0.002947,339.32, 445.3032
647631,2.9326,0.003748,266.80, 445.3031
647632,2.9355,0.002951,338.88, 445.3032
647633,2.9390,0.003563,280.64, 445.3031
647634,2.9419,0.002950,339.03, 445.3051
647635,2.9458,0.003989,250.70, 445.3031
647636,2.9492,0.003264,306.37, 445.3031
647637,2.9521,0.002952,338.72, 445.3031
647638,2.9551,0.003012,332.06, 445.3032
647639,2.9585,0.003597,278.03, 445.3032
647640,2.9624,0.003572,279.92, 445.3031
647641,2.9653,0.002914,343.12, 445.3032
647642,2.9688,0.003627,275.71, 445.3031
647643,2.9717,0.002985,335.01, 445.3032
647644,2.9751,0.003456,289.35, 445.3031
647645,2.9780,0.002938,340.41, 445.3032
647646,2.9814,0.003525,283.71, 445.3032
647647,2.9849,0.003018,331.40, 445.3032
647648,2.9883,0.003650,273.97, 445.3029
647649,2.9912,0.003002,333.09, 445.3032
647650,2.9951,0.003656,273.56, 445.3029
647651,2.9980,0.003024,330.68, 445.3032
647652,3.0020,0.003950,253.16, 445.3032
647653,3.0054,0.003288,304.12, 445.3029
647654,3.0083,0.003049,327.94, 445.3029
647655,3.0117,0.003594,278.21, 445.3029
647656,3.0151,0.003111,321.43, 445.3026
647657,3.0186,0.003595,278.18, 445.3031
647658,3.0220,0.003133,319.20, 445.3106
647659,3.0249,0.003095,323.14, 445.3032
647660,3.0278,0.003119,320.64, 445.3026
647661,3.0317,0.003696,270.57, 445.3026
647662,3.0347,0.003189,313.62, 445.3032
647663,3.0381,0.003105,322.08, 445.3032
647664,3.0410,0.003236,309.00, 445.3032
647665,3.0449,0.003523,283.89, 445.3029
647666,3.0479,0.003379,295.93, 445.3032
647667,3.0513,0.002976,336.00, 445.3032
647668,3.0547,0.003711,269.48, 445.3031
647669,3.0576,0.002974,336.29, 445.3032
647670,3.0610,0.003445,290.28, 445.3029
647671,3.0640,0.003009,332.39, 445.3032
647672,3.0679,0.003677,271.99, 445.3029
647673,3.0708,0.002990,334.41, 445.3032
647674,3.0747,0.003828,261.24, 445.3031
647675,3.0776,0.002981,335.42, 445.3029
647676,3.0806,0.003118,320.69, 445.3032
647677,3.0845,0.003777,264.80, 445.3031
647678,3.0874,0.002950,339.01, 445.3032
647679,3.0913,0.003595,278.13, 445.3031
647680,3.0942,0.003014,331.84, 445.3029
647681,3.0977,0.003316,301.61, 445.3032
647682,3.1006,0.003129,319.63, 445.3029
647683,3.1045,0.004083,244.93, 445.3032
647684,3.1079,0.003422,292.23, 445.3031
647685,3.1113,0.003028,330.22, 445.3032
647686,3.1147,0.003567,280.39, 445.3031
647687,3.1177,0.002949,339.14, 445.3032
647688,3.1211,0.003618,276.42, 445.3031
647689,3.1240,0.002970,336.71, 445.3032
647690,3.1279,0.003498,285.86, 445.3031
647691,3.1309,0.002969,336.84, 445.3032
647692,3.1343,0.003578,279.48, 445.3031
647693,3.1372,0.002993,334.17, 445.3029
647694,3.1406,0.003603,277.53, 445.3031
647695,3.1440,0.003037,329.28, 445.3029
647696,3.1475,0.003468,288.39, 445.3032
647697,3.1509,0.003709,269.59, 445.3031
647698,3.1543,0.003007,332.61, 445.3026
647699,3.1572,0.003297,303.28, 445.3031
647700,3.1606,0.003052,327.63, 445.3029
647701,3.1641,0.003657,273.44, 445.3031
647702,3.1670,0.003062,326.63, 445.3032
647703,3.1704,0.003361,297.55, 445.3031
647704,3.1733,0.002985,335.03, 445.3029
647705,3.1772,0.003539,282.56, 445.3031
647706,3.1802,0.003031,329.96, 445.3032
647707,3.1841,0.004045,247.21, 445.3026
647708,3.1875,0.003166,315.83, 445.3031
647709,3.1904,0.002973,336.41, 445.3032
647710,3.1938,0.003597,278.02, 445.3026
647711,3.1968,0.003023,330.79, 445.3032
647712,3.2002,0.003477,287.58, 445.3031
647713,3.2031,0.003004,332.93, 445.3029
647714,3.2070,0.003514,284.54, 445.3026
647715,3.2100,0.002961,337.74, 445.3032
647716,3.2134,0.003635,275.10, 445.3031
647717,3.2163,0.003089,323.75, 445.3029
647718,3.2202,0.003490,286.51, 445.3032
647719,3.2236,0.003482,287.23, 445.3031
647720,3.2266,0.002921,342.40, 445.3029
647721,3.2295,0.003135,318.98, 445.3032
647722,3.2329,0.003564,280.58, 445.3032
647723,3.2368,0.003512,284.77, 445.3031
647724,3.2397,0.003076,325.15, 445.3029
647725,3.2437,0.003812,262.31, 445.3031
647726,3.2466,0.003085,324.12, 445.3026
647727,3.2495,0.003009,332.39, 445.3032
647728,3.2524,0.003058,327.05, 445.3026
647729,3.2563,0.003576,279.68, 445.3026
647730,3.2593,0.003167,315.73, 445.3026
647731,3.2632,0.003636,275.05, 445.3031
647732,3.2661,0.003104,322.18, 445.3029
647733,3.2695,0.003168,315.63, 445.3029
647734,3.2729,0.003633,275.29, 445.3029
647735,3.2759,0.003007,332.59, 445.3032
647736,3.2793,0.003407,293.56, 445.3031
647737,3.2822,0.003088,323.88, 445.3026
647738,3.2861,0.003672,272.32, 445.3026
647739,3.2891,0.003087,323.94, 445.3029
647740,3.2925,0.003228,309.83, 445.3032
647741,3.2954,0.003005,332.79, 445.3032
647742,3.2988,0.003617,276.46, 445.3031
647743,3.3022,0.003013,331.92, 445.3032
647744,3.3057,0.003616,276.59, 445.3032
647745,3.3091,0.003381,295.76, 445.3029
647746,3.3120,0.002977,335.95, 445.3051
647747,3.3159,0.003629,275.57, 445.3032
647748,3.3188,0.003017,331.43, 445.3032
647749,3.3223,0.003591,278.47, 445.3031
647750,3.3252,0.002992,334.25, 445.3032
647751,3.3286,0.003436,291.06, 445.3032
647752,3.3315,0.002999,333.44, 445.3032
647753,3.3354,0.003740,267.37, 445.3029
647754,3.3389,0.003343,299.11, 445.3032
647755,3.3418,0.002949,339.09, 445.3032
647756,3.3452,0.003589,278.65, 445.3032
647757,3.3481,0.002967,337.04, 445.3026
647758,3.3525,0.004050,246.91, 445.3031
647759,3.3555,0.002978,335.77, 445.3032
647760,3.3589,0.003570,280.12, 445.3031
647761,3.3618,0.002974,336.20, 445.3032
647762,3.3652,0.003412,293.09, 445.3032
647763,3.3682,0.003051,327.73, 445.3032
647764,3.3721,0.003680,271.71, 445.3032
647765,3.3755,0.003446,290.18, 445.3031
647766,3.3784,0.003011,332.14, 445.3032
647767,3.3823,0.003660,273.20, 445.3031
647768,3.3853,0.003051,327.78, 445.3032
647769,3.3887,0.003365,297.14, 445.3031
647770,3.3916,0.003086,324.02, 445.3026
647771,3.3950,0.003578,279.46, 445.3031
647772,3.3984,0.003007,332.56, 445.3032
647773,3.4019,0.003611,276.95, 445.3031
647774,3.4048,0.003017,331.42, 445.3032
647775,3.4082,0.003448,290.01, 445.3032
647776,3.4116,0.003535,282.92, 445.3031
647777,3.4146,0.002952,338.80, 445.3032
647778,3.4185,0.003675,272.09, 445.3031
647779,3.4214,0.003067,326.09, 445.3032
647780,3.4248,0.003415,292.83, 445.3031
647781,3.4277,0.002918,342.75, 445.3032
647782,3.4316,0.003822,261.65, 445.3029
647783,3.4346,0.003094,323.25, 445.3029
647784,3.4380,0.003289,304.06, 445.3032
647785,3.4409,0.002980,335.55, 445.3032
647786,3.4448,0.003838,260.55, 445.3026
647787,3.4482,0.003363,297.35, 445.3032
647788,3.4517,0.003528,283.43, 445.3029
647789,3.4551,0.003415,292.82, 445.3026
647790,3.4580,0.003039,329.11, 445.3032
647791,3.4619,0.003626,275.76, 445.3031
647792,3.4648,0.003098,322.77, 445.3026
647793,3.4683,0.003262,306.56, 445.3026
647794,3.4712,0.003058,327.02, 445.3032
647795,3.4751,0.003711,269.51, 445.3031
647796,3.4780,0.003015,331.69, 445.3029
647797,3.4814,0.003590,278.57, 445.3032
647798,3.4849,0.003356,297.97, 445.3031
647799,3.4878,0.002942,339.94, 445.3032
647800,3.4917,0.003566,280.43, 445.3029
647801,3.4946,0.003028,330.24, 445.3032
647802,3.4980,0.003726,268.41, 445.3031
647803,3.5010,0.002989,334.54, 445.3032
647804,3.5049,0.003674,272.17, 445.3031
647805,3.5078,0.003001,333.18, 445.3032
647806,3.5112,0.003407,293.48, 445.3032
647807,3.5142,0.003016,331.60, 445.3051
647808,3.5181,0.003917,255.31, 445.3026
647809,3.5215,0.003124,320.08, 445.3026
647810,3.5244,0.002957,338.13, 445.3032
647811,3.5278,0.003751,266.61, 445.3031
647812,3.5308,0.002956,338.26, 445.3032
647813,3.5347,0.003528,283.43, 445.3031
647814,3.5376,0.002921,342.33, 445.3032
647815,3.5410,0.003639,274.77, 445.3029
647816,3.5439,0.002962,337.66, 445.3029
647817,3.5479,0.003566,280.41, 445.3031
647818,3.5508,0.003049,327.93, 445.3029
647819,3.5547,0.004049,246.96, 445.3026
647820,3.5581,0.003183,314.22, 445.3031
647821,3.5610,0.003123,320.17, 445.3026
647822,3.5645,0.003498,285.89, 445.3026
647823,3.5679,0.003203,312.21, 445.3026
647824,3.5708,0.002990,334.45, 445.3032
647825,3.5742,0.003585,278.94, 445.3032
647826,3.5776,0.003247,307.96, 445.3032
647827,3.5806,0.003067,326.04, 445.3032
647828,3.5845,0.003703,270.04, 445.3029
647829,3.5874,0.003011,332.12, 445.3032
647830,3.5908,0.003670,272.45, 445.3026
647831,3.5942,0.003263,306.48, 445.3031
647832,3.5972,0.002953,338.67, 445.3032
647833,3.6001,0.003121,320.40, 445.3032
647834,3.6040,0.003637,274.92, 445.3026
647835,3.6074,0.003384,295.49, 445.3026
647836,3.6104,0.003077,325.04, 445.3026
647837,3.6138,0.003564,280.59, 445.3029
647838,3.6172,0.003122,320.29, 445.3032
647839,3.6206,0.003593,278.35, 445.3029
647840,3.6240,0.003144,318.03, 445.3026
647841,3.6270,0.003016,331.53, 445.3029
647842,3.6299,0.003157,316.75, 445.3026
647843,3.6338,0.003718,268.95, 445.3031
647844,3.6367,0.003177,314.77, 445.3026
647845,3.6401,0.003387,295.29, 445.3029
647846,3.6436,0.003225,310.06, 445.3032
647847,3.6465,0.002989,334.62, 445.3230
647848,3.6504,0.003644,274.44, 445.3032
647849,3.6533,0.003128,319.72, 445.3032
647850,3.6567,0.003431,291.48, 445.3031
647851,3.6597,0.002970,336.72, 445.3032
647852,3.6636,0.003634,275.18, 445.3031
647853,3.6665,0.003039,329.06, 445.3032
647854,3.6699,0.003549,281.78, 445.3031
647855,3.6729,0.002992,334.20, 445.3032
647856,3.6763,0.003540,282.47, 445.3032
647857,3.6797,0.003433,291.30, 445.3032
647858,3.6831,0.002978,335.81, 445.3026
647859,3.6865,0.003737,267.62, 445.3031
647860,3.6895,0.003080,324.68, 445.3029
647861,3.6934,0.003520,284.10, 445.3029
647862,3.6963,0.003089,323.69, 445.3026
647863,3.7002,0.003766,265.51, 445.3029
647864,3.7031,0.003202,312.34, 445.3026
647865,3.7061,0.003011,332.12, 445.3032
647866,3.7100,0.003616,276.56, 445.3031
647867,3.7129,0.002947,339.28, 445.3029
647868,3.7163,0.003584,279.06, 445.3032
647869,3.7192,0.002974,336.24, 445.3029
647870,3.7231,0.003725,268.43, 445.3031
647871,3.7261,0.002960,337.89, 445.3032
647872,3.7295,0.003437,290.93, 445.3031
647873,3.7324,0.003024,330.69, 445.3032
647874,3.7358,0.003439,290.77, 445.3032
647875,3.7393,0.003145,317.92, 445.3032
647876,3.7427,0.003633,275.28, 445.3026
647877,3.7461,0.003473,287.98, 445.3031
647878,3.7490,0.002971,336.54, 445.3026
647879,3.7529,0.003662,273.07, 445.3031
647880,3.7559,0.002992,334.18, 445.3026
647881,3.7593,0.003417,292.67, 445.3029
647882,3.7622,0.002977,335.95, 445.3032
647883,3.7656,0.003613,276.76, 445.3031
647884,3.7690,0.002990,334.43, 445.3032
647885,3.7725,0.003554,281.35, 445.3031
647886,3.7754,0.002973,336.34, 445.3051
647887,3.7788,0.003635,275.10, 445.3032
647888,3.7822,0.003329,300.35, 445.3029
647889,3.7861,0.003593,278.31, 445.3032
647890,3.7891,0.003361,297.55, 445.3031
647891,3.7925,0.003305,302.54, 445.3026
647892,3.7959,0.003374,296.37, 445.3031
647893,3.7993,0.003207,311.86, 445.3032
647894,3.8027,0.003514,284.62, 445.3031
647895,3.8062,0.003491,286.47, 445.3026
647896,3.8096,0.003426,291.93, 445.3026
647897,3.8130,0.003335,299.83, 445.3029
647898,3.8159,0.003113,321.23, 445.3029
647899,3.8193,0.003124,320.15, 445.3032
647900,3.8232,0.003964,252.28, 445.3032
647901,3.8262,0.003112,321.33, 445.3032
647902,3.8296,0.003090,323.58, 445.3032
647903,3.8340,0.004466,223.90, 445.3031
647904,3.8369,0.002999,333.41, 445.3032
647905,3.8403,0.003436,291.00, 445.3029
647906,3.8433,0.002987,334.74, 445.3032
647907,3.8472,0.003939,253.90, 445.3026
647908,3.8501,0.003010,332.27, 445.3026
647909,3.8530,0.003046,328.33, 445.3032
647910,3.8569,0.003679,271.81, 445.3031
647911,3.8599,0.002936,340.61, 445.3029
647912,3.8633,0.003544,282.17, 445.3029
647913,3.8667,0.003134,319.10, 445.3032
647914,3.8701,0.003521,284.01, 445.3029
647915,3.8730,0.003007,332.54, 445.3032
647916,3.8765,0.003576,279.66, 445.3029
647917,3.8799,0.003250,307.69, 445.3029
647918,3.8828,0.002981,335.41, 445.3032
647919,3.8867,0.003854,259.46, 445.3031
647920,3.8896,0.002975,336.15, 445.3029
647921,3.8931,0.003519,284.16, 445.3031
647922,3.8960,0.002936,340.56, 445.3032
647923,3.8999,0.003600,277.75, 445.3031
647924,3.9028,0.003017,331.41, 445.3032
647925,3.9063,0.003463,288.77, 445.3031
647926,3.9092,0.002964,337.34, 445.3029
647927,3.9126,0.003629,275.57, 445.3032
647928,3.9160,0.003402,293.94, 445.3029
647929,3.9189,0.002964,337.34, 445.3032
647930,3.9229,0.003746,266.96, 445.3031
647931,3.9258,0.002964,337.38, 445.3032
647932,3.9292,0.003466,288.54, 445.3031
647933,3.9326,0.003026,330.46, 445.3032
647934,3.9360,0.003681,271.65, 445.3031
647935,3.9390,0.002987,334.76, 445.3032
647936,3.9424,0.003486,286.88, 445.3031
647937,3.9458,0.003027,330.39, 445.3032
647938,3.9492,0.003553,281.44, 445.3051
647939,3.9526,0.003392,294.79, 445.3029
647940,3.9561,0.003545,282.10, 445.3032
647941,3.9595,0.003417,292.62, 445.3031
647942,3.9624,0.003013,331.95, 445.3029
647943,3.9663,0.003660,273.20, 445.3031
647944,3.9692,0.003052,327.66, 445.3032
647945,3.9727,0.003454,289.50, 445.3031
647946,3.9756,0.003019,331.24, 445.3032
647947,3.9790,0.003291,303.87, 445.3032
647948,3.9819,0.003140,318.49, 445.3032
647949,3.9858,0.003810,262.44, 445.3029
647950,3.9893,0.003304,302.71, 445.3029
647951,3.9922,0.002955,338.40, 445.3032
647952,3.9951,0.002973,336.36, 445.3032
647953,3.9990,0.003715,269.19, 445.3032
647954,4.0024,0.003494,286.24, 445.3031
647955,4.0054,0.002977,335.87, 445.3032
647956,4.0088,0.003645,274.36, 445.3031
647957,4.0122,0.003010,332.28, 445.3032
647958,4.0151,0.003259,306.80, 445.3032
647959,4.0186,0.003283,304.63, 445.3032
647960,4.0220,0.003498,285.88, 445.3029
647961,4.0249,0.003036,329.40, 445.3032
647962,4.0288,0.003519,284.14, 445.3029
647963,4.0317,0.002981,335.51, 445.3032
647964,4.0352,0.003695,270.65, 445.3032
647965,4.0386,0.003219,310.64, 445.3032
647966,4.0415,0.003024,330.66, 445.3032
647967,4.0454,0.003838,260.55, 445.3031
647968,4.0483,0.002975,336.12, 445.3029
647969,4.0518,0.003471,288.08, 445.3031
647970,4.0547,0.003022,330.88, 445.3032
647971,4.0591,0.004074,245.49, 445.3026
647972,4.0620,0.003024,330.69, 445.3026
647973,4.0649,0.002952,338.79, 445.3026
647974,4.0679,0.002988,334.65, 445.3032
647975,4.0718,0.003961,252.48, 445.3026
647976,4.0752,0.003238,308.83, 445.3031
647977,4.0781,0.002955,338.38, 445.3032
647978,4.0815,0.003605,277.43, 445.3031
647979,4.0850,0.003118,320.71, 445.3026
647980,4.0884,0.003525,283.73, 445.3031
647981,4.0913,0.003094,323.17, 445.3032
647982,4.0947,0.003411,293.17, 445.3031
647983,4.0977,0.003053,327.55, 445.3029
647984,4.1016,0.003565,280.53, 445.3029
647985,4.1045,0.003028,330.22, 445.3026
647986,4.1079,0.003516,284.45, 445.3032
647987,4.1113,0.003489,286.60, 445.3026
647988,4.1143,0.002979,335.72, 445.3032
647989,4.1182,0.003710,269.53, 445.3031
647990,4.1211,0.003001,333.20, 445.3026
647991,4.1245,0.003376,296.24, 445.3031
647992,4.1274,0.002960,337.88, 445.3032
647993,4.1309,0.003519,284.15, 445.3031
647994,4.1338,0.003025,330.60, 445.3032
647995,4.1377,0.003759,266.05, 445.3032
647996,4.1411,0.003219,310.70, 445.3032
647997,4.1440,0.002979,335.64, 445.3032
647998,4.1475,0.003656,273.56, 445.3031
647999,4.1504,0.002914,343.22, 445.3032
648000,4.1548,0.004096,244.17, 445.3031
648001,4.1577,0.002932,341.09, 445.3032
648002,4.1611,0.003417,292.65, 445.3029
648003,4.1641,0.003078,324.92, 445.3029
648004,4.1675,0.003604,277.46, 445.3050
648005,4.1709,0.003036,329.38, 445.3032
648006,4.1743,0.003645,274.38, 445.3026
648007,4.1777,0.003331,300.22, 445.3031
648008,4.1807,0.002923,342.17, 445.3029
648009,4.1841,0.003702,270.10, 445.3031
648010,4.1870,0.002978,335.82, 445.3032
648011,4.1909,0.003739,267.47, 445.3031
648012,4.1943,0.003151,317.38, 445.3029
648013,4.1973,0.002996,333.80, 445.3029
648014,4.2002,0.003251,307.63, 445.3091
648015,4.2036,0.003434,291.21, 445.3029
648016,4.2070,0.003026,330.47, 445.3032
648017,4.2104,0.003653,273.79, 445.3026
648018,4.2139,0.003437,290.96, 445.3031
648019,4.2168,0.002870,348.47, 445.3096
648020,4.2202,0.003599,277.89, 445.3032
648021,4.2231,0.002962,337.62, 445.3032
648022,4.2271,0.003721,268.77, 445.3026
648023,4.2300,0.003012,332.02, 445.3032
648024,4.2334,0.003513,284.67, 445.3029
648025,4.2363,0.002969,336.79, 445.3029
648026,4.2402,0.003479,287.48, 445.3032
648027,4.2432,0.003014,331.79, 445.3032
648028,4.2466,0.003535,282.90, 445.3051
648029,4.2495,0.002990,334.47, 445.3032
648030,4.2534,0.003657,273.43, 445.3031
648031,4.2563,0.002929,341.47, 445.3032
648032,4.2598,0.003674,272.20, 445.3029
648033,4.2632,0.003313,301.80, 445.3032
648034,4.2661,0.002965,337.30, 445.3026
648035,4.2700,0.003731,268.05, 445.3031
648036,4.2729,0.003049,327.99, 445.3032
648037,4.2764,0.003534,282.97, 445.3031
648038,4.2793,0.002998,333.59, 445.3032
648039,4.2827,0.003397,294.41, 445.3032
648040,4.2861,0.003080,324.68, 445.3032
648041,4.2896,0.003672,272.34, 445.3031
648042,4.2925,0.002994,334.06, 445.3029
648043,4.2959,0.003506,285.19, 445.3032
648044,4.2993,0.003477,287.59, 445.3029
648045,4.3032,0.003490,286.56, 445.3032
648046,4.3066,0.003510,284.89, 445.3031
648047,4.3096,0.002943,339.84, 445.3032
648048,4.3130,0.003661,273.16, 445.3032
648049,4.3159,0.002975,336.17, 445.3032
648050,4.3198,0.003757,266.18, 445.3031
648051,4.3232,0.003121,320.38, 445.3026
648052,4.3262,0.003344,299.02, 445.3032
648053,4.3291,0.002951,338.93, 445.3029
648054,4.3330,0.003640,274.70, 445.3029
648055,4.3364,0.003546,282.03, 445.3031
648056,4.3394,0.002955,338.39, 445.3032
648057,4.3428,0.003554,281.37, 445.3032
648058,4.3462,0.002968,336.98, 445.3026
648059,4.3501,0.004002,249.89, 445.3026
648060,4.3530,0.003016,331.58, 445.3032
648061,4.3560,0.003164,316.06, 445.3029
648062,4.3594,0.003329,300.44, 445.3026
648063,4.3628,0.003461,288.93, 445.3031
648064,4.3662,0.003079,324.82, 445.3032
648065,4.3696,0.003584,279.06, 445.3032
648066,4.3730,0.003630,275.49, 445.3031
648067,4.3765,0.003137,318.82, 445.3032
648068,4.3794,0.002961,337.71, 445.3032
648069,4.3828,0.003266,306.23, 445.3026
648070,4.3862,0.003806,262.75, 445.3031
648071,4.3896,0.003052,327.64, 445.3026
648072,4.3926,0.002997,333.67, 445.3032
648073,4.3955,0.003152,317.25, 445.3032
648074,4.3994,0.003804,262.88, 445.3026
648075,4.4023,0.003045,328.43, 445.3032
648076,4.4063,0.003653,273.79, 445.3032
648077,4.4097,0.003482,287.16, 445.3026
648078,4.4126,0.002965,337.33, 445.3032
648079,4.4160,0.003569,280.21, 445.3031
648080,4.4189,0.002941,340.03, 445.3032
648081,4.4229,0.003764,265.70, 445.3031
648082,4.4258,0.003003,333.00, 445.3032
648083,4.4292,0.003493,286.31, 445.3031
648084,4.4321,0.003036,329.44, 445.3032
648085,4.4360,0.003493,286.29, 445.3031
648086,4.4390,0.002923,342.14, 445.3032
648087,4.4424,0.003582,279.19, 445.3032
648088,4.4458,0.003543,282.24, 445.3031
648089,4.4487,0.002974,336.29, 445.3032
648090,4.4526,0.003679,271.85, 445.3031
648091,4.4556,0.002963,337.54, 445.3032
648092,4.4590,0.003411,293.21, 445.3032
648093,4.4619,0.002993,334.10, 445.3032
648094,4.4653,0.003658,273.36, 445.3031
648095,4.4688,0.003005,332.82, 445.3032
648096,4.4722,0.003639,274.82, 445.3031
648097,4.4751,0.002980,335.56, 445.3032
648098,4.4785,0.003514,284.56, 445.3032
648099,4.4824,0.003613,276.82, 445.3031
648100,4.4854,0.002989,334.56, 445.3032
648101,4.4888,0.003429,291.60, 445.3032
648102,4.4917,0.002958,338.09, 445.3032
648103,4.4951,0.003614,276.70, 445.3031
648104,4.4980,0.002932,341.02, 445.3032
648105,4.5020,0.003601,277.69, 445.3032
648106,4.5049,0.003029,330.14, 445.3032
648107,4.5088,0.003822,261.66, 445.3032
648108,4.5122,0.003574,279.78, 445.3026
648109,4.5156,0.003458,289.18, 445.3026
648110,4.5190,0.003268,305.99, 445.3026
648111,4.5225,0.003424,292.05, 445.3026
648112,4.5254,0.003063,326.50, 445.3031
648113,4.5283,0.002991,334.30, 445.3029
648114,4.5313,0.002975,336.11, 445.3032
648115,4.5347,0.003412,293.06, 445.3032
648116,4.5381,0.003201,312.40, 445.3032
648117,4.5410,0.003158,316.68, 445.3032
648118,4.5449,0.003597,277.98, 445.3032
648119,4.5483,0.003573,279.88, 445.3031
648120,4.5513,0.002907,344.03, 445.3032
648121,4.5547,0.003629,275.53, 445.3031
648122,4.5576,0.002904,344.32, 445.3032
648123,4.5620,0.003954,252.92, 445.3026
648124,4.5649,0.003181,314.40, 445.3031
648125,4.5679,0.002940,340.15, 445.3032
648126,4.5708,0.003035,329.49, 445.3029
648127,4.5747,0.003713,269.33, 445.3031
648128,4.5776,0.002985,335.00, 445.3032
648129,4.5811,0.003350,298.53, 445.3032
648130,4.5845,0.003662,273.11, 445.3026
648131,4.5879,0.003193,313.19, 445.3032
648132,4.5913,0.003630,275.52, 445.3031
648133,4.5942,0.002924,342.02, 445.3029
648134,4.5981,0.003709,269.60, 445.3031
648135,4.6011,0.003067,326.04, 445.3032
648136,4.6045,0.003519,284.17, 445.3031
648137,4.6079,0.003007,332.59, 445.3029
648138,4.6113,0.003456,289.33, 445.3029
648139,4.6143,0.002976,336.03, 445.3032
648140,4.6177,0.003558,281.07, 445.3031
648141,4.6206,0.003030,330.05, 445.3032
648142,4.6245,0.003709,269.60, 445.3031
648143,4.6274,0.003059,326.88, 445.3026
648144,4.6309,0.003394,294.61, 445.3032
648145,4.6343,0.003621,276.20, 445.3029
648146,4.6377,0.003025,330.63, 445.3029
648147,4.6411,0.003595,278.16, 445.3031
648148,4.6445,0.003302,302.87, 445.3029
648149,4.6475,0.002919,342.56, 445.3032
648150,4.6504,0.003061,326.70, 445.3032
648151,4.6543,0.003720,268.79, 445.3031
648152,4.6572,0.003010,332.19, 445.3032
648153,4.6606,0.003354,298.20, 445.3026
648154,4.6636,0.003183,314.18, 445.3026
648155,4.6675,0.003644,274.42, 445.3289
648156,4.6704,0.003226,310.03, 445.3032
648157,4.6738,0.003104,322.16, 445.3026
648158,4.6772,0.003615,276.59, 445.3031
648159,4.6802,0.003024,330.69, 445.3032
648160,4.6836,0.003542,282.32, 445.3031
648161,4.6870,0.002990,334.43, 445.3032
648162,4.6904,0.003454,289.56, 445.3031
648163,4.6934,0.002984,335.18, 445.3032
648164,4.6968,0.003723,268.59, 445.3031
648165,4.7002,0.002989,334.59, 445.3032
648166,4.7036,0.003530,283.29, 445.3029
648167,4.7070,0.003545,282.09, 445.3031
648168,4.7100,0.003028,330.27, 445.3026
648169,4.7139,0.003607,277.25, 445.3029
648170,4.7168,0.003129,319.63, 445.3026
648171,4.7207,0.003774,264.98, 445.3031
648172,4.7236,0.003022,330.95, 445.3032
648173,4.7271,0.003456,289.34, 445.3026
648174,4.7300,0.003104,322.22, 445.3032
648175,4.7334,0.003158,316.70, 445.3032
648176,4.7363,0.003231,309.55, 445.3029
648177,4.7402,0.003676,272.04, 445.3026
648178,4.7437,0.003268,306.04, 445.3032
648179,4.7466,0.003070,325.69, 445.3026
648180,4.7505,0.003771,265.17, 445.3029
648181,4.7534,0.003010,332.28, 445.3032
648182,4.7568,0.003259,306.82, 445.3032
648183,4.7598,0.003061,326.66, 445.3032
648184,4.7632,0.003726,268.41, 445.3031
648185,4.7666,0.003010,332.19, 445.3032
648186,4.7700,0.003511,284.79, 445.3032
648187,4.7734,0.003676,272.03, 445.3031
648188,4.7769,0.003037,329.23, 445.3032
648189,4.7798,0.003108,321.80, 445.3029
648190,4.7827,0.003079,324.79, 445.3029
648191,4.7866,0.003784,264.25, 445.3031
648192,4.7896,0.003076,325.06, 445.3026
648193,4.7930,0.003457,289.30, 445.3031
648194,4.7959,0.002966,337.18, 445.3032
648195,4.7998,0.003605,277.43, 445.3031
648196,4.8027,0.003037,329.27, 445.3032
648197,4.8062,0.003472,288.00, 445.3032
648198,4.8096,0.003481,287.24, 445.3031
648199,4.8125,0.002924,341.95, 445.3032
648200,4.8164,0.003730,268.09, 445.3031
648201,4.8203,0.003953,252.96, 445.3026
648202,4.8237,0.003192,313.29, 445.3026
648203,4.8267,0.003152,317.27, 445.3031
648204,4.8301,0.003265,306.29, 445.3031
648205,4.8335,0.003411,293.13, 445.3026
648206,4.8369,0.003524,283.78, 445.3026
648207,4.8403,0.003431,291.49, 445.3026
648208,4.8438,0.003243,308.33, 445.3111
648209,4.8472,0.003755,266.35, 445.3026
648210,4.8506,0.003477,287.63, 445.3031
648211,4.8540,0.003045,328.39, 445.3031
648212,4.8569,0.003061,326.69, 445.3029
648213,4.8604,0.003521,284.00, 445.3031
648214,4.8633,0.003072,325.49, 445.3032
648215,4.8672,0.003588,278.70, 445.3029
648216,4.8706,0.003473,287.96, 445.3031
648217,4.8735,0.002936,340.56, 445.3032
648218,4.8770,0.003611,276.94, 445.3031
648219,4.8799,0.002949,339.06, 445.3032
648220,4.8838,0.003632,275.34, 445.3031
648221,4.8867,0.002983,335.19, 445.3032
648222,4.8901,0.003452,289.70, 445.3031
648223,4.8931,0.003018,331.38, 445.3032
648224,4.8965,0.003619,276.33, 445.3031
648225,4.8999,0.003034,329.55, 445.3032
648226,4.9033,0.003551,281.59, 445.3029
648227,4.9063,0.003009,332.36, 445.3029
648228,4.9097,0.003429,291.66, 445.3031
648229,4.9126,0.002957,338.16, 445.3032
648230,4.9165,0.003666,272.77, 445.3032
648231,4.9199,0.003578,279.50, 445.3031
648232,4.9229,0.002955,338.41, 445.3029
648233,4.9263,0.003508,285.08, 445.3031
648234,4.9297,0.003053,327.56, 445.3051
648235,4.9331,0.003533,283.03, 445.3031
648236,4.9360,0.003018,331.31, 445.3032
648237,4.9395,0.003433,291.27, 445.3029
648238,4.9424,0.002987,334.80, 445.3029
648239,4.9463,0.003629,275.55, 445.3031
648240,4.9492,0.002962,337.59, 445.3032
648241,4.9526,0.003415,292.87, 445.3032
648242,4.9561,0.003783,264.33, 445.3031
648243,4.9590,0.002972,336.52, 445.3032
648244,4.9629,0.003594,278.24, 445.3031
648245,4.9658,0.003120,320.47, 445.3026
648246,4.9692,0.003424,292.08, 445.3031
648247,4.9722,0.002987,334.80, 445.3032
648248,4.9761,0.003533,283.01, 445.3031
648249,4.9790,0.002949,339.06, 445.3032
648250,4.9824,0.003406,293.59, 445.3032
648251,4.9854,0.003078,324.87, 445.3029
648252,4.9888,0.003537,282.71, 445.3032
648253,4.9927,0.003658,273.40, 445.3031
648254,4.9956,0.002964,337.44, 445.3032
648255,4.9990,0.003597,278.02, 445.3031
648256,5.0020,0.002961,337.69, 445.3026
648257,5.0059,0.003681,271.70, 445.3031
648258,5.0088,0.002949,339.06, 445.3029
648259,5.0122,0.003679,271.84, 445.3174
648260,5.0151,0.003081,324.60, 445.3029
648261,5.0190,0.003751,266.62, 445.3029
648262,5.0225,0.003459,289.12, 445.3031
648263,5.0254,0.002933,340.94, 445.3032
648264,5.0293,0.003600,277.75, 445.3031
648265,5.0322,0.002942,339.90, 445.3032
648266,5.0356,0.003713,269.30, 445.3026
648267,5.0386,0.002926,341.76, 445.3032
648268,5.0425,0.003542,282.37, 445.3031
648269,5.0454,0.002966,337.20, 445.3032
648270,5.0488,0.003540,282.51, 445.3031
648271,5.0518,0.003000,333.39, 445.3032
648272,5.0557,0.003684,271.44, 445.3032
648273,5.0591,0.003444,290.38, 445.3031
648274,5.0615,0.002883,346.91, 445.3029
648275,5.0654,0.003738,267.49, 445.3031
648276,5.0684,0.002916,342.99, 445.3032
648277,5.0723,0.003741,267.34, 445.3031
648278,5.0752,0.003135,318.97, 445.3026
648279,5.0786,0.003201,312.40, 445.3032
648280,5.0815,0.002953,338.62, 445.3032
648281,5.0854,0.003856,259.33, 445.3026
648282,5.0884,0.003028,330.29, 445.3026
648283,5.0918,0.003370,296.74, 445.3032
648284,5.0952,0.003577,279.56, 445.3031
648285,5.0981,0.003049,328.00, 445.3029
648286,5.1021,0.003707,269.77, 445.3026
648287,5.1050,0.003083,324.39, 445.3032
648288,5.1084,0.003224,310.14, 445.3031
648289,5.1113,0.003049,327.97, 445.3029
648290,5.1147,0.003535,282.87, 445.3031
648291,5.1182,0.003032,329.84, 445.3029
648292,5.1216,0.003399,294.20, 445.3032
648293,5.1245,0.002984,335.13, 445.3032
648294,5.1279,0.003564,280.58, 445.3032
648295,5.1313,0.003517,284.37, 445.3031
648296,5.1343,0.002879,347.40, 445.3029
648297,5.1377,0.003199,312.61, 445.3029
648298,5.1411,0.003619,276.31, 445.3029
648299,5.1450,0.003824,261.53, 445.3026
648300,5.1484,0.003428,291.70, 445.3080
648301,5.1514,0.003068,325.96, 445.3029
648302,5.1543,0.003022,330.91, 445.3026
648303,5.1577,0.003030,330.00, 445.3032
648304,5.1606,0.003390,295.01, 445.3032
648305,5.1641,0.003280,304.91, 445.3026
648306,5.1670,0.003054,327.45, 445.3032
648307,5.1714,0.004026,248.39, 445.3026
648308,5.1743,0.003004,332.92, 445.3026
648309,5.1772,0.003245,308.19, 445.3032
648310,5.1812,0.003499,285.78, 445.3031
648311,5.1841,0.002938,340.36, 445.3032
648312,5.1875,0.003606,277.29, 445.3032
648313,5.1904,0.003003,332.99, 445.3029
648314,5.1943,0.003884,257.47, 445.3026
648315,5.1978,0.003176,314.86, 445.3026
648316,5.2007,0.002995,333.92, 445.3032
648317,5.2036,0.003129,319.59, 445.3032
648318,5.2075,0.004044,247.26, 445.3026
648319,5.2109,0.003355,298.07, 445.3031
648320,5.2139,0.002962,337.62, 445.3032
648321,5.2178,0.003740,267.35, 445.3031
648322,5.2207,0.003015,331.63, 445.3029
648323,5.2246,0.003564,280.61, 445.3031
648324,5.2275,0.002988,334.73, 445.3029
648325,5.2305,0.003335,299.86, 445.3032
648326,5.2339,0.003228,309.83, 445.3032
648327,5.2378,0.003660,273.19, 445.3026
648328,5.2412,0.003454,289.56, 445.3031
648329,5.2441,0.003023,330.84, 445.3032
648330,5.2476,0.003460,289.03, 445.3031
648331,5.2505,0.002930,341.29, 445.3051
648332,5.2544,0.003964,252.25, 445.3031
648333,5.2573,0.002962,337.62, 445.3042
648334,5.2607,0.003551,281.65, 445.3031
648335,5.2642,0.003002,333.17, 445.3032
648336,5.2676,0.003510,284.93, 445.3032
648337,5.2705,0.003012,331.99, 445.3029
648338,5.2744,0.003810,262.48, 445.3032
648339,5.2773,0.003313,301.87, 445.3031
648340,5.2803,0.002921,342.36, 445.3032
648341,5.2842,0.003775,264.94, 445.3050
648342,5.2871,0.003045,328.46, 445.3032
648343,5.2905,0.003417,292.64, 445.3050
648344,5.2939,0.002987,334.81, 445.3032
648345,5.2974,0.003506,285.23, 445.3031
648346,5.3003,0.002974,336.24, 445.3032
648347,5.3042,0.003805,262.78, 445.3026
648348,5.3071,0.003012,332.05, 445.3032
648349,5.3101,0.003082,324.46, 445.3032
648350,5.3140,0.003711,269.49, 445.3031
648351,5.3169,0.002914,343.15, 445.3032
648352,5.3198,0.003140,318.51, 445.3032
648353,5.3232,0.003599,277.84, 445.3032
648354,5.3267,0.003418,292.56, 445.3032
648355,5.3301,0.002954,338.50, 445.3032
648356,5.3335,0.003787,264.08, 445.3031
648357,5.3369,0.003100,322.58, 445.3029
648358,5.3398,0.003230,309.57, 445.3032
648359,5.3433,0.003054,327.40, 445.3032
648360,5.3467,0.003537,282.70, 445.3032
648361,5.3496,0.003031,329.96, 445.3032
648362,5.3535,0.004000,249.98, 445.3031
648363,5.3564,0.002962,337.56, 445.3032
648364,5.3599,0.003312,301.96, 445.3032
648365,5.3638,0.003796,263.46, 445.3031
648366,5.3667,0.002987,334.76, 445.3032
648367,5.3701,0.003507,285.13, 445.3031
648368,5.3730,0.002971,336.58, 445.3032
648369,5.3765,0.003535,282.85, 445.3031
648370,5.3799,0.003089,323.72, 445.3032
648371,5.3833,0.003716,269.11, 445.3031
648372,5.3867,0.003139,318.53, 445.3140
648373,5.3896,0.003227,309.92, 445.3031
648374,5.3931,0.003147,317.80, 445.3026
648375,5.3965,0.003701,270.17, 445.3032
648376,5.3999,0.003101,322.51, 445.3026
648377,5.4028,0.003136,318.85, 445.3029
648378,5.4067,0.003669,272.55, 445.3031
648379,5.4097,0.003122,320.34, 445.3026
648380,5.4131,0.003249,307.80, 445.3031
648381,5.4160,0.003151,317.39, 445.3026
648382,5.4199,0.003814,262.16, 445.3026
648383,5.4229,0.003111,321.43, 445.3026
648384,5.4263,0.003425,292.00, 445.3026
648385,5.4297,0.003460,288.99, 445.3031
648386,5.4331,0.003154,317.09, 445.3026
648387,5.4365,0.003284,304.51, 445.3031
648388,5.4395,0.003105,322.06, 445.3026
648389,5.4429,0.003559,280.95, 445.3145
648390,5.4463,0.003230,309.62, 445.3032
648391,5.4492,0.003084,324.23, 445.3026
648392,5.4526,0.003199,312.61, 445.3029
648393,5.4561,0.003670,272.52, 445.3026
648394,5.4595,0.003122,320.33, 445.3026
648395,5.4624,0.003157,316.80, 445.3032
648396,5.4663,0.003937,254.02, 445.3029
648397,5.4697,0.003087,323.96, 445.3026
648398,5.4727,0.003094,323.20, 445.3029
648399,5.4756,0.003150,317.45, 445.3029
648400,5.4790,0.003394,294.66, 445.3031
648401,5.4824,0.003214,311.16, 445.3026
648402,5.4858,0.003478,287.55, 445.3031
648403,5.4888,0.003022,330.92, 445.3032
648404,5.4922,0.003219,310.62, 445.3032
648405,5.4956,0.003326,300.68, 445.3032
648406,5.4990,0.003465,288.63, 445.3029
648407,5.5024,0.003608,277.16, 445.3031
648408,5.5054,0.003082,324.42, 445.3029
648409,5.5088,0.003376,296.23, 445.3031
648410,5.5117,0.002955,338.36, 445.3032
648411,5.5156,0.003778,264.69, 445.3031
648412,5.5186,0.003122,320.28, 445.3032
648413,5.5220,0.003084,324.30, 445.3032
648414,5.5249,0.003059,326.88, 445.3032
648415,5.5288,0.003743,267.17, 445.3031
648416,5.5317,0.003027,330.36, 445.3032
648417,5.5352,0.003454,289.51, 445.3031
648418,5.5381,0.002977,335.94, 445.3032
648419,5.5420,0.004085,244.83, 445.3026
648420,5.5454,0.003060,326.82, 445.3031
648421,5.5483,0.002959,337.96, 445.3032
648422,5.5518,0.003583,279.06, 445.3032
648423,5.5552,0.003345,298.98, 445.3165
648424,5.5586,0.003225,310.04, 445.3032
648425,5.5615,0.003242,308.48, 445.3029
648426,5.5649,0.003537,282.73, 445.3031
648427,5.5684,0.002996,333.74, 445.3032
648428,5.5718,0.003596,278.06, 445.3029
648429,5.5747,0.002944,339.67, 445.3032
648430,5.5781,0.003522,283.96, 445.3032
648431,5.5811,0.002945,339.59, 445.3032
648432,5.5850,0.003662,273.10, 445.3032
648433,5.5884,0.003506,285.27, 445.3031
648434,5.5913,0.002940,340.19, 445.3029
648435,5.5952,0.004137,241.73, 445.3026
648436,5.5986,0.003199,312.64, 445.3029
648437,5.6016,0.002947,339.31, 445.3031
648438,5.6045,0.003025,330.55, 445.3029
648439,5.6079,0.003435,291.15, 445.3031
648440,5.6113,0.003073,325.43, 445.3029
648441,5.6147,0.003673,272.25, 445.3029
648442,5.6177,0.003006,332.70, 445.3026
648443,5.6211,0.003502,285.55, 445.3032
648444,5.6245,0.003418,292.59, 445.3031
648445,5.6274,0.002958,338.10, 445.3026
648446,5.6313,0.003641,274.66, 445.3031
648447,5.6343,0.003036,329.44, 445.3026
648448,5.6377,0.003523,283.87, 445.3031
648449,5.6406,0.003020,331.17, 445.3032
648450,5.6445,0.003635,275.10, 445.3031
648451,5.6475,0.003056,327.26, 445.3029
648452,5.6509,0.003122,320.32, 445.3032
648453,5.6543,0.003737,267.60, 445.3032
648454,5.6577,0.003448,290.04, 445.3032
648455,5.6616,0.003602,277.63, 445.3031
648456,5.6646,0.003057,327.10, 445.3032
648457,5.6680,0.003209,311.63, 445.3032
648458,5.6709,0.003142,318.29, 445.3026
648459,5.6743,0.003660,273.26, 445.3031
648460,5.6777,0.003060,326.78, 445.3032
648461,5.6812,0.003441,290.61, 445.3026
648462,5.6841,0.003036,329.42, 445.3032
648463,5.6875,0.003503,285.45, 445.3032
648464,5.6909,0.003476,287.71, 445.3031
648465,5.6938,0.002903,344.50, 445.3029
648466,5.6978,0.003651,273.91, 445.3026
648467,5.7007,0.003095,323.15, 445.3029
648468,5.7046,0.003661,273.13, 445.3029
648469,5.7075,0.003201,312.40, 445.3026
648470,5.7109,0.003173,315.18, 445.3029
648471,5.7139,0.003111,321.49, 445.3032
648472,5.7173,0.003394,294.65, 445.3031
648473,5.7202,0.003025,330.53, 445.3032
648474,5.7241,0.003718,268.96, 445.3026
648475,5.7271,0.003282,304.66, 445.3029
648476,5.7305,0.003023,330.82, 445.3026
648477,5.7339,0.003709,269.64, 445.3031
648478,5.7368,0.002948,339.19, 445.3029
648479,5.7402,0.003533,283.05, 445.3031
648480,5.7437,0.002955,338.39, 445.3032
648481,5.7471,0.003647,274.17, 445.3031
648482,5.7500,0.002977,335.91, 445.3029
648483,5.7534,0.003541,282.38, 445.3031
648484,5.7563,0.002979,335.71, 445.3032
648485,5.7603,0.003482,287.23, 445.3029
648486,5.7632,0.002987,334.84, 445.3032
648487,5.7666,0.003633,275.25, 445.3031
648488,5.7695,0.002988,334.63, 445.3029
648489,5.7734,0.003576,279.67, 445.3032
648490,5.7769,0.003508,285.05, 445.3029
648491,5.7798,0.002961,337.69, 445.3032
648492,5.7832,0.003487,286.78, 445.3032
648493,5.7861,0.002974,336.30, 445.3029
648494,5.7900,0.003794,263.61, 445.3031
648495,5.7930,0.003007,332.61, 445.3032
648496,5.7964,0.003347,298.78, 445.3032
648497,5.7993,0.002987,334.75, 445.3032
648498,5.8032,0.003728,268.25, 445.3031
648499,5.8062,0.002987,334.83, 445.3032
648500,5.8096,0.003559,280.99, 445.3032
648501,5.8130,0.003485,286.94, 445.3029
648502,5.8164,0.003157,316.76, 445.3026
648503,5.8198,0.003782,264.38, 445.3029
648504,5.8232,0.003185,314.01, 445.3026
648505,5.8262,0.003207,311.80, 445.3026
648506,5.8296,0.003236,309.00, 445.3029
648507,5.8330,0.003626,275.78, 445.3026
648508,5.8369,0.003526,283.64, 445.3026
648509,5.8403,0.003796,263.42, 445.3026
648510,5.8438,0.003388,295.13, 445.3026
648511,5.8472,0.003265,306.25, 445.3029
648512,5.8501,0.003046,328.31, 445.3026
648513,5.8535,0.003187,313.76, 445.3032
648514,5.8574,0.003781,264.49, 445.3026
648515,5.8604,0.003021,331.03, 445.3032
648516,5.8638,0.003411,293.16, 445.3032
648517,5.8672,0.003537,282.74, 445.3031
648518,5.8701,0.002915,343.02, 445.3032
648519,5.8735,0.003489,286.65, 445.3032
648520,5.8765,0.002955,338.43, 445.3032
648521,5.8804,0.003951,253.10, 445.3031
648522,5.8833,0.003009,332.29, 445.3029
648523,5.8867,0.003338,299.63, 445.3031
648524,5.8901,0.003062,326.58, 445.3029
648525,5.8936,0.003631,275.44, 445.3029
648526,5.8970,0.003209,311.65, 445.3029
648527,5.8999,0.003013,331.92, 445.3029
648528,5.9038,0.003878,257.84, 445.3031
648529,5.9067,0.002927,341.61, 445.3029
648530,5.9102,0.003494,286.20, 445.3031
648531,5.9131,0.002979,335.66, 445.3032
648532,5.9165,0.003493,286.25, 445.3031
648533,5.9194,0.002950,338.96, 445.3032
648534,5.9233,0.003680,271.73, 445.3031
648535,5.9263,0.002974,336.28, 445.3032
648536,5.9297,0.003509,285.00, 445.3032
648537,5.9326,0.002987,334.77, 445.3032
648538,5.9365,0.003793,263.68, 445.3032
648539,5.9399,0.003284,304.53, 445.3032
648540,5.9429,0.002999,333.44, 445.3029
648541,5.9463,0.003549,281.79, 445.3032
648542,5.9492,0.002950,338.96, 445.3032
648543,5.9531,0.003809,262.53, 445.3031
648544,5.9561,0.002952,338.81, 445.3032
648545,5.9595,0.003380,295.84, 445.3032
648546,5.9624,0.002978,335.84, 445.3029
648547,5.9663,0.003829,261.20, 445.3031
648548,5.9692,0.003009,332.29, 445.3032
648549,5.9722,0.003159,316.58, 445.3091
648550,5.9756,0.003297,303.34, 445.3029
648551,5.9790,0.003563,280.68, 445.3026
648552,5.9824,0.003096,323.02, 445.3029
648553,5.9854,0.003262,306.59, 445.3032
648554,5.9893,0.003666,272.80, 445.3029
648555,5.9922,0.003177,314.76, 445.3032
648556,5.9961,0.003633,275.29, 445.3029
648557,5.9990,0.002953,338.67, 445.3029
648558,6.0024,0.003564,280.61, 445.3032
648559,6.0059,0.003219,310.67, 445.3026
648560,6.0093,0.003594,278.25, 445.3026
648561,6.0127,0.003136,318.86, 445.3029
648562,6.0161,0.003578,279.46, 445.3032
648563,6.0195,0.003407,293.56, 445.3032
648564,6.0225,0.003097,322.87, 445.3032
648565,6.0264,0.003618,276.40, 445.3031
648566,6.0293,0.002963,337.55, 445.3032
648567,6.0327,0.003585,278.94, 445.3031
648568,6.0361,0.003143,318.20, 445.3032
648569,6.0396,0.003499,285.83, 445.3031
648570,6.0425,0.003032,329.87, 445.3026
648571,6.0459,0.003675,272.12, 445.3031
648572,6.0488,0.002959,338.01, 445.3032
648573,6.0527,0.003613,276.79, 445.3032
648574,6.0562,0.003364,297.30, 445.3029
648575,6.0591,0.002941,340.06, 445.3032
648576,6.0625,0.003661,273.14, 445.3031
648577,6.0654,0.002990,334.50, 445.3032
648578,6.0693,0.003646,274.24, 445.3031
648579,6.0723,0.003141,318.42, 445.3032
648580,6.0757,0.003250,307.69, 445.3032
648581,6.0791,0.003335,299.81, 445.3032
648582,6.0825,0.003635,275.09, 445.3029
648583,6.0859,0.003106,321.97, 445.3032
648584,6.0889,0.003350,298.51, 445.3029
648585,6.0928,0.003598,277.97, 445.3031
648586,6.0957,0.003005,332.83, 445.3032
648587,6.0991,0.003637,274.96, 445.3031
648588,6.1025,0.002998,333.60, 445.3032
648589,6.1064,0.003909,255.82, 445.3029
648590,6.1094,0.002997,333.71, 445.3032
648591,6.1123,0.003310,302.15, 445.3032
648592,6.1162,0.003708,269.67, 445.3031
648593,6.1191,0.002895,345.38, 445.3029
648594,6.1221,0.003002,333.16, 445.3029
648595,6.1260,0.003854,259.46, 445.3032
648596,6.1294,0.003232,309.40, 445.3026
648597,6.1323,0.003076,325.06, 445.3032
648598,6.1362,0.003745,266.99, 445.3031
648599,6.1392,0.003016,331.58, 445.3032
648600,6.1426,0.003352,298.31, 445.3026
648601,6.1455,0.003132,319.31, 445.3029
648602,6.1489,0.003452,289.66, 445.3029
648603,6.1519,0.003070,325.75, 445.3029
648604,6.1558,0.003629,275.58, 445.3031
648605,6.1587,0.002979,335.67, 445.3032
648606,6.1621,0.003374,296.42, 445.3032
648607,6.1655,0.003537,282.74, 445.3031
648608,6.1685,0.002946,339.50, 445.3032
648609,6.1724,0.003727,268.34, 445.3031
648610,6.1753,0.003060,326.77, 445.3026
648611,6.1787,0.003195,313.03, 445.3032
648612,6.1816,0.003122,320.27, 445.3032
648613,6.1851,0.003654,273.67, 445.3029
648614,6.1885,0.003040,328.99, 445.3032
648615,6.1919,0.003542,282.29, 445.3031
648616,6.1948,0.002999,333.48, 445.3032
648617,6.1982,0.003516,284.42, 445.3032
648618,6.2021,0.003671,272.44, 445.3031
648619,6.2051,0.003152,317.30, 445.3029
648620,6.2085,0.003124,320.09, 445.3032
648621,6.2114,0.003032,329.86, 445.3032
648622,6.2148,0.003680,271.75, 445.3031
648623,6.2183,0.002981,335.51, 445.3032
648624,6.2222,0.003913,255.57, 445.3029
648625,6.2251,0.003071,325.64, 445.3029
648626,6.2285,0.003357,297.87, 445.3026
648627,6.2319,0.003618,276.43, 445.3031
648628,6.2349,0.003031,329.98, 445.3032
648629,6.2383,0.003348,298.66, 445.3031
648630,6.2412,0.002991,334.39, 445.3032
648631,6.2451,0.003689,271.11, 445.3031
648632,6.2480,0.003085,324.20, 445.3029
648633,6.2515,0.003371,296.61, 445.3031
648634,6.2544,0.003004,332.91, 445.3032
648635,6.2583,0.003585,278.96, 445.3031
648636,6.2612,0.002996,333.73, 445.3032
648637,6.2646,0.003608,277.16, 445.3032
648638,6.2686,0.003664,272.90, 445.3026
648639,6.2715,0.003072,325.53, 445.3026
648640,6.2749,0.003293,303.67, 445.3031
648641,6.2778,0.002962,337.67, 445.3029
648642,6.2813,0.003597,278.03, 445.3029
648643,6.2842,0.003038,329.14, 445.3032
648644,6.2876,0.003459,289.09, 445.3031
648645,6.2910,0.003050,327.92, 445.3032
648646,6.2944,0.003428,291.75, 445.3032
648647,6.2974,0.002955,338.40, 445.3032
648648,6.3008,0.003765,265.62, 445.3032
648649,6.3047,0.003563,280.68, 445.3026
648650,6.3076,0.003040,328.95, 445.3032
648651,6.3105,0.003084,324.23, 445.3032
648652,6.3145,0.003566,280.46, 445.3032
648653,6.3179,0.003639,274.82, 445.3031
648654,6.3208,0.002973,336.38, 445.3032
648655,6.3242,0.003449,289.91, 445.3032
648656,6.3271,0.002941,339.97, 445.3032
648657,6.3311,0.003639,274.79, 445.3031
648658,6.3340,0.003027,330.32, 445.3032
648659,6.3374,0.003547,281.90, 445.3031
648660,6.3403,0.002966,337.19, 445.3029
648661,6.3438,0.003543,282.26, 445.3032
648662,6.3467,0.002965,337.27, 445.3032
648663,6.3506,0.003597,278.02, 445.3032
648664,6.3540,0.003560,280.87, 445.3031
648665,6.3569,0.002967,337.09, 445.3032
648666,6.3608,0.003565,280.51, 445.3031
648667,6.3638,0.002990,334.43, 445.3032
648668,6.3672,0.003493,286.29, 445.3032
648669,6.3701,0.002963,337.48, 445.3032
648670,6.3735,0.003699,270.35, 445.3026
648671,6.3770,0.003113,321.27, 445.3032
648672,6.3804,0.003426,291.92, 445.3031
648673,6.3833,0.003024,330.73, 445.3032
648674,6.3867,0.003541,282.40, 445.3029
648675,6.3906,0.003894,256.83, 445.3026
648676,6.3940,0.003219,310.70, 445.3031
648677,6.3970,0.002959,338.01, 445.3031
648678,6.3999,0.003040,328.94, 445.3026
648679,6.4033,0.003441,290.64, 445.3032
648680,6.4063,0.003021,331.01, 445.3032
648681,6.4102,0.003658,273.41, 445.3029
648682,6.4131,0.003013,331.91, 445.3029
648683,6.4170,0.003881,257.66, 445.3026
648684,6.4199,0.003075,325.20, 445.3032
648685,6.4238,0.003546,282.05, 445.3029
648686,6.4268,0.003333,300.01, 445.3031
648687,6.4297,0.002963,337.52, 445.3032
648688,6.4336,0.003627,275.68, 445.3026
648689,6.4365,0.003015,331.63, 445.3032
648690,6.4399,0.003575,279.74, 445.3031
648691,6.4429,0.002999,333.41, 445.3032
648692,6.4468,0.003561,280.81, 445.3029
648693,6.4497,0.003125,319.99, 445.3032
648694,6.4531,0.003498,285.88, 445.3026
648695,6.4570,0.003496,286.02, 445.3031
648696,6.4600,0.003018,331.35, 445.3032
648697,6.4634,0.003410,293.26, 445.3031
648698,6.4663,0.002952,338.73, 445.3032
648699,6.4702,0.004020,248.76, 445.3026
648700,6.4736,0.003207,311.82, 445.3031
648701,6.4761,0.002906,344.14, 445.3032
648702,6.4795,0.002975,336.10, 445.3026
648703,6.4829,0.003609,277.07, 445.3031
648704,6.4858,0.003051,327.74, 445.3032
648705,6.4893,0.003497,285.97, 445.3029
648706,6.4932,0.003494,286.19, 445.3031
648707,6.4956,0.002899,345.01, 445.3032
648708,6.4995,0.003575,279.75, 445.3032
648709,6.5024,0.002968,336.90, 445.3032
648710,6.5059,0.003644,274.42, 445.3032
648711,6.5088,0.002949,339.08, 445.3032
648712,6.5127,0.003686,271.31, 445.3031
648713,6.5156,0.003016,331.53, 445.3032
648714,6.5190,0.003531,283.17, 445.3031
648715,6.5220,0.002982,335.39, 445.3032
648716,6.5259,0.003585,278.98, 445.3031
648717,6.5288,0.002981,335.48, 445.3032
648718,6.5322,0.003546,282.02, 445.3031
648719,6.5352,0.003012,332.02, 445.3032
648720,6.5391,0.003535,282.87, 445.3032
648721,6.5425,0.003538,282.65, 445.3031
648722,6.5454,0.002963,337.45, 445.3032
648723,6.5488,0.003575,279.72, 445.3031
648724,6.5518,0.003013,331.91, 445.3029
648725,6.5557,0.003574,279.77, 445.3031
648726,6.5586,0.002967,337.03, 445.3029
648727,6.5620,0.003665,272.83, 445.3031
648728,6.5649,0.003033,329.70, 445.3029
648729,6.5684,0.003388,295.16, 445.3032
648730,6.5718,0.002988,334.63, 445.3032
648731,6.5752,0.003688,271.19, 445.3029
648732,6.5786,0.003382,295.68, 445.3032
648733,6.5815,0.002955,338.40, 445.3029
648734,6.5854,0.003722,268.69, 445.3029
648735,6.5884,0.003058,327.04, 445.3032
648736,6.5918,0.003381,295.81, 445.3032
648737,6.5947,0.002957,338.13, 445.3032
648738,6.5981,0.003595,278.19, 445.3032
648739,6.6011,0.003017,331.42, 445.3032
648740,6.6050,0.003465,288.57, 445.3029
648741,6.6079,0.003068,325.99, 445.3029
648742,6.6113,0.003482,287.22, 445.3032
648743,6.6152,0.003733,267.87, 445.3031
648744,6.6182,0.002922,342.29, 445.3029
648745,6.6216,0.003470,288.15, 445.3032
648746,6.6245,0.002998,333.59, 445.3032
648747,6.6284,0.003907,255.98, 445.3029
648748,6.6313,0.003057,327.17, 445.3026
648749,6.6353,0.003621,276.19, 445.3026
648750,6.6382,0.003139,318.55, 445.3032
648751,6.6416,0.003333,300.05, 445.3026
648752,6.6450,0.003559,280.97, 445.3031
648753,6.6479,0.002921,342.36, 445.3029
648754,6.6519,0.003644,274.46, 445.3026
648755,6.6548,0.003064,326.39, 445.3026
648756,6.6587,0.003900,256.42, 445.3026
648757,6.6616,0.003255,307.27, 445.3031
648758,6.6646,0.002938,340.37, 445.3031
648759,6.6680,0.003035,329.49, 445.3032
648760,6.6714,0.003781,264.48, 445.3031
648761,6.6748,0.003028,330.22, 445.3032
648762,6.6782,0.003408,293.39, 445.3032
648763,6.6816,0.003857,259.25, 445.3026
648764,6.6851,0.003399,294.18, 445.3026
648765,6.6885,0.003029,330.17, 445.3029
648766,6.6914,0.003052,327.61, 445.3032
648767,6.6948,0.003495,286.10, 445.3031
648768,6.6978,0.002969,336.87, 445.3032
648769,6.7012,0.003463,288.78, 445.3032
648770,6.7041,0.003031,329.90, 445.3032
648771,6.7085,0.004234,236.19, 445.3026
648772,6.7114,0.003018,331.37, 445.3031
648773,6.7144,0.002921,342.41, 445.3032
648774,6.7183,0.003608,277.18, 445.3031
648775,6.7212,0.002940,340.10, 445.3032
648776,6.7246,0.003740,267.42, 445.3029
648777,6.7275,0.003002,333.08, 445.3032
648778,6.7310,0.003371,296.64, 445.3031
648779,6.7344,0.002986,334.90, 445.3032
648780,6.7383,0.004031,248.06, 445.3029
648781,6.7417,0.003305,302.61, 445.3026
648782,6.7446,0.003010,332.28, 445.3029
648783,6.7476,0.003056,327.20, 445.3032
648784,6.7510,0.003618,276.37, 445.3031
648785,6.7544,0.003013,331.91, 445.3032
648786,6.7578,0.003569,280.22, 445.3029
648787,6.7612,0.003489,286.65, 445.3031
648788,6.7642,0.002967,337.02, 445.3029
648789,6.7676,0.003489,286.58, 445.3032
648790,6.7710,0.003155,316.94, 445.3026
648791,6.7744,0.003692,270.86, 445.3031
648792,6.7778,0.003068,325.90, 445.3026
648793,6.7813,0.003428,291.68, 445.3031
648794,6.7842,0.003104,322.16, 445.3032
648795,6.7876,0.003524,283.78, 445.3031
648796,6.7905,0.002967,337.07, 445.3032
648797,6.7939,0.003370,296.70, 445.3032
648798,6.7974,0.003586,278.85, 445.3031
648799,6.8008,0.002964,337.38, 445.3032
648800,6.8042,0.003656,273.54, 445.3029
648801,6.8071,0.002941,340.06, 445.3032
648802,6.8110,0.003669,272.58, 445.3031
648803,6.8140,0.003003,333.03, 445.3032
648804,6.8174,0.003611,276.96, 445.3026
648805,6.8208,0.003519,284.16, 445.3032
648806,6.8247,0.003659,273.33, 445.3026
648807,6.8281,0.003403,293.83, 445.3029
648808,6.8315,0.003459,289.08, 445.3026
648809,6.8350,0.003597,278.00, 445.3026
648810,6.8389,0.003619,276.34, 445.3026
648811,6.8423,0.003394,294.66, 445.3026
648812,6.8452,0.003318,301.40, 445.3026
648813,6.8486,0.003236,308.99, 445.3026
648814,6.8521,0.003519,284.15, 445.3032
648815,6.8555,0.003260,306.73, 445.3032
648816,6.8589,0.003580,279.31, 445.3031
648817,6.8618,0.003014,331.74, 445.3026
648818,6.8652,0.003342,299.21, 445.3032
648819,6.8687,0.003485,286.91, 445.3032
648820,6.8721,0.003396,294.49, 445.3026
648821,6.8760,0.003537,282.70, 445.3031
648822,6.8789,0.002951,338.91, 445.3029
648823,6.8823,0.003589,278.67, 445.3055
648824,6.8853,0.003011,332.13, 445.3029
648825,6.8892,0.003806,262.78, 445.3032
648826,6.8921,0.003018,331.39, 445.3032
648827,6.8955,0.003534,282.94, 445.3032
648828,6.8989,0.003032,329.85, 445.3032
648829,6.9023,0.003670,272.52, 445.3029
648830,6.9053,0.003026,330.45, 445.3032
648831,6.9087,0.003483,287.14, 445.3032
648832,6.9126,0.003567,280.38, 445.3031
648833,6.9155,0.002942,339.89, 445.3032
648834,6.9189,0.003690,271.01, 445.3031
648835,6.9219,0.002996,333.73, 445.3029
648836,6.9258,0.003495,286.12, 445.3031
648837,6.9287,0.002971,336.60, 445.3032
648838,6.9321,0.003591,278.45, 445.3031
648839,6.9351,0.002968,336.96, 445.3032
648840,6.9390,0.003666,272.75, 445.3031
648841,6.9419,0.003031,329.94, 445.3032
648842,6.9453,0.003629,275.57, 445.3032
648843,6.9487,0.003385,295.43, 445.3032
648844,6.9517,0.002962,337.61, 445.3032
648845,6.9556,0.003832,260.96, 445.3026
648846,6.9585,0.003074,325.28, 445.3029
648847,6.9624,0.003556,281.23, 445.3029
648848,6.9653,0.003081,324.61, 445.3032
648849,6.9683,0.003124,320.14, 445.3029
648850,6.9717,0.003301,302.91, 445.3032
648851,6.9756,0.003724,268.56, 445.3031
648852,6.9785,0.003020,331.11, 445.3032
648853,6.9819,0.003403,293.90, 445.3026
648854,6.9854,0.003685,271.39, 445.3031
648855,6.9883,0.002938,340.41, 445.3032
648856,6.9917,0.003372,296.53, 445.3031
648857,6.9946,0.002984,335.15, 445.3029
648858,6.9985,0.003680,271.76, 445.3029
648859,7.0015,0.003020,331.14, 445.3029
648860,7.0054,0.003566,280.40, 445.3031
648861,7.0083,0.003054,327.46, 445.3032
648862,7.0117,0.003542,282.33, 445.3031
648863,7.0146,0.002997,333.71, 445.3032
648864,7.0181,0.003481,287.27, 445.3032
648865,7.0215,0.003450,289.87, 445.3031
648866,7.0244,0.002999,333.42, 445.3026
648867,7.0283,0.003664,272.90, 445.3031
648868,7.0313,0.003048,328.13, 445.3029
648869,7.0347,0.003361,297.57, 445.3026
648870,7.0376,0.003044,328.48, 445.3026
648871,7.0415,0.003554,281.37, 445.3031
648872,7.0444,0.002964,337.44, 445.3032
648873,7.0479,0.003566,280.43, 445.3031
648874,7.0508,0.003078,324.91, 445.3026
648875,7.0547,0.003660,273.22, 445.3032
648876,7.0581,0.003300,303.05, 445.3031
648877,7.0605,0.002893,345.70, 445.3032
648878,7.0645,0.003647,274.21, 445.3031
648879,7.0674,0.002962,337.58, 445.3029
648880,7.0713,0.003701,270.22, 445.3031
648881,7.0742,0.003226,309.98, 445.3026
648882,7.0771,0.003049,327.99, 445.3032
648883,7.0806,0.003135,318.96, 445.3032
648884,7.0840,0.003588,278.69, 445.3031
648885,7.0869,0.002999,333.40, 445.3032
648886,7.0908,0.003701,270.20, 445.3031
648887,7.0938,0.002960,337.89, 445.3032
648888,7.0972,0.003513,284.62, 445.3031
648889,7.1001,0.002997,333.62, 445.3032
648890,7.1035,0.003396,294.51, 445.3032
648891,7.1074,0.003878,257.87, 445.3029
648892,7.1108,0.003078,324.88, 445.3032
648893,7.1138,0.002995,333.86, 445.3032
648894,7.1167,0.003273,305.53, 445.3032
648895,7.1206,0.003562,280.72, 445.3031
648896,7.1235,0.003005,332.76, 445.3032
648897,7.1270,0.003459,289.13, 445.3032
648898,7.1299,0.003000,333.29, 445.3032
648899,7.1338,0.003689,271.08, 445.3029
648900,7.1367,0.003035,329.45, 445.3032
648901,7.1401,0.003463,288.81, 445.3031
648902,7.1431,0.003003,332.98, 445.3032
648903,7.1465,0.003574,279.81, 445.3032
648904,7.1499,0.003339,299.49, 445.3032
648905,7.1528,0.003006,332.66, 445.3032
648906,7.1567,0.003731,268.04, 445.3031
648907,7.1597,0.003126,319.93, 445.3032
648908,7.1631,0.003440,290.73, 445.3031
648909,7.1665,0.003156,316.91, 445.3026
648910,7.1699,0.003595,278.13, 445.3026
648911,7.1733,0.003114,321.09, 445.3026
648912,7.1763,0.003293,303.68, 445.3032
648913,7.1797,0.003245,308.21, 445.3029
648914,7.1826,0.003123,320.26, 445.3032
648915,7.1870,0.003990,250.65, 445.3026
648916,7.1899,0.003347,298.75, 445.3029
648917,7.1934,0.003003,333.04, 445.3031
648918,7.1963,0.003017,331.42, 445.3029
648919,7.1992,0.003245,308.19, 445.3031
648920,7.2026,0.002991,334.34, 445.3032
648921,7.2061,0.003580,279.34, 445.3032
648922,7.2090,0.002962,337.64, 445.3029
648923,7.2129,0.004150,240.94, 445.3050
648924,7.2163,0.003044,328.49, 445.3031
648925,7.2192,0.002946,339.40, 445.3032
648926,7.2227,0.003616,276.59, 445.3029
648927,7.2256,0.002942,339.89, 445.3032
648928,7.2290,0.003521,283.98, 445.3029
648929,7.2324,0.003012,331.96, 445.3026
648930,7.2358,0.003542,282.33, 445.3032
648931,7.2388,0.002928,341.58, 445.3032
648932,7.2422,0.003744,267.13, 445.3031
648933,7.2456,0.003132,319.32, 445.3032
648934,7.2485,0.003215,311.03, 445.3026
648935,7.2524,0.003818,261.89, 445.3032
648936,7.2559,0.003035,329.49, 445.3032
648937,7.2593,0.003762,265.85, 445.3031
648938,7.2622,0.002959,338.00, 445.3029
648939,7.2661,0.003647,274.22, 445.3031
648940,7.2690,0.002951,338.88, 445.3032
648941,7.2725,0.003460,289.00, 445.3031
648942,7.2754,0.002994,334.00, 445.3029
648943,7.2788,0.003597,278.02, 445.3031
648944,7.2817,0.002978,335.76, 445.3032
648945,7.2856,0.003563,280.67, 445.3031
648946,7.2886,0.003030,329.99, 445.3029
648947,7.2925,0.003691,270.94, 445.3031
648948,7.2954,0.003111,321.44, 445.3026
648949,7.2988,0.003347,298.78, 445.3032
648950,7.3022,0.003407,293.55, 445.3031
648951,7.3052,0.002999,333.47, 445.3032
648952,7.3086,0.003550,281.69, 445.3031
648953,7.3115,0.003014,331.76, 445.3029
648954,7.3149,0.003501,285.64, 445.3031
648955,7.3184,0.002984,335.10, 445.3032
648956,7.3218,0.003640,274.71, 445.3031
648957,7.3247,0.003013,331.94, 445.3032
648958,7.3281,0.003422,292.19, 445.3032
648959,7.3311,0.002948,339.26, 445.3032
648960,7.3350,0.003711,269.47, 445.3029
648961,7.3384,0.003539,282.57, 445.3031
648962,7.3413,0.002957,338.15, 445.3032
648963,7.3452,0.003806,262.76, 445.3031
648964,7.3481,0.002989,334.54, 445.3032
648965,7.3516,0.003193,313.22, 445.3032
648966,7.3545,0.003066,326.19, 445.3029
648967,7.3584,0.003828,261.21, 445.3031
648968,7.3613,0.003009,332.37, 445.3029
648969,7.3647,0.003525,283.66, 445.3032
648970,7.3682,0.003543,282.29, 445.3031
648971,7.3711,0.002935,340.70, 445.3032
648972,7.3750,0.003532,283.16, 445.3032
648973,7.3779,0.002936,340.65, 445.3029
648974,7.3813,0.003636,275.06, 445.3033
648975,7.3843,0.002976,336.04, 445.3032
648976,7.3882,0.003640,274.71, 445.3031
648977,7.3911,0.002971,336.54, 445.3029
648978,7.3945,0.003520,284.11, 445.3032
648979,7.3975,0.002988,334.66, 445.3032
648980,7.4009,0.003581,279.24, 445.3032
648981,7.4048,0.003633,275.25, 445.3031
648982,7.4077,0.002898,345.09, 445.3032
648983,7.4111,0.003555,281.32, 445.3031
648984,7.4141,0.002954,338.57, 445.3029
648985,7.4175,0.003559,280.99, 445.3032
648986,7.4204,0.002977,335.92, 445.3029
648987,7.4243,0.003680,271.72, 445.3031
648988,7.4272,0.002952,338.80, 445.3032
648989,7.4307,0.003536,282.84, 445.3032
648990,7.4336,0.002993,334.16, 445.3032
648991,7.4375,0.003641,274.62, 445.3032
648992,7.4409,0.003515,284.48, 445.3031
648993,7.4438,0.002895,345.45, 445.3032
648994,7.4473,0.003636,275.04, 445.3031
648995,7.4502,0.002928,341.59, 445.3032
648996,7.4541,0.003629,275.57, 445.3031
648997,7.4570,0.002967,337.00, 445.3032
648998,7.4604,0.003567,280.32, 445.3031
648999,7.4639,0.003064,326.35, 445.3029
649000,7.4673,0.003399,294.19, 445.3032
649001,7.4702,0.003022,330.94, 445.3032
649002,7.4736,0.003665,272.87, 445.3026
649003,7.4771,0.003560,280.87, 445.3031
649004,7.4805,0.003035,329.51, 445.3032
649005,7.4839,0.003534,282.97, 445.3031
649006,7.4868,0.002978,335.76, 445.3032
649007,7.4902,0.003494,286.17, 445.3031
649008,7.4932,0.002958,338.09, 445.3032
649009,7.4971,0.003570,280.14, 445.3031
649010,7.5000,0.003006,332.71, 445.3032
649011,7.5044,0.004522,221.16, 445.3026
649012,7.5078,0.003208,311.75, 445.3029
649013,7.5107,0.002976,336.04, 445.3031
649014,7.5137,0.003013,331.93, 445.3026
649015,7.5171,0.003310,302.12, 445.3031
649016,7.5200,0.003001,333.27, 445.3032
649017,7.5234,0.003533,283.04, 445.3032
649018,7.5269,0.003432,291.40, 445.3032
649019,7.5298,0.002911,343.48, 445.3029
649020,7.5332,0.003646,274.24, 445.3032
649021,7.5366,0.003057,327.10, 445.3032
649022,7.5400,0.003709,269.65, 445.3031
649023,7.5430,0.003008,332.48, 445.3032
649024,7.5464,0.003413,292.97, 445.3029
649025,7.5493,0.002955,338.46, 445.3032
649026,7.5532,0.003569,280.16, 445.3031
649027,7.5562,0.002984,335.09, 445.3032
649028,7.5596,0.003651,273.90, 445.3032
649029,7.5635,0.003474,287.82, 445.3031
649030,7.5664,0.002931,341.18, 445.3032
649031,7.5698,0.003671,272.44, 445.3031
649032,7.5728,0.002987,334.77, 445.3032
649033,7.5762,0.003478,287.51, 445.3029
649034,7.5791,0.002918,342.67, 445.3032
649035,7.5835,0.004185,238.95, 445.3026
649036,7.5864,0.003129,319.60, 445.3031
649037,7.5894,0.002974,336.28, 445.3032
649038,7.5933,0.003524,283.74, 445.3031
649039,7.5957,0.002906,344.16, 445.3032
649040,7.5996,0.003544,282.15, 445.3032
649041,7.6025,0.002984,335.17, 445.3026
649042,7.6064,0.003738,267.49, 445.3031
649043,7.6094,0.002958,338.08, 445.3032
649044,7.6128,0.003477,287.59, 445.3032
649045,7.6157,0.002969,336.78, 445.3032
649046,7.6191,0.003554,281.36, 445.3032
649047,7.6221,0.003012,332.02, 445.3032
649048,7.6260,0.003688,271.13, 445.3029
649049,7.6294,0.003475,287.78, 445.3031
649050,7.6323,0.003193,313.17, 445.3026
649051,7.6362,0.003563,280.68, 445.3031
649052,7.6392,0.003024,330.64, 445.3029
649053,7.6421,0.003203,312.25, 445.3032
649054,7.6455,0.003044,328.52, 445.3029
649055,7.6494,0.003950,253.15, 445.3029
649056,7.6523,0.003113,321.21, 445.3026
649057,7.6558,0.003392,294.79, 445.3026
649058,7.6587,0.003102,322.39, 445.3026
649059,7.6621,0.003280,304.84, 445.3032
649060,7.6660,0.003886,257.32, 445.3031
649061,7.6689,0.002958,338.04, 445.3032
649062,7.6724,0.003441,290.59, 445.3029
649063,7.6753,0.003046,328.30, 445.3029
649064,7.6792,0.003568,280.31, 445.3031
649065,7.6821,0.003139,318.57, 445.3026
649066,7.6855,0.003093,323.30, 445.3032
649067,7.6885,0.003089,323.72, 445.3051
649068,7.6919,0.003648,274.15, 445.3029
649069,7.6953,0.003074,325.30, 445.3032
649070,7.6987,0.003473,287.91, 445.3031
649071,7.7017,0.003081,324.59, 445.3029
649072,7.7051,0.003514,284.60, 445.3031
649073,7.7080,0.002980,335.57, 445.3032
649074,7.7119,0.003645,274.39, 445.3032
649075,7.7153,0.003418,292.53, 445.3031
649076,7.7183,0.003063,326.53, 445.3032
649077,7.7217,0.003506,285.27, 445.3031
649078,7.7246,0.002989,334.58, 445.3029
649079,7.7290,0.004332,230.85, 445.3026
649080,7.7329,0.003560,280.93, 445.3031
649081,7.7358,0.002953,338.60, 445.3026
649082,7.7388,0.002956,338.28, 445.3031
649083,7.7417,0.002954,338.56, 445.3026
649084,7.7451,0.003469,288.25, 445.3031
649085,7.7485,0.003325,300.72, 445.3026
649086,7.7515,0.003053,327.54, 445.3032
649087,7.7544,0.003086,324.07, 445.3029
649088,7.7583,0.003756,266.25, 445.3031
649089,7.7612,0.003095,323.10, 445.3026
649090,7.7646,0.003459,289.14, 445.3031
649091,7.7681,0.003152,317.31, 445.3029
649092,7.7715,0.003649,274.04, 445.3031
649093,7.7749,0.003254,307.32, 445.3026
649094,7.7778,0.003107,321.81, 445.3026
649095,7.7813,0.003352,298.37, 445.3026
649096,7.7847,0.003132,319.28, 445.3180
649097,7.7881,0.003669,272.55, 445.3031
649098,7.7910,0.003090,323.67, 445.3026
649099,7.7949,0.003735,267.77, 445.3026
649100,7.7983,0.003197,312.75, 445.3029
649101,7.8013,0.002954,338.56, 445.3032
649102,7.8042,0.003097,322.90, 445.3032
649103,7.8076,0.003603,277.58, 445.3032
649104,7.8110,0.003017,331.41, 445.3032
649105,7.8145,0.003640,274.70, 445.3031
649106,7.8174,0.002942,339.93, 445.3032
649107,7.8213,0.003702,270.10, 445.3026
649108,7.8247,0.003833,260.92, 445.3026
649109,7.8281,0.003145,317.95, 445.3026
649110,7.8315,0.003277,305.18, 445.3029
649111,7.8345,0.003151,317.39, 445.3032
649112,7.8384,0.003919,255.19, 445.3026
649113,7.8418,0.003407,293.56, 445.3029
649114,7.8452,0.003428,291.71, 445.3029
649115,7.8486,0.003185,314.02, 445.3031
649116,7.8516,0.003055,327.38, 445.3029
649117,7.8545,0.003148,317.71, 445.3032
649118,7.8584,0.003702,270.16, 445.3032
649119,7.8618,0.003388,295.18, 445.3032
649120,7.8647,0.003018,331.30, 445.3029
649121,7.8687,0.003866,258.65, 445.3205
649122,7.8721,0.003211,311.44, 445.3026
649123,7.8765,0.004504,222.01, 445.3029
649124,7.8794,0.002980,335.58, 445.3026
649125,7.8823,0.003001,333.23, 445.3029
649126,7.8857,0.003537,282.69, 445.3026
649127,7.8892,0.003193,313.17, 445.3026
649128,7.8921,0.003237,308.92, 445.3026
649129,7.8950,0.002978,335.76, 445.3032
649130,7.8989,0.003548,281.83, 445.3032
649131,7.9019,0.003039,329.08, 445.3032
649132,7.9053,0.003624,275.94, 445.3029
649133,7.9082,0.002960,337.87, 445.3032
649134,7.9121,0.003595,278.16, 445.3032
649135,7.9155,0.003519,284.20, 445.3031
649136,7.9185,0.003103,322.31, 445.3032
649137,7.9224,0.003532,283.12, 445.3029
649138,7.9253,0.002968,336.88, 445.3029
649139,7.9287,0.003461,288.90, 445.3032
649140,7.9316,0.002952,338.73, 445.3032
649141,7.9355,0.003846,260.02, 445.3031
649142,7.9385,0.003071,325.63, 445.3029
649143,7.9419,0.003566,280.40, 445.3032
649144,7.9453,0.003430,291.51, 445.3026
649145,7.9487,0.003012,332.01, 445.3026
649146,7.9521,0.003610,277.03, 445.3029
649147,7.9551,0.002944,339.63, 445.3032
649148,7.9585,0.003480,287.37, 445.3031
649149,7.9614,0.003083,324.35, 445.3029
649150,7.9648,0.003442,290.55, 445.3031
649151,7.9683,0.002997,333.72, 445.3032
649152,7.9722,0.004032,248.00, 445.3031
649153,7.9751,0.002973,336.37, 445.3032
649154,7.9785,0.003447,290.07, 445.3029
649155,7.9824,0.003939,253.85, 445.3026
649156,7.9854,0.003072,325.57, 445.3029
649157,7.9883,0.002996,333.77, 445.3032
649158,7.9917,0.003025,330.57, 445.3032
649159,7.9951,0.003647,274.17, 445.3031
649160,7.9980,0.002971,336.61, 445.3026
649161,8.0015,0.003432,291.42, 445.3032
649162,8.0044,0.003005,332.82, 445.3032
649163,8.0088,0.004145,241.25, 445.3026
649164,8.0117,0.003200,312.49, 445.3031
649165,8.0151,0.002966,337.14, 445.3032
649166,8.0186,0.003438,290.83, 445.3031
649167,8.0215,0.002942,339.92, 445.3032
649168,8.0249,0.003545,282.08, 445.3031
649169,8.0278,0.002881,347.05, 445.3032
649170,8.0313,0.003638,274.89, 445.3032
649171,8.0342,0.002974,336.27, 445.3032
649172,8.0381,0.003689,271.06, 445.3031
649173,8.0410,0.002990,334.45, 445.3032
649174,8.0444,0.003473,287.98, 445.3032
649175,8.0474,0.002957,338.19, 445.3032
649176,8.0508,0.003567,280.32, 445.3029
649177,8.0542,0.003055,327.34, 445.3032
649178,8.0576,0.003570,280.10, 445.3032
649179,8.0605,0.002943,339.80, 445.3032
649180,8.0640,0.003581,279.25, 445.3032
649181,8.0674,0.003452,289.68, 445.3032
649182,8.0708,0.002981,335.42, 445.3029
649183,8.0747,0.003899,256.46, 445.3031
649184,8.0776,0.002962,337.63, 445.3026
649185,8.0806,0.003333,299.99, 445.3031
649186,8.0840,0.003091,323.56, 445.3029
649187,8.0874,0.003639,274.79, 445.3026
649188,8.0903,0.002990,334.49, 445.3032
649189,8.0938,0.003430,291.59, 445.3031
649190,8.0967,0.002954,338.49, 445.3032
649191,8.1006,0.003551,281.61, 445.3029
649192,8.1040,0.003605,277.38, 445.3031
649193,8.1069,0.002943,339.77, 445.3032
649194,8.1104,0.003572,279.96, 445.3031
649195,8.1133,0.002967,337.00, 445.3032
649196,8.1172,0.003675,272.14, 445.3031
649197,8.1201,0.003043,328.64, 445.3026
649198,8.1240,0.003587,278.77, 445.3031
649199,8.1270,0.003004,332.88, 445.3032
649200,8.1304,0.003524,283.75, 445.3029
649201,8.1338,0.003527,283.54, 445.3031
649202,8.1367,0.002912,343.47, 445.3029
649203,8.1406,0.003715,269.15, 445.3031
649204,8.1436,0.002974,336.26, 445.3029
649205,8.1470,0.003474,287.84, 445.3033
649206,8.1499,0.002962,337.63, 445.3029
649207,8.1533,0.003635,275.08, 445.3029
649208,8.1567,0.003043,328.60, 445.3032
649209,8.1602,0.003451,289.80, 445.3032
649210,8.1631,0.002968,336.90, 445.3032
649211,8.1665,0.003633,275.25, 445.3032
649212,8.1699,0.003466,288.53, 445.3032
649213,8.1733,0.003475,287.77, 445.3032
649214,8.1768,0.003426,291.86, 445.3033
649215,8.1797,0.002928,341.51, 445.3032
649216,8.1836,0.003607,277.23, 445.3031
649217,8.1865,0.002976,335.98, 445.3032
649218,8.1899,0.003630,275.46, 445.3032
649219,8.1934,0.002988,334.72, 445.3032
649220,8.1968,0.003566,280.41, 445.3033
649221,8.1997,0.002977,335.91, 445.3032
649222,8.2031,0.003591,278.49, 445.3032
649223,8.2070,0.003668,272.63, 445.3029
649224,8.2100,0.002903,344.42, 445.3032
649225,8.2134,0.003574,279.82, 445.3031
649226,8.2163,0.003033,329.75, 445.3029
649227,8.2202,0.003820,261.79, 445.3026
649228,8.2236,0.003241,308.58, 445.3029
649229,8.2266,0.002948,339.20, 445.3026
649230,8.2295,0.002986,334.91, 445.3032
649231,8.2329,0.003701,270.20, 445.3026
649232,8.2363,0.003040,328.97, 445.3032
649233,8.2397,0.003422,292.24, 445.3029
649234,8.2427,0.002967,337.04, 445.3029
649235,8.2466,0.003782,264.44, 445.3031
649236,8.2495,0.003141,318.37, 445.3032
649237,8.2529,0.003371,296.67, 445.3029
649238,8.2563,0.003517,284.37, 445.3031
649239,8.2593,0.003146,317.88, 445.3026
649240,8.2627,0.003124,320.13, 445.3029
649241,8.2656,0.003119,320.60, 445.3032
649242,8.2695,0.003578,279.46, 445.3029
649243,8.2725,0.003056,327.18, 445.3029
649244,8.2759,0.003603,277.53, 445.3031
649245,8.2788,0.003009,332.37, 445.3032
649246,8.2827,0.003469,288.29, 445.3050
649247,8.2856,0.003084,324.30, 445.3032
649248,8.2891,0.003475,287.74, 445.3032
649249,8.2925,0.003438,290.84, 445.3029
649250,8.2954,0.002981,335.49, 445.3032
649251,8.2993,0.003848,259.86, 445.3029
649252,8.3022,0.003140,318.50, 445.3032
649253,8.3057,0.002989,334.54, 445.3032
649254,8.3086,0.003400,294.11, 445.3032
649255,8.3120,0.003276,305.30, 445.3032
649256,8.3149,0.002949,339.05, 445.3032
649257,8.3188,0.003655,273.58, 445.3031
649258,8.3218,0.003029,330.16, 445.3032
649259,8.3257,0.003744,267.12, 445.3032
649260,8.3286,0.003287,304.22, 445.3031
649261,8.3315,0.002921,342.37, 445.3032
649262,8.3354,0.003647,274.24, 445.3029
649263,8.3384,0.002995,333.91, 445.3026
649264,8.3418,0.003655,273.62, 445.3031
649265,8.3452,0.002997,333.66, 445.3029
649266,8.3486,0.003688,271.15, 445.3026
649267,8.3516,0.003048,328.12, 445.3032
649268,8.3555,0.003575,279.69, 445.3026
649269,8.3589,0.003366,297.07, 445.3032
649270,8.3618,0.002921,342.34, 445.3032
649271,8.3652,0.003690,271.00, 445.3031
649272,8.3682,0.002937,340.45, 445.3032
649273,8.3721,0.003683,271.55, 445.3031
649274,8.3750,0.002978,335.77, 445.3032
649275,8.3789,0.004012,249.28, 445.3026
649276,8.3823,0.003233,309.30, 445.3031
649277,8.3853,0.003077,325.02, 445.3031
649278,8.3882,0.003044,328.48, 445.3032
649279,8.3916,0.003402,293.92, 445.3026
649280,8.3950,0.003419,292.47, 445.3031
649281,8.3979,0.002928,341.59, 445.3032
649282,8.4014,0.003524,283.78, 445.3029
649283,8.4043,0.003028,330.29, 445.3032
649284,8.4082,0.003631,275.41, 445.3031
649285,8.4111,0.003064,326.35, 445.3026
649286,8.4146,0.003465,288.63, 445.3029
649287,8.4175,0.002981,335.46, 445.3029
649288,8.4214,0.003930,254.45, 445.3031
649289,8.4248,0.003013,331.86, 445.3032
649290,8.4282,0.003492,286.39, 445.3032
649291,8.4316,0.003627,275.69, 445.3031
649292,8.4346,0.002902,344.65, 445.3032
649293,8.4385,0.003609,277.06, 445.3031
649294,8.4409,0.002906,344.07, 445.3032
649295,8.4448,0.003607,277.24, 445.3029
649296,8.4478,0.003177,314.81, 445.3026
649297,8.4512,0.003133,319.19, 445.3032
649298,8.4546,0.003489,286.63, 445.3026
649299,8.4580,0.003555,281.31, 445.3029
649300,8.4614,0.003062,326.61, 445.3032
649301,8.4648,0.003486,286.85, 445.3026
649302,8.4678,0.003069,325.85, 445.3032
649303,8.4712,0.003524,283.80, 445.3032
649304,8.4746,0.003372,296.55, 445.3032
649305,8.4780,0.003613,276.77, 445.3032
649306,8.4814,0.003432,291.39, 445.3031
649307,8.4849,0.003018,331.37, 445.3032
649308,8.4883,0.003478,287.50, 445.3031
649309,8.4912,0.003032,329.83, 445.3032
649310,8.4951,0.003690,271.04, 445.3031
649311,8.4980,0.002989,334.57, 445.3032
649312,8.5015,0.003346,298.90, 445.3034
649313,8.5044,0.003019,331.29, 445.3032
649314,8.5083,0.003818,261.92, 445.3032
649315,8.5112,0.003259,306.83, 445.3031
649316,8.5142,0.003056,327.18, 445.3026
649317,8.5181,0.003747,266.89, 445.3031
649318,8.5210,0.003095,323.07, 445.3026
649319,8.5244,0.003326,300.69, 445.3031
649320,8.5278,0.003048,328.11, 445.3029
649321,8.5313,0.003409,293.32, 445.3032
649322,8.5342,0.003010,332.20, 445.3029
649323,8.5381,0.004290,233.13, 445.3026
649324,8.5415,0.003093,323.31, 445.3031
649325,8.5444,0.003030,330.03, 445.3029
649326,8.5474,0.003164,316.07, 445.3032
649327,8.5508,0.003099,322.70, 445.3029
649328,8.5542,0.003712,269.39, 445.3031
649329,8.5576,0.002972,336.46, 445.3032
649330,8.5610,0.003547,281.97, 445.3029
649331,8.5640,0.002986,334.92, 445.3032
649332,8.5674,0.003568,280.25, 445.3026
649333,8.5708,0.003167,315.78, 445.3026
649334,8.5742,0.003377,296.09, 445.3032
649335,8.5776,0.003462,288.88, 445.3031
649336,8.5806,0.002893,345.71, 445.3032
649337,8.5840,0.003676,272.05, 445.3031
649338,8.5869,0.003043,328.64, 445.3032
649339,8.5908,0.003753,266.45, 445.3031
649340,8.5938,0.002969,336.85, 445.3032
649341,8.5972,0.003224,310.18, 445.3032
649342,8.6001,0.003052,327.65, 445.3032
649343,8.6035,0.003573,279.85, 445.3031
649344,8.6064,0.003019,331.29, 445.3029
649345,8.6104,0.003692,270.83, 445.3032
649346,8.6138,0.003250,307.69, 445.3026
649347,8.6167,0.003035,329.46, 445.3032
649348,8.6201,0.003605,277.38, 445.3071
649349,8.6235,0.003091,323.51, 445.3032
649350,8.6270,0.003498,285.89, 445.3032
649351,8.6299,0.002985,334.96, 445.3029
649352,8.6333,0.003665,272.86, 445.3031
649353,8.6367,0.003048,328.11, 445.3032
649354,8.6406,0.003872,258.28, 445.3029
649355,8.6436,0.003010,332.25, 445.3032
649356,8.6470,0.003481,287.29, 445.3032
649357,8.6504,0.003533,283.02, 445.3031
649358,8.6533,0.002917,342.79, 445.3032
649359,8.6572,0.003759,266.02, 445.3031
649360,8.6602,0.002956,338.32, 445.3032
649361,8.6636,0.003630,275.48, 445.3031
649362,8.6670,0.003168,315.68, 445.3026
649363,8.6704,0.003693,270.81, 445.3026
649364,8.6738,0.003168,315.65, 445.3031
649365,8.6768,0.002896,345.27, 445.3175
649366,8.6802,0.003462,288.83, 445.3026
649367,8.6836,0.003367,296.97, 445.3032
649368,8.6870,0.003489,286.65, 445.3029
649369,8.6899,0.002950,339.02, 445.3032
649370,8.6934,0.003565,280.54, 445.3031
649371,8.6963,0.002951,338.91, 445.3029
649372,8.7002,0.003665,272.87, 445.3031
649373,8.7031,0.003023,330.85, 445.3032
649374,8.7065,0.003599,277.83, 445.3031
649375,8.7095,0.002989,334.57, 445.3032
649376,8.7134,0.003513,284.69, 445.3031
649377,8.7163,0.003088,323.89, 445.3029
649378,8.7197,0.003490,286.53, 445.3032
649379,8.7231,0.003540,282.49, 445.3029
649380,8.7266,0.003048,328.06, 445.3026
649381,8.7300,0.003588,278.74, 445.3026
649382,8.7329,0.003071,325.60, 445.3029
649383,8.7368,0.003601,277.72, 445.3029
649384,8.7397,0.003001,333.23, 445.3026
649385,8.7427,0.003242,308.41, 445.3026
649386,8.7461,0.003252,307.53, 445.3029
649387,8.7495,0.003201,312.41, 445.3032
649388,8.7529,0.003360,297.62, 445.3032
649389,8.7563,0.003417,292.65, 445.3032
649390,8.7598,0.003788,264.02, 445.3026
649391,8.7632,0.003270,305.86, 445.3209
649392,8.7661,0.003019,331.20, 445.3031
649393,8.7690,0.002988,334.64, 445.3029
649394,8.7729,0.003987,250.83, 445.3031
649395,8.7764,0.003003,332.97, 445.3032
649396,8.7798,0.003425,291.98, 445.3032
649397,8.7827,0.002957,338.19, 445.3032
649398,8.7861,0.003589,278.61, 445.3031
649399,8.7891,0.003009,332.38, 445.3032
649400,8.7930,0.003684,271.41, 445.3032
649401,8.7964,0.003413,292.99, 445.3031
649402,8.7993,0.002894,345.57, 445.3029
649403,8.8032,0.003882,257.60, 445.3031
649404,8.8062,0.003146,317.85, 445.3032
649405,8.8091,0.003012,332.04, 445.3029
649406,8.8125,0.003241,308.58, 445.3032
649407,8.8159,0.003483,287.08, 445.3031
649408,8.8188,0.002995,333.87, 445.3032
649409,8.8228,0.004084,244.86, 445.3029
649410,8.8262,0.003156,316.89, 445.3031
649411,8.8291,0.002921,342.33, 445.3031
649412,8.8320,0.003176,314.86, 445.3031
649413,8.8354,0.003065,326.32, 445.3026
649414,8.8394,0.004079,245.14, 445.3026
649415,8.8428,0.003553,281.46, 445.3029
649416,8.8462,0.003418,292.53, 445.3029
649417,8.8496,0.003260,306.77, 445.3029
649418,8.8525,0.003054,327.47, 445.3029
649419,8.8560,0.003204,312.14, 445.3029
649420,8.8594,0.003663,273.01, 445.3026
649421,8.8623,0.003005,332.83, 445.3032
649422,8.8662,0.003494,286.22, 445.3031
649423,8.8691,0.003020,331.14, 445.3029
649424,8.8726,0.003583,279.08, 445.3032
649425,8.8760,0.003212,311.33, 445.3032
649426,8.8789,0.003122,320.32, 445.3029
649427,8.8828,0.003680,271.72, 445.3031
649428,8.8857,0.003021,330.99, 445.3032
649429,8.8892,0.003469,288.28, 445.3031
649430,8.8921,0.003121,320.38, 445.3029
649431,8.8955,0.003462,288.82, 445.3031
649432,8.8989,0.003017,331.46, 445.3032
649433,8.9023,0.003458,289.18, 445.3031
649434,8.9053,0.002994,333.96, 445.3029
649435,8.9092,0.004038,247.66, 445.3031
649436,8.9121,0.002997,333.72, 445.3032
649437,8.9150,0.002978,335.81, 445.3029
649438,8.9189,0.003667,272.74, 445.3031
649439,8.9219,0.002982,335.36, 445.3032
649440,8.9253,0.003619,276.29, 445.3031
649441,8.9287,0.003013,331.92, 445.3032
649442,8.9321,0.003588,278.73, 445.3026
649443,8.9351,0.003032,329.84, 445.3032
649444,8.9385,0.003527,283.55, 445.3031
649445,8.9414,0.002973,336.38, 445.3032
649446,8.9453,0.003604,277.49, 445.3654
649447,8.9487,0.003401,294.00, 445.3031
649448,8.9517,0.002903,344.45, 445.3032
649449,8.9551,0.003714,269.24, 445.3031
649450,8.9580,0.002932,341.12, 445.3032
649451,8.9619,0.003672,272.37, 445.3031
649452,8.9648,0.003028,330.26, 445.3032
649453,8.9688,0.003669,272.58, 445.3029
649454,8.9717,0.003055,327.35, 445.3032
649455,8.9751,0.003561,280.84, 445.3032
649456,8.9785,0.003377,296.16, 445.3031
649457,8.9814,0.002890,346.07, 445.3032
649458,8.9854,0.003739,267.45, 445.3031
649459,8.9883,0.002918,342.75, 445.3032
649460,8.9917,0.003603,277.52, 445.3031
649461,8.9946,0.002962,337.58, 445.3032
649462,8.9980,0.003530,283.26, 445.3026
649463,9.0010,0.002962,337.67, 445.3032
649464,9.0049,0.003611,276.95, 445.3031
649465,9.0078,0.002933,340.96, 445.3032
649466,9.0112,0.003605,277.39, 445.3032
649467,9.0146,0.003558,281.08, 445.3031
649468,9.0176,0.002866,348.98, 445.3032
649469,9.0215,0.003686,271.27, 445.3031
649470,9.0244,0.002946,339.45, 445.3032
649471,9.0278,0.003633,275.25, 445.3029
649472,9.0308,0.002999,333.42, 445.3029
649473,9.0342,0.003430,291.53, 445.3032
649474,9.0371,0.002921,342.31, 445.3026
649475,9.0415,0.004026,248.40, 445.3031
649476,9.0444,0.003085,324.20, 445.3032
649477,9.0474,0.002916,342.92, 445.3032
649478,9.0508,0.003229,309.66, 445.3029
649479,9.0542,0.003547,281.90, 445.3029
649480,9.0576,0.003565,280.49, 445.3029
649481,9.0605,0.002952,338.81, 445.3032
649482,9.0640,0.003504,285.36, 445.3029
649483,9.0669,0.002979,335.64, 445.3032
649484,9.0708,0.003648,274.16, 445.3031
649485,9.0742,0.003366,297.09, 445.3026
649486,9.0771,0.003059,326.88, 445.3032
649487,9.0801,0.003088,323.89, 445.3029
649488,9.0840,0.003602,277.61, 445.3031
649489,9.0869,0.002986,334.91, 445.3032
649490,9.0903,0.003683,271.55, 445.3029
649491,9.0938,0.003440,290.68, 445.3029
649492,9.0972,0.003013,331.86, 445.3032
649493,9.1006,0.003541,282.44, 445.3031
649494,9.1035,0.002986,334.88, 445.3032
649495,9.1074,0.003737,267.61, 445.3031
649496,9.1104,0.002954,338.50, 445.3032
649497,9.1133,0.003213,311.25, 445.3032
649498,9.1167,0.003345,298.97, 445.3029
649499,9.1201,0.003586,278.89, 445.3031
649500,9.1235,0.003151,317.33, 445.3029
649501,9.1265,0.003091,323.51, 445.3032
649502,9.1304,0.003679,271.82, 445.3031
649503,9.1333,0.002928,341.53, 445.3032
649504,9.1372,0.003878,257.89, 445.3031
649505,9.1401,0.003008,332.40, 445.3026
649506,9.1436,0.003270,305.80, 445.3031
649507,9.1465,0.002952,338.74, 445.3029
649508,9.1499,0.003753,266.47, 445.3031
649509,9.1533,0.003051,327.75, 445.3029
649510,9.1567,0.003433,291.29, 445.3031
649511,9.1597,0.002982,335.39, 445.3032
649512,9.1631,0.003650,273.96, 445.3029
649513,9.1660,0.003082,324.42, 445.3026
649514,9.1694,0.003291,303.88, 445.3032
649515,9.1724,0.003013,331.85, 445.3032
649516,9.1763,0.003812,262.34, 445.3029
649517,9.1797,0.003220,310.54, 445.3026
649518,9.1826,0.002980,335.55, 445.3032
649519,9.1865,0.003717,269.01, 445.3031
649520,9.1895,0.002998,333.61, 445.3032
649521,9.1934,0.003903,256.25, 445.3031
649522,9.1963,0.002971,336.56, 445.3032
649523,9.2002,0.004010,249.38, 445.3031
649524,9.2031,0.003049,327.95, 445.3031
649525,9.2061,0.002932,341.05, 445.3032
649526,9.2090,0.003004,332.88, 445.3026
649527,9.2129,0.003536,282.81, 445.3032
649528,9.2163,0.003733,267.89, 445.3031
649529,9.2192,0.003015,331.69, 445.3026
649530,9.2231,0.003646,274.29, 445.3031
649531,9.2261,0.003035,329.47, 445.3032
649532,9.2295,0.003204,312.09, 445.3051
649533,9.2324,0.003047,328.20, 445.3029
649534,9.2358,0.003687,271.19, 445.3031
649535,9.2393,0.002978,335.75, 445.3032
649536,9.2427,0.003621,276.18, 445.3032
649537,9.2461,0.003543,282.25, 445.3029
649538,9.2495,0.003144,318.05, 445.3026
649539,9.2524,0.003121,320.46, 445.3032
649540,9.2554,0.003133,319.14, 445.3032
649541,9.2598,0.003932,254.32, 445.3031
649542,9.2627,0.003011,332.16, 445.3029
649543,9.2661,0.003412,293.13, 445.3031
649544,9.2690,0.002971,336.63, 445.3032
649545,9.2725,0.003485,286.97, 445.3032
649546,9.2759,0.003695,270.64, 445.3031
649547,9.2793,0.003160,316.44, 445.3032
649548,9.2827,0.003338,299.56, 445.3031
649549,9.2856,0.003018,331.38, 445.3032
649550,9.2891,0.003650,273.97, 445.3031
649551,9.2925,0.003005,332.77, 445.3029
649552,9.2959,0.003612,276.84, 445.3031
649553,9.2988,0.002940,340.11, 445.3032
649554,9.3022,0.003452,289.70, 445.3031
649555,9.3057,0.003149,317.60, 445.3026
649556,9.3091,0.003436,291.05, 445.3029
649557,9.3120,0.002985,334.99, 445.3032
649558,9.3154,0.003495,286.12, 445.3032
649559,9.3188,0.003527,283.50, 445.3031
649560,9.3218,0.002851,350.79, 445.3066
649561,9.3252,0.003711,269.45, 445.3031
649562,9.3286,0.002977,335.86, 445.3026
649563,9.3320,0.003450,289.89, 445.3032
649564,9.3350,0.003072,325.49, 445.3032
649565,9.3384,0.003557,281.11, 445.3032
649566,9.3418,0.003329,300.41, 445.3032
649567,9.3452,0.003305,302.54, 445.3031
649568,9.3481,0.003008,332.50, 445.3026
649569,9.3516,0.003580,279.32, 445.3032
649570,9.3555,0.003644,274.45, 445.3031
649571,9.3584,0.002962,337.67, 445.3032
649572,9.3618,0.003562,280.77, 445.3031
649573,9.3647,0.002966,337.15, 445.3032
649574,9.3682,0.003522,283.94, 445.3031
649575,9.3716,0.003002,333.07, 445.3029
649576,9.3750,0.003702,270.12, 445.3031
649577,9.3779,0.002959,337.93, 445.3032
649578,9.3813,0.003462,288.84, 445.3031
649579,9.3843,0.003026,330.52, 445.3032
649580,9.3882,0.003483,287.13, 445.3032
649581,9.3916,0.003660,273.21, 445.3031
649582,9.3945,0.002890,346.00, 445.3032
649583,9.3979,0.003533,283.06, 445.3031
649584,9.4009,0.002976,336.00, 445.3029
649585,9.4048,0.003698,270.42, 445.3031
649586,9.4077,0.002943,339.81, 445.3032
649587,9.4116,0.003855,259.42, 445.3026
649588,9.4150,0.003309,302.22, 445.3026
649589,9.4180,0.002927,341.65, 445.3031
649590,9.4209,0.003052,327.68, 445.3029
649591,9.4243,0.003536,282.82, 445.3031
649592,9.4272,0.002985,334.97, 445.3032
649593,9.4307,0.003457,289.30, 445.3032
649594,9.4336,0.002971,336.60, 445.3032
649595,9.4375,0.003735,267.74, 445.3032
649596,9.4409,0.003492,286.38, 445.3031
649597,9.4438,0.002967,337.03, 445.3032
649598,9.4473,0.003487,286.80, 445.3032
649599,9.4507,0.002986,334.91, 445.3032
649600,9.4541,0.003536,282.78, 445.3032
649601,9.4570,0.002945,339.57, 445.3026
649602,9.4604,0.003650,274.00, 445.3032
649603,9.4634,0.003029,330.10, 445.3032
649604,9.4673,0.003737,267.60, 445.3029
649605,9.4702,0.003015,331.71, 445.3026
649606,9.4736,0.003415,292.87, 445.3032
649607,9.4771,0.003445,290.25, 445.3032
649608,9.4805,0.003015,331.70, 445.3029
649609,9.4839,0.003662,273.10, 445.3031
649610,9.4868,0.002973,336.38, 445.3029
649611,9.4902,0.003532,283.11, 445.3032
649612,9.4937,0.003010,332.21, 445.3032
649613,9.4971,0.003808,262.63, 445.3026
649614,9.5005,0.003066,326.15, 445.3029
649615,9.5034,0.003358,297.80, 445.3026
649616,9.5068,0.003211,311.42, 445.3032
649617,9.5103,0.003295,303.48, 445.3032
649618,9.5132,0.003028,330.28, 445.3032
649619,9.5171,0.003969,251.93, 445.3032
649620,9.5200,0.002999,333.40, 445.3032
649621,9.5234,0.003341,299.34, 445.3032
649622,9.5269,0.003458,289.19, 445.3031
649623,9.5298,0.002959,338.00, 445.3032
649624,9.5332,0.003519,284.16, 445.3032
649625,9.5366,0.002972,336.49, 445.3032
649626,9.5400,0.003704,270.00, 445.3029
649627,9.5439,0.003599,277.83, 445.3031
649628,9.5469,0.002925,341.88, 445.3032
649629,9.5503,0.003469,288.29, 445.3032
649630,9.5532,0.003028,330.22, 445.3032
649631,9.5566,0.003660,273.24, 445.3031
649632,9.5596,0.002964,337.36, 445.3032
649633,9.5630,0.003453,289.58, 445.3032
649634,9.5664,0.002957,338.20, 445.3029
649635,9.5703,0.004074,245.44, 445.3026
649636,9.5737,0.003414,292.95, 445.3026
649637,9.5767,0.003027,330.35, 445.3026
649638,9.5796,0.003127,319.79, 445.3032
649639,9.5830,0.003213,311.25, 445.3029
649640,9.5869,0.003654,273.70, 445.3029
649641,9.5898,0.003056,327.24, 445.3026
649642,9.5928,0.003224,310.16, 445.3029
649643,9.5957,0.002942,339.89, 445.3032
649644,9.5996,0.003610,277.03, 445.3026
649645,9.6025,0.002966,337.14, 445.3032
649646,9.6064,0.004137,241.72, 445.3026
649647,9.6094,0.002981,335.46, 445.3032
649648,9.6133,0.003578,279.52, 445.3032
649649,9.6167,0.003464,288.65, 445.3031
649650,9.6196,0.002908,343.90, 445.3026
649651,9.6230,0.003606,277.35, 445.3031
649652,9.6260,0.002969,336.78, 445.3032
649653,9.6299,0.003580,279.31, 445.3026
649654,9.6328,0.002958,338.08, 445.3029
649655,9.6362,0.003599,277.82, 445.3031
649656,9.6392,0.002997,333.72, 445.3032
649657,9.6431,0.003620,276.27, 445.3031
649658,9.6460,0.003018,331.36, 445.3032
649659,9.6499,0.003970,251.86, 445.3026
649660,9.6528,0.003129,319.57, 445.3033
649661,9.6558,0.002980,335.58, 445.3032
649662,9.6597,0.003606,277.32, 445.3031
649663,9.6626,0.002933,340.92, 445.3032
649664,9.6660,0.003708,269.68, 445.3026
649665,9.6694,0.003062,326.54, 445.3026
649666,9.6724,0.003288,304.17, 445.3032
649667,9.6758,0.003005,332.81, 445.3032
649668,9.6792,0.003640,274.70, 445.3031
649669,9.6821,0.002967,337.00, 445.3032
649670,9.6855,0.003536,282.85, 445.3031
649671,9.6890,0.003054,327.45, 445.3029
649672,9.6924,0.003680,271.71, 445.3031
649673,9.6953,0.002956,338.26, 445.3032
649674,9.6992,0.003578,279.52, 445.3029
649675,9.7021,0.003281,304.76, 445.3032
649676,9.7051,0.003024,330.67, 445.3029
649677,9.7090,0.003817,262.00, 445.3031
649678,9.7119,0.002949,339.09, 445.3032
649679,9.7158,0.003570,280.14, 445.3031
649680,9.7188,0.003003,333.02, 445.3032
649681,9.7222,0.003565,280.49, 445.3026
649682,9.7251,0.003110,321.54, 445.3026
649683,9.7290,0.003471,288.08, 445.3031
649684,9.7319,0.003106,322.00, 445.3026
649685,9.7349,0.003122,320.35, 445.3032
649686,9.7388,0.003740,267.37, 445.3029
649687,9.7422,0.003397,294.35, 445.3032
649688,9.7456,0.003466,288.51, 445.3031
649689,9.7485,0.002970,336.72, 445.3029
649690,9.7520,0.003458,289.23, 445.3029
649691,9.7549,0.003026,330.46, 445.3032
649692,9.7588,0.003548,281.83, 445.3032
649693,9.7617,0.003181,314.41, 445.3026
649694,9.7656,0.003758,266.13, 445.3031
649695,9.7686,0.002980,335.56, 445.3026
649696,9.7720,0.003234,309.25, 445.3032
649697,9.7754,0.003515,284.47, 445.3032
649698,9.7783,0.003235,309.11, 445.3026
649699,9.7822,0.003893,256.85, 445.3026
649700,9.7856,0.003227,309.87, 445.3031
649701,9.7886,0.002951,338.88, 445.3031
649702,9.7915,0.003033,329.74, 445.3029
649703,9.7949,0.003435,291.15, 445.3026
649704,9.7979,0.002998,333.61, 445.3032
649705,9.8018,0.003537,282.75, 445.3026
649706,9.8052,0.003600,277.82, 445.3029
649707,9.8081,0.002941,339.99, 445.3032
649708,9.8115,0.003632,275.36, 445.3031
649709,9.8149,0.002954,338.57, 445.3032
649710,9.8184,0.003519,284.16, 445.3031
649711,9.8213,0.003010,332.26, 445.3032
649712,9.8252,0.003972,251.76, 445.3026
649713,9.8286,0.003249,307.75, 445.3026
649714,9.8315,0.003066,326.13, 445.3026
649715,9.8350,0.003278,305.10, 445.3031
649716,9.8384,0.003532,283.14, 445.3026
649717,9.8418,0.003519,284.14, 445.3026
649718,9.8452,0.003408,293.39, 445.3026
649719,9.8481,0.003060,326.84, 445.3032
649720,9.8521,0.003680,271.73, 445.3032
649721,9.8555,0.003326,300.69, 445.3031
649722,9.8584,0.003092,323.40, 445.3026
649723,9.8618,0.003449,289.98, 445.3032
649724,9.8657,0.003643,274.51, 445.3031
649725,9.8687,0.002936,340.63, 445.3029
649726,9.8726,0.003954,252.90, 445.3029
649727,9.8755,0.003112,321.34, 445.3031
649728,9.8784,0.003036,329.36, 445.3026
649729,9.8813,0.003000,333.29, 445.3026
649730,9.8853,0.003635,275.13, 445.3029
649731,9.8882,0.003021,331.06, 445.3032
649732,9.8916,0.003425,291.98, 445.3029
649733,9.8945,0.003004,332.87, 445.3032
649734,9.8984,0.003836,260.69, 445.3026
649735,9.9019,0.003177,314.79, 445.3032
649736,9.9048,0.002925,341.93, 445.3032
649737,9.9082,0.003800,263.16, 445.3031
649738,9.9111,0.002920,342.49, 445.3032
649739,9.9150,0.003533,283.09, 445.3032
649740,9.9180,0.002979,335.68, 445.3029
649741,9.9214,0.003718,268.95, 445.3031
649742,9.9243,0.002957,338.18, 445.3029
649743,9.9282,0.003545,282.10, 445.3031
649744,9.9312,0.002978,335.80, 445.3029
649745,9.9346,0.003544,282.20, 445.3031
649746,9.9375,0.002996,333.73, 445.3032
649747,9.9414,0.003747,266.90, 445.3031
649748,9.9443,0.002999,333.42, 445.3032
649749,9.9478,0.003274,305.42, 445.3032
649750,9.9507,0.002960,337.87, 445.3032
649751,9.9541,0.003751,266.58, 445.3032
649752,9.9580,0.003570,280.09, 445.3031
649753,9.9609,0.002963,337.46, 445.3032
649754,9.9644,0.003479,287.45, 445.3031
649755,9.9673,0.002978,335.80, 445.3029
649756,9.9707,0.003476,287.68, 445.3032
649757,9.9736,0.003001,333.28, 445.3029
649758,9.9775,0.003825,261.41, 445.3026
649759,9.9805,0.003060,326.77, 445.3029
649760,9.9839,0.003371,296.66, 445.3031
649761,9.9873,0.003081,324.60, 445.3032
649762,9.9907,0.003545,282.11, 445.3026
649763,9.9941,0.003766,265.53, 445.3026
649764,9.9976,0.003397,294.36, 445.3029
