TotalFrame,Time,DeltaTime,FPS,RAM
924279,0.0000,0.013070,76.51, 461.4865
924280,0.0000,0.013070,76.51, 461.7215
924281,0.0200,0.020000,50.00, 461.5137
924282,0.0244,0.004371,228.78, 461.5104
924283,0.0273,0.003168,315.71, 461.5110
924284,0.0356,0.008256,121.12, 461.5110
924285,0.0400,0.004126,242.35, 461.5106
924286,0.0439,0.004141,241.48, 461.5108
924287,0.0479,0.003946,253.44, 461.5108
924288,0.0518,0.003728,268.28, 461.5105
924289,0.0562,0.004498,222.34, 461.5108
924290,0.0601,0.003699,270.33, 461.5108
924291,0.0635,0.003706,269.85, 461.5106
924292,0.0674,0.003961,252.48, 461.5055
924293,0.0718,0.004031,248.08, 461.5055
924294,0.0752,0.003460,289.03, 461.5055
924295,0.0791,0.004052,246.79, 461.5055
924296,0.0830,0.003988,250.74, 461.5055
924297,0.0869,0.003976,251.49, 461.5052
924298,0.0913,0.004058,246.41, 461.5055
924299,0.0952,0.003814,262.16, 461.5055
924300,0.0986,0.003892,256.91, 461.5055
924301,0.1030,0.004112,243.22, 461.5055
924302,0.1069,0.003829,261.18, 461.5052
924303,0.1108,0.003940,253.83, 461.5052
924304,0.1147,0.004145,241.25, 461.5055
924305,0.1187,0.003564,280.59, 461.5052
924306,0.1226,0.004213,237.37, 461.5049
924307,0.1270,0.004395,227.54, 461.5048
924308,0.1304,0.003436,291.04, 461.5052
924309,0.1343,0.003801,263.10, 461.5055
924310,0.1382,0.003994,250.41, 461.5052
924311,0.1421,0.003806,262.78, 461.5055
924312,0.1460,0.003890,257.08, 461.5055
924313,0.1504,0.004176,239.47, 461.5055
924314,0.1538,0.003715,269.19, 461.5052
924315,0.1577,0.003982,251.16, 461.5055
924316,0.1616,0.003717,269.07, 461.5055
924317,0.1660,0.004231,236.36, 461.5055
924318,0.1699,0.004130,242.13, 461.5049
924319,0.1738,0.003793,263.66, 461.5055
924320,0.1777,0.004078,245.23, 461.5055
924321,0.1831,0.005083,196.75, 461.5048
924322,0.1865,0.003458,289.17, 461.5083
924323,0.1899,0.003427,291.79, 461.5049
924324,0.1943,0.004624,216.28, 461.5052
924325,0.1982,0.004053,246.76, 461.5049
924326,0.2026,0.004170,239.82, 461.5049
924327,0.2065,0.003897,256.61, 461.5055
924328,0.2104,0.003739,267.47, 461.5052
924329,0.2144,0.004011,249.33, 461.5055
924330,0.2188,0.004386,228.01, 461.5055
924331,0.2222,0.003482,287.19, 461.5055
924332,0.2261,0.004022,248.64, 461.5055
924333,0.2300,0.004053,246.76, 461.5049
924334,0.2339,0.003567,280.38, 461.5055
924335,0.2378,0.004207,237.72, 461.5055
924336,0.2422,0.004081,245.02, 461.5055
924337,0.2456,0.003650,273.96, 461.5055
924338,0.2500,0.004060,246.32, 461.5052
924339,0.2539,0.004097,244.10, 461.5055
924340,0.2573,0.003691,270.92, 461.5055
924341,0.2617,0.004178,239.35, 461.5055
924342,0.2661,0.004165,240.09, 461.5049
924343,0.2695,0.003499,285.76, 461.5055
924344,0.2734,0.004008,249.52, 461.5055
924345,0.2769,0.003538,282.64, 461.5052
924346,0.2813,0.004180,239.23, 461.5052
924347,0.2856,0.004338,230.53, 461.5055
924348,0.2900,0.004411,226.70, 461.5055
924349,0.2935,0.003635,275.10, 461.5055
924350,0.2974,0.003934,254.17, 461.5055
924351,0.3013,0.003623,276.01, 461.5055
924352,0.3052,0.004068,245.84, 461.5055
924353,0.3096,0.004230,236.42, 461.5055
924354,0.3130,0.003682,271.58, 461.5052
924355,0.3169,0.003964,252.25, 461.5055
924356,0.3213,0.004105,243.63, 461.5055
924357,0.3247,0.003740,267.39, 461.5052
924358,0.3286,0.003934,254.22, 461.5055
924359,0.3330,0.004101,243.83, 461.5055
924360,0.3364,0.003677,271.99, 461.5055
924361,0.3403,0.003866,258.67, 461.5073
924362,0.3442,0.003605,277.43, 461.5049
924363,0.3481,0.004128,242.25, 461.5055
924364,0.3521,0.004024,248.53, 461.5055
924365,0.3560,0.003781,264.51, 461.5055
924366,0.3599,0.003903,256.20, 461.5055
924367,0.3638,0.003947,253.36, 461.5055
924368,0.3677,0.003780,264.54, 461.5055
924369,0.3721,0.004251,235.23, 461.5055
924370,0.3760,0.004070,245.69, 461.5052
924371,0.3789,0.003094,323.17, 461.5055
924372,0.3833,0.004357,229.50, 461.5055
924373,0.3877,0.004109,243.34, 461.5055
924374,0.3911,0.003446,290.20, 461.5055
924375,0.3950,0.003930,254.43, 461.5055
924376,0.3984,0.003705,269.91, 461.5052
924377,0.4028,0.004212,237.43, 461.5052
924378,0.4067,0.003887,257.28, 461.5055
924379,0.4106,0.003840,260.43, 461.5055
924380,0.4146,0.003843,260.21, 461.5055
924381,0.4185,0.004156,240.61, 461.5055
924382,0.4224,0.003632,275.35, 461.5093
924383,0.4263,0.003912,255.60, 461.5055
924384,0.4297,0.003614,276.69, 461.5055
924385,0.4341,0.004339,230.47, 461.5055
924386,0.4380,0.003991,250.55, 461.5049
924387,0.4414,0.003512,284.74, 461.5055
924388,0.4453,0.003949,253.25, 461.5055
924389,0.4497,0.004083,244.93, 461.5055
924390,0.4536,0.003989,250.66, 461.5052
924391,0.4575,0.004042,247.41, 461.5093
924392,0.4614,0.003935,254.16, 461.5055
924393,0.4653,0.003848,259.91, 461.5052
924394,0.4692,0.003963,252.35, 461.5052
924395,0.4731,0.003935,254.12, 461.5055
924396,0.4771,0.003744,267.08, 461.5052
924397,0.4810,0.003905,256.08, 461.5055
924398,0.4849,0.004114,243.10, 461.5055
924399,0.4888,0.003744,267.09, 461.5055
924400,0.4927,0.003904,256.15, 461.5055
924401,0.4961,0.003552,281.52, 461.5052
924402,0.5005,0.004058,246.45, 461.5052
924403,0.5044,0.004356,229.58, 461.5049
924404,0.5078,0.003194,313.11, 461.5049
924405,0.5122,0.004587,218.03, 461.5055
924406,0.5161,0.003739,267.46, 461.5052
924407,0.5200,0.003791,263.79, 461.5049
924408,0.5234,0.003643,274.51, 461.5055
924409,0.5283,0.004644,215.33, 461.5048
924410,0.5317,0.003437,290.98, 461.5052
924411,0.5352,0.003703,270.04, 461.5049
924412,0.5391,0.003886,257.37, 461.5055
924413,0.5430,0.003690,270.98, 461.5052
924414,0.5469,0.003987,250.80, 461.5055
924415,0.5508,0.003737,267.57, 461.5055
924416,0.5547,0.004031,248.05, 461.5052
924417,0.5591,0.004259,234.79, 461.5049
924418,0.5625,0.003444,290.37, 461.5055
924419,0.5664,0.003864,258.83, 461.5055
924420,0.5703,0.004267,234.35, 461.5055
924421,0.5742,0.003801,263.10, 461.5055
924422,0.5781,0.003899,256.46, 461.5055
924423,0.5825,0.004091,244.43, 461.5052
924424,0.5859,0.003696,270.56, 461.5055
924425,0.5903,0.004484,223.00, 461.5055
924426,0.5942,0.003600,277.75, 461.5052
924427,0.5977,0.003613,276.78, 461.5055
924428,0.6021,0.004094,244.25, 461.5055
924429,0.6060,0.004045,247.21, 461.5052
924430,0.6094,0.003695,270.63, 461.5049
924431,0.6133,0.003923,254.94, 461.5055
924432,0.6172,0.003697,270.51, 461.5055
924433,0.6211,0.004040,247.52, 461.5049
924434,0.6255,0.004123,242.57, 461.5055
924435,0.6289,0.003644,274.45, 461.5055
924436,0.6328,0.003960,252.55, 461.5049
924437,0.6372,0.004175,239.55, 461.5055
924438,0.6406,0.003735,267.74, 461.5113
924439,0.6445,0.003761,265.87, 461.5055
924440,0.6489,0.004080,245.07, 461.5055
924441,0.6523,0.003804,262.86, 461.5055
924442,0.6563,0.003789,263.89, 461.5055
924443,0.6602,0.003841,260.36, 461.5055
924444,0.6641,0.004016,249.02, 461.5055
924445,0.6685,0.004116,242.94, 461.5055
924446,0.6719,0.003650,273.95, 461.5049
924447,0.6758,0.003949,253.22, 461.5055
924448,0.6802,0.004160,240.37, 461.5055
924449,0.6836,0.003377,296.14, 461.5055
924450,0.6880,0.004380,228.29, 461.5055
924451,0.6914,0.003812,262.34, 461.5055
924452,0.6953,0.003828,261.26, 461.5052
924453,0.6992,0.003988,250.75, 461.5055
924454,0.7036,0.004028,248.29, 461.5055
924455,0.7070,0.003659,273.31, 461.5055
924456,0.7109,0.004019,248.81, 461.5049
924457,0.7148,0.003865,258.73, 461.5052
924458,0.7188,0.003767,265.48, 461.5052
924459,0.7231,0.004413,226.61, 461.5049
924460,0.7266,0.003454,289.49, 461.5055
924461,0.7305,0.003926,254.73, 461.5055
924462,0.7344,0.004078,245.24, 461.5055
924463,0.7383,0.003510,284.88, 461.5055
924464,0.7422,0.004118,242.82, 461.5055
924465,0.7466,0.004174,239.56, 461.5052
924466,0.7505,0.003837,260.61, 461.5049
924467,0.7544,0.004064,246.07, 461.5055
924468,0.7573,0.003216,310.97, 461.5052
924469,0.7617,0.004234,236.20, 461.5055
924470,0.7656,0.003930,254.48, 461.5052
924471,0.7695,0.003690,271.04, 461.5055
924472,0.7734,0.004217,237.14, 461.5055
924473,0.7778,0.004295,232.85, 461.5052
924474,0.7813,0.003279,305.00, 461.5055
924475,0.7861,0.005205,192.13, 461.5048
924476,0.7900,0.003884,257.44, 461.5048
924477,0.7939,0.003516,284.41, 461.5055
924478,0.7974,0.003634,275.18, 461.5055
924479,0.8013,0.003954,252.89, 461.5049
924480,0.8057,0.004492,222.64, 461.5055
924481,0.8101,0.003970,251.89, 461.5055
924482,0.8140,0.004006,249.63, 461.5055
924483,0.8174,0.003713,269.35, 461.5055
924484,0.8218,0.004340,230.43, 461.5055
924485,0.8262,0.004080,245.09, 461.5055
924486,0.8296,0.003627,275.72, 461.5055
924487,0.8335,0.004074,245.45, 461.5055
924488,0.8379,0.004028,248.29, 461.5055
924489,0.8413,0.003436,291.04, 461.5055
924490,0.8452,0.004291,233.02, 461.5055
924491,0.8496,0.004074,245.43, 461.5055
924492,0.8530,0.003616,276.53, 461.5055
924493,0.8569,0.004027,248.32, 461.5055
924494,0.8608,0.003607,277.24, 461.5055
924495,0.8647,0.004042,247.41, 461.5055
924496,0.8691,0.004127,242.28, 461.5055
924497,0.8726,0.003663,273.04, 461.5055
924498,0.8765,0.003945,253.50, 461.5049
924499,0.8804,0.003950,253.20, 461.5055
924500,0.8843,0.003861,258.98, 461.5052
924501,0.8882,0.004010,249.40, 461.5055
924502,0.8926,0.004000,250.00, 461.5052
924503,0.8960,0.003637,274.97, 461.5055
924504,0.8999,0.004075,245.40, 461.5055
924505,0.9043,0.004258,234.85, 461.5052
924506,0.9077,0.003317,301.50, 461.5055
924507,0.9116,0.004120,242.73, 461.5055
924508,0.9160,0.004050,246.91, 461.5055
924509,0.9194,0.003752,266.55, 461.5055
924510,0.9233,0.003905,256.10, 461.5055
924511,0.9272,0.003671,272.41, 461.5055
924512,0.9312,0.003988,250.76, 461.5052
924513,0.9351,0.004180,239.22, 461.5055
924514,0.9390,0.003594,278.23, 461.5055
924515,0.9429,0.004000,249.99, 461.5055
924516,0.9468,0.003932,254.32, 461.5055
924517,0.9507,0.003718,268.95, 461.5055
924518,0.9546,0.004053,246.72, 461.5049
924519,0.9580,0.003636,275.07, 461.5055
924520,0.9624,0.004043,247.34, 461.5055
924521,0.9668,0.004370,228.85, 461.5052
924522,0.9702,0.003479,287.47, 461.5052
924523,0.9746,0.004260,234.74, 461.5055
924524,0.9780,0.003762,265.81, 461.5055
924525,0.9824,0.004110,243.32, 461.5055
924526,0.9863,0.003986,250.88, 461.5052
924527,0.9902,0.003991,250.57, 461.5055
924528,0.9941,0.003762,265.84, 461.5055
924529,0.9980,0.003892,256.96, 461.5049
924530,1.0020,0.004089,244.58, 461.5055
924531,1.0059,0.003774,264.96, 461.5052
924532,1.0103,0.004295,232.82, 461.5052
924533,1.0137,0.003841,260.38, 461.5055
924534,1.0176,0.003615,276.61, 461.5049
924535,1.0215,0.003954,252.89, 461.5055
924536,1.0249,0.003588,278.71, 461.5055
924537,1.0293,0.004100,243.90, 461.5052
924538,1.0332,0.003922,255.00, 461.5055
924539,1.0366,0.003808,262.58, 461.5055
924540,1.0415,0.004469,223.74, 461.5055
924541,1.0454,0.003950,253.19, 461.5049
924542,1.0488,0.003742,267.24, 461.5055
924543,1.0527,0.003682,271.58, 461.5055
924544,1.0571,0.004282,233.52, 461.5049
924545,1.0605,0.003509,284.99, 461.5055
924546,1.0645,0.003912,255.66, 461.5055
924547,1.0684,0.004007,249.56, 461.5055
924548,1.0723,0.003819,261.88, 461.5055
924549,1.0762,0.003800,263.16, 461.5055
924550,1.0801,0.004070,245.71, 461.5052
924551,1.0840,0.003760,265.94, 461.5055
924552,1.0884,0.004573,218.67, 461.5052
924553,1.0918,0.003579,279.40, 461.5049
924554,1.0962,0.004317,231.63, 461.5049
924555,1.1001,0.003686,271.27, 461.5338
924556,1.1035,0.003550,281.67, 461.5055
924557,1.1079,0.004206,237.74, 461.5055
924558,1.1118,0.003878,257.87, 461.5052
924559,1.1152,0.003669,272.57, 461.5055
924560,1.1196,0.004391,227.73, 461.5055
924561,1.1240,0.004101,243.82, 461.5049
924562,1.1274,0.003639,274.79, 461.5055
924563,1.1313,0.003867,258.63, 461.5055
924564,1.1353,0.004165,240.11, 461.5052
924565,1.1392,0.003687,271.22, 461.5055
924566,1.1431,0.004014,249.10, 461.5049
924567,1.1475,0.004046,247.18, 461.5055
924568,1.1509,0.003635,275.09, 461.5049
924569,1.1548,0.003811,262.39, 461.5055
924570,1.1582,0.003603,277.59, 461.5055
924571,1.1626,0.004381,228.28, 461.5055
924572,1.1665,0.003743,267.15, 461.5055
924573,1.1704,0.003908,255.87, 461.5055
924574,1.1743,0.003938,253.92, 461.5055
924575,1.1782,0.004108,243.46, 461.5055
924576,1.1821,0.003679,271.81, 461.5055
924577,1.1860,0.004103,243.72, 461.5052
924578,1.1899,0.003928,254.61, 461.5055
924579,1.1938,0.003910,255.77, 461.5055
924580,1.1982,0.004168,239.90, 461.5049
924581,1.2021,0.003932,254.36, 461.5049
924582,1.2056,0.003531,283.18, 461.5055
924583,1.2100,0.004436,225.42, 461.5049
924584,1.2144,0.004224,236.75, 461.5048
924585,1.2178,0.003525,283.70, 461.5055
924586,1.2217,0.004081,245.01, 461.5049
924587,1.2251,0.003213,311.28, 461.5055
924588,1.2290,0.004136,241.81, 461.5055
924589,1.2339,0.004891,204.44, 461.5052
924590,1.2383,0.003974,251.62, 461.5055
924591,1.2417,0.003591,278.50, 461.5049
924592,1.2456,0.004086,244.76, 461.5055
924593,1.2495,0.003624,275.91, 461.5052
924594,1.2534,0.003802,263.01, 461.5055
924595,1.2573,0.004315,231.75, 461.5055
924596,1.2612,0.003608,277.17, 461.5052
924597,1.2651,0.004032,248.03, 461.5055
924598,1.2690,0.004013,249.21, 461.5055
924599,1.2729,0.003645,274.35, 461.5055
924600,1.2769,0.003964,252.29, 461.5055
924601,1.2808,0.004231,236.35, 461.5049
924602,1.2842,0.003400,294.10, 461.5055
924603,1.2891,0.004536,220.47, 461.5049
924604,1.2925,0.003641,274.66, 461.5055
924605,1.2964,0.003670,272.48, 461.5055
924606,1.3003,0.003898,256.52, 461.5052
924607,1.3037,0.003773,265.01, 461.5055
924608,1.3081,0.004004,249.77, 461.5055
924609,1.3120,0.004243,235.69, 461.5055
924610,1.3159,0.003545,282.10, 461.5052
924611,1.3198,0.003960,252.55, 461.5055
924612,1.3237,0.004167,240.00, 461.5055
924613,1.3276,0.003754,266.41, 461.5052
924614,1.3315,0.003749,266.74, 461.5055
924615,1.3354,0.004186,238.88, 461.5055
924616,1.3394,0.003904,256.13, 461.5055
924617,1.3433,0.003868,258.55, 461.5052
924618,1.3467,0.003580,279.34, 461.5052
924619,1.3511,0.004356,229.56, 461.5052
924620,1.3550,0.003720,268.82, 461.5055
924621,1.3584,0.003664,272.96, 461.5052
924622,1.3628,0.004034,247.92, 461.5055
924623,1.3667,0.003951,253.13, 461.5055
924624,1.3701,0.003654,273.67, 461.5055
924625,1.3745,0.004312,231.91, 461.5049
924626,1.3784,0.003791,263.78, 461.5055
924627,1.3823,0.003800,263.13, 461.5049
924628,1.3862,0.004234,236.19, 461.5049
924629,1.3901,0.003860,259.09, 461.5055
924630,1.3940,0.003606,277.28, 461.5052
924631,1.3979,0.003958,252.68, 461.5055
924632,1.4019,0.004217,237.15, 461.5052
924633,1.4058,0.003950,253.20, 461.5052
924634,1.4097,0.003617,276.51, 461.5055
924635,1.4136,0.003833,260.89, 461.5055
924636,1.4175,0.003876,258.02, 461.5055
924637,1.4214,0.004091,244.46, 461.5055
924638,1.4253,0.003678,271.86, 461.5055
924639,1.4292,0.003880,257.77, 461.5049
924640,1.4331,0.004185,238.97, 461.5055
924641,1.4365,0.003412,293.11, 461.5055
924642,1.4409,0.004372,228.71, 461.5052
924643,1.4443,0.003612,276.88, 461.5055
924644,1.4487,0.004384,228.11, 461.5049
924645,1.4526,0.003530,283.30, 461.5055
924646,1.4565,0.003897,256.63, 461.5055
924647,1.4604,0.003995,250.34, 461.5055
924648,1.4644,0.004027,248.34, 461.5055
924649,1.4688,0.004163,240.24, 461.5049
924650,1.4727,0.004018,248.90, 461.5052
924651,1.4766,0.003866,258.68, 461.5055
924652,1.4800,0.003746,266.97, 461.5052
924653,1.4844,0.003993,250.46, 461.5055
924654,1.4883,0.004008,249.50, 461.5055
924655,1.4917,0.003664,272.94, 461.5055
924656,1.4961,0.004037,247.70, 461.5055
924657,1.5000,0.004015,249.07, 461.5055
924658,1.5039,0.003947,253.36, 461.5055
924659,1.5078,0.004161,240.33, 461.5049
924660,1.5112,0.003167,315.74, 461.5052
924661,1.5156,0.004240,235.86, 461.5055
924662,1.5195,0.003975,251.58, 461.5052
924663,1.5234,0.003895,256.73, 461.5055
924664,1.5269,0.003828,261.25, 461.5055
924665,1.5308,0.003753,266.49, 461.5055
924666,1.5352,0.004305,232.27, 461.5055
924667,1.5396,0.004223,236.82, 461.5052
924668,1.5435,0.003902,256.29, 461.5055
924669,1.5469,0.003368,296.93, 461.5049
924670,1.5508,0.004127,242.32, 461.5052
924671,1.5552,0.004240,235.83, 461.5055
924672,1.5586,0.003482,287.17, 461.5055
924673,1.5630,0.004573,218.70, 461.5049
924674,1.5669,0.003642,274.61, 461.5055
924675,1.5703,0.003718,268.93, 461.5055
924676,1.5742,0.003964,252.26, 461.5055
924677,1.5781,0.003621,276.18, 461.5055
924678,1.5820,0.003973,251.73, 461.5052
924679,1.5859,0.004177,239.39, 461.5055
924680,1.5894,0.003410,293.24, 461.5055
924681,1.5938,0.004021,248.71, 461.5055
924682,1.5977,0.004247,235.44, 461.5052
924683,1.6016,0.003834,260.81, 461.5049
924684,1.6055,0.004009,249.43, 461.5055
924685,1.6094,0.003816,262.05, 461.5055
924686,1.6133,0.003873,258.17, 461.5055
924687,1.6172,0.003871,258.33, 461.5049
924688,1.6216,0.004145,241.25, 461.5055
924689,1.6255,0.003954,252.89, 461.5049
924690,1.6289,0.003659,273.31, 461.5055
924691,1.6338,0.004554,219.61, 461.5055
924692,1.6372,0.003534,282.96, 461.5055
924693,1.6406,0.003514,284.61, 461.5055
924694,1.6445,0.003708,269.69, 461.5055
924695,1.6484,0.004107,243.46, 461.5055
924696,1.6528,0.004460,224.23, 461.5055
924697,1.6567,0.003738,267.51, 461.5055
924698,1.6606,0.003921,255.06, 461.5073
924699,1.6650,0.004622,216.38, 461.5048
924700,1.6685,0.003410,293.24, 461.5049
924701,1.6729,0.004102,243.78, 461.5055
924702,1.6768,0.003878,257.86, 461.5055
924703,1.6802,0.003475,287.75, 461.5055
924704,1.6841,0.004235,236.16, 461.5055
924705,1.6885,0.004167,239.98, 461.5055
924706,1.6924,0.003785,264.21, 461.5055
924707,1.6958,0.003774,264.96, 461.5055
924708,1.7002,0.004057,246.50, 461.5055
924709,1.7036,0.003751,266.60, 461.5055
924710,1.7075,0.003893,256.90, 461.5055
924711,1.7114,0.003659,273.27, 461.5055
924712,1.7153,0.004050,246.91, 461.5052
924713,1.7197,0.004136,241.81, 461.5055
924714,1.7231,0.003638,274.86, 461.5055
924715,1.7271,0.004049,246.96, 461.5055
924716,1.7314,0.004067,245.86, 461.5055
924717,1.7349,0.003447,290.08, 461.5055
924718,1.7388,0.004190,238.69, 461.5055
924719,1.7432,0.004172,239.67, 461.5055
924720,1.7466,0.003355,298.06, 461.5055
924721,1.7505,0.004274,233.98, 461.5055
924722,1.7544,0.003623,276.04, 461.5055
924723,1.7583,0.004081,245.01, 461.5055
924724,1.7622,0.003999,250.06, 461.5049
924725,1.7661,0.003700,270.26, 461.5052
924726,1.7700,0.004020,248.73, 461.5055
924727,1.7744,0.004099,243.96, 461.5055
924728,1.7783,0.004173,239.62, 461.5055
924729,1.7817,0.003557,281.13, 461.5052
924730,1.7861,0.004025,248.45, 461.5055
924731,1.7900,0.004075,245.38, 461.5049
924732,1.7939,0.003849,259.79, 461.5052
924733,1.7979,0.003898,256.57, 461.5055
924734,1.8018,0.003839,260.48, 461.5052
924735,1.8057,0.003995,250.34, 461.5088
924736,1.8096,0.003956,252.81, 461.5055
924737,1.8135,0.003772,265.13, 461.5055
924738,1.8169,0.003739,267.42, 461.5055
924739,1.8208,0.003762,265.82, 461.5055
924740,1.8252,0.004079,245.18, 461.5055
924741,1.8291,0.003902,256.30, 461.5055
924742,1.8325,0.003710,269.58, 461.5055
924743,1.8364,0.004036,247.75, 461.5055
924744,1.8408,0.004115,243.01, 461.5049
924745,1.8442,0.003739,267.45, 461.5055
924746,1.8486,0.004136,241.76, 461.5055
924747,1.8525,0.004088,244.59, 461.5055
924748,1.8564,0.003687,271.25, 461.5055
924749,1.8604,0.003822,261.66, 461.5049
924750,1.8643,0.004063,246.14, 461.5052
924751,1.8682,0.003665,272.86, 461.5052
924752,1.8721,0.004018,248.86, 461.5055
924753,1.8760,0.004172,239.68, 461.5055
924754,1.8799,0.003572,279.99, 461.5055
924755,1.8843,0.004473,223.54, 461.5049
924756,1.8882,0.003992,250.49, 461.5052
924757,1.8916,0.003653,273.72, 461.5052
924758,1.8955,0.003738,267.52, 461.5052
924759,1.8994,0.003714,269.24, 461.5055
924760,1.9033,0.004032,248.02, 461.5055
924761,1.9072,0.004157,240.55, 461.5055
924762,1.9111,0.003502,285.53, 461.5052
924763,1.9155,0.004457,224.36, 461.5052
924764,1.9189,0.003758,266.13, 461.5055
924765,1.9229,0.003585,278.92, 461.5055
924766,1.9272,0.004328,231.04, 461.5049
924767,1.9307,0.003623,276.01, 461.5055
924768,1.9346,0.004111,243.23, 461.5055
924769,1.9385,0.003722,268.66, 461.5055
924770,1.9429,0.004290,233.11, 461.5055
924771,1.9463,0.003690,271.02, 461.5055
924772,1.9507,0.004130,242.15, 461.5055
924773,1.9546,0.004069,245.75, 461.5055
924774,1.9585,0.003548,281.84, 461.5055
924775,1.9624,0.004092,244.36, 461.5055
924776,1.9658,0.003672,272.32, 461.5055
924777,1.9707,0.004501,222.19, 461.5212
924778,1.9741,0.003416,292.78, 461.5052
924779,1.9780,0.003919,255.17, 461.5055
924780,1.9819,0.003982,251.14, 461.5055
924781,1.9858,0.004002,249.88, 461.5055
924782,1.9893,0.003530,283.31, 461.5055
924783,1.9937,0.004177,239.39, 461.5049
924784,1.9971,0.003713,269.32, 461.5055
924785,2.0015,0.004048,247.01, 461.5055
924786,2.0054,0.003930,254.49, 461.5055
924787,2.0088,0.003646,274.25, 461.5055
924788,2.0127,0.004015,249.10, 461.5052
924789,2.0171,0.004241,235.79, 461.5055
924790,2.0210,0.003627,275.75, 461.5052
924791,2.0249,0.004178,239.35, 461.5055
924792,2.0288,0.003900,256.44, 461.5055
924793,2.0327,0.003762,265.83, 461.5052
924794,2.0366,0.004048,247.01, 461.5055
924795,2.0405,0.004036,247.79, 461.5055
924796,2.0444,0.003664,272.94, 461.5055
924797,2.0483,0.003916,255.37, 461.5049
924798,2.0522,0.004126,242.38, 461.5055
924799,2.0562,0.003620,276.21, 461.5055
924800,2.0601,0.003982,251.10, 461.5055
924801,2.0640,0.003787,264.04, 461.5052
924802,2.0679,0.003913,255.58, 461.5052
924803,2.0718,0.004174,239.60, 461.5055
924804,2.0757,0.003651,273.92, 461.5055
924805,2.0796,0.003871,258.36, 461.5055
924806,2.0835,0.004067,245.86, 461.5055
924807,2.0874,0.003843,260.21, 461.5052
924808,2.0913,0.003922,254.99, 461.5055
924809,2.0957,0.004287,233.24, 461.5055
924810,2.0991,0.003658,273.36, 461.5049
924811,2.1030,0.003881,257.69, 461.5055
924812,2.1069,0.003639,274.83, 461.5049
924813,2.1104,0.003893,256.84, 461.5055
924814,2.1147,0.004100,243.93, 461.5055
924815,2.1187,0.003851,259.68, 461.5055
924816,2.1226,0.003945,253.50, 461.5055
924817,2.1265,0.004024,248.52, 461.5052
924818,2.1304,0.003731,268.06, 461.5052
924819,2.1343,0.003969,251.93, 461.5052
924820,2.1382,0.004105,243.62, 461.5049
924821,2.1416,0.003521,284.00, 461.5055
924822,2.1460,0.004002,249.89, 461.5055
924823,2.1499,0.004148,241.07, 461.5073
924824,2.1538,0.003662,273.11, 461.5052
924825,2.1577,0.003923,254.94, 461.5297
924826,2.1616,0.003992,250.51, 461.5055
924827,2.1655,0.003859,259.15, 461.5055
924828,2.1699,0.004340,230.42, 461.5055
924829,2.1733,0.003731,268.06, 461.5055
924830,2.1772,0.003946,253.45, 461.5055
924831,2.1812,0.003925,254.80, 461.5055
924832,2.1851,0.003729,268.17, 461.5055
924833,2.1890,0.003866,258.70, 461.5049
924834,2.1934,0.004233,236.27, 461.5055
924835,2.1973,0.004171,239.74, 461.5055
924836,2.2012,0.003832,260.99, 461.5049
924837,2.2051,0.003941,253.77, 461.5055
924838,2.2090,0.003811,262.41, 461.5055
924839,2.2134,0.004323,231.32, 461.5049
924840,2.2173,0.004046,247.18, 461.5055
924841,2.2212,0.003749,266.77, 461.5052
924842,2.2256,0.004558,219.40, 461.5052
924843,2.2295,0.003944,253.53, 461.5055
924844,2.2334,0.004065,245.99, 461.5052
924845,2.2378,0.004134,241.87, 461.5055
924846,2.2417,0.004142,241.41, 461.5055
924847,2.2456,0.003682,271.60, 461.5055
924848,2.2495,0.003895,256.75, 461.5055
924849,2.2534,0.004056,246.55, 461.5055
924850,2.2573,0.003814,262.16, 461.5055
924851,2.2617,0.004421,226.20, 461.5049
924852,2.2651,0.003409,293.38, 461.5055
924853,2.2690,0.003748,266.79, 461.5055
924854,2.2729,0.004180,239.26, 461.5055
924855,2.2769,0.003983,251.07, 461.5055
924856,2.2808,0.003641,274.63, 461.5052
924857,2.2852,0.004307,232.16, 461.5049
924858,2.2886,0.003461,288.94, 461.5052
924859,2.2925,0.004008,249.51, 461.5052
924860,2.2964,0.003931,254.41, 461.5055
924861,2.3003,0.003789,263.91, 461.5052
924862,2.3042,0.004057,246.50, 461.5052
924863,2.3081,0.003849,259.81, 461.5055
924864,2.3120,0.003872,258.26, 461.5055
924865,2.3164,0.004243,235.69, 461.5055
924866,2.3203,0.003951,253.08, 461.5052
924867,2.3242,0.003844,260.18, 461.5055
924868,2.3276,0.003417,292.66, 461.5055
924869,2.3311,0.003700,270.31, 461.5052
924870,2.3354,0.004216,237.17, 461.5055
924871,2.3394,0.003942,253.69, 461.5055
924872,2.3433,0.003823,261.58, 461.5055
924873,2.3472,0.004028,248.27, 461.5052
924874,2.3511,0.003940,253.81, 461.5052
924875,2.3550,0.003777,264.75, 461.5055
924876,2.3589,0.004059,246.37, 461.5055
924877,2.3628,0.004016,249.03, 461.5055
924878,2.3667,0.003590,278.57, 461.5055
924879,2.3706,0.004114,243.08, 461.5055
924880,2.3745,0.003928,254.56, 461.5055
924881,2.3789,0.004091,244.46, 461.5055
924882,2.3823,0.003608,277.13, 461.5055
924883,2.3867,0.004325,231.22, 461.5055
924884,2.3901,0.003499,285.79, 461.5049
924885,2.3940,0.004025,248.47, 461.5055
924886,2.3979,0.003595,278.13, 461.5055
924887,2.4019,0.003985,250.95, 461.5055
924888,2.4058,0.004124,242.48, 461.5055
924889,2.4097,0.003618,276.39, 461.5052
924890,2.4136,0.004092,244.39, 461.5055
924891,2.4175,0.004064,246.06, 461.5055
924892,2.4214,0.003704,269.97, 461.5055
924893,2.4248,0.003709,269.65, 461.5052
924894,2.4287,0.003811,262.41, 461.5055
924895,2.4331,0.004051,246.87, 461.5055
924896,2.4370,0.004114,243.06, 461.5055
924897,2.4404,0.003442,290.57, 461.5052
924898,2.4448,0.004492,222.61, 461.5049
924899,2.4487,0.003863,258.87, 461.5055
924900,2.4526,0.003728,268.25, 461.5049
924901,2.4565,0.003945,253.49, 461.5055
924902,2.4604,0.004064,246.09, 461.5055
924903,2.4644,0.004059,246.39, 461.5052
924904,2.4683,0.003705,269.88, 461.5055
924905,2.4727,0.004237,236.04, 461.5055
924906,2.4756,0.003259,306.89, 461.5049
924907,2.4805,0.004603,217.26, 461.5055
924908,2.4844,0.003759,266.03, 461.5055
924909,2.4878,0.003476,287.65, 461.5055
924910,2.4917,0.004002,249.91, 461.5055
924911,2.4956,0.004080,245.09, 461.5052
924912,2.4995,0.003970,251.90, 461.5055
924913,2.5039,0.004349,229.95, 461.5055
924914,2.5078,0.003591,278.47, 461.5055
924915,2.5117,0.004042,247.40, 461.5055
924916,2.5156,0.003948,253.30, 461.5055
924917,2.5195,0.003686,271.29, 461.5055
924918,2.5234,0.004190,238.67, 461.5052
924919,2.5273,0.003940,253.83, 461.5049
924920,2.5313,0.003742,267.21, 461.5055
924921,2.5352,0.004002,249.85, 461.5055
924922,2.5391,0.004062,246.19, 461.5055
924923,2.5430,0.003925,254.79, 461.5055
924924,2.5464,0.003469,288.30, 461.5055
924925,2.5508,0.004319,231.55, 461.5052
924926,2.5547,0.003687,271.25, 461.5049
924927,2.5586,0.004022,248.66, 461.5055
924928,2.5630,0.004163,240.21, 461.5055
924929,2.5669,0.003872,258.24, 461.5052
924930,2.5703,0.003734,267.78, 461.5055
924931,2.5742,0.003650,273.98, 461.5052
924932,2.5776,0.003744,267.12, 461.5052
924933,2.5820,0.004308,232.13, 461.5055
924934,2.5854,0.003441,290.59, 461.5055
924935,2.5898,0.004330,230.97, 461.5055
924936,2.5938,0.003930,254.43, 461.5055
924937,2.5977,0.003789,263.94, 461.5055
924938,2.6016,0.003911,255.68, 461.5049
924939,2.6055,0.003702,270.14, 461.5055
924940,2.6094,0.004074,245.44, 461.5055
924941,2.6133,0.004010,249.41, 461.5055
924942,2.6172,0.003688,271.16, 461.5055
924943,2.6211,0.004043,247.33, 461.5055
924944,2.6250,0.004094,244.26, 461.5055
924945,2.6294,0.004123,242.56, 461.5052
924946,2.6328,0.003643,274.48, 461.5052
924947,2.6372,0.004207,237.68, 461.5055
924948,2.6406,0.003546,282.05, 461.5055
924949,2.6445,0.003978,251.39, 461.5055
924950,2.6489,0.004099,243.96, 461.5055
924951,2.6523,0.003603,277.57, 461.5055
924952,2.6563,0.003968,252.02, 461.5055
924953,2.6606,0.004222,236.85, 461.5055
924954,2.6641,0.003412,293.07, 461.5049
924955,2.6680,0.004204,237.89, 461.5202
924956,2.6714,0.003429,291.60, 461.5055
924957,2.6758,0.004241,235.82, 461.5055
924958,2.6802,0.004168,239.95, 461.5055
924959,2.6841,0.004003,249.81, 461.5049
924960,2.6880,0.003855,259.42, 461.5049
924961,2.6919,0.004150,240.99, 461.5049
924962,2.6953,0.003447,290.10, 461.5055
924963,2.6992,0.003947,253.36, 461.5055
924964,2.7036,0.004046,247.15, 461.5055
924965,2.7070,0.003778,264.72, 461.5055
924966,2.7109,0.003888,257.21, 461.5055
924967,2.7153,0.004086,244.74, 461.5055
924968,2.7188,0.003590,278.58, 461.5055
924969,2.7231,0.004138,241.66, 461.5055
924970,2.7271,0.004075,245.42, 461.5049
924971,2.7305,0.003654,273.65, 461.5055
924972,2.7349,0.004194,238.44, 461.5052
924973,2.7388,0.003738,267.52, 461.5055
924974,2.7427,0.004076,245.33, 461.5052
924975,2.7466,0.003967,252.07, 461.5055
924976,2.7505,0.003643,274.50, 461.5055
924977,2.7549,0.004428,225.82, 461.5052
924978,2.7583,0.003828,261.25, 461.5055
924979,2.7622,0.003533,283.09, 461.5055
924980,2.7661,0.004207,237.68, 461.5049
924981,2.7700,0.003843,260.19, 461.5055
924982,2.7739,0.003755,266.33, 461.5055
924983,2.7778,0.004014,249.12, 461.5055
924984,2.7817,0.004017,248.92, 461.5055
924985,2.7856,0.003886,257.35, 461.5052
924986,2.7896,0.003999,250.04, 461.5049
924987,2.7939,0.004141,241.52, 461.5055
924988,2.7974,0.003553,281.49, 461.5049
924989,2.8013,0.003880,257.73, 461.5055
924990,2.8052,0.003864,258.77, 461.5049
924991,2.8091,0.004036,247.77, 461.5049
924992,2.8130,0.003915,255.46, 461.5055
924993,2.8169,0.003656,273.52, 461.5055
924994,2.8208,0.003886,257.33, 461.5052
924995,2.8252,0.004305,232.28, 461.5052
924996,2.8291,0.003896,256.66, 461.5049
924997,2.8325,0.003722,268.67, 461.5049
924998,2.8369,0.004072,245.59, 461.5055
924999,2.8403,0.003577,279.59, 461.5049
925000,2.8442,0.003925,254.78, 461.5055
925001,2.8481,0.003773,265.08, 461.5055
925002,2.8521,0.003902,256.25, 461.5055
925003,2.8560,0.003952,253.01, 461.5055
925004,2.8594,0.003727,268.33, 461.5055
925005,2.8638,0.004144,241.30, 461.5055
925006,2.8677,0.003966,252.17, 461.5055
925007,2.8711,0.003631,275.41, 461.5055
925008,2.8755,0.004108,243.42, 461.5055
925009,2.8794,0.003965,252.20, 461.5055
925010,2.8833,0.003818,261.91, 461.5055
925011,2.8872,0.003944,253.52, 461.5049
925012,2.8911,0.003971,251.84, 461.5055
925013,2.8950,0.003839,260.48, 461.5055
925014,2.8989,0.003892,256.94, 461.5052
925015,2.9033,0.004265,234.46, 461.5055
925016,2.9067,0.003600,277.77, 461.5055
925017,2.9106,0.004017,248.97, 461.5049
925018,2.9141,0.003420,292.41, 461.5055
925019,2.9185,0.004540,220.28, 461.5049
925020,2.9224,0.003874,258.12, 461.5055
925021,2.9263,0.003621,276.15, 461.5055
925022,2.9302,0.003989,250.67, 461.5055
925023,2.9341,0.003997,250.18, 461.5055
925024,2.9375,0.003423,292.12, 461.5055
925025,2.9419,0.004323,231.34, 461.5052
925026,2.9458,0.003697,270.47, 461.5049
925027,2.9497,0.004014,249.11, 461.5055
925028,2.9536,0.003988,250.78, 461.5055
925029,2.9570,0.003614,276.67, 461.5055
925030,2.9609,0.003976,251.50, 461.5055
925031,2.9653,0.004096,244.12, 461.5055
925032,2.9692,0.003732,267.93, 461.5055
925033,2.9731,0.004087,244.70, 461.5098
925034,2.9771,0.003969,251.93, 461.5049
925035,2.9810,0.003657,273.43, 461.5049
925036,2.9849,0.004100,243.93, 461.5055
925037,2.9888,0.004098,244.02, 461.5055
925038,2.9927,0.003984,250.99, 461.5052
925039,2.9966,0.003623,276.04, 461.5055
925040,3.0005,0.003969,251.97, 461.5055
925041,3.0044,0.003680,271.71, 461.5049
925042,3.0083,0.004074,245.48, 461.5052
925043,3.0117,0.003626,275.79, 461.5055
925044,3.0161,0.004055,246.59, 461.5055
925045,3.0200,0.004003,249.81, 461.5055
925046,3.0239,0.003763,265.74, 461.5055
925047,3.0278,0.004008,249.49, 461.5055
925048,3.0317,0.003929,254.51, 461.5055
925049,3.0356,0.003767,265.44, 461.5055
925050,3.0396,0.004021,248.73, 461.5052
925051,3.0435,0.004062,246.17, 461.5055
925052,3.0469,0.003588,278.70, 461.5055
925053,3.0508,0.003935,254.11, 461.5052
925054,3.0552,0.004188,238.76, 461.5055
925055,3.0591,0.003668,272.60, 461.5055
925056,3.0630,0.004168,239.92, 461.5052
925057,3.0669,0.004090,244.52, 461.5055
925058,3.0708,0.003780,264.54, 461.5052
925059,3.0747,0.003960,252.51, 461.5049
925060,3.0781,0.003416,292.74, 461.5052
925061,3.0825,0.004177,239.39, 461.5055
925062,3.0864,0.004091,244.46, 461.5052
925063,3.0898,0.003319,301.31, 461.5055
925064,3.0942,0.004246,235.50, 461.5055
925065,3.0981,0.004103,243.70, 461.5055
925066,3.1021,0.003854,259.49, 461.5049
925067,3.1060,0.003834,260.86, 461.5055
925068,3.1094,0.003564,280.60, 461.5055
925069,3.1138,0.004064,246.04, 461.5680
925070,3.1177,0.004081,245.04, 461.5055
925071,3.1211,0.003598,277.94, 461.5055
925072,3.1250,0.003996,250.28, 461.5055
925073,3.1294,0.004292,233.02, 461.5052
925074,3.1328,0.003494,286.25, 461.5055
925075,3.1372,0.004230,236.40, 461.5055
925076,3.1411,0.003928,254.59, 461.5055
925077,3.1450,0.003824,261.49, 461.5055
925078,3.1489,0.003780,264.54, 461.5052
925079,3.1528,0.004195,238.36, 461.5073
925080,3.1567,0.003567,280.33, 461.5055
925081,3.1606,0.003958,252.67, 461.5055
925082,3.1646,0.004099,243.95, 461.5055
925083,3.1685,0.003682,271.61, 461.5055
925084,3.1724,0.004088,244.64, 461.5055
925085,3.1758,0.003545,282.06, 461.5055
925086,3.1802,0.004146,241.17, 461.5052
925087,3.1841,0.004019,248.82, 461.5055
925088,3.1875,0.003616,276.58, 461.5055
925089,3.1919,0.004071,245.67, 461.5055
925090,3.1958,0.004115,243.04, 461.5055
925091,3.1997,0.003759,266.06, 461.5055
925092,3.2036,0.004043,247.35, 461.5055
925093,3.2075,0.003997,250.19, 461.5055
925094,3.2119,0.004132,242.02, 461.5055
925095,3.2158,0.003822,261.64, 461.5049
925096,3.2192,0.003526,283.58, 461.5055
925097,3.2231,0.004140,241.55, 461.5055
925098,3.2275,0.004233,236.25, 461.5049
925099,3.2314,0.004178,239.35, 461.5055
925100,3.2349,0.003424,292.04, 461.5052
925101,3.2393,0.004113,243.12, 461.5055
925102,3.2441,0.005107,195.81, 461.5054
925103,3.2476,0.003095,323.12, 461.5049
925104,3.2520,0.004360,229.34, 461.5083
925105,3.2559,0.004262,234.62, 461.5055
925106,3.2603,0.003989,250.68, 461.5052
925107,3.2642,0.003940,253.81, 461.5073
925108,3.2676,0.003621,276.20, 461.5052
925109,3.2715,0.003932,254.34, 461.5052
925110,3.2759,0.004179,239.31, 461.5055
925111,3.2798,0.004124,242.50, 461.5055
925112,3.2837,0.003660,273.25, 461.5055
925113,3.2881,0.004468,223.80, 461.5049
925114,3.2920,0.003815,262.10, 461.5049
925115,3.2959,0.003921,255.03, 461.5055
925116,3.2993,0.003428,291.68, 461.5055
925117,3.3027,0.003837,260.63, 461.5055
925118,3.3071,0.004040,247.52, 461.5055
925119,3.3110,0.003943,253.59, 461.5052
925120,3.3149,0.003826,261.34, 461.5055
925121,3.3188,0.003937,254.02, 461.5055
925122,3.3228,0.004124,242.51, 461.5052
925123,3.3267,0.003658,273.35, 461.5055
925124,3.3306,0.003947,253.39, 461.5055
925125,3.3340,0.003678,271.92, 461.5052
925126,3.3384,0.004172,239.70, 461.5049
925127,3.3423,0.003931,254.37, 461.5055
925128,3.3457,0.003666,272.76, 461.5055
925129,3.3496,0.003802,263.03, 461.5055
925130,3.3540,0.004313,231.85, 461.5055
925131,3.3579,0.003706,269.83, 461.5055
925132,3.3618,0.003940,253.80, 461.5055
925133,3.3657,0.004061,246.24, 461.5055
925134,3.3696,0.003830,261.12, 461.5049
925135,3.3735,0.003955,252.86, 461.5055
925136,3.3774,0.003947,253.33, 461.5055
925137,3.3813,0.003724,268.56, 461.5052
925138,3.3853,0.004189,238.74, 461.5049
925139,3.3892,0.003840,260.43, 461.5055
925140,3.3931,0.003970,251.90, 461.5055
925141,3.3975,0.004144,241.30, 461.5052
925142,3.4009,0.003603,277.57, 461.5055
925143,3.4048,0.003995,250.31, 461.5055
925144,3.4092,0.004059,246.34, 461.5055
925145,3.4126,0.003651,273.87, 461.5052
925146,3.4165,0.003776,264.82, 461.5055
925147,3.4209,0.004415,226.49, 461.5049
925148,3.4243,0.003296,303.37, 461.5055
925149,3.4282,0.004254,235.09, 461.5052
925150,3.4321,0.003983,251.04, 461.5055
925151,3.4360,0.003700,270.24, 461.5055
925152,3.4399,0.003981,251.21, 461.5049
925153,3.4438,0.003709,269.59, 461.5055
925154,3.4478,0.004071,245.63, 461.5049
925155,3.4517,0.003740,267.40, 461.5049
925156,3.4556,0.003906,255.99, 461.5055
925157,3.4595,0.004057,246.51, 461.5052
925158,3.4634,0.004107,243.47, 461.5055
925159,3.4678,0.004149,241.04, 461.5055
925160,3.4717,0.004017,248.92, 461.5055
925161,3.4761,0.004274,233.99, 461.5049
925162,3.4800,0.003729,268.15, 461.5049
925163,3.4834,0.003766,265.57, 461.5055
925164,3.4878,0.004060,246.31, 461.5055
925165,3.4912,0.003562,280.78, 461.5055
925166,3.4951,0.004072,245.61, 461.5055
925167,3.4990,0.003977,251.44, 461.5055
925168,3.5029,0.003696,270.54, 461.5055
925169,3.5068,0.004124,242.50, 461.5055
925170,3.5107,0.003502,285.53, 461.5055
925171,3.5146,0.004123,242.57, 461.5055
925172,3.5186,0.003995,250.33, 461.5055
925173,3.5225,0.003776,264.81, 461.5055
925174,3.5264,0.003961,252.44, 461.5055
925175,3.5303,0.004008,249.53, 461.5055
925176,3.5342,0.003702,270.13, 461.5055
925177,3.5381,0.004214,237.30, 461.5049
925178,3.5425,0.003965,252.18, 461.5052
925179,3.5459,0.003416,292.77, 461.5055
925180,3.5498,0.004178,239.34, 461.5055
925181,3.5542,0.004097,244.09, 461.5055
925182,3.5576,0.003605,277.40, 461.5055
925183,3.5615,0.004033,247.97, 461.5055
925184,3.5659,0.004415,226.48, 461.5055
925185,3.5698,0.003684,271.43, 461.5055
925186,3.5732,0.003731,268.03, 461.5055
925187,3.5776,0.003965,252.19, 461.5055
925188,3.5815,0.004139,241.60, 461.5055
925189,3.5854,0.003847,259.94, 461.5055
925190,3.5889,0.003443,290.47, 461.5055
925191,3.5928,0.004058,246.42, 461.5055
925192,3.5972,0.004227,236.59, 461.5055
925193,3.6006,0.003689,271.11, 461.5055
925194,3.6050,0.004008,249.52, 461.5055
925195,3.6089,0.004122,242.62, 461.5055
925196,3.6123,0.003595,278.16, 461.5052
925197,3.6167,0.003979,251.34, 461.5052
925198,3.6206,0.004209,237.58, 461.5055
925199,3.6240,0.003542,282.33, 461.5055
925200,3.6284,0.004012,249.24, 461.5055
925201,3.6328,0.004324,231.29, 461.5052
925202,3.6357,0.003343,299.10, 461.5055
925203,3.6406,0.004744,210.81, 461.5052
925204,3.6440,0.003299,303.09, 461.5055
925205,3.6479,0.004115,243.01, 461.5055
925206,3.6519,0.003835,260.76, 461.5055
925207,3.6558,0.003775,264.93, 461.5055
925208,3.6597,0.003964,252.26, 461.5055
925209,3.6641,0.004204,237.85, 461.5055
925210,3.6670,0.003342,299.21, 461.5055
925211,3.6719,0.004688,213.32, 461.5049
925212,3.6753,0.003533,283.04, 461.5055
925213,3.6792,0.003691,270.91, 461.5055
925214,3.6831,0.004136,241.80, 461.5055
925215,3.6870,0.003547,281.94, 461.5055
925216,3.6909,0.004073,245.54, 461.5055
925217,3.6948,0.004060,246.28, 461.5055
925218,3.6987,0.003651,273.91, 461.5055
925219,3.7031,0.004306,232.22, 461.5055
925220,3.7065,0.003808,262.59, 461.5055
925221,3.7109,0.004024,248.49, 461.5055
925222,3.7144,0.003585,278.91, 461.5055
925223,3.7183,0.004142,241.45, 461.5055
925224,3.7222,0.003692,270.88, 461.5052
925225,3.7261,0.004060,246.32, 461.5052
925226,3.7300,0.003941,253.76, 461.5049
925227,3.7339,0.003669,272.55, 461.5052
925228,3.7378,0.003993,250.42, 461.5055
925229,3.7417,0.004034,247.88, 461.5055
925230,3.7456,0.003683,271.49, 461.5052
925231,3.7495,0.003999,250.07, 461.5055
925232,3.7529,0.003621,276.19, 461.5055
925233,3.7578,0.004436,225.44, 461.5052
925234,3.7612,0.003671,272.44, 461.5055
925235,3.7651,0.003758,266.08, 461.5052
925236,3.7690,0.003952,253.02, 461.5049
925237,3.7734,0.004270,234.19, 461.5055
925238,3.7769,0.003619,276.35, 461.5052
925239,3.7808,0.004093,244.33, 461.5055
925240,3.7852,0.003996,250.26, 461.5049
925241,3.7886,0.003531,283.24, 461.5049
925242,3.7930,0.004272,234.08, 461.5052
925243,3.7969,0.003926,254.73, 461.5055
925244,3.8008,0.003907,255.98, 461.5049
925245,3.8042,0.003853,259.52, 461.5052
925246,3.8086,0.003979,251.30, 461.5055
925247,3.8120,0.003610,277.02, 461.5055
925248,3.8164,0.004226,236.66, 461.5049
925249,3.8198,0.003514,284.61, 461.5055
925250,3.8237,0.004064,246.08, 461.5055
925251,3.8281,0.004114,243.10, 461.5049
925252,3.8315,0.003657,273.46, 461.5055
925253,3.8354,0.003986,250.88, 461.5055
925254,3.8394,0.003930,254.48, 461.5055
925255,3.8433,0.003717,269.07, 461.5055
925256,3.8472,0.003978,251.36, 461.5055
925257,3.8511,0.004062,246.17, 461.5052
925258,3.8550,0.003625,275.85, 461.5052
925259,3.8589,0.004187,238.86, 461.5049
925260,3.8623,0.003336,299.79, 461.5055
925261,3.8662,0.003998,250.13, 461.5052
925262,3.8706,0.004361,229.30, 461.5055
925263,3.8745,0.003591,278.51, 461.5052
925264,3.8784,0.004037,247.74, 461.5055
925265,3.8823,0.004155,240.67, 461.5052
925266,3.8862,0.003644,274.45, 461.5052
925267,3.8901,0.003945,253.48, 461.5055
925268,3.8940,0.004075,245.42, 461.5055
925269,3.8979,0.003718,269.00, 461.5055
925270,3.9019,0.004009,249.43, 461.5052
925271,3.9063,0.004105,243.60, 461.5055
925272,3.9097,0.003393,294.73, 461.5055
925273,3.9141,0.004624,216.24, 461.5049
925274,3.9180,0.003692,270.85, 461.5049
925275,3.9214,0.003555,281.26, 461.5052
925276,3.9253,0.004106,243.53, 461.5055
925277,3.9292,0.003609,277.10, 461.5055
925278,3.9331,0.003969,251.98, 461.5055
925279,3.9370,0.004196,238.32, 461.5055
925280,3.9404,0.003423,292.16, 461.5055
925281,3.9453,0.004495,222.48, 461.5055
925282,3.9487,0.003484,287.06, 461.5055
925283,3.9526,0.004100,243.90, 461.5055
925284,3.9565,0.003971,251.84, 461.5055
925285,3.9604,0.003564,280.61, 461.5055
925286,3.9644,0.004126,242.38, 461.5055
925287,3.9683,0.003914,255.49, 461.5055
925288,3.9722,0.003662,273.08, 461.5052
925289,3.9761,0.004140,241.53, 461.5055
925290,3.9800,0.003960,252.53, 461.5055
925291,3.9839,0.003862,258.95, 461.5049
925292,3.9878,0.003910,255.75, 461.5055
925293,3.9917,0.003875,258.08, 461.5055
925294,3.9956,0.003794,263.61, 461.5055
925295,3.9995,0.003968,251.99, 461.5052
925296,4.0034,0.004200,238.09, 461.5055
925297,4.0073,0.003521,284.01, 461.5055
925298,4.0112,0.004053,246.73, 461.5055
925299,4.0156,0.004257,234.91, 461.5055
925300,4.0195,0.003825,261.42, 461.5055
925301,4.0229,0.003620,276.26, 461.5055
925302,4.0264,0.003645,274.34, 461.5052
925303,4.0308,0.004056,246.53, 461.5055
925304,4.0347,0.004023,248.58, 461.5055
925305,4.0386,0.003881,257.70, 461.5055
925306,4.0425,0.003882,257.61, 461.5049
925307,4.0464,0.003908,255.91, 461.5055
925308,4.0503,0.003958,252.63, 461.5055
925309,4.0542,0.003925,254.75, 461.5055
925310,4.0581,0.004063,246.11, 461.5055
925311,4.0620,0.003580,279.33, 461.5055
925312,4.0659,0.003976,251.51, 461.5052
925313,4.0698,0.003822,261.66, 461.5055
925314,4.0737,0.003968,252.04, 461.5055
925315,4.0776,0.003842,260.27, 461.5055
925316,4.0815,0.003948,253.28, 461.5055
925317,4.0854,0.003926,254.74, 461.5055
925318,4.0894,0.004073,245.50, 461.5055
925319,4.0933,0.003662,273.05, 461.5049
925320,4.0977,0.004626,216.18, 461.5052
925321,4.1011,0.003285,304.46, 461.5055
925322,4.1050,0.003824,261.51, 461.5049
925323,4.1094,0.004747,210.66, 461.5055
925324,4.1133,0.003522,283.90, 461.5055
925325,4.1167,0.003797,263.36, 461.5055
925326,4.1206,0.003969,251.97, 461.5055
925327,4.1250,0.004057,246.51, 461.5055
925328,4.1289,0.003888,257.21, 461.5052
925329,4.1328,0.004140,241.56, 461.5049
925330,4.1362,0.003393,294.71, 461.5055
925331,4.1406,0.004305,232.28, 461.5052
925332,4.1445,0.003732,267.97, 461.5055
925333,4.1479,0.003615,276.60, 461.5064
925334,4.1519,0.003853,259.53, 461.5172
925335,4.1558,0.004099,243.94, 461.5073
925336,4.1597,0.003703,270.08, 461.5055
925337,4.1636,0.004116,242.94, 461.5055
925338,4.1675,0.003923,254.91, 461.5055
925339,4.1714,0.003728,268.23, 461.5055
925340,4.1753,0.004104,243.65, 461.5055
925341,4.1797,0.004101,243.84, 461.5055
925342,4.1831,0.003546,282.04, 461.5052
925343,4.1875,0.004221,236.90, 461.5055
925344,4.1914,0.004067,245.88, 461.5055
925345,4.1953,0.003923,254.91, 461.5055
925346,4.1992,0.003779,264.66, 461.5055
925347,4.2026,0.003701,270.17, 461.5055
925348,4.2065,0.003966,252.14, 461.5055
925349,4.2109,0.003964,252.25, 461.5052
925350,4.2144,0.003700,270.25, 461.5055
925351,4.2183,0.003979,251.30, 461.5052
925352,4.2231,0.004875,205.14, 461.5049
925353,4.2266,0.003309,302.18, 461.5055
925354,4.2305,0.003944,253.54, 461.5055
925355,4.2349,0.004223,236.81, 461.5049
925356,4.2388,0.004116,242.96, 461.5049
925357,4.2422,0.003479,287.47, 461.5055
925358,4.2466,0.004223,236.82, 461.5055
925359,4.2505,0.004000,249.98, 461.5049
925360,4.2549,0.004436,225.43, 461.5055
925361,4.2593,0.004096,244.15, 461.5055
925362,4.2627,0.003568,280.27, 461.5055
925363,4.2666,0.003923,254.89, 461.5143
925364,4.2710,0.004160,240.40, 461.5052
925365,4.2749,0.003967,252.05, 461.5055
925366,4.2788,0.004132,242.04, 461.5049
925367,4.2827,0.003949,253.24, 461.5055
925368,4.2866,0.003615,276.62, 461.5055
925369,4.2910,0.004459,224.25, 461.5049
925370,4.2944,0.003559,280.97, 461.5055
925371,4.2983,0.004072,245.60, 461.5052
925372,4.3027,0.004070,245.69, 461.5055
925373,4.3062,0.003564,280.57, 461.5055
925374,4.3101,0.003836,260.68, 461.5052
925375,4.3145,0.004213,237.37, 461.5055
925376,4.3179,0.003746,266.97, 461.5055
925377,4.3218,0.003991,250.56, 461.5055
925378,4.3262,0.004011,249.32, 461.5052
925379,4.3296,0.003634,275.22, 461.5055
925380,4.3340,0.004165,240.07, 461.5055
925381,4.3379,0.003977,251.46, 461.5055
925382,4.3413,0.003783,264.38, 461.5055
925383,4.3452,0.003672,272.36, 461.5055
925384,4.3496,0.004489,222.75, 461.5049
925385,4.3535,0.003600,277.80, 461.5055
925386,4.3579,0.004579,218.39, 461.5049
925387,4.3608,0.003117,320.87, 461.5055
925388,4.3652,0.004324,231.25, 461.5049
925389,4.3691,0.003780,264.54, 461.5055
925390,4.3730,0.003954,252.93, 461.5055
925391,4.3774,0.004253,235.15, 461.5052
925392,4.3813,0.003818,261.90, 461.5055
925393,4.3853,0.003909,255.81, 461.5052
925394,4.3892,0.004003,249.83, 461.5055
925395,4.3931,0.003963,252.34, 461.5055
925396,4.3965,0.003723,268.57, 461.5055
925397,4.4009,0.003965,252.21, 461.5055
925398,4.4048,0.004139,241.63, 461.5055
925399,4.4082,0.003620,276.27, 461.5055
925400,4.4126,0.004238,235.97, 461.5052
925401,4.4165,0.003828,261.21, 461.5055
925402,4.4199,0.003621,276.14, 461.5055
925403,4.4243,0.004117,242.91, 461.5055
925404,4.4277,0.003667,272.68, 461.5055
925405,4.4321,0.004060,246.31, 461.5055
925406,4.4360,0.003888,257.19, 461.5073
925407,4.4395,0.003640,274.72, 461.5055
925408,4.4438,0.004175,239.52, 461.5052
925409,4.4478,0.004293,232.94, 461.5055
925410,4.4517,0.003561,280.84, 461.5049
925411,4.4556,0.004102,243.81, 461.5055
925412,4.4595,0.003997,250.16, 461.5055
925413,4.4634,0.003852,259.59, 461.5055
925414,4.4673,0.003682,271.57, 461.5055
925415,4.4712,0.004268,234.29, 461.5055
925416,4.4751,0.003637,274.98, 461.5055
925417,4.4800,0.004969,201.24, 461.5048
925418,4.4829,0.003015,331.65, 461.5052
925419,4.4868,0.003706,269.82, 461.5055
925420,4.4907,0.004124,242.49, 461.5052
925421,4.4946,0.003714,269.24, 461.5052
925422,4.4985,0.003905,256.08, 461.5055
925423,4.5024,0.003900,256.40, 461.5055
925424,4.5063,0.003923,254.92, 461.5055
925425,4.5107,0.004445,224.99, 461.5049
925426,4.5142,0.003592,278.39, 461.5055
925427,4.5181,0.003669,272.58, 461.5055
925428,4.5220,0.004149,241.03, 461.5049
925429,4.5264,0.003962,252.42, 461.5055
925430,4.5298,0.003435,291.09, 461.5078
925431,4.5337,0.004201,238.02, 461.5049
925432,4.5376,0.003808,262.64, 461.5055
925433,4.5415,0.004160,240.41, 461.5052
925434,4.5454,0.003850,259.73, 461.5052
925435,4.5493,0.003691,270.92, 461.5055
925436,4.5532,0.004029,248.20, 461.5133
925437,4.5571,0.004035,247.83, 461.5055
925438,4.5610,0.003649,274.05, 461.5055
925439,4.5654,0.004418,226.35, 461.5049
925440,4.5703,0.005120,195.33, 461.5048
925441,4.5742,0.003730,268.13, 461.5048
925442,4.5776,0.003573,279.90, 461.5048
925443,4.5811,0.003256,307.11, 461.5055
925444,4.5845,0.003251,307.61, 461.5052
925445,4.5884,0.004233,236.23, 461.5052
925446,4.5928,0.004003,249.84, 461.5052
925447,4.5962,0.003622,276.11, 461.5055
925448,4.6006,0.004164,240.18, 461.5049
925449,4.6035,0.003340,299.42, 461.5055
925450,4.6079,0.004221,236.93, 461.5052
925451,4.6118,0.004102,243.81, 461.5049
925452,4.6157,0.003623,276.01, 461.5049
925453,4.6196,0.003950,253.17, 461.5055
925454,4.6235,0.004156,240.63, 461.5055
925455,4.6270,0.003377,296.09, 461.5055
925456,4.6313,0.004178,239.37, 461.5052
925457,4.6353,0.004062,246.19, 461.5055
925458,4.6392,0.003582,279.16, 461.5055
925459,4.6436,0.004594,217.70, 461.5052
925460,4.6470,0.003480,287.34, 461.5055
925461,4.6509,0.003724,268.51, 461.5055
925462,4.6548,0.004199,238.16, 461.5055
925463,4.6587,0.003833,260.87, 461.5055
925464,4.6626,0.003897,256.61, 461.5055
925465,4.6665,0.003986,250.85, 461.5055
925466,4.6704,0.003704,270.01, 461.5055
925467,4.6743,0.004045,247.23, 461.5052
925468,4.6787,0.004071,245.66, 461.5055
925469,4.6821,0.003688,271.14, 461.5055
925470,4.6860,0.004016,249.02, 461.5055
925471,4.6904,0.004104,243.66, 461.5055
925472,4.6938,0.003784,264.28, 461.5055
925473,4.6978,0.003904,256.14, 461.5055
925474,4.7012,0.003424,292.02, 461.5158
925475,4.7056,0.004327,231.13, 461.5055
925476,4.7095,0.003769,265.33, 461.5055
925477,4.7134,0.003801,263.10, 461.5049
925478,4.7173,0.004220,236.94, 461.5052
925479,4.7217,0.003940,253.81, 461.5055
925480,4.7251,0.003656,273.49, 461.5055
925481,4.7290,0.003934,254.22, 461.5055
925482,4.7334,0.004168,239.95, 461.5055
925483,4.7368,0.003674,272.21, 461.5055
925484,4.7407,0.003964,252.30, 461.5055
925485,4.7446,0.004020,248.79, 461.5055
925486,4.7485,0.003735,267.74, 461.5055
925487,4.7524,0.003901,256.36, 461.5055
925488,4.7563,0.004079,245.18, 461.5055
925489,4.7607,0.004054,246.66, 461.5052
925490,4.7642,0.003648,274.16, 461.5055
925491,4.7681,0.003654,273.65, 461.5055
925492,4.7720,0.004009,249.46, 461.5055
925493,4.7759,0.004121,242.67, 461.5055
925494,4.7798,0.003763,265.77, 461.5052
925495,4.7837,0.003907,255.97, 461.5055
925496,4.7881,0.004231,236.36, 461.5055
925497,4.7915,0.003727,268.35, 461.5049
925498,4.7954,0.003878,257.90, 461.5055
925499,4.7998,0.004082,245.00, 461.5055
925500,4.8037,0.004157,240.53, 461.5055
925501,4.8071,0.003360,297.60, 461.5052
925502,4.8110,0.003791,263.76, 461.5052
925503,4.8149,0.003906,256.02, 461.5055
925504,4.8188,0.004040,247.51, 461.5055
925505,4.8223,0.003571,280.07, 461.5049
925506,4.8267,0.003986,250.86, 461.5055
925507,4.8306,0.004309,232.06, 461.5052
925508,4.8350,0.003963,252.35, 461.5049
925509,4.8389,0.003913,255.58, 461.5049
925510,4.8428,0.003896,256.69, 461.5055
925511,4.8462,0.003592,278.37, 461.5055
925512,4.8501,0.004010,249.40, 461.5049
925513,4.8545,0.004297,232.74, 461.5055
925514,4.8584,0.003742,267.21, 461.5055
925515,4.8618,0.003689,271.05, 461.5055
925516,4.8657,0.004044,247.27, 461.5049
925517,4.8696,0.003656,273.51, 461.5055
925518,4.8735,0.004112,243.20, 461.5055
925519,4.8774,0.003527,283.56, 461.5055
925520,4.8813,0.004046,247.16, 461.5055
925521,4.8853,0.004071,245.64, 461.5055
925522,4.8892,0.003747,266.92, 461.5049
925523,4.8931,0.003987,250.82, 461.5055
925524,4.8970,0.003896,256.66, 461.5055
925525,4.9009,0.003731,268.05, 461.5055
925526,4.9048,0.004208,237.65, 461.5049
925527,4.9087,0.003928,254.61, 461.5055
925528,4.9126,0.003746,266.98, 461.5055
925529,4.9165,0.003900,256.41, 461.5055
925530,4.9204,0.003980,251.24, 461.5049
925531,4.9248,0.004170,239.83, 461.5055
925532,4.9287,0.003909,255.81, 461.5302
925533,4.9321,0.003608,277.18, 461.5055
925534,4.9365,0.004171,239.75, 461.5055
925535,4.9404,0.003958,252.67, 461.5055
925536,4.9438,0.003733,267.88, 461.5052
925537,4.9478,0.003833,260.93, 461.5055
925538,4.9521,0.004244,235.64, 461.5055
925539,4.9556,0.003724,268.51, 461.5055
925540,4.9595,0.003896,256.69, 461.5055
925541,4.9639,0.004080,245.12, 461.5052
925542,4.9673,0.003683,271.55, 461.5055
925543,4.9717,0.004072,245.60, 461.5055
925544,4.9751,0.003601,277.71, 461.5055
925545,4.9795,0.004336,230.64, 461.5055
925546,4.9834,0.003744,267.10, 461.5055
925547,4.9868,0.003810,262.45, 461.5055
925548,4.9907,0.003931,254.38, 461.5055
925549,4.9951,0.004168,239.91, 461.5052
925550,4.9990,0.004125,242.42, 461.5055
925551,5.0029,0.003551,281.58, 461.5052
925552,5.0068,0.004094,244.27, 461.5055
925553,5.0107,0.003673,272.26, 461.5055
925554,5.0146,0.003915,255.41, 461.5055
925555,5.0186,0.004013,249.17, 461.5055
925556,5.0225,0.003770,265.26, 461.5055
925557,5.0264,0.004201,238.06, 461.5055
925558,5.0308,0.004179,239.31, 461.5049
925559,5.0342,0.003636,275.05, 461.5055
925560,5.0386,0.004112,243.20, 461.5055
925561,5.0420,0.003648,274.09, 461.5055
925562,5.0459,0.004017,248.94, 461.5055
925563,5.0498,0.003959,252.59, 461.5055
925564,5.0537,0.003579,279.38, 461.5055
925565,5.0576,0.004199,238.17, 461.5055
925566,5.0620,0.004014,249.15, 461.5052
925567,5.0654,0.003764,265.70, 461.5055
925568,5.0693,0.003840,260.42, 461.5055
925569,5.0737,0.004165,240.12, 461.5052
925570,5.0771,0.003391,294.92, 461.5055
925571,5.0815,0.004383,228.17, 461.5049
925572,5.0854,0.003915,255.46, 461.5055
925573,5.0889,0.003634,275.20, 461.5055
925574,5.0928,0.004066,245.96, 461.5052
925575,5.0972,0.004069,245.75, 461.5052
925576,5.1011,0.004002,249.86, 461.5055
925577,5.1045,0.003503,285.49, 461.5055
925578,5.1084,0.003868,258.56, 461.5055
925579,5.1128,0.004321,231.42, 461.5055
925580,5.1167,0.003824,261.48, 461.5055
925581,5.1201,0.003528,283.47, 461.5055
925582,5.1240,0.004170,239.84, 461.5055
925583,5.1279,0.003887,257.28, 461.5055
925584,5.1318,0.003925,254.76, 461.5055
925585,5.1357,0.003922,254.95, 461.5049
925586,5.1406,0.004551,219.74, 461.5055
925587,5.1440,0.003607,277.21, 461.5055
925588,5.1479,0.003954,252.91, 461.5055
925589,5.1523,0.004105,243.58, 461.5055
925590,5.1558,0.003612,276.83, 461.5055
925591,5.1602,0.004151,240.91, 461.5055
925592,5.1641,0.004120,242.74, 461.5052
925593,5.1675,0.003456,289.37, 461.5055
925594,5.1714,0.004055,246.59, 461.5052
925595,5.1753,0.003883,257.56, 461.5055
925596,5.1797,0.004012,249.23, 461.5055
925597,5.1836,0.004324,231.28, 461.5049
925598,5.1875,0.003695,270.67, 461.5049
925599,5.1914,0.004096,244.16, 461.5055
925600,5.1953,0.003708,269.69, 461.5055
925601,5.1987,0.003644,274.41, 461.5055
925602,5.2026,0.003909,255.84, 461.5052
925603,5.2070,0.004342,230.30, 461.5052
925604,5.2109,0.003588,278.71, 461.5052
925605,5.2144,0.003764,265.70, 461.5049
925606,5.2188,0.004123,242.53, 461.5055
925607,5.2222,0.003699,270.31, 461.5049
925608,5.2271,0.004667,214.28, 461.5055
925609,5.2305,0.003515,284.53, 461.5055
925610,5.2344,0.003914,255.49, 461.5049
925611,5.2393,0.004735,211.18, 461.5082
925612,5.2427,0.003473,287.93, 461.5049
925613,5.2466,0.004013,249.18, 461.5055
925614,5.2510,0.004255,235.04, 461.5049
925615,5.2549,0.003812,262.32, 461.5055
925616,5.2588,0.004196,238.31, 461.5055
925617,5.2627,0.003917,255.28, 461.5052
925618,5.2666,0.003629,275.57, 461.5055
925619,5.2705,0.004210,237.52, 461.5055
925620,5.2749,0.004432,225.62, 461.5073
925621,5.2793,0.003971,251.86, 461.5055
925622,5.2827,0.003674,272.15, 461.5055
925623,5.2871,0.004169,239.87, 461.5073
925624,5.2910,0.004178,239.34, 461.5055
925625,5.2949,0.003983,251.05, 461.5049
925626,5.2988,0.003466,288.49, 461.5055
925627,5.3022,0.003791,263.78, 461.5055
925628,5.3066,0.004024,248.52, 461.5055
925629,5.3105,0.003992,250.49, 461.5052
925630,5.3145,0.003862,258.96, 461.5055
925631,5.3184,0.003957,252.71, 461.5055
925632,5.3223,0.004077,245.31, 461.5055
925633,5.3262,0.003899,256.50, 461.5049
925634,5.3301,0.003776,264.80, 461.5049
925635,5.3335,0.003656,273.56, 461.5055
925636,5.3379,0.004046,247.14, 461.5049
925637,5.3418,0.003956,252.78, 461.5055
925638,5.3452,0.003702,270.13, 461.5055
925639,5.3491,0.004029,248.18, 461.5055
925640,5.3535,0.004073,245.53, 461.5055
925641,5.3569,0.003457,289.28, 461.5055
925642,5.3613,0.004261,234.70, 461.5052
925643,5.3652,0.004267,234.37, 461.5052
925644,5.3691,0.003578,279.49, 461.5055
925645,5.3730,0.003955,252.83, 461.5055
925646,5.3770,0.003986,250.87, 461.5055
925647,5.3804,0.003542,282.33, 461.5049
925648,5.3848,0.004217,237.14, 461.5055
925649,5.3887,0.004156,240.62, 461.5049
925650,5.3926,0.003609,277.10, 461.5052
925651,5.3965,0.004075,245.39, 461.5055
925652,5.3999,0.003299,303.10, 461.5055
925653,5.4038,0.004220,236.98, 461.5052
925654,5.4082,0.004049,246.99, 461.5055
925655,5.4116,0.003681,271.69, 461.5055
925656,5.4160,0.004040,247.54, 461.5052
925657,5.4199,0.003966,252.14, 461.5052
925658,5.4238,0.003840,260.42, 461.5049
925659,5.4277,0.004006,249.62, 461.5055
925660,5.4316,0.003846,259.98, 461.5055
925661,5.4351,0.003757,266.18, 461.5055
925662,5.4395,0.004053,246.71, 461.5055
925663,5.4429,0.003672,272.31, 461.5055
925664,5.4473,0.004089,244.58, 461.5052
925665,5.4512,0.004009,249.45, 461.5055
925666,5.4546,0.003617,276.46, 461.5055
925667,5.4590,0.004105,243.58, 461.5055
925668,5.4629,0.004126,242.37, 461.5055
925669,5.4668,0.003820,261.77, 461.5055
925670,5.4707,0.003948,253.27, 461.5073
925671,5.4746,0.004090,244.50, 461.5055
925672,5.4785,0.003601,277.70, 461.5055
925673,5.4824,0.004045,247.21, 461.5055
925674,5.4863,0.003958,252.64, 461.5052
925675,5.4902,0.003740,267.39, 461.5055
925676,5.4946,0.004509,221.77, 461.5098
925677,5.4985,0.003946,253.44, 461.5055
925678,5.5020,0.003619,276.29, 461.5055
925679,5.5063,0.004119,242.75, 461.5052
925680,5.5107,0.004225,236.66, 461.5055
925681,5.5137,0.003232,309.42, 461.5052
925682,5.5181,0.004272,234.11, 461.5055
925683,5.5220,0.003956,252.78, 461.5055
925684,5.5259,0.004004,249.74, 461.5055
925685,5.5298,0.003982,251.16, 461.5055
925686,5.5337,0.003651,273.94, 461.5052
925687,5.5376,0.004058,246.43, 461.5049
925688,5.5420,0.004123,242.52, 461.5055
925689,5.5454,0.003415,292.80, 461.5055
925690,5.5493,0.004165,240.10, 461.5055
925691,5.5537,0.004092,244.37, 461.5055
925692,5.5576,0.003900,256.44, 461.5123
925693,5.5610,0.003669,272.56, 461.5049
925694,5.5654,0.004241,235.79, 461.5052
925695,5.5688,0.003654,273.69, 461.5055
925696,5.5728,0.004040,247.51, 461.5055
925697,5.5767,0.003703,270.04, 461.5055
925698,5.5806,0.003870,258.43, 461.5055
925699,5.5845,0.004040,247.54, 461.5055
925700,5.5884,0.003780,264.58, 461.5055
925701,5.5923,0.003984,250.99, 461.5055
925702,5.5962,0.004074,245.43, 461.5055
925703,5.6001,0.003649,274.08, 461.5055
925704,5.6040,0.004033,247.94, 461.5052
925705,5.6084,0.004263,234.56, 461.5055
925706,5.6118,0.003572,279.95, 461.5055
925707,5.6157,0.003962,252.38, 461.5055
925708,5.6201,0.004014,249.12, 461.5055
925709,5.6235,0.003819,261.87, 461.5055
925710,5.6274,0.003847,259.95, 461.5049
925711,5.6318,0.004160,240.41, 461.5055
925712,5.6353,0.003605,277.38, 461.5049
925713,5.6396,0.004083,244.89, 461.5055
925714,5.6426,0.003291,303.85, 461.5055
925715,5.6470,0.004308,232.15, 461.5073
925716,5.6509,0.003992,250.50, 461.5052
925717,5.6548,0.003705,269.93, 461.5055
925718,5.6587,0.003854,259.48, 461.5055
925719,5.6626,0.004159,240.47, 461.5055
925720,5.6665,0.003812,262.36, 461.5052
925721,5.6704,0.003897,256.64, 461.5055
925722,5.6743,0.003779,264.59, 461.5055
925723,5.6782,0.003989,250.70, 461.5055
925724,5.6821,0.003949,253.23, 461.5055
925725,5.6865,0.004127,242.31, 461.5055
925726,5.6904,0.004025,248.45, 461.5055
925727,5.6943,0.004010,249.40, 461.5055
925728,5.6982,0.003984,251.02, 461.5055
925729,5.7021,0.003737,267.60, 461.5055
925730,5.7061,0.004093,244.34, 461.5055
925731,5.7100,0.003722,268.67, 461.5055
925732,5.7139,0.003876,258.00, 461.5055
925733,5.7178,0.004069,245.76, 461.5055
925734,5.7217,0.003690,270.99, 461.5055
925735,5.7256,0.004079,245.14, 461.5055
925736,5.7295,0.004031,248.07, 461.5055
925737,5.7334,0.003646,274.27, 461.5055
925738,5.7373,0.004069,245.74, 461.5052
925739,5.7407,0.003630,275.47, 461.5052
925740,5.7451,0.004061,246.23, 461.5055
925741,5.7490,0.003972,251.78, 461.5055
925742,5.7524,0.003474,287.85, 461.5055
925743,5.7568,0.004188,238.79, 461.5055
925744,5.7607,0.004135,241.85, 461.5055
925745,5.7651,0.004269,234.25, 461.5049
925746,5.7686,0.003724,268.52, 461.5049
925747,5.7725,0.003913,255.55, 461.5055
925748,5.7764,0.003474,287.82, 461.5049
925749,5.7803,0.004039,247.62, 461.5052
925750,5.7842,0.004068,245.81, 461.5052
925751,5.7881,0.003707,269.77, 461.5055
925752,5.7920,0.003937,254.01, 461.5055
925753,5.7959,0.003845,260.06, 461.5052
925754,5.7998,0.003989,250.71, 461.5055
925755,5.8037,0.004008,249.50, 461.5055
925756,5.8071,0.003594,278.27, 461.5055
925757,5.8115,0.004098,244.00, 461.5055
925758,5.8154,0.004047,247.07, 461.5055
925759,5.8193,0.003604,277.48, 461.5052
925760,5.8232,0.004098,244.05, 461.5055
925761,5.8271,0.004178,239.36, 461.5049
925762,5.8311,0.003586,278.90, 461.5049
925763,5.8350,0.004067,245.89, 461.5055
925764,5.8389,0.003995,250.30, 461.5055
925765,5.8423,0.003486,286.84, 461.5055
925766,5.8467,0.004316,231.70, 461.5049
925767,5.8506,0.003971,251.81, 461.5055
925768,5.8545,0.003681,271.67, 461.5055
925769,5.8589,0.004484,223.03, 461.5049
925770,5.8628,0.003635,275.11, 461.5049
925771,5.8662,0.003528,283.45, 461.5055
925772,5.8701,0.003971,251.80, 461.5055
925773,5.8740,0.003802,263.03, 461.5052
925774,5.8779,0.003928,254.56, 461.5055
925775,5.8818,0.004059,246.35, 461.5055
925776,5.8853,0.003445,290.28, 461.5055
925777,5.8896,0.004414,226.58, 461.5055
925778,5.8936,0.003992,250.53, 461.5055
925779,5.8970,0.003420,292.40, 461.5055
925780,5.9009,0.003951,253.09, 461.5052
925781,5.9058,0.004494,222.53, 461.5055
925782,5.9092,0.003530,283.29, 461.5052
925783,5.9131,0.003988,250.75, 461.5055
925784,5.9170,0.003636,275.06, 461.5055
925785,5.9209,0.003932,254.30, 461.5052
925786,5.9248,0.004191,238.64, 461.5055
925787,5.9287,0.003758,266.09, 461.5055
925788,5.9326,0.003801,263.11, 461.5049
925789,5.9365,0.004234,236.19, 461.5055
925790,5.9404,0.003561,280.85, 461.5055
925791,5.9443,0.004065,246.00, 461.5055
925792,5.9482,0.004118,242.81, 461.5055
925793,5.9521,0.003682,271.60, 461.5055
925794,5.9561,0.004000,250.01, 461.5055
925795,5.9604,0.004111,243.26, 461.5055
925796,5.9639,0.003564,280.56, 461.5055
925797,5.9678,0.003950,253.17, 461.5118
925798,5.9717,0.004014,249.15, 461.5055
925799,5.9756,0.003926,254.74, 461.5052
925800,5.9795,0.003800,263.16, 461.5055
925801,5.9834,0.003895,256.77, 461.5055
925802,5.9873,0.004054,246.65, 461.5055
925803,5.9917,0.004398,227.38, 461.5049
925804,5.9951,0.003343,299.13, 461.5055
925805,5.9990,0.003963,252.36, 461.5055
925806,6.0034,0.004067,245.86, 461.5055
925807,6.0073,0.003909,255.85, 461.5049
925808,6.0112,0.004085,244.78, 461.5055
925809,6.0151,0.003748,266.78, 461.5052
925810,6.0186,0.003696,270.56, 461.5055
925811,6.0229,0.004456,224.42, 461.5049
925812,6.0269,0.003634,275.19, 461.5055
925813,6.0303,0.003518,284.29, 461.5055
925814,6.0342,0.004096,244.13, 461.5055
925815,6.0381,0.003573,279.88, 461.5052
925816,6.0420,0.004152,240.84, 461.5055
925817,6.0459,0.003980,251.25, 461.5055
925818,6.0498,0.003664,272.96, 461.5055
925819,6.0537,0.004125,242.40, 461.5052
925820,6.0576,0.004014,249.14, 461.5055
925821,6.0615,0.003599,277.89, 461.5055
925822,6.0654,0.003979,251.31, 461.5055
925823,6.0698,0.004197,238.28, 461.5055
925824,6.0732,0.003561,280.84, 461.5055
925825,6.0771,0.004067,245.89, 461.5052
925826,6.0811,0.003690,271.02, 461.5055
925827,6.0850,0.004077,245.30, 461.5055
925828,6.0889,0.004028,248.29, 461.5055
925829,6.0928,0.003820,261.81, 461.5055
925830,6.0967,0.003873,258.17, 461.5055
925831,6.1006,0.003993,250.41, 461.5055
925832,6.1045,0.003749,266.71, 461.5055
925833,6.1089,0.004417,226.39, 461.5073
925834,6.1123,0.003508,285.05, 461.5052
925835,6.1162,0.003825,261.46, 461.5055
925836,6.1201,0.003992,250.51, 461.5055
925837,6.1245,0.004086,244.71, 461.5055
925838,6.1279,0.003635,275.07, 461.5055
925839,6.1318,0.003902,256.27, 461.5197
925840,6.1357,0.004035,247.81, 461.5055
925841,6.1396,0.003729,268.18, 461.5052
925842,6.1436,0.004052,246.79, 461.5055
925843,6.1475,0.003831,261.04, 461.5055
925844,6.1514,0.003949,253.25, 461.5055
925845,6.1553,0.003897,256.59, 461.5055
925846,6.1592,0.003790,263.87, 461.5055
925847,6.1631,0.003948,253.27, 461.5055
925848,6.1670,0.004029,248.19, 461.5055
925849,6.1709,0.003944,253.54, 461.5055
925850,6.1748,0.003870,258.42, 461.5052
925851,6.1787,0.003992,250.51, 461.5055
925852,6.1826,0.003637,274.97, 461.5055
925853,6.1865,0.004084,244.87, 461.5055
925854,6.1904,0.003935,254.12, 461.5055
925855,6.1948,0.004183,239.05, 461.5055
925856,6.1987,0.003865,258.76, 461.5055
925857,6.2021,0.003756,266.21, 461.5049
925858,6.2061,0.003917,255.32, 461.5055
925859,6.2104,0.004181,239.20, 461.5055
925860,6.2139,0.003620,276.21, 461.5055
925861,6.2183,0.004010,249.38, 461.5055
925862,6.2222,0.004040,247.55, 461.5055
925863,6.2256,0.003571,280.01, 461.5055
925864,6.2300,0.004442,225.12, 461.5055
925865,6.2339,0.003653,273.73, 461.5083
925866,6.2378,0.004038,247.66, 461.5052
925867,6.2422,0.004332,230.82, 461.5052
925868,6.2461,0.003925,254.77, 461.5052
925869,6.2505,0.004383,228.14, 461.5055
925870,6.2549,0.004324,231.26, 461.5049
925871,6.2593,0.004363,229.22, 461.5055
925872,6.2627,0.003692,270.89, 461.5049
925873,6.2666,0.003589,278.65, 461.5049
925874,6.2710,0.004449,224.75, 461.5052
925875,6.2744,0.003362,297.47, 461.5055
925876,6.2788,0.004324,231.28, 461.5055
925877,6.2827,0.003956,252.81, 461.5052
925878,6.2861,0.003394,294.65, 461.5049
925879,6.2905,0.004616,216.66, 461.5049
925880,6.2939,0.003175,315.00, 461.5055
925881,6.2979,0.004217,237.12, 461.5055
925882,6.3018,0.003891,257.01, 461.5055
925883,6.3057,0.003871,258.35, 461.5055
925884,6.3096,0.003955,252.88, 461.5055
925885,6.3135,0.004055,246.63, 461.5055
925886,6.3179,0.004091,244.44, 461.5055
925887,6.3213,0.003643,274.54, 461.5055
925888,6.3257,0.004160,240.38, 461.5055
925889,6.3291,0.003396,294.49, 461.5055
925890,6.3330,0.004175,239.52, 461.5055
925891,6.3374,0.004050,246.91, 461.5055
925892,6.3408,0.003777,264.80, 461.5055
925893,6.3452,0.003985,250.93, 461.5049
925894,6.3491,0.003960,252.52, 461.5055
925895,6.3525,0.003752,266.55, 461.5055
925896,6.3569,0.004051,246.86, 461.5055
925897,6.3604,0.003544,282.18, 461.5055
925898,6.3643,0.004030,248.15, 461.5055
925899,6.3687,0.004282,233.51, 461.5055
925900,6.3721,0.003486,286.89, 461.5049
925901,6.3760,0.004086,244.73, 461.5055
925902,6.3804,0.004095,244.22, 461.5055
925903,6.3843,0.003926,254.72, 461.5073
925904,6.3882,0.003809,262.56, 461.5055
925905,6.3921,0.004037,247.71, 461.5049
925906,6.3960,0.003912,255.64, 461.5049
925907,6.3994,0.003710,269.53, 461.5055
925908,6.4038,0.004295,232.85, 461.5052
925909,6.4077,0.003594,278.22, 461.5055
925910,6.4116,0.004036,247.79, 461.5055
925911,6.4155,0.003931,254.41, 461.5055
925912,6.4189,0.003438,290.86, 461.5055
925913,6.4229,0.004071,245.65, 461.5055
925914,6.4268,0.003838,260.59, 461.5055
925915,6.4312,0.004128,242.27, 461.5055
925916,6.4351,0.004006,249.63, 461.5055
925917,6.4385,0.003698,270.45, 461.5049
925918,6.4429,0.004020,248.77, 461.5055
925919,6.4468,0.004022,248.64, 461.5055
925920,6.4507,0.003952,253.02, 461.5055
925921,6.4546,0.004145,241.25, 461.5049
925922,6.4585,0.003730,268.13, 461.5052
925923,6.4624,0.003666,272.80, 461.5052
925924,6.4663,0.003912,255.62, 461.5055
925925,6.4697,0.003493,286.28, 461.5055
925926,6.4741,0.004292,233.01, 461.5055
925927,6.4780,0.003995,250.31, 461.5055
925928,6.4814,0.003755,266.30, 461.5055
925929,6.4854,0.003879,257.83, 461.5049
925930,6.4897,0.004188,238.81, 461.5055
925931,6.4937,0.003780,264.55, 461.5055
925932,6.4976,0.003839,260.51, 461.5055
925933,6.5015,0.004122,242.58, 461.5055
925934,6.5054,0.003817,262.01, 461.5055
925935,6.5093,0.003863,258.84, 461.5049
925936,6.5132,0.004105,243.58, 461.5055
925937,6.5166,0.003333,300.06, 461.5055
925938,6.5205,0.004118,242.81, 461.5055
925939,6.5254,0.004568,218.91, 461.5049
925940,6.5283,0.003199,312.60, 461.5055
925941,6.5327,0.004144,241.32, 461.5055
925942,6.5361,0.003674,272.18, 461.5052
925943,6.5405,0.004024,248.52, 461.5055
925944,6.5444,0.004113,243.13, 461.5055
925945,6.5479,0.003575,279.75, 461.5055
925946,6.5518,0.003977,251.43, 461.5055
925947,6.5562,0.004294,232.86, 461.5055
925948,6.5596,0.003521,284.01, 461.5055
925949,6.5640,0.004070,245.71, 461.5052
925950,6.5674,0.003470,288.17, 461.5055
925951,6.5713,0.004138,241.69, 461.5055
925952,6.5757,0.004166,240.06, 461.5052
925953,6.5791,0.003641,274.63, 461.5055
925954,6.5830,0.003955,252.85, 461.5055
925955,6.5874,0.004320,231.49, 461.5055
925956,6.5913,0.003848,259.86, 461.5049
925957,6.5952,0.003867,258.60, 461.5052
925958,6.5991,0.003870,258.42, 461.5055
925959,6.6030,0.003721,268.77, 461.5055
925960,6.6069,0.004129,242.17, 461.5055
925961,6.6113,0.004094,244.25, 461.5055
925962,6.6147,0.003654,273.67, 461.5052
925963,6.6187,0.004047,247.12, 461.5055
925964,6.6230,0.004140,241.54, 461.5055
925965,6.6265,0.003542,282.30, 461.5052
925966,6.6304,0.003980,251.29, 461.5055
925967,6.6343,0.003833,260.93, 461.5055
925968,6.6382,0.003923,254.92, 461.5055
925969,6.6421,0.003908,255.91, 461.5055
925970,6.6460,0.003655,273.58, 461.5052
925971,6.6499,0.004144,241.34, 461.5055
925972,6.6538,0.004016,249.00, 461.5055
925973,6.6577,0.003690,270.97, 461.5055
925974,6.6616,0.004034,247.92, 461.5055
925975,6.6655,0.003956,252.76, 461.5055
925976,6.6694,0.003757,266.16, 461.5055
925977,6.6738,0.004381,228.24, 461.5049
925978,6.6772,0.003541,282.42, 461.5052
925979,6.6812,0.003832,260.93, 461.5055
925980,6.6851,0.003967,252.09, 461.5055
925981,6.6890,0.004121,242.64, 461.5052
925982,6.6929,0.003696,270.59, 461.5052
925983,6.6968,0.003951,253.09, 461.5055
925984,6.7007,0.003617,276.50, 461.5055
925985,6.7051,0.004377,228.45, 461.5055
925986,6.7090,0.004130,242.14, 461.5055
925987,6.7129,0.003790,263.88, 461.5055
925988,6.7168,0.003906,256.04, 461.5055
925989,6.7207,0.003933,254.28, 461.5055
925990,6.7246,0.003819,261.82, 461.5055
925991,6.7285,0.003987,250.82, 461.5055
925992,6.7324,0.003949,253.22, 461.5055
925993,6.7363,0.003745,266.99, 461.5055
925994,6.7402,0.004335,230.70, 461.5055
925995,6.7446,0.004161,240.33, 461.5055
925996,6.7480,0.003605,277.38, 461.5052
925997,6.7520,0.003954,252.89, 461.5055
925998,6.7563,0.004150,240.94, 461.5052
925999,6.7598,0.003589,278.64, 461.5055
926000,6.7642,0.004040,247.51, 461.5055
926001,6.7676,0.003729,268.18, 461.5055
926002,6.7715,0.004018,248.90, 461.5049
926003,6.7759,0.004388,227.92, 461.5049
926004,6.7793,0.003456,289.39, 461.5052
926005,6.7832,0.003826,261.39, 461.5055
926006,6.7876,0.004208,237.65, 461.5049
926007,6.7915,0.003738,267.52, 461.5052
926008,6.7954,0.003942,253.66, 461.5055
926009,6.7993,0.004171,239.77, 461.5055
926010,6.8027,0.003562,280.76, 461.5055
926011,6.8071,0.004352,229.77, 461.5055
926012,6.8110,0.003623,276.04, 461.5055
926013,6.8149,0.003973,251.69, 461.5052
926014,6.8188,0.004024,248.50, 461.5049
926015,6.8232,0.004093,244.32, 461.5055
926016,6.8267,0.003457,289.27, 461.5055
926017,6.8311,0.004443,225.06, 461.5052
926018,6.8354,0.004422,226.16, 461.5055
926019,6.8394,0.003772,265.10, 461.5049
926020,6.8433,0.004011,249.33, 461.5055
926021,6.8467,0.003606,277.33, 461.5052
926022,6.8506,0.004056,246.58, 461.5055
926023,6.8550,0.003952,253.05, 461.5055
926024,6.8584,0.003755,266.28, 461.5055
926025,6.8628,0.004411,226.73, 461.5055
926026,6.8667,0.003829,261.17, 461.5055
926027,6.8706,0.003625,275.89, 461.5055
926028,6.8745,0.004129,242.17, 461.5052
926029,6.8784,0.004078,245.24, 461.5055
926030,6.8823,0.003772,265.15, 461.5052
926031,6.8862,0.004033,247.94, 461.5052
926032,6.8906,0.004040,247.53, 461.5055
926033,6.8940,0.003760,265.94, 461.5052
926034,6.8984,0.004079,245.18, 461.5055
926035,6.9023,0.004138,241.65, 461.5055
926036,6.9063,0.003746,266.98, 461.5055
926037,6.9102,0.004041,247.45, 461.5055
926038,6.9141,0.003994,250.37, 461.5055
926039,6.9180,0.003689,271.11, 461.5055
926040,6.9219,0.004007,249.56, 461.5055
926041,6.9263,0.004184,239.00, 461.5055
926042,6.9302,0.004069,245.77, 461.5055
926043,6.9341,0.003843,260.23, 461.5055
926044,6.9385,0.004321,231.41, 461.5055
926045,6.9419,0.003498,285.89, 461.5052
926046,6.9458,0.004222,236.88, 461.5055
926047,6.9497,0.003658,273.35, 461.5055
926048,6.9541,0.004218,237.07, 461.5055
926049,6.9580,0.003994,250.35, 461.5055
926050,6.9614,0.003776,264.83, 461.5055
926051,6.9653,0.003833,260.89, 461.5055
926052,6.9697,0.004316,231.71, 461.5055
926053,6.9736,0.003700,270.26, 461.5055
926054,6.9775,0.004072,245.60, 461.5055
926055,6.9819,0.004220,236.97, 461.5055
926056,6.9858,0.003801,263.11, 461.5055
926057,6.9897,0.004044,247.26, 461.5055
926058,6.9941,0.004362,229.27, 461.5055
926059,6.9976,0.003739,267.43, 461.5052
926060,7.0015,0.003936,254.06, 461.5073
926061,7.0059,0.004205,237.83, 461.5049
926062,7.0098,0.003826,261.38, 461.5055
926063,7.0137,0.004043,247.32, 461.5055
926064,7.0176,0.003984,250.98, 461.5055
926065,7.0215,0.003717,269.04, 461.5052
926066,7.0259,0.004280,233.63, 461.5049
926067,7.0298,0.003915,255.42, 461.5055
926068,7.0337,0.003805,262.84, 461.5055
926069,7.0371,0.003746,266.97, 461.5055
926070,7.0415,0.004319,231.53, 461.5052
926071,7.0454,0.003795,263.50, 461.5055
926072,7.0493,0.003857,259.30, 461.5055
926073,7.0532,0.003871,258.32, 461.5049
926074,7.0571,0.004074,245.48, 461.5055
926075,7.0615,0.004186,238.89, 461.5049
926076,7.0649,0.003564,280.62, 461.5055
926077,7.0688,0.003943,253.64, 461.5055
926078,7.0732,0.004217,237.12, 461.5052
926079,7.0767,0.003666,272.75, 461.5055
926080,7.0806,0.004053,246.74, 461.5052
926081,7.0850,0.004040,247.52, 461.5055
926082,7.0889,0.003940,253.79, 461.5055
926083,7.0923,0.003768,265.36, 461.5055
926084,7.0967,0.004188,238.79, 461.5055
926085,7.1001,0.003495,286.14, 461.5055
926086,7.1045,0.004305,232.30, 461.5052
926087,7.1079,0.003656,273.54, 461.5055
926088,7.1123,0.004170,239.81, 461.5055
926089,7.1162,0.003855,259.41, 461.5055
926090,7.1201,0.003875,258.09, 461.5049
926091,7.1240,0.003831,261.05, 461.5055
926092,7.1279,0.004280,233.63, 461.5055
926093,7.1318,0.003812,262.36, 461.5055
926094,7.1357,0.003993,250.46, 461.5052
926095,7.1401,0.004142,241.44, 461.5055
926096,7.1440,0.003761,265.90, 461.5055
926097,7.1479,0.004128,242.26, 461.5049
926098,7.1519,0.004023,248.60, 461.5055
926099,7.1558,0.003775,264.93, 461.5055
926100,7.1597,0.004003,249.81, 461.5055
926101,7.1641,0.004171,239.77, 461.5055
926102,7.1680,0.003832,260.99, 461.5052
926103,7.1714,0.003773,265.07, 461.5055
926104,7.1758,0.004228,236.53, 461.5055
926105,7.1797,0.003941,253.75, 461.5055
926106,7.1836,0.003817,262.01, 461.5049
926107,7.1880,0.004197,238.28, 461.5049
926108,7.1919,0.003964,252.25, 461.5055
926109,7.1953,0.003734,267.80, 461.5052
926110,7.1992,0.004003,249.84, 461.5055
926111,7.2031,0.003733,267.85, 461.5055
926112,7.2070,0.004063,246.12, 461.5055
926113,7.2109,0.003784,264.26, 461.5055
926114,7.2153,0.004076,245.36, 461.5055
926115,7.2192,0.004095,244.22, 461.5055
926116,7.2231,0.003707,269.77, 461.5052
926117,7.2271,0.003955,252.86, 461.5055
926118,7.2310,0.004113,243.12, 461.5055
926119,7.2349,0.003793,263.65, 461.5049
926120,7.2388,0.003925,254.76, 461.5055
926121,7.2437,0.004717,211.98, 461.5051
926122,7.2466,0.003168,315.68, 461.5052
926123,7.2510,0.004277,233.80, 461.5055
926124,7.2554,0.004475,223.48, 461.5048
926125,7.2588,0.003586,278.84, 461.5052
926126,7.2632,0.004089,244.55, 461.5052
926127,7.2666,0.003601,277.72, 461.5148
926128,7.2710,0.004377,228.49, 461.5052
926129,7.2749,0.004043,247.33, 461.5049
926130,7.2793,0.004243,235.66, 461.5052
926131,7.2832,0.003777,264.75, 461.5055
926132,7.2871,0.003899,256.50, 461.5052
926133,7.2910,0.004209,237.58, 461.5052
926134,7.2949,0.003617,276.46, 461.5055
926135,7.2988,0.004042,247.43, 461.5055
926136,7.3027,0.004094,244.25, 461.5055
926137,7.3071,0.003995,250.34, 461.5055
926138,7.3105,0.003786,264.13, 461.5055
926139,7.3145,0.003837,260.60, 461.5049
926140,7.3184,0.003966,252.12, 461.5055
926141,7.3228,0.004025,248.45, 461.5055
926142,7.3262,0.003728,268.23, 461.5055
926143,7.3301,0.004047,247.07, 461.5055
926144,7.3345,0.004220,236.98, 461.5055
926145,7.3384,0.003846,260.02, 461.5055
926146,7.3423,0.003907,255.98, 461.5055
926147,7.3462,0.004042,247.40, 461.5055
926148,7.3501,0.003577,279.60, 461.5055
926149,7.3540,0.004289,233.17, 461.5055
926150,7.3584,0.004183,239.05, 461.5055
926151,7.3618,0.003550,281.71, 461.5055
926152,7.3662,0.004064,246.06, 461.5049
926153,7.3701,0.004093,244.31, 461.5055
926154,7.3740,0.003800,263.18, 461.5055
926155,7.3779,0.003885,257.39, 461.5049
926156,7.3818,0.004310,232.02, 461.5055
926157,7.3857,0.003709,269.65, 461.5049
926158,7.3896,0.003907,255.93, 461.5055
926159,7.3940,0.004167,239.97, 461.5055
926160,7.3975,0.003656,273.51, 461.5055
926161,7.4019,0.004285,233.39, 461.5049
926162,7.4053,0.003591,278.48, 461.5052
926163,7.4092,0.004050,246.93, 461.5055
926164,7.4136,0.004143,241.37, 461.5055
926165,7.4170,0.003580,279.35, 461.5055
926166,7.4214,0.004110,243.29, 461.5049
926167,7.4253,0.004169,239.84, 461.5055
926168,7.4292,0.003619,276.34, 461.5055
926169,7.4336,0.004528,220.85, 461.5049
926170,7.4370,0.003611,276.97, 461.5055
926171,7.4409,0.003819,261.87, 461.5055
926172,7.4453,0.004150,240.98, 461.5055
926173,7.4492,0.004011,249.33, 461.5055
926174,7.4526,0.003656,273.51, 461.5055
926175,7.4570,0.004106,243.55, 461.5055
926176,7.4609,0.004116,242.94, 461.5049
926177,7.4648,0.003714,269.25, 461.5055
926178,7.4688,0.004015,249.05, 461.5052
926179,7.4722,0.003459,289.10, 461.5055
926180,7.4766,0.004341,230.36, 461.5052
926181,7.4805,0.004071,245.66, 461.5055
926182,7.4844,0.003682,271.61, 461.5055
926183,7.4883,0.004053,246.76, 461.5055
926184,7.4927,0.004110,243.30, 461.5055
926185,7.4961,0.003843,260.21, 461.5052
926186,7.5000,0.003748,266.82, 461.5049
926187,7.5044,0.004531,220.70, 461.5055
926188,7.5083,0.003747,266.89, 461.5049
926189,7.5122,0.003938,253.95, 461.5052
926190,7.5161,0.003988,250.73, 461.5055
926191,7.5200,0.003786,264.12, 461.5052
926192,7.5244,0.004130,242.13, 461.5055
926193,7.5278,0.003869,258.45, 461.5052
926194,7.5317,0.003779,264.63, 461.5055
926195,7.5366,0.004560,219.32, 461.5049
926196,7.5405,0.003904,256.15, 461.5052
926197,7.5439,0.003493,286.30, 461.5055
926198,7.5479,0.004028,248.26, 461.5338
926199,7.5518,0.003968,252.00, 461.5049
926200,7.5557,0.003754,266.38, 461.5052
926201,7.5596,0.004018,248.88, 461.5049
926202,7.5635,0.003859,259.13, 461.5055
926203,7.5674,0.004124,242.49, 461.5052
926204,7.5713,0.003961,252.48, 461.5055
926205,7.5752,0.003711,269.51, 461.5052
926206,7.5796,0.004137,241.70, 461.5055
926207,7.5835,0.004133,241.98, 461.5055
926208,7.5869,0.003435,291.11, 461.5073
926209,7.5913,0.004296,232.78, 461.5055
926210,7.5952,0.004011,249.35, 461.5052
926211,7.5991,0.004024,248.52, 461.5055
926212,7.6035,0.004031,248.10, 461.5052
926213,7.6074,0.004224,236.75, 461.5055
926214,7.6108,0.003489,286.60, 461.5049
926215,7.6147,0.003926,254.74, 461.5049
926216,7.6196,0.004476,223.43, 461.5055
926217,7.6226,0.003377,296.16, 461.5055
926218,7.6270,0.004308,232.14, 461.5052
926219,7.6309,0.003719,268.93, 461.5055
926220,7.6348,0.004130,242.11, 461.5052
926221,7.6387,0.003962,252.43, 461.5055
926222,7.6426,0.003699,270.38, 461.5055
926223,7.6470,0.004227,236.57, 461.5055
926224,7.6509,0.003931,254.41, 461.5055
926225,7.6548,0.004260,234.73, 461.5049
926226,7.6592,0.003984,250.99, 461.5052
926227,7.6631,0.004042,247.41, 461.5055
926228,7.6665,0.003640,274.70, 461.5049
926229,7.6709,0.004138,241.64, 461.5055
926230,7.6748,0.004102,243.78, 461.5049
926231,7.6787,0.003777,264.75, 461.5055
926232,7.6826,0.003944,253.57, 461.5055
926233,7.6865,0.004067,245.86, 461.5055
926234,7.6904,0.003725,268.44, 461.5055
926235,7.6943,0.003964,252.25, 461.5055
926236,7.6987,0.004320,231.48, 461.5055
926237,7.7021,0.003647,274.22, 461.5049
926238,7.7065,0.004021,248.71, 461.5055
926239,7.7104,0.004141,241.48, 461.5055
926240,7.7144,0.003617,276.47, 461.5055
926241,7.7183,0.004068,245.83, 461.5049
926242,7.7222,0.004160,240.38, 461.5052
926243,7.7261,0.003723,268.61, 461.5055
926244,7.7300,0.003925,254.78, 461.5055
926245,7.7339,0.003712,269.37, 461.5055
926246,7.7378,0.004144,241.30, 461.5055
926247,7.7422,0.004102,243.80, 461.5052
926248,7.7456,0.003629,275.57, 461.5055
926249,7.7500,0.004162,240.25, 461.5055
926250,7.7539,0.004149,241.03, 461.5052
926251,7.7573,0.003576,279.61, 461.5055
926252,7.7617,0.004277,233.80, 461.5055
926253,7.7656,0.004024,248.54, 461.5055
926254,7.7695,0.003707,269.78, 461.5055
926255,7.7734,0.003798,263.30, 461.5052
926256,7.7778,0.004430,225.72, 461.5055
926257,7.7813,0.003684,271.47, 461.5055
926258,7.7852,0.003944,253.56, 461.5052
926259,7.7900,0.004529,220.78, 461.5049
926260,7.7935,0.003559,280.99, 461.5052
926261,7.7974,0.003792,263.71, 461.5055
926262,7.8013,0.004072,245.61, 461.5052
926263,7.8052,0.003770,265.27, 461.5052
926264,7.8091,0.004154,240.71, 461.5055
926265,7.8130,0.003995,250.30, 461.5055
926266,7.8169,0.003686,271.27, 461.5055
926267,7.8208,0.004075,245.37, 461.5055
926268,7.8247,0.003756,266.21, 461.5055
926269,7.8286,0.004043,247.34, 461.5055
926270,7.8330,0.004115,243.04, 461.5073
926271,7.8364,0.003665,272.84, 461.5055
926272,7.8408,0.004037,247.68, 461.5055
926273,7.8447,0.004205,237.83, 461.5055
926274,7.8486,0.003653,273.76, 461.5055
926275,7.8530,0.004460,224.22, 461.5049
926276,7.8569,0.003845,260.11, 461.5055
926277,7.8604,0.003772,265.09, 461.5055
926278,7.8643,0.003772,265.13, 461.5049
926279,7.8682,0.004091,244.45, 461.5055
926280,7.8721,0.003705,269.92, 461.5055
926281,7.8760,0.003991,250.56, 461.5049
926282,7.8799,0.003713,269.32, 461.5055
926283,7.8838,0.004166,240.04, 461.5055
926284,7.8882,0.004031,248.11, 461.5055
926285,7.8916,0.003603,277.53, 461.5055
926286,7.8955,0.004105,243.60, 461.5052
926287,7.8999,0.004069,245.79, 461.5055
926288,7.9033,0.003718,268.93, 461.5055
926289,7.9077,0.004037,247.73, 461.5055
926290,7.9116,0.004081,245.02, 461.5052
926291,7.9150,0.003611,276.95, 461.5055
926292,7.9194,0.004185,238.97, 461.5055
926293,7.9233,0.004005,249.66, 461.5055
926294,7.9268,0.003402,293.99, 461.5055
926295,7.9312,0.004295,232.83, 461.5055
926296,7.9351,0.003997,250.16, 461.5055
926297,7.9390,0.003618,276.37, 461.5055
926298,7.9429,0.004182,239.11, 461.5052
926299,7.9468,0.004099,243.96, 461.5055
926300,7.9507,0.003666,272.75, 461.5055
926301,7.9546,0.003852,259.61, 461.5055
926302,7.9585,0.003744,267.07, 461.5055
926303,7.9624,0.004081,245.05, 461.5055
926304,7.9663,0.004013,249.17, 461.5055
926305,7.9702,0.003772,265.09, 461.5055
926306,7.9741,0.003905,256.11, 461.5055
926307,7.9785,0.004250,235.32, 461.5055
926308,7.9819,0.003579,279.42, 461.5055
926309,7.9858,0.004202,237.98, 461.5055
926310,7.9902,0.004091,244.43, 461.5055
926311,7.9937,0.003673,272.29, 461.5055
926312,7.9980,0.004019,248.83, 461.5055
926313,8.0020,0.003936,254.05, 461.5055
926314,8.0059,0.003858,259.22, 461.5052
926315,8.0098,0.004057,246.49, 461.5055
926316,8.0137,0.003994,250.36, 461.5055
926317,8.0176,0.003683,271.55, 461.5049
926318,8.0215,0.003920,255.09, 461.5055
926319,8.0249,0.003681,271.70, 461.5055
926320,8.0288,0.004047,247.10, 461.5052
926321,8.0332,0.004032,248.03, 461.5052
926322,8.0366,0.003518,284.25, 461.5055
926323,8.0415,0.004830,207.05, 461.5055
926324,8.0444,0.003204,312.07, 461.5055
926325,8.0483,0.003889,257.14, 461.5055
926326,8.0522,0.003940,253.83, 461.5055
926327,8.0562,0.003707,269.73, 461.5055
926328,8.0601,0.003944,253.55, 461.5055
926329,8.0645,0.004517,221.38, 461.5049
926330,8.0679,0.003454,289.49, 461.5055
926331,8.0723,0.004233,236.26, 461.5055
926332,8.0762,0.003752,266.54, 461.5055
926333,8.0796,0.003736,267.70, 461.5052
926334,8.0835,0.003868,258.55, 461.5055
926335,8.0879,0.004108,243.41, 461.5055
926336,8.0918,0.003785,264.22, 461.5055
926337,8.0952,0.003831,261.03, 461.5055
926338,8.0996,0.004001,249.94, 461.5055
926339,8.1035,0.004246,235.52, 461.5055
926340,8.1074,0.003593,278.30, 461.5052
926341,8.1113,0.003907,255.98, 461.5055
926342,8.1147,0.003784,264.31, 461.5055
926343,8.1187,0.003892,256.92, 461.5055
926344,8.1226,0.003726,268.38, 461.5055
926345,8.1265,0.004060,246.29, 461.5055
926346,8.1304,0.003905,256.09, 461.5055
926347,8.1343,0.003704,269.98, 461.5055
926348,8.1382,0.004046,247.18, 461.5055
926349,8.1426,0.004129,242.21, 461.5055
926350,8.1460,0.003627,275.68, 461.5049
926351,8.1499,0.004049,247.01, 461.5049
926352,8.1543,0.004064,246.09, 461.5055
926353,8.1577,0.003611,276.92, 461.5052
926354,8.1616,0.003996,250.23, 461.5052
926355,8.1655,0.003610,276.99, 461.5055
926356,8.1694,0.004240,235.87, 461.5052
926357,8.1733,0.003708,269.70, 461.5055
926358,8.1772,0.003900,256.42, 461.5052
926359,8.1812,0.004041,247.48, 461.5055
926360,8.1851,0.003971,251.83, 461.5055
926361,8.1890,0.003879,257.82, 461.5055
926362,8.1929,0.004001,249.92, 461.5055
926363,8.1968,0.003938,253.92, 461.5055
926364,8.2007,0.003835,260.76, 461.5055
926365,8.2046,0.003815,262.12, 461.5055
926366,8.2090,0.004149,241.05, 461.5049
926367,8.2124,0.003594,278.28, 461.5055
926368,8.2163,0.003994,250.35, 461.5055
926369,8.2207,0.004210,237.51, 461.5049
926370,8.2241,0.003572,279.94, 461.5055
926371,8.2285,0.004530,220.75, 461.5055
926372,8.2319,0.003284,304.54, 461.5055
926373,8.2363,0.004303,232.37, 461.5055
926374,8.2407,0.004280,233.65, 461.5055
926375,8.2446,0.004003,249.84, 461.5052
926376,8.2476,0.003143,318.17, 461.5052
926377,8.2520,0.004364,229.16, 461.5052
926378,8.2563,0.004296,232.76, 461.5049
926379,8.2598,0.003559,280.99, 461.5049
926380,8.2637,0.003883,257.51, 461.5055
926381,8.2676,0.003582,279.17, 461.5055
926382,8.2720,0.004422,226.16, 461.5049
926383,8.2764,0.004502,222.11, 461.5055
926384,8.2803,0.003906,255.99, 461.5055
926385,8.2842,0.004023,248.55, 461.5052
926386,8.2881,0.003873,258.18, 461.5055
926387,8.2920,0.003733,267.87, 461.5055
926388,8.2959,0.004011,249.34, 461.5052
926389,8.2998,0.004012,249.28, 461.5055
926390,8.3037,0.003799,263.26, 461.5052
926391,8.3076,0.004124,242.49, 461.5052
926392,8.3115,0.003541,282.37, 461.5055
926393,8.3159,0.004353,229.73, 461.5052
926394,8.3193,0.003641,274.66, 461.5052
926395,8.3232,0.003665,272.89, 461.5055
926396,8.3271,0.004200,238.08, 461.5055
926397,8.3315,0.004168,239.95, 461.5055
926398,8.3350,0.003702,270.11, 461.5049
926399,8.3389,0.003998,250.14, 461.5055
926400,8.3433,0.003991,250.58, 461.5052
926401,8.3467,0.003477,287.57, 461.5052
926402,8.3506,0.004274,233.95, 461.5052
926403,8.3555,0.004438,225.35, 461.5048
926404,8.3589,0.003560,280.92, 461.5055
926405,8.3628,0.003765,265.58, 461.5073
926406,8.3662,0.003810,262.49, 461.5052
926407,8.3701,0.003741,267.34, 461.5055
926408,8.3740,0.004082,244.97, 461.5055
926409,8.3779,0.003712,269.41, 461.5055
926410,8.3818,0.004015,249.05, 461.5055
926411,8.3857,0.004024,248.53, 461.5055
926412,8.3892,0.003408,293.44, 461.5055
926413,8.3936,0.004266,234.40, 461.5055
926414,8.3979,0.004218,237.11, 461.5055
926415,8.4014,0.003416,292.73, 461.5052
926416,8.4058,0.004251,235.22, 461.5055
926417,8.4097,0.004170,239.80, 461.5055
926418,8.4136,0.003673,272.26, 461.5055
926419,8.4175,0.004293,232.94, 461.5073
926420,8.4214,0.003554,281.36, 461.5055
926421,8.4253,0.004009,249.46, 461.5055
926422,8.4292,0.003895,256.75, 461.5052
926423,8.4331,0.004154,240.76, 461.5055
926424,8.4370,0.003661,273.16, 461.5049
926425,8.4409,0.004119,242.80, 461.5055
926426,8.4443,0.003426,291.91, 461.5055
926427,8.4487,0.004463,224.09, 461.5064
926428,8.4526,0.003626,275.82, 461.5052
926429,8.4565,0.003812,262.34, 461.5052
926430,8.4604,0.004194,238.44, 461.5055
926431,8.4644,0.003972,251.79, 461.5055
926432,8.4683,0.003740,267.38, 461.5049
926433,8.4722,0.004051,246.88, 461.5055
926434,8.4766,0.004421,226.18, 461.5055
926435,8.4805,0.003695,270.62, 461.5055
926436,8.4844,0.003978,251.38, 461.5055
926437,8.4883,0.003820,261.77, 461.5055
926438,8.4922,0.003825,261.43, 461.5055
926439,8.4961,0.004138,241.66, 461.5055
926440,8.5000,0.003938,253.91, 461.5055
926441,8.5044,0.004124,242.47, 461.5055
926442,8.5078,0.003458,289.18, 461.5052
926443,8.5117,0.003764,265.67, 461.5055
926444,8.5156,0.004047,247.11, 461.5055
926445,8.5195,0.004063,246.15, 461.5055
926446,8.5234,0.003712,269.40, 461.5055
926447,8.5273,0.004019,248.81, 461.5055
926448,8.5317,0.004165,240.08, 461.5055
926449,8.5352,0.003770,265.25, 461.5055
926450,8.5391,0.003885,257.38, 461.5055
926451,8.5435,0.004374,228.64, 461.5055
926452,8.5469,0.003413,293.04, 461.5055
926453,8.5513,0.004101,243.85, 461.5055
926454,8.5552,0.004149,241.00, 461.5055
926455,8.5586,0.003553,281.44, 461.5055
926456,8.5630,0.004044,247.30, 461.5055
926457,8.5669,0.004229,236.44, 461.5049
926458,8.5708,0.003667,272.67, 461.5052
926459,8.5747,0.004008,249.52, 461.5055
926460,8.5781,0.003444,290.37, 461.5055
926461,8.5820,0.003981,251.21, 461.5052
926462,8.5864,0.004068,245.80, 461.5055
926463,8.5898,0.003660,273.25, 461.5055
926464,8.5938,0.004108,243.44, 461.5055
926465,8.5977,0.003934,254.22, 461.5055
926466,8.6016,0.003657,273.45, 461.5052
926467,8.6060,0.004411,226.71, 461.5049
926468,8.6099,0.003853,259.57, 461.5049
926469,8.6138,0.003944,253.53, 461.5052
926470,8.6172,0.003436,291.07, 461.5055
926471,8.6211,0.003771,265.16, 461.5055
926472,8.6250,0.003995,250.29, 461.5055
926473,8.6294,0.004444,225.04, 461.5055
926474,8.6328,0.003476,287.65, 461.5049
926475,8.6372,0.004248,235.42, 461.5055
926476,8.6406,0.003713,269.31, 461.5055
926477,8.6445,0.003703,270.05, 461.5055
926478,8.6484,0.003932,254.32, 461.5055
926479,8.6528,0.004153,240.78, 461.5055
926480,8.6563,0.003588,278.74, 461.5055
926481,8.6606,0.004487,222.89, 461.5055
926482,8.6646,0.003710,269.54, 461.5055
926483,8.6685,0.003931,254.37, 461.5055
926484,8.6719,0.003690,271.03, 461.5052
926485,8.6763,0.004148,241.09, 461.5055
926486,8.6797,0.003610,277.05, 461.5055
926487,8.6836,0.003957,252.69, 461.5055
926488,8.6875,0.003765,265.59, 461.5055
926489,8.6919,0.004418,226.33, 461.5049
926490,8.6958,0.003635,275.10, 461.5052
926491,8.6992,0.003780,264.59, 461.5049
926492,8.7031,0.003887,257.29, 461.5055
926493,8.7075,0.004388,227.91, 461.5052
926494,8.7114,0.003691,270.91, 461.5055
926495,8.7153,0.003974,251.66, 461.5055
926496,8.7192,0.004053,246.72, 461.5055
926497,8.7236,0.004137,241.73, 461.5055
926498,8.7271,0.003598,277.94, 461.5055
926499,8.7310,0.004044,247.27, 461.5055
926500,8.7349,0.003668,272.64, 461.5055
926501,8.7388,0.004051,246.87, 461.5148
926502,8.7427,0.004070,245.69, 461.5073
926503,8.7466,0.003592,278.44, 461.5055
926504,8.7505,0.004141,241.46, 461.5049
926505,8.7544,0.003745,267.02, 461.5055
926506,8.7583,0.003904,256.12, 461.5055
926507,8.7627,0.004274,234.00, 461.5055
926508,8.7661,0.003576,279.67, 461.5055
926509,8.7700,0.003992,250.49, 461.5055
926510,8.7744,0.004158,240.50, 461.5055
926511,8.7783,0.003845,260.05, 461.5055
926512,8.7817,0.003764,265.67, 461.5055
926513,8.7861,0.004080,245.10, 461.5055
926514,8.7896,0.003646,274.26, 461.5055
926515,8.7939,0.004122,242.61, 461.5055
926516,8.7974,0.003619,276.33, 461.5052
926517,8.8013,0.004019,248.84, 461.5055
926518,8.8057,0.004112,243.17, 461.5055
926519,8.8096,0.004022,248.64, 461.5055
926520,8.8135,0.003934,254.19, 461.5055
926521,8.8174,0.003920,255.08, 461.5055
926522,8.8213,0.003724,268.54, 461.5055
926523,8.8252,0.004140,241.55, 461.5055
926524,8.8291,0.003936,254.07, 461.5055
926525,8.8330,0.003689,271.07, 461.5055
926526,8.8369,0.004083,244.91, 461.5073
926527,8.8408,0.004113,243.11, 461.5055
926528,8.8442,0.003378,296.03, 461.5055
926529,8.8486,0.004185,238.94, 461.5052
926530,8.8521,0.003637,274.96, 461.5052
926531,8.8564,0.004146,241.23, 461.5055
926532,8.8604,0.003957,252.69, 461.5055
926533,8.8638,0.003614,276.72, 461.5055
926534,8.8682,0.004020,248.76, 461.5055
926535,8.8721,0.004143,241.37, 461.5055
926536,8.8760,0.003708,269.67, 461.5055
926537,8.8799,0.004048,247.05, 461.5055
926538,8.8838,0.004045,247.22, 461.5055
926539,8.8877,0.003733,267.90, 461.5055
926540,8.8916,0.004028,248.25, 461.5052
926541,8.8955,0.003979,251.31, 461.5055
926542,8.8994,0.003590,278.56, 461.5055
926543,8.9033,0.004162,240.30, 461.5052
926544,8.9072,0.003978,251.40, 461.5055
926545,8.9111,0.003653,273.76, 461.5055
926546,8.9150,0.003950,253.18, 461.5055
926547,8.9185,0.003523,283.87, 461.5055
926548,8.9229,0.004193,238.50, 461.5055
926549,8.9272,0.004433,225.57, 461.5055
926550,8.9307,0.003611,276.95, 461.5055
926551,8.9351,0.004077,245.27, 461.5055
926552,8.9390,0.003998,250.16, 461.5055
926553,8.9424,0.003690,271.00, 461.5052
926554,8.9468,0.004091,244.42, 461.5055
926555,8.9507,0.004064,246.07, 461.5055
926556,8.9541,0.003386,295.30, 461.5055
926557,8.9585,0.004290,233.11, 461.5052
926558,8.9624,0.004021,248.71, 461.5055
926559,8.9663,0.003687,271.23, 461.5055
926560,8.9702,0.004059,246.37, 461.5052
926561,8.9741,0.004101,243.83, 461.5055
926562,8.9780,0.003646,274.27, 461.5052
926563,8.9824,0.004403,227.10, 461.5048
926564,8.9854,0.003292,303.80, 461.5055
926565,8.9893,0.003914,255.49, 461.5052
926566,8.9937,0.004245,235.60, 461.5055
926567,8.9976,0.003659,273.31, 461.5049
926568,9.0015,0.003835,260.76, 461.5055
926569,9.0054,0.004068,245.81, 461.5055
926570,9.0093,0.003857,259.28, 461.5049
926571,9.0132,0.003905,256.10, 461.5055
926572,9.0171,0.003907,255.94, 461.5055
926573,9.0205,0.003559,280.96, 461.5055
926574,9.0244,0.004033,247.98, 461.5055
926575,9.0288,0.004295,232.81, 461.5055
926576,9.0327,0.003633,275.22, 461.5055
926577,9.0366,0.003897,256.60, 461.5055
926578,9.0405,0.004126,242.34, 461.5055
926579,9.0444,0.004103,243.75, 461.5052
926580,9.0483,0.003621,276.17, 461.5055
926581,9.0522,0.003807,262.69, 461.5055
926582,9.0557,0.003825,261.44, 461.5052
926583,9.0601,0.004119,242.80, 461.5055
926584,9.0640,0.003785,264.19, 461.5055
926585,9.0674,0.003850,259.75, 461.5055
926586,9.0718,0.003968,252.02, 461.5055
926587,9.0752,0.003827,261.31, 461.5055
926588,9.0791,0.003870,258.37, 461.5049
926589,9.0830,0.003610,277.05, 461.5055
926590,9.0869,0.004135,241.82, 461.5055
926591,9.0913,0.004049,247.00, 461.5055
926592,9.0947,0.003789,263.94, 461.5049
926593,9.0991,0.004058,246.45, 461.5052
926594,9.1030,0.003938,253.97, 461.5055
926595,9.1064,0.003519,284.17, 461.5055
926596,9.1108,0.004388,227.90, 461.5055
926597,9.1147,0.004043,247.37, 461.5055
926598,9.1182,0.003444,290.34, 461.5049
926599,9.1226,0.004072,245.56, 461.5052
926600,9.1265,0.004231,236.37, 461.5055
926601,9.1304,0.003584,279.06, 461.5055
926602,9.1338,0.003850,259.73, 461.5049
926603,9.1382,0.004145,241.24, 461.5055
926604,9.1421,0.003887,257.27, 461.5049
926605,9.1460,0.003765,265.62, 461.5052
926606,9.1494,0.003565,280.54, 461.5055
926607,9.1533,0.004088,244.59, 461.5055
926608,9.1572,0.004009,249.45, 461.5055
926609,9.1611,0.003760,265.94, 461.5052
926610,9.1650,0.003902,256.26, 461.5055
926611,9.1694,0.004184,239.02, 461.5055
926612,9.1729,0.003459,289.11, 461.5049
926613,9.1768,0.003964,252.30, 461.5055
926614,9.1812,0.004212,237.43, 461.5055
926615,9.1846,0.003705,269.93, 461.5055
926616,9.1885,0.003883,257.51, 461.5055
926617,9.1924,0.003736,267.69, 461.5055
926618,9.1963,0.004068,245.85, 461.5055
926619,9.2002,0.003988,250.73, 461.5055
926620,9.2041,0.003626,275.80, 461.5055
926621,9.2080,0.004107,243.49, 461.5055
926622,9.2119,0.004036,247.77, 461.5055
926623,9.2153,0.003485,286.94, 461.5055
926624,9.2197,0.004308,232.13, 461.5055
926625,9.2241,0.004268,234.30, 461.5055
926626,9.2275,0.003518,284.27, 461.5055
926627,9.2314,0.004003,249.79, 461.5093
926628,9.2358,0.004301,232.51, 461.5049
926629,9.2397,0.003752,266.55, 461.5055
926630,9.2437,0.003868,258.53, 461.5055
926631,9.2476,0.004141,241.49, 461.5052
926632,9.2515,0.003647,274.19, 461.5049
926633,9.2559,0.004390,227.77, 461.5048
926634,9.2593,0.003387,295.25, 461.5049
926635,9.2637,0.004395,227.53, 461.5055
926636,9.2676,0.004015,249.08, 461.5055
926637,9.2720,0.004481,223.15, 461.5049
926638,9.2759,0.003677,271.95, 461.5055
926639,9.2803,0.004354,229.66, 461.5049
926640,9.2837,0.003564,280.61, 461.5055
926641,9.2876,0.003975,251.57, 461.5055
926642,9.2915,0.004084,244.84, 461.5055
926643,9.2954,0.003692,270.89, 461.5055
926644,9.2993,0.003992,250.48, 461.5055
926645,9.3037,0.004279,233.72, 461.5055
926646,9.3071,0.003591,278.51, 461.5055
926647,9.3115,0.004087,244.71, 461.5055
926648,9.3154,0.003994,250.36, 461.5055
926649,9.3188,0.003644,274.42, 461.5055
926650,9.3228,0.004025,248.47, 461.5073
926651,9.3271,0.004002,249.89, 461.5055
926652,9.3311,0.003823,261.57, 461.5055
926653,9.3350,0.003938,253.96, 461.5052
926654,9.3389,0.004006,249.64, 461.5055
926655,9.3423,0.003746,266.97, 461.5055
926656,9.3467,0.003984,251.00, 461.5055
926657,9.3501,0.003761,265.92, 461.5049
926658,9.3540,0.003940,253.83, 461.5055
926659,9.3589,0.004501,222.17, 461.5049
926660,9.3623,0.003512,284.73, 461.5055
926661,9.3662,0.004071,245.63, 461.5055
926662,9.3706,0.004199,238.13, 461.5055
926663,9.3740,0.003780,264.53, 461.5055
926664,9.3789,0.004418,226.37, 461.5055
926665,9.3828,0.004190,238.69, 461.5049
926666,9.3862,0.003605,277.43, 461.5049
926667,9.3901,0.003775,264.87, 461.5055
926668,9.3945,0.004102,243.81, 461.5055
926669,9.3979,0.003685,271.37, 461.5055
926670,9.4023,0.004087,244.67, 461.5055
926671,9.4063,0.003904,256.18, 461.5055
926672,9.4097,0.003744,267.12, 461.5055
926673,9.4136,0.003994,250.39, 461.5055
926674,9.4175,0.003564,280.55, 461.5055
926675,9.4214,0.004148,241.06, 461.5055
926676,9.4258,0.004139,241.59, 461.5055
926677,9.4292,0.003463,288.81, 461.5055
926678,9.4331,0.004053,246.71, 461.5052
926679,9.4375,0.004181,239.17, 461.5055
926680,9.4409,0.003643,274.51, 461.5052
926681,9.4453,0.004483,223.05, 461.5049
926682,9.4492,0.003572,279.96, 461.5055
926683,9.4531,0.003974,251.66, 461.5055
926684,9.4565,0.003547,281.94, 461.5055
926685,9.4609,0.004283,233.48, 461.5055
926686,9.4644,0.003612,276.86, 461.5055
926687,9.4688,0.004149,241.00, 461.5052
926688,9.4727,0.004022,248.66, 461.5055
926689,9.4761,0.003643,274.51, 461.5055
926690,9.4805,0.004005,249.72, 461.5352
926691,9.4839,0.003428,291.69, 461.5055
926692,9.4878,0.004257,234.93, 461.5055
926693,9.4922,0.004426,225.95, 461.5055
926694,9.4961,0.003649,274.07, 461.5055
926695,9.5000,0.003943,253.61, 461.5049
926696,9.5039,0.004142,241.41, 461.5055
926697,9.5078,0.003654,273.70, 461.5055
926698,9.5117,0.003964,252.27, 461.5052
926699,9.5161,0.004203,237.92, 461.5055
926700,9.5195,0.003797,263.35, 461.5052
926701,9.5239,0.004267,234.35, 461.5049
926702,9.5278,0.003804,262.89, 461.5049
926703,9.5317,0.003973,251.71, 461.5049
926704,9.5352,0.003571,280.03, 461.5049
926705,9.5396,0.004239,235.92, 461.5049
926706,9.5430,0.003594,278.27, 461.5052
926707,9.5474,0.004346,230.08, 461.5049
926708,9.5513,0.003614,276.69, 461.5052
926709,9.5552,0.004089,244.56, 461.5055
926710,9.5591,0.004031,248.11, 461.5052
926711,9.5630,0.003913,255.56, 461.5049
926712,9.5669,0.003838,260.53, 461.5055
926713,9.5708,0.003734,267.85, 461.5052
926714,9.5747,0.003938,253.94, 461.5055
926715,9.5786,0.003825,261.47, 461.5049
926716,9.5825,0.004056,246.56, 461.5172
926717,9.5864,0.003795,263.53, 461.5128
926718,9.5903,0.004069,245.75, 461.5052
926719,9.5947,0.004145,241.24, 461.5055
926720,9.5981,0.003559,280.96, 461.5055
926721,9.6021,0.003827,261.31, 461.5049
926722,9.6064,0.004379,228.38, 461.5055
926723,9.6099,0.003734,267.83, 461.5049
926724,9.6143,0.004253,235.14, 461.5049
926725,9.6177,0.003489,286.60, 461.5055
926726,9.6221,0.004085,244.78, 461.5055
926727,9.6260,0.003977,251.46, 461.5052
926728,9.6294,0.003578,279.49, 461.5055
926729,9.6338,0.004436,225.42, 461.5055
926730,9.6377,0.003699,270.35, 461.5055
926731,9.6411,0.003689,271.10, 461.5055
926732,9.6455,0.004073,245.52, 461.5055
926733,9.6494,0.003932,254.36, 461.5055
926734,9.6533,0.003980,251.28, 461.5055
926735,9.6567,0.003720,268.85, 461.5055
926736,9.6611,0.004127,242.33, 461.5055
926737,9.6646,0.003429,291.60, 461.5052
926738,9.6689,0.004265,234.49, 461.5052
926739,9.6729,0.004117,242.89, 461.5055
926740,9.6763,0.003624,275.91, 461.5055
926741,9.6807,0.003965,252.24, 461.5055
926742,9.6841,0.003480,287.36, 461.5055
926743,9.6885,0.004333,230.80, 461.5055
926744,9.6924,0.003953,252.98, 461.5055
926745,9.6958,0.003786,264.11, 461.5055
926746,9.6997,0.003907,255.94, 461.5073
926747,9.7036,0.003889,257.12, 461.5073
926748,9.7075,0.003836,260.71, 461.5055
926749,9.7114,0.003973,251.71, 461.5052
926750,9.7158,0.004108,243.42, 461.5055
926751,9.7192,0.003660,273.22, 461.5055
926752,9.7231,0.003921,255.04, 461.5055
926753,9.7271,0.003644,274.42, 461.5052
926754,9.7314,0.004411,226.69, 461.5052
926755,9.7354,0.003949,253.23, 461.5055
926756,9.7393,0.004040,247.52, 461.5055
926757,9.7432,0.003586,278.88, 461.5049
926758,9.7471,0.003985,250.94, 461.5055
926759,9.7505,0.003677,271.97, 461.5055
926760,9.7544,0.003994,250.40, 461.5052
926761,9.7588,0.004323,231.34, 461.5049
926762,9.7622,0.003510,284.88, 461.5052
926763,9.7666,0.003965,252.21, 461.5055
926764,9.7705,0.003923,254.90, 461.5055
926765,9.7739,0.003757,266.18, 461.5055
926766,9.7783,0.004344,230.19, 461.5052
926767,9.7827,0.004312,231.91, 461.5052
926768,9.7861,0.003422,292.24, 461.5055
926769,9.7900,0.004071,245.63, 461.5049
926770,9.7939,0.003637,274.95, 461.5055
926771,9.7979,0.004054,246.65, 461.5055
926772,9.8022,0.004192,238.53, 461.5049
926773,9.8062,0.004058,246.43, 461.5052
926774,9.8096,0.003640,274.76, 461.5055
926775,9.8140,0.004029,248.20, 461.5055
926776,9.8174,0.003590,278.59, 461.5055
926777,9.8218,0.004118,242.86, 461.5055
926778,9.8257,0.004041,247.46, 461.5055
926779,9.8296,0.003981,251.17, 461.5055
926780,9.8335,0.003759,266.04, 461.5049
926781,9.8374,0.004072,245.59, 461.5055
926782,9.8408,0.003579,279.38, 461.5052
926783,9.8457,0.004486,222.93, 461.5052
926784,9.8496,0.004065,245.98, 461.5055
926785,9.8530,0.003671,272.43, 461.5055
926786,9.8569,0.003787,264.08, 461.5049
926787,9.8608,0.003807,262.71, 461.5055
926788,9.8647,0.003978,251.38, 461.5055
926789,9.8687,0.004055,246.63, 461.5055
926790,9.8726,0.003824,261.48, 461.5052
926791,9.8765,0.003933,254.27, 461.5055
926792,9.8809,0.004067,245.91, 461.5055
926793,9.8843,0.003709,269.62, 461.5055
926794,9.8882,0.003910,255.77, 461.5055
926795,9.8926,0.004465,223.94, 461.5049
926796,9.8960,0.003275,305.33, 461.5055
926797,9.8999,0.004073,245.51, 461.5049
926798,9.9043,0.004048,247.03, 461.5055
926799,9.9077,0.003815,262.14, 461.5052
926800,9.9121,0.004045,247.23, 461.5055
926801,9.9155,0.003439,290.76, 461.5055
926802,9.9194,0.004125,242.41, 461.5055
926803,9.9238,0.004372,228.75, 461.5049
926804,9.9272,0.003537,282.73, 461.5055
926805,9.9312,0.003906,256.01, 461.5055
926806,9.9351,0.003775,264.94, 461.5055
926807,9.9390,0.003974,251.62, 461.5055
926808,9.9434,0.004039,247.59, 461.5052
926809,9.9473,0.003912,255.65, 461.5055
926810,9.9512,0.003999,250.08, 461.5055
926811,9.9551,0.004147,241.13, 461.5049
926812,9.9590,0.003664,272.90, 461.5055
926813,9.9624,0.003750,266.65, 461.5052
926814,9.9663,0.003898,256.52, 461.5055
926815,9.9707,0.004105,243.64, 461.5055
926816,9.9741,0.003634,275.16, 461.5055
926817,9.9785,0.004067,245.89, 461.5049
926818,9.9819,0.003625,275.85, 461.5052
926819,9.9858,0.004051,246.88, 461.5055
926820,9.9897,0.003897,256.61, 461.5055
926821,9.9937,0.003513,284.68, 461.5052
926822,9.9976,0.004281,233.57, 461.5055
