TotalFrame,Time,DeltaTime,FPS,RAM
858614,0.0000,0.014226,70.29, 457.2952
858615,0.0000,0.014226,70.29, 457.5308
858616,0.0195,0.020000,50.00, 457.3506
858617,0.0234,0.003530,283.30, 457.3204
858618,0.0264,0.002983,335.28, 457.3198
858619,0.0366,0.010188,98.15, 457.3204
858620,0.0405,0.004042,247.42, 457.3199
858621,0.0439,0.003496,286.01, 457.3199
858622,0.0479,0.003970,251.87, 457.3202
858623,0.0513,0.003139,318.57, 457.3202
858624,0.0552,0.004235,236.13, 457.3198
858625,0.0586,0.003048,328.09, 457.3199
858626,0.0620,0.003752,266.50, 457.3199
858627,0.0659,0.003918,255.26, 457.3148
858628,0.0693,0.003418,292.59, 457.3142
858629,0.0737,0.004006,249.62, 457.3142
858630,0.0771,0.003717,269.02, 457.3145
858631,0.0801,0.003028,330.29, 457.3148
858632,0.0845,0.004179,239.30, 457.3145
858633,0.0874,0.003097,322.89, 457.3145
858634,0.0918,0.004052,246.79, 457.3142
858635,0.0947,0.003162,316.25, 457.3148
858636,0.0986,0.003730,268.11, 457.3142
858637,0.1025,0.003909,255.83, 457.3148
858638,0.1060,0.003399,294.17, 457.3148
858639,0.1099,0.003875,258.05, 457.3148
858640,0.1133,0.003742,267.24, 457.3148
858641,0.1167,0.003206,311.89, 457.3148
858642,0.1206,0.003991,250.56, 457.3148
858643,0.1235,0.003127,319.82, 457.3148
858644,0.1274,0.003928,254.61, 457.3148
858645,0.1313,0.003592,278.39, 457.3142
858646,0.1348,0.003702,270.15, 457.3145
858647,0.1387,0.003960,252.53, 457.3148
858648,0.1421,0.003142,318.26, 457.3142
858649,0.1460,0.004167,239.97, 457.3141
858650,0.1494,0.003202,312.28, 457.3142
858651,0.1533,0.003816,262.09, 457.3148
858652,0.1567,0.003765,265.58, 457.3148
858653,0.1602,0.003136,318.88, 457.3142
858654,0.1641,0.004074,245.46, 457.3145
858655,0.1675,0.003113,321.26, 457.3266
858656,0.1714,0.004004,249.74, 457.3148
858657,0.1753,0.003900,256.40, 457.3166
858658,0.1782,0.003239,308.78, 457.3148
858659,0.1821,0.003568,280.29, 457.3148
858660,0.1855,0.003717,269.01, 457.3142
858661,0.1895,0.003741,267.29, 457.3145
858662,0.1934,0.003784,264.28, 457.3142
858663,0.1963,0.003235,309.13, 457.3148
858664,0.2012,0.004476,223.41, 457.3142
858665,0.2041,0.003218,310.76, 457.3142
858666,0.2080,0.003851,259.68, 457.3148
858667,0.2119,0.003685,271.37, 457.3148
858668,0.2148,0.003209,311.66, 457.3142
858669,0.2192,0.004457,224.35, 457.3141
858670,0.2227,0.003293,303.66, 457.3148
858671,0.2261,0.003285,304.40, 457.3148
858672,0.2300,0.004014,249.10, 457.3141
858673,0.2329,0.003165,315.93, 457.3142
858674,0.2368,0.003873,258.20, 457.3142
858675,0.2402,0.003351,298.38, 457.3148
858676,0.2441,0.003678,271.89, 457.3142
858677,0.2485,0.004280,233.66, 457.3141
858678,0.2515,0.003384,295.55, 457.3148
858679,0.2549,0.003096,322.97, 457.3148
858680,0.2583,0.003644,274.46, 457.3271
858681,0.2622,0.003686,271.33, 457.3148
858682,0.2661,0.003856,259.36, 457.3148
858683,0.2695,0.003322,301.06, 457.3145
858684,0.2734,0.004192,238.53, 457.3148
858685,0.2769,0.003163,316.19, 457.3148
858686,0.2808,0.003973,251.69, 457.3148
858687,0.2847,0.003817,261.99, 457.3148
858688,0.2881,0.003440,290.74, 457.3148
858689,0.2915,0.003624,275.98, 457.3148
858690,0.2949,0.003361,297.54, 457.3145
858691,0.2988,0.003970,251.90, 457.3148
858692,0.3027,0.003734,267.78, 457.3148
858693,0.3057,0.003171,315.41, 457.3145
858694,0.3096,0.003896,256.67, 457.3148
858695,0.3130,0.003361,297.57, 457.3181
858696,0.3169,0.003957,252.69, 457.3145
858697,0.3208,0.003710,269.57, 457.3148
858698,0.3237,0.003088,323.87, 457.3142
858699,0.3281,0.004161,240.33, 457.3148
858700,0.3311,0.003055,327.39, 457.3145
858701,0.3350,0.004030,248.16, 457.3148
858702,0.3389,0.003682,271.58, 457.3145
858703,0.3428,0.003859,259.13, 457.3148
858704,0.3462,0.003542,282.36, 457.3148
858705,0.3496,0.003420,292.41, 457.3145
858706,0.3535,0.003795,263.49, 457.3145
858707,0.3569,0.003752,266.55, 457.3148
858708,0.3604,0.003134,319.07, 457.3148
858709,0.3643,0.004241,235.82, 457.3148
858710,0.3677,0.003194,313.11, 457.3142
858711,0.3721,0.004362,229.26, 457.3148
858712,0.3760,0.004106,243.56, 457.3141
858713,0.3794,0.003470,288.18, 457.3141
858714,0.3823,0.002949,339.11, 457.3145
858715,0.3862,0.003534,282.99, 457.3148
858716,0.3896,0.003731,268.05, 457.3142
858717,0.3936,0.003814,262.22, 457.3148
858718,0.3970,0.003152,317.23, 457.3148
858719,0.4009,0.003951,253.09, 457.3148
858720,0.4038,0.003307,302.38, 457.3148
858721,0.4077,0.003608,277.20, 457.3148
858722,0.4111,0.003584,279.00, 457.3142
858723,0.4146,0.003564,280.57, 457.3145
858724,0.4185,0.003911,255.69, 457.3148
858725,0.4224,0.003583,279.09, 457.3142
858726,0.4258,0.003750,266.68, 457.3142
858727,0.4297,0.003912,255.66, 457.3147
858728,0.4331,0.003110,321.52, 457.3145
858729,0.4370,0.003919,255.17, 457.3145
858730,0.4399,0.003172,315.30, 457.3145
858731,0.4448,0.004645,215.28, 457.3147
858732,0.4482,0.003519,284.18, 457.3141
858733,0.4517,0.003164,316.08, 457.3145
858734,0.4556,0.003989,250.66, 457.3144
858735,0.4595,0.003864,258.80, 457.3141
858736,0.4629,0.003701,270.18, 457.3141
858737,0.4663,0.003236,309.05, 457.3142
858738,0.4697,0.003471,288.13, 457.3142
858739,0.4736,0.004073,245.50, 457.3148
858740,0.4771,0.003100,322.63, 457.3148
858741,0.4810,0.004034,247.91, 457.3142
858742,0.4854,0.004498,222.34, 457.3141
858743,0.4888,0.003558,281.06, 457.3142
858744,0.4927,0.003858,259.23, 457.3148
858745,0.4961,0.003347,298.75, 457.3148
858746,0.5000,0.003758,266.07, 457.3145
858747,0.5034,0.003721,268.74, 457.3148
858748,0.5068,0.003282,304.69, 457.3148
858749,0.5112,0.004062,246.18, 457.3142
858750,0.5146,0.003690,270.97, 457.3148
858751,0.5176,0.002955,338.40, 457.3148
858752,0.5220,0.004208,237.64, 457.3145
858753,0.5249,0.003009,332.29, 457.3148
858754,0.5288,0.003923,254.91, 457.3395
858755,0.5322,0.003656,273.52, 457.3148
858756,0.5361,0.003790,263.82, 457.3142
858757,0.5396,0.003500,285.71, 457.3148
858758,0.5430,0.003288,304.10, 457.3145
858759,0.5469,0.003883,257.52, 457.3148
858760,0.5503,0.003169,315.53, 457.3148
858761,0.5542,0.004062,246.18, 457.3148
858762,0.5581,0.004095,244.18, 457.3145
858763,0.5610,0.002990,334.50, 457.3148
858764,0.5654,0.004117,242.88, 457.3148
858765,0.5684,0.003228,309.81, 457.3142
858766,0.5723,0.003885,257.43, 457.3148
858767,0.5762,0.003719,268.86, 457.3142
858768,0.5801,0.003739,267.42, 457.3142
858769,0.5835,0.003393,294.77, 457.3145
858770,0.5869,0.003434,291.22, 457.3148
858771,0.5903,0.003738,267.52, 457.3148
858772,0.5942,0.003774,264.98, 457.3148
858773,0.5977,0.003178,314.65, 457.3148
858774,0.6011,0.003870,258.41, 457.3148
858775,0.6045,0.003349,298.57, 457.3148
858776,0.6089,0.004244,235.61, 457.3145
858777,0.6123,0.003217,310.85, 457.3148
858778,0.6157,0.003663,273.04, 457.3148
858779,0.6191,0.003504,285.39, 457.3148
858780,0.6226,0.003295,303.50, 457.3148
858781,0.6265,0.004121,242.65, 457.3142
858782,0.6304,0.003728,268.27, 457.3142
858783,0.6333,0.003103,322.23, 457.3142
858784,0.6377,0.004200,238.11, 457.3141
858785,0.6406,0.003135,318.95, 457.3145
858786,0.6440,0.003428,291.73, 457.3142
858787,0.6484,0.004033,247.93, 457.3148
858788,0.6514,0.003173,315.18, 457.3142
858789,0.6553,0.004021,248.72, 457.3145
858790,0.6587,0.003115,320.99, 457.3148
858791,0.6626,0.003994,250.41, 457.3148
858792,0.6655,0.003153,317.13, 457.3145
858793,0.6694,0.003903,256.19, 457.3148
858794,0.6733,0.003824,261.49, 457.3142
858795,0.6768,0.003402,293.97, 457.3148
858796,0.6807,0.003674,272.16, 457.3148
858797,0.6846,0.004053,246.75, 457.3144
858798,0.6880,0.003124,320.07, 457.3145
858799,0.6919,0.003910,255.73, 457.3148
858800,0.6948,0.002968,336.95, 457.3142
858801,0.6987,0.003974,251.63, 457.3148
858802,0.7021,0.003309,302.22, 457.3145
858803,0.7056,0.003857,259.29, 457.3148
858804,0.7095,0.003916,255.40, 457.3145
858805,0.7129,0.002976,336.02, 457.3148
858806,0.7168,0.003923,254.88, 457.3148
858807,0.7202,0.003508,285.09, 457.3148
858808,0.7241,0.003941,253.77, 457.3148
858809,0.7275,0.003700,270.26, 457.3148
858810,0.7310,0.002998,333.61, 457.3148
858811,0.7349,0.004080,245.09, 457.3148
858812,0.7378,0.003179,314.57, 457.3142
858813,0.7422,0.004034,247.92, 457.3142
858814,0.7456,0.003596,278.08, 457.3148
858815,0.7490,0.003208,311.70, 457.3148
858816,0.7529,0.004133,241.97, 457.3148
858817,0.7563,0.003637,274.96, 457.3145
858818,0.7603,0.003642,274.60, 457.3148
858819,0.7632,0.003039,329.03, 457.3148
858820,0.7671,0.003934,254.17, 457.3145
858821,0.7710,0.004016,249.03, 457.3148
858822,0.7744,0.003287,304.19, 457.3142
858823,0.7783,0.003936,254.05, 457.3144
858824,0.7822,0.003661,273.14, 457.3145
858825,0.7861,0.004227,236.57, 457.3142
858826,0.7900,0.003622,276.08, 457.3148
858827,0.7935,0.003479,287.48, 457.3145
858828,0.7974,0.003729,268.20, 457.3142
858829,0.8013,0.004032,248.03, 457.3148
858830,0.8047,0.003342,299.20, 457.3142
858831,0.8091,0.004457,224.37, 457.3144
858832,0.8120,0.003106,322.00, 457.3142
858833,0.8159,0.003598,277.94, 457.3148
858834,0.8198,0.004071,245.66, 457.3148
858835,0.8228,0.003020,331.08, 457.3148
858836,0.8267,0.004081,245.04, 457.3148
858837,0.8306,0.003763,265.74, 457.3142
858838,0.8335,0.003001,333.19, 457.3145
858839,0.8379,0.004146,241.19, 457.3148
858840,0.8408,0.003060,326.85, 457.3148
858841,0.8447,0.003991,250.54, 457.3148
858842,0.8481,0.003366,297.11, 457.3148
858843,0.8521,0.003906,256.01, 457.3148
858844,0.8560,0.003680,271.71, 457.3148
858845,0.8594,0.003800,263.14, 457.3142
858846,0.8628,0.003275,305.33, 457.3148
858847,0.8662,0.003444,290.34, 457.3148
858848,0.8701,0.003742,267.24, 457.3142
858849,0.8740,0.003761,265.92, 457.3148
858850,0.8774,0.003546,282.00, 457.3142
858851,0.8813,0.003899,256.45, 457.3147
858852,0.8843,0.003084,324.30, 457.3148
858853,0.8887,0.004130,242.11, 457.3142
858854,0.8921,0.003540,282.45, 457.3148
858855,0.8950,0.003151,317.35, 457.3148
858856,0.8994,0.004414,226.56, 457.3142
858857,0.9028,0.003177,314.80, 457.3148
858858,0.9063,0.003292,303.76, 457.3148
858859,0.9097,0.003794,263.55, 457.3148
858860,0.9131,0.003474,287.84, 457.3145
858861,0.9170,0.003876,258.02, 457.3148
858862,0.9204,0.003391,294.90, 457.3148
858863,0.9243,0.003814,262.19, 457.3142
858864,0.9282,0.003995,250.33, 457.3147
858865,0.9316,0.003079,324.80, 457.3145
858866,0.9351,0.003722,268.68, 457.3148
858867,0.9385,0.003441,290.60, 457.3148
858868,0.9424,0.003808,262.62, 457.3145
858869,0.9458,0.003140,318.45, 457.3148
858870,0.9497,0.003968,252.02, 457.3148
858871,0.9531,0.003671,272.40, 457.3148
858872,0.9565,0.003386,295.36, 457.3148
858873,0.9604,0.003903,256.22, 457.3148
858874,0.9644,0.003736,267.64, 457.3148
858875,0.9678,0.003361,297.52, 457.3145
858876,0.9717,0.003839,260.46, 457.3148
858877,0.9746,0.003088,323.84, 457.3142
858878,0.9785,0.004014,249.11, 457.3145
858879,0.9814,0.003139,318.58, 457.3148
858880,0.9858,0.004033,247.95, 457.3145
858881,0.9897,0.003829,261.17, 457.3148
858882,0.9927,0.003233,309.27, 457.3148
858883,0.9966,0.003723,268.58, 457.3167
858884,0.9995,0.003238,308.80, 457.3148
858885,1.0039,0.004164,240.18, 457.3145
858886,1.0073,0.003578,279.52, 457.3145
858887,1.0107,0.003354,298.12, 457.3148
858888,1.0146,0.003862,258.92, 457.3148
858889,1.0181,0.003217,310.83, 457.3148
858890,1.0215,0.003742,267.24, 457.3142
858891,1.0254,0.003942,253.71, 457.3148
858892,1.0288,0.003204,312.09, 457.3145
858893,1.0327,0.003918,255.24, 457.3148
858894,1.0361,0.003303,302.80, 457.3148
858895,1.0400,0.003936,254.08, 457.3148
858896,1.0439,0.003767,265.50, 457.3145
858897,1.0469,0.003042,328.69, 457.3148
858898,1.0508,0.003948,253.30, 457.3148
858899,1.0537,0.003188,313.70, 457.3148
858900,1.0581,0.004407,226.93, 457.3148
858901,1.0620,0.003918,255.25, 457.3141
858902,1.0659,0.003457,289.26, 457.3145
858903,1.0693,0.003451,289.75, 457.3148
858904,1.0728,0.003385,295.39, 457.3145
858905,1.0767,0.003914,255.53, 457.3145
858906,1.0801,0.003773,265.03, 457.3148
858907,1.0835,0.003258,306.97, 457.3145
858908,1.0874,0.004009,249.43, 457.3148
858909,1.0908,0.003258,306.93, 457.3142
858910,1.0942,0.003715,269.19, 457.3145
858911,1.0977,0.003142,318.30, 457.3148
858912,1.1021,0.004225,236.68, 457.3145
858913,1.1055,0.003624,275.96, 457.3145
858914,1.1089,0.003417,292.70, 457.3148
858915,1.1123,0.003698,270.39, 457.3148
858916,1.1162,0.003529,283.33, 457.3142
858917,1.1196,0.003388,295.19, 457.3145
858918,1.1235,0.003998,250.11, 457.3148
858919,1.1270,0.003344,299.03, 457.3145
858920,1.1304,0.003736,267.64, 457.3142
858921,1.1338,0.003332,300.12, 457.3148
858922,1.1377,0.003851,259.69, 457.3142
858923,1.1416,0.003841,260.34, 457.3148
858924,1.1445,0.003044,328.56, 457.3148
858925,1.1494,0.004620,216.47, 457.3141
858926,1.1523,0.003118,320.74, 457.3148
858927,1.1558,0.003446,290.16, 457.3148
858928,1.1592,0.003559,281.01, 457.3148
858929,1.1631,0.003660,273.26, 457.3142
858930,1.1665,0.003707,269.78, 457.3148
858931,1.1699,0.003245,308.14, 457.3145
858932,1.1738,0.003920,255.12, 457.3145
858933,1.1777,0.003884,257.44, 457.3144
858934,1.1812,0.003558,281.07, 457.3148
858935,1.1846,0.003352,298.37, 457.3148
858936,1.1880,0.003449,289.95, 457.3142
858937,1.1919,0.003788,263.98, 457.3148
858938,1.1958,0.003862,258.96, 457.3148
858939,1.1987,0.003050,327.87, 457.3142
858940,1.2026,0.004034,247.92, 457.3148
858941,1.2061,0.003107,321.88, 457.3145
858942,1.2100,0.003943,253.63, 457.3142
858943,1.2139,0.003836,260.70, 457.3148
858944,1.2173,0.003370,296.70, 457.3148
858945,1.2207,0.003819,261.82, 457.3148
858946,1.2241,0.003410,293.23, 457.3148
858947,1.2280,0.003714,269.24, 457.3145
858948,1.2319,0.003765,265.60, 457.3148
858949,1.2349,0.003021,331.07, 457.3145
858950,1.2388,0.004080,245.12, 457.3148
858951,1.2422,0.003311,302.05, 457.3148
858952,1.2466,0.004239,235.89, 457.3141
858953,1.2495,0.003171,315.39, 457.3142
858954,1.2529,0.003514,284.57, 457.3148
858955,1.2568,0.003739,267.48, 457.3148
858956,1.2603,0.003446,290.17, 457.3145
858957,1.2642,0.003660,273.22, 457.3148
858958,1.2676,0.003574,279.78, 457.3148
858959,1.2710,0.003565,280.52, 457.3167
858960,1.2749,0.003844,260.13, 457.3148
858961,1.2783,0.003204,312.12, 457.3148
858962,1.2822,0.004001,249.93, 457.3148
858963,1.2852,0.003043,328.67, 457.3148
858964,1.2891,0.003997,250.17, 457.3145
858965,1.2930,0.003822,261.65, 457.3145
858966,1.2964,0.003129,319.60, 457.3177
858967,1.3003,0.003976,251.50, 457.3148
858968,1.3032,0.003206,311.88, 457.3142
858969,1.3071,0.003889,257.16, 457.3142
858970,1.3110,0.003726,268.36, 457.3148
858971,1.3145,0.003366,297.09, 457.3148
858972,1.3179,0.003746,266.92, 457.3148
858973,1.3218,0.003530,283.27, 457.3148
858974,1.3252,0.003703,270.04, 457.3142
858975,1.3291,0.003779,264.64, 457.3148
858976,1.3320,0.003093,323.30, 457.3142
858977,1.3359,0.003917,255.31, 457.3148
858978,1.3398,0.003627,275.74, 457.3145
858979,1.3433,0.003553,281.49, 457.3291
858980,1.3467,0.003495,286.09, 457.3148
858981,1.3506,0.003862,258.95, 457.3148
858982,1.3545,0.003598,277.95, 457.3148
858983,1.3579,0.003564,280.58, 457.3145
858984,1.3613,0.003594,278.28, 457.3145
858985,1.3652,0.003743,267.14, 457.3145
858986,1.3682,0.003081,324.54, 457.3145
858987,1.3726,0.004089,244.56, 457.3148
858988,1.3755,0.003125,319.99, 457.3145
858989,1.3799,0.004386,228.00, 457.3141
858990,1.3833,0.003247,307.98, 457.3148
858991,1.3867,0.003464,288.67, 457.3148
858992,1.3906,0.003931,254.38, 457.3148
858993,1.3936,0.002969,336.86, 457.3148
858994,1.3975,0.003979,251.34, 457.3148
858995,1.4009,0.003543,282.24, 457.3142
858996,1.4048,0.003675,272.12, 457.3148
858997,1.4087,0.003969,251.93, 457.3147
858998,1.4121,0.003369,296.87, 457.3142
858999,1.4155,0.003426,291.85, 457.3148
859000,1.4189,0.003728,268.24, 457.3148
859001,1.4233,0.004040,247.52, 457.3148
859002,1.4268,0.003686,271.33, 457.3145
859003,1.4302,0.003332,300.11, 457.3148
859004,1.4341,0.003706,269.81, 457.3148
859005,1.4375,0.003584,279.06, 457.3142
859006,1.4409,0.003441,290.63, 457.3145
859007,1.4448,0.003903,256.23, 457.3148
859008,1.4482,0.003368,296.90, 457.3148
859009,1.4526,0.004502,222.15, 457.3141
859010,1.4565,0.003636,275.01, 457.3141
859011,1.4600,0.003476,287.68, 457.3141
859012,1.4634,0.003560,280.89, 457.3147
859013,1.4673,0.004012,249.23, 457.3141
859014,1.4707,0.003437,290.98, 457.3210
859015,1.4741,0.003408,293.45, 457.3145
859016,1.4780,0.003965,252.24, 457.3142
859017,1.4819,0.003948,253.27, 457.3142
859018,1.4858,0.003770,265.25, 457.3142
859019,1.4902,0.004153,240.79, 457.3148
859020,1.4937,0.003676,272.06, 457.3148
859021,1.4971,0.003182,314.23, 457.3142
859022,1.5010,0.003835,260.74, 457.3145
859023,1.5039,0.003184,314.10, 457.3148
859024,1.5078,0.003953,253.00, 457.3148
859025,1.5117,0.003733,267.85, 457.3145
859026,1.5151,0.003371,296.68, 457.3148
859027,1.5186,0.003709,269.64, 457.3148
859028,1.5220,0.003422,292.24, 457.3145
859029,1.5264,0.004172,239.70, 457.3142
859030,1.5298,0.003386,295.33, 457.3148
859031,1.5332,0.003346,298.89, 457.3148
859032,1.5371,0.004144,241.31, 457.3144
859033,1.5400,0.003095,323.15, 457.3148
859034,1.5439,0.003799,263.23, 457.3142
859035,1.5474,0.003443,290.45, 457.3145
859036,1.5513,0.003744,267.07, 457.3145
859037,1.5552,0.003764,265.65, 457.3145
859038,1.5581,0.003004,332.85, 457.3145
859039,1.5625,0.004402,227.18, 457.3148
859040,1.5659,0.003584,278.99, 457.3148
859041,1.5693,0.003113,321.20, 457.3148
859042,1.5732,0.004131,242.05, 457.3148
859043,1.5767,0.003185,314.02, 457.3148
859044,1.5801,0.003650,274.01, 457.3148
859045,1.5845,0.004185,238.93, 457.3141
859046,1.5879,0.003525,283.71, 457.3142
859047,1.5913,0.003460,289.06, 457.3148
859048,1.5947,0.003391,294.88, 457.3142
859049,1.5981,0.003732,267.95, 457.3148
859050,1.6016,0.003165,315.98, 457.3145
859051,1.6055,0.003912,255.64, 457.3148
859052,1.6094,0.003925,254.77, 457.3145
859053,1.6123,0.003089,323.77, 457.3145
859054,1.6162,0.003906,256.03, 457.3167
859055,1.6201,0.003761,265.87, 457.3148
859056,1.6240,0.003966,252.16, 457.3167
859057,1.6279,0.003675,272.15, 457.3145
859058,1.6309,0.003107,321.83, 457.3142
859059,1.6348,0.003814,262.23, 457.3148
859060,1.6382,0.003670,272.46, 457.3142
859061,1.6421,0.003889,257.15, 457.3148
859062,1.6455,0.003373,296.46, 457.3148
859063,1.6489,0.003350,298.49, 457.3148
859064,1.6533,0.004157,240.53, 457.3142
859065,1.6563,0.003234,309.20, 457.3148
859066,1.6602,0.003686,271.28, 457.3148
859067,1.6636,0.003635,275.10, 457.3145
859068,1.6670,0.003246,308.12, 457.3148
859069,1.6709,0.003946,253.41, 457.3145
859070,1.6738,0.003140,318.47, 457.3145
859071,1.6782,0.003990,250.63, 457.3148
859072,1.6816,0.003660,273.24, 457.3148
859073,1.6851,0.003379,295.93, 457.3148
859074,1.6890,0.004039,247.57, 457.3148
859075,1.6919,0.003032,329.85, 457.3142
859076,1.6958,0.003770,265.27, 457.3148
859077,1.6992,0.003480,287.35, 457.3145
859078,1.7031,0.003800,263.14, 457.3148
859079,1.7070,0.003766,265.55, 457.3148
859080,1.7104,0.003546,281.98, 457.3142
859081,1.7144,0.003806,262.74, 457.3142
859082,1.7178,0.003582,279.21, 457.3148
859083,1.7212,0.003218,310.75, 457.3148
859084,1.7251,0.003826,261.40, 457.3142
859085,1.7285,0.003733,267.87, 457.3142
859086,1.7319,0.003443,290.44, 457.3145
859087,1.7354,0.003310,302.11, 457.3142
859088,1.7393,0.003815,262.15, 457.3148
859089,1.7432,0.003770,265.28, 457.3145
859090,1.7466,0.003374,296.38, 457.3157
859091,1.7500,0.003780,264.52, 457.3148
859092,1.7534,0.003165,315.95, 457.3148
859093,1.7573,0.004127,242.32, 457.3142
859094,1.7612,0.003655,273.63, 457.3145
859095,1.7642,0.003187,313.82, 457.3148
859096,1.7681,0.004029,248.19, 457.3142
859097,1.7715,0.003073,325.44, 457.3145
859098,1.7754,0.003994,250.38, 457.3142
859099,1.7793,0.003802,263.02, 457.3148
859100,1.7822,0.003067,326.01, 457.3148
859101,1.7861,0.003883,257.54, 457.3148
859102,1.7896,0.003441,290.62, 457.3148
859103,1.7930,0.003616,276.55, 457.3148
859104,1.7974,0.004225,236.71, 457.3141
859105,1.8003,0.002976,336.00, 457.3148
859106,1.8042,0.003801,263.10, 457.3148
859107,1.8076,0.003540,282.53, 457.3145
859108,1.8120,0.004278,233.75, 457.3148
859109,1.8159,0.003986,250.89, 457.3144
859110,1.8193,0.003330,300.28, 457.3142
859111,1.8228,0.003353,298.23, 457.3148
859112,1.8262,0.003473,287.98, 457.3145
859113,1.8301,0.003733,267.89, 457.3148
859114,1.8335,0.003755,266.28, 457.3148
859115,1.8369,0.003359,297.69, 457.3148
859116,1.8408,0.004060,246.32, 457.3147
859117,1.8442,0.003030,330.09, 457.3142
859118,1.8481,0.003880,257.77, 457.3148
859119,1.8511,0.003049,327.95, 457.3148
859120,1.8550,0.004062,246.16, 457.3145
859121,1.8589,0.003677,271.98, 457.3142
859122,1.8623,0.003436,291.07, 457.3148
859123,1.8657,0.003571,280.07, 457.3145
859124,1.8696,0.004030,248.14, 457.3145
859125,1.8730,0.003337,299.64, 457.3142
859126,1.8770,0.003802,263.00, 457.3145
859127,1.8804,0.003232,309.41, 457.3148
859128,1.8843,0.003902,256.27, 457.3145
859129,1.8872,0.003202,312.33, 457.3145
859130,1.8916,0.004133,241.94, 457.3145
859131,1.8950,0.003600,277.80, 457.3148
859132,1.8984,0.003239,308.73, 457.3148
859133,1.9023,0.003912,255.62, 457.3145
859134,1.9053,0.003163,316.13, 457.3145
859135,1.9097,0.004151,240.92, 457.3148
859136,1.9131,0.003501,285.62, 457.3142
859137,1.9165,0.003487,286.80, 457.3148
859138,1.9199,0.003630,275.45, 457.3148
859139,1.9233,0.003287,304.27, 457.3145
859140,1.9277,0.004259,234.79, 457.3145
859141,1.9316,0.004023,248.55, 457.3147
859142,1.9351,0.003218,310.80, 457.3145
859143,1.9385,0.003584,278.99, 457.3148
859144,1.9414,0.003190,313.45, 457.3148
859145,1.9458,0.003931,254.41, 457.3142
859146,1.9492,0.003796,263.43, 457.3145
859147,1.9526,0.003352,298.35, 457.3148
859148,1.9565,0.003851,259.70, 457.3148
859149,1.9595,0.003104,322.20, 457.3148
859150,1.9634,0.003928,254.58, 457.3145
859151,1.9673,0.003804,262.85, 457.3148
859152,1.9707,0.003343,299.14, 457.3145
859153,1.9746,0.003815,262.12, 457.3148
859154,1.9780,0.003537,282.72, 457.3148
859155,1.9819,0.003609,277.09, 457.3145
859156,1.9854,0.003707,269.73, 457.3148
859157,1.9888,0.003395,294.57, 457.3145
859158,1.9927,0.003877,257.93, 457.3145
859159,1.9961,0.003369,296.81, 457.3148
859160,2.0000,0.003816,262.03, 457.3145
859161,2.0029,0.003047,328.20, 457.3148
859162,2.0068,0.003835,260.76, 457.3148
859163,2.0107,0.003913,255.55, 457.3148
859164,2.0137,0.003150,317.48, 457.3148
859165,2.0181,0.004074,245.44, 457.3145
859166,2.0220,0.003859,259.14, 457.3142
859167,2.0249,0.003009,332.30, 457.3148
859168,2.0288,0.004021,248.71, 457.3145
859169,2.0317,0.003138,318.70, 457.3145
859170,2.0361,0.003980,251.24, 457.3145
859171,2.0391,0.003379,295.91, 457.3148
859172,2.0430,0.003684,271.48, 457.3142
859173,2.0469,0.003964,252.30, 457.3148
859174,2.0498,0.003082,324.43, 457.3148
859175,2.0542,0.004042,247.43, 457.3148
859176,2.0576,0.003394,294.64, 457.3148
859177,2.0610,0.003830,261.11, 457.3145
859178,2.0649,0.003812,262.30, 457.3145
859179,2.0684,0.003374,296.35, 457.3145
859180,2.0723,0.003685,271.38, 457.3148
859181,2.0757,0.003559,280.97, 457.3142
859182,2.0791,0.003427,291.81, 457.3145
859183,2.0830,0.003896,256.69, 457.3148
859184,2.0864,0.003567,280.32, 457.3148
859185,2.0903,0.003698,270.40, 457.3145
859186,2.0938,0.003317,301.52, 457.3148
859187,2.0977,0.003812,262.33, 457.3148
859188,2.1011,0.003731,268.00, 457.3145
859189,2.1040,0.003076,325.09, 457.3148
859190,2.1089,0.004427,225.89, 457.3147
859191,2.1118,0.003148,317.69, 457.3145
859192,2.1152,0.003660,273.23, 457.3142
859193,2.1191,0.003719,268.91, 457.3145
859194,2.1230,0.003647,274.17, 457.3148
859195,2.1265,0.003624,275.98, 457.3148
859196,2.1294,0.003154,317.05, 457.3148
859197,2.1333,0.003799,263.21, 457.3148
859198,2.1367,0.003322,301.02, 457.3145
859199,2.1406,0.003985,250.94, 457.3148
859200,2.1445,0.003743,267.19, 457.3148
859201,2.1479,0.003357,297.91, 457.3148
859202,2.1514,0.003666,272.81, 457.3145
859203,2.1553,0.003886,257.37, 457.3148
859204,2.1582,0.003052,327.64, 457.3148
859205,2.1626,0.003957,252.75, 457.3148
859206,2.1660,0.003426,291.92, 457.3142
859207,2.1694,0.003669,272.54, 457.3148
859208,2.1729,0.003249,307.82, 457.3145
859209,2.1768,0.004104,243.66, 457.3145
859210,2.1807,0.003610,277.03, 457.3148
859211,2.1836,0.003251,307.57, 457.3148
859212,2.1875,0.003924,254.86, 457.3148
859213,2.1909,0.003360,297.60, 457.3148
859214,2.1948,0.003833,260.91, 457.3148
859215,2.1987,0.003706,269.85, 457.3148
859216,2.2021,0.003457,289.26, 457.3145
859217,2.2056,0.003803,262.98, 457.3148
859218,2.2090,0.003398,294.30, 457.3148
859219,2.2129,0.003567,280.32, 457.3148
859220,2.2163,0.003813,262.23, 457.3145
859221,2.2197,0.003380,295.87, 457.3145
859222,2.2241,0.004269,234.24, 457.3145
859223,2.2275,0.003211,311.47, 457.3148
859224,2.2314,0.004265,234.47, 457.3145
859225,2.2349,0.003236,309.00, 457.3148
859226,2.2383,0.003380,295.87, 457.3148
859227,2.2422,0.003775,264.90, 457.3148
859228,2.2456,0.003458,289.17, 457.3148
859229,2.2495,0.003770,265.22, 457.3142
859230,2.2524,0.003048,328.04, 457.3148
859231,2.2563,0.003908,255.92, 457.3148
859232,2.2603,0.003899,256.46, 457.3148
859233,2.2637,0.003427,291.84, 457.3148
859234,2.2671,0.003663,273.04, 457.3157
859235,2.2710,0.003751,266.61, 457.3148
859236,2.2744,0.003311,302.04, 457.3142
859237,2.2783,0.003882,257.63, 457.3148
859238,2.2813,0.003195,312.99, 457.3145
859239,2.2852,0.003828,261.21, 457.3148
859240,2.2891,0.004051,246.87, 457.3141
859241,2.2925,0.003205,312.06, 457.3148
859242,2.2964,0.003760,265.95, 457.3148
859243,2.2993,0.003328,300.47, 457.3145
859244,2.3032,0.003632,275.33, 457.3142
859245,2.3066,0.003607,277.25, 457.3145
859246,2.3105,0.003695,270.67, 457.3148
859247,2.3145,0.003768,265.42, 457.3148
859248,2.3179,0.003624,275.92, 457.3148
859249,2.3213,0.003271,305.72, 457.3145
859250,2.3247,0.003687,271.25, 457.3145
859251,2.3286,0.003637,274.94, 457.3148
859252,2.3320,0.003688,271.16, 457.3148
859253,2.3359,0.003793,263.67, 457.3148
859254,2.3394,0.003484,287.07, 457.3148
859255,2.3428,0.003270,305.86, 457.3148
859256,2.3467,0.003832,260.94, 457.3145
859257,2.3506,0.003852,259.59, 457.3148
859258,2.3535,0.003146,317.85, 457.3142
859259,2.3574,0.004129,242.22, 457.3144
859260,2.3608,0.003091,323.54, 457.3142
859261,2.3652,0.004463,224.05, 457.3141
859262,2.3682,0.003121,320.42, 457.3148
859263,2.3721,0.003787,264.10, 457.3148
859264,2.3760,0.003912,255.65, 457.3145
859265,2.3794,0.003399,294.22, 457.3148
859266,2.3833,0.003920,255.13, 457.3142
859267,2.3872,0.003909,255.85, 457.3141
859268,2.3911,0.003816,262.03, 457.3141
859269,2.3945,0.003376,296.18, 457.3141
859270,2.3979,0.003465,288.63, 457.3148
859271,2.4014,0.003340,299.45, 457.3142
859272,2.4043,0.003121,320.39, 457.3145
859273,2.4082,0.003980,251.23, 457.3148
859274,2.4121,0.003612,276.89, 457.3145
859275,2.4155,0.003476,287.70, 457.3148
859276,2.4189,0.003686,271.30, 457.3148
859277,2.4233,0.004132,242.02, 457.3141
859278,2.4263,0.003129,319.62, 457.3145
859279,2.4302,0.003738,267.54, 457.3148
859280,2.4336,0.003601,277.71, 457.3142
859281,2.4370,0.003367,296.97, 457.3142
859282,2.4409,0.003897,256.61, 457.3145
859283,2.4448,0.003686,271.33, 457.3148
859284,2.4487,0.004040,247.50, 457.3141
859285,2.4521,0.003314,301.79, 457.3142
859286,2.4556,0.003699,270.38, 457.3142
859287,2.4590,0.003420,292.41, 457.3148
859288,2.4634,0.004090,244.50, 457.3167
859289,2.4668,0.003431,291.43, 457.3145
859290,2.4707,0.003854,259.50, 457.3148
859291,2.4741,0.003802,263.01, 457.3148
859292,2.4780,0.003955,252.82, 457.3147
859293,2.4819,0.003721,268.75, 457.3142
859294,2.4858,0.003743,267.19, 457.3145
859295,2.4893,0.003753,266.47, 457.3148
859296,2.4932,0.003676,272.01, 457.3148
859297,2.4971,0.003783,264.34, 457.3148
859298,2.5005,0.003436,291.07, 457.3145
859299,2.5039,0.003519,284.15, 457.3281
859300,2.5073,0.003485,286.94, 457.3148
859301,2.5117,0.004330,230.93, 457.3142
859302,2.5146,0.003051,327.79, 457.3148
859303,2.5186,0.003561,280.80, 457.3145
859304,2.5220,0.003641,274.62, 457.3145
859305,2.5259,0.004001,249.93, 457.3148
859306,2.5293,0.003320,301.19, 457.3145
859307,2.5332,0.003807,262.66, 457.3148
859308,2.5361,0.003252,307.50, 457.3148
859309,2.5405,0.003955,252.84, 457.3142
859310,2.5435,0.003071,325.58, 457.3142
859311,2.5474,0.003932,254.32, 457.3148
859312,2.5513,0.003872,258.26, 457.3141
859313,2.5547,0.003272,305.64, 457.3142
859314,2.5581,0.003829,261.14, 457.3148
859315,2.5615,0.003377,296.16, 457.3148
859316,2.5654,0.003603,277.52, 457.3148
859317,2.5693,0.003896,256.67, 457.3142
859318,2.5723,0.003152,317.22, 457.3148
859319,2.5762,0.004043,247.34, 457.3148
859320,2.5796,0.003031,329.96, 457.3142
859321,2.5830,0.003829,261.14, 457.3142
859322,2.5869,0.003873,258.20, 457.3148
859323,2.5903,0.003386,295.35, 457.3142
859324,2.5942,0.003717,269.01, 457.3148
859325,2.5977,0.003448,290.06, 457.3148
859326,2.6016,0.003803,262.92, 457.3145
859327,2.6050,0.003297,303.31, 457.3148
859328,2.6089,0.004154,240.76, 457.3148
859329,2.6123,0.003313,301.89, 457.3148
859330,2.6157,0.003416,292.72, 457.3148
859331,2.6191,0.003560,280.88, 457.3291
859332,2.6226,0.003560,280.89, 457.3148
859333,2.6270,0.004099,243.96, 457.3142
859334,2.6299,0.003268,306.00, 457.3145
859335,2.6338,0.003521,283.99, 457.3148
859336,2.6372,0.003725,268.45, 457.3148
859337,2.6411,0.003807,262.67, 457.3145
859338,2.6450,0.003761,265.90, 457.3148
859339,2.6484,0.003632,275.36, 457.3148
859340,2.6519,0.003463,288.74, 457.3145
859341,2.6563,0.004095,244.19, 457.3141
859342,2.6592,0.003170,315.48, 457.3148
859343,2.6626,0.003496,286.08, 457.3145
859344,2.6665,0.003917,255.30, 457.3148
859345,2.6699,0.003191,313.40, 457.3148
859346,2.6738,0.003913,255.54, 457.3148
859347,2.6772,0.003279,304.94, 457.3145
859348,2.6812,0.003840,260.41, 457.3148
859349,2.6851,0.003901,256.38, 457.3147
859350,2.6885,0.003498,285.87, 457.3142
859351,2.6919,0.003516,284.39, 457.3148
859352,2.6953,0.003365,297.20, 457.3142
859353,2.6987,0.003759,266.06, 457.3148
859354,2.7026,0.003805,262.83, 457.3142
859355,2.7061,0.003367,296.97, 457.3145
859356,2.7104,0.004092,244.36, 457.3148
859357,2.7134,0.003222,310.38, 457.3148
859358,2.7173,0.003975,251.59, 457.3148
859359,2.7212,0.003756,266.23, 457.3148
859360,2.7251,0.003729,268.17, 457.3142
859361,2.7280,0.003110,321.60, 457.3148
859362,2.7314,0.003657,273.49, 457.3142
859363,2.7354,0.003748,266.83, 457.3148
859364,2.7393,0.003843,260.20, 457.3148
859365,2.7422,0.003068,325.91, 457.3145
859366,2.7466,0.004084,244.85, 457.3148
859367,2.7500,0.003458,289.16, 457.3148
859368,2.7534,0.003756,266.28, 457.3148
859369,2.7573,0.003816,262.03, 457.3148
859370,2.7603,0.003056,327.25, 457.3145
859371,2.7646,0.004027,248.32, 457.3148
859372,2.7676,0.003154,317.09, 457.3148
859373,2.7720,0.004160,240.38, 457.3144
859374,2.7749,0.002987,334.81, 457.3148
859375,2.7788,0.003855,259.42, 457.3148
859376,2.7827,0.003909,255.82, 457.3148
859377,2.7856,0.003159,316.55, 457.3145
859378,2.7896,0.003961,252.46, 457.3145
859379,2.7935,0.003771,265.17, 457.3148
859380,2.7969,0.003338,299.56, 457.3148
859381,2.8008,0.003864,258.80, 457.3148
859382,2.8037,0.003143,318.13, 457.3145
859383,2.8076,0.003869,258.48, 457.3145
859384,2.8110,0.003369,296.79, 457.3148
859385,2.8149,0.003776,264.82, 457.3145
859386,2.8184,0.003751,266.60, 457.3148
859387,2.8218,0.003401,294.07, 457.3148
859388,2.8257,0.003795,263.51, 457.3148
859389,2.8291,0.003489,286.61, 457.3145
859390,2.8330,0.003630,275.45, 457.3148
859391,2.8369,0.003804,262.92, 457.3148
859392,2.8403,0.003763,265.74, 457.3142
859393,2.8442,0.003529,283.41, 457.3148
859394,2.8472,0.003087,323.97, 457.3148
859395,2.8511,0.003808,262.60, 457.3148
859396,2.8550,0.003949,253.24, 457.3142
859397,2.8579,0.003249,307.83, 457.3145
859398,2.8618,0.003882,257.61, 457.3142
859399,2.8652,0.003190,313.52, 457.3148
859400,2.8691,0.003944,253.56, 457.3148
859401,2.8730,0.003948,253.28, 457.3144
859402,2.8765,0.003556,281.25, 457.3142
859403,2.8799,0.003470,288.15, 457.3148
859404,2.8833,0.003298,303.19, 457.3142
859405,2.8872,0.003959,252.59, 457.3142
859406,2.8911,0.003900,256.39, 457.3147
859407,2.8945,0.003188,313.67, 457.3145
859408,2.8989,0.004319,231.52, 457.3141
859409,2.9019,0.003112,321.30, 457.3145
859410,2.9053,0.003433,291.27, 457.3148
859411,2.9092,0.003791,263.76, 457.3148
859412,2.9131,0.003830,261.10, 457.3142
859413,2.9165,0.003619,276.30, 457.3148
859414,2.9199,0.003208,311.72, 457.3148
859415,2.9238,0.003973,251.70, 457.3148
859416,2.9272,0.003720,268.84, 457.3148
859417,2.9307,0.003355,298.08, 457.3145
859418,2.9346,0.003749,266.72, 457.3142
859419,2.9380,0.003390,295.00, 457.3145
859420,2.9419,0.003763,265.75, 457.3148
859421,2.9453,0.003723,268.57, 457.3148
859422,2.9487,0.003306,302.46, 457.3148
859423,2.9526,0.003931,254.41, 457.3148
859424,2.9561,0.003375,296.33, 457.3142
859425,2.9600,0.003964,252.25, 457.3148
859426,2.9634,0.003518,284.25, 457.3148
859427,2.9668,0.003481,287.29, 457.3148
859428,2.9707,0.003806,262.73, 457.3148
859429,2.9736,0.003065,326.24, 457.3148
859430,2.9780,0.004341,230.38, 457.3148
859431,2.9819,0.003716,269.14, 457.3145
859432,2.9849,0.003120,320.50, 457.3167
859433,2.9893,0.004142,241.44, 457.3148
859434,2.9922,0.003051,327.76, 457.3148
859435,2.9961,0.003945,253.51, 457.3148
859436,2.9995,0.003413,293.04, 457.3142
859437,3.0034,0.003795,263.50, 457.3148
859438,3.0073,0.003724,268.56, 457.3148
859439,3.0103,0.003370,296.70, 457.3148
859440,3.0146,0.003986,250.86, 457.3148
859441,3.0181,0.003660,273.22, 457.3145
859442,3.0210,0.002977,335.97, 457.3145
859443,3.0254,0.004127,242.29, 457.3148
859444,3.0283,0.003233,309.30, 457.3142
859445,3.0332,0.004574,218.61, 457.3141
859446,3.0361,0.003071,325.61, 457.3167
859447,3.0396,0.003319,301.27, 457.3148
859448,3.0439,0.004537,220.41, 457.3141
859449,3.0469,0.003039,329.10, 457.3142
859450,3.0508,0.003862,258.94, 457.3145
859451,3.0537,0.003047,328.16, 457.3145
859452,3.0581,0.004118,242.82, 457.3148
859453,3.0620,0.003769,265.34, 457.3141
859454,3.0649,0.003341,299.31, 457.3148
859455,3.0688,0.003701,270.23, 457.3148
859456,3.0718,0.003136,318.93, 457.3142
859457,3.0762,0.004020,248.77, 457.3148
859458,3.0796,0.003756,266.26, 457.3148
859459,3.0830,0.003214,311.15, 457.3148
859460,3.0869,0.003807,262.69, 457.3148
859461,3.0903,0.003648,274.16, 457.3142
859462,3.0942,0.003665,272.88, 457.3145
859463,3.0977,0.003696,270.55, 457.3148
859464,3.1011,0.003176,314.82, 457.3148
859465,3.1050,0.003843,260.19, 457.3148
859466,3.1079,0.003267,306.13, 457.3148
859467,3.1123,0.004247,235.49, 457.3148
859468,3.1162,0.003805,262.83, 457.3145
859469,3.1191,0.003125,320.03, 457.3145
859470,3.1235,0.004348,229.99, 457.3144
859471,3.1270,0.003156,316.91, 457.3148
859472,3.1304,0.003716,269.14, 457.3148
859473,3.1343,0.003659,273.30, 457.3148
859474,3.1377,0.003337,299.64, 457.3181
859475,3.1411,0.003829,261.15, 457.3148
859476,3.1445,0.003233,309.27, 457.3148
859477,3.1489,0.004364,229.14, 457.3142
859478,3.1523,0.003250,307.74, 457.3148
859479,3.1558,0.003437,290.94, 457.3148
859480,3.1597,0.003992,250.49, 457.3145
859481,3.1626,0.002981,335.50, 457.3148
859482,3.1665,0.003929,254.54, 457.3148
859483,3.1704,0.003854,259.50, 457.3148
859484,3.1738,0.003269,305.95, 457.3145
859485,3.1782,0.004609,216.99, 457.3141
859486,3.1816,0.003250,307.66, 457.3147
859487,3.1846,0.003009,332.38, 457.3145
859488,3.1880,0.003505,285.31, 457.3148
859489,3.1919,0.003845,260.11, 457.3148
859490,3.1953,0.003579,279.44, 457.3148
859491,3.1992,0.003731,268.01, 457.3148
859492,3.2026,0.003540,282.49, 457.3148
859493,3.2061,0.003454,289.52, 457.3145
859494,3.2100,0.003946,253.43, 457.3145
859495,3.2139,0.003609,277.08, 457.3148
859496,3.2173,0.003530,283.29, 457.3142
859497,3.2207,0.003682,271.62, 457.3145
859498,3.2246,0.003832,260.94, 457.3142
859499,3.2280,0.003108,321.79, 457.3142
859500,3.2319,0.003892,256.96, 457.3148
859501,3.2354,0.003459,289.14, 457.3142
859502,3.2388,0.003684,271.41, 457.3148
859503,3.2422,0.003518,284.28, 457.3145
859504,3.2466,0.004052,246.79, 457.3142
859505,3.2500,0.003611,276.92, 457.3144
859506,3.2529,0.002979,335.69, 457.3145
859507,3.2568,0.003991,250.58, 457.3148
859508,3.2603,0.003267,306.11, 457.3148
859509,3.2642,0.003825,261.42, 457.3148
859510,3.2681,0.003766,265.57, 457.3148
859511,3.2710,0.003290,303.95, 457.3148
859512,3.2749,0.003835,260.78, 457.3148
859513,3.2783,0.003447,290.12, 457.3148
859514,3.2822,0.003720,268.84, 457.3145
859515,3.2856,0.003644,274.46, 457.3148
859516,3.2891,0.003275,305.37, 457.3145
859517,3.2935,0.004226,236.65, 457.3141
859518,3.2964,0.003213,311.23, 457.3148
859519,3.3003,0.003795,263.48, 457.3148
859520,3.3032,0.002977,335.91, 457.3145
859521,3.3071,0.004018,248.87, 457.3145
859522,3.3110,0.003790,263.87, 457.3148
859523,3.3140,0.003115,320.99, 457.3145
859524,3.3184,0.003956,252.77, 457.3145
859525,3.3223,0.003974,251.65, 457.3141
859526,3.3252,0.003199,312.58, 457.3148
859527,3.3291,0.003603,277.54, 457.3148
859528,3.3325,0.003495,286.11, 457.3148
859529,3.3359,0.003714,269.24, 457.3148
859530,3.3398,0.003466,288.52, 457.3148
859531,3.3433,0.003801,263.12, 457.3148
859532,3.3472,0.003737,267.60, 457.3148
859533,3.3511,0.003796,263.47, 457.3148
859534,3.3540,0.003143,318.21, 457.3148
859535,3.3579,0.003684,271.46, 457.3145
859536,3.3613,0.003731,268.05, 457.3148
859537,3.3652,0.003728,268.25, 457.3148
859538,3.3687,0.003351,298.46, 457.3148
859539,3.3726,0.003744,267.13, 457.3148
859540,3.3755,0.003285,304.41, 457.3145
859541,3.3794,0.003894,256.79, 457.3148
859542,3.3833,0.003684,271.41, 457.3148
859543,3.3872,0.003787,264.07, 457.3148
859544,3.3901,0.003377,296.16, 457.3142
859545,3.3940,0.003475,287.74, 457.3148
859546,3.3975,0.003645,274.37, 457.3148
859547,3.4009,0.003508,285.03, 457.3148
859548,3.4048,0.003831,261.05, 457.3148
859549,3.4092,0.004182,239.10, 457.3141
859550,3.4121,0.003132,319.27, 457.3167
859551,3.4155,0.003212,311.29, 457.3266
859552,3.4189,0.003495,286.10, 457.3145
859553,3.4224,0.003775,264.92, 457.3148
859554,3.4263,0.003861,258.98, 457.3148
859555,3.4297,0.003386,295.33, 457.3148
859556,3.4336,0.003648,274.12, 457.3145
859557,3.4370,0.003349,298.62, 457.3148
859558,3.4404,0.003695,270.61, 457.3148
859559,3.4443,0.003868,258.57, 457.3148
859560,3.4478,0.003471,288.08, 457.3142
859561,3.4517,0.003900,256.38, 457.3167
859562,3.4551,0.003092,323.42, 457.3142
859563,3.4590,0.003898,256.52, 457.3145
859564,3.4624,0.003810,262.49, 457.3148
859565,3.4663,0.003698,270.41, 457.3142
859566,3.4697,0.003559,280.95, 457.3148
859567,3.4731,0.003163,316.21, 457.3148
859568,3.4780,0.005080,196.86, 457.3141
859569,3.4819,0.003655,273.58, 457.3141
859570,3.4858,0.003984,251.00, 457.3250
859571,3.4888,0.003172,315.22, 457.3142
859572,3.4927,0.003565,280.48, 457.3142
859573,3.4971,0.004590,217.89, 457.3141
859574,3.5005,0.003472,287.99, 457.3141
859575,3.5039,0.003177,314.77, 457.3148
859576,3.5083,0.004360,229.36, 457.3142
859577,3.5112,0.003156,316.88, 457.3145
859578,3.5146,0.003350,298.51, 457.3148
859579,3.5186,0.003792,263.73, 457.3148
859580,3.5215,0.003368,296.88, 457.3145
859581,3.5259,0.004257,234.93, 457.3148
859582,3.5293,0.003155,316.95, 457.3148
859583,3.5327,0.003469,288.30, 457.3148
859584,3.5361,0.003769,265.34, 457.3145
859585,3.5400,0.003449,289.91, 457.3145
859586,3.5439,0.003930,254.49, 457.3144
859587,3.5469,0.003068,325.90, 457.3142
859588,3.5508,0.003896,256.70, 457.3148
859589,3.5547,0.004149,241.03, 457.3141
859590,3.5581,0.003189,313.62, 457.3145
859591,3.5615,0.003679,271.80, 457.3148
859592,3.5654,0.003682,271.57, 457.3142
859593,3.5688,0.003429,291.64, 457.3142
859594,3.5728,0.003845,260.09, 457.3148
859595,3.5762,0.003490,286.54, 457.3148
859596,3.5796,0.003575,279.70, 457.3145
859597,3.5830,0.003225,310.08, 457.3142
859598,3.5869,0.003846,260.00, 457.3148
859599,3.5908,0.003885,257.42, 457.3145
859600,3.5942,0.003431,291.43, 457.3148
859601,3.5977,0.003622,276.11, 457.3148
859602,3.6016,0.003693,270.79, 457.3148
859603,3.6050,0.003469,288.28, 457.3148
859604,3.6089,0.003887,257.27, 457.3148
859605,3.6118,0.003035,329.46, 457.3148
859606,3.6157,0.003880,257.75, 457.3148
859607,3.6191,0.003401,294.04, 457.3148
859608,3.6230,0.003727,268.35, 457.3142
859609,3.6270,0.003875,258.06, 457.3148
859610,3.6299,0.003318,301.41, 457.3148
859611,3.6338,0.003677,271.93, 457.3142
859612,3.6372,0.003539,282.53, 457.3148
859613,3.6411,0.003761,265.92, 457.3148
859614,3.6450,0.003751,266.61, 457.3145
859615,3.6479,0.003373,296.47, 457.3148
859616,3.6523,0.004112,243.18, 457.3141
859617,3.6553,0.003190,313.45, 457.3148
859618,3.6592,0.003654,273.67, 457.3145
859619,3.6626,0.003629,275.59, 457.3148
859620,3.6660,0.003446,290.22, 457.3148
859621,3.6699,0.003761,265.89, 457.3148
859622,3.6733,0.003493,286.32, 457.3145
859623,3.6772,0.003651,273.91, 457.3148
859624,3.6807,0.003454,289.49, 457.3148
859625,3.6846,0.003842,260.26, 457.3142
859626,3.6880,0.003695,270.65, 457.3148
859627,3.6914,0.003524,283.78, 457.3148
859628,3.6953,0.003620,276.27, 457.3145
859629,3.6992,0.003840,260.43, 457.3145
859630,3.7021,0.003011,332.10, 457.3148
859631,3.7061,0.004119,242.80, 457.3148
859632,3.7095,0.003333,300.03, 457.3145
859633,3.7134,0.003696,270.53, 457.3145
859634,3.7168,0.003424,292.06, 457.3148
859635,3.7202,0.003692,270.85, 457.3148
859636,3.7241,0.003669,272.55, 457.3145
859637,3.7275,0.003599,277.89, 457.3148
859638,3.7314,0.003914,255.52, 457.3145
859639,3.7349,0.003277,305.13, 457.3148
859640,3.7383,0.003731,268.04, 457.3148
859641,3.7427,0.004085,244.79, 457.3148
859642,3.7461,0.003428,291.76, 457.3148
859643,3.7500,0.003776,264.84, 457.3148
859644,3.7534,0.003754,266.39, 457.3148
859645,3.7563,0.003022,330.91, 457.3148
859646,3.7607,0.004127,242.34, 457.3148
859647,3.7637,0.003115,321.05, 457.3148
859648,3.7681,0.004008,249.49, 457.3148
859649,3.7710,0.003116,320.91, 457.3148
859650,3.7749,0.003990,250.64, 457.3145
859651,3.7788,0.003978,251.36, 457.3145
859652,3.7822,0.003179,314.54, 457.3148
859653,3.7861,0.004037,247.71, 457.3148
859654,3.7891,0.003168,315.70, 457.3142
859655,3.7930,0.003904,256.13, 457.3148
859656,3.7969,0.003856,259.36, 457.3148
859657,3.8003,0.003035,329.52, 457.3148
859658,3.8042,0.003860,259.09, 457.3148
859659,3.8076,0.003595,278.19, 457.3148
859660,3.8110,0.003669,272.56, 457.3148
859661,3.8149,0.003852,259.63, 457.3148
859662,3.8184,0.003074,325.32, 457.3148
859663,3.8223,0.003916,255.38, 457.3148
859664,3.8257,0.003391,294.91, 457.3142
859665,3.8291,0.003803,262.98, 457.3142
859666,3.8330,0.003798,263.32, 457.3148
859667,3.8364,0.003344,299.07, 457.3148
859668,3.8403,0.003821,261.68, 457.3145
859669,3.8433,0.003137,318.83, 457.3148
859670,3.8472,0.003704,269.98, 457.3145
859671,3.8511,0.003990,250.65, 457.3148
859672,3.8545,0.003373,296.45, 457.3142
859673,3.8584,0.003884,257.45, 457.3148
859674,3.8613,0.003102,322.34, 457.3148
859675,3.8657,0.004309,232.07, 457.3142
859676,3.8691,0.003513,284.62, 457.3148
859677,3.8730,0.003592,278.37, 457.3145
859678,3.8765,0.003484,287.01, 457.3148
859679,3.8799,0.003358,297.83, 457.3148
859680,3.8833,0.003678,271.89, 457.3142
859681,3.8867,0.003434,291.21, 457.3145
859682,3.8906,0.003778,264.71, 457.3142
859683,3.8945,0.003733,267.90, 457.3148
859684,3.8975,0.003392,294.82, 457.3148
859685,3.9019,0.004299,232.62, 457.3145
859686,3.9053,0.003304,302.65, 457.3148
859687,3.9087,0.003264,306.40, 457.3148
859688,3.9126,0.003835,260.79, 457.3145
859689,3.9155,0.003354,298.12, 457.3145
859690,3.9194,0.003848,259.89, 457.3148
859691,3.9229,0.003251,307.60, 457.3148
859692,3.9268,0.003787,264.09, 457.3148
859693,3.9302,0.003783,264.33, 457.3148
859694,3.9336,0.003342,299.24, 457.3145
859695,3.9375,0.003714,269.27, 457.3148
859696,3.9409,0.003496,286.06, 457.3148
859697,3.9448,0.003726,268.40, 457.3148
859698,3.9482,0.003724,268.55, 457.3148
859699,3.9517,0.003349,298.56, 457.3148
859700,3.9556,0.003724,268.51, 457.3142
859701,3.9590,0.003550,281.70, 457.3145
859702,3.9629,0.003697,270.53, 457.3226
859703,3.9663,0.003766,265.55, 457.3145
859704,3.9702,0.003562,280.71, 457.3142
859705,3.9736,0.003778,264.69, 457.3148
859706,3.9771,0.003137,318.76, 457.3148
859707,3.9810,0.003918,255.21, 457.3145
859708,3.9839,0.003180,314.50, 457.3145
859709,3.9883,0.004025,248.43, 457.3148
859710,3.9917,0.003765,265.63, 457.3246
859711,3.9951,0.003420,292.41, 457.3148
859712,3.9990,0.003798,263.28, 457.3142
859713,4.0029,0.003852,259.61, 457.3145
859714,4.0063,0.003339,299.46, 457.3142
859715,4.0103,0.003863,258.85, 457.3148
859716,4.0132,0.003164,316.11, 457.3148
859717,4.0171,0.003905,256.11, 457.3148
859718,4.0205,0.003180,314.50, 457.3148
859719,4.0244,0.003956,252.76, 457.3148
859720,4.0283,0.004096,244.15, 457.3141
859721,4.0317,0.003462,288.83, 457.3145
859722,4.0352,0.003313,301.85, 457.3142
859723,4.0386,0.003458,289.17, 457.3148
859724,4.0425,0.004025,248.47, 457.3148
859725,4.0464,0.003913,255.59, 457.3141
859726,4.0498,0.003257,307.05, 457.3148
859727,4.0532,0.003551,281.65, 457.3148
859728,4.0571,0.003778,264.72, 457.3148
859729,4.0610,0.003829,261.16, 457.3148
859730,4.0645,0.003613,276.80, 457.3148
859731,4.0679,0.003228,309.80, 457.3145
859732,4.0718,0.003949,253.23, 457.3145
859733,4.0752,0.003151,317.36, 457.3145
859734,4.0791,0.004250,235.28, 457.3145
859735,4.0830,0.003868,258.51, 457.3147
859736,4.0859,0.003105,322.08, 457.3142
859737,4.0898,0.003890,257.06, 457.3142
859738,4.0933,0.003213,311.21, 457.3148
859739,4.0972,0.003948,253.29, 457.3148
859740,4.1011,0.003762,265.81, 457.3148
859741,4.1045,0.003310,302.09, 457.3148
859742,4.1084,0.003905,256.06, 457.3148
859743,4.1113,0.003114,321.15, 457.3415
859744,4.1152,0.004020,248.74, 457.3142
859745,4.1191,0.003823,261.55, 457.3147
859746,4.1226,0.003228,309.83, 457.3142
859747,4.1265,0.003875,258.09, 457.3148
859748,4.1294,0.003082,324.52, 457.3142
859749,4.1333,0.004019,248.82, 457.3201
859750,4.1372,0.004077,245.28, 457.3141
859751,4.1406,0.003201,312.36, 457.3148
859752,4.1440,0.003505,285.29, 457.3148
859753,4.1475,0.003551,281.59, 457.3148
859754,4.1514,0.003731,268.04, 457.3145
859755,4.1553,0.003718,268.99, 457.3226
859756,4.1582,0.003182,314.26, 457.3142
859757,4.1626,0.004346,230.08, 457.3141
859758,4.1660,0.003131,319.40, 457.3148
859759,4.1694,0.003562,280.74, 457.3148
859760,4.1733,0.004113,243.16, 457.3141
859761,4.1768,0.003142,318.25, 457.3145
859762,4.1802,0.003605,277.42, 457.3148
859763,4.1836,0.003381,295.78, 457.3145
859764,4.1870,0.003502,285.53, 457.3148
859765,4.1909,0.003613,276.78, 457.3148
859766,4.1943,0.003767,265.44, 457.3142
859767,4.1982,0.003840,260.40, 457.3148
859768,4.2017,0.003127,319.77, 457.3142
859769,4.2056,0.003875,258.05, 457.3142
859770,4.2095,0.003921,255.07, 457.3148
859771,4.2124,0.003293,303.64, 457.3148
859772,4.2163,0.003741,267.34, 457.3148
859773,4.2202,0.003694,270.69, 457.3142
859774,4.2231,0.003341,299.36, 457.3148
859775,4.2271,0.003571,280.00, 457.3145
859776,4.2310,0.004084,244.84, 457.3142
859777,4.2344,0.003244,308.23, 457.3145
859778,4.2378,0.003523,283.89, 457.3145
859779,4.2412,0.003645,274.38, 457.3148
859780,4.2451,0.003560,280.91, 457.3148
859781,4.2485,0.003637,274.92, 457.3148
859782,4.2524,0.003664,272.90, 457.3148
859783,4.2559,0.003491,286.47, 457.3145
859784,4.2598,0.003795,263.49, 457.3145
859785,4.2627,0.003210,311.53, 457.3142
859786,4.2666,0.003969,251.93, 457.3142
859787,4.2705,0.003754,266.38, 457.3142
859788,4.2734,0.003108,321.72, 457.3145
859789,4.2778,0.004433,225.57, 457.3144
859790,4.2813,0.003002,333.10, 457.3148
859791,4.2847,0.003596,278.07, 457.3148
859792,4.2881,0.003265,306.31, 457.3148
859793,4.2920,0.004263,234.59, 457.3148
859794,4.2954,0.003443,290.45, 457.3148
859795,4.2988,0.003206,311.94, 457.3148
859796,4.3027,0.003905,256.09, 457.3145
859797,4.3066,0.004012,249.23, 457.3148
859798,4.3096,0.002991,334.35, 457.3148
859799,4.3135,0.003953,252.96, 457.3148
859800,4.3169,0.003217,310.86, 457.3148
859801,4.3208,0.003936,254.09, 457.3148
859802,4.3242,0.003210,311.52, 457.3145
859803,4.3281,0.004103,243.72, 457.3148
859804,4.3315,0.003637,274.92, 457.3148
859805,4.3354,0.003760,265.94, 457.3148
859806,4.3389,0.003347,298.80, 457.3148
859807,4.3423,0.003225,310.07, 457.3148
859808,4.3462,0.003967,252.09, 457.3145
859809,4.3501,0.003830,261.07, 457.3145
859810,4.3530,0.003120,320.54, 457.3148
859811,4.3569,0.004127,242.29, 457.3141
859812,4.3604,0.003364,297.27, 457.3145
859813,4.3643,0.003630,275.52, 457.3148
859814,4.3677,0.003715,269.20, 457.3148
859815,4.3711,0.003386,295.34, 457.3145
859816,4.3755,0.004137,241.74, 457.3148
859817,4.3789,0.003321,301.12, 457.3145
859818,4.3823,0.003722,268.67, 457.3148
859819,4.3862,0.003820,261.81, 457.3148
859820,4.3896,0.003246,308.12, 457.3148
859821,4.3936,0.003903,256.20, 457.3148
859822,4.3965,0.003174,315.11, 457.3145
859823,4.4004,0.003923,254.89, 457.3148
859824,4.4038,0.003321,301.16, 457.3148
859825,4.4077,0.003933,254.24, 457.3142
859826,4.4116,0.003761,265.92, 457.3148
859827,4.4146,0.003254,307.32, 457.3148
859828,4.4189,0.004004,249.74, 457.3148
859829,4.4224,0.003820,261.77, 457.3148
859830,4.4258,0.003092,323.40, 457.3148
859831,4.4297,0.003925,254.79, 457.3148
859832,4.4326,0.003126,319.92, 457.3145
859833,4.4365,0.003940,253.82, 457.3142
859834,4.4399,0.003247,307.98, 457.3148
859835,4.4438,0.003985,250.96, 457.3145
859836,4.4478,0.004012,249.25, 457.3144
859837,4.4512,0.003189,313.62, 457.3142
859838,4.4551,0.003795,263.51, 457.3142
859839,4.4585,0.003699,270.31, 457.3148
859840,4.4619,0.003260,306.78, 457.3148
859841,4.4653,0.003724,268.54, 457.3148
859842,4.4688,0.003276,305.24, 457.3145
859843,4.4727,0.003877,257.95, 457.3148
859844,4.4761,0.003373,296.50, 457.3148
859845,4.4805,0.004253,235.13, 457.3226
859846,4.4839,0.003368,296.94, 457.3145
859847,4.4868,0.003261,306.68, 457.3148
859848,4.4912,0.004109,243.37, 457.3141
859849,4.4946,0.003508,285.05, 457.3142
859850,4.4985,0.003727,268.35, 457.3145
859851,4.5020,0.003778,264.67, 457.3148
859852,4.5059,0.003971,251.86, 457.3142
859853,4.5103,0.004160,240.36, 457.3141
859854,4.5137,0.003422,292.22, 457.3147
859855,4.5166,0.003080,324.73, 457.3142
859856,4.5210,0.004069,245.74, 457.3147
859857,4.5239,0.003074,325.29, 457.3142
859858,4.5283,0.004291,233.02, 457.3148
859859,4.5317,0.003712,269.40, 457.3148
859860,4.5347,0.002967,337.10, 457.3148
859861,4.5391,0.004400,227.28, 457.3141
859862,4.5425,0.003227,309.90, 457.3142
859863,4.5464,0.003715,269.20, 457.3148
859864,4.5498,0.003774,264.99, 457.3142
859865,4.5532,0.003215,311.04, 457.3142
859866,4.5571,0.004002,249.90, 457.3148
859867,4.5605,0.003357,297.90, 457.3148
859868,4.5645,0.003740,267.39, 457.3148
859869,4.5674,0.003091,323.55, 457.3145
859870,4.5713,0.004127,242.31, 457.3148
859871,4.5752,0.003633,275.25, 457.3148
859872,4.5786,0.003412,293.05, 457.3142
859873,4.5820,0.003655,273.57, 457.3148
859874,4.5859,0.003880,257.73, 457.3148
859875,4.5889,0.003014,331.82, 457.3145
859876,4.5933,0.004117,242.91, 457.3148
859877,4.5967,0.003554,281.40, 457.3142
859878,4.6001,0.003557,281.14, 457.3145
859879,4.6035,0.003279,304.93, 457.3148
859880,4.6079,0.004251,235.23, 457.3142
859881,4.6113,0.003564,280.58, 457.3147
859882,4.6147,0.003438,290.90, 457.3148
859883,4.6182,0.003510,284.88, 457.3148
859884,4.6216,0.003184,314.05, 457.3145
859885,4.6255,0.003961,252.49, 457.3148
859886,4.6294,0.003707,269.77, 457.3145
859887,4.6323,0.003359,297.72, 457.3148
859888,4.6367,0.004334,230.76, 457.3145
859889,4.6401,0.003158,316.68, 457.3148
859890,4.6436,0.003380,295.85, 457.3142
859891,4.6475,0.003862,258.96, 457.3148
859892,4.6509,0.003387,295.25, 457.3142
859893,4.6543,0.003719,268.89, 457.3148
859894,4.6577,0.003476,287.67, 457.3148
859895,4.6616,0.003612,276.86, 457.3142
859896,4.6646,0.003316,301.61, 457.3145
859897,4.6689,0.003950,253.16, 457.3142
859898,4.6724,0.003755,266.31, 457.3142
859899,4.6758,0.003443,290.48, 457.3148
859900,4.6797,0.003666,272.75, 457.3145
859901,4.6836,0.004106,243.52, 457.3144
859902,4.6870,0.003104,322.20, 457.3148
859903,4.6904,0.003772,265.13, 457.3148
859904,4.6938,0.003240,308.62, 457.3148
859905,4.6978,0.003857,259.29, 457.3145
859906,4.7012,0.003326,300.67, 457.3148
859907,4.7046,0.003771,265.15, 457.3145
859908,4.7085,0.003726,268.41, 457.3148
859909,4.7119,0.003582,279.21, 457.3148
859910,4.7158,0.003539,282.58, 457.3148
859911,4.7192,0.003480,287.38, 457.3148
859912,4.7231,0.004151,240.88, 457.3148
859913,4.7271,0.003765,265.61, 457.3148
859914,4.7305,0.003561,280.84, 457.3148
859915,4.7344,0.003633,275.23, 457.3148
859916,4.7373,0.003220,310.58, 457.3148
859917,4.7417,0.004398,227.39, 457.3142
859918,4.7451,0.003169,315.58, 457.3142
859919,4.7485,0.003528,283.47, 457.3148
859920,4.7524,0.004065,246.00, 457.3142
859921,4.7559,0.003414,292.94, 457.3145
859922,4.7598,0.003666,272.77, 457.3148
859923,4.7632,0.003696,270.58, 457.3148
859924,4.7671,0.003578,279.47, 457.3148
859925,4.7705,0.003417,292.70, 457.3167
859926,4.7739,0.003467,288.45, 457.3145
859927,4.7778,0.003953,252.95, 457.3148
859928,4.7817,0.003735,267.76, 457.3145
859929,4.7852,0.003476,287.70, 457.3148
859930,4.7886,0.003651,273.88, 457.3148
859931,4.7920,0.003382,295.70, 457.3148
859932,4.7959,0.003838,260.59, 457.3148
859933,4.7993,0.003601,277.69, 457.3142
859934,4.8027,0.003475,287.80, 457.3148
859935,4.8071,0.004065,246.03, 457.3145
859936,4.8105,0.003370,296.71, 457.3145
859937,4.8140,0.003748,266.78, 457.3148
859938,4.8179,0.003682,271.62, 457.3148
859939,4.8213,0.003573,279.90, 457.3145
859940,4.8252,0.003628,275.60, 457.3145
859941,4.8281,0.003293,303.67, 457.3148
859942,4.8320,0.003812,262.36, 457.3148
859943,4.8359,0.003892,256.92, 457.3148
859944,4.8398,0.003695,270.64, 457.3148
859945,4.8433,0.003383,295.60, 457.3148
859946,4.8462,0.003318,301.38, 457.3142
859947,4.8501,0.003789,263.89, 457.3148
859948,4.8540,0.003807,262.71, 457.3148
859949,4.8569,0.003059,326.88, 457.3167
859950,4.8613,0.004108,243.43, 457.3145
859951,4.8647,0.003374,296.36, 457.3148
859952,4.8687,0.003945,253.46, 457.3145
859953,4.8721,0.003579,279.38, 457.3148
859954,4.8755,0.003649,274.03, 457.3390
859955,4.8794,0.003598,277.96, 457.3148
859956,4.8823,0.003251,307.60, 457.3142
859957,4.8867,0.003987,250.84, 457.3148
859958,4.8896,0.003089,323.70, 457.3148
859959,4.8936,0.003955,252.83, 457.3148
859960,4.8979,0.004166,240.03, 457.3147
859961,4.9009,0.003120,320.55, 457.3148
859962,4.9043,0.003547,281.90, 457.3148
859963,4.9082,0.003862,258.93, 457.3148
859964,4.9111,0.003047,328.16, 457.3148
859965,4.9155,0.004216,237.20, 457.3148
859966,4.9189,0.003471,288.14, 457.3142
859967,4.9224,0.003472,288.06, 457.3145
859968,4.9258,0.003405,293.65, 457.3148
859969,4.9297,0.003819,261.83, 457.3148
859970,4.9336,0.003904,256.15, 457.3145
859971,4.9370,0.003163,316.18, 457.3148
859972,4.9409,0.003913,255.55, 457.3148
859973,4.9443,0.003400,294.13, 457.3142
859974,4.9482,0.003923,254.92, 457.3148
859975,4.9517,0.003686,271.27, 457.3271
859976,4.9546,0.003096,323.04, 457.3145
859977,4.9590,0.004001,249.97, 457.3157
859978,4.9619,0.003204,312.08, 457.3148
859979,4.9658,0.003750,266.67, 457.3148
859980,4.9697,0.004080,245.13, 457.3148
859981,4.9727,0.003053,327.55, 457.3148
859982,4.9775,0.004485,222.98, 457.3145
859983,4.9805,0.003151,317.41, 457.3148
859984,4.9844,0.003888,257.20, 457.3148
859985,4.9883,0.003653,273.77, 457.3148
859986,4.9912,0.003364,297.26, 457.3148
859987,4.9951,0.003920,255.08, 457.3148
859988,4.9985,0.003378,296.06, 457.3142
859989,5.0024,0.003657,273.48, 457.3148
859990,5.0063,0.003898,256.52, 457.3145
859991,5.0093,0.003153,317.20, 457.3148
859992,5.0132,0.003955,252.83, 457.3145
859993,5.0166,0.003267,306.14, 457.3145
859994,5.0205,0.003978,251.40, 457.3148
859995,5.0244,0.003783,264.37, 457.3145
859996,5.0273,0.003140,318.47, 457.3148
859997,5.0313,0.003889,257.13, 457.3148
859998,5.0347,0.003382,295.67, 457.3148
859999,5.0386,0.003799,263.20, 457.3148
860000,5.0425,0.003877,257.96, 457.3148
860001,5.0454,0.003005,332.80, 457.3148
860002,5.0498,0.004121,242.69, 457.3145
860003,5.0527,0.003189,313.59, 457.3148
860004,5.0566,0.003813,262.25, 457.3142
860005,5.0605,0.004000,250.01, 457.3148
860006,5.0635,0.002971,336.54, 457.3142
860007,5.0679,0.004141,241.46, 457.3148
860008,5.0708,0.003110,321.53, 457.3142
860009,5.0747,0.003779,264.62, 457.3142
860010,5.0781,0.003484,287.07, 457.3142
860011,5.0820,0.003788,263.98, 457.3148
860012,5.0854,0.003710,269.56, 457.3148
860013,5.0889,0.003408,293.44, 457.3142
860014,5.0928,0.003818,261.94, 457.3148
860015,5.0967,0.003744,267.07, 457.3145
860016,5.1006,0.003764,265.68, 457.3167
860017,5.1035,0.003254,307.32, 457.3148
860018,5.1069,0.003356,298.00, 457.3145
860019,5.1108,0.003962,252.42, 457.3148
860020,5.1143,0.003342,299.24, 457.3148
860021,5.1182,0.003890,257.09, 457.3148
860022,5.1221,0.003695,270.66, 457.3148
860023,5.1250,0.003201,312.39, 457.3148
860024,5.1289,0.003949,253.20, 457.3145
860025,5.1323,0.003363,297.33, 457.3148
860026,5.1362,0.003786,264.15, 457.3281
860027,5.1401,0.004182,239.11, 457.3148
860028,5.1436,0.003136,318.89, 457.3142
860029,5.1475,0.004028,248.26, 457.3141
860030,5.1509,0.003366,297.05, 457.3145
860031,5.1548,0.004013,249.18, 457.3148
860032,5.1582,0.003560,280.91, 457.3147
860033,5.1616,0.003163,316.20, 457.3167
860034,5.1655,0.003867,258.61, 457.3148
860035,5.1685,0.003157,316.79, 457.3145
860036,5.1724,0.003965,252.24, 457.3148
860037,5.1763,0.003814,262.22, 457.3148
860038,5.1797,0.003138,318.65, 457.3142
860039,5.1836,0.003974,251.61, 457.3145
860040,5.1865,0.003220,310.55, 457.3142
860041,5.1904,0.003912,255.62, 457.3142
860042,5.1938,0.003119,320.64, 457.3142
860043,5.1978,0.004039,247.60, 457.3145
860044,5.2017,0.003806,262.74, 457.3148
860045,5.2046,0.003224,310.20, 457.3142
860046,5.2090,0.003954,252.91, 457.3145
860047,5.2124,0.003761,265.92, 457.3145
860048,5.2158,0.003394,294.63, 457.3145
860049,5.2197,0.003660,273.22, 457.3142
860050,5.2231,0.003510,284.94, 457.3145
860051,5.2271,0.003728,268.25, 457.3142
860052,5.2300,0.003190,313.50, 457.3142
860053,5.2339,0.004066,245.97, 457.3148
860054,5.2378,0.003572,279.94, 457.3142
860055,5.2407,0.003212,311.38, 457.3148
860056,5.2451,0.004175,239.52, 457.3142
860057,5.2485,0.003519,284.16, 457.3142
860058,5.2515,0.002999,333.41, 457.3148
860059,5.2554,0.003951,253.11, 457.3148
860060,5.2588,0.003419,292.53, 457.3148
860061,5.2627,0.003909,255.81, 457.3145
860062,5.2661,0.003105,322.07, 457.3148
860063,5.2700,0.004020,248.77, 457.3148
860064,5.2739,0.003729,268.20, 457.3148
860065,5.2773,0.003471,288.14, 457.3148
860066,5.2808,0.003566,280.42, 457.3148
860067,5.2842,0.003376,296.18, 457.3148
860068,5.2881,0.003817,261.96, 457.3145
860069,5.2920,0.004241,235.81, 457.3145
860070,5.2954,0.003038,329.21, 457.3148
860071,5.2993,0.003965,252.18, 457.3148
860072,5.3027,0.003368,296.88, 457.3142
860073,5.3062,0.003792,263.70, 457.3148
860074,5.3101,0.003889,257.13, 457.3148
860075,5.3135,0.003272,305.62, 457.3148
860076,5.3174,0.003750,266.70, 457.3148
860077,5.3208,0.003324,300.88, 457.3261
860078,5.3242,0.003799,263.20, 457.3145
860079,5.3281,0.003952,253.04, 457.3148
860080,5.3315,0.003090,323.61, 457.3148
860081,5.3354,0.003899,256.46, 457.3142
860082,5.3389,0.003442,290.53, 457.3148
860083,5.3423,0.003759,266.06, 457.3773
860084,5.3462,0.003509,284.95, 457.3148
860085,5.3496,0.003639,274.82, 457.3148
860086,5.3535,0.003627,275.68, 457.3148
860087,5.3569,0.003523,283.86, 457.3148
860088,5.3604,0.003523,283.85, 457.3148
860089,5.3643,0.003941,253.75, 457.3148
860090,5.3677,0.003410,293.28, 457.3145
860091,5.3716,0.003820,261.77, 457.3148
860092,5.3745,0.003069,325.89, 457.3148
860093,5.3789,0.004125,242.43, 457.3148
860094,5.3818,0.003103,322.25, 457.3145
860095,5.3857,0.003976,251.52, 457.3148
860096,5.3896,0.003784,264.28, 457.3148
860097,5.3926,0.003118,320.73, 457.3145
860098,5.3965,0.003818,261.94, 457.3142
860099,5.4004,0.003974,251.64, 457.3148
860100,5.4033,0.003009,332.30, 457.3148
860101,5.4077,0.004226,236.61, 457.3145
860102,5.4106,0.003118,320.72, 457.3142
860103,5.4146,0.003838,260.58, 457.3148
860104,5.4180,0.003420,292.39, 457.3145
860105,5.4219,0.003701,270.20, 457.3148
860106,5.4258,0.003949,253.26, 457.3148
860107,5.4292,0.003310,302.16, 457.3148
860108,5.4326,0.003665,272.83, 457.3145
860109,5.4360,0.003264,306.38, 457.3148
860110,5.4399,0.003871,258.30, 457.3148
860111,5.4438,0.003795,263.50, 457.3148
860112,5.4468,0.003333,300.04, 457.3148
860113,5.4507,0.003788,264.01, 457.3148
860114,5.4541,0.003320,301.21, 457.3142
860115,5.4580,0.003741,267.32, 457.3148
860116,5.4614,0.003832,260.94, 457.3148
860117,5.4648,0.003367,297.04, 457.3145
860118,5.4688,0.003691,270.92, 457.3148
860119,5.4722,0.003484,287.06, 457.3148
860120,5.4766,0.004132,242.01, 457.3142
860121,5.4800,0.003450,289.84, 457.3145
860122,5.4834,0.003590,278.52, 457.3148
860123,5.4868,0.003440,290.66, 457.3148
860124,5.4902,0.003603,277.52, 457.3142
860125,5.4946,0.004030,248.13, 457.3142
860126,5.4980,0.003759,266.01, 457.3144
860127,5.5015,0.003400,294.11, 457.3142
860128,5.5054,0.003740,267.36, 457.3148
860129,5.5088,0.003246,308.03, 457.3148
860130,5.5127,0.004116,242.94, 457.3148
860131,5.5166,0.003706,269.85, 457.3148
860132,5.5200,0.003713,269.30, 457.3148
860133,5.5239,0.003884,257.45, 457.3145
860134,5.5278,0.003910,255.79, 457.3148
860135,5.5317,0.003665,272.86, 457.3148
860136,5.5352,0.003661,273.12, 457.3148
860137,5.5386,0.003424,292.10, 457.3148
860138,5.5425,0.003713,269.35, 457.3142
860139,5.5464,0.003964,252.30, 457.3145
860140,5.5493,0.003169,315.59, 457.3142
860141,5.5532,0.003794,263.57, 457.3145
860142,5.5566,0.003408,293.46, 457.3145
860143,5.5610,0.004231,236.33, 457.3148
860144,5.5645,0.003300,303.03, 457.3145
860145,5.5679,0.003742,267.21, 457.3145
860146,5.5718,0.003752,266.55, 457.3148
860147,5.5747,0.003153,317.13, 457.3148
860148,5.5791,0.004054,246.67, 457.3145
860149,5.5820,0.003148,317.66, 457.3148
860150,5.5859,0.003698,270.44, 457.3148
860151,5.5898,0.003961,252.49, 457.3148
860152,5.5933,0.003441,290.58, 457.3148
860153,5.5972,0.003788,263.98, 457.3148
860154,5.6006,0.003802,263.01, 457.3145
860155,5.6040,0.003256,307.14, 457.3148
860156,5.6079,0.004089,244.55, 457.3145
860157,5.6113,0.003245,308.16, 457.3142
860158,5.6152,0.003842,260.30, 457.3148
860159,5.6187,0.003534,282.94, 457.3148
860160,5.6221,0.003494,286.24, 457.3145
860161,5.6265,0.004063,246.11, 457.3148
860162,5.6294,0.003250,307.65, 457.3148
860163,5.6333,0.003839,260.48, 457.3148
860164,5.6367,0.003398,294.33, 457.3148
860165,5.6406,0.003634,275.15, 457.3148
860166,5.6445,0.003960,252.53, 457.3148
860167,5.6475,0.003171,315.37, 457.3148
860168,5.6514,0.004002,249.87, 457.3148
860169,5.6548,0.003171,315.38, 457.3145
860170,5.6587,0.003773,265.03, 457.3145
860171,5.6626,0.003948,253.27, 457.3148
860172,5.6660,0.003437,290.93, 457.3148
860173,5.6699,0.003879,257.78, 457.3145
860174,5.6729,0.003152,317.25, 457.3142
860175,5.6768,0.003814,262.17, 457.3148
860176,5.6807,0.003774,264.97, 457.3148
860177,5.6836,0.003313,301.87, 457.3145
860178,5.6875,0.003706,269.85, 457.3145
860179,5.6909,0.003472,287.99, 457.3148
860180,5.6948,0.003712,269.40, 457.3142
860181,5.6987,0.003798,263.32, 457.3148
860182,5.7017,0.003327,300.58, 457.3145
860183,5.7056,0.003931,254.39, 457.3148
860184,5.7090,0.003101,322.51, 457.3145
860185,5.7129,0.003953,252.99, 457.3148
860186,5.7158,0.003149,317.59, 457.3145
860187,5.7202,0.004029,248.22, 457.3148
860188,5.7236,0.003693,270.81, 457.3148
860189,5.7271,0.003202,312.30, 457.3145
860190,5.7310,0.004120,242.70, 457.3142
860191,5.7349,0.003702,270.11, 457.3148
860192,5.7378,0.003270,305.80, 457.3148
860193,5.7417,0.003836,260.66, 457.3145
860194,5.7451,0.003311,302.03, 457.3148
860195,5.7490,0.003982,251.16, 457.3145
860196,5.7524,0.003088,323.89, 457.3142
860197,5.7563,0.004062,246.21, 457.3142
860198,5.7603,0.003804,262.91, 457.3148
860199,5.7632,0.003165,315.96, 457.3142
860200,5.7671,0.003975,251.60, 457.3142
860201,5.7705,0.003123,320.22, 457.3142
860202,5.7739,0.003804,262.91, 457.3148
860203,5.7783,0.004154,240.76, 457.3148
860204,5.7813,0.003121,320.37, 457.3148
860205,5.7861,0.004563,219.16, 457.3141
860206,5.7891,0.003107,321.90, 457.3148
860207,5.7925,0.003233,309.33, 457.3148
860208,5.7964,0.004267,234.35, 457.3147
860209,5.7998,0.003423,292.12, 457.3142
860210,5.8032,0.003353,298.20, 457.3148
860211,5.8066,0.003354,298.15, 457.3148
860212,5.8105,0.004034,247.91, 457.3145
860213,5.8145,0.003781,264.48, 457.3147
860214,5.8179,0.003486,286.86, 457.3145
860215,5.8213,0.003387,295.23, 457.3148
860216,5.8247,0.003382,295.73, 457.3145
860217,5.8286,0.003886,257.36, 457.3142
860218,5.8325,0.003712,269.43, 457.3148
860219,5.8354,0.003297,303.29, 457.3148
860220,5.8394,0.003869,258.44, 457.3148
860221,5.8428,0.003452,289.65, 457.3148
860222,5.8472,0.004065,246.02, 457.3145
860223,5.8506,0.003644,274.41, 457.3148
860224,5.8540,0.003495,286.11, 457.3148
860225,5.8579,0.003712,269.38, 457.3148
860226,5.8613,0.003495,286.14, 457.3142
860227,5.8652,0.003820,261.75, 457.3148
860228,5.8687,0.003669,272.58, 457.3148
860229,5.8721,0.003417,292.64, 457.3142
860230,5.8765,0.003921,255.07, 457.3148
860231,5.8794,0.003088,323.81, 457.3148
860232,5.8838,0.004247,235.48, 457.3142
860233,5.8872,0.003465,288.58, 457.3142
860234,5.8901,0.003121,320.42, 457.3148
860235,5.8940,0.004057,246.52, 457.3148
860236,5.8975,0.003383,295.56, 457.3145
860237,5.9014,0.003809,262.51, 457.3148
860238,5.9053,0.003683,271.50, 457.3148
860239,5.9082,0.003105,322.10, 457.3148
860240,5.9121,0.004136,241.77, 457.3148
860241,5.9155,0.003144,318.06, 457.3148
860242,5.9194,0.003913,255.55, 457.3145
860243,5.9229,0.003253,307.42, 457.3145
860244,5.9263,0.003742,267.24, 457.3142
860245,5.9302,0.003966,252.17, 457.3148
860246,5.9336,0.003368,296.96, 457.3145
860247,5.9375,0.003727,268.31, 457.3148
860248,5.9414,0.003916,255.39, 457.3145
860249,5.9443,0.003035,329.53, 457.3148
860250,5.9482,0.003985,250.93, 457.3148
860251,5.9517,0.003497,285.96, 457.3148
860252,5.9556,0.003656,273.56, 457.3145
860253,5.9590,0.003230,309.56, 457.3148
860254,5.9629,0.003921,255.04, 457.3148
860255,5.9663,0.003756,266.25, 457.3148
860256,5.9697,0.003338,299.59, 457.3148
860257,5.9736,0.003700,270.28, 457.3148
860258,5.9771,0.003393,294.71, 457.3148
860259,5.9810,0.003880,257.75, 457.3145
860260,5.9844,0.003716,269.14, 457.3148
860261,5.9883,0.003687,271.20, 457.3145
860262,5.9917,0.003412,293.06, 457.3145
860263,5.9951,0.003446,290.17, 457.3148
860264,5.9990,0.003852,259.59, 457.3142
860265,6.0024,0.003668,272.65, 457.3145
860266,6.0059,0.003157,316.79, 457.3145
860267,6.0103,0.004391,227.72, 457.3148
860268,6.0132,0.003280,304.89, 457.3145
860269,6.0171,0.003858,259.18, 457.3145
860270,6.0210,0.003689,271.08, 457.3148
860271,6.0239,0.003254,307.35, 457.3148
860272,6.0278,0.003920,255.13, 457.3148
860273,6.0313,0.003075,325.25, 457.3145
860274,6.0352,0.003955,252.83, 457.3148
860275,6.0386,0.003338,299.56, 457.3148
860276,6.0420,0.003726,268.36, 457.3148
860277,6.0459,0.003879,257.81, 457.3148
860278,6.0493,0.003210,311.58, 457.3145
860279,6.0527,0.003673,272.29, 457.3148
860280,6.0571,0.003975,251.59, 457.3148
860281,6.0601,0.003281,304.81, 457.3145
860282,6.0640,0.003920,255.13, 457.3148
860283,6.0674,0.003308,302.26, 457.3148
860284,6.0713,0.003787,264.03, 457.3145
860285,6.0752,0.003876,258.02, 457.3142
860286,6.0786,0.003459,289.09, 457.3148
860287,6.0825,0.003925,254.78, 457.3148
860288,6.0859,0.003385,295.46, 457.3148
860289,6.0894,0.003746,266.94, 457.3148
860290,6.0928,0.003296,303.44, 457.3142
860291,6.0967,0.003949,253.22, 457.3145
860292,6.1006,0.003742,267.24, 457.3148
860293,6.1040,0.003355,298.06, 457.3145
860294,6.1074,0.003688,271.15, 457.3148
860295,6.1113,0.003775,264.93, 457.3148
860296,6.1143,0.003084,324.30, 457.3148
860297,6.1187,0.004011,249.32, 457.3148
860298,6.1221,0.003361,297.50, 457.3148
860299,6.1255,0.003799,263.23, 457.3148
860300,6.1289,0.003344,299.02, 457.3145
860301,6.1323,0.003536,282.78, 457.3148
860302,6.1367,0.003995,250.29, 457.3148
860303,6.1401,0.003405,293.68, 457.3148
860304,6.1436,0.003827,261.28, 457.3148
860305,6.1470,0.003146,317.88, 457.3145
860306,6.1504,0.003679,271.79, 457.3145
860307,6.1548,0.004019,248.82, 457.3148
860308,6.1577,0.003127,319.84, 457.3142
860309,6.1616,0.004140,241.55, 457.3148
860310,6.1650,0.002998,333.56, 457.3148
860311,6.1689,0.004011,249.29, 457.3148
860312,6.1729,0.004210,237.51, 457.3147
860313,6.1763,0.003146,317.89, 457.3145
860314,6.1797,0.003602,277.64, 457.3148
860315,6.1831,0.003311,302.00, 457.3145
860316,6.1870,0.003863,258.87, 457.3145
860317,6.1909,0.003722,268.71, 457.3145
860318,6.1943,0.003640,274.72, 457.3148
860319,6.1982,0.003706,269.84, 457.3148
860320,6.2017,0.003486,286.90, 457.3145
860321,6.2051,0.003663,272.99, 457.3142
860322,6.2085,0.003402,293.98, 457.3148
860323,6.2124,0.003714,269.29, 457.3148
860324,6.2163,0.003811,262.39, 457.3148
860325,6.2197,0.003427,291.77, 457.3142
860326,6.2231,0.003635,275.09, 457.3148
860327,6.2271,0.003858,259.22, 457.3148
860328,6.2305,0.003434,291.21, 457.3145
860329,6.2344,0.003727,268.29, 457.3148
860330,6.2378,0.003339,299.51, 457.3145
860331,6.2412,0.003660,273.24, 457.3148
860332,6.2451,0.003812,262.36, 457.3145
860333,6.2495,0.004349,229.93, 457.3145
860334,6.2524,0.003005,332.78, 457.3145
860335,6.2563,0.003736,267.68, 457.3148
860336,6.2598,0.003633,275.24, 457.3148
860337,6.2632,0.003366,297.11, 457.3142
860338,6.2671,0.003914,255.47, 457.3142
860339,6.2705,0.003631,275.41, 457.3145
860340,6.2739,0.003403,293.88, 457.3142
860341,6.2778,0.003816,262.08, 457.3148
860342,6.2813,0.003115,321.06, 457.3148
860343,6.2852,0.004055,246.63, 457.3148
860344,6.2886,0.003690,271.00, 457.3145
860345,6.2920,0.003409,293.37, 457.3142
860346,6.2959,0.003841,260.38, 457.3148
860347,6.2998,0.003722,268.66, 457.3148
860348,6.3027,0.003020,331.08, 457.3148
860349,6.3066,0.004007,249.55, 457.3148
860350,6.3101,0.003417,292.65, 457.3145
860351,6.3140,0.003569,280.19, 457.3148
860352,6.3174,0.003573,279.87, 457.3145
860353,6.3213,0.003839,260.52, 457.3148
860354,6.3252,0.003830,261.07, 457.3148
860355,6.3281,0.003115,321.08, 457.3148
860356,6.3315,0.003687,271.25, 457.3148
860357,6.3354,0.003716,269.11, 457.3148
860358,6.3394,0.003625,275.88, 457.3167
860359,6.3428,0.003877,257.94, 457.3142
860360,6.3462,0.003119,320.65, 457.3145
860361,6.3501,0.004015,249.08, 457.3148
860362,6.3530,0.003068,325.96, 457.3148
860363,6.3574,0.004041,247.46, 457.3142
860364,6.3613,0.003890,257.09, 457.3145
860365,6.3643,0.003036,329.42, 457.3221
860366,6.3682,0.003895,256.73, 457.3145
860367,6.3716,0.003508,285.08, 457.3148
860368,6.3755,0.003699,270.31, 457.3145
860369,6.3784,0.003193,313.23, 457.3148
860370,6.3823,0.003939,253.90, 457.3142
860371,6.3862,0.003759,266.02, 457.3148
860372,6.3896,0.003266,306.16, 457.3142
860373,6.3936,0.004055,246.63, 457.3148
860374,6.3970,0.003594,278.21, 457.3148
860375,6.4004,0.003412,293.05, 457.3148
860376,6.4043,0.003733,267.88, 457.3142
860377,6.4077,0.003441,290.64, 457.3148
860378,6.4116,0.003728,268.23, 457.3148
860379,6.4146,0.003268,306.01, 457.3148
860380,6.4185,0.003855,259.38, 457.3148
860381,6.4224,0.003763,265.73, 457.3148
860382,6.4253,0.003176,314.88, 457.3145
860383,6.4297,0.004013,249.21, 457.3148
860384,6.4326,0.003156,316.89, 457.3142
860385,6.4365,0.003803,262.94, 457.3145
860386,6.4404,0.004091,244.43, 457.3141
860387,6.4438,0.003126,319.87, 457.3236
860388,6.4478,0.004057,246.49, 457.3141
860389,6.4507,0.003099,322.67, 457.3145
860390,6.4546,0.003818,261.94, 457.3148
860391,6.4585,0.003799,263.22, 457.3148
860392,6.4614,0.003219,310.63, 457.3142
860393,6.4653,0.003699,270.33, 457.3142
860394,6.4692,0.003920,255.13, 457.3142
860395,6.4731,0.003860,259.09, 457.3148
860396,6.4766,0.003679,271.81, 457.3148
860397,6.4805,0.003452,289.70, 457.3142
860398,6.4849,0.004519,221.31, 457.3141
860399,6.4883,0.003375,296.26, 457.3144
860400,6.4912,0.003155,316.94, 457.3147
860401,6.4941,0.003054,327.49, 457.3145
860402,6.4985,0.004008,249.49, 457.3148
860403,6.5020,0.003778,264.67, 457.3148
860404,6.5059,0.003851,259.67, 457.3142
860405,6.5098,0.003632,275.32, 457.3148
860406,6.5137,0.003859,259.17, 457.3148
860407,6.5171,0.003761,265.89, 457.3142
860408,6.5205,0.003429,291.60, 457.3142
860409,6.5239,0.003323,300.94, 457.3142
860410,6.5278,0.004002,249.90, 457.3142
860411,6.5317,0.003650,273.97, 457.3148
860412,6.5347,0.002999,333.50, 457.3145
860413,6.5391,0.004447,224.86, 457.3141
860414,6.5425,0.003255,307.19, 457.3145
860415,6.5459,0.003461,288.93, 457.3148
860416,6.5498,0.003893,256.90, 457.3142
860417,6.5527,0.003090,323.59, 457.3148
860418,6.5566,0.003847,259.92, 457.3148
860419,6.5601,0.003453,289.57, 457.3148
860420,6.5640,0.003673,272.23, 457.3172
860421,6.5674,0.003743,267.14, 457.3145
860422,6.5708,0.003467,288.48, 457.3145
860423,6.5747,0.003689,271.08, 457.3148
860424,6.5786,0.003925,254.76, 457.3142
860425,6.5820,0.003418,292.59, 457.3145
860426,6.5854,0.003684,271.44, 457.3145
860427,6.5889,0.003117,320.87, 457.3148
860428,6.5928,0.004097,244.06, 457.3148
860429,6.5962,0.003197,312.80, 457.3148
860430,6.6001,0.003878,257.85, 457.3145
860431,6.6035,0.003407,293.50, 457.3148
860432,6.6069,0.003763,265.72, 457.3145
860433,6.6108,0.003877,257.95, 457.3148
860434,6.6143,0.003061,326.74, 457.3142
860435,6.6182,0.003985,250.97, 457.3148
860436,6.6221,0.003812,262.30, 457.3145
860437,6.6250,0.003285,304.41, 457.3148
860438,6.6289,0.003848,259.88, 457.3145
860439,6.6323,0.003299,303.15, 457.3148
860440,6.6367,0.004215,237.27, 457.3141
860441,6.6396,0.003216,310.96, 457.3148
860442,6.6431,0.003182,314.31, 457.3148
860443,6.6470,0.004073,245.54, 457.3145
860444,6.6504,0.003302,302.87, 457.3148
860445,6.6543,0.003820,261.77, 457.3148
860446,6.6572,0.003215,311.09, 457.3145
860447,6.6611,0.003987,250.80, 457.3148
860448,6.6650,0.003864,258.80, 457.3142
860449,6.6689,0.003584,279.06, 457.3142
860450,6.6724,0.003395,294.58, 457.3148
860451,6.6753,0.003307,302.41, 457.3148
860452,6.6797,0.004225,236.71, 457.3148
860453,6.6836,0.003775,264.87, 457.3148
860454,6.6870,0.003419,292.46, 457.3148
860455,6.6904,0.003581,279.26, 457.3148
860456,6.6938,0.003615,276.65, 457.3142
860457,6.6978,0.003686,271.30, 457.3148
860458,6.7017,0.003779,264.63, 457.3148
860459,6.7046,0.003176,314.83, 457.3148
860460,6.7085,0.003953,252.99, 457.3148
860461,6.7124,0.003499,285.84, 457.3148
860462,6.7158,0.003644,274.45, 457.3148
860463,6.7197,0.003767,265.44, 457.3148
860464,6.7227,0.003101,322.47, 457.3148
860465,6.7266,0.004038,247.64, 457.3148
860466,6.7300,0.003244,308.27, 457.3148
860467,6.7339,0.003856,259.32, 457.3148
860468,6.7378,0.003828,261.23, 457.3145
860469,6.7412,0.003458,289.17, 457.3142
860470,6.7451,0.003771,265.19, 457.3142
860471,6.7480,0.003384,295.49, 457.3148
860472,6.7520,0.003739,267.45, 457.3142
860473,6.7554,0.003144,318.05, 457.3148
860474,6.7593,0.003888,257.20, 457.3148
860475,6.7627,0.003840,260.40, 457.3148
860476,6.7661,0.003459,289.13, 457.3148
860477,6.7705,0.004060,246.32, 457.3142
860478,6.7739,0.003457,289.24, 457.3148
860479,6.7769,0.003092,323.42, 457.3148
860480,6.7813,0.004362,229.24, 457.3147
860481,6.7842,0.003064,326.38, 457.3142
860482,6.7881,0.003657,273.47, 457.3148
860483,6.7915,0.003395,294.53, 457.3148
860484,6.7949,0.003622,276.07, 457.3291
860485,6.7988,0.003815,262.16, 457.3148
860486,6.8022,0.003533,283.05, 457.3145
860487,6.8066,0.004032,248.05, 457.3148
860488,6.8096,0.003048,328.09, 457.3142
860489,6.8135,0.003827,261.33, 457.3148
860490,6.8174,0.003931,254.37, 457.3148
860491,6.8208,0.003361,297.51, 457.3145
860492,6.8242,0.003695,270.64, 457.3148
860493,6.8276,0.003421,292.28, 457.3148
860494,6.8315,0.003873,258.20, 457.3148
860495,6.8354,0.003638,274.89, 457.3148
860496,6.8389,0.003763,265.73, 457.3145
860497,6.8423,0.003318,301.42, 457.3148
860498,6.8457,0.003302,302.82, 457.3145
860499,6.8496,0.003872,258.30, 457.3142
860500,6.8530,0.003354,298.17, 457.3142
860501,6.8569,0.003929,254.54, 457.3142
860502,6.8604,0.003624,275.94, 457.3145
860503,6.8638,0.003453,289.64, 457.3148
860504,6.8682,0.004102,243.81, 457.3145
860505,6.8711,0.003367,297.04, 457.3145
860506,6.8745,0.003059,326.95, 457.3148
860507,6.8784,0.004216,237.19, 457.3148
860508,6.8818,0.003127,319.77, 457.3145
860509,6.8862,0.004349,229.92, 457.3142
860510,6.8896,0.003556,281.21, 457.3144
860511,6.8931,0.003256,307.17, 457.3142
860512,6.8965,0.003867,258.63, 457.3147
860513,6.8999,0.003133,319.21, 457.3142
860514,6.9038,0.003841,260.35, 457.3142
860515,6.9067,0.003260,306.77, 457.3145
860516,6.9111,0.003940,253.83, 457.3148
860517,6.9146,0.003604,277.45, 457.3148
860518,6.9180,0.003366,297.11, 457.3142
860519,6.9219,0.004081,245.07, 457.3147
860520,6.9248,0.003097,322.86, 457.3142
860521,6.9287,0.003820,261.75, 457.3148
860522,6.9326,0.003919,255.16, 457.3145
860523,6.9365,0.003559,280.99, 457.3148
860524,6.9399,0.003373,296.47, 457.3148
860525,6.9434,0.003405,293.69, 457.3148
860526,6.9468,0.003738,267.52, 457.3148
860527,6.9507,0.003776,264.80, 457.3148
860528,6.9546,0.003776,264.84, 457.3148
860529,6.9575,0.003061,326.69, 457.3145
860530,6.9609,0.003681,271.66, 457.3148
860531,6.9648,0.003787,264.10, 457.3145
860532,6.9688,0.003629,275.55, 457.3148
860533,6.9717,0.003345,298.96, 457.3145
860534,6.9761,0.003927,254.66, 457.3148
860535,6.9790,0.003370,296.77, 457.3148
860536,6.9829,0.003760,265.96, 457.3148
860537,6.9868,0.003782,264.40, 457.3148
860538,6.9897,0.003097,322.87, 457.3148
860539,6.9937,0.003907,255.93, 457.3148
860540,6.9971,0.003542,282.35, 457.3145
860541,7.0010,0.003737,267.61, 457.3221
860542,7.0044,0.003443,290.42, 457.3148
860543,7.0083,0.003680,271.75, 457.3148
860544,7.0122,0.003913,255.59, 457.3141
860545,7.0156,0.003465,288.59, 457.3148
860546,7.0190,0.003482,287.22, 457.3148
860547,7.0229,0.003689,271.09, 457.3148
860548,7.0259,0.003338,299.56, 457.3148
860549,7.0303,0.004136,241.76, 457.3141
860550,7.0332,0.003180,314.51, 457.3145
860551,7.0371,0.003606,277.30, 457.3148
860552,7.0405,0.003450,289.82, 457.3142
860553,7.0444,0.003855,259.42, 457.3145
860554,7.0479,0.003789,263.90, 457.3148
860555,7.0513,0.003359,297.70, 457.3148
860556,7.0552,0.003640,274.72, 457.3148
860557,7.0581,0.003187,313.81, 457.3145
860558,7.0620,0.003866,258.69, 457.3148
860559,7.0659,0.003944,253.58, 457.3142
860560,7.0698,0.003741,267.34, 457.3148
860561,7.0728,0.003186,313.87, 457.3148
860562,7.0767,0.003647,274.18, 457.3145
860563,7.0806,0.003744,267.11, 457.3148
860564,7.0840,0.003642,274.60, 457.3148
860565,7.0879,0.003778,264.70, 457.3145
860566,7.0908,0.003212,311.37, 457.3148
860567,7.0947,0.003643,274.52, 457.3148
860568,7.0986,0.003808,262.58, 457.3142
860569,7.1016,0.003094,323.24, 457.3148
860570,7.1055,0.003918,255.22, 457.3148
860571,7.1094,0.003885,257.41, 457.3148
860572,7.1123,0.003143,318.19, 457.3148
860573,7.1162,0.003894,256.84, 457.3142
860574,7.1201,0.003779,264.61, 457.3148
860575,7.1230,0.003045,328.39, 457.3148
860576,7.1274,0.004096,244.15, 457.3148
860577,7.1304,0.003095,323.07, 457.3145
860578,7.1343,0.004099,243.97, 457.3148
860579,7.1377,0.003103,322.30, 457.3148
860580,7.1411,0.003733,267.86, 457.3142
860581,7.1455,0.004134,241.88, 457.3148
860582,7.1484,0.003028,330.28, 457.3148
860583,7.1523,0.003973,251.69, 457.3148
860584,7.1558,0.003120,320.54, 457.3142
860585,7.1597,0.004011,249.30, 457.3148
860586,7.1636,0.003750,266.67, 457.3148
860587,7.1670,0.003430,291.58, 457.3148
860588,7.1704,0.003778,264.70, 457.3148
860589,7.1738,0.003122,320.33, 457.3145
860590,7.1777,0.003972,251.75, 457.3148
860591,7.1816,0.003800,263.19, 457.3148
860592,7.1855,0.004181,239.18, 457.3144
860593,7.1890,0.003155,317.00, 457.3147
860594,7.1919,0.003088,323.89, 457.3142
860595,7.1958,0.003974,251.63, 457.3148
860596,7.1987,0.003012,332.01, 457.3148
860597,7.2026,0.003957,252.70, 457.3145
860598,7.2065,0.003793,263.66, 457.3148
860599,7.2100,0.003368,296.91, 457.3148
860600,7.2139,0.003876,257.97, 457.3145
860601,7.2178,0.003689,271.06, 457.3145
860602,7.2207,0.003084,324.21, 457.3148
860603,7.2246,0.004012,249.27, 457.3145
860604,7.2280,0.003390,295.03, 457.3145
860605,7.2319,0.003843,260.24, 457.3148
860606,7.2349,0.003017,331.44, 457.3148
860607,7.2388,0.004081,245.07, 457.3145
860608,7.2427,0.003888,257.18, 457.3147
860609,7.2461,0.003423,292.18, 457.3142
860610,7.2500,0.003533,283.05, 457.3148
860611,7.2534,0.003416,292.71, 457.3148
860612,7.2568,0.003693,270.77, 457.3148
860613,7.2607,0.003796,263.44, 457.3148
860614,7.2642,0.003656,273.49, 457.3145
860615,7.2681,0.003678,271.92, 457.3148
860616,7.2710,0.003069,325.80, 457.3148
860617,7.2749,0.003903,256.23, 457.3145
860618,7.2793,0.004105,243.62, 457.3148
860619,7.2822,0.003272,305.60, 457.3145
860620,7.2861,0.003814,262.19, 457.3148
860621,7.2896,0.003197,312.83, 457.3148
860622,7.2935,0.003953,253.00, 457.3148
860623,7.2974,0.003812,262.36, 457.3148
860624,7.3008,0.003702,270.14, 457.3145
860625,7.3042,0.003201,312.45, 457.3145
860626,7.3076,0.003572,279.96, 457.3148
860627,7.3115,0.003746,266.97, 457.3148
860628,7.3154,0.003801,263.07, 457.3145
860629,7.3184,0.003155,316.95, 457.3145
860630,7.3223,0.003864,258.78, 457.3142
860631,7.3257,0.003535,282.85, 457.3148
860632,7.3301,0.004108,243.43, 457.3142
860633,7.3335,0.003390,294.99, 457.3148
860634,7.3364,0.003338,299.57, 457.3148
860635,7.3403,0.003686,271.28, 457.3148
860636,7.3438,0.003481,287.24, 457.3142
860637,7.3477,0.003655,273.63, 457.3148
860638,7.3511,0.003417,292.63, 457.3148
860639,7.3545,0.003737,267.61, 457.3148
860640,7.3584,0.003910,255.75, 457.3141
860641,7.3618,0.003459,289.10, 457.3145
860642,7.3657,0.003542,282.33, 457.3148
860643,7.3691,0.003800,263.15, 457.3148
860644,7.3726,0.003110,321.60, 457.3148
860645,7.3765,0.004306,232.24, 457.3141
860646,7.3799,0.003211,311.47, 457.3145
860647,7.3833,0.003517,284.30, 457.3148
860648,7.3872,0.003944,253.54, 457.3142
860649,7.3911,0.003896,256.71, 457.3141
860650,7.3950,0.003537,282.73, 457.3142
860651,7.3989,0.004260,234.74, 457.3141
860652,7.4023,0.003479,287.48, 457.3141
860653,7.4063,0.003529,283.35, 457.3141
860654,7.4097,0.003505,285.30, 457.3142
860655,7.4136,0.003922,254.98, 457.3147
860656,7.4170,0.003426,291.89, 457.3142
860657,7.4209,0.003786,264.14, 457.3141
860658,7.4238,0.003222,310.39, 457.3148
860659,7.4277,0.003651,273.89, 457.3142
860660,7.4312,0.003732,267.97, 457.3148
860661,7.4346,0.003327,300.53, 457.3148
860662,7.4385,0.003962,252.37, 457.3141
860663,7.4419,0.003193,313.23, 457.3148
860664,7.4458,0.003922,254.96, 457.3148
860665,7.4497,0.003809,262.54, 457.3141
860666,7.4526,0.003188,313.68, 457.3145
860667,7.4565,0.003951,253.13, 457.3141
860668,7.4600,0.003251,307.61, 457.3148
860669,7.4644,0.004434,225.52, 457.3141
860670,7.4678,0.003397,294.38, 457.3147
860671,7.4717,0.003760,265.95, 457.3142
860672,7.4751,0.003799,263.26, 457.3141
860673,7.4785,0.003290,303.92, 457.3141
860674,7.4824,0.003604,277.50, 457.3142
860675,7.4858,0.003696,270.59, 457.3147
860676,7.4897,0.003715,269.18, 457.3141
860677,7.4932,0.003396,294.51, 457.3141
860678,7.4966,0.003690,270.99, 457.3141
860679,7.5005,0.003621,276.15, 457.3142
860680,7.5039,0.003428,291.70, 457.3141
860681,7.5073,0.003788,264.03, 457.3141
860682,7.5112,0.003838,260.53, 457.3329
860683,7.5151,0.003703,270.07, 457.3147
860684,7.5186,0.003557,281.14, 457.3142
860685,7.5229,0.004187,238.83, 457.3141
860686,7.5264,0.003563,280.63, 457.3142
860687,7.5308,0.004195,238.38, 457.3147
860688,7.5337,0.003353,298.20, 457.3148
860689,7.5376,0.003490,286.50, 457.3148
860690,7.5415,0.003998,250.15, 457.3141
860691,7.5449,0.003390,295.03, 457.3148
860692,7.5483,0.003574,279.81, 457.3142
860693,7.5522,0.003875,258.06, 457.3240
860694,7.5557,0.003621,276.21, 457.3141
860695,7.5591,0.003378,296.04, 457.3147
860696,7.5625,0.003355,298.09, 457.3142
860697,7.5664,0.003995,250.29, 457.3141
860698,7.5698,0.003365,297.16, 457.3145
860699,7.5737,0.003849,259.83, 457.3142
860700,7.5771,0.003492,286.39, 457.3144
860701,7.5806,0.003373,296.51, 457.3142
860702,7.5850,0.004095,244.22, 457.3141
860703,7.5879,0.003137,318.81, 457.3148
860704,7.5913,0.003588,278.75, 457.3148
860705,7.5957,0.004057,246.49, 457.3148
860706,7.5991,0.003405,293.65, 457.3148
860707,7.6025,0.003708,269.67, 457.3148
860708,7.6069,0.004100,243.89, 457.3141
860709,7.6099,0.003313,301.82, 457.3142
860710,7.6138,0.003519,284.16, 457.3148
860711,7.6172,0.003533,283.08, 457.3148
860712,7.6206,0.003639,274.82, 457.3142
860713,7.6240,0.003377,296.09, 457.3148
860714,7.6279,0.003880,257.74, 457.3142
860715,7.6318,0.003892,256.95, 457.3144
860716,7.6353,0.003290,303.93, 457.3148
860717,7.6392,0.003917,255.28, 457.3144
860718,7.6421,0.003031,329.94, 457.3145
860719,7.6465,0.004080,245.08, 457.3148
860720,7.6499,0.003678,271.86, 457.3148
860721,7.6528,0.003141,318.42, 457.3142
860722,7.6572,0.004272,234.06, 457.3156
860723,7.6606,0.003127,319.81, 457.3148
860724,7.6641,0.003679,271.79, 457.3167
860725,7.6689,0.004592,217.77, 457.3141
860726,7.6724,0.003560,280.91, 457.3166
860727,7.6753,0.003108,321.76, 457.3147
860728,7.6782,0.003060,326.75, 457.3145
860729,7.6826,0.004182,239.12, 457.3142
860730,7.6860,0.003489,286.59, 457.3271
860731,7.6895,0.003223,310.28, 457.3148
860732,7.6934,0.003866,258.65, 457.3148
860733,7.6963,0.003168,315.63, 457.3148
860734,7.7002,0.003989,250.70, 457.3145
860735,7.7041,0.003695,270.67, 457.3148
860736,7.7075,0.003386,295.31, 457.3142
860737,7.7114,0.003762,265.79, 457.3148
860738,7.7148,0.003448,290.01, 457.3148
860739,7.7183,0.003614,276.67, 457.3148
860740,7.7217,0.003611,276.92, 457.3148
860741,7.7256,0.003549,281.80, 457.3148
860742,7.7295,0.003833,260.91, 457.3148
860743,7.7329,0.003473,287.98, 457.3142
860744,7.7368,0.003826,261.38, 457.3144
860745,7.7397,0.002991,334.34, 457.3148
860746,7.7437,0.003925,254.75, 457.3148
860747,7.7471,0.003774,265.00, 457.3148
860748,7.7505,0.003401,294.01, 457.3148
860749,7.7544,0.003681,271.65, 457.3148
860750,7.7583,0.003949,253.22, 457.3148
860751,7.7617,0.003274,305.42, 457.3148
860752,7.7656,0.003927,254.65, 457.3148
860753,7.7686,0.003153,317.18, 457.3145
860754,7.7725,0.003786,264.13, 457.3148
860755,7.7759,0.003461,288.93, 457.3142
860756,7.7798,0.003927,254.64, 457.3148
860757,7.7837,0.003879,257.81, 457.3147
860758,7.7866,0.003055,327.32, 457.3142
860759,7.7905,0.003811,262.43, 457.3148
860760,7.7939,0.003156,316.85, 457.3142
860761,7.7979,0.004027,248.30, 457.3142
860762,7.8013,0.003643,274.47, 457.3148
860763,7.8047,0.003460,289.02, 457.3148
860764,7.8086,0.003629,275.57, 457.3148
860765,7.8120,0.003449,289.96, 457.3148
860766,7.8154,0.003726,268.42, 457.3148
860767,7.8193,0.003902,256.28, 457.3148
860768,7.8228,0.003175,314.96, 457.3142
860769,7.8267,0.003926,254.74, 457.3148
860770,7.8301,0.003444,290.36, 457.3142
860771,7.8335,0.003631,275.44, 457.3148
860772,7.8374,0.003526,283.64, 457.3142
860773,7.8408,0.003642,274.56, 457.3148
860774,7.8452,0.004067,245.91, 457.3141
860775,7.8486,0.003575,279.76, 457.3148
860776,7.8521,0.003467,288.40, 457.3142
860777,7.8560,0.003990,250.61, 457.3144
860778,7.8594,0.003402,293.94, 457.3142
860779,7.8633,0.003632,275.33, 457.3147
860780,7.8662,0.003400,294.08, 457.3145
860781,7.8701,0.003743,267.17, 457.3141
860782,7.8735,0.003356,298.01, 457.3142
860783,7.8774,0.003839,260.46, 457.3142
860784,7.8813,0.004051,246.83, 457.3141
860785,7.8848,0.003237,308.98, 457.3142
860786,7.8877,0.003012,332.05, 457.3148
860787,7.8911,0.003631,275.43, 457.3148
860788,7.8950,0.003777,264.79, 457.3148
860789,7.8989,0.003889,257.12, 457.3145
860790,7.9019,0.003105,322.02, 457.3148
860791,7.9058,0.003835,260.75, 457.3148
860792,7.9092,0.003460,289.04, 457.3148
860793,7.9131,0.003811,262.37, 457.3148
860794,7.9170,0.003748,266.82, 457.3148
860795,7.9204,0.003338,299.60, 457.3148
860796,7.9238,0.003683,271.53, 457.3148
860797,7.9277,0.003657,273.46, 457.3142
860798,7.9312,0.003660,273.22, 457.3148
860799,7.9351,0.003631,275.38, 457.3148
860800,7.9385,0.003452,289.70, 457.3145
860801,7.9419,0.003638,274.91, 457.3148
860802,7.9453,0.003431,291.47, 457.3145
860803,7.9497,0.004151,240.91, 457.3148
860804,7.9526,0.003099,322.65, 457.3148
860805,7.9565,0.003987,250.83, 457.3148
860806,7.9604,0.003961,252.47, 457.3148
860807,7.9639,0.003389,295.10, 457.3148
860808,7.9678,0.003645,274.37, 457.3148
860809,7.9712,0.003779,264.65, 457.3148
860810,7.9751,0.003433,291.30, 457.3148
860811,7.9790,0.004173,239.61, 457.3148
860812,7.9824,0.003175,315.01, 457.3148
860813,7.9863,0.003880,257.77, 457.3145
860814,7.9897,0.003810,262.46, 457.3148
860815,7.9932,0.003139,318.61, 457.3148
860816,7.9976,0.004446,224.94, 457.3142
860817,8.0005,0.003155,316.99, 457.3145
860818,8.0039,0.003430,291.57, 457.3142
860819,8.0078,0.003663,272.99, 457.3142
860820,8.0112,0.003545,282.08, 457.3145
860821,8.0151,0.003916,255.34, 457.3148
860822,8.0186,0.003237,308.90, 457.3142
860823,8.0225,0.004010,249.38, 457.3148
860824,8.0264,0.003956,252.78, 457.3141
860825,8.0298,0.003452,289.69, 457.3145
860826,8.0332,0.003280,304.92, 457.3148
860827,8.0366,0.003391,294.86, 457.3148
860828,8.0405,0.003829,261.18, 457.3148
860829,8.0435,0.003331,300.24, 457.3148
860830,8.0474,0.003906,256.02, 457.3148
860831,8.0513,0.003674,272.16, 457.3148
860832,8.0547,0.003551,281.65, 457.3145
860833,8.0586,0.003558,281.06, 457.3145
860834,8.0620,0.003794,263.60, 457.3145
860835,8.0654,0.003301,302.96, 457.3148
860836,8.0693,0.003981,251.19, 457.3143
860837,8.0728,0.003151,317.38, 457.3142
860838,8.0767,0.003831,261.05, 457.3145
860839,8.0796,0.003153,317.13, 457.3145
860840,8.0840,0.004372,228.73, 457.3145
860841,8.0874,0.003601,277.74, 457.3148
860842,8.0908,0.003344,299.09, 457.3145
860843,8.0947,0.003846,260.02, 457.3148
860844,8.0977,0.003128,319.65, 457.3221
860845,8.1021,0.003984,251.02, 457.3145
860846,8.1055,0.003710,269.55, 457.3145
860847,8.1089,0.003279,304.95, 457.3148
860848,8.1133,0.004305,232.30, 457.3141
860849,8.1162,0.003131,319.42, 457.3142
860850,8.1196,0.003592,278.41, 457.3148
860851,8.1235,0.003595,278.18, 457.3148
860852,8.1270,0.003518,284.28, 457.3145
860853,8.1309,0.003676,272.03, 457.3148
860854,8.1343,0.003520,284.08, 457.3145
860855,8.1377,0.003728,268.25, 457.3148
860856,8.1421,0.004088,244.63, 457.3144
860857,8.1455,0.003415,292.83, 457.3148
860858,8.1489,0.003365,297.16, 457.3148
860859,8.1523,0.003365,297.20, 457.3148
860860,8.1558,0.003715,269.19, 457.3148
860861,8.1592,0.003382,295.71, 457.3145
860862,8.1631,0.003855,259.38, 457.3145
860863,8.1670,0.003731,268.04, 457.3148
860864,8.1704,0.003579,279.45, 457.3145
860865,8.1743,0.003695,270.66, 457.3145
860866,8.1777,0.003817,261.99, 457.3142
860867,8.1812,0.003121,320.40, 457.3148
860868,8.1851,0.003927,254.64, 457.3148
860869,8.1885,0.003341,299.28, 457.3148
860870,8.1919,0.003588,278.73, 457.3167
860871,8.1958,0.003832,260.99, 457.3142
860872,8.1997,0.003841,260.36, 457.3148
860873,8.2031,0.003493,286.30, 457.3148
860874,8.2065,0.003344,299.03, 457.3148
860875,8.2100,0.003748,266.83, 457.3148
860876,8.2139,0.003939,253.88, 457.3145
860877,8.2173,0.003007,332.51, 457.3142
860878,8.2212,0.004202,237.96, 457.3142
860879,8.2246,0.003504,285.43, 457.3148
860880,8.2290,0.004255,235.01, 457.3141
860881,8.2324,0.003399,294.20, 457.3141
860882,8.2358,0.003362,297.48, 457.3142
860883,8.2393,0.003535,282.86, 457.3142
860884,8.2427,0.003289,304.02, 457.3148
860885,8.2466,0.004170,239.80, 457.3141
860886,8.2500,0.003243,308.32, 457.3142
860887,8.2539,0.003717,269.05, 457.3236
860888,8.2573,0.003771,265.17, 457.3141
860889,8.2607,0.003345,298.98, 457.3142
860890,8.2646,0.003822,261.62, 457.3145
860891,8.2681,0.003252,307.48, 457.3148
860892,8.2720,0.003895,256.75, 457.3142
860893,8.2759,0.003808,262.64, 457.3147
860894,8.2788,0.003322,301.01, 457.3142
860895,8.2827,0.003815,262.16, 457.3147
860896,8.2861,0.003152,317.24, 457.3142
860897,8.2900,0.003917,255.29, 457.3142
860898,8.2935,0.003803,262.97, 457.3145
860899,8.2969,0.003061,326.68, 457.3142
860900,8.3008,0.003999,250.04, 457.3148
860901,8.3042,0.003415,292.79, 457.3148
860902,8.3081,0.003753,266.49, 457.3142
860903,8.3115,0.003734,267.78, 457.3148
860904,8.3149,0.003322,301.03, 457.3145
860905,8.3188,0.003977,251.45, 457.3145
860906,8.3223,0.003121,320.44, 457.3142
860907,8.3262,0.003882,257.59, 457.3148
860908,8.3291,0.003231,309.52, 457.3145
860909,8.3330,0.004029,248.19, 457.3148
860910,8.3369,0.003726,268.41, 457.3148
860911,8.3398,0.003141,318.38, 457.3142
860912,8.3438,0.003770,265.22, 457.3145
860913,8.3477,0.003988,250.75, 457.3148
860914,8.3511,0.003109,321.61, 457.3145
860915,8.3550,0.003810,262.47, 457.3148
860916,8.3584,0.003469,288.29, 457.3145
860917,8.3618,0.003720,268.83, 457.3148
860918,8.3657,0.003580,279.36, 457.3142
860919,8.3691,0.003653,273.77, 457.3148
860920,8.3730,0.003842,260.32, 457.3141
860921,8.3765,0.003283,304.62, 457.3142
860922,8.3799,0.003797,263.34, 457.3148
860923,8.3833,0.003445,290.31, 457.3145
860924,8.3872,0.003669,272.54, 457.3148
860925,8.3911,0.003719,268.91, 457.3142
860926,8.3945,0.003474,287.85, 457.3145
860927,8.3984,0.003906,256.04, 457.3148
860928,8.4014,0.003129,319.56, 457.3142
860929,8.4053,0.003913,255.55, 457.3142
860930,8.4092,0.003838,260.59, 457.3145
860931,8.4121,0.003062,326.56, 457.3148
860932,8.4160,0.003965,252.20, 457.3148
860933,8.4194,0.003340,299.43, 457.3148
860934,8.4233,0.003765,265.58, 457.3216
860935,8.4268,0.003302,302.83, 457.3142
860936,8.4307,0.004016,248.98, 457.3145
860937,8.4341,0.003543,282.27, 457.3148
860938,8.4375,0.003489,286.62, 457.3148
860939,8.4409,0.003492,286.38, 457.3148
860940,8.4453,0.004190,238.69, 457.3142
860941,8.4482,0.002967,337.10, 457.3148
860942,8.4521,0.003990,250.62, 457.3148
860943,8.4556,0.003474,287.89, 457.3148
860944,8.4595,0.003511,284.85, 457.3148
860945,8.4629,0.003398,294.26, 457.3142
860946,8.4663,0.003872,258.28, 457.3148
860947,8.4702,0.003822,261.62, 457.3148
860948,8.4736,0.003125,320.02, 457.3145
860949,8.4775,0.004042,247.40, 457.3148
860950,8.4805,0.003096,323.00, 457.3148
860951,8.4849,0.004145,241.25, 457.3148
860952,8.4883,0.003702,270.10, 457.3142
860953,8.4917,0.003095,323.06, 457.3148
860954,8.4956,0.003974,251.66, 457.3148
860955,8.4990,0.003396,294.43, 457.3142
860956,8.5029,0.003766,265.51, 457.3145
860957,8.5068,0.004320,231.49, 457.3141
860958,8.5107,0.003542,282.29, 457.3144
860959,8.5137,0.003064,326.42, 457.3148
860960,8.5176,0.003817,261.99, 457.3145
860961,8.5210,0.003522,283.95, 457.3142
860962,8.5249,0.004007,249.55, 457.3141
860963,8.5283,0.003433,291.31, 457.3148
860964,8.5322,0.003669,272.55, 457.3148
860965,8.5352,0.003268,306.02, 457.3142
860966,8.5391,0.003893,256.90, 457.3145
860967,8.5430,0.003815,262.14, 457.3148
860968,8.5469,0.003955,252.85, 457.3145
860969,8.5513,0.004047,247.11, 457.3145
860970,8.5542,0.003069,325.81, 457.3145
860971,8.5581,0.004019,248.85, 457.3145
860972,8.5620,0.003682,271.56, 457.3148
860973,8.5649,0.003180,314.43, 457.3145
860974,8.5688,0.004007,249.56, 457.3145
860975,8.5728,0.003658,273.40, 457.3148
860976,8.5762,0.003706,269.84, 457.3148
860977,8.5801,0.003507,285.11, 457.3148
860978,8.5835,0.003379,295.96, 457.3148
860979,8.5869,0.003648,274.13, 457.3148
860980,8.5903,0.003471,288.08, 457.3145
860981,8.5947,0.004189,238.73, 457.3148
860982,8.5977,0.003266,306.15, 457.3148
860983,8.6011,0.003367,296.97, 457.3148
860984,8.6050,0.003976,251.53, 457.3145
860985,8.6084,0.003365,297.20, 457.3145
860986,8.6123,0.003769,265.34, 457.3148
860987,8.6162,0.003843,260.25, 457.3148
860988,8.6191,0.003116,320.97, 457.3148
860989,8.6230,0.003865,258.74, 457.3148
860990,8.6270,0.003853,259.52, 457.3145
860991,8.6309,0.003765,265.58, 457.3148
860992,8.6343,0.003751,266.62, 457.3148
860993,8.6377,0.003326,300.63, 457.3148
860994,8.6416,0.003747,266.89, 457.3145
860995,8.6450,0.003298,303.25, 457.3148
860996,8.6489,0.003955,252.88, 457.3142
860997,8.6523,0.003687,271.19, 457.3145
860998,8.6558,0.003328,300.48, 457.3148
860999,8.6597,0.003773,265.04, 457.3148
861000,8.6631,0.003386,295.31, 457.3145
861001,8.6670,0.003796,263.41, 457.3145
861002,8.6704,0.003791,263.75, 457.3148
861003,8.6738,0.003273,305.51, 457.3145
861004,8.6777,0.004013,249.19, 457.3148
861005,8.6812,0.003099,322.74, 457.3145
861006,8.6846,0.003624,275.92, 457.3142
861007,8.6885,0.003972,251.78, 457.3142
861008,8.6919,0.003452,289.73, 457.3148
861009,8.6958,0.003768,265.39, 457.3142
861010,8.6992,0.003520,284.06, 457.3148
861011,8.7031,0.003581,279.28, 457.3148
861012,8.7065,0.003757,266.15, 457.3148
861013,8.7104,0.003889,257.12, 457.3148
861014,8.7139,0.003072,325.48, 457.3148
861015,8.7173,0.003633,275.24, 457.3148
861016,8.7207,0.003669,272.58, 457.3142
861017,8.7246,0.003739,267.47, 457.3148
861018,8.7280,0.003347,298.81, 457.3148
861019,8.7319,0.003911,255.70, 457.3148
861020,8.7354,0.003476,287.70, 457.3145
861021,8.7393,0.003685,271.34, 457.3142
861022,8.7432,0.003845,260.06, 457.3148
861023,8.7461,0.003324,300.88, 457.3148
861024,8.7500,0.003717,269.07, 457.3148
861025,8.7534,0.003382,295.70, 457.3148
861026,8.7573,0.003764,265.68, 457.3145
861027,8.7603,0.003374,296.42, 457.3148
861028,8.7642,0.003782,264.44, 457.3145
861029,8.7681,0.003828,261.26, 457.3148
861030,8.7710,0.003091,323.56, 457.3148
861031,8.7749,0.003942,253.65, 457.3148
861032,8.7788,0.003887,257.25, 457.3148
861033,8.7827,0.003688,271.14, 457.3148
861034,8.7866,0.003691,270.91, 457.3148
861035,8.7900,0.003418,292.59, 457.3148
861036,8.7935,0.003658,273.40, 457.3142
861037,8.7969,0.003450,289.85, 457.3148
861038,8.8008,0.003676,272.01, 457.3148
861039,8.8047,0.003933,254.25, 457.3148
861040,8.8081,0.003692,270.86, 457.3148
861041,8.8115,0.003438,290.85, 457.3148
861042,8.8149,0.003384,295.49, 457.3148
861043,8.8188,0.003659,273.30, 457.3148
861044,8.8223,0.003764,265.69, 457.3148
861045,8.8262,0.003490,286.50, 457.3148
861046,8.8296,0.003853,259.52, 457.3145
861047,8.8330,0.003361,297.50, 457.3148
861048,8.8369,0.003603,277.59, 457.3148
861049,8.8403,0.003729,268.18, 457.3148
861050,8.8438,0.003444,290.37, 457.3148
861051,8.8477,0.003790,263.85, 457.3148
861052,8.8511,0.003215,311.02, 457.3148
861053,8.8550,0.003799,263.22, 457.3181
861054,8.8579,0.003355,298.10, 457.3145
861055,8.8618,0.003878,257.84, 457.3148
861056,8.8657,0.003917,255.28, 457.3148
861057,8.8691,0.003006,332.65, 457.3148
861058,8.8726,0.003844,260.14, 457.3148
861059,8.8765,0.003497,285.94, 457.3148
861060,8.8804,0.003977,251.43, 457.3142
861061,8.8838,0.003594,278.26, 457.3148
861062,8.8872,0.003379,295.94, 457.3145
861063,8.8911,0.004072,245.56, 457.3148
861064,8.8950,0.003986,250.87, 457.3141
861065,8.8984,0.003405,293.73, 457.3142
861066,8.9033,0.004531,220.71, 457.3141
861067,8.9067,0.003327,300.61, 457.3144
861068,8.9097,0.003047,328.15, 457.3141
861069,8.9126,0.003072,325.52, 457.3145
861070,8.9165,0.003863,258.87, 457.3148
861071,8.9204,0.003739,267.45, 457.3148
861072,8.9233,0.003297,303.33, 457.3148
861073,8.9272,0.003722,268.69, 457.3148
861074,8.9312,0.003867,258.63, 457.3148
861075,8.9346,0.003281,304.82, 457.3142
861076,8.9380,0.003638,274.85, 457.3148
861077,8.9414,0.003568,280.30, 457.3148
861078,8.9453,0.003859,259.11, 457.3142
861079,8.9487,0.003299,303.11, 457.3148
861080,8.9526,0.003695,270.64, 457.3148
861081,8.9561,0.003736,267.69, 457.3148
861082,8.9595,0.003467,288.46, 457.3148
861083,8.9634,0.003842,260.29, 457.3148
861084,8.9668,0.003278,305.10, 457.3148
861085,8.9707,0.003834,260.81, 457.3148
861086,8.9746,0.003748,266.78, 457.3142
861087,8.9775,0.003187,313.74, 457.3145
861088,8.9819,0.004448,224.80, 457.3141
861089,8.9854,0.003120,320.55, 457.3148
861090,8.9888,0.003468,288.33, 457.3142
861091,8.9922,0.003741,267.31, 457.3142
861092,8.9956,0.003248,307.89, 457.3145
861093,8.9995,0.004045,247.20, 457.3145
861094,9.0029,0.003104,322.14, 457.3142
861095,9.0068,0.004206,237.75, 457.3147
861096,9.0103,0.003300,303.06, 457.3167
861097,9.0146,0.004358,229.48, 457.3200
861098,9.0186,0.003878,257.88, 457.3147
861099,9.0220,0.003364,297.27, 457.3147
861100,9.0249,0.003193,313.17, 457.3148
861101,9.0288,0.003533,283.05, 457.3148
861102,9.0322,0.003527,283.50, 457.3142
861103,9.0356,0.003773,265.06, 457.3147
861104,9.0391,0.003324,300.87, 457.3142
861105,9.0430,0.003725,268.49, 457.3145
861106,9.0459,0.003174,315.07, 457.3148
861107,9.0508,0.004835,206.81, 457.3144
861108,9.0542,0.003236,309.01, 457.3147
861109,9.0576,0.003291,303.85, 457.3142
861110,9.0610,0.003596,278.09, 457.3144
861111,9.0645,0.003251,307.62, 457.3148
861112,9.0684,0.003891,257.00, 457.3145
861113,9.0718,0.003658,273.37, 457.3246
861114,9.0752,0.003218,310.77, 457.3142
861115,9.0791,0.004256,234.97, 457.3141
861116,9.0830,0.003641,274.62, 457.3144
861117,9.0864,0.003487,286.78, 457.3142
861118,9.0898,0.003557,281.11, 457.3141
861119,9.0933,0.003231,309.47, 457.3148
861120,9.0972,0.003903,256.25, 457.3146
861121,9.1006,0.003430,291.52, 457.3142
861122,9.1045,0.003875,258.07, 457.3142
861123,9.1084,0.003779,264.62, 457.3147
861124,9.1113,0.003289,304.04, 457.3148
861125,9.1162,0.004601,217.35, 457.3141
861126,9.1196,0.003335,299.82, 457.3147
861127,9.1226,0.003148,317.71, 457.3142
861128,9.1265,0.003841,260.36, 457.3141
861129,9.1299,0.003227,309.85, 457.3142
861130,9.1338,0.003982,251.15, 457.3166
861131,9.1372,0.003567,280.32, 457.3141
861132,9.1406,0.003343,299.14, 457.3142
861133,9.1445,0.003838,260.57, 457.3147
861134,9.1475,0.003232,309.43, 457.3142
861135,9.1514,0.003975,251.58, 457.3147
861136,9.1548,0.003150,317.48, 457.3148
861137,9.1587,0.003864,258.83, 457.3147
861138,9.1616,0.003170,315.43, 457.3181
861139,9.1655,0.003969,251.96, 457.3148
861140,9.1694,0.003727,268.33, 457.3145
861141,9.1729,0.003291,303.90, 457.3145
861142,9.1768,0.004051,246.88, 457.3142
861143,9.1807,0.003694,270.68, 457.3147
861144,9.1836,0.003243,308.33, 457.3145
861145,9.1875,0.003820,261.79, 457.3147
861146,9.1909,0.003163,316.17, 457.3142
861147,9.1948,0.003842,260.32, 457.3192
861148,9.1978,0.003258,306.96, 457.3148
861149,9.2017,0.004004,249.76, 457.3148
861150,9.2056,0.003917,255.33, 457.3141
861151,9.2095,0.003948,253.29, 457.3144
861152,9.2129,0.003240,308.63, 457.3141
861153,9.2163,0.003210,311.51, 457.3145
861154,9.2202,0.004209,237.61, 457.3141
861155,9.2236,0.003413,293.03, 457.3144
861156,9.2271,0.003343,299.14, 457.3142
861157,9.2310,0.003849,259.79, 457.3144
861158,9.2344,0.003168,315.64, 457.3142
861159,9.2383,0.004055,246.60, 457.3148
861160,9.2422,0.004085,244.77, 457.3142
861161,9.2461,0.003656,273.54, 457.3144
861162,9.2490,0.003273,305.58, 457.3147
861163,9.2524,0.003059,326.91, 457.3148
861164,9.2559,0.003603,277.53, 457.3177
861165,9.2598,0.003953,253.00, 457.3145
861166,9.2632,0.003146,317.82, 457.3145
861167,9.2671,0.003961,252.46, 457.3186
861168,9.2700,0.003216,310.92, 457.3142
861169,9.2739,0.003681,271.65, 457.3148
861170,9.2778,0.004158,240.53, 457.3147
861171,9.2813,0.003143,318.22, 457.3142
861172,9.2852,0.003904,256.15, 457.3148
861173,9.2881,0.003116,320.93, 457.3148
861174,9.2920,0.004039,247.56, 457.3141
861175,9.2954,0.003148,317.69, 457.3142
861176,9.2993,0.004057,246.50, 457.3145
861177,9.3027,0.003562,280.74, 457.3145
861178,9.3062,0.003265,306.26, 457.3148
861179,9.3101,0.004014,249.11, 457.3142
861180,9.3140,0.003636,275.01, 457.3148
861181,9.3179,0.003951,253.11, 457.3142
861182,9.3213,0.003618,276.40, 457.3148
861183,9.3247,0.003241,308.54, 457.3148
861184,9.3286,0.004002,249.89, 457.3145
861185,9.3325,0.003764,265.65, 457.3148
861186,9.3359,0.003537,282.70, 457.3142
861187,9.3398,0.003748,266.82, 457.3144
861188,9.3433,0.003687,271.20, 457.3145
861189,9.3472,0.003812,262.34, 457.3142
861190,9.3506,0.003525,283.68, 457.3148
861191,9.3540,0.003242,308.42, 457.3148
861192,9.3579,0.003748,266.82, 457.3148
861193,9.3613,0.003586,278.87, 457.3145
861194,9.3652,0.003739,267.48, 457.3148
861195,9.3687,0.003405,293.72, 457.3148
861196,9.3721,0.003729,268.18, 457.3148
861197,9.3760,0.003893,256.85, 457.3141
861198,9.3794,0.003318,301.42, 457.3145
861199,9.3833,0.003861,259.03, 457.3148
861200,9.3872,0.004106,243.53, 457.3141
861201,9.3911,0.003663,273.02, 457.3141
861202,9.3940,0.003237,308.97, 457.3147
861203,9.3975,0.003264,306.39, 457.3142
861204,9.4014,0.003858,259.17, 457.3141
861205,9.4043,0.003069,325.81, 457.3142
861206,9.4082,0.003855,259.38, 457.3148
861207,9.4121,0.003863,258.89, 457.3148
861208,9.4150,0.003051,327.79, 457.3142
861209,9.4189,0.003918,255.25, 457.3148
861210,9.4224,0.003239,308.75, 457.3145
861211,9.4263,0.003955,252.82, 457.3145
861212,9.4302,0.003934,254.17, 457.3148
861213,9.4336,0.003161,316.41, 457.3142
861214,9.4375,0.003881,257.67, 457.3148
861215,9.4404,0.003193,313.18, 457.3145
861216,9.4443,0.003951,253.11, 457.3167
861217,9.4482,0.003739,267.47, 457.3148
861218,9.4517,0.003470,288.18, 457.3148
861219,9.4556,0.003661,273.12, 457.3148
861220,9.4585,0.003198,312.66, 457.3148
861221,9.4629,0.004445,224.97, 457.3251
861222,9.4668,0.003727,268.33, 457.3148
861223,9.4697,0.003085,324.17, 457.3157
861224,9.4741,0.004156,240.63, 457.3147
861225,9.4771,0.003108,321.79, 457.3142
861226,9.4810,0.004039,247.58, 457.3148
861227,9.4849,0.003625,275.85, 457.3148
861228,9.4878,0.003295,303.45, 457.3142
861229,9.4922,0.003943,253.63, 457.3148
861230,9.4951,0.003109,321.62, 457.3142
861231,9.4995,0.004333,230.81, 457.3148
861232,9.5029,0.003722,268.68, 457.3148
861233,9.5063,0.003094,323.25, 457.3148
861234,9.5103,0.003927,254.67, 457.3148
861235,9.5137,0.003417,292.63, 457.3148
861236,9.5181,0.004283,233.46, 457.3142
861237,9.5220,0.004035,247.83, 457.3147
861238,9.5249,0.003234,309.21, 457.3145
861239,9.5288,0.003762,265.82, 457.3144
861240,9.5322,0.003535,282.85, 457.3142
861241,9.5366,0.004353,229.73, 457.3141
861242,9.5400,0.003468,288.33, 457.3147
861243,9.5439,0.003898,256.55, 457.3141
861244,9.5479,0.003539,282.59, 457.3142
861245,9.5513,0.003675,272.12, 457.3145
861246,9.5547,0.003161,316.40, 457.3142
861247,9.5586,0.004047,247.10, 457.3148
861248,9.5620,0.003668,272.66, 457.3145
861249,9.5664,0.004158,240.49, 457.3145
861250,9.5698,0.003484,287.00, 457.3148
861251,9.5732,0.003325,300.78, 457.3145
861252,9.5771,0.003761,265.86, 457.3201
861253,9.5801,0.003293,303.67, 457.3148
861254,9.5840,0.003952,253.06, 457.3145
861255,9.5874,0.003192,313.24, 457.3148
861256,9.5913,0.003988,250.73, 457.3145
861257,9.5952,0.003719,268.92, 457.3142
861258,9.5981,0.003199,312.63, 457.3142
861259,9.6021,0.003941,253.76, 457.3148
861260,9.6060,0.003631,275.42, 457.3148
861261,9.6094,0.003699,270.34, 457.3142
861262,9.6133,0.003804,262.89, 457.3144
861263,9.6167,0.003129,319.60, 457.3142
861264,9.6206,0.003919,255.15, 457.3142
861265,9.6240,0.003644,274.46, 457.3148
861266,9.6274,0.003457,289.25, 457.3142
861267,9.6313,0.003809,262.56, 457.3145
861268,9.6348,0.003222,310.39, 457.3145
861269,9.6392,0.004406,226.98, 457.3147
861270,9.6421,0.003172,315.31, 457.3206
861271,9.6455,0.003401,294.00, 457.3148
861272,9.6494,0.004118,242.82, 457.3145
861273,9.6528,0.003314,301.75, 457.3148
861274,9.6567,0.003588,278.74, 457.3145
861275,9.6606,0.004009,249.42, 457.3142
861276,9.6636,0.003125,319.97, 457.3142
861277,9.6680,0.004099,243.97, 457.3147
861278,9.6714,0.003538,282.63, 457.3142
861279,9.6748,0.003357,297.89, 457.3167
861280,9.6782,0.003769,265.34, 457.3142
861281,9.6821,0.003748,266.79, 457.3142
861282,9.6855,0.003465,288.57, 457.3148
861283,9.6890,0.003125,320.03, 457.3145
861284,9.6929,0.003995,250.32, 457.3148
861285,9.6963,0.003488,286.67, 457.3142
861286,9.7002,0.004004,249.76, 457.3142
861287,9.7036,0.003531,283.22, 457.3148
861288,9.7070,0.003411,293.19, 457.3145
861289,9.7109,0.003618,276.37, 457.3148
861290,9.7139,0.003174,315.11, 457.3148
861291,9.7183,0.004031,248.09, 457.3148
861292,9.7217,0.003829,261.14, 457.3196
861293,9.7251,0.003210,311.52, 457.3145
861294,9.7290,0.004009,249.43, 457.3148
861295,9.7324,0.003181,314.34, 457.3145
861296,9.7363,0.004127,242.30, 457.3142
861297,9.7402,0.003672,272.36, 457.3145
861298,9.7432,0.003055,327.32, 457.3148
861299,9.7471,0.003985,250.92, 457.3148
861300,9.7505,0.003174,315.07, 457.3148
861301,9.7544,0.004195,238.37, 457.3141
861302,9.7578,0.003213,311.21, 457.3145
861303,9.7612,0.003718,268.98, 457.3148
861304,9.7656,0.004144,241.31, 457.3144
861305,9.7686,0.003210,311.50, 457.3145
861306,9.7725,0.003603,277.55, 457.3148
861307,9.7764,0.003778,264.68, 457.3148
861308,9.7793,0.003142,318.30, 457.3148
861309,9.7832,0.003974,251.62, 457.3145
861310,9.7866,0.003523,283.88, 457.3148
861311,9.7905,0.003831,261.04, 457.3144
861312,9.7939,0.003212,311.37, 457.3142
861313,9.7979,0.003844,260.13, 457.3148
861314,9.8013,0.003679,271.78, 457.3148
861315,9.8047,0.003229,309.70, 457.3142
861316,9.8086,0.003882,257.63, 457.3148
861317,9.8125,0.003828,261.23, 457.3148
861318,9.8154,0.003203,312.24, 457.3148
861319,9.8193,0.003953,252.97, 457.3148
861320,9.8228,0.003109,321.65, 457.3145
861321,9.8262,0.003868,258.54, 457.3148
861322,9.8301,0.003603,277.55, 457.3145
861323,9.8335,0.003705,269.90, 457.3148
861324,9.8374,0.003707,269.76, 457.3148
861325,9.8408,0.003273,305.58, 457.3148
861326,9.8442,0.003767,265.44, 457.3148
861327,9.8481,0.003432,291.37, 457.3148
861328,9.8516,0.003800,263.15, 457.3148
861329,9.8555,0.003805,262.83, 457.3148
861330,9.8589,0.003395,294.58, 457.3148
861331,9.8628,0.003821,261.73, 457.3148
861332,9.8657,0.003165,315.98, 457.3145
861333,9.8701,0.004027,248.34, 457.3148
861334,9.8735,0.003657,273.43, 457.3148
861335,9.8770,0.003144,318.11, 457.3148
861336,9.8813,0.004402,227.19, 457.3141
861337,9.8843,0.003248,307.86, 457.3145
861338,9.8877,0.003350,298.53, 457.3148
861339,9.8911,0.003510,284.93, 457.3142
861340,9.8950,0.003848,259.89, 457.3148
861341,9.8994,0.004102,243.77, 457.3141
861342,9.9023,0.003230,309.64, 457.3145
861343,9.9063,0.003648,274.16, 457.3148
861344,9.9097,0.003546,282.02, 457.3142
861345,9.9131,0.003576,279.63, 457.3148
861346,9.9170,0.004002,249.89, 457.3148
861347,9.9204,0.003137,318.79, 457.3148
861348,9.9243,0.004001,249.93, 457.3145
861349,9.9282,0.004077,245.29, 457.3141
861350,9.9316,0.003244,308.25, 457.3142
861351,9.9351,0.003558,281.04, 457.3148
861352,9.9385,0.003201,312.39, 457.3145
861353,9.9424,0.003880,257.71, 457.3148
861354,9.9458,0.003387,295.25, 457.3142
861355,9.9497,0.003975,251.60, 457.3145
861356,9.9531,0.003540,282.50, 457.3142
861357,9.9570,0.003848,259.85, 457.3266
861358,9.9604,0.003482,287.22, 457.3142
861359,9.9653,0.004589,217.91, 457.3141
861360,9.9683,0.003255,307.21, 457.3186
861361,9.9717,0.003241,308.51, 457.3142
861362,9.9751,0.003505,285.33, 457.3148
861363,9.9790,0.003784,264.25, 457.3142
861364,9.9824,0.003607,277.25, 457.3196
861365,9.9858,0.003494,286.21, 457.3142
861366,9.9897,0.003819,261.88, 457.3148
861367,9.9927,0.003094,323.25, 457.3167
861368,9.9971,0.003962,252.42, 457.3142
