TotalFrame,Time,DeltaTime,FPS,RAM
461372,0.0000,0.014893,67.14, 435.1975
461373,0.0000,0.014893,67.14, 435.4164
461374,0.0200,0.020000,50.00, 435.2577
461375,0.0234,0.003425,291.95, 435.2226
461376,0.0264,0.003117,320.83, 435.2227
461377,0.0337,0.007112,140.60, 435.2221
461378,0.0366,0.003045,328.36, 435.2218
461379,0.0396,0.003044,328.57, 435.2224
461380,0.0425,0.002905,344.29, 435.2218
461381,0.0454,0.003031,329.89, 435.2224
461382,0.0483,0.003066,326.12, 435.2218
461383,0.0518,0.003011,332.07, 435.2224
461384,0.0547,0.002924,341.95, 435.2216
461385,0.0576,0.003100,322.62, 435.2170
461386,0.0605,0.002960,337.79, 435.2164
461387,0.0640,0.003167,315.72, 435.2170
461388,0.0669,0.002956,338.25, 435.2170
461389,0.0698,0.003065,326.24, 435.2164
461390,0.0728,0.003020,331.16, 435.2164
461391,0.0757,0.003065,326.32, 435.2170
461392,0.0791,0.003020,331.17, 435.2167
461393,0.0820,0.003066,326.17, 435.2170
461394,0.0850,0.002952,338.79, 435.2164
461395,0.0879,0.003030,330.02, 435.2170
461396,0.0908,0.002986,334.86, 435.2164
461397,0.0942,0.003108,321.71, 435.2164
461398,0.0972,0.002958,338.03, 435.2170
461399,0.1001,0.003036,329.34, 435.2189
461400,0.1030,0.003023,330.78, 435.2164
461401,0.1060,0.003093,323.30, 435.2167
461402,0.1089,0.002978,335.81, 435.2170
461403,0.1123,0.002997,333.67, 435.2170
461404,0.1152,0.002938,340.33, 435.2167
461405,0.1182,0.003024,330.66, 435.2170
461406,0.1211,0.002848,351.19, 435.2308
461407,0.1240,0.003147,317.73, 435.2170
461408,0.1270,0.002944,339.69, 435.2189
461409,0.1299,0.003015,331.65, 435.2167
461410,0.1333,0.003065,326.23, 435.2167
461411,0.1362,0.003001,333.23, 435.2170
461412,0.1392,0.002910,343.64, 435.2170
461413,0.1421,0.003041,328.87, 435.2170
461414,0.1450,0.002984,335.18, 435.2170
461415,0.1479,0.003096,322.96, 435.2170
461416,0.1509,0.002917,342.77, 435.2167
461417,0.1538,0.003019,331.29, 435.2167
461418,0.1572,0.002966,337.17, 435.2164
461419,0.1602,0.002963,337.47, 435.2170
461420,0.1631,0.002981,335.46, 435.2170
461421,0.1660,0.003013,331.87, 435.2170
461422,0.1689,0.002891,345.95, 435.2298
461423,0.1719,0.003055,327.33, 435.2170
461424,0.1748,0.003000,333.32, 435.2167
461425,0.1777,0.003037,329.30, 435.2164
461426,0.1807,0.002949,339.06, 435.2164
461427,0.1841,0.003064,326.33, 435.2170
461428,0.1870,0.002988,334.63, 435.2170
461429,0.1899,0.003025,330.61, 435.2164
461430,0.1929,0.002979,335.66, 435.2170
461431,0.1958,0.002990,334.50, 435.2170
461432,0.1987,0.002973,336.37, 435.2170
461433,0.2021,0.002982,335.35, 435.2164
461434,0.2051,0.003005,332.79, 435.2170
461435,0.2080,0.002972,336.45, 435.2167
461436,0.2109,0.002966,337.12, 435.2170
461437,0.2139,0.002998,333.57, 435.2164
461438,0.2168,0.003025,330.58, 435.2170
461439,0.2197,0.002969,336.83, 435.2219
461440,0.2227,0.002984,335.10, 435.2170
461441,0.2256,0.002962,337.59, 435.2170
461442,0.2285,0.002965,337.33, 435.2170
461443,0.2314,0.002912,343.39, 435.2170
461444,0.2349,0.002978,335.85, 435.2164
461445,0.2378,0.002947,339.37, 435.2167
461446,0.2407,0.003022,330.90, 435.2164
461447,0.2437,0.003078,324.87, 435.2164
461448,0.2466,0.002996,333.83, 435.2164
461449,0.2495,0.003010,332.27, 435.2219
461450,0.2529,0.003028,330.21, 435.2164
461451,0.2559,0.002969,336.83, 435.2170
461452,0.2588,0.003041,328.81, 435.2164
461453,0.2617,0.002959,337.92, 435.2164
461454,0.2646,0.003058,327.02, 435.2164
461455,0.2676,0.003007,332.54, 435.2170
461456,0.2705,0.002987,334.83, 435.2164
461457,0.2739,0.002987,334.75, 435.2164
461458,0.2769,0.003110,321.52, 435.2167
461459,0.2798,0.002948,339.20, 435.2167
461460,0.2827,0.002998,333.53, 435.2170
461461,0.2856,0.002941,340.07, 435.2170
461462,0.2886,0.003039,329.03, 435.2170
461463,0.2915,0.002919,342.54, 435.2170
461464,0.2949,0.003048,328.12, 435.2167
461465,0.2979,0.002942,339.92, 435.2167
461466,0.3008,0.003015,331.71, 435.2164
461467,0.3037,0.002954,338.55, 435.2167
461468,0.3066,0.003031,329.95, 435.2189
461469,0.3096,0.002973,336.41, 435.2164
461470,0.3130,0.003155,316.93, 435.2170
461471,0.3159,0.003026,330.43, 435.2170
461472,0.3188,0.003066,326.19, 435.2167
461473,0.3218,0.002919,342.57, 435.2170
461474,0.3247,0.003044,328.53, 435.2170
461475,0.3276,0.002960,337.85, 435.2170
461476,0.3311,0.003005,332.79, 435.2167
461477,0.3340,0.003010,332.24, 435.2167
461478,0.3369,0.003080,324.64, 435.2167
461479,0.3398,0.002944,339.73, 435.2170
461480,0.3428,0.003115,321.04, 435.2170
461481,0.3462,0.003036,329.34, 435.2167
461482,0.3491,0.003055,327.33, 435.2167
461483,0.3521,0.002894,345.49, 435.2170
461484,0.3550,0.003047,328.18, 435.2170
461485,0.3579,0.003098,322.82, 435.2164
461486,0.3618,0.003524,283.74, 435.2164
461487,0.3647,0.003335,299.90, 435.2167
461488,0.3682,0.003261,306.68, 435.2167
461489,0.3721,0.003871,258.33, 435.2165
461490,0.3760,0.003911,255.68, 435.2164
461491,0.3799,0.003862,258.95, 435.2167
461492,0.3833,0.003604,277.48, 435.2164
461493,0.3867,0.003316,301.58, 435.2168
461494,0.3901,0.003550,281.66, 435.2164
461495,0.3936,0.003336,299.80, 435.2165
461496,0.3965,0.003037,329.25, 435.2165
461497,0.3994,0.002938,340.33, 435.2170
461498,0.4028,0.002995,333.89, 435.2167
461499,0.4058,0.003198,312.72, 435.2180
461500,0.4092,0.003282,304.66, 435.2170
461501,0.4121,0.002997,333.68, 435.2164
461502,0.4150,0.003075,325.22, 435.2167
461503,0.4180,0.002968,336.94, 435.2170
461504,0.4214,0.003067,326.03, 435.2164
461505,0.4243,0.003046,328.30, 435.2170
461506,0.4272,0.003021,331.04, 435.2170
461507,0.4302,0.002923,342.07, 435.2170
461508,0.4331,0.002968,336.92, 435.2167
461509,0.4360,0.003022,330.94, 435.2170
461510,0.4395,0.003095,323.15, 435.2164
461511,0.4424,0.002983,335.26, 435.2170
461512,0.4453,0.003011,332.07, 435.2164
461513,0.4482,0.002946,339.45, 435.2170
461514,0.4512,0.003000,333.38, 435.2167
461515,0.4541,0.003019,331.27, 435.2170
461516,0.4575,0.003016,331.61, 435.2167
461517,0.4604,0.002978,335.84, 435.2170
461518,0.4634,0.002966,337.11, 435.2167
461519,0.4663,0.003030,329.99, 435.2170
461520,0.4692,0.002991,334.31, 435.2170
461521,0.4722,0.002997,333.72, 435.2199
461522,0.4751,0.002994,333.96, 435.2170
461523,0.4780,0.002946,339.47, 435.2170
461524,0.4810,0.002936,340.65, 435.2164
461525,0.4844,0.003116,320.88, 435.2170
461526,0.4873,0.002996,333.73, 435.2189
461527,0.4902,0.003045,328.37, 435.2170
461528,0.4932,0.002952,338.73, 435.2164
461529,0.4961,0.002992,334.28, 435.2170
461530,0.4990,0.002998,333.56, 435.2164
461531,0.5020,0.002954,338.57, 435.2170
461532,0.5049,0.002937,340.51, 435.2189
461533,0.5083,0.003002,333.17, 435.2209
461534,0.5112,0.002957,338.17, 435.2170
461535,0.5142,0.003029,330.13, 435.2170
461536,0.5171,0.002961,337.71, 435.2167
461537,0.5200,0.002996,333.80, 435.2170
461538,0.5229,0.002950,339.04, 435.2164
461539,0.5259,0.003070,325.75, 435.2170
461540,0.5288,0.002950,339.01, 435.2167
461541,0.5322,0.003029,330.15, 435.2167
461542,0.5352,0.003002,333.12, 435.2167
461543,0.5381,0.003050,327.88, 435.2170
461544,0.5410,0.002956,338.34, 435.2167
461545,0.5439,0.003065,326.25, 435.2167
461546,0.5474,0.003015,331.71, 435.2167
461547,0.5503,0.003000,333.34, 435.2170
461548,0.5532,0.002910,343.67, 435.2167
461549,0.5562,0.003042,328.74, 435.2170
461550,0.5591,0.002941,340.06, 435.2199
461551,0.5620,0.003007,332.59, 435.2170
461552,0.5649,0.002907,343.95, 435.2170
461553,0.5679,0.003017,331.51, 435.2170
461554,0.5708,0.002897,345.16, 435.2170
461555,0.5737,0.003047,328.18, 435.2170
461556,0.5771,0.003188,313.68, 435.2167
461557,0.5801,0.003124,320.06, 435.2170
461558,0.5830,0.002937,340.48, 435.2189
461559,0.5864,0.003048,328.04, 435.2167
461560,0.5894,0.002949,339.11, 435.2167
461561,0.5923,0.003055,327.33, 435.2167
461562,0.5952,0.002950,338.95, 435.2170
461563,0.5981,0.003020,331.14, 435.2167
461564,0.6011,0.002895,345.39, 435.2170
461565,0.6040,0.003065,326.29, 435.2170
461566,0.6069,0.002978,335.78, 435.2170
461567,0.6104,0.003010,332.25, 435.2170
461568,0.6133,0.002925,341.87, 435.2167
461569,0.6162,0.003073,325.38, 435.2170
461570,0.6191,0.002991,334.34, 435.2170
461571,0.6221,0.003076,325.09, 435.2170
461572,0.6250,0.002998,333.54, 435.2313
461573,0.6284,0.003090,323.67, 435.2164
461574,0.6313,0.002926,341.76, 435.2170
461575,0.6343,0.003002,333.13, 435.2170
461576,0.6372,0.002922,342.25, 435.2167
461577,0.6401,0.003008,332.41, 435.2164
461578,0.6431,0.003083,324.37, 435.2170
461579,0.6460,0.002991,334.33, 435.2170
461580,0.6489,0.002918,342.74, 435.2170
461581,0.6519,0.002968,336.90, 435.2167
461582,0.6553,0.002963,337.52, 435.2170
461583,0.6582,0.003001,333.18, 435.2170
461584,0.6611,0.002944,339.63, 435.2170
461585,0.6641,0.002996,333.73, 435.2167
461586,0.6670,0.002947,339.33, 435.2170
461587,0.6699,0.002975,336.09, 435.2170
461588,0.6729,0.002944,339.73, 435.2170
461589,0.6758,0.002963,337.52, 435.2170
461590,0.6787,0.002995,333.93, 435.2170
461591,0.6816,0.003021,331.03, 435.2170
461592,0.6851,0.003007,332.51, 435.2170
461593,0.6880,0.003012,331.98, 435.2167
461594,0.6909,0.002975,336.17, 435.2170
461595,0.6938,0.002969,336.86, 435.2170
461596,0.6968,0.002965,337.30, 435.2170
461597,0.6997,0.002985,335.05, 435.2170
461598,0.7026,0.003009,332.34, 435.2170
461599,0.7056,0.003006,332.72, 435.2170
461600,0.7090,0.003018,331.38, 435.2164
461601,0.7119,0.002897,345.16, 435.2170
461602,0.7148,0.002957,338.23, 435.2170
461603,0.7178,0.002927,341.61, 435.2170
461604,0.7207,0.002972,336.50, 435.2164
461605,0.7236,0.003027,330.36, 435.2170
461606,0.7266,0.003051,327.73, 435.2170
461607,0.7295,0.002956,338.27, 435.2170
461608,0.7324,0.003022,330.91, 435.2164
461609,0.7354,0.002955,338.44, 435.2170
461610,0.7388,0.003044,328.53, 435.2167
461611,0.7417,0.002928,341.57, 435.2170
461612,0.7446,0.002993,334.08, 435.2167
461613,0.7476,0.002916,342.92, 435.2164
461614,0.7505,0.002982,335.31, 435.2170
461615,0.7534,0.002896,345.29, 435.2170
461616,0.7563,0.003005,332.73, 435.2167
461617,0.7593,0.002890,346.06, 435.2168
461618,0.7622,0.003125,319.96, 435.2170
461619,0.7651,0.003042,328.75, 435.2167
461620,0.7686,0.003062,326.62, 435.2167
461621,0.7715,0.002972,336.46, 435.2170
461622,0.7744,0.003041,328.88, 435.2170
461623,0.7773,0.002950,338.95, 435.2167
461624,0.7803,0.003067,326.05, 435.2170
461625,0.7832,0.002939,340.23, 435.2164
461626,0.7866,0.003051,327.80, 435.2167
461627,0.7896,0.003006,332.65, 435.2164
461628,0.7925,0.003058,327.05, 435.2170
461629,0.7954,0.002980,335.57, 435.2167
461630,0.7983,0.003049,328.03, 435.2170
461631,0.8013,0.002939,340.29, 435.2167
461632,0.8047,0.003054,327.43, 435.2167
461633,0.8076,0.002923,342.14, 435.2313
461634,0.8105,0.003029,330.15, 435.2167
461635,0.8135,0.002972,336.50, 435.2167
461636,0.8164,0.003016,331.58, 435.2167
461637,0.8193,0.003011,332.09, 435.2164
461638,0.8223,0.003004,332.93, 435.2170
461639,0.8257,0.003259,306.85, 435.2164
461640,0.8291,0.003324,300.85, 435.2167
461641,0.8325,0.003212,311.37, 435.2164
461642,0.8359,0.003586,278.84, 435.2164
461643,0.8394,0.003532,283.10, 435.2167
461644,0.8428,0.003506,285.27, 435.2165
461645,0.8462,0.003202,312.33, 435.2170
461646,0.8491,0.003071,325.65, 435.2164
461647,0.8521,0.003035,329.51, 435.2209
461648,0.8555,0.003172,315.26, 435.2170
461649,0.8584,0.003129,319.57, 435.2164
461650,0.8613,0.003028,330.28, 435.2164
461651,0.8647,0.002986,334.92, 435.2171
461652,0.8677,0.002939,340.27, 435.2167
461653,0.8706,0.002989,334.59, 435.2170
461654,0.8735,0.003014,331.81, 435.2170
461655,0.8765,0.002987,334.81, 435.2170
461656,0.8794,0.002951,338.87, 435.2167
461657,0.8823,0.002963,337.48, 435.2170
461658,0.8853,0.002995,333.92, 435.2170
461659,0.8882,0.003025,330.53, 435.2164
461660,0.8916,0.003004,332.91, 435.2170
461661,0.8945,0.002976,335.98, 435.2167
461662,0.8975,0.002988,334.63, 435.2167
461663,0.9004,0.002906,344.17, 435.2180
461664,0.9033,0.003027,330.37, 435.2170
461665,0.9063,0.002988,334.69, 435.2213
461666,0.9092,0.003010,332.19, 435.2164
461667,0.9121,0.002938,340.43, 435.2170
461668,0.9150,0.002993,334.08, 435.2189
461669,0.9180,0.002979,335.72, 435.2170
461670,0.9214,0.002999,333.47, 435.2167
461671,0.9243,0.002971,336.54, 435.2170
461672,0.9272,0.003046,328.29, 435.2167
461673,0.9302,0.002987,334.80, 435.2167
461674,0.9331,0.003046,328.26, 435.2170
461675,0.9360,0.002987,334.81, 435.2170
461676,0.9395,0.003017,331.49, 435.2170
461677,0.9424,0.002945,339.56, 435.2167
461678,0.9453,0.003008,332.41, 435.2170
461679,0.9482,0.002950,339.04, 435.2170
461680,0.9512,0.003041,328.80, 435.2170
461681,0.9541,0.003061,326.71, 435.2164
461682,0.9575,0.003077,324.96, 435.2189
461683,0.9604,0.002998,333.60, 435.2170
461684,0.9634,0.003020,331.16, 435.2170
461685,0.9663,0.003062,326.63, 435.2164
461686,0.9697,0.003075,325.18, 435.2164
461687,0.9727,0.003011,332.10, 435.2170
461688,0.9756,0.003036,329.44, 435.2170
461689,0.9785,0.002968,336.88, 435.2164
461690,0.9814,0.003037,329.27, 435.2167
461691,0.9844,0.002980,335.63, 435.2170
461692,0.9873,0.003003,333.02, 435.2164
461693,0.9902,0.002920,342.44, 435.2170
461694,0.9937,0.003040,328.97, 435.2170
461695,0.9966,0.002973,336.35, 435.2170
461696,0.9995,0.003008,332.48, 435.2170
461697,1.0024,0.002929,341.37, 435.2170
461698,1.0054,0.003087,323.95, 435.2170
461699,1.0083,0.002951,338.85, 435.2189
461700,1.0117,0.003105,322.02, 435.2170
461701,1.0146,0.003051,327.73, 435.2167
461702,1.0176,0.003059,326.89, 435.2167
461703,1.0205,0.002886,346.52, 435.2170
461704,1.0234,0.003093,323.34, 435.2167
461705,1.0269,0.002999,333.42, 435.2189
461706,1.0298,0.003085,324.19, 435.2167
461707,1.0327,0.002908,343.83, 435.2170
461708,1.0356,0.003040,328.91, 435.2170
461709,1.0386,0.002943,339.75, 435.2164
461710,1.0420,0.003148,317.62, 435.2167
461711,1.0449,0.002987,334.84, 435.2164
461712,1.0479,0.003040,328.90, 435.2170
461713,1.0508,0.002939,340.26, 435.2189
461714,1.0537,0.003037,329.32, 435.2167
461715,1.0566,0.002932,341.04, 435.2170
461716,1.0596,0.003024,330.66, 435.2170
461717,1.0625,0.002973,336.38, 435.2170
461718,1.0659,0.003019,331.25, 435.2164
461719,1.0688,0.002944,339.70, 435.2170
461720,1.0718,0.002990,334.45, 435.2167
461721,1.0747,0.003010,332.19, 435.2167
461722,1.0776,0.002974,336.27, 435.2170
461723,1.0806,0.002904,344.35, 435.2170
461724,1.0835,0.002995,333.90, 435.2167
461725,1.0864,0.002990,334.50, 435.2170
461726,1.0894,0.002985,335.02, 435.2170
461727,1.0923,0.002970,336.71, 435.2170
461728,1.0952,0.002982,335.30, 435.2164
461729,1.0986,0.002984,335.11, 435.2167
461730,1.1016,0.002954,338.50, 435.2170
461731,1.1045,0.002920,342.52, 435.2180
461732,1.1074,0.002985,334.97, 435.2167
461733,1.1104,0.003013,331.94, 435.2167
461734,1.1133,0.002991,334.38, 435.2170
461735,1.1162,0.002966,337.12, 435.2170
461736,1.1191,0.002968,336.96, 435.2170
461737,1.1221,0.002996,333.76, 435.2170
461738,1.1250,0.002970,336.69, 435.2164
461739,1.1279,0.002968,336.95, 435.2170
461740,1.1309,0.002921,342.41, 435.2167
461741,1.1343,0.002991,334.39, 435.2170
461742,1.1372,0.003011,332.15, 435.2164
461743,1.1401,0.003055,327.35, 435.2170
461744,1.1431,0.002975,336.15, 435.2167
461745,1.1460,0.003006,332.65, 435.2167
461746,1.1489,0.002936,340.63, 435.2164
461747,1.1519,0.002978,335.76, 435.2170
461748,1.1548,0.002952,338.74, 435.2164
461749,1.1582,0.003046,328.29, 435.2170
461750,1.1611,0.002942,339.86, 435.2170
461751,1.1641,0.003019,331.24, 435.2170
461752,1.1670,0.002937,340.47, 435.2170
461753,1.1699,0.003049,327.93, 435.2164
461754,1.1729,0.002950,338.99, 435.2164
461755,1.1758,0.003064,326.34, 435.2170
461756,1.1787,0.002941,339.97, 435.2167
461757,1.1821,0.003013,331.86, 435.2164
461758,1.1851,0.003003,333.02, 435.2224
461759,1.1880,0.003115,321.03, 435.2170
461760,1.1909,0.002912,343.39, 435.2293
461761,1.1938,0.003064,326.42, 435.2164
461762,1.1968,0.002885,346.68, 435.2189
461763,1.1997,0.003015,331.70, 435.2170
461764,1.2031,0.003031,329.95, 435.2170
461765,1.2061,0.003285,304.40, 435.2164
461766,1.2095,0.003085,324.15, 435.2189
461767,1.2124,0.003008,332.48, 435.2194
461768,1.2153,0.002926,341.74, 435.2164
461769,1.2183,0.003125,319.98, 435.2164
461770,1.2217,0.003069,325.81, 435.2164
461771,1.2246,0.003112,321.35, 435.2189
461772,1.2275,0.003019,331.27, 435.2170
461773,1.2305,0.003009,332.39, 435.2167
461774,1.2334,0.002961,337.77, 435.2170
461775,1.2368,0.003095,323.08, 435.2170
461776,1.2397,0.003013,331.93, 435.2313
461777,1.2427,0.003058,326.99, 435.2170
461778,1.2456,0.002942,339.90, 435.2164
461779,1.2485,0.003064,326.42, 435.2170
461780,1.2515,0.002931,341.16, 435.2283
461781,1.2549,0.003054,327.44, 435.2167
461782,1.2578,0.002933,340.94, 435.2170
461783,1.2607,0.002993,334.16, 435.2167
461784,1.2637,0.002919,342.63, 435.2170
461785,1.2666,0.003015,331.69, 435.2233
461786,1.2695,0.002908,343.90, 435.2167
461787,1.2725,0.003011,332.13, 435.2170
461788,1.2754,0.002967,337.03, 435.2167
461789,1.2783,0.003061,326.72, 435.2170
461790,1.2813,0.002931,341.20, 435.2170
461791,1.2847,0.003005,332.78, 435.2167
461792,1.2876,0.002924,342.00, 435.2164
461793,1.2905,0.003005,332.78, 435.2167
461794,1.2935,0.002937,340.50, 435.2164
461795,1.2964,0.003007,332.55, 435.2170
461796,1.2993,0.002931,341.22, 435.2167
461797,1.3022,0.002997,333.62, 435.2164
461798,1.3052,0.002965,337.28, 435.2170
461799,1.3081,0.003016,331.60, 435.2170
461800,1.3115,0.003032,329.80, 435.2164
461801,1.3145,0.003112,321.32, 435.2164
461802,1.3174,0.003014,331.77, 435.2164
461803,1.3203,0.002988,334.65, 435.2170
461804,1.3232,0.002993,334.10, 435.2164
461805,1.3262,0.002995,333.87, 435.2170
461806,1.3296,0.003032,329.79, 435.2170
461807,1.3325,0.002921,342.34, 435.2170
461808,1.3354,0.002961,337.75, 435.2167
461809,1.3384,0.003017,331.46, 435.2167
461810,1.3413,0.002998,333.58, 435.2170
461811,1.3442,0.002971,336.61, 435.2170
461812,1.3472,0.002975,336.19, 435.2170
461813,1.3501,0.002935,340.70, 435.2167
461814,1.3530,0.002958,338.04, 435.2170
461815,1.3560,0.002961,337.78, 435.2170
461816,1.3594,0.003321,301.08, 435.2164
461817,1.3633,0.003621,276.17, 435.2164
461818,1.3662,0.003109,321.67, 435.2167
461819,1.3691,0.003160,316.45, 435.2170
461820,1.3726,0.003213,311.23, 435.2167
461821,1.3765,0.004064,246.09, 435.2165
461822,1.3809,0.004094,244.26, 435.2164
461823,1.3848,0.003850,259.77, 435.2165
461824,1.3882,0.003807,262.66, 435.2164
461825,1.3916,0.003466,288.54, 435.2165
461826,1.3950,0.003347,298.79, 435.2164
461827,1.3984,0.003421,292.33, 435.2165
461828,1.4019,0.003272,305.67, 435.2165
461829,1.4053,0.003560,280.88, 435.2164
461830,1.4087,0.003294,303.58, 435.2171
461831,1.4121,0.003419,292.52, 435.2168
461832,1.4155,0.003220,310.55, 435.2170
461833,1.4189,0.003439,290.78, 435.2164
461834,1.4219,0.003107,321.90, 435.2164
461835,1.4253,0.003335,299.84, 435.2164
461836,1.4282,0.003215,311.02, 435.2167
461837,1.4316,0.003085,324.14, 435.2164
461838,1.4346,0.002976,335.99, 435.2167
461839,1.4375,0.003017,331.42, 435.2313
461840,1.4404,0.002967,337.00, 435.2164
461841,1.4438,0.003119,320.57, 435.2164
461842,1.4468,0.002977,335.89, 435.2164
461843,1.4497,0.003008,332.44, 435.2167
461844,1.4526,0.002931,341.16, 435.2167
461845,1.4561,0.003568,280.31, 435.2170
461846,1.4590,0.003041,328.84, 435.2164
461847,1.4619,0.002974,336.21, 435.2170
461848,1.4648,0.002961,337.69, 435.2170
461849,1.4683,0.003012,332.04, 435.2167
461850,1.4712,0.002955,338.46, 435.2170
461851,1.4741,0.003054,327.48, 435.2170
461852,1.4771,0.002942,339.86, 435.2170
461853,1.4800,0.003013,331.88, 435.2164
461854,1.4829,0.002915,343.06, 435.2170
461855,1.4863,0.003162,316.26, 435.2170
461856,1.4893,0.003108,321.74, 435.2164
461857,1.4922,0.003078,324.85, 435.2170
461858,1.4951,0.002999,333.42, 435.2164
461859,1.4985,0.002984,335.11, 435.2170
461860,1.5015,0.002947,339.33, 435.2164
461861,1.5044,0.003075,325.18, 435.2167
461862,1.5073,0.002938,340.37, 435.2167
461863,1.5103,0.003039,329.08, 435.2167
461864,1.5132,0.002927,341.64, 435.2164
461865,1.5161,0.003026,330.52, 435.2170
461866,1.5190,0.002968,336.89, 435.2164
461867,1.5225,0.003025,330.59, 435.2170
461868,1.5254,0.002962,337.64, 435.2167
461869,1.5283,0.003015,331.69, 435.2170
461870,1.5313,0.002913,343.27, 435.2170
461871,1.5342,0.003259,306.81, 435.2167
461872,1.5376,0.003110,321.58, 435.2164
461873,1.5405,0.003117,320.83, 435.2167
461874,1.5435,0.003005,332.73, 435.2164
461875,1.5469,0.003048,328.07, 435.2170
461876,1.5498,0.002959,338.00, 435.2164
461877,1.5527,0.003031,329.94, 435.2170
461878,1.5557,0.002934,340.82, 435.2170
461879,1.5586,0.003030,330.09, 435.2170
461880,1.5615,0.002947,339.33, 435.2170
461881,1.5645,0.003069,325.81, 435.2167
461882,1.5674,0.002955,338.38, 435.2167
461883,1.5708,0.003021,330.99, 435.2167
461884,1.5737,0.002897,345.23, 435.2164
461885,1.5767,0.003077,324.99, 435.2167
461886,1.5796,0.002925,341.83, 435.2314
461887,1.5825,0.003128,319.65, 435.2170
461888,1.5854,0.002934,340.81, 435.2167
461889,1.5889,0.003064,326.33, 435.2164
461890,1.5913,0.002910,343.61, 435.2170
461891,1.5947,0.003054,327.42, 435.2170
461892,1.5977,0.002973,336.34, 435.2308
461893,1.6006,0.003038,329.13, 435.2164
461894,1.6035,0.002942,339.87, 435.2170
461895,1.6064,0.003033,329.73, 435.2167
461896,1.6094,0.002961,337.70, 435.2167
461897,1.6128,0.003015,331.63, 435.2170
461898,1.6157,0.002942,339.94, 435.2167
461899,1.6187,0.002983,335.28, 435.2170
461900,1.6216,0.002899,344.96, 435.2313
461901,1.6245,0.003156,316.90, 435.2167
461902,1.6274,0.003033,329.70, 435.2170
461903,1.6304,0.002980,335.62, 435.2171
461904,1.6333,0.002870,348.49, 435.2189
461905,1.6362,0.003013,331.93, 435.2164
461906,1.6396,0.002973,336.39, 435.2167
461907,1.6426,0.003056,327.19, 435.2170
461908,1.6455,0.002996,333.83, 435.2199
461909,1.6484,0.003009,332.39, 435.2167
461910,1.6514,0.002931,341.18, 435.2170
461911,1.6543,0.002975,336.18, 435.2170
461912,1.6572,0.002969,336.79, 435.2167
461913,1.6602,0.002948,339.18, 435.2167
461914,1.6631,0.002962,337.66, 435.2213
461915,1.6660,0.002966,337.14, 435.2170
461916,1.6694,0.002973,336.37, 435.2167
461917,1.6724,0.002949,339.16, 435.2167
461918,1.6753,0.002996,333.80, 435.2167
461919,1.6782,0.002946,339.50, 435.2170
461920,1.6812,0.002968,336.90, 435.2167
461921,1.6841,0.003021,331.05, 435.2167
461922,1.6870,0.003175,314.92, 435.2170
461923,1.6899,0.002923,342.08, 435.2170
461924,1.6934,0.003091,323.50, 435.2170
461925,1.6963,0.003149,317.54, 435.2164
461926,1.6997,0.003130,319.52, 435.2164
461927,1.7026,0.003078,324.89, 435.2167
461928,1.7056,0.003114,321.09, 435.2164
461929,1.7090,0.003225,310.13, 435.2164
461930,1.7119,0.003133,319.22, 435.2167
461931,1.7153,0.003182,314.24, 435.2167
461932,1.7183,0.003068,325.92, 435.2170
461933,1.7217,0.003244,308.24, 435.2164
461934,1.7251,0.003299,303.13, 435.2164
461935,1.7280,0.003209,311.66, 435.2171
461936,1.7310,0.003090,323.60, 435.2170
461937,1.7344,0.003257,307.02, 435.2165
461938,1.7373,0.003002,333.12, 435.2164
461939,1.7407,0.003224,310.21, 435.2167
461940,1.7437,0.003145,318.02, 435.2170
461941,1.7471,0.003186,313.92, 435.2164
461942,1.7500,0.003057,327.13, 435.2164
461943,1.7534,0.003135,319.02, 435.2167
461944,1.7563,0.003264,306.34, 435.2164
461945,1.7598,0.003247,307.96, 435.2164
461946,1.7627,0.003105,322.03, 435.2170
461947,1.7661,0.003128,319.68, 435.2170
461948,1.7690,0.003079,324.77, 435.2189
461949,1.7720,0.003135,318.96, 435.2189
461950,1.7754,0.003122,320.30, 435.2170
461951,1.7783,0.003135,318.95, 435.2164
461952,1.7813,0.003051,327.80, 435.2164
461953,1.7847,0.003132,319.27, 435.2164
461954,1.7876,0.003230,309.63, 435.2167
461955,1.7910,0.003110,321.60, 435.2170
461956,1.7939,0.002954,338.48, 435.2170
461957,1.7969,0.002999,333.48, 435.2170
461958,1.7998,0.002900,344.89, 435.2167
461959,1.8027,0.003034,329.59, 435.2164
461960,1.8057,0.002971,336.54, 435.2164
461961,1.8086,0.003032,329.79, 435.2167
461962,1.8115,0.002887,346.36, 435.2170
461963,1.8145,0.002975,336.09, 435.2170
461964,1.8174,0.002927,341.60, 435.2167
461965,1.8208,0.003006,332.68, 435.2164
461966,1.8237,0.002898,345.05, 435.2283
461967,1.8267,0.003038,329.12, 435.2164
461968,1.8296,0.002906,344.15, 435.2167
461969,1.8325,0.003045,328.36, 435.2164
461970,1.8359,0.003212,311.34, 435.2167
461971,1.8389,0.003072,325.56, 435.2170
461972,1.8418,0.002994,334.02, 435.2189
461973,1.8447,0.003062,326.63, 435.2180
461974,1.8481,0.003247,307.97, 435.2164
461975,1.8516,0.003418,292.54, 435.2170
461976,1.8545,0.003108,321.71, 435.2164
461977,1.8574,0.003000,333.37, 435.2167
461978,1.8604,0.002964,337.39, 435.2164
461979,1.8638,0.003071,325.67, 435.2170
461980,1.8667,0.002993,334.11, 435.2189
461981,1.8696,0.002996,333.83, 435.2170
461982,1.8726,0.002954,338.52, 435.2164
461983,1.8755,0.002989,334.54, 435.2308
461984,1.8784,0.002961,337.69, 435.2170
461985,1.8813,0.003012,332.04, 435.2167
461986,1.8848,0.002997,333.67, 435.2164
461987,1.8877,0.002992,334.24, 435.2170
461988,1.8906,0.002943,339.84, 435.2164
461989,1.8936,0.003060,326.85, 435.2170
461990,1.8965,0.002992,334.21, 435.2164
461991,1.8994,0.002977,335.95, 435.2170
461992,1.9023,0.002919,342.58, 435.2170
461993,1.9053,0.003068,325.98, 435.2170
461994,1.9082,0.002938,340.41, 435.2167
461995,1.9116,0.003025,330.57, 435.2170
461996,1.9146,0.002948,339.21, 435.2170
461997,1.9175,0.003050,327.87, 435.2167
461998,1.9204,0.002916,342.90, 435.2170
461999,1.9233,0.003079,324.77, 435.2170
462000,1.9263,0.002964,337.43, 435.2164
462001,1.9292,0.003018,331.39, 435.2170
462002,1.9326,0.002954,338.49, 435.2167
462003,1.9355,0.003025,330.61, 435.2170
462004,1.9385,0.002898,345.03, 435.2167
462005,1.9414,0.003071,325.62, 435.2170
462006,1.9443,0.003045,328.40, 435.2228
462007,1.9473,0.003045,328.40, 435.2170
462008,1.9502,0.002909,343.80, 435.2170
462009,1.9536,0.003056,327.19, 435.2167
462010,1.9565,0.002978,335.80, 435.2167
462011,1.9595,0.003083,324.36, 435.2167
462012,1.9624,0.003004,332.94, 435.2278
462013,1.9658,0.003094,323.23, 435.2164
462014,1.9688,0.003198,312.72, 435.2164
462015,1.9722,0.003300,303.08, 435.2167
462016,1.9751,0.002980,335.54, 435.2164
462017,1.9780,0.003009,332.39, 435.2167
462018,1.9810,0.002980,335.56, 435.2170
462019,1.9844,0.003064,326.33, 435.2170
462020,1.9873,0.002968,336.96, 435.2167
462021,1.9907,0.003812,262.36, 435.2168
462022,1.9937,0.002956,338.30, 435.2171
462023,1.9971,0.003044,328.56, 435.2171
462024,2.0000,0.002902,344.65, 435.2224
462025,2.0029,0.002996,333.81, 435.2170
462026,2.0059,0.002966,337.17, 435.2167
462027,2.0088,0.003138,318.63, 435.2170
462028,2.0117,0.002883,346.89, 435.2170
462029,2.0146,0.003005,332.81, 435.2167
462030,2.0176,0.002899,344.97, 435.2170
462031,2.0210,0.003104,322.12, 435.2170
462032,2.0239,0.002991,334.36, 435.2167
462033,2.0269,0.003069,325.84, 435.2170
462034,2.0298,0.002924,342.04, 435.2167
462035,2.0327,0.002965,337.26, 435.2170
462036,2.0356,0.002974,336.25, 435.2164
462037,2.0386,0.003053,327.60, 435.2170
462038,2.0415,0.002912,343.36, 435.2167
462039,2.0449,0.003053,327.59, 435.2170
462040,2.0479,0.002899,344.95, 435.2170
462041,2.0508,0.003011,332.17, 435.2170
462042,2.0537,0.002879,347.37, 435.2170
462043,2.0566,0.003010,332.26, 435.2170
462044,2.0596,0.002933,340.95, 435.2170
462045,2.0625,0.002966,337.14, 435.2170
462046,2.0654,0.002914,343.15, 435.2164
462047,2.0684,0.002964,337.35, 435.2170
462048,2.0713,0.002887,346.36, 435.2170
462049,2.0742,0.003018,331.38, 435.2167
462050,2.0771,0.002913,343.35, 435.2170
462051,2.0801,0.002935,340.76, 435.2170
462052,2.0830,0.002922,342.23, 435.2170
462053,2.0859,0.002971,336.64, 435.2167
462054,2.0889,0.002944,339.63, 435.2170
462055,2.0918,0.002919,342.57, 435.2170
462056,2.0947,0.002960,337.88, 435.2167
462057,2.0977,0.002974,336.24, 435.2170
462058,2.1006,0.002916,342.92, 435.2170
462059,2.1035,0.002942,339.90, 435.2170
462060,2.1064,0.002952,338.71, 435.2164
462061,2.1094,0.002938,340.38, 435.2164
462062,2.1123,0.002940,340.14, 435.2170
462063,2.1152,0.002915,343.08, 435.2167
462064,2.1182,0.002957,338.15, 435.2170
462065,2.1211,0.002923,342.17, 435.2170
462066,2.1245,0.003118,320.77, 435.2167
462067,2.1274,0.002982,335.38, 435.2170
462068,2.1304,0.003071,325.64, 435.2167
462069,2.1333,0.003012,331.98, 435.2164
462070,2.1362,0.003002,333.11, 435.2164
462071,2.1392,0.002961,337.71, 435.2170
462072,2.1426,0.003028,330.23, 435.2164
462073,2.1455,0.002965,337.33, 435.2164
462074,2.1484,0.002973,336.32, 435.2170
462075,2.1514,0.002899,344.97, 435.2170
462076,2.1543,0.002953,338.59, 435.2167
462077,2.1572,0.002875,347.80, 435.2170
462078,2.1602,0.003065,326.24, 435.2170
462079,2.1631,0.002928,341.52, 435.2170
462080,2.1660,0.003001,333.24, 435.2167
462081,2.1689,0.002878,347.45, 435.2170
462082,2.1719,0.002993,334.14, 435.2170
462083,2.1748,0.002912,343.37, 435.2170
462084,2.1777,0.003014,331.76, 435.2164
462085,2.1807,0.002897,345.20, 435.2170
462086,2.1836,0.002977,335.89, 435.2164
462087,2.1865,0.002903,344.53, 435.2170
462088,2.1899,0.003102,322.34, 435.2164
462089,2.1929,0.003210,311.49, 435.2164
462090,2.1958,0.003063,326.45, 435.2167
462091,2.1987,0.002905,344.29, 435.2170
462092,2.2017,0.002969,336.79, 435.2170
462093,2.2051,0.003025,330.55, 435.2167
462094,2.2080,0.003067,326.02, 435.2167
462095,2.2109,0.002945,339.51, 435.2170
462096,2.2139,0.002989,334.56, 435.2170
462097,2.2168,0.002939,340.22, 435.2170
462098,2.2197,0.002958,338.10, 435.2167
462099,2.2227,0.002928,341.57, 435.2164
462100,2.2256,0.003015,331.71, 435.2164
462101,2.2285,0.002991,334.39, 435.2170
462102,2.2314,0.002927,341.67, 435.2164
462103,2.2349,0.003032,329.78, 435.2170
462104,2.2378,0.003032,329.84, 435.2164
462105,2.2407,0.003022,330.86, 435.2170
462106,2.2437,0.002977,335.93, 435.2164
462107,2.2466,0.002931,341.19, 435.2170
462108,2.2495,0.002897,345.16, 435.2170
462109,2.2524,0.002951,338.83, 435.2170
462110,2.2554,0.003033,329.68, 435.2164
462111,2.2583,0.002952,338.76, 435.2170
462112,2.2612,0.002907,343.96, 435.2170
462113,2.2642,0.002949,339.05, 435.2170
462114,2.2671,0.002888,346.30, 435.2170
462115,2.2700,0.002989,334.55, 435.2170
462116,2.2729,0.002880,347.26, 435.2167
462117,2.2764,0.003039,329.06, 435.2167
462118,2.2788,0.002888,346.27, 435.2167
462119,2.2817,0.002928,341.48, 435.2170
462120,2.2847,0.002895,345.38, 435.2167
462121,2.2881,0.002998,333.54, 435.2167
462122,2.2905,0.002875,347.79, 435.2170
462123,2.2939,0.002998,333.57, 435.2170
462124,2.2969,0.002900,344.78, 435.2170
462125,2.2998,0.003018,331.39, 435.2167
462126,2.3027,0.002875,347.78, 435.2170
462127,2.3057,0.003016,331.54, 435.2170
462128,2.3086,0.002902,344.64, 435.2170
462129,2.3115,0.002998,333.59, 435.2170
462130,2.3145,0.002886,346.52, 435.2170
462131,2.3174,0.002959,337.95, 435.2170
462132,2.3203,0.002877,347.58, 435.2167
462133,2.3232,0.002959,338.01, 435.2170
462134,2.3262,0.002945,339.59, 435.2170
462135,2.3291,0.002929,341.41, 435.2170
462136,2.3320,0.003016,331.58, 435.2170
462137,2.3350,0.002974,336.22, 435.2167
462138,2.3379,0.002939,340.27, 435.2164
462139,2.3408,0.002932,341.02, 435.2170
462140,2.3438,0.002992,334.27, 435.2164
462141,2.3472,0.003270,305.84, 435.2164
462142,2.3501,0.003194,313.05, 435.2167
462143,2.3535,0.003087,323.90, 435.2170
462144,2.3564,0.003227,309.91, 435.2228
462145,2.3604,0.003839,260.46, 435.2164
462146,2.3643,0.003568,280.27, 435.2164
462147,2.3677,0.003423,292.11, 435.2171
462148,2.3706,0.003063,326.53, 435.2164
462149,2.3735,0.003225,310.12, 435.2167
462150,2.3770,0.003089,323.78, 435.2167
462151,2.3799,0.003060,326.83, 435.2170
462152,2.3828,0.002950,338.96, 435.2164
462153,2.3857,0.002959,337.94, 435.2170
462154,2.3887,0.002947,339.31, 435.2170
462155,2.3916,0.002979,335.71, 435.2170
462156,2.3945,0.002945,339.60, 435.2170
462157,2.3975,0.002974,336.22, 435.2164
462158,2.4004,0.002884,346.73, 435.2164
462159,2.4033,0.003000,333.31, 435.2170
462160,2.4063,0.002900,344.79, 435.2164
462161,2.4097,0.003016,331.52, 435.2167
462162,2.4126,0.002893,345.72, 435.2170
462163,2.4155,0.003049,328.00, 435.2167
462164,2.4185,0.002928,341.58, 435.2164
462165,2.4214,0.003004,332.92, 435.2167
462166,2.4243,0.002919,342.62, 435.2170
462167,2.4272,0.003040,328.96, 435.2170
462168,2.4302,0.002922,342.24, 435.2170
462169,2.4331,0.002966,337.14, 435.2170
462170,2.4360,0.002910,343.60, 435.2170
462171,2.4390,0.003032,329.87, 435.2170
462172,2.4424,0.003265,306.31, 435.2167
462173,2.4453,0.003126,319.88, 435.2170
462174,2.4482,0.002921,342.33, 435.2164
462175,2.4512,0.002966,337.15, 435.2170
462176,2.4541,0.002911,343.57, 435.2170
462177,2.4575,0.003025,330.62, 435.2164
462178,2.4604,0.002917,342.84, 435.2167
462179,2.4634,0.002972,336.51, 435.2170
462180,2.4663,0.002940,340.09, 435.2170
462181,2.4692,0.002918,342.72, 435.2164
462182,2.4722,0.002950,338.99, 435.2170
462183,2.4751,0.003036,329.36, 435.2170
462184,2.4780,0.002974,336.30, 435.2170
462185,2.4810,0.002990,334.40, 435.2164
462186,2.4839,0.002947,339.31, 435.2170
462187,2.4868,0.003009,332.36, 435.2170
462188,2.4897,0.002951,338.87, 435.2170
462189,2.4927,0.002959,337.91, 435.2164
462190,2.4961,0.002963,337.51, 435.2170
462191,2.4985,0.002909,343.81, 435.2167
462192,2.5020,0.002952,338.78, 435.2170
462193,2.5049,0.002993,334.14, 435.2164
462194,2.5078,0.002997,333.71, 435.2170
462195,2.5107,0.002918,342.68, 435.2170
462196,2.5137,0.002937,340.47, 435.2170
462197,2.5166,0.002934,340.85, 435.2170
462198,2.5195,0.002964,337.34, 435.2164
462199,2.5225,0.002847,351.21, 435.2204
462200,2.5254,0.003029,330.16, 435.2164
462201,2.5283,0.003023,330.83, 435.2164
462202,2.5313,0.003098,322.83, 435.2170
462203,2.5347,0.002975,336.18, 435.2170
462204,2.5376,0.003020,331.15, 435.2164
462205,2.5405,0.002973,336.41, 435.2164
462206,2.5435,0.003132,319.24, 435.2164
462207,2.5464,0.002961,337.69, 435.2167
462208,2.5493,0.003003,333.03, 435.2170
462209,2.5527,0.003069,325.86, 435.2167
462210,2.5557,0.003002,333.13, 435.2164
462211,2.5586,0.002916,342.94, 435.2167
462212,2.5615,0.003003,333.00, 435.2194
462213,2.5645,0.002974,336.24, 435.2164
462214,2.5674,0.003077,324.98, 435.2167
462215,2.5703,0.002910,343.62, 435.2170
462216,2.5737,0.003048,328.05, 435.2209
462217,2.5767,0.002970,336.70, 435.2167
462218,2.5796,0.003036,329.36, 435.2167
462219,2.5825,0.002949,339.11, 435.2170
462220,2.5854,0.003088,323.88, 435.2170
462221,2.5884,0.002959,337.97, 435.2167
462222,2.5918,0.003042,328.70, 435.2164
462223,2.5947,0.003001,333.20, 435.2170
462224,2.5977,0.003077,325.00, 435.2170
462225,2.6006,0.002932,341.12, 435.2167
462226,2.6035,0.003038,329.20, 435.2167
462227,2.6064,0.002909,343.81, 435.2171
462228,2.6094,0.003011,332.14, 435.2170
462229,2.6123,0.002965,337.30, 435.2167
462230,2.6157,0.003025,330.60, 435.2170
462231,2.6187,0.002951,338.87, 435.2170
462232,2.6216,0.003007,332.57, 435.2170
462233,2.6245,0.002935,340.77, 435.2167
462234,2.6274,0.003060,326.85, 435.2164
462235,2.6304,0.003026,330.45, 435.2170
462236,2.6333,0.003015,331.71, 435.2170
462237,2.6362,0.002918,342.75, 435.2170
462238,2.6396,0.002982,335.31, 435.2170
462239,2.6426,0.002937,340.52, 435.2170
462240,2.6455,0.003068,325.92, 435.2164
462241,2.6484,0.002917,342.78, 435.2170
462242,2.6514,0.002940,340.11, 435.2792
462243,2.6543,0.002922,342.29, 435.2167
462244,2.6572,0.002944,339.67, 435.2170
462245,2.6602,0.002985,335.05, 435.2167
462246,2.6631,0.002931,341.22, 435.2170
462247,2.6660,0.002959,338.00, 435.2170
462248,2.6689,0.002968,336.98, 435.2164
462249,2.6719,0.002931,341.22, 435.2170
462250,2.6748,0.002984,335.11, 435.2167
462251,2.6777,0.003014,331.74, 435.2170
462252,2.6807,0.002922,342.29, 435.2167
462253,2.6836,0.002973,336.39, 435.2170
462254,2.6865,0.002950,338.94, 435.2170
462255,2.6899,0.002997,333.71, 435.2170
462256,2.6929,0.002915,343.08, 435.2167
462257,2.6958,0.003021,331.05, 435.2167
462258,2.6987,0.002891,345.89, 435.2170
462259,2.7017,0.002930,341.27, 435.2170
462260,2.7046,0.002962,337.61, 435.2164
462261,2.7075,0.003143,318.14, 435.2167
462262,2.7104,0.002964,337.40, 435.2170
462263,2.7134,0.002960,337.82, 435.2170
462264,2.7163,0.002893,345.61, 435.2170
462265,2.7192,0.003021,330.99, 435.2170
462266,2.7222,0.002880,347.27, 435.2167
462267,2.7256,0.003010,332.23, 435.2170
462268,2.7285,0.002967,337.05, 435.2164
462269,2.7314,0.003028,330.23, 435.2164
462270,2.7344,0.002917,342.83, 435.2164
462271,2.7373,0.003023,330.75, 435.2170
462272,2.7402,0.002912,343.44, 435.2167
462273,2.7432,0.003023,330.80, 435.2164
462274,2.7461,0.002971,336.59, 435.2167
462275,2.7490,0.003007,332.60, 435.2170
462276,2.7520,0.002949,339.08, 435.2170
462277,2.7554,0.003088,323.89, 435.2167
462278,2.7583,0.002996,333.76, 435.2170
462279,2.7612,0.002978,335.82, 435.2170
462280,2.7642,0.002952,338.75, 435.2170
462281,2.7671,0.002989,334.53, 435.2170
462282,2.7700,0.002962,337.58, 435.2164
462283,2.7729,0.002980,335.62, 435.2170
462284,2.7759,0.002955,338.44, 435.2170
462285,2.7788,0.002975,336.12, 435.2167
462286,2.7817,0.002905,344.20, 435.2170
462287,2.7852,0.002994,333.99, 435.2170
462288,2.7881,0.002938,340.43, 435.2170
462289,2.7910,0.002948,339.26, 435.2170
462290,2.7939,0.002950,338.96, 435.2170
462291,2.7969,0.002945,339.52, 435.2170
462292,2.7998,0.002946,339.42, 435.2170
462293,2.8027,0.003016,331.55, 435.2167
462294,2.8057,0.002937,340.44, 435.2170
462295,2.8086,0.002947,339.35, 435.2170
462296,2.8115,0.002973,336.38, 435.2170
462297,2.8145,0.002938,340.37, 435.2164
462298,2.8174,0.002973,336.33, 435.2170
462299,2.8203,0.002933,340.94, 435.2170
462300,2.8232,0.003030,330.08, 435.2167
462301,2.8262,0.002929,341.41, 435.2170
462302,2.8291,0.002968,336.94, 435.2164
462303,2.8320,0.002894,345.59, 435.2170
462304,2.8350,0.003002,333.13, 435.2170
462305,2.8379,0.002927,341.69, 435.2170
462306,2.8413,0.003015,331.64, 435.2170
462307,2.8442,0.002915,343.05, 435.2170
462308,2.8472,0.003158,316.71, 435.2167
462309,2.8501,0.002921,342.34, 435.2167
462310,2.8530,0.003007,332.61, 435.2170
462311,2.8560,0.002929,341.43, 435.2170
462312,2.8589,0.003021,331.03, 435.2167
462313,2.8618,0.002937,340.53, 435.2170
462314,2.8652,0.003039,329.08, 435.2170
462315,2.8682,0.003015,331.64, 435.2170
462316,2.8711,0.003138,318.73, 435.2170
462317,2.8740,0.002911,343.50, 435.2170
462318,2.8770,0.003053,327.51, 435.2167
462319,2.8799,0.002941,340.07, 435.2170
462320,2.8833,0.003060,326.83, 435.2170
462321,2.8862,0.002928,341.51, 435.2170
462322,2.8892,0.003005,332.73, 435.2167
462323,2.8921,0.002919,342.56, 435.2170
462324,2.8950,0.003018,331.30, 435.2170
462325,2.8979,0.002954,338.56, 435.2170
462326,2.9009,0.002986,334.87, 435.2167
462327,2.9038,0.002937,340.45, 435.2170
462328,2.9067,0.003032,329.80, 435.2167
462329,2.9097,0.002949,339.05, 435.2164
462330,2.9131,0.003008,332.41, 435.2170
462331,2.9160,0.002947,339.36, 435.2167
462332,2.9189,0.002994,334.02, 435.2167
462333,2.9219,0.002957,338.20, 435.2167
462334,2.9248,0.002993,334.16, 435.2170
462335,2.9277,0.003081,324.56, 435.2167
462336,2.9307,0.002974,336.22, 435.2167
462337,2.9341,0.003015,331.66, 435.2164
462338,2.9370,0.003093,323.33, 435.2164
462339,2.9399,0.002975,336.19, 435.2170
462340,2.9429,0.003057,327.08, 435.2164
462341,2.9458,0.002974,336.29, 435.2189
462342,2.9487,0.003000,333.29, 435.2164
462343,2.9517,0.002926,341.78, 435.2170
462344,2.9551,0.003066,326.17, 435.2164
462345,2.9580,0.003004,332.88, 435.2170
462346,2.9609,0.002990,334.43, 435.2164
462347,2.9639,0.002962,337.59, 435.2170
462348,2.9668,0.002985,334.99, 435.2170
462349,2.9697,0.002988,334.64, 435.2167
462350,2.9727,0.002985,335.01, 435.2170
462351,2.9761,0.002994,334.03, 435.2170
462352,2.9790,0.002954,338.48, 435.2170
462353,2.9819,0.002949,339.05, 435.2170
462354,2.9849,0.003023,330.82, 435.2164
462355,2.9878,0.003162,316.26, 435.2170
462356,2.9907,0.002978,335.85, 435.2170
462357,2.9941,0.003039,329.06, 435.2170
462358,2.9971,0.002961,337.74, 435.2170
462359,3.0000,0.003031,329.88, 435.2170
462360,3.0029,0.003130,319.50, 435.2164
462361,3.0063,0.003064,326.36, 435.2167
462362,3.0093,0.002957,338.16, 435.2167
462363,3.0122,0.003053,327.59, 435.2170
462364,3.0151,0.003076,325.15, 435.2164
462365,3.0186,0.003221,310.44, 435.2170
462366,3.0215,0.003248,307.88, 435.2164
462367,3.0249,0.003405,293.68, 435.2170
462368,3.0283,0.003231,309.51, 435.2170
462369,3.0313,0.003065,326.23, 435.2164
462370,3.0347,0.003172,315.23, 435.2167
462371,3.0376,0.002973,336.37, 435.2170
462372,3.0405,0.003011,332.15, 435.2170
462373,3.0435,0.002973,336.34, 435.2164
462374,3.0464,0.003034,329.65, 435.2167
462375,3.0498,0.003203,312.26, 435.2167
462376,3.0527,0.003029,330.10, 435.2167
462377,3.0557,0.002957,338.19, 435.2189
462378,3.0586,0.003002,333.12, 435.2170
462379,3.0615,0.002959,338.00, 435.2189
462380,3.0649,0.003007,332.61, 435.2164
462381,3.0679,0.002940,340.15, 435.2194
462382,3.0708,0.002962,337.58, 435.2170
462383,3.0737,0.002941,340.07, 435.2170
462384,3.0767,0.003042,328.72, 435.2167
462385,3.0796,0.003010,332.19, 435.2164
462386,3.0825,0.002964,337.35, 435.2170
462387,3.0854,0.002974,336.27, 435.2164
462388,3.0884,0.002965,337.33, 435.2167
462389,3.0913,0.002966,337.11, 435.2167
462390,3.0947,0.003016,331.55, 435.2164
462391,3.0977,0.002960,337.80, 435.2170
462392,3.1006,0.002943,339.79, 435.2170
462393,3.1035,0.002970,336.68, 435.2170
462394,3.1064,0.002941,339.97, 435.2170
462395,3.1094,0.002998,333.53, 435.2170
462396,3.1123,0.002933,341.01, 435.2170
462397,3.1152,0.002987,334.82, 435.2170
462398,3.1182,0.002923,342.09, 435.2170
462399,3.1211,0.002958,338.10, 435.2170
462400,3.1240,0.002987,334.77, 435.2164
462401,3.1270,0.003064,326.34, 435.2167
462402,3.1304,0.002989,334.59, 435.2204
462403,3.1333,0.002986,334.90, 435.2189
462404,3.1362,0.002921,342.33, 435.2167
462405,3.1392,0.003024,330.69, 435.2164
462406,3.1421,0.002954,338.51, 435.2167
462407,3.1450,0.003053,327.60, 435.2167
462408,3.1479,0.002948,339.22, 435.2167
462409,3.1509,0.002974,336.30, 435.2170
462410,3.1543,0.003056,327.20, 435.2170
462411,3.1572,0.003041,328.83, 435.2170
462412,3.1602,0.002970,336.66, 435.2167
462413,3.1631,0.003010,332.19, 435.2170
462414,3.1660,0.002891,345.85, 435.2167
462415,3.1689,0.003014,331.84, 435.2170
462416,3.1719,0.002896,345.32, 435.2170
462417,3.1748,0.003076,325.13, 435.2167
462418,3.1782,0.003042,328.75, 435.2170
462419,3.1812,0.003024,330.70, 435.2167
462420,3.1841,0.003071,325.67, 435.2164
462421,3.1875,0.003166,315.90, 435.2164
462422,3.1904,0.002941,340.04, 435.2170
462423,3.1934,0.003014,331.83, 435.2170
462424,3.1963,0.002971,336.60, 435.2170
462425,3.1992,0.003031,329.97, 435.2170
462426,3.2021,0.002964,337.44, 435.2170
462427,3.2056,0.003247,307.94, 435.2170
462428,3.2085,0.002912,343.47, 435.2170
462429,3.2114,0.002996,333.79, 435.2170
462430,3.2144,0.002933,341.01, 435.2170
462431,3.2173,0.002991,334.29, 435.2170
462432,3.2202,0.002947,339.28, 435.2170
462433,3.2231,0.003077,324.95, 435.2170
462434,3.2261,0.002923,342.17, 435.2167
462435,3.2295,0.003049,328.03, 435.2170
462436,3.2324,0.002950,338.95, 435.2170
462437,3.2354,0.003040,329.00, 435.2170
462438,3.2383,0.002909,343.77, 435.2170
462439,3.2412,0.002997,333.70, 435.2170
462440,3.2441,0.002961,337.78, 435.2170
462441,3.2471,0.002972,336.43, 435.2170
462442,3.2500,0.002924,342.03, 435.2164
462443,3.2529,0.002995,333.88, 435.2170
462444,3.2559,0.003046,328.26, 435.2170
462445,3.2593,0.002998,333.53, 435.2170
462446,3.2622,0.002946,339.48, 435.2170
462447,3.2651,0.002963,337.52, 435.2170
462448,3.2681,0.002919,342.63, 435.2170
462449,3.2710,0.002949,339.08, 435.2164
462450,3.2739,0.002947,339.34, 435.2167
462451,3.2769,0.002947,339.36, 435.2167
462452,3.2798,0.002978,335.84, 435.2170
462453,3.2827,0.002935,340.75, 435.2170
462454,3.2856,0.002948,339.18, 435.2167
462455,3.2886,0.002937,340.46, 435.2170
462456,3.2915,0.002958,338.07, 435.2170
462457,3.2944,0.002895,345.41, 435.2167
462458,3.2974,0.002949,339.16, 435.2170
462459,3.3003,0.002902,344.57, 435.2170
462460,3.3032,0.003012,331.97, 435.2170
462461,3.3062,0.002954,338.49, 435.2167
462462,3.3091,0.003007,332.55, 435.2164
462463,3.3120,0.002885,346.67, 435.2167
462464,3.3154,0.003106,321.95, 435.2167
462465,3.3184,0.002936,340.60, 435.2170
462466,3.3213,0.003004,332.88, 435.2167
462467,3.3242,0.002903,344.45, 435.2170
462468,3.3271,0.003062,326.61, 435.2167
462469,3.3301,0.002965,337.33, 435.2167
462470,3.3330,0.003021,331.03, 435.2167
462471,3.3359,0.002917,342.79, 435.2170
462472,3.3389,0.003024,330.64, 435.2167
462473,3.3418,0.002868,348.70, 435.2170
462474,3.3447,0.003040,328.91, 435.2164
462475,3.3477,0.002912,343.39, 435.2170
462476,3.3511,0.003002,333.14, 435.2164
462477,3.3540,0.002933,340.91, 435.2164
462478,3.3569,0.002992,334.28, 435.2170
462479,3.3599,0.003179,314.59, 435.2164
462480,3.3633,0.003467,288.46, 435.2170
462481,3.3667,0.003107,321.83, 435.2167
462482,3.3696,0.003240,308.65, 435.2167
462483,3.3730,0.003422,292.21, 435.2164
462484,3.3770,0.003555,281.31, 435.2165
462485,3.3804,0.003594,278.25, 435.2165
462486,3.3838,0.003322,301.01, 435.2164
462487,3.3867,0.003248,307.87, 435.2170
462488,3.3896,0.002936,340.61, 435.2167
462489,3.3931,0.003118,320.71, 435.2164
462490,3.3960,0.003072,325.48, 435.2167
462491,3.3989,0.003015,331.72, 435.2170
462492,3.4019,0.002946,339.44, 435.2170
462493,3.4053,0.003070,325.75, 435.2164
462494,3.4082,0.002959,337.91, 435.2170
462495,3.4111,0.003034,329.64, 435.2170
462496,3.4141,0.002959,337.96, 435.2170
462497,3.4170,0.003014,331.74, 435.2167
462498,3.4199,0.002954,338.51, 435.2170
462499,3.4229,0.003014,331.79, 435.2164
462500,3.4258,0.002986,334.92, 435.2170
462501,3.4292,0.002973,336.34, 435.2164
462502,3.4316,0.002910,343.68, 435.2308
462503,3.4351,0.002952,338.76, 435.2170
462504,3.4380,0.002946,339.40, 435.2170
462505,3.4409,0.003039,329.09, 435.2164
462506,3.4438,0.003004,332.87, 435.2167
462507,3.4468,0.002959,337.92, 435.2170
462508,3.4497,0.002910,343.69, 435.2170
462509,3.4526,0.002906,344.15, 435.2170
462510,3.4556,0.003068,325.96, 435.2170
462511,3.4590,0.003212,311.29, 435.2170
462512,3.4619,0.003008,332.46, 435.2170
462513,3.4648,0.002943,339.77, 435.2164
462514,3.4678,0.002947,339.29, 435.2170
462515,3.4707,0.002965,337.25, 435.2170
462516,3.4736,0.002981,335.50, 435.2167
462517,3.4766,0.002886,346.56, 435.2213
462518,3.4795,0.002971,336.56, 435.2170
462519,3.4824,0.002953,338.64, 435.2164
462520,3.4854,0.002998,333.57, 435.2167
462521,3.4888,0.003068,325.93, 435.2164
462522,3.4917,0.003036,329.36, 435.2170
462523,3.4946,0.002947,339.31, 435.2167
462524,3.4976,0.002973,336.37, 435.2170
462525,3.5005,0.002892,345.77, 435.2167
462526,3.5034,0.002976,336.06, 435.2233
462527,3.5063,0.003003,333.00, 435.2170
462528,3.5098,0.003147,317.80, 435.2170
462529,3.5127,0.002981,335.48, 435.2167
462530,3.5156,0.003031,329.91, 435.2293
462531,3.5186,0.002922,342.22, 435.2268
462532,3.5215,0.003027,330.38, 435.2167
462533,3.5244,0.002877,347.62, 435.2443
462534,3.5273,0.003118,320.70, 435.2164
462535,3.5303,0.002955,338.43, 435.2170
462536,3.5337,0.003051,327.78, 435.2164
462537,3.5366,0.002935,340.75, 435.2170
462538,3.5396,0.003046,328.30, 435.2164
462539,3.5425,0.002924,342.03, 435.2170
462540,3.5454,0.003066,326.14, 435.2167
462541,3.5483,0.002906,344.13, 435.2170
462542,3.5513,0.003029,330.20, 435.2170
462543,3.5542,0.002960,337.84, 435.2170
462544,3.5576,0.003045,328.45, 435.2167
462545,3.5605,0.002953,338.60, 435.2170
462546,3.5635,0.003193,313.17, 435.2164
462547,3.5664,0.003049,327.98, 435.2170
462548,3.5698,0.003106,321.97, 435.2167
462549,3.5728,0.003038,329.16, 435.2170
462550,3.5757,0.003092,323.42, 435.2164
462551,3.5791,0.003017,331.44, 435.2170
462552,3.5820,0.003105,322.04, 435.2164
462553,3.5850,0.003191,313.37, 435.2164
462554,3.5884,0.003062,326.56, 435.2168
462555,3.5913,0.002929,341.43, 435.2170
462556,3.5942,0.003017,331.41, 435.2170
462557,3.5972,0.002940,340.11, 435.2167
462558,3.6001,0.003001,333.26, 435.2167
462559,3.6030,0.002925,341.83, 435.2170
462560,3.6060,0.003010,332.28, 435.2170
462561,3.6089,0.002929,341.45, 435.2170
462562,3.6118,0.002966,337.20, 435.2167
462563,3.6147,0.002957,338.15, 435.2170
462564,3.6177,0.002988,334.64, 435.2170
462565,3.6206,0.002885,346.57, 435.2189
462566,3.6235,0.002969,336.87, 435.2170
462567,3.6270,0.002962,337.60, 435.2170
462568,3.6299,0.002970,336.68, 435.2170
462569,3.6328,0.002925,341.85, 435.2164
462570,3.6357,0.002992,334.22, 435.2170
462571,3.6387,0.002931,341.19, 435.2170
462572,3.6416,0.002910,343.61, 435.2170
462573,3.6445,0.002967,337.07, 435.2167
462574,3.6475,0.002936,340.55, 435.2170
462575,3.6504,0.002980,335.63, 435.2170
462576,3.6533,0.002897,345.15, 435.2170
462577,3.6563,0.002929,341.38, 435.2170
462578,3.6592,0.002963,337.54, 435.2170
462579,3.6621,0.003000,333.37, 435.2170
462580,3.6650,0.002963,337.48, 435.2170
462581,3.6680,0.002966,337.19, 435.2167
462582,3.6709,0.002924,341.96, 435.2167
462583,3.6738,0.003009,332.31, 435.2170
462584,3.6768,0.002969,336.79, 435.2164
462585,3.6802,0.002991,334.34, 435.2164
462586,3.6831,0.002923,342.08, 435.2167
462587,3.6860,0.002999,333.43, 435.2170
462588,3.6890,0.002886,346.51, 435.2164
462589,3.6919,0.002983,335.26, 435.2170
462590,3.6948,0.002946,339.50, 435.2164
462591,3.6978,0.002991,334.34, 435.2170
462592,3.7007,0.002852,350.63, 435.2170
462593,3.7036,0.003004,332.86, 435.2170
462594,3.7065,0.002908,343.88, 435.2164
462595,3.7095,0.003056,327.21, 435.2170
462596,3.7124,0.002936,340.63, 435.2170
462597,3.7153,0.003128,319.70, 435.2164
462598,3.7183,0.002889,346.15, 435.2170
462599,3.7212,0.002973,336.39, 435.2170
462600,3.7241,0.002911,343.50, 435.2170
462601,3.7275,0.002976,336.00, 435.2167
462602,3.7300,0.002915,343.03, 435.2167
462603,3.7334,0.003012,332.04, 435.2170
462604,3.7363,0.003009,332.38, 435.2170
462605,3.7393,0.003066,326.17, 435.2164
462606,3.7422,0.002957,338.15, 435.2170
462607,3.7451,0.002997,333.68, 435.2170
462608,3.7480,0.002897,345.23, 435.2170
462609,3.7510,0.002927,341.62, 435.2170
462610,3.7544,0.003122,320.28, 435.2170
462611,3.7573,0.003072,325.50, 435.2164
462612,3.7603,0.002949,339.12, 435.2167
462613,3.7632,0.002980,335.54, 435.2170
462614,3.7661,0.002952,338.75, 435.2167
462615,3.7690,0.003021,331.02, 435.2170
462616,3.7720,0.002989,334.56, 435.2170
462617,3.7754,0.002993,334.09, 435.2167
462618,3.7783,0.002994,334.01, 435.2170
462619,3.7813,0.002927,341.64, 435.2170
462620,3.7842,0.002974,336.24, 435.2170
462621,3.7871,0.003098,322.75, 435.2164
462622,3.7900,0.003122,320.33, 435.2170
462623,3.7935,0.003004,332.90, 435.2209
462624,3.7964,0.002961,337.77, 435.2167
462625,3.7993,0.002947,339.34, 435.2170
462626,3.8022,0.002962,337.67, 435.2170
462627,3.8052,0.002983,335.20, 435.2170
462628,3.8081,0.002997,333.66, 435.2189
462629,3.8110,0.002985,335.02, 435.2164
462630,3.8140,0.003004,332.91, 435.2170
462631,3.8169,0.002978,335.75, 435.2170
462632,3.8203,0.002973,336.35, 435.2170
462633,3.8232,0.002950,338.97, 435.2167
462634,3.8262,0.003019,331.29, 435.2167
462635,3.8291,0.003037,329.23, 435.2170
462636,3.8320,0.003175,314.92, 435.2164
462637,3.8354,0.003151,317.35, 435.2164
462638,3.8384,0.003113,321.25, 435.2167
462639,3.8413,0.002988,334.63, 435.2170
462640,3.8447,0.003041,328.83, 435.2170
462641,3.8477,0.002978,335.83, 435.2167
462642,3.8506,0.002925,341.92, 435.2170
462643,3.8535,0.002939,340.27, 435.2189
462644,3.8564,0.002985,335.05, 435.2164
462645,3.8594,0.002914,343.14, 435.2293
462646,3.8623,0.003102,322.33, 435.2164
462647,3.8652,0.003043,328.61, 435.2170
462648,3.8687,0.003018,331.31, 435.2170
462649,3.8716,0.002933,340.94, 435.2164
462650,3.8745,0.003018,331.35, 435.2170
462651,3.8774,0.002982,335.39, 435.2164
462652,3.8804,0.003000,333.32, 435.2167
462653,3.8833,0.002903,344.44, 435.2164
462654,3.8862,0.002977,335.90, 435.2170
462655,3.8892,0.002947,339.28, 435.2170
462656,3.8921,0.002963,337.45, 435.2170
462657,3.8950,0.002904,344.31, 435.2170
462658,3.8979,0.002975,336.12, 435.2170
462659,3.9009,0.002855,350.24, 435.2170
462660,3.9038,0.003013,331.90, 435.2170
462661,3.9067,0.002887,346.38, 435.2170
462662,3.9097,0.002985,335.06, 435.2170
462663,3.9126,0.002907,344.01, 435.2170
462664,3.9155,0.002962,337.59, 435.2170
462665,3.9185,0.002940,340.15, 435.2170
462666,3.9214,0.002940,340.18, 435.2164
462667,3.9243,0.002941,340.08, 435.2170
462668,3.9272,0.002977,335.90, 435.2167
462669,3.9302,0.002952,338.78, 435.2170
462670,3.9336,0.002953,338.66, 435.2170
462671,3.9365,0.002964,337.37, 435.2170
462672,3.9395,0.002977,335.94, 435.2164
462673,3.9424,0.002947,339.31, 435.2167
462674,3.9453,0.002919,342.61, 435.2167
462675,3.9482,0.002959,337.95, 435.2170
462676,3.9512,0.002899,344.93, 435.2167
462677,3.9541,0.002942,339.86, 435.2170
462678,3.9570,0.002929,341.37, 435.2167
462679,3.9600,0.002988,334.66, 435.2170
462680,3.9629,0.002949,339.08, 435.2170
462681,3.9658,0.002961,337.72, 435.2170
462682,3.9688,0.002890,346.04, 435.2170
462683,3.9717,0.002996,333.74, 435.2170
462684,3.9746,0.002935,340.77, 435.2170
462685,3.9775,0.003091,323.50, 435.2164
462686,3.9805,0.002936,340.62, 435.2167
462687,3.9834,0.002990,334.46, 435.2170
462688,3.9868,0.003013,331.88, 435.2164
462689,3.9897,0.003095,323.12, 435.2164
462690,3.9927,0.002881,347.09, 435.2164
462691,3.9956,0.003028,330.21, 435.2170
462692,3.9985,0.003002,333.16, 435.2167
462693,4.0015,0.002994,333.97, 435.2164
462694,4.0049,0.003029,330.14, 435.2170
462695,4.0078,0.003180,314.46, 435.2170
462696,4.0107,0.002939,340.26, 435.2170
462697,4.0137,0.002974,336.28, 435.2164
462698,4.0166,0.002879,347.34, 435.2170
462699,4.0195,0.003049,328.02, 435.2170
462700,4.0225,0.002923,342.08, 435.2164
462701,4.0259,0.003040,328.93, 435.2167
462702,4.0288,0.003005,332.76, 435.2167
462703,4.0317,0.003032,329.80, 435.2167
462704,4.0347,0.002883,346.84, 435.2167
462705,4.0376,0.003135,319.02, 435.2170
462706,4.0405,0.002999,333.49, 435.2170
462707,4.0439,0.003018,331.31, 435.2170
462708,4.0469,0.002903,344.52, 435.2170
462709,4.0498,0.003057,327.08, 435.2167
462710,4.0527,0.002975,336.18, 435.2167
462711,4.0557,0.003026,330.48, 435.2164
462712,4.0586,0.002901,344.76, 435.2167
462713,4.0615,0.002952,338.78, 435.2164
462714,4.0645,0.002924,342.01, 435.2170
462715,4.0674,0.002999,333.43, 435.2170
462716,4.0703,0.002910,343.61, 435.2167
462717,4.0732,0.002981,335.48, 435.2170
462718,4.0762,0.002929,341.47, 435.2170
462719,4.0791,0.002951,338.91, 435.2170
462720,4.0820,0.002973,336.36, 435.2170
462721,4.0850,0.002971,336.62, 435.2170
462722,4.0879,0.002929,341.47, 435.2170
462723,4.0913,0.003052,327.63, 435.2170
462724,4.0942,0.002922,342.25, 435.2170
462725,4.0972,0.002951,338.83, 435.2167
462726,4.1001,0.003006,332.71, 435.2170
462727,4.1030,0.002902,344.61, 435.2170
462728,4.1060,0.002941,340.07, 435.2170
462729,4.1089,0.002873,348.10, 435.2170
462730,4.1118,0.002971,336.61, 435.2164
462731,4.1147,0.003017,331.41, 435.2170
462732,4.1177,0.002964,337.38, 435.2164
462733,4.1206,0.002898,345.13, 435.2167
462734,4.1235,0.002956,338.28, 435.2170
462735,4.1265,0.002932,341.03, 435.2170
462736,4.1294,0.003052,327.68, 435.2167
462737,4.1323,0.002928,341.53, 435.2164
462738,4.1353,0.002976,336.03, 435.2170
462739,4.1382,0.002907,343.96, 435.2170
462740,4.1416,0.003018,331.35, 435.2170
462741,4.1445,0.002960,337.79, 435.2170
462742,4.1475,0.002999,333.43, 435.2170
462743,4.1504,0.002869,348.60, 435.2170
462744,4.1533,0.002969,336.83, 435.2170
462745,4.1563,0.002873,348.06, 435.2170
462746,4.1592,0.003016,331.52, 435.2167
462747,4.1621,0.002954,338.52, 435.2170
462748,4.1650,0.002976,336.02, 435.2170
462749,4.1680,0.002937,340.53, 435.2170
462750,4.1709,0.002939,340.29, 435.2167
462751,4.1738,0.002957,338.18, 435.2170
462752,4.1768,0.003008,332.45, 435.2170
462753,4.1797,0.002930,341.30, 435.2167
462754,4.1826,0.002991,334.30, 435.2167
462755,4.1855,0.002939,340.22, 435.2170
462756,4.1885,0.002960,337.85, 435.2170
462757,4.1914,0.002969,336.83, 435.2170
462758,4.1948,0.002958,338.09, 435.2170
462759,4.1978,0.002982,335.35, 435.2170
462760,4.2007,0.002911,343.58, 435.2170
462761,4.2036,0.002952,338.78, 435.2170
462762,4.2065,0.002994,334.05, 435.2170
462763,4.2095,0.002999,333.50, 435.2189
462764,4.2124,0.002902,344.54, 435.2164
462765,4.2153,0.002940,340.17, 435.2167
462766,4.2183,0.002933,340.96, 435.2170
462767,4.2212,0.002995,333.91, 435.2170
462768,4.2241,0.003004,332.88, 435.2164
462769,4.2271,0.003024,330.68, 435.2164
462770,4.2300,0.002907,344.02, 435.2164
462771,4.2329,0.002945,339.59, 435.2170
462772,4.2358,0.002970,336.75, 435.2164
462773,4.2393,0.003269,305.89, 435.2167
462774,4.2422,0.003104,322.20, 435.2164
462775,4.2456,0.003049,328.02, 435.2189
462776,4.2485,0.003097,322.85, 435.2170
462777,4.2520,0.003240,308.61, 435.2164
462778,4.2549,0.003142,318.32, 435.2164
462779,4.2578,0.003047,328.15, 435.2170
462780,4.2612,0.003006,332.68, 435.2170
462781,4.2642,0.003213,311.26, 435.2164
462782,4.2671,0.003123,320.16, 435.2170
462783,4.2705,0.002986,334.94, 435.2170
462784,4.2734,0.002918,342.68, 435.2167
462785,4.2764,0.003003,332.96, 435.2170
462786,4.2793,0.003077,325.01, 435.2170
462787,4.2822,0.002995,333.95, 435.2170
462788,4.2852,0.002982,335.36, 435.2170
462789,4.2881,0.002996,333.73, 435.2170
462790,4.2910,0.002947,339.32, 435.2170
462791,4.2944,0.003073,325.37, 435.2170
462792,4.2974,0.002957,338.16, 435.2167
462793,4.3003,0.003008,332.49, 435.2170
462794,4.3032,0.002968,336.97, 435.2164
462795,4.3062,0.003014,331.82, 435.2170
462796,4.3091,0.002930,341.33, 435.2189
462797,4.3120,0.003018,331.40, 435.2167
462798,4.3149,0.002975,336.12, 435.2164
462799,4.3184,0.003037,329.30, 435.2167
462800,4.3213,0.002941,340.06, 435.2170
462801,4.3242,0.003004,332.87, 435.2170
462802,4.3271,0.002977,335.87, 435.2164
462803,4.3301,0.003030,330.00, 435.2167
462804,4.3330,0.002964,337.42, 435.2167
462805,4.3359,0.003012,332.04, 435.2170
462806,4.3394,0.002990,334.44, 435.2167
462807,4.3423,0.003039,329.02, 435.2170
462808,4.3452,0.002984,335.14, 435.2170
462809,4.3481,0.002986,334.87, 435.2189
462810,4.3511,0.002889,346.16, 435.2170
462811,4.3540,0.003052,327.64, 435.2180
462812,4.3569,0.002927,341.64, 435.2170
462813,4.3599,0.003068,325.90, 435.2170
462814,4.3633,0.003233,309.28, 435.2258
462815,4.3677,0.004235,236.16, 435.2164
462816,4.3706,0.003220,310.60, 435.2164
462817,4.3740,0.003078,324.94, 435.2170
462818,4.3774,0.003549,281.78, 435.2164
462819,4.3809,0.003565,280.52, 435.2170
462820,4.3843,0.003486,286.89, 435.2165
462821,4.3877,0.003149,317.52, 435.2170
462822,4.3906,0.003158,316.64, 435.2164
462823,4.3940,0.003178,314.64, 435.2170
462824,4.3970,0.003160,316.42, 435.2164
462825,4.3999,0.002993,334.14, 435.2170
462826,4.4033,0.003003,332.97, 435.2170
462827,4.4063,0.002987,334.77, 435.2167
462828,4.4092,0.003036,329.42, 435.2167
462829,4.4121,0.002965,337.28, 435.2170
462830,4.4150,0.003034,329.65, 435.2167
462831,4.4180,0.003004,332.87, 435.2170
462832,4.4209,0.002977,335.94, 435.2170
462833,4.4238,0.002908,343.87, 435.2170
462834,4.4272,0.003084,324.21, 435.2167
462835,4.4302,0.003018,331.32, 435.2170
462836,4.4331,0.002995,333.85, 435.2170
462837,4.4360,0.002914,343.15, 435.2170
462838,4.4390,0.003013,331.90, 435.2164
462839,4.4419,0.002919,342.62, 435.2170
462840,4.4453,0.003161,316.35, 435.2170
462841,4.4482,0.003001,333.21, 435.2164
462842,4.4512,0.003004,332.87, 435.2170
462843,4.4541,0.002891,345.96, 435.2170
462844,4.4570,0.003054,327.44, 435.2170
462845,4.4600,0.002957,338.19, 435.2170
462846,4.4629,0.003028,330.25, 435.2170
462847,4.4658,0.002920,342.44, 435.2170
462848,4.4688,0.003002,333.13, 435.2167
462849,4.4717,0.002915,343.03, 435.2167
462850,4.4751,0.003153,317.14, 435.2164
462851,4.4780,0.003225,310.10, 435.2170
462852,4.4814,0.003078,324.85, 435.2170
462853,4.4844,0.002932,341.04, 435.2170
462854,4.4873,0.003047,328.21, 435.2170
462855,4.4902,0.002943,339.85, 435.2170
462856,4.4932,0.003025,330.61, 435.2170
462857,4.4961,0.002949,339.10, 435.2167
462858,4.4990,0.003039,329.07, 435.2167
462859,4.5024,0.002997,333.66, 435.2170
462860,4.5054,0.003083,324.36, 435.2164
462861,4.5083,0.003000,333.38, 435.2167
462862,4.5112,0.003041,328.88, 435.2167
462863,4.5142,0.002983,335.20, 435.2170
462864,4.5176,0.002988,334.73, 435.2167
462865,4.5205,0.002977,335.97, 435.2170
462866,4.5234,0.003011,332.10, 435.2167
462867,4.5264,0.002963,337.55, 435.2170
462868,4.5293,0.003000,333.32, 435.2167
462869,4.5322,0.002964,337.44, 435.2167
462870,4.5352,0.003053,327.53, 435.2170
462871,4.5386,0.003022,330.90, 435.2170
462872,4.5415,0.003084,324.30, 435.2170
462873,4.5444,0.003129,319.63, 435.2164
462874,4.5474,0.002988,334.71, 435.2171
462875,4.5503,0.002934,340.88, 435.2170
462876,4.5532,0.002914,343.15, 435.2170
462877,4.5562,0.002923,342.07, 435.2170
462878,4.5591,0.002951,338.89, 435.2167
462879,4.5620,0.002967,337.09, 435.2170
462880,4.5654,0.002976,336.03, 435.2167
462881,4.5684,0.003014,331.75, 435.2170
462882,4.5713,0.002936,340.60, 435.2164
462883,4.5742,0.002954,338.50, 435.2170
462884,4.5771,0.002913,343.29, 435.2164
462885,4.5801,0.003020,331.15, 435.2167
462886,4.5830,0.002939,340.26, 435.2164
462887,4.5859,0.003019,331.22, 435.2170
462888,4.5889,0.002904,344.41, 435.2189
462889,4.5918,0.002998,333.60, 435.2164
462890,4.5947,0.002972,336.47, 435.2167
462891,4.5977,0.002999,333.47, 435.2170
462892,4.6006,0.002937,340.47, 435.2170
462893,4.6040,0.002977,335.87, 435.2170
462894,4.6069,0.002919,342.64, 435.2167
462895,4.6099,0.003027,330.41, 435.2170
462896,4.6128,0.002890,346.07, 435.2170
462897,4.6157,0.003008,332.41, 435.2167
462898,4.6187,0.002890,346.01, 435.2170
462899,4.6216,0.002983,335.29, 435.2170
462900,4.6245,0.002913,343.25, 435.2167
462901,4.6274,0.002991,334.36, 435.2170
462902,4.6304,0.002887,346.36, 435.2170
462903,4.6333,0.003002,333.08, 435.2170
462904,4.6362,0.002909,343.82, 435.2170
462905,4.6392,0.002999,333.42, 435.2170
462906,4.6421,0.002865,349.09, 435.2170
462907,4.6455,0.003283,304.59, 435.2170
462908,4.6489,0.003481,287.27, 435.2164
462909,4.6519,0.003237,308.93, 435.2189
462910,4.6553,0.002993,334.12, 435.2164
462911,4.6582,0.003059,326.87, 435.2170
462912,4.6611,0.002918,342.67, 435.2170
462913,4.6641,0.003059,326.91, 435.2167
462914,4.6670,0.002922,342.25, 435.2170
462915,4.6699,0.003058,327.03, 435.2170
462916,4.6729,0.002909,343.71, 435.2170
462917,4.6763,0.003111,321.44, 435.2164
462918,4.6792,0.002994,334.03, 435.2164
462919,4.6821,0.003052,327.66, 435.2170
462920,4.6851,0.002946,339.48, 435.2167
462921,4.6880,0.003037,329.29, 435.2170
462922,4.6909,0.002877,347.55, 435.2167
462923,4.6938,0.003046,328.34, 435.2170
462924,4.6968,0.002921,342.40, 435.2170
462925,4.7002,0.003032,329.77, 435.2167
462926,4.7031,0.002937,340.46, 435.2170
462927,4.7061,0.003011,332.08, 435.2164
462928,4.7090,0.002908,343.87, 435.2170
462929,4.7119,0.003094,323.19, 435.2164
462930,4.7148,0.002953,338.66, 435.2170
462931,4.7178,0.003029,330.16, 435.2164
462932,4.7207,0.002952,338.76, 435.2167
462933,4.7241,0.003014,331.81, 435.2164
462934,4.7271,0.002977,335.91, 435.2170
462935,4.7300,0.003049,328.03, 435.2164
462936,4.7329,0.002890,346.03, 435.2313
462937,4.7358,0.002960,337.79, 435.2170
462938,4.7388,0.003008,332.45, 435.2164
462939,4.7422,0.003172,315.27, 435.2170
462940,4.7451,0.003019,331.29, 435.2167
462941,4.7480,0.003014,331.75, 435.2164
462942,4.7510,0.002913,343.32, 435.2170
462943,4.7539,0.002998,333.58, 435.2164
462944,4.7573,0.003250,307.74, 435.2167
462945,4.7603,0.003076,325.08, 435.2167
462946,4.7632,0.002907,344.06, 435.2170
462947,4.7661,0.002991,334.38, 435.2164
462948,4.7690,0.002930,341.36, 435.2170
462949,4.7720,0.003050,327.90, 435.2164
462950,4.7749,0.003028,330.27, 435.2164
462951,4.7783,0.003025,330.61, 435.2164
462952,4.7813,0.002967,337.01, 435.2170
462953,4.7842,0.002957,338.21, 435.2170
462954,4.7871,0.002970,336.69, 435.2170
462955,4.7900,0.003020,331.18, 435.2164
462956,4.7930,0.002966,337.11, 435.2170
462957,4.7959,0.002950,339.03, 435.2170
462958,4.7988,0.002936,340.66, 435.2170
462959,4.8018,0.002967,337.10, 435.2164
462960,4.8047,0.003029,330.16, 435.2170
462961,4.8076,0.002943,339.77, 435.2170
462962,4.8110,0.002967,337.00, 435.2170
462963,4.8140,0.002927,341.66, 435.2167
462964,4.8169,0.003009,332.34, 435.2170
462965,4.8198,0.002926,341.80, 435.2313
462966,4.8228,0.002965,337.22, 435.2170
462967,4.8257,0.002937,340.51, 435.2170
462968,4.8286,0.003017,331.47, 435.2167
462969,4.8315,0.002931,341.13, 435.2170
462970,4.8345,0.003015,331.68, 435.2170
462971,4.8374,0.002951,338.88, 435.2170
462972,4.8403,0.003020,331.15, 435.2167
462973,4.8433,0.002935,340.68, 435.2164
462974,4.8467,0.003077,325.04, 435.2167
462975,4.8496,0.003002,333.10, 435.2170
462976,4.8525,0.003009,332.36, 435.2167
462977,4.8555,0.002958,338.04, 435.2167
462978,4.8584,0.003045,328.43, 435.2164
462979,4.8613,0.002921,342.35, 435.2170
462980,4.8643,0.003031,329.97, 435.2170
462981,4.8672,0.002912,343.47, 435.2170
462982,4.8706,0.003018,331.39, 435.2167
462983,4.8735,0.002954,338.57, 435.2170
462984,4.8765,0.003057,327.12, 435.2170
462985,4.8794,0.002986,334.94, 435.2164
462986,4.8823,0.003046,328.26, 435.2170
462987,4.8853,0.002929,341.47, 435.2170
462988,4.8887,0.003035,329.47, 435.2167
462989,4.8911,0.002892,345.82, 435.2170
462990,4.8945,0.003067,326.01, 435.2164
462991,4.8975,0.002975,336.09, 435.2170
462992,4.9004,0.002998,333.61, 435.2164
462993,4.9033,0.002900,344.82, 435.2167
462994,4.9063,0.003029,330.12, 435.2164
462995,4.9092,0.002937,340.45, 435.2170
462996,4.9121,0.003010,332.25, 435.2170
462997,4.9150,0.002978,335.81, 435.2170
462998,4.9185,0.003013,331.88, 435.2164
462999,4.9214,0.002965,337.30, 435.2170
463000,4.9243,0.003061,326.73, 435.2167
463001,4.9272,0.002986,334.92, 435.2170
463002,4.9302,0.002998,333.61, 435.2167
463003,4.9331,0.002906,344.08, 435.2170
463004,4.9360,0.003099,322.68, 435.2170
463005,4.9395,0.003080,324.70, 435.2167
463006,4.9424,0.003099,322.64, 435.2170
463007,4.9453,0.003064,326.37, 435.2170
463008,4.9487,0.003107,321.81, 435.2164
463009,4.9517,0.003019,331.28, 435.2170
463010,4.9546,0.002999,333.49, 435.2164
463011,4.9575,0.002942,339.88, 435.2357
463012,4.9604,0.002987,334.75, 435.2164
463013,4.9634,0.002946,339.44, 435.2328
463014,4.9663,0.003005,332.76, 435.2170
463015,4.9692,0.002986,334.90, 435.2170
463016,4.9727,0.003061,326.71, 435.2170
463017,4.9756,0.003080,324.66, 435.2164
463018,4.9785,0.003114,321.17, 435.2165
463019,4.9819,0.002957,338.19, 435.2170
463020,4.9849,0.003011,332.09, 435.2170
463021,4.9878,0.003010,332.20, 435.2170
463022,4.9907,0.003042,328.74, 435.2164
463023,4.9937,0.003002,333.14, 435.2170
463024,4.9966,0.003059,326.91, 435.2164
463025,5.0000,0.002964,337.39, 435.2170
463026,5.0029,0.002968,336.90, 435.2164
463027,5.0059,0.002998,333.56, 435.2170
463028,5.0088,0.003008,332.49, 435.2164
463029,5.0117,0.002956,338.28, 435.2167
463030,5.0146,0.002971,336.55, 435.2164
463031,5.0176,0.003016,331.61, 435.2170
463032,5.0205,0.002988,334.65, 435.2167
463033,5.0239,0.003227,309.86, 435.2167
463034,5.0269,0.003033,329.67, 435.2164
463035,5.0298,0.002987,334.75, 435.2170
463036,5.0327,0.002924,342.01, 435.2170
463037,5.0361,0.003035,329.49, 435.2164
463038,5.0391,0.003124,320.14, 435.2167
463039,5.0420,0.003015,331.72, 435.2170
463040,5.0449,0.003006,332.71, 435.2167
463041,5.0479,0.003015,331.70, 435.2167
463042,5.0508,0.002962,337.61, 435.2164
463043,5.0542,0.002998,333.52, 435.2170
463044,5.0571,0.002947,339.29, 435.2167
463045,5.0601,0.003031,329.90, 435.2170
463046,5.0630,0.002923,342.10, 435.2170
463047,5.0659,0.003026,330.44, 435.2170
463048,5.0688,0.003056,327.20, 435.2164
463049,5.0723,0.003056,327.24, 435.2170
463050,5.0752,0.002953,338.65, 435.2164
463051,5.0781,0.003015,331.65, 435.2170
463052,5.0811,0.002891,345.89, 435.2199
463053,5.0840,0.002966,337.14, 435.2170
463054,5.0869,0.002922,342.28, 435.2189
463055,5.0898,0.003030,330.03, 435.2170
463056,5.0928,0.002915,343.06, 435.2167
463057,5.0957,0.003013,331.91, 435.2164
463058,5.0986,0.002911,343.55, 435.2164
463059,5.1016,0.002978,335.81, 435.2170
463060,5.1045,0.002899,344.90, 435.2164
463061,5.1074,0.002989,334.56, 435.2170
463062,5.1104,0.002868,348.66, 435.2170
463063,5.1133,0.002997,333.63, 435.2170
463064,5.1162,0.002929,341.43, 435.2170
463065,5.1191,0.003022,330.94, 435.2170
463066,5.1221,0.002901,344.73, 435.2170
463067,5.1255,0.003040,328.91, 435.2170
463068,5.1284,0.002900,344.78, 435.2170
463069,5.1313,0.003195,313.04, 435.2167
463070,5.1343,0.003030,330.02, 435.2170
463071,5.1377,0.003110,321.58, 435.2170
463072,5.1406,0.002873,348.02, 435.2170
463073,5.1436,0.003069,325.80, 435.2164
463074,5.1465,0.002959,337.99, 435.2167
463075,5.1494,0.003013,331.86, 435.2170
463076,5.1523,0.002884,346.79, 435.2167
463077,5.1553,0.002957,338.19, 435.2170
463078,5.1582,0.002892,345.73, 435.2170
463079,5.1611,0.003003,332.97, 435.2170
463080,5.1641,0.002952,338.81, 435.2170
463081,5.1670,0.002978,335.80, 435.2167
463082,5.1699,0.002911,343.48, 435.2170
463083,5.1729,0.002953,338.70, 435.2170
463084,5.1763,0.003090,323.65, 435.2170
463085,5.1792,0.002984,335.12, 435.2167
463086,5.1821,0.002908,343.87, 435.2170
463087,5.1851,0.002972,336.50, 435.2170
463088,5.1880,0.002938,340.40, 435.2170
463089,5.1909,0.002902,344.55, 435.2164
463090,5.1938,0.003008,332.45, 435.2170
463091,5.1968,0.002928,341.50, 435.2170
463092,5.1997,0.002959,337.96, 435.2170
463093,5.2026,0.002864,349.13, 435.2167
463094,5.2056,0.002991,334.34, 435.2164
463095,5.2085,0.003016,331.54, 435.2167
463096,5.2114,0.003085,324.13, 435.2164
463097,5.2144,0.002901,344.69, 435.2164
463098,5.2173,0.002988,334.72, 435.2167
463099,5.2202,0.002912,343.43, 435.2164
463100,5.2236,0.002999,333.46, 435.2167
463101,5.2266,0.003003,333.04, 435.2167
463102,5.2295,0.003021,330.97, 435.2170
463103,5.2324,0.002897,345.17, 435.2170
463104,5.2354,0.002980,335.56, 435.2164
463105,5.2383,0.002885,346.64, 435.2167
463106,5.2412,0.003112,321.38, 435.2164
463107,5.2441,0.002933,340.94, 435.2170
463108,5.2471,0.003022,330.91, 435.2164
463109,5.2500,0.002881,347.11, 435.2170
463110,5.2529,0.002997,333.62, 435.2167
463111,5.2559,0.002922,342.23, 435.2170
463112,5.2593,0.003016,331.61, 435.2170
463113,5.2622,0.002910,343.70, 435.2170
463114,5.2651,0.002983,335.23, 435.2170
463115,5.2681,0.002934,340.81, 435.2170
463116,5.2710,0.002985,335.04, 435.2170
463117,5.2739,0.002931,341.13, 435.2170
463118,5.2769,0.002971,336.59, 435.2170
463119,5.2798,0.002955,338.43, 435.2170
463120,5.2827,0.002948,339.21, 435.2170
463121,5.2856,0.002943,339.84, 435.2167
463122,5.2886,0.002992,334.18, 435.2170
463123,5.2915,0.002960,337.89, 435.2170
463124,5.2944,0.002924,342.00, 435.2167
463125,5.2974,0.002958,338.05, 435.2167
463126,5.3003,0.002891,345.89, 435.2170
463127,5.3032,0.002946,339.40, 435.2170
463128,5.3062,0.002927,341.67, 435.2170
463129,5.3091,0.002965,337.22, 435.2170
463130,5.3120,0.002936,340.62, 435.2170
463131,5.3149,0.002959,338.01, 435.2170
463132,5.3179,0.002921,342.33, 435.2167
463133,5.3208,0.002991,334.35, 435.2167
463134,5.3237,0.002928,341.55, 435.2170
463135,5.3271,0.003050,327.89, 435.2170
463136,5.3301,0.002960,337.89, 435.2164
463137,5.3330,0.002987,334.78, 435.2164
463138,5.3359,0.002951,338.85, 435.2170
463139,5.3389,0.002982,335.35, 435.2170
463140,5.3418,0.002879,347.35, 435.2164
463141,5.3447,0.003037,329.25, 435.2167
463142,5.3477,0.002893,345.70, 435.2170
463143,5.3506,0.002996,333.82, 435.2170
463144,5.3535,0.002855,350.29, 435.2164
463145,5.3564,0.003084,324.21, 435.2170
463146,5.3594,0.002911,343.55, 435.2164
463147,5.3628,0.003183,314.20, 435.2170
463148,5.3657,0.002971,336.60, 435.2164
463149,5.3687,0.003029,330.12, 435.2167
463150,5.3716,0.002909,343.76, 435.2167
463151,5.3745,0.003076,325.06, 435.2170
463152,5.3774,0.002922,342.20, 435.2167
463153,5.3809,0.003121,320.37, 435.2170
463154,5.3838,0.003293,303.67, 435.2164
463155,5.3872,0.003201,312.39, 435.2171
463156,5.3906,0.003186,313.87, 435.2165
463157,5.3936,0.003305,302.54, 435.2171
463158,5.3975,0.003524,283.81, 435.2165
463159,5.4004,0.003334,299.96, 435.2168
463160,5.4038,0.003278,305.04, 435.2171
463161,5.4067,0.003015,331.70, 435.2164
463162,5.4102,0.003046,328.31, 435.2164
463163,5.4131,0.003220,310.53, 435.2164
463164,5.4160,0.003045,328.40, 435.2164
463165,5.4189,0.003003,332.98, 435.2170
463166,5.4224,0.002976,335.99, 435.2164
463167,5.4253,0.002974,336.20, 435.2170
463168,5.4282,0.003004,332.92, 435.2170
463169,5.4312,0.002995,333.90, 435.2170
463170,5.4341,0.002978,335.78, 435.2170
463171,5.4370,0.002983,335.24, 435.2170
463172,5.4399,0.002977,335.94, 435.2170
463173,5.4429,0.003033,329.74, 435.2164
463174,5.4463,0.002992,334.25, 435.2170
463175,5.4492,0.002995,333.88, 435.2170
463176,5.4521,0.002949,339.11, 435.2167
463177,5.4551,0.002976,335.99, 435.2167
463178,5.4580,0.003072,325.54, 435.2167
463179,5.4614,0.003277,305.19, 435.2170
463180,5.4644,0.003125,319.99, 435.2165
463181,5.4678,0.003053,327.58, 435.2167
463182,5.4707,0.002943,339.74, 435.2167
463183,5.4736,0.002934,340.84, 435.2170
463184,5.4766,0.002967,337.04, 435.2170
463185,5.4795,0.003108,321.71, 435.2170
463186,5.4824,0.002960,337.89, 435.2164
463187,5.4854,0.002977,335.90, 435.2170
463188,5.4883,0.002911,343.54, 435.2167
463189,5.4917,0.003179,314.55, 435.2170
463190,5.4946,0.003256,307.13, 435.2164
463191,5.4976,0.003012,332.04, 435.2170
463192,5.5005,0.002923,342.07, 435.2167
463193,5.5039,0.002963,337.52, 435.2170
463194,5.5068,0.002960,337.82, 435.2167
463195,5.5098,0.003087,323.96, 435.2170
463196,5.5127,0.002907,343.95, 435.2268
463197,5.5156,0.003000,333.32, 435.2170
463198,5.5186,0.002900,344.78, 435.2313
463199,5.5215,0.003046,328.30, 435.2213
463200,5.5244,0.003067,326.02, 435.2164
463201,5.5278,0.003077,325.02, 435.2164
463202,5.5308,0.002942,339.88, 435.2233
463203,5.5337,0.003076,325.13, 435.2170
463204,5.5366,0.002977,335.93, 435.2170
463205,5.5396,0.003049,328.02, 435.2170
463206,5.5425,0.002948,339.25, 435.2199
463207,5.5459,0.003028,330.28, 435.2170
463208,5.5488,0.002968,336.90, 435.2164
463209,5.5518,0.002978,335.77, 435.2167
463210,5.5547,0.002984,335.15, 435.2164
463211,5.5576,0.003003,333.03, 435.2170
463212,5.5605,0.002891,345.95, 435.2164
463213,5.5635,0.003019,331.22, 435.2170
463214,5.5664,0.002919,342.54, 435.2308
463215,5.5693,0.003004,332.90, 435.2293
463216,5.5723,0.002900,344.82, 435.2170
463217,5.5757,0.003082,324.43, 435.2167
463218,5.5786,0.002975,336.13, 435.2167
463219,5.5815,0.003037,329.27, 435.2170
463220,5.5845,0.002923,342.16, 435.2167
463221,5.5874,0.003024,330.69, 435.2170
463222,5.5903,0.002916,342.96, 435.2170
463223,5.5933,0.003045,328.41, 435.2167
463224,5.5962,0.002937,340.48, 435.2170
463225,5.5996,0.003043,328.64, 435.2167
463226,5.6021,0.002894,345.60, 435.2170
463227,5.6055,0.003012,332.04, 435.2170
463228,5.6084,0.002919,342.55, 435.2170
463229,5.6113,0.003000,333.34, 435.2164
463230,5.6143,0.002993,334.09, 435.2170
463231,5.6172,0.003033,329.75, 435.2170
463232,5.6201,0.002886,346.46, 435.2170
463233,5.6230,0.002972,336.50, 435.2164
463234,5.6260,0.002944,339.64, 435.2170
463235,5.6289,0.003025,330.56, 435.2164
463236,5.6323,0.003102,322.35, 435.2164
463237,5.6353,0.002984,335.11, 435.2164
463238,5.6382,0.002941,339.97, 435.2170
463239,5.6411,0.002976,336.02, 435.2170
463240,5.6440,0.003081,324.57, 435.2170
463241,5.6470,0.002997,333.67, 435.2164
463242,5.6499,0.002947,339.32, 435.2170
463243,5.6528,0.002944,339.69, 435.2170
463244,5.6558,0.002954,338.48, 435.2167
463245,5.6592,0.003012,332.01, 435.2167
463246,5.6621,0.003014,331.75, 435.2170
463247,5.6650,0.002968,336.88, 435.2170
463248,5.6680,0.002969,336.80, 435.2170
463249,5.6709,0.002887,346.37, 435.2167
463250,5.6738,0.002974,336.20, 435.2204
463251,5.6768,0.002972,336.45, 435.2170
463252,5.6797,0.003009,332.34, 435.2170
463253,5.6826,0.003000,333.31, 435.2170
463254,5.6860,0.002998,333.59, 435.2170
463255,5.6890,0.002938,340.37, 435.2170
463256,5.6919,0.002963,337.47, 435.2194
463257,5.6948,0.002933,340.99, 435.2164
463258,5.6978,0.003054,327.49, 435.2170
463259,5.7007,0.002943,339.80, 435.2170
463260,5.7036,0.003006,332.66, 435.2170
463261,5.7065,0.002962,337.63, 435.2170
463262,5.7095,0.003049,328.00, 435.2164
463263,5.7124,0.002878,347.45, 435.2463
463264,5.7158,0.003095,323.08, 435.2164
463265,5.7188,0.002987,334.74, 435.2164
463266,5.7217,0.003024,330.71, 435.2189
463267,5.7246,0.002900,344.78, 435.2454
463268,5.7275,0.003112,321.30, 435.2167
463269,5.7305,0.002934,340.82, 435.2167
463270,5.7334,0.003065,326.26, 435.2164
463271,5.7363,0.002917,342.88, 435.2164
463272,5.7397,0.003180,314.51, 435.2189
463273,5.7427,0.002986,334.88, 435.2313
463274,5.7461,0.003136,318.86, 435.2164
463275,5.7490,0.002939,340.25, 435.2209
463276,5.7520,0.003032,329.77, 435.2170
463277,5.7549,0.002992,334.21, 435.2170
463278,5.7578,0.003076,325.10, 435.2170
463279,5.7607,0.002896,345.34, 435.2189
463280,5.7637,0.003057,327.09, 435.2167
463281,5.7666,0.002955,338.47, 435.2170
463282,5.7700,0.003158,316.68, 435.2164
463283,5.7729,0.003079,324.80, 435.2167
463284,5.7764,0.003187,313.79, 435.2167
463285,5.7793,0.003155,317.01, 435.2167
463286,5.7827,0.003193,313.23, 435.2166
463287,5.7856,0.003024,330.70, 435.2164
463288,5.7891,0.003322,301.05, 435.2165
463289,5.7920,0.003037,329.28, 435.2168
463290,5.7949,0.003162,316.26, 435.2170
463291,5.7983,0.003031,329.97, 435.2170
463292,5.8013,0.003061,326.66, 435.2170
463293,5.8042,0.003085,324.14, 435.2164
463294,5.8076,0.003120,320.52, 435.2164
463295,5.8105,0.003008,332.48, 435.2170
463296,5.8135,0.003060,326.77, 435.2164
463297,5.8164,0.003054,327.49, 435.2164
463298,5.8198,0.003060,326.79, 435.2167
463299,5.8228,0.003068,325.90, 435.2170
463300,5.8257,0.003055,327.39, 435.2167
463301,5.8286,0.002992,334.19, 435.2164
463302,5.8315,0.003060,326.75, 435.2170
463303,5.8350,0.003064,326.35, 435.2167
463304,5.8379,0.003062,326.63, 435.2167
463305,5.8408,0.003045,328.40, 435.2164
463306,5.8442,0.003109,321.64, 435.2164
463307,5.8472,0.003045,328.39, 435.2170
463308,5.8501,0.003079,324.75, 435.2170
463309,5.8535,0.003142,318.31, 435.2170
463310,5.8564,0.003168,315.66, 435.2167
463311,5.8594,0.003019,331.22, 435.2168
463312,5.8623,0.003010,332.18, 435.2170
463313,5.8657,0.003075,325.22, 435.2164
463314,5.8687,0.003024,330.70, 435.2164
463315,5.8716,0.002979,335.69, 435.2170
463316,5.8745,0.003067,326.09, 435.2164
463317,5.8779,0.003053,327.53, 435.2164
463318,5.8809,0.003089,323.77, 435.2167
463319,5.8838,0.003113,321.21, 435.2170
463320,5.8867,0.003030,330.03, 435.2170
463321,5.8901,0.003021,331.06, 435.2170
463322,5.8931,0.003025,330.60, 435.2170
463323,5.8960,0.003146,317.84, 435.2170
463324,5.8989,0.003019,331.28, 435.2167
463325,5.9023,0.003051,327.77, 435.2170
463326,5.9053,0.003055,327.29, 435.2164
463327,5.9082,0.002963,337.55, 435.2170
463328,5.9111,0.002976,336.02, 435.2170
463329,5.9141,0.003014,331.82, 435.2164
463330,5.9170,0.003012,332.01, 435.2170
463331,5.9204,0.002955,338.36, 435.2170
463332,5.9233,0.002969,336.83, 435.2170
463333,5.9263,0.002972,336.52, 435.2170
463334,5.9292,0.003026,330.48, 435.2170
463335,5.9321,0.002966,337.21, 435.2167
463336,5.9351,0.003033,329.71, 435.2167
463337,5.9380,0.003030,330.05, 435.2164
463338,5.9414,0.003084,324.26, 435.2170
463339,5.9443,0.002986,334.88, 435.2170
463340,5.9473,0.003018,331.40, 435.2170
463341,5.9502,0.002927,341.67, 435.2167
463342,5.9531,0.002987,334.84, 435.2167
463343,5.9561,0.002976,336.03, 435.2167
463344,5.9590,0.003021,331.04, 435.2170
463345,5.9619,0.002964,337.36, 435.2170
463346,5.9653,0.003022,330.95, 435.2167
463347,5.9683,0.002932,341.09, 435.2170
463348,5.9712,0.002973,336.37, 435.2189
463349,5.9741,0.002969,336.84, 435.2167
463350,5.9771,0.003084,324.31, 435.2167
463351,5.9800,0.002930,341.29, 435.2170
463352,5.9829,0.003009,332.34, 435.2167
463353,5.9858,0.002938,340.43, 435.2164
463354,5.9893,0.003044,328.48, 435.2167
463355,5.9922,0.002943,339.77, 435.2170
463356,5.9951,0.003077,324.95, 435.2164
463357,5.9980,0.002947,339.39, 435.2164
463358,6.0010,0.003026,330.46, 435.2170
463359,6.0039,0.002957,338.18, 435.2170
463360,6.0068,0.003032,329.78, 435.2164
463361,6.0098,0.002911,343.49, 435.2170
463362,6.0132,0.003030,330.01, 435.2167
463363,6.0161,0.002936,340.66, 435.2170
463364,6.0190,0.003027,330.37, 435.2167
463365,6.0220,0.002912,343.38, 435.2167
463366,6.0249,0.003078,324.89, 435.2167
463367,6.0278,0.002965,337.27, 435.2170
463368,6.0308,0.002992,334.25, 435.2170
463369,6.0337,0.002931,341.15, 435.2167
463370,6.0366,0.003010,332.19, 435.2170
463371,6.0405,0.003920,255.12, 435.2164
463372,6.0444,0.003573,279.88, 435.2164
463373,6.0474,0.002965,337.27, 435.2165
463374,6.0503,0.003057,327.10, 435.2171
463375,6.0532,0.002912,343.36, 435.2170
463376,6.0562,0.003020,331.10, 435.2164
463377,6.0591,0.002948,339.17, 435.2167
463378,6.0625,0.003063,326.52, 435.2167
463379,6.0654,0.003030,330.08, 435.2167
463380,6.0684,0.002975,336.15, 435.2170
463381,6.0713,0.002965,337.29, 435.2170
463382,6.0742,0.002982,335.40, 435.2170
463383,6.0771,0.003031,329.97, 435.2170
463384,6.0801,0.003062,326.59, 435.2167
463385,6.0835,0.002953,338.66, 435.2164
463386,6.0864,0.003079,324.76, 435.2170
463387,6.0894,0.002952,338.76, 435.2170
463388,6.0923,0.003050,327.85, 435.2170
463389,6.0952,0.002997,333.67, 435.2164
463390,6.0981,0.003000,333.39, 435.2170
463391,6.1016,0.003173,315.15, 435.2164
463392,6.1045,0.003023,330.75, 435.2167
463393,6.1074,0.002977,335.90, 435.2167
463394,6.1104,0.003018,331.38, 435.2170
463395,6.1133,0.002936,340.65, 435.2167
463396,6.1167,0.003016,331.54, 435.2164
463397,6.1196,0.002916,342.98, 435.2170
463398,6.1226,0.002983,335.26, 435.2167
463399,6.1255,0.002918,342.70, 435.2170
463400,6.1284,0.003057,327.08, 435.2167
463401,6.1313,0.002953,338.59, 435.2167
463402,6.1343,0.003014,331.76, 435.2167
463403,6.1372,0.002908,343.89, 435.2170
463404,6.1401,0.003039,329.06, 435.2167
463405,6.1431,0.002907,344.04, 435.2189
463406,6.1460,0.003027,330.36, 435.2164
463407,6.1489,0.002942,339.89, 435.2170
463408,6.1523,0.002999,333.50, 435.2164
463409,6.1553,0.002992,334.28, 435.2164
463410,6.1582,0.003147,317.81, 435.2170
463411,6.1611,0.002917,342.81, 435.2170
463412,6.1641,0.002989,334.57, 435.2167
463413,6.1675,0.003047,328.18, 435.2170
463414,6.1704,0.002993,334.08, 435.2170
463415,6.1733,0.002910,343.69, 435.2170
463416,6.1763,0.003007,332.54, 435.2164
463417,6.1792,0.002960,337.82, 435.2170
463418,6.1821,0.003001,333.24, 435.2167
463419,6.1851,0.002967,337.02, 435.2170
463420,6.1880,0.002977,335.89, 435.2170
463421,6.1909,0.002936,340.60, 435.2189
463422,6.1938,0.002977,335.87, 435.2164
463423,6.1968,0.002994,333.97, 435.2170
463424,6.2002,0.003007,332.59, 435.2164
463425,6.2031,0.002973,336.34, 435.2167
463426,6.2061,0.002983,335.22, 435.2170
463427,6.2090,0.002950,339.04, 435.2170
463428,6.2119,0.002999,333.46, 435.2167
463429,6.2148,0.003044,328.49, 435.2164
463430,6.2178,0.002976,336.07, 435.2170
463431,6.2207,0.002991,334.38, 435.2164
463432,6.2236,0.002937,340.50, 435.2170
463433,6.2271,0.003023,330.84, 435.2170
463434,6.2300,0.002988,334.67, 435.2164
463435,6.2329,0.003111,321.43, 435.2170
463436,6.2358,0.002913,343.24, 435.2170
463437,6.2388,0.003008,332.46, 435.2170
463438,6.2417,0.002973,336.35, 435.2167
463439,6.2451,0.003223,310.32, 435.2170
463440,6.2480,0.002954,338.48, 435.2363
463441,6.2510,0.003020,331.09, 435.2167
463442,6.2539,0.002948,339.26, 435.2167
463443,6.2568,0.003023,330.85, 435.2170
463444,6.2598,0.002991,334.34, 435.2167
463445,6.2632,0.003037,329.27, 435.2170
463446,6.2661,0.002931,341.20, 435.2170
463447,6.2690,0.002977,335.87, 435.2170
463448,6.2720,0.002978,335.85, 435.2170
463449,6.2749,0.003176,314.84, 435.2164
463450,6.2783,0.003151,317.39, 435.2167
463451,6.2817,0.003252,307.54, 435.2167
463452,6.2847,0.003194,313.10, 435.2164
463453,6.2876,0.003081,324.54, 435.2170
463454,6.2910,0.003061,326.73, 435.2164
463455,6.2939,0.002989,334.52, 435.2170
463456,6.2969,0.002935,340.68, 435.2164
463457,6.2998,0.002950,338.99, 435.2170
463458,6.3027,0.002928,341.59, 435.2164
463459,6.3057,0.003005,332.79, 435.2170
463460,6.3086,0.002950,338.99, 435.2170
463461,6.3115,0.003012,331.98, 435.2167
463462,6.3145,0.002944,339.73, 435.2170
463463,6.3174,0.002987,334.83, 435.2170
463464,6.3208,0.003139,318.54, 435.2164
463465,6.3237,0.003049,328.02, 435.2170
463466,6.3267,0.002951,338.89, 435.2164
463467,6.3301,0.003172,315.29, 435.2170
463468,6.3330,0.002949,339.09, 435.2167
463469,6.3359,0.003180,314.47, 435.2170
463470,6.3389,0.002945,339.59, 435.2167
463471,6.3418,0.002953,338.67, 435.2170
463472,6.3447,0.002932,341.04, 435.2167
463473,6.3477,0.003039,329.08, 435.2170
463474,6.3506,0.002970,336.66, 435.2170
463475,6.3540,0.003013,331.91, 435.2164
463476,6.3569,0.002968,336.98, 435.2164
463477,6.3599,0.003151,317.39, 435.2170
463478,6.3628,0.003002,333.11, 435.2170
463479,6.3657,0.002985,335.01, 435.2189
463480,6.3687,0.002917,342.87, 435.2170
463481,6.3721,0.003021,331.02, 435.2164
463482,6.3745,0.002861,349.52, 435.2338
463483,6.3779,0.003058,327.06, 435.2170
463484,6.3809,0.002992,334.21, 435.2167
463485,6.3838,0.003157,316.72, 435.2164
463486,6.3867,0.002971,336.61, 435.2189
463487,6.3901,0.003066,326.21, 435.2170
463488,6.3931,0.002950,339.04, 435.2164
463489,6.3960,0.003201,312.40, 435.2164
463490,6.3994,0.003386,295.37, 435.2164
463491,6.4028,0.003154,317.02, 435.2171
463492,6.4058,0.003119,320.63, 435.2171
463493,6.4092,0.003257,307.00, 435.2274
463494,6.4126,0.003562,280.72, 435.2164
463495,6.4160,0.003399,294.19, 435.2171
463496,6.4194,0.003470,288.21, 435.2165
463497,6.4224,0.002980,335.59, 435.2171
463498,6.4253,0.003068,325.95, 435.2170
463499,6.4287,0.003070,325.73, 435.2170
463500,6.4316,0.003035,329.53, 435.2170
463501,6.4346,0.002903,344.46, 435.2164
463502,6.4375,0.003003,333.02, 435.2170
463503,6.4404,0.002914,343.16, 435.2167
463504,6.4434,0.003034,329.65, 435.2167
463505,6.4463,0.003020,331.17, 435.2170
463506,6.4497,0.003040,328.99, 435.2170
463507,6.4526,0.002903,344.51, 435.2164
463508,6.4556,0.003075,325.16, 435.2170
463509,6.4585,0.003068,325.93, 435.2167
463510,6.4614,0.003019,331.22, 435.2167
463511,6.4644,0.002954,338.49, 435.2170
463512,6.4678,0.003057,327.14, 435.2170
463513,6.4707,0.003045,328.40, 435.2170
463514,6.4736,0.002955,338.47, 435.2167
463515,6.4766,0.003059,326.95, 435.2170
463516,6.4795,0.003004,332.85, 435.2170
463517,6.4829,0.002998,333.61, 435.2170
463518,6.4858,0.003027,330.32, 435.2170
463519,6.4888,0.002998,333.56, 435.2170
463520,6.4917,0.003139,318.60, 435.2164
463521,6.4946,0.002968,336.95, 435.2170
463522,6.4980,0.003002,333.07, 435.2167
463523,6.5010,0.002965,337.25, 435.2164
463524,6.5039,0.002965,337.31, 435.2170
463525,6.5068,0.003126,319.86, 435.2164
463526,6.5103,0.003311,302.01, 435.2164
463527,6.5132,0.003086,324.02, 435.2170
463528,6.5166,0.003141,318.35, 435.2170
463529,6.5195,0.003097,322.86, 435.2189
463530,6.5225,0.003079,324.74, 435.2190
463531,6.5254,0.002903,344.51, 435.2209
463532,6.5283,0.003022,330.94, 435.2170
463533,6.5313,0.002957,338.19, 435.2164
463534,6.5342,0.002956,338.27, 435.2167
463535,6.5376,0.003175,315.00, 435.2164
463536,6.5410,0.003328,300.52, 435.2170
463537,6.5439,0.003027,330.38, 435.2164
463538,6.5469,0.003050,327.87, 435.2167
463539,6.5498,0.002973,336.38, 435.2170
463540,6.5532,0.003015,331.69, 435.2170
463541,6.5562,0.002971,336.64, 435.2164
463542,6.5591,0.003062,326.62, 435.2170
463543,6.5620,0.002973,336.41, 435.2170
463544,6.5649,0.003035,329.54, 435.2167
463545,6.5679,0.002979,335.74, 435.2164
463546,6.5708,0.002988,334.73, 435.2167
463547,6.5737,0.002964,337.39, 435.2164
463548,6.5771,0.002998,333.61, 435.2170
463549,6.5801,0.002974,336.30, 435.2170
463550,6.5830,0.002958,338.12, 435.2167
463551,6.5859,0.003003,332.98, 435.2170
463552,6.5889,0.002987,334.76, 435.2167
463553,6.5918,0.002971,336.59, 435.2170
463554,6.5947,0.002934,340.88, 435.2167
463555,6.5977,0.002986,334.92, 435.2170
463556,6.6006,0.002954,338.50, 435.2170
463557,6.6035,0.002992,334.20, 435.2170
463558,6.6064,0.002956,338.33, 435.2167
463559,6.6094,0.002954,338.51, 435.2170
463560,6.6128,0.002946,339.40, 435.2164
463561,6.6157,0.002987,334.81, 435.2189
463562,6.6187,0.003118,320.74, 435.2167
463563,6.6221,0.003235,309.10, 435.2170
463564,6.6250,0.003079,324.83, 435.2167
463565,6.6279,0.003074,325.27, 435.2167
463566,6.6313,0.003119,320.63, 435.2164
463567,6.6343,0.003058,327.04, 435.2170
463568,6.6372,0.002976,336.01, 435.2170
463569,6.6401,0.002986,334.88, 435.2170
463570,6.6431,0.002970,336.66, 435.2167
463571,6.6460,0.002997,333.67, 435.2170
463572,6.6489,0.003003,333.03, 435.2164
463573,6.6523,0.002944,339.73, 435.2253
463574,6.6553,0.002940,340.18, 435.2167
463575,6.6582,0.002972,336.44, 435.2170
463576,6.6611,0.002932,341.03, 435.2164
463577,6.6641,0.003027,330.35, 435.2170
463578,6.6670,0.002963,337.53, 435.2167
463579,6.6699,0.002991,334.33, 435.2170
463580,6.6729,0.002926,341.80, 435.2164
463581,6.6758,0.002997,333.67, 435.2167
463582,6.6787,0.002932,341.10, 435.2170
463583,6.6816,0.003029,330.13, 435.2170
463584,6.6846,0.002915,343.04, 435.2343
463585,6.6880,0.003034,329.60, 435.2170
463586,6.6904,0.002889,346.16, 435.2167
463587,6.6938,0.003168,315.68, 435.2170
463588,6.6973,0.003201,312.40, 435.2164
463589,6.7002,0.003167,315.79, 435.2164
463590,6.7031,0.003103,322.27, 435.2170
463591,6.7065,0.003253,307.44, 435.2170
463592,6.7095,0.003169,315.60, 435.2164
463593,6.7129,0.003190,313.46, 435.2164
463594,6.7163,0.003167,315.72, 435.2164
463595,6.7192,0.003099,322.68, 435.2170
463596,6.7222,0.003112,321.32, 435.2167
463597,6.7256,0.003160,316.42, 435.2164
463598,6.7285,0.003137,318.79, 435.2170
463599,6.7314,0.003096,323.04, 435.2164
463600,6.7349,0.003132,319.33, 435.2164
463601,6.7378,0.003105,322.08, 435.2167
463602,6.7412,0.003211,311.40, 435.2164
463603,6.7441,0.003178,314.68, 435.2170
463604,6.7476,0.003219,310.66, 435.2164
463605,6.7505,0.003135,319.03, 435.2167
463606,6.7539,0.003229,309.67, 435.2164
463607,6.7568,0.003167,315.78, 435.2170
463608,6.7603,0.003286,304.32, 435.2165
463609,6.7632,0.003011,332.16, 435.2180
463610,6.7666,0.003159,316.54, 435.2168
463611,6.7695,0.003084,324.31, 435.2171
463612,6.7729,0.003145,317.95, 435.2289
463613,6.7759,0.003120,320.55, 435.2190
463614,6.7788,0.003178,314.67, 435.2190
463615,6.7822,0.003045,328.45, 435.2170
463616,6.7852,0.003188,313.66, 435.2167
463617,6.7886,0.003229,309.71, 435.2199
463618,6.7915,0.003132,319.27, 435.2170
463619,6.7944,0.002973,336.38, 435.2170
463620,6.7979,0.003015,331.69, 435.2167
463621,6.8008,0.002967,337.10, 435.2164
463622,6.8037,0.002994,334.06, 435.2167
463623,6.8066,0.002962,337.61, 435.2170
463624,6.8096,0.003015,331.68, 435.2167
463625,6.8125,0.002909,343.76, 435.2164
463626,6.8154,0.002984,335.14, 435.2170
463627,6.8184,0.002902,344.63, 435.2164
463628,6.8213,0.003016,331.59, 435.2164
463629,6.8242,0.002900,344.80, 435.2167
463630,6.8271,0.003013,331.85, 435.2170
463631,6.8301,0.002951,338.90, 435.2164
463632,6.8330,0.002987,334.76, 435.2170
463633,6.8359,0.002902,344.60, 435.2170
463634,6.8389,0.002990,334.49, 435.2170
463635,6.8418,0.002884,346.75, 435.2170
463636,6.8452,0.003124,320.12, 435.2167
463637,6.8481,0.002955,338.46, 435.2170
463638,6.8511,0.003001,333.23, 435.2164
463639,6.8540,0.002889,346.14, 435.2170
463640,6.8569,0.003012,332.03, 435.2170
463641,6.8599,0.002932,341.09, 435.2170
463642,6.8628,0.003011,332.09, 435.2170
463643,6.8657,0.002978,335.84, 435.2170
463644,6.8687,0.002986,334.91, 435.2170
463645,6.8716,0.002945,339.60, 435.2167
463646,6.8750,0.003013,331.92, 435.2170
463647,6.8779,0.002959,337.99, 435.2170
463648,6.8809,0.002987,334.78, 435.2164
463649,6.8838,0.002960,337.84, 435.2167
463650,6.8867,0.002967,337.03, 435.2167
463651,6.8896,0.002969,336.79, 435.2170
463652,6.8926,0.003049,327.95, 435.2164
463653,6.8960,0.003162,316.29, 435.2164
463654,6.8989,0.003031,329.92, 435.2164
463655,6.9019,0.002927,341.61, 435.2167
463656,6.9048,0.003020,331.10, 435.2167
463657,6.9077,0.002990,334.40, 435.2164
463658,6.9111,0.003076,325.15, 435.2167
463659,6.9141,0.003222,310.33, 435.2170
463660,6.9170,0.003074,325.32, 435.2170
463661,6.9204,0.003021,331.06, 435.2167
463662,6.9233,0.003105,322.08, 435.2164
463663,6.9263,0.002985,334.96, 435.2170
463664,6.9292,0.003104,322.15, 435.2167
463665,6.9326,0.003076,325.15, 435.2164
463666,6.9355,0.003100,322.61, 435.2170
463667,6.9385,0.002950,339.02, 435.2170
463668,6.9414,0.003010,332.21, 435.2164
463669,6.9448,0.003019,331.28, 435.2164
463670,6.9478,0.003016,331.60, 435.2170
463671,6.9507,0.002954,338.54, 435.2170
463672,6.9536,0.002949,339.10, 435.2170
463673,6.9565,0.002960,337.88, 435.2170
463674,6.9595,0.002958,338.09, 435.2170
463675,6.9624,0.002968,336.95, 435.2167
463676,6.9653,0.003030,330.03, 435.2170
463677,6.9683,0.002982,335.30, 435.2167
463678,6.9712,0.002942,339.92, 435.2167
463679,6.9741,0.002977,335.94, 435.2170
463680,6.9775,0.002998,333.52, 435.2170
463681,6.9805,0.003005,332.82, 435.2164
463682,6.9834,0.002932,341.04, 435.2170
463683,6.9863,0.002970,336.69, 435.2170
463684,6.9893,0.002949,339.16, 435.2170
463685,6.9922,0.003115,321.08, 435.2170
463686,6.9951,0.003057,327.16, 435.2170
463687,6.9985,0.003051,327.78, 435.2170
463688,7.0015,0.002960,337.82, 435.2170
463689,7.0044,0.002975,336.12, 435.2170
463690,7.0073,0.003011,332.16, 435.2167
463691,7.0103,0.003006,332.67, 435.2170
463692,7.0132,0.002969,336.83, 435.2170
463693,7.0161,0.003013,331.85, 435.2170
463694,7.0190,0.002926,341.80, 435.2170
463695,7.0225,0.003001,333.28, 435.2189
463696,7.0254,0.003030,330.01, 435.2167
463697,7.0283,0.003036,329.35, 435.2170
463698,7.0313,0.002922,342.22, 435.2170
463699,7.0342,0.003001,333.18, 435.2170
463700,7.0371,0.003015,331.65, 435.2170
463701,7.0405,0.003053,327.50, 435.2164
463702,7.0435,0.002929,341.39, 435.2167
463703,7.0464,0.003034,329.64, 435.2170
463704,7.0493,0.002965,337.27, 435.2164
463705,7.0522,0.002988,334.66, 435.2170
463706,7.0552,0.003171,315.34, 435.2164
463707,7.0586,0.003169,315.55, 435.2170
463708,7.0615,0.002962,337.56, 435.2170
463709,7.0645,0.003054,327.40, 435.2189
463710,7.0674,0.002897,345.18, 435.2338
463711,7.0708,0.003079,324.75, 435.2170
463712,7.0737,0.003000,333.38, 435.2164
463713,7.0767,0.003054,327.45, 435.2170
463714,7.0796,0.002957,338.23, 435.2164
463715,7.0825,0.003017,331.47, 435.2170
463716,7.0859,0.003136,318.89, 435.2164
463717,7.0889,0.003225,310.06, 435.2164
463718,7.0918,0.002947,339.34, 435.2170
463719,7.0952,0.003066,326.16, 435.2170
463720,7.0981,0.002971,336.58, 435.2313
463721,7.1011,0.003087,323.92, 435.2164
463722,7.1040,0.002917,342.81, 435.2167
463723,7.1069,0.003003,333.00, 435.2170
463724,7.1099,0.002902,344.65, 435.2167
463725,7.1128,0.003078,324.87, 435.2170
463726,7.1157,0.002937,340.44, 435.2189
463727,7.1191,0.003048,328.14, 435.2170
463728,7.1221,0.002921,342.40, 435.2167
463729,7.1250,0.003029,330.11, 435.2170
463730,7.1279,0.002928,341.53, 435.2167
463731,7.1309,0.003033,329.70, 435.2170
463732,7.1338,0.002973,336.36, 435.2170
463733,7.1367,0.003041,328.81, 435.2167
463734,7.1396,0.002930,341.33, 435.2170
463735,7.1426,0.003023,330.84, 435.2170
463736,7.1460,0.003033,329.74, 435.2167
463737,7.1489,0.003086,324.08, 435.2164
463738,7.1519,0.002910,343.62, 435.2258
463739,7.1548,0.003040,328.94, 435.2170
463740,7.1577,0.002958,338.12, 435.2219
463741,7.1606,0.002979,335.73, 435.2164
463742,7.1636,0.002929,341.38, 435.2224
463743,7.1665,0.003007,332.57, 435.2167
463744,7.1699,0.002941,339.99, 435.2170
463745,7.1729,0.002998,333.54, 435.2164
463746,7.1758,0.002926,341.79, 435.2167
463747,7.1787,0.003033,329.74, 435.2170
463748,7.1816,0.003005,332.83, 435.2170
463749,7.1846,0.002994,333.97, 435.2164
463750,7.1875,0.002876,347.72, 435.2338
463751,7.1904,0.002990,334.48, 435.2167
463752,7.1934,0.002969,336.86, 435.2170
463753,7.1963,0.002992,334.19, 435.2164
463754,7.1992,0.002972,336.50, 435.2170
463755,7.2021,0.002931,341.13, 435.2164
463756,7.2056,0.002971,336.61, 435.2170
463757,7.2085,0.002949,339.16, 435.2170
463758,7.2114,0.003016,331.62, 435.2170
463759,7.2144,0.002927,341.69, 435.2164
463760,7.2173,0.003004,332.89, 435.2170
463761,7.2202,0.002949,339.13, 435.2170
463762,7.2231,0.002987,334.84, 435.2167
463763,7.2261,0.003019,331.29, 435.2164
463764,7.2295,0.003193,313.23, 435.2167
463765,7.2324,0.002986,334.91, 435.2164
463766,7.2354,0.003001,333.19, 435.2170
463767,7.2383,0.002956,338.31, 435.2164
463768,7.2412,0.003041,328.85, 435.2170
463769,7.2446,0.003044,328.56, 435.2164
463770,7.2476,0.003012,331.97, 435.2170
463771,7.2505,0.002955,338.47, 435.2164
463772,7.2534,0.003064,326.41, 435.2167
463773,7.2563,0.002994,334.03, 435.2164
463774,7.2593,0.003045,328.41, 435.2170
463775,7.2622,0.002943,339.74, 435.2164
463776,7.2656,0.003079,324.78, 435.2164
463777,7.2686,0.002986,334.92, 435.2164
463778,7.2715,0.003039,329.07, 435.2170
463779,7.2744,0.003075,325.20, 435.2170
463780,7.2778,0.003100,322.55, 435.2170
463781,7.2808,0.002939,340.23, 435.2167
463782,7.2837,0.002966,337.17, 435.2170
463783,7.2866,0.002906,344.08, 435.2167
463784,7.2896,0.003009,332.38, 435.2167
463785,7.2925,0.003011,332.17, 435.2170
463786,7.2954,0.003003,333.06, 435.2164
463787,7.2983,0.002966,337.17, 435.2164
463788,7.3013,0.002984,335.14, 435.2170
463789,7.3047,0.002979,335.66, 435.2164
463790,7.3076,0.003052,327.62, 435.2164
463791,7.3105,0.002873,348.08, 435.2170
463792,7.3135,0.003005,332.77, 435.2170
463793,7.3164,0.002930,341.31, 435.2170
463794,7.3193,0.003051,327.74, 435.2170
463795,7.3223,0.002880,347.23, 435.2170
463796,7.3252,0.003024,330.72, 435.2170
463797,7.3281,0.002907,343.97, 435.2170
463798,7.3311,0.002974,336.21, 435.2170
463799,7.3340,0.002885,346.63, 435.2170
463800,7.3369,0.003005,332.76, 435.2170
463801,7.3398,0.002910,343.60, 435.2170
463802,7.3428,0.002964,337.34, 435.2170
463803,7.3457,0.002942,339.89, 435.2170
463804,7.3486,0.002948,339.21, 435.2170
463805,7.3516,0.002913,343.27, 435.2170
463806,7.3545,0.002998,333.60, 435.2170
463807,7.3574,0.002909,343.71, 435.2170
463808,7.3608,0.003088,323.81, 435.2167
463809,7.3638,0.003009,332.35, 435.2167
463810,7.3667,0.002997,333.62, 435.2167
463811,7.3696,0.002957,338.20, 435.2170
463812,7.3726,0.002943,339.79, 435.2164
463813,7.3755,0.002941,340.08, 435.2170
463814,7.3784,0.002942,339.86, 435.2164
463815,7.3813,0.002983,335.26, 435.2170
463816,7.3843,0.002949,339.12, 435.2170
463817,7.3872,0.002954,338.54, 435.2170
463818,7.3901,0.002894,345.49, 435.2167
463819,7.3931,0.002938,340.32, 435.2170
463820,7.3960,0.002930,341.32, 435.2167
463821,7.3989,0.003017,331.51, 435.2170
463822,7.4019,0.002918,342.65, 435.2164
463823,7.4053,0.003020,331.18, 435.2170
463824,7.4082,0.002932,341.12, 435.2170
463825,7.4111,0.003092,323.44, 435.2170
463826,7.4146,0.003385,295.45, 435.2168
463827,7.4175,0.003203,312.19, 435.2190
463828,7.4209,0.003173,315.16, 435.2168
463829,7.4243,0.003281,304.78, 435.2165
463830,7.4277,0.003433,291.29, 435.2164
463831,7.4312,0.003439,290.82, 435.2171
463832,7.4346,0.003368,296.93, 435.2168
463833,7.4375,0.003017,331.41, 435.2170
463834,7.4404,0.003049,327.99, 435.2170
463835,7.4434,0.003030,330.05, 435.2170
463836,7.4468,0.003128,319.72, 435.2164
463837,7.4497,0.003108,321.75, 435.2164
463838,7.4526,0.003021,331.02, 435.2167
463839,7.4556,0.002983,335.29, 435.2209
463840,7.4590,0.003044,328.50, 435.2167
463841,7.4619,0.002947,339.39, 435.2167
463842,7.4648,0.003004,332.92, 435.2167
463843,7.4678,0.002980,335.57, 435.2170
463844,7.4707,0.002969,336.78, 435.2167
463845,7.4736,0.002950,339.04, 435.2167
463846,7.4766,0.003077,324.99, 435.2167
463847,7.4795,0.002978,335.84, 435.2170
463848,7.4829,0.002980,335.57, 435.2164
463849,7.4858,0.002953,338.60, 435.2167
463850,7.4888,0.003013,331.94, 435.2167
463851,7.4917,0.003117,320.80, 435.2170
463852,7.4946,0.003067,326.09, 435.2167
463853,7.4976,0.002972,336.44, 435.2164
463854,7.5010,0.002965,337.31, 435.2164
463855,7.5039,0.002978,335.80, 435.2170
463856,7.5068,0.003038,329.17, 435.2170
463857,7.5098,0.002948,339.26, 435.2170
463858,7.5127,0.002940,340.09, 435.2164
463859,7.5156,0.003021,331.07, 435.2170
463860,7.5186,0.003009,332.30, 435.2170
463861,7.5220,0.003098,322.80, 435.2170
463862,7.5259,0.003865,258.75, 435.2164
463863,7.5288,0.003363,297.35, 435.2171
463864,7.5327,0.003553,281.45, 435.2165
463865,7.5356,0.003000,333.29, 435.2167
463866,7.5386,0.003092,323.37, 435.2164
463867,7.5415,0.002965,337.33, 435.2170
463868,7.5444,0.003043,328.64, 435.2167
463869,7.5479,0.002955,338.46, 435.2167
463870,7.5508,0.003017,331.42, 435.2170
463871,7.5537,0.003017,331.49, 435.2167
463872,7.5576,0.004174,239.61, 435.2164
463873,7.5615,0.003751,266.62, 435.2165
463874,7.5645,0.002963,337.46, 435.2167
463875,7.5674,0.002986,334.90, 435.2170
463876,7.5703,0.002952,338.81, 435.2170
463877,7.5732,0.002980,335.59, 435.2167
463878,7.5767,0.002970,336.73, 435.2167
463879,7.5796,0.002993,334.12, 435.2170
463880,7.5825,0.002976,336.04, 435.2170
463881,7.5854,0.002971,336.61, 435.2170
463882,7.5884,0.002965,337.26, 435.2170
463883,7.5913,0.002969,336.86, 435.2170
463884,7.5942,0.003041,328.84, 435.2167
463885,7.5972,0.002979,335.65, 435.2164
463886,7.6006,0.003031,329.94, 435.2213
463887,7.6035,0.003022,330.90, 435.2170
463888,7.6064,0.002979,335.73, 435.2170
463889,7.6094,0.003020,331.18, 435.2167
463890,7.6123,0.002985,335.03, 435.2170
463891,7.6152,0.002935,340.74, 435.2167
463892,7.6182,0.002971,336.62, 435.2170
463893,7.6211,0.002968,336.89, 435.2170
463894,7.6245,0.003040,328.97, 435.2167
463895,7.6274,0.002995,333.89, 435.2170
463896,7.6304,0.003012,331.97, 435.2167
463897,7.6333,0.002955,338.43, 435.2164
463898,7.6362,0.003012,332.04, 435.2164
463899,7.6392,0.002985,335.06, 435.2170
463900,7.6421,0.002999,333.48, 435.2170
463901,7.6450,0.002966,337.19, 435.2167
463902,7.6484,0.003062,326.62, 435.2170
463903,7.6514,0.002952,338.74, 435.2170
463904,7.6543,0.003009,332.29, 435.2167
463905,7.6572,0.002954,338.52, 435.2164
463906,7.6602,0.003078,324.91, 435.2167
463907,7.6631,0.002950,339.03, 435.2164
463908,7.6660,0.002998,333.61, 435.2164
463909,7.6689,0.002971,336.54, 435.2164
463910,7.6724,0.002997,333.69, 435.2170
463911,7.6753,0.002909,343.80, 435.2164
463912,7.6782,0.003041,328.83, 435.2167
463913,7.6812,0.002933,340.96, 435.2167
463914,7.6841,0.003064,326.41, 435.2164
463915,7.6870,0.002946,339.41, 435.2164
463916,7.6899,0.003026,330.43, 435.2167
463917,7.6929,0.002886,346.56, 435.2167
463918,7.6963,0.003084,324.24, 435.2167
463919,7.6992,0.002949,339.10, 435.2170
463920,7.7021,0.002997,333.68, 435.2167
463921,7.7051,0.002924,342.06, 435.2170
463922,7.7080,0.003024,330.64, 435.2170
463923,7.7109,0.003072,325.48, 435.2170
463924,7.7139,0.003053,327.50, 435.2170
463925,7.7173,0.002982,335.31, 435.2170
463926,7.7202,0.003022,330.88, 435.2170
463927,7.7231,0.002932,341.11, 435.2170
463928,7.7261,0.003030,330.08, 435.2167
463929,7.7290,0.002991,334.38, 435.2170
463930,7.7319,0.003008,332.44, 435.2167
463931,7.7349,0.002916,342.94, 435.2170
463932,7.7378,0.002974,336.27, 435.2164
463933,7.7407,0.002966,337.12, 435.2167
463934,7.7441,0.003049,327.99, 435.2170
463935,7.7471,0.002953,338.65, 435.2170
463936,7.7500,0.002974,336.27, 435.2167
463937,7.7529,0.002984,335.15, 435.2170
463938,7.7559,0.003136,318.87, 435.2167
463939,7.7593,0.003054,327.48, 435.2170
463940,7.7622,0.003028,330.26, 435.2170
463941,7.7651,0.002943,339.81, 435.2170
463942,7.7681,0.002974,336.30, 435.2164
463943,7.7710,0.002943,339.85, 435.2170
463944,7.7739,0.003098,322.81, 435.2170
463945,7.7769,0.002984,335.17, 435.2170
463946,7.7798,0.003005,332.73, 435.2167
463947,7.7832,0.003073,325.47, 435.2170
463948,7.7861,0.002947,339.32, 435.2170
463949,7.7891,0.002951,338.90, 435.2170
463950,7.7920,0.002975,336.18, 435.2164
463951,7.7949,0.003080,324.70, 435.2170
463952,7.7979,0.002968,336.95, 435.2164
463953,7.8008,0.002963,337.47, 435.2164
463954,7.8042,0.002981,335.48, 435.2164
463955,7.8071,0.003036,329.40, 435.2170
463956,7.8101,0.003058,327.05, 435.2164
463957,7.8130,0.003013,331.94, 435.2170
463958,7.8159,0.003029,330.20, 435.2170
463959,7.8193,0.003171,315.38, 435.2170
463960,7.8223,0.002976,335.98, 435.2164
463961,7.8252,0.002924,342.06, 435.2170
463962,7.8281,0.002951,338.83, 435.2170
463963,7.8311,0.002985,334.99, 435.2170
463964,7.8340,0.002931,341.22, 435.2167
463965,7.8369,0.002997,333.68, 435.2170
463966,7.8398,0.002939,340.25, 435.2167
463967,7.8428,0.002985,335.06, 435.2170
463968,7.8457,0.002915,343.01, 435.2167
463969,7.8491,0.003044,328.57, 435.2164
463970,7.8521,0.002951,338.82, 435.2164
463971,7.8550,0.002993,334.16, 435.2170
463972,7.8579,0.002948,339.18, 435.2167
463973,7.8608,0.003024,330.69, 435.2167
463974,7.8638,0.003001,333.24, 435.2167
463975,7.8667,0.003006,332.67, 435.2170
463976,7.8696,0.002876,347.77, 435.2313
463977,7.8726,0.003008,332.42, 435.2164
463978,7.8755,0.002911,343.49, 435.2170
463979,7.8789,0.003033,329.66, 435.2164
463980,7.8813,0.002908,343.88, 435.2170
463981,7.8848,0.003058,327.03, 435.2164
463982,7.8877,0.002925,341.87, 435.2167
463983,7.8906,0.003016,331.55, 435.2164
463984,7.8936,0.002919,342.62, 435.2170
463985,7.8965,0.003058,327.02, 435.2170
463986,7.8999,0.003162,316.28, 435.2164
463987,7.9028,0.003236,309.04, 435.2171
463988,7.9058,0.003015,331.63, 435.2170
463989,7.9092,0.003066,326.19, 435.2168
463990,7.9121,0.002976,335.99, 435.2167
463991,7.9150,0.003107,321.84, 435.2170
463992,7.9180,0.003044,328.57, 435.2170
463993,7.9214,0.002995,333.93, 435.2170
463994,7.9243,0.003052,327.65, 435.2170
463995,7.9272,0.003057,327.13, 435.2164
463996,7.9302,0.002930,341.36, 435.2170
463997,7.9331,0.003002,333.17, 435.2167
463998,7.9360,0.002939,340.30, 435.2170
463999,7.9390,0.003018,331.31, 435.2170
464000,7.9419,0.002895,345.39, 435.2170
464001,7.9453,0.003029,330.14, 435.2170
464002,7.9482,0.002943,339.85, 435.2170
464003,7.9512,0.002955,338.41, 435.2170
464004,7.9541,0.002893,345.64, 435.2170
464005,7.9570,0.002956,338.33, 435.2167
464006,7.9600,0.002914,343.17, 435.2170
464007,7.9629,0.003043,328.62, 435.2167
464008,7.9658,0.002990,334.41, 435.2167
464009,7.9688,0.002985,335.01, 435.2167
464010,7.9717,0.002904,344.35, 435.2228
464011,7.9746,0.002941,340.08, 435.2170
464012,7.9775,0.002949,339.16, 435.2167
464013,7.9805,0.002942,339.93, 435.2164
464014,7.9834,0.003016,331.57, 435.2167
464015,7.9863,0.003049,327.98, 435.2170
464016,7.9893,0.002950,338.97, 435.2164
464017,7.9922,0.002921,342.33, 435.2170
464018,7.9956,0.002990,334.41, 435.2164
464019,7.9985,0.002954,338.50, 435.2170
464020,8.0015,0.002937,340.47, 435.2170
464021,8.0044,0.002916,342.90, 435.2170
464022,8.0073,0.002979,335.72, 435.2170
464023,8.0103,0.002909,343.71, 435.2170
464024,8.0132,0.003011,332.13, 435.2170
464025,8.0161,0.002970,336.75, 435.2167
464026,8.0190,0.002952,338.74, 435.2167
464027,8.0220,0.002899,344.96, 435.2170
464028,8.0249,0.003025,330.58, 435.2164
464029,8.0278,0.002947,339.33, 435.2170
464030,8.0308,0.003006,332.62, 435.2170
464031,8.0337,0.002869,348.57, 435.2248
464032,8.0366,0.003008,332.41, 435.2164
464033,8.0396,0.002961,337.72, 435.2167
464034,8.0430,0.003178,314.64, 435.2164
464035,8.0459,0.002974,336.21, 435.2170
464036,8.0488,0.003049,328.02, 435.2164
464037,8.0522,0.003050,327.83, 435.2167
464038,8.0552,0.003208,311.68, 435.2164
464039,8.0581,0.003131,319.43, 435.2170
464040,8.0615,0.003072,325.57, 435.2170
464041,8.0645,0.002937,340.53, 435.2170
464042,8.0674,0.003068,326.00, 435.2167
464043,8.0703,0.002924,342.00, 435.2170
464044,8.0732,0.002992,334.20, 435.2213
464045,8.0762,0.002896,345.35, 435.2189
464046,8.0791,0.003082,324.51, 435.2164
464047,8.0820,0.002930,341.33, 435.2170
464048,8.0854,0.003038,329.12, 435.2170
464049,8.0884,0.002960,337.85, 435.2170
464050,8.0913,0.003034,329.58, 435.2167
464051,8.0942,0.002911,343.57, 435.2170
464052,8.0972,0.003075,325.22, 435.2164
464053,8.1001,0.002937,340.53, 435.2170
464054,8.1035,0.003092,323.47, 435.2167
464055,8.1064,0.003002,333.12, 435.2170
464056,8.1094,0.003032,329.83, 435.2170
464057,8.1123,0.002875,347.81, 435.2170
464058,8.1152,0.003052,327.66, 435.2170
464059,8.1182,0.003055,327.34, 435.2170
464060,8.1216,0.003118,320.77, 435.2170
464061,8.1245,0.002951,338.87, 435.2170
464062,8.1274,0.003063,326.51, 435.2170
464063,8.1304,0.002953,338.63, 435.2170
464064,8.1333,0.003106,321.92, 435.2170
464065,8.1367,0.003030,330.04, 435.2167
464066,8.1396,0.003044,328.48, 435.2164
464067,8.1426,0.002917,342.88, 435.2170
464068,8.1455,0.003017,331.42, 435.2170
464069,8.1484,0.002963,337.47, 435.2170
464070,8.1514,0.003032,329.78, 435.2170
464071,8.1543,0.002905,344.26, 435.2170
464072,8.1572,0.003001,333.26, 435.2164
464073,8.1602,0.002917,342.83, 435.2170
464074,8.1636,0.003041,328.84, 435.2167
464075,8.1665,0.002963,337.47, 435.2170
464076,8.1694,0.003007,332.52, 435.2170
464077,8.1724,0.002898,345.02, 435.2170
464078,8.1753,0.003008,332.41, 435.2167
464079,8.1782,0.002964,337.39, 435.2170
464080,8.1812,0.003001,333.27, 435.2164
464081,8.1841,0.002990,334.44, 435.2199
464082,8.1870,0.002993,334.15, 435.2167
464083,8.1899,0.002933,340.97, 435.2170
464084,8.1929,0.002943,339.85, 435.2164
464085,8.1963,0.003004,332.87, 435.2170
464086,8.1992,0.002975,336.15, 435.2167
464087,8.2021,0.002974,336.25, 435.2170
464088,8.2051,0.002962,337.58, 435.2164
464089,8.2080,0.003036,329.40, 435.2170
464090,8.2109,0.003068,325.90, 435.2167
464091,8.2144,0.003078,324.84, 435.2170
464092,8.2173,0.002947,339.39, 435.2167
464093,8.2202,0.002969,336.83, 435.2170
464094,8.2231,0.002925,341.83, 435.2164
464095,8.2261,0.003224,310.20, 435.2167
464096,8.2295,0.003113,321.22, 435.2167
464097,8.2324,0.002987,334.84, 435.2170
464098,8.2354,0.002967,337.03, 435.2167
464099,8.2383,0.002989,334.60, 435.2170
464100,8.2412,0.002982,335.39, 435.2170
464101,8.2441,0.002994,333.97, 435.2167
464102,8.2471,0.002985,334.97, 435.2170
464103,8.2505,0.003018,331.37, 435.2170
464104,8.2534,0.002948,339.17, 435.2170
464105,8.2563,0.003052,327.62, 435.2167
464106,8.2593,0.003023,330.84, 435.2164
464107,8.2622,0.003123,320.25, 435.2170
464108,8.2656,0.002985,334.96, 435.2164
464109,8.2686,0.003085,324.14, 435.2170
464110,8.2715,0.003027,330.39, 435.2170
464111,8.2744,0.002979,335.73, 435.2170
464112,8.2773,0.002955,338.41, 435.2167
464113,8.2803,0.002981,335.42, 435.2170
464114,8.2832,0.002951,338.87, 435.2167
464115,8.2861,0.003001,333.24, 435.2170
464116,8.2896,0.002960,337.89, 435.2164
464117,8.2925,0.002963,337.46, 435.2170
464118,8.2954,0.002890,346.08, 435.2170
464119,8.2983,0.003044,328.50, 435.2170
464120,8.3013,0.003021,330.99, 435.2167
464121,8.3042,0.003144,318.11, 435.2170
464122,8.3071,0.002974,336.27, 435.2170
464123,8.3105,0.002975,336.13, 435.2170
464124,8.3130,0.002887,346.42, 435.2170
464125,8.3164,0.003024,330.69, 435.2170
464126,8.3193,0.003022,330.93, 435.2170
464127,8.3223,0.003048,328.12, 435.2170
464128,8.3252,0.002885,346.62, 435.2170
464129,8.3281,0.003050,327.92, 435.2164
464130,8.3311,0.002909,343.82, 435.2170
464131,8.3340,0.002987,334.82, 435.2170
464132,8.3369,0.002895,345.38, 435.2170
464133,8.3398,0.002990,334.45, 435.2167
464134,8.3428,0.002927,341.60, 435.2170
464135,8.3462,0.003007,332.58, 435.2167
464136,8.3491,0.002934,340.85, 435.2170
464137,8.3521,0.002938,340.41, 435.2170
464138,8.3545,0.002884,346.78, 435.2170
464139,8.3579,0.002956,338.30, 435.2170
464140,8.3608,0.003034,329.61, 435.2167
464141,8.3638,0.003047,328.19, 435.2164
464142,8.3667,0.003002,333.11, 435.2167
464143,8.3696,0.002977,335.97, 435.2167
464144,8.3726,0.002933,340.95, 435.2170
464145,8.3755,0.002965,337.26, 435.2170
464146,8.3784,0.002944,339.66, 435.2170
464147,8.3813,0.002937,340.54, 435.2167
464148,8.3848,0.003021,331.06, 435.2170
464149,8.3877,0.002980,335.63, 435.2170
464150,8.3906,0.003018,331.36, 435.2170
464151,8.3936,0.002909,343.76, 435.2167
464152,8.3965,0.002997,333.62, 435.2167
464153,8.3994,0.002911,343.54, 435.2167
464154,8.4023,0.002986,334.92, 435.2170
464155,8.4053,0.003018,331.35, 435.2170
464156,8.4082,0.002974,336.29, 435.2170
464157,8.4111,0.002922,342.18, 435.2164
464158,8.4141,0.003001,333.21, 435.2170
464159,8.4170,0.002911,343.49, 435.2170
464160,8.4199,0.002977,335.94, 435.2170
464161,8.4229,0.002866,348.97, 435.2170
464162,8.4258,0.002859,349.77, 435.2167
464163,8.4292,0.003177,314.81, 435.2167
464164,8.4321,0.003268,305.96, 435.2164
464165,8.4355,0.003111,321.40, 435.2164
464166,8.4390,0.003310,302.13, 435.2167
464167,8.4424,0.003437,290.93, 435.2164
464168,8.4458,0.003440,290.66, 435.2170
464169,8.4492,0.003467,288.45, 435.2164
464170,8.4521,0.003046,328.32, 435.2170
464171,8.4551,0.003029,330.10, 435.2170
464172,8.4580,0.003062,326.58, 435.2170
464173,8.4614,0.003105,322.02, 435.2164
464174,8.4644,0.003056,327.24, 435.2170
464175,8.4673,0.003038,329.13, 435.2170
464176,8.4702,0.002904,344.32, 435.2170
464177,8.4731,0.003023,330.76, 435.2167
464178,8.4766,0.003157,316.75, 435.2170
464179,8.4795,0.003043,328.60, 435.2170
464180,8.4824,0.002915,343.09, 435.2170
464181,8.4854,0.003006,332.71, 435.2170
464182,8.4883,0.002947,339.28, 435.2170
464183,8.4917,0.003084,324.26, 435.2170
464184,8.4946,0.002947,339.31, 435.2335
464185,8.4976,0.003070,325.75, 435.2170
464186,8.5005,0.002942,339.94, 435.2283
464187,8.5034,0.002978,335.80, 435.2170
464188,8.5068,0.003499,285.81, 435.2167
464189,8.5103,0.003148,317.68, 435.2171
464190,8.5132,0.002969,336.79, 435.2164
464191,8.5161,0.003050,327.86, 435.2170
464192,8.5190,0.002947,339.31, 435.2167
464193,8.5220,0.003015,331.66, 435.2167
464194,8.5249,0.002917,342.87, 435.2284
464195,8.5278,0.003034,329.57, 435.2170
464196,8.5308,0.002928,341.58, 435.2170
464197,8.5337,0.002997,333.69, 435.2164
464198,8.5371,0.003077,324.96, 435.2170
464199,8.5405,0.003288,304.13, 435.2167
464200,8.5435,0.002997,333.66, 435.2167
464201,8.5464,0.003066,326.16, 435.2170
464202,8.5493,0.002943,339.84, 435.2170
464203,8.5522,0.003000,333.32, 435.2170
464204,8.5552,0.002964,337.36, 435.2170
464205,8.5581,0.003025,330.60, 435.2164
464206,8.5610,0.002904,344.40, 435.2167
464207,8.5640,0.002982,335.35, 435.2170
464208,8.5674,0.003047,328.25, 435.2170
464209,8.5713,0.004119,242.81, 435.2165
464210,8.5752,0.003820,261.77, 435.2164
464211,8.5781,0.003033,329.75, 435.2171
464212,8.5811,0.002989,334.57, 435.2170
464213,8.5845,0.003055,327.30, 435.2170
464214,8.5874,0.002927,341.69, 435.2170
464215,8.5903,0.002987,334.78, 435.2170
464216,8.5933,0.002930,341.36, 435.2164
464217,8.5962,0.003028,330.25, 435.2164
464218,8.5991,0.002957,338.17, 435.2170
464219,8.6021,0.002973,336.34, 435.2170
464220,8.6050,0.002886,346.54, 435.2167
464221,8.6079,0.003004,332.87, 435.2170
464222,8.6108,0.002860,349.61, 435.2167
464223,8.6138,0.003030,330.09, 435.2170
464224,8.6167,0.003074,325.34, 435.2167
464225,8.6201,0.003059,326.95, 435.2170
464226,8.6230,0.002889,346.18, 435.2170
464227,8.6260,0.003024,330.67, 435.2170
464228,8.6289,0.002897,345.22, 435.2170
464229,8.6318,0.003065,326.31, 435.2164
464230,8.6348,0.002963,337.46, 435.2170
464231,8.6377,0.002998,333.52, 435.2170
464232,8.6406,0.002914,343.21, 435.2167
464233,8.6436,0.003033,329.72, 435.2170
464234,8.6465,0.002949,339.09, 435.2170
464235,8.6494,0.002958,338.09, 435.2170
464236,8.6523,0.002877,347.62, 435.2164
464237,8.6553,0.002952,338.74, 435.2170
464238,8.6582,0.002948,339.22, 435.2170
464239,8.6616,0.002999,333.47, 435.2170
464240,8.6646,0.003045,328.36, 435.2170
464241,8.6675,0.002996,333.79, 435.2167
464242,8.6704,0.002914,343.18, 435.2167
464243,8.6733,0.002973,336.36, 435.2170
464244,8.6763,0.003001,333.27, 435.2164
464245,8.6792,0.002948,339.20, 435.2170
464246,8.6821,0.002928,341.57, 435.2170
464247,8.6851,0.002922,342.25, 435.2170
464248,8.6880,0.002951,338.82, 435.2170
464249,8.6909,0.002911,343.50, 435.2170
464250,8.6938,0.002972,336.47, 435.2170
464251,8.6968,0.002960,337.82, 435.2167
464252,8.6997,0.002960,337.84, 435.2170
464253,8.7026,0.002961,337.71, 435.2167
464254,8.7061,0.002957,338.13, 435.2170
464255,8.7090,0.003079,324.76, 435.2164
464256,8.7119,0.003130,319.49, 435.2167
464257,8.7148,0.002973,336.33, 435.2167
464258,8.7178,0.003005,332.79, 435.2167
464259,8.7207,0.002918,342.75, 435.2167
464260,8.7241,0.003014,331.80, 435.2170
464261,8.7271,0.003027,330.37, 435.2164
464262,8.7300,0.003002,333.13, 435.2167
464263,8.7329,0.002920,342.48, 435.2167
464264,8.7358,0.003015,331.68, 435.2167
464265,8.7388,0.002957,338.18, 435.2164
464266,8.7417,0.003003,332.97, 435.2167
464267,8.7446,0.002898,345.09, 435.2170
464268,8.7476,0.003017,331.50, 435.2164
464269,8.7505,0.002919,342.63, 435.2170
464270,8.7539,0.002971,336.55, 435.2164
464271,8.7568,0.002986,334.90, 435.2170
464272,8.7598,0.003024,330.69, 435.2170
464273,8.7627,0.002974,336.29, 435.2170
464274,8.7661,0.003292,303.74, 435.2164
464275,8.7690,0.002961,337.72, 435.2170
464276,8.7720,0.003050,327.85, 435.2167
464277,8.7749,0.002962,337.63, 435.2167
464278,8.7778,0.003104,322.19, 435.2170
464279,8.7808,0.002964,337.36, 435.2170
464280,8.7842,0.003062,326.54, 435.2170
464281,8.7871,0.002955,338.46, 435.2164
464282,8.7900,0.003050,327.88, 435.2167
464283,8.7930,0.002993,334.17, 435.2170
464284,8.7959,0.003048,328.14, 435.2167
464285,8.7988,0.002979,335.68, 435.2170
464286,8.8022,0.003019,331.20, 435.2170
464287,8.8052,0.002944,339.65, 435.2189
464288,8.8081,0.003019,331.24, 435.2164
464289,8.8110,0.002958,338.03, 435.2170
464290,8.8140,0.003029,330.15, 435.2167
464291,8.8169,0.003010,332.25, 435.2170
464292,8.8203,0.003074,325.29, 435.2167
464293,8.8232,0.003013,331.91, 435.2164
464294,8.8262,0.003017,331.48, 435.2164
464295,8.8291,0.002935,340.77, 435.2170
464296,8.8320,0.003003,332.97, 435.2167
464297,8.8350,0.002996,333.74, 435.2167
464298,8.8379,0.003029,330.14, 435.2167
464299,8.8413,0.003004,332.93, 435.2170
464300,8.8442,0.003003,333.04, 435.2170
464301,8.8472,0.002995,333.88, 435.2164
464302,8.8501,0.003031,329.90, 435.2170
464303,8.8530,0.002962,337.58, 435.2170
464304,8.8560,0.002988,334.71, 435.2164
464305,8.8589,0.002954,338.55, 435.2167
464306,8.8618,0.002992,334.27, 435.2164
464307,8.8652,0.003130,319.51, 435.2170
464308,8.8682,0.003047,328.21, 435.2167
464309,8.8711,0.002928,341.51, 435.2170
464310,8.8740,0.002976,336.00, 435.2164
464311,8.8770,0.002950,339.01, 435.2170
464312,8.8799,0.002989,334.53, 435.2189
464313,8.8833,0.003085,324.15, 435.2170
464314,8.8862,0.002991,334.29, 435.2164
464315,8.8892,0.002926,341.81, 435.2170
464316,8.8921,0.002924,341.99, 435.2170
464317,8.8950,0.003048,328.09, 435.2167
464318,8.8979,0.003012,332.01, 435.2164
464319,8.9009,0.002978,335.81, 435.2170
464320,8.9038,0.002926,341.76, 435.2170
464321,8.9067,0.002978,335.80, 435.2167
464322,8.9097,0.002928,341.52, 435.2170
464323,8.9131,0.002986,334.87, 435.2170
464324,8.9160,0.002948,339.27, 435.2170
464325,8.9189,0.002995,333.86, 435.2170
464326,8.9219,0.002906,344.08, 435.2170
464327,8.9248,0.003090,323.68, 435.2170
464328,8.9277,0.002966,337.12, 435.2164
464329,8.9307,0.003081,324.54, 435.2164
464330,8.9336,0.002937,340.44, 435.2164
464331,8.9365,0.002963,337.48, 435.2189
464332,8.9395,0.002904,344.40, 435.2164
464333,8.9429,0.003016,331.59, 435.2167
464334,8.9458,0.002973,336.38, 435.2164
464335,8.9487,0.003054,327.40, 435.2170
464336,8.9517,0.003004,332.92, 435.2170
464337,8.9546,0.003027,330.32, 435.2164
464338,8.9575,0.002918,342.69, 435.2170
464339,8.9604,0.003056,327.20, 435.2170
464340,8.9639,0.003006,332.70, 435.2167
464341,8.9668,0.003066,326.18, 435.2170
464342,8.9697,0.002973,336.39, 435.2167
464343,8.9727,0.003034,329.59, 435.2170
464344,8.9756,0.002932,341.09, 435.2170
464345,8.9790,0.003085,324.20, 435.2167
464346,8.9819,0.003026,330.46, 435.2167
464347,8.9849,0.002996,333.74, 435.2167
464348,8.9878,0.002893,345.67, 435.2167
464349,8.9907,0.003032,329.82, 435.2164
464350,8.9937,0.002852,350.58, 435.2280
464351,8.9966,0.003008,332.41, 435.2170
464352,8.9995,0.002888,346.27, 435.2170
464353,9.0024,0.003013,331.92, 435.2164
464354,9.0054,0.002901,344.69, 435.2170
464355,9.0083,0.002987,334.83, 435.2170
464356,9.0112,0.002890,345.97, 435.2167
464357,9.0142,0.002991,334.35, 435.2170
464358,9.0171,0.002954,338.50, 435.2170
464359,9.0200,0.002956,338.26, 435.2170
464360,9.0229,0.002950,339.04, 435.2170
464361,9.0259,0.002984,335.15, 435.2167
464362,9.0288,0.002930,341.33, 435.2170
464363,9.0317,0.002927,341.64, 435.2170
464364,9.0352,0.002972,336.53, 435.2164
464365,9.0381,0.002975,336.12, 435.2170
464366,9.0410,0.002972,336.49, 435.2164
464367,9.0439,0.002973,336.38, 435.2170
464368,9.0469,0.002982,335.35, 435.2167
464369,9.0498,0.002956,338.34, 435.2170
464370,9.0527,0.002928,341.55, 435.2170
464371,9.0557,0.002934,340.79, 435.2167
464372,9.0586,0.002943,339.80, 435.2170
464373,9.0615,0.002918,342.70, 435.2170
464374,9.0645,0.003014,331.74, 435.2167
464375,9.0674,0.002920,342.44, 435.2170
464376,9.0703,0.003080,324.66, 435.2164
464377,9.0737,0.003038,329.15, 435.2164
464378,9.0767,0.002986,334.95, 435.2170
464379,9.0796,0.002932,341.02, 435.2170
464380,9.0825,0.003000,333.31, 435.2167
464381,9.0854,0.002970,336.67, 435.2167
464382,9.0884,0.002957,338.21, 435.2170
464383,9.0913,0.002869,348.61, 435.2170
464384,9.0942,0.002959,337.95, 435.2170
464385,9.0972,0.002900,344.83, 435.2170
464386,9.1001,0.002972,336.45, 435.2167
464387,9.1030,0.002933,340.96, 435.2170
464388,9.1060,0.002991,334.33, 435.2170
464389,9.1089,0.003067,326.06, 435.2164
464390,9.1123,0.003014,331.82, 435.2170
464391,9.1152,0.002909,343.74, 435.2167
464392,9.1182,0.003000,333.33, 435.2170
464393,9.1211,0.002925,341.93, 435.2170
464394,9.1240,0.003024,330.68, 435.2170
464395,9.1270,0.002924,341.95, 435.2170
464396,9.1299,0.002991,334.33, 435.2170
464397,9.1328,0.002979,335.72, 435.2167
464398,9.1357,0.002963,337.52, 435.2170
464399,9.1387,0.002905,344.22, 435.2170
464400,9.1416,0.002928,341.53, 435.2170
464401,9.1445,0.002928,341.58, 435.2170
464402,9.1475,0.002985,335.04, 435.2167
464403,9.1504,0.002986,334.86, 435.2170
464404,9.1533,0.002949,339.11, 435.2170
464405,9.1563,0.002953,338.68, 435.2170
464406,9.1592,0.002928,341.53, 435.2167
464407,9.1626,0.002996,333.78, 435.2170
464408,9.1655,0.002951,338.87, 435.2167
464409,9.1685,0.002993,334.12, 435.2170
464410,9.1714,0.002910,343.65, 435.2170
464411,9.1743,0.002928,341.59, 435.2170
464412,9.1772,0.002955,338.43, 435.2164
464413,9.1802,0.002990,334.50, 435.2170
464414,9.1831,0.002947,339.33, 435.2170
464415,9.1860,0.002950,338.95, 435.2170
464416,9.1890,0.002908,343.88, 435.2170
464417,9.1919,0.002961,337.77, 435.2170
464418,9.1948,0.002872,348.23, 435.2167
464419,9.1978,0.003015,331.69, 435.2170
464420,9.2007,0.002894,345.54, 435.2167
464421,9.2036,0.002986,334.87, 435.2170
464422,9.2065,0.002870,348.43, 435.2164
464423,9.2095,0.003014,331.75, 435.2170
464424,9.2124,0.002877,347.58, 435.2170
464425,9.2153,0.003072,325.50, 435.2164
464426,9.2183,0.002917,342.88, 435.2170
464427,9.2212,0.003005,332.80, 435.2170
464428,9.2241,0.002903,344.47, 435.2170
464429,9.2275,0.003068,325.97, 435.2164
464430,9.2305,0.002917,342.87, 435.2167
464431,9.2334,0.003095,323.06, 435.2164
464432,9.2363,0.002872,348.19, 435.2170
464433,9.2393,0.002992,334.27, 435.2164
464434,9.2422,0.003102,322.40, 435.2167
464435,9.2456,0.003121,320.39, 435.2170
464436,9.2485,0.002929,341.47, 435.2167
464437,9.2515,0.002991,334.36, 435.2167
464438,9.2544,0.002871,348.36, 435.2170
464439,9.2573,0.003031,329.96, 435.2164
464440,9.2603,0.002931,341.24, 435.2167
464441,9.2632,0.002971,336.54, 435.2167
464442,9.2661,0.003033,329.73, 435.2170
464443,9.2690,0.003017,331.48, 435.2170
464444,9.2720,0.002967,337.07, 435.2170
464445,9.2754,0.002998,333.61, 435.2164
464446,9.2783,0.002916,342.96, 435.2170
464447,9.2813,0.003090,323.61, 435.2170
464448,9.2842,0.003051,327.82, 435.2170
464449,9.2871,0.002962,337.66, 435.2170
464450,9.2900,0.002902,344.57, 435.2170
464451,9.2930,0.002916,342.94, 435.2170
464452,9.2959,0.002952,338.74, 435.2170
464453,9.2988,0.002935,340.70, 435.2167
464454,9.3018,0.002933,341.01, 435.2170
464455,9.3047,0.002934,340.79, 435.2170
464456,9.3076,0.002955,338.47, 435.2164
464457,9.3105,0.002913,343.27, 435.2170
464458,9.3135,0.002976,335.98, 435.2164
464459,9.3164,0.002945,339.62, 435.2170
464460,9.3198,0.003129,319.64, 435.2164
464461,9.3228,0.002974,336.20, 435.2167
464462,9.3257,0.002989,334.57, 435.2164
464463,9.3286,0.002941,339.97, 435.2170
464464,9.3315,0.002999,333.47, 435.2164
464465,9.3345,0.003049,328.01, 435.2164
464466,9.3379,0.003230,309.63, 435.2164
464467,9.3408,0.002954,338.50, 435.2171
464468,9.3438,0.003049,328.00, 435.2164
464469,9.3467,0.002895,345.46, 435.2228
464470,9.3501,0.003067,326.07, 435.2164
464471,9.3530,0.002944,339.65, 435.2170
464472,9.3560,0.003011,332.16, 435.2164
464473,9.3589,0.002933,340.94, 435.2167
464474,9.3618,0.003133,319.15, 435.2164
464475,9.3647,0.003074,325.33, 435.2170
464476,9.3682,0.003027,330.41, 435.2167
464477,9.3711,0.002975,336.18, 435.2167
464478,9.3740,0.002997,333.63, 435.2167
464479,9.3770,0.002930,341.33, 435.2167
464480,9.3799,0.003066,326.19, 435.2164
464481,9.3828,0.002967,337.04, 435.2170
464482,9.3862,0.003121,320.40, 435.2167
464483,9.3892,0.002942,339.92, 435.2164
464484,9.3921,0.002981,335.46, 435.2170
464485,9.3950,0.002939,340.21, 435.2170
464486,9.3979,0.003040,328.94, 435.2167
464487,9.4009,0.003025,330.55, 435.2170
464488,9.4038,0.003015,331.71, 435.2164
464489,9.4067,0.002949,339.08, 435.2167
464490,9.4102,0.003058,327.04, 435.2167
464491,9.4131,0.003027,330.41, 435.2170
464492,9.4160,0.003088,323.83, 435.2164
464493,9.4189,0.002987,334.83, 435.2170
464494,9.4224,0.003062,326.57, 435.2164
464495,9.4253,0.002985,335.00, 435.2180
464496,9.4282,0.003126,319.88, 435.2167
464497,9.4312,0.002996,333.79, 435.2170
464498,9.4346,0.003202,312.34, 435.2273
464499,9.4375,0.002980,335.55, 435.2170
464500,9.4404,0.003012,332.05, 435.2167
464501,9.4438,0.003368,296.91, 435.2164
464502,9.4473,0.003246,308.08, 435.2171
464503,9.4502,0.003170,315.48, 435.2170
464504,9.4536,0.003386,295.33, 435.2165
464505,9.4570,0.003505,285.34, 435.2164
464506,9.4604,0.003375,296.34, 435.2165
464507,9.4639,0.003317,301.45, 435.2171
464508,9.4668,0.003114,321.11, 435.2170
464509,9.4702,0.003054,327.40, 435.2164
464510,9.4731,0.002957,338.16, 435.2170
464511,9.4761,0.003087,323.99, 435.2167
464512,9.4790,0.003017,331.43, 435.2167
464513,9.4819,0.003029,330.17, 435.2170
464514,9.4854,0.003209,311.64, 435.2170
464515,9.4883,0.003154,317.03, 435.2164
464516,9.4912,0.002933,340.90, 435.2170
464517,9.4946,0.003024,330.66, 435.2164
464518,9.4976,0.002991,334.35, 435.2170
464519,9.5005,0.003024,330.67, 435.2164
464520,9.5034,0.002940,340.11, 435.2167
464521,9.5063,0.003018,331.35, 435.2167
464522,9.5093,0.002943,339.81, 435.2167
464523,9.5122,0.002997,333.68, 435.2170
464524,9.5151,0.003000,333.29, 435.2167
464525,9.5186,0.003015,331.71, 435.2170
464526,9.5215,0.003141,318.36, 435.2164
464527,9.5249,0.003210,311.52, 435.2164
464528,9.5278,0.003200,312.48, 435.2164
464529,9.5313,0.003285,304.43, 435.2165
464530,9.5342,0.003011,332.12, 435.2170
464531,9.5371,0.003068,325.98, 435.2171
464532,9.5400,0.002897,345.18, 435.2170
464533,9.5430,0.003029,330.15, 435.2170
464534,9.5459,0.002921,342.34, 435.2170
464535,9.5488,0.002975,336.18, 435.2170
464536,9.5522,0.003040,329.00, 435.2167
464537,9.5552,0.003300,303.08, 435.2164
464538,9.5586,0.003039,329.03, 435.2170
464539,9.5615,0.003016,331.55, 435.2170
464540,9.5645,0.002920,342.48, 435.2170
464541,9.5674,0.003018,331.30, 435.2164
464542,9.5703,0.002872,348.18, 435.2170
464543,9.5732,0.002978,335.83, 435.2170
464544,9.5762,0.003121,320.42, 435.2170
464545,9.5796,0.003267,306.12, 435.2164
464546,9.5825,0.003086,324.01, 435.2170
464547,9.5859,0.003173,315.13, 435.2167
464548,9.5889,0.003031,329.95, 435.2170
464549,9.5923,0.003170,315.48, 435.2164
464550,9.5952,0.003015,331.70, 435.2167
464551,9.5981,0.003151,317.39, 435.2170
464552,9.6011,0.003013,331.90, 435.2170
464553,9.6045,0.003171,315.41, 435.2167
464554,9.6074,0.002969,336.87, 435.2170
464555,9.6104,0.003030,330.07, 435.2170
464556,9.6133,0.002906,344.12, 435.2170
464557,9.6162,0.003094,323.21, 435.2167
464558,9.6196,0.002966,337.11, 435.2170
464559,9.6226,0.003018,331.36, 435.2170
464560,9.6255,0.002917,342.87, 435.2170
464561,9.6284,0.003161,316.35, 435.2164
464562,9.6313,0.002965,337.29, 435.2167
464563,9.6343,0.003044,328.48, 435.2170
464564,9.6372,0.002910,343.64, 435.2170
464565,9.6406,0.002998,333.53, 435.2167
464566,9.6436,0.002949,339.14, 435.2170
464567,9.6465,0.003008,332.47, 435.2170
464568,9.6494,0.002993,334.15, 435.2170
464569,9.6523,0.002986,334.95, 435.2167
464570,9.6553,0.002919,342.58, 435.2167
464571,9.6582,0.002995,333.87, 435.2170
464572,9.6611,0.002901,344.72, 435.2170
464573,9.6641,0.003052,327.65, 435.2164
464574,9.6670,0.002989,334.53, 435.2170
464575,9.6704,0.002971,336.61, 435.2170
464576,9.6729,0.002904,344.41, 435.2167
464577,9.6763,0.003037,329.29, 435.2167
464578,9.6792,0.003038,329.13, 435.2167
464579,9.6821,0.002952,338.75, 435.2170
464580,9.6851,0.002979,335.72, 435.2170
464581,9.6880,0.002961,337.77, 435.2167
464582,9.6909,0.002950,338.95, 435.2170
464583,9.6938,0.002966,337.18, 435.2170
464584,9.6968,0.002990,334.44, 435.2170
464585,9.6997,0.002924,342.03, 435.2170
464586,9.7026,0.002949,339.12, 435.2164
464587,9.7056,0.002920,342.43, 435.2170
464588,9.7090,0.003022,330.91, 435.2170
464589,9.7119,0.002938,340.36, 435.2170
464590,9.7148,0.002990,334.40, 435.2189
464591,9.7178,0.002957,338.16, 435.2170
464592,9.7207,0.002961,337.74, 435.2170
464593,9.7236,0.002972,336.46, 435.2167
464594,9.7266,0.003060,326.77, 435.2167
464595,9.7295,0.002924,341.96, 435.2170
464596,9.7324,0.002994,334.02, 435.2170
464597,9.7354,0.002947,339.33, 435.2170
464598,9.7388,0.003034,329.57, 435.2167
464599,9.7417,0.002957,338.19, 435.2170
464600,9.7446,0.003039,329.06, 435.2167
464601,9.7476,0.002898,345.02, 435.2170
464602,9.7505,0.002993,334.12, 435.2170
464603,9.7534,0.002938,340.38, 435.2170
464604,9.7563,0.003074,325.35, 435.2164
464605,9.7593,0.002986,334.90, 435.2167
464606,9.7622,0.003011,332.17, 435.2167
464607,9.7651,0.002941,340.04, 435.2170
464608,9.7686,0.003102,322.41, 435.2164
464609,9.7715,0.002929,341.46, 435.2170
464610,9.7744,0.003011,332.07, 435.2164
464611,9.7773,0.002896,345.35, 435.2170
464612,9.7803,0.002985,335.03, 435.2170
464613,9.7832,0.002937,340.47, 435.2170
464614,9.7861,0.003108,321.77, 435.2164
464615,9.7896,0.002999,333.48, 435.2170
464616,9.7925,0.003010,332.23, 435.2164
464617,9.7954,0.002955,338.38, 435.2170
464618,9.7983,0.003015,331.70, 435.2164
464619,9.8013,0.002924,341.97, 435.2170
464620,9.8042,0.003086,324.10, 435.2167
464621,9.8071,0.002982,335.38, 435.2170
464622,9.8101,0.002975,336.13, 435.2167
464623,9.8135,0.003029,330.14, 435.2170
464624,9.8164,0.003014,331.81, 435.2164
464625,9.8193,0.002998,333.58, 435.2170
464626,9.8223,0.002983,335.29, 435.2167
464627,9.8252,0.002917,342.83, 435.2303
464628,9.8281,0.003008,332.47, 435.2164
464629,9.8311,0.003006,332.66, 435.2170
464630,9.8345,0.003035,329.52, 435.2170
464631,9.8374,0.002997,333.71, 435.2170
464632,9.8403,0.002969,336.83, 435.2167
464633,9.8433,0.003010,332.25, 435.2170
464634,9.8462,0.003089,323.69, 435.2170
464635,9.8491,0.002991,334.34, 435.2170
464636,9.8525,0.002979,335.65, 435.2170
464637,9.8555,0.002975,336.16, 435.2170
464638,9.8584,0.002962,337.64, 435.2170
464639,9.8613,0.002965,337.22, 435.2170
464640,9.8643,0.002950,338.98, 435.2164
464641,9.8672,0.003040,329.00, 435.2170
464642,9.8701,0.002940,340.12, 435.2164
464643,9.8730,0.002948,339.19, 435.2170
464644,9.8760,0.002980,335.59, 435.2170
464645,9.8789,0.003023,330.80, 435.2170
464646,9.8818,0.002957,338.20, 435.2233
464647,9.8853,0.003020,331.08, 435.2170
464648,9.8882,0.002999,333.40, 435.2170
464649,9.8911,0.002983,335.28, 435.2167
464650,9.8940,0.002938,340.34, 435.2167
464651,9.8970,0.003062,326.54, 435.2170
464652,9.8999,0.003026,330.50, 435.2167
464653,9.9033,0.002997,333.72, 435.2170
464654,9.9063,0.002963,337.48, 435.2170
464655,9.9092,0.002996,333.83, 435.2170
464656,9.9121,0.002944,339.72, 435.2170
464657,9.9150,0.003046,328.33, 435.2167
464658,9.9180,0.002970,336.67, 435.2170
464659,9.9209,0.003052,327.66, 435.2164
464660,9.9243,0.003039,329.09, 435.2170
464661,9.9272,0.003030,330.05, 435.2170
464662,9.9302,0.003039,329.09, 435.2167
464663,9.9331,0.003061,326.72, 435.2170
464664,9.9360,0.002965,337.22, 435.2164
464665,9.9390,0.003000,333.32, 435.2167
464666,9.9419,0.002947,339.32, 435.2170
464667,9.9453,0.003106,321.96, 435.2170
464668,9.9482,0.003031,329.95, 435.2164
464669,9.9512,0.003048,328.09, 435.2164
464670,9.9541,0.002884,346.72, 435.2454
464671,9.9575,0.003480,287.39, 435.2165
464672,9.9609,0.003398,294.29, 435.2164
464673,9.9644,0.003423,292.18, 435.2165
464674,9.9673,0.002991,334.35, 435.2167
464675,9.9702,0.002966,337.19, 435.2170
464676,9.9731,0.002915,343.08, 435.2167
464677,9.9766,0.002977,335.89, 435.2189
464678,9.9795,0.002987,334.75, 435.2167
464679,9.9824,0.002991,334.30, 435.2170
464680,9.9854,0.002961,337.75, 435.2170
464681,9.9883,0.002990,334.49, 435.2170
464682,9.9912,0.002932,341.03, 435.2167
464683,9.9941,0.003120,320.52, 435.2170
464684,9.9976,0.003004,332.87, 435.2167
