TotalFrame,Time,DeltaTime,FPS,RAM
631302,0.0000,0.013845,72.23, 444.3456
631303,0.0000,0.013845,72.23, 444.5812
631304,0.0200,0.020000,50.00, 444.4008
631305,0.0234,0.003345,299.00, 444.3707
631306,0.0269,0.003101,322.51, 444.3705
631307,0.0352,0.008232,121.48, 444.3707
631308,0.0381,0.003192,313.26, 444.3704
631309,0.0415,0.003587,278.77, 444.3700
631310,0.0449,0.003071,325.65, 444.3706
631311,0.0479,0.002963,337.50, 444.3706
631312,0.0513,0.003723,268.57, 444.3705
631313,0.0547,0.003282,304.72, 444.3700
631314,0.0581,0.003536,282.80, 444.3721
631315,0.0615,0.003194,313.14, 444.3651
631316,0.0645,0.003032,329.85, 444.3646
631317,0.0674,0.003105,322.06, 444.3647
631318,0.0708,0.003370,296.75, 444.3651
631319,0.0742,0.003117,320.81, 444.3652
631320,0.0771,0.003022,330.88, 444.3652
631321,0.0801,0.003050,327.86, 444.3652
631322,0.0840,0.003692,270.84, 444.3652
631323,0.0874,0.003354,298.12, 444.3652
631324,0.0903,0.003071,325.63, 444.3652
631325,0.0942,0.003779,264.65, 444.3646
631326,0.0972,0.002996,333.80, 444.3647
631327,0.1001,0.003117,320.86, 444.3651
631328,0.1035,0.003317,301.48, 444.3647
631329,0.1064,0.003137,318.79, 444.3652
631330,0.1099,0.003428,291.76, 444.3647
631331,0.1138,0.003567,280.36, 444.3651
631332,0.1167,0.003146,317.90, 444.3647
631333,0.1196,0.002901,344.69, 444.3652
631334,0.1226,0.003087,323.98, 444.3649
631335,0.1265,0.003634,275.15, 444.3652
631336,0.1299,0.003418,292.55, 444.3646
631337,0.1328,0.003102,322.33, 444.3651
631338,0.1357,0.002998,333.53, 444.3652
631339,0.1392,0.003109,321.61, 444.3652
631340,0.1426,0.003585,278.91, 444.3651
631341,0.1455,0.002976,335.99, 444.3647
631342,0.1489,0.003260,306.75, 444.3651
631343,0.1519,0.003044,328.57, 444.3649
631344,0.1558,0.003845,260.11, 444.3646
631345,0.1587,0.003082,324.49, 444.3646
631346,0.1616,0.002981,335.42, 444.3651
631347,0.1650,0.003080,324.73, 444.3652
631348,0.1680,0.003262,306.61, 444.3651
631349,0.1714,0.003080,324.72, 444.3652
631350,0.1748,0.003512,284.75, 444.3649
631351,0.1777,0.003033,329.66, 444.3652
631352,0.1807,0.002890,346.04, 444.3652
631353,0.1841,0.003239,308.76, 444.3649
631354,0.1870,0.003279,305.01, 444.3649
631355,0.1909,0.003783,264.37, 444.3651
631356,0.1938,0.003042,328.75, 444.3647
631357,0.1968,0.002937,340.51, 444.3652
631358,0.2002,0.003129,319.63, 444.3649
631359,0.2036,0.003527,283.51, 444.3651
631360,0.2065,0.002974,336.20, 444.3652
631361,0.2100,0.003414,292.92, 444.3651
631362,0.2129,0.003103,322.29, 444.3649
631363,0.2163,0.003298,303.26, 444.3651
631364,0.2192,0.003005,332.76, 444.3652
631365,0.2236,0.004087,244.68, 444.3646
631366,0.2266,0.003179,314.57, 444.3646
631367,0.2295,0.003035,329.45, 444.3651
631368,0.2329,0.003085,324.11, 444.3649
631369,0.2358,0.003103,322.28, 444.3646
631370,0.2393,0.003231,309.51, 444.3647
631371,0.2427,0.003409,293.36, 444.3647
631372,0.2456,0.003048,328.05, 444.3649
631373,0.2485,0.003011,332.14, 444.3652
631374,0.2520,0.003488,286.72, 444.3651
631375,0.2549,0.003025,330.57, 444.3652
631376,0.2583,0.003326,300.70, 444.3646
631377,0.2612,0.003044,328.48, 444.3647
631378,0.2646,0.003220,310.52, 444.3651
631379,0.2676,0.002988,334.65, 444.3649
631380,0.2710,0.003575,279.74, 444.3651
631381,0.2744,0.003025,330.63, 444.3652
631382,0.2773,0.003229,309.70, 444.3651
631383,0.2803,0.002952,338.80, 444.3652
631384,0.2837,0.003401,294.06, 444.3670
631385,0.2866,0.003024,330.70, 444.3652
631386,0.2905,0.003455,289.44, 444.3646
631387,0.2935,0.002950,339.03, 444.3652
631388,0.2969,0.003391,294.91, 444.3652
631389,0.2998,0.003399,294.25, 444.3649
631390,0.3032,0.003054,327.47, 444.3647
631391,0.3066,0.003588,278.68, 444.3651
631392,0.3096,0.002954,338.55, 444.3649
631393,0.3125,0.002965,337.33, 444.3652
631394,0.3159,0.003303,302.80, 444.3652
631395,0.3193,0.003395,294.59, 444.3651
631396,0.3223,0.003078,324.92, 444.3652
631397,0.3257,0.003346,298.85, 444.3651
631398,0.3286,0.002949,339.08, 444.3652
631399,0.3320,0.003360,297.62, 444.3651
631400,0.3350,0.003140,318.46, 444.3649
631401,0.3384,0.003246,308.08, 444.3651
631402,0.3418,0.003146,317.83, 444.3652
631403,0.3447,0.003327,300.56, 444.3652
631404,0.3481,0.003384,295.47, 444.3649
631405,0.3516,0.003149,317.55, 444.3646
631406,0.3545,0.003061,326.73, 444.3652
631407,0.3579,0.003193,313.19, 444.3652
631408,0.3608,0.003319,301.32, 444.3649
631409,0.3638,0.002967,337.04, 444.3652
631410,0.3677,0.003657,273.45, 444.3651
631411,0.3706,0.002974,336.27, 444.3652
631412,0.3740,0.003376,296.25, 444.3649
631413,0.3770,0.003090,323.67, 444.3647
631414,0.3804,0.003267,306.12, 444.3651
631415,0.3833,0.003086,324.02, 444.3652
631416,0.3867,0.003090,323.64, 444.3651
631417,0.3896,0.003040,329.00, 444.3649
631418,0.3936,0.004001,249.96, 444.3646
631419,0.3970,0.003368,296.95, 444.3646
631420,0.3999,0.003092,323.46, 444.3651
631421,0.4028,0.003039,329.01, 444.3651
631422,0.4063,0.002963,337.50, 444.3652
631423,0.4092,0.003385,295.41, 444.3651
631424,0.4126,0.003023,330.85, 444.3651
631425,0.4155,0.002988,334.65, 444.3652
631426,0.4185,0.003172,315.22, 444.3652
631427,0.4224,0.003709,269.59, 444.3651
631428,0.4253,0.003098,322.84, 444.3652
631429,0.4287,0.003171,315.41, 444.3651
631430,0.4316,0.003202,312.34, 444.3652
631431,0.4351,0.003307,302.38, 444.3651
631432,0.4380,0.002978,335.76, 444.3649
631433,0.4414,0.003577,279.58, 444.3725
631434,0.4448,0.003039,329.03, 444.3652
631435,0.4478,0.002923,342.09, 444.3652
631436,0.4507,0.003092,323.45, 444.3652
631437,0.4546,0.003863,258.87, 444.3646
631438,0.4575,0.003103,322.31, 444.3651
631439,0.4604,0.002937,340.50, 444.3670
631440,0.4634,0.002995,333.85, 444.3652
631441,0.4673,0.003486,286.83, 444.3649
631442,0.4702,0.003322,301.03, 444.3651
631443,0.4731,0.002981,335.48, 444.3652
631444,0.4771,0.003631,275.41, 444.3651
631445,0.4800,0.002987,334.82, 444.3652
631446,0.4834,0.003196,312.92, 444.3651
631447,0.4863,0.003021,330.99, 444.3652
631448,0.4897,0.003333,300.03, 444.3646
631449,0.4927,0.003315,301.70, 444.3652
631450,0.4966,0.003590,278.59, 444.3646
631451,0.4995,0.003170,315.48, 444.3651
631452,0.5029,0.003393,294.71, 444.3646
631453,0.5068,0.003616,276.53, 444.3646
631454,0.5103,0.003619,276.29, 444.3646
631455,0.5137,0.003334,299.94, 444.3651
631456,0.5166,0.003134,319.13, 444.3646
631457,0.5195,0.002971,336.64, 444.3651
631458,0.5229,0.003085,324.18, 444.3646
631459,0.5259,0.003036,329.40, 444.3652
631460,0.5288,0.003076,325.07, 444.3647
631461,0.5327,0.004035,247.84, 444.3647
631462,0.5361,0.003260,306.78, 444.3646
631463,0.5391,0.003007,332.56, 444.3651
631464,0.5425,0.003095,323.15, 444.3646
631465,0.5454,0.002945,339.56, 444.3651
631466,0.5483,0.003005,332.83, 444.3647
631467,0.5518,0.003450,289.85, 444.3646
631468,0.5547,0.003084,324.31, 444.3652
631469,0.5576,0.003015,331.66, 444.3652
631470,0.5615,0.003614,276.70, 444.3651
631471,0.5645,0.002936,340.61, 444.3652
631472,0.5674,0.003313,301.83, 444.3651
631473,0.5708,0.003024,330.67, 444.3647
631474,0.5747,0.003961,252.44, 444.3646
631475,0.5776,0.003265,306.32, 444.3651
631476,0.5811,0.003215,311.08, 444.3646
631477,0.5845,0.003190,313.44, 444.3649
631478,0.5874,0.003207,311.81, 444.3646
631479,0.5908,0.003182,314.24, 444.3649
631480,0.5938,0.003210,311.58, 444.3646
631481,0.5972,0.003100,322.56, 444.3649
631482,0.6001,0.002910,343.61, 444.3651
631483,0.6030,0.003038,329.12, 444.3651
631484,0.6060,0.002929,341.40, 444.3651
631485,0.6089,0.003012,331.96, 444.3647
631486,0.6123,0.003625,275.88, 444.3649
631487,0.6157,0.003035,329.48, 444.3652
631488,0.6187,0.003166,315.82, 444.3649
631489,0.6221,0.003586,278.89, 444.3651
631490,0.6255,0.003089,323.77, 444.3652
631491,0.6284,0.002996,333.74, 444.3652
631492,0.6313,0.002948,339.19, 444.3652
631493,0.6348,0.003683,271.55, 444.3651
631494,0.6382,0.002980,335.54, 444.3652
631495,0.6411,0.003321,301.10, 444.3651
631496,0.6445,0.003044,328.50, 444.3647
631497,0.6475,0.003196,312.93, 444.3652
631498,0.6504,0.003055,327.35, 444.3649
631499,0.6543,0.003630,275.51, 444.3651
631500,0.6572,0.003054,327.42, 444.3652
631501,0.6602,0.002912,343.42, 444.3652
631502,0.6636,0.003210,311.58, 444.3652
631503,0.6670,0.003526,283.62, 444.3651
631504,0.6699,0.003014,331.82, 444.3652
631505,0.6729,0.003097,322.90, 444.3652
631506,0.6763,0.003044,328.56, 444.3652
631507,0.6797,0.003596,278.09, 444.3652
631508,0.6831,0.003524,283.80, 444.3651
631509,0.6860,0.003021,331.01, 444.3647
631510,0.6895,0.003251,307.58, 444.3651
631511,0.6924,0.002928,341.55, 444.3652
631512,0.6958,0.003302,302.89, 444.3651
631513,0.6987,0.003005,332.79, 444.3649
631514,0.7021,0.003431,291.43, 444.3651
631515,0.7051,0.003109,321.61, 444.3652
631516,0.7085,0.003410,293.22, 444.3651
631517,0.7114,0.002993,334.16, 444.3649
631518,0.7148,0.003043,328.64, 444.3652
631519,0.7178,0.003268,306.02, 444.3785
631520,0.7212,0.003132,319.33, 444.3652
631521,0.7241,0.003067,326.03, 444.3652
631522,0.7275,0.003611,276.91, 444.3651
631523,0.7310,0.003020,331.10, 444.3647
631524,0.7339,0.003274,305.43, 444.3651
631525,0.7368,0.002977,335.90, 444.3652
631526,0.7402,0.003199,312.59, 444.3647
631527,0.7441,0.003775,264.88, 444.3651
631528,0.7471,0.002955,338.44, 444.3649
631529,0.7505,0.003291,303.89, 444.3651
631530,0.7534,0.002942,339.87, 444.3649
631531,0.7568,0.003481,287.28, 444.3651
631532,0.7598,0.002932,341.11, 444.3652
631533,0.7632,0.003495,286.09, 444.3651
631534,0.7661,0.002957,338.18, 444.3652
631535,0.7695,0.003346,298.84, 444.3649
631536,0.7725,0.003085,324.14, 444.3647
631537,0.7759,0.003144,318.11, 444.3652
631538,0.7788,0.003022,330.93, 444.3652
631539,0.7822,0.003603,277.56, 444.3651
631540,0.7852,0.003069,325.83, 444.3649
631541,0.7881,0.002925,341.86, 444.3671
631542,0.7915,0.003381,295.74, 444.3649
631543,0.7949,0.003242,308.43, 444.3670
631544,0.7979,0.003135,318.94, 444.3647
631545,0.8018,0.003846,260.04, 444.3646
631546,0.8057,0.003676,272.03, 444.3646
631547,0.8091,0.003681,271.64, 444.3646
631548,0.8125,0.003143,318.14, 444.3649
631549,0.8154,0.003048,328.14, 444.3646
631550,0.8184,0.002939,340.30, 444.3649
631551,0.8213,0.003150,317.46, 444.3652
631552,0.8252,0.003619,276.31, 444.3646
631553,0.8281,0.003011,332.16, 444.3652
631554,0.8311,0.003044,328.47, 444.3647
631555,0.8340,0.003028,330.31, 444.3652
631556,0.8379,0.003557,281.16, 444.3652
631557,0.8413,0.003458,289.15, 444.3646
631558,0.8442,0.003056,327.20, 444.3649
631559,0.8472,0.003044,328.49, 444.3652
631560,0.8506,0.003163,316.15, 444.3647
631561,0.8540,0.003377,296.10, 444.3651
631562,0.8569,0.003039,329.08, 444.3647
631563,0.8604,0.003462,288.82, 444.3651
631564,0.8633,0.003029,330.20, 444.3652
631565,0.8667,0.003461,288.97, 444.3651
631566,0.8701,0.003079,324.83, 444.3652
631567,0.8735,0.003706,269.86, 444.3651
631568,0.8765,0.003027,330.41, 444.3649
631569,0.8799,0.003095,323.10, 444.3652
631570,0.8833,0.003467,288.40, 444.3652
631571,0.8862,0.002988,334.71, 444.3652
631572,0.8892,0.003012,332.04, 444.3652
631573,0.8931,0.003753,266.43, 444.3652
631574,0.8960,0.003050,327.92, 444.3646
631575,0.8989,0.002957,338.21, 444.3652
631576,0.9023,0.003384,295.53, 444.3649
631577,0.9053,0.002921,342.37, 444.3760
631578,0.9087,0.003506,285.25, 444.3652
631579,0.9121,0.003095,323.12, 444.3652
631580,0.9155,0.003645,274.36, 444.3651
631581,0.9189,0.003482,287.17, 444.3646
631582,0.9219,0.003074,325.32, 444.3646
631583,0.9253,0.003175,314.99, 444.3651
631584,0.9282,0.002983,335.23, 444.3790
631585,0.9312,0.003149,317.55, 444.3649
631586,0.9346,0.003063,326.53, 444.3646
631587,0.9375,0.003038,329.21, 444.3652
631588,0.9414,0.003690,270.97, 444.3652
631589,0.9443,0.003073,325.41, 444.3652
631590,0.9473,0.003047,328.15, 444.3652
631591,0.9507,0.003495,286.14, 444.3651
631592,0.9536,0.002947,339.28, 444.3647
631593,0.9575,0.003560,280.88, 444.3651
631594,0.9604,0.002970,336.72, 444.3652
631595,0.9634,0.003075,325.16, 444.3652
631596,0.9663,0.003023,330.78, 444.3652
631597,0.9697,0.003543,282.23, 444.3651
631598,0.9731,0.003035,329.50, 444.3652
631599,0.9761,0.003344,299.07, 444.3651
631600,0.9795,0.003007,332.58, 444.3652
631601,0.9824,0.003359,297.71, 444.3649
631602,0.9858,0.003096,323.03, 444.3649
631603,0.9888,0.003042,328.74, 444.3652
631604,0.9922,0.003302,302.86, 444.3647
631605,0.9951,0.003176,314.89, 444.3649
631606,0.9980,0.002961,337.78, 444.3652
631607,1.0020,0.003662,273.09, 444.3651
631608,1.0049,0.003040,328.93, 444.3652
631609,1.0083,0.003294,303.61, 444.3649
631610,1.0117,0.003404,293.77, 444.3646
631611,1.0146,0.003018,331.31, 444.3647
631612,1.0176,0.003155,316.96, 444.3652
631613,1.0210,0.002996,333.73, 444.3647
631614,1.0244,0.003657,273.43, 444.3651
631615,1.0273,0.002953,338.70, 444.3652
631616,1.0303,0.003031,329.96, 444.3652
631617,1.0337,0.003177,314.77, 444.3649
631618,1.0371,0.003508,285.05, 444.3651
631619,1.0400,0.003071,325.62, 444.3652
631620,1.0435,0.003402,293.95, 444.3646
631621,1.0464,0.003016,331.53, 444.3649
631622,1.0498,0.003219,310.66, 444.3646
631623,1.0527,0.002981,335.45, 444.3652
631624,1.0562,0.003394,294.60, 444.3646
631625,1.0591,0.003036,329.41, 444.3649
631626,1.0625,0.003433,291.33, 444.3652
631627,1.0659,0.003431,291.50, 444.3651
631628,1.0688,0.002926,341.72, 444.3649
631629,1.0728,0.003829,261.17, 444.3646
631630,1.0762,0.003267,306.06, 444.3646
631631,1.0791,0.002929,341.41, 444.3651
631632,1.0820,0.002962,337.59, 444.3652
631633,1.0850,0.002908,343.94, 444.3652
631634,1.0884,0.003217,310.81, 444.3647
631635,1.0918,0.003608,277.13, 444.3651
631636,1.0947,0.003050,327.90, 444.3647
631637,1.0977,0.002888,346.22, 444.3652
631638,1.1011,0.003248,307.86, 444.3649
631639,1.1045,0.003465,288.62, 444.3651
631640,1.1074,0.003082,324.43, 444.3647
631641,1.1108,0.003303,302.75, 444.3652
631642,1.1143,0.003415,292.81, 444.3651
631643,1.1172,0.002852,350.61, 444.3671
631644,1.1206,0.003391,294.94, 444.3651
631645,1.1235,0.003019,331.26, 444.3647
631646,1.1270,0.003424,292.03, 444.3652
631647,1.1304,0.003388,295.14, 444.3652
631648,1.1338,0.003492,286.39, 444.3651
631649,1.1367,0.003077,325.02, 444.3647
631650,1.1396,0.002979,335.73, 444.3652
631651,1.1431,0.003020,331.14, 444.3652
631652,1.1465,0.003599,277.84, 444.3651
631653,1.1494,0.003062,326.58, 444.3647
631654,1.1528,0.003402,293.92, 444.3646
631655,1.1558,0.003042,328.70, 444.3647
631656,1.1592,0.003103,322.30, 444.3651
631657,1.1621,0.003012,332.01, 444.3652
631658,1.1655,0.003568,280.24, 444.3647
631659,1.1689,0.003166,315.85, 444.3652
631660,1.1719,0.002958,338.07, 444.3647
631661,1.1758,0.003960,252.52, 444.3651
631662,1.1787,0.002968,336.95, 444.3649
631663,1.1816,0.002946,339.42, 444.3652
631664,1.1846,0.002968,336.90, 444.3649
631665,1.1880,0.003549,281.74, 444.3651
631666,1.1909,0.002911,343.48, 444.3652
631667,1.1948,0.003723,268.59, 444.3651
631668,1.1978,0.003056,327.18, 444.3647
631669,1.2007,0.003052,327.65, 444.3652
631670,1.2041,0.003268,306.04, 444.3652
631671,1.2075,0.003458,289.17, 444.3651
631672,1.2104,0.002976,335.98, 444.3649
631673,1.2139,0.003067,326.08, 444.3649
631674,1.2168,0.003182,314.32, 444.3652
631675,1.2202,0.003536,282.82, 444.3651
631676,1.2236,0.003084,324.21, 444.3652
631677,1.2266,0.003222,310.39, 444.3652
631678,1.2300,0.003424,292.03, 444.3651
631679,1.2329,0.002950,338.95, 444.3652
631680,1.2368,0.003762,265.79, 444.3646
631681,1.2402,0.003365,297.21, 444.3649
631682,1.2432,0.003055,327.32, 444.3646
631683,1.2461,0.003030,330.09, 444.3649
631684,1.2490,0.002946,339.44, 444.3646
631685,1.2524,0.002992,334.25, 444.3652
631686,1.2559,0.003564,280.58, 444.3651
631687,1.2588,0.003022,330.88, 444.3652
631688,1.2622,0.003473,287.98, 444.3651
631689,1.2651,0.002986,334.85, 444.3652
631690,1.2686,0.003454,289.54, 444.3649
631691,1.2720,0.003044,328.49, 444.3652
631692,1.2749,0.003068,325.95, 444.3652
631693,1.2783,0.003729,268.20, 444.3749
631694,1.2817,0.002957,338.21, 444.3651
631695,1.2847,0.003066,326.17, 444.3671
631696,1.2876,0.002884,346.79, 444.3652
631697,1.2910,0.003671,272.40, 444.3651
631698,1.2939,0.002986,334.93, 444.3649
631699,1.2979,0.003503,285.48, 444.3651
631700,1.3008,0.002994,334.01, 444.3649
631701,1.3037,0.003257,307.03, 444.3651
631702,1.3071,0.003097,322.88, 444.3649
631703,1.3101,0.003281,304.80, 444.3651
631704,1.3135,0.003000,333.29, 444.3649
631705,1.3169,0.003554,281.35, 444.3649
631706,1.3198,0.003014,331.77, 444.3652
631707,1.3232,0.003315,301.62, 444.3646
631708,1.3262,0.003051,327.72, 444.3652
631709,1.3301,0.003772,265.13, 444.3651
631710,1.3330,0.003012,332.06, 444.3651
631711,1.3359,0.002933,340.96, 444.3652
631712,1.3394,0.003416,292.78, 444.3646
631713,1.3423,0.002976,335.98, 444.3652
631714,1.3457,0.003437,290.93, 444.3651
631715,1.3486,0.002943,339.78, 444.3652
631716,1.3521,0.003543,282.27, 444.3651
631717,1.3555,0.003117,320.78, 444.3647
631718,1.3584,0.003048,328.07, 444.3651
631719,1.3613,0.003001,333.22, 444.3652
631720,1.3647,0.003364,297.24, 444.3651
631721,1.3677,0.003069,325.87, 444.3652
631722,1.3711,0.003216,310.95, 444.3651
631723,1.3740,0.003068,325.92, 444.3652
631724,1.3774,0.003524,283.79, 444.3651
631725,1.3809,0.002990,334.48, 444.3652
631726,1.3843,0.003462,288.88, 444.3649
631727,1.3872,0.003149,317.52, 444.3651
631728,1.3901,0.003054,327.47, 444.3649
631729,1.3936,0.003201,312.43, 444.3649
631730,1.3965,0.003161,316.38, 444.3649
631731,1.3999,0.003121,320.37, 444.3647
631732,1.4033,0.003629,275.59, 444.3647
631733,1.4067,0.003113,321.24, 444.3646
631734,1.4097,0.003057,327.12, 444.3647
631735,1.4131,0.003593,278.32, 444.3670
631736,1.4165,0.003484,287.05, 444.3734
631737,1.4199,0.003041,328.87, 444.3651
631738,1.4229,0.003187,313.76, 444.3646
631739,1.4258,0.003043,328.60, 444.3651
631740,1.4292,0.003133,319.17, 444.3646
631741,1.4321,0.003040,328.90, 444.3652
631742,1.4351,0.003213,311.22, 444.3649
631743,1.4385,0.003055,327.31, 444.3651
631744,1.4414,0.003165,315.95, 444.3649
631745,1.4448,0.003468,288.33, 444.3646
631746,1.4482,0.003114,321.14, 444.3646
631747,1.4512,0.003122,320.31, 444.3647
631748,1.4551,0.003634,275.18, 444.3651
631749,1.4580,0.003115,321.03, 444.3651
631750,1.4609,0.003118,320.69, 444.3646
631751,1.4644,0.003259,306.87, 444.3651
631752,1.4673,0.003167,315.79, 444.3646
631753,1.4707,0.003173,315.13, 444.3646
631754,1.4736,0.003146,317.84, 444.3646
631755,1.4771,0.003158,316.71, 444.3647
631756,1.4805,0.003251,307.57, 444.3651
631757,1.4834,0.003111,321.44, 444.3647
631758,1.4863,0.002958,338.12, 444.3652
631759,1.4893,0.003117,320.79, 444.3652
631760,1.4927,0.003402,293.93, 444.3649
631761,1.4961,0.003470,288.19, 444.3646
631762,1.4995,0.003222,310.34, 444.3646
631763,1.5029,0.003177,314.73, 444.3649
631764,1.5063,0.003444,290.39, 444.3646
631765,1.5098,0.003658,273.37, 444.3646
631766,1.5137,0.003630,275.50, 444.3646
631767,1.5166,0.003261,306.65, 444.3651
631768,1.5200,0.003181,314.39, 444.3649
631769,1.5229,0.003044,328.57, 444.3651
631770,1.5259,0.003124,320.07, 444.3649
631771,1.5288,0.002983,335.27, 444.3652
631772,1.5322,0.002967,337.00, 444.3652
631773,1.5356,0.003643,274.48, 444.3647
631774,1.5386,0.003143,318.21, 444.3647
631775,1.5425,0.003586,278.90, 444.3652
631776,1.5454,0.003193,313.18, 444.3646
631777,1.5483,0.002938,340.38, 444.3649
631778,1.5513,0.002972,336.49, 444.3652
631779,1.5552,0.003568,280.26, 444.3652
631780,1.5586,0.003547,281.96, 444.3651
631781,1.5615,0.002947,339.37, 444.3652
631782,1.5649,0.003326,300.63, 444.3651
631783,1.5679,0.002972,336.51, 444.3652
631784,1.5713,0.003329,300.35, 444.3651
631785,1.5742,0.003265,306.28, 444.3647
631786,1.5776,0.003040,328.97, 444.3652
631787,1.5806,0.003032,329.78, 444.3652
631788,1.5840,0.003612,276.87, 444.3651
631789,1.5874,0.003059,326.93, 444.3652
631790,1.5908,0.003604,277.45, 444.3646
631791,1.5938,0.003145,317.98, 444.3651
631792,1.5967,0.002947,339.33, 444.3651
631793,1.6001,0.002995,333.88, 444.3652
631794,1.6030,0.003247,307.98, 444.3651
631795,1.6060,0.003055,327.33, 444.3652
631796,1.6094,0.003445,290.26, 444.3651
631797,1.6123,0.002946,339.47, 444.3652
631798,1.6157,0.003363,297.37, 444.3652
631799,1.6191,0.003321,301.11, 444.3651
631800,1.6221,0.003002,333.17, 444.3652
631801,1.6260,0.003524,283.74, 444.3651
631802,1.6289,0.003074,325.30, 444.3647
631803,1.6318,0.003100,322.54, 444.3652
631804,1.6348,0.002973,336.39, 444.3652
631805,1.6387,0.003566,280.43, 444.3651
631806,1.6416,0.002998,333.56, 444.3649
631807,1.6450,0.003429,291.60, 444.3651
631808,1.6479,0.003009,332.35, 444.3647
631809,1.6514,0.003217,310.85, 444.3649
631810,1.6543,0.003096,323.00, 444.3649
631811,1.6572,0.003085,324.14, 444.3661
631812,1.6606,0.003360,297.62, 444.3652
631813,1.6641,0.003326,300.68, 444.3651
631814,1.6670,0.002985,334.96, 444.3652
631815,1.6704,0.003315,301.69, 444.3652
631816,1.6738,0.003529,283.33, 444.3649
631817,1.6772,0.003579,279.42, 444.3649
631818,1.6802,0.002964,337.43, 444.3654
631819,1.6836,0.003009,332.34, 444.3649
631820,1.6870,0.003556,281.19, 444.3651
631821,1.6899,0.002988,334.63, 444.3649
631822,1.6934,0.003312,301.94, 444.3651
631823,1.6963,0.003009,332.35, 444.3652
631824,1.6997,0.003258,306.95, 444.3647
631825,1.7026,0.003030,330.04, 444.3652
631826,1.7061,0.003552,281.56, 444.3646
631827,1.7090,0.003010,332.18, 444.3652
631828,1.7124,0.003329,300.35, 444.3670
631829,1.7153,0.002986,334.87, 444.3652
631830,1.7188,0.003521,284.03, 444.3652
631831,1.7222,0.003412,293.05, 444.3651
631832,1.7251,0.002933,340.98, 444.3649
631833,1.7285,0.003362,297.42, 444.3646
631834,1.7319,0.003277,305.17, 444.3646
631835,1.7349,0.003029,330.17, 444.3651
631836,1.7378,0.003028,330.29, 444.3647
631837,1.7417,0.003541,282.45, 444.3649
631838,1.7446,0.003139,318.55, 444.3652
631839,1.7480,0.003314,301.78, 444.3651
631840,1.7510,0.003010,332.21, 444.3652
631841,1.7549,0.003719,268.93, 444.3647
631842,1.7578,0.003137,318.77, 444.3651
631843,1.7607,0.002991,334.30, 444.3651
631844,1.7637,0.003063,326.50, 444.3652
631845,1.7671,0.003251,307.59, 444.3647
631846,1.7705,0.003536,282.85, 444.3646
631847,1.7734,0.003006,332.68, 444.3651
631848,1.7769,0.003107,321.82, 444.3647
631849,1.7798,0.003002,333.08, 444.3649
631850,1.7837,0.003674,272.21, 444.3651
631851,1.7866,0.003052,327.61, 444.3649
631852,1.7896,0.003076,325.11, 444.3652
631853,1.7935,0.003640,274.71, 444.3649
631854,1.7964,0.002998,333.61, 444.3651
631855,1.7993,0.002951,338.89, 444.3652
631856,1.8022,0.003107,321.91, 444.3652
631857,1.8052,0.003031,329.91, 444.3652
631858,1.8086,0.003520,284.07, 444.3646
631859,1.8120,0.003074,325.28, 444.3652
631860,1.8154,0.003351,298.43, 444.3651
631861,1.8184,0.002992,334.20, 444.3652
631862,1.8213,0.003285,304.39, 444.3651
631863,1.8247,0.003233,309.27, 444.3647
631864,1.8286,0.003844,260.18, 444.3646
631865,1.8315,0.003000,333.39, 444.3649
631866,1.8345,0.002931,341.23, 444.3705
631867,1.8374,0.002981,335.49, 444.3652
631868,1.8408,0.003122,320.32, 444.3647
631869,1.8442,0.003548,281.84, 444.3649
631870,1.8472,0.002967,337.06, 444.3652
631871,1.8506,0.003372,296.55, 444.3652
631872,1.8535,0.003121,320.43, 444.3652
631873,1.8574,0.003563,280.64, 444.3651
631874,1.8604,0.002944,339.72, 444.3652
631875,1.8638,0.003412,293.06, 444.3651
631876,1.8667,0.002953,338.60, 444.3765
631877,1.8706,0.003956,252.78, 444.3646
631878,1.8735,0.003072,325.52, 444.3651
631879,1.8765,0.002987,334.75, 444.3649
631880,1.8794,0.002970,336.73, 444.3652
631881,1.8828,0.003277,305.18, 444.3649
631882,1.8867,0.003700,270.26, 444.3651
631883,1.8896,0.003022,330.96, 444.3649
631884,1.8926,0.003266,306.23, 444.3651
631885,1.8960,0.003102,322.37, 444.3649
631886,1.8989,0.003139,318.60, 444.3649
631887,1.9019,0.003048,328.06, 444.3652
631888,1.9053,0.003366,297.12, 444.3651
631889,1.9082,0.002969,336.80, 444.3652
631890,1.9121,0.003953,252.95, 444.3651
631891,1.9155,0.003111,321.40, 444.3647
631892,1.9189,0.003300,303.07, 444.3651
631893,1.9219,0.003044,328.49, 444.3649
631894,1.9253,0.003429,291.66, 444.3649
631895,1.9282,0.003189,313.56, 444.3652
631896,1.9312,0.002971,336.63, 444.3649
631897,1.9351,0.003718,268.94, 444.3649
631898,1.9380,0.003013,331.95, 444.3652
631899,1.9414,0.003373,296.48, 444.3651
631900,1.9443,0.002972,336.49, 444.3652
631901,1.9482,0.003679,271.85, 444.3646
631902,1.9512,0.003033,329.72, 444.3649
631903,1.9541,0.002917,342.88, 444.3652
631904,1.9570,0.003012,332.01, 444.3649
631905,1.9604,0.003542,282.32, 444.3670
631906,1.9639,0.003035,329.48, 444.3649
631907,1.9673,0.003368,296.88, 444.3651
631908,1.9702,0.003043,328.64, 444.3652
631909,1.9736,0.003551,281.59, 444.3649
631910,1.9766,0.003095,323.12, 444.3649
631911,1.9800,0.003099,322.71, 444.3649
631912,1.9829,0.002997,333.67, 444.3652
631913,1.9863,0.003641,274.63, 444.3652
631914,1.9897,0.003424,292.06, 444.3651
631915,1.9927,0.002957,338.18, 444.3652
631916,1.9961,0.003415,292.84, 444.3651
631917,1.9990,0.002940,340.11, 444.3652
631918,2.0029,0.003558,281.08, 444.3651
631919,2.0059,0.003025,330.56, 444.3652
631920,2.0093,0.003244,308.29, 444.3649
631921,2.0122,0.003001,333.21, 444.3652
631922,2.0156,0.003531,283.22, 444.3651
631923,2.0186,0.002975,336.13, 444.3652
631924,2.0220,0.003505,285.34, 444.3646
631925,2.0249,0.003079,324.78, 444.3649
631926,2.0283,0.003202,312.32, 444.3649
631927,2.0313,0.003063,326.50, 444.3652
631928,2.0347,0.003332,300.16, 444.3652
631929,2.0386,0.003761,265.92, 444.3649
631930,2.0415,0.002977,335.95, 444.3647
631931,2.0449,0.003564,280.56, 444.3651
631932,2.0483,0.003076,325.15, 444.3647
631933,2.0513,0.002953,338.59, 444.3652
631934,2.0542,0.003099,322.74, 444.3649
631935,2.0576,0.003614,276.68, 444.3651
631936,2.0605,0.002963,337.48, 444.3652
631937,2.0640,0.003320,301.23, 444.3651
631938,2.0674,0.003109,321.65, 444.3649
631939,2.0708,0.003523,283.87, 444.3649
631940,2.0737,0.003122,320.27, 444.3647
631941,2.0767,0.003060,326.78, 444.3652
631942,2.0801,0.003198,312.70, 444.3652
631943,2.0835,0.003233,309.30, 444.3652
631944,2.0874,0.003919,255.17, 444.3646
631945,2.0908,0.003781,264.48, 444.3646
631946,2.0942,0.003141,318.41, 444.3651
631947,2.0972,0.003036,329.40, 444.3651
631948,2.1001,0.002907,344.01, 444.3651
631949,2.1030,0.002997,333.70, 444.3652
631950,2.1060,0.003107,321.82, 444.3652
631951,2.1094,0.003019,331.29, 444.3652
631952,2.1133,0.003943,253.62, 444.3646
631953,2.1162,0.003195,313.03, 444.3651
631954,2.1191,0.002961,337.76, 444.3646
631955,2.1226,0.003101,322.50, 444.3652
631956,2.1260,0.003350,298.52, 444.3646
631957,2.1289,0.002965,337.31, 444.3652
631958,2.1323,0.003405,293.69, 444.3652
631959,2.1357,0.003437,290.95, 444.3651
631960,2.1387,0.002974,336.22, 444.3647
631961,2.1416,0.003274,305.41, 444.3651
631962,2.1450,0.003007,332.60, 444.3649
631963,2.1484,0.003397,294.42, 444.3651
631964,2.1514,0.002995,333.87, 444.3652
631965,2.1548,0.003482,287.19, 444.3649
631966,2.1577,0.002978,335.81, 444.3652
631967,2.1616,0.003932,254.32, 444.3651
631968,2.1646,0.003065,326.31, 444.3647
631969,2.1675,0.003043,328.68, 444.3649
631970,2.1709,0.003081,324.55, 444.3647
631971,2.1743,0.003482,287.21, 444.3651
631972,2.1772,0.003129,319.56, 444.3647
631973,2.1807,0.003045,328.37, 444.3652
631974,2.1841,0.003622,276.13, 444.3651
631975,2.1870,0.002982,335.38, 444.3651
631976,2.1899,0.002956,338.35, 444.3649
631977,2.1934,0.003385,295.46, 444.3647
631978,2.1968,0.003554,281.37, 444.3651
631979,2.2002,0.003050,327.91, 444.3647
631980,2.2031,0.003040,328.97, 444.3651
631981,2.2061,0.003046,328.31, 444.3647
631982,2.2095,0.003497,285.95, 444.3651
631983,2.2124,0.003018,331.30, 444.3652
631984,2.2158,0.003260,306.79, 444.3651
631985,2.2188,0.003013,331.94, 444.3652
631986,2.2222,0.003219,310.65, 444.3652
631987,2.2251,0.003257,307.04, 444.3652
631988,2.2290,0.003456,289.36, 444.3646
631989,2.2319,0.003036,329.40, 444.3649
631990,2.2349,0.003266,306.20, 444.3652
631991,2.2383,0.003362,297.45, 444.3651
631992,2.2412,0.002828,353.56, 444.3706
631993,2.2446,0.003587,278.81, 444.3651
631994,2.2480,0.003006,332.69, 444.3652
631995,2.2515,0.003501,285.65, 444.3651
631996,2.2544,0.003033,329.72, 444.3647
631997,2.2573,0.003088,323.86, 444.3652
631998,2.2603,0.002976,336.03, 444.3649
631999,2.2642,0.003517,284.35, 444.3651
632000,2.2671,0.002944,339.64, 444.3649
632001,2.2705,0.003398,294.27, 444.3651
632002,2.2734,0.002969,336.85, 444.3649
632003,2.2769,0.003528,283.47, 444.3651
632004,2.2798,0.002999,333.46, 444.3652
632005,2.2832,0.003275,305.31, 444.3651
632006,2.2861,0.003048,328.09, 444.3647
632007,2.2896,0.003377,296.16, 444.3651
632008,2.2925,0.003123,320.17, 444.3652
632009,2.2959,0.003302,302.81, 444.3649
632010,2.2993,0.003329,300.43, 444.3646
632011,2.3022,0.002972,336.45, 444.3649
632012,2.3052,0.003107,321.91, 444.3649
632013,2.3086,0.003449,289.93, 444.3647
632014,2.3120,0.003249,307.78, 444.3651
632015,2.3149,0.002984,335.11, 444.3652
632016,2.3184,0.003379,295.93, 444.3646
632017,2.3218,0.003218,310.78, 444.3647
632018,2.3247,0.003171,315.34, 444.3651
632019,2.3276,0.002961,337.74, 444.3652
632020,2.3311,0.003443,290.44, 444.3651
632021,2.3340,0.002949,339.14, 444.3652
632022,2.3379,0.003711,269.48, 444.3646
632023,2.3408,0.003117,320.79, 444.3651
632024,2.3438,0.002967,337.00, 444.3649
632025,2.3472,0.003023,330.80, 444.3647
632026,2.3506,0.003458,289.21, 444.3652
632027,2.3540,0.003500,285.76, 444.3649
632028,2.3569,0.002977,335.92, 444.3670
632029,2.3599,0.003006,332.71, 444.3649
632030,2.3633,0.003129,319.60, 444.3671
632031,2.3667,0.003603,277.55, 444.3651
632032,2.3696,0.003179,314.57, 444.3646
632033,2.3730,0.003086,324.03, 444.3651
632034,2.3760,0.002967,337.02, 444.3647
632035,2.3794,0.003542,282.33, 444.3651
632036,2.3823,0.002994,334.00, 444.3652
632037,2.3857,0.003121,320.44, 444.3649
632038,2.3887,0.002996,333.82, 444.3649
632039,2.3921,0.003739,267.49, 444.3651
632040,2.3955,0.002993,334.11, 444.3649
632041,2.3984,0.002988,334.73, 444.3647
632042,2.4014,0.003186,313.89, 444.3647
632043,2.4048,0.003514,284.59, 444.3646
632044,2.4082,0.003122,320.28, 444.3647
632045,2.4116,0.003436,291.06, 444.3671
632046,2.4146,0.003096,323.03, 444.3651
632047,2.4175,0.002930,341.32, 444.3652
632048,2.4214,0.003737,267.59, 444.3651
632049,2.4243,0.003004,332.93, 444.3652
632050,2.4272,0.003177,314.75, 444.3651
632051,2.4307,0.003015,331.71, 444.3647
632052,2.4341,0.003494,286.17, 444.3651
632053,2.4370,0.002999,333.42, 444.3652
632054,2.4399,0.003171,315.38, 444.3651
632055,2.4434,0.003136,318.88, 444.3652
632056,2.4463,0.003243,308.34, 444.3651
632057,2.4497,0.002994,334.00, 444.3652
632058,2.4531,0.003526,283.61, 444.3651
632059,2.4561,0.003026,330.48, 444.3652
632060,2.4595,0.003207,311.86, 444.3651
632061,2.4624,0.003168,315.68, 444.3652
632062,2.4658,0.003147,317.72, 444.3647
632063,2.4688,0.003003,332.98, 444.3652
632064,2.4722,0.003511,284.84, 444.3732
632065,2.4751,0.003031,329.95, 444.3647
632066,2.4785,0.003435,291.15, 444.3780
632067,2.4814,0.002938,340.37, 444.3652
632068,2.4849,0.003373,296.50, 444.3652
632069,2.4883,0.003593,278.30, 444.3651
632070,2.4917,0.003042,328.71, 444.3647
632071,2.4946,0.003131,319.41, 444.3646
632072,2.4976,0.003024,330.69, 444.3647
632073,2.5015,0.003566,280.43, 444.3651
632074,2.5044,0.003105,322.07, 444.3647
632075,2.5073,0.002967,337.07, 444.3652
632076,2.5107,0.003449,289.96, 444.3646
632077,2.5142,0.003196,312.88, 444.3646
632078,2.5171,0.003216,310.96, 444.3649
632079,2.5210,0.003742,267.24, 444.3646
632080,2.5244,0.003653,273.74, 444.3649
632081,2.5283,0.003524,283.80, 444.3646
632082,2.5313,0.003196,312.87, 444.3651
632083,2.5342,0.003138,318.69, 444.3651
632084,2.5376,0.003009,332.34, 444.3646
632085,2.5405,0.003279,305.00, 444.3647
632086,2.5439,0.003364,297.27, 444.3651
632087,2.5474,0.003243,308.35, 444.3652
632088,2.5508,0.003282,304.71, 444.3646
632089,2.5537,0.003194,313.14, 444.3647
632090,2.5566,0.002985,334.99, 444.3652
632091,2.5596,0.003030,330.03, 444.3652
632092,2.5635,0.003687,271.21, 444.3651
632093,2.5664,0.003012,332.02, 444.3652
632094,2.5693,0.003036,329.42, 444.3647
632095,2.5728,0.003070,325.78, 444.3652
632096,2.5762,0.003656,273.56, 444.3652
632097,2.5796,0.003571,280.00, 444.3651
632098,2.5830,0.003033,329.75, 444.3647
632099,2.5859,0.003258,306.97, 444.3651
632100,2.5894,0.003087,323.99, 444.3647
632101,2.5923,0.003234,309.23, 444.3651
632102,2.5952,0.002979,335.74, 444.3652
632103,2.5991,0.003565,280.47, 444.3651
632104,2.6021,0.003070,325.78, 444.3649
632105,2.6050,0.002989,334.57, 444.3652
632106,2.6084,0.003197,312.75, 444.3652
632107,2.6118,0.003524,283.81, 444.3646
632108,2.6147,0.003101,322.52, 444.3652
632109,2.6177,0.003020,331.15, 444.3649
632110,2.6216,0.003631,275.40, 444.3651
632111,2.6245,0.002928,341.54, 444.3651
632112,2.6274,0.002989,334.62, 444.3652
632113,2.6309,0.003444,290.37, 444.3647
632114,2.6343,0.003300,303.08, 444.3649
632115,2.6372,0.003013,331.93, 444.3652
632116,2.6406,0.003517,284.37, 444.3651
632117,2.6436,0.002985,335.01, 444.3652
632118,2.6470,0.003310,302.14, 444.3649
632119,2.6499,0.002988,334.65, 444.3652
632120,2.6533,0.003267,306.09, 444.3652
632121,2.6563,0.002997,333.63, 444.3649
632122,2.6597,0.003618,276.42, 444.3651
632123,2.6631,0.003006,332.67, 444.3652
632124,2.6660,0.003300,303.00, 444.3651
632125,2.6689,0.002982,335.40, 444.3652
632126,2.6729,0.003468,288.33, 444.3647
632127,2.6758,0.003264,306.34, 444.3652
632128,2.6792,0.003332,300.10, 444.3646
632129,2.6821,0.003053,327.60, 444.3652
632130,2.6855,0.003406,293.60, 444.3649
632131,2.6890,0.003147,317.78, 444.3652
632132,2.6919,0.002975,336.10, 444.3652
632133,2.6958,0.003834,260.85, 444.3651
632134,2.6987,0.003042,328.70, 444.3652
632135,2.7017,0.002899,344.95, 444.3652
632136,2.7046,0.003149,317.56, 444.3647
632137,2.7085,0.003920,255.08, 444.3651
632138,2.7119,0.003069,325.86, 444.3649
632139,2.7148,0.003036,329.35, 444.3649
632140,2.7178,0.003016,331.59, 444.3649
632141,2.7212,0.003629,275.53, 444.3651
632142,2.7246,0.002997,333.72, 444.3652
632143,2.7275,0.003368,296.89, 444.3652
632144,2.7310,0.003272,305.59, 444.3651
632145,2.7339,0.002940,340.17, 444.3686
632146,2.7378,0.003611,276.96, 444.3651
632147,2.7407,0.002967,337.09, 444.3652
632148,2.7441,0.003388,295.20, 444.3651
632149,2.7471,0.002986,334.95, 444.3652
632150,2.7500,0.003115,320.99, 444.3649
632151,2.7529,0.003086,324.04, 444.3652
632152,2.7563,0.003434,291.20, 444.3651
632153,2.7598,0.002978,335.76, 444.3671
632154,2.7632,0.003429,291.65, 444.3649
632155,2.7661,0.003019,331.27, 444.3652
632156,2.7690,0.003210,311.50, 444.3649
632157,2.7725,0.003207,311.79, 444.3649
632158,2.7764,0.003818,261.93, 444.3646
632159,2.7793,0.002987,334.78, 444.3651
632160,2.7822,0.003016,331.61, 444.3646
632161,2.7852,0.002948,339.26, 444.3652
632162,2.7886,0.003394,294.67, 444.3649
632163,2.7920,0.003299,303.11, 444.3651
632164,2.7949,0.003019,331.29, 444.3649
632165,2.7983,0.003660,273.25, 444.3646
632166,2.8018,0.003130,319.54, 444.3646
632167,2.8047,0.003004,332.87, 444.3651
632168,2.8076,0.003030,330.08, 444.3649
632169,2.8110,0.003282,304.67, 444.3646
632170,2.8140,0.003009,332.30, 444.3649
632171,2.8174,0.003512,284.75, 444.3651
632172,2.8203,0.002997,333.67, 444.3649
632173,2.8237,0.003196,312.93, 444.3649
632174,2.8267,0.002992,334.22, 444.3649
632175,2.8301,0.003522,283.91, 444.3651
632176,2.8330,0.003033,329.71, 444.3652
632177,2.8364,0.003297,303.28, 444.3651
632178,2.8394,0.003024,330.66, 444.3652
632179,2.8433,0.003506,285.23, 444.3652
632180,2.8462,0.003262,306.53, 444.3649
632181,2.8491,0.002940,340.18, 444.3652
632182,2.8530,0.003547,281.93, 444.3651
632183,2.8560,0.002926,341.76, 444.3652
632184,2.8589,0.003329,300.35, 444.3651
632185,2.8623,0.003031,329.98, 444.3647
632186,2.8652,0.003285,304.46, 444.3649
632187,2.8682,0.002971,336.56, 444.3652
632188,2.8721,0.003549,281.76, 444.3651
632189,2.8750,0.002976,336.04, 444.3647
632190,2.8779,0.003255,307.18, 444.3652
632191,2.8813,0.002984,335.17, 444.3652
632192,2.8848,0.003591,278.45, 444.3651
632193,2.8877,0.003035,329.47, 444.3652
632194,2.8911,0.003350,298.54, 444.3652
632195,2.8945,0.003346,298.86, 444.3652
632196,2.8979,0.003435,291.09, 444.3651
632197,2.9009,0.003030,329.99, 444.3652
632198,2.9043,0.003498,285.90, 444.3652
632199,2.9077,0.003372,296.60, 444.3651
632200,2.9106,0.002978,335.81, 444.4274
632201,2.9141,0.003529,283.37, 444.3651
632202,2.9175,0.003069,325.84, 444.3652
632203,2.9204,0.003034,329.61, 444.3652
632204,2.9233,0.003036,329.36, 444.3652
632205,2.9272,0.003970,251.92, 444.3649
632206,2.9302,0.002977,335.87, 444.3652
632207,2.9341,0.003579,279.42, 444.3651
632208,2.9370,0.003060,326.82, 444.3647
632209,2.9399,0.002922,342.22, 444.3649
632210,2.9434,0.003227,309.90, 444.3647
632211,2.9468,0.003594,278.26, 444.3649
632212,2.9497,0.003079,324.76, 444.3652
632213,2.9526,0.002976,336.08, 444.3652
632214,2.9565,0.003660,273.22, 444.3651
632215,2.9595,0.003024,330.67, 444.3652
632216,2.9624,0.003105,322.05, 444.3646
632217,2.9658,0.003030,330.09, 444.3652
632218,2.9692,0.003494,286.22, 444.3651
632219,2.9722,0.002979,335.69, 444.3652
632220,2.9751,0.003225,310.12, 444.3652
632221,2.9785,0.003003,332.96, 444.3652
632222,2.9819,0.003567,280.32, 444.3651
632223,2.9849,0.003026,330.43, 444.3652
632224,2.9883,0.003345,298.94, 444.3651
632225,2.9912,0.003117,320.80, 444.3652
632226,2.9946,0.003221,310.43, 444.3647
632227,2.9980,0.003663,273.03, 444.3651
632228,3.0010,0.002927,341.67, 444.3649
632229,3.0044,0.002997,333.67, 444.3652
632230,3.0073,0.003361,297.56, 444.3652
632231,3.0107,0.003243,308.35, 444.3651
632232,3.0137,0.002968,336.96, 444.3649
632233,3.0171,0.003522,283.94, 444.3651
632234,3.0205,0.002997,333.62, 444.3652
632235,3.0234,0.003321,301.12, 444.3651
632236,3.0269,0.003115,321.00, 444.3649
632237,3.0303,0.003416,292.78, 444.3646
632238,3.0332,0.003005,332.77, 444.3652
632239,3.0361,0.003223,310.26, 444.3651
632240,3.0396,0.003049,327.93, 444.3652
632241,3.0430,0.003437,290.92, 444.3649
632242,3.0459,0.003044,328.52, 444.3649
632243,3.0493,0.003562,280.73, 444.3652
632244,3.0527,0.003143,318.16, 444.3649
632245,3.0557,0.003002,333.08, 444.3652
632246,3.0596,0.003773,265.05, 444.3651
632247,3.0625,0.002986,334.94, 444.3651
632248,3.0654,0.002963,337.55, 444.3651
632249,3.0684,0.002953,338.66, 444.3649
632250,3.0718,0.003628,275.61, 444.3651
632251,3.0747,0.002960,337.86, 444.3652
632252,3.0781,0.003368,296.90, 444.3651
632253,3.0811,0.002922,342.24, 444.3652
632254,3.0845,0.003346,298.86, 444.3651
632255,3.0879,0.003193,313.16, 444.3647
632256,3.0908,0.003307,302.37, 444.3651
632257,3.0942,0.003065,326.27, 444.3652
632258,3.0972,0.003004,332.94, 444.3652
632259,3.1001,0.003048,328.04, 444.3652
632260,3.1040,0.003785,264.19, 444.3651
632261,3.1074,0.003388,295.17, 444.3646
632262,3.1104,0.003075,325.26, 444.3649
632263,3.1133,0.003020,331.14, 444.3651
632264,3.1162,0.002948,339.18, 444.3647
632265,3.1196,0.003048,328.13, 444.3652
632266,3.1235,0.003918,255.26, 444.3646
632267,3.1265,0.003229,309.72, 444.3649
632268,3.1294,0.002961,337.75, 444.3652
632269,3.1323,0.003015,331.71, 444.3652
632270,3.1357,0.003018,331.31, 444.3652
632271,3.1392,0.003588,278.70, 444.3649
632272,3.1421,0.003017,331.41, 444.3652
632273,3.1455,0.003382,295.70, 444.3651
632274,3.1484,0.003071,325.68, 444.3652
632275,3.1514,0.003014,331.83, 444.3652
632276,3.1548,0.003121,320.39, 444.3652
632277,3.1587,0.003950,253.15, 444.3646
632278,3.1621,0.003238,308.81, 444.3649
632279,3.1650,0.002980,335.59, 444.3794
632280,3.1680,0.003102,322.38, 444.3651
632281,3.1709,0.002978,335.82, 444.3646
632282,3.1743,0.003117,320.78, 444.3647
632283,3.1772,0.003147,317.72, 444.3652
632284,3.1802,0.003051,327.82, 444.3652
632285,3.1836,0.003326,300.68, 444.3649
632286,3.1870,0.003495,286.11, 444.3651
632287,3.1899,0.002973,336.41, 444.3652
632288,3.1938,0.003712,269.38, 444.3651
632289,3.1968,0.002980,335.56, 444.3647
632290,3.1997,0.003033,329.66, 444.3651
632291,3.2026,0.003005,332.77, 444.3649
632292,3.2061,0.003442,290.52, 444.3651
632293,3.2095,0.002976,336.01, 444.3652
632294,3.2129,0.003453,289.65, 444.3651
632295,3.2158,0.003018,331.37, 444.3652
632296,3.2197,0.003852,259.62, 444.3646
632297,3.2227,0.003139,318.58, 444.3646
632298,3.2256,0.002966,337.13, 444.3649
632299,3.2290,0.003119,320.67, 444.3651
632300,3.2319,0.002995,333.89, 444.3646
632301,3.2349,0.003007,332.58, 444.3649
632302,3.2383,0.003402,293.92, 444.3651
632303,3.2412,0.002981,335.50, 444.3652
632304,3.2446,0.003649,274.04, 444.3652
632305,3.2480,0.003089,323.70, 444.3652
632306,3.2510,0.002991,334.38, 444.3652
632307,3.2544,0.003562,280.76, 444.3651
632308,3.2573,0.002970,336.72, 444.3652
632309,3.2607,0.003499,285.78, 444.3651
632310,3.2642,0.003046,328.28, 444.3647
632311,3.2671,0.002983,335.22, 444.3652
632312,3.2700,0.003108,321.72, 444.3652
632313,3.2734,0.003443,290.42, 444.3651
632314,3.2764,0.002996,333.81, 444.3652
632315,3.2803,0.003563,280.65, 444.3646
632316,3.2832,0.003045,328.40, 444.3652
632317,3.2861,0.002997,333.62, 444.3652
632318,3.2896,0.003493,286.28, 444.3647
632319,3.2935,0.003710,269.56, 444.3651
632320,3.2964,0.002976,336.01, 444.3652
632321,3.2993,0.002936,340.62, 444.3647
632322,3.3027,0.003687,271.24, 444.3651
632323,3.3057,0.002998,333.58, 444.3652
632324,3.3091,0.003372,296.56, 444.3651
632325,3.3120,0.002966,337.13, 444.3652
632326,3.3154,0.003372,296.60, 444.3651
632327,3.3188,0.002994,333.99, 444.3652
632328,3.3218,0.003348,298.69, 444.3649
632329,3.3252,0.003059,326.94, 444.3649
632330,3.3281,0.003217,310.86, 444.3652
632331,3.3311,0.003025,330.53, 444.3652
632332,3.3345,0.003296,303.39, 444.3652
632333,3.3379,0.003155,316.98, 444.3647
632334,3.3413,0.003548,281.88, 444.3649
632335,3.3442,0.003070,325.71, 444.3652
632336,3.3472,0.003006,332.65, 444.3649
632337,3.3511,0.003634,275.22, 444.3649
632338,3.3540,0.003183,314.20, 444.3647
632339,3.3574,0.003141,318.36, 444.3652
632340,3.3608,0.003316,301.57, 444.3652
632341,3.3638,0.003169,315.55, 444.3652
632342,3.3667,0.002946,339.44, 444.3652
632343,3.3706,0.003678,271.89, 444.3651
632344,3.3735,0.003062,326.63, 444.3652
632345,3.3770,0.003306,302.46, 444.3651
632346,3.3799,0.003054,327.40, 444.3652
632347,3.3828,0.003024,330.67, 444.3652
632348,3.3862,0.003249,307.76, 444.3647
632349,3.3896,0.003622,276.13, 444.3646
632350,3.3931,0.003271,305.72, 444.3646
632351,3.3960,0.003050,327.86, 444.3651
632352,3.3989,0.002946,339.47, 444.3652
632353,3.4023,0.003146,317.83, 444.3652
632354,3.4058,0.003542,282.30, 444.3649
632355,3.4087,0.002949,339.13, 444.3652
632356,3.4121,0.003508,285.03, 444.3649
632357,3.4150,0.003073,325.40, 444.3652
632358,3.4185,0.003216,310.93, 444.3651
632359,3.4214,0.002997,333.70, 444.3652
632360,3.4248,0.003413,293.01, 444.3651
632361,3.4277,0.002943,339.84, 444.3652
632362,3.4312,0.003371,296.64, 444.3651
632363,3.4341,0.003032,329.82, 444.3652
632364,3.4375,0.003186,313.92, 444.3649
632365,3.4404,0.003000,333.33, 444.3649
632366,3.4438,0.003466,288.50, 444.3649
632367,3.4468,0.003018,331.30, 444.3652
632368,3.4502,0.003452,289.72, 444.3646
632369,3.4531,0.003029,330.11, 444.3649
632370,3.4565,0.003209,311.62, 444.3646
632371,3.4595,0.003089,323.72, 444.3652
632372,3.4634,0.003664,272.95, 444.3647
632373,3.4663,0.003030,330.04, 444.3649
632374,3.4692,0.002991,334.37, 444.3649
632375,3.4727,0.003488,286.70, 444.3651
632376,3.4756,0.002977,335.92, 444.3649
632377,3.4795,0.003577,279.54, 444.3649
632378,3.4824,0.002981,335.44, 444.3652
632379,3.4858,0.003393,294.71, 444.3651
632380,3.4888,0.003024,330.73, 444.3647
632381,3.4922,0.003503,285.50, 444.3651
632382,3.4951,0.003026,330.46, 444.3652
632383,3.4985,0.003165,315.92, 444.3654
632384,3.5015,0.002966,337.11, 444.3649
632385,3.5049,0.003693,270.76, 444.3649
632386,3.5083,0.003022,330.94, 444.3652
632387,3.5117,0.003489,286.58, 444.3647
632388,3.5151,0.003304,302.71, 444.3646
632389,3.5181,0.003114,321.18, 444.3646
632390,3.5215,0.003260,306.74, 444.3646
632391,3.5249,0.003400,294.12, 444.3705
632392,3.5283,0.003423,292.16, 444.3646
632393,3.5317,0.003413,293.04, 444.3646
632394,3.5347,0.003100,322.55, 444.3646
632395,3.5376,0.003125,320.02, 444.3649
632396,3.5415,0.003766,265.51, 444.3646
632397,3.5449,0.003215,311.05, 444.3649
632398,3.5483,0.003580,279.32, 444.3652
632399,3.5518,0.003304,302.63, 444.3651
632400,3.5547,0.002989,334.56, 444.3652
632401,3.5581,0.003459,289.07, 444.3651
632402,3.5610,0.002937,340.54, 444.3652
632403,3.5645,0.003458,289.15, 444.3651
632404,3.5674,0.002995,333.95, 444.3652
632405,3.5718,0.004260,234.74, 444.3646
632406,3.5747,0.003240,308.62, 444.3646
632407,3.5781,0.002998,333.56, 444.3651
632408,3.5811,0.003029,330.19, 444.3646
632409,3.5840,0.002960,337.89, 444.3649
632410,3.5869,0.002997,333.66, 444.3649
632411,3.5898,0.002991,334.30, 444.3649
632412,3.5938,0.003786,264.14, 444.3651
632413,3.5967,0.002935,340.72, 444.3651
632414,3.5996,0.002978,335.76, 444.3652
632415,3.6030,0.003496,286.03, 444.3652
632416,3.6064,0.003096,322.98, 444.3652
632417,3.6094,0.002959,337.94, 444.3652
632418,3.6128,0.003799,263.23, 444.3649
632419,3.6157,0.002962,337.67, 444.3652
632420,3.6196,0.003606,277.33, 444.3651
632421,3.6226,0.003067,326.08, 444.3652
632422,3.6260,0.003291,303.91, 444.3651
632423,3.6289,0.002974,336.28, 444.3652
632424,3.6328,0.003894,256.79, 444.3646
632425,3.6362,0.003221,310.45, 444.3646
632426,3.6392,0.003004,332.93, 444.3646
632427,3.6421,0.003054,327.47, 444.3652
632428,3.6450,0.003000,333.37, 444.3647
632429,3.6484,0.003215,311.08, 444.3649
632430,3.6514,0.003239,308.78, 444.3652
632431,3.6553,0.003673,272.27, 444.3651
632432,3.6582,0.003104,322.19, 444.3649
632433,3.6616,0.003123,320.16, 444.3646
632434,3.6646,0.003074,325.31, 444.3652
632435,3.6680,0.003457,289.27, 444.3651
632436,3.6709,0.003040,328.99, 444.3649
632437,3.6743,0.003183,314.21, 444.3649
632438,3.6772,0.003000,333.30, 444.3649
632439,3.6807,0.003676,272.03, 444.3651
632440,3.6841,0.003115,320.99, 444.3652
632441,3.6870,0.003042,328.70, 444.3649
632442,3.6899,0.003001,333.26, 444.3652
632443,3.6938,0.003642,274.60, 444.3651
632444,3.6968,0.003003,332.98, 444.3652
632445,3.7007,0.003810,262.47, 444.3651
632446,3.7036,0.003038,329.19, 444.3651
632447,3.7065,0.002950,339.04, 444.3652
632448,3.7100,0.003514,284.58, 444.3651
632449,3.7129,0.003089,323.71, 444.3649
632450,3.7163,0.003315,301.67, 444.3651
632451,3.7192,0.002964,337.37, 444.3652
632452,3.7227,0.003500,285.70, 444.3651
632453,3.7256,0.002978,335.77, 444.3652
632454,3.7290,0.003457,289.28, 444.3651
632455,3.7324,0.002999,333.40, 444.3652
632456,3.7354,0.003263,306.47, 444.3652
632457,3.7383,0.002955,338.39, 444.3652
632458,3.7417,0.003450,289.88, 444.3649
632459,3.7451,0.003117,320.87, 444.3652
632460,3.7490,0.003794,263.60, 444.3649
632461,3.7520,0.003004,332.90, 444.3652
632462,3.7549,0.002927,341.60, 444.3647
632463,3.7583,0.003750,266.64, 444.3651
632464,3.7617,0.002982,335.36, 444.3649
632465,3.7646,0.003311,302.00, 444.3651
632466,3.7676,0.002940,340.18, 444.3652
632467,3.7715,0.003557,281.11, 444.3651
632468,3.7744,0.003091,323.48, 444.3652
632469,3.7783,0.003933,254.29, 444.3646
632470,3.7813,0.002978,335.85, 444.3652
632471,3.7842,0.002911,343.57, 444.3652
632472,3.7871,0.003129,319.64, 444.3649
632473,3.7910,0.003553,281.48, 444.3649
632474,3.7939,0.002997,333.68, 444.3652
632475,3.7974,0.003447,290.14, 444.3652
632476,3.8008,0.003326,300.63, 444.3651
632477,3.8037,0.002960,337.82, 444.3652
632478,3.8071,0.003316,301.59, 444.3651
632479,3.8101,0.002964,337.44, 444.3652
632480,3.8135,0.003651,273.91, 444.3651
632481,3.8164,0.002976,335.98, 444.3652
632482,3.8198,0.003184,314.04, 444.3651
632483,3.8228,0.003108,321.74, 444.3652
632484,3.8262,0.003495,286.13, 444.3651
632485,3.8291,0.002945,339.52, 444.3652
632486,3.8325,0.003349,298.59, 444.3651
632487,3.8354,0.003076,325.11, 444.3652
632488,3.8389,0.003102,322.38, 444.3649
632489,3.8418,0.003075,325.16, 444.3652
632490,3.8452,0.003600,277.76, 444.3649
632491,3.8486,0.003019,331.28, 444.3652
632492,3.8516,0.003049,327.98, 444.3649
632493,3.8545,0.003017,331.49, 444.3649
632494,3.8579,0.003514,284.62, 444.3652
632495,3.8613,0.003510,284.92, 444.3651
632496,3.8647,0.002982,335.39, 444.3652
632497,3.8682,0.003449,289.92, 444.3646
632498,3.8711,0.003112,321.35, 444.3647
632499,3.8740,0.003047,328.16, 444.3646
632500,3.8774,0.003063,326.52, 444.3647
632501,3.8809,0.003650,273.96, 444.3651
632502,3.8838,0.003103,322.23, 444.3649
632503,3.8872,0.002999,333.41, 444.3651
632504,3.8901,0.003081,324.53, 444.3652
632505,3.8940,0.003874,258.10, 444.3646
632506,3.8970,0.003161,316.34, 444.3649
632507,3.8999,0.003032,329.77, 444.3649
632508,3.9033,0.003094,323.23, 444.3647
632509,3.9072,0.003860,259.05, 444.3651
632510,3.9102,0.003071,325.60, 444.3646
632511,3.9131,0.003052,327.66, 444.3652
632512,3.9165,0.003098,322.78, 444.3651
632513,3.9194,0.002965,337.23, 444.3649
632514,3.9229,0.003535,282.90, 444.3651
632515,3.9258,0.002996,333.83, 444.3652
632516,3.9292,0.003287,304.27, 444.3720
632517,3.9321,0.003013,331.90, 444.3649
632518,3.9355,0.003513,284.64, 444.3649
632519,3.9385,0.002988,334.64, 444.3652
632520,3.9419,0.003089,323.69, 444.3652
632521,3.9448,0.003076,325.13, 444.3652
632522,3.9482,0.003650,273.96, 444.3651
632523,3.9512,0.002982,335.39, 444.3652
632524,3.9546,0.003356,297.96, 444.3646
632525,3.9580,0.003071,325.68, 444.3652
632526,3.9609,0.003348,298.69, 444.3651
632527,3.9644,0.003111,321.40, 444.3649
632528,3.9673,0.003147,317.72, 444.3651
632529,3.9702,0.002953,338.66, 444.3652
632530,3.9741,0.003550,281.69, 444.3652
632531,3.9771,0.003199,312.61, 444.3652
632532,3.9800,0.002977,335.90, 444.3652
632533,3.9839,0.003652,273.85, 444.3651
632534,3.9868,0.003012,331.96, 444.3652
632535,3.9902,0.003316,301.57, 444.3651
632536,3.9932,0.003296,303.37, 444.3651
632537,3.9966,0.002991,334.35, 444.3649
632538,3.9995,0.003008,332.47, 444.3652
632539,4.0029,0.003379,295.93, 444.3651
632540,4.0059,0.003000,333.32, 444.3649
632541,4.0093,0.003313,301.87, 444.3651
632542,4.0122,0.003028,330.21, 444.3652
632543,4.0156,0.003422,292.25, 444.3651
632544,4.0186,0.002971,336.55, 444.3649
632545,4.0220,0.003463,288.79, 444.3646
632546,4.0249,0.003117,320.82, 444.3647
632547,4.0283,0.003107,321.86, 444.3652
632548,4.0317,0.003576,279.61, 444.3651
632549,4.0347,0.002933,340.96, 444.3652
632550,4.0381,0.003298,303.18, 444.3651
632551,4.0410,0.002968,336.95, 444.3652
632552,4.0444,0.003637,274.96, 444.3649
632553,4.0474,0.002999,333.47, 444.3652
632554,4.0508,0.003032,329.86, 444.3652
632555,4.0537,0.003024,330.68, 444.3649
632556,4.0571,0.003499,285.83, 444.3651
632557,4.0601,0.002970,336.70, 444.3652
632558,4.0635,0.003472,288.04, 444.3651
632559,4.0664,0.002953,338.59, 444.3652
632560,4.0698,0.003434,291.20, 444.3646
632561,4.0732,0.003079,324.82, 444.3652
632562,4.0762,0.003162,316.27, 444.3649
632563,4.0796,0.003620,276.24, 444.3651
632564,4.0830,0.002955,338.41, 444.3649
632565,4.0859,0.002940,340.12, 444.3652
632566,4.0894,0.003400,294.09, 444.3686
632567,4.0928,0.003447,290.07, 444.3651
632568,4.0957,0.002929,341.46, 444.3671
632569,4.0991,0.003398,294.30, 444.3649
632570,4.1021,0.003007,332.59, 444.3647
632571,4.1055,0.003652,273.82, 444.3651
632572,4.1084,0.002982,335.37, 444.3647
632573,4.1118,0.003250,307.70, 444.3646
632574,4.1147,0.003110,321.50, 444.3652
632575,4.1187,0.003659,273.32, 444.3649
632576,4.1216,0.003243,308.34, 444.3646
632577,4.1250,0.003024,330.71, 444.3649
632578,4.1279,0.003106,321.95, 444.3646
632579,4.1309,0.003038,329.13, 444.3646
632580,4.1343,0.003105,322.03, 444.3649
632581,4.1372,0.003197,312.75, 444.3647
632582,4.1406,0.003562,280.73, 444.3651
632583,4.1436,0.002960,337.84, 444.3652
632584,4.1475,0.003622,276.08, 444.3646
632585,4.1509,0.003328,300.47, 444.3649
632586,4.1538,0.003019,331.20, 444.3649
632587,4.1567,0.003002,333.13, 444.3652
632588,4.1597,0.003093,323.30, 444.3651
632589,4.1631,0.003145,317.98, 444.3647
632590,4.1665,0.003645,274.35, 444.3649
632591,4.1699,0.003068,325.90, 444.3646
632592,4.1729,0.002945,339.58, 444.3652
632593,4.1758,0.003346,298.84, 444.3652
632594,4.1797,0.003657,273.46, 444.3646
632595,4.1826,0.003145,318.01, 444.3649
632596,4.1860,0.003059,326.90, 444.3649
632597,4.1890,0.003219,310.62, 444.3647
632598,4.1929,0.003541,282.43, 444.3652
632599,4.1963,0.003520,284.10, 444.3651
632600,4.1992,0.003008,332.44, 444.3649
632601,4.2021,0.003042,328.71, 444.3652
632602,4.2051,0.003016,331.54, 444.3652
632603,4.2090,0.003593,278.33, 444.3651
632604,4.2119,0.003112,321.37, 444.3649
632605,4.2153,0.003345,298.96, 444.3651
632606,4.2183,0.003042,328.77, 444.3647
632607,4.2212,0.003003,333.00, 444.3652
632608,4.2241,0.003046,328.31, 444.3647
632609,4.2280,0.003764,265.65, 444.3649
632610,4.2314,0.003095,323.13, 444.3649
632611,4.2344,0.002949,339.13, 444.3681
632612,4.2378,0.003611,276.97, 444.3646
632613,4.2407,0.002973,336.35, 444.3651
632614,4.2437,0.003067,326.07, 444.3652
632615,4.2471,0.003080,324.68, 444.3652
632616,4.2505,0.003681,271.70, 444.3651
632617,4.2534,0.002973,336.42, 444.3652
632618,4.2568,0.003295,303.45, 444.3651
632619,4.2598,0.002989,334.53, 444.3652
632620,4.2632,0.003311,302.07, 444.3651
632621,4.2661,0.002990,334.43, 444.3652
632622,4.2695,0.003242,308.49, 444.3652
632623,4.2725,0.003021,331.06, 444.3652
632624,4.2759,0.003624,275.95, 444.3651
632625,4.2788,0.002968,336.90, 444.3652
632626,4.2822,0.003316,301.59, 444.3651
632627,4.2852,0.002975,336.12, 444.3652
632628,4.2886,0.003503,285.50, 444.3651
632629,4.2920,0.003053,327.51, 444.3649
632630,4.2954,0.003336,299.79, 444.3651
632631,4.2983,0.003049,328.02, 444.3652
632632,4.3022,0.003817,262.01, 444.3651
632633,4.3052,0.003064,326.33, 444.3649
632634,4.3081,0.002957,338.17, 444.3649
632635,4.3115,0.003233,309.29, 444.3651
632636,4.3145,0.003043,328.66, 444.3652
632637,4.3179,0.003570,280.15, 444.3646
632638,4.3208,0.003116,320.98, 444.3649
632639,4.3237,0.002938,340.33, 444.3651
632640,4.3271,0.002979,335.64, 444.3652
632641,4.3306,0.003473,287.96, 444.3651
632642,4.3335,0.002967,337.09, 444.3652
632643,4.3369,0.003528,283.44, 444.3651
632644,4.3398,0.003058,326.97, 444.3649
632645,4.3433,0.003246,308.11, 444.3670
632646,4.3462,0.003065,326.30, 444.3647
632647,4.3491,0.003063,326.50, 444.3652
632648,4.3525,0.003347,298.82, 444.3647
632649,4.3560,0.003082,324.46, 444.3652
632650,4.3594,0.003710,269.56, 444.3646
632651,4.3628,0.003090,323.64, 444.3649
632652,4.3657,0.003039,329.10, 444.3652
632653,4.3687,0.003002,333.14, 444.3647
632654,4.3721,0.003618,276.39, 444.3649
632655,4.3755,0.003096,322.97, 444.3647
632656,4.3784,0.003153,317.13, 444.3651
632657,4.3813,0.002975,336.09, 444.3652
632658,4.3853,0.003576,279.66, 444.3649
632659,4.3882,0.003084,324.24, 444.3652
632660,4.3911,0.003052,327.69, 444.3652
632661,4.3940,0.003023,330.75, 444.3652
632662,4.3984,0.004016,249.00, 444.3646
632663,4.4019,0.003428,291.74, 444.3651
632664,4.4048,0.003056,327.24, 444.3646
632665,4.4077,0.003056,327.27, 444.3651
632666,4.4106,0.002893,345.67, 444.3670
632667,4.4136,0.003021,331.07, 444.3652
632668,4.4165,0.003084,324.29, 444.3649
632669,4.4204,0.003641,274.63, 444.3646
632670,4.4233,0.002984,335.14, 444.3649
632671,4.4263,0.002997,333.69, 444.3652
632672,4.4297,0.003342,299.20, 444.3652
632673,4.4331,0.003261,306.69, 444.3651
632674,4.4360,0.002941,340.03, 444.3647
632675,4.4395,0.003592,278.41, 444.3651
632676,4.4424,0.003008,332.41, 444.3649
632677,4.4463,0.003835,260.73, 444.3646
632678,4.4497,0.003135,319.01, 444.3646
632679,4.4526,0.002950,338.95, 444.3651
632680,4.4556,0.003031,329.90, 444.3651
632681,4.4585,0.002895,345.38, 444.3652
632682,4.4614,0.002982,335.31, 444.3652
632683,4.4648,0.003695,270.64, 444.3646
632684,4.4683,0.002996,333.77, 444.3652
632685,4.4712,0.003279,304.99, 444.3649
632686,4.4746,0.003475,287.78, 444.3647
632687,4.4780,0.003344,299.01, 444.3651
632688,4.4810,0.003069,325.88, 444.3652
632689,4.4844,0.003318,301.38, 444.3652
632690,4.4878,0.003186,313.86, 444.3651
632691,4.4907,0.002944,339.64, 444.3652
632692,4.4946,0.003818,261.91, 444.3651
632693,4.4976,0.002967,337.01, 444.3652
632694,4.5005,0.002891,345.93, 444.3652
632695,4.5034,0.003171,315.35, 444.3652
632696,4.5068,0.003395,294.59, 444.3651
632697,4.5103,0.003192,313.28, 444.3647
632698,4.5137,0.003685,271.39, 444.3649
632699,4.5171,0.003140,318.43, 444.3651
632700,4.5200,0.003272,305.66, 444.3646
632701,4.5234,0.003413,293.02, 444.3651
632702,4.5269,0.003490,286.55, 444.3646
632703,4.5303,0.003316,301.55, 444.3651
632704,4.5337,0.003143,318.22, 444.3646
632705,4.5366,0.002992,334.18, 444.3652
632706,4.5396,0.003146,317.86, 444.3652
632707,4.5435,0.003779,264.59, 444.3651
632708,4.5464,0.003097,322.90, 444.3646
632709,4.5493,0.002932,341.12, 444.3652
632710,4.5527,0.003077,325.02, 444.3652
632711,4.5562,0.003609,277.05, 444.3651
632712,4.5591,0.003121,320.45, 444.3647
632713,4.5625,0.003002,333.10, 444.3649
632714,4.5659,0.003714,269.24, 444.3651
632715,4.5688,0.002920,342.47, 444.3651
632716,4.5718,0.003024,330.68, 444.3647
632717,4.5752,0.003092,323.42, 444.3649
632718,4.5786,0.003778,264.70, 444.3651
632719,4.5815,0.002955,338.40, 444.3652
632720,4.5854,0.003593,278.29, 444.3646
632721,4.5884,0.003011,332.14, 444.3649
632722,4.5913,0.002963,337.52, 444.3651
632723,4.5942,0.003010,332.19, 444.3652
632724,4.5977,0.003519,284.20, 444.3651
632725,4.6011,0.002993,334.10, 444.3652
632726,4.6045,0.003422,292.26, 444.3651
632727,4.6074,0.003020,331.14, 444.3652
632728,4.6113,0.003875,258.07, 444.3646
632729,4.6143,0.003119,320.61, 444.3649
632730,4.6172,0.002976,336.00, 444.3646
632731,4.6201,0.003001,333.19, 444.3652
632732,4.6235,0.003083,324.38, 444.3652
632733,4.6270,0.003742,267.24, 444.3651
632734,4.6299,0.002915,343.05, 444.3647
632735,4.6333,0.003445,290.30, 444.3651
632736,4.6362,0.002987,334.84, 444.3647
632737,4.6396,0.003300,303.02, 444.3651
632738,4.6426,0.002968,336.96, 444.3647
632739,4.6460,0.003446,290.21, 444.3651
632740,4.6489,0.002997,333.71, 444.3652
632741,4.6533,0.003969,251.98, 444.3647
632742,4.6563,0.003169,315.56, 444.3651
632743,4.6592,0.002861,349.58, 444.3670
632744,4.6621,0.003033,329.71, 444.3652
632745,4.6650,0.002965,337.31, 444.3652
632746,4.6680,0.003006,332.62, 444.3652
632747,4.6719,0.003571,280.00, 444.3646
632748,4.6748,0.002993,334.07, 444.3652
632749,4.6782,0.003472,288.04, 444.3651
632750,4.6812,0.002957,338.23, 444.3652
632751,4.6846,0.003366,297.10, 444.3671
632752,4.6880,0.003367,297.00, 444.3651
632753,4.6909,0.002941,340.01, 444.3652
632754,4.6943,0.003566,280.42, 444.3651
632755,4.6973,0.002958,338.04, 444.3652
632756,4.7007,0.003294,303.57, 444.3649
632757,4.7036,0.003043,328.62, 444.3652
632758,4.7070,0.003388,295.17, 444.3651
632759,4.7100,0.002958,338.11, 444.3652
632760,4.7134,0.003357,297.92, 444.3646
632761,4.7163,0.003011,332.08, 444.3652
632762,4.7197,0.003231,309.46, 444.3647
632763,4.7227,0.003003,333.00, 444.3652
632764,4.7261,0.003641,274.67, 444.3651
632765,4.7295,0.003044,328.48, 444.3652
632766,4.7324,0.003032,329.83, 444.3647
632767,4.7354,0.002995,333.92, 444.3652
632768,4.7393,0.003676,272.02, 444.3649
632769,4.7422,0.003083,324.33, 444.3649
632770,4.7451,0.003059,326.96, 444.3649
632771,4.7485,0.003598,277.95, 444.3651
632772,4.7515,0.002950,338.99, 444.3649
632773,4.7554,0.003433,291.27, 444.3651
632774,4.7583,0.002944,339.65, 444.3652
632775,4.7617,0.003432,291.39, 444.3651
632776,4.7646,0.002944,339.66, 444.3649
632777,4.7676,0.003355,298.03, 444.3651
632778,4.7710,0.002995,333.95, 444.3649
632779,4.7744,0.003678,271.92, 444.3651
632780,4.7773,0.003074,325.32, 444.3647
632781,4.7803,0.002938,340.32, 444.3652
632782,4.7837,0.003083,324.38, 444.3652
632783,4.7871,0.003570,280.15, 444.3651
632784,4.7900,0.002973,336.39, 444.3652
632785,4.7935,0.003428,291.70, 444.3651
632786,4.7969,0.003092,323.38, 444.3647
632787,4.7998,0.003085,324.14, 444.3652
632788,4.8032,0.003684,271.48, 444.3651
632789,4.8066,0.003012,332.01, 444.3649
632790,4.8096,0.003260,306.78, 444.3652
632791,4.8130,0.003170,315.45, 444.3652
632792,4.8164,0.003491,286.43, 444.3651
632793,4.8193,0.002982,335.40, 444.3649
632794,4.8228,0.003297,303.34, 444.3651
632795,4.8257,0.003024,330.73, 444.3652
632796,4.8291,0.003616,276.57, 444.3649
632797,4.8325,0.003016,331.62, 444.3649
632798,4.8354,0.003273,305.52, 444.3651
632799,4.8389,0.003137,318.74, 444.3652
632800,4.8418,0.003082,324.44, 444.3652
632801,4.8447,0.003164,316.09, 444.3652
632802,4.8486,0.003593,278.31, 444.3647
632803,4.8521,0.003373,296.44, 444.3651
632804,4.8550,0.003106,321.95, 444.3647
632805,4.8579,0.003132,319.31, 444.3652
632806,4.8608,0.002929,341.39, 444.3647
632807,4.8647,0.003755,266.34, 444.3651
632808,4.8677,0.003018,331.37, 444.3652
632809,4.8711,0.003228,309.80, 444.3651
632810,4.8740,0.003041,328.87, 444.3649
632811,4.8774,0.003513,284.66, 444.3651
632812,4.8809,0.003005,332.77, 444.3652
632813,4.8838,0.003359,297.67, 444.3651
632814,4.8872,0.002996,333.73, 444.3652
632815,4.8901,0.003374,296.40, 444.3651
632816,4.8936,0.003021,331.01, 444.3649
632817,4.8970,0.003622,276.08, 444.3652
632818,4.9004,0.003181,314.42, 444.3652
632819,4.9033,0.002976,336.04, 444.3652
632820,4.9063,0.003007,332.59, 444.3652
632821,4.9097,0.003553,281.48, 444.3652
632822,4.9136,0.003620,276.25, 444.3651
632823,4.9165,0.003053,327.59, 444.3647
632824,4.9194,0.002946,339.41, 444.3652
632825,4.9224,0.003125,319.99, 444.3649
632826,4.9258,0.003565,280.49, 444.3651
632827,4.9292,0.002986,334.85, 444.3652
632828,4.9326,0.003542,282.35, 444.3651
632829,4.9355,0.003017,331.42, 444.3652
632830,4.9390,0.003556,281.22, 444.3646
632831,4.9424,0.003161,316.41, 444.3651
632832,4.9453,0.003028,330.24, 444.3646
632833,4.9482,0.003034,329.59, 444.3649
632834,4.9517,0.003352,298.31, 444.3649
632835,4.9551,0.003514,284.61, 444.3651
632836,4.9580,0.002945,339.62, 444.3652
632837,4.9619,0.003644,274.45, 444.3651
632838,4.9648,0.003104,322.13, 444.3646
632839,4.9678,0.002931,341.17, 444.3652
632840,4.9707,0.003082,324.52, 444.3652
632841,4.9746,0.003466,288.54, 444.3646
632842,4.9775,0.003320,301.18, 444.3647
632843,4.9810,0.003091,323.53, 444.3649
632844,4.9839,0.003083,324.38, 444.3647
632845,4.9873,0.003377,296.15, 444.3651
632846,4.9902,0.003030,330.01, 444.3647
632847,4.9937,0.003558,281.10, 444.3652
632848,4.9971,0.003028,330.22, 444.3649
632849,5.0005,0.003524,283.80, 444.3652
632850,5.0039,0.003498,285.90, 444.3651
632851,5.0068,0.003032,329.87, 444.3652
632852,5.0103,0.003239,308.78, 444.3651
632853,5.0132,0.002970,336.72, 444.3652
632854,5.0166,0.003512,284.71, 444.3651
632855,5.0195,0.002951,338.85, 444.3652
632856,5.0229,0.003486,286.88, 444.3649
632857,5.0259,0.003006,332.62, 444.3647
632858,5.0293,0.003411,293.21, 444.3651
632859,5.0327,0.002978,335.84, 444.3652
632860,5.0361,0.003557,281.13, 444.3651
632861,5.0391,0.003018,331.38, 444.3649
632862,5.0420,0.003160,316.44, 444.3647
632863,5.0459,0.003659,273.32, 444.3652
632864,5.0498,0.003842,260.29, 444.3646
632865,5.0527,0.003070,325.69, 444.3646
632866,5.0557,0.002968,336.94, 444.3649
632867,5.0586,0.003077,325.00, 444.3652
632868,5.0620,0.003050,327.88, 444.3649
632869,5.0654,0.003461,288.96, 444.3651
632870,5.0684,0.002985,335.05, 444.3649
632871,5.0718,0.003413,292.98, 444.3651
632872,5.0747,0.002982,335.33, 444.3649
632873,5.0786,0.003891,257.00, 444.3651
632874,5.0815,0.003061,326.65, 444.3649
632875,5.0850,0.003326,300.65, 444.3651
632876,5.0879,0.002966,337.13, 444.3652
632877,5.0913,0.003417,292.66, 444.3646
632878,5.0942,0.003014,331.80, 444.3652
632879,5.0977,0.003466,288.52, 444.3652
632880,5.1011,0.003321,301.11, 444.3651
632881,5.1040,0.002958,338.11, 444.3652
632882,5.1074,0.003420,292.36, 444.3649
632883,5.1104,0.002942,339.87, 444.3652
632884,5.1138,0.003438,290.87, 444.3649
632885,5.1172,0.003099,322.74, 444.3652
632886,5.1201,0.003264,306.34, 444.3651
632887,5.1235,0.003140,318.45, 444.3649
632888,5.1265,0.003097,322.89, 444.3652
632889,5.1299,0.003258,306.93, 444.3647
632890,5.1338,0.003870,258.38, 444.3646
632891,5.1367,0.003117,320.81, 444.3651
632892,5.1396,0.002921,342.38, 444.3649
632893,5.1426,0.003050,327.92, 444.3652
632894,5.1460,0.002997,333.70, 444.3652
632895,5.1489,0.003288,304.18, 444.3652
632896,5.1523,0.003098,322.78, 444.3649
632897,5.1553,0.003022,330.92, 444.3652
632898,5.1587,0.003644,274.42, 444.3652
632899,5.1621,0.003311,302.05, 444.3651
632900,5.1650,0.003031,329.97, 444.3652
632901,5.1685,0.003225,310.08, 444.3651
632902,5.1714,0.002992,334.26, 444.3649
632903,5.1748,0.003651,273.94, 444.3651
632904,5.1782,0.003030,329.99, 444.3652
632905,5.1812,0.003086,324.03, 444.3651
632906,5.1841,0.003034,329.64, 444.3652
632907,5.1875,0.003214,311.13, 444.3652
632908,5.1904,0.003116,320.94, 444.3652
632909,5.1943,0.003765,265.58, 444.3646
632910,5.1973,0.003025,330.63, 444.3652
632911,5.2002,0.002907,344.04, 444.3652
632912,5.2036,0.003455,289.41, 444.3646
632913,5.2065,0.003087,323.97, 444.3670
632914,5.2100,0.003028,330.25, 444.3652
632915,5.2134,0.003641,274.66, 444.3651
632916,5.2163,0.003111,321.44, 444.3651
632917,5.2197,0.002977,335.95, 444.3647
632918,5.2231,0.003496,286.08, 444.3651
632919,5.2261,0.002979,335.72, 444.3652
632920,5.2290,0.003203,312.19, 444.3652
632921,5.2319,0.002968,336.94, 444.3652
632922,5.2358,0.003571,280.06, 444.3651
632923,5.2388,0.002969,336.83, 444.3652
632924,5.2422,0.003343,299.16, 444.3651
632925,5.2451,0.003045,328.41, 444.3652
632926,5.2485,0.003380,295.88, 444.3651
632927,5.2515,0.003082,324.45, 444.3652
632928,5.2549,0.003124,320.09, 444.3652
632929,5.2578,0.003106,321.96, 444.3652
632930,5.2612,0.003637,274.94, 444.3649
632931,5.2642,0.003016,331.61, 444.3652
632932,5.2676,0.002991,334.37, 444.3649
632933,5.2710,0.003789,263.95, 444.3651
632934,5.2744,0.003015,331.64, 444.3649
632935,5.2773,0.002962,337.66, 444.3652
632936,5.2803,0.003010,332.26, 444.3652
632937,5.2837,0.003612,276.85, 444.3651
632938,5.2866,0.002935,340.77, 444.3652
632939,5.2900,0.003340,299.42, 444.3649
632940,5.2930,0.003034,329.59, 444.3652
632941,5.2969,0.003610,277.03, 444.3646
632942,5.2998,0.003055,327.34, 444.3649
632943,5.3027,0.003080,324.70, 444.3651
632944,5.3062,0.003079,324.74, 444.3649
632945,5.3091,0.003203,312.17, 444.3648
632946,5.3120,0.003025,330.55, 444.3649
632947,5.3159,0.003713,269.32, 444.3651
632948,5.3188,0.003120,320.51, 444.3651
632949,5.3218,0.003006,332.71, 444.3649
632950,5.3252,0.003058,327.02, 444.3647
632951,5.3286,0.003447,290.12, 444.3651
632952,5.3315,0.002972,336.53, 444.3647
632953,5.3350,0.003365,297.19, 444.3649
632954,5.3384,0.003384,295.47, 444.3651
632955,5.3413,0.002927,341.67, 444.3652
632956,5.3447,0.003512,284.74, 444.3651
632957,5.3477,0.002929,341.41, 444.3647
632958,5.3511,0.003545,282.11, 444.3646
632959,5.3545,0.003130,319.46, 444.3651
632960,5.3574,0.002989,334.53, 444.3651
632961,5.3604,0.003066,326.14, 444.3647
632962,5.3638,0.003610,277.04, 444.3651
632963,5.3672,0.003316,301.60, 444.3646
632964,5.3701,0.003082,324.43, 444.3649
632965,5.3735,0.003194,313.13, 444.3649
632966,5.3765,0.003038,329.22, 444.3649
632967,5.3794,0.003026,330.43, 444.3652
632968,5.3833,0.003517,284.32, 444.3647
632969,5.3862,0.003052,327.65, 444.3652
632970,5.3896,0.003400,294.08, 444.3646
632971,5.3926,0.003117,320.81, 444.3651
632972,5.3955,0.002961,337.70, 444.3652
632973,5.3994,0.003697,270.47, 444.3651
632974,5.4023,0.002965,337.26, 444.3652
632975,5.4053,0.003191,313.34, 444.3651
632976,5.4082,0.002903,344.53, 444.3649
632977,5.4121,0.003712,269.39, 444.3651
632978,5.4150,0.003175,315.01, 444.3647
632979,5.4180,0.002941,340.07, 444.3652
632980,5.4214,0.003065,326.31, 444.3647
632981,5.4248,0.003546,282.03, 444.3651
632982,5.4277,0.003052,327.64, 444.3649
632983,5.4312,0.003304,302.67, 444.3651
632984,5.4341,0.002997,333.69, 444.3652
632985,5.4375,0.003148,317.66, 444.3711
632986,5.4404,0.003292,303.76, 444.3647
632987,5.4438,0.003474,287.84, 444.3652
632988,5.4478,0.003533,283.05, 444.3651
632989,5.4507,0.002899,344.98, 444.3652
632990,5.4541,0.003381,295.78, 444.3646
632991,5.4570,0.003043,328.58, 444.3652
632992,5.4600,0.003234,309.26, 444.3651
632993,5.4634,0.003017,331.51, 444.3649
632994,5.4668,0.003561,280.82, 444.3646
632995,5.4697,0.003021,331.06, 444.3652
632996,5.4727,0.003092,323.43, 444.3649
632997,5.4761,0.003007,332.52, 444.3652
632998,5.4795,0.003767,265.46, 444.3651
632999,5.4824,0.003022,330.90, 444.3652
633000,5.4858,0.003070,325.78, 444.3647
633001,5.4888,0.003203,312.19, 444.3652
633002,5.4922,0.003489,286.64, 444.3652
633003,5.4961,0.003468,288.39, 444.3651
633004,5.4990,0.003027,330.36, 444.3649
633005,5.5020,0.003056,327.19, 444.3740
633006,5.5049,0.003056,327.26, 444.3652
633007,5.5088,0.003609,277.08, 444.3651
633008,5.5117,0.002936,340.60, 444.3649
633009,5.5151,0.003400,294.15, 444.3651
633010,5.5181,0.002950,338.95, 444.3649
633011,5.5215,0.003427,291.77, 444.3646
633012,5.5249,0.003548,281.88, 444.3646
633013,5.5283,0.003191,313.40, 444.3649
633014,5.5313,0.003157,316.74, 444.3646
633015,5.5347,0.003296,303.36, 444.3649
633016,5.5381,0.003437,290.98, 444.3646
633017,5.5415,0.003487,286.80, 444.3646
633018,5.5449,0.003419,292.48, 444.3651
633019,5.5483,0.003230,309.56, 444.3651
633020,5.5513,0.003069,325.82, 444.3646
633021,5.5542,0.003128,319.74, 444.3649
633022,5.5571,0.003028,330.28, 444.3652
633023,5.5605,0.003026,330.44, 444.3652
633024,5.5640,0.003745,267.04, 444.3652
633025,5.5674,0.003272,305.67, 444.3652
633026,5.5708,0.003316,301.59, 444.3651
633027,5.5737,0.003052,327.71, 444.3652
633028,5.5771,0.003476,287.67, 444.3651
633029,5.5801,0.003099,322.66, 444.3652
633030,5.5840,0.003516,284.44, 444.3649
633031,5.5869,0.003003,332.97, 444.3652
633032,5.5903,0.003288,304.11, 444.3647
633033,5.5938,0.003726,268.37, 444.3651
633034,5.5967,0.002985,334.96, 444.3647
633035,5.5996,0.003004,332.90, 444.3652
633036,5.6030,0.002990,334.43, 444.3647
633037,5.6064,0.003591,278.48, 444.3651
633038,5.6094,0.002987,334.74, 444.3652
633039,5.6128,0.003410,293.26, 444.3651
633040,5.6157,0.003008,332.49, 444.3652
633041,5.6191,0.003310,302.11, 444.3649
633042,5.6221,0.003139,318.59, 444.3649
633043,5.6255,0.003139,318.53, 444.3652
633044,5.6284,0.002990,334.46, 444.3652
633045,5.6323,0.003728,268.23, 444.3652
633046,5.6353,0.003042,328.69, 444.3652
633047,5.6382,0.002912,343.39, 444.3652
633048,5.6421,0.003812,262.30, 444.3651
633049,5.6450,0.002979,335.71, 444.3651
633050,5.6479,0.002958,338.11, 444.3652
633051,5.6514,0.003382,295.65, 444.3652
633052,5.6548,0.003335,299.84, 444.3651
633053,5.6577,0.002950,338.98, 444.3647
633054,5.6611,0.003461,288.92, 444.3651
633055,5.6641,0.002993,334.07, 444.3652
633056,5.6675,0.003276,305.25, 444.3649
633057,5.6704,0.003128,319.67, 444.3649
633058,5.6743,0.003756,266.23, 444.3646
633059,5.6777,0.003401,294.07, 444.3646
633060,5.6807,0.003194,313.14, 444.3646
633061,5.6836,0.003109,321.67, 444.3670
633062,5.6870,0.003016,331.60, 444.3646
633063,5.6899,0.003125,320.00, 444.3651
633064,5.6929,0.003058,326.99, 444.3652
633065,5.6963,0.003055,327.39, 444.3652
633066,5.6997,0.003494,286.25, 444.3649
633067,5.7026,0.002951,338.90, 444.3652
633068,5.7061,0.003430,291.52, 444.3652
633069,5.7095,0.003496,286.01, 444.3651
633070,5.7124,0.002997,333.68, 444.3652
633071,5.7158,0.003349,298.56, 444.3651
633072,5.7188,0.002971,336.56, 444.3649
633073,5.7222,0.003263,306.44, 444.3651
633074,5.7251,0.003073,325.44, 444.3649
633075,5.7285,0.003462,288.88, 444.3651
633076,5.7314,0.003020,331.17, 444.3649
633077,5.7349,0.003247,308.02, 444.3651
633078,5.7378,0.003055,327.32, 444.3647
633079,5.7412,0.003509,284.99, 444.3651
633080,5.7446,0.003119,320.66, 444.3652
633081,5.7476,0.003033,329.75, 444.3647
633082,5.7510,0.003569,280.22, 444.3646
633083,5.7539,0.002945,339.62, 444.3652
633084,5.7573,0.003492,286.41, 444.3651
633085,5.7607,0.002961,337.76, 444.3649
633086,5.7637,0.003282,304.73, 444.3652
633087,5.7671,0.003411,293.19, 444.3652
633088,5.7705,0.003386,295.33, 444.3651
633089,5.7739,0.003107,321.85, 444.3647
633090,5.7769,0.003045,328.37, 444.3652
633091,5.7798,0.003002,333.16, 444.3652
633092,5.7832,0.003545,282.07, 444.3651
633093,5.7861,0.003030,330.01, 444.3652
633094,5.7896,0.003476,287.69, 444.3646
633095,5.7930,0.003125,320.05, 444.3735
633096,5.7964,0.003355,298.08, 444.3646
633097,5.7993,0.003117,320.80, 444.3649
633098,5.8027,0.003316,301.57, 444.3652
633099,5.8062,0.003468,288.35, 444.3651
633100,5.8091,0.002953,338.67, 444.3652
633101,5.8130,0.003757,266.14, 444.3646
633102,5.8159,0.003186,313.86, 444.3649
633103,5.8188,0.002978,335.80, 444.3651
633104,5.8223,0.003035,329.48, 444.3649
633105,5.8252,0.002971,336.60, 444.3649
633106,5.8281,0.003051,327.73, 444.3652
633107,5.8315,0.003599,277.87, 444.3651
633108,5.8350,0.003171,315.37, 444.3652
633109,5.8379,0.002998,333.52, 444.3652
633110,5.8408,0.003072,325.52, 444.3652
633111,5.8442,0.003533,283.04, 444.3651
633112,5.8477,0.002996,333.79, 444.3649
633113,5.8511,0.003405,293.68, 444.3652
633114,5.8540,0.003283,304.65, 444.3651
633115,5.8569,0.002930,341.27, 444.3649
633116,5.8599,0.002969,336.87, 444.3652
633117,5.8643,0.004086,244.73, 444.3651
633118,5.8672,0.003113,321.22, 444.3646
633119,5.8701,0.002991,334.29, 444.3652
633120,5.8730,0.002979,335.64, 444.3647
633121,5.8765,0.003117,320.85, 444.3649
633122,5.8799,0.003371,296.68, 444.3651
633123,5.8828,0.003049,327.95, 444.3652
633124,5.8862,0.003413,293.02, 444.3651
633125,5.8892,0.002981,335.51, 444.3647
633126,5.8926,0.003275,305.33, 444.3651
633127,5.8955,0.002982,335.39, 444.3652
633128,5.8994,0.004064,246.04, 444.3647
633129,5.9028,0.003134,319.08, 444.3651
633130,5.9058,0.002970,336.73, 444.3646
633131,5.9087,0.003026,330.44, 444.3661
633132,5.9116,0.002911,343.56, 444.3649
633133,5.9150,0.003340,299.45, 444.3652
633134,5.9180,0.003203,312.18, 444.3649
633135,5.9209,0.003011,332.10, 444.3652
633136,5.9243,0.003433,291.30, 444.3652
633137,5.9277,0.003301,302.96, 444.3651
633138,5.9307,0.002992,334.22, 444.3652
633139,5.9341,0.003470,288.20, 444.3651
633140,5.9375,0.002987,334.78, 444.3652
633141,5.9404,0.003338,299.60, 444.3646
633142,5.9438,0.003139,318.57, 444.3647
633143,5.9468,0.003108,321.75, 444.3652
633144,5.9497,0.002972,336.47, 444.3652
633145,5.9531,0.003539,282.58, 444.3651
633146,5.9565,0.002972,336.50, 444.3652
633147,5.9595,0.003371,296.68, 444.3651
633148,5.9629,0.003044,328.53, 444.3649
633149,5.9668,0.003888,257.20, 444.3649
633150,5.9697,0.003042,328.75, 444.3649
633151,5.9727,0.002968,336.90, 444.3652
633152,5.9761,0.003379,295.92, 444.3646
633153,5.9790,0.003009,332.29, 444.3652
633154,5.9824,0.003340,299.37, 444.3651
633155,5.9854,0.002934,340.80, 444.3652
633156,5.9888,0.003568,280.28, 444.3651
633157,5.9917,0.003015,331.71, 444.3652
633158,5.9951,0.003440,290.71, 444.3646
633159,5.9985,0.002970,336.69, 444.3652
633160,6.0020,0.003813,262.30, 444.3646
633161,6.0054,0.003135,318.98, 444.3651
633162,6.0083,0.002907,344.00, 444.3651
633163,6.0112,0.003054,327.47, 444.3652
633164,6.0146,0.003235,309.09, 444.3649
633165,6.0176,0.003000,333.34, 444.3652
633166,6.0210,0.003499,285.84, 444.3651
633167,6.0239,0.003026,330.51, 444.3652
633168,6.0273,0.003356,298.01, 444.3652
633169,6.0308,0.003474,287.84, 444.3652
633170,6.0337,0.003132,319.30, 444.3649
633171,6.0376,0.003677,271.99, 444.3651
633172,6.0405,0.003021,331.07, 444.3652
633173,6.0439,0.003425,291.99, 444.3651
633174,6.0469,0.002988,334.68, 444.3652
633175,6.0503,0.003151,317.32, 444.3652
633176,6.0532,0.003072,325.57, 444.3649
633177,6.0566,0.003595,278.15, 444.3651
633178,6.0601,0.003032,329.84, 444.3652
633179,6.0630,0.003153,317.20, 444.3652
633180,6.0659,0.003102,322.35, 444.3652
633181,6.0698,0.003503,285.50, 444.3651
633182,6.0728,0.003142,318.27, 444.3649
633183,6.0762,0.003297,303.35, 444.3647
633184,6.0796,0.003571,280.02, 444.3649
633185,6.0825,0.003041,328.81, 444.3652
633186,6.0859,0.003199,312.62, 444.3651
633187,6.0889,0.003057,327.12, 444.3649
633188,6.0923,0.003417,292.68, 444.3651
633189,6.0952,0.002999,333.42, 444.3652
633190,6.0986,0.003254,307.30, 444.3651
633191,6.1016,0.003103,322.32, 444.3652
633192,6.1055,0.003657,273.43, 444.3646
633193,6.1084,0.003047,328.25, 444.3652
633194,6.1113,0.002977,335.90, 444.3652
633195,6.1143,0.003071,325.58, 444.3652
633196,6.1182,0.003617,276.45, 444.3649
633197,6.1211,0.003025,330.62, 444.3652
633198,6.1245,0.003261,306.65, 444.3652
633199,6.1279,0.003593,278.33, 444.3651
633200,6.1309,0.002949,339.13, 444.3651
633201,6.1338,0.003099,322.66, 444.3652
633202,6.1372,0.003194,313.06, 444.3652
633203,6.1406,0.003545,282.10, 444.3651
633204,6.1436,0.003017,331.44, 444.3647
633205,6.1475,0.003736,267.64, 444.3646
633206,6.1514,0.003675,272.12, 444.3646
633207,6.1543,0.003171,315.34, 444.3651
633208,6.1572,0.003064,326.35, 444.3649
633209,6.1602,0.002919,342.57, 444.3651
633210,6.1636,0.003094,323.17, 444.3647
633211,6.1665,0.003028,330.27, 444.3647
633212,6.1699,0.003635,275.13, 444.3651
633213,6.1733,0.003140,318.50, 444.3646
633214,6.1763,0.003087,323.94, 444.3649
633215,6.1792,0.002932,341.11, 444.3649
633216,6.1831,0.003775,264.87, 444.3651
633217,6.1860,0.002966,337.14, 444.3649
633218,6.1895,0.003302,302.82, 444.3651
633219,6.1924,0.002958,338.11, 444.3652
633220,6.1958,0.003608,277.17, 444.3651
633221,6.1987,0.002954,338.56, 444.3652
633222,6.2021,0.003440,290.70, 444.3651
633223,6.2051,0.003050,327.85, 444.3649
633224,6.2085,0.003018,331.40, 444.3652
633225,6.2114,0.003061,326.73, 444.3652
633226,6.2153,0.003764,265.71, 444.3646
633227,6.2183,0.003058,327.04, 444.3652
633228,6.2212,0.003057,327.14, 444.3652
633229,6.2241,0.003049,328.00, 444.3652
633230,6.2280,0.003505,285.29, 444.3690
633231,6.2310,0.002986,334.86, 444.3652
633232,6.2344,0.003687,271.22, 444.3652
633233,6.2378,0.003261,306.68, 444.3651
633234,6.2407,0.002947,339.28, 444.3649
633235,6.2441,0.003650,274.01, 444.3651
633236,6.2476,0.002995,333.91, 444.3652
633237,6.2505,0.003053,327.54, 444.3652
633238,6.2539,0.003548,281.85, 444.3651
633239,6.2568,0.002955,338.44, 444.3652
633240,6.2603,0.003155,316.94, 444.3649
633241,6.2637,0.003540,282.53, 444.3651
633242,6.2666,0.003079,324.81, 444.3647
633243,6.2695,0.002908,343.93, 444.3652
633244,6.2729,0.003137,318.79, 444.3652
633245,6.2759,0.003360,297.64, 444.3647
633246,6.2798,0.003653,273.79, 444.3652
633247,6.2832,0.003433,291.27, 444.3652
633248,6.2861,0.003084,324.21, 444.3652
633249,6.2891,0.002992,334.22, 444.3649
633250,6.2930,0.003744,267.09, 444.3651
633251,6.2959,0.003088,323.88, 444.3652
633252,6.2993,0.003033,329.67, 444.3652
633253,6.3022,0.002988,334.66, 444.3652
633254,6.3057,0.003357,297.90, 444.3652
633255,6.3086,0.002986,334.86, 444.3652
633256,6.3120,0.003666,272.80, 444.3651
633257,6.3149,0.003035,329.54, 444.3652
633258,6.3184,0.002997,333.64, 444.3652
633259,6.3213,0.003214,311.17, 444.3652
633260,6.3247,0.003458,289.15, 444.3651
633261,6.3276,0.003040,328.97, 444.3652
633262,6.3311,0.003388,295.15, 444.3649
633263,6.3345,0.003396,294.46, 444.3651
633264,6.3374,0.002962,337.64, 444.3647
633265,6.3408,0.003377,296.09, 444.3646
633266,6.3442,0.003052,327.63, 444.3647
633267,6.3477,0.003476,287.67, 444.3649
633268,6.3506,0.003078,324.94, 444.3647
633269,6.3535,0.003160,316.48, 444.3651
633270,6.3569,0.003198,312.66, 444.3652
633271,6.3604,0.003220,310.59, 444.3651
633272,6.3633,0.003063,326.45, 444.3647
633273,6.3667,0.003272,305.65, 444.3649
633274,6.3696,0.003216,310.96, 444.3652
633275,6.3730,0.003449,289.96, 444.3795
633276,6.3760,0.003047,328.21, 444.3649
633277,6.3794,0.003096,323.03, 444.3652
633278,6.3828,0.003631,275.38, 444.3651
633279,6.3857,0.002936,340.60, 444.3652
633280,6.3896,0.003663,272.97, 444.3646
633281,6.3926,0.003039,329.03, 444.3651
633282,6.3955,0.003004,332.91, 444.3652
633283,6.3989,0.003462,288.82, 444.3652
633284,6.4023,0.003467,288.43, 444.3649
633285,6.4058,0.003094,323.22, 444.3649
633286,6.4087,0.003000,333.39, 444.3651
633287,6.4116,0.003116,320.97, 444.3649
633288,6.4150,0.003561,280.82, 444.3646
633289,6.4185,0.003296,303.39, 444.3646
633290,6.4219,0.003177,314.72, 444.3646
633291,6.4248,0.003160,316.44, 444.3651
633292,6.4277,0.003028,330.22, 444.3649
633293,6.4316,0.003474,287.85, 444.3646
633294,6.4346,0.003313,301.82, 444.3734
633295,6.4380,0.003089,323.74, 444.3651
633296,6.4409,0.003052,327.65, 444.3651
633297,6.4438,0.003133,319.17, 444.3651
633298,6.4473,0.003172,315.23, 444.3647
633299,6.4502,0.003225,310.09, 444.3651
633300,6.4536,0.003154,317.02, 444.3647
633301,6.4565,0.003136,318.84, 444.3649
633302,6.4600,0.003075,325.19, 444.3647
633303,6.4634,0.003685,271.34, 444.3651
633304,6.4668,0.003153,317.13, 444.3646
633305,6.4697,0.003098,322.80, 444.3649
633306,6.4727,0.003184,314.05, 444.3646
633307,6.4761,0.003034,329.64, 444.3651
633308,6.4790,0.003158,316.68, 444.3647
633309,6.4829,0.003967,252.07, 444.3646
633310,6.4863,0.003238,308.80, 444.3646
633311,6.4893,0.003060,326.82, 444.3770
633312,6.4927,0.003143,318.19, 444.3649
633313,6.4956,0.003147,317.76, 444.3646
633314,6.4990,0.003220,310.58, 444.3646
633315,6.5020,0.003149,317.53, 444.3651
633316,6.5049,0.003016,331.58, 444.3651
633317,6.5078,0.003011,332.12, 444.3652
633318,6.5117,0.003505,285.35, 444.3651
633319,6.5146,0.002985,334.97, 444.3652
633320,6.5176,0.002968,336.98, 444.3652
633321,6.5205,0.003093,323.27, 444.3652
633322,6.5244,0.003671,272.41, 444.3651
633323,6.5278,0.003496,286.01, 444.3651
633324,6.5308,0.003206,311.92, 444.3670
633325,6.5342,0.003167,315.74, 444.3649
633326,6.5376,0.003342,299.26, 444.3646
633327,6.5410,0.003540,282.49, 444.3649
633328,6.5444,0.003496,286.06, 444.3670
633329,6.5479,0.003267,306.14, 444.3649
633330,6.5508,0.003195,313.04, 444.3649
633331,6.5542,0.003179,314.61, 444.3649
633332,6.5571,0.003156,316.90, 444.3649
633333,6.5610,0.003523,283.84, 444.3651
633334,6.5640,0.003064,326.39, 444.3649
633335,6.5669,0.003091,323.55, 444.3651
633336,6.5698,0.003031,329.91, 444.3652
633337,6.5737,0.003522,283.94, 444.3646
633338,6.5767,0.003156,316.86, 444.3647
633339,6.5796,0.002986,334.91, 444.3652
633340,6.5825,0.003066,326.19, 444.3647
633341,6.5864,0.003522,283.97, 444.3646
633342,6.5894,0.003026,330.49, 444.3652
633343,6.5923,0.003219,310.62, 444.3651
633344,6.5957,0.003021,331.07, 444.3649
633345,6.5991,0.003576,279.67, 444.3647
633346,6.6025,0.003352,298.29, 444.3651
633347,6.6060,0.003307,302.43, 444.3652
633348,6.6089,0.003120,320.49, 444.3651
633349,6.6118,0.003141,318.42, 444.3649
633350,6.6152,0.003143,318.16, 444.3652
633351,6.6182,0.003019,331.20, 444.3652
633352,6.6216,0.003589,278.62, 444.3651
633353,6.6250,0.003048,328.04, 444.3652
633354,6.6279,0.003043,328.64, 444.3649
633355,6.6309,0.003036,329.42, 444.3649
633356,6.6348,0.003694,270.75, 444.3715
633357,6.6377,0.003033,329.71, 444.3649
633358,6.6406,0.003022,330.93, 444.3652
633359,6.6440,0.003590,278.57, 444.3652
633360,6.6479,0.003813,262.28, 444.3646
633361,6.6509,0.003018,331.31, 444.3651
633362,6.6538,0.002999,333.43, 444.3649
633363,6.6572,0.003068,326.00, 444.3652
633364,6.6602,0.002973,336.37, 444.3652
633365,6.6641,0.003758,266.07, 444.3651
633366,6.6670,0.002990,334.46, 444.3652
633367,6.6699,0.003057,327.08, 444.3652
633368,6.6729,0.003082,324.42, 444.3647
633369,6.6763,0.003525,283.70, 444.3651
633370,6.6797,0.003044,328.50, 444.3649
633371,6.6826,0.003293,303.65, 444.3651
633372,6.6860,0.003133,319.22, 444.3649
633373,6.6895,0.003303,302.79, 444.3649
633374,6.6924,0.003014,331.76, 444.3652
633375,6.6958,0.003422,292.20, 444.3651
633376,6.6987,0.002942,339.87, 444.3652
633377,6.7017,0.003196,312.92, 444.3652
633378,6.7056,0.003550,281.69, 444.3651
633379,6.7085,0.002917,342.78, 444.3652
633380,6.7124,0.004276,233.88, 444.3646
633381,6.7163,0.003561,280.82, 444.3646
633382,6.7192,0.002950,339.01, 444.3651
633383,6.7222,0.003047,328.16, 444.3646
633384,6.7251,0.002935,340.76, 444.3651
633385,6.7280,0.003019,331.22, 444.3646
633386,6.7310,0.002954,338.56, 444.3651
633387,6.7339,0.003032,329.83, 444.3652
633388,6.7378,0.003509,284.97, 444.3651
633389,6.7407,0.003016,331.54, 444.3649
633390,6.7437,0.003042,328.69, 444.3652
633391,6.7476,0.003752,266.50, 444.3652
633392,6.7505,0.003081,324.54, 444.3647
633393,6.7534,0.002989,334.52, 444.3652
633394,6.7573,0.003673,272.27, 444.3649
633395,6.7603,0.003297,303.27, 444.3651
633396,6.7637,0.002980,335.54, 444.3647
633397,6.7671,0.003644,274.40, 444.3646
633398,6.7700,0.003173,315.13, 444.3651
633399,6.7734,0.002976,336.01, 444.3651
633400,6.7764,0.002974,336.24, 444.3649
633401,6.7798,0.003418,292.59, 444.3651
633402,6.7827,0.002987,334.84, 444.3652
633403,6.7856,0.003214,311.12, 444.3652
633404,6.7886,0.002986,334.87, 444.3652
633405,6.7925,0.003615,276.60, 444.3649
633406,6.7954,0.003021,331.05, 444.3649
633407,6.7988,0.003395,294.58, 444.3652
633408,6.8022,0.003240,308.64, 444.3651
633409,6.8052,0.002993,334.15, 444.3649
633410,6.8081,0.003020,331.17, 444.3652
633411,6.8115,0.003253,307.43, 444.3654
633412,6.8145,0.003017,331.50, 444.3652
633413,6.8179,0.003578,279.50, 444.3652
633414,6.8213,0.003297,303.30, 444.3651
633415,6.8242,0.003031,329.88, 444.3652
633416,6.8276,0.003468,288.38, 444.3651
633417,6.8306,0.002937,340.51, 444.3652
633418,6.8340,0.003274,305.41, 444.3651
633419,6.8369,0.003006,332.71, 444.3652
633420,6.8403,0.003318,301.43, 444.3651
633421,6.8433,0.003077,324.97, 444.3649
633422,6.8467,0.003475,287.74, 444.3651
633423,6.8496,0.002973,336.36, 444.3652
633424,6.8530,0.003390,294.99, 444.3651
633425,6.8564,0.003074,325.28, 444.3652
633426,6.8599,0.003370,296.70, 444.3647
633427,6.8628,0.003277,305.12, 444.3652
633428,6.8662,0.003483,287.08, 444.3646
633429,6.8691,0.002943,339.79, 444.3652
633430,6.8726,0.003369,296.79, 444.3652
633431,6.8760,0.003227,309.89, 444.3654
633432,6.8789,0.002951,338.87, 444.3649
633433,6.8823,0.003664,272.90, 444.3651
633434,6.8857,0.002969,336.81, 444.3652
633435,6.8887,0.003225,310.08, 444.3646
633436,6.8916,0.003075,325.26, 444.3647
633437,6.8955,0.003621,276.17, 444.3646
633438,6.8984,0.003134,319.08, 444.3651
633439,6.9014,0.003010,332.27, 444.3774
633440,6.9048,0.003046,328.30, 444.3647
633441,6.9077,0.003164,316.03, 444.3652
633442,6.9106,0.003060,326.85, 444.3647
633443,6.9146,0.003633,275.24, 444.3652
633444,6.9180,0.003306,302.46, 444.3651
633445,6.9209,0.002906,344.08, 444.3651
633446,6.9238,0.002985,335.05, 444.3652
633447,6.9272,0.003347,298.74, 444.3652
633448,6.9307,0.003650,273.95, 444.3651
633449,6.9336,0.002960,337.79, 444.3652
633450,6.9365,0.003101,322.50, 444.3649
633451,6.9395,0.002949,339.09, 444.3652
633452,6.9434,0.003589,278.62, 444.3649
633453,6.9463,0.002993,334.08, 444.3652
633454,6.9497,0.003357,297.93, 444.3649
633455,6.9526,0.003023,330.85, 444.3649
633456,6.9561,0.003354,298.16, 444.3651
633457,6.9590,0.003068,325.97, 444.3649
633458,6.9624,0.003356,297.97, 444.3649
633459,6.9653,0.002996,333.82, 444.3652
633460,6.9688,0.003387,295.21, 444.3646
633461,6.9717,0.003001,333.26, 444.3652
633462,6.9751,0.003487,286.78, 444.3649
633463,6.9785,0.003347,298.78, 444.3646
633464,6.9814,0.003032,329.77, 444.3646
633465,6.9849,0.003067,326.07, 444.3649
633466,6.9878,0.003160,316.47, 444.3652
633467,6.9912,0.003502,285.58, 444.3651
633468,6.9941,0.002924,341.97, 444.3652
633469,6.9980,0.003559,280.98, 444.3651
633470,7.0010,0.002974,336.22, 444.3649
633471,7.0044,0.003417,292.69, 444.3651
633472,7.0073,0.002989,334.53, 444.3649
633473,7.0103,0.003020,331.10, 444.3652
633474,7.0132,0.003095,323.13, 444.3652
633475,7.0171,0.003581,279.27, 444.3651
633476,7.0200,0.002998,333.60, 444.3652
633477,7.0234,0.003256,307.13, 444.3651
633478,7.0264,0.003056,327.21, 444.3649
633479,7.0293,0.003272,305.60, 444.3652
633480,7.0332,0.003735,267.75, 444.3649
633481,7.0361,0.003025,330.55, 444.3652
633482,7.0396,0.003078,324.93, 444.3649
633483,7.0425,0.002950,338.99, 444.3647
633484,7.0454,0.002999,333.50, 444.3652
633485,7.0488,0.003719,268.90, 444.3647
633486,7.0522,0.003072,325.57, 444.3652
633487,7.0552,0.002958,338.11, 444.3649
633488,7.0586,0.003395,294.55, 444.3652
633489,7.0615,0.003027,330.35, 444.3649
633490,7.0649,0.003678,271.89, 444.3651
633491,7.0684,0.003043,328.62, 444.3652
633492,7.0713,0.003282,304.68, 444.3651
633493,7.0747,0.003020,331.15, 444.3649
633494,7.0776,0.003365,297.19, 444.3651
633495,7.0811,0.003025,330.58, 444.3652
633496,7.0840,0.003312,301.93, 444.3646
633497,7.0874,0.003048,328.14, 444.3652
633498,7.0908,0.003458,289.17, 444.3680
633499,7.0938,0.003024,330.71, 444.3652
633500,7.0972,0.003458,289.22, 444.3652
633501,7.1006,0.003416,292.71, 444.3651
633502,7.1035,0.002991,334.39, 444.3652
633503,7.1069,0.003376,296.20, 444.3651
633504,7.1099,0.002988,334.63, 444.3652
633505,7.1133,0.003217,310.83, 444.3652
633506,7.1162,0.003034,329.63, 444.3649
633507,7.1196,0.003521,284.03, 444.3651
633508,7.1226,0.002994,334.00, 444.3652
633509,7.1260,0.003443,290.48, 444.3651
633510,7.1294,0.002992,334.21, 444.3652
633511,7.1323,0.003223,310.28, 444.3652
633512,7.1353,0.003033,329.67, 444.3649
633513,7.1392,0.003625,275.87, 444.3651
633514,7.1421,0.003042,328.79, 444.3652
633515,7.1455,0.003254,307.29, 444.3651
633516,7.1484,0.003064,326.33, 444.3652
633517,7.1519,0.003465,288.60, 444.3649
633518,7.1548,0.002946,339.43, 444.3652
633519,7.1582,0.003150,317.43, 444.3652
633520,7.1621,0.004039,247.59, 444.3670
633521,7.1650,0.003246,308.10, 444.4274
633522,7.1680,0.002946,339.44, 444.3651
633523,7.1714,0.003057,327.10, 444.3652
633524,7.1748,0.003333,300.03, 444.3651
633525,7.1777,0.003075,325.21, 444.3647
633526,7.1807,0.003221,310.42, 444.3646
633527,7.1841,0.003092,323.37, 444.3652
633528,7.1875,0.003354,298.19, 444.3651
633529,7.1904,0.002964,337.35, 444.3649
633530,7.1938,0.003416,292.75, 444.3649
633531,7.1968,0.003033,329.74, 444.3652
633532,7.2002,0.003420,292.42, 444.3647
633533,7.2036,0.003552,281.50, 444.3651
633534,7.2065,0.003057,327.16, 444.3647
633535,7.2100,0.003245,308.19, 444.3651
633536,7.2129,0.003007,332.60, 444.3647
633537,7.2163,0.003455,289.47, 444.3651
633538,7.2192,0.002933,340.99, 444.3652
633539,7.2227,0.003475,287.76, 444.3651
633540,7.2261,0.003017,331.47, 444.3652
633541,7.2295,0.003459,289.10, 444.3651
633542,7.2324,0.002952,338.81, 444.3647
633543,7.2358,0.003382,295.73, 444.3651
633544,7.2388,0.002986,334.93, 444.3652
633545,7.2422,0.003523,283.87, 444.3651
633546,7.2451,0.003000,333.39, 444.3652
633547,7.2485,0.003404,293.79, 444.3652
633548,7.2520,0.003431,291.49, 444.3651
633549,7.2549,0.002983,335.26, 444.3649
633550,7.2583,0.003361,297.57, 444.3651
633551,7.2612,0.002893,345.67, 444.3652
633552,7.2651,0.003750,266.70, 444.3651
633553,7.2681,0.002912,343.45, 444.3652
633554,7.2715,0.003420,292.40, 444.3651
633555,7.2744,0.003026,330.48, 444.3652
633556,7.2778,0.003332,300.15, 444.3651
633557,7.2808,0.002963,337.47, 444.3649
633558,7.2842,0.003568,280.28, 444.3651
633559,7.2876,0.003143,318.21, 444.3652
633560,7.2905,0.003177,314.78, 444.3651
633561,7.2935,0.003022,330.93, 444.3649
633562,7.2974,0.003562,280.77, 444.3649
633563,7.3003,0.002984,335.18, 444.3652
633564,7.3032,0.003177,314.78, 444.3652
633565,7.3066,0.003185,313.93, 444.3652
633566,7.3096,0.003152,317.30, 444.3652
633567,7.3135,0.003835,260.75, 444.3651
633568,7.3164,0.003013,331.87, 444.3652
633569,7.3193,0.003018,331.32, 444.3652
633570,7.3228,0.003145,317.98, 444.3647
633571,7.3262,0.003674,272.18, 444.3651
633572,7.3296,0.003030,330.09, 444.3647
633573,7.3325,0.003057,327.11, 444.3652
633574,7.3354,0.003002,333.16, 444.3652
633575,7.3389,0.003568,280.28, 444.3651
633576,7.3418,0.003003,333.02, 444.3647
633577,7.3452,0.003385,295.41, 444.3652
633578,7.3486,0.003069,325.85, 444.3652
633579,7.3521,0.003411,293.19, 444.3835
633580,7.3550,0.003053,327.60, 444.3649
633581,7.3584,0.003535,282.87, 444.3649
633582,7.3618,0.003302,302.87, 444.3651
633583,7.3647,0.003142,318.31, 444.3652
633584,7.3687,0.003660,273.20, 444.3646
633585,7.3716,0.003252,307.55, 444.3651
633586,7.3750,0.002962,337.62, 444.3646
633587,7.3779,0.003040,328.90, 444.3652
633588,7.3813,0.003474,287.87, 444.3649
633589,7.3843,0.003022,330.91, 444.3652
633590,7.3872,0.002923,342.09, 444.3652
633591,7.3901,0.003083,324.36, 444.3652
633592,7.3940,0.003755,266.33, 444.3651
633593,7.3970,0.003053,327.60, 444.3647
633594,7.4009,0.003750,266.64, 444.3647
633595,7.4043,0.003320,301.23, 444.3651
633596,7.4072,0.003060,326.79, 444.3647
633597,7.4111,0.003791,263.79, 444.3646
633598,7.4141,0.003201,312.43, 444.3646
633599,7.4170,0.002944,339.67, 444.3651
633600,7.4199,0.002961,337.74, 444.3649
633601,7.4238,0.003682,271.59, 444.3651
633602,7.4268,0.003035,329.47, 444.3647
633603,7.4302,0.003521,284.03, 444.3651
633604,7.4336,0.003017,331.42, 444.3649
633605,7.4365,0.003350,298.51, 444.3651
633606,7.4399,0.002980,335.57, 444.3649
633607,7.4429,0.003369,296.79, 444.3652
633608,7.4463,0.003270,305.79, 444.3652
633609,7.4497,0.003342,299.24, 444.3652
633610,7.4531,0.003418,292.56, 444.3651
633611,7.4561,0.002988,334.73, 444.3652
633612,7.4595,0.003563,280.69, 444.3651
633613,7.4629,0.002998,333.51, 444.3649
633614,7.4658,0.003286,304.32, 444.3651
633615,7.4688,0.003003,333.02, 444.3652
633616,7.4727,0.003447,290.08, 444.3652
633617,7.4756,0.003227,309.87, 444.3652
633618,7.4790,0.003223,310.27, 444.3651
633619,7.4819,0.003068,325.92, 444.3652
633620,7.4854,0.003423,292.16, 444.3646
633621,7.4883,0.003003,333.01, 444.3652
633622,7.4917,0.003362,297.47, 444.3651
633623,7.4946,0.002991,334.34, 444.3652
633624,7.4980,0.003205,311.98, 444.3647
633625,7.5015,0.003569,280.22, 444.3651
633626,7.5044,0.002931,341.19, 444.3652
633627,7.5078,0.003401,294.05, 444.3651
633628,7.5107,0.002913,343.24, 444.3652
633629,7.5151,0.004208,237.63, 444.3646
633630,7.5181,0.003284,304.48, 444.3651
633631,7.5215,0.003298,303.24, 444.3651
633632,7.5249,0.003232,309.43, 444.3646
633633,7.5278,0.003093,323.33, 444.3649
633634,7.5313,0.003392,294.82, 444.3651
633635,7.5347,0.003211,311.39, 444.3646
633636,7.5376,0.003378,296.02, 444.3651
633637,7.5415,0.003498,285.84, 444.3646
633638,7.5444,0.003251,307.61, 444.3646
633639,7.5474,0.003004,332.89, 444.3651
633640,7.5508,0.002962,337.61, 444.3651
633641,7.5537,0.002980,335.63, 444.3652
633642,7.5566,0.003343,299.18, 444.3652
633643,7.5601,0.003252,307.47, 444.3652
633644,7.5640,0.003718,268.95, 444.3651
633645,7.5669,0.003130,319.50, 444.3647
633646,7.5698,0.002911,343.51, 444.3652
633647,7.5732,0.003311,302.00, 444.3652
633648,7.5762,0.003055,327.34, 444.3652
633649,7.5791,0.003063,326.47, 444.3649
633650,7.5835,0.004206,237.77, 444.3651
633651,7.5864,0.002996,333.81, 444.3651
633652,7.5894,0.002958,338.03, 444.3647
633653,7.5928,0.003492,286.36, 444.3651
633654,7.5957,0.002948,339.21, 444.3652
633655,7.5996,0.003520,284.12, 444.3651
633656,7.6025,0.003015,331.70, 444.3649
633657,7.6055,0.003012,332.04, 444.3652
633658,7.6084,0.003051,327.73, 444.3652
633659,7.6123,0.003785,264.22, 444.3651
633660,7.6152,0.002972,336.44, 444.3652
633661,7.6187,0.003326,300.69, 444.3649
633662,7.6216,0.003021,331.05, 444.3647
633663,7.6250,0.003312,301.97, 444.3649
633664,7.6279,0.003050,327.84, 444.3649
633665,7.6313,0.003186,313.84, 444.3647
633666,7.6348,0.003632,275.35, 444.3651
633667,7.6377,0.002920,342.44, 444.3652
633668,7.6411,0.003312,301.97, 444.3651
633669,7.6440,0.003003,332.99, 444.3649
633670,7.6470,0.003060,326.82, 444.3652
633671,7.6504,0.003413,293.01, 444.3652
633672,7.6538,0.003374,296.40, 444.3649
633673,7.6567,0.003079,324.76, 444.3649
633674,7.6602,0.003132,319.28, 444.3649
633675,7.6631,0.003069,325.89, 444.3649
633676,7.6665,0.003528,283.41, 444.3651
633677,7.6694,0.002956,338.27, 444.3647
633678,7.6729,0.003416,292.78, 444.3651
633679,7.6763,0.003324,300.82, 444.3646
633680,7.6792,0.003068,325.93, 444.3646
633681,7.6826,0.003116,320.97, 444.3649
633682,7.6855,0.003049,327.99, 444.3652
633683,7.6885,0.003041,328.82, 444.3652
633684,7.6924,0.003641,274.62, 444.3649
633685,7.6953,0.003066,326.19, 444.3652
633686,7.6987,0.003523,283.85, 444.3646
633687,7.7021,0.003030,330.03, 444.3652
633688,7.7056,0.003791,263.81, 444.3646
633689,7.7085,0.003017,331.41, 444.3651
633690,7.7119,0.003017,331.50, 444.3649
633691,7.7148,0.003342,299.21, 444.3651
633692,7.7183,0.002975,336.09, 444.3652
633693,7.7217,0.003868,258.53, 444.3646
633694,7.7251,0.003198,312.72, 444.3649
633695,7.7280,0.002909,343.82, 444.3651
633696,7.7310,0.003034,329.65, 444.3649
633697,7.7339,0.003020,331.11, 444.3651
633698,7.7373,0.003026,330.49, 444.3649
633699,7.7402,0.003365,297.18, 444.3649
633700,7.7437,0.003114,321.13, 444.3647
633701,7.7471,0.003333,300.04, 444.3649
633702,7.7505,0.003435,291.09, 444.3651
633703,7.7534,0.002924,342.00, 444.3651
633704,7.7563,0.002986,334.95, 444.3652
633705,7.7598,0.003420,292.39, 444.3652
633706,7.7632,0.003541,282.41, 444.3651
633707,7.7661,0.002942,339.89, 444.3652
633708,7.7695,0.003190,313.49, 444.3652
633709,7.7725,0.003019,331.26, 444.3647
633710,7.7759,0.003543,282.29, 444.3651
633711,7.7788,0.002952,338.73, 444.3652
633712,7.7822,0.003261,306.66, 444.3651
633713,7.7852,0.003038,329.12, 444.3647
633714,7.7886,0.003466,288.53, 444.3651
633715,7.7915,0.003073,325.47, 444.3652
633716,7.7949,0.003284,304.54, 444.3649
633717,7.7979,0.003057,327.08, 444.3649
633718,7.8013,0.003440,290.70, 444.3651
633719,7.8047,0.003007,332.57, 444.3652
633720,7.8076,0.003095,323.06, 444.3652
633721,7.8105,0.003026,330.44, 444.3652
633722,7.8140,0.003570,280.09, 444.3651
633723,7.8174,0.002960,337.82, 444.3652
633724,7.8203,0.003406,293.59, 444.3647
633725,7.8242,0.003536,282.83, 444.3651
633726,7.8271,0.002935,340.67, 444.3652
633727,7.8301,0.003242,308.45, 444.3651
633728,7.8330,0.002981,335.51, 444.3649
633729,7.8369,0.003479,287.41, 444.3651
633730,7.8398,0.002924,341.97, 444.3652
633731,7.8433,0.003375,296.29, 444.3651
633732,7.8462,0.002993,334.16, 444.3652
633733,7.8496,0.003441,290.61, 444.3651
633734,7.8525,0.002983,335.27, 444.3647
633735,7.8560,0.003321,301.13, 444.3651
633736,7.8589,0.003102,322.35, 444.3647
633737,7.8623,0.003410,293.30, 444.3649
633738,7.8652,0.003015,331.72, 444.3652
633739,7.8687,0.003416,292.71, 444.3652
633740,7.8721,0.003170,315.43, 444.3652
633741,7.8750,0.002949,339.08, 444.3649
633742,7.8784,0.003769,265.32, 444.3647
633743,7.8818,0.003207,311.83, 444.3649
633744,7.8853,0.003494,286.22, 444.3646
633745,7.8882,0.003067,326.04, 444.3647
633746,7.8911,0.002911,343.49, 444.3652
633747,7.8945,0.003112,321.31, 444.3652
633748,7.8984,0.003909,255.82, 444.3651
633749,7.9014,0.002977,335.87, 444.3652
633750,7.9048,0.003407,293.48, 444.3651
633751,7.9077,0.002979,335.65, 444.3652
633752,7.9111,0.003398,294.33, 444.3646
633753,7.9141,0.003100,322.57, 444.3649
633754,7.9175,0.003310,302.10, 444.3652
633755,7.9209,0.003410,293.22, 444.3651
633756,7.9238,0.002950,338.97, 444.3652
633757,7.9272,0.003489,286.61, 444.3649
633758,7.9302,0.002966,337.13, 444.3652
633759,7.9336,0.003554,281.37, 444.3651
633760,7.9370,0.002951,338.93, 444.3649
633761,7.9399,0.003321,301.15, 444.3646
633762,7.9434,0.003115,321.01, 444.3647
633763,7.9463,0.003118,320.73, 444.3652
633764,7.9492,0.002996,333.77, 444.3649
633765,7.9531,0.003593,278.33, 444.3651
633766,7.9561,0.002961,337.75, 444.3649
633767,7.9595,0.003565,280.48, 444.3651
633768,7.9624,0.003025,330.59, 444.3647
633769,7.9658,0.003129,319.55, 444.3652
633770,7.9692,0.003622,276.07, 444.3651
633771,7.9722,0.002927,341.68, 444.3651
633772,7.9751,0.002945,339.54, 444.3652
633773,7.9785,0.003537,282.71, 444.3649
633774,7.9819,0.003392,294.84, 444.3649
633775,7.9849,0.003075,325.17, 444.3649
633776,7.9888,0.003612,276.87, 444.3646
633777,7.9922,0.003337,299.72, 444.3646
633778,7.9951,0.002954,338.57, 444.3651
633779,7.9980,0.003024,330.71, 444.3652
633780,8.0010,0.002930,341.32, 444.3647
633781,8.0039,0.003052,327.63, 444.3652
633782,8.0078,0.003578,279.51, 444.3651
633783,8.0107,0.003035,329.54, 444.3652
633784,8.0137,0.003114,321.12, 444.3652
633785,8.0166,0.002977,335.89, 444.3649
633786,8.0205,0.003598,277.92, 444.3652
633787,8.0239,0.003387,295.27, 444.3651
633788,8.0264,0.002876,347.69, 444.3651
633789,8.0298,0.002981,335.50, 444.3647
633790,8.0332,0.003546,282.05, 444.3652
633791,8.0366,0.003453,289.60, 444.3651
633792,8.0396,0.002933,340.95, 444.3652
633793,8.0430,0.003250,307.72, 444.3651
633794,8.0454,0.002918,342.74, 444.3649
633795,8.0493,0.003606,277.35, 444.3651
633796,8.0522,0.003036,329.44, 444.3649
633797,8.0552,0.003113,321.20, 444.3652
633798,8.0586,0.002978,335.75, 444.3652
633799,8.0620,0.003571,280.01, 444.3651
633800,8.0649,0.003003,333.06, 444.3649
633801,8.0684,0.003428,291.75, 444.3646
633802,8.0713,0.003092,323.46, 444.3647
633803,8.0747,0.003179,314.56, 444.3649
633804,8.0776,0.003041,328.89, 444.3647
633805,8.0811,0.003548,281.85, 444.3649
633806,8.0845,0.003137,318.82, 444.3652
633807,8.0874,0.002913,343.27, 444.3652
633808,8.0903,0.003064,326.40, 444.3652
633809,8.0938,0.003575,279.73, 444.3652
633810,8.0977,0.003484,287.05, 444.3651
633811,8.1001,0.002920,342.47, 444.3652
633812,8.1040,0.003447,290.13, 444.3651
633813,8.1069,0.002911,343.52, 444.3652
633814,8.1099,0.003383,295.59, 444.3649
633815,8.1133,0.003065,326.32, 444.3652
633816,8.1167,0.003327,300.53, 444.3649
633817,8.1196,0.003050,327.90, 444.3647
633818,8.1226,0.003131,319.44, 444.3652
633819,8.1255,0.003079,324.81, 444.3652
633820,8.1294,0.003666,272.77, 444.3646
633821,8.1323,0.003032,329.79, 444.3652
633822,8.1353,0.003038,329.12, 444.3652
633823,8.1387,0.002986,334.87, 444.3647
633824,8.1421,0.003637,274.94, 444.3646
633825,8.1450,0.003044,328.50, 444.3652
633826,8.1484,0.003220,310.58, 444.3651
633827,8.1514,0.002944,339.65, 444.3652
633828,8.1548,0.003442,290.50, 444.3652
633829,8.1582,0.003443,290.41, 444.3651
633830,8.1611,0.003024,330.72, 444.3649
633831,8.1646,0.003354,298.20, 444.3646
633832,8.1675,0.003036,329.34, 444.3647
633833,8.1709,0.003173,315.12, 444.3652
633834,8.1738,0.003170,315.43, 444.3646
633835,8.1772,0.003295,303.54, 444.3646
633836,8.1807,0.003192,313.32, 444.3651
633837,8.1836,0.002993,334.11, 444.3649
633838,8.1865,0.003061,326.74, 444.3652
633839,8.1895,0.003069,325.88, 444.3651
633840,8.1929,0.003166,315.89, 444.3649
633841,8.1963,0.003419,292.52, 444.3649
633842,8.1992,0.002979,335.65, 444.3652
633843,8.2021,0.003273,305.52, 444.3647
633844,8.2061,0.003673,272.24, 444.3651
633845,8.2090,0.002969,336.77, 444.3651
633846,8.2119,0.003025,330.58, 444.3649
633847,8.2148,0.003012,331.96, 444.3652
633848,8.2188,0.003449,289.98, 444.3649
633849,8.2217,0.003063,326.43, 444.3649
633850,8.2251,0.003640,274.76, 444.3649
633851,8.2280,0.002945,339.56, 444.3652
633852,8.2314,0.003321,301.08, 444.3651
633853,8.2344,0.002979,335.71, 444.3649
633854,8.2378,0.003415,292.80, 444.3651
633855,8.2407,0.002979,335.69, 444.3652
633856,8.2441,0.003281,304.78, 444.3652
633857,8.2471,0.003154,317.11, 444.3649
633858,8.2510,0.003752,266.50, 444.3646
633859,8.2539,0.003008,332.45, 444.3652
633860,8.2568,0.002929,341.37, 444.3647
633861,8.2607,0.003679,271.78, 444.3652
633862,8.2642,0.003347,298.76, 444.3649
633863,8.2676,0.003609,277.12, 444.3646
633864,8.2710,0.003427,291.83, 444.3646
633865,8.2739,0.003001,333.20, 444.3651
633866,8.2769,0.003027,330.33, 444.3652
633867,8.2798,0.002952,338.74, 444.3652
633868,8.2832,0.003027,330.34, 444.3652
633869,8.2866,0.003530,283.25, 444.3651
633870,8.2896,0.002976,336.07, 444.3652
633871,8.2930,0.003505,285.27, 444.3651
633872,8.2964,0.003137,318.79, 444.3649
633873,8.2993,0.002970,336.67, 444.3652
633874,8.3022,0.003121,320.37, 444.3649
633875,8.3062,0.003631,275.42, 444.3651
633876,8.3091,0.002991,334.34, 444.3649
633877,8.3120,0.002890,346.02, 444.3649
633878,8.3154,0.003650,273.96, 444.3652
633879,8.3188,0.003338,299.55, 444.3652
633880,8.3223,0.003437,290.99, 444.3646
633881,8.3252,0.003078,324.94, 444.3647
633882,8.3286,0.003408,293.44, 444.3646
633883,8.3320,0.003088,323.80, 444.3647
633884,8.3350,0.003013,331.87, 444.3647
633885,8.3379,0.003058,327.04, 444.3652
633886,8.3413,0.003316,301.59, 444.3649
633887,8.3442,0.003016,331.55, 444.3652
633888,8.3477,0.003603,277.55, 444.3651
633889,8.3506,0.002977,335.95, 444.3652
633890,8.3545,0.003779,264.66, 444.3908
633891,8.3579,0.003376,296.17, 444.3646
633892,8.3613,0.003159,316.55, 444.3646
633893,8.3643,0.003101,322.48, 444.3651
633894,8.3672,0.002964,337.44, 444.3652
633895,8.3701,0.002968,336.96, 444.3652
633896,8.3730,0.002924,342.03, 444.3652
633897,8.3765,0.003606,277.32, 444.3651
633898,8.3799,0.003076,325.09, 444.3647
633899,8.3828,0.003288,304.11, 444.3651
633900,8.3862,0.002979,335.64, 444.3649
633901,8.3896,0.003790,263.86, 444.3646
633902,8.3931,0.003444,290.33, 444.3646
633903,8.3965,0.003061,326.67, 444.3651
633904,8.3994,0.003015,331.72, 444.3651
633905,8.4023,0.002924,341.97, 444.3651
633906,8.4053,0.003016,331.58, 444.3647
633907,8.4082,0.003183,314.15, 444.3652
633908,8.4116,0.003070,325.72, 444.3647
633909,8.4150,0.003546,281.99, 444.3651
633910,8.4180,0.002999,333.41, 444.3652
633911,8.4214,0.003275,305.33, 444.3651
633912,8.4243,0.003018,331.30, 444.3649
633913,8.4277,0.003329,300.37, 444.3647
633914,8.4312,0.003569,280.23, 444.3651
633915,8.4341,0.002921,342.31, 444.3652
633916,8.4375,0.003258,306.95, 444.3651
633917,8.4404,0.002956,338.30, 444.3649
633918,8.4438,0.003651,273.93, 444.3651
633919,8.4473,0.002993,334.10, 444.3652
633920,8.4502,0.003100,322.54, 444.3652
633921,8.4531,0.002968,336.90, 444.3652
633922,8.4565,0.003680,271.71, 444.3651
633923,8.4600,0.003028,330.25, 444.3652
633924,8.4629,0.003144,318.09, 444.3651
633925,8.4658,0.003017,331.44, 444.3647
633926,8.4692,0.003466,288.55, 444.3651
633927,8.4727,0.003039,329.04, 444.3652
633928,8.4756,0.003128,319.73, 444.3652
633929,8.4785,0.002982,335.32, 444.3652
633930,8.4824,0.003683,271.55, 444.3651
633931,8.4854,0.003042,328.77, 444.3649
633932,8.4888,0.003703,270.09, 444.3646
633933,8.4922,0.003196,312.86, 444.3695
633934,8.4951,0.003003,333.01, 444.3661
633935,8.4980,0.002977,335.97, 444.3652
633936,8.5010,0.002959,337.99, 444.3652
633937,8.5049,0.003678,271.86, 444.3651
633938,8.5078,0.002967,337.02, 444.3652
633939,8.5112,0.003356,297.98, 444.3651
633940,8.5142,0.003048,328.09, 444.3649
633941,8.5176,0.003254,307.36, 444.3649
633942,8.5205,0.002985,335.05, 444.3649
633943,8.5239,0.003562,280.74, 444.3651
633944,8.5269,0.003012,332.01, 444.3652
633945,8.5303,0.003512,284.71, 444.3651
633946,8.5342,0.003509,284.97, 444.3649
633947,8.5371,0.003124,320.08, 444.3651
633948,8.5400,0.003095,323.14, 444.3649
633949,8.5435,0.003307,302.40, 444.3646
633950,8.5469,0.003406,293.60, 444.3646
633951,8.5508,0.003614,276.74, 444.3651
633952,8.5542,0.003411,293.15, 444.3649
633953,8.5571,0.003109,321.63, 444.3651
633954,8.5601,0.002947,339.33, 444.3651
633955,8.5635,0.003301,302.97, 444.3647
633956,8.5669,0.003527,283.57, 444.3651
633957,8.5698,0.003032,329.86, 444.3647
633958,8.5728,0.002974,336.20, 444.3649
633959,8.5767,0.003704,269.96, 444.3651
633960,8.5796,0.003093,323.34, 444.3649
633961,8.5825,0.003081,324.57, 444.3652
633962,8.5859,0.003111,321.46, 444.3647
633963,8.5894,0.003594,278.24, 444.3651
633964,8.5923,0.003017,331.48, 444.3649
633965,8.5957,0.003414,292.92, 444.3651
633966,8.5991,0.003048,328.11, 444.3647
633967,8.6021,0.003260,306.75, 444.3651
633968,8.6050,0.002976,336.03, 444.3652
633969,8.6084,0.003293,303.67, 444.3651
633970,8.6113,0.003015,331.66, 444.3649
633971,8.6152,0.004005,249.68, 444.3651
633972,8.6187,0.002993,334.14, 444.3652
633973,8.6216,0.003052,327.65, 444.3652
633974,8.6250,0.003285,304.42, 444.3652
633975,8.6279,0.003304,302.69, 444.3651
633976,8.6309,0.002981,335.51, 444.3652
633977,8.6348,0.003566,280.43, 444.3649
633978,8.6382,0.003314,301.72, 444.3646
633979,8.6411,0.002956,338.27, 444.3649
633980,8.6445,0.003559,281.01, 444.3651
633981,8.6475,0.002989,334.62, 444.3649
633982,8.6509,0.003255,307.23, 444.3649
633983,8.6538,0.003023,330.80, 444.3652
633984,8.6572,0.003512,284.77, 444.3651
633985,8.6602,0.002965,337.31, 444.3652
633986,8.6636,0.003535,282.89, 444.3651
633987,8.6670,0.002999,333.47, 444.3652
633988,8.6704,0.003476,287.73, 444.3646
633989,8.6733,0.003051,327.73, 444.3652
633990,8.6763,0.003044,328.55, 444.3795
633991,8.6797,0.003237,308.91, 444.3652
633992,8.6831,0.003304,302.65, 444.3649
633993,8.6865,0.003610,276.99, 444.3651
633994,8.6895,0.003031,329.91, 444.3647
633995,8.6929,0.003169,315.61, 444.3652
633996,8.6958,0.002940,340.12, 444.3647
633997,8.6997,0.003967,252.07, 444.3646
633998,8.7026,0.003176,314.85, 444.3646
633999,8.7056,0.002975,336.12, 444.3649
634000,8.7085,0.002984,335.15, 444.3649
634001,8.7124,0.003569,280.21, 444.3651
634002,8.7153,0.003005,332.75, 444.3649
634003,8.7188,0.003347,298.80, 444.3651
634004,8.7217,0.002979,335.73, 444.3647
634005,8.7256,0.003724,268.54, 444.3649
634006,8.7285,0.003242,308.43, 444.3651
634007,8.7314,0.002949,339.06, 444.3652
634008,8.7344,0.002972,336.52, 444.3649
634009,8.7383,0.003625,275.89, 444.3652
634010,8.7417,0.003363,297.34, 444.3651
634011,8.7446,0.002947,339.31, 444.3652
634012,8.7480,0.003562,280.78, 444.3651
634013,8.7510,0.002953,338.64, 444.3652
634014,8.7544,0.003660,273.26, 444.3651
634015,8.7578,0.002985,335.01, 444.3652
634016,8.7607,0.003082,324.44, 444.3652
634017,8.7642,0.003231,309.54, 444.3649
634018,8.7676,0.003630,275.49, 444.3646
634019,8.7705,0.003021,331.06, 444.3652
634020,8.7739,0.003403,293.89, 444.3649
634021,8.7769,0.002968,336.97, 444.3652
634022,8.7803,0.003471,288.07, 444.3649
634023,8.7837,0.003161,316.40, 444.3649
634024,8.7866,0.003020,331.17, 444.3676
634025,8.7900,0.003513,284.68, 444.3651
634026,8.7930,0.002950,338.98, 444.3652
634027,8.7969,0.003688,271.14, 444.3651
634028,8.7998,0.003065,326.25, 444.3652
634029,8.8032,0.003275,305.35, 444.3651
634030,8.8062,0.002992,334.22, 444.3649
634031,8.8096,0.003311,302.04, 444.3651
634032,8.8125,0.002976,336.00, 444.3649
634033,8.8159,0.003460,289.06, 444.3651
634034,8.8188,0.003028,330.29, 444.3647
634035,8.8223,0.003324,300.88, 444.3651
634036,8.8252,0.003087,323.98, 444.3647
634037,8.8281,0.003076,325.07, 444.3652
634038,8.8320,0.003708,269.69, 444.3652
634039,8.8350,0.003050,327.88, 444.3652
634040,8.8384,0.003166,315.88, 444.3652
634041,8.8418,0.003408,293.43, 444.3649
634042,8.8452,0.003307,302.39, 444.3651
634043,8.8481,0.003034,329.61, 444.3652
634044,8.8511,0.003301,302.98, 444.3652
634045,8.8545,0.002999,333.46, 444.3652
634046,8.8579,0.003552,281.51, 444.3651
634047,8.8608,0.003103,322.25, 444.3652
634048,8.8647,0.003738,267.55, 444.3646
634049,8.8677,0.002999,333.50, 444.3652
634050,8.8706,0.002994,333.99, 444.3647
634051,8.8735,0.003060,326.82, 444.3652
634052,8.8774,0.003512,284.71, 444.3720
634053,8.8804,0.002963,337.51, 444.3652
634054,8.8838,0.003694,270.71, 444.3647
634055,8.8872,0.003455,289.40, 444.3646
634056,8.8906,0.003466,288.53, 444.3646
634057,8.8940,0.003284,304.52, 444.3651
634058,8.8975,0.003547,281.96, 444.3649
634059,8.9009,0.003253,307.39, 444.3646
634060,8.9043,0.003132,319.24, 444.3651
634061,8.9072,0.002933,340.90, 444.3651
634062,8.9102,0.003122,320.33, 444.3651
634063,8.9131,0.002967,337.01, 444.3651
634064,8.9160,0.003017,331.46, 444.3652
634065,8.9194,0.003277,305.14, 444.3651
634066,8.9224,0.002972,336.50, 444.3780
634067,8.9258,0.003625,275.83, 444.3651
634068,8.9292,0.003030,330.09, 444.3652
634069,8.9321,0.003082,324.43, 444.3652
634070,8.9351,0.002965,337.26, 444.3652
634071,8.9385,0.003633,275.25, 444.3652
634072,8.9419,0.003238,308.82, 444.3651
634073,8.9448,0.003021,331.02, 444.3652
634074,8.9487,0.003602,277.65, 444.3651
634075,8.9517,0.003012,331.96, 444.3652
634076,8.9546,0.003022,330.93, 444.3652
634077,8.9575,0.003095,323.10, 444.3647
634078,8.9609,0.003454,289.50, 444.3651
634079,8.9644,0.002995,333.93, 444.3652
634080,8.9678,0.003569,280.22, 444.3651
634081,8.9707,0.003028,330.24, 444.3652
634082,8.9741,0.003628,275.63, 444.3646
634083,8.9775,0.003107,321.83, 444.3651
634084,8.9805,0.002973,336.38, 444.3649
634085,8.9834,0.003016,331.59, 444.3652
634086,8.9868,0.003273,305.51, 444.3649
634087,8.9897,0.002980,335.56, 444.3652
634088,8.9927,0.003223,310.32, 444.3652
634089,8.9961,0.002980,335.53, 444.3652
634090,8.9995,0.003637,274.92, 444.3647
634091,9.0029,0.003545,282.11, 444.3651
634092,9.0063,0.003100,322.58, 444.3646
634093,9.0093,0.003045,328.40, 444.3649
634094,9.0122,0.003022,330.95, 444.3652
634095,9.0156,0.003465,288.61, 444.3651
634096,9.0186,0.002933,340.97, 444.3652
634097,9.0220,0.003374,296.40, 444.3651
634098,9.0249,0.002965,337.30, 444.3652
634099,9.0283,0.003335,299.82, 444.3651
634100,9.0313,0.002973,336.35, 444.3649
634101,9.0352,0.004090,244.50, 444.3646
634102,9.0386,0.003187,313.82, 444.3651
634103,9.0420,0.003201,312.45, 444.3646
634104,9.0449,0.003391,294.93, 444.3651
634105,9.0483,0.003092,323.39, 444.3649
634106,9.0513,0.003044,328.56, 444.3647
634107,9.0547,0.003204,312.09, 444.3652
634108,9.0581,0.003493,286.30, 444.3651
634109,9.0610,0.002980,335.56, 444.3652
634110,9.0645,0.003245,308.13, 444.3649
634111,9.0674,0.003023,330.85, 444.3652
634112,9.0708,0.003549,281.79, 444.3651
634113,9.0737,0.003012,331.98, 444.3652
634114,9.0771,0.003256,307.17, 444.3646
634115,9.0801,0.003082,324.51, 444.3652
634116,9.0835,0.003489,286.65, 444.3646
634117,9.0869,0.003085,324.14, 444.3647
634118,9.0898,0.003224,310.18, 444.3651
634119,9.0933,0.003103,322.31, 444.3652
634120,9.0962,0.003211,311.43, 444.3696
634121,9.0996,0.003442,290.56, 444.3652
634122,9.1030,0.003168,315.64, 444.3652
634123,9.1064,0.003628,275.61, 444.3651
634124,9.1094,0.002986,334.85, 444.3652
634125,9.1128,0.003449,289.96, 444.3651
634126,9.1157,0.003029,330.12, 444.3652
634127,9.1191,0.003211,311.48, 444.3651
634128,9.1221,0.002960,337.82, 444.3647
634129,9.1255,0.003368,296.96, 444.3651
634130,9.1284,0.003063,326.43, 444.3649
634131,9.1323,0.003845,260.11, 444.3652
634132,9.1357,0.003373,296.48, 444.3646
634133,9.1387,0.002980,335.60, 444.3646
634134,9.1416,0.003078,324.91, 444.3649
634135,9.1450,0.003155,317.00, 444.3652
634136,9.1484,0.003431,291.50, 444.3647
634137,9.1519,0.003426,291.90, 444.3649
634138,9.1553,0.003305,302.60, 444.3649
634139,9.1582,0.003025,330.61, 444.3649
634140,9.1616,0.003680,271.78, 444.3646
634141,9.1655,0.003539,282.60, 444.3646
634142,9.1689,0.003456,289.32, 444.3754
634143,9.1719,0.003127,319.81, 444.3651
634144,9.1753,0.003165,315.99, 444.3646
634145,9.1782,0.003131,319.43, 444.3651
634146,9.1812,0.002968,336.88, 444.3646
634147,9.1841,0.003013,331.91, 444.3651
634148,9.1870,0.002958,338.09, 444.3647
634149,9.1904,0.003286,304.37, 444.3649
634150,9.1938,0.003305,302.54, 444.3649
634151,9.1968,0.003111,321.44, 444.3646
634152,9.1997,0.002951,338.87, 444.3647
634153,9.2031,0.003323,300.91, 444.3651
634154,9.2061,0.003005,332.73, 444.3647
634155,9.2100,0.003588,278.75, 444.3651
634156,9.2129,0.002988,334.73, 444.3652
634157,9.2158,0.003270,305.81, 444.3646
634158,9.2192,0.003054,327.41, 444.3652
634159,9.2227,0.003344,299.03, 444.3651
634160,9.2256,0.002976,336.00, 444.3652
634161,9.2285,0.003275,305.38, 444.3649
634162,9.2319,0.003059,326.93, 444.3649
634163,9.2354,0.003530,283.29, 444.3651
634164,9.2383,0.003033,329.67, 444.3647
634165,9.2422,0.003814,262.18, 444.3646
634166,9.2451,0.003102,322.41, 444.3675
634167,9.2480,0.003012,332.03, 444.3652
634168,9.2515,0.003110,321.55, 444.3649
634169,9.2544,0.003013,331.94, 444.3647
634170,9.2578,0.003371,296.61, 444.3651
634171,9.2607,0.002950,339.01, 444.3649
634172,9.2642,0.003462,288.87, 444.3651
634173,9.2671,0.003062,326.59, 444.3652
634174,9.2705,0.003479,287.46, 444.3651
634175,9.2739,0.003033,329.67, 444.3652
634176,9.2769,0.003290,303.99, 444.3651
634177,9.2798,0.002985,334.99, 444.3649
634178,9.2837,0.003499,285.81, 444.3646
634179,9.2866,0.003044,328.53, 444.3652
634180,9.2900,0.003350,298.54, 444.3651
634181,9.2930,0.003004,332.88, 444.3652
634182,9.2964,0.003300,303.08, 444.3649
634183,9.2993,0.003110,321.54, 444.3652
634184,9.3032,0.003809,262.54, 444.3649
634185,9.3062,0.003117,320.83, 444.3651
634186,9.3091,0.002945,339.52, 444.3652
634187,9.3125,0.003213,311.28, 444.3649
634188,9.3154,0.002965,337.23, 444.3649
634189,9.3188,0.003479,287.47, 444.3651
634190,9.3218,0.002962,337.63, 444.3649
634191,9.3252,0.003464,288.65, 444.3651
634192,9.3281,0.002988,334.69, 444.3647
634193,9.3315,0.003377,296.15, 444.3651
634194,9.3345,0.002965,337.28, 444.3652
634195,9.3379,0.003179,314.52, 444.3652
634196,9.3408,0.002998,333.59, 444.3647
634197,9.3442,0.003563,280.66, 444.3649
634198,9.3472,0.003025,330.53, 444.3647
634199,9.3506,0.003170,315.44, 444.3652
634200,9.3535,0.003044,328.49, 444.3649
634201,9.3569,0.003502,285.53, 444.3649
634202,9.3599,0.003040,329.00, 444.3649
634203,9.3638,0.003436,291.06, 444.3651
634204,9.3667,0.002984,335.08, 444.3652
634205,9.3701,0.003710,269.53, 444.3646
634206,9.3730,0.003020,331.17, 444.3651
634207,9.3760,0.002973,336.38, 444.3652
634208,9.3794,0.003282,304.73, 444.3651
634209,9.3823,0.002983,335.19, 444.3652
634210,9.3862,0.003592,278.37, 444.3646
634211,9.3892,0.002968,336.92, 444.3652
634212,9.3926,0.003353,298.22, 444.3649
634213,9.3955,0.003046,328.28, 444.3649
634214,9.3984,0.003206,311.90, 444.3646
634215,9.4019,0.003143,318.13, 444.3652
634216,9.4048,0.003069,325.80, 444.3652
634217,9.4082,0.003109,321.67, 444.3652
634218,9.4116,0.003514,284.61, 444.3651
634219,9.4146,0.003006,332.71, 444.3652
634220,9.4180,0.003351,298.41, 444.3651
634221,9.4209,0.002976,336.03, 444.3652
634222,9.4243,0.003326,300.65, 444.3651
634223,9.4272,0.002991,334.31, 444.3652
634224,9.4307,0.003408,293.44, 444.3652
634225,9.4341,0.003500,285.73, 444.3651
634226,9.4370,0.002906,344.16, 444.3652
634227,9.4404,0.003342,299.24, 444.3646
634228,9.4434,0.003021,330.98, 444.3652
634229,9.4468,0.003438,290.86, 444.3651
634230,9.4497,0.002989,334.55, 444.3649
634231,9.4531,0.003301,302.93, 444.3651
634232,9.4561,0.003046,328.33, 444.3652
634233,9.4600,0.003647,274.21, 444.3646
634234,9.4629,0.003121,320.42, 444.3649
634235,9.4658,0.003130,319.52, 444.3651
634236,9.4688,0.003012,331.98, 444.3652
634237,9.4727,0.003477,287.59, 444.3646
634238,9.4756,0.003017,331.41, 444.3649
634239,9.4785,0.003185,313.98, 444.3651
634240,9.4814,0.002993,334.09, 444.3649
634241,9.4854,0.003591,278.48, 444.3652
634242,9.4883,0.003212,311.36, 444.3649
634243,9.4912,0.002950,338.98, 444.3652
634244,9.4951,0.003566,280.40, 444.3651
634245,9.4980,0.002936,340.55, 444.3652
634246,9.5015,0.003439,290.79, 444.3651
634247,9.5044,0.002959,337.95, 444.3652
634248,9.5078,0.003258,306.94, 444.3651
634249,9.5107,0.003000,333.34, 444.3649
634250,9.5142,0.003639,274.83, 444.3651
634251,9.5171,0.002959,337.97, 444.3652
634252,9.5205,0.003371,296.66, 444.3651
634253,9.5234,0.003003,333.01, 444.3647
634254,9.5269,0.003337,299.71, 444.3651
634255,9.5298,0.002982,335.38, 444.3652
634256,9.5347,0.004571,218.77, 444.3646
634257,9.5376,0.003282,304.71, 444.3651
634258,9.5410,0.003095,323.06, 444.3646
634259,9.5439,0.003246,308.12, 444.3651
634260,9.5474,0.003445,290.27, 444.3646
634261,9.5513,0.003692,270.84, 444.3646
634262,9.5547,0.003560,280.94, 444.3649
634263,9.5581,0.003193,313.23, 444.3649
634264,9.5610,0.003046,328.33, 444.3649
634265,9.5640,0.003133,319.21, 444.3646
634266,9.5674,0.003276,305.22, 444.3649
634267,9.5703,0.003058,327.04, 444.3651
634268,9.5737,0.003065,326.25, 444.3649
634269,9.5767,0.002982,335.35, 444.3649
634270,9.5796,0.003048,328.11, 444.3647
634271,9.5825,0.003038,329.22, 444.3652
634272,9.5864,0.003771,265.21, 444.3646
634273,9.5894,0.003111,321.43, 444.3646
634274,9.5923,0.002941,340.03, 444.3651
634275,9.5957,0.003079,324.75, 444.3652
634276,9.5991,0.003583,279.12, 444.3649
634277,9.6021,0.003010,332.21, 444.3649
634278,9.6050,0.003127,319.83, 444.3652
634279,9.6084,0.002992,334.20, 444.3652
634280,9.6123,0.004008,249.51, 444.3646
634281,9.6152,0.003111,321.47, 444.3651
634282,9.6182,0.003002,333.14, 444.3646
634283,9.6211,0.002983,335.26, 444.3652
634284,9.6240,0.002948,339.22, 444.3652
634285,9.6274,0.003134,319.08, 444.3649
634286,9.6309,0.003500,285.71, 444.3652
634287,9.6348,0.003646,274.30, 444.3651
634288,9.6377,0.002918,342.68, 444.3652
634289,9.6406,0.003302,302.87, 444.3646
634290,9.6436,0.002974,336.25, 444.3649
634291,9.6470,0.003393,294.77, 444.3651
634292,9.6499,0.002993,334.15, 444.3649
634293,9.6533,0.003340,299.37, 444.3651
634294,9.6563,0.002965,337.25, 444.3649
634295,9.6602,0.003534,282.95, 444.3651
634296,9.6631,0.003022,330.95, 444.3652
634297,9.6660,0.003202,312.30, 444.3652
634298,9.6689,0.002973,336.41, 444.3652
634299,9.6729,0.003479,287.43, 444.3651
634300,9.6758,0.003084,324.24, 444.3652
634301,9.6792,0.003247,308.00, 444.3651
634302,9.6821,0.003016,331.55, 444.3652
634303,9.6855,0.003440,290.73, 444.3651
634304,9.6885,0.002960,337.86, 444.3652
634305,9.6919,0.003417,292.62, 444.3652
634306,9.6953,0.003381,295.80, 444.3651
634307,9.6982,0.002886,346.51, 444.3652
634308,9.7017,0.003584,279.02, 444.3651
634309,9.7046,0.002958,338.05, 444.3652
634310,9.7080,0.003396,294.46, 444.3651
634311,9.7109,0.002948,339.22, 444.3652
634312,9.7144,0.003516,284.45, 444.3651
634313,9.7173,0.002948,339.19, 444.3652
634314,9.7207,0.003370,296.78, 444.3651
634315,9.7236,0.002967,337.10, 444.3652
634316,9.7271,0.003499,285.79, 444.3651
634317,9.7305,0.002987,334.83, 444.3652
634318,9.7339,0.003455,289.45, 444.3651
634319,9.7368,0.002968,336.98, 444.3652
634320,9.7402,0.003391,294.86, 444.3651
634321,9.7432,0.002968,336.90, 444.3652
634322,9.7466,0.003461,288.92, 444.3651
634323,9.7495,0.002968,336.90, 444.3652
634324,9.7529,0.003526,283.63, 444.3649
634325,9.7563,0.003366,297.10, 444.3651
634326,9.7593,0.002905,344.22, 444.3652
634327,9.7627,0.003557,281.14, 444.3651
634328,9.7656,0.002955,338.42, 444.3652
634329,9.7690,0.003404,293.75, 444.3651
634330,9.7720,0.002995,333.88, 444.3652
634331,9.7759,0.003514,284.62, 444.3651
634332,9.7788,0.002985,335.00, 444.3652
634333,9.7822,0.003351,298.42, 444.3651
634334,9.7852,0.003063,326.43, 444.3652
634335,9.7886,0.003313,301.83, 444.3651
634336,9.7915,0.002962,337.67, 444.3649
634337,9.7949,0.003504,285.39, 444.3651
634338,9.7979,0.002989,334.53, 444.3652
634339,9.8013,0.003458,289.16, 444.3652
634340,9.8047,0.003429,291.65, 444.3651
634341,9.8076,0.002896,345.27, 444.3652
634342,9.8110,0.003456,289.32, 444.3651
634343,9.8140,0.002943,339.80, 444.3652
634344,9.8174,0.003520,284.13, 444.3646
634345,9.8203,0.003006,332.66, 444.3652
634346,9.8242,0.003489,286.62, 444.3651
634347,9.8271,0.002963,337.52, 444.3652
634348,9.8306,0.003408,293.44, 444.3651
634349,9.8335,0.003015,331.71, 444.3647
634350,9.8369,0.003455,289.41, 444.3651
634351,9.8398,0.003053,327.59, 444.3652
634352,9.8433,0.003406,293.60, 444.3649
634353,9.8462,0.003010,332.21, 444.3652
634354,9.8501,0.003656,273.55, 444.3652
634355,9.8530,0.003066,326.13, 444.3652
634356,9.8560,0.002950,339.03, 444.3652
634357,9.8589,0.003078,324.87, 444.3652
634358,9.8628,0.003725,268.43, 444.3649
634359,9.8662,0.003429,291.62, 444.3651
634360,9.8691,0.003086,324.01, 444.3647
634361,9.8726,0.003097,322.86, 444.3652
634362,9.8755,0.003040,328.99, 444.3649
634363,9.8789,0.003545,282.12, 444.3651
634364,9.8823,0.003162,316.23, 444.3652
634365,9.8857,0.003694,270.68, 444.3647
634366,9.8892,0.003181,314.40, 444.3651
634367,9.8921,0.002976,336.04, 444.3651
634368,9.8950,0.003079,324.77, 444.3647
634369,9.8979,0.003067,326.02, 444.3647
634370,9.9014,0.002975,336.19, 444.3652
634371,9.9048,0.003594,278.23, 444.3652
634372,9.9082,0.003384,295.53, 444.3649
634373,9.9111,0.003205,312.05, 444.3647
634374,9.9146,0.003288,304.16, 444.3651
634375,9.9175,0.002971,336.59, 444.3652
634376,9.9209,0.003287,304.21, 444.3651
634377,9.9238,0.003110,321.55, 444.3652
634378,9.9272,0.003386,295.31, 444.3649
634379,9.9302,0.002959,337.94, 444.3652
634380,9.9341,0.003576,279.66, 444.3651
634381,9.9370,0.002990,334.45, 444.3649
634382,9.9404,0.003377,296.15, 444.3651
634383,9.9434,0.003038,329.19, 444.3652
634384,9.9468,0.003222,310.37, 444.3647
634385,9.9497,0.003044,328.48, 444.3647
634386,9.9531,0.003552,281.50, 444.3652
634387,9.9565,0.003376,296.20, 444.3652
634388,9.9595,0.002952,338.74, 444.3649
634389,9.9634,0.003697,270.49, 444.3651
634390,9.9663,0.002981,335.44, 444.3652
634391,9.9697,0.003555,281.29, 444.3646
634392,9.9731,0.003487,286.76, 444.3670
634393,9.9761,0.002959,337.95, 444.3651
634394,9.9790,0.002987,334.81, 444.3649
634395,9.9829,0.003644,274.39, 444.3651
634396,9.9858,0.002995,333.92, 444.3652
634397,9.9897,0.003831,261.00, 444.3646
634398,9.9927,0.003219,310.67, 444.3651
634399,9.9956,0.002990,334.43, 444.3651
634400,9.9990,0.003016,331.59, 444.3652
