TotalFrame,Time,DeltaTime,FPS,RAM
524359,0.0000,0.014925,67.00, 438.5611
524360,0.0000,0.014925,67.00, 438.7967
524361,0.0200,0.020000,50.00, 438.6229
524362,0.0234,0.003884,257.45, 438.6155
524363,0.0269,0.003327,300.61, 438.6006
524364,0.0347,0.007487,133.57, 438.5857
524365,0.0376,0.003116,320.89, 438.5860
524366,0.0405,0.003099,322.70, 438.5860
524367,0.0439,0.003033,329.68, 438.5860
524368,0.0469,0.003010,332.24, 438.5860
524369,0.0498,0.003127,319.84, 438.5854
524370,0.0527,0.003029,330.19, 438.5860
524371,0.0562,0.003045,328.42, 438.5855
524372,0.0591,0.002995,333.87, 438.5825
524373,0.0620,0.003072,325.50, 438.5801
524374,0.0649,0.002951,338.88, 438.5807
524375,0.0679,0.003054,327.48, 438.5801
524376,0.0713,0.003034,329.63, 438.5801
524377,0.0742,0.003031,329.92, 438.5801
524378,0.0771,0.002948,339.25, 438.5807
524379,0.0801,0.003089,323.70, 438.5807
524380,0.0830,0.003041,328.83, 438.5807
524381,0.0864,0.003046,328.28, 438.5807
524382,0.0894,0.003055,327.31, 438.5807
524383,0.0923,0.003036,329.41, 438.5807
524384,0.0952,0.002979,335.71, 438.5807
524385,0.0981,0.003012,332.06, 438.5807
524386,0.1011,0.002984,335.10, 438.5807
524387,0.1045,0.003043,328.58, 438.5807
524388,0.1074,0.002982,335.33, 438.5807
524389,0.1104,0.002987,334.82, 438.5807
524390,0.1133,0.003020,331.11, 438.5807
524391,0.1162,0.002976,336.01, 438.5807
524392,0.1191,0.002963,337.48, 438.5807
524393,0.1221,0.002985,335.00, 438.5804
524394,0.1250,0.003011,332.16, 438.5807
524395,0.1284,0.003004,332.89, 438.5807
524396,0.1313,0.002987,334.77, 438.5804
524397,0.1343,0.002964,337.34, 438.5801
524398,0.1372,0.002993,334.09, 438.5807
524399,0.1401,0.002942,339.88, 438.5807
524400,0.1431,0.003028,330.24, 438.5803
524401,0.1460,0.003003,332.98, 438.5807
524402,0.1489,0.002987,334.77, 438.5807
524403,0.1519,0.002931,341.19, 438.5801
524404,0.1553,0.003026,330.51, 438.5804
524405,0.1582,0.003062,326.64, 438.5807
524406,0.1611,0.003024,330.73, 438.5807
524407,0.1641,0.002968,336.94, 438.5807
524408,0.1670,0.003063,326.45, 438.5807
524409,0.1699,0.002936,340.59, 438.5807
524410,0.1733,0.003048,328.13, 438.5807
524411,0.1763,0.003047,328.17, 438.5807
524412,0.1792,0.003043,328.66, 438.5801
524413,0.1821,0.002942,339.87, 438.5804
524414,0.1851,0.003017,331.46, 438.5807
524415,0.1885,0.002984,335.15, 438.5807
524416,0.1914,0.003012,332.05, 438.5807
524417,0.1943,0.002940,340.09, 438.5807
524418,0.1973,0.002996,333.76, 438.5807
524419,0.2002,0.002896,345.28, 438.5807
524420,0.2031,0.003062,326.58, 438.5807
524421,0.2061,0.002966,337.14, 438.5807
524422,0.2090,0.002995,333.87, 438.5807
524423,0.2119,0.002893,345.63, 438.5807
524424,0.2148,0.003087,323.94, 438.5804
524425,0.2183,0.003092,323.46, 438.5807
524426,0.2217,0.003332,300.14, 438.5801
524427,0.2246,0.002991,334.29, 438.5807
524428,0.2275,0.003057,327.16, 438.5807
524429,0.2305,0.002916,342.94, 438.5804
524430,0.2334,0.003062,326.58, 438.5807
524431,0.2363,0.002954,338.50, 438.5807
524432,0.2397,0.003137,318.74, 438.5804
524433,0.2427,0.003004,332.85, 438.5804
524434,0.2456,0.003077,325.03, 438.5807
524435,0.2485,0.002983,335.26, 438.5807
524436,0.2520,0.003236,309.01, 438.5804
524437,0.2549,0.003013,331.88, 438.5807
524438,0.2578,0.003036,329.37, 438.5807
524439,0.2607,0.002922,342.20, 438.5807
524440,0.2642,0.003069,325.81, 438.5807
524441,0.2671,0.003043,328.68, 438.5801
524442,0.2700,0.002983,335.22, 438.5807
524443,0.2729,0.002938,340.38, 438.5807
524444,0.2759,0.003021,330.99, 438.5804
524445,0.2788,0.002955,338.41, 438.5807
524446,0.2822,0.003182,314.25, 438.5801
524447,0.2852,0.003074,325.28, 438.5807
524448,0.2881,0.003083,324.41, 438.5801
524449,0.2910,0.002980,335.60, 438.5801
524450,0.2944,0.003049,327.98, 438.5807
524451,0.2974,0.002943,339.78, 438.5807
524452,0.3003,0.003045,328.42, 438.5801
524453,0.3032,0.002954,338.58, 438.5801
524454,0.3062,0.003007,332.57, 438.5807
524455,0.3091,0.002943,339.84, 438.5807
524456,0.3120,0.003086,324.00, 438.5801
524457,0.3154,0.003059,326.91, 438.5807
524458,0.3184,0.003051,327.74, 438.5807
524459,0.3213,0.002940,340.19, 438.5807
524460,0.3242,0.003011,332.16, 438.5807
524461,0.3271,0.002932,341.12, 438.5807
524462,0.3301,0.003016,331.59, 438.5807
524463,0.3330,0.002907,343.95, 438.5807
524464,0.3359,0.002991,334.39, 438.5807
524465,0.3394,0.003046,328.28, 438.5804
524466,0.3423,0.003028,330.23, 438.5807
524467,0.3452,0.002949,339.12, 438.5807
524468,0.3481,0.003056,327.25, 438.5801
524469,0.3511,0.002931,341.19, 438.5807
524470,0.3540,0.002988,334.65, 438.5807
524471,0.3569,0.002929,341.47, 438.5807
524472,0.3599,0.003013,331.92, 438.5801
524473,0.3628,0.002923,342.15, 438.5807
524474,0.3662,0.003023,330.85, 438.5804
524475,0.3691,0.002998,333.53, 438.5807
524476,0.3721,0.002966,337.12, 438.5807
524477,0.3750,0.002963,337.50, 438.5807
524478,0.3779,0.002986,334.93, 438.5807
524479,0.3809,0.002958,338.07, 438.5807
524480,0.3838,0.002985,335.01, 438.5804
524481,0.3867,0.002952,338.81, 438.5807
524482,0.3896,0.002943,339.77, 438.5807
524483,0.3926,0.002988,334.68, 438.5801
524484,0.3960,0.002985,334.99, 438.5807
524485,0.3989,0.002969,336.86, 438.5804
524486,0.4019,0.002915,343.05, 438.5807
524487,0.4048,0.003000,333.29, 438.5804
524488,0.4077,0.003051,327.79, 438.5804
524489,0.4106,0.003085,324.20, 438.5801
524490,0.4136,0.002994,334.01, 438.5807
524491,0.4170,0.003022,330.94, 438.5807
524492,0.4199,0.002988,334.65, 438.5807
524493,0.4229,0.003002,333.14, 438.5801
524494,0.4258,0.002982,335.36, 438.5807
524495,0.4287,0.002997,333.63, 438.5804
524496,0.4316,0.002959,337.96, 438.5801
524497,0.4346,0.002999,333.42, 438.5804
524498,0.4375,0.002982,335.39, 438.5807
524499,0.4409,0.002996,333.78, 438.5807
524500,0.4438,0.002951,338.85, 438.5875
524501,0.4468,0.003028,330.23, 438.5807
524502,0.4497,0.002951,338.86, 438.5807
524503,0.4526,0.002984,335.17, 438.5807
524504,0.4556,0.002985,335.01, 438.5801
524505,0.4585,0.003080,324.70, 438.5807
524506,0.4614,0.002940,340.09, 438.5804
524507,0.4648,0.003132,319.24, 438.5807
524508,0.4678,0.003124,320.15, 438.5801
524509,0.4712,0.003074,325.33, 438.5807
524510,0.4741,0.002969,336.83, 438.5801
524511,0.4771,0.002999,333.46, 438.5807
524512,0.4800,0.002946,339.50, 438.5807
524513,0.4829,0.003012,331.99, 438.5807
524514,0.4858,0.002961,337.71, 438.5804
524515,0.4888,0.003009,332.31, 438.5807
524516,0.4917,0.002925,341.88, 438.5807
524517,0.4946,0.003100,322.60, 438.5804
524518,0.4980,0.002967,337.10, 438.5804
524519,0.5015,0.003537,282.73, 438.5804
524520,0.5044,0.003214,311.10, 438.5804
524521,0.5078,0.003224,310.14, 438.5807
524522,0.5117,0.003682,271.59, 438.5801
524523,0.5151,0.003540,282.52, 438.5801
524524,0.5186,0.003629,275.59, 438.5801
524525,0.5220,0.003460,289.04, 438.5801
524526,0.5254,0.003336,299.77, 438.5807
524527,0.5288,0.003105,322.05, 438.5801
524528,0.5317,0.003105,322.06, 438.5801
524529,0.5347,0.003000,333.34, 438.5825
524530,0.5376,0.003131,319.36, 438.5807
524531,0.5410,0.003007,332.60, 438.5807
524532,0.5439,0.003054,327.45, 438.5804
524533,0.5469,0.003065,326.30, 438.5804
524534,0.5498,0.003051,327.76, 438.5807
524535,0.5527,0.002992,334.26, 438.5807
524536,0.5562,0.003007,332.52, 438.5807
524537,0.5591,0.002985,334.99, 438.5801
524538,0.5620,0.003056,327.24, 438.5807
524539,0.5649,0.002973,336.34, 438.5807
524540,0.5679,0.003007,332.60, 438.5807
524541,0.5708,0.002930,341.34, 438.5801
524542,0.5737,0.003044,328.55, 438.5804
524543,0.5771,0.002942,339.92, 438.5807
524544,0.5801,0.003244,308.30, 438.5804
524545,0.5830,0.003015,331.68, 438.5801
524546,0.5864,0.003051,327.75, 438.5804
524547,0.5894,0.002982,335.31, 438.5807
524548,0.5923,0.003094,323.26, 438.5804
524549,0.5952,0.003001,333.22, 438.5807
524550,0.5981,0.003043,328.62, 438.5807
524551,0.6011,0.002928,341.51, 438.5807
524552,0.6040,0.002959,337.94, 438.5809
524553,0.6074,0.002966,337.21, 438.5807
524554,0.6104,0.003229,309.70, 438.5807
524555,0.6133,0.003087,323.90, 438.5801
524556,0.6167,0.003122,320.29, 438.5801
524557,0.6196,0.002950,339.03, 438.5801
524558,0.6226,0.003046,328.34, 438.5804
524559,0.6255,0.002994,333.98, 438.5807
524560,0.6289,0.003047,328.18, 438.5801
524561,0.6318,0.003029,330.11, 438.5807
524562,0.6348,0.003051,327.75, 438.5807
524563,0.6377,0.002990,334.50, 438.5807
524564,0.6406,0.003016,331.61, 438.5804
524565,0.6436,0.002926,341.80, 438.5807
524566,0.6465,0.003015,331.71, 438.5807
524567,0.6494,0.002921,342.33, 438.5807
524568,0.6528,0.003059,326.93, 438.5807
524569,0.6558,0.002982,335.39, 438.5807
524570,0.6587,0.003175,314.95, 438.5807
524571,0.6616,0.002922,342.24, 438.5807
524572,0.6650,0.003053,327.57, 438.5807
524573,0.6680,0.002971,336.62, 438.5807
524574,0.6709,0.003047,328.17, 438.5807
524575,0.6738,0.003113,321.25, 438.5801
524576,0.6772,0.003131,319.43, 438.5804
524577,0.6802,0.002890,346.02, 438.5807
524578,0.6831,0.003068,325.99, 438.5801
524579,0.6860,0.002928,341.54, 438.5807
524580,0.6890,0.003081,324.59, 438.5801
524581,0.6919,0.002915,343.05, 438.5801
524582,0.6948,0.003065,326.30, 438.5807
524583,0.6982,0.003040,328.99, 438.5807
524584,0.7012,0.003024,330.73, 438.5807
524585,0.7041,0.002995,333.85, 438.5807
524586,0.7070,0.003100,322.60, 438.5804
524587,0.7100,0.002894,345.60, 438.5807
524588,0.7129,0.003036,329.34, 438.5801
524589,0.7158,0.002949,339.09, 438.5807
524590,0.7192,0.003015,331.63, 438.5801
524591,0.7222,0.003166,315.84, 438.5807
524592,0.7256,0.003136,318.85, 438.5801
524593,0.7285,0.003006,332.66, 438.5807
524594,0.7314,0.003045,328.44, 438.5801
524595,0.7344,0.002941,339.97, 438.5807
524596,0.7378,0.003261,306.64, 438.5801
524597,0.7407,0.003048,328.06, 438.5804
524598,0.7437,0.003058,327.04, 438.5807
524599,0.7466,0.002878,347.46, 438.5980
524600,0.7495,0.003073,325.38, 438.5801
524601,0.7529,0.003027,330.39, 438.5807
524602,0.7559,0.003039,329.02, 438.5804
524603,0.7588,0.002926,341.76, 438.5807
524604,0.7617,0.003012,331.97, 438.5804
524605,0.7646,0.002907,343.99, 438.5807
524606,0.7676,0.003172,315.24, 438.5804
524607,0.7705,0.002902,344.65, 438.5807
524608,0.7739,0.003059,326.95, 438.5801
524609,0.7769,0.002940,340.15, 438.5801
524610,0.7798,0.003063,326.45, 438.5801
524611,0.7827,0.002981,335.46, 438.5801
524612,0.7856,0.003083,324.40, 438.5801
524613,0.7886,0.002957,338.24, 438.5804
524614,0.7920,0.003106,321.95, 438.5807
524615,0.7949,0.003046,328.35, 438.5807
524616,0.7979,0.003162,316.25, 438.5801
524617,0.8008,0.002962,337.56, 438.5807
524618,0.8042,0.003021,331.07, 438.5807
524619,0.8071,0.002936,340.62, 438.5807
524620,0.8101,0.002980,335.57, 438.5804
524621,0.8130,0.003083,324.35, 438.5801
524622,0.8164,0.003516,284.41, 438.5816
524623,0.8198,0.003265,306.27, 438.5804
524624,0.8232,0.003471,288.14, 438.5801
524625,0.8267,0.003605,277.39, 438.5801
524626,0.8306,0.003489,286.62, 438.5801
524627,0.8335,0.003225,310.09, 438.5801
524628,0.8364,0.003021,331.05, 438.5807
524629,0.8398,0.003043,328.67, 438.5801
524630,0.8428,0.003028,330.24, 438.5807
524631,0.8457,0.003172,315.23, 438.5804
524632,0.8491,0.003216,310.94, 438.5804
524633,0.8521,0.003153,317.21, 438.5807
524634,0.8550,0.002965,337.31, 438.5807
524635,0.8584,0.003025,330.53, 438.5807
524636,0.8613,0.002911,343.51, 438.5807
524637,0.8643,0.003007,332.59, 438.5807
524638,0.8672,0.002972,336.53, 438.5807
524639,0.8701,0.002960,337.80, 438.5807
524640,0.8730,0.002919,342.62, 438.5807
524641,0.8760,0.003002,333.13, 438.5807
524642,0.8789,0.002991,334.39, 438.5807
524643,0.8818,0.002957,338.13, 438.5807
524644,0.8848,0.002940,340.09, 438.5807
524645,0.8882,0.003068,326.00, 438.5804
524646,0.8911,0.002952,338.72, 438.5807
524647,0.8940,0.003020,331.08, 438.5804
524648,0.8970,0.003013,331.95, 438.5804
524649,0.8999,0.002969,336.84, 438.5807
524650,0.9028,0.002951,338.91, 438.5804
524651,0.9058,0.002931,341.19, 438.5807
524652,0.9087,0.003014,331.80, 438.5801
524653,0.9116,0.002969,336.87, 438.5804
524654,0.9146,0.003014,331.84, 438.5801
524655,0.9180,0.002998,333.58, 438.5804
524656,0.9209,0.002957,338.18, 438.5803
524657,0.9238,0.002986,334.88, 438.5804
524658,0.9268,0.002995,333.86, 438.5804
524659,0.9297,0.002927,341.69, 438.5807
524660,0.9326,0.003049,327.94, 438.5801
524661,0.9355,0.002958,338.11, 438.5804
524662,0.9385,0.003040,328.90, 438.5804
524663,0.9414,0.002948,339.25, 438.5807
524664,0.9448,0.003028,330.27, 438.5816
524665,0.9478,0.002964,337.38, 438.5801
524666,0.9507,0.003060,326.81, 438.5807
524667,0.9536,0.002994,333.99, 438.5807
524668,0.9565,0.003041,328.85, 438.5807
524669,0.9595,0.002948,339.26, 438.5801
524670,0.9629,0.003000,333.29, 438.5807
524671,0.9658,0.002944,339.63, 438.5807
524672,0.9688,0.003030,330.05, 438.5807
524673,0.9717,0.002921,342.40, 438.5807
524674,0.9746,0.002974,336.22, 438.5807
524675,0.9775,0.002970,336.76, 438.5807
524676,0.9805,0.002981,335.51, 438.5807
524677,0.9834,0.002967,337.07, 438.5807
524678,0.9863,0.002992,334.21, 438.5807
524679,0.9893,0.002878,347.42, 438.5807
524680,0.9922,0.003073,325.46, 438.5807
524681,0.9956,0.003037,329.30, 438.5807
524682,0.9985,0.003062,326.55, 438.5807
524683,1.0015,0.003066,326.14, 438.5825
524684,1.0044,0.003016,331.55, 438.5807
524685,1.0073,0.002940,340.11, 438.5807
524686,1.0107,0.003003,333.00, 438.5807
524687,1.0137,0.002972,336.44, 438.5825
524688,1.0166,0.003029,330.10, 438.5807
524689,1.0195,0.002919,342.63, 438.5807
524690,1.0225,0.003040,328.95, 438.5807
524691,1.0254,0.002933,340.91, 438.5807
524692,1.0283,0.003014,331.81, 438.5807
524693,1.0313,0.002999,333.40, 438.5807
524694,1.0347,0.003174,315.06, 438.5870
524695,1.0376,0.003124,320.12, 438.5807
524696,1.0410,0.003411,293.18, 438.5804
524697,1.0444,0.003312,301.90, 438.5807
524698,1.0479,0.003251,307.64, 438.5804
524699,1.0508,0.003014,331.75, 438.5807
524700,1.0537,0.003042,328.73, 438.5807
524701,1.0566,0.002994,333.98, 438.5801
524702,1.0596,0.003047,328.18, 438.5801
524703,1.0630,0.002963,337.52, 438.5807
524704,1.0659,0.003079,324.83, 438.5807
524705,1.0688,0.003015,331.71, 438.5807
524706,1.0718,0.003069,325.81, 438.5801
524707,1.0747,0.002968,336.96, 438.5807
524708,1.0781,0.003109,321.70, 438.5804
524709,1.0811,0.003018,331.40, 438.5804
524710,1.0840,0.003060,326.83, 438.5804
524711,1.0869,0.003011,332.15, 438.5807
524712,1.0903,0.003019,331.26, 438.5804
524713,1.0933,0.002961,337.78, 438.5807
524714,1.0962,0.003065,326.31, 438.5804
524715,1.0991,0.002940,340.19, 438.5807
524716,1.1021,0.003051,327.78, 438.5804
524717,1.1050,0.002954,338.55, 438.5807
524718,1.1079,0.003043,328.60, 438.5804
524719,1.1108,0.002929,341.40, 438.5807
524720,1.1143,0.003044,328.48, 438.5804
524721,1.1172,0.003037,329.25, 438.5804
524722,1.1201,0.003027,330.37, 438.5801
524723,1.1230,0.002922,342.28, 438.5807
524724,1.1260,0.003055,327.29, 438.5801
524725,1.1289,0.002943,339.81, 438.5807
524726,1.1323,0.003071,325.68, 438.5804
524727,1.1353,0.002980,335.53, 438.5807
524728,1.1382,0.003091,323.52, 438.5807
524729,1.1411,0.003023,330.82, 438.5804
524730,1.1445,0.003043,328.68, 438.5804
524731,1.1475,0.002991,334.39, 438.5807
524732,1.1504,0.003041,328.87, 438.5804
524733,1.1533,0.002966,337.14, 438.5807
524734,1.1563,0.003060,326.85, 438.5807
524735,1.1592,0.002969,336.87, 438.5807
524736,1.1626,0.003057,327.11, 438.5804
524737,1.1655,0.003042,328.70, 438.5807
524738,1.1685,0.003021,331.03, 438.5807
524739,1.1714,0.002940,340.12, 438.5807
524740,1.1743,0.003028,330.26, 438.5804
524741,1.1772,0.003005,332.77, 438.5804
524742,1.1807,0.003023,330.83, 438.5807
524743,1.1836,0.002959,337.99, 438.5804
524744,1.1865,0.003041,328.83, 438.5801
524745,1.1895,0.003089,323.74, 438.5807
524746,1.1924,0.003024,330.67, 438.5807
524747,1.1953,0.002945,339.59, 438.5807
524748,1.1987,0.002993,334.14, 438.5804
524749,1.2017,0.002969,336.84, 438.5807
524750,1.2046,0.002993,334.16, 438.5807
524751,1.2075,0.002988,334.64, 438.5807
524752,1.2104,0.002966,337.13, 438.5825
524753,1.2134,0.003054,327.47, 438.5807
524754,1.2163,0.002985,335.04, 438.5804
524755,1.2192,0.003004,332.89, 438.5807
524756,1.2227,0.003002,333.17, 438.5804
524757,1.2256,0.002977,335.89, 438.5804
524758,1.2285,0.002974,336.30, 438.5807
524759,1.2314,0.002950,339.04, 438.5807
524760,1.2344,0.002960,337.87, 438.5801
524761,1.2373,0.003006,332.68, 438.5807
524762,1.2402,0.002967,337.10, 438.5807
524763,1.2432,0.002948,339.27, 438.5807
524764,1.2461,0.002932,341.09, 438.5807
524765,1.2490,0.003015,331.63, 438.5807
524766,1.2524,0.003176,314.90, 438.5807
524767,1.2554,0.003009,332.29, 438.5807
524768,1.2583,0.003038,329.16, 438.5807
524769,1.2612,0.002979,335.68, 438.5807
524770,1.2642,0.002923,342.13, 438.5807
524771,1.2676,0.003044,328.53, 438.5807
524772,1.2705,0.002932,341.10, 438.5804
524773,1.2734,0.002981,335.44, 438.5807
524774,1.2764,0.002964,337.42, 438.5807
524775,1.2793,0.003015,331.70, 438.5804
524776,1.2822,0.003047,328.17, 438.5807
524777,1.2852,0.003091,323.51, 438.5804
524778,1.2886,0.002992,334.24, 438.5807
524779,1.2915,0.003077,325.04, 438.5807
524780,1.2944,0.002946,339.43, 438.5807
524781,1.2974,0.003140,318.44, 438.5870
524782,1.3008,0.003087,323.99, 438.5807
524783,1.3037,0.003012,332.06, 438.5801
524784,1.3066,0.002985,335.01, 438.5804
524785,1.3096,0.002998,333.56, 438.5801
524786,1.3125,0.002987,334.84, 438.5804
524787,1.3159,0.003134,319.05, 438.5807
524788,1.3188,0.002984,335.17, 438.5804
524789,1.3218,0.002969,336.86, 438.5825
524790,1.3247,0.002945,339.51, 438.5807
524791,1.3276,0.003032,329.78, 438.5807
524792,1.3306,0.002934,340.83, 438.5804
524793,1.3335,0.003042,328.71, 438.5807
524794,1.3364,0.002955,338.43, 438.5804
524795,1.3398,0.003039,329.11, 438.5807
524796,1.3428,0.002975,336.19, 438.5807
524797,1.3457,0.003089,323.71, 438.5807
524798,1.3486,0.002967,337.04, 438.5804
524799,1.3516,0.003030,329.99, 438.5807
524800,1.3545,0.002937,340.44, 438.5804
524801,1.3579,0.003079,324.83, 438.5807
524802,1.3608,0.002917,342.88, 438.5807
524803,1.3638,0.003057,327.16, 438.5807
524804,1.3667,0.002940,340.09, 438.5807
524805,1.3696,0.003043,328.66, 438.5807
524806,1.3726,0.002917,342.77, 438.5807
524807,1.3755,0.003008,332.44, 438.5807
524808,1.3784,0.002984,335.10, 438.5801
524809,1.3818,0.003022,330.93, 438.5807
524810,1.3843,0.002916,342.91, 438.5801
524811,1.3877,0.003040,328.98, 438.5807
524812,1.3906,0.002866,348.88, 438.5807
524813,1.3936,0.003103,322.28, 438.5801
524814,1.3965,0.002945,339.54, 438.5804
524815,1.3994,0.003008,332.42, 438.5804
524816,1.4023,0.002913,343.27, 438.5807
524817,1.4053,0.003025,330.62, 438.5804
524818,1.4082,0.002931,341.18, 438.5807
524819,1.4111,0.003016,331.54, 438.5807
524820,1.4141,0.002944,339.63, 438.5807
524821,1.4175,0.003045,328.41, 438.5807
524822,1.4204,0.002897,345.18, 438.5807
524823,1.4233,0.002974,336.27, 438.5807
524824,1.4263,0.003086,324.05, 438.5807
524825,1.4292,0.003036,329.41, 438.5801
524826,1.4321,0.003013,331.90, 438.5807
524827,1.4351,0.002941,340.01, 438.5807
524828,1.4380,0.002927,341.66, 438.5807
524829,1.4414,0.002983,335.27, 438.5801
524830,1.4443,0.002947,339.39, 438.5807
524831,1.4473,0.003043,328.64, 438.5801
524832,1.4502,0.002955,338.44, 438.5807
524833,1.4531,0.002981,335.48, 438.5804
524834,1.4561,0.002999,333.48, 438.5807
524835,1.4590,0.002967,337.07, 438.5807
524836,1.4619,0.003004,332.85, 438.5807
524837,1.4648,0.002972,336.46, 438.5807
524838,1.4683,0.002965,337.27, 438.5807
524839,1.4712,0.002914,343.15, 438.5807
524840,1.4741,0.003085,324.18, 438.5804
524841,1.4771,0.003029,330.19, 438.5807
524842,1.4800,0.002950,338.94, 438.5807
524843,1.4829,0.002899,344.95, 438.5807
524844,1.4858,0.002986,334.90, 438.5807
524845,1.4888,0.002989,334.62, 438.5801
524846,1.4917,0.002995,333.95, 438.5807
524847,1.4946,0.002988,334.63, 438.5801
524848,1.4980,0.003008,332.47, 438.5804
524849,1.5010,0.002981,335.47, 438.5801
524850,1.5039,0.003036,329.34, 438.5801
524851,1.5073,0.003432,291.36, 438.5801
524852,1.5103,0.003159,316.54, 438.5804
524853,1.5137,0.003131,319.41, 438.5807
524854,1.5171,0.003402,293.94, 438.5801
524855,1.5205,0.003527,283.50, 438.5801
524856,1.5239,0.003499,285.80, 438.5801
524857,1.5278,0.003559,281.02, 438.5801
524858,1.5308,0.003262,306.56, 438.5807
524859,1.5337,0.003065,326.30, 438.5801
524860,1.5371,0.003161,316.36, 438.5804
524861,1.5400,0.003059,326.93, 438.5807
524862,1.5430,0.002934,340.84, 438.5801
524863,1.5464,0.003146,317.89, 438.5807
524864,1.5493,0.002999,333.44, 438.5807
524865,1.5522,0.003080,324.69, 438.5801
524866,1.5552,0.002921,342.40, 438.5807
524867,1.5581,0.003013,331.87, 438.5807
524868,1.5610,0.002910,343.67, 438.5807
524869,1.5645,0.003054,327.44, 438.5804
524870,1.5674,0.003075,325.22, 438.5801
524871,1.5703,0.003176,314.86, 438.5804
524872,1.5732,0.002966,337.14, 438.5801
524873,1.5767,0.003031,329.94, 438.5807
524874,1.5796,0.002899,344.90, 438.5807
524875,1.5825,0.003060,326.79, 438.5807
524876,1.5854,0.002934,340.87, 438.6090
524877,1.5884,0.003137,318.74, 438.5804
524878,1.5913,0.002874,347.96, 438.6078
524879,1.5947,0.003151,317.35, 438.5804
524880,1.5977,0.003050,327.86, 438.5801
524881,1.6006,0.003019,331.24, 438.5807
524882,1.6035,0.002900,344.82, 438.5807
524883,1.6064,0.003010,332.25, 438.5807
524884,1.6094,0.002886,346.45, 438.5807
524885,1.6123,0.003082,324.44, 438.5807
524886,1.6152,0.002989,334.57, 438.5807
524887,1.6187,0.003024,330.66, 438.5807
524888,1.6216,0.002935,340.74, 438.5807
524889,1.6245,0.003009,332.30, 438.5807
524890,1.6274,0.002973,336.34, 438.5807
524891,1.6304,0.003058,327.01, 438.5807
524892,1.6333,0.002962,337.64, 438.5804
524893,1.6362,0.003019,331.19, 438.5807
524894,1.6392,0.002911,343.51, 438.5807
524895,1.6426,0.003011,332.16, 438.5807
524896,1.6455,0.002923,342.17, 438.5807
524897,1.6484,0.003041,328.81, 438.5807
524898,1.6514,0.002923,342.11, 438.5804
524899,1.6543,0.003038,329.20, 438.5807
524900,1.6572,0.003019,331.26, 438.5807
524901,1.6602,0.003010,332.21, 438.5804
524902,1.6631,0.002974,336.27, 438.5807
524903,1.6665,0.003003,332.96, 438.5807
524904,1.6694,0.002975,336.15, 438.5801
524905,1.6724,0.003061,326.70, 438.5807
524906,1.6753,0.003011,332.16, 438.5807
524907,1.6782,0.003033,329.67, 438.5807
524908,1.6812,0.002992,334.22, 438.5804
524909,1.6846,0.003061,326.67, 438.5807
524910,1.6875,0.003062,326.55, 438.5807
524911,1.6904,0.002944,339.66, 438.5807
524912,1.6934,0.002970,336.66, 438.5807
524913,1.6963,0.002984,335.13, 438.5807
524914,1.6992,0.002988,334.73, 438.5807
524915,1.7021,0.002952,338.78, 438.5804
524916,1.7051,0.002973,336.35, 438.5807
524917,1.7085,0.002985,335.05, 438.5804
524918,1.7114,0.002943,339.84, 438.5807
524919,1.7144,0.002921,342.30, 438.5835
524920,1.7173,0.003045,328.41, 438.5807
524921,1.7202,0.002952,338.78, 438.5807
524922,1.7231,0.002962,337.63, 438.5807
524923,1.7261,0.002965,337.25, 438.5807
524924,1.7290,0.003031,329.90, 438.5807
524925,1.7319,0.002949,339.11, 438.5804
524926,1.7349,0.003001,333.26, 438.5804
524927,1.7378,0.002979,335.72, 438.5801
524928,1.7412,0.003056,327.19, 438.5804
524929,1.7441,0.002874,347.90, 438.5835
524930,1.7471,0.003117,320.81, 438.5807
524931,1.7500,0.003022,330.94, 438.5801
524932,1.7529,0.003026,330.47, 438.5801
524933,1.7559,0.002972,336.49, 438.5807
524934,1.7593,0.003034,329.59, 438.5807
524935,1.7622,0.003225,310.08, 438.5801
524936,1.7656,0.003074,325.29, 438.5807
524937,1.7686,0.002970,336.76, 438.5801
524938,1.7715,0.003007,332.59, 438.5804
524939,1.7744,0.002983,335.22, 438.5807
524940,1.7773,0.003041,328.88, 438.5807
524941,1.7803,0.002934,340.83, 438.5801
524942,1.7832,0.003020,331.16, 438.5807
524943,1.7866,0.003022,330.92, 438.5807
524944,1.7896,0.003034,329.57, 438.5804
524945,1.7925,0.002948,339.24, 438.5950
524946,1.7954,0.003076,325.15, 438.5804
524947,1.7983,0.002966,337.20, 438.5804
524948,1.8013,0.003055,327.39, 438.5801
524949,1.8042,0.002901,344.70, 438.5807
524950,1.8076,0.003053,327.56, 438.5804
524951,1.8105,0.002941,340.02, 438.5807
524952,1.8135,0.003130,319.49, 438.5807
524953,1.8169,0.003251,307.64, 438.5801
524954,1.8203,0.003352,298.29, 438.5801
524955,1.8232,0.003100,322.58, 438.5807
524956,1.8262,0.003063,326.50, 438.5807
524957,1.8291,0.002950,338.94, 438.5807
524958,1.8325,0.003189,313.61, 438.5801
524959,1.8359,0.003293,303.67, 438.5804
524960,1.8389,0.003117,320.83, 438.5807
524961,1.8418,0.002981,335.45, 438.5801
524962,1.8447,0.003014,331.79, 438.5807
524963,1.8481,0.003206,311.93, 438.5801
524964,1.8511,0.003266,306.18, 438.5804
524965,1.8545,0.003286,304.35, 438.5807
524966,1.8574,0.003033,329.71, 438.5807
524967,1.8604,0.002988,334.66, 438.5807
524968,1.8638,0.003067,326.03, 438.5801
524969,1.8667,0.003143,318.16, 438.5807
524970,1.8696,0.002951,338.93, 438.5807
524971,1.8726,0.002974,336.30, 438.5801
524972,1.8755,0.002982,335.37, 438.5807
524973,1.8784,0.002953,338.62, 438.5949
524974,1.8818,0.002968,336.93, 438.5804
524975,1.8848,0.003003,332.98, 438.5807
524976,1.8877,0.002953,338.60, 438.5807
524977,1.8906,0.002918,342.68, 438.5804
524978,1.8936,0.003009,332.35, 438.5801
524979,1.8965,0.003001,333.18, 438.5807
524980,1.8994,0.002999,333.41, 438.5807
524981,1.9023,0.002925,341.86, 438.5804
524982,1.9053,0.002996,333.83, 438.5807
524983,1.9082,0.002944,339.64, 438.5807
524984,1.9116,0.003189,313.62, 438.5801
524985,1.9146,0.002980,335.59, 438.5804
524986,1.9175,0.003020,331.09, 438.5807
524987,1.9204,0.002945,339.55, 438.5807
524988,1.9233,0.002961,337.74, 438.5807
524989,1.9263,0.002996,333.74, 438.5807
524990,1.9292,0.002976,336.06, 438.5807
524991,1.9326,0.002985,335.04, 438.5807
524992,1.9355,0.002998,333.61, 438.5807
524993,1.9385,0.002950,339.02, 438.5801
524994,1.9414,0.003062,326.57, 438.5807
524995,1.9443,0.002959,337.95, 438.5807
524996,1.9473,0.003050,327.90, 438.5807
524997,1.9502,0.002923,342.09, 438.5801
524998,1.9531,0.002991,334.33, 438.5807
524999,1.9565,0.003016,331.53, 438.5801
525000,1.9595,0.003009,332.30, 438.5807
525001,1.9624,0.002909,343.81, 438.5807
525002,1.9653,0.003023,330.79, 438.5804
525003,1.9683,0.002894,345.58, 438.5807
525004,1.9712,0.003033,329.75, 438.5801
525005,1.9741,0.003004,332.85, 438.5807
525006,1.9771,0.003013,331.91, 438.5804
525007,1.9800,0.002878,347.42, 438.5807
525008,1.9829,0.003009,332.34, 438.5807
525009,1.9863,0.002959,337.99, 438.5807
525010,1.9893,0.003074,325.28, 438.5807
525011,1.9922,0.002948,339.27, 438.5807
525012,1.9951,0.003063,326.46, 438.5804
525013,1.9980,0.002935,340.72, 438.5807
525014,2.0010,0.003003,333.04, 438.5807
525015,2.0044,0.003041,328.81, 438.5807
525016,2.0073,0.003076,325.07, 438.5807
525017,2.0103,0.002899,344.92, 438.5807
525018,2.0132,0.002984,335.11, 438.5807
525019,2.0161,0.003002,333.10, 438.5807
525020,2.0190,0.003049,327.95, 438.5804
525021,2.0220,0.002905,344.29, 438.5807
525022,2.0249,0.003013,331.88, 438.5807
525023,2.0278,0.002925,341.92, 438.5807
525024,2.0313,0.002999,333.42, 438.5804
525025,2.0342,0.003014,331.79, 438.5807
525026,2.0371,0.003000,333.33, 438.5801
525027,2.0400,0.002919,342.56, 438.5801
525028,2.0430,0.002967,337.10, 438.5804
525029,2.0459,0.002967,337.06, 438.5807
525030,2.0488,0.003072,325.57, 438.5801
525031,2.0522,0.003096,323.03, 438.5807
525032,2.0552,0.003129,319.57, 438.5804
525033,2.0581,0.003065,326.29, 438.5807
525034,2.0615,0.003090,323.68, 438.5801
525035,2.0645,0.003077,325.01, 438.5801
525036,2.0674,0.003113,321.25, 438.5801
525037,2.0703,0.002948,339.22, 438.5807
525038,2.0732,0.002979,335.67, 438.5807
525039,2.0762,0.002954,338.50, 438.5807
525040,2.0796,0.003029,330.16, 438.5801
525041,2.0825,0.002981,335.47, 438.5807
525042,2.0854,0.002974,336.28, 438.5804
525043,2.0884,0.002949,339.08, 438.5807
525044,2.0913,0.003069,325.86, 438.5807
525045,2.0942,0.002970,336.73, 438.5807
525046,2.0972,0.003014,331.79, 438.5807
525047,2.1006,0.002985,335.05, 438.5807
525048,2.1035,0.002986,334.86, 438.5804
525049,2.1064,0.002984,335.15, 438.5804
525050,2.1094,0.003030,330.05, 438.5807
525051,2.1123,0.002996,333.77, 438.5807
525052,2.1152,0.002993,334.14, 438.5801
525053,2.1182,0.002977,335.93, 438.5804
525054,2.1211,0.002931,341.17, 438.5807
525055,2.1245,0.003017,331.41, 438.5807
525056,2.1274,0.002976,336.07, 438.5801
525057,2.1304,0.002987,334.82, 438.5807
525058,2.1333,0.002991,334.38, 438.5807
525059,2.1362,0.002959,337.93, 438.5807
525060,2.1392,0.002941,340.01, 438.5807
525061,2.1421,0.002974,336.28, 438.5807
525062,2.1450,0.002958,338.02, 438.5804
525063,2.1479,0.003018,331.31, 438.5807
525064,2.1509,0.002978,335.85, 438.5801
525065,2.1543,0.003089,323.73, 438.5807
525066,2.1572,0.002973,336.38, 438.5801
525067,2.1602,0.003044,328.54, 438.5807
525068,2.1631,0.002958,338.05, 438.5807
525069,2.1660,0.003023,330.76, 438.5801
525070,2.1689,0.002961,337.76, 438.5807
525071,2.1724,0.003001,333.28, 438.5804
525072,2.1753,0.002957,338.24, 438.5801
525073,2.1782,0.003039,329.06, 438.5807
525074,2.1812,0.002948,339.21, 438.5801
525075,2.1841,0.002993,334.14, 438.5807
525076,2.1870,0.002942,339.87, 438.5801
525077,2.1899,0.003047,328.22, 438.5801
525078,2.1929,0.002952,338.74, 438.5801
525079,2.1963,0.003055,327.39, 438.5807
525080,2.1992,0.002987,334.82, 438.5801
525081,2.2021,0.003005,332.73, 438.5807
525082,2.2051,0.002899,344.99, 438.5801
525083,2.2080,0.003068,325.99, 438.5804
525084,2.2109,0.002953,338.62, 438.5804
525085,2.2139,0.003019,331.29, 438.5804
525086,2.2168,0.002942,339.92, 438.5804
525087,2.2197,0.003009,332.38, 438.5807
525088,2.2227,0.002918,342.75, 438.5807
525089,2.2261,0.003020,331.18, 438.5804
525090,2.2290,0.002937,340.48, 438.5804
525091,2.2319,0.003024,330.68, 438.5807
525092,2.2349,0.002980,335.54, 438.5807
525093,2.2378,0.003015,331.70, 438.5807
525094,2.2407,0.003021,330.99, 438.5807
525095,2.2441,0.003052,327.69, 438.5804
525096,2.2471,0.002995,333.95, 438.5807
525097,2.2500,0.002986,334.95, 438.5801
525098,2.2529,0.002976,336.07, 438.5807
525099,2.2559,0.003052,327.63, 438.5807
525100,2.2588,0.002978,335.77, 438.5807
525101,2.2617,0.003018,331.37, 438.5807
525102,2.2646,0.002950,339.04, 438.5807
525103,2.2681,0.002997,333.62, 438.5807
525104,2.2710,0.002949,339.16, 438.5807
525105,2.2739,0.003011,332.07, 438.5807
525106,2.2769,0.002995,333.88, 438.5807
525107,2.2798,0.002986,334.94, 438.5807
525108,2.2827,0.002990,334.48, 438.5801
525109,2.2856,0.003041,328.88, 438.5804
525110,2.2891,0.003000,333.36, 438.5807
525111,2.2920,0.002981,335.45, 438.5804
525112,2.2949,0.002994,333.99, 438.5807
525113,2.2979,0.002980,335.56, 438.5807
525114,2.3008,0.002997,333.67, 438.5807
525115,2.3037,0.002987,334.81, 438.5804
525116,2.3066,0.002978,335.80, 438.5807
525117,2.3096,0.002933,340.90, 438.5804
525118,2.3125,0.002996,333.76, 438.5807
525119,2.3154,0.002920,342.52, 438.5807
525120,2.3188,0.003020,331.18, 438.5807
525121,2.3213,0.002912,343.42, 438.5807
525122,2.3247,0.002955,338.39, 438.5807
525123,2.3276,0.002937,340.54, 438.5801
525124,2.3306,0.003012,332.01, 438.5807
525125,2.3335,0.002991,334.38, 438.5801
525126,2.3364,0.002984,335.17, 438.5807
525127,2.3394,0.003116,320.91, 438.5801
525128,2.3428,0.003033,329.75, 438.5804
525129,2.3457,0.002958,338.12, 438.5807
525130,2.3486,0.003060,326.82, 438.5807
525131,2.3516,0.002978,335.85, 438.5804
525132,2.3545,0.003014,331.74, 438.5825
525133,2.3574,0.002956,338.32, 438.5807
525134,2.3604,0.002963,337.55, 438.5807
525135,2.3633,0.002955,338.44, 438.5801
525136,2.3667,0.003041,328.83, 438.5801
525137,2.3696,0.002952,338.79, 438.5801
525138,2.3726,0.003008,332.41, 438.5807
525139,2.3755,0.002911,343.48, 438.5807
525140,2.3784,0.003070,325.73, 438.5804
525141,2.3813,0.002925,341.88, 438.5804
525142,2.3843,0.003001,333.23, 438.5807
525143,2.3872,0.002891,345.94, 438.5807
525144,2.3901,0.003019,331.22, 438.5804
525145,2.3931,0.002931,341.18, 438.5807
525146,2.3960,0.003032,329.77, 438.5807
525147,2.3994,0.002961,337.69, 438.5807
525148,2.4023,0.003006,332.62, 438.5804
525149,2.4053,0.002932,341.09, 438.5807
525150,2.4082,0.003048,328.08, 438.5807
525151,2.4111,0.002929,341.37, 438.5807
525152,2.4141,0.003040,328.98, 438.5807
525153,2.4170,0.002949,339.16, 438.5807
525154,2.4199,0.002990,334.40, 438.5804
525155,2.4229,0.002933,340.98, 438.5807
525156,2.4258,0.003007,332.54, 438.5804
525157,2.4292,0.003050,327.88, 438.5807
525158,2.4321,0.003041,328.82, 438.5801
525159,2.4351,0.002989,334.56, 438.5807
525160,2.4380,0.003043,328.60, 438.5804
525161,2.4409,0.002925,341.90, 438.5807
525162,2.4443,0.003097,322.92, 438.5807
525163,2.4473,0.003024,330.67, 438.5807
525164,2.4502,0.003033,329.74, 438.5801
525165,2.4531,0.002978,335.78, 438.5804
525166,2.4561,0.003006,332.68, 438.5807
525167,2.4595,0.003051,327.76, 438.5807
525168,2.4624,0.003026,330.52, 438.5807
525169,2.4653,0.003021,331.05, 438.5804
525170,2.4683,0.003010,332.26, 438.5807
525171,2.4712,0.002933,340.92, 438.5807
525172,2.4741,0.003056,327.23, 438.5804
525173,2.4771,0.002951,338.89, 438.5807
525174,2.4800,0.002962,337.58, 438.5807
525175,2.4834,0.003007,332.52, 438.5807
525176,2.4863,0.002992,334.18, 438.5804
525177,2.4893,0.003024,330.69, 438.5804
525178,2.4922,0.002976,336.07, 438.5801
525179,2.4951,0.002980,335.63, 438.5807
525180,2.4980,0.002990,334.44, 438.5807
525181,2.5010,0.002981,335.42, 438.5807
525182,2.5044,0.003003,333.02, 438.5801
525183,2.5073,0.003355,298.08, 438.5807
525184,2.5107,0.003203,312.17, 438.5830
525185,2.5137,0.003182,314.24, 438.5804
525186,2.5176,0.003479,287.48, 438.5807
525187,2.5210,0.003539,282.55, 438.5807
525188,2.5244,0.003544,282.19, 438.5801
525189,2.5278,0.003342,299.23, 438.5801
525190,2.5313,0.003301,302.91, 438.5807
525191,2.5342,0.003101,322.48, 438.5807
525192,2.5371,0.003065,326.22, 438.5807
525193,2.5405,0.003092,323.38, 438.5825
525194,2.5435,0.003057,327.09, 438.5801
525195,2.5464,0.003003,332.98, 438.5804
525196,2.5493,0.003100,322.61, 438.5801
525197,2.5527,0.003006,332.69, 438.5804
525198,2.5557,0.003001,333.24, 438.5804
525199,2.5586,0.003002,333.14, 438.5807
525200,2.5615,0.002977,335.87, 438.5801
525201,2.5645,0.002927,341.71, 438.5807
525202,2.5674,0.003087,323.95, 438.5801
525203,2.5703,0.002960,337.87, 438.5807
525204,2.5737,0.003033,329.75, 438.5801
525205,2.5767,0.003051,327.80, 438.5804
525206,2.5796,0.003076,325.08, 438.5801
525207,2.5825,0.002931,341.19, 438.5804
525208,2.5854,0.003025,330.62, 438.5801
525209,2.5884,0.002978,335.75, 438.5804
525210,2.5918,0.003077,325.00, 438.5801
525211,2.5947,0.003279,305.00, 438.5801
525212,2.5981,0.003091,323.57, 438.5807
525213,2.6011,0.003099,322.66, 438.5804
525214,2.6040,0.003034,329.60, 438.5807
525215,2.6069,0.002984,335.15, 438.5807
525216,2.6104,0.002985,335.03, 438.5807
525217,2.6133,0.002962,337.58, 438.5801
525218,2.6162,0.003084,324.26, 438.5807
525219,2.6191,0.003061,326.74, 438.5807
525220,2.6221,0.002981,335.47, 438.5807
525221,2.6250,0.002938,340.39, 438.5807
525222,2.6279,0.002973,336.41, 438.5807
525223,2.6309,0.002974,336.26, 438.5801
525224,2.6343,0.003188,313.72, 438.5807
525225,2.6372,0.002951,338.85, 438.5825
525226,2.6401,0.002998,333.51, 438.5807
525227,2.6431,0.002925,341.92, 438.5807
525228,2.6460,0.003034,329.58, 438.5807
525229,2.6489,0.002937,340.54, 438.5825
525230,2.6523,0.003009,332.36, 438.5807
525231,2.6548,0.002885,346.64, 438.5900
525232,2.6582,0.003003,333.06, 438.5807
525233,2.6611,0.003062,326.64, 438.5801
525234,2.6646,0.003323,300.91, 438.5804
525235,2.6675,0.003039,329.01, 438.5807
525236,2.6704,0.003075,325.18, 438.5807
525237,2.6733,0.002958,338.07, 438.5804
525238,2.6768,0.003044,328.56, 438.5807
525239,2.6797,0.002974,336.25, 438.5804
525240,2.6826,0.003012,332.06, 438.5804
525241,2.6855,0.002951,338.91, 438.5804
525242,2.6885,0.003019,331.26, 438.5807
525243,2.6914,0.002953,338.70, 438.5807
525244,2.6943,0.003086,324.02, 438.5807
525245,2.6973,0.002950,339.04, 438.5807
525246,2.7007,0.003014,331.79, 438.5807
525247,2.7036,0.002919,342.59, 438.5807
525248,2.7065,0.003035,329.50, 438.5807
525249,2.7100,0.003513,284.62, 438.5801
525250,2.7134,0.003357,297.85, 438.5804
525251,2.7163,0.003056,327.21, 438.5807
525252,2.7192,0.003043,328.58, 438.5807
525253,2.7227,0.003062,326.64, 438.5804
525254,2.7256,0.003113,321.29, 438.5807
525255,2.7285,0.002984,335.09, 438.5801
525256,2.7314,0.003119,320.58, 438.5801
525257,2.7349,0.003124,320.14, 438.5801
525258,2.7383,0.003294,303.55, 438.5807
525259,2.7412,0.003259,306.82, 438.5801
525260,2.7446,0.003108,321.73, 438.5935
525261,2.7476,0.003001,333.26, 438.5807
525262,2.7505,0.003014,331.77, 438.5807
525263,2.7534,0.003038,329.13, 438.5804
525264,2.7563,0.003018,331.36, 438.5804
525265,2.7593,0.002982,335.40, 438.5801
525266,2.7627,0.003036,329.35, 438.5807
525267,2.7656,0.002967,337.00, 438.5807
525268,2.7686,0.003002,333.13, 438.5807
525269,2.7715,0.002914,343.19, 438.5807
525270,2.7744,0.003022,330.93, 438.5804
525271,2.7773,0.002952,338.76, 438.5807
525272,2.7803,0.003004,332.89, 438.5807
525273,2.7837,0.003038,329.12, 438.5804
525274,2.7866,0.003019,331.27, 438.5807
525275,2.7896,0.003008,332.45, 438.5807
525276,2.7925,0.003016,331.54, 438.5807
525277,2.7954,0.002980,335.63, 438.5804
525278,2.7983,0.003055,327.34, 438.5807
525279,2.8013,0.002916,342.96, 438.5825
525280,2.8042,0.002985,335.04, 438.5804
525281,2.8071,0.002937,340.47, 438.5807
525282,2.8105,0.002981,335.46, 438.5807
525283,2.8135,0.002936,340.62, 438.5807
525284,2.8164,0.003066,326.13, 438.5804
525285,2.8193,0.002920,342.43, 438.5807
525286,2.8223,0.003081,324.56, 438.5807
525287,2.8252,0.002958,338.08, 438.5804
525288,2.8286,0.003112,321.35, 438.5807
525289,2.8315,0.003048,328.11, 438.5801
525290,2.8350,0.003255,307.22, 438.5801
525291,2.8379,0.003016,331.54, 438.5807
525292,2.8408,0.003012,332.03, 438.5807
525293,2.8438,0.002915,343.05, 438.5804
525294,2.8467,0.003174,315.08, 438.5807
525295,2.8501,0.003260,306.77, 438.5875
525296,2.8530,0.003077,325.00, 438.5801
525297,2.8560,0.002975,336.12, 438.5801
525298,2.8594,0.003036,329.40, 438.5807
525299,2.8623,0.002938,340.41, 438.5807
525300,2.8652,0.003058,327.04, 438.5807
525301,2.8682,0.002970,336.76, 438.5804
525302,2.8711,0.002991,334.39, 438.5804
525303,2.8740,0.002969,336.77, 438.5807
525304,2.8770,0.003049,328.00, 438.5804
525305,2.8804,0.003034,329.60, 438.5801
525306,2.8833,0.003112,321.30, 438.5807
525307,2.8862,0.002962,337.59, 438.5801
525308,2.8892,0.003009,332.29, 438.5804
525309,2.8921,0.002946,339.48, 438.5801
525310,2.8955,0.003057,327.12, 438.5807
525311,2.8984,0.002965,337.26, 438.5804
525312,2.9014,0.003004,332.89, 438.5804
525313,2.9043,0.002926,341.75, 438.5801
525314,2.9072,0.003027,330.35, 438.5807
525315,2.9102,0.002910,343.65, 438.5807
525316,2.9131,0.003025,330.62, 438.5807
525317,2.9160,0.002952,338.73, 438.5807
525318,2.9189,0.003053,327.54, 438.5807
525319,2.9219,0.002888,346.32, 438.5807
525320,2.9253,0.003022,330.91, 438.5804
525321,2.9282,0.002951,338.83, 438.5807
525322,2.9312,0.003022,330.86, 438.5807
525323,2.9341,0.002952,338.73, 438.5807
525324,2.9370,0.003030,330.04, 438.5804
525325,2.9399,0.002896,345.29, 438.5807
525326,2.9429,0.003084,324.30, 438.5807
525327,2.9458,0.002941,340.03, 438.5807
525328,2.9492,0.003122,320.32, 438.5804
525329,2.9521,0.002953,338.63, 438.5804
525330,2.9551,0.003060,326.78, 438.5807
525331,2.9580,0.002991,334.36, 438.5809
525332,2.9609,0.003025,330.60, 438.5804
525333,2.9639,0.002974,336.26, 438.5807
525334,2.9673,0.003041,328.86, 438.5807
525335,2.9702,0.002920,342.50, 438.5807
525336,2.9731,0.002990,334.40, 438.5804
525337,2.9761,0.002938,340.36, 438.5807
525338,2.9790,0.003019,331.27, 438.5807
525339,2.9819,0.002944,339.72, 438.5807
525340,2.9849,0.002978,335.77, 438.5807
525341,2.9878,0.002967,337.09, 438.5807
525342,2.9907,0.003006,332.68, 438.5807
525343,2.9937,0.003012,332.04, 438.5807
525344,2.9971,0.002984,335.09, 438.5807
525345,3.0000,0.002973,336.36, 438.5807
525346,3.0029,0.002970,336.69, 438.5807
525347,3.0059,0.003091,323.57, 438.5807
525348,3.0093,0.003166,315.83, 438.5804
525349,3.0122,0.003112,321.35, 438.5801
525350,3.0151,0.003170,315.47, 438.5801
525351,3.0186,0.003094,323.20, 438.5825
525352,3.0215,0.003199,312.62, 438.5807
525353,3.0249,0.003160,316.44, 438.5804
525354,3.0278,0.003181,314.41, 438.5804
525355,3.0313,0.003126,319.89, 438.5801
525356,3.0342,0.003196,312.87, 438.5804
525357,3.0376,0.003160,316.44, 438.5801
525358,3.0405,0.003168,315.71, 438.5801
525359,3.0435,0.003064,326.40, 438.5801
525360,3.0469,0.003179,314.59, 438.5801
525361,3.0498,0.003080,324.66, 438.5807
525362,3.0532,0.003470,288.23, 438.5804
525363,3.0566,0.003160,316.50, 438.5804
525364,3.0596,0.003120,320.56, 438.5801
525365,3.0630,0.003095,323.12, 438.5801
525366,3.0659,0.003163,316.20, 438.5807
525367,3.0693,0.003198,312.73, 438.5801
525368,3.0723,0.003140,318.51, 438.5801
525369,3.0752,0.003134,319.04, 438.5801
525370,3.0786,0.003101,322.46, 438.5801
525371,3.0815,0.003139,318.54, 438.5801
525372,3.0850,0.003185,314.01, 438.5801
525373,3.0879,0.003090,323.58, 438.5804
525374,3.0908,0.003062,326.59, 438.5807
525375,3.0942,0.003105,322.10, 438.5867
525376,3.0972,0.003146,317.82, 438.5804
525377,3.1006,0.003197,312.83, 438.5801
525378,3.1035,0.003091,323.51, 438.5804
525379,3.1069,0.003291,303.84, 438.5801
525380,3.1099,0.003120,320.48, 438.5807
525381,3.1133,0.003094,323.25, 438.5801
525382,3.1162,0.003103,322.24, 438.5807
525383,3.1191,0.003029,330.20, 438.5804
525384,3.1221,0.002892,345.83, 438.5807
525385,3.1250,0.003003,332.99, 438.5807
525386,3.1279,0.002952,338.81, 438.5807
525387,3.1309,0.003011,332.14, 438.5804
525388,3.1338,0.002981,335.44, 438.5807
525389,3.1372,0.003016,331.54, 438.5801
525390,3.1401,0.002935,340.67, 438.5804
525391,3.1431,0.003063,326.46, 438.5801
525392,3.1460,0.002950,338.94, 438.5807
525393,3.1489,0.003013,331.85, 438.5801
525394,3.1519,0.002968,336.90, 438.5807
525395,3.1548,0.002974,336.30, 438.5807
525396,3.1577,0.002999,333.49, 438.5804
525397,3.1611,0.002994,333.98, 438.5801
525398,3.1641,0.003019,331.24, 438.5807
525399,3.1670,0.002973,336.35, 438.5801
525400,3.1699,0.002962,337.64, 438.5804
525401,3.1729,0.002979,335.65, 438.5807
525402,3.1758,0.003027,330.40, 438.5807
525403,3.1787,0.002974,336.22, 438.5804
525404,3.1816,0.002961,337.75, 438.5807
525405,3.1846,0.002979,335.72, 438.5825
525406,3.1880,0.003009,332.31, 438.5804
525407,3.1909,0.002912,343.39, 438.5807
525408,3.1938,0.002993,334.10, 438.5804
525409,3.1968,0.002953,338.68, 438.5804
525410,3.1997,0.002999,333.43, 438.5804
525411,3.2026,0.002952,338.71, 438.5807
525412,3.2056,0.002968,336.89, 438.5807
525413,3.2085,0.002944,339.64, 438.5807
525414,3.2114,0.002974,336.30, 438.5807
525415,3.2144,0.002927,341.62, 438.5807
525416,3.2173,0.003087,323.96, 438.5801
525417,3.2202,0.002926,341.74, 438.5801
525418,3.2236,0.003170,315.42, 438.5801
525419,3.2266,0.002982,335.40, 438.5880
525420,3.2295,0.003113,321.24, 438.5807
525421,3.2329,0.002981,335.48, 438.5801
525422,3.2358,0.003034,329.55, 438.5807
525423,3.2388,0.002977,335.92, 438.5807
525424,3.2417,0.002994,334.05, 438.5804
525425,3.2446,0.002944,339.69, 438.5804
525426,3.2476,0.003085,324.14, 438.5801
525427,3.2510,0.003041,328.85, 438.5804
525428,3.2539,0.003057,327.17, 438.5801
525429,3.2568,0.002972,336.50, 438.5807
525430,3.2598,0.003053,327.53, 438.5807
525431,3.2627,0.002954,338.48, 438.5804
525432,3.2656,0.003043,328.61, 438.5807
525433,3.2686,0.002935,340.67, 438.5801
525434,3.2720,0.003014,331.76, 438.5801
525435,3.2749,0.002909,343.81, 438.5807
525436,3.2778,0.003023,330.81, 438.5807
525437,3.2808,0.002894,345.58, 438.5807
525438,3.2837,0.003005,332.83, 438.5804
525439,3.2871,0.003308,302.26, 438.5807
525440,3.2900,0.003138,318.65, 438.5804
525441,3.2930,0.002970,336.76, 438.5804
525442,3.2959,0.003064,326.36, 438.5807
525443,3.2988,0.002914,343.19, 438.5807
525444,3.3022,0.003000,333.32, 438.5804
525445,3.3047,0.002860,349.61, 438.5807
525446,3.3081,0.003043,328.67, 438.5807
525447,3.3110,0.002890,346.04, 438.5807
525448,3.3140,0.002995,333.92, 438.5807
525449,3.3169,0.002919,342.64, 438.5807
525450,3.3198,0.003056,327.25, 438.5801
525451,3.3228,0.003040,328.99, 438.5807
525452,3.3262,0.003123,320.16, 438.5807
525453,3.3291,0.002927,341.69, 438.5807
525454,3.3320,0.003074,325.32, 438.5807
525455,3.3350,0.003057,327.17, 438.5807
525456,3.3384,0.003191,313.36, 438.5807
525457,3.3413,0.003054,327.41, 438.5807
525458,3.3442,0.003036,329.42, 438.5807
525459,3.3472,0.002972,336.47, 438.5804
525460,3.3501,0.003023,330.82, 438.5801
525461,3.3530,0.002961,337.70, 438.5807
525462,3.3564,0.003046,328.31, 438.5801
525463,3.3594,0.002902,344.63, 438.5807
525464,3.3623,0.003043,328.66, 438.5807
525465,3.3652,0.003036,329.34, 438.5801
525466,3.3682,0.003011,332.13, 438.5807
525467,3.3711,0.003025,330.58, 438.5807
525468,3.3740,0.002973,336.34, 438.5801
525469,3.3774,0.002947,339.37, 438.5807
525470,3.3804,0.002997,333.68, 438.5807
525471,3.3833,0.002971,336.60, 438.5807
525472,3.3862,0.003005,332.73, 438.5804
525473,3.3892,0.002951,338.88, 438.5804
525474,3.3921,0.003008,332.46, 438.5807
525475,3.3950,0.003005,332.79, 438.5807
525476,3.3979,0.003014,331.84, 438.5804
525477,3.4009,0.002939,340.27, 438.5807
525478,3.4043,0.002954,338.52, 438.5807
525479,3.4072,0.002975,336.12, 438.5807
525480,3.4102,0.003022,330.93, 438.5804
525481,3.4131,0.003012,332.01, 438.5807
525482,3.4160,0.003004,332.85, 438.5801
525483,3.4189,0.003056,327.25, 438.5807
525484,3.4219,0.002949,339.12, 438.5807
525485,3.4253,0.002994,333.96, 438.5807
525486,3.4282,0.003111,321.45, 438.5804
525487,3.4312,0.002981,335.47, 438.5807
525488,3.4341,0.002949,339.06, 438.5807
525489,3.4370,0.002975,336.12, 438.5804
525490,3.4399,0.002970,336.75, 438.5804
525491,3.4429,0.002974,336.25, 438.5807
525492,3.4458,0.002959,337.94, 438.5804
525493,3.4487,0.002982,335.33, 438.5807
525494,3.4521,0.002948,339.27, 438.5804
525495,3.4551,0.002978,335.75, 438.5807
525496,3.4580,0.003111,321.49, 438.5801
525497,3.4609,0.002981,335.51, 438.5807
525498,3.4639,0.002977,335.95, 438.5807
525499,3.4668,0.003051,327.76, 438.5807
525500,3.4702,0.002975,336.18, 438.5807
525501,3.4731,0.003212,311.29, 438.5804
525502,3.4766,0.003160,316.44, 438.5801
525503,3.4795,0.003038,329.15, 438.5807
525504,3.4824,0.002953,338.63, 438.5807
525505,3.4854,0.003046,328.28, 438.5804
525506,3.4883,0.003051,327.77, 438.5807
525507,3.4917,0.003010,332.19, 438.5807
525508,3.4946,0.003055,327.34, 438.5807
525509,3.4976,0.003166,315.86, 438.5807
525510,3.5005,0.002978,335.85, 438.5804
525511,3.5034,0.002987,334.78, 438.5807
525512,3.5068,0.002966,337.13, 438.5804
525513,3.5098,0.003087,323.99, 438.5807
525514,3.5127,0.002971,336.63, 438.5807
525515,3.5156,0.002996,333.73, 438.5807
525516,3.5190,0.003167,315.76, 438.5801
525517,3.5220,0.003315,301.67, 438.5807
525518,3.5254,0.003118,320.70, 438.5807
525519,3.5288,0.003369,296.82, 438.5801
525520,3.5317,0.003294,303.55, 438.5801
525521,3.5356,0.003611,276.94, 438.5801
525522,3.5391,0.003553,281.48, 438.5801
525523,3.5425,0.003288,304.10, 438.5801
525524,3.5454,0.003237,308.91, 438.5801
525525,3.5488,0.003095,323.15, 438.5801
525526,3.5518,0.003073,325.43, 438.5804
525527,3.5547,0.003051,327.82, 438.5807
525528,3.5581,0.003077,324.97, 438.5804
525529,3.5610,0.003008,332.41, 438.5801
525530,3.5640,0.003166,315.88, 438.5804
525531,3.5674,0.003082,324.43, 438.5807
525532,3.5703,0.003039,329.08, 438.5804
525533,3.5732,0.002946,339.45, 438.5804
525534,3.5762,0.003023,330.82, 438.5807
525535,3.5791,0.002967,337.10, 438.5801
525536,3.5820,0.003058,326.99, 438.5807
525537,3.5850,0.002969,336.80, 438.5804
525538,3.5884,0.003034,329.59, 438.5807
525539,3.5913,0.002954,338.52, 438.5807
525540,3.5942,0.003105,322.04, 438.5807
525541,3.5972,0.003099,322.68, 438.5801
525542,3.6006,0.003111,321.46, 438.5801
525543,3.6035,0.002915,343.05, 438.5850
525544,3.6064,0.003030,330.03, 438.5801
525545,3.6094,0.002997,333.66, 438.5801
525546,3.6128,0.003166,315.84, 438.5801
525547,3.6157,0.003070,325.70, 438.5801
525548,3.6187,0.003077,325.01, 438.5804
525549,3.6216,0.003012,332.02, 438.5801
525550,3.6250,0.003032,329.80, 438.5807
525551,3.6279,0.003015,331.70, 438.5801
525552,3.6309,0.003117,320.79, 438.5804
525553,3.6338,0.002996,333.82, 438.5801
525554,3.6372,0.003089,323.74, 438.5807
525555,3.6401,0.002965,337.25, 438.5807
525556,3.6431,0.003070,325.72, 438.5807
525557,3.6460,0.002987,334.74, 438.5801
525558,3.6489,0.003015,331.71, 438.5807
525559,3.6519,0.002972,336.43, 438.5807
525560,3.6553,0.003053,327.58, 438.5804
525561,3.6582,0.003021,330.97, 438.5804
525562,3.6611,0.003107,321.85, 438.5807
525563,3.6641,0.002967,337.05, 438.5807
525564,3.6675,0.003140,318.46, 438.5807
525565,3.6704,0.002987,334.81, 438.5804
525566,3.6733,0.003130,319.54, 438.5807
525567,3.6763,0.003004,332.88, 438.5801
525568,3.6792,0.003015,331.64, 438.5807
525569,3.6826,0.002992,334.22, 438.5807
525570,3.6855,0.003018,331.33, 438.5801
525571,3.6885,0.002935,340.75, 438.5804
525572,3.6914,0.003037,329.29, 438.5807
525573,3.6943,0.002965,337.28, 438.5807
525574,3.6973,0.003066,326.17, 438.5807
525575,3.7007,0.003232,309.42, 438.5807
525576,3.7036,0.003133,319.14, 438.5804
525577,3.7065,0.002960,337.86, 438.5807
525578,3.7100,0.003104,322.12, 438.5807
525579,3.7129,0.003017,331.44, 438.5804
525580,3.7158,0.003042,328.74, 438.5804
525581,3.7188,0.002978,335.83, 438.5801
525582,3.7217,0.003016,331.57, 438.5807
525583,3.7251,0.003013,331.86, 438.5804
525584,3.7280,0.003131,319.40, 438.5801
525585,3.7310,0.002940,340.19, 438.5804
525586,3.7339,0.003002,333.08, 438.5807
525587,3.7368,0.002975,336.13, 438.5807
525588,3.7402,0.003041,328.80, 438.5801
525589,3.7432,0.002996,333.80, 438.5807
525590,3.7461,0.003068,325.99, 438.5801
525591,3.7490,0.002978,335.77, 438.5807
525592,3.7520,0.003015,331.68, 438.5804
525593,3.7549,0.002977,335.92, 438.5807
525594,3.7583,0.003039,329.11, 438.5807
525595,3.7612,0.002913,343.28, 438.5807
525596,3.7642,0.003026,330.52, 438.5807
525597,3.7671,0.002983,335.24, 438.5801
525598,3.7700,0.002993,334.11, 438.5807
525599,3.7729,0.002961,337.78, 438.5807
525600,3.7759,0.003071,325.64, 438.5807
525601,3.7788,0.002941,340.03, 438.5804
525602,3.7822,0.003036,329.36, 438.5807
525603,3.7852,0.002935,340.67, 438.5807
525604,3.7881,0.003083,324.39, 438.5804
525605,3.7910,0.002893,345.71, 438.5807
525606,3.7939,0.003015,331.63, 438.5807
525607,3.7969,0.002923,342.16, 438.5804
525608,3.7998,0.003067,326.08, 438.5801
525609,3.8027,0.002985,335.06, 438.5801
525610,3.8062,0.002996,333.76, 438.5804
525611,3.8086,0.002923,342.10, 438.5801
525612,3.8120,0.003010,332.26, 438.5807
525613,3.8149,0.002960,337.86, 438.5801
525614,3.8179,0.003004,332.91, 438.5807
525615,3.8208,0.002917,342.82, 438.5807
525616,3.8237,0.002965,337.29, 438.5807
525617,3.8267,0.002937,340.45, 438.5807
525618,3.8296,0.002976,336.02, 438.5807
525619,3.8325,0.002966,337.18, 438.5807
525620,3.8354,0.003019,331.28, 438.5801
525621,3.8384,0.002952,338.74, 438.5807
525622,3.8413,0.002937,340.51, 438.5807
525623,3.8442,0.002956,338.32, 438.5807
525624,3.8477,0.003009,332.30, 438.5807
525625,3.8506,0.003240,308.67, 438.5801
525626,3.8540,0.003124,320.11, 438.5807
525627,3.8569,0.003006,332.66, 438.5801
525628,3.8599,0.002980,335.62, 438.5807
525629,3.8628,0.002969,336.79, 438.5801
525630,3.8662,0.003277,305.20, 438.5801
525631,3.8691,0.003205,312.04, 438.5807
525632,3.8721,0.003065,326.29, 438.5807
525633,3.8755,0.002980,335.53, 438.5804
525634,3.8784,0.003038,329.14, 438.5804
525635,3.8813,0.003003,333.00, 438.5807
525636,3.8843,0.003008,332.45, 438.5804
525637,3.8872,0.002987,334.82, 438.5804
525638,3.8901,0.002964,337.38, 438.5804
525639,3.8931,0.002962,337.67, 438.5807
525640,3.8965,0.003019,331.25, 438.5804
525641,3.8994,0.002983,335.26, 438.5807
525642,3.9023,0.002956,338.32, 438.5807
525643,3.9053,0.002947,339.35, 438.5807
525644,3.9082,0.002981,335.41, 438.5807
525645,3.9111,0.002962,337.61, 438.5801
525646,3.9141,0.002938,340.41, 438.5855
525647,3.9170,0.003059,326.96, 438.5804
525648,3.9199,0.002980,335.58, 438.5807
525649,3.9229,0.003003,333.04, 438.5807
525650,3.9263,0.002955,338.43, 438.5807
525651,3.9292,0.002977,335.91, 438.5807
525652,3.9321,0.002939,340.31, 438.5801
525653,3.9351,0.003027,330.37, 438.5801
525654,3.9380,0.002998,333.61, 438.5807
525655,3.9409,0.003029,330.19, 438.5804
525656,3.9438,0.002964,337.38, 438.5807
525657,3.9468,0.003045,328.43, 438.5801
525658,3.9502,0.002961,337.77, 438.5807
525659,3.9531,0.003047,328.16, 438.5807
525660,3.9561,0.002942,339.94, 438.5801
525661,3.9590,0.003022,330.86, 438.5801
525662,3.9619,0.002912,343.36, 438.5804
525663,3.9648,0.003023,330.85, 438.5801
525664,3.9678,0.002976,335.98, 438.5807
525665,3.9707,0.002990,334.46, 438.5807
525666,3.9736,0.002913,343.29, 438.5807
525667,3.9771,0.003021,331.05, 438.5807
525668,3.9795,0.002903,344.47, 438.5807
525669,3.9829,0.003027,330.40, 438.5807
525670,3.9858,0.002927,341.68, 438.5807
525671,3.9888,0.002998,333.59, 438.5807
525672,3.9917,0.002944,339.65, 438.5804
525673,3.9946,0.003068,325.99, 438.5807
525674,3.9976,0.002958,338.04, 438.5807
525675,4.0005,0.003028,330.23, 438.5807
525676,4.0034,0.002951,338.87, 438.5807
525677,4.0068,0.003010,332.24, 438.5807
525678,4.0093,0.002887,346.44, 438.5807
525679,4.0127,0.003057,327.11, 438.5804
525680,4.0156,0.003055,327.30, 438.5807
525681,4.0186,0.003020,331.10, 438.5804
525682,4.0215,0.003007,332.52, 438.5807
525683,4.0249,0.003010,332.18, 438.5801
525684,4.0278,0.002980,335.59, 438.5807
525685,4.0308,0.003005,332.81, 438.5807
525686,4.0337,0.003011,332.15, 438.5807
525687,4.0366,0.002969,336.81, 438.5807
525688,4.0396,0.002922,342.24, 438.5807
525689,4.0425,0.002999,333.44, 438.5825
525690,4.0454,0.002928,341.54, 438.5807
525691,4.0483,0.002991,334.35, 438.5807
525692,4.0513,0.002945,339.58, 438.5807
525693,4.0547,0.003079,324.77, 438.5804
525694,4.0576,0.003114,321.11, 438.5807
525695,4.0605,0.003003,333.02, 438.5807
525696,4.0635,0.002953,338.64, 438.5807
525697,4.0664,0.003010,332.18, 438.5801
525698,4.0698,0.003038,329.22, 438.5807
525699,4.0728,0.003024,330.74, 438.5807
525700,4.0757,0.002965,337.27, 438.5807
525701,4.0786,0.002981,335.44, 438.5804
525702,4.0815,0.003006,332.71, 438.5807
525703,4.0845,0.003023,330.84, 438.5807
525704,4.0874,0.003027,330.32, 438.5804
525705,4.0908,0.002973,336.39, 438.5807
525706,4.0938,0.002997,333.69, 438.5816
525707,4.0967,0.003033,329.72, 438.5801
525708,4.0996,0.003144,318.12, 438.5801
525709,4.1030,0.003019,331.25, 438.5801
525710,4.1060,0.002988,334.67, 438.5807
525711,4.1089,0.002970,336.69, 438.5807
525712,4.1118,0.002968,336.96, 438.5804
525713,4.1147,0.002977,335.91, 438.5801
525714,4.1177,0.003023,330.76, 438.5807
525715,4.1206,0.002943,339.82, 438.5807
525716,4.1235,0.002979,335.69, 438.5801
525717,4.1265,0.002932,341.05, 438.5807
525718,4.1294,0.002984,335.13, 438.5807
525719,4.1323,0.002945,339.60, 438.5807
525720,4.1357,0.003045,328.45, 438.5807
525721,4.1387,0.002959,337.97, 438.5804
525722,4.1416,0.002975,336.11, 438.5825
525723,4.1445,0.002918,342.74, 438.5807
525724,4.1475,0.003066,326.21, 438.5807
525725,4.1504,0.002952,338.74, 438.5801
525726,4.1533,0.002989,334.55, 438.5807
525727,4.1563,0.002975,336.15, 438.5807
525728,4.1592,0.003008,332.46, 438.5807
525729,4.1626,0.002970,336.66, 438.5804
525730,4.1655,0.003044,328.50, 438.5807
525731,4.1685,0.002914,343.17, 438.5807
525732,4.1714,0.003009,332.36, 438.5807
525733,4.1743,0.002886,346.48, 438.5807
525734,4.1772,0.003097,322.93, 438.5807
525735,4.1802,0.002878,347.51, 438.5825
525736,4.1831,0.003100,322.59, 438.5801
525737,4.1860,0.002951,338.87, 438.5807
525738,4.1895,0.003007,332.54, 438.5804
525739,4.1924,0.002946,339.45, 438.5807
525740,4.1953,0.003180,314.48, 438.5807
525741,4.1982,0.002947,339.39, 438.5807
525742,4.2012,0.003016,331.58, 438.5807
525743,4.2041,0.002900,344.83, 438.5807
525744,4.2075,0.003101,322.44, 438.5807
525745,4.2104,0.002915,343.05, 438.5807
525746,4.2134,0.003018,331.37, 438.5804
525747,4.2163,0.002933,340.92, 438.5807
525748,4.2192,0.003066,326.21, 438.5801
525749,4.2222,0.002920,342.43, 438.5807
525750,4.2251,0.003025,330.55, 438.5804
525751,4.2280,0.002949,339.11, 438.5804
525752,4.2310,0.002993,334.10, 438.5801
525753,4.2339,0.002941,339.97, 438.5807
525754,4.2373,0.003017,331.51, 438.5807
525755,4.2402,0.002935,340.75, 438.5807
525756,4.2432,0.002984,335.17, 438.5807
525757,4.2461,0.002991,334.39, 438.5807
525758,4.2490,0.003096,322.97, 438.5807
525759,4.2520,0.002985,334.96, 438.5807
525760,4.2554,0.003025,330.60, 438.5807
525761,4.2583,0.002961,337.75, 438.5807
525762,4.2612,0.002970,336.67, 438.5807
525763,4.2642,0.002941,340.04, 438.5807
525764,4.2671,0.003010,332.28, 438.5807
525765,4.2700,0.003021,331.05, 438.5807
525766,4.2729,0.003015,331.66, 438.5807
525767,4.2759,0.002952,338.78, 438.5807
525768,4.2788,0.002965,337.22, 438.5825
525769,4.2817,0.002989,334.59, 438.5807
525770,4.2852,0.002995,333.86, 438.5804
525771,4.2881,0.003145,318.01, 438.5801
525772,4.2915,0.003252,307.47, 438.5807
525773,4.2944,0.003294,303.63, 438.5801
525774,4.2979,0.003215,311.07, 438.5801
525775,4.3013,0.003216,310.96, 438.5801
525776,4.3042,0.003164,316.03, 438.5804
525777,4.3071,0.002997,333.68, 438.5807
525778,4.3101,0.003058,327.02, 438.5807
525779,4.3135,0.002958,338.08, 438.5807
525780,4.3164,0.003095,323.10, 438.5807
525781,4.3193,0.003046,328.35, 438.5801
525782,4.3223,0.002982,335.35, 438.5807
525783,4.3252,0.002937,340.45, 438.5807
525784,4.3286,0.003065,326.30, 438.5801
525785,4.3315,0.002979,335.74, 438.5807
525786,4.3345,0.003015,331.68, 438.5807
525787,4.3374,0.002920,342.47, 438.5807
525788,4.3403,0.003094,323.17, 438.5807
525789,4.3433,0.002975,336.10, 438.5807
525790,4.3462,0.003076,325.06, 438.5804
525791,4.3496,0.003088,323.87, 438.5804
525792,4.3525,0.002994,334.06, 438.5804
525793,4.3555,0.002961,337.77, 438.5807
525794,4.3584,0.003011,332.17, 438.5807
525795,4.3613,0.002950,338.97, 438.5807
525796,4.3643,0.003014,331.83, 438.5807
525797,4.3672,0.002979,335.69, 438.5807
525798,4.3706,0.002973,336.32, 438.5804
525799,4.3735,0.002946,339.49, 438.5807
525800,4.3765,0.002997,333.68, 438.5801
525801,4.3794,0.003056,327.20, 438.5807
525802,4.3823,0.002961,337.78, 438.5875
525803,4.3853,0.002965,337.25, 438.5807
525804,4.3882,0.003098,322.83, 438.5807
525805,4.3916,0.002940,340.17, 438.5807
525806,4.3945,0.003040,329.00, 438.5807
525807,4.3975,0.003155,316.94, 438.5807
525808,4.4004,0.003061,326.73, 438.5801
525809,4.4038,0.002995,333.88, 438.5807
525810,4.4067,0.002972,336.49, 438.5807
525811,4.4097,0.002974,336.30, 438.5807
525812,4.4126,0.002982,335.40, 438.5804
525813,4.4155,0.002958,338.05, 438.5807
525814,4.4185,0.003079,324.80, 438.5807
525815,4.4219,0.003096,322.97, 438.5807
525816,4.4248,0.003048,328.12, 438.5801
525817,4.4277,0.003041,328.83, 438.5804
525818,4.4307,0.002975,336.18, 438.5845
525819,4.4336,0.003074,325.28, 438.5807
525820,4.4370,0.002988,334.65, 438.5807
525821,4.4399,0.003054,327.46, 438.5807
525822,4.4429,0.003185,314.00, 438.5804
525823,4.4463,0.003135,318.96, 438.5801
525824,4.4492,0.003032,329.82, 438.5801
525825,4.4521,0.003019,331.29, 438.5807
525826,4.4551,0.003009,332.39, 438.5807
525827,4.4580,0.003006,332.63, 438.5801
525828,4.4614,0.002989,334.57, 438.5804
525829,4.4644,0.003033,329.67, 438.5804
525830,4.4673,0.003004,332.87, 438.5807
525831,4.4702,0.003081,324.58, 438.5807
525832,4.4741,0.003636,275.05, 438.5807
525833,4.4771,0.003053,327.60, 438.5807
525834,4.4800,0.003031,329.96, 438.5807
525835,4.4829,0.002940,340.18, 438.5807
525836,4.4863,0.003087,323.96, 438.5807
525837,4.4893,0.002987,334.81, 438.5804
525838,4.4922,0.003007,332.51, 438.5807
525839,4.4951,0.002982,335.38, 438.5807
525840,4.4980,0.003002,333.10, 438.5804
525841,4.5010,0.002951,338.88, 438.5804
525842,4.5039,0.002993,334.10, 438.5807
525843,4.5068,0.002992,334.20, 438.5807
525844,4.5098,0.003003,333.01, 438.5801
525845,4.5132,0.002959,337.96, 438.5801
525846,4.5161,0.002976,336.03, 438.5807
525847,4.5190,0.003263,306.49, 438.5801
525848,4.5225,0.003394,294.65, 438.5804
525849,4.5259,0.003221,310.49, 438.5807
525850,4.5293,0.003301,302.97, 438.5801
525851,4.5322,0.003148,317.65, 438.5801
525852,4.5356,0.003484,287.00, 438.5801
525853,4.5391,0.003418,292.54, 438.5801
525854,4.5425,0.003380,295.86, 438.5801
525855,4.5459,0.003116,320.98, 438.5807
525856,4.5488,0.003310,302.15, 438.5804
525857,4.5522,0.003167,315.73, 438.5801
525858,4.5552,0.003065,326.23, 438.5807
525859,4.5581,0.003105,322.05, 438.5807
525860,4.5615,0.003009,332.35, 438.5807
525861,4.5645,0.003005,332.73, 438.5804
525862,4.5674,0.003190,313.48, 438.5807
525863,4.5703,0.002994,334.02, 438.5804
525864,4.5737,0.003011,332.09, 438.5807
525865,4.5767,0.002982,335.40, 438.5807
525866,4.5796,0.002978,335.76, 438.5807
525867,4.5825,0.003065,326.25, 438.5801
525868,4.5854,0.003068,325.95, 438.5807
525869,4.5884,0.003008,332.50, 438.5804
525870,4.5918,0.002997,333.71, 438.5807
525871,4.5947,0.002961,337.68, 438.5902
525872,4.5977,0.003065,326.29, 438.5804
525873,4.6006,0.003039,329.09, 438.5807
525874,4.6035,0.002993,334.08, 438.5807
525875,4.6064,0.002971,336.61, 438.5807
525876,4.6099,0.002993,334.09, 438.5807
525877,4.6128,0.003015,331.73, 438.5801
525878,4.6157,0.003031,329.89, 438.5807
525879,4.6187,0.003094,323.24, 438.5804
525880,4.6216,0.003004,332.93, 438.5807
525881,4.6250,0.002972,336.51, 438.5807
525882,4.6279,0.003015,331.68, 438.5807
525883,4.6309,0.003058,327.05, 438.5801
525884,4.6338,0.003074,325.28, 438.5807
525885,4.6367,0.003058,327.01, 438.5801
525886,4.6401,0.003108,321.76, 438.5807
525887,4.6431,0.003011,332.08, 438.5807
525888,4.6460,0.002995,333.88, 438.5807
525889,4.6489,0.002972,336.51, 438.5804
525890,4.6519,0.002988,334.68, 438.5807
525891,4.6548,0.002963,337.48, 438.5807
525892,4.6582,0.003071,325.66, 438.5807
525893,4.6611,0.002982,335.38, 438.5804
525894,4.6641,0.003017,331.48, 438.5807
525895,4.6670,0.003053,327.60, 438.5804
525896,4.6699,0.003036,329.40, 438.5807
525897,4.6733,0.002972,336.45, 438.5807
525898,4.6763,0.003014,331.74, 438.5807
525899,4.6792,0.002945,339.54, 438.5801
525900,4.6821,0.003012,332.04, 438.5807
525901,4.6851,0.002945,339.62, 438.5804
525902,4.6880,0.003071,325.63, 438.5807
525903,4.6914,0.003074,325.35, 438.5807
525904,4.6943,0.003031,329.89, 438.5807
525905,4.6973,0.002947,339.34, 438.5807
525906,4.7002,0.003067,326.01, 438.5801
525907,4.7031,0.002952,338.76, 438.5807
525908,4.7061,0.003067,326.07, 438.5804
525909,4.7090,0.002963,337.54, 438.5807
525910,4.7124,0.002975,336.11, 438.5807
525911,4.7153,0.002927,341.61, 438.5807
525912,4.7183,0.003099,322.68, 438.5807
525913,4.7212,0.002975,336.15, 438.5801
525914,4.7241,0.002992,334.25, 438.5807
525915,4.7271,0.002898,345.02, 438.5807
525916,4.7300,0.003026,330.43, 438.5807
525917,4.7329,0.002925,341.87, 438.5807
525918,4.7363,0.003094,323.26, 438.5807
525919,4.7393,0.002973,336.37, 438.5807
525920,4.7422,0.002996,333.80, 438.5804
525921,4.7451,0.002922,342.23, 438.5807
525922,4.7480,0.003039,329.09, 438.5804
525923,4.7510,0.002915,343.04, 438.5807
525924,4.7544,0.003200,312.48, 438.5804
525925,4.7573,0.002966,337.13, 438.5807
525926,4.7603,0.003009,332.29, 438.5807
525927,4.7632,0.002924,342.03, 438.6432
525928,4.7661,0.003049,327.98, 438.5804
525929,4.7690,0.003015,331.70, 438.5807
525930,4.7720,0.003001,333.26, 438.5807
525931,4.7749,0.002913,343.28, 438.5804
525932,4.7778,0.003018,331.33, 438.5807
525933,4.7808,0.002912,343.47, 438.5807
525934,4.7842,0.003013,331.87, 438.5801
525935,4.7871,0.002943,339.77, 438.5801
525936,4.7900,0.002986,334.93, 438.5801
525937,4.7930,0.002955,338.36, 438.5807
525938,4.7959,0.003038,329.17, 438.5807
525939,4.7988,0.002973,336.34, 438.5807
525940,4.8018,0.002952,338.76, 438.5804
525941,4.8047,0.002946,339.45, 438.5807
525942,4.8076,0.002978,335.83, 438.5807
525943,4.8105,0.002973,336.41, 438.5807
525944,4.8135,0.002974,336.25, 438.5801
525945,4.8169,0.003041,328.88, 438.5804
525946,4.8198,0.002970,336.66, 438.5801
525947,4.8228,0.003006,332.65, 438.5807
525948,4.8257,0.002984,335.15, 438.5801
525949,4.8286,0.002964,337.44, 438.5801
525950,4.8315,0.002966,337.19, 438.5801
525951,4.8345,0.003016,331.54, 438.5804
525952,4.8374,0.002979,335.74, 438.5807
525953,4.8408,0.002969,336.77, 438.5804
525954,4.8438,0.002958,338.10, 438.5807
525955,4.8467,0.003017,331.51, 438.5807
525956,4.8496,0.002950,338.95, 438.5807
525957,4.8525,0.003022,330.94, 438.5807
525958,4.8555,0.002940,340.19, 438.5804
525959,4.8584,0.002991,334.39, 438.5807
525960,4.8613,0.002993,334.12, 438.5804
525961,4.8647,0.003091,323.49, 438.5801
525962,4.8677,0.003022,330.92, 438.5804
525963,4.8706,0.003005,332.83, 438.5807
525964,4.8735,0.002955,338.43, 438.5801
525965,4.8765,0.003046,328.27, 438.5804
525966,4.8799,0.003377,296.10, 438.5801
525967,4.8833,0.003268,306.00, 438.5807
525968,4.8862,0.003023,330.79, 438.5807
525969,4.8892,0.002987,334.76, 438.5807
525970,4.8921,0.002910,343.61, 438.5807
525971,4.8950,0.003038,329.12, 438.5807
525972,4.8984,0.003006,332.66, 438.5804
525973,4.9014,0.003000,333.34, 438.5807
525974,4.9043,0.002931,341.23, 438.5807
525975,4.9072,0.003000,333.29, 438.5807
525976,4.9102,0.002988,334.69, 438.5801
525977,4.9136,0.003238,308.85, 438.5804
525978,4.9165,0.003032,329.78, 438.5804
525979,4.9194,0.003055,327.32, 438.5801
525980,4.9224,0.002992,334.25, 438.5807
525981,4.9253,0.003076,325.09, 438.5801
525982,4.9287,0.003006,332.66, 438.5807
525983,4.9316,0.003059,326.94, 438.5807
525984,4.9346,0.003012,331.97, 438.5801
525985,4.9375,0.003056,327.27, 438.5807
525986,4.9404,0.003000,333.37, 438.5801
525987,4.9438,0.003226,309.99, 438.5804
525988,4.9473,0.003168,315.71, 438.5804
525989,4.9502,0.003076,325.11, 438.5801
525990,4.9531,0.002985,335.03, 438.5807
525991,4.9561,0.002996,333.83, 438.5801
525992,4.9595,0.003494,286.20, 438.5801
525993,4.9629,0.003294,303.56, 438.5807
525994,4.9663,0.003434,291.18, 438.5801
525995,4.9697,0.003178,314.71, 438.5801
525996,4.9727,0.003390,294.97, 438.5807
525997,4.9761,0.003069,325.84, 438.5950
525998,4.9795,0.003414,292.93, 438.5807
525999,4.9824,0.002952,338.72, 438.5807
526000,4.9854,0.003035,329.47, 438.5804
526001,4.9883,0.002991,334.31, 438.5816
526002,4.9912,0.002976,335.99, 438.5807
526003,4.9941,0.002933,341.01, 438.5807
526004,4.9971,0.003051,327.82, 438.5807
526005,5.0000,0.002937,340.52, 438.5807
526006,5.0034,0.003056,327.19, 438.5801
526007,5.0063,0.002937,340.47, 438.5807
526008,5.0093,0.003047,328.15, 438.5801
526009,5.0122,0.003034,329.59, 438.5807
526010,5.0151,0.003019,331.27, 438.5807
526011,5.0181,0.002953,338.68, 438.5807
526012,5.0215,0.003002,333.16, 438.5807
526013,5.0244,0.002913,343.25, 438.5807
526014,5.0273,0.003017,331.44, 438.5807
526015,5.0303,0.002915,343.04, 438.5807
526016,5.0332,0.003009,332.29, 438.5807
526017,5.0361,0.002987,334.75, 438.5804
526018,5.0391,0.002986,334.86, 438.5804
526019,5.0420,0.002910,343.64, 438.5807
526020,5.0449,0.003000,333.38, 438.5801
526021,5.0483,0.003101,322.45, 438.5807
526022,5.0513,0.002982,335.35, 438.5807
526023,5.0542,0.002939,340.24, 438.5807
526024,5.0571,0.003014,331.82, 438.5804
526025,5.0601,0.002969,336.79, 438.5807
526026,5.0630,0.003014,331.80, 438.5804
526027,5.0659,0.003031,329.92, 438.5804
526028,5.0688,0.002991,334.33, 438.5801
526029,5.0718,0.002952,338.80, 438.5807
526030,5.0752,0.002971,336.56, 438.5801
526031,5.0781,0.003014,331.79, 438.5807
526032,5.0811,0.002959,338.00, 438.5807
526033,5.0840,0.003033,329.66, 438.5807
526034,5.0869,0.002982,335.30, 438.5804
526035,5.0898,0.002979,335.71, 438.5807
526036,5.0928,0.002976,336.00, 438.5804
526037,5.0957,0.002979,335.74, 438.5807
526038,5.0991,0.003138,318.71, 438.5804
526039,5.1021,0.003170,315.46, 438.5807
526040,5.1055,0.003063,326.50, 438.5804
526041,5.1084,0.003070,325.70, 438.5825
526042,5.1113,0.002931,341.16, 438.5830
526043,5.1143,0.002960,337.79, 438.5807
526044,5.1172,0.002970,336.68, 438.5801
526045,5.1201,0.002973,336.42, 438.5807
526046,5.1230,0.002932,341.08, 438.5804
526047,5.1260,0.002984,335.08, 438.5807
526048,5.1289,0.002979,335.71, 438.5804
526049,5.1323,0.003008,332.42, 438.5807
526050,5.1353,0.002961,337.74, 438.5801
526051,5.1382,0.003024,330.69, 438.5807
526052,5.1411,0.002927,341.66, 438.5807
526053,5.1440,0.002988,334.67, 438.5801
526054,5.1470,0.002977,335.90, 438.5807
526055,5.1499,0.003041,328.85, 438.5807
526056,5.1528,0.002992,334.28, 438.5801
526057,5.1563,0.003060,326.82, 438.5807
526058,5.1592,0.002899,344.93, 438.5807
526059,5.1621,0.003005,332.82, 438.5804
526060,5.1650,0.002904,344.35, 438.5807
526061,5.1680,0.003044,328.47, 438.5801
526062,5.1709,0.002910,343.62, 438.5807
526063,5.1738,0.003022,330.91, 438.5804
526064,5.1768,0.003016,331.59, 438.5804
526065,5.1802,0.003112,321.36, 438.5801
526066,5.1831,0.002935,340.72, 438.5807
526067,5.1860,0.003034,329.58, 438.5801
526068,5.1890,0.002929,341.46, 438.5807
526069,5.1919,0.003003,332.98, 438.5807
526070,5.1948,0.002941,340.08, 438.5807
526071,5.1978,0.003055,327.33, 438.5804
526072,5.2007,0.002921,342.37, 438.5807
526073,5.2036,0.003003,333.00, 438.5804
526074,5.2065,0.002917,342.79, 438.5807
526075,5.2100,0.003058,327.04, 438.5807
526076,5.2129,0.002942,339.93, 438.5807
526077,5.2158,0.003026,330.48, 438.5807
526078,5.2188,0.002926,341.81, 438.5807
526079,5.2217,0.002977,335.94, 438.5807
526080,5.2246,0.002944,339.63, 438.5807
526081,5.2275,0.003024,330.70, 438.5807
526082,5.2305,0.002928,341.57, 438.5807
526083,5.2334,0.002984,335.15, 438.5807
526084,5.2363,0.002991,334.38, 438.5807
526085,5.2393,0.002975,336.09, 438.5804
526086,5.2422,0.002930,341.26, 438.5807
526087,5.2456,0.002991,334.36, 438.5804
526088,5.2485,0.002989,334.57, 438.5807
526089,5.2515,0.002951,338.93, 438.5807
526090,5.2544,0.002965,337.23, 438.5807
526091,5.2573,0.002965,337.26, 438.5807
526092,5.2603,0.002949,339.08, 438.5808
526093,5.2632,0.002939,340.29, 438.5804
526094,5.2661,0.003005,332.82, 438.5801
526095,5.2690,0.002949,339.08, 438.5807
526096,5.2720,0.003065,326.26, 438.5801
526097,5.2754,0.002970,336.68, 438.5807
526098,5.2783,0.002977,335.90, 438.5801
526099,5.2813,0.003047,328.18, 438.5807
526100,5.2842,0.003105,322.04, 438.5804
526101,5.2871,0.002998,333.61, 438.5807
526102,5.2900,0.002946,339.47, 438.5807
526103,5.2930,0.002954,338.50, 438.5807
526104,5.2964,0.003011,332.08, 438.5807
526105,5.2993,0.002985,334.96, 438.5807
526106,5.3022,0.003133,319.21, 438.5807
526107,5.3052,0.002981,335.49, 438.5825
526108,5.3081,0.003046,328.33, 438.5807
526109,5.3110,0.002931,341.19, 438.5801
526110,5.3145,0.002997,333.71, 438.5807
526111,5.3174,0.002993,334.08, 438.5807
526112,5.3203,0.003010,332.23, 438.5807
526113,5.3232,0.002928,341.51, 438.5807
526114,5.3262,0.003026,330.44, 438.5807
526115,5.3291,0.002926,341.74, 438.5807
526116,5.3325,0.003224,310.21, 438.5801
526117,5.3354,0.003095,323.13, 438.5807
526118,5.3384,0.003096,323.05, 438.5807
526119,5.3418,0.003005,332.75, 438.5807
526120,5.3447,0.003020,331.10, 438.5807
526121,5.3477,0.002988,334.69, 438.5807
526122,5.3506,0.003031,329.89, 438.5801
526123,5.3535,0.002951,338.88, 438.5807
526124,5.3564,0.003017,331.44, 438.5825
526125,5.3594,0.002954,338.56, 438.5801
526126,5.3628,0.003056,327.23, 438.5807
526127,5.3657,0.003070,325.72, 438.5807
526128,5.3687,0.003154,317.11, 438.5807
526129,5.3716,0.002970,336.70, 438.5804
526130,5.3750,0.003007,332.60, 438.5807
526131,5.3779,0.003023,330.75, 438.5807
526132,5.3809,0.003150,317.44, 438.5801
526133,5.3838,0.003047,328.16, 438.5804
526134,5.3872,0.003009,332.33, 438.5807
526135,5.3901,0.002957,338.19, 438.5801
526136,5.3931,0.003075,325.18, 438.5804
526137,5.3960,0.003064,326.38, 438.5807
526138,5.3989,0.003029,330.13, 438.5807
526139,5.4019,0.002955,338.40, 438.5804
526140,5.4053,0.003018,331.30, 438.5807
526141,5.4082,0.002945,339.62, 438.5807
526142,5.4111,0.002984,335.14, 438.5807
526143,5.4141,0.002903,344.53, 438.5807
526144,5.4170,0.003038,329.15, 438.5807
526145,5.4199,0.002930,341.26, 438.5801
526146,5.4229,0.002997,333.64, 438.5801
526147,5.4258,0.002941,340.06, 438.5807
526148,5.4287,0.003046,328.26, 438.5807
526149,5.4316,0.002881,347.15, 438.5807
526150,5.4351,0.003050,327.88, 438.5807
526151,5.4380,0.002953,338.65, 438.5807
526152,5.4409,0.003022,330.94, 438.5804
526153,5.4438,0.002894,345.57, 438.5807
526154,5.4468,0.003006,332.62, 438.5807
526155,5.4497,0.002927,341.62, 438.5807
526156,5.4526,0.003034,329.63, 438.5807
526157,5.4556,0.002970,336.67, 438.5804
526158,5.4585,0.003080,324.69, 438.5804
526159,5.4614,0.002933,341.01, 438.5804
526160,5.4648,0.002992,334.22, 438.5801
526161,5.4678,0.003000,333.29, 438.5807
526162,5.4707,0.003002,333.17, 438.5801
526163,5.4736,0.002952,338.79, 438.5807
526164,5.4766,0.002985,335.02, 438.5825
526165,5.4795,0.002931,341.17, 438.5801
526166,5.4824,0.002964,337.39, 438.5807
526167,5.4854,0.002988,334.71, 438.5807
526168,5.4888,0.003111,321.49, 438.5807
526169,5.4917,0.002971,336.54, 438.5804
526170,5.4946,0.003010,332.23, 438.5804
526171,5.4976,0.003083,324.35, 438.5825
526172,5.5005,0.003071,325.68, 438.5804
526173,5.5039,0.002998,333.57, 438.5807
526174,5.5068,0.002971,336.55, 438.5807
526175,5.5098,0.002963,337.54, 438.5804
526176,5.5127,0.002992,334.24, 438.5807
526177,5.5156,0.002990,334.40, 438.5807
526178,5.5186,0.002966,337.19, 438.5865
526179,5.5215,0.002926,341.75, 438.5825
526180,5.5244,0.002913,343.34, 438.5825
526181,5.5273,0.002976,336.03, 438.5807
526182,5.5303,0.002940,340.11, 438.5801
526183,5.5337,0.003243,308.34, 438.5801
526184,5.5371,0.003418,292.57, 438.5801
526185,5.5400,0.003089,323.69, 438.5807
526186,5.5435,0.003199,312.62, 438.5807
526187,5.5464,0.003087,323.95, 438.5807
526188,5.5493,0.003146,317.82, 438.5801
526189,5.5527,0.003357,297.85, 438.5807
526190,5.5566,0.003587,278.76, 438.5804
526191,5.5601,0.003365,297.18, 438.5804
526192,5.5630,0.003225,310.06, 438.5804
526193,5.5659,0.003080,324.66, 438.5804
526194,5.5693,0.003060,326.79, 438.5801
526195,5.5723,0.002970,336.73, 438.5807
526196,5.5752,0.003027,330.36, 438.5801
526197,5.5781,0.002922,342.22, 438.5804
526198,5.5811,0.003075,325.19, 438.5804
526199,5.5840,0.002957,338.18, 438.5807
526200,5.5874,0.003051,327.73, 438.5807
526201,5.5898,0.002851,350.80, 438.5807
526202,5.5933,0.003079,324.78, 438.5804
526203,5.5962,0.002961,337.71, 438.5801
526204,5.5991,0.003017,331.42, 438.5807
526205,5.6021,0.002954,338.56, 438.5804
526206,5.6050,0.003118,320.77, 438.5807
526207,5.6079,0.002912,343.37, 438.5807
526208,5.6113,0.003022,330.95, 438.5804
526209,5.6143,0.002931,341.23, 438.5807
526210,5.6172,0.003041,328.81, 438.5807
526211,5.6201,0.002926,341.75, 438.5807
526212,5.6230,0.002953,338.63, 438.5807
526213,5.6260,0.002901,344.76, 438.5807
526214,5.6289,0.003015,331.65, 438.5807
526215,5.6318,0.002943,339.81, 438.5807
526216,5.6348,0.002970,336.75, 438.5807
526217,5.6377,0.002924,342.04, 438.5807
526218,5.6406,0.002901,344.69, 438.5807
526219,5.6436,0.002923,342.16, 438.5801
526220,5.6465,0.002954,338.58, 438.5804
526221,5.6494,0.002951,338.91, 438.5801
526222,5.6523,0.002915,343.09, 438.5807
526223,5.6553,0.002969,336.84, 438.5807
526224,5.6582,0.002934,340.85, 438.5804
526225,5.6611,0.002952,338.71, 438.5804
526226,5.6641,0.002896,345.30, 438.5807
526227,5.6670,0.002970,336.66, 438.5807
526228,5.6699,0.002895,345.38, 438.5807
526229,5.6729,0.002941,340.02, 438.5807
526230,5.6758,0.002901,344.74, 438.5807
526231,5.6787,0.002977,335.94, 438.5807
526232,5.6816,0.002901,344.73, 438.5804
526233,5.6846,0.002969,336.80, 438.5807
526234,5.6875,0.002950,338.95, 438.5801
526235,5.6904,0.003006,332.67, 438.5807
526236,5.6934,0.002944,339.70, 438.5801
526237,5.6968,0.003009,332.36, 438.5807
526238,5.6992,0.002887,346.38, 438.5804
526239,5.7026,0.002986,334.94, 438.5807
526240,5.7051,0.002869,348.53, 438.5807
526241,5.7085,0.003022,330.92, 438.5807
526242,5.7114,0.002862,349.43, 438.5807
526243,5.7144,0.002978,335.75, 438.5807
526244,5.7173,0.002909,343.78, 438.5807
526245,5.7202,0.002953,338.68, 438.5807
526246,5.7231,0.002957,338.13, 438.5807
526247,5.7261,0.003069,325.89, 438.5801
526248,5.7290,0.002910,343.69, 438.5804
526249,5.7319,0.002974,336.28, 438.5807
526250,5.7349,0.002950,338.94, 438.5801
526251,5.7378,0.003115,321.04, 438.5807
526252,5.7412,0.003028,330.27, 438.5807
526253,5.7441,0.002972,336.43, 438.5807
526254,5.7471,0.002915,343.02, 438.5807
526255,5.7500,0.002988,334.65, 438.5807
526256,5.7529,0.002963,337.50, 438.5807
526257,5.7559,0.003035,329.46, 438.5804
526258,5.7588,0.002937,340.45, 438.5807
526259,5.7617,0.002965,337.30, 438.5885
526260,5.7646,0.002967,337.00, 438.5801
526261,5.7676,0.002953,338.66, 438.5801
526262,5.7705,0.002936,340.59, 438.5807
526263,5.7734,0.002934,340.83, 438.5807
526264,5.7764,0.002959,337.92, 438.5807
526265,5.7793,0.002925,341.90, 438.5807
526266,5.7827,0.002997,333.66, 438.5807
526267,5.7856,0.002918,342.68, 438.5807
526268,5.7886,0.002963,337.53, 438.5804
526269,5.7915,0.002939,340.31, 438.5804
526270,5.7944,0.002983,335.29, 438.5807
526271,5.7974,0.002969,336.79, 438.5807
526272,5.8003,0.002996,333.83, 438.5807
526273,5.8032,0.002938,340.40, 438.5801
526274,5.8062,0.002970,336.68, 438.5807
526275,5.8091,0.002896,345.29, 438.5807
526276,5.8120,0.002990,334.43, 438.5807
526277,5.8149,0.002890,345.97, 438.5807
526278,5.8179,0.003014,331.76, 438.5807
526279,5.8208,0.002910,343.67, 438.5807
526280,5.8237,0.002966,337.11, 438.5801
526281,5.8267,0.002871,348.30, 438.5807
526282,5.8296,0.002957,338.21, 438.5825
526283,5.8325,0.002920,342.42, 438.5807
526284,5.8354,0.003003,333.00, 438.5807
526285,5.8384,0.002886,346.48, 438.5807
526286,5.8413,0.002981,335.46, 438.5807
526287,5.8442,0.002916,342.90, 438.5807
526288,5.8472,0.002951,338.85, 438.5807
526289,5.8501,0.002965,337.29, 438.5807
526290,5.8530,0.002971,336.54, 438.5804
526291,5.8564,0.002955,338.38, 438.5807
526292,5.8594,0.002951,338.86, 438.5807
526293,5.8618,0.002904,344.31, 438.5807
526294,5.8652,0.003001,333.24, 438.5807
526295,5.8682,0.003043,328.62, 438.5807
526296,5.8711,0.002934,340.80, 438.5804
526297,5.8740,0.002973,336.37, 438.5807
526298,5.8770,0.002923,342.09, 438.5804
526299,5.8799,0.002956,338.32, 438.5807
526300,5.8828,0.002903,344.53, 438.5807
526301,5.8857,0.003074,325.32, 438.5807
526302,5.8892,0.003166,315.86, 438.5801
526303,5.8921,0.003022,330.86, 438.5807
526304,5.8950,0.002977,335.91, 438.5804
526305,5.8984,0.003248,307.87, 438.5801
526306,5.9014,0.003277,305.13, 438.5807
526307,5.9048,0.003029,330.17, 438.5807
526308,5.9077,0.003035,329.50, 438.5801
526309,5.9106,0.002981,335.42, 438.5807
526310,5.9141,0.003232,309.43, 438.5801
526311,5.9170,0.003185,313.95, 438.5804
526312,5.9199,0.003067,326.10, 438.5801
526313,5.9233,0.003065,326.29, 438.5807
526314,5.9263,0.002993,334.11, 438.5807
526315,5.9292,0.003001,333.22, 438.5807
526316,5.9321,0.003023,330.82, 438.5807
526317,5.9351,0.003002,333.14, 438.5807
526318,5.9380,0.002969,336.87, 438.5807
526319,5.9409,0.002975,336.18, 438.5801
526320,5.9443,0.003225,310.07, 438.5801
526321,5.9478,0.003237,308.90, 438.5807
526322,5.9507,0.003049,327.98, 438.5801
526323,5.9536,0.002996,333.78, 438.5807
526324,5.9565,0.003057,327.16, 438.5801
526325,5.9600,0.003436,291.02, 438.5801
526326,5.9634,0.003499,285.82, 438.5801
526327,5.9668,0.003064,326.33, 438.5807
526328,5.9697,0.003017,331.51, 438.5804
526329,5.9727,0.002904,344.31, 438.5807
526330,5.9756,0.003061,326.67, 438.5804
526331,5.9785,0.002937,340.53, 438.5807
526332,5.9814,0.003010,332.21, 438.5807
526333,5.9844,0.002917,342.81, 438.5807
526334,5.9878,0.003104,322.18, 438.5807
526335,5.9907,0.002938,340.39, 438.5807
526336,5.9937,0.003023,330.80, 438.5804
526337,5.9966,0.002985,334.99, 438.5804
526338,5.9995,0.002976,336.01, 438.5807
526339,6.0024,0.002948,339.19, 438.5807
526340,6.0054,0.003000,333.33, 438.5804
526341,6.0083,0.002958,338.09, 438.5807
526342,6.0112,0.003002,333.10, 438.5804
526343,6.0146,0.002953,338.60, 438.5807
526344,6.0176,0.002998,333.60, 438.5807
526345,6.0205,0.002942,339.86, 438.5807
526346,6.0234,0.002995,333.85, 438.5807
526347,6.0264,0.002982,335.39, 438.5807
526348,6.0293,0.002971,336.56, 438.5804
526349,6.0322,0.003006,332.67, 438.5804
526350,6.0352,0.002961,337.70, 438.5807
526351,6.0381,0.003015,331.70, 438.5807
526352,6.0410,0.002947,339.31, 438.5804
526353,6.0439,0.002951,338.89, 438.5807
526354,6.0474,0.002972,336.46, 438.5804
526355,6.0503,0.002981,335.48, 438.5804
526356,6.0532,0.002965,337.22, 438.5807
526357,6.0562,0.002985,335.02, 438.5801
526358,6.0591,0.002939,340.23, 438.5804
526359,6.0620,0.002982,335.33, 438.5807
526360,6.0649,0.002988,334.73, 438.5804
526361,6.0679,0.003120,320.47, 438.5807
526362,6.0708,0.002930,341.26, 438.5807
526363,6.0742,0.002973,336.42, 438.5807
526364,6.0771,0.002922,342.28, 438.5807
526365,6.0801,0.002970,336.67, 438.5807
526366,6.0830,0.002934,340.85, 438.5807
526367,6.0859,0.003102,322.37, 438.5807
526368,6.0889,0.002999,333.46, 438.5804
526369,6.0918,0.002980,335.54, 438.5807
526370,6.0947,0.002935,340.76, 438.5807
526371,6.0981,0.003090,323.60, 438.5807
526372,6.1011,0.002926,341.76, 438.5905
526373,6.1040,0.003083,324.41, 438.5807
526374,6.1069,0.002991,334.29, 438.5807
526375,6.1099,0.003038,329.16, 438.5807
526376,6.1128,0.002950,338.97, 438.5801
526377,6.1162,0.003040,328.99, 438.5807
526378,6.1191,0.002934,340.82, 438.5807
526379,6.1221,0.003020,331.18, 438.5807
526380,6.1250,0.002889,346.10, 438.5807
526381,6.1279,0.003055,327.33, 438.5804
526382,6.1309,0.002900,344.88, 438.5807
526383,6.1338,0.003101,322.51, 438.5807
526384,6.1367,0.002974,336.30, 438.5807
526385,6.1396,0.003040,328.93, 438.5804
526386,6.1426,0.002897,345.20, 438.5807
526387,6.1460,0.003006,332.70, 438.5807
526388,6.1489,0.003024,330.72, 438.5807
526389,6.1519,0.003023,330.80, 438.5807
526390,6.1548,0.002917,342.85, 438.5807
526391,6.1577,0.003048,328.14, 438.5807
526392,6.1606,0.002896,345.32, 438.5801
526393,6.1636,0.002994,333.98, 438.5807
526394,6.1665,0.002940,340.19, 438.5807
526395,6.1694,0.003004,332.90, 438.5807
526396,6.1724,0.002938,340.34, 438.5807
526397,6.1758,0.002985,335.00, 438.5801
526398,6.1782,0.002906,344.07, 438.5807
526399,6.1816,0.003066,326.18, 438.5801
526400,6.1846,0.002980,335.62, 438.5807
526401,6.1875,0.003046,328.26, 438.5801
526402,6.1904,0.002931,341.16, 438.5807
526403,6.1934,0.003010,332.18, 438.5807
526404,6.1963,0.002995,333.85, 438.5807
526405,6.1997,0.003000,333.38, 438.5807
526406,6.2026,0.002956,338.34, 438.5807
526407,6.2056,0.002961,337.76, 438.5825
526408,6.2085,0.002971,336.55, 438.5807
526409,6.2114,0.003016,331.54, 438.5804
526410,6.2144,0.002966,337.19, 438.5807
526411,6.2173,0.003166,315.86, 438.5807
526412,6.2207,0.003005,332.80, 438.5807
526413,6.2236,0.003020,331.13, 438.5807
526414,6.2266,0.003161,316.40, 438.5804
526415,6.2300,0.003063,326.47, 438.5801
526416,6.2329,0.003045,328.36, 438.5807
526417,6.2358,0.003034,329.57, 438.5801
526418,6.2388,0.003008,332.46, 438.5804
526419,6.2417,0.003040,328.97, 438.5801
526420,6.2451,0.003011,332.14, 438.5807
526421,6.2480,0.003071,325.68, 438.5801
526422,6.2510,0.003034,329.65, 438.5807
526423,6.2539,0.003113,321.23, 438.5807
526424,6.2573,0.003061,326.69, 438.5807
526425,6.2603,0.002992,334.19, 438.5804
526426,6.2632,0.002960,337.85, 438.5807
526427,6.2661,0.003104,322.20, 438.5807
526428,6.2690,0.003042,328.76, 438.5807
526429,6.2725,0.002960,337.79, 438.5807
526430,6.2754,0.003008,332.46, 438.5807
526431,6.2783,0.003033,329.70, 438.5804
526432,6.2813,0.003033,329.75, 438.5807
526433,6.2842,0.003012,332.06, 438.5804
526434,6.2876,0.003130,319.52, 438.5804
526435,6.2905,0.003175,314.93, 438.5807
526436,6.2935,0.003056,327.23, 438.5801
526437,6.2969,0.003105,322.02, 438.5804
526438,6.2998,0.002994,333.98, 438.5825
526439,6.3027,0.002980,335.60, 438.5807
526440,6.3057,0.003014,331.79, 438.5801
526441,6.3091,0.003083,324.39, 438.5801
526442,6.3120,0.002963,337.50, 438.5804
526443,6.3149,0.003013,331.93, 438.5807
526444,6.3179,0.002996,333.83, 438.5801
526445,6.3208,0.003014,331.81, 438.5801
526446,6.3237,0.002973,336.34, 438.5807
526447,6.3267,0.002979,335.72, 438.5807
526448,6.3301,0.003066,326.13, 438.5804
526449,6.3330,0.003024,330.73, 438.5804
526450,6.3359,0.003097,322.85, 438.5807
526451,6.3394,0.003169,315.55, 438.5807
526452,6.3423,0.003032,329.80, 438.5801
526453,6.3452,0.003028,330.21, 438.5804
526454,6.3481,0.003118,320.68, 438.5807
526455,6.3516,0.003109,321.64, 438.5807
526456,6.3545,0.003110,321.53, 438.5804
526457,6.3579,0.003116,320.94, 438.5801
526458,6.3608,0.002973,336.39, 438.5807
526459,6.3638,0.003016,331.60, 438.5807
526460,6.3667,0.003012,332.03, 438.5804
526461,6.3696,0.003181,314.41, 438.5801
526462,6.3730,0.003047,328.19, 438.5807
526463,6.3760,0.003025,330.62, 438.5807
526464,6.3789,0.003043,328.64, 438.5807
526465,6.3818,0.003012,331.98, 438.5807
526466,6.3848,0.002979,335.65, 438.5807
526467,6.3882,0.003020,331.14, 438.5807
526468,6.3911,0.002923,342.14, 438.5807
526469,6.3940,0.002986,334.88, 438.5807
526470,6.3970,0.002971,336.61, 438.5807
526471,6.3999,0.003006,332.66, 438.5804
526472,6.4028,0.002994,334.05, 438.5804
526473,6.4058,0.002974,336.26, 438.5807
526474,6.4087,0.002959,337.91, 438.5807
526475,6.4116,0.002973,336.32, 438.5807
526476,6.4150,0.003029,330.12, 438.5807
526477,6.4180,0.002990,334.40, 438.5807
526478,6.4209,0.002970,336.71, 438.5807
526479,6.4238,0.002922,342.24, 438.5807
526480,6.4268,0.003038,329.13, 438.5804
526481,6.4297,0.002973,336.42, 438.5804
526482,6.4326,0.003024,330.68, 438.5807
526483,6.4355,0.002954,338.56, 438.5807
526484,6.4385,0.002988,334.63, 438.5804
526485,6.4414,0.002916,342.90, 438.5807
526486,6.4443,0.003002,333.13, 438.5804
526487,6.4478,0.003147,317.77, 438.5807
526488,6.4507,0.003060,326.75, 438.5807
526489,6.4536,0.002984,335.17, 438.5807
526490,6.4570,0.003041,328.81, 438.5807
526491,6.4600,0.002959,338.01, 438.5807
526492,6.4629,0.003013,331.88, 438.5807
526493,6.4658,0.002959,337.94, 438.5801
526494,6.4688,0.003072,325.48, 438.5807
526495,6.4717,0.003089,323.70, 438.5807
526496,6.4751,0.003035,329.54, 438.5807
526497,6.4780,0.003000,333.37, 438.5804
526498,6.4810,0.003005,332.73, 438.5807
526499,6.4839,0.002948,339.26, 438.5807
526500,6.4868,0.003032,329.84, 438.5807
526501,6.4897,0.002923,342.11, 438.5807
526502,6.4927,0.003067,326.04, 438.5804
526503,6.4961,0.003005,332.82, 438.5807
526504,6.4990,0.003040,328.91, 438.5804
526505,6.5020,0.003019,331.27, 438.5807
526506,6.5049,0.003006,332.71, 438.5807
526507,6.5078,0.003008,332.42, 438.5804
526508,6.5112,0.003018,331.40, 438.5807
526509,6.5137,0.002905,344.23, 438.5807
526510,6.5171,0.003064,326.34, 438.5807
526511,6.5200,0.003002,333.16, 438.5807
526512,6.5229,0.003062,326.55, 438.5804
526513,6.5259,0.002953,338.64, 438.5804
526514,6.5288,0.003003,332.96, 438.5807
526515,6.5317,0.002905,344.25, 438.5807
526516,6.5347,0.003014,331.83, 438.5804
526517,6.5376,0.002929,341.43, 438.5807
526518,6.5410,0.003257,307.02, 438.5801
526519,6.5444,0.003292,303.80, 438.5804
526520,6.5479,0.003236,308.99, 438.5804
526521,6.5508,0.003266,306.15, 438.5801
526522,6.5547,0.003684,271.45, 438.5807
526523,6.5581,0.003501,285.61, 438.5801
526524,6.5615,0.003339,299.53, 438.5804
526525,6.5645,0.003241,308.59, 438.5801
526526,6.5679,0.003051,327.72, 438.5801
526527,6.5708,0.003057,327.12, 438.5807
526528,6.5737,0.002973,336.41, 438.5801
526529,6.5767,0.003054,327.49, 438.5801
526530,6.5796,0.002980,335.57, 438.5807
526531,6.5830,0.003012,332.03, 438.5807
526532,6.5859,0.003071,325.58, 438.5807
526533,6.5889,0.003049,328.00, 438.5804
526534,6.5918,0.002967,337.10, 438.5807
526535,6.5947,0.003019,331.21, 438.5807
526536,6.5977,0.002964,337.35, 438.5804
526537,6.6011,0.003030,330.01, 438.5807
526538,6.6040,0.002960,337.86, 438.5807
526539,6.6069,0.003033,329.74, 438.5807
526540,6.6099,0.003026,330.47, 438.5807
526541,6.6128,0.003020,331.11, 438.5804
526542,6.6157,0.002955,338.44, 438.5807
526543,6.6191,0.003117,320.81, 438.5807
526544,6.6221,0.003003,333.00, 438.5807
526545,6.6250,0.002995,333.85, 438.5801
526546,6.6279,0.002970,336.67, 438.5807
526547,6.6309,0.002983,335.28, 438.5807
526548,6.6343,0.003108,321.77, 438.5801
526549,6.6372,0.003203,312.19, 438.5807
526550,6.6401,0.002965,337.27, 438.5804
526551,6.6431,0.002967,337.05, 438.5807
526552,6.6460,0.002965,337.22, 438.5807
526553,6.6489,0.003003,333.03, 438.5807
526554,6.6523,0.003029,330.10, 438.5807
526555,6.6553,0.002972,336.44, 438.5807
526556,6.6582,0.002956,338.33, 438.5807
526557,6.6611,0.002960,337.89, 438.5807
526558,6.6641,0.002949,339.08, 438.5807
526559,6.6670,0.003065,326.29, 438.5807
526560,6.6704,0.003127,319.76, 438.5807
526561,6.6733,0.002987,334.75, 438.5807
526562,6.6763,0.002975,336.10, 438.5807
526563,6.6792,0.002953,338.59, 438.5807
526564,6.6821,0.003052,327.64, 438.5807
526565,6.6851,0.003023,330.82, 438.5804
526566,6.6880,0.002970,336.71, 438.5807
526567,6.6914,0.002989,334.56, 438.5807
526568,6.6943,0.002982,335.36, 438.5807
526569,6.6973,0.003045,328.37, 438.5807
526570,6.7002,0.003019,331.25, 438.5801
526571,6.7031,0.002927,341.65, 438.5807
526572,6.7061,0.002968,336.93, 438.5807
526573,6.7090,0.002935,340.67, 438.5801
526574,6.7119,0.003026,330.47, 438.5807
526575,6.7148,0.002964,337.40, 438.5804
526576,6.7183,0.003026,330.52, 438.5807
526577,6.7212,0.002961,337.71, 438.5807
526578,6.7241,0.002966,337.11, 438.5807
526579,6.7271,0.003032,329.83, 438.5804
526580,6.7300,0.003092,323.45, 438.5801
526581,6.7334,0.003285,304.39, 438.5807
526582,6.7363,0.003119,320.57, 438.5801
526583,6.7393,0.002978,335.83, 438.5807
526584,6.7427,0.003026,330.45, 438.5807
526585,6.7456,0.003019,331.19, 438.5801
526586,6.7485,0.003046,328.34, 438.5801
526587,6.7515,0.002927,341.69, 438.5807
526588,6.7544,0.002976,336.06, 438.5807
526589,6.7573,0.002969,336.79, 438.5801
526590,6.7603,0.002994,334.05, 438.5807
526591,6.7637,0.002987,334.78, 438.5804
526592,6.7666,0.003022,330.87, 438.5807
526593,6.7695,0.002941,340.07, 438.5807
526594,6.7725,0.003005,332.79, 438.5807
526595,6.7754,0.002900,344.88, 438.5807
526596,6.7783,0.003043,328.66, 438.5807
526597,6.7813,0.002928,341.51, 438.5804
526598,6.7842,0.003047,328.21, 438.5804
526599,6.7871,0.002951,338.93, 438.5807
526600,6.7900,0.003005,332.82, 438.5807
526601,6.7935,0.002966,337.11, 438.5807
526602,6.7964,0.003023,330.83, 438.5801
526603,6.7993,0.002907,344.04, 438.5807
526604,6.8022,0.003031,329.92, 438.5807
526605,6.8052,0.002948,339.24, 438.5804
526606,6.8081,0.003006,332.67, 438.5807
526607,6.8110,0.002906,344.08, 438.5807
526608,6.8140,0.003018,331.39, 438.5807
526609,6.8169,0.002964,337.37, 438.5807
526610,6.8198,0.002979,335.64, 438.5807
526611,6.8232,0.003098,322.81, 438.5807
526612,6.8262,0.003080,324.63, 438.5804
526613,6.8291,0.002932,341.11, 438.5807
526614,6.8320,0.003017,331.51, 438.5804
526615,6.8350,0.002963,337.54, 438.5807
526616,6.8379,0.003013,331.88, 438.5807
526617,6.8408,0.002924,342.03, 438.5807
526618,6.8442,0.002978,335.85, 438.5801
526619,6.8472,0.002952,338.78, 438.5807
526620,6.8501,0.002961,337.78, 438.5807
526621,6.8530,0.002937,340.47, 438.5807
526622,6.8560,0.002960,337.83, 438.5807
526623,6.8589,0.002938,340.37, 438.5807
526624,6.8618,0.002977,335.91, 438.5807
526625,6.8647,0.002976,336.04, 438.5807
526626,6.8677,0.002914,343.21, 438.5949
526627,6.8706,0.003106,321.97, 438.5804
526628,6.8740,0.003039,329.03, 438.5804
526629,6.8770,0.003002,333.13, 438.5804
526630,6.8799,0.002969,336.81, 438.5807
526631,6.8828,0.002965,337.25, 438.5807
526632,6.8857,0.002941,340.04, 438.5801
526633,6.8887,0.002973,336.39, 438.5807
526634,6.8916,0.002919,342.64, 438.5801
526635,6.8945,0.002972,336.49, 438.5807
526636,6.8975,0.002936,340.62, 438.5807
526637,6.9004,0.003026,330.48, 438.5807
526638,6.9033,0.002969,336.77, 438.5807
526639,6.9063,0.003003,332.98, 438.5807
526640,6.9092,0.002928,341.50, 438.5807
526641,6.9126,0.003005,332.80, 438.5804
526642,6.9155,0.003036,329.34, 438.5807
526643,6.9189,0.003323,300.92, 438.5807
526644,6.9219,0.003109,321.65, 438.5804
526645,6.9248,0.003045,328.37, 438.5807
526646,6.9277,0.002977,335.90, 438.5807
526647,6.9307,0.003015,331.64, 438.5807
526648,6.9341,0.002942,339.90, 438.5807
526649,6.9370,0.003054,327.40, 438.5807
526650,6.9399,0.002952,338.73, 438.5804
526651,6.9429,0.002967,337.06, 438.5807
526652,6.9458,0.002989,334.55, 438.5801
526653,6.9487,0.003044,328.54, 438.5807
526654,6.9517,0.002942,339.93, 438.5801
526655,6.9546,0.002994,334.01, 438.5807
526656,6.9575,0.002927,341.65, 438.5801
526657,6.9609,0.003014,331.74, 438.5807
526658,6.9639,0.003062,326.61, 438.5804
526659,6.9668,0.003176,314.87, 438.5807
526660,6.9697,0.002947,339.35, 438.5804
526661,6.9731,0.002999,333.46, 438.5804
526662,6.9761,0.003063,326.50, 438.5807
526663,6.9790,0.003062,326.63, 438.5804
526664,6.9819,0.002941,339.97, 438.5801
526665,6.9849,0.003063,326.49, 438.5807
526666,6.9878,0.002909,343.77, 438.5807
526667,6.9907,0.003005,332.76, 438.5807
526668,6.9937,0.002927,341.64, 438.5804
526669,6.9971,0.003109,321.70, 438.5804
526670,7.0000,0.002899,344.93, 438.5804
526671,7.0029,0.003024,330.74, 438.5804
526672,7.0059,0.003028,330.28, 438.5807
526673,7.0088,0.003074,325.31, 438.5804
526674,7.0117,0.002927,341.61, 438.5807
526675,7.0151,0.003089,323.78, 438.5807
526676,7.0181,0.002978,335.82, 438.5807
526677,7.0210,0.003037,329.30, 438.5804
526678,7.0239,0.002887,346.36, 438.5807
526679,7.0269,0.003018,331.30, 438.5807
526680,7.0298,0.002909,343.75, 438.5804
526681,7.0327,0.003045,328.36, 438.5801
526682,7.0356,0.002952,338.72, 438.5807
526683,7.0391,0.003009,332.33, 438.5807
526684,7.0420,0.003002,333.16, 438.5807
526685,7.0449,0.003030,330.00, 438.5807
526686,7.0479,0.002936,340.60, 438.5807
526687,7.0508,0.002997,333.66, 438.5804
526688,7.0537,0.002900,344.86, 438.5807
526689,7.0566,0.003000,333.30, 438.5807
526690,7.0596,0.002927,341.64, 438.5801
526691,7.0625,0.003056,327.24, 438.5807
526692,7.0654,0.002933,340.92, 438.5807
526693,7.0688,0.003043,328.61, 438.5804
526694,7.0718,0.002973,336.42, 438.5804
526695,7.0747,0.003016,331.58, 438.5807
526696,7.0776,0.002943,339.79, 438.5804
526697,7.0806,0.002980,335.54, 438.5807
526698,7.0835,0.002928,341.55, 438.5807
526699,7.0864,0.003033,329.73, 438.5801
526700,7.0894,0.002964,337.40, 438.5807
526701,7.0923,0.002976,336.06, 438.5801
526702,7.0952,0.002938,340.34, 438.5807
526703,7.0986,0.002956,338.32, 438.5807
526704,7.1016,0.002948,339.17, 438.5807
526705,7.1045,0.002955,338.44, 438.5807
526706,7.1074,0.002970,336.76, 438.5807
526707,7.1104,0.002982,335.39, 438.5807
526708,7.1133,0.003119,320.64, 438.5816
526709,7.1162,0.002980,335.54, 438.5804
526710,7.1196,0.003081,324.62, 438.5807
526711,7.1226,0.002943,339.77, 438.5807
526712,7.1255,0.002981,335.47, 438.5807
526713,7.1284,0.002971,336.55, 438.5807
526714,7.1313,0.002960,337.88, 438.5807
526715,7.1343,0.002940,340.19, 438.5807
526716,7.1372,0.003031,329.90, 438.5804
526717,7.1401,0.002960,337.89, 438.5807
526718,7.1431,0.002995,333.88, 438.5809
526719,7.1460,0.002952,338.80, 438.5801
526720,7.1494,0.003145,317.92, 438.5807
526721,7.1523,0.002989,334.53, 438.5807
526722,7.1553,0.002997,333.70, 438.5807
526723,7.1582,0.002922,342.21, 438.5807
526724,7.1611,0.002992,334.28, 438.5807
526725,7.1641,0.002911,343.48, 438.5807
526726,7.1670,0.003055,327.35, 438.5807
526727,7.1699,0.002896,345.33, 438.6053
526728,7.1733,0.003168,315.70, 438.5801
526729,7.1763,0.003014,331.82, 438.5807
526730,7.1792,0.002997,333.68, 438.5804
526731,7.1821,0.002987,334.80, 438.5807
526732,7.1851,0.003049,327.98, 438.5804
526733,7.1880,0.002931,341.16, 438.5807
526734,7.1914,0.002987,334.83, 438.5807
526735,7.1943,0.002948,339.18, 438.5807
526736,7.1973,0.003056,327.18, 438.5801
526737,7.2002,0.002916,342.90, 438.5807
526738,7.2031,0.003001,333.19, 438.5807
526739,7.2061,0.002925,341.89, 438.5807
526740,7.2090,0.003017,331.43, 438.5804
526741,7.2119,0.002947,339.37, 438.5807
526742,7.2148,0.003055,327.34, 438.5807
526743,7.2178,0.002926,341.79, 438.5807
526744,7.2212,0.002986,334.85, 438.5804
526745,7.2241,0.002907,343.95, 438.5807
526746,7.2271,0.002977,335.91, 438.5807
526747,7.2300,0.002954,338.55, 438.5807
526748,7.2329,0.003014,331.83, 438.5807
526749,7.2358,0.003004,332.88, 438.5801
526750,7.2388,0.003005,332.83, 438.5807
526751,7.2417,0.002931,341.17, 438.5807
526752,7.2446,0.002964,337.42, 438.5804
526753,7.2476,0.002961,337.78, 438.5807
526754,7.2505,0.002957,338.16, 438.5801
526755,7.2534,0.002977,335.95, 438.5807
526756,7.2563,0.002959,337.95, 438.5801
526757,7.2593,0.002935,340.75, 438.5830
526758,7.2622,0.002932,341.12, 438.5801
526759,7.2656,0.003003,333.00, 438.5807
526760,7.2686,0.002986,334.95, 438.5807
526761,7.2715,0.003027,330.37, 438.5807
526762,7.2744,0.003001,333.20, 438.5804
526763,7.2773,0.003008,332.41, 438.5807
526764,7.2803,0.003035,329.50, 438.5949
526765,7.2837,0.003014,331.79, 438.5807
526766,7.2866,0.002932,341.08, 438.5825
526767,7.2896,0.002967,337.04, 438.5807
526768,7.2925,0.003059,326.96, 438.5804
526769,7.2959,0.003216,310.96, 438.5807
526770,7.2988,0.003041,328.89, 438.5801
526771,7.3018,0.003030,329.99, 438.5807
526772,7.3047,0.002942,339.88, 438.5807
526773,7.3076,0.003051,327.80, 438.5807
526774,7.3105,0.003033,329.70, 438.5801
526775,7.3140,0.003007,332.59, 438.5807
526776,7.3169,0.002950,338.98, 438.5801
526777,7.3198,0.003025,330.62, 438.5804
526778,7.3228,0.002978,335.83, 438.5807
526779,7.3257,0.003045,328.45, 438.5807
526780,7.3286,0.003012,331.98, 438.5801
526781,7.3320,0.003040,328.90, 438.5807
526782,7.3350,0.002950,339.04, 438.5801
526783,7.3379,0.003014,331.74, 438.5807
526784,7.3408,0.003045,328.42, 438.5801
526785,7.3438,0.003035,329.50, 438.5807
526786,7.3467,0.002977,335.95, 438.5801
526787,7.3501,0.003010,332.24, 438.5807
526788,7.3530,0.002964,337.36, 438.5801
526789,7.3560,0.003092,323.44, 438.5801
526790,7.3589,0.002990,334.46, 438.5801
526791,7.3618,0.003004,332.85, 438.5807
526792,7.3647,0.002941,339.97, 438.5801
526793,7.3682,0.003062,326.57, 438.5807
526794,7.3711,0.002981,335.50, 438.5801
526795,7.3740,0.003076,325.13, 438.5807
526796,7.3770,0.002914,343.19, 438.5807
526797,7.3799,0.003021,331.05, 438.5804
526798,7.3828,0.002884,346.70, 438.5807
526799,7.3857,0.003080,324.72, 438.5807
526800,7.3887,0.002986,334.95, 438.5807
526801,7.3921,0.003023,330.75, 438.5804
526802,7.3950,0.002910,343.61, 438.5807
526803,7.3979,0.003024,330.70, 438.5807
526804,7.4009,0.002922,342.28, 438.5807
526805,7.4038,0.003033,329.67, 438.5804
526806,7.4067,0.002913,343.24, 438.5807
526807,7.4097,0.003023,330.83, 438.5807
526808,7.4126,0.002935,340.72, 438.5804
526809,7.4160,0.003187,313.82, 438.5804
526810,7.4189,0.003019,331.28, 438.5804
526811,7.4219,0.003016,331.62, 438.5807
526812,7.4248,0.002923,342.17, 438.5807
526813,7.4277,0.003009,332.33, 438.5807
526814,7.4307,0.002962,337.60, 438.5807
526815,7.4336,0.003059,326.88, 438.5804
526816,7.4370,0.002952,338.71, 438.5807
526817,7.4399,0.002997,333.71, 438.5804
526818,7.4429,0.002873,348.02, 438.5807
526819,7.4458,0.002965,337.22, 438.5807
526820,7.4487,0.002939,340.22, 438.5807
526821,7.4517,0.002985,335.06, 438.5807
526822,7.4546,0.002964,337.38, 438.5807
526823,7.4575,0.002979,335.68, 438.5855
526824,7.4604,0.002933,340.96, 438.5804
526825,7.4634,0.003024,330.68, 438.5801
526826,7.4663,0.003010,332.25, 438.5807
526827,7.4692,0.002997,333.64, 438.5807
526828,7.4722,0.002918,342.71, 438.5807
526829,7.4756,0.002999,333.50, 438.5804
526830,7.4785,0.002967,337.00, 438.5807
526831,7.4814,0.002944,339.65, 438.5807
526832,7.4844,0.002952,338.74, 438.5807
526833,7.4873,0.002979,335.68, 438.5804
526834,7.4902,0.002942,339.95, 438.5807
526835,7.4932,0.002943,339.75, 438.5807
526836,7.4961,0.003159,316.57, 438.5807
526837,7.4995,0.003111,321.45, 438.5804
526838,7.5024,0.003076,325.09, 438.5825
526839,7.5054,0.002935,340.77, 438.5807
526840,7.5083,0.003078,324.87, 438.5885
526841,7.5112,0.002954,338.58, 438.5807
526842,7.5142,0.002961,337.70, 438.5807
526843,7.5171,0.002928,341.59, 438.5835
526844,7.5205,0.002981,335.42, 438.5807
526845,7.5234,0.002945,339.51, 438.5807
526846,7.5264,0.003044,328.53, 438.5804
526847,7.5293,0.002982,335.31, 438.5807
526848,7.5322,0.003030,330.04, 438.5804
526849,7.5352,0.002981,335.45, 438.5801
526850,7.5381,0.003023,330.80, 438.5807
526851,7.5415,0.003148,317.66, 438.5807
526852,7.5449,0.003316,301.58, 438.5801
526853,7.5479,0.003173,315.17, 438.5807
526854,7.5513,0.003269,305.91, 438.5804
526855,7.5547,0.003438,290.85, 438.5801
526856,7.5581,0.003615,276.64, 438.5801
526857,7.5620,0.003680,271.72, 438.5807
526858,7.5649,0.003240,308.65, 438.5801
526859,7.5684,0.003242,308.42, 438.5807
526860,7.5713,0.003041,328.80, 438.5801
526861,7.5747,0.003074,325.36, 438.5804
526862,7.5776,0.003079,324.80, 438.5801
526863,7.5806,0.003096,322.99, 438.5807
526864,7.5835,0.003020,331.11, 438.5804
526865,7.5869,0.003148,317.70, 438.5801
526866,7.5898,0.003082,324.50, 438.5804
526867,7.5928,0.003037,329.24, 438.5807
526868,7.5962,0.002974,336.28, 438.5804
526869,7.5991,0.003049,327.94, 438.5807
526870,7.6021,0.002921,342.36, 438.5807
526871,7.6050,0.003095,323.09, 438.5807
526872,7.6079,0.003001,333.21, 438.5801
526873,7.6108,0.002983,335.21, 438.5807
526874,7.6138,0.002989,334.56, 438.5804
526875,7.6172,0.003113,321.25, 438.5807
526876,7.6201,0.002993,334.08, 438.5801
526877,7.6230,0.002999,333.50, 438.5804
526878,7.6260,0.002908,343.94, 438.5804
526879,7.6289,0.003061,326.65, 438.5807
526880,7.6318,0.002835,352.76, 438.5825
526881,7.6348,0.003030,330.05, 438.5807
526882,7.6377,0.002943,339.77, 438.5807
526883,7.6411,0.003007,332.55, 438.5807
526884,7.6436,0.002909,343.73, 438.5807
526885,7.6470,0.002984,335.11, 438.5807
526886,7.6499,0.002899,344.91, 438.5807
526887,7.6528,0.003244,308.22, 438.5801
526888,7.6558,0.002991,334.39, 438.5801
526889,7.6592,0.003124,320.14, 438.5807
526890,7.6621,0.002954,338.50, 438.5807
526891,7.6650,0.003077,325.00, 438.5804
526892,7.6680,0.002955,338.44, 438.5807
526893,7.6709,0.003036,329.34, 438.5801
526894,7.6743,0.003175,314.93, 438.5807
526895,7.6772,0.003107,321.91, 438.5807
526896,7.6802,0.002925,341.94, 438.5801
526897,7.6831,0.003033,329.67, 438.5804
526898,7.6865,0.003004,332.88, 438.5801
526899,7.6895,0.003012,331.99, 438.5807
526900,7.6924,0.002920,342.49, 438.5801
526901,7.6953,0.003046,328.26, 438.5807
526902,7.6982,0.003035,329.54, 438.5801
526903,7.7012,0.003109,321.70, 438.5807
526904,7.7046,0.002984,335.12, 438.5804
526905,7.7075,0.003245,308.18, 438.5807
526906,7.7104,0.002877,347.63, 438.5807
526907,7.7134,0.003032,329.80, 438.5807
526908,7.7168,0.003049,327.97, 438.5804
526909,7.7197,0.003087,323.95, 438.5807
526910,7.7227,0.002922,342.18, 438.5807
526911,7.7256,0.003045,328.44, 438.5807
526912,7.7285,0.002908,343.84, 438.5807
526913,7.7319,0.003148,317.64, 438.5801
526914,7.7349,0.003049,328.02, 438.5804
526915,7.7378,0.003049,328.00, 438.5807
526916,7.7407,0.002904,344.36, 438.5807
526917,7.7437,0.002984,335.08, 438.5804
526918,7.7466,0.003089,323.69, 438.5807
526919,7.7500,0.003080,324.73, 438.5807
526920,7.7529,0.002957,338.15, 438.5804
526921,7.7559,0.002976,336.04, 438.5807
526922,7.7588,0.002892,345.84, 438.5807
526923,7.7617,0.002999,333.46, 438.5807
526924,7.7646,0.002955,338.47, 438.5807
526925,7.7676,0.002991,334.30, 438.5807
526926,7.7705,0.002930,341.36, 438.5807
526927,7.7734,0.003003,333.04, 438.5807
526928,7.7764,0.002928,341.55, 438.5850
526929,7.7793,0.002999,333.41, 438.5807
526930,7.7822,0.002956,338.30, 438.5807
526931,7.7856,0.002977,335.90, 438.5807
526932,7.7886,0.002981,335.51, 438.5804
526933,7.7915,0.003033,329.70, 438.5807
526934,7.7944,0.002987,334.77, 438.5807
526935,7.7974,0.002961,337.74, 438.5934
526936,7.8003,0.002967,337.05, 438.5807
526937,7.8032,0.002935,340.73, 438.5801
526938,7.8062,0.002957,338.24, 438.5807
526939,7.8091,0.002977,335.97, 438.5807
526940,7.8120,0.002973,336.35, 438.5807
526941,7.8149,0.002924,342.03, 438.5801
526942,7.8179,0.002980,335.57, 438.5807
526943,7.8208,0.002941,339.97, 438.5807
526944,7.8242,0.002964,337.34, 438.5807
526945,7.8271,0.002941,339.97, 438.5807
526946,7.8301,0.002958,338.08, 438.5804
526947,7.8330,0.002952,338.80, 438.5807
526948,7.8359,0.003012,331.96, 438.5807
526949,7.8389,0.002973,336.36, 438.5804
526950,7.8418,0.003003,332.97, 438.5807
526951,7.8447,0.002890,345.98, 438.5895
526952,7.8477,0.003012,331.98, 438.5801
526953,7.8506,0.002870,348.47, 438.5807
526954,7.8535,0.003027,330.34, 438.5807
526955,7.8564,0.003018,331.40, 438.5807
526956,7.8599,0.003058,327.00, 438.5804
526957,7.8628,0.002893,345.66, 438.5807
526958,7.8657,0.003023,330.83, 438.5807
526959,7.8687,0.002923,342.14, 438.5807
526960,7.8716,0.003017,331.50, 438.5807
526961,7.8745,0.003019,331.24, 438.5801
526962,7.8774,0.003025,330.56, 438.5816
526963,7.8804,0.002937,340.47, 438.5807
526964,7.8838,0.003050,327.85, 438.5807
526965,7.8867,0.003036,329.35, 438.5807
526966,7.8896,0.003235,309.13, 438.5801
526967,7.8931,0.002986,334.90, 438.5807
526968,7.8960,0.003043,328.60, 438.5804
526969,7.8989,0.002946,339.50, 438.5804
526970,7.9019,0.003065,326.24, 438.5807
526971,7.9048,0.003002,333.08, 438.5807
526972,7.9082,0.003048,328.13, 438.5804
526973,7.9106,0.002892,345.73, 438.5807
526974,7.9141,0.003024,330.74, 438.5804
526975,7.9170,0.002970,336.69, 438.5807
526976,7.9199,0.003060,326.83, 438.5801
526977,7.9229,0.002949,339.11, 438.5807
526978,7.9258,0.003003,333.01, 438.5807
526979,7.9287,0.002995,333.90, 438.5807
526980,7.9316,0.002996,333.78, 438.5804
526981,7.9351,0.003115,320.99, 438.5804
526982,7.9385,0.003276,305.21, 438.5804
526983,7.9414,0.003027,330.37, 438.5807
526984,7.9443,0.003017,331.49, 438.5804
526985,7.9473,0.002959,337.94, 438.5807
526986,7.9502,0.003002,333.11, 438.5807
526987,7.9531,0.002986,334.87, 438.5807
526988,7.9561,0.002974,336.28, 438.5804
526989,7.9590,0.002940,340.14, 438.5804
526990,7.9619,0.002948,339.19, 438.5807
526991,7.9648,0.002963,337.55, 438.5807
526992,7.9683,0.003006,332.62, 438.5801
526993,7.9712,0.002964,337.35, 438.5807
526994,7.9741,0.003042,328.73, 438.5807
526995,7.9771,0.002959,337.95, 438.5807
526996,7.9800,0.002989,334.56, 438.5801
526997,7.9829,0.002977,335.89, 438.5804
526998,7.9858,0.003027,330.38, 438.5804
526999,7.9893,0.003011,332.13, 438.5807
527000,7.9922,0.002929,341.37, 438.5807
527001,7.9951,0.002984,335.17, 438.5807
527002,7.9980,0.002998,333.54, 438.5807
527003,8.0010,0.002987,334.75, 438.5807
527004,8.0039,0.002990,334.48, 438.5804
527005,8.0068,0.002994,333.96, 438.5804
527006,8.0098,0.002941,340.02, 438.5807
527007,8.0132,0.003085,324.20, 438.5807
527008,8.0161,0.003133,319.19, 438.5801
527009,8.0190,0.003127,319.81, 438.5804
527010,8.0225,0.003104,322.12, 438.5801
527011,8.0254,0.003124,320.14, 438.5807
527012,8.0288,0.003182,314.30, 438.5801
527013,8.0317,0.003148,317.69, 438.5804
527014,8.0352,0.003194,313.08, 438.5804
527015,8.0381,0.003299,303.09, 438.5804
527016,8.0415,0.003208,311.69, 438.5801
527017,8.0444,0.003033,329.70, 438.5905
527018,8.0479,0.003153,317.16, 438.5807
527019,8.0508,0.003103,322.27, 438.5807
527020,8.0537,0.003133,319.22, 438.5804
527021,8.0571,0.003077,324.99, 438.5804
527022,8.0601,0.003184,314.11, 438.5804
527023,8.0635,0.003166,315.85, 438.5801
527024,8.0664,0.003234,309.24, 438.5801
527025,8.0698,0.003044,328.53, 438.6079
527026,8.0728,0.003199,312.65, 438.5804
527027,8.0762,0.003180,314.48, 438.5801
527028,8.0791,0.003205,312.06, 438.5801
527029,8.0825,0.003160,316.51, 438.5804
527030,8.0854,0.003146,317.91, 438.5804
527031,8.0884,0.003138,318.71, 438.5804
527032,8.0918,0.003145,317.97, 438.5801
527033,8.0947,0.003155,316.97, 438.5804
527034,8.0981,0.003173,315.12, 438.5804
527035,8.1011,0.003150,317.47, 438.5807
527036,8.1045,0.003112,321.36, 438.5905
527037,8.1074,0.003194,313.08, 438.5801
527038,8.1108,0.003168,315.67, 438.5801
527039,8.1138,0.003082,324.48, 438.5804
527040,8.1167,0.003050,327.92, 438.5807
527041,8.1201,0.003045,328.41, 438.5807
527042,8.1230,0.003075,325.26, 438.5807
527043,8.1260,0.003228,309.79, 438.5807
527044,8.1294,0.003013,331.92, 438.5807
527045,8.1323,0.003057,327.09, 438.5807
527046,8.1353,0.002950,339.04, 438.5807
527047,8.1382,0.003045,328.45, 438.5807
527048,8.1411,0.002943,339.77, 438.5804
527049,8.1440,0.002937,340.45, 438.5801
527050,8.1470,0.002957,338.16, 438.5807
527051,8.1499,0.003001,333.22, 438.5801
527052,8.1533,0.003025,330.57, 438.5804
527053,8.1563,0.003003,332.99, 438.5801
527054,8.1592,0.002952,338.76, 438.5807
527055,8.1621,0.002976,335.99, 438.5801
527056,8.1650,0.002936,340.59, 438.5807
527057,8.1680,0.002974,336.29, 438.5801
527058,8.1709,0.002961,337.74, 438.5940
527059,8.1738,0.002956,338.33, 438.5804
527060,8.1768,0.002971,336.64, 438.5807
527061,8.1797,0.002916,342.97, 438.5804
527062,8.1826,0.003009,332.33, 438.5807
527063,8.1855,0.002992,334.20, 438.5807
527064,8.1890,0.003036,329.44, 438.5807
527065,8.1919,0.002955,338.41, 438.5804
527066,8.1948,0.003026,330.43, 438.5807
527067,8.1978,0.003010,332.18, 438.5825
527068,8.2007,0.003061,326.68, 438.5804
527069,8.2036,0.002949,339.09, 438.5804
527070,8.2070,0.003010,332.25, 438.5804
527071,8.2100,0.002955,338.36, 438.5807
527072,8.2129,0.003045,328.46, 438.5807
527073,8.2158,0.002987,334.77, 438.5804
527074,8.2188,0.003083,324.40, 438.5804
527075,8.2222,0.003042,328.73, 438.5801
527076,8.2251,0.003016,331.62, 438.5801
527077,8.2280,0.002974,336.21, 438.5801
527078,8.2310,0.002980,335.54, 438.5807
527079,8.2339,0.002988,334.67, 438.5801
527080,8.2368,0.003036,329.36, 438.5804
527081,8.2397,0.002917,342.88, 438.5804
527082,8.2427,0.003039,329.04, 438.5807
527083,8.2456,0.002932,341.12, 438.5807
527084,8.2490,0.003031,329.88, 438.5804
527085,8.2520,0.002902,344.54, 438.5816
527086,8.2549,0.003025,330.58, 438.5807
527087,8.2578,0.002939,340.21, 438.5807
527088,8.2607,0.003012,332.04, 438.5807
527089,8.2637,0.002879,347.34, 438.5801
527090,8.2666,0.003002,333.13, 438.5807
527091,8.2695,0.002936,340.60, 438.5801
527092,8.2725,0.003017,331.48, 438.5801
527093,8.2754,0.002944,339.63, 438.5801
527094,8.2788,0.003088,323.79, 438.5801
527095,8.2817,0.003101,322.49, 438.5807
527096,8.2847,0.003043,328.60, 438.5807
527097,8.2876,0.002979,335.68, 438.5807
527098,8.2905,0.002989,334.52, 438.5804
527099,8.2935,0.002966,337.19, 438.5807
527100,8.2969,0.003014,331.79, 438.5801
527101,8.2998,0.002909,343.77, 438.5807
527102,8.3027,0.002962,337.58, 438.5816
527103,8.3057,0.002999,333.50, 438.5807
527104,8.3086,0.002987,334.77, 438.5807
527105,8.3115,0.002986,334.86, 438.5807
527106,8.3145,0.003107,321.90, 438.5804
527107,8.3179,0.003045,328.46, 438.5807
527108,8.3208,0.002998,333.57, 438.5807
527109,8.3237,0.003012,332.05, 438.5807
527110,8.3267,0.002984,335.10, 438.5804
527111,8.3296,0.002935,340.68, 438.5825
527112,8.3325,0.002994,334.01, 438.5807
527113,8.3354,0.002982,335.31, 438.5807
527114,8.3384,0.002954,338.49, 438.5804
527115,8.3418,0.003170,315.45, 438.5804
527116,8.3447,0.003016,331.60, 438.5804
527117,8.3477,0.002958,338.05, 438.5807
527118,8.3506,0.002920,342.45, 438.5807
527119,8.3535,0.003008,332.42, 438.5807
527120,8.3564,0.003052,327.70, 438.5807
527121,8.3599,0.003140,318.47, 438.5801
527122,8.3628,0.003233,309.34, 438.5801
527123,8.3662,0.002981,335.45, 438.5816
527124,8.3691,0.003014,331.74, 438.5825
527125,8.3721,0.002978,335.80, 438.5807
527126,8.3750,0.002988,334.63, 438.5807
527127,8.3779,0.003021,331.03, 438.5807
527128,8.3809,0.002963,337.53, 438.5804
527129,8.3838,0.002969,336.80, 438.5807
527130,8.3867,0.002967,337.01, 438.5804
527131,8.3896,0.002976,335.99, 438.5807
527132,8.3931,0.002988,334.64, 438.5807
527133,8.3960,0.002990,334.40, 438.5804
527134,8.3989,0.002922,342.27, 438.5804
527135,8.4019,0.003001,333.23, 438.5807
527136,8.4048,0.002920,342.50, 438.5807
527137,8.4077,0.003081,324.55, 438.5807
527138,8.4106,0.002987,334.74, 438.5807
527139,8.4136,0.003015,331.65, 438.5807
527140,8.4170,0.003036,329.40, 438.5801
527141,8.4199,0.003142,318.28, 438.5807
527142,8.4229,0.003056,327.18, 438.5801
527143,8.4263,0.003016,331.55, 438.5807
527144,8.4292,0.002937,340.52, 438.5807
527145,8.4321,0.002941,339.97, 438.5807
527146,8.4351,0.002923,342.13, 438.5804
527147,8.4380,0.003084,324.22, 438.5807
527148,8.4409,0.002949,339.09, 438.5807
527149,8.4438,0.002998,333.59, 438.5804
527150,8.4468,0.002931,341.18, 438.5804
527151,8.4497,0.003027,330.39, 438.5807
527152,8.4526,0.003008,332.44, 438.5804
527153,8.4561,0.003046,328.30, 438.5804
527154,8.4590,0.003064,326.40, 438.5804
527155,8.4619,0.003148,317.67, 438.5807
527156,8.4648,0.002941,339.99, 438.5801
527157,8.4683,0.003119,320.58, 438.5804
527158,8.4712,0.003019,331.20, 438.5801
527159,8.4741,0.003071,325.67, 438.5807
527160,8.4771,0.002953,338.70, 438.5807
527161,8.4800,0.002990,334.43, 438.5807
527162,8.4829,0.002959,337.99, 438.5804
527163,8.4863,0.003095,323.11, 438.5807
527164,8.4893,0.002964,337.37, 438.5807
527165,8.4922,0.003061,326.72, 438.5807
527166,8.4951,0.002956,338.35, 438.5807
527167,8.4985,0.003108,321.73, 438.5801
527168,8.5015,0.002913,343.25, 438.5804
527169,8.5044,0.003038,329.20, 438.5801
527170,8.5073,0.002934,340.83, 438.5804
527171,8.5103,0.003106,321.97, 438.5807
527172,8.5132,0.002972,336.53, 438.5801
527173,8.5161,0.003047,328.20, 438.5801
527174,8.5190,0.002945,339.57, 438.5801
527175,8.5225,0.003012,332.01, 438.5807
527176,8.5254,0.002883,346.87, 438.5807
527177,8.5283,0.003040,328.99, 438.5807
527178,8.5313,0.002986,334.86, 438.5807
527179,8.5347,0.003427,291.77, 438.5804
527180,8.5376,0.003189,313.55, 438.5801
527181,8.5410,0.003143,318.22, 438.5801
527182,8.5444,0.003369,296.80, 438.5801
527183,8.5483,0.003922,254.98, 438.5801
527184,8.5518,0.003567,280.32, 438.5804
527185,8.5552,0.003408,293.46, 438.5801
527186,8.5586,0.003312,301.92, 438.5804
527187,8.5615,0.002961,337.74, 438.5807
527188,8.5645,0.003134,319.05, 438.5801
527189,8.5674,0.002981,335.51, 438.5807
527190,8.5708,0.003188,313.68, 438.5807
527191,8.5737,0.003133,319.14, 438.5807
527192,8.5771,0.003076,325.13, 438.5807
527193,8.5801,0.002966,337.20, 438.5825
527194,8.5830,0.003080,324.70, 438.5807
527195,8.5859,0.002969,336.87, 438.5807
527196,8.5889,0.003039,329.02, 438.5801
527197,8.5918,0.002883,346.81, 438.5807
527198,8.5952,0.003092,323.42, 438.5807
527199,8.5981,0.002943,339.74, 438.5807
527200,8.6011,0.003003,332.99, 438.5807
527201,8.6040,0.002954,338.54, 438.5807
527202,8.6069,0.003011,332.14, 438.5807
527203,8.6099,0.002918,342.65, 438.5807
527204,8.6128,0.002999,333.49, 438.5807
527205,8.6157,0.002931,341.13, 438.5807
527206,8.6187,0.003062,326.63, 438.5804
527207,8.6221,0.003008,332.40, 438.5807
527208,8.6250,0.003021,331.03, 438.5804
527209,8.6279,0.002985,334.99, 438.5807
527210,8.6309,0.003082,324.42, 438.5807
527211,8.6338,0.002945,339.52, 438.5807
527212,8.6367,0.003004,332.87, 438.5807
527213,8.6396,0.002934,340.81, 438.5807
527214,8.6431,0.003048,328.07, 438.5807
527215,8.6460,0.002971,336.55, 438.5807
527216,8.6489,0.003008,332.49, 438.5804
527217,8.6519,0.002930,341.30, 438.5807
527218,8.6548,0.003012,332.05, 438.5807
527219,8.6577,0.002931,341.24, 438.5807
527220,8.6606,0.002962,337.67, 438.5801
527221,8.6636,0.003006,332.69, 438.5807
527222,8.6665,0.003034,329.59, 438.5807
527223,8.6699,0.002981,335.44, 438.5807
527224,8.6729,0.002978,335.84, 438.5807
527225,8.6758,0.003017,331.41, 438.5804
527226,8.6787,0.003073,325.44, 438.5807
527227,8.6816,0.003056,327.20, 438.5807
527228,8.6851,0.002970,336.76, 438.5807
527229,8.6880,0.003096,322.97, 438.5807
527230,8.6909,0.002994,334.06, 438.5807
527231,8.6938,0.003006,332.62, 438.5807
527232,8.6968,0.002985,335.01, 438.5804
527233,8.6997,0.002936,340.60, 438.5807
527234,8.7026,0.002948,339.17, 438.5807
527235,8.7061,0.003061,326.70, 438.5807
527236,8.7090,0.002959,337.94, 438.5804
527237,8.7119,0.002956,338.35, 438.5807
527238,8.7148,0.002958,338.09, 438.5807
527239,8.7178,0.003010,332.28, 438.5807
527240,8.7207,0.002940,340.09, 438.5804
527241,8.7236,0.002970,336.66, 438.5808
527242,8.7266,0.002950,338.97, 438.5807
527243,8.7295,0.002988,334.63, 438.5807
527244,8.7324,0.002921,342.30, 438.5804
527245,8.7354,0.003081,324.58, 438.5801
527246,8.7388,0.003121,320.42, 438.5807
527247,8.7417,0.003036,329.41, 438.5807
527248,8.7446,0.002915,343.06, 438.5804
527249,8.7476,0.002992,334.22, 438.5807
527250,8.7505,0.003012,331.97, 438.5807
527251,8.7539,0.003149,317.57, 438.5807
527252,8.7568,0.003008,332.46, 438.5801
527253,8.7598,0.003026,330.48, 438.5807
527254,8.7627,0.002964,337.43, 438.5804
527255,8.7656,0.003057,327.16, 438.5807
527256,8.7690,0.003014,331.79, 438.5804
527257,8.7720,0.003028,330.23, 438.5807
527258,8.7749,0.003001,333.22, 438.5807
527259,8.7778,0.003052,327.62, 438.5807
527260,8.7808,0.002931,341.17, 438.5807
527261,8.7837,0.003045,328.40, 438.5807
527262,8.7871,0.002965,337.30, 438.5807
527263,8.7900,0.002998,333.56, 438.5807
527264,8.7930,0.002908,343.90, 438.5807
527265,8.7959,0.003113,321.20, 438.5807
527266,8.7988,0.002924,341.95, 438.5807
527267,8.8018,0.003013,331.88, 438.5807
527268,8.8047,0.002909,343.76, 438.5804
527269,8.8076,0.003059,326.89, 438.5804
527270,8.8105,0.002892,345.83, 438.5807
527271,8.8140,0.003034,329.59, 438.5807
527272,8.8169,0.002909,343.82, 438.5804
527273,8.8198,0.003012,332.05, 438.5807
527274,8.8228,0.002906,344.08, 438.5807
527275,8.8257,0.003008,332.50, 438.5804
527276,8.8286,0.002934,340.83, 438.5807
527277,8.8315,0.003043,328.60, 438.5801
527278,8.8345,0.002957,338.15, 438.5807
527279,8.8374,0.003027,330.36, 438.5801
527280,8.8403,0.002884,346.79, 438.5807
527281,8.8433,0.002973,336.35, 438.5801
527282,8.8462,0.002959,337.93, 438.5807
527283,8.8496,0.003011,332.16, 438.5807
527284,8.8525,0.002953,338.63, 438.5804
527285,8.8555,0.003051,327.82, 438.5807
527286,8.8584,0.003019,331.27, 438.5807
527287,8.8613,0.003035,329.45, 438.5807
527288,8.8643,0.002971,336.64, 438.5807
527289,8.8672,0.003007,332.55, 438.5807
527290,8.8706,0.002973,336.41, 438.5807
527291,8.8735,0.002984,335.10, 438.5807
527292,8.8765,0.002948,339.24, 438.5807
527293,8.8794,0.003029,330.16, 438.5807
527294,8.8823,0.002966,337.20, 438.5807
527295,8.8853,0.002940,340.18, 438.5807
527296,8.8882,0.003110,321.60, 438.5804
527297,8.8911,0.002956,338.35, 438.5807
527298,8.8945,0.002990,334.50, 438.5804
527299,8.8975,0.002962,337.56, 438.5807
527300,8.9004,0.002963,337.45, 438.5807
527301,8.9033,0.002936,340.59, 438.5807
527302,8.9063,0.003076,325.11, 438.5807
527303,8.9092,0.003056,327.21, 438.5807
527304,8.9121,0.002994,334.02, 438.5804
527305,8.9150,0.002964,337.44, 438.5807
527306,8.9185,0.003108,321.74, 438.5825
527307,8.9214,0.002953,338.64, 438.5807
527308,8.9243,0.003053,327.57, 438.5807
527309,8.9272,0.002974,336.30, 438.5804
527310,8.9302,0.002981,335.48, 438.5807
527311,8.9331,0.002953,338.59, 438.5807
527312,8.9365,0.003012,332.04, 438.5807
527313,8.9395,0.003271,305.69, 438.5801
527314,8.9434,0.004033,247.97, 438.5804
527315,8.9468,0.003158,316.63, 438.5807
527316,8.9497,0.002910,343.68, 438.5807
527317,8.9526,0.003015,331.69, 438.5801
527318,8.9556,0.003077,324.96, 438.5807
527319,8.9585,0.002987,334.76, 438.5807
527320,8.9619,0.002969,336.80, 438.5807
527321,8.9648,0.003021,330.98, 438.5801
527322,8.9678,0.002962,337.60, 438.5807
527323,8.9707,0.002979,335.65, 438.5807
527324,8.9736,0.002953,338.68, 438.5807
527325,8.9766,0.002970,336.71, 438.5801
527326,8.9795,0.002993,334.17, 438.5807
527327,8.9824,0.003019,331.25, 438.6021
527328,8.9858,0.003023,330.82, 438.5807
527329,8.9888,0.003077,325.02, 438.5801
527330,8.9917,0.002963,337.53, 438.5807
527331,8.9946,0.002998,333.53, 438.5801
527332,8.9976,0.002991,334.30, 438.5807
527333,9.0005,0.002979,335.65, 438.5801
527334,9.0034,0.002996,333.78, 438.5807
527335,9.0063,0.002965,337.25, 438.5807
527336,9.0098,0.002946,339.43, 438.5807
527337,9.0127,0.002959,338.01, 438.5807
527338,9.0156,0.002970,336.67, 438.5807
527339,9.0186,0.002953,338.64, 438.5807
527340,9.0215,0.002994,334.00, 438.5807
527341,9.0244,0.003045,328.40, 438.5801
527342,9.0273,0.003089,323.78, 438.5807
527343,9.0308,0.003065,326.22, 438.5804
527344,9.0337,0.003198,312.73, 438.5804
527345,9.0366,0.002984,335.12, 438.5807
527346,9.0396,0.002985,335.04, 438.5807
527347,9.0425,0.002941,340.08, 438.5807
527348,9.0459,0.002960,337.85, 438.5807
527349,9.0488,0.003036,329.40, 438.5801
527350,9.0518,0.003041,328.87, 438.5807
527351,9.0547,0.002964,337.38, 438.5807
527352,9.0576,0.002992,334.18, 438.5807
527353,9.0605,0.002935,340.68, 438.5804
527354,9.0635,0.003048,328.14, 438.5807
527355,9.0669,0.002965,337.27, 438.5804
527356,9.0698,0.003037,329.32, 438.6432
527357,9.0728,0.002949,339.10, 438.5801
527358,9.0757,0.003014,331.82, 438.5807
527359,9.0786,0.002961,337.69, 438.5807
527360,9.0815,0.003029,330.11, 438.5807
527361,9.0845,0.002910,343.60, 438.5801
527362,9.0874,0.003078,324.85, 438.5804
527363,9.0903,0.002924,342.00, 438.5804
527364,9.0938,0.003032,329.78, 438.5807
527365,9.0967,0.002952,338.78, 438.5804
527366,9.0996,0.003101,322.50, 438.5804
527367,9.1025,0.002882,346.99, 438.5909
527368,9.1055,0.003025,330.56, 438.5804
527369,9.1084,0.002911,343.50, 438.5807
527370,9.1113,0.003022,330.86, 438.5807
527371,9.1143,0.002922,342.28, 438.5807
527372,9.1172,0.003022,330.94, 438.5807
527373,9.1201,0.002905,344.19, 438.5807
527374,9.1235,0.002989,334.62, 438.5804
527375,9.1265,0.002982,335.39, 438.5807
527376,9.1294,0.003052,327.65, 438.5804
527377,9.1323,0.002918,342.72, 438.5807
527378,9.1353,0.003063,326.45, 438.5807
527379,9.1382,0.002940,340.12, 438.5807
527380,9.1411,0.002976,336.07, 438.5801
527381,9.1440,0.002896,345.32, 438.5807
527382,9.1470,0.003003,333.06, 438.5804
527383,9.1499,0.002916,342.94, 438.5807
527384,9.1533,0.003008,332.40, 438.5807
527385,9.1563,0.002976,336.08, 438.5807
527386,9.1592,0.003020,331.13, 438.5807
527387,9.1621,0.002937,340.54, 438.5807
527388,9.1650,0.002988,334.64, 438.5835
527389,9.1680,0.003079,324.74, 438.5807
527390,9.1709,0.002992,334.28, 438.5807
527391,9.1743,0.003132,319.25, 438.5804
527392,9.1772,0.003195,312.97, 438.5807
527393,9.1802,0.002999,333.46, 438.5807
527394,9.1836,0.003009,332.35, 438.5807
527395,9.1865,0.002982,335.36, 438.5807
527396,9.1895,0.002995,333.86, 438.5804
527397,9.1924,0.003061,326.67, 438.5807
527398,9.1953,0.003002,333.09, 438.5807
527399,9.1982,0.002925,341.88, 438.5816
527400,9.2012,0.002969,336.78, 438.5807
527401,9.2041,0.002969,336.83, 438.5807
527402,9.2085,0.004149,241.00, 438.5801
527403,9.2114,0.003157,316.75, 438.5807
527404,9.2148,0.003035,329.54, 438.5807
527405,9.2178,0.002989,334.59, 438.5804
527406,9.2207,0.003037,329.28, 438.5807
527407,9.2236,0.002954,338.55, 438.5807
527408,9.2266,0.002989,334.59, 438.5807
527409,9.2295,0.002929,341.45, 438.5807
527410,9.2324,0.003040,328.90, 438.5807
527411,9.2354,0.002943,339.82, 438.5825
527412,9.2383,0.002973,336.42, 438.5804
527413,9.2412,0.002905,344.19, 438.5807
527414,9.2441,0.002972,336.51, 438.5807
527415,9.2476,0.002973,336.32, 438.5807
527416,9.2505,0.003008,332.46, 438.5804
527417,9.2534,0.003173,315.12, 438.5807
527418,9.2568,0.003077,324.97, 438.5807
527419,9.2598,0.002918,342.72, 438.5807
527420,9.2627,0.002994,333.97, 438.5807
527421,9.2656,0.002935,340.69, 438.5807
527422,9.2686,0.003029,330.19, 438.5801
527423,9.2715,0.002941,340.08, 438.5807
527424,9.2744,0.002953,338.63, 438.5807
527425,9.2773,0.002995,333.88, 438.5804
527426,9.2803,0.002963,337.55, 438.5807
527427,9.2832,0.002985,335.02, 438.5807
527428,9.2861,0.002966,337.20, 438.5835
527429,9.2891,0.002975,336.13, 438.5807
527430,9.2920,0.002967,337.03, 438.5807
527431,9.2954,0.003089,323.74, 438.5807
527432,9.2983,0.002981,335.44, 438.5801
527433,9.3013,0.002995,333.95, 438.5807
527434,9.3042,0.002919,342.58, 438.5807
527435,9.3071,0.002998,333.58, 438.5807
527436,9.3101,0.003008,332.42, 438.5804
527437,9.3130,0.002987,334.84, 438.5807
527438,9.3164,0.003057,327.16, 438.5807
527439,9.3193,0.003102,322.33, 438.5807
527440,9.3223,0.003034,329.55, 438.5807
527441,9.3252,0.002984,335.15, 438.5807
527442,9.3281,0.002955,338.38, 438.5804
527443,9.3315,0.002966,337.13, 438.5807
527444,9.3345,0.002953,338.60, 438.5804
527445,9.3374,0.003053,327.51, 438.5807
527446,9.3403,0.003038,329.13, 438.5807
527447,9.3433,0.002974,336.28, 438.5807
527448,9.3462,0.002947,339.31, 438.5801
527449,9.3491,0.002998,333.58, 438.5807
527450,9.3521,0.002972,336.46, 438.5807
527451,9.3555,0.003018,331.37, 438.5807
527452,9.3584,0.002959,337.92, 438.5807
527453,9.3613,0.003037,329.33, 438.5807
527454,9.3643,0.002994,333.96, 438.5804
527455,9.3672,0.003088,323.88, 438.5807
527456,9.3701,0.002957,338.16, 438.5804
527457,9.3730,0.002996,333.83, 438.5807
527458,9.3765,0.002986,334.90, 438.5801
527459,9.3794,0.003026,330.49, 438.5807
527460,9.3823,0.002918,342.70, 438.5825
527461,9.3853,0.003041,328.86, 438.5804
527462,9.3882,0.002960,337.85, 438.5807
527463,9.3911,0.003007,332.54, 438.5807
527464,9.3945,0.003061,326.69, 438.5804
527465,9.3975,0.003074,325.30, 438.5807
527466,9.4004,0.002914,343.16, 438.5807
527467,9.4033,0.003084,324.26, 438.5807
527468,9.4063,0.002901,344.67, 438.5807
527469,9.4092,0.003019,331.29, 438.5807
527470,9.4121,0.002923,342.17, 438.5807
527471,9.4150,0.003066,326.13, 438.5804
527472,9.4180,0.002892,345.76, 438.5807
527473,9.4214,0.003175,314.96, 438.5807
527474,9.4243,0.003184,314.05, 438.5801
527475,9.4277,0.003065,326.29, 438.5825
527476,9.4307,0.002958,338.09, 438.5804
527477,9.4336,0.003022,330.94, 438.5807
527478,9.4365,0.002953,338.62, 438.5807
527479,9.4395,0.003000,333.36, 438.5807
527480,9.4424,0.002936,340.58, 438.5807
527481,9.4453,0.002998,333.60, 438.5801
527482,9.4482,0.002908,343.86, 438.5807
527483,9.4512,0.002980,335.53, 438.5807
527484,9.4541,0.002978,335.77, 438.5807
527485,9.4575,0.003009,332.33, 438.5807
527486,9.4604,0.002903,344.45, 438.5807
527487,9.4634,0.003013,331.95, 438.5807
527488,9.4663,0.003057,327.11, 438.5807
527489,9.4692,0.003023,330.83, 438.5801
527490,9.4722,0.003062,326.57, 438.5807
527491,9.4756,0.002989,334.56, 438.5807
527492,9.4785,0.002919,342.58, 438.5807
527493,9.4814,0.002947,339.32, 438.5807
527494,9.4844,0.002966,337.12, 438.5807
527495,9.4873,0.003074,325.32, 438.5807
527496,9.4902,0.002985,335.00, 438.5807
527497,9.4932,0.002999,333.43, 438.5804
527498,9.4961,0.002996,333.83, 438.5807
527499,9.4990,0.003004,332.86, 438.5807
527500,9.5024,0.003040,328.94, 438.5807
527501,9.5054,0.003015,331.65, 438.5804
527502,9.5083,0.002964,337.37, 438.5807
527503,9.5112,0.002959,337.92, 438.5807
527504,9.5142,0.002952,338.80, 438.5809
527505,9.5171,0.002977,335.89, 438.5804
527506,9.5200,0.003022,330.95, 438.5807
527507,9.5229,0.002933,340.95, 438.5807
527508,9.5264,0.003047,328.25, 438.5807
527509,9.5293,0.002941,340.08, 438.5807
527510,9.5322,0.002999,333.41, 438.5804
527511,9.5352,0.002927,341.60, 438.5845
527512,9.5381,0.003010,332.28, 438.5807
527513,9.5410,0.002908,343.87, 438.5807
527514,9.5439,0.003121,320.45, 438.5807
527515,9.5469,0.002973,336.35, 438.5825
527516,9.5503,0.003311,301.99, 438.5801
527517,9.5537,0.003234,309.23, 438.5989
527518,9.5566,0.003188,313.73, 438.5804
527519,9.5601,0.003316,301.55, 438.5807
527520,9.5630,0.003103,322.26, 438.5801
527521,9.5669,0.003514,284.55, 438.5801
527522,9.5703,0.003479,287.42, 438.5807
527523,9.5737,0.003559,280.99, 438.5801
527524,9.5767,0.003144,318.10, 438.5801
527525,9.5801,0.003075,325.24, 438.5807
527526,9.5830,0.002939,340.27, 438.5807
527527,9.5859,0.003138,318.63, 438.5807
527528,9.5889,0.003029,330.13, 438.5804
527529,9.5923,0.003035,329.45, 438.5807
527530,9.5952,0.002960,337.83, 438.5807
527531,9.5981,0.003037,329.30, 438.5807
527532,9.6011,0.002870,348.43, 438.5825
527533,9.6040,0.003036,329.42, 438.5807
527534,9.6069,0.002988,334.72, 438.5807
527535,9.6099,0.003017,331.49, 438.5807
527536,9.6128,0.002878,347.49, 438.5807
527537,9.6157,0.003044,328.47, 438.5807
527538,9.6187,0.002926,341.79, 438.5807
527539,9.6221,0.003022,330.88, 438.5807
527540,9.6250,0.002911,343.58, 438.5807
527541,9.6279,0.003068,325.93, 438.5804
527542,9.6309,0.003036,329.41, 438.5807
527543,9.6338,0.003060,326.75, 438.5804
527544,9.6367,0.002943,339.78, 438.5801
527545,9.6401,0.003039,329.10, 438.5801
527546,9.6431,0.002949,339.08, 438.5807
527547,9.6460,0.003069,325.82, 438.5807
527548,9.6489,0.002928,341.58, 438.5807
527549,9.6519,0.003030,329.99, 438.5807
527550,9.6548,0.002954,338.49, 438.5807
527551,9.6577,0.003025,330.61, 438.5804
527552,9.6611,0.003029,330.16, 438.5807
527553,9.6641,0.003023,330.85, 438.5804
527554,9.6670,0.002974,336.22, 438.5807
527555,9.6699,0.003020,331.15, 438.5807
527556,9.6729,0.002950,338.97, 438.5807
527557,9.6758,0.003063,326.49, 438.5804
527558,9.6787,0.002979,335.69, 438.5807
527559,9.6821,0.003027,330.37, 438.5807
527560,9.6851,0.002978,335.82, 438.5807
527561,9.6880,0.002987,334.84, 438.6432
527562,9.6909,0.002969,336.81, 438.5807
527563,9.6938,0.003025,330.59, 438.5804
527564,9.6968,0.002944,339.72, 438.5807
527565,9.6997,0.002971,336.62, 438.5807
527566,9.7026,0.002966,337.12, 438.5807
527567,9.7061,0.003023,330.75, 438.5807
527568,9.7090,0.003069,325.85, 438.5807
527569,9.7119,0.002997,333.64, 438.5801
527570,9.7148,0.002972,336.52, 438.5807
527571,9.7178,0.003070,325.76, 438.5807
527572,9.7207,0.002967,337.07, 438.5807
527573,9.7236,0.002931,341.19, 438.5801
527574,9.7271,0.003031,329.95, 438.5807
527575,9.7300,0.002977,335.90, 438.5807
527576,9.7329,0.002994,333.96, 438.5804
527577,9.7358,0.002957,338.23, 438.5807
527578,9.7388,0.003084,324.21, 438.5807
527579,9.7417,0.003041,328.80, 438.5804
527580,9.7451,0.002965,337.23, 438.5807
527581,9.7480,0.002943,339.84, 438.5804
527582,9.7510,0.002995,333.92, 438.5807
527583,9.7539,0.002954,338.57, 438.5807
527584,9.7568,0.003015,331.71, 438.5807
527585,9.7598,0.002939,340.23, 438.5807
527586,9.7627,0.002978,335.83, 438.5807
527587,9.7656,0.002921,342.33, 438.5807
527588,9.7686,0.003086,324.05, 438.5807
527589,9.7720,0.003043,328.60, 438.5801
527590,9.7749,0.003065,326.25, 438.5807
527591,9.7778,0.002957,338.20, 438.5807
527592,9.7808,0.002982,335.30, 438.5807
527593,9.7837,0.002918,342.65, 438.5807
527594,9.7866,0.003118,320.71, 438.5804
527595,9.7900,0.002999,333.47, 438.5807
527596,9.7930,0.003004,332.91, 438.5807
527597,9.7959,0.002936,340.65, 438.5807
527598,9.7988,0.003010,332.27, 438.5807
527599,9.8018,0.002915,343.11, 438.5807
527600,9.8047,0.003033,329.71, 438.5801
527601,9.8076,0.002927,341.60, 438.5807
527602,9.8105,0.002992,334.25, 438.5807
527603,9.8135,0.002890,346.03, 438.5807
527604,9.8164,0.003035,329.53, 438.5807
527605,9.8193,0.002945,339.51, 438.5807
527606,9.8228,0.003032,329.87, 438.5801
527607,9.8252,0.002909,343.74, 438.5807
527608,9.8286,0.003038,329.21, 438.5801
527609,9.8315,0.003001,333.20, 438.5807
527610,9.8345,0.003096,323.03, 438.5801
527611,9.8374,0.002942,339.93, 438.5807
527612,9.8408,0.003077,324.97, 438.5804
527613,9.8433,0.002882,346.96, 438.5807
527614,9.8467,0.003041,328.85, 438.5801
527615,9.8496,0.002926,341.76, 438.5807
527616,9.8525,0.002997,333.72, 438.5801
527617,9.8555,0.002959,337.94, 438.5804
527618,9.8584,0.003044,328.49, 438.5804
527619,9.8613,0.002924,342.06, 438.5804
527620,9.8643,0.002975,336.15, 438.5804
527621,9.8672,0.002941,340.07, 438.5807
527622,9.8701,0.003011,332.07, 438.5807
527623,9.8730,0.002961,337.71, 438.5807
527624,9.8765,0.003007,332.52, 438.5804
527625,9.8794,0.003091,323.53, 438.5807
527626,9.8823,0.003054,327.44, 438.5804
527627,9.8853,0.002999,333.49, 438.5807
527628,9.8882,0.002973,336.41, 438.5807
527629,9.8911,0.002922,342.21, 438.5807
527630,9.8940,0.003001,333.24, 438.5807
527631,9.8975,0.002982,335.37, 438.5807
527632,9.9004,0.003053,327.60, 438.5807
527633,9.9033,0.002963,337.54, 438.5804
527634,9.9063,0.003012,331.97, 438.5807
527635,9.9092,0.002941,340.02, 438.5807
527636,9.9121,0.002917,342.83, 438.5801
527637,9.9150,0.002958,338.03, 438.5807
527638,9.9180,0.003070,325.72, 438.5804
527639,9.9214,0.003155,316.94, 438.5804
527640,9.9243,0.002971,336.59, 438.5807
527641,9.9272,0.002983,335.28, 438.5807
527642,9.9302,0.003014,331.75, 438.5807
527643,9.9331,0.002967,337.02, 438.5807
527644,9.9360,0.002984,335.10, 438.5807
527645,9.9395,0.003038,329.20, 438.5807
527646,9.9424,0.002925,341.89, 438.5807
527647,9.9453,0.003153,317.12, 438.5807
527648,9.9487,0.003281,304.77, 438.5807
527649,9.9517,0.003080,324.71, 438.5807
527650,9.9546,0.003023,330.78, 438.5807
527651,9.9575,0.002971,336.56, 438.5807
527652,9.9609,0.002968,336.93, 438.5807
527653,9.9639,0.002947,339.36, 438.5807
527654,9.9668,0.002984,335.14, 438.5801
527655,9.9697,0.002990,334.49, 438.5807
527656,9.9727,0.002932,341.10, 438.5804
527657,9.9756,0.003029,330.10, 438.5801
527658,9.9785,0.002958,338.08, 438.5801
527659,9.9814,0.003077,324.98, 438.5807
527660,9.9844,0.002967,337.09, 438.5801
527661,9.9878,0.003022,330.86, 438.5801
527662,9.9907,0.002938,340.40, 438.5807
527663,9.9937,0.003208,311.72, 438.5807
527664,9.9971,0.003152,317.30, 438.5807
527665,10.0000,0.003019,331.28, 438.5804
