TotalFrame,Time,DeltaTime,FPS,RAM
530988,0.0000,0.014255,70.15, 438.8739
530989,0.0000,0.014255,70.15, 439.1094
530990,0.0200,0.020000,50.00, 438.9113
530991,0.0229,0.003118,320.71, 438.8990
530992,0.0259,0.003026,330.46, 438.9133
530993,0.0347,0.008857,112.91, 438.8983
530994,0.0376,0.002948,339.18, 438.8982
530995,0.0410,0.003049,327.94, 438.8988
530996,0.0439,0.002938,340.41, 438.8982
530997,0.0469,0.002985,334.97, 438.8988
530998,0.0498,0.003002,333.10, 438.8988
530999,0.0527,0.003013,331.88, 438.8985
531000,0.0557,0.003011,332.07, 438.8979
531001,0.0591,0.003045,328.37, 438.8953
531002,0.0620,0.002985,335.05, 438.8928
531003,0.0649,0.002934,340.83, 438.8934
531004,0.0679,0.002924,341.99, 438.8934
531005,0.0708,0.003034,329.64, 438.8928
531006,0.0737,0.003065,326.32, 438.8934
531007,0.0767,0.003015,331.64, 438.8934
531008,0.0796,0.002935,340.68, 438.8934
531009,0.0830,0.003018,331.31, 438.8934
531010,0.0859,0.002972,336.51, 438.8934
531011,0.0889,0.002979,335.71, 438.8934
531012,0.0918,0.002964,337.36, 438.8934
531013,0.0947,0.002937,340.45, 438.8934
531014,0.0977,0.002856,350.10, 438.8934
531015,0.1006,0.003012,332.05, 438.8934
531016,0.1035,0.002980,335.53, 438.8934
531017,0.1064,0.002954,338.52, 438.8934
531018,0.1094,0.002893,345.69, 438.8934
531019,0.1123,0.003042,328.70, 438.8934
531020,0.1157,0.003144,318.06, 438.8934
531021,0.1187,0.003142,318.23, 438.8928
531022,0.1216,0.002968,336.92, 438.8931
531023,0.1245,0.002923,342.16, 438.8934
531024,0.1274,0.003040,328.98, 438.8931
531025,0.1304,0.003022,330.95, 438.8931
531026,0.1338,0.003063,326.43, 438.8934
531027,0.1367,0.003103,322.32, 438.8934
531028,0.1401,0.003167,315.75, 438.8931
531029,0.1431,0.003200,312.53, 438.8931
531030,0.1465,0.003137,318.77, 438.8928
531031,0.1494,0.003089,323.78, 438.8934
531032,0.1523,0.003101,322.50, 438.8931
531033,0.1553,0.002933,340.92, 438.8934
531034,0.1582,0.002931,341.20, 438.8934
531035,0.1611,0.002993,334.15, 438.8934
531036,0.1646,0.003005,332.80, 438.8934
531037,0.1675,0.002944,339.67, 438.8928
531038,0.1704,0.002966,337.15, 438.8934
531039,0.1733,0.002940,340.15, 438.8934
531040,0.1763,0.002986,334.93, 438.8934
531041,0.1792,0.002959,337.97, 438.8934
531042,0.1821,0.003042,328.74, 438.8931
531043,0.1851,0.003012,332.05, 438.8934
531044,0.1880,0.003007,332.51, 438.8934
531045,0.1909,0.002902,344.61, 438.8934
531046,0.1938,0.002893,345.61, 438.8934
531047,0.1968,0.002858,349.86, 438.8934
531048,0.1997,0.003007,332.55, 438.8931
531049,0.2026,0.002916,342.99, 438.8934
531050,0.2056,0.002913,343.32, 438.8934
531051,0.2085,0.002862,349.42, 438.8934
531052,0.2114,0.002970,336.70, 438.8934
531053,0.2144,0.002962,337.60, 438.8934
531054,0.2173,0.002983,335.22, 438.8928
531055,0.2202,0.002913,343.30, 438.8934
531056,0.2231,0.002940,340.17, 438.8934
531057,0.2261,0.002906,344.13, 438.8934
531058,0.2290,0.002902,344.64, 438.8934
531059,0.2319,0.002830,353.38, 438.8934
531060,0.2349,0.002940,340.16, 438.8934
531061,0.2378,0.002947,339.33, 438.8934
531062,0.2407,0.002916,342.97, 438.8934
531063,0.2437,0.002875,347.89, 438.8934
531064,0.2466,0.002934,340.88, 438.8928
531065,0.2495,0.003050,327.85, 438.8931
531066,0.2524,0.002883,346.90, 438.8934
531067,0.2554,0.002853,350.53, 438.8934
531068,0.2583,0.003145,317.99, 438.8953
531069,0.2617,0.003323,300.98, 438.8931
531070,0.2646,0.003072,325.51, 438.8934
531071,0.2681,0.003294,303.57, 438.8934
531072,0.2710,0.003033,329.66, 438.8931
531073,0.2739,0.002914,343.21, 438.8934
531074,0.2773,0.003012,332.06, 438.8928
531075,0.2803,0.003095,323.15, 438.8934
531076,0.2832,0.003144,318.09, 438.8928
531077,0.2871,0.003522,283.96, 438.8934
531078,0.2905,0.003491,286.47, 438.8928
531079,0.2939,0.003335,299.81, 438.8934
531080,0.2969,0.003224,310.17, 438.8928
531081,0.2998,0.003012,331.99, 438.8934
531082,0.3027,0.003024,330.68, 438.8934
531083,0.3062,0.003113,321.26, 438.8928
531084,0.3091,0.003029,330.14, 438.8934
531085,0.3120,0.002870,348.41, 438.8934
531086,0.3149,0.003082,324.48, 438.8928
531087,0.3179,0.002918,342.67, 438.8934
531088,0.3208,0.003036,329.39, 438.8931
531089,0.3237,0.002941,340.02, 438.8931
531090,0.3271,0.003025,330.60, 438.8931
531091,0.3301,0.002891,345.94, 438.8934
531092,0.3330,0.003010,332.24, 438.8953
531093,0.3359,0.002938,340.36, 438.8934
531094,0.3389,0.002962,337.62, 438.8928
531095,0.3418,0.002919,342.55, 438.8934
531096,0.3447,0.002967,337.03, 438.8934
531097,0.3477,0.002908,343.84, 438.8934
531098,0.3506,0.003027,330.41, 438.8934
531099,0.3535,0.003016,331.61, 438.8934
531100,0.3564,0.002943,339.84, 438.8928
531101,0.3594,0.002888,346.32, 438.8934
531102,0.3623,0.002994,334.03, 438.8928
531103,0.3652,0.002954,338.49, 438.8934
531104,0.3682,0.003007,332.55, 438.8934
531105,0.3716,0.002959,337.92, 438.8934
531106,0.3740,0.002869,348.57, 438.8934
531107,0.3770,0.002888,346.21, 438.8934
531108,0.3799,0.002942,339.96, 438.8934
531109,0.3828,0.002948,339.17, 438.8934
531110,0.3857,0.002865,349.08, 438.8931
531111,0.3887,0.002888,346.24, 438.8934
531112,0.3916,0.002899,344.96, 438.8931
531113,0.3945,0.002941,339.97, 438.8934
531114,0.3975,0.002979,335.72, 438.8931
531115,0.4009,0.003070,325.73, 438.8934
531116,0.4033,0.002904,344.39, 438.8934
531117,0.4067,0.002950,338.96, 438.8931
531118,0.4092,0.002899,344.98, 438.8934
531119,0.4121,0.002951,338.91, 438.8934
531120,0.4155,0.002932,341.11, 438.8934
531121,0.4185,0.003010,332.19, 438.8934
531122,0.4214,0.002893,345.61, 438.8934
531123,0.4243,0.002951,338.93, 438.8934
531124,0.4272,0.002868,348.64, 438.8928
531125,0.4302,0.003039,329.02, 438.8934
531126,0.4331,0.002877,347.56, 438.8928
531127,0.4360,0.002991,334.30, 438.8934
531128,0.4390,0.003269,305.93, 438.8928
531129,0.4424,0.003170,315.51, 438.8934
531130,0.4453,0.002896,345.34, 438.8934
531131,0.4482,0.003018,331.31, 438.8934
531132,0.4512,0.002928,341.51, 438.8934
531133,0.4541,0.002941,340.06, 438.8934
531134,0.4570,0.002901,344.72, 438.8931
531135,0.4600,0.002998,333.51, 438.8934
531136,0.4629,0.002911,343.58, 438.8931
531137,0.4658,0.003003,332.99, 438.8934
531138,0.4688,0.002975,336.18, 438.8931
531139,0.4717,0.002953,338.64, 438.8931
531140,0.4746,0.002941,340.02, 438.8934
531141,0.4780,0.003023,330.80, 438.8934
531142,0.4810,0.002995,333.89, 438.8934
531143,0.4839,0.003068,325.90, 438.8934
531144,0.4868,0.003091,323.56, 438.8934
531145,0.4902,0.003063,326.46, 438.8928
531146,0.4932,0.003090,323.67, 438.8934
531147,0.4961,0.003024,330.66, 438.8928
531148,0.4990,0.002986,334.93, 438.8934
531149,0.5024,0.003069,325.80, 438.8928
531150,0.5054,0.002934,340.84, 438.8934
531151,0.5083,0.002980,335.56, 438.8928
531152,0.5112,0.003052,327.69, 438.8934
531153,0.5142,0.002982,335.35, 438.8928
531154,0.5171,0.002965,337.30, 438.8934
531155,0.5200,0.003033,329.68, 438.8934
531156,0.5229,0.002949,339.11, 438.8934
531157,0.5259,0.002936,340.66, 438.8934
531158,0.5293,0.003034,329.61, 438.8931
531159,0.5322,0.002932,341.09, 438.8934
531160,0.5352,0.002993,334.16, 438.8931
531161,0.5381,0.002973,336.32, 438.8928
531162,0.5410,0.002973,336.42, 438.8934
531163,0.5439,0.002927,341.64, 438.8931
531164,0.5469,0.002987,334.74, 438.8934
531165,0.5498,0.002957,338.20, 438.8928
531166,0.5527,0.003018,331.30, 438.8934
531167,0.5557,0.002927,341.71, 438.8934
531168,0.5586,0.003028,330.31, 438.8934
531169,0.5615,0.002959,337.91, 438.8928
531170,0.5649,0.003126,319.94, 438.8934
531171,0.5679,0.002971,336.58, 438.8931
531172,0.5708,0.003029,330.20, 438.8934
531173,0.5737,0.002937,340.46, 438.8934
531174,0.5767,0.003021,330.97, 438.8934
531175,0.5801,0.003087,323.99, 438.8931
531176,0.5835,0.003364,297.24, 438.8928
531177,0.5864,0.003295,303.46, 438.8934
531178,0.5898,0.003053,327.60, 438.8928
531179,0.5928,0.002982,335.33, 438.8934
531180,0.5957,0.003024,330.70, 438.8934
531181,0.5986,0.002983,335.22, 438.8931
531182,0.6016,0.003032,329.84, 438.8934
531183,0.6045,0.002944,339.63, 438.8934
531184,0.6074,0.002996,333.73, 438.8934
531185,0.6104,0.002968,336.92, 438.8953
531186,0.6138,0.003005,332.78, 438.8934
531187,0.6167,0.003009,332.34, 438.8953
531188,0.6196,0.003122,320.29, 438.8931
531189,0.6226,0.003037,329.29, 438.8934
531190,0.6255,0.002975,336.13, 438.8934
531191,0.6289,0.002989,334.54, 438.8931
531192,0.6318,0.003048,328.13, 438.8928
531193,0.6348,0.002935,340.73, 438.8934
531194,0.6377,0.002990,334.47, 438.8934
531195,0.6406,0.002969,336.86, 438.8934
531196,0.6436,0.002986,334.85, 438.8934
531197,0.6465,0.002913,343.25, 438.8934
531198,0.6499,0.003111,321.47, 438.8931
531199,0.6523,0.002904,344.34, 438.8931
531200,0.6558,0.003020,331.11, 438.8931
531201,0.6587,0.002913,343.24, 438.8928
531202,0.6616,0.003072,325.55, 438.8928
531203,0.6650,0.003363,297.34, 438.8931
531204,0.6680,0.003271,305.68, 438.8934
531205,0.6714,0.003033,329.68, 438.8931
531206,0.6743,0.003029,330.13, 438.8934
531207,0.6772,0.002967,337.06, 438.8934
531208,0.6802,0.003034,329.59, 438.8934
531209,0.6831,0.002948,339.17, 438.8934
531210,0.6860,0.003011,332.08, 438.8931
531211,0.6890,0.002961,337.76, 438.8934
531212,0.6924,0.002997,333.66, 438.8934
531213,0.6953,0.002935,340.76, 438.8928
531214,0.6982,0.003042,328.71, 438.8934
531215,0.7012,0.002946,339.41, 438.8928
531216,0.7041,0.002984,335.15, 438.8934
531217,0.7070,0.002843,351.75, 438.9087
531218,0.7100,0.003138,318.73, 438.8934
531219,0.7129,0.002948,339.25, 438.8934
531220,0.7163,0.003055,327.32, 438.8934
531221,0.7192,0.002947,339.32, 438.8931
531222,0.7222,0.003076,325.09, 438.8931
531223,0.7251,0.002930,341.36, 438.8934
531224,0.7280,0.003020,331.18, 438.8928
531225,0.7310,0.002917,342.79, 438.8934
531226,0.7339,0.003097,322.89, 438.8934
531227,0.7368,0.002939,340.30, 438.8934
531228,0.7402,0.003035,329.51, 438.8934
531229,0.7432,0.002933,340.98, 438.8931
531230,0.7461,0.003023,330.75, 438.8931
531231,0.7490,0.002894,345.49, 438.8934
531232,0.7520,0.003018,331.36, 438.8931
531233,0.7549,0.002967,337.03, 438.8931
531234,0.7578,0.003021,331.03, 438.8928
531235,0.7607,0.002977,335.86, 438.8934
531236,0.7637,0.003008,332.50, 438.8928
531237,0.7671,0.003011,332.14, 438.8931
531238,0.7700,0.002999,333.41, 438.8928
531239,0.7729,0.002968,336.95, 438.8934
531240,0.7759,0.003047,328.18, 438.8928
531241,0.7788,0.002978,335.81, 438.8934
531242,0.7817,0.002977,335.91, 438.8931
531243,0.7847,0.003038,329.13, 438.8934
531244,0.7881,0.003005,332.73, 438.8931
531245,0.7910,0.002963,337.45, 438.8931
531246,0.7939,0.002983,335.24, 438.8931
531247,0.7969,0.002966,337.21, 438.8934
531248,0.7998,0.003015,331.73, 438.8928
531249,0.8027,0.003086,324.01, 438.8934
531250,0.8062,0.003231,309.46, 438.8931
531251,0.8096,0.003220,310.60, 438.8934
531252,0.8130,0.003472,288.06, 438.8928
531253,0.8164,0.003537,282.77, 438.8934
531254,0.8198,0.003482,287.22, 438.8928
531255,0.8232,0.003207,311.80, 438.8928
531256,0.8262,0.003126,319.94, 438.8931
531257,0.8291,0.003008,332.42, 438.8931
531258,0.8325,0.003322,300.99, 438.8934
531259,0.8354,0.003160,316.42, 438.8928
531260,0.8389,0.003046,328.33, 438.8934
531261,0.8418,0.003071,325.61, 438.8928
531262,0.8447,0.002989,334.60, 438.8934
531263,0.8477,0.002982,335.40, 438.8928
531264,0.8506,0.003062,326.61, 438.8931
531265,0.8540,0.002941,340.03, 438.8928
531266,0.8569,0.002986,334.94, 438.8934
531267,0.8599,0.002969,336.81, 438.8931
531268,0.8628,0.002976,335.99, 438.8934
531269,0.8657,0.002968,336.88, 438.8934
531270,0.8687,0.003014,331.84, 438.8934
531271,0.8716,0.002963,337.55, 438.8934
531272,0.8745,0.002953,338.70, 438.8934
531273,0.8774,0.002987,334.83, 438.8931
531274,0.8809,0.003045,328.37, 438.8931
531275,0.8838,0.002965,337.31, 438.8934
531276,0.8867,0.003025,330.59, 438.8928
531277,0.8896,0.002936,340.60, 438.8931
531278,0.8926,0.002957,338.23, 438.8934
531279,0.8955,0.002943,339.81, 438.8934
531280,0.8984,0.003067,326.04, 438.8934
531281,0.9014,0.002929,341.40, 438.8931
531282,0.9043,0.003014,331.77, 438.8934
531283,0.9072,0.002914,343.16, 438.8934
531284,0.9102,0.003011,332.14, 438.8934
531285,0.9136,0.003157,316.76, 438.8934
531286,0.9165,0.003116,320.97, 438.8928
531287,0.9199,0.003072,325.57, 438.8934
531288,0.9229,0.003005,332.78, 438.8934
531289,0.9258,0.002914,343.16, 438.8934
531290,0.9287,0.003088,323.82, 438.8928
531291,0.9316,0.002963,337.48, 438.8934
531292,0.9346,0.003030,329.99, 438.8934
531293,0.9375,0.002953,338.68, 438.8934
531294,0.9409,0.003053,327.60, 438.8931
531295,0.9438,0.003051,327.78, 438.8928
531296,0.9473,0.003236,308.99, 438.8928
531297,0.9502,0.002946,339.47, 438.8934
531298,0.9531,0.003056,327.18, 438.8931
531299,0.9561,0.003004,332.87, 438.8931
531300,0.9590,0.003035,329.48, 438.8934
531301,0.9619,0.002930,341.26, 438.8928
531302,0.9648,0.002999,333.42, 438.8934
531303,0.9678,0.002972,336.53, 438.8934
531304,0.9712,0.003017,331.50, 438.8931
531305,0.9741,0.002900,344.85, 438.8934
531306,0.9771,0.003171,315.35, 438.8928
531307,0.9800,0.003052,327.66, 438.8934
531308,0.9829,0.003009,332.39, 438.8934
531309,0.9858,0.002942,339.95, 438.8928
531310,0.9893,0.003009,332.36, 438.8934
531311,0.9922,0.002917,342.83, 438.8934
531312,0.9951,0.002980,335.59, 438.8934
531313,0.9980,0.002925,341.93, 438.8934
531314,1.0010,0.003043,328.59, 438.8928
531315,1.0039,0.002957,338.15, 438.8934
531316,1.0068,0.003028,330.26, 438.8928
531317,1.0098,0.002964,337.38, 438.8928
531318,1.0127,0.002972,336.43, 438.8928
531319,1.0156,0.002936,340.63, 438.8934
531320,1.0190,0.003020,331.17, 438.8934
531321,1.0220,0.002987,334.75, 438.8934
531322,1.0249,0.002977,335.91, 438.8928
531323,1.0278,0.002979,335.64, 438.8934
531324,1.0308,0.003016,331.57, 438.8934
531325,1.0337,0.002958,338.04, 438.8934
531326,1.0366,0.002933,340.97, 438.8953
531327,1.0396,0.002979,335.65, 438.8934
531328,1.0425,0.002949,339.12, 438.8953
531329,1.0454,0.002976,336.01, 438.8934
531330,1.0483,0.002981,335.51, 438.8931
531331,1.0518,0.003003,332.97, 438.8934
531332,1.0547,0.002921,342.37, 438.8982
531333,1.0576,0.002978,335.77, 438.8934
531334,1.0605,0.003000,333.39, 438.8928
531335,1.0635,0.002980,335.63, 438.8934
531336,1.0664,0.002926,341.75, 438.8928
531337,1.0693,0.003017,331.46, 438.8934
531338,1.0723,0.002980,335.55, 438.8934
531339,1.0752,0.003055,327.33, 438.8928
531340,1.0786,0.002982,335.40, 438.8928
531341,1.0815,0.003049,327.93, 438.8931
531342,1.0845,0.002920,342.47, 438.8931
531343,1.0874,0.003020,331.14, 438.8934
531344,1.0903,0.002973,336.42, 438.8928
531345,1.0933,0.002984,335.13, 438.8931
531346,1.0962,0.002908,343.87, 438.8931
531347,1.0991,0.003049,327.93, 438.8934
531348,1.1021,0.002968,336.88, 438.8934
531349,1.1055,0.003038,329.12, 438.8928
531350,1.1084,0.002912,343.43, 438.8953
531351,1.1113,0.002998,333.54, 438.8934
531352,1.1143,0.002881,347.09, 438.8934
531353,1.1172,0.003038,329.14, 438.8931
531354,1.1201,0.002985,335.05, 438.8934
531355,1.1230,0.003049,327.95, 438.8928
531356,1.1260,0.002876,347.74, 438.8931
531357,1.1289,0.003012,332.05, 438.8931
531358,1.1318,0.002942,339.86, 438.8931
531359,1.1353,0.003050,327.91, 438.8931
531360,1.1382,0.002949,339.08, 438.8928
531361,1.1411,0.003019,331.22, 438.8934
531362,1.1440,0.002914,343.21, 438.8928
531363,1.1470,0.003009,332.38, 438.8934
531364,1.1499,0.003062,326.59, 438.8934
531365,1.1533,0.003188,313.65, 438.8934
531366,1.1563,0.003033,329.71, 438.8934
531367,1.1592,0.003142,318.28, 438.8934
531368,1.1626,0.003028,330.25, 438.8967
531369,1.1655,0.003117,320.83, 438.8943
531370,1.1685,0.002994,334.03, 438.8931
531371,1.1714,0.003053,327.57, 438.8934
531372,1.1743,0.002896,345.27, 438.8934
531373,1.1777,0.003099,322.71, 438.8934
531374,1.1807,0.003022,330.94, 438.8934
531375,1.1836,0.003061,326.69, 438.8931
531376,1.1865,0.002915,343.06, 438.8934
531377,1.1895,0.003001,333.22, 438.8934
531378,1.1924,0.003014,331.84, 438.8934
531379,1.1958,0.003036,329.36, 438.8928
531380,1.1987,0.002929,341.39, 438.8934
531381,1.2017,0.003005,332.77, 438.8928
531382,1.2046,0.002922,342.28, 438.8931
531383,1.2075,0.002985,335.06, 438.8934
531384,1.2104,0.002941,340.01, 438.8934
531385,1.2134,0.002990,334.43, 438.8931
531386,1.2163,0.002886,346.52, 438.8934
531387,1.2192,0.003024,330.69, 438.8934
531388,1.2222,0.002996,333.78, 438.8934
531389,1.2251,0.003041,328.82, 438.8928
531390,1.2285,0.003073,325.44, 438.8931
531391,1.2314,0.003075,325.17, 438.8931
531392,1.2344,0.003003,333.06, 438.8934
531393,1.2373,0.002956,338.28, 438.8934
531394,1.2407,0.003095,323.12, 438.8934
531395,1.2437,0.003042,328.73, 438.8934
531396,1.2466,0.003010,332.19, 438.8928
531397,1.2495,0.003042,328.72, 438.8931
531398,1.2529,0.003090,323.66, 438.8931
531399,1.2559,0.003093,323.32, 438.8934
531400,1.2588,0.003159,316.58, 438.8928
531401,1.2622,0.003433,291.32, 438.8928
531402,1.2656,0.003139,318.53, 438.8931
531403,1.2690,0.003390,294.99, 438.8934
531404,1.2720,0.003130,319.53, 438.8934
531405,1.2754,0.003412,293.05, 438.8928
531406,1.2788,0.003475,287.74, 438.8953
531407,1.2822,0.003470,288.21, 438.8928
531408,1.2856,0.003333,300.04, 438.8931
531409,1.2891,0.003274,305.40, 438.8928
531410,1.2920,0.003120,320.51, 438.8928
531411,1.2949,0.003009,332.35, 438.8934
531412,1.2983,0.003067,326.05, 438.8931
531413,1.3013,0.003081,324.56, 438.8934
531414,1.3042,0.003067,326.10, 438.8953
531415,1.3076,0.003164,316.05, 438.8931
531416,1.3105,0.003025,330.58, 438.8934
531417,1.3135,0.002965,337.27, 438.8934
531418,1.3164,0.002970,336.76, 438.8928
531419,1.3193,0.002973,336.37, 438.8934
531420,1.3223,0.003030,330.07, 438.8928
531421,1.3252,0.002953,338.70, 438.8934
531422,1.3286,0.003016,331.60, 438.8928
531423,1.3315,0.002930,341.34, 438.8934
531424,1.3345,0.002938,340.40, 438.8931
531425,1.3374,0.003059,326.91, 438.8931
531426,1.3403,0.002966,337.13, 438.8934
531427,1.3433,0.002925,341.94, 438.8934
531428,1.3462,0.002937,340.48, 438.8934
531429,1.3491,0.003007,332.59, 438.8934
531430,1.3521,0.003025,330.55, 438.8934
531431,1.3550,0.002918,342.67, 438.8934
531432,1.3579,0.002922,342.25, 438.8934
531433,1.3608,0.002994,333.96, 438.8934
531434,1.3643,0.002994,334.06, 438.8931
531435,1.3672,0.003020,331.10, 438.8934
531436,1.3701,0.002880,347.19, 438.8953
531437,1.3730,0.002959,337.94, 438.8934
531438,1.3760,0.002962,337.66, 438.8934
531439,1.3789,0.003008,332.44, 438.8934
531440,1.3818,0.002900,344.88, 438.8934
531441,1.3848,0.003007,332.51, 438.8934
531442,1.3877,0.002914,343.17, 438.8931
531443,1.3906,0.003005,332.79, 438.8934
531444,1.3936,0.002854,350.45, 438.8931
531445,1.3965,0.002971,336.56, 438.8928
531446,1.3994,0.002887,346.40, 438.8934
531447,1.4023,0.002992,334.21, 438.8934
531448,1.4053,0.002913,343.31, 438.8934
531449,1.4082,0.002975,336.12, 438.8934
531450,1.4111,0.002881,347.13, 438.8928
531451,1.4141,0.002952,338.74, 438.8934
531452,1.4170,0.002901,344.77, 438.8934
531453,1.4199,0.002990,334.40, 438.8934
531454,1.4229,0.002904,344.32, 438.8934
531455,1.4258,0.002916,342.90, 438.8934
531456,1.4287,0.002937,340.51, 438.8934
531457,1.4316,0.003071,325.65, 438.8934
531458,1.4351,0.002990,334.41, 438.8934
531459,1.4380,0.002955,338.43, 438.8934
531460,1.4409,0.002929,341.43, 438.8931
531461,1.4438,0.002899,344.92, 438.8934
531462,1.4468,0.002915,343.08, 438.8934
531463,1.4497,0.002945,339.51, 438.8934
531464,1.4526,0.002956,338.30, 438.8934
531465,1.4556,0.003008,332.48, 438.8934
531466,1.4585,0.003098,322.75, 438.8931
531467,1.4614,0.002992,334.26, 438.8934
531468,1.4644,0.002994,334.02, 438.8931
531469,1.4673,0.002953,338.62, 438.8931
531470,1.4707,0.003019,331.20, 438.8934
531471,1.4736,0.002929,341.44, 438.8934
531472,1.4766,0.003015,331.68, 438.8934
531473,1.4795,0.003147,317.80, 438.8928
531474,1.4829,0.003154,317.06, 438.8928
531475,1.4858,0.002995,333.92, 438.8934
531476,1.4888,0.003076,325.13, 438.8928
531477,1.4917,0.003034,329.63, 438.8931
531478,1.4951,0.003100,322.54, 438.8934
531479,1.4980,0.003056,327.18, 438.8934
531480,1.5010,0.003082,324.52, 438.8934
531481,1.5044,0.003103,322.30, 438.8931
531482,1.5073,0.003035,329.48, 438.8931
531483,1.5103,0.003081,324.60, 438.8931
531484,1.5137,0.003181,314.42, 438.8931
531485,1.5166,0.003030,330.03, 438.8934
531486,1.5195,0.003063,326.49, 438.8928
531487,1.5225,0.003033,329.68, 438.8934
531488,1.5259,0.003028,330.24, 438.8928
531489,1.5288,0.003042,328.70, 438.8934
531490,1.5317,0.002981,335.50, 438.8928
531491,1.5347,0.002961,337.68, 438.8934
531492,1.5376,0.003028,330.21, 438.8934
531493,1.5405,0.003025,330.55, 438.8934
531494,1.5435,0.002984,335.09, 438.8928
531495,1.5464,0.002958,338.08, 438.8934
531496,1.5498,0.003011,332.13, 438.8928
531497,1.5527,0.002961,337.77, 438.8931
531498,1.5557,0.003016,331.60, 438.8931
531499,1.5586,0.002983,335.24, 438.8934
531500,1.5615,0.003118,320.75, 438.8934
531501,1.5645,0.002973,336.35, 438.8934
531502,1.5679,0.003025,330.53, 438.8934
531503,1.5708,0.002989,334.59, 438.8934
531504,1.5737,0.002981,335.44, 438.8934
531505,1.5767,0.002953,338.64, 438.8934
531506,1.5796,0.003040,328.90, 438.8931
531507,1.5825,0.002858,349.88, 438.8968
531508,1.5854,0.003012,332.05, 438.8934
531509,1.5884,0.002997,333.70, 438.8934
531510,1.5913,0.003007,332.51, 438.8934
531511,1.5942,0.002891,345.93, 438.8934
531512,1.5977,0.003005,332.82, 438.8931
531513,1.6006,0.002950,339.04, 438.8934
531514,1.6035,0.003132,319.27, 438.8928
531515,1.6064,0.002942,339.88, 438.8934
531516,1.6094,0.003024,330.68, 438.8934
531517,1.6123,0.002925,341.83, 438.8931
531518,1.6157,0.003066,326.21, 438.8934
531519,1.6187,0.002966,337.13, 438.8934
531520,1.6216,0.003033,329.71, 438.8934
531521,1.6245,0.002885,346.64, 438.8953
531522,1.6274,0.003008,332.40, 438.8931
531523,1.6304,0.002912,343.41, 438.8934
531524,1.6333,0.003006,332.69, 438.8931
531525,1.6362,0.002938,340.36, 438.8934
531526,1.6392,0.002999,333.40, 438.8931
531527,1.6421,0.002916,342.99, 438.8934
531528,1.6450,0.002994,334.05, 438.8931
531529,1.6479,0.002942,339.96, 438.8934
531530,1.6509,0.002992,334.25, 438.8928
531531,1.6538,0.002929,341.37, 438.8934
531532,1.6572,0.003012,331.96, 438.8934
531533,1.6602,0.002976,335.99, 438.8934
531534,1.6631,0.002977,335.91, 438.8934
531535,1.6660,0.002949,339.12, 438.8934
531536,1.6689,0.002997,333.62, 438.8928
531537,1.6719,0.002981,335.46, 438.8934
531538,1.6748,0.002947,339.29, 438.8934
531539,1.6777,0.002977,335.90, 438.8934
531540,1.6812,0.003339,299.54, 438.8928
531541,1.6846,0.003222,310.35, 438.8931
531542,1.6875,0.003112,321.30, 438.8928
531543,1.6904,0.002993,334.14, 438.8953
531544,1.6934,0.002992,334.19, 438.8934
531545,1.6963,0.002969,336.81, 438.8934
531546,1.6992,0.003013,331.91, 438.8934
531547,1.7026,0.002968,336.98, 438.8934
531548,1.7056,0.003002,333.10, 438.8928
531549,1.7085,0.002954,338.49, 438.8934
531550,1.7114,0.003019,331.28, 438.8931
531551,1.7144,0.002940,340.14, 438.8934
531552,1.7173,0.002981,335.49, 438.8928
531553,1.7202,0.003020,331.11, 438.8934
531554,1.7231,0.002950,338.97, 438.8934
531555,1.7261,0.002936,340.59, 438.8934
531556,1.7290,0.002976,335.98, 438.8931
531557,1.7324,0.002982,335.31, 438.8934
531558,1.7354,0.002948,339.22, 438.8931
531559,1.7383,0.003015,331.66, 438.8934
531560,1.7412,0.002969,336.84, 438.8934
531561,1.7441,0.002997,333.68, 438.8934
531562,1.7471,0.002951,338.86, 438.8931
531563,1.7500,0.003021,330.97, 438.8934
531564,1.7529,0.003026,330.45, 438.8934
531565,1.7563,0.003023,330.81, 438.8934
531566,1.7593,0.003217,310.85, 438.8928
531567,1.7622,0.003086,324.09, 438.8934
531568,1.7656,0.002990,334.44, 438.8928
531569,1.7686,0.003075,325.21, 438.8928
531570,1.7715,0.002984,335.14, 438.8928
531571,1.7744,0.003079,324.75, 438.8934
531572,1.7773,0.002985,335.00, 438.8931
531573,1.7808,0.003057,327.15, 438.8934
531574,1.7837,0.002906,344.08, 438.9079
531575,1.7866,0.003006,332.68, 438.8934
531576,1.7896,0.002995,333.88, 438.8934
531577,1.7925,0.002998,333.58, 438.8934
531578,1.7954,0.002957,338.19, 438.8953
531579,1.7983,0.003037,329.29, 438.8934
531580,1.8013,0.002918,342.76, 438.8934
531581,1.8047,0.003100,322.56, 438.8934
531582,1.8076,0.003087,323.93, 438.8931
531583,1.8105,0.003034,329.55, 438.8934
531584,1.8135,0.002934,340.85, 438.8934
531585,1.8164,0.003038,329.16, 438.8934
531586,1.8198,0.003000,333.33, 438.8928
531587,1.8228,0.003020,331.08, 438.8934
531588,1.8257,0.002971,336.56, 438.8934
531589,1.8286,0.003089,323.74, 438.8931
531590,1.8315,0.002989,334.60, 438.8928
531591,1.8350,0.003030,330.08, 438.8934
531592,1.8379,0.002975,336.15, 438.8928
531593,1.8408,0.003069,325.89, 438.8934
531594,1.8438,0.002913,343.34, 438.8931
531595,1.8467,0.003046,328.32, 438.8934
531596,1.8496,0.002863,349.25, 438.9012
531597,1.8525,0.003167,315.78, 438.8931
531598,1.8560,0.002969,336.79, 438.8931
531599,1.8589,0.003018,331.39, 438.8934
531600,1.8618,0.002923,342.17, 438.8928
531601,1.8647,0.002996,333.73, 438.8934
531602,1.8677,0.003039,329.01, 438.8928
531603,1.8706,0.003095,323.09, 438.8934
531604,1.8735,0.002940,340.17, 438.8934
531605,1.8770,0.003033,329.73, 438.8931
531606,1.8799,0.002954,338.57, 438.8934
531607,1.8828,0.003046,328.31, 438.8934
531608,1.8857,0.002963,337.54, 438.8934
531609,1.8887,0.003035,329.47, 438.8934
531610,1.8916,0.002869,348.53, 438.8934
531611,1.8945,0.002999,333.47, 438.8934
531612,1.8975,0.002961,337.69, 438.8934
531613,1.9009,0.003136,318.92, 438.8934
531614,1.9038,0.002931,341.22, 438.8928
531615,1.9067,0.002948,339.21, 438.8934
531616,1.9097,0.002893,345.63, 438.8934
531617,1.9126,0.003042,328.75, 438.8934
531618,1.9155,0.002962,337.64, 438.8934
531619,1.9185,0.002986,334.85, 438.8934
531620,1.9214,0.002949,339.16, 438.8934
531621,1.9243,0.002943,339.82, 438.8934
531622,1.9272,0.002881,347.15, 438.8934
531623,1.9302,0.003015,331.73, 438.8931
531624,1.9331,0.002919,342.58, 438.8934
531625,1.9360,0.002960,337.89, 438.8934
531626,1.9390,0.002958,338.10, 438.8931
531627,1.9419,0.002935,340.70, 438.8934
531628,1.9448,0.002948,339.21, 438.8934
531629,1.9478,0.002982,335.32, 438.8931
531630,1.9512,0.003011,332.08, 438.8934
531631,1.9541,0.002906,344.15, 438.8931
531632,1.9570,0.002914,343.23, 438.8934
531633,1.9600,0.002954,338.49, 438.8928
531634,1.9629,0.002967,337.07, 438.8928
531635,1.9658,0.002998,333.56, 438.8928
531636,1.9688,0.002990,334.40, 438.8934
531637,1.9717,0.002904,344.34, 438.8934
531638,1.9746,0.002980,335.60, 438.8934
531639,1.9775,0.003059,326.96, 438.8928
531640,1.9810,0.003253,307.41, 438.8934
531641,1.9839,0.003030,330.09, 438.8931
531642,1.9868,0.003028,330.28, 438.8928
531643,1.9902,0.003046,328.29, 438.8928
531644,1.9932,0.003014,331.81, 438.8934
531645,1.9961,0.002975,336.19, 438.8928
531646,1.9990,0.003021,331.01, 438.8934
531647,2.0020,0.002942,339.96, 438.8928
531648,2.0049,0.003066,326.12, 438.8931
531649,2.0078,0.002999,333.43, 438.8934
531650,2.0112,0.003004,332.88, 438.8934
531651,2.0142,0.002932,341.08, 438.8934
531652,2.0171,0.003017,331.42, 438.8934
531653,2.0200,0.002947,339.34, 438.9058
531654,2.0229,0.003028,330.26, 438.8931
531655,2.0259,0.002973,336.32, 438.8934
531656,2.0288,0.003014,331.74, 438.8934
531657,2.0317,0.002921,342.35, 438.8931
531658,2.0347,0.003032,329.77, 438.8931
531659,2.0381,0.002942,339.88, 438.8931
531660,2.0410,0.003029,330.14, 438.8928
531661,2.0439,0.002914,343.19, 438.8934
531662,2.0469,0.003028,330.27, 438.8934
531663,2.0498,0.002940,340.16, 438.8934
531664,2.0527,0.003006,332.72, 438.8934
531665,2.0557,0.002931,341.22, 438.8931
531666,2.0586,0.003013,331.86, 438.8931
531667,2.0615,0.002930,341.27, 438.8934
531668,2.0645,0.002992,334.21, 438.8934
531669,2.0674,0.002948,339.19, 438.8934
531670,2.0708,0.003054,327.44, 438.8928
531671,2.0737,0.002954,338.49, 438.8934
531672,2.0767,0.003002,333.11, 438.8934
531673,2.0796,0.002996,333.74, 438.8934
531674,2.0825,0.003002,333.09, 438.8928
531675,2.0854,0.002964,337.38, 438.8934
531676,2.0884,0.003045,328.46, 438.8934
531677,2.0913,0.002955,338.41, 438.8934
531678,2.0947,0.002995,333.91, 438.8931
531679,2.0977,0.002926,341.79, 438.8934
531680,2.1006,0.003030,330.09, 438.8934
531681,2.1035,0.002952,338.81, 438.8934
531682,2.1064,0.002971,336.61, 438.8931
531683,2.1094,0.002930,341.26, 438.8953
531684,2.1123,0.002941,340.02, 438.8934
531685,2.1152,0.003069,325.89, 438.8934
531686,2.1182,0.003032,329.79, 438.8928
531687,2.1216,0.002986,334.90, 438.8934
531688,2.1245,0.002982,335.35, 438.8934
531689,2.1274,0.002980,335.58, 438.8934
531690,2.1304,0.002994,334.05, 438.8928
531691,2.1333,0.002995,333.89, 438.8953
531692,2.1362,0.003076,325.10, 438.8953
531693,2.1396,0.003068,325.96, 438.8934
531694,2.1426,0.002946,339.42, 438.8934
531695,2.1455,0.002931,341.20, 438.8934
531696,2.1484,0.002949,339.06, 438.8934
531697,2.1514,0.003078,324.88, 438.8934
531698,2.1543,0.002912,343.44, 438.8934
531699,2.1572,0.002973,336.34, 438.8934
531700,2.1602,0.002947,339.31, 438.8931
531701,2.1631,0.002990,334.40, 438.8931
531702,2.1660,0.002931,341.19, 438.8931
531703,2.1694,0.003062,326.58, 438.8934
531704,2.1719,0.002928,341.48, 438.8934
531705,2.1753,0.003003,333.04, 438.8934
531706,2.1782,0.002949,339.16, 438.8928
531707,2.1812,0.003155,317.00, 438.8934
531708,2.1841,0.003010,332.28, 438.8934
531709,2.1875,0.003053,327.50, 438.8931
531710,2.1904,0.002933,340.96, 438.8931
531711,2.1934,0.002997,333.70, 438.8934
531712,2.1963,0.002974,336.29, 438.8928
531713,2.1992,0.003127,319.84, 438.8931
531714,2.2021,0.002974,336.22, 438.8928
531715,2.2051,0.002976,336.01, 438.8934
531716,2.2080,0.002882,347.01, 438.8953
531717,2.2114,0.003034,329.58, 438.8934
531718,2.2144,0.002967,337.02, 438.8931
531719,2.2173,0.003034,329.62, 438.8934
531720,2.2202,0.002903,344.53, 438.9038
531721,2.2231,0.003034,329.65, 438.8934
531722,2.2261,0.002887,346.33, 438.8931
531723,2.2290,0.003155,316.97, 438.8934
531724,2.2324,0.003108,321.75, 438.8934
531725,2.2354,0.003053,327.56, 438.8934
531726,2.2383,0.002954,338.52, 438.8928
531727,2.2412,0.003049,327.94, 438.8931
531728,2.2441,0.002898,345.03, 438.9087
531729,2.2476,0.003461,288.98, 438.8931
531730,2.2505,0.002930,341.34, 438.8934
531731,2.2534,0.003027,330.39, 438.8934
531732,2.2563,0.002875,347.84, 438.8934
531733,2.2598,0.003260,306.71, 438.8928
531734,2.2632,0.003260,306.73, 438.8928
531735,2.2661,0.003184,314.06, 438.8934
531736,2.2695,0.003409,293.34, 438.8931
531737,2.2729,0.003214,311.16, 438.8934
531738,2.2764,0.003508,285.04, 438.8928
531739,2.2803,0.003949,253.22, 438.8928
531740,2.2837,0.003552,281.50, 438.8931
531741,2.2871,0.003148,317.65, 438.8931
531742,2.2900,0.003053,327.58, 438.8934
531743,2.2930,0.003010,332.28, 438.8934
531744,2.2959,0.003028,330.26, 438.8934
531745,2.2988,0.002929,341.43, 438.8934
531746,2.3022,0.003064,326.35, 438.8928
531747,2.3052,0.002985,335.02, 438.8934
531748,2.3086,0.003354,298.17, 438.8931
531749,2.3115,0.003033,329.74, 438.8928
531750,2.3145,0.003057,327.14, 438.8934
531751,2.3174,0.002942,339.93, 438.8928
531752,2.3203,0.003087,323.91, 438.8928
531753,2.3237,0.003052,327.62, 438.8934
531754,2.3267,0.003020,331.13, 438.8928
531755,2.3296,0.002894,345.60, 438.9171
531756,2.3325,0.003232,309.44, 438.8931
531757,2.3359,0.003054,327.46, 438.8931
531758,2.3389,0.003221,310.43, 438.8928
531759,2.3423,0.003055,327.38, 438.8931
531760,2.3452,0.003161,316.35, 438.8928
531761,2.3481,0.003004,332.87, 438.8934
531762,2.3516,0.003094,323.16, 438.8928
531763,2.3545,0.003015,331.70, 438.8934
531764,2.3574,0.003093,323.31, 438.8934
531765,2.3604,0.003000,333.31, 438.8928
531766,2.3633,0.003071,325.62, 438.8928
531767,2.3667,0.002973,336.39, 438.8928
531768,2.3696,0.003117,320.87, 438.8928
531769,2.3726,0.003005,332.79, 438.8928
531770,2.3755,0.003054,327.42, 438.8934
531771,2.3789,0.003061,326.70, 438.8928
531772,2.3818,0.003095,323.06, 438.8931
531773,2.3848,0.003037,329.32, 438.8928
531774,2.3882,0.003258,306.93, 438.8934
531775,2.3911,0.002994,334.03, 438.8931
531776,2.3940,0.003055,327.31, 438.8931
531777,2.3970,0.002971,336.55, 438.8928
531778,2.4004,0.003059,326.95, 438.8934
531779,2.4033,0.003012,332.06, 438.8928
531780,2.4063,0.002992,334.26, 438.8934
531781,2.4092,0.003004,332.85, 438.8928
531782,2.4121,0.002965,337.23, 438.8934
531783,2.4150,0.002922,342.29, 438.8934
531784,2.4180,0.003126,319.89, 438.8931
531785,2.4214,0.003037,329.33, 438.8928
531786,2.4243,0.002986,334.85, 438.8934
531787,2.4272,0.002943,339.78, 438.8934
531788,2.4302,0.003019,331.26, 438.8934
531789,2.4331,0.002940,340.14, 438.8931
531790,2.4360,0.003011,332.14, 438.8934
531791,2.4390,0.003020,331.09, 438.8934
531792,2.4424,0.003011,332.17, 438.8934
531793,2.4448,0.002862,349.45, 438.8934
531794,2.4482,0.003019,331.27, 438.8931
531795,2.4512,0.002913,343.25, 438.8931
531796,2.4541,0.003075,325.22, 438.8934
531797,2.4570,0.002932,341.08, 438.8928
531798,2.4600,0.003055,327.32, 438.8928
531799,2.4629,0.002919,342.55, 438.8934
531800,2.4663,0.003123,320.23, 438.8931
531801,2.4692,0.003042,328.74, 438.8934
531802,2.4722,0.003001,333.18, 438.8928
531803,2.4751,0.002881,347.11, 438.8934
531804,2.4780,0.002996,333.77, 438.8934
531805,2.4810,0.003078,324.84, 438.8934
531806,2.4839,0.003024,330.69, 438.8934
531807,2.4868,0.002946,339.50, 438.8934
531808,2.4902,0.003027,330.35, 438.8934
531809,2.4932,0.002880,347.22, 438.8934
531810,2.4961,0.003026,330.48, 438.8928
531811,2.4990,0.002982,335.35, 438.8934
531812,2.5020,0.003055,327.36, 438.8934
531813,2.5049,0.002951,338.88, 438.8934
531814,2.5078,0.003007,332.54, 438.8931
531815,2.5107,0.002936,340.61, 438.8934
531816,2.5142,0.003026,330.45, 438.8934
531817,2.5171,0.002951,338.89, 438.8934
531818,2.5200,0.002993,334.10, 438.8928
531819,2.5229,0.002951,338.87, 438.8934
531820,2.5259,0.002983,335.20, 438.8934
531821,2.5288,0.003006,332.65, 438.8928
531822,2.5317,0.003011,332.07, 438.8928
531823,2.5347,0.002969,336.77, 438.8934
531824,2.5376,0.003004,332.88, 438.8928
531825,2.5405,0.002958,338.09, 438.8934
531826,2.5439,0.002951,338.86, 438.8934
531827,2.5469,0.002948,339.20, 438.8934
531828,2.5498,0.002983,335.27, 438.8928
531829,2.5527,0.002959,337.97, 438.8934
531830,2.5557,0.002947,339.28, 438.8928
531831,2.5586,0.003001,333.21, 438.8934
531832,2.5615,0.003000,333.39, 438.8928
531833,2.5645,0.002955,338.39, 438.8934
531834,2.5674,0.002940,340.19, 438.8928
531835,2.5703,0.003009,332.39, 438.8931
531836,2.5732,0.002919,342.59, 438.8934
531837,2.5767,0.003288,304.15, 438.8928
531838,2.5796,0.003149,317.52, 438.8931
531839,2.5830,0.003019,331.29, 438.8934
531840,2.5859,0.002968,336.92, 438.8934
531841,2.5889,0.003019,331.24, 438.8934
531842,2.5918,0.003019,331.27, 438.8928
531843,2.5947,0.002973,336.34, 438.8934
531844,2.5977,0.002963,337.45, 438.8928
531845,2.6006,0.003030,330.03, 438.8934
531846,2.6040,0.002976,336.00, 438.8934
531847,2.6069,0.003226,309.99, 438.8931
531848,2.6104,0.003151,317.36, 438.8934
531849,2.6133,0.003088,323.86, 438.8953
531850,2.6162,0.003096,323.05, 438.8928
531851,2.6196,0.003160,316.50, 438.8931
531852,2.6226,0.003203,312.24, 438.8934
531853,2.6260,0.003137,318.76, 438.8928
531854,2.6289,0.003151,317.36, 438.8928
531855,2.6318,0.003076,325.11, 438.8928
531856,2.6353,0.003124,320.15, 438.8928
531857,2.6382,0.003148,317.68, 438.8934
531858,2.6416,0.003127,319.76, 438.8928
531859,2.6445,0.003047,328.19, 438.8931
531860,2.6475,0.003124,320.07, 438.8934
531861,2.6509,0.003053,327.54, 438.8934
531862,2.6538,0.003179,314.57, 438.8928
531863,2.6572,0.003145,318.00, 438.8934
531864,2.6602,0.003162,316.30, 438.8934
531865,2.6631,0.003132,319.24, 438.8931
531866,2.6665,0.003154,317.09, 438.8928
531867,2.6694,0.003105,322.02, 438.8931
531868,2.6729,0.003157,316.74, 438.8934
531869,2.6758,0.003099,322.70, 438.8928
531870,2.6792,0.003236,309.04, 438.8931
531871,2.6821,0.003162,316.28, 438.8928
531872,2.6855,0.003181,314.40, 438.8934
531873,2.6885,0.003041,328.81, 438.9079
531874,2.6914,0.003146,317.86, 438.8928
531875,2.6948,0.003070,325.69, 438.8953
531876,2.6978,0.003198,312.69, 438.8928
531877,2.7012,0.003443,290.42, 438.8928
531878,2.7046,0.003219,310.62, 438.8928
531879,2.7075,0.003240,308.64, 438.8928
531880,2.7109,0.003114,321.16, 438.8934
531881,2.7139,0.003066,326.18, 438.8934
531882,2.7168,0.003050,327.89, 438.8934
531883,2.7202,0.003006,332.69, 438.8934
531884,2.7231,0.002985,335.02, 438.8934
531885,2.7261,0.002970,336.71, 438.8928
531886,2.7290,0.002972,336.43, 438.8931
531887,2.7319,0.002997,333.62, 438.8931
531888,2.7349,0.002997,333.70, 438.8934
531889,2.7378,0.002941,340.02, 438.8934
531890,2.7407,0.003003,333.06, 438.8931
531891,2.7441,0.003086,324.08, 438.8934
531892,2.7471,0.003111,321.45, 438.8928
531893,2.7500,0.002946,339.44, 438.8931
531894,2.7529,0.003111,321.48, 438.8928
531895,2.7559,0.002934,340.88, 438.8934
531896,2.7593,0.002999,333.48, 438.8931
531897,2.7622,0.003013,331.91, 438.8928
531898,2.7651,0.003021,330.99, 438.8928
531899,2.7681,0.002996,333.80, 438.8931
531900,2.7710,0.003065,326.31, 438.8928
531901,2.7744,0.003091,323.57, 438.8931
531902,2.7773,0.003090,323.61, 438.8934
531903,2.7803,0.002996,333.76, 438.8931
531904,2.7832,0.002996,333.77, 438.8934
531905,2.7861,0.002954,338.52, 438.8934
531906,2.7896,0.003075,325.26, 438.8928
531907,2.7925,0.002978,335.83, 438.8931
531908,2.7954,0.003104,322.20, 438.8934
531909,2.7983,0.003132,319.27, 438.8934
531910,2.8018,0.003079,324.77, 438.8928
531911,2.8047,0.002921,342.33, 438.8953
531912,2.8076,0.003009,332.29, 438.8934
531913,2.8105,0.002941,340.00, 438.8934
531914,2.8135,0.002997,333.72, 438.8931
531915,2.8164,0.002965,337.28, 438.8934
531916,2.8193,0.003030,330.04, 438.8934
531917,2.8223,0.002966,337.12, 438.8931
531918,2.8257,0.003064,326.38, 438.8928
531919,2.8286,0.003031,329.97, 438.8928
531920,2.8315,0.003020,331.16, 438.8934
531921,2.8345,0.002931,341.13, 438.8931
531922,2.8374,0.003032,329.80, 438.8928
531923,2.8408,0.003220,310.55, 438.8928
531924,2.8438,0.003068,325.96, 438.8928
531925,2.8467,0.002942,339.94, 438.8931
531926,2.8496,0.003005,332.83, 438.8928
531927,2.8530,0.003150,317.44, 438.8928
531928,2.8560,0.003116,320.93, 438.8934
531929,2.8589,0.002994,334.00, 438.8934
531930,2.8618,0.003010,332.23, 438.8931
531931,2.8647,0.002947,339.39, 438.8934
531932,2.8682,0.003079,324.83, 438.8934
531933,2.8711,0.003084,324.26, 438.8931
531934,2.8745,0.003142,318.32, 438.8972
531935,2.8774,0.002998,333.61, 438.8934
531936,2.8804,0.003049,327.97, 438.8931
531937,2.8833,0.002932,341.12, 438.8934
531938,2.8862,0.003025,330.60, 438.8934
531939,2.8892,0.003008,332.48, 438.8934
531940,2.8921,0.003021,331.07, 438.8928
531941,2.8955,0.002960,337.89, 438.8934
531942,2.8984,0.003019,331.29, 438.8931
531943,2.9014,0.002949,339.13, 438.8934
531944,2.9043,0.003057,327.14, 438.8931
531945,2.9072,0.002985,335.00, 438.8934
531946,2.9102,0.003109,321.70, 438.8928
531947,2.9136,0.002979,335.69, 438.8931
531948,2.9165,0.002997,333.67, 438.8934
531949,2.9194,0.002998,333.54, 438.8928
531950,2.9224,0.003023,330.84, 438.8928
531951,2.9253,0.002957,338.15, 438.8931
531952,2.9282,0.003023,330.76, 438.8928
531953,2.9312,0.002980,335.57, 438.9042
531954,2.9346,0.003090,323.58, 438.8934
531955,2.9375,0.003087,323.94, 438.8934
531956,2.9404,0.003023,330.85, 438.8934
531957,2.9434,0.002880,347.20, 438.8934
531958,2.9463,0.002996,333.79, 438.8934
531959,2.9492,0.002935,340.67, 438.8934
531960,2.9526,0.003037,329.25, 438.8931
531961,2.9551,0.002893,345.66, 438.8931
531962,2.9585,0.002993,334.14, 438.8931
531963,2.9609,0.002885,346.67, 438.8934
531964,2.9644,0.002978,335.75, 438.8934
531965,2.9673,0.002920,342.51, 438.8934
531966,2.9702,0.003042,328.79, 438.8931
531967,2.9731,0.002934,340.88, 438.8934
531968,2.9761,0.002998,333.61, 438.8934
531969,2.9790,0.002970,336.66, 438.8928
531970,2.9819,0.003075,325.19, 438.8928
531971,2.9849,0.003010,332.26, 438.8934
531972,2.9883,0.003039,329.07, 438.8931
531973,2.9912,0.002916,342.91, 438.8934
531974,2.9941,0.002989,334.52, 438.8934
531975,2.9971,0.002944,339.73, 438.8931
531976,3.0000,0.003067,326.06, 438.8931
531977,3.0029,0.002969,336.84, 438.8934
531978,3.0059,0.002980,335.63, 438.8931
531979,3.0088,0.002957,338.21, 438.8934
531980,3.0117,0.002980,335.58, 438.8931
531981,3.0146,0.002957,338.21, 438.8934
531982,3.0181,0.002989,334.56, 438.8928
531983,3.0210,0.003007,332.52, 438.8934
531984,3.0239,0.002990,334.43, 438.8928
531985,3.0269,0.002958,338.07, 438.8934
531986,3.0298,0.003005,332.80, 438.8928
531987,3.0327,0.002985,335.03, 438.8934
531988,3.0356,0.002967,337.03, 438.8931
531989,3.0391,0.003025,330.55, 438.8934
531990,3.0420,0.002961,337.71, 438.8928
531991,3.0449,0.003117,320.85, 438.8953
531992,3.0479,0.003106,321.97, 438.8928
531993,3.0513,0.003127,319.81, 438.8934
531994,3.0542,0.002962,337.59, 438.8931
531995,3.0571,0.002954,338.57, 438.8934
531996,3.0601,0.003044,328.47, 438.8931
531997,3.0630,0.003013,331.95, 438.8934
531998,3.0659,0.002939,340.22, 438.8934
531999,3.0688,0.003031,329.98, 438.8934
532000,3.0723,0.003090,323.68, 438.8931
532001,3.0752,0.003016,331.61, 438.8934
532002,3.0781,0.002996,333.76, 438.8928
532003,3.0811,0.002985,335.03, 438.8934
532004,3.0840,0.002959,338.00, 438.8934
532005,3.0869,0.002988,334.64, 438.8934
532006,3.0898,0.002929,341.47, 438.8928
532007,3.0928,0.002957,338.20, 438.8934
532008,3.0957,0.002929,341.40, 438.8934
532009,3.0991,0.003036,329.35, 438.8931
532010,3.1021,0.002898,345.08, 438.8984
532011,3.1050,0.003008,332.48, 438.8934
532012,3.1079,0.002999,333.41, 438.8934
532013,3.1108,0.003027,330.34, 438.8934
532014,3.1138,0.002971,336.63, 438.8934
532015,3.1167,0.003057,327.16, 438.8934
532016,3.1201,0.002982,335.37, 438.8928
532017,3.1230,0.003042,328.73, 438.8934
532018,3.1260,0.002954,338.52, 438.8928
532019,3.1289,0.003064,326.41, 438.8934
532020,3.1318,0.002970,336.76, 438.8931
532021,3.1348,0.003023,330.83, 438.8934
532022,3.1377,0.002986,334.95, 438.8931
532023,3.1411,0.003086,324.08, 438.8934
532024,3.1440,0.002948,339.22, 438.8928
532025,3.1470,0.003031,329.88, 438.8934
532026,3.1499,0.002935,340.74, 438.8928
532027,3.1528,0.003023,330.85, 438.8934
532028,3.1558,0.002910,343.62, 438.8934
532029,3.1587,0.003032,329.82, 438.8931
532030,3.1616,0.002875,347.86, 438.8934
532031,3.1646,0.002981,335.49, 438.8931
532032,3.1675,0.002902,344.64, 438.8934
532033,3.1709,0.003014,331.82, 438.8928
532034,3.1738,0.002964,337.42, 438.8931
532035,3.1768,0.002994,333.98, 438.8928
532036,3.1797,0.002962,337.66, 438.8934
532037,3.1826,0.002983,335.22, 438.8934
532038,3.1855,0.003007,332.59, 438.8928
532039,3.1885,0.003039,329.09, 438.8931
532040,3.1914,0.002946,339.47, 438.8934
532041,3.1943,0.002957,338.18, 438.8934
532042,3.1973,0.002929,341.44, 438.8928
532043,3.2007,0.003075,325.21, 438.8931
532044,3.2036,0.003146,317.84, 438.8934
532045,3.2065,0.003019,331.22, 438.8934
532046,3.2095,0.002938,340.41, 438.8934
532047,3.2124,0.002985,335.01, 438.8934
532048,3.2153,0.002923,342.13, 438.8934
532049,3.2188,0.003294,303.55, 438.8928
532050,3.2217,0.003028,330.27, 438.8934
532051,3.2251,0.003016,331.61, 438.8928
532052,3.2280,0.002945,339.56, 438.8934
532053,3.2310,0.003072,325.52, 438.8928
532054,3.2339,0.003066,326.14, 438.8928
532055,3.2373,0.003190,313.51, 438.8934
532056,3.2402,0.003029,330.10, 438.8934
532057,3.2432,0.002985,334.97, 438.8934
532058,3.2461,0.002910,343.69, 438.8934
532059,3.2490,0.003073,325.38, 438.8934
532060,3.2520,0.002978,335.84, 438.8934
532061,3.2549,0.002980,335.55, 438.8931
532062,3.2583,0.002991,334.34, 438.8934
532063,3.2612,0.003030,330.09, 438.8928
532064,3.2642,0.003261,306.67, 438.8928
532065,3.2676,0.003412,293.09, 438.8928
532066,3.2710,0.003164,316.09, 438.8928
532067,3.2744,0.003423,292.17, 438.8934
532068,3.2773,0.003189,313.58, 438.8928
532069,3.2813,0.003530,283.27, 438.8934
532070,3.2847,0.003398,294.32, 438.9077
532071,3.2876,0.003228,309.83, 438.8934
532072,3.2905,0.003039,329.07, 438.8931
532073,3.2939,0.003014,331.84, 438.8934
532074,3.2969,0.003023,330.79, 438.8928
532075,3.2998,0.003074,325.35, 438.8934
532076,3.3027,0.002947,339.36, 438.8934
532077,3.3057,0.002998,333.60, 438.8934
532078,3.3086,0.002948,339.22, 438.8931
532079,3.3120,0.003054,327.49, 438.8934
532080,3.3149,0.002970,336.72, 438.8934
532081,3.3179,0.003014,331.77, 438.8934
532082,3.3208,0.002909,343.77, 438.8953
532083,3.3237,0.002941,339.97, 438.8934
532084,3.3267,0.002941,340.03, 438.8931
532085,3.3296,0.003069,325.85, 438.8934
532086,3.3325,0.002895,345.48, 438.8934
532087,3.3354,0.003010,332.28, 438.8928
532088,3.3384,0.002941,339.99, 438.8931
532089,3.3413,0.003007,332.56, 438.8928
532090,3.3442,0.002867,348.80, 438.8931
532091,3.3472,0.002982,335.35, 438.8934
532092,3.3501,0.002848,351.11, 438.8934
532093,3.3530,0.003047,328.20, 438.8934
532094,3.3560,0.002931,341.23, 438.8934
532095,3.3594,0.003095,323.09, 438.8972
532096,3.3623,0.002913,343.32, 438.8934
532097,3.3652,0.002976,336.04, 438.8934
532098,3.3682,0.002940,340.10, 438.8934
532099,3.3711,0.003001,333.20, 438.8934
532100,3.3740,0.002970,336.76, 438.8931
532101,3.3770,0.002979,335.68, 438.8934
532102,3.3799,0.002945,339.57, 438.8934
532103,3.3828,0.002933,340.92, 438.8934
532104,3.3857,0.002931,341.24, 438.8934
532105,3.3887,0.003018,331.35, 438.8934
532106,3.3921,0.003100,322.59, 438.8928
532107,3.3950,0.003226,309.95, 438.8931
532108,3.3984,0.003253,307.40, 438.9077
532109,3.4019,0.003213,311.20, 438.8931
532110,3.4048,0.002993,334.17, 438.8931
532111,3.4077,0.003176,314.84, 438.8931
532112,3.4111,0.003101,322.45, 438.8935
532113,3.4141,0.003101,322.49, 438.8934
532114,3.4170,0.002966,337.15, 438.8928
532115,3.4199,0.003042,328.73, 438.8934
532116,3.4233,0.003039,329.02, 438.8934
532117,3.4263,0.003084,324.22, 438.8931
532118,3.4292,0.002979,335.72, 438.8931
532119,3.4321,0.003034,329.63, 438.8934
532120,3.4351,0.003038,329.12, 438.8931
532121,3.4385,0.003148,317.64, 438.8931
532122,3.4414,0.002948,339.20, 438.8934
532123,3.4443,0.003036,329.39, 438.8928
532124,3.4473,0.002913,343.24, 438.8934
532125,3.4502,0.003019,331.27, 438.8934
532126,3.4531,0.002944,339.72, 438.8934
532127,3.4561,0.002958,338.04, 438.8934
532128,3.4590,0.002927,341.67, 438.8931
532129,3.4619,0.002988,334.72, 438.8934
532130,3.4648,0.002908,343.83, 438.8931
532131,3.4683,0.002997,333.62, 438.8934
532132,3.4712,0.002944,339.63, 438.8934
532133,3.4741,0.002982,335.37, 438.8931
532134,3.4771,0.002980,335.57, 438.8931
532135,3.4800,0.003008,332.46, 438.8934
532136,3.4829,0.002986,334.86, 438.8931
532137,3.4858,0.002993,334.09, 438.8931
532138,3.4888,0.003043,328.62, 438.8931
532139,3.4922,0.003006,332.65, 438.8934
532140,3.4951,0.002952,338.75, 438.8934
532141,3.4980,0.003185,313.98, 438.8934
532142,3.5010,0.002997,333.71, 438.8931
532143,3.5044,0.003062,326.63, 438.8934
532144,3.5073,0.003014,331.84, 438.8934
532145,3.5103,0.002976,336.00, 438.8931
532146,3.5132,0.003050,327.91, 438.8934
532147,3.5166,0.003544,282.18, 438.8928
532148,3.5200,0.003314,301.79, 438.8934
532149,3.5234,0.003450,289.90, 438.8928
532150,3.5264,0.003028,330.29, 438.8928
532151,3.5298,0.003010,332.28, 438.8931
532152,3.5327,0.002980,335.58, 438.8934
532153,3.5356,0.003073,325.43, 438.8931
532154,3.5386,0.002934,340.79, 438.8934
532155,3.5415,0.003014,331.79, 438.8934
532156,3.5444,0.002910,343.68, 438.8934
532157,3.5474,0.003019,331.27, 438.8928
532158,3.5503,0.002929,341.37, 438.8934
532159,3.5532,0.002981,335.48, 438.8934
532160,3.5562,0.002916,342.98, 438.8934
532161,3.5591,0.002988,334.65, 438.8931
532162,3.5620,0.002954,338.48, 438.8934
532163,3.5654,0.002988,334.67, 438.8934
532164,3.5684,0.002933,340.96, 438.8934
532165,3.5713,0.002994,334.00, 438.8934
532166,3.5742,0.002953,338.63, 438.8931
532167,3.5771,0.002972,336.51, 438.8934
532168,3.5801,0.003014,331.84, 438.8934
532169,3.5830,0.002968,336.88, 438.8934
532170,3.5859,0.002987,334.74, 438.8928
532171,3.5889,0.002963,337.54, 438.8934
532172,3.5918,0.002968,336.90, 438.8928
532173,3.5947,0.002957,338.15, 438.8934
532174,3.5981,0.002971,336.64, 438.8928
532175,3.6011,0.002998,333.61, 438.8934
532176,3.6040,0.002966,337.20, 438.8934
532177,3.6069,0.002956,338.25, 438.8931
532178,3.6099,0.003116,320.96, 438.8928
532179,3.6128,0.002960,337.88, 438.8934
532180,3.6157,0.002979,335.71, 438.8934
532181,3.6187,0.002977,335.94, 438.8934
532182,3.6221,0.003035,329.46, 438.8931
532183,3.6250,0.002969,336.78, 438.8934
532184,3.6279,0.002997,333.66, 438.8931
532185,3.6309,0.002959,337.96, 438.8934
532186,3.6338,0.002956,338.33, 438.8934
532187,3.6367,0.002949,339.06, 438.8934
532188,3.6396,0.003073,325.45, 438.8934
532189,3.6426,0.002988,334.69, 438.8931
532190,3.6455,0.002966,337.20, 438.8928
532191,3.6489,0.002951,338.87, 438.8934
532192,3.6519,0.003019,331.21, 438.8931
532193,3.6548,0.003094,323.19, 438.8928
532194,3.6577,0.003011,332.14, 438.8934
532195,3.6606,0.002937,340.48, 438.8934
532196,3.6636,0.003002,333.10, 438.8934
532197,3.6665,0.002946,339.47, 438.8934
532198,3.6699,0.003043,328.61, 438.8934
532199,3.6729,0.002932,341.05, 438.8934
532200,3.6758,0.002995,333.92, 438.8931
532201,3.6787,0.002920,342.44, 438.8934
532202,3.6816,0.003026,330.49, 438.8928
532203,3.6846,0.002948,339.22, 438.8928
532204,3.6875,0.003067,326.10, 438.8931
532205,3.6904,0.002912,343.43, 438.8934
532206,3.6934,0.002976,336.06, 438.8928
532207,3.6963,0.002907,344.06, 438.8934
532208,3.6992,0.002991,334.29, 438.8953
532209,3.7026,0.003178,314.70, 438.8932
532210,3.7056,0.003023,330.81, 438.8934
532211,3.7085,0.002925,341.86, 438.8934
532212,3.7114,0.002956,338.25, 438.8934
532213,3.7144,0.002927,341.62, 438.8934
532214,3.7178,0.003181,314.41, 438.8928
532215,3.7207,0.003213,311.25, 438.8928
532216,3.7241,0.003073,325.40, 438.8934
532217,3.7271,0.003006,332.69, 438.8931
532218,3.7300,0.003042,328.75, 438.8931
532219,3.7329,0.002929,341.40, 438.8931
532220,3.7358,0.003009,332.30, 438.8934
532221,3.7388,0.003003,332.98, 438.8928
532222,3.7417,0.003015,331.73, 438.8931
532223,3.7446,0.002953,338.65, 438.8931
532224,3.7480,0.003028,330.29, 438.8934
532225,3.7510,0.002955,338.41, 438.8934
532226,3.7539,0.002998,333.52, 438.8931
532227,3.7568,0.002982,335.39, 438.8934
532228,3.7598,0.002995,333.89, 438.8931
532229,3.7627,0.002954,338.52, 438.8934
532230,3.7656,0.003063,326.50, 438.8931
532231,3.7690,0.002978,335.82, 438.8934
532232,3.7720,0.002967,337.00, 438.8934
532233,3.7749,0.002964,337.42, 438.8934
532234,3.7778,0.002978,335.81, 438.8934
532235,3.7808,0.003011,332.10, 438.8928
532236,3.7837,0.003022,330.92, 438.8931
532237,3.7866,0.003015,331.70, 438.8934
532238,3.7900,0.003033,329.66, 438.8934
532239,3.7925,0.002921,342.38, 438.8934
532240,3.7959,0.003087,323.95, 438.8934
532241,3.7988,0.003026,330.51, 438.8934
532242,3.8018,0.002969,336.85, 438.8928
532243,3.8047,0.003035,329.52, 438.8934
532244,3.8076,0.002989,334.58, 438.8934
532245,3.8110,0.002966,337.17, 438.8934
532246,3.8140,0.002955,338.46, 438.8928
532247,3.8169,0.002942,339.94, 438.8934
532248,3.8198,0.002930,341.30, 438.9032
532249,3.8228,0.003121,320.44, 438.8934
532250,3.8257,0.002952,338.76, 438.8931
532251,3.8286,0.002973,336.35, 438.8934
532252,3.8315,0.002932,341.10, 438.8931
532253,3.8345,0.003034,329.64, 438.8934
532254,3.8374,0.002939,340.21, 438.8931
532255,3.8403,0.002998,333.59, 438.8934
532256,3.8438,0.003009,332.37, 438.8928
532257,3.8467,0.002999,333.46, 438.8934
532258,3.8496,0.002974,336.20, 438.8931
532259,3.8525,0.002988,334.64, 438.8934
532260,3.8555,0.002916,342.92, 438.8934
532261,3.8584,0.002981,335.41, 438.8953
532262,3.8613,0.002942,339.90, 438.8934
532263,3.8643,0.002997,333.69, 438.8934
532264,3.8672,0.002911,343.57, 438.8928
532265,3.8701,0.003007,332.55, 438.8934
532266,3.8730,0.002922,342.23, 438.8928
532267,3.8760,0.003005,332.82, 438.8934
532268,3.8794,0.002939,340.29, 438.8934
532269,3.8823,0.003013,331.87, 438.8934
532270,3.8853,0.002883,346.81, 438.8931
532271,3.8882,0.003039,329.01, 438.8934
532272,3.8911,0.002952,338.75, 438.8931
532273,3.8940,0.002994,334.03, 438.8934
532274,3.8970,0.002897,345.24, 438.8934
532275,3.8999,0.003038,329.22, 438.8934
532276,3.9028,0.002956,338.30, 438.8934
532277,3.9058,0.003007,332.60, 438.8931
532278,3.9087,0.002918,342.70, 438.8934
532279,3.9121,0.003131,319.41, 438.8934
532280,3.9150,0.002929,341.47, 438.8931
532281,3.9180,0.003026,330.51, 438.8934
532282,3.9214,0.003456,289.32, 438.8928
532283,3.9243,0.003146,317.84, 438.8934
532284,3.9272,0.002912,343.39, 438.8934
532285,3.9307,0.003001,333.27, 438.8934
532286,3.9331,0.002862,349.44, 438.8934
532287,3.9365,0.003065,326.32, 438.8931
532288,3.9395,0.002952,338.71, 438.8934
532289,3.9424,0.003155,316.92, 438.8931
532290,3.9453,0.002999,333.41, 438.8931
532291,3.9482,0.002976,335.98, 438.8934
532292,3.9512,0.002909,343.73, 438.8934
532293,3.9546,0.002997,333.70, 438.8934
532294,3.9575,0.002999,333.42, 438.8931
532295,3.9604,0.003014,331.84, 438.8934
532296,3.9634,0.002892,345.83, 438.8931
532297,3.9663,0.003094,323.16, 438.8953
532298,3.9692,0.002989,334.53, 438.8953
532299,3.9722,0.002929,341.44, 438.8934
532300,3.9751,0.002887,346.39, 438.8934
532301,3.9780,0.002966,337.12, 438.8934
532302,3.9810,0.003057,327.12, 438.8934
532303,3.9844,0.003137,318.80, 438.8934
532304,3.9873,0.003012,332.04, 438.8934
532305,3.9902,0.003004,332.93, 438.8934
532306,3.9932,0.002957,338.21, 438.8934
532307,3.9961,0.002939,340.26, 438.8934
532308,3.9990,0.002994,333.96, 438.8931
532309,4.0024,0.002977,335.87, 438.8931
532310,4.0054,0.002971,336.54, 438.8928
532311,4.0083,0.002938,340.34, 438.8934
532312,4.0112,0.002970,336.67, 438.8934
532313,4.0142,0.002961,337.71, 438.8934
532314,4.0171,0.002995,333.85, 438.8931
532315,4.0200,0.002985,334.96, 438.8934
532316,4.0229,0.002990,334.46, 438.8931
532317,4.0259,0.002963,337.51, 438.8931
532318,4.0288,0.003050,327.85, 438.8928
532319,4.0317,0.002938,340.32, 438.8972
532320,4.0352,0.003001,333.28, 438.8928
532321,4.0381,0.003005,332.77, 438.8934
532322,4.0410,0.003006,332.62, 438.8928
532323,4.0439,0.002969,336.77, 438.8934
532324,4.0469,0.003028,330.23, 438.8928
532325,4.0498,0.003014,331.77, 438.8931
532326,4.0532,0.003019,331.19, 438.8928
532327,4.0562,0.002942,339.95, 438.8931
532328,4.0591,0.003022,330.90, 438.8928
532329,4.0620,0.002998,333.53, 438.8931
532330,4.0649,0.003019,331.29, 438.8928
532331,4.0679,0.002982,335.30, 438.8928
532332,4.0713,0.003063,326.50, 438.8928
532333,4.0742,0.003094,323.19, 438.8934
532334,4.0771,0.003023,330.76, 438.8928
532335,4.0801,0.002959,337.93, 438.8934
532336,4.0830,0.003094,323.25, 438.8934
532337,4.0859,0.002918,342.74, 438.8931
532338,4.0894,0.003163,316.15, 438.8934
532339,4.0923,0.002946,339.40, 438.8934
532340,4.0952,0.003066,326.20, 438.8934
532341,4.0981,0.003012,331.98, 438.8928
532342,4.1016,0.003028,330.21, 438.8953
532343,4.1045,0.002946,339.44, 438.8931
532344,4.1074,0.003005,332.73, 438.8931
532345,4.1104,0.003027,330.38, 438.8934
532346,4.1133,0.003017,331.42, 438.8953
532347,4.1162,0.002871,348.31, 438.8994
532348,4.1191,0.003078,324.87, 438.8928
532349,4.1221,0.002956,338.26, 438.8934
532350,4.1250,0.002980,335.56, 438.8934
532351,4.1284,0.002996,333.83, 438.8934
532352,4.1313,0.003027,330.41, 438.8928
532353,4.1343,0.002926,341.75, 438.8934
532354,4.1372,0.003086,324.00, 438.8928
532355,4.1401,0.003028,330.21, 438.8934
532356,4.1436,0.003026,330.52, 438.8928
532357,4.1465,0.002936,340.56, 438.8934
532358,4.1494,0.003053,327.56, 438.8928
532359,4.1523,0.002991,334.29, 438.8953
532360,4.1553,0.003018,331.37, 438.8928
532361,4.1582,0.002975,336.09, 438.8931
532362,4.1611,0.003018,331.33, 438.8928
532363,4.1641,0.002924,342.04, 438.8931
532364,4.1670,0.002999,333.46, 438.8934
532365,4.1704,0.002950,339.01, 438.8931
532366,4.1733,0.002984,335.11, 438.8928
532367,4.1763,0.002920,342.42, 438.8934
532368,4.1792,0.002989,334.53, 438.8934
532369,4.1821,0.002932,341.04, 438.8934
532370,4.1851,0.002990,334.40, 438.8928
532371,4.1880,0.002961,337.77, 438.8934
532372,4.1909,0.003013,331.87, 438.8934
532373,4.1938,0.003021,331.07, 438.8934
532374,4.1973,0.003034,329.60, 438.8931
532375,4.2002,0.002933,340.91, 438.8934
532376,4.2031,0.002939,340.23, 438.8928
532377,4.2061,0.003142,318.26, 438.8934
532378,4.2095,0.003247,307.95, 438.8928
532379,4.2124,0.002983,335.23, 438.8934
532380,4.2153,0.002970,336.67, 438.8934
532381,4.2183,0.002944,339.67, 438.8934
532382,4.2212,0.003106,322.00, 438.8928
532383,4.2241,0.002994,333.96, 438.8934
532384,4.2271,0.002959,338.01, 438.8931
532385,4.2300,0.002961,337.68, 438.8934
532386,4.2334,0.002979,335.74, 438.8928
532387,4.2363,0.003081,324.55, 438.8934
532388,4.2393,0.003141,318.42, 438.8934
532389,4.2422,0.002982,335.32, 438.8934
532390,4.2451,0.002936,340.62, 438.8934
532391,4.2485,0.002980,335.60, 438.8934
532392,4.2515,0.002925,341.94, 438.9027
532393,4.2544,0.003065,326.30, 438.8934
532394,4.2573,0.002952,338.75, 438.8931
532395,4.2603,0.002933,340.94, 438.8934
532396,4.2632,0.003037,329.27, 438.8928
532397,4.2666,0.003170,315.51, 438.8928
532398,4.2695,0.003071,325.67, 438.8928
532399,4.2725,0.003016,331.55, 438.8934
532400,4.2754,0.002950,338.96, 438.8928
532401,4.2783,0.002990,334.40, 438.8953
532402,4.2813,0.002956,338.27, 438.9062
532403,4.2852,0.003651,273.90, 438.8931
532404,4.2886,0.003352,298.31, 438.8935
532405,4.2915,0.003100,322.54, 438.8934
532406,4.2949,0.003332,300.16, 438.8928
532407,4.2983,0.003324,300.89, 438.9017
532408,4.3018,0.003671,272.41, 438.8934
532409,4.3052,0.003406,293.59, 438.9007
532410,4.3086,0.003210,311.49, 438.8928
532411,4.3115,0.003003,333.06, 438.8931
532412,4.3145,0.003177,314.76, 438.8934
532413,4.3179,0.003149,317.60, 438.8928
532414,4.3208,0.003155,316.98, 438.8928
532415,4.3237,0.002980,335.55, 438.8934
532416,4.3267,0.002999,333.47, 438.8934
532417,4.3301,0.002956,338.34, 438.8934
532418,4.3330,0.002975,336.18, 438.8934
532419,4.3359,0.002951,338.83, 438.8934
532420,4.3389,0.003060,326.78, 438.8934
532421,4.3418,0.002966,337.15, 438.8934
532422,4.3447,0.003015,331.70, 438.8934
532423,4.3481,0.003123,320.18, 438.8928
532424,4.3511,0.003080,324.70, 438.8934
532425,4.3540,0.002977,335.95, 438.8931
532426,4.3569,0.003019,331.19, 438.8931
532427,4.3599,0.003008,332.44, 438.8934
532428,4.3628,0.003009,332.31, 438.8934
532429,4.3662,0.002960,337.85, 438.8928
532430,4.3691,0.003036,329.44, 438.8934
532431,4.3721,0.002905,344.26, 438.8963
532432,4.3750,0.003019,331.22, 438.8931
532433,4.3779,0.003108,321.78, 438.8931
532434,4.3813,0.003091,323.56, 438.8931
532435,4.3843,0.002958,338.03, 438.8928
532436,4.3872,0.003066,326.14, 438.8931
532437,4.3901,0.002985,335.01, 438.8928
532438,4.3931,0.003003,333.00, 438.8931
532439,4.3960,0.002933,341.01, 438.8928
532440,4.3989,0.003056,327.21, 438.8934
532441,4.4019,0.002955,338.41, 438.8928
532442,4.4053,0.003067,326.09, 438.8934
532443,4.4082,0.002949,339.13, 438.8934
532444,4.4111,0.003021,330.99, 438.8934
532445,4.4141,0.002966,337.14, 438.8934
532446,4.4170,0.003000,333.36, 438.8928
532447,4.4199,0.002947,339.35, 438.8934
532448,4.4229,0.003032,329.78, 438.8931
532449,4.4258,0.002906,344.07, 438.8934
532450,4.4292,0.003019,331.26, 438.8934
532451,4.4321,0.002887,346.44, 438.8931
532452,4.4351,0.003047,328.20, 438.8934
532453,4.4380,0.002930,341.36, 438.8934
532454,4.4409,0.003033,329.71, 438.8928
532455,4.4438,0.002918,342.68, 438.8931
532456,4.4468,0.002997,333.62, 438.8931
532457,4.4497,0.002949,339.06, 438.8928
532458,4.4526,0.002990,334.43, 438.8928
532459,4.4556,0.002963,337.51, 438.8934
532460,4.4590,0.003043,328.60, 438.8934
532461,4.4619,0.002934,340.81, 438.8934
532462,4.4648,0.003020,331.18, 438.8931
532463,4.4678,0.002941,339.99, 438.8934
532464,4.4707,0.003027,330.41, 438.8931
532465,4.4736,0.002950,338.97, 438.8931
532466,4.4766,0.003000,333.33, 438.8928
532467,4.4795,0.002977,335.95, 438.8934
532468,4.4824,0.002995,333.86, 438.8928
532469,4.4854,0.002916,342.97, 438.8934
532470,4.4883,0.002968,336.97, 438.8928
532471,4.4917,0.002976,336.04, 438.8931
532472,4.4946,0.002980,335.63, 438.8928
532473,4.4976,0.002973,336.32, 438.8934
532474,4.5005,0.002962,337.63, 438.8928
532475,4.5034,0.002997,333.71, 438.8931
532476,4.5063,0.003104,322.16, 438.8928
532477,4.5098,0.003054,327.40, 438.8934
532478,4.5127,0.002951,338.89, 438.8928
532479,4.5156,0.002977,335.92, 438.8934
532480,4.5186,0.002977,335.97, 438.8928
532481,4.5215,0.003051,327.82, 438.8934
532482,4.5244,0.002974,336.22, 438.8928
532483,4.5273,0.002978,335.83, 438.8934
532484,4.5303,0.002957,338.13, 438.8928
532485,4.5332,0.002957,338.23, 438.8934
532486,4.5361,0.002925,341.93, 438.8953
532487,4.5396,0.003069,325.80, 438.8934
532488,4.5425,0.002964,337.40, 438.8931
532489,4.5454,0.002946,339.44, 438.8934
532490,4.5483,0.002957,338.15, 438.8928
532491,4.5513,0.003019,331.20, 438.8928
532492,4.5542,0.003008,332.42, 438.8934
532493,4.5571,0.003044,328.52, 438.8934
532494,4.5601,0.002976,336.06, 438.8928
532495,4.5635,0.002999,333.49, 438.8934
532496,4.5664,0.002988,334.66, 438.8931
532497,4.5693,0.003087,323.99, 438.8931
532498,4.5723,0.002929,341.43, 438.8928
532499,4.5752,0.002988,334.67, 438.8934
532500,4.5781,0.002936,340.58, 438.8934
532501,4.5811,0.003026,330.52, 438.8931
532502,4.5840,0.002944,339.67, 438.8931
532503,4.5874,0.003062,326.54, 438.8934
532504,4.5903,0.002928,341.52, 438.8931
532505,4.5933,0.002973,336.34, 438.8934
532506,4.5962,0.002896,345.28, 438.8934
532507,4.5991,0.003040,328.96, 438.8934
532508,4.6021,0.002907,343.96, 438.8934
532509,4.6050,0.002998,333.61, 438.8934
532510,4.6079,0.002948,339.20, 438.8931
532511,4.6108,0.002975,336.13, 438.8934
532512,4.6138,0.002909,343.74, 438.8934
532513,4.6172,0.003161,316.34, 438.8928
532514,4.6201,0.003019,331.19, 438.8928
532515,4.6230,0.002995,333.88, 438.8934
532516,4.6260,0.002912,343.47, 438.8934
532517,4.6289,0.003030,330.09, 438.8931
532518,4.6318,0.002931,341.19, 438.8934
532519,4.6348,0.002983,335.27, 438.8934
532520,4.6377,0.002959,338.00, 438.8934
532521,4.6406,0.002995,333.85, 438.8928
532522,4.6436,0.002951,338.86, 438.8928
532523,4.6465,0.002983,335.24, 438.8928
532524,4.6499,0.003089,323.70, 438.8934
532525,4.6528,0.003002,333.16, 438.8931
532526,4.6558,0.002922,342.18, 438.8931
532527,4.6587,0.003020,331.08, 438.8928
532528,4.6616,0.002950,338.96, 438.8928
532529,4.6646,0.002942,339.90, 438.8931
532530,4.6675,0.002954,338.58, 438.8934
532531,4.6704,0.002945,339.58, 438.8934
532532,4.6733,0.002994,333.98, 438.8928
532533,4.6763,0.002911,343.57, 438.8931
532534,4.6792,0.002974,336.21, 438.8931
532535,4.6821,0.002948,339.24, 438.8934
532536,4.6855,0.003001,333.19, 438.8934
532537,4.6885,0.002954,338.55, 438.8931
532538,4.6914,0.002970,336.66, 438.8934
532539,4.6943,0.002925,341.83, 438.8934
532540,4.6973,0.003056,327.23, 438.8931
532541,4.7002,0.003072,325.48, 438.8931
532542,4.7036,0.003187,313.76, 438.8934
532543,4.7065,0.002965,337.29, 438.8931
532544,4.7095,0.003001,333.21, 438.8934
532545,4.7124,0.002900,344.85, 438.8934
532546,4.7153,0.002948,339.26, 438.8934
532547,4.7183,0.003082,324.51, 438.8931
532548,4.7217,0.003279,305.02, 438.8928
532549,4.7246,0.002981,335.42, 438.8934
532550,4.7280,0.003235,309.17, 438.8928
532551,4.7310,0.003217,310.81, 438.8931
532552,4.7344,0.003078,324.85, 438.8934
532553,4.7373,0.002957,338.16, 438.8934
532554,4.7402,0.003010,332.27, 438.8936
532555,4.7432,0.002956,338.33, 438.8934
532556,4.7461,0.003018,331.36, 438.8934
532557,4.7490,0.002983,335.22, 438.8931
532558,4.7520,0.003022,330.94, 438.8934
532559,4.7549,0.002917,342.85, 438.8934
532560,4.7583,0.003078,324.92, 438.8934
532561,4.7612,0.002980,335.60, 438.8934
532562,4.7642,0.003016,331.54, 438.8934
532563,4.7671,0.002979,335.68, 438.8928
532564,4.7700,0.003054,327.48, 438.8934
532565,4.7729,0.002886,346.45, 438.8958
532566,4.7759,0.002996,333.73, 438.8931
532567,4.7788,0.002990,334.44, 438.8934
532568,4.7822,0.003064,326.37, 438.8928
532569,4.7852,0.002991,334.37, 438.8934
532570,4.7881,0.003109,321.63, 438.8928
532571,4.7910,0.003033,329.73, 438.8931
532572,4.7944,0.003066,326.13, 438.8934
532573,4.7974,0.002956,338.31, 438.8931
532574,4.8003,0.003024,330.69, 438.8928
532575,4.8032,0.002970,336.71, 438.8931
532576,4.8062,0.003077,325.04, 438.8928
532577,4.8091,0.002975,336.17, 438.8934
532578,4.8125,0.003135,319.02, 438.8928
532579,4.8154,0.002926,341.81, 438.8934
532580,4.8184,0.003061,326.68, 438.8934
532581,4.8213,0.002970,336.67, 438.8928
532582,4.8242,0.003045,328.44, 438.8934
532583,4.8271,0.002842,351.85, 438.9228
532584,4.8306,0.003236,308.99, 438.8928
532585,4.8335,0.002925,341.85, 438.8934
532586,4.8364,0.002991,334.29, 438.8931
532587,4.8394,0.002956,338.26, 438.8934
532588,4.8423,0.003002,333.17, 438.8934
532589,4.8452,0.002883,346.91, 438.8934
532590,4.8481,0.003062,326.62, 438.8934
532591,4.8511,0.002928,341.53, 438.8934
532592,4.8545,0.003199,312.58, 438.8934
532593,4.8574,0.002930,341.34, 438.8934
532594,4.8604,0.002998,333.60, 438.8934
532595,4.8633,0.002892,345.82, 438.8934
532596,4.8662,0.002975,336.19, 438.8934
532597,4.8691,0.003053,327.60, 438.8934
532598,4.8726,0.003019,331.24, 438.8934
532599,4.8750,0.002888,346.32, 438.8934
532600,4.8784,0.002999,333.46, 438.8931
532601,4.8813,0.002913,343.25, 438.8934
532602,4.8843,0.003041,328.88, 438.8931
532603,4.8872,0.002962,337.59, 438.8934
532604,4.8901,0.002992,334.24, 438.8934
532605,4.8931,0.002888,346.30, 438.8934
532606,4.8960,0.002937,340.53, 438.8931
532607,4.8989,0.003073,325.41, 438.8934
532608,4.9019,0.003033,329.68, 438.8931
532609,4.9048,0.002930,341.30, 438.8934
532610,4.9077,0.002956,338.30, 438.8928
532611,4.9111,0.002968,336.92, 438.8934
532612,4.9141,0.003035,329.54, 438.8928
532613,4.9170,0.003033,329.72, 438.8934
532614,4.9199,0.003002,333.14, 438.8928
532615,4.9229,0.002986,334.91, 438.8928
532616,4.9258,0.002951,338.89, 438.8928
532617,4.9287,0.002958,338.07, 438.8934
532618,4.9321,0.003001,333.23, 438.8928
532619,4.9351,0.002971,336.61, 438.8934
532620,4.9380,0.002933,340.91, 438.8934
532621,4.9409,0.002969,336.80, 438.8934
532622,4.9438,0.002910,343.70, 438.8934
532623,4.9468,0.002971,336.63, 438.8934
532624,4.9497,0.003018,331.30, 438.8934
532625,4.9526,0.002987,334.80, 438.8934
532626,4.9556,0.002887,346.36, 438.8928
532627,4.9585,0.002967,337.01, 438.8934
532628,4.9614,0.002904,344.32, 438.8934
532629,4.9644,0.003016,331.58, 438.8934
532630,4.9673,0.002900,344.80, 438.8931
532631,4.9702,0.002979,335.65, 438.8934
532632,4.9731,0.002908,343.93, 438.8931
532633,4.9761,0.002974,336.22, 438.8934
532634,4.9790,0.002883,346.85, 438.8934
532635,4.9819,0.003007,332.60, 438.8931
532636,4.9849,0.002870,348.38, 438.8934
532637,4.9878,0.003031,329.92, 438.8928
532638,4.9907,0.002928,341.50, 438.8934
532639,4.9941,0.003005,332.79, 438.8934
532640,4.9971,0.003008,332.44, 438.8934
532641,5.0000,0.002996,333.77, 438.8934
532642,5.0029,0.002867,348.77, 438.8934
532643,5.0059,0.003012,332.05, 438.8934
532644,5.0088,0.003048,328.11, 438.8928
532645,5.0122,0.003292,303.77, 438.8928
532646,5.0151,0.003033,329.67, 438.8934
532647,5.0181,0.003052,327.62, 438.8934
532648,5.0210,0.003016,331.57, 438.8934
532649,5.0244,0.003090,323.64, 438.8934
532650,5.0273,0.002960,337.84, 438.8934
532651,5.0303,0.003120,320.51, 438.8934
532652,5.0332,0.002922,342.20, 438.8934
532653,5.0361,0.003055,327.34, 438.8934
532654,5.0396,0.002932,341.11, 438.8934
532655,5.0425,0.003041,328.84, 438.8934
532656,5.0454,0.002929,341.47, 438.8934
532657,5.0483,0.003025,330.58, 438.8931
532658,5.0513,0.003007,332.58, 438.8953
532659,5.0542,0.003064,326.37, 438.8953
532660,5.0571,0.002932,341.10, 438.8934
532661,5.0605,0.003005,332.83, 438.8934
532662,5.0635,0.003009,332.39, 438.8931
532663,5.0664,0.003010,332.21, 438.8934
532664,5.0693,0.002928,341.54, 438.8934
532665,5.0723,0.002987,334.81, 438.8931
532666,5.0752,0.002961,337.71, 438.8931
532667,5.0781,0.003005,332.81, 438.8934
532668,5.0811,0.002970,336.75, 438.8934
532669,5.0845,0.003067,326.08, 438.8934
532670,5.0874,0.003232,309.45, 438.8931
532671,5.0908,0.003185,313.93, 438.8931
532672,5.0938,0.003112,321.31, 438.8931
532673,5.0967,0.003038,329.21, 438.8928
532674,5.0996,0.002974,336.27, 438.8934
532675,5.1030,0.003026,330.51, 438.8934
532676,5.1060,0.002996,333.78, 438.8934
532677,5.1089,0.003027,330.39, 438.8934
532678,5.1118,0.002967,337.01, 438.8931
532679,5.1147,0.002991,334.31, 438.8934
532680,5.1177,0.002981,335.42, 438.8934
532681,5.1206,0.003019,331.29, 438.8934
532682,5.1240,0.002995,333.87, 438.8931
532683,5.1270,0.003006,332.66, 438.8934
532684,5.1299,0.002989,334.59, 438.8934
532685,5.1328,0.003004,332.86, 438.8928
532686,5.1357,0.002990,334.49, 438.8931
532687,5.1387,0.003042,328.69, 438.8928
532688,5.1421,0.003034,329.65, 438.8934
532689,5.1450,0.002976,336.03, 438.8934
532690,5.1479,0.002970,336.70, 438.8934
532691,5.1509,0.003019,331.28, 438.8931
532692,5.1538,0.003048,328.05, 438.8934
532693,5.1567,0.002995,333.89, 438.8934
532694,5.1597,0.002984,335.14, 438.8934
532695,5.1626,0.002944,339.73, 438.8934
532696,5.1655,0.002984,335.15, 438.8931
532697,5.1689,0.003027,330.37, 438.8934
532698,5.1719,0.003085,324.20, 438.8931
532699,5.1748,0.003022,330.96, 438.8931
532700,5.1777,0.003025,330.58, 438.8931
532701,5.1812,0.003003,333.01, 438.8928
532702,5.1841,0.003006,332.70, 438.8928
532703,5.1870,0.002996,333.78, 438.8928
532704,5.1899,0.003141,318.41, 438.8934
532705,5.1929,0.002922,342.23, 438.8934
532706,5.1958,0.002958,338.03, 438.8934
532707,5.1987,0.002986,334.90, 438.8928
532708,5.2021,0.002978,335.78, 438.8934
532709,5.2046,0.002891,345.96, 438.8934
532710,5.2080,0.002980,335.60, 438.8934
532711,5.2109,0.002916,342.97, 438.8934
532712,5.2139,0.002991,334.33, 438.8934
532713,5.2168,0.002911,343.54, 438.8934
532714,5.2197,0.003032,329.78, 438.8931
532715,5.2227,0.002941,339.99, 438.8931
532716,5.2256,0.002971,336.59, 438.8934
532717,5.2285,0.002954,338.57, 438.8931
532718,5.2314,0.003032,329.79, 438.8928
532719,5.2344,0.002938,340.34, 438.8934
532720,5.2373,0.003035,329.49, 438.8931
532721,5.2402,0.002880,347.19, 438.9092
532722,5.2432,0.003014,331.76, 438.8928
532723,5.2461,0.002878,347.46, 438.8934
532724,5.2495,0.003009,332.34, 438.8934
532725,5.2524,0.002948,339.25, 438.8934
532726,5.2554,0.003010,332.18, 438.8931
532727,5.2583,0.002935,340.72, 438.8934
532728,5.2612,0.003028,330.24, 438.8934
532729,5.2642,0.002861,349.53, 438.8934
532730,5.2671,0.002935,340.68, 438.8934
532731,5.2700,0.002932,341.05, 438.8934
532732,5.2729,0.003024,330.73, 438.8934
532733,5.2759,0.002960,337.83, 438.8934
532734,5.2788,0.002965,337.23, 438.8934
532735,5.2817,0.002921,342.41, 438.8934
532736,5.2847,0.003041,328.87, 438.8934
532737,5.2881,0.003069,325.80, 438.8931
532738,5.2915,0.003424,292.06, 438.8928
532739,5.2949,0.003391,294.88, 438.8934
532740,5.2979,0.003249,307.82, 438.8931
532741,5.3013,0.003368,296.94, 438.8928
532742,5.3047,0.003507,285.13, 438.8958
532743,5.3086,0.003567,280.38, 438.8928
532744,5.3120,0.003384,295.53, 438.8928
532745,5.3149,0.003209,311.58, 438.8934
532746,5.3184,0.003166,315.87, 438.8934
532747,5.3213,0.003158,316.69, 438.8928
532748,5.3242,0.003098,322.78, 438.8931
532749,5.3276,0.003021,330.97, 438.8931
532750,5.3306,0.002970,336.72, 438.8934
532751,5.3335,0.003010,332.25, 438.8928
532752,5.3364,0.002943,339.80, 438.8934
532753,5.3394,0.002976,336.00, 438.8934
532754,5.3423,0.002982,335.37, 438.8936
532755,5.3452,0.002954,338.52, 438.8934
532756,5.3481,0.002995,333.86, 438.8934
532757,5.3511,0.002962,337.60, 438.8934
532758,5.3545,0.003056,327.27, 438.8928
532759,5.3574,0.002983,335.27, 438.8934
532760,5.3604,0.002978,335.84, 438.8934
532761,5.3633,0.002948,339.22, 438.8928
532762,5.3662,0.002996,333.82, 438.8931
532763,5.3691,0.003004,332.92, 438.8931
532764,5.3721,0.003037,329.23, 438.8934
532765,5.3750,0.002935,340.68, 438.8934
532766,5.3784,0.003077,325.01, 438.8934
532767,5.3813,0.002985,334.97, 438.8934
532768,5.3843,0.002975,336.19, 438.8934
532769,5.3872,0.002937,340.46, 438.8934
532770,5.3901,0.003001,333.21, 438.8936
532771,5.3931,0.002951,338.89, 438.8928
532772,5.3960,0.002995,333.93, 438.8934
532773,5.3994,0.003424,292.06, 438.8928
532774,5.4038,0.004089,244.59, 438.8930
532775,5.4072,0.003390,294.96, 438.8934
532776,5.4102,0.002931,341.24, 438.8928
532777,5.4131,0.002958,338.09, 438.8934
532778,5.4160,0.002954,338.56, 438.8931
532779,5.4189,0.003037,329.33, 438.8928
532780,5.4219,0.002961,337.77, 438.8934
532781,5.4248,0.003013,331.87, 438.8931
532782,5.4277,0.002948,339.24, 438.8934
532783,5.4307,0.002998,333.59, 438.8934
532784,5.4336,0.002923,342.15, 438.8931
532785,5.4365,0.002967,337.06, 438.8934
532786,5.4395,0.002997,333.69, 438.8934
532787,5.4429,0.002951,338.88, 438.8934
532788,5.4458,0.002932,341.04, 438.8934
532789,5.4487,0.002987,334.76, 438.8931
532790,5.4517,0.002979,335.71, 438.8934
532791,5.4546,0.002951,338.87, 438.8931
532792,5.4575,0.002988,334.65, 438.8953
532793,5.4604,0.002941,340.07, 438.9027
532794,5.4634,0.002998,333.58, 438.8931
532795,5.4663,0.002937,340.52, 438.9109
532796,5.4692,0.003006,332.68, 438.8934
532797,5.4722,0.002942,339.92, 438.8928
532798,5.4756,0.003066,326.19, 438.8931
532799,5.4785,0.002975,336.09, 438.8931
532800,5.4814,0.003019,331.24, 438.8997
532801,5.4844,0.002975,336.12, 438.8928
532802,5.4873,0.003069,325.87, 438.8928
532803,5.4902,0.002963,337.55, 438.8934
532804,5.4932,0.002984,335.08, 438.8934
532805,5.4961,0.002917,342.78, 438.8953
532806,5.4995,0.003022,330.86, 438.8931
532807,5.5024,0.002960,337.89, 438.8928
532808,5.5054,0.003015,331.71, 438.8931
532809,5.5083,0.002981,335.45, 438.8928
532810,5.5112,0.003025,330.55, 438.8934
532811,5.5142,0.002966,337.14, 438.8928
532812,5.5171,0.002976,336.08, 438.8934
532813,5.5200,0.002914,343.16, 438.8928
532814,5.5229,0.003034,329.57, 438.8934
532815,5.5264,0.003012,332.03, 438.8928
532816,5.5293,0.003160,316.49, 438.8931
532817,5.5322,0.002919,342.59, 438.8928
532818,5.5352,0.003008,332.46, 438.8934
532819,5.5381,0.002927,341.60, 438.8928
532820,5.5410,0.003047,328.18, 438.8934
532821,5.5439,0.002925,341.85, 438.8934
532822,5.5474,0.003038,329.15, 438.8934
532823,5.5503,0.002972,336.44, 438.8934
532824,5.5532,0.003018,331.36, 438.8928
532825,5.5562,0.002905,344.20, 438.8934
532826,5.5591,0.003043,328.68, 438.8928
532827,5.5620,0.002865,349.05, 438.8934
532828,5.5649,0.002964,337.40, 438.8934
532829,5.5679,0.002889,346.18, 438.8934
532830,5.5708,0.002989,334.52, 438.8934
532831,5.5737,0.002942,339.90, 438.8934
532832,5.5767,0.002987,334.83, 438.8934
532833,5.5796,0.002900,344.86, 438.8934
532834,5.5825,0.002981,335.49, 438.8934
532835,5.5854,0.002905,344.23, 438.8934
532836,5.5884,0.002973,336.37, 438.8934
532837,5.5913,0.002948,339.21, 438.8934
532838,5.5942,0.002937,340.54, 438.8934
532839,5.5972,0.002925,341.88, 438.8931
532840,5.6001,0.002941,340.03, 438.8934
532841,5.6030,0.002949,339.14, 438.8934
532842,5.6064,0.002969,336.87, 438.8928
532843,5.6094,0.002938,340.36, 438.8934
532844,5.6118,0.002872,348.25, 438.8934
532845,5.6147,0.002929,341.39, 438.8934
532846,5.6177,0.002944,339.64, 438.8934
532847,5.6211,0.003087,323.91, 438.8934
532848,5.6240,0.002907,344.01, 438.8931
532849,5.6270,0.003040,328.94, 438.8934
532850,5.6299,0.002933,340.92, 438.8928
532851,5.6328,0.002968,336.93, 438.8934
532852,5.6357,0.002913,343.32, 438.8934
532853,5.6387,0.003025,330.60, 438.8934
532854,5.6416,0.002924,341.99, 438.8934
532855,5.6445,0.002954,338.56, 438.8934
532856,5.6475,0.002870,348.38, 438.8934
532857,5.6504,0.003081,324.56, 438.8934
532858,5.6533,0.002964,337.42, 438.8931
532859,5.6567,0.003000,333.30, 438.8934
532860,5.6597,0.002899,344.90, 438.8928
532861,5.6626,0.002979,335.66, 438.8934
532862,5.6655,0.002940,340.12, 438.8931
532863,5.6685,0.003019,331.19, 438.8934
532864,5.6714,0.002913,343.24, 438.8934
532865,5.6743,0.002958,338.04, 438.8934
532866,5.6772,0.002934,340.81, 438.8928
532867,5.6802,0.002996,333.73, 438.8934
532868,5.6831,0.002904,344.39, 438.8934
532869,5.6860,0.003033,329.66, 438.8931
532870,5.6890,0.002967,337.03, 438.8931
532871,5.6919,0.003002,333.08, 438.8934
532872,5.6948,0.002964,337.42, 438.8934
532873,5.6982,0.002974,336.24, 438.8934
532874,5.7012,0.002950,339.01, 438.8934
532875,5.7041,0.002945,339.55, 438.8934
532876,5.7070,0.003061,326.70, 438.8934
532877,5.7100,0.003011,332.10, 438.8931
532878,5.7129,0.002927,341.67, 438.8934
532879,5.7158,0.002954,338.51, 438.8934
532880,5.7188,0.002974,336.27, 438.8934
532881,5.7217,0.002997,333.66, 438.8931
532882,5.7251,0.003014,331.84, 438.8928
532883,5.7280,0.002989,334.62, 438.8934
532884,5.7310,0.002940,340.11, 438.8934
532885,5.7339,0.002908,343.91, 438.8934
532886,5.7368,0.002981,335.46, 438.8934
532887,5.7397,0.002960,337.83, 438.8934
532888,5.7427,0.002944,339.73, 438.8934
532889,5.7456,0.002998,333.61, 438.8928
532890,5.7490,0.003259,306.89, 438.8934
532891,5.7520,0.003036,329.35, 438.8934
532892,5.7549,0.003010,332.18, 438.8931
532893,5.7578,0.002959,337.91, 438.8931
532894,5.7607,0.003012,332.02, 438.8934
532895,5.7637,0.002938,340.37, 438.8934
532896,5.7666,0.002965,337.30, 438.8934
532897,5.7695,0.002977,335.94, 438.8928
532898,5.7729,0.002998,333.56, 438.8931
532899,5.7759,0.002946,339.41, 438.8928
532900,5.7788,0.003098,322.82, 438.8934
532901,5.7817,0.002929,341.39, 438.8928
532902,5.7847,0.002976,336.08, 438.8931
532903,5.7876,0.002904,344.31, 438.8934
532904,5.7905,0.002987,334.84, 438.8934
532905,5.7935,0.003046,328.33, 438.8928
532906,5.7969,0.003048,328.14, 438.8928
532907,5.7998,0.003010,332.23, 438.8934
532908,5.8027,0.003040,328.96, 438.8934
532909,5.8057,0.002953,338.70, 438.8931
532910,5.8086,0.003035,329.51, 438.8931
532911,5.8115,0.002885,346.61, 438.8934
532912,5.8145,0.002992,334.20, 438.8934
532913,5.8174,0.002915,343.05, 438.8934
532914,5.8208,0.003054,327.42, 438.8928
532915,5.8237,0.003005,332.79, 438.8928
532916,5.8267,0.003245,308.19, 438.8931
532917,5.8301,0.003031,329.94, 438.8934
532918,5.8330,0.003055,327.36, 438.8931
532919,5.8359,0.002918,342.72, 438.8931
532920,5.8389,0.003024,330.68, 438.8934
532921,5.8418,0.002955,338.43, 438.8928
532922,5.8447,0.003025,330.59, 438.8928
532923,5.8477,0.002936,340.65, 438.8928
532924,5.8506,0.003000,333.32, 438.8931
532925,5.8535,0.002926,341.76, 438.8928
532926,5.8569,0.003047,328.19, 438.8934
532927,5.8599,0.003005,332.79, 438.8934
532928,5.8628,0.002996,333.74, 438.8931
532929,5.8657,0.002943,339.81, 438.8931
532930,5.8687,0.003038,329.22, 438.8931
532931,5.8716,0.002963,337.45, 438.8934
532932,5.8745,0.003017,331.47, 438.8934
532933,5.8774,0.002940,340.18, 438.8934
532934,5.8809,0.003056,327.28, 438.8931
532935,5.8838,0.002920,342.52, 438.8934
532936,5.8867,0.003002,333.13, 438.8931
532937,5.8896,0.003004,332.85, 438.8934
532938,5.8926,0.002995,333.89, 438.8934
532939,5.8955,0.003028,330.22, 438.8934
532940,5.8984,0.003032,329.77, 438.8931
532941,5.9019,0.002977,335.89, 438.8934
532942,5.9048,0.003012,332.02, 438.8931
532943,5.9077,0.002988,334.73, 438.8934
532944,5.9111,0.003258,306.90, 438.8934
532945,5.9141,0.002955,338.41, 438.9003
532946,5.9170,0.002995,333.89, 438.8928
532947,5.9199,0.003001,333.27, 438.8931
532948,5.9229,0.002980,335.58, 438.8934
532949,5.9258,0.003062,326.55, 438.8931
532950,5.9287,0.003044,328.55, 438.8928
532951,5.9321,0.003058,327.06, 438.8928
532952,5.9351,0.003018,331.32, 438.8928
532953,5.9380,0.002995,333.95, 438.8931
532954,5.9409,0.002984,335.13, 438.8931
532955,5.9438,0.003025,330.60, 438.8928
532956,5.9468,0.002935,340.72, 438.8934
532957,5.9502,0.003021,331.03, 438.8928
532958,5.9531,0.003011,332.09, 438.8934
532959,5.9561,0.002975,336.12, 438.8934
532960,5.9590,0.002959,337.99, 438.8934
532961,5.9619,0.002977,335.94, 438.8934
532962,5.9648,0.002991,334.35, 438.8931
532963,5.9678,0.003048,328.13, 438.8934
532964,5.9707,0.002960,337.80, 438.8931
532965,5.9741,0.002998,333.59, 438.8934
532966,5.9771,0.002957,338.24, 438.8928
532967,5.9800,0.003015,331.63, 438.8934
532968,5.9829,0.002983,335.20, 438.8928
532969,5.9858,0.002960,337.82, 438.8934
532970,5.9888,0.002975,336.12, 438.8928
532971,5.9917,0.003017,331.49, 438.8934
532972,5.9946,0.002958,338.04, 438.8934
532973,5.9980,0.003095,323.06, 438.8934
532974,6.0010,0.003031,329.98, 438.8928
532975,6.0039,0.003009,332.37, 438.8934
532976,6.0068,0.002940,340.14, 438.8934
532977,6.0098,0.003036,329.39, 438.8934
532978,6.0127,0.002989,334.52, 438.8928
532979,6.0161,0.003021,331.05, 438.8934
532980,6.0190,0.002930,341.30, 438.8931
532981,6.0220,0.003015,331.69, 438.8934
532982,6.0249,0.002968,336.89, 438.8931
532983,6.0278,0.003008,332.45, 438.8931
532984,6.0308,0.002948,339.27, 438.8928
532985,6.0337,0.003031,329.90, 438.8934
532986,6.0366,0.002914,343.21, 438.8928
532987,6.0396,0.003075,325.17, 438.8928
532988,6.0425,0.002897,345.14, 438.9218
532989,6.0459,0.003049,327.98, 438.8934
532990,6.0488,0.002962,337.63, 438.8934
532991,6.0518,0.003004,332.88, 438.8934
532992,6.0547,0.003057,327.12, 438.8934
532993,6.0576,0.003052,327.68, 438.8934
532994,6.0605,0.002958,338.10, 438.8934
532995,6.0640,0.002994,334.05, 438.8934
532996,6.0664,0.002906,344.16, 438.8934
532997,6.0698,0.003060,326.81, 438.8931
532998,6.0728,0.002976,336.07, 438.8934
532999,6.0757,0.003041,328.81, 438.8931
533000,6.0786,0.002972,336.46, 438.8931
533001,6.0815,0.003085,324.20, 438.8934
533002,6.0850,0.002972,336.49, 438.8936
533003,6.0879,0.003025,330.55, 438.8934
533004,6.0908,0.002945,339.52, 438.8934
533005,6.0938,0.002992,334.24, 438.8931
533006,6.0967,0.002940,340.11, 438.8931
533007,6.0996,0.003022,330.95, 438.8934
533008,6.1025,0.002916,342.91, 438.8931
533009,6.1055,0.002983,335.26, 438.8934
533010,6.1084,0.003035,329.51, 438.8934
533011,6.1118,0.003009,332.31, 438.8934
533012,6.1147,0.002967,337.09, 438.8931
533013,6.1177,0.002996,333.78, 438.8928
533014,6.1206,0.002970,336.76, 438.8931
533015,6.1235,0.002978,335.75, 438.8934
533016,6.1265,0.002963,337.48, 438.8928
533017,6.1294,0.003018,331.32, 438.8928
533018,6.1323,0.002977,335.92, 438.8928
533019,6.1353,0.002958,338.04, 438.9121
533020,6.1382,0.002957,338.23, 438.8943
533021,6.1411,0.002933,340.90, 438.9027
533022,6.1445,0.002983,335.26, 438.8934
533023,6.1475,0.002950,338.98, 438.8934
533024,6.1504,0.002957,338.24, 438.8934
533025,6.1533,0.002937,340.51, 438.8934
533026,6.1563,0.003016,331.61, 438.8931
533027,6.1592,0.002950,338.94, 438.8934
533028,6.1621,0.002979,335.64, 438.8934
533029,6.1650,0.002923,342.15, 438.8928
533030,6.1680,0.003010,332.26, 438.8934
533031,6.1709,0.002961,337.71, 438.8934
533032,6.1738,0.003035,329.46, 438.8934
533033,6.1768,0.002957,338.23, 438.8931
533034,6.1802,0.003013,331.85, 438.8934
533035,6.1831,0.002950,338.95, 438.8934
533036,6.1860,0.003034,329.63, 438.9559
533037,6.1890,0.003018,331.30, 438.8934
533038,6.1919,0.003035,329.53, 438.8931
533039,6.1948,0.002931,341.16, 438.8934
533040,6.1978,0.003021,330.98, 438.8934
533041,6.2012,0.002988,334.63, 438.8931
533042,6.2041,0.003074,325.29, 438.8931
533043,6.2070,0.002967,337.07, 438.8931
533044,6.2100,0.002998,333.58, 438.8934
533045,6.2129,0.002925,341.88, 438.8928
533046,6.2158,0.003022,330.87, 438.8928
533047,6.2188,0.002942,339.92, 438.8934
533048,6.2222,0.003023,330.78, 438.8934
533049,6.2246,0.002914,343.23, 438.8934
533050,6.2280,0.003022,330.86, 438.8928
533051,6.2310,0.002919,342.63, 438.8934
533052,6.2339,0.003152,317.29, 438.8934
533053,6.2368,0.003027,330.36, 438.8934
533054,6.2402,0.003066,326.18, 438.8931
533055,6.2432,0.002913,343.27, 438.8934
533056,6.2461,0.003037,329.26, 438.8934
533057,6.2490,0.003007,332.52, 438.8934
533058,6.2520,0.003049,327.94, 438.8934
533059,6.2549,0.002917,342.78, 438.8934
533060,6.2578,0.002986,334.94, 438.8934
533061,6.2607,0.002940,340.17, 438.8934
533062,6.2637,0.003018,331.38, 438.8931
533063,6.2666,0.002907,344.03, 438.8934
533064,6.2700,0.003091,323.55, 438.8931
533065,6.2729,0.002964,337.36, 438.8934
533066,6.2759,0.003038,329.17, 438.8928
533067,6.2788,0.003045,328.45, 438.8934
533068,6.2817,0.003013,331.93, 438.8931
533069,6.2852,0.002965,337.28, 438.8931
533070,6.2881,0.003047,328.22, 438.8931
533071,6.2910,0.002954,338.48, 438.8934
533072,6.2939,0.002993,334.10, 438.8934
533073,6.2969,0.002939,340.24, 438.8931
533074,6.2998,0.002977,335.93, 438.8934
533075,6.3027,0.002931,341.23, 438.8934
533076,6.3057,0.002960,337.79, 438.8934
533077,6.3091,0.003266,306.23, 438.8928
533078,6.3125,0.003725,268.49, 438.8928
533079,6.3159,0.003185,314.01, 438.8931
533080,6.3193,0.003296,303.42, 438.8931
533081,6.3228,0.003423,292.17, 438.9218
533082,6.3262,0.003635,275.10, 438.8928
533083,6.3296,0.003469,288.26, 438.8928
533084,6.3330,0.003146,317.85, 438.8934
533085,6.3359,0.003054,327.47, 438.8928
533086,6.3389,0.003186,313.87, 438.8928
533087,6.3423,0.003115,321.05, 438.8934
533088,6.3452,0.002992,334.26, 438.8934
533089,6.3481,0.002993,334.17, 438.8934
533090,6.3511,0.002986,334.93, 438.8931
533091,6.3540,0.002949,339.06, 438.8934
533092,6.3574,0.003080,324.72, 438.8934
533093,6.3604,0.003027,330.40, 438.8931
533094,6.3633,0.002973,336.39, 438.8934
533095,6.3662,0.002939,340.27, 438.8934
533096,6.3691,0.002994,334.06, 438.8928
533097,6.3721,0.003054,327.45, 438.8928
533098,6.3750,0.003032,329.85, 438.8934
533099,6.3784,0.002982,335.35, 438.8934
533100,6.3813,0.002981,335.46, 438.8934
533101,6.3843,0.002991,334.30, 438.8934
533102,6.3872,0.003041,328.80, 438.8928
533103,6.3901,0.003085,324.17, 438.8934
533104,6.3936,0.003023,330.78, 438.8934
533105,6.3965,0.002951,338.83, 438.8928
533106,6.3994,0.003059,326.96, 438.8931
533107,6.4023,0.002985,335.05, 438.8934
533108,6.4053,0.002989,334.56, 438.8934
533109,6.4082,0.002946,339.48, 438.8934
533110,6.4111,0.002988,334.67, 438.8931
533111,6.4141,0.002923,342.10, 438.8934
533112,6.4175,0.003100,322.60, 438.8934
533113,6.4204,0.003003,333.03, 438.8934
533114,6.4233,0.003044,328.48, 438.8934
533115,6.4263,0.002996,333.82, 438.8931
533116,6.4292,0.003023,330.80, 438.8934
533117,6.4321,0.002949,339.10, 438.8931
533118,6.4351,0.002995,333.89, 438.8931
533119,6.4380,0.002939,340.24, 438.8934
533120,6.4414,0.003030,330.08, 438.8934
533121,6.4443,0.002941,339.97, 438.8934
533122,6.4473,0.002983,335.24, 438.8931
533123,6.4502,0.002978,335.80, 438.8934
533124,6.4531,0.003021,331.01, 438.8934
533125,6.4561,0.002950,339.03, 438.8931
533126,6.4590,0.003067,326.09, 438.8934
533127,6.4619,0.002897,345.15, 438.8934
533128,6.4648,0.002992,334.21, 438.8928
533129,6.4678,0.002919,342.58, 438.8934
533130,6.4712,0.003033,329.74, 438.8934
533131,6.4741,0.002924,342.03, 438.8936
533132,6.4771,0.003040,328.95, 438.8934
533133,6.4800,0.002927,341.71, 438.8934
533134,6.4829,0.003023,330.85, 438.8928
533135,6.4858,0.002887,346.33, 438.8934
533136,6.4888,0.003057,327.17, 438.8928
533137,6.4917,0.002967,337.09, 438.8934
533138,6.4951,0.003017,331.42, 438.8928
533139,6.4980,0.002943,339.78, 438.8934
533140,6.5010,0.003013,331.92, 438.8928
533141,6.5039,0.002941,339.97, 438.8931
533142,6.5068,0.003011,332.13, 438.8934
533143,6.5098,0.003022,330.92, 438.8934
533144,6.5127,0.003000,333.34, 438.8931
533145,6.5156,0.002917,342.88, 438.8934
533146,6.5190,0.003121,320.46, 438.8934
533147,6.5220,0.002970,336.70, 438.8934
533148,6.5249,0.002984,335.10, 438.8934
533149,6.5278,0.002966,337.14, 438.8934
533150,6.5308,0.002991,334.29, 438.8931
533151,6.5337,0.002950,339.03, 438.8934
533152,6.5366,0.003039,329.02, 438.8934
533153,6.5396,0.002987,334.74, 438.8931
533154,6.5430,0.003070,325.78, 438.8934
533155,6.5459,0.002923,342.17, 438.8934
533156,6.5488,0.003009,332.36, 438.8928
533157,6.5518,0.003038,329.14, 438.8934
533158,6.5547,0.002980,335.56, 438.8928
533159,6.5576,0.003024,330.68, 438.8934
533160,6.5605,0.002976,335.99, 438.8934
533161,6.5635,0.002941,339.99, 438.8934
533162,6.5669,0.003049,327.94, 438.8928
533163,6.5698,0.002977,335.86, 438.8934
533164,6.5728,0.002926,341.76, 438.8934
533165,6.5757,0.002968,336.97, 438.8931
533166,6.5786,0.003063,326.43, 438.8928
533167,6.5815,0.003003,333.06, 438.8934
533168,6.5845,0.002942,339.88, 438.8928
533169,6.5874,0.003006,332.62, 438.8934
533170,6.5908,0.003009,332.31, 438.8928
533171,6.5938,0.003009,332.39, 438.8934
533172,6.5967,0.002922,342.22, 438.8931
533173,6.5996,0.002985,334.97, 438.8934
533174,6.6025,0.002962,337.56, 438.8928
533175,6.6055,0.003012,331.98, 438.8934
533176,6.6084,0.002954,338.50, 438.8934
533177,6.6113,0.002983,335.28, 438.8928
533178,6.6143,0.002925,341.85, 438.8928
533179,6.6172,0.002990,334.40, 438.8928
533180,6.6201,0.002958,338.09, 438.8934
533181,6.6235,0.003049,327.93, 438.8928
533182,6.6265,0.002960,337.82, 438.8931
533183,6.6294,0.003031,329.95, 438.8928
533184,6.6323,0.002890,346.04, 438.8931
533185,6.6353,0.002998,333.57, 438.8928
533186,6.6387,0.003181,314.40, 438.8928
533187,6.6416,0.003243,308.33, 438.8931
533188,6.6450,0.003243,308.39, 438.8928
533189,6.6479,0.003199,312.59, 438.8931
533190,6.6514,0.003071,325.60, 438.8928
533191,6.6543,0.003100,322.54, 438.8934
533192,6.6572,0.003003,332.97, 438.8928
533193,6.6602,0.002999,333.42, 438.8934
533194,6.6636,0.003037,329.28, 438.8928
533195,6.6665,0.002997,333.72, 438.8934
533196,6.6694,0.003017,331.47, 438.8934
533197,6.6724,0.003009,332.30, 438.8934
533198,6.6753,0.002942,339.92, 438.8934
533199,6.6782,0.003016,331.60, 438.8934
533200,6.6812,0.002969,336.81, 438.8931
533201,6.6846,0.003041,328.81, 438.8931
533202,6.6875,0.003035,329.50, 438.8928
533203,6.6904,0.003025,330.60, 438.8934
533204,6.6934,0.002929,341.41, 438.8928
533205,6.6963,0.003002,333.10, 438.8934
533206,6.6992,0.002972,336.44, 438.8934
533207,6.7021,0.003009,332.38, 438.8934
533208,6.7051,0.002848,351.07, 438.8934
533209,6.7080,0.003018,331.39, 438.8934
533210,6.7109,0.002929,341.37, 438.8931
533211,6.7144,0.003034,329.61, 438.8934
533212,6.7173,0.002938,340.33, 438.8934
533213,6.7202,0.003063,326.47, 438.8928
533214,6.7231,0.002942,339.93, 438.8931
533215,6.7261,0.003042,328.74, 438.8934
533216,6.7290,0.002919,342.63, 438.8934
533217,6.7319,0.003043,328.61, 438.8931
533218,6.7349,0.002918,342.65, 438.8934
533219,6.7378,0.003004,332.85, 438.8934
533220,6.7407,0.002932,341.04, 438.8934
533221,6.7441,0.003022,330.90, 438.8934
533222,6.7471,0.002956,338.30, 438.8931
533223,6.7500,0.002993,334.14, 438.8931
533224,6.7529,0.002893,345.65, 438.8934
533225,6.7559,0.002960,337.80, 438.8934
533226,6.7588,0.002967,337.10, 438.8934
533227,6.7617,0.003126,319.88, 438.8934
533228,6.7651,0.003330,300.33, 438.8931
533229,6.7686,0.003173,315.18, 438.8931
533230,6.7715,0.002921,342.37, 438.8934
533231,6.7744,0.003025,330.62, 438.8928
533232,6.7773,0.002953,338.62, 438.8931
533233,6.7803,0.003081,324.61, 438.8928
533234,6.7832,0.002926,341.81, 438.8931
533235,6.7861,0.003004,332.86, 438.8928
533236,6.7896,0.003059,326.96, 438.8934
533237,6.7925,0.003005,332.81, 438.8928
533238,6.7954,0.002997,333.70, 438.8928
533239,6.7983,0.003055,327.36, 438.8928
533240,6.8013,0.002892,345.75, 438.8931
533241,6.8042,0.002978,335.82, 438.8934
533242,6.8071,0.002982,335.39, 438.8931
533243,6.8101,0.003044,328.54, 438.8928
533244,6.8130,0.002920,342.45, 438.8934
533245,6.8159,0.002959,337.93, 438.8931
533246,6.8193,0.002986,334.87, 438.8934
533247,6.8223,0.002979,335.74, 438.8934
533248,6.8252,0.002955,338.47, 438.8934
533249,6.8281,0.003032,329.84, 438.8934
533250,6.8311,0.002946,339.40, 438.8936
533251,6.8340,0.002916,342.89, 438.8934
533252,6.8369,0.002969,336.83, 438.8934
533253,6.8398,0.003011,332.09, 438.8934
533254,6.8428,0.003033,329.66, 438.8934
533255,6.8457,0.002907,344.04, 438.8934
533256,6.8491,0.003004,332.91, 438.8931
533257,6.8516,0.002879,347.35, 438.8953
533258,6.8550,0.002996,333.78, 438.8931
533259,6.8579,0.002987,334.82, 438.8934
533260,6.8608,0.003061,326.67, 438.8934
533261,6.8638,0.002943,339.79, 438.8934
533262,6.8667,0.003007,332.61, 438.8934
533263,6.8696,0.002961,337.78, 438.8931
533264,6.8726,0.003022,330.95, 438.8928
533265,6.8755,0.002926,341.74, 438.8931
533266,6.8789,0.003053,327.59, 438.8934
533267,6.8818,0.002960,337.84, 438.8931
533268,6.8848,0.003005,332.79, 438.8934
533269,6.8877,0.002898,345.09, 438.8953
533270,6.8906,0.003071,325.67, 438.8931
533271,6.8936,0.002937,340.44, 438.8928
533272,6.8965,0.003015,331.73, 438.8928
533273,6.8994,0.002941,340.06, 438.8934
533274,6.9028,0.003044,328.53, 438.8928
533275,6.9058,0.002931,341.24, 438.8934
533276,6.9087,0.003060,326.83, 438.8934
533277,6.9116,0.003016,331.53, 438.8928
533278,6.9146,0.003034,329.61, 438.8928
533279,6.9175,0.002916,342.98, 438.8931
533280,6.9204,0.003054,327.40, 438.8928
533281,6.9233,0.002929,341.44, 438.8931
533282,6.9268,0.002999,333.42, 438.8928
533283,6.9292,0.002877,347.62, 438.8934
533284,6.9326,0.002983,335.22, 438.8934
533285,6.9355,0.002928,341.52, 438.8928
533286,6.9385,0.003046,328.28, 438.8934
533287,6.9414,0.002944,339.65, 438.8934
533288,6.9443,0.002955,338.39, 438.8934
533289,6.9473,0.002909,343.75, 438.8934
533290,6.9502,0.003029,330.19, 438.8931
533291,6.9531,0.002939,340.30, 438.8934
533292,6.9561,0.002973,336.41, 438.8931
533293,6.9590,0.002957,338.13, 438.8934
533294,6.9619,0.002975,336.13, 438.8931
533295,6.9648,0.002974,336.29, 438.8934
533296,6.9683,0.003032,329.83, 438.8931
533297,6.9712,0.002993,334.10, 438.8934
533298,6.9741,0.002931,341.20, 438.8931
533299,6.9771,0.002951,338.86, 438.8934
533300,6.9800,0.002956,338.30, 438.8934
533301,6.9829,0.002962,337.66, 438.8934
533302,6.9858,0.002973,336.37, 438.8928
533303,6.9888,0.003005,332.82, 438.8934
533304,6.9917,0.002981,335.50, 438.8934
533305,6.9946,0.002924,341.99, 438.8928
533306,6.9980,0.003125,319.96, 438.8928
533307,7.0010,0.003143,318.17, 438.8934
533308,7.0039,0.002918,342.72, 438.8934
533309,7.0068,0.002997,333.64, 438.8934
533310,7.0098,0.002961,337.70, 438.8934
533311,7.0127,0.002987,334.78, 438.8931
533312,7.0156,0.002944,339.65, 438.8928
533313,7.0190,0.003006,332.65, 438.8934
533314,7.0220,0.002958,338.09, 438.8931
533315,7.0249,0.003016,331.54, 438.8934
533316,7.0278,0.002975,336.09, 438.8934
533317,7.0308,0.003031,329.95, 438.8934
533318,7.0337,0.002945,339.62, 438.8934
533319,7.0366,0.003046,328.34, 438.8931
533320,7.0396,0.002950,339.01, 438.8931
533321,7.0430,0.003035,329.54, 438.8931
533322,7.0459,0.002966,337.12, 438.8931
533323,7.0488,0.003006,332.68, 438.8934
533324,7.0518,0.002929,341.47, 438.8934
533325,7.0547,0.003024,330.73, 438.8928
533326,7.0576,0.003052,327.65, 438.8928
533327,7.0610,0.003082,324.46, 438.8928
533328,7.0640,0.002942,339.86, 438.8928
533329,7.0669,0.003014,331.83, 438.8931
533330,7.0698,0.002883,346.85, 438.9227
533331,7.0728,0.003205,312.03, 438.8934
533332,7.0757,0.003041,328.80, 438.8928
533333,7.0791,0.003055,327.36, 438.8934
533334,7.0820,0.002946,339.47, 438.8931
533335,7.0850,0.002987,334.81, 438.8934
533336,7.0879,0.002896,345.34, 438.8934
533337,7.0908,0.003128,319.74, 438.8934
533338,7.0938,0.002997,333.72, 438.8931
533339,7.0972,0.003019,331.29, 438.8934
533340,7.1001,0.002939,340.26, 438.8934
533341,7.1030,0.003129,319.63, 438.8934
533342,7.1060,0.003153,317.21, 438.8928
533343,7.1094,0.003043,328.64, 438.8934
533344,7.1118,0.002861,349.54, 438.8934
533345,7.1152,0.002986,334.87, 438.8934
533346,7.1182,0.002914,343.23, 438.8934
533347,7.1211,0.003020,331.09, 438.8934
533348,7.1240,0.002905,344.21, 438.8934
533349,7.1270,0.002954,338.54, 438.8934
533350,7.1299,0.002964,337.34, 438.8934
533351,7.1328,0.002943,339.78, 438.8934
533352,7.1357,0.002892,345.82, 438.8934
533353,7.1387,0.002979,335.65, 438.8934
533354,7.1416,0.002944,339.63, 438.8934
533355,7.1445,0.002972,336.50, 438.8934
533356,7.1475,0.002912,343.39, 438.8928
533357,7.1504,0.002985,334.97, 438.8934
533358,7.1533,0.002937,340.48, 438.8928
533359,7.1563,0.002921,342.36, 438.8934
533360,7.1592,0.002944,339.72, 438.8934
533361,7.1621,0.002919,342.57, 438.8928
533362,7.1650,0.002955,338.38, 438.8934
533363,7.1680,0.002949,339.11, 438.8934
533364,7.1709,0.002965,337.25, 438.8934
533365,7.1738,0.002915,343.01, 438.8934
533366,7.1768,0.002979,335.72, 438.8934
533367,7.1797,0.002930,341.25, 438.8934
533368,7.1826,0.002957,338.19, 438.8934
533369,7.1855,0.002923,342.16, 438.8931
533370,7.1890,0.003019,331.24, 438.8934
533371,7.1914,0.002879,347.33, 438.8953
533372,7.1948,0.002965,337.25, 438.8934
533373,7.1973,0.002911,343.56, 438.8928
533374,7.2007,0.003010,332.28, 438.8934
533375,7.2036,0.002905,344.19, 438.8934
533376,7.2065,0.002970,336.73, 438.8934
533377,7.2095,0.002924,341.95, 438.8934
533378,7.2124,0.002984,335.18, 438.8931
533379,7.2153,0.002913,343.30, 438.8934
533380,7.2183,0.003029,330.20, 438.8934
533381,7.2212,0.002878,347.42, 438.8934
533382,7.2241,0.003046,328.35, 438.8934
533383,7.2271,0.002900,344.82, 438.8934
533384,7.2300,0.002961,337.75, 438.8934
533385,7.2329,0.002888,346.26, 438.8934
533386,7.2358,0.002971,336.61, 438.8934
533387,7.2388,0.002971,336.62, 438.8934
533388,7.2417,0.002966,337.20, 438.8931
533389,7.2446,0.002994,334.01, 438.8931
533390,7.2480,0.003128,319.71, 438.8928
533391,7.2510,0.003032,329.87, 438.8934
533392,7.2539,0.003055,327.33, 438.8934
533393,7.2568,0.002963,337.52, 438.8934
533394,7.2603,0.003059,326.88, 438.8928
533395,7.2632,0.003021,331.06, 438.8934
533396,7.2661,0.002969,336.87, 438.8934
533397,7.2690,0.002937,340.54, 438.8934
533398,7.2720,0.002969,336.87, 438.8934
533399,7.2749,0.002932,341.10, 438.8934
533400,7.2778,0.002976,335.99, 438.8953
533401,7.2808,0.002979,335.67, 438.8934
533402,7.2837,0.002962,337.61, 438.8928
533403,7.2866,0.002935,340.75, 438.8934
533404,7.2896,0.002928,341.54, 438.8931
533405,7.2925,0.002955,338.39, 438.8934
533406,7.2954,0.002971,336.64, 438.8934
533407,7.2983,0.002962,337.62, 438.8934
533408,7.3013,0.002952,338.73, 438.8931
533409,7.3047,0.002986,334.85, 438.8934
533410,7.3076,0.002927,341.68, 438.8931
533411,7.3110,0.003496,286.04, 438.8934
533412,7.3140,0.003255,307.22, 438.8931
533413,7.3174,0.003097,322.95, 438.8934
533414,7.3208,0.003424,292.06, 438.8928
533415,7.3242,0.003477,287.59, 438.8958
533416,7.3276,0.003655,273.60, 438.8929
533417,7.3311,0.003379,295.94, 438.8931
533418,7.3345,0.003098,322.79, 438.8928
533419,7.3374,0.002897,345.20, 438.8934
533420,7.3403,0.003117,320.84, 438.8928
533421,7.3433,0.003004,332.92, 438.8934
533422,7.3462,0.003002,333.11, 438.8931
533423,7.3491,0.002894,345.60, 438.8934
533424,7.3521,0.002981,335.42, 438.8928
533425,7.3550,0.002888,346.22, 438.8931
533426,7.3579,0.003032,329.82, 438.8928
533427,7.3608,0.002942,339.93, 438.8934
533428,7.3638,0.002967,337.05, 438.8934
533429,7.3667,0.002904,344.32, 438.8934
533430,7.3701,0.002986,334.95, 438.8934
533431,7.3730,0.002945,339.57, 438.8934
533432,7.3760,0.002951,338.85, 438.8934
533433,7.3789,0.002932,341.11, 438.8934
533434,7.3818,0.003016,331.54, 438.8928
533435,7.3848,0.002895,345.44, 438.8934
533436,7.3877,0.002984,335.14, 438.8934
533437,7.3906,0.002984,335.11, 438.8934
533438,7.3936,0.002915,343.11, 438.8931
533439,7.3965,0.002900,344.82, 438.8934
533440,7.3994,0.002929,341.37, 438.8934
533441,7.4023,0.002966,337.15, 438.8928
533442,7.4053,0.002962,337.64, 438.8931
533443,7.4082,0.002947,339.32, 438.8928
533444,7.4111,0.002895,345.40, 438.8931
533445,7.4141,0.002930,341.25, 438.8934
533446,7.4170,0.002889,346.20, 438.8934
533447,7.4199,0.002981,335.45, 438.8931
533448,7.4229,0.002891,345.90, 438.8934
533449,7.4258,0.002981,335.41, 438.8934
533450,7.4287,0.002927,341.67, 438.8928
533451,7.4316,0.002962,337.60, 438.8934
533452,7.4346,0.002974,336.27, 438.8931
533453,7.4375,0.003072,325.51, 438.8934
533454,7.4404,0.002938,340.34, 438.9028
533455,7.4438,0.002983,335.23, 438.8934
533456,7.4468,0.002929,341.45, 438.8931
533457,7.4497,0.003026,330.43, 438.8934
533458,7.4526,0.003284,304.47, 438.8928
533459,7.4561,0.003123,320.17, 438.8934
533460,7.4590,0.002985,335.04, 438.8928
533461,7.4619,0.003030,330.07, 438.8934
533462,7.4648,0.002963,337.55, 438.8928
533463,7.4678,0.003017,331.49, 438.8934
533464,7.4707,0.002888,346.31, 438.8934
533465,7.4741,0.003038,329.20, 438.8934
533466,7.4771,0.002912,343.47, 438.8931
533467,7.4800,0.003027,330.34, 438.8934
533468,7.4829,0.003075,325.18, 438.8934
533469,7.4858,0.003072,325.57, 438.8934
533470,7.4888,0.002911,343.56, 438.8931
533471,7.4917,0.003002,333.17, 438.8934
533472,7.4946,0.002939,340.29, 438.8934
533473,7.4980,0.003009,332.34, 438.8931
533474,7.5010,0.002894,345.59, 438.8934
533475,7.5039,0.002967,337.04, 438.8934
533476,7.5068,0.003032,329.83, 438.8934
533477,7.5098,0.003004,332.86, 438.8931
533478,7.5127,0.002910,343.68, 438.8934
533479,7.5156,0.002998,333.56, 438.8931
533480,7.5186,0.002904,344.39, 438.8928
533481,7.5215,0.003011,332.09, 438.8934
533482,7.5244,0.002913,343.25, 438.8928
533483,7.5273,0.002915,343.05, 438.8934
533484,7.5303,0.002910,343.61, 438.8934
533485,7.5332,0.002942,339.93, 438.8934
533486,7.5361,0.002893,345.71, 438.8931
533487,7.5391,0.002958,338.07, 438.8934
533488,7.5420,0.002946,339.49, 438.8934
533489,7.5449,0.002936,340.58, 438.8931
533490,7.5479,0.002936,340.62, 438.8934
533491,7.5508,0.002920,342.43, 438.8934
533492,7.5537,0.002919,342.59, 438.8934
533493,7.5566,0.002938,340.43, 438.8928
533494,7.5596,0.003045,328.46, 438.8934
533495,7.5625,0.002947,339.39, 438.8928
533496,7.5654,0.002938,340.43, 438.8934
533497,7.5684,0.002937,340.45, 438.8928
533498,7.5718,0.002960,337.87, 438.8928
533499,7.5742,0.002915,343.09, 438.8931
533500,7.5776,0.002944,339.72, 438.8934
533501,7.5801,0.002921,342.37, 438.8931
533502,7.5835,0.002981,335.42, 438.8928
533503,7.5859,0.002876,347.66, 438.8934
533504,7.5894,0.003009,332.30, 438.8934
533505,7.5923,0.002991,334.29, 438.8934
533506,7.5952,0.002983,335.27, 438.8934
533507,7.5981,0.003006,332.63, 438.8934
533508,7.6011,0.003004,332.87, 438.8934
533509,7.6040,0.002851,350.79, 438.8934
533510,7.6069,0.003074,325.33, 438.8928
533511,7.6104,0.003053,327.58, 438.8934
533512,7.6133,0.003068,325.91, 438.8931
533513,7.6162,0.003030,330.03, 438.8931
533514,7.6191,0.003109,321.66, 438.8931
533515,7.6226,0.003018,331.37, 438.8934
533516,7.6255,0.003163,316.19, 438.8934
533517,7.6284,0.003122,320.36, 438.8931
533518,7.6318,0.003135,318.97, 438.8928
533519,7.6348,0.003019,331.26, 438.8928
533520,7.6382,0.003141,318.33, 438.8931
533521,7.6411,0.003062,326.57, 438.8931
533522,7.6440,0.003123,320.18, 438.8931
533523,7.6470,0.003055,327.36, 438.8934
533524,7.6504,0.003191,313.40, 438.8934
533525,7.6533,0.003165,315.95, 438.8928
533526,7.6567,0.003179,314.57, 438.8931
533527,7.6597,0.003103,322.30, 438.8928
533528,7.6631,0.003125,320.00, 438.8928
533529,7.6660,0.003069,325.84, 438.8931
533530,7.6689,0.003105,322.11, 438.8934
533531,7.6724,0.003045,328.46, 438.8934
533532,7.6753,0.003111,321.41, 438.8931
533533,7.6782,0.003105,322.07, 438.8931
533534,7.6816,0.003210,311.51, 438.8931
533535,7.6846,0.003102,322.36, 438.8934
533536,7.6875,0.003042,328.70, 438.9181
533537,7.6909,0.003284,304.52, 438.8928
533538,7.6943,0.003128,319.65, 438.8928
533539,7.6973,0.003076,325.09, 438.8934
533540,7.7002,0.003085,324.12, 438.8934
533541,7.7036,0.003111,321.48, 438.8934
533542,7.7065,0.003059,326.93, 438.8953
533543,7.7095,0.003152,317.27, 438.8934
533544,7.7129,0.003135,318.98, 438.8934
533545,7.7158,0.003069,325.89, 438.8934
533546,7.7188,0.002956,338.30, 438.8934
533547,7.7217,0.002980,335.53, 438.8934
533548,7.7246,0.002931,341.18, 438.8934
533549,7.7275,0.002965,337.25, 438.8934
533550,7.7305,0.002931,341.19, 438.8934
533551,7.7334,0.002943,339.74, 438.8934
533552,7.7363,0.002932,341.12, 438.8931
533553,7.7393,0.002946,339.50, 438.8934
533554,7.7422,0.002969,336.86, 438.8931
533555,7.7451,0.002895,345.39, 438.8934
533556,7.7485,0.003017,331.47, 438.8928
533557,7.7515,0.002970,336.67, 438.8934
533558,7.7544,0.002933,340.92, 438.8928
533559,7.7573,0.002884,346.70, 438.8934
533560,7.7603,0.003014,331.84, 438.8934
533561,7.7632,0.002934,340.82, 438.8934
533562,7.7661,0.003024,330.64, 438.8931
533563,7.7690,0.002882,346.95, 438.8953
533564,7.7720,0.002954,338.52, 438.8934
533565,7.7749,0.002897,345.23, 438.8931
533566,7.7778,0.003206,311.91, 438.8931
533567,7.7813,0.003205,311.97, 438.8928
533568,7.7842,0.003063,326.52, 438.8928
533569,7.7871,0.002937,340.48, 438.8931
533570,7.7900,0.002996,333.83, 438.8934
533571,7.7930,0.002976,336.01, 438.8931
533572,7.7964,0.002980,335.59, 438.8934
533573,7.7993,0.002930,341.30, 438.8934
533574,7.8022,0.002987,334.78, 438.8934
533575,7.8047,0.002848,351.11, 438.8934
533576,7.8081,0.003027,330.34, 438.8934
533577,7.8110,0.002937,340.52, 438.8934
533578,7.8140,0.002976,336.01, 438.8931
533579,7.8169,0.002896,345.32, 438.8934
533580,7.8198,0.002967,337.07, 438.8934
533581,7.8228,0.002934,340.89, 438.8928
533582,7.8257,0.002969,336.79, 438.8934
533583,7.8286,0.002906,344.09, 438.8934
533584,7.8315,0.002912,343.39, 438.8934
533585,7.8345,0.003000,333.36, 438.8928
533586,7.8374,0.002971,336.58, 438.8928
533587,7.8403,0.003036,329.42, 438.8928
533588,7.8433,0.002970,336.68, 438.8928
533589,7.8462,0.002923,342.17, 438.8928
533590,7.8491,0.002952,338.80, 438.8931
533591,7.8521,0.002889,346.15, 438.8934
533592,7.8555,0.003048,328.06, 438.8934
533593,7.8584,0.003065,326.25, 438.8934
533594,7.8613,0.002932,341.06, 438.8931
533595,7.8643,0.002910,343.70, 438.8934
533596,7.8672,0.002938,340.32, 438.8934
533597,7.8701,0.003040,329.00, 438.8934
533598,7.8730,0.003024,330.74, 438.8931
533599,7.8765,0.003079,324.79, 438.8934
533600,7.8794,0.002964,337.35, 438.8931
533601,7.8823,0.002964,337.42, 438.8934
533602,7.8853,0.002974,336.27, 438.8934
533603,7.8882,0.002979,335.64, 438.8934
533604,7.8911,0.002972,336.43, 438.8934
533605,7.8940,0.002991,334.35, 438.8934
533606,7.8970,0.002885,346.67, 438.8934
533607,7.8999,0.003038,329.20, 438.8934
533608,7.9028,0.002933,340.92, 438.8934
533609,7.9058,0.002987,334.80, 438.8934
533610,7.9087,0.002923,342.11, 438.8928
533611,7.9121,0.003056,327.20, 438.8934
533612,7.9150,0.003264,306.36, 438.8928
533613,7.9185,0.003260,306.80, 438.8931
533614,7.9214,0.002998,333.60, 438.8928
533615,7.9243,0.003032,329.86, 438.8934
533616,7.9272,0.002983,335.24, 438.8928
533617,7.9307,0.003020,331.08, 438.8934
533618,7.9336,0.003016,331.53, 438.8928
533619,7.9365,0.002999,333.40, 438.8934
533620,7.9395,0.002947,339.32, 438.8928
533621,7.9424,0.003020,331.11, 438.8934
533622,7.9453,0.002938,340.38, 438.8931
533623,7.9482,0.003041,328.84, 438.8934
533624,7.9517,0.003051,327.80, 438.8928
533625,7.9546,0.003058,326.97, 438.8934
533626,7.9575,0.002960,337.80, 438.8928
533627,7.9604,0.003034,329.61, 438.8934
533628,7.9634,0.003023,330.82, 438.8928
533629,7.9663,0.003010,332.27, 438.8934
533630,7.9697,0.002974,336.21, 438.8928
533631,7.9727,0.003002,333.08, 438.8934
533632,7.9756,0.002968,336.94, 438.8931
533633,7.9785,0.003072,325.54, 438.8934
533634,7.9814,0.002970,336.70, 438.8928
533635,7.9844,0.003005,332.79, 438.8934
533636,7.9873,0.002942,339.94, 438.8934
533637,7.9907,0.003075,325.16, 438.8934
533638,7.9937,0.002940,340.19, 438.8931
533639,7.9966,0.003011,332.14, 438.8928
533640,7.9995,0.002921,342.37, 438.8934
533641,8.0024,0.003047,328.21, 438.8934
533642,8.0054,0.003014,331.83, 438.8934
533643,8.0088,0.003131,319.37, 438.8934
533644,8.0117,0.003161,316.34, 438.8928
533645,8.0146,0.003071,325.60, 438.8934
533646,8.0176,0.002964,337.38, 438.8928
533647,8.0210,0.003090,323.61, 438.8934
533648,8.0239,0.002905,344.19, 438.8928
533649,8.0269,0.003029,330.12, 438.8928
533650,8.0298,0.002983,335.28, 438.8928
533651,8.0327,0.002986,334.94, 438.8934
533652,8.0356,0.002953,338.59, 438.8931
533653,8.0391,0.003068,325.99, 438.8934
533654,8.0420,0.002951,338.83, 438.8928
533655,8.0449,0.003011,332.12, 438.8934
533656,8.0479,0.002909,343.81, 438.8931
533657,8.0508,0.003109,321.61, 438.8931
533658,8.0537,0.003011,332.17, 438.8928
533659,8.0566,0.003036,329.39, 438.8934
533660,8.0601,0.002966,337.12, 438.8928
533661,8.0630,0.003017,331.51, 438.8931
533662,8.0659,0.002934,340.83, 438.8928
533663,8.0688,0.003116,320.90, 438.8934
533664,8.0718,0.003063,326.43, 438.8934
533665,8.0752,0.003088,323.86, 438.8934
533666,8.0781,0.002960,337.86, 438.8928
533667,8.0811,0.003017,331.44, 438.8928
533668,8.0840,0.002906,344.08, 438.8928
533669,8.0869,0.003019,331.25, 438.8934
533670,8.0898,0.002983,335.20, 438.8928
533671,8.0928,0.002970,336.70, 438.8934
533672,8.0957,0.002951,338.87, 438.8928
533673,8.0986,0.003021,331.06, 438.8931
533674,8.1016,0.002935,340.69, 438.8934
533675,8.1050,0.003044,328.54, 438.8934
533676,8.1079,0.003050,327.87, 438.8928
533677,8.1108,0.003000,333.37, 438.8934
533678,8.1138,0.002908,343.84, 438.8934
533679,8.1167,0.002982,335.32, 438.8931
533680,8.1196,0.002948,339.24, 438.8934
533681,8.1245,0.004583,218.18, 438.8930
533682,8.1279,0.003750,266.64, 438.8928
533683,8.1313,0.003277,305.17, 438.8932
533684,8.1348,0.003253,307.40, 438.8931
533685,8.1377,0.003042,328.72, 438.8928
533686,8.1406,0.003000,333.34, 438.8934
533687,8.1436,0.002980,335.56, 438.8928
533688,8.1465,0.002944,339.73, 438.8931
533689,8.1494,0.002954,338.55, 438.8934
533690,8.1523,0.002914,343.21, 438.8931
533691,8.1553,0.003010,332.24, 438.8934
533692,8.1582,0.002942,339.90, 438.8934
533693,8.1616,0.003069,325.87, 438.8934
533694,8.1646,0.002984,335.15, 438.8931
533695,8.1675,0.003038,329.17, 438.8931
533696,8.1704,0.003027,330.41, 438.8928
533697,8.1733,0.003011,332.08, 438.8934
533698,8.1763,0.002989,334.52, 438.8931
533699,8.1797,0.002993,334.11, 438.8934
533700,8.1826,0.002943,339.77, 438.8934
533701,8.1855,0.003022,330.93, 438.8934
533702,8.1885,0.002969,336.83, 438.8928
533703,8.1914,0.003091,323.50, 438.8934
533704,8.1943,0.002978,335.76, 438.8934
533705,8.1978,0.003031,329.91, 438.8931
533706,8.2007,0.002979,335.65, 438.8934
533707,8.2036,0.003054,327.46, 438.8934
533708,8.2065,0.002950,339.04, 438.8931
533709,8.2095,0.003032,329.80, 438.8931
533710,8.2124,0.002920,342.50, 438.8931
533711,8.2153,0.003042,328.73, 438.8934
533712,8.2188,0.003144,318.09, 438.8928
533713,8.2217,0.003046,328.29, 438.8931
533714,8.2246,0.002950,338.98, 438.8934
533715,8.2275,0.003044,328.56, 438.8934
533716,8.2310,0.003053,327.60, 438.8931
533717,8.2339,0.003139,318.62, 438.8934
533718,8.2368,0.002936,340.59, 438.8928
533719,8.2397,0.003039,329.11, 438.8934
533720,8.2427,0.002938,340.41, 438.8931
533721,8.2456,0.002994,333.97, 438.8934
533722,8.2485,0.002926,341.76, 438.8928
533723,8.2520,0.003022,330.87, 438.8934
533724,8.2544,0.002877,347.63, 438.8934
533725,8.2578,0.003009,332.37, 438.8934
533726,8.2607,0.002931,341.23, 438.8934
533727,8.2637,0.003027,330.35, 438.8934
533728,8.2666,0.003148,317.68, 438.8931
533729,8.2700,0.003093,323.30, 438.8934
533730,8.2725,0.002848,351.19, 438.8934
533731,8.2759,0.003078,324.84, 438.8931
533732,8.2788,0.003092,323.39, 438.8934
533733,8.2822,0.003176,314.89, 438.8934
533734,8.2852,0.002964,337.44, 438.8934
533735,8.2881,0.003069,325.84, 438.8934
533736,8.2910,0.002955,338.36, 438.8934
533737,8.2939,0.002986,334.93, 438.8934
533738,8.2969,0.002873,348.04, 438.8934
533739,8.2998,0.002981,335.46, 438.8934
533740,8.3027,0.002875,347.80, 438.8934
533741,8.3057,0.002969,336.85, 438.8934
533742,8.3086,0.002929,341.47, 438.8934
533743,8.3120,0.003326,300.71, 438.8928
533744,8.3149,0.003182,314.28, 438.8934
533745,8.3184,0.003151,317.36, 438.8934
533746,8.3218,0.003693,270.80, 438.8928
533747,8.3257,0.003530,283.29, 438.8931
533748,8.3291,0.003705,269.88, 438.8928
533749,8.3325,0.003314,301.75, 438.8931
533750,8.3359,0.003300,303.02, 438.8928
533751,8.3389,0.003112,321.38, 438.8934
533752,8.3418,0.003103,322.23, 438.8928
533753,8.3452,0.003002,333.10, 438.8934
533754,8.3481,0.003050,327.83, 438.8928
533755,8.3511,0.002988,334.69, 438.8934
533756,8.3540,0.003050,327.83, 438.8934
533757,8.3569,0.002965,337.30, 438.8934
533758,8.3604,0.003057,327.09, 438.8934
533759,8.3633,0.002963,337.52, 438.8934
533760,8.3662,0.003012,332.03, 438.8934
533761,8.3691,0.002967,337.04, 438.8931
533762,8.3721,0.003045,328.39, 438.8928
533763,8.3750,0.002998,333.61, 438.8934
533764,8.3784,0.003066,326.16, 438.8934
533765,8.3813,0.002984,335.14, 438.8934
533766,8.3843,0.003016,331.55, 438.8934
533767,8.3872,0.002935,340.67, 438.8934
533768,8.3901,0.003034,329.63, 438.8928
533769,8.3931,0.002954,338.58, 438.8934
533770,8.3960,0.003013,331.91, 438.8931
533771,8.3989,0.002997,333.62, 438.8931
533772,8.4023,0.003001,333.24, 438.8931
533773,8.4053,0.002983,335.24, 438.8934
533774,8.4082,0.003028,330.24, 438.8928
533775,8.4111,0.003024,330.69, 438.8934
533776,8.4141,0.002970,336.75, 438.8931
533777,8.4170,0.002986,334.86, 438.8934
533778,8.4199,0.003054,327.49, 438.8928
533779,8.4233,0.002984,335.12, 438.8934
533780,8.4263,0.002992,334.25, 438.8934
533781,8.4292,0.002968,336.88, 438.8931
533782,8.4321,0.002983,335.19, 438.8931
533783,8.4351,0.003068,325.98, 438.8934
533784,8.4380,0.003021,331.02, 438.8928
533785,8.4414,0.003047,328.17, 438.8934
533786,8.4443,0.002988,334.73, 438.8928
533787,8.4473,0.002996,333.83, 438.8931
533788,8.4502,0.003015,331.64, 438.8928
533789,8.4531,0.003071,325.61, 438.8934
533790,8.4565,0.003012,332.02, 438.8928
533791,8.4595,0.003024,330.71, 438.8934
533792,8.4624,0.002939,340.21, 438.8931
533793,8.4653,0.002964,337.40, 438.8934
533794,8.4683,0.003212,311.30, 438.8928
533795,8.4717,0.003138,318.70, 438.8934
533796,8.4746,0.003062,326.63, 438.8931
533797,8.4780,0.003151,317.34, 438.8934
533798,8.4810,0.003034,329.61, 438.8928
533799,8.4839,0.003040,328.96, 438.8934
533800,8.4868,0.002973,336.34, 438.8934
533801,8.4897,0.003009,332.37, 438.8934
533802,8.4927,0.002946,339.45, 438.8928
533803,8.4956,0.002967,337.06, 438.8931
533804,8.4985,0.002997,333.66, 438.8934
533805,8.5020,0.003007,332.56, 438.8934
533806,8.5049,0.003012,332.04, 438.8931
533807,8.5078,0.003112,321.39, 438.8934
533808,8.5107,0.002953,338.60, 438.8931
533809,8.5137,0.003013,331.94, 438.8931
533810,8.5166,0.002954,338.54, 438.8934
533811,8.5200,0.003070,325.74, 438.8934
533812,8.5229,0.002979,335.64, 438.8934
533813,8.5259,0.003026,330.48, 438.8934
533814,8.5288,0.002999,333.47, 438.8928
533815,8.5317,0.002972,336.52, 438.8934
533816,8.5347,0.002924,342.02, 438.8928
533817,8.5376,0.003045,328.42, 438.8934
533818,8.5410,0.002946,339.49, 438.8928
533819,8.5439,0.003036,329.39, 438.8934
533820,8.5469,0.002962,337.60, 438.8931
533821,8.5498,0.002983,335.28, 438.8934
533822,8.5527,0.002916,342.97, 438.8928
533823,8.5557,0.002981,335.46, 438.8934
533824,8.5586,0.002945,339.55, 438.8928
533825,8.5615,0.003016,331.60, 438.8934
533826,8.5645,0.002879,347.29, 438.8934
533827,8.5674,0.002979,335.65, 438.8934
533828,8.5703,0.002857,349.98, 438.8934
533829,8.5732,0.002988,334.73, 438.8934
533830,8.5762,0.002937,340.44, 438.8934
533831,8.5791,0.002989,334.60, 438.8934
533832,8.5820,0.002885,346.67, 438.8934
533833,8.5850,0.002973,336.41, 438.8934
533834,8.5879,0.002905,344.27, 438.8934
533835,8.5908,0.003028,330.25, 438.8934
533836,8.5938,0.002957,338.16, 438.8934
533837,8.5972,0.002973,336.38, 438.8934
533838,8.6001,0.002941,340.03, 438.8934
533839,8.6030,0.003047,328.18, 438.8934
533840,8.6060,0.002941,340.01, 438.8934
533841,8.6089,0.003010,332.28, 438.8934
533842,8.6118,0.002906,344.15, 438.8934
533843,8.6147,0.002943,339.74, 438.8928
533844,8.6177,0.002927,341.64, 438.8934
533845,8.6206,0.002971,336.60, 438.8934
533846,8.6235,0.003035,329.54, 438.8931
533847,8.6265,0.002993,334.17, 438.8934
533848,8.6294,0.002935,340.73, 438.8934
533849,8.6323,0.002896,345.28, 438.8934
533850,8.6357,0.002997,333.67, 438.8934
533851,8.6387,0.002927,341.60, 438.8931
533852,8.6416,0.003008,332.50, 438.8934
533853,8.6445,0.002887,346.33, 438.8934
533854,8.6475,0.002996,333.79, 438.8934
533855,8.6504,0.002928,341.50, 438.8934
533856,8.6533,0.003011,332.12, 438.8934
533857,8.6563,0.002976,336.02, 438.8934
533858,8.6592,0.003017,331.44, 438.8928
533859,8.6621,0.002884,346.78, 438.8934
533860,8.6650,0.002979,335.72, 438.8934
533861,8.6680,0.002897,345.18, 438.8931
533862,8.6709,0.003115,321.08, 438.8928
533863,8.6738,0.002945,339.60, 438.8931
533864,8.6772,0.002974,336.24, 438.8934
533865,8.6802,0.002936,340.63, 438.8934
533866,8.6831,0.003009,332.35, 438.8928
533867,8.6860,0.002947,339.28, 438.8934
533868,8.6890,0.003023,330.82, 438.8934
533869,8.6919,0.002889,346.13, 438.8934
533870,8.6948,0.003034,329.58, 438.8934
533871,8.6978,0.002884,346.69, 438.8934
533872,8.7007,0.003006,332.67, 438.8934
533873,8.7036,0.002924,341.95, 438.8934
533874,8.7065,0.002974,336.25, 438.8934
533875,8.7095,0.002954,338.51, 438.8934
533876,8.7124,0.002938,340.37, 438.8934
533877,8.7153,0.002886,346.56, 438.8934
533878,8.7183,0.002961,337.68, 438.8934
533879,8.7212,0.002903,344.42, 438.8934
533880,8.7241,0.002916,342.99, 438.8934
533881,8.7271,0.002926,341.76, 438.8934
533882,8.7300,0.002941,340.06, 438.8931
533883,8.7329,0.002932,341.04, 438.8934
533884,8.7358,0.002922,342.27, 438.8934
533885,8.7388,0.002973,336.32, 438.8934
533886,8.7417,0.002913,343.30, 438.8934
533887,8.7446,0.002934,340.84, 438.8934
533888,8.7476,0.002951,338.93, 438.8934
533889,8.7510,0.003014,331.84, 438.8934
533890,8.7539,0.002983,335.20, 438.8931
533891,8.7568,0.003032,329.87, 438.8934
533892,8.7598,0.002932,341.04, 438.8934
533893,8.7627,0.002956,338.27, 438.8934
533894,8.7656,0.002966,337.15, 438.8928
533895,8.7686,0.003020,331.13, 438.8931
533896,8.7715,0.002917,342.82, 438.8928
533897,8.7744,0.002979,335.66, 438.8934
533898,8.7773,0.002934,340.80, 438.8928
533899,8.7803,0.003064,326.42, 438.8931
533900,8.7837,0.002940,340.11, 438.8928
533901,8.7866,0.003072,325.53, 438.8931
533902,8.7896,0.002895,345.47, 438.8934
533903,8.7925,0.002988,334.65, 438.8934
533904,8.7954,0.003114,321.09, 438.8928
533905,8.7988,0.003205,312.00, 438.8931
533906,8.8018,0.002993,334.12, 438.8928
533907,8.8047,0.002998,333.60, 438.8934
533908,8.8076,0.002978,335.82, 438.8928
533909,8.8105,0.003055,327.33, 438.8931
533910,8.8135,0.002957,338.17, 438.8934
533911,8.8169,0.003001,333.28, 438.8934
533912,8.8198,0.002884,346.76, 438.8928
533913,8.8228,0.002981,335.46, 438.8934
533914,8.8257,0.002895,345.48, 438.8934
533915,8.8286,0.003026,330.45, 438.8928
533916,8.8315,0.002904,344.34, 438.8934
533917,8.8345,0.003166,315.86, 438.8934
533918,8.8374,0.003002,333.09, 438.8934
533919,8.8408,0.003043,328.62, 438.8934
533920,8.8438,0.003036,329.36, 438.8934
533921,8.8467,0.003022,330.93, 438.8934
533922,8.8496,0.002950,338.96, 438.8934
533923,8.8525,0.002985,335.06, 438.8934
533924,8.8555,0.002920,342.44, 438.8934
533925,8.8584,0.003032,329.86, 438.8931
533926,8.8613,0.002975,336.15, 438.8934
533927,8.8643,0.002950,339.03, 438.8934
533928,8.8677,0.003032,329.77, 438.8934
533929,8.8706,0.003018,331.32, 438.8934
533930,8.8735,0.003181,314.35, 438.8928
533931,8.8770,0.003294,303.57, 438.8934
533932,8.8799,0.003018,331.39, 438.8934
533933,8.8833,0.003134,319.05, 438.8967
533934,8.8862,0.003090,323.66, 438.8934
533935,8.8896,0.003233,309.30, 438.8928
533936,8.8926,0.002964,337.35, 438.8934
533937,8.8955,0.003037,329.25, 438.8928
533938,8.8984,0.002952,338.80, 438.8934
533939,8.9014,0.003042,328.74, 438.8928
533940,8.9043,0.002932,341.05, 438.8928
533941,8.9072,0.003028,330.26, 438.8928
533942,8.9106,0.003377,296.10, 438.8928
533943,8.9141,0.003066,326.12, 438.8934
533944,8.9170,0.002901,344.73, 438.8934
533945,8.9199,0.003068,325.99, 438.8934
533946,8.9229,0.002953,338.59, 438.8934
533947,8.9258,0.003017,331.43, 438.8934
533948,8.9287,0.002946,339.42, 438.8934
533949,8.9316,0.003009,332.38, 438.8931
533950,8.9346,0.002963,337.51, 438.8934
533951,8.9380,0.003059,326.94, 438.8934
533952,8.9409,0.002981,335.45, 438.8934
533953,8.9438,0.002993,334.15, 438.8931
533954,8.9468,0.002918,342.71, 438.8934
533955,8.9497,0.003020,331.17, 438.8934
533956,8.9526,0.002981,335.45, 438.8934
533957,8.9556,0.003039,329.10, 438.8934
533958,8.9590,0.003037,329.29, 438.8934
533959,8.9619,0.003011,332.12, 438.8931
533960,8.9648,0.002929,341.39, 438.8934
533961,8.9678,0.002991,334.29, 438.8928
533962,8.9707,0.002939,340.30, 438.8934
533963,8.9736,0.002976,336.07, 438.8928
533964,8.9766,0.002958,338.05, 438.8934
533965,8.9795,0.003009,332.31, 438.8928
533966,8.9824,0.002977,335.94, 438.8934
533967,8.9854,0.003041,328.89, 438.8928
533968,8.9888,0.002943,339.82, 438.8934
533969,8.9917,0.003016,331.59, 438.8934
533970,8.9946,0.002996,333.82, 438.8934
533971,8.9976,0.002961,337.77, 438.8934
533972,9.0005,0.003006,332.71, 438.8934
533973,9.0034,0.002970,336.67, 438.8931
533974,9.0063,0.002986,334.87, 438.8931
533975,9.0093,0.002965,337.26, 438.8934
533976,9.0122,0.002936,340.63, 438.8934
533977,9.0151,0.002987,334.80, 438.8931
533978,9.0186,0.003082,324.51, 438.8928
533979,9.0215,0.002963,337.55, 438.8934
533980,9.0244,0.003021,331.03, 438.8934
533981,9.0273,0.002947,339.33, 438.8934
533982,9.0303,0.002997,333.69, 438.8953
533983,9.0332,0.002916,342.95, 438.8934
533984,9.0361,0.002968,336.98, 438.8934
533985,9.0391,0.002953,338.70, 438.8934
533986,9.0425,0.003060,326.77, 438.8934
533987,9.0454,0.002987,334.83, 438.8934
533988,9.0483,0.003049,327.95, 438.8934
533989,9.0513,0.002889,346.09, 438.8934
533990,9.0542,0.003031,329.90, 438.8934
533991,9.0571,0.002949,339.12, 438.8934
533992,9.0601,0.003034,329.62, 438.8934
533993,9.0635,0.003096,323.04, 438.8934
533994,9.0664,0.003041,328.84, 438.8934
533995,9.0693,0.002983,335.29, 438.8931
533996,9.0723,0.003032,329.83, 438.8928
533997,9.0752,0.002924,341.95, 438.8928
533998,9.0786,0.003355,298.08, 438.8928
533999,9.0820,0.003183,314.15, 438.8928
534000,9.0850,0.003076,325.13, 438.8934
534001,9.0879,0.003041,328.84, 438.8928
534002,9.0908,0.003061,326.72, 438.8934
534003,9.0938,0.002999,333.41, 438.8928
534004,9.0972,0.003011,332.10, 438.8934
534005,9.1001,0.002996,333.76, 438.8928
534006,9.1030,0.003013,331.95, 438.8934
534007,9.1060,0.002924,341.96, 438.8928
534008,9.1089,0.003097,322.90, 438.8931
534009,9.1118,0.002999,333.47, 438.8928
534010,9.1152,0.003007,332.60, 438.8931
534011,9.1182,0.002970,336.70, 438.8928
534012,9.1211,0.003019,331.29, 438.8931
534013,9.1240,0.002946,339.47, 438.8928
534014,9.1270,0.003090,323.65, 438.8928
534015,9.1304,0.003070,325.76, 438.8931
534016,9.1333,0.003103,322.24, 438.8928
534017,9.1362,0.002939,340.24, 438.8934
534018,9.1392,0.003164,316.11, 438.8928
534019,9.1421,0.002983,335.29, 438.8934
534020,9.1455,0.003050,327.89, 438.8934
534021,9.1484,0.002918,342.74, 438.8934
534022,9.1514,0.003030,329.99, 438.8931
534023,9.1543,0.003019,331.21, 438.8931
534024,9.1577,0.003159,316.60, 438.8928
534025,9.1606,0.002994,333.97, 438.8931
534026,9.1636,0.003038,329.13, 438.8931
534027,9.1665,0.002933,340.90, 438.8928
534028,9.1694,0.003037,329.33, 438.8928
534029,9.1724,0.002980,335.62, 438.8931
534030,9.1758,0.003087,323.99, 438.8931
534031,9.1787,0.002978,335.82, 438.8928
534032,9.1816,0.003049,327.94, 438.8934
534033,9.1846,0.002881,347.13, 438.8934
534034,9.1875,0.003053,327.54, 438.8943
534035,9.1904,0.002996,333.83, 438.8934
534036,9.1934,0.003033,329.75, 438.8934
534037,9.1963,0.002932,341.04, 438.8931
534038,9.1997,0.003007,332.56, 438.8934
534039,9.2021,0.002863,349.28, 438.8934
534040,9.2056,0.003009,332.34, 438.8934
534041,9.2085,0.002922,342.25, 438.8934
534042,9.2114,0.003036,329.38, 438.8931
534043,9.2144,0.002897,345.22, 438.8934
534044,9.2173,0.003056,327.21, 438.8934
534045,9.2202,0.002959,337.93, 438.8936
534046,9.2231,0.003018,331.39, 438.8928
534047,9.2261,0.002966,337.13, 438.8934
534048,9.2290,0.003007,332.59, 438.8934
534049,9.2319,0.002911,343.48, 438.8934
534050,9.2354,0.003015,331.73, 438.8928
534051,9.2383,0.002938,340.38, 438.8934
534052,9.2412,0.003042,328.79, 438.8934
534053,9.2441,0.002959,337.97, 438.8931
534054,9.2471,0.003047,328.18, 438.8931
534055,9.2500,0.002997,333.72, 438.8934
534056,9.2529,0.002996,333.82, 438.8931
534057,9.2559,0.002916,342.89, 438.8934
534058,9.2593,0.003057,327.13, 438.8934
534059,9.2622,0.002979,335.73, 438.8931
534060,9.2651,0.002980,335.58, 438.8928
534061,9.2681,0.003024,330.70, 438.8934
534062,9.2710,0.002995,333.91, 438.8928
534063,9.2739,0.002967,337.05, 438.8934
534064,9.2769,0.002962,337.61, 438.8928
534065,9.2798,0.003005,332.73, 438.8934
534066,9.2832,0.003103,322.23, 438.8928
534067,9.2861,0.002999,333.44, 438.8934
534068,9.2891,0.002982,335.38, 438.8928
534069,9.2920,0.002956,338.26, 438.8934
534070,9.2949,0.002964,337.43, 438.8934
534071,9.2983,0.003084,324.30, 438.8931
534072,9.3013,0.003025,330.57, 438.8928
534073,9.3042,0.002962,337.66, 438.8928
534074,9.3071,0.002941,340.08, 438.8953
534075,9.3101,0.003011,332.13, 438.8934
534076,9.3130,0.003180,314.48, 438.8928
534077,9.3164,0.003373,296.52, 438.8934
534078,9.3198,0.003306,302.51, 438.8928
534079,9.3232,0.003316,301.59, 438.8934
534080,9.3262,0.003184,314.11, 438.8953
534081,9.3301,0.003581,279.25, 438.8928
534082,9.3335,0.003497,286.00, 438.8958
534083,9.3369,0.003321,301.10, 438.8928
534084,9.3398,0.003257,306.99, 438.8934
534085,9.3433,0.003020,331.18, 438.8934
534086,9.3462,0.003077,324.99, 438.8931
534087,9.3491,0.003017,331.48, 438.8928
534088,9.3521,0.003009,332.34, 438.8934
534089,9.3550,0.002965,337.29, 438.8934
534090,9.3584,0.003108,321.71, 438.8928
534091,9.3613,0.003013,331.87, 438.8931
534092,9.3643,0.003021,331.06, 438.8928
534093,9.3672,0.002926,341.75, 438.8928
534094,9.3701,0.003072,325.57, 438.8934
534095,9.3730,0.002945,339.57, 438.8928
534096,9.3765,0.003199,312.62, 438.8928
534097,9.3794,0.003030,330.09, 438.8928
534098,9.3823,0.003027,330.35, 438.8931
534099,9.3853,0.002961,337.76, 438.8934
534100,9.3887,0.003164,316.11, 438.8934
534101,9.3916,0.003066,326.13, 438.8934
534102,9.3945,0.003005,332.81, 438.8931
534103,9.3975,0.002950,339.04, 438.8931
534104,9.4009,0.003071,325.67, 438.8934
534105,9.4038,0.002928,341.51, 438.8934
534106,9.4067,0.003036,329.39, 438.8928
534107,9.4097,0.003094,323.16, 438.8934
534108,9.4126,0.003068,325.95, 438.8934
534109,9.4160,0.003008,332.48, 438.8931
534110,9.4189,0.003006,332.62, 438.8931
534111,9.4219,0.002959,337.97, 438.8931
534112,9.4248,0.003026,330.48, 438.8931
534113,9.4277,0.002969,336.86, 438.8931
534114,9.4307,0.003032,329.83, 438.8931
534115,9.4336,0.002895,345.38, 438.8934
534116,9.4365,0.003033,329.72, 438.8928
534117,9.4395,0.002938,340.32, 438.8934
534118,9.4429,0.003050,327.84, 438.8928
534119,9.4458,0.002950,338.95, 438.8934
534120,9.4487,0.003031,329.90, 438.8934
534121,9.4517,0.002901,344.77, 438.8934
534122,9.4546,0.003054,327.42, 438.8928
534123,9.4575,0.002913,343.25, 438.8934
534124,9.4604,0.003040,328.99, 438.8931
534125,9.4634,0.002904,344.32, 438.8934
534126,9.4663,0.002997,333.66, 438.8931
534127,9.4697,0.002992,334.19, 438.8934
534128,9.4727,0.003054,327.40, 438.8934
534129,9.4756,0.002953,338.59, 438.8934
534130,9.4785,0.003022,330.86, 438.8931
534131,9.4814,0.002923,342.09, 438.8934
534132,9.4844,0.003006,332.68, 438.8934
534133,9.4873,0.002912,343.47, 438.8934
534134,9.4902,0.003031,329.92, 438.8928
534135,9.4932,0.002947,339.34, 438.8934
534136,9.4961,0.002965,337.22, 438.8928
534137,9.4995,0.002945,339.62, 438.8928
534138,9.5024,0.003010,332.23, 438.8928
534139,9.5054,0.002923,342.10, 438.8934
534140,9.5083,0.002993,334.08, 438.8934
534141,9.5112,0.002968,336.95, 438.8934
534142,9.5142,0.002951,338.86, 438.8931
534143,9.5171,0.002997,333.66, 438.8931
534144,9.5200,0.003025,330.58, 438.8934
534145,9.5229,0.002965,337.30, 438.8934
534146,9.5259,0.002995,333.86, 438.8931
534147,9.5293,0.002959,337.96, 438.8934
534148,9.5322,0.002924,342.03, 438.8934
534149,9.5352,0.002972,336.52, 438.8934
534150,9.5381,0.002913,343.29, 438.8934
534151,9.5410,0.003000,333.31, 438.8934
534152,9.5439,0.002918,342.69, 438.8931
534153,9.5469,0.002976,336.06, 438.8934
534154,9.5498,0.002964,337.37, 438.8934
534155,9.5527,0.003025,330.60, 438.8934
534156,9.5557,0.003046,328.30, 438.8934
534157,9.5591,0.003061,326.67, 438.8934
534158,9.5620,0.003066,326.12, 438.8934
534159,9.5649,0.003035,329.47, 438.8934
534160,9.5679,0.002943,339.78, 438.8934
534161,9.5708,0.002986,334.87, 438.8931
534162,9.5737,0.002912,343.39, 438.8928
534163,9.5767,0.003023,330.84, 438.8934
534164,9.5801,0.003031,329.94, 438.8934
534165,9.5830,0.002994,333.96, 438.8934
534166,9.5859,0.002891,345.96, 438.8928
534167,9.5889,0.003027,330.39, 438.8934
534168,9.5918,0.002926,341.74, 438.8934
534169,9.5947,0.003070,325.78, 438.8934
534170,9.5977,0.002977,335.89, 438.8928
534171,9.6006,0.003024,330.70, 438.8934
534172,9.6035,0.002935,340.76, 438.8931
534173,9.6069,0.003016,331.59, 438.8934
534174,9.6099,0.002962,337.59, 438.8936
534175,9.6128,0.003028,330.31, 438.8934
534176,9.6157,0.002895,345.40, 438.8935
534177,9.6187,0.003013,331.86, 438.8928
534178,9.6216,0.002950,338.96, 438.8934
534179,9.6245,0.003096,322.99, 438.8928
534180,9.6274,0.002978,335.80, 438.8934
534181,9.6309,0.003004,332.92, 438.8928
534182,9.6333,0.002887,346.39, 438.8934
534183,9.6367,0.002984,335.14, 438.8928
534184,9.6396,0.002980,335.56, 438.8931
534185,9.6426,0.003016,331.62, 438.8928
534186,9.6455,0.002929,341.37, 438.8931
534187,9.6484,0.002984,335.09, 438.8934
534188,9.6514,0.002905,344.20, 438.8934
534189,9.6543,0.003026,330.50, 438.8934
534190,9.6572,0.002962,337.56, 438.8934
534191,9.6602,0.003010,332.24, 438.8953
534192,9.6631,0.002927,341.66, 438.8934
534193,9.6660,0.002936,340.59, 438.8934
534194,9.6689,0.002993,334.08, 438.8931
534195,9.6724,0.002999,333.41, 438.9052
534196,9.6753,0.003103,322.25, 438.8934
534197,9.6782,0.003024,330.73, 438.8928
534198,9.6812,0.003003,332.98, 438.8928
534199,9.6841,0.002975,336.10, 438.8934
534200,9.6875,0.003085,324.12, 438.8931
534201,9.6904,0.003014,331.80, 438.8934
534202,9.6934,0.003001,333.26, 438.8928
534203,9.6963,0.002965,337.26, 438.8931
534204,9.6992,0.003007,332.57, 438.8934
534205,9.7021,0.002988,334.72, 438.8934
534206,9.7056,0.003038,329.22, 438.8928
534207,9.7085,0.002956,338.31, 438.8931
534208,9.7114,0.002993,334.07, 438.8928
534209,9.7144,0.002986,334.87, 438.8934
534210,9.7173,0.002975,336.13, 438.8928
534211,9.7202,0.002981,335.50, 438.8931
534212,9.7231,0.002997,333.62, 438.8934
534213,9.7261,0.002943,339.75, 438.8934
534214,9.7290,0.003011,332.16, 438.8934
534215,9.7324,0.002986,334.95, 438.8934
534216,9.7354,0.003007,332.54, 438.8934
534217,9.7383,0.002949,339.16, 438.8928
534218,9.7412,0.003017,331.46, 438.8934
534219,9.7441,0.002922,342.27, 438.9002
534220,9.7471,0.002996,333.78, 438.8934
534221,9.7500,0.002980,335.60, 438.8928
534222,9.7529,0.003044,328.56, 438.8934
534223,9.7563,0.003035,329.45, 438.8934
534224,9.7593,0.003063,326.45, 438.8934
534225,9.7622,0.002944,339.71, 438.8931
534226,9.7651,0.002987,334.75, 438.8934
534227,9.7681,0.002938,340.33, 438.8934
534228,9.7710,0.003006,332.62, 438.8934
534229,9.7739,0.002916,342.94, 438.8928
534230,9.7769,0.003021,331.02, 438.8928
534231,9.7798,0.002966,337.19, 438.8928
534232,9.7832,0.003005,332.83, 438.8931
534233,9.7861,0.002925,341.86, 438.8931
534234,9.7891,0.003070,325.70, 438.8931
534235,9.7920,0.002911,343.51, 438.8931
534236,9.7949,0.002970,336.70, 438.8934
534237,9.7979,0.002864,349.16, 438.8934
534238,9.8008,0.002978,335.81, 438.8934
534239,9.8037,0.002889,346.14, 438.8934
534240,9.8066,0.002999,333.46, 438.8934
534241,9.8096,0.002892,345.79, 438.8934
534242,9.8125,0.003128,319.65, 438.8928
534243,9.8159,0.003192,313.31, 438.8934
534244,9.8188,0.003109,321.62, 438.8934
534245,9.8218,0.002945,339.57, 438.8934
534246,9.8247,0.003006,332.66, 438.8928
534247,9.8281,0.003027,330.34, 438.8934
534248,9.8311,0.003200,312.53, 438.8931
534249,9.8340,0.002957,338.23, 438.8934
534250,9.8369,0.002990,334.41, 438.8931
534251,9.8398,0.002923,342.17, 438.8928
534252,9.8428,0.002994,333.96, 438.8934
534253,9.8457,0.002913,343.24, 438.8934
534254,9.8486,0.002967,337.09, 438.8931
534255,9.8516,0.002899,344.98, 438.8934
534256,9.8545,0.002944,339.63, 438.8934
534257,9.8574,0.002953,338.64, 438.8934
534258,9.8604,0.002938,340.39, 438.8928
534259,9.8638,0.002945,339.55, 438.8928
534260,9.8667,0.002994,333.96, 438.8931
534261,9.8696,0.002919,342.63, 438.8934
534262,9.8726,0.002918,342.67, 438.8934
534263,9.8755,0.002942,339.87, 438.8934
534264,9.8784,0.002963,337.46, 438.8934
534265,9.8813,0.002973,336.36, 438.8934
534266,9.8843,0.002908,343.90, 438.8928
534267,9.8872,0.002951,338.88, 438.8934
534268,9.8901,0.003055,327.33, 438.8928
534269,9.8931,0.003094,323.19, 438.9024
534270,9.8965,0.003185,313.96, 438.8928
534271,9.8999,0.003216,310.93, 438.8931
534272,9.9028,0.003038,329.15, 438.8931
534273,9.9058,0.003057,327.08, 438.8934
534274,9.9087,0.003000,333.39, 438.8928
534275,9.9121,0.003212,311.31, 438.8934
534276,9.9150,0.002967,337.04, 438.8934
534277,9.9180,0.002944,339.65, 438.8934
534278,9.9209,0.002968,336.97, 438.8934
534279,9.9238,0.003009,332.29, 438.8934
534280,9.9268,0.002923,342.17, 438.8928
534281,9.9297,0.002957,338.21, 438.8934
534282,9.9326,0.002904,344.41, 438.8931
534283,9.9355,0.002969,336.79, 438.8934
534284,9.9385,0.002983,335.29, 438.8931
534285,9.9414,0.002987,334.84, 438.8934
534286,9.9443,0.002931,341.13, 438.8931
534287,9.9473,0.002965,337.25, 438.8934
534288,9.9502,0.002928,341.54, 438.8928
534289,9.9536,0.003031,329.96, 438.8931
534290,9.9565,0.002893,345.71, 438.8928
534291,9.9595,0.003040,328.99, 438.8934
534292,9.9624,0.002913,343.30, 438.8931
534293,9.9653,0.002970,336.69, 438.8934
534294,9.9683,0.002884,346.78, 438.8934
534295,9.9712,0.003005,332.82, 438.8934
534296,9.9741,0.002872,348.25, 438.8931
534297,9.9771,0.003001,333.21, 438.8934
534298,9.9800,0.002920,342.49, 438.8934
534299,9.9829,0.002975,336.19, 438.8934
534300,9.9858,0.002943,339.85, 438.8934
534301,9.9888,0.002991,334.33, 438.8934
534302,9.9917,0.002883,346.85, 438.8934
534303,9.9946,0.002936,340.61, 438.8934
534304,9.9976,0.002897,345.24, 438.8934
