TotalFrame,Time,DeltaTime,FPS,RAM
537630,0.0000,0.015960,62.66, 439.1866
537631,0.0000,0.015960,62.66, 439.4222
537632,0.0200,0.020000,50.00, 439.2409
537633,0.0239,0.003588,278.68, 439.2118
537634,0.0273,0.003437,290.94, 439.2119
537635,0.0347,0.007616,131.31, 439.2117
537636,0.0381,0.003031,329.88, 439.2134
537637,0.0410,0.003244,308.30, 439.2112
537638,0.0439,0.003094,323.23, 439.2115
537639,0.0474,0.003074,325.35, 439.2115
537640,0.0503,0.003105,322.11, 439.2109
537641,0.0532,0.003077,325.00, 439.2115
537642,0.0566,0.003002,333.10, 439.2113
537643,0.0596,0.003133,319.21, 439.2062
537644,0.0625,0.003086,324.10, 439.2056
537645,0.0654,0.002992,334.21, 439.2056
537646,0.0688,0.002971,336.60, 439.2056
537647,0.0718,0.003145,317.94, 439.2059
537648,0.0747,0.003109,321.64, 439.2059
537649,0.0776,0.002988,334.64, 439.2062
537650,0.0811,0.002964,337.35, 439.2056
537651,0.0840,0.003009,332.33, 439.2062
537652,0.0869,0.002960,337.80, 439.2059
537653,0.0898,0.003049,328.03, 439.2062
537654,0.0928,0.003027,330.41, 439.2059
537655,0.0957,0.003051,327.75, 439.2062
537656,0.0986,0.002927,341.62, 439.2056
537657,0.1021,0.003038,329.20, 439.2059
537658,0.1050,0.003054,327.43, 439.2062
537659,0.1079,0.003035,329.46, 439.2062
537660,0.1108,0.002964,337.35, 439.2062
537661,0.1138,0.003024,330.67, 439.2059
537662,0.1167,0.002922,342.20, 439.2062
537663,0.1201,0.003019,331.25, 439.2062
537664,0.1230,0.002950,339.01, 439.2060
537665,0.1260,0.003040,328.90, 439.2062
537666,0.1289,0.002944,339.67, 439.2059
537667,0.1318,0.003080,324.72, 439.2062
537668,0.1348,0.003020,331.17, 439.2059
537669,0.1377,0.002961,337.74, 439.2062
537670,0.1406,0.002908,343.87, 439.2056
537671,0.1440,0.003036,329.40, 439.2062
537672,0.1470,0.002970,336.67, 439.2056
537673,0.1499,0.003093,323.29, 439.2062
537674,0.1528,0.002945,339.54, 439.2056
537675,0.1563,0.003159,316.60, 439.2062
537676,0.1592,0.003147,317.72, 439.2062
537677,0.1621,0.003091,323.55, 439.2056
537678,0.1655,0.003029,330.17, 439.2062
537679,0.1685,0.003056,327.21, 439.2056
537680,0.1714,0.002982,335.39, 439.2056
537681,0.1743,0.003073,325.41, 439.2059
537682,0.1772,0.003010,332.20, 439.2056
537683,0.1807,0.003161,316.35, 439.2062
537684,0.1836,0.002945,339.54, 439.2062
537685,0.1865,0.003039,329.02, 439.2062
537686,0.1895,0.003079,324.75, 439.2056
537687,0.1929,0.003114,321.10, 439.2062
537688,0.1958,0.002984,335.18, 439.2056
537689,0.1987,0.003031,329.90, 439.2062
537690,0.2017,0.002989,334.52, 439.2056
537691,0.2046,0.003079,324.83, 439.2062
537692,0.2080,0.002942,339.96, 439.2062
537693,0.2109,0.003084,324.26, 439.2059
537694,0.2139,0.002983,335.29, 439.2062
537695,0.2168,0.003065,326.29, 439.2062
537696,0.2197,0.002954,338.56, 439.2059
537697,0.2231,0.003066,326.16, 439.2062
537698,0.2261,0.002968,336.94, 439.2059
537699,0.2290,0.003051,327.82, 439.2175
537700,0.2319,0.003015,331.70, 439.2056
537701,0.2349,0.003036,329.39, 439.2062
537702,0.2378,0.003047,328.23, 439.2062
537703,0.2417,0.003430,291.54, 439.2062
537704,0.2446,0.002968,336.93, 439.2085
537705,0.2476,0.002965,337.22, 439.2062
537706,0.2505,0.002983,335.26, 439.2056
537707,0.2534,0.003044,328.54, 439.2062
537708,0.2563,0.002927,341.65, 439.2062
537709,0.2593,0.003000,333.33, 439.2059
537710,0.2622,0.002945,339.60, 439.2062
537711,0.2651,0.003010,332.24, 439.2062
537712,0.2681,0.002956,338.30, 439.2059
537713,0.2715,0.003035,329.51, 439.2059
537714,0.2744,0.002954,338.51, 439.2062
537715,0.2773,0.002994,334.06, 439.2062
537716,0.2803,0.002899,344.95, 439.2059
537717,0.2832,0.002981,335.47, 439.2204
537718,0.2861,0.002890,346.06, 439.2062
537719,0.2891,0.003005,332.80, 439.2080
537720,0.2920,0.002950,339.01, 439.2056
537721,0.2949,0.003084,324.25, 439.2062
537722,0.2979,0.002919,342.56, 439.2056
537723,0.3008,0.003022,330.91, 439.2062
537724,0.3037,0.002912,343.38, 439.2056
537725,0.3071,0.003029,330.14, 439.2059
537726,0.3101,0.002948,339.19, 439.2062
537727,0.3130,0.003088,323.80, 439.2062
537728,0.3159,0.002891,345.89, 439.2062
537729,0.3188,0.002982,335.33, 439.2059
537730,0.3218,0.002953,338.67, 439.2062
537731,0.3247,0.003028,330.21, 439.2062
537732,0.3276,0.002975,336.15, 439.2062
537733,0.3306,0.002982,335.35, 439.2062
537734,0.3335,0.002956,338.30, 439.2062
537735,0.3369,0.002990,334.43, 439.2059
537736,0.3398,0.003005,332.76, 439.2056
537737,0.3428,0.003038,329.15, 439.2062
537738,0.3457,0.002948,339.20, 439.2062
537739,0.3486,0.002959,337.96, 439.2062
537740,0.3516,0.003066,326.15, 439.2062
537741,0.3545,0.002975,336.15, 439.2080
537742,0.3579,0.003053,327.54, 439.2062
537743,0.3608,0.002989,334.53, 439.2062
537744,0.3638,0.002930,341.26, 439.2062
537745,0.3667,0.002911,343.58, 439.2056
537746,0.3696,0.003001,333.23, 439.2059
537747,0.3726,0.002964,337.37, 439.2062
537748,0.3755,0.002972,336.51, 439.2062
537749,0.3784,0.002936,340.63, 439.2059
537750,0.3813,0.002949,339.10, 439.2062
537751,0.3843,0.002939,340.30, 439.2062
537752,0.3872,0.002971,336.54, 439.2062
537753,0.3901,0.002925,341.92, 439.2080
537754,0.3931,0.003013,331.95, 439.2062
537755,0.3965,0.002973,336.41, 439.2056
537756,0.3994,0.002977,335.91, 439.2062
537757,0.4023,0.002978,335.75, 439.2056
537758,0.4053,0.003047,328.16, 439.2059
537759,0.4082,0.003023,330.75, 439.2056
537760,0.4111,0.003028,330.21, 439.2059
537761,0.4146,0.003031,329.96, 439.2056
537762,0.4175,0.003123,320.17, 439.2056
537763,0.4204,0.003043,328.61, 439.2062
537764,0.4233,0.003049,327.94, 439.2059
537765,0.4263,0.002938,340.41, 439.2059
537766,0.4297,0.002992,334.26, 439.2062
537767,0.4326,0.003030,330.05, 439.2062
537768,0.4355,0.003046,328.35, 439.2056
537769,0.4385,0.002916,342.99, 439.2059
537770,0.4414,0.003004,332.85, 439.2059
537771,0.4443,0.002961,337.74, 439.2062
537772,0.4473,0.003012,331.99, 439.2059
537773,0.4502,0.002959,337.92, 439.2062
537774,0.4536,0.003010,332.26, 439.2062
537775,0.4565,0.002952,338.80, 439.2056
537776,0.4595,0.003041,328.86, 439.2062
537777,0.4624,0.002992,334.27, 439.2059
537778,0.4653,0.003073,325.40, 439.2062
537779,0.4683,0.002937,340.51, 439.2062
537780,0.4717,0.003050,327.86, 439.2062
537781,0.4746,0.002930,341.33, 439.2059
537782,0.4775,0.003023,330.82, 439.2062
537783,0.4805,0.002922,342.25, 439.2056
537784,0.4834,0.003041,328.81, 439.2056
537785,0.4863,0.003037,329.26, 439.2056
537786,0.4893,0.003022,330.92, 439.2062
537787,0.4922,0.002968,336.88, 439.2062
537788,0.4956,0.002994,333.96, 439.2059
537789,0.4985,0.002932,341.12, 439.2059
537790,0.5015,0.002984,335.10, 439.2059
537791,0.5044,0.002957,338.17, 439.2062
537792,0.5073,0.002980,335.58, 439.2059
537793,0.5103,0.002955,338.42, 439.2062
537794,0.5132,0.003022,330.87, 439.2062
537795,0.5161,0.002948,339.25, 439.2062
537796,0.5190,0.002993,334.08, 439.2062
537797,0.5220,0.002966,337.17, 439.2059
537798,0.5249,0.003001,333.19, 439.2062
537799,0.5283,0.003066,326.13, 439.2062
537800,0.5317,0.003309,302.23, 439.2056
537801,0.5347,0.003055,327.38, 439.2059
537802,0.5376,0.003020,331.13, 439.2062
537803,0.5405,0.003005,332.80, 439.2059
537804,0.5435,0.003014,331.81, 439.2062
537805,0.5464,0.002939,340.22, 439.2056
537806,0.5493,0.002972,336.49, 439.2062
537807,0.5522,0.002969,336.87, 439.2062
537808,0.5557,0.002982,335.31, 439.2062
537809,0.5586,0.002952,338.79, 439.2062
537810,0.5615,0.002991,334.30, 439.2059
537811,0.5645,0.002975,336.17, 439.2062
537812,0.5674,0.002941,340.07, 439.2059
537813,0.5703,0.002966,337.11, 439.2059
537814,0.5732,0.002966,337.12, 439.2062
537815,0.5762,0.003008,332.50, 439.2062
537816,0.5791,0.002939,340.29, 439.2056
537817,0.5820,0.002939,340.25, 439.2062
537818,0.5850,0.002872,348.15, 439.2145
537819,0.5879,0.002990,334.41, 439.2062
537820,0.5908,0.002985,335.06, 439.2056
537821,0.5942,0.003043,328.61, 439.2062
537822,0.5972,0.003001,333.24, 439.2062
537823,0.6001,0.003022,330.90, 439.2062
537824,0.6030,0.002981,335.46, 439.2056
537825,0.6060,0.002968,336.90, 439.2166
537826,0.6089,0.002960,337.82, 439.2059
537827,0.6118,0.003032,329.86, 439.2062
537828,0.6147,0.002937,340.48, 439.2062
537829,0.6182,0.003045,328.39, 439.2062
537830,0.6211,0.002946,339.43, 439.2059
537831,0.6240,0.003066,326.17, 439.2062
537832,0.6270,0.002938,340.38, 439.2056
537833,0.6299,0.003025,330.62, 439.2062
537834,0.6328,0.002922,342.23, 439.2059
537835,0.6357,0.003004,332.92, 439.2062
537836,0.6387,0.002947,339.29, 439.2071
537837,0.6421,0.003075,325.22, 439.2062
537838,0.6445,0.002878,347.46, 439.2329
537839,0.6479,0.003049,328.01, 439.2062
537840,0.6509,0.002964,337.36, 439.2056
537841,0.6538,0.003018,331.37, 439.2059
537842,0.6567,0.002886,346.45, 439.2062
537843,0.6597,0.003025,330.62, 439.2062
537844,0.6626,0.002930,341.31, 439.2062
537845,0.6655,0.002986,334.92, 439.2062
537846,0.6685,0.002930,341.32, 439.2062
537847,0.6719,0.003086,324.00, 439.2062
537848,0.6748,0.002980,335.57, 439.2062
537849,0.6777,0.002954,338.58, 439.2062
537850,0.6807,0.002877,347.56, 439.2062
537851,0.6836,0.002995,333.89, 439.2062
537852,0.6865,0.002970,336.70, 439.2059
537853,0.6895,0.003015,331.66, 439.2059
537854,0.6924,0.002921,342.38, 439.2062
537855,0.6953,0.002965,337.28, 439.2062
537856,0.6982,0.002883,346.92, 439.2062
537857,0.7012,0.002951,338.82, 439.2056
537858,0.7041,0.002977,335.92, 439.2062
537859,0.7070,0.002980,335.63, 439.2062
537860,0.7100,0.002979,335.69, 439.2056
537861,0.7129,0.002943,339.75, 439.2062
537862,0.7158,0.002963,337.48, 439.2062
537863,0.7188,0.002988,334.71, 439.2059
537864,0.7222,0.002942,339.92, 439.2062
537865,0.7251,0.002924,342.00, 439.2062
537866,0.7275,0.002927,341.68, 439.2062
537867,0.7310,0.002962,337.62, 439.2062
537868,0.7339,0.003058,327.02, 439.2062
537869,0.7368,0.002871,348.27, 439.2110
537870,0.7397,0.002966,337.20, 439.2062
537871,0.7427,0.002913,343.29, 439.2080
537872,0.7456,0.002935,340.69, 439.2059
537873,0.7485,0.002923,342.11, 439.2056
537874,0.7515,0.002997,333.62, 439.2059
537875,0.7544,0.002895,345.47, 439.2062
537876,0.7573,0.002996,333.77, 439.2062
537877,0.7603,0.003003,333.04, 439.2059
537878,0.7632,0.003037,329.32, 439.2062
537879,0.7661,0.002858,349.88, 439.2062
537880,0.7690,0.003045,328.39, 439.2059
537881,0.7725,0.003048,328.08, 439.2062
537882,0.7754,0.003043,328.62, 439.2062
537883,0.7783,0.002962,337.63, 439.2056
537884,0.7813,0.003029,330.16, 439.2062
537885,0.7842,0.002899,344.92, 439.2059
537886,0.7871,0.002949,339.14, 439.2062
537887,0.7900,0.002935,340.70, 439.2062
537888,0.7930,0.003024,330.67, 439.2059
537889,0.7964,0.003192,313.28, 439.2062
537890,0.7998,0.003254,307.30, 439.2056
537891,0.8027,0.003272,305.66, 439.2056
537892,0.8062,0.003496,286.03, 439.2145
537893,0.8101,0.003566,280.43, 439.2056
537894,0.8135,0.003504,285.42, 439.2056
537895,0.8164,0.003104,322.20, 439.2062
537896,0.8193,0.003008,332.45, 439.2059
537897,0.8228,0.003159,316.52, 439.2059
537898,0.8262,0.003281,304.79, 439.2059
537899,0.8291,0.003098,322.81, 439.2062
537900,0.8320,0.002993,334.12, 439.2059
537901,0.8350,0.002994,334.03, 439.2059
537902,0.8379,0.003070,325.75, 439.2062
537903,0.8413,0.003005,332.78, 439.2204
537904,0.8442,0.002996,333.79, 439.2062
537905,0.8472,0.002968,336.89, 439.2062
537906,0.8501,0.002971,336.55, 439.2062
537907,0.8530,0.002993,334.09, 439.2062
537908,0.8560,0.002947,339.35, 439.2059
537909,0.8594,0.003238,308.81, 439.2056
537910,0.8623,0.003119,320.57, 439.2056
537911,0.8652,0.003024,330.72, 439.2062
537912,0.8682,0.002986,334.86, 439.2059
537913,0.8716,0.003021,331.05, 439.2062
537914,0.8745,0.003008,332.49, 439.2062
537915,0.8774,0.002986,334.87, 439.2062
537916,0.8804,0.003023,330.75, 439.2056
537917,0.8833,0.002995,333.91, 439.2056
537918,0.8862,0.002935,340.68, 439.2062
537919,0.8896,0.003073,325.39, 439.2062
537920,0.8926,0.003051,327.73, 439.2062
537921,0.8955,0.002960,337.87, 439.2062
537922,0.8984,0.003002,333.11, 439.2062
537923,0.9014,0.002982,335.30, 439.2062
537924,0.9043,0.003045,328.46, 439.2059
537925,0.9072,0.003012,332.05, 439.2062
537926,0.9106,0.003099,322.70, 439.2056
537927,0.9136,0.003025,330.55, 439.2062
537928,0.9165,0.002957,338.18, 439.2062
537929,0.9199,0.003158,316.71, 439.2056
537930,0.9233,0.003465,288.57, 439.2130
537931,0.9263,0.003266,306.18, 439.2062
537932,0.9297,0.003135,319.03, 439.2062
537933,0.9331,0.003465,288.60, 439.2056
537934,0.9370,0.003927,254.63, 439.2080
537935,0.9404,0.003556,281.24, 439.2060
537936,0.9443,0.003716,269.11, 439.2056
537937,0.9473,0.003009,332.39, 439.2081
537938,0.9502,0.002954,338.54, 439.2062
537939,0.9531,0.003173,315.18, 439.2056
537940,0.9565,0.003158,316.65, 439.2059
537941,0.9595,0.003092,323.37, 439.2056
537942,0.9624,0.003008,332.41, 439.2062
537943,0.9658,0.002973,336.38, 439.2062
537944,0.9688,0.003140,318.50, 439.2056
537945,0.9717,0.003115,321.05, 439.2080
537946,0.9751,0.003035,329.47, 439.2062
537947,0.9780,0.002946,339.47, 439.2062
537948,0.9810,0.003010,332.20, 439.2059
537949,0.9839,0.002993,334.17, 439.2059
537950,0.9868,0.002956,338.32, 439.2062
537951,0.9897,0.002966,337.18, 439.2062
537952,0.9927,0.002991,334.31, 439.2056
537953,0.9956,0.002989,334.52, 439.2062
537954,0.9985,0.002946,339.48, 439.2062
537955,1.0015,0.002967,337.10, 439.2062
537956,1.0044,0.002975,336.11, 439.2080
537957,1.0078,0.002983,335.28, 439.2056
537958,1.0107,0.002963,337.51, 439.2056
537959,1.0137,0.002993,334.14, 439.2062
537960,1.0166,0.002968,336.93, 439.2062
537961,1.0195,0.003009,332.34, 439.2062
537962,1.0225,0.002946,339.40, 439.2062
537963,1.0254,0.003012,332.03, 439.2062
537964,1.0283,0.002965,337.26, 439.2059
537965,1.0317,0.003044,328.53, 439.2062
537966,1.0347,0.002945,339.52, 439.2062
537967,1.0376,0.002989,334.60, 439.2062
537968,1.0405,0.003039,329.08, 439.2056
537969,1.0435,0.003033,329.72, 439.2062
537970,1.0464,0.002999,333.46, 439.2056
537971,1.0493,0.003041,328.83, 439.2062
537972,1.0522,0.002907,343.99, 439.2080
537973,1.0557,0.003021,331.03, 439.2059
537974,1.0586,0.002952,338.81, 439.2059
537975,1.0615,0.003009,332.34, 439.2062
537976,1.0645,0.002969,336.79, 439.2056
537977,1.0674,0.003056,327.25, 439.2062
537978,1.0703,0.002981,335.50, 439.2059
537979,1.0732,0.003027,330.36, 439.2062
537980,1.0762,0.002940,340.18, 439.2056
537981,1.0796,0.003067,326.07, 439.2059
537982,1.0825,0.002976,336.01, 439.2062
537983,1.0854,0.003002,333.17, 439.2062
537984,1.0884,0.003011,332.07, 439.2062
537985,1.0918,0.003088,323.82, 439.2059
537986,1.0947,0.003020,331.14, 439.2059
537987,1.0977,0.002995,333.90, 439.2059
537988,1.1006,0.002991,334.29, 439.2059
537989,1.1035,0.003151,317.37, 439.2062
537990,1.1064,0.002918,342.76, 439.2062
537991,1.1099,0.003219,310.64, 439.2059
537992,1.1128,0.003088,323.89, 439.2056
537993,1.1162,0.003186,313.91, 439.2059
537994,1.1191,0.002925,341.94, 439.2059
537995,1.1221,0.003039,329.02, 439.2062
537996,1.1250,0.002981,335.48, 439.2059
537997,1.1279,0.003020,331.15, 439.2059
537998,1.1309,0.002920,342.49, 439.2062
537999,1.1338,0.003015,331.70, 439.2062
538000,1.1367,0.002878,347.50, 439.2062
538001,1.1401,0.003087,323.98, 439.2059
538002,1.1431,0.002927,341.62, 439.2062
538003,1.1460,0.002993,334.17, 439.2062
538004,1.1489,0.002882,347.02, 439.2062
538005,1.1519,0.003017,331.43, 439.2062
538006,1.1548,0.002924,342.06, 439.2062
538007,1.1577,0.003051,327.73, 439.2062
538008,1.1606,0.002944,339.64, 439.2059
538009,1.1636,0.003018,331.30, 439.2062
538010,1.1665,0.002906,344.10, 439.2059
538011,1.1694,0.003022,330.91, 439.2062
538012,1.1724,0.002939,340.23, 439.2062
538013,1.1758,0.003026,330.43, 439.2062
538014,1.1787,0.002949,339.05, 439.2062
538015,1.1816,0.002989,334.56, 439.2062
538016,1.1846,0.002976,336.02, 439.2062
538017,1.1875,0.003025,330.62, 439.2056
538018,1.1904,0.003001,333.22, 439.2062
538019,1.1938,0.003031,329.98, 439.2062
538020,1.1968,0.002938,340.38, 439.2062
538021,1.1997,0.003017,331.47, 439.2062
538022,1.2026,0.002956,338.27, 439.2062
538023,1.2056,0.002983,335.28, 439.2056
538024,1.2085,0.002964,337.43, 439.2062
538025,1.2114,0.003011,332.15, 439.2056
538026,1.2144,0.002998,333.53, 439.2059
538027,1.2173,0.002967,337.04, 439.2056
538028,1.2202,0.003015,331.65, 439.2062
538029,1.2236,0.002970,336.69, 439.2062
538030,1.2266,0.003061,326.65, 439.2062
538031,1.2295,0.002962,337.58, 439.2059
538032,1.2324,0.002994,334.02, 439.2062
538033,1.2354,0.003052,327.71, 439.2056
538034,1.2383,0.002939,340.26, 439.2062
538035,1.2412,0.002948,339.20, 439.2062
538036,1.2446,0.003020,331.14, 439.2059
538037,1.2476,0.002948,339.25, 439.2062
538038,1.2505,0.002990,334.43, 439.2062
538039,1.2534,0.002984,335.14, 439.2062
538040,1.2563,0.003015,331.72, 439.2062
538041,1.2593,0.002972,336.51, 439.2062
538042,1.2622,0.002979,335.65, 439.2062
538043,1.2651,0.002937,340.54, 439.2062
538044,1.2681,0.002975,336.09, 439.2062
538045,1.2710,0.002969,336.77, 439.2062
538046,1.2744,0.003066,326.12, 439.2062
538047,1.2773,0.002934,340.79, 439.2062
538048,1.2803,0.002978,335.83, 439.2062
538049,1.2832,0.002951,338.85, 439.2062
538050,1.2861,0.003018,331.39, 439.2062
538051,1.2891,0.002926,341.80, 439.2062
538052,1.2920,0.003038,329.14, 439.2062
538053,1.2949,0.002873,348.10, 439.2190
538054,1.2979,0.003035,329.52, 439.2062
538055,1.3008,0.002925,341.93, 439.2062
538056,1.3042,0.003051,327.78, 439.2056
538057,1.3066,0.002894,345.60, 439.2062
538058,1.3101,0.003007,332.61, 439.2062
538059,1.3130,0.002932,341.04, 439.2062
538060,1.3159,0.002999,333.40, 439.2056
538061,1.3188,0.003031,329.98, 439.2062
538062,1.3218,0.003030,330.09, 439.2059
538063,1.3247,0.002928,341.57, 439.2062
538064,1.3276,0.003094,323.19, 439.2062
538065,1.3311,0.002978,335.84, 439.2062
538066,1.3340,0.003052,327.61, 439.2059
538067,1.3369,0.002939,340.29, 439.2062
538068,1.3398,0.002980,335.56, 439.2056
538069,1.3428,0.002962,337.64, 439.2062
538070,1.3457,0.002987,334.83, 439.2056
538071,1.3486,0.002979,335.66, 439.2062
538072,1.3516,0.003013,331.90, 439.2056
538073,1.3545,0.002954,338.57, 439.2062
538074,1.3579,0.002966,337.12, 439.2059
538075,1.3608,0.002990,334.50, 439.2062
538076,1.3638,0.003021,331.04, 439.2056
538077,1.3667,0.002942,339.94, 439.2062
538078,1.3696,0.002945,339.57, 439.2062
538079,1.3726,0.003010,332.21, 439.2062
538080,1.3755,0.002954,338.48, 439.2056
538081,1.3789,0.003142,318.29, 439.2062
538082,1.3818,0.003016,331.54, 439.2056
538083,1.3848,0.002949,339.12, 439.2062
538084,1.3877,0.002976,336.03, 439.2062
538085,1.3906,0.002999,333.48, 439.2062
538086,1.3936,0.002991,334.36, 439.2062
538087,1.3965,0.002926,341.79, 439.2062
538088,1.3994,0.002895,345.40, 439.2062
538089,1.4023,0.002978,335.83, 439.2062
538090,1.4053,0.002883,346.82, 439.2059
538091,1.4082,0.003006,332.71, 439.2062
538092,1.4111,0.003004,332.92, 439.2056
538093,1.4146,0.003018,331.37, 439.2062
538094,1.4170,0.002889,346.09, 439.2062
538095,1.4204,0.003015,331.71, 439.2062
538096,1.4233,0.002987,334.81, 439.2056
538097,1.4263,0.003141,318.34, 439.2059
538098,1.4292,0.002939,340.26, 439.2059
538099,1.4321,0.002996,333.81, 439.2062
538100,1.4351,0.002927,341.68, 439.2056
538101,1.4385,0.003103,322.31, 439.2062
538102,1.4414,0.002947,339.39, 439.2062
538103,1.4443,0.003032,329.84, 439.2062
538104,1.4473,0.002920,342.49, 439.2059
538105,1.4502,0.003005,332.81, 439.2056
538106,1.4531,0.002927,341.60, 439.2062
538107,1.4561,0.003128,319.65, 439.2062
538108,1.4590,0.002930,341.31, 439.2059
538109,1.4624,0.003032,329.78, 439.2062
538110,1.4653,0.002929,341.44, 439.2062
538111,1.4683,0.003033,329.73, 439.2062
538112,1.4712,0.002908,343.93, 439.2062
538113,1.4741,0.003057,327.15, 439.2059
538114,1.4771,0.002903,344.46, 439.2062
538115,1.4800,0.002978,335.81, 439.2056
538116,1.4829,0.002881,347.16, 439.2062
538117,1.4858,0.003115,321.03, 439.2056
538118,1.4888,0.002962,337.66, 439.2062
538119,1.4922,0.003018,331.30, 439.2056
538120,1.4951,0.002928,341.51, 439.2062
538121,1.4980,0.003017,331.48, 439.2056
538122,1.5010,0.002887,346.36, 439.2062
538123,1.5039,0.002990,334.47, 439.2062
538124,1.5068,0.002873,348.13, 439.2062
538125,1.5098,0.002989,334.56, 439.2059
538126,1.5127,0.002969,336.86, 439.2062
538127,1.5156,0.002991,334.34, 439.2062
538128,1.5186,0.002917,342.81, 439.2062
538129,1.5215,0.002981,335.42, 439.2059
538130,1.5244,0.002995,333.87, 439.2062
538131,1.5273,0.002961,337.78, 439.2062
538132,1.5303,0.002960,337.85, 439.2062
538133,1.5332,0.002959,337.93, 439.2062
538134,1.5366,0.003214,311.17, 439.2062
538135,1.5400,0.003321,301.14, 439.2062
538136,1.5430,0.003190,313.51, 439.2080
538137,1.5464,0.003123,320.19, 439.2056
538138,1.5493,0.003036,329.36, 439.2059
538139,1.5522,0.003029,330.10, 439.2062
538140,1.5552,0.002964,337.37, 439.2062
538141,1.5586,0.003168,315.67, 439.2062
538142,1.5615,0.003155,316.94, 439.2062
538143,1.5645,0.003022,330.94, 439.2062
538144,1.5674,0.002922,342.21, 439.2062
538145,1.5708,0.002997,333.70, 439.2056
538146,1.5737,0.002985,335.03, 439.2062
538147,1.5767,0.002997,333.66, 439.2062
538148,1.5796,0.002936,340.56, 439.2062
538149,1.5825,0.003042,328.75, 439.2056
538150,1.5854,0.002962,337.66, 439.2062
538151,1.5884,0.002977,335.93, 439.2062
538152,1.5913,0.003019,331.24, 439.2062
538153,1.5942,0.002979,335.68, 439.2062
538154,1.5977,0.002959,338.00, 439.2062
538155,1.6006,0.002981,335.51, 439.2062
538156,1.6035,0.002983,335.21, 439.2059
538157,1.6064,0.002952,338.81, 439.2062
538158,1.6094,0.002963,337.51, 439.2062
538159,1.6123,0.002957,338.17, 439.2059
538160,1.6152,0.002971,336.64, 439.2062
538161,1.6182,0.002966,337.21, 439.2059
538162,1.6211,0.002980,335.60, 439.2062
538163,1.6240,0.002920,342.44, 439.2062
538164,1.6270,0.002976,336.07, 439.2059
538165,1.6299,0.002981,335.51, 439.2056
538166,1.6333,0.003100,322.61, 439.2062
538167,1.6362,0.002982,335.33, 439.2062
538168,1.6392,0.003075,325.22, 439.2059
538169,1.6426,0.003131,319.36, 439.2062
538170,1.6455,0.003041,328.85, 439.2062
538171,1.6484,0.003014,331.76, 439.2059
538172,1.6514,0.003013,331.85, 439.2056
538173,1.6543,0.002949,339.16, 439.2059
538174,1.6572,0.003005,332.83, 439.2062
538175,1.6606,0.003129,319.64, 439.2056
538176,1.6641,0.003349,298.58, 439.2059
538177,1.6670,0.003016,331.58, 439.2056
538178,1.6699,0.003098,322.82, 439.2062
538179,1.6729,0.002985,334.99, 439.2056
538180,1.6758,0.003062,326.63, 439.2056
538181,1.6792,0.003075,325.17, 439.2056
538182,1.6821,0.002957,338.24, 439.2062
538183,1.6851,0.002914,343.18, 439.2059
538184,1.6880,0.002952,338.71, 439.2062
538185,1.6909,0.003134,319.11, 439.2056
538186,1.6943,0.003261,306.65, 439.2080
538187,1.6973,0.002996,333.82, 439.2059
538188,1.7002,0.002980,335.59, 439.2062
538189,1.7031,0.002992,334.26, 439.2056
538190,1.7061,0.002964,337.35, 439.2062
538191,1.7090,0.002975,336.11, 439.2062
538192,1.7124,0.003012,331.96, 439.2062
538193,1.7153,0.002964,337.39, 439.2059
538194,1.7183,0.002961,337.68, 439.2062
538195,1.7212,0.002945,339.59, 439.2062
538196,1.7241,0.003072,325.54, 439.2059
538197,1.7271,0.003056,327.21, 439.2080
538198,1.7300,0.002989,334.56, 439.2062
538199,1.7329,0.002913,343.25, 439.2080
538200,1.7363,0.002987,334.77, 439.2062
538201,1.7393,0.002963,337.51, 439.2062
538202,1.7422,0.003045,328.46, 439.2059
538203,1.7451,0.002967,337.00, 439.2062
538204,1.7480,0.002962,337.64, 439.2080
538205,1.7510,0.002941,340.08, 439.2056
538206,1.7539,0.003059,326.96, 439.2062
538207,1.7568,0.002963,337.52, 439.2059
538208,1.7603,0.003042,328.77, 439.2059
538209,1.7632,0.002971,336.54, 439.2062
538210,1.7661,0.003014,331.75, 439.2062
538211,1.7690,0.002931,341.16, 439.2062
538212,1.7720,0.003037,329.27, 439.2062
538213,1.7749,0.002900,344.84, 439.2062
538214,1.7778,0.003003,333.00, 439.2062
538215,1.7808,0.002902,344.58, 439.2062
538216,1.7837,0.003049,327.94, 439.2062
538217,1.7866,0.002935,340.73, 439.2062
538218,1.7900,0.003012,332.01, 439.2059
538219,1.7930,0.002935,340.74, 439.2062
538220,1.7959,0.003027,330.33, 439.2059
538221,1.7988,0.002949,339.13, 439.2062
538222,1.8018,0.003080,324.64, 439.2056
538223,1.8047,0.003052,327.65, 439.2062
538224,1.8081,0.003031,329.94, 439.2059
538225,1.8110,0.002972,336.44, 439.2062
538226,1.8140,0.003031,329.91, 439.2062
538227,1.8169,0.002974,336.25, 439.2062
538228,1.8198,0.003005,332.79, 439.2062
538229,1.8228,0.002972,336.47, 439.2062
538230,1.8257,0.003010,332.27, 439.2059
538231,1.8291,0.003056,327.28, 439.2062
538232,1.8320,0.003020,331.18, 439.2056
538233,1.8350,0.002972,336.51, 439.2062
538234,1.8379,0.003073,325.44, 439.2059
538235,1.8408,0.002943,339.82, 439.2062
538236,1.8438,0.003021,331.01, 439.2056
538237,1.8467,0.002983,335.21, 439.2062
538238,1.8501,0.003091,323.50, 439.2062
538239,1.8530,0.003033,329.66, 439.2062
538240,1.8560,0.002988,334.63, 439.2080
538241,1.8589,0.003015,331.64, 439.2062
538242,1.8618,0.003009,332.33, 439.2080
538243,1.8652,0.002986,334.85, 439.2062
538244,1.8682,0.003009,332.36, 439.2130
538245,1.8711,0.002968,336.98, 439.2062
538246,1.8740,0.003030,329.99, 439.2056
538247,1.8770,0.002976,336.01, 439.2062
538248,1.8799,0.002946,339.41, 439.2056
538249,1.8828,0.003031,329.95, 439.2062
538250,1.8857,0.002982,335.33, 439.2056
538251,1.8892,0.002993,334.10, 439.2062
538252,1.8921,0.002968,336.98, 439.2056
538253,1.8950,0.003005,332.76, 439.2059
538254,1.8979,0.003026,330.48, 439.2059
538255,1.9009,0.002997,333.66, 439.2062
538256,1.9038,0.003036,329.38, 439.2056
538257,1.9072,0.002983,335.21, 439.2062
538258,1.9102,0.002943,339.74, 439.2059
538259,1.9131,0.003351,298.38, 439.2056
538260,1.9165,0.003418,292.61, 439.2056
538261,1.9199,0.003156,316.85, 439.2056
538262,1.9233,0.003317,301.49, 439.2059
538263,1.9268,0.003390,294.95, 439.2059
538264,1.9302,0.003639,274.84, 439.2056
538265,1.9336,0.003346,298.91, 439.2056
538266,1.9370,0.003248,307.87, 439.2056
538267,1.9399,0.003026,330.49, 439.2062
538268,1.9429,0.003146,317.82, 439.2059
538269,1.9463,0.003131,319.35, 439.2059
538270,1.9492,0.003096,323.02, 439.2056
538271,1.9521,0.002963,337.55, 439.2062
538272,1.9551,0.002987,334.74, 439.2059
538273,1.9580,0.002926,341.82, 439.2062
538274,1.9609,0.003029,330.19, 439.2062
538275,1.9639,0.002971,336.58, 439.2062
538276,1.9673,0.003010,332.19, 439.2062
538277,1.9702,0.003025,330.59, 439.2059
538278,1.9731,0.003031,329.88, 439.2062
538279,1.9761,0.003022,330.94, 439.2056
538280,1.9795,0.003272,305.59, 439.2056
538281,1.9824,0.003081,324.57, 439.2059
538282,1.9854,0.003014,331.77, 439.2059
538283,1.9883,0.002952,338.72, 439.2062
538284,1.9917,0.003072,325.54, 439.2059
538285,1.9946,0.003011,332.13, 439.2062
538286,1.9976,0.002974,336.27, 439.2062
538287,2.0005,0.002958,338.08, 439.2059
538288,2.0034,0.003016,331.60, 439.2059
538289,2.0063,0.002957,338.24, 439.2059
538290,2.0098,0.003078,324.92, 439.2062
538291,2.0127,0.002947,339.31, 439.2062
538292,2.0156,0.003042,328.74, 439.2056
538293,2.0186,0.002939,340.31, 439.2056
538294,2.0215,0.003013,331.95, 439.2062
538295,2.0244,0.002930,341.30, 439.2080
538296,2.0273,0.003063,326.50, 439.2056
538297,2.0303,0.002895,345.45, 439.2345
538298,2.0332,0.003006,332.65, 439.2062
538299,2.0361,0.002880,347.23, 439.2062
538300,2.0391,0.003020,331.11, 439.2062
538301,2.0420,0.002958,338.04, 439.2062
538302,2.0454,0.003002,333.07, 439.2059
538303,2.0483,0.002915,343.03, 439.2062
538304,2.0513,0.003040,329.00, 439.2062
538305,2.0542,0.002970,336.75, 439.2062
538306,2.0571,0.003044,328.48, 439.2059
538307,2.0601,0.002922,342.22, 439.2062
538308,2.0630,0.003016,331.58, 439.2056
538309,2.0659,0.002905,344.26, 439.2062
538310,2.0688,0.002985,335.04, 439.2059
538311,2.0718,0.002950,339.02, 439.2059
538312,2.0752,0.002994,334.01, 439.2062
538313,2.0781,0.002970,336.75, 439.2056
538314,2.0811,0.002971,336.56, 439.2062
538315,2.0840,0.002950,338.98, 439.2062
538316,2.0869,0.003141,318.36, 439.2056
538317,2.0898,0.003023,330.78, 439.2056
538318,2.0933,0.003010,332.19, 439.2062
538319,2.0962,0.002973,336.38, 439.2062
538320,2.0991,0.003016,331.61, 439.2059
538321,2.1021,0.003026,330.47, 439.2056
538322,2.1050,0.002982,335.31, 439.2062
538323,2.1079,0.002982,335.33, 439.2056
538324,2.1108,0.002998,333.61, 439.2059
538325,2.1143,0.003003,332.99, 439.2056
538326,2.1172,0.002966,337.13, 439.2059
538327,2.1201,0.002958,338.08, 439.2062
538328,2.1230,0.002999,333.44, 439.2059
538329,2.1260,0.003009,332.31, 439.2059
538330,2.1289,0.003039,329.04, 439.2080
538331,2.1318,0.003051,327.74, 439.2062
538332,2.1348,0.002968,336.94, 439.2062
538333,2.1382,0.002936,340.62, 439.2062
538334,2.1411,0.002939,340.23, 439.2059
538335,2.1440,0.003037,329.30, 439.2062
538336,2.1470,0.002931,341.19, 439.2062
538337,2.1499,0.002985,334.97, 439.2062
538338,2.1528,0.002987,334.80, 439.2056
538339,2.1558,0.002948,339.25, 439.2062
538340,2.1587,0.002975,336.17, 439.2059
538341,2.1621,0.003128,319.73, 439.2062
538342,2.1650,0.002971,336.55, 439.2062
538343,2.1680,0.002998,333.52, 439.2062
538344,2.1709,0.002976,336.02, 439.2062
538345,2.1738,0.003046,328.29, 439.2062
538346,2.1768,0.002945,339.60, 439.2056
538347,2.1797,0.002991,334.31, 439.2062
538348,2.1826,0.002990,334.43, 439.2056
538349,2.1855,0.002987,334.81, 439.2062
538350,2.1885,0.002922,342.29, 439.2059
538351,2.1919,0.003035,329.51, 439.2062
538352,2.1948,0.002931,341.13, 439.2200
538353,2.1978,0.003057,327.14, 439.2059
538354,2.2007,0.002879,347.40, 439.2080
538355,2.2036,0.003075,325.22, 439.2062
538356,2.2065,0.002925,341.93, 439.2062
538357,2.2095,0.003061,326.70, 439.2062
538358,2.2129,0.003164,316.05, 439.2056
538359,2.2158,0.003229,309.73, 439.2080
538360,2.2192,0.003174,315.04, 439.2059
538361,2.2222,0.003148,317.63, 439.2080
538362,2.2256,0.003194,313.13, 439.2062
538363,2.2290,0.003194,313.07, 439.2062
538364,2.2319,0.003198,312.71, 439.2059
538365,2.2349,0.003116,320.91, 439.2059
538366,2.2383,0.003096,322.99, 439.2056
538367,2.2412,0.003118,320.71, 439.2062
538368,2.2446,0.003326,300.65, 439.2056
538369,2.2476,0.003183,314.17, 439.2059
538370,2.2510,0.003211,311.39, 439.2056
538371,2.2539,0.003109,321.62, 439.2062
538372,2.2573,0.003146,317.84, 439.2056
538373,2.2603,0.003084,324.29, 439.2062
538374,2.2637,0.003153,317.14, 439.2062
538375,2.2666,0.003032,329.77, 439.2062
538376,2.2695,0.003141,318.35, 439.2056
538377,2.2729,0.003082,324.51, 439.2062
538378,2.2759,0.003172,315.22, 439.2059
538379,2.2788,0.003107,321.83, 439.2080
538380,2.2822,0.003224,310.20, 439.2056
538381,2.2852,0.003038,329.16, 439.2081
538382,2.2886,0.003267,306.07, 439.2056
538383,2.2920,0.003231,309.47, 439.2059
538384,2.2949,0.003221,310.46, 439.2056
538385,2.2979,0.003064,326.42, 439.2080
538386,2.3013,0.003102,322.42, 439.2062
538387,2.3042,0.003236,309.04, 439.2062
538388,2.3076,0.003264,306.41, 439.2056
538389,2.3105,0.003026,330.50, 439.2062
538390,2.3140,0.003078,324.87, 439.2062
538391,2.3169,0.002987,334.76, 439.2062
538392,2.3198,0.003001,333.28, 439.2062
538393,2.3228,0.002982,335.32, 439.2062
538394,2.3257,0.003013,331.93, 439.2062
538395,2.3286,0.002939,340.30, 439.2062
538396,2.3315,0.003013,331.95, 439.2059
538397,2.3345,0.002924,342.01, 439.2059
538398,2.3379,0.003037,329.33, 439.2056
538399,2.3408,0.002944,339.65, 439.2062
538400,2.3438,0.003120,320.54, 439.2056
538401,2.3467,0.002926,341.74, 439.2062
538402,2.3496,0.003019,331.29, 439.2056
538403,2.3525,0.003022,330.95, 439.2062
538404,2.3560,0.003139,318.62, 439.2062
538405,2.3589,0.002886,346.45, 439.2056
538406,2.3618,0.003039,329.01, 439.2056
538407,2.3647,0.002906,344.16, 439.2338
538408,2.3682,0.003279,304.93, 439.2059
538409,2.3711,0.002995,333.92, 439.2056
538410,2.3740,0.003041,328.89, 439.2059
538411,2.3770,0.002921,342.33, 439.2062
538412,2.3799,0.003009,332.39, 439.2056
538413,2.3828,0.002945,339.52, 439.2062
538414,2.3857,0.002995,333.87, 439.2056
538415,2.3887,0.002917,342.83, 439.2062
538416,2.3921,0.003063,326.47, 439.2059
538417,2.3945,0.002924,342.03, 439.2062
538418,2.3979,0.003024,330.64, 439.2056
538419,2.4009,0.002889,346.12, 439.2062
538420,2.4038,0.003017,331.42, 439.2056
538421,2.4067,0.002921,342.35, 439.2062
538422,2.4097,0.003002,333.10, 439.2062
538423,2.4126,0.002982,335.37, 439.2056
538424,2.4155,0.003078,324.87, 439.2059
538425,2.4189,0.003153,317.14, 439.2062
538426,2.4219,0.003042,328.70, 439.2062
538427,2.4248,0.002936,340.58, 439.2062
538428,2.4277,0.003149,317.54, 439.2062
538429,2.4312,0.003020,331.10, 439.2059
538430,2.4341,0.003192,313.27, 439.2059
538431,2.4370,0.002917,342.87, 439.2062
538432,2.4399,0.003060,326.77, 439.2056
538433,2.4434,0.002980,335.60, 439.2062
538434,2.4463,0.003102,322.40, 439.2056
538435,2.4492,0.003070,325.72, 439.2062
538436,2.4526,0.003110,321.58, 439.2062
538437,2.4556,0.002916,342.99, 439.2059
538438,2.4585,0.003099,322.68, 439.2062
538439,2.4614,0.002940,340.19, 439.2062
538440,2.4644,0.003068,325.92, 439.2062
538441,2.4673,0.002913,343.25, 439.2062
538442,2.4702,0.003012,331.96, 439.2059
538443,2.4731,0.002996,333.81, 439.2062
538444,2.4766,0.003040,328.99, 439.2059
538445,2.4795,0.003054,327.46, 439.2062
538446,2.4824,0.003185,314.02, 439.2059
538447,2.4858,0.003238,308.80, 439.2056
538448,2.4893,0.003424,292.05, 439.2062
538449,2.4922,0.003002,333.14, 439.2056
538450,2.4956,0.003149,317.56, 439.2059
538451,2.4985,0.002966,337.15, 439.2062
538452,2.5015,0.003068,325.98, 439.2062
538453,2.5044,0.002940,340.11, 439.2059
538454,2.5073,0.003017,331.44, 439.2062
538455,2.5107,0.003175,314.98, 439.2062
538456,2.5142,0.003321,301.15, 439.2062
538457,2.5176,0.003659,273.33, 439.2056
538458,2.5210,0.003531,283.20, 439.2057
538459,2.5249,0.003685,271.38, 439.2056
538460,2.5278,0.003239,308.74, 439.2056
538461,2.5313,0.003384,295.50, 439.2056
538462,2.5347,0.003012,331.96, 439.2062
538463,2.5376,0.003037,329.27, 439.2062
538464,2.5405,0.003013,331.86, 439.2062
538465,2.5439,0.003342,299.21, 439.2056
538466,2.5469,0.003088,323.80, 439.2056
538467,2.5498,0.003063,326.46, 439.2062
538468,2.5527,0.002935,340.74, 439.2059
538469,2.5562,0.003003,333.06, 439.2062
538470,2.5591,0.002913,343.35, 439.2062
538471,2.5620,0.003070,325.76, 439.2056
538472,2.5649,0.002939,340.29, 439.2062
538473,2.5679,0.002989,334.57, 439.2056
538474,2.5708,0.002923,342.11, 439.2062
538475,2.5737,0.003095,323.11, 439.2056
538476,2.5767,0.002942,339.86, 439.2062
538477,2.5796,0.003033,329.76, 439.2056
538478,2.5825,0.002923,342.07, 439.2062
538479,2.5859,0.003060,326.78, 439.2062
538480,2.5889,0.003011,332.08, 439.2062
538481,2.5918,0.003045,328.36, 439.2062
538482,2.5947,0.002945,339.56, 439.2062
538483,2.5977,0.002993,334.12, 439.2062
538484,2.6006,0.002909,343.71, 439.2059
538485,2.6035,0.003002,333.12, 439.2062
538486,2.6064,0.002928,341.57, 439.2062
538487,2.6099,0.003039,329.06, 439.2062
538488,2.6128,0.003006,332.65, 439.2056
538489,2.6157,0.002956,338.33, 439.2056
538490,2.6187,0.002970,336.73, 439.2056
538491,2.6216,0.003010,332.27, 439.2062
538492,2.6245,0.002957,338.24, 439.2062
538493,2.6274,0.002973,336.38, 439.2056
538494,2.6304,0.003012,332.06, 439.2062
538495,2.6338,0.003102,322.38, 439.2062
538496,2.6367,0.003058,327.06, 439.2059
538497,2.6396,0.002943,339.77, 439.2085
538498,2.6426,0.002974,336.22, 439.2062
538499,2.6455,0.002953,338.65, 439.2062
538500,2.6484,0.002942,339.94, 439.2059
538501,2.6514,0.003008,332.42, 439.2059
538502,2.6548,0.002993,334.09, 439.2062
538503,2.6577,0.002950,338.98, 439.2062
538504,2.6606,0.003006,332.62, 439.2062
538505,2.6636,0.002981,335.48, 439.2062
538506,2.6665,0.002975,336.18, 439.2062
538507,2.6694,0.002953,338.66, 439.2062
538508,2.6724,0.002983,335.21, 439.2062
538509,2.6753,0.002990,334.47, 439.2062
538510,2.6787,0.003130,319.52, 439.2062
538511,2.6816,0.003029,330.14, 439.2062
538512,2.6846,0.003044,328.49, 439.2062
538513,2.6875,0.002958,338.09, 439.2056
538514,2.6904,0.003020,331.10, 439.2062
538515,2.6934,0.002945,339.52, 439.2080
538516,2.6963,0.003010,332.26, 439.2062
538517,2.6997,0.003032,329.84, 439.2062
538518,2.7026,0.003012,332.06, 439.2062
538519,2.7056,0.002969,336.86, 439.2062
538520,2.7085,0.003013,331.90, 439.2062
538521,2.7114,0.003005,332.83, 439.2056
538522,2.7148,0.003072,325.49, 439.2062
538523,2.7178,0.002929,341.43, 439.2059
538524,2.7207,0.003012,331.99, 439.2062
538525,2.7236,0.002962,337.58, 439.2056
538526,2.7266,0.002995,333.93, 439.2062
538527,2.7295,0.003076,325.13, 439.2062
538528,2.7329,0.003104,322.19, 439.2062
538529,2.7358,0.002928,341.52, 439.2062
538530,2.7388,0.003042,328.71, 439.2062
538531,2.7417,0.002934,340.88, 439.2062
538532,2.7446,0.003047,328.21, 439.2062
538533,2.7476,0.003019,331.21, 439.2062
538534,2.7505,0.003005,332.80, 439.2062
538535,2.7534,0.002938,340.38, 439.2059
538536,2.7568,0.003026,330.45, 439.2062
538537,2.7598,0.002889,346.13, 439.2155
538538,2.7627,0.003041,328.86, 439.2056
538539,2.7656,0.002929,341.47, 439.2062
538540,2.7686,0.002984,335.09, 439.2062
538541,2.7715,0.002929,341.46, 439.2062
538542,2.7744,0.003064,326.34, 439.2059
538543,2.7773,0.002953,338.60, 439.2062
538544,2.7803,0.003024,330.69, 439.2059
538545,2.7832,0.002933,340.94, 439.2059
538546,2.7861,0.002986,334.86, 439.2062
538547,2.7896,0.002950,338.97, 439.2062
538548,2.7925,0.003044,328.55, 439.2062
538549,2.7954,0.002932,341.10, 439.2059
538550,2.7983,0.002986,334.91, 439.2062
538551,2.8013,0.002927,341.64, 439.2062
538552,2.8042,0.003035,329.46, 439.2062
538553,2.8071,0.002929,341.37, 439.2062
538554,2.8101,0.003036,329.39, 439.2056
538555,2.8130,0.003007,332.59, 439.2062
538556,2.8164,0.003004,332.90, 439.2056
538557,2.8193,0.002947,339.35, 439.2062
538558,2.8223,0.003011,332.08, 439.2062
538559,2.8252,0.003039,329.06, 439.2062
538560,2.8281,0.002951,338.82, 439.2080
538561,2.8311,0.002964,337.40, 439.2062
538562,2.8340,0.003006,332.71, 439.2056
538563,2.8369,0.002957,338.15, 439.2062
538564,2.8403,0.003020,331.18, 439.2056
538565,2.8433,0.003017,331.51, 439.2059
538566,2.8462,0.002949,339.06, 439.2062
538567,2.8491,0.002984,335.13, 439.2062
538568,2.8521,0.002935,340.76, 439.2056
538569,2.8550,0.002979,335.66, 439.2059
538570,2.8579,0.002951,338.93, 439.2056
538571,2.8608,0.003027,330.34, 439.2059
538572,2.8638,0.002975,336.16, 439.2062
538573,2.8667,0.003000,333.33, 439.2062
538574,2.8701,0.002953,338.68, 439.2059
538575,2.8730,0.003053,327.57, 439.2059
538576,2.8760,0.002940,340.12, 439.2056
538577,2.8789,0.003024,330.70, 439.2062
538578,2.8818,0.002934,340.82, 439.2062
538579,2.8848,0.003037,329.28, 439.2062
538580,2.8877,0.003060,326.84, 439.2059
538581,2.8911,0.003116,320.96, 439.2059
538582,2.8940,0.002984,335.18, 439.2059
538583,2.8970,0.002993,334.07, 439.2062
538584,2.8999,0.002905,344.23, 439.2059
538585,2.9028,0.003007,332.56, 439.2062
538586,2.9058,0.002928,341.52, 439.2059
538587,2.9087,0.003067,326.02, 439.2062
538588,2.9121,0.002940,340.16, 439.2056
538589,2.9150,0.003004,332.87, 439.2059
538590,2.9185,0.003390,295.01, 439.2056
538591,2.9214,0.003242,308.44, 439.2059
538592,2.9248,0.003183,314.14, 439.2056
538593,2.9282,0.003293,303.66, 439.2062
538594,2.9316,0.003445,290.26, 439.2056
538595,2.9351,0.003465,288.63, 439.2059
538596,2.9385,0.003478,287.51, 439.2059
538597,2.9414,0.003120,320.47, 439.2062
538598,2.9443,0.003091,323.56, 439.2059
538599,2.9478,0.002994,334.02, 439.2062
538600,2.9507,0.003078,324.90, 439.2062
538601,2.9536,0.002972,336.46, 439.2062
538602,2.9565,0.003065,326.29, 439.2059
538603,2.9595,0.002991,334.39, 439.2062
538604,2.9629,0.003008,332.44, 439.2056
538605,2.9658,0.002940,340.18, 439.2062
538606,2.9688,0.003020,331.14, 439.2062
538607,2.9717,0.002970,336.67, 439.2062
538608,2.9746,0.002985,334.99, 439.2062
538609,2.9775,0.002926,341.79, 439.2062
538610,2.9805,0.003014,331.81, 439.2062
538611,2.9834,0.002979,335.66, 439.2062
538612,2.9863,0.002979,335.65, 439.2059
538613,2.9893,0.002948,339.24, 439.2062
538614,2.9927,0.002993,334.12, 439.2062
538615,2.9956,0.003317,301.44, 439.2056
538616,3.0000,0.004149,241.03, 439.2062
538617,3.0029,0.003236,309.00, 439.2056
538618,3.0063,0.003002,333.09, 439.2062
538619,3.0093,0.002918,342.69, 439.2056
538620,3.0122,0.003062,326.61, 439.2059
538621,3.0151,0.002941,340.00, 439.2056
538622,3.0181,0.002974,336.20, 439.2062
538623,3.0210,0.002927,341.62, 439.2062
538624,3.0239,0.003007,332.59, 439.2059
538625,3.0269,0.002906,344.17, 439.2062
538626,3.0298,0.003022,330.92, 439.2062
538627,3.0327,0.002881,347.09, 439.2062
538628,3.0356,0.002979,335.68, 439.2062
538629,3.0386,0.002870,348.46, 439.2062
538630,3.0415,0.003076,325.15, 439.2062
538631,3.0449,0.002998,333.59, 439.2062
538632,3.0479,0.002980,335.62, 439.2062
538633,3.0508,0.002916,342.90, 439.2062
538634,3.0537,0.002976,336.03, 439.2059
538635,3.0566,0.002875,347.78, 439.2062
538636,3.0596,0.003160,316.45, 439.2062
538637,3.0625,0.002982,335.37, 439.2062
538638,3.0654,0.002984,335.18, 439.2062
538639,3.0684,0.002934,340.83, 439.2062
538640,3.0718,0.003026,330.49, 439.2062
538641,3.0742,0.002919,342.64, 439.2062
538642,3.0776,0.003009,332.30, 439.2062
538643,3.0806,0.002927,341.60, 439.2062
538644,3.0835,0.002953,338.65, 439.2062
538645,3.0864,0.002890,345.97, 439.2062
538646,3.0894,0.002931,341.17, 439.2204
538647,3.0923,0.002995,333.95, 439.2062
538648,3.0952,0.002922,342.18, 439.2062
538649,3.0981,0.002897,345.17, 439.2062
538650,3.1011,0.002895,345.41, 439.2062
538651,3.1040,0.002979,335.66, 439.2062
538652,3.1069,0.002910,343.68, 439.2062
538653,3.1099,0.003004,332.91, 439.2062
538654,3.1128,0.002926,341.75, 439.2059
538655,3.1157,0.002981,335.42, 439.2062
538656,3.1187,0.002913,343.31, 439.2062
538657,3.1216,0.002997,333.63, 439.2062
538658,3.1245,0.002897,345.18, 439.2059
538659,3.1274,0.002983,335.28, 439.2062
538660,3.1304,0.002910,343.70, 439.2059
538661,3.1333,0.003020,331.18, 439.2056
538662,3.1362,0.002871,348.36, 439.2062
538663,3.1392,0.003111,321.47, 439.2059
538664,3.1421,0.002945,339.59, 439.2059
538665,3.1455,0.003022,330.86, 439.2056
538666,3.1484,0.002956,338.32, 439.2062
538667,3.1514,0.003061,326.69, 439.2059
538668,3.1543,0.002917,342.77, 439.2062
538669,3.1572,0.003008,332.40, 439.2056
538670,3.1602,0.003024,330.71, 439.2062
538671,3.1636,0.003034,329.61, 439.2056
538672,3.1660,0.002902,344.55, 439.2062
538673,3.1694,0.003003,333.01, 439.2059
538674,3.1724,0.002976,336.04, 439.2062
538675,3.1753,0.003007,332.55, 439.2062
538676,3.1782,0.002953,338.70, 439.2059
538677,3.1812,0.002975,336.10, 439.2059
538678,3.1841,0.003021,330.98, 439.2062
538679,3.1870,0.002999,333.44, 439.2062
538680,3.1899,0.002937,340.47, 439.2056
538681,3.1934,0.003081,324.54, 439.2059
538682,3.1963,0.002967,337.02, 439.2062
538683,3.1992,0.002993,334.08, 439.2062
538684,3.2021,0.002958,338.08, 439.2062
538685,3.2051,0.002994,334.02, 439.2080
538686,3.2080,0.002960,337.82, 439.2062
538687,3.2109,0.003026,330.50, 439.2062
538688,3.2144,0.003090,323.59, 439.2062
538689,3.2173,0.002969,336.81, 439.2062
538690,3.2202,0.003030,330.04, 439.2056
538691,3.2231,0.003079,324.75, 439.2062
538692,3.2261,0.002970,336.69, 439.2062
538693,3.2290,0.002977,335.89, 439.2062
538694,3.2324,0.003102,322.35, 439.2062
538695,3.2354,0.003017,331.49, 439.2062
538696,3.2383,0.002990,334.45, 439.2062
538697,3.2412,0.002989,334.53, 439.2062
538698,3.2446,0.003077,324.99, 439.2062
538699,3.2476,0.002976,336.08, 439.2062
538700,3.2505,0.002990,334.50, 439.2062
538701,3.2534,0.002991,334.38, 439.2059
538702,3.2563,0.002973,336.42, 439.2062
538703,3.2593,0.002938,340.36, 439.2059
538704,3.2622,0.002972,336.49, 439.2062
538705,3.2651,0.002999,333.41, 439.2059
538706,3.2681,0.003027,330.37, 439.2062
538707,3.2715,0.002994,334.06, 439.2059
538708,3.2744,0.002996,333.79, 439.2056
538709,3.2773,0.002918,342.71, 439.2062
538710,3.2803,0.003004,332.86, 439.2062
538711,3.2832,0.002999,333.46, 439.2062
538712,3.2861,0.002991,334.39, 439.2059
538713,3.2891,0.002947,339.37, 439.2062
538714,3.2920,0.003039,329.07, 439.2059
538715,3.2954,0.003044,328.48, 439.2056
538716,3.2983,0.003230,309.64, 439.2056
538717,3.3013,0.003024,330.64, 439.2062
538718,3.3047,0.003035,329.46, 439.2062
538719,3.3076,0.002955,338.47, 439.2059
538720,3.3105,0.003043,328.59, 439.2059
538721,3.3135,0.003002,333.17, 439.2059
538722,3.3164,0.003011,332.14, 439.2062
538723,3.3193,0.002921,342.30, 439.2062
538724,3.3223,0.002999,333.42, 439.2062
538725,3.3252,0.002958,338.10, 439.2056
538726,3.3286,0.003079,324.77, 439.2056
538727,3.3315,0.002954,338.57, 439.2062
538728,3.3345,0.003020,331.17, 439.2059
538729,3.3374,0.002928,341.55, 439.2062
538730,3.3403,0.003014,331.75, 439.2059
538731,3.3433,0.003031,329.88, 439.2062
538732,3.3462,0.003020,331.16, 439.2059
538733,3.3491,0.002911,343.56, 439.2205
538734,3.3525,0.003023,330.81, 439.2062
538735,3.3555,0.002959,337.95, 439.2062
538736,3.3584,0.003029,330.13, 439.2059
538737,3.3613,0.002914,343.16, 439.2110
538738,3.3643,0.003013,331.86, 439.2062
538739,3.3672,0.002872,348.24, 439.2062
538740,3.3701,0.002991,334.33, 439.2059
538741,3.3730,0.002914,343.21, 439.2062
538742,3.3760,0.003081,324.54, 439.2059
538743,3.3789,0.002914,343.19, 439.2062
538744,3.3818,0.003022,330.86, 439.2059
538745,3.3848,0.002922,342.25, 439.2056
538746,3.3882,0.003060,326.81, 439.2059
538747,3.3911,0.002937,340.45, 439.2056
538748,3.3940,0.003005,332.75, 439.2062
538749,3.3970,0.002936,340.55, 439.2056
538750,3.3999,0.002991,334.30, 439.2062
538751,3.4028,0.002968,336.93, 439.2062
538752,3.4058,0.002974,336.21, 439.2056
538753,3.4087,0.002914,343.19, 439.2062
538754,3.4116,0.002986,334.93, 439.2062
538755,3.4146,0.002936,340.55, 439.2062
538756,3.4175,0.002956,338.27, 439.2056
538757,3.4209,0.003026,330.48, 439.2062
538758,3.4238,0.003046,328.32, 439.2080
538759,3.4268,0.002993,334.08, 439.2062
538760,3.4297,0.002969,336.84, 439.2059
538761,3.4326,0.003021,331.02, 439.2062
538762,3.4355,0.003049,328.03, 439.2056
538763,3.4390,0.003119,320.62, 439.2062
538764,3.4419,0.003020,331.11, 439.2056
538765,3.4448,0.003008,332.50, 439.2062
538766,3.4478,0.003021,331.06, 439.2059
538767,3.4507,0.002982,335.31, 439.2062
538768,3.4541,0.003054,327.49, 439.2059
538769,3.4570,0.002984,335.12, 439.2062
538770,3.4600,0.002978,335.82, 439.2059
538771,3.4629,0.002990,334.49, 439.2062
538772,3.4658,0.002949,339.09, 439.2059
538773,3.4688,0.002951,338.82, 439.2062
538774,3.4717,0.003031,329.90, 439.2062
538775,3.4746,0.002975,336.13, 439.2062
538776,3.4780,0.003040,328.93, 439.2059
538777,3.4810,0.002978,335.80, 439.2062
538778,3.4839,0.002954,338.52, 439.2062
538779,3.4868,0.003158,316.63, 439.2062
538780,3.4897,0.002959,337.95, 439.2062
538781,3.4927,0.003019,331.19, 439.2062
538782,3.4961,0.002982,335.33, 439.2062
538783,3.4990,0.002983,335.27, 439.2062
538784,3.5020,0.002934,340.89, 439.2062
538785,3.5049,0.002990,334.49, 439.2062
538786,3.5078,0.002958,338.02, 439.2059
538787,3.5107,0.003023,330.84, 439.2062
538788,3.5137,0.002953,338.59, 439.2056
538789,3.5166,0.003009,332.31, 439.2059
538790,3.5195,0.002937,340.44, 439.2062
538791,3.5225,0.003017,331.47, 439.2062
538792,3.5254,0.002903,344.48, 439.2080
538793,3.5288,0.003056,327.18, 439.2056
538794,3.5317,0.002983,335.26, 439.2056
538795,3.5347,0.002995,333.87, 439.2062
538796,3.5376,0.002940,340.15, 439.2059
538797,3.5405,0.003023,330.76, 439.2059
538798,3.5435,0.002969,336.77, 439.2062
538799,3.5469,0.003100,322.57, 439.2062
538800,3.5498,0.003239,308.70, 439.2080
538801,3.5532,0.003083,324.36, 439.2059
538802,3.5562,0.002970,336.66, 439.2062
538803,3.5591,0.003063,326.45, 439.2062
538804,3.5620,0.002995,333.88, 439.2056
538805,3.5649,0.003026,330.52, 439.2062
538806,3.5679,0.002943,339.84, 439.2062
538807,3.5708,0.003021,331.06, 439.2062
538808,3.5737,0.002922,342.18, 439.2056
538809,3.5771,0.003011,332.08, 439.2062
538810,3.5801,0.002940,340.18, 439.2062
538811,3.5830,0.003004,332.93, 439.2062
538812,3.5859,0.002869,348.57, 439.2062
538813,3.5889,0.002983,335.20, 439.2062
538814,3.5918,0.002911,343.52, 439.2062
538815,3.5947,0.003306,302.46, 439.2062
538816,3.5981,0.002951,338.89, 439.2064
538817,3.6011,0.003042,328.79, 439.2062
538818,3.6040,0.002960,337.87, 439.2056
538819,3.6069,0.003109,321.68, 439.2062
538820,3.6104,0.003098,322.84, 439.2056
538821,3.6133,0.003084,324.28, 439.2056
538822,3.6162,0.002906,344.12, 439.2080
538823,3.6191,0.002989,334.59, 439.2062
538824,3.6221,0.002949,339.09, 439.2056
538825,3.6250,0.003084,324.26, 439.2056
538826,3.6279,0.002997,333.64, 439.2062
538827,3.6313,0.003044,328.50, 439.2059
538828,3.6343,0.002978,335.85, 439.2059
538829,3.6372,0.003010,332.20, 439.2059
538830,3.6401,0.002947,339.39, 439.2056
538831,3.6431,0.003039,329.06, 439.2062
538832,3.6460,0.003058,327.04, 439.2062
538833,3.6489,0.002976,336.02, 439.2062
538834,3.6523,0.002934,340.88, 439.2056
538835,3.6553,0.003016,331.57, 439.2062
538836,3.6582,0.003014,331.82, 439.2056
538837,3.6611,0.002989,334.53, 439.2062
538838,3.6641,0.002976,336.00, 439.2062
538839,3.6670,0.002979,335.64, 439.2062
538840,3.6699,0.003009,332.30, 439.2059
538841,3.6733,0.003089,323.69, 439.2056
538842,3.6763,0.003122,320.36, 439.2062
538843,3.6792,0.003114,321.18, 439.2062
538844,3.6826,0.002965,337.33, 439.2062
538845,3.6855,0.002980,335.54, 439.2059
538846,3.6885,0.002971,336.61, 439.2062
538847,3.6914,0.003018,331.30, 439.2059
538848,3.6943,0.002953,338.68, 439.2062
538849,3.6973,0.002965,337.26, 439.2062
538850,3.7002,0.002936,340.61, 439.2059
538851,3.7031,0.003099,322.73, 439.2059
538852,3.7061,0.002980,335.62, 439.2059
538853,3.7095,0.003004,332.87, 439.2056
538854,3.7124,0.002989,334.55, 439.2062
538855,3.7153,0.002940,340.10, 439.2062
538856,3.7183,0.002998,333.51, 439.2062
538857,3.7212,0.003000,333.34, 439.2062
538858,3.7241,0.002985,335.05, 439.2062
538859,3.7271,0.002946,339.50, 439.2062
538860,3.7300,0.002999,333.49, 439.2062
538861,3.7329,0.002992,334.18, 439.2205
538862,3.7358,0.002928,341.57, 439.2204
538863,3.7388,0.002942,339.90, 439.2062
538864,3.7422,0.003009,332.38, 439.2062
538865,3.7451,0.002970,336.68, 439.2062
538866,3.7480,0.003012,332.06, 439.2062
538867,3.7510,0.002982,335.39, 439.2056
538868,3.7539,0.002972,336.43, 439.2062
538869,3.7568,0.002904,344.40, 439.2059
538870,3.7598,0.003013,331.86, 439.2059
538871,3.7627,0.002971,336.56, 439.2059
538872,3.7656,0.003030,330.00, 439.2062
538873,3.7690,0.002958,338.09, 439.2056
538874,3.7720,0.003036,329.35, 439.2062
538875,3.7749,0.002938,340.37, 439.2056
538876,3.7778,0.003023,330.81, 439.2062
538877,3.7808,0.002958,338.12, 439.2056
538878,3.7837,0.003040,328.96, 439.2062
538879,3.7866,0.002911,343.54, 439.2062
538880,3.7896,0.003004,332.93, 439.2058
538881,3.7925,0.002893,345.69, 439.2062
538882,3.7959,0.003046,328.30, 439.2062
538883,3.7988,0.002952,338.72, 439.2062
538884,3.8018,0.003045,328.45, 439.2062
538885,3.8047,0.002885,346.67, 439.2062
538886,3.8076,0.003059,326.91, 439.2062
538887,3.8105,0.002951,338.89, 439.2062
538888,3.8135,0.003042,328.77, 439.2059
538889,3.8164,0.002904,344.40, 439.2062
538890,3.8193,0.002991,334.30, 439.2062
538891,3.8223,0.002923,342.11, 439.2062
538892,3.8252,0.003013,331.87, 439.2059
538893,3.8286,0.002964,337.35, 439.2062
538894,3.8315,0.003011,332.13, 439.2062
538895,3.8345,0.002932,341.12, 439.2062
538896,3.8374,0.002995,333.95, 439.2062
538897,3.8403,0.002919,342.58, 439.2059
538898,3.8433,0.003035,329.46, 439.2062
538899,3.8462,0.002947,339.33, 439.2062
538900,3.8491,0.002983,335.27, 439.2059
538901,3.8521,0.002930,341.30, 439.2062
538902,3.8550,0.003013,331.87, 439.2059
538903,3.8579,0.002957,338.15, 439.2062
538904,3.8613,0.002995,333.88, 439.2056
538905,3.8643,0.003053,327.53, 439.2062
538906,3.8672,0.002978,335.81, 439.2056
538907,3.8701,0.002973,336.35, 439.2062
538908,3.8730,0.003001,333.24, 439.2056
538909,3.8760,0.002970,336.73, 439.2080
538910,3.8789,0.002915,343.04, 439.2080
538911,3.8818,0.002977,335.89, 439.2059
538912,3.8848,0.002975,336.15, 439.2059
538913,3.8877,0.002963,337.54, 439.2062
538914,3.8911,0.003065,326.24, 439.2056
538915,3.8940,0.003060,326.75, 439.2062
538916,3.8970,0.002957,338.19, 439.2056
538917,3.8999,0.002969,336.81, 439.2059
538918,3.9028,0.002995,333.91, 439.2062
538919,3.9063,0.003062,326.57, 439.2080
538920,3.9092,0.002938,340.34, 439.2135
538921,3.9121,0.003125,320.01, 439.2059
538922,3.9150,0.002980,335.62, 439.2062
538923,3.9180,0.003040,329.00, 439.2062
538924,3.9214,0.003128,319.68, 439.2056
538925,3.9248,0.003488,286.72, 439.2056
538926,3.9282,0.003311,302.06, 439.2062
538927,3.9312,0.003246,308.10, 439.2062
538928,3.9346,0.003470,288.17, 439.2062
538929,3.9385,0.003730,268.10, 439.2056
538930,3.9419,0.003534,282.97, 439.2062
538931,3.9453,0.003310,302.10, 439.2059
538932,3.9487,0.003205,312.03, 439.2056
538933,3.9517,0.003109,321.63, 439.2062
538934,3.9546,0.003147,317.72, 439.2062
538935,3.9580,0.003110,321.56, 439.2062
538936,3.9609,0.003193,313.23, 439.2080
538937,3.9644,0.003207,311.85, 439.2062
538938,3.9673,0.002989,334.54, 439.2062
538939,3.9702,0.003166,315.88, 439.2062
538940,3.9736,0.003134,319.04, 439.2056
538941,3.9766,0.003107,321.82, 439.2062
538942,3.9800,0.003387,295.26, 439.2056
538943,3.9834,0.003096,323.01, 439.2062
538944,3.9863,0.002980,335.56, 439.2062
538945,3.9893,0.003025,330.61, 439.2062
538946,3.9922,0.002910,343.70, 439.2080
538947,3.9951,0.002976,336.07, 439.2059
538948,3.9980,0.002987,334.80, 439.2062
538949,4.0010,0.003001,333.24, 439.2056
538950,4.0039,0.002959,337.97, 439.2062
538951,4.0068,0.003051,327.73, 439.2059
538952,4.0103,0.003031,329.95, 439.2059
538953,4.0132,0.002980,335.60, 439.2062
538954,4.0161,0.002979,335.64, 439.2062
538955,4.0190,0.002995,333.93, 439.2062
538956,4.0220,0.002959,337.93, 439.2080
538957,4.0249,0.002961,337.72, 439.2056
538958,4.0278,0.003054,327.46, 439.2080
538959,4.0313,0.002998,333.57, 439.2062
538960,4.0342,0.003022,330.94, 439.2062
538961,4.0371,0.002932,341.03, 439.2059
538962,4.0400,0.002985,335.00, 439.2062
538963,4.0430,0.003069,325.85, 439.2062
538964,4.0464,0.003118,320.70, 439.2062
538965,4.0493,0.003007,332.58, 439.2062
538966,4.0522,0.002986,334.90, 439.2062
538967,4.0552,0.002947,339.37, 439.2062
538968,4.0581,0.002960,337.79, 439.2062
538969,4.0610,0.002946,339.49, 439.2059
538970,4.0640,0.003052,327.64, 439.2062
538971,4.0669,0.003007,332.61, 439.2062
538972,4.0698,0.003003,332.97, 439.2062
538973,4.0732,0.002965,337.26, 439.2059
538974,4.0762,0.003007,332.59, 439.2062
538975,4.0791,0.003017,331.47, 439.2059
538976,4.0820,0.003002,333.08, 439.2080
538977,4.0850,0.002942,339.90, 439.2059
538978,4.0879,0.002986,334.94, 439.2062
538979,4.0908,0.002966,337.21, 439.2062
538980,4.0942,0.003100,322.58, 439.2059
538981,4.0972,0.002980,335.62, 439.2056
538982,4.1001,0.002981,335.41, 439.2062
538983,4.1030,0.002980,335.53, 439.2062
538984,4.1060,0.003009,332.29, 439.2059
538985,4.1094,0.003230,309.65, 439.2056
538986,4.1128,0.003377,296.10, 439.2056
538987,4.1157,0.002982,335.33, 439.2062
538988,4.1187,0.003015,331.69, 439.2062
538989,4.1216,0.002957,338.21, 439.2056
538990,4.1245,0.003009,332.33, 439.2062
538991,4.1274,0.002953,338.63, 439.2056
538992,4.1304,0.003046,328.35, 439.2059
538993,4.1333,0.002962,337.59, 439.2056
538994,4.1367,0.003003,333.01, 439.2062
538995,4.1396,0.002936,340.65, 439.2062
538996,4.1426,0.003076,325.08, 439.2062
538997,4.1455,0.002917,342.83, 439.2062
538998,4.1484,0.002975,336.09, 439.2059
538999,4.1514,0.002910,343.62, 439.2080
539000,4.1543,0.003057,327.11, 439.2062
539001,4.1572,0.002913,343.34, 439.2062
539002,4.1602,0.003049,327.97, 439.2062
539003,4.1631,0.002931,341.16, 439.2062
539004,4.1665,0.003006,332.68, 439.2059
539005,4.1694,0.002916,342.98, 439.2059
539006,4.1724,0.003031,329.98, 439.2062
539007,4.1753,0.002890,346.01, 439.2062
539008,4.1782,0.003056,327.26, 439.2059
539009,4.1812,0.002927,341.60, 439.2062
539010,4.1841,0.003087,323.92, 439.2062
539011,4.1870,0.002906,344.13, 439.2062
539012,4.1899,0.003010,332.18, 439.2059
539013,4.1929,0.002942,339.87, 439.2062
539014,4.1958,0.002956,338.32, 439.2062
539015,4.1987,0.002915,343.04, 439.2062
539016,4.2021,0.003087,323.90, 439.2062
539017,4.2051,0.002982,335.31, 439.2062
539018,4.2080,0.002987,334.76, 439.2062
539019,4.2109,0.002979,335.69, 439.2062
539020,4.2139,0.003120,320.55, 439.2056
539021,4.2173,0.003022,330.88, 439.2080
539022,4.2202,0.002982,335.31, 439.2062
539023,4.2231,0.002952,338.78, 439.2062
539024,4.2261,0.003007,332.54, 439.2062
539025,4.2290,0.003000,333.30, 439.2062
539026,4.2319,0.002992,334.20, 439.2080
539027,4.2349,0.003048,328.05, 439.2080
539028,4.2383,0.002985,334.99, 439.2059
539029,4.2412,0.002954,338.50, 439.2062
539030,4.2441,0.003046,328.35, 439.2284
539031,4.2471,0.002943,339.85, 439.2080
539032,4.2500,0.002973,336.39, 439.2056
539033,4.2529,0.003029,330.16, 439.2062
539034,4.2559,0.002918,342.69, 439.2062
539035,4.2588,0.002951,338.93, 439.2062
539036,4.2617,0.002951,338.83, 439.2056
539037,4.2646,0.002984,335.09, 439.2059
539038,4.2676,0.002915,343.05, 439.2062
539039,4.2705,0.002993,334.08, 439.2062
539040,4.2739,0.003038,329.17, 439.2059
539041,4.2769,0.003014,331.83, 439.2062
539042,4.2798,0.002971,336.63, 439.2062
539043,4.2827,0.003073,325.41, 439.2062
539044,4.2856,0.003025,330.61, 439.2056
539045,4.2891,0.003073,325.39, 439.2062
539046,4.2920,0.002959,338.00, 439.2062
539047,4.2949,0.003028,330.29, 439.2062
539048,4.2979,0.002958,338.07, 439.2062
539049,4.3008,0.002982,335.38, 439.2062
539050,4.3037,0.002923,342.15, 439.2056
539051,4.3066,0.002979,335.67, 439.2062
539052,4.3096,0.002920,342.47, 439.2056
539053,4.3125,0.003020,331.11, 439.2062
539054,4.3154,0.002908,343.94, 439.2062
539055,4.3188,0.003049,328.02, 439.2059
539056,4.3218,0.002937,340.54, 439.2062
539057,4.3247,0.003032,329.87, 439.2059
539058,4.3276,0.002945,339.60, 439.2059
539059,4.3306,0.003030,330.00, 439.2062
539060,4.3335,0.002954,338.50, 439.2059
539061,4.3364,0.002997,333.72, 439.2062
539062,4.3394,0.002877,347.57, 439.2062
539063,4.3423,0.003044,328.48, 439.2056
539064,4.3457,0.003159,316.56, 439.2059
539065,4.3486,0.003179,314.52, 439.2062
539066,4.3516,0.002934,340.89, 439.2214
539067,4.3550,0.003088,323.88, 439.2062
539068,4.3579,0.002938,340.38, 439.2062
539069,4.3608,0.003160,316.44, 439.2062
539070,4.3638,0.003031,329.98, 439.2062
539071,4.3672,0.003012,332.06, 439.2056
539072,4.3696,0.002884,346.70, 439.2062
539073,4.3730,0.003019,331.24, 439.2059
539074,4.3760,0.002901,344.77, 439.2062
539075,4.3789,0.003024,330.70, 439.2059
539076,4.3818,0.002948,339.25, 439.2062
539077,4.3848,0.002975,336.15, 439.2059
539078,4.3877,0.002901,344.71, 439.2062
539079,4.3906,0.003054,327.49, 439.2062
539080,4.3936,0.003034,329.59, 439.2062
539081,4.3965,0.003009,332.30, 439.2059
539082,4.3994,0.002898,345.02, 439.2062
539083,4.4023,0.002984,335.15, 439.2062
539084,4.4058,0.003013,331.91, 439.2059
539085,4.4087,0.003008,332.41, 439.2059
539086,4.4116,0.002975,336.18, 439.2062
539087,4.4146,0.003006,332.67, 439.2062
539088,4.4175,0.002937,340.45, 439.2062
539089,4.4204,0.002993,334.15, 439.2062
539090,4.4233,0.002998,333.59, 439.2062
539091,4.4263,0.002958,338.09, 439.2062
539092,4.4297,0.003026,330.43, 439.2059
539093,4.4326,0.003034,329.61, 439.2062
539094,4.4355,0.002991,334.38, 439.2059
539095,4.4385,0.003029,330.12, 439.2062
539096,4.4414,0.003007,332.59, 439.2056
539097,4.4443,0.002991,334.33, 439.2059
539098,4.4478,0.002975,336.09, 439.2062
539099,4.4507,0.002977,335.89, 439.2062
539100,4.4536,0.003148,317.65, 439.2056
539101,4.4565,0.003015,331.69, 439.2100
539102,4.4595,0.002999,333.49, 439.2062
539103,4.4629,0.003093,323.36, 439.2059
539104,4.4658,0.003044,328.57, 439.2062
539105,4.4688,0.003001,333.28, 439.2059
539106,4.4717,0.002982,335.40, 439.2059
539107,4.4746,0.002978,335.80, 439.2062
539108,4.4780,0.003102,322.34, 439.2062
539109,4.4810,0.003046,328.33, 439.2059
539110,4.4839,0.003071,325.58, 439.2062
539111,4.4868,0.003034,329.62, 439.2062
539112,4.4902,0.003010,332.23, 439.2062
539113,4.4932,0.002984,335.09, 439.2062
539114,4.4961,0.002987,334.74, 439.2059
539115,4.4990,0.003000,333.38, 439.2062
539116,4.5020,0.002985,334.97, 439.2062
539117,4.5049,0.002923,342.08, 439.2062
539118,4.5078,0.002932,341.06, 439.2062
539119,4.5107,0.002949,339.14, 439.2062
539120,4.5137,0.003045,328.43, 439.2062
539121,4.5166,0.002928,341.51, 439.2062
539122,4.5195,0.002965,337.31, 439.2062
539123,4.5225,0.002949,339.06, 439.2062
539124,4.5259,0.003003,333.03, 439.2062
539125,4.5288,0.002954,338.51, 439.2062
539126,4.5317,0.003024,330.70, 439.2062
539127,4.5347,0.002936,340.55, 439.2062
539128,4.5376,0.003035,329.54, 439.2062
539129,4.5405,0.002942,339.93, 439.2059
539130,4.5435,0.003058,327.06, 439.2062
539131,4.5469,0.003079,324.79, 439.2062
539132,4.5498,0.003091,323.55, 439.2059
539133,4.5527,0.002960,337.86, 439.2056
539134,4.5557,0.003042,328.69, 439.2062
539135,4.5586,0.002973,336.34, 439.2062
539136,4.5620,0.003257,307.05, 439.2056
539137,4.5654,0.003249,307.76, 439.2056
539138,4.5684,0.003028,330.22, 439.2056
539139,4.5713,0.003009,332.39, 439.2062
539140,4.5747,0.003173,315.18, 439.2059
539141,4.5776,0.003087,323.97, 439.2062
539142,4.5806,0.003032,329.87, 439.2062
539143,4.5835,0.002973,336.34, 439.2062
539144,4.5864,0.002999,333.47, 439.2062
539145,4.5894,0.002948,339.25, 439.2062
539146,4.5928,0.003051,327.74, 439.2062
539147,4.5957,0.002996,333.79, 439.2062
539148,4.5986,0.003010,332.23, 439.2062
539149,4.6016,0.002969,336.77, 439.2062
539150,4.6045,0.003031,329.96, 439.2059
539151,4.6074,0.002928,341.50, 439.2062
539152,4.6104,0.003055,327.33, 439.2059
539153,4.6138,0.002962,337.59, 439.2056
539154,4.6167,0.002970,336.73, 439.2062
539155,4.6196,0.002927,341.69, 439.2062
539156,4.6226,0.003023,330.81, 439.2062
539157,4.6255,0.002993,334.10, 439.2059
539158,4.6284,0.003052,327.71, 439.2062
539159,4.6313,0.002960,337.82, 439.2059
539160,4.6343,0.003044,328.56, 439.2062
539161,4.6372,0.002880,347.25, 439.2062
539162,4.6401,0.003004,332.93, 439.2062
539163,4.6436,0.002951,338.90, 439.2062
539164,4.6465,0.002999,333.49, 439.2059
539165,4.6494,0.002945,339.52, 439.2062
539166,4.6523,0.003016,331.58, 439.2062
539167,4.6553,0.002922,342.27, 439.2062
539168,4.6587,0.003361,297.57, 439.2056
539169,4.6616,0.003095,323.07, 439.2059
539170,4.6646,0.003049,327.93, 439.2056
539171,4.6675,0.002886,346.54, 439.2062
539172,4.6704,0.003031,329.94, 439.2056
539173,4.6733,0.002950,338.96, 439.2059
539174,4.6768,0.003024,330.69, 439.2062
539175,4.6797,0.002916,342.95, 439.2062
539176,4.6826,0.003012,332.04, 439.2062
539177,4.6855,0.002894,345.59, 439.2062
539178,4.6885,0.002999,333.41, 439.2056
539179,4.6914,0.002959,337.96, 439.2062
539180,4.6943,0.003034,329.64, 439.2062
539181,4.6973,0.002956,338.25, 439.2062
539182,4.7002,0.002957,338.24, 439.2056
539183,4.7031,0.002990,334.47, 439.2062
539184,4.7065,0.003137,318.79, 439.2059
539185,4.7095,0.002987,334.84, 439.2062
539186,4.7124,0.003006,332.72, 439.2059
539187,4.7153,0.002959,338.00, 439.2062
539188,4.7183,0.003017,331.43, 439.2056
539189,4.7212,0.002946,339.42, 439.2059
539190,4.7246,0.003046,328.35, 439.2062
539191,4.7275,0.002948,339.25, 439.2062
539192,4.7305,0.003032,329.84, 439.2056
539193,4.7334,0.002971,336.58, 439.2062
539194,4.7363,0.002952,338.71, 439.2062
539195,4.7393,0.002973,336.38, 439.2062
539196,4.7422,0.002993,334.15, 439.2056
539197,4.7451,0.003068,325.97, 439.2059
539198,4.7485,0.002988,334.63, 439.2056
539199,4.7515,0.002999,333.47, 439.2062
539200,4.7544,0.003037,329.23, 439.2059
539201,4.7573,0.002951,338.87, 439.2059
539202,4.7603,0.002960,337.86, 439.2056
539203,4.7632,0.002976,336.06, 439.2062
539204,4.7661,0.002957,338.24, 439.2080
539205,4.7690,0.002992,334.27, 439.2059
539206,4.7720,0.003002,333.09, 439.2062
539207,4.7754,0.002978,335.85, 439.2062
539208,4.7783,0.002964,337.35, 439.2056
539209,4.7813,0.003002,333.17, 439.2059
539210,4.7842,0.002991,334.39, 439.2062
539211,4.7871,0.002967,337.09, 439.2062
539212,4.7900,0.002953,338.70, 439.2062
539213,4.7930,0.003004,332.93, 439.2080
539214,4.7959,0.002908,343.84, 439.2059
539215,4.7988,0.003009,332.35, 439.2062
539216,4.8018,0.002977,335.94, 439.2059
539217,4.8052,0.003003,332.99, 439.2062
539218,4.8081,0.002911,343.52, 439.2062
539219,4.8110,0.003011,332.09, 439.2062
539220,4.8140,0.003157,316.74, 439.2062
539221,4.8169,0.003070,325.74, 439.2080
539222,4.8203,0.003017,331.49, 439.2056
539223,4.8232,0.003144,318.10, 439.2062
539224,4.8262,0.002960,337.88, 439.2056
539225,4.8296,0.003126,319.95, 439.2684
539226,4.8325,0.002959,337.96, 439.2062
539227,4.8354,0.003030,330.07, 439.2062
539228,4.8384,0.002877,347.60, 439.2205
539229,4.8413,0.003037,329.28, 439.2062
539230,4.8442,0.002961,337.77, 439.2062
539231,4.8472,0.003051,327.80, 439.2062
539232,4.8501,0.002937,340.46, 439.2056
539233,4.8530,0.002998,333.57, 439.2062
539234,4.8560,0.002913,343.30, 439.2062
539235,4.8594,0.003075,325.18, 439.2059
539236,4.8623,0.003110,321.55, 439.2056
539237,4.8652,0.003073,325.47, 439.2059
539238,4.8682,0.002923,342.11, 439.2059
539239,4.8716,0.003040,328.96, 439.2059
539240,4.8745,0.002994,334.06, 439.2062
539241,4.8774,0.003120,320.56, 439.2059
539242,4.8804,0.003003,333.03, 439.2056
539243,4.8833,0.003026,330.48, 439.2062
539244,4.8862,0.002927,341.68, 439.2059
539245,4.8896,0.003035,329.50, 439.2056
539246,4.8926,0.002957,338.23, 439.2062
539247,4.8955,0.003040,328.95, 439.2062
539248,4.8984,0.002927,341.60, 439.2062
539249,4.9014,0.003008,332.45, 439.2062
539250,4.9043,0.002926,341.72, 439.2062
539251,4.9072,0.003001,333.19, 439.2062
539252,4.9102,0.003044,328.53, 439.2062
539253,4.9136,0.003100,322.59, 439.2059
539254,4.9165,0.002942,339.93, 439.2062
539255,4.9194,0.003018,331.35, 439.2059
539256,4.9224,0.003026,330.48, 439.2059
539257,4.9263,0.003914,255.49, 439.2062
539258,4.9297,0.003235,309.11, 439.2056
539259,4.9326,0.003224,310.14, 439.2062
539260,4.9360,0.003173,315.13, 439.2059
539261,4.9395,0.003284,304.52, 439.2110
539262,4.9429,0.003544,282.14, 439.2056
539263,4.9463,0.003408,293.46, 439.2056
539264,4.9497,0.003338,299.62, 439.2056
539265,4.9526,0.002990,334.40, 439.2062
539266,4.9556,0.003171,315.40, 439.2056
539267,4.9585,0.003021,331.03, 439.2059
539268,4.9619,0.003124,320.11, 439.2059
539269,4.9648,0.003064,326.40, 439.2062
539270,4.9678,0.003023,330.84, 439.2062
539271,4.9707,0.002990,334.46, 439.2062
539272,4.9741,0.003042,328.79, 439.2062
539273,4.9771,0.002915,343.06, 439.2062
539274,4.9800,0.003023,330.79, 439.2056
539275,4.9829,0.002977,335.94, 439.2062
539276,4.9858,0.003006,332.69, 439.2056
539277,4.9888,0.002945,339.52, 439.2062
539278,4.9917,0.003013,331.86, 439.2062
539279,4.9946,0.002996,333.83, 439.2062
539280,4.9980,0.002978,335.76, 439.2056
539281,5.0010,0.002939,340.27, 439.2062
539282,5.0039,0.003001,333.21, 439.2056
539283,5.0068,0.003029,330.12, 439.2062
539284,5.0098,0.003088,323.80, 439.2056
539285,5.0127,0.002996,333.77, 439.2062
539286,5.0156,0.002978,335.84, 439.2056
539287,5.0186,0.002924,341.99, 439.2062
539288,5.0220,0.002988,334.67, 439.2056
539289,5.0249,0.002970,336.76, 439.2062
539290,5.0278,0.002955,338.40, 439.2062
539291,5.0308,0.002983,335.19, 439.2062
539292,5.0337,0.002984,335.08, 439.2062
539293,5.0366,0.002950,338.99, 439.2062
539294,5.0396,0.002970,336.75, 439.2059
539295,5.0425,0.003069,325.85, 439.2062
539296,5.0454,0.002979,335.68, 439.2056
539297,5.0488,0.003006,332.65, 439.2062
539298,5.0518,0.003075,325.24, 439.2062
539299,5.0547,0.002972,336.43, 439.2062
539300,5.0576,0.002931,341.24, 439.2080
539301,5.0605,0.003031,329.95, 439.2059
539302,5.0635,0.002936,340.56, 439.2062
539303,5.0664,0.002982,335.39, 439.2062
539304,5.0693,0.002970,336.66, 439.2059
539305,5.0728,0.002995,333.91, 439.2062
539306,5.0757,0.002930,341.36, 439.2059
539307,5.0786,0.002992,334.20, 439.2062
539308,5.0815,0.002904,344.39, 439.2090
539309,5.0845,0.003037,329.26, 439.2056
539310,5.0874,0.002923,342.16, 439.2062
539311,5.0903,0.003012,332.03, 439.2062
539312,5.0933,0.003008,332.48, 439.2056
539313,5.0967,0.003138,318.70, 439.2059
539314,5.0996,0.002999,333.40, 439.2059
539315,5.1025,0.003009,332.38, 439.2062
539316,5.1055,0.002899,344.96, 439.2059
539317,5.1084,0.003015,331.65, 439.2062
539318,5.1113,0.002967,337.03, 439.2062
539319,5.1143,0.003075,325.19, 439.2062
539320,5.1172,0.002904,344.35, 439.2062
539321,5.1206,0.003025,330.60, 439.2062
539322,5.1235,0.002983,335.22, 439.2062
539323,5.1265,0.003076,325.15, 439.2059
539324,5.1294,0.002962,337.61, 439.2062
539325,5.1323,0.003014,331.75, 439.2056
539326,5.1353,0.002865,349.05, 439.2062
539327,5.1382,0.002950,339.03, 439.2062
539328,5.1411,0.002854,350.39, 439.2062
539329,5.1440,0.002945,339.54, 439.2062
539330,5.1470,0.002953,338.67, 439.2062
539331,5.1499,0.002952,338.78, 439.2062
539332,5.1528,0.002887,346.36, 439.2062
539333,5.1558,0.002937,340.53, 439.2062
539334,5.1587,0.002959,337.92, 439.2062
539335,5.1616,0.003038,329.22, 439.2062
539336,5.1646,0.002972,336.45, 439.2059
539337,5.1675,0.002909,343.82, 439.2062
539338,5.1704,0.002956,338.25, 439.2062
539339,5.1733,0.002945,339.56, 439.2062
539340,5.1763,0.002986,334.95, 439.2056
539341,5.1797,0.002935,340.68, 439.2059
539342,5.1826,0.002963,337.47, 439.2056
539343,5.1855,0.002918,342.72, 439.2062
539344,5.1885,0.002953,338.64, 439.2062
539345,5.1914,0.002950,339.03, 439.2056
539346,5.1943,0.003013,331.85, 439.2062
539347,5.1973,0.002882,347.03, 439.2062
539348,5.2002,0.002947,339.29, 439.2062
539349,5.2031,0.002918,342.67, 439.2056
539350,5.2061,0.002963,337.46, 439.2062
539351,5.2090,0.002908,343.90, 439.2062
539352,5.2119,0.003015,331.66, 439.2062
539353,5.2148,0.002865,349.06, 439.2062
539354,5.2178,0.002994,333.96, 439.2062
539355,5.2207,0.002876,347.72, 439.2062
539356,5.2236,0.002980,335.59, 439.2062
539357,5.2266,0.002870,348.43, 439.2062
539358,5.2295,0.002988,334.68, 439.2062
539359,5.2324,0.002925,341.85, 439.2062
539360,5.2354,0.003021,331.06, 439.2059
539361,5.2383,0.002903,344.51, 439.2056
539362,5.2412,0.002999,333.41, 439.2062
539363,5.2441,0.002910,343.60, 439.2062
539364,5.2471,0.002962,337.62, 439.2062
539365,5.2500,0.002901,344.71, 439.2062
539366,5.2529,0.002981,335.41, 439.2062
539367,5.2559,0.002956,338.32, 439.2062
539368,5.2588,0.002972,336.50, 439.2059
539369,5.2622,0.002993,334.14, 439.2062
539370,5.2651,0.002952,338.73, 439.2062
539371,5.2681,0.002921,342.41, 439.2062
539372,5.2710,0.002953,338.66, 439.2056
539373,5.2739,0.002957,338.21, 439.2062
539374,5.2769,0.002931,341.19, 439.2056
539375,5.2798,0.002958,338.09, 439.2062
539376,5.2827,0.002918,342.65, 439.2062
539377,5.2856,0.002976,336.00, 439.2062
539378,5.2886,0.002922,342.23, 439.2062
539379,5.2915,0.002947,339.31, 439.2062
539380,5.2944,0.002912,343.45, 439.2062
539381,5.2974,0.002978,335.85, 439.2062
539382,5.3003,0.003004,332.85, 439.2059
539383,5.3032,0.003048,328.07, 439.2062
539384,5.3062,0.002933,340.92, 439.2059
539385,5.3096,0.003048,328.11, 439.2062
539386,5.3125,0.003000,333.34, 439.2062
539387,5.3154,0.002966,337.17, 439.2062
539388,5.3184,0.002871,348.36, 439.2059
539389,5.3213,0.003000,333.36, 439.2056
539390,5.3242,0.002935,340.67, 439.2062
539391,5.3271,0.003013,331.87, 439.2062
539392,5.3301,0.002893,345.71, 439.2062
539393,5.3330,0.003007,332.57, 439.2062
539394,5.3359,0.002978,335.78, 439.2062
539395,5.3394,0.003180,314.50, 439.2059
539396,5.3423,0.002908,343.90, 439.2080
539397,5.3452,0.003010,332.28, 439.2056
539398,5.3481,0.002967,337.09, 439.2062
539399,5.3516,0.003380,295.84, 439.2062
539400,5.3545,0.003065,326.25, 439.2056
539401,5.3574,0.003041,328.87, 439.2056
539402,5.3604,0.002947,339.37, 439.2056
539403,5.3638,0.003065,326.29, 439.2062
539404,5.3667,0.002970,336.72, 439.2056
539405,5.3696,0.003043,328.63, 439.2062
539406,5.3726,0.002925,341.88, 439.2056
539407,5.3755,0.003022,330.93, 439.2062
539408,5.3784,0.002922,342.22, 439.2056
539409,5.3813,0.003023,330.80, 439.2062
539410,5.3843,0.002937,340.53, 439.2062
539411,5.3872,0.002953,338.63, 439.2062
539412,5.3901,0.002913,343.28, 439.2062
539413,5.3931,0.002996,333.74, 439.2062
539414,5.3960,0.002948,339.20, 439.2062
539415,5.3994,0.003008,332.47, 439.2062
539416,5.4023,0.002909,343.74, 439.2062
539417,5.4053,0.002967,337.05, 439.2059
539418,5.4082,0.002913,343.25, 439.2062
539419,5.4111,0.003000,333.29, 439.2062
539420,5.4141,0.003001,333.20, 439.2062
539421,5.4170,0.002955,338.43, 439.2062
539422,5.4199,0.002949,339.09, 439.2062
539423,5.4229,0.002976,336.08, 439.2056
539424,5.4258,0.002942,339.89, 439.2062
539425,5.4292,0.003240,308.68, 439.2059
539426,5.4321,0.003055,327.38, 439.2059
539427,5.4351,0.002958,338.12, 439.2062
539428,5.4380,0.002936,340.60, 439.2056
539429,5.4409,0.002973,336.36, 439.2059
539430,5.4443,0.003117,320.80, 439.2059
539431,5.4473,0.003011,332.07, 439.2062
539432,5.4502,0.002979,335.65, 439.2059
539433,5.4531,0.002980,335.57, 439.2062
539434,5.4561,0.002970,336.72, 439.2062
539435,5.4590,0.003138,318.68, 439.2059
539436,5.4624,0.003034,329.63, 439.2062
539437,5.4653,0.003026,330.51, 439.2062
539438,5.4683,0.002942,339.86, 439.2062
539439,5.4712,0.002949,339.14, 439.2062
539440,5.4741,0.002996,333.73, 439.2062
539441,5.4771,0.002978,335.85, 439.2056
539442,5.4800,0.003005,332.81, 439.2062
539443,5.4829,0.002955,338.41, 439.2056
539444,5.4863,0.003056,327.25, 439.2059
539445,5.4893,0.003026,330.48, 439.2059
539446,5.4922,0.003115,321.08, 439.2062
539447,5.4951,0.003087,323.98, 439.2062
539448,5.4985,0.003136,318.88, 439.2056
539449,5.5015,0.002964,337.35, 439.2062
539450,5.5044,0.003050,327.89, 439.2062
539451,5.5073,0.002963,337.54, 439.2062
539452,5.5103,0.003014,331.81, 439.2062
539453,5.5137,0.003073,325.40, 439.2062
539454,5.5166,0.003067,326.04, 439.2080
539455,5.5195,0.002936,340.63, 439.2062
539456,5.5225,0.003071,325.60, 439.2062
539457,5.5254,0.002967,337.10, 439.2059
539458,5.5288,0.003070,325.79, 439.2062
539459,5.5317,0.002960,337.79, 439.2062
539460,5.5347,0.002981,335.47, 439.2062
539461,5.5376,0.002926,341.80, 439.2059
539462,5.5405,0.003031,329.90, 439.2062
539463,5.5435,0.002945,339.56, 439.2062
539464,5.5464,0.003011,332.09, 439.2056
539465,5.5493,0.002944,339.66, 439.2059
539466,5.5527,0.003057,327.11, 439.2062
539467,5.5557,0.002932,341.03, 439.2062
539468,5.5586,0.003000,333.39, 439.2062
539469,5.5615,0.002952,338.80, 439.2062
539470,5.5645,0.003056,327.18, 439.2062
539471,5.5674,0.002966,337.15, 439.2062
539472,5.5708,0.003293,303.70, 439.2059
539473,5.5737,0.003102,322.37, 439.2059
539474,5.5767,0.003087,323.99, 439.2062
539475,5.5801,0.002979,335.65, 439.2062
539476,5.5830,0.003037,329.29, 439.2062
539477,5.5859,0.002946,339.40, 439.2059
539478,5.5889,0.003014,331.74, 439.2062
539479,5.5918,0.002947,339.31, 439.2062
539480,5.5947,0.003032,329.78, 439.2059
539481,5.5977,0.002908,343.84, 439.2062
539482,5.6006,0.003029,330.17, 439.2062
539483,5.6035,0.002931,341.18, 439.2062
539484,5.6069,0.003013,331.87, 439.2059
539485,5.6099,0.002935,340.74, 439.2062
539486,5.6128,0.003057,327.09, 439.2062
539487,5.6157,0.002972,336.53, 439.2062
539488,5.6187,0.003169,315.53, 439.2059
539489,5.6216,0.002918,342.68, 439.2062
539490,5.6250,0.003041,328.87, 439.2059
539491,5.6274,0.002849,351.05, 439.2062
539492,5.6309,0.003035,329.48, 439.2059
539493,5.6338,0.002948,339.26, 439.2062
539494,5.6367,0.003013,331.90, 439.2062
539495,5.6396,0.002917,342.84, 439.2062
539496,5.6426,0.003032,329.82, 439.2056
539497,5.6455,0.003011,332.12, 439.2062
539498,5.6484,0.003007,332.58, 439.2062
539499,5.6514,0.002951,338.87, 439.2059
539500,5.6548,0.002975,336.17, 439.2059
539501,5.6577,0.002909,343.71, 439.2062
539502,5.6606,0.003035,329.52, 439.2062
539503,5.6636,0.003004,332.89, 439.2062
539504,5.6665,0.003010,332.25, 439.2062
539505,5.6694,0.002951,338.87, 439.2056
539506,5.6724,0.002986,334.88, 439.2059
539507,5.6753,0.002923,342.11, 439.2062
539508,5.6782,0.003061,326.72, 439.2059
539509,5.6816,0.003237,308.93, 439.2062
539510,5.6846,0.003041,328.88, 439.2056
539511,5.6875,0.002925,341.83, 439.2062
539512,5.6904,0.002986,334.93, 439.2056
539513,5.6934,0.002951,338.82, 439.2062
539514,5.6968,0.003006,332.69, 439.2059
539515,5.6997,0.003054,327.45, 439.2062
539516,5.7026,0.002961,337.74, 439.2062
539517,5.7056,0.002952,338.75, 439.2062
539518,5.7085,0.002953,338.67, 439.2062
539519,5.7114,0.003096,322.99, 439.2062
539520,5.7148,0.003145,318.00, 439.2056
539521,5.7178,0.002960,337.82, 439.2059
539522,5.7207,0.003019,331.26, 439.2062
539523,5.7236,0.002976,336.08, 439.2062
539524,5.7266,0.002964,337.37, 439.2085
539525,5.7295,0.003008,332.40, 439.2062
539526,5.7329,0.002999,333.42, 439.2062
539527,5.7358,0.002958,338.02, 439.2062
539528,5.7388,0.002939,340.22, 439.2059
539529,5.7417,0.003018,331.40, 439.2062
539530,5.7446,0.003162,316.22, 439.2056
539531,5.7480,0.003277,305.12, 439.2062
539532,5.7515,0.003270,305.79, 439.2059
539533,5.7544,0.003097,322.87, 439.2062
539534,5.7573,0.003077,324.96, 439.2062
539535,5.7607,0.003030,329.99, 439.2062
539536,5.7637,0.003005,332.80, 439.2062
539537,5.7666,0.003056,327.21, 439.2062
539538,5.7695,0.003020,331.14, 439.2059
539539,5.7725,0.002969,336.78, 439.2062
539540,5.7754,0.003068,325.95, 439.2062
539541,5.7788,0.002967,337.06, 439.2062
539542,5.7817,0.002999,333.44, 439.2062
539543,5.7847,0.002908,343.84, 439.2062
539544,5.7876,0.002944,339.63, 439.2059
539545,5.7905,0.002960,337.79, 439.2062
539546,5.7935,0.002937,340.50, 439.2080
539547,5.7964,0.002947,339.32, 439.2062
539548,5.7993,0.003007,332.52, 439.2062
539549,5.8022,0.002985,334.96, 439.2062
539550,5.8052,0.002931,341.17, 439.2056
539551,5.8081,0.002972,336.46, 439.2062
539552,5.8110,0.002945,339.60, 439.2056
539553,5.8140,0.002981,335.50, 439.2062
539554,5.8169,0.002936,340.58, 439.2056
539555,5.8198,0.002978,335.80, 439.2062
539556,5.8232,0.002988,334.68, 439.2059
539557,5.8262,0.002944,339.66, 439.2062
539558,5.8291,0.002939,340.24, 439.2059
539559,5.8320,0.003021,331.04, 439.2062
539560,5.8350,0.002907,344.06, 439.2059
539561,5.8379,0.002968,336.98, 439.2062
539562,5.8408,0.002907,344.01, 439.2059
539563,5.8438,0.003013,331.92, 439.2062
539564,5.8467,0.002886,346.49, 439.2062
539565,5.8496,0.003004,332.86, 439.2062
539566,5.8525,0.002889,346.12, 439.2062
539567,5.8555,0.002989,334.53, 439.2062
539568,5.8584,0.002868,348.71, 439.2062
539569,5.8613,0.003003,333.04, 439.2056
539570,5.8643,0.002964,337.44, 439.2062
539571,5.8672,0.002955,338.43, 439.2059
539572,5.8701,0.003012,331.97, 439.2059
539573,5.8735,0.003037,329.23, 439.2056
539574,5.8760,0.002890,345.97, 439.2062
539575,5.8794,0.003003,333.04, 439.2062
539576,5.8823,0.002960,337.85, 439.2062
539577,5.8853,0.003030,330.07, 439.2056
539578,5.8882,0.003082,324.42, 439.2059
539579,5.8911,0.003062,326.56, 439.2059
539580,5.8945,0.002998,333.59, 439.2062
539581,5.8975,0.003086,324.10, 439.2062
539582,5.9004,0.003125,320.00, 439.2062
539583,5.9038,0.003108,321.71, 439.2056
539584,5.9067,0.003022,330.92, 439.2056
539585,5.9097,0.003111,321.47, 439.2059
539586,5.9131,0.003173,315.13, 439.2059
539587,5.9160,0.003141,318.41, 439.2056
539588,5.9189,0.003027,330.33, 439.2062
539589,5.9224,0.003089,323.69, 439.2056
539590,5.9253,0.002936,340.60, 439.2062
539591,5.9282,0.003009,332.34, 439.2062
539592,5.9312,0.002975,336.13, 439.2059
539593,5.9346,0.003450,289.85, 439.2056
539594,5.9380,0.003213,311.26, 439.2059
539595,5.9409,0.003197,312.81, 439.2062
539596,5.9448,0.003834,260.86, 439.2062
539597,5.9482,0.003442,290.55, 439.2057
539598,5.9517,0.003488,286.71, 439.2062
539599,5.9551,0.003280,304.88, 439.2062
539600,5.9585,0.003581,279.24, 439.2060
539601,5.9619,0.003089,323.74, 439.2059
539602,5.9648,0.003027,330.41, 439.2059
539603,5.9678,0.002991,334.37, 439.2062
539604,5.9707,0.003058,327.05, 439.2062
539605,5.9736,0.002942,339.87, 439.2059
539606,5.9766,0.003054,327.42, 439.2062
539607,5.9800,0.002952,338.73, 439.2062
539608,5.9829,0.003206,311.94, 439.2062
539609,5.9858,0.003108,321.77, 439.2062
539610,5.9893,0.003094,323.16, 439.2056
539611,5.9922,0.003005,332.76, 439.2062
539612,5.9951,0.003093,323.32, 439.2056
539613,5.9980,0.003037,329.28, 439.2062
539614,6.0015,0.003079,324.76, 439.2059
539615,6.0044,0.002959,337.91, 439.2062
539616,6.0073,0.003066,326.14, 439.2059
539617,6.0103,0.002969,336.78, 439.2059
539618,6.0137,0.003151,317.36, 439.2056
539619,6.0166,0.003007,332.56, 439.2062
539620,6.0195,0.003062,326.54, 439.2062
539621,6.0225,0.002957,338.23, 439.2062
539622,6.0254,0.003077,325.02, 439.2056
539623,6.0288,0.003018,331.30, 439.2062
539624,6.0317,0.003088,323.83, 439.2059
539625,6.0347,0.002960,337.89, 439.2062
539626,6.0376,0.003023,330.82, 439.2056
539627,6.0405,0.002977,335.91, 439.2062
539628,6.0439,0.003145,317.93, 439.2056
539629,6.0469,0.002958,338.08, 439.2062
539630,6.0498,0.003044,328.54, 439.2062
539631,6.0527,0.002993,334.16, 439.2062
539632,6.0562,0.003125,320.03, 439.2062
539633,6.0591,0.003031,329.91, 439.2059
539634,6.0620,0.003102,322.40, 439.2059
539635,6.0649,0.003026,330.48, 439.2059
539636,6.0679,0.003014,331.76, 439.2059
539637,6.0713,0.002982,335.31, 439.2059
539638,6.0742,0.003025,330.57, 439.2062
539639,6.0771,0.002968,336.97, 439.2062
539640,6.0801,0.003070,325.79, 439.2062
539641,6.0830,0.003017,331.49, 439.2062
539642,6.0859,0.002996,333.83, 439.2059
539643,6.0894,0.002957,338.19, 439.2062
539644,6.0923,0.003038,329.15, 439.2059
539645,6.0952,0.002950,338.99, 439.2062
539646,6.0981,0.002970,336.76, 439.2062
539647,6.1011,0.002921,342.31, 439.2062
539648,6.1040,0.003024,330.68, 439.2056
539649,6.1069,0.002931,341.22, 439.2059
539650,6.1099,0.002976,336.07, 439.2062
539651,6.1128,0.002955,338.42, 439.2062
539652,6.1157,0.002988,334.69, 439.2059
539653,6.1187,0.003004,332.92, 439.2062
539654,6.1221,0.003006,332.68, 439.2062
539655,6.1250,0.003057,327.08, 439.2062
539656,6.1279,0.002989,334.58, 439.2062
539657,6.1309,0.003018,331.35, 439.2059
539658,6.1338,0.002983,335.29, 439.2062
539659,6.1367,0.003003,332.99, 439.2062
539660,6.1401,0.003057,327.09, 439.2062
539661,6.1431,0.002968,336.94, 439.2062
539662,6.1460,0.002906,344.16, 439.2059
539663,6.1489,0.003020,331.13, 439.2062
539664,6.1519,0.003015,331.65, 439.2056
539665,6.1548,0.002982,335.30, 439.2062
539666,6.1577,0.002937,340.50, 439.2062
539667,6.1606,0.003017,331.50, 439.2059
539668,6.1641,0.002991,334.37, 439.2059
539669,6.1670,0.002993,334.16, 439.2059
539670,6.1699,0.002927,341.67, 439.2062
539671,6.1729,0.002969,336.79, 439.2059
539672,6.1758,0.002949,339.10, 439.2056
539673,6.1787,0.003015,331.64, 439.2059
539674,6.1816,0.002987,334.74, 439.2059
539675,6.1846,0.003009,332.39, 439.2056
539676,6.1875,0.002935,340.72, 439.2062
539677,6.1904,0.003024,330.68, 439.2062
539678,6.1938,0.003006,332.63, 439.2062
539679,6.1968,0.003034,329.58, 439.2059
539680,6.1997,0.002958,338.02, 439.2056
539681,6.2026,0.003023,330.80, 439.2056
539682,6.2056,0.002908,343.93, 439.2062
539683,6.2085,0.003015,331.68, 439.2062
539684,6.2114,0.002968,336.93, 439.2059
539685,6.2144,0.003032,329.80, 439.2062
539686,6.2173,0.002942,339.86, 439.2062
539687,6.2207,0.003039,329.03, 439.2062
539688,6.2236,0.003011,332.07, 439.2059
539689,6.2266,0.003139,318.56, 439.2062
539690,6.2295,0.002991,334.34, 439.2056
539691,6.2329,0.003078,324.93, 439.2062
539692,6.2358,0.002902,344.57, 439.2062
539693,6.2388,0.003021,331.06, 439.2062
539694,6.2417,0.002909,343.81, 439.2062
539695,6.2446,0.003037,329.25, 439.2056
539696,6.2476,0.002922,342.20, 439.2062
539697,6.2505,0.003038,329.22, 439.2056
539698,6.2534,0.002932,341.09, 439.2062
539699,6.2563,0.002967,337.03, 439.2062
539700,6.2593,0.002918,342.75, 439.2056
539701,6.2622,0.003017,331.46, 439.2059
539702,6.2651,0.002907,343.95, 439.2062
539703,6.2686,0.002981,335.51, 439.2062
539704,6.2715,0.002945,339.58, 439.2059
539705,6.2744,0.002985,335.00, 439.2062
539706,6.2773,0.002965,337.33, 439.2062
539707,6.2803,0.003026,330.46, 439.2062
539708,6.2832,0.003030,330.00, 439.2059
539709,6.2861,0.002982,335.36, 439.2062
539710,6.2891,0.002927,341.68, 439.2059
539711,6.2925,0.003043,328.60, 439.2059
539712,6.2954,0.002970,336.66, 439.2062
539713,6.2983,0.002994,334.03, 439.2059
539714,6.3013,0.002959,338.01, 439.2056
539715,6.3042,0.002943,339.75, 439.2059
539716,6.3071,0.002943,339.85, 439.2062
539717,6.3101,0.002980,335.63, 439.2056
539718,6.3130,0.002984,335.12, 439.2062
539719,6.3159,0.002930,341.30, 439.2056
539720,6.3188,0.002963,337.50, 439.2059
539721,6.3218,0.002987,334.81, 439.2059
539722,6.3247,0.002996,333.83, 439.2062
539723,6.3276,0.002950,338.97, 439.2056
539724,6.3311,0.003022,330.94, 439.2059
539725,6.3340,0.002976,336.07, 439.2056
539726,6.3369,0.002954,338.56, 439.2062
539727,6.3398,0.002944,339.69, 439.2062
539728,6.3428,0.003150,317.45, 439.2062
539729,6.3457,0.002969,336.86, 439.2062
539730,6.3491,0.003033,329.67, 439.2062
539731,6.3521,0.002980,335.59, 439.2062
539732,6.3550,0.003027,330.34, 439.2062
539733,6.3579,0.002967,337.06, 439.2059
539734,6.3608,0.003057,327.16, 439.2062
539735,6.3638,0.002991,334.33, 439.2062
539736,6.3667,0.003000,333.39, 439.2062
539737,6.3701,0.003056,327.25, 439.2062
539738,6.3730,0.003195,312.97, 439.2056
539739,6.3760,0.003020,331.08, 439.2062
539740,6.3794,0.003029,330.16, 439.2062
539741,6.3823,0.002985,334.97, 439.2056
539742,6.3853,0.003225,310.04, 439.2059
539743,6.3887,0.003125,319.96, 439.2062
539744,6.3916,0.003044,328.47, 439.2059
539745,6.3945,0.002967,337.04, 439.2059
539746,6.3975,0.002987,334.81, 439.2062
539747,6.4004,0.002967,337.02, 439.2062
539748,6.4033,0.003038,329.19, 439.2059
539749,6.4063,0.002929,341.39, 439.2059
539750,6.4097,0.003056,327.24, 439.2062
539751,6.4126,0.002931,341.19, 439.2062
539752,6.4155,0.003036,329.34, 439.2062
539753,6.4185,0.002987,334.78, 439.2056
539754,6.4214,0.003004,332.93, 439.2062
539755,6.4243,0.002950,339.04, 439.2062
539756,6.4272,0.003019,331.22, 439.2059
539757,6.4302,0.002936,340.56, 439.2062
539758,6.4336,0.003023,330.81, 439.2062
539759,6.4365,0.003007,332.54, 439.2056
539760,6.4395,0.003019,331.24, 439.2062
539761,6.4424,0.002943,339.74, 439.2056
539762,6.4453,0.003031,329.92, 439.2056
539763,6.4482,0.002999,333.48, 439.2056
539764,6.4517,0.003038,329.13, 439.2059
539765,6.4546,0.002926,341.79, 439.2059
539766,6.4575,0.003012,332.01, 439.2062
539767,6.4604,0.002963,337.48, 439.2062
539768,6.4634,0.003189,313.58, 439.2056
539769,6.4663,0.002996,333.80, 439.2059
539770,6.4697,0.002998,333.53, 439.2062
539771,6.4727,0.002926,341.78, 439.2062
539772,6.4756,0.002990,334.44, 439.2062
539773,6.4785,0.002916,342.90, 439.2056
539774,6.4814,0.003044,328.52, 439.2062
539775,6.4844,0.003055,327.29, 439.2056
539776,6.4878,0.003167,315.78, 439.2062
539777,6.4907,0.002980,335.53, 439.2059
539778,6.4937,0.003059,326.89, 439.2151
539779,6.4966,0.003006,332.67, 439.2062
539780,6.4995,0.003046,328.33, 439.2062
539781,6.5024,0.002937,340.51, 439.2062
539782,6.5059,0.003130,319.45, 439.2062
539783,6.5088,0.002958,338.04, 439.2062
539784,6.5122,0.003215,311.07, 439.2056
539785,6.5151,0.003023,330.76, 439.2062
539786,6.5181,0.002994,333.96, 439.2059
539787,6.5210,0.002926,341.81, 439.2062
539788,6.5239,0.003057,327.16, 439.2056
539789,6.5269,0.003089,323.70, 439.2062
539790,6.5303,0.003245,308.15, 439.2062
539791,6.5332,0.003075,325.16, 439.2062
539792,6.5366,0.003038,329.12, 439.2062
539793,6.5396,0.003020,331.16, 439.2056
539794,6.5425,0.003032,329.82, 439.2062
539795,6.5454,0.002914,343.12, 439.2059
539796,6.5483,0.003041,328.83, 439.2056
539797,6.5513,0.002954,338.55, 439.2059
539798,6.5542,0.003036,329.36, 439.2062
539799,6.5576,0.003066,326.20, 439.2059
539800,6.5605,0.003220,310.56, 439.2059
539801,6.5635,0.002980,335.56, 439.2059
539802,6.5669,0.003004,332.93, 439.2056
539803,6.5698,0.002948,339.18, 439.2062
539804,6.5728,0.003192,313.25, 439.2056
539805,6.5762,0.003253,307.41, 439.2056
539806,6.5791,0.003098,322.76, 439.2056
539807,6.5820,0.002997,333.64, 439.2062
539808,6.5850,0.003003,333.06, 439.2062
539809,6.5879,0.002913,343.31, 439.2062
539810,6.5913,0.003057,327.08, 439.2056
539811,6.5942,0.002915,343.06, 439.2062
539812,6.5972,0.003027,330.36, 439.2062
539813,6.6001,0.002912,343.36, 439.2062
539814,6.6030,0.003017,331.46, 439.2062
539815,6.6060,0.002932,341.12, 439.2062
539816,6.6089,0.003027,330.35, 439.2059
539817,6.6118,0.002916,342.97, 439.2062
539818,6.6147,0.003020,331.16, 439.2062
539819,6.6177,0.002934,340.84, 439.2062
539820,6.6211,0.003013,331.95, 439.2062
539821,6.6235,0.002925,341.85, 439.2062
539822,6.6270,0.003001,333.26, 439.2056
539823,6.6299,0.002992,334.27, 439.2062
539824,6.6328,0.003014,331.83, 439.2062
539825,6.6357,0.002962,337.66, 439.2056
539826,6.6387,0.003047,328.21, 439.2059
539827,6.6416,0.002994,333.97, 439.2062
539828,6.6450,0.003012,331.99, 439.2059
539829,6.6479,0.002966,337.11, 439.2059
539830,6.6509,0.002996,333.78, 439.2062
539831,6.6538,0.002952,338.81, 439.2062
539832,6.6567,0.002966,337.18, 439.2059
539833,6.6597,0.002961,337.74, 439.2056
539834,6.6626,0.002977,335.90, 439.2062
539835,6.6655,0.003008,332.48, 439.2059
539836,6.6685,0.003005,332.78, 439.2056
539837,6.6714,0.002979,335.64, 439.2062
539838,6.6748,0.002964,337.44, 439.2062
539839,6.6777,0.002993,334.07, 439.2062
539840,6.6807,0.002946,339.48, 439.2059
539841,6.6836,0.003215,311.02, 439.2062
539842,6.6865,0.003004,332.87, 439.2059
539843,6.6899,0.002986,334.90, 439.2062
539844,6.6929,0.002991,334.31, 439.2062
539845,6.6958,0.002957,338.15, 439.2062
539846,6.6987,0.002933,340.96, 439.2062
539847,6.7017,0.002961,337.75, 439.2062
539848,6.7046,0.002927,341.62, 439.2062
539849,6.7075,0.002943,339.74, 439.2062
539850,6.7104,0.002903,344.51, 439.2059
539851,6.7134,0.003062,326.63, 439.2062
539852,6.7163,0.003007,332.52, 439.2059
539853,6.7192,0.002994,334.00, 439.2062
539854,6.7222,0.002944,339.73, 439.2062
539855,6.7251,0.002971,336.63, 439.2062
539856,6.7280,0.002918,342.72, 439.2062
539857,6.7314,0.003039,329.11, 439.2059
539858,6.7344,0.002945,339.60, 439.2056
539859,6.7373,0.002944,339.72, 439.2062
539860,6.7402,0.002879,347.31, 439.2062
539861,6.7432,0.003033,329.67, 439.2062
539862,6.7461,0.002861,349.54, 439.2062
539863,6.7490,0.002988,334.72, 439.2062
539864,6.7520,0.002908,343.88, 439.2056
539865,6.7549,0.002937,340.54, 439.2062
539866,6.7578,0.002854,350.40, 439.2062
539867,6.7607,0.002994,334.06, 439.2062
539868,6.7637,0.002968,336.90, 439.2062
539869,6.7666,0.002945,339.57, 439.2059
539870,6.7695,0.002873,348.13, 439.2062
539871,6.7725,0.002964,337.43, 439.2062
539872,6.7754,0.003008,332.45, 439.2062
539873,6.7783,0.003057,327.10, 439.2062
539874,6.7813,0.002962,337.66, 439.2062
539875,6.7842,0.002945,339.52, 439.2062
539876,6.7871,0.003005,332.79, 439.2062
539877,6.7905,0.003184,314.08, 439.2056
539878,6.7935,0.003041,328.81, 439.2062
539879,6.7964,0.002958,338.10, 439.2135
539880,6.7993,0.002978,335.81, 439.2062
539881,6.8022,0.002970,336.66, 439.2062
539882,6.8057,0.002957,338.18, 439.2059
539883,6.8086,0.002995,333.91, 439.2062
539884,6.8115,0.003025,330.59, 439.2062
539885,6.8145,0.002975,336.13, 439.2062
539886,6.8174,0.002933,340.96, 439.2062
539887,6.8203,0.002934,340.83, 439.2062
539888,6.8232,0.002987,334.76, 439.2062
539889,6.8262,0.002910,343.69, 439.2062
539890,6.8291,0.003020,331.14, 439.2062
539891,6.8320,0.002977,335.91, 439.2062
539892,6.8350,0.002998,333.58, 439.2059
539893,6.8384,0.003008,332.50, 439.2062
539894,6.8413,0.003007,332.57, 439.2059
539895,6.8442,0.002993,334.15, 439.2062
539896,6.8472,0.003014,331.74, 439.2059
539897,6.8501,0.002999,333.50, 439.2059
539898,6.8535,0.003084,324.29, 439.2062
539899,6.8564,0.002974,336.30, 439.2062
539900,6.8594,0.003026,330.45, 439.2059
539901,6.8623,0.002955,338.41, 439.2062
539902,6.8652,0.003023,330.75, 439.2062
539903,6.8682,0.002961,337.78, 439.2056
539904,6.8711,0.003037,329.27, 439.2062
539905,6.8740,0.002933,340.97, 439.2062
539906,6.8770,0.003004,332.86, 439.2062
539907,6.8799,0.002924,342.04, 439.2062
539908,6.8833,0.003096,323.00, 439.2059
539909,6.8862,0.002989,334.59, 439.2062
539910,6.8892,0.003014,331.80, 439.2062
539911,6.8921,0.002897,345.18, 439.2330
539912,6.8955,0.003228,309.83, 439.2062
539913,6.8984,0.003038,329.21, 439.2059
539914,6.9014,0.003037,329.23, 439.2062
539915,6.9043,0.002946,339.42, 439.2062
539916,6.9072,0.003017,331.51, 439.2062
539917,6.9102,0.002917,342.87, 439.2056
539918,6.9136,0.003072,325.49, 439.2062
539919,6.9165,0.002993,334.16, 439.2062
539920,6.9194,0.003123,320.23, 439.2059
539921,6.9224,0.002955,338.46, 439.2059
539922,6.9253,0.003017,331.50, 439.2062
539923,6.9282,0.002901,344.72, 439.2062
539924,6.9316,0.003112,321.36, 439.2062
539925,6.9351,0.003438,290.91, 439.2059
539926,6.9380,0.003214,311.16, 439.2056
539927,6.9414,0.003170,315.43, 439.2056
539928,6.9448,0.003474,287.86, 439.2056
539929,6.9482,0.003623,276.02, 439.2056
539930,6.9517,0.003410,293.30, 439.2056
539931,6.9551,0.003272,305.61, 439.2062
539932,6.9580,0.003018,331.32, 439.2062
539933,6.9609,0.003087,323.92, 439.2059
539934,6.9644,0.003041,328.81, 439.2062
539935,6.9673,0.003013,331.90, 439.2062
539936,6.9702,0.002928,341.48, 439.2062
539937,6.9731,0.002976,336.00, 439.2062
539938,6.9761,0.002909,343.71, 439.2062
539939,6.9790,0.003045,328.39, 439.2059
539940,6.9819,0.003052,327.68, 439.2059
539941,6.9849,0.002969,336.77, 439.2059
539942,6.9878,0.002929,341.40, 439.2062
539943,6.9912,0.003005,332.76, 439.2056
539944,6.9941,0.002976,336.08, 439.2059
539945,6.9971,0.002993,334.16, 439.2062
539946,7.0000,0.002992,334.21, 439.2059
539947,7.0029,0.002981,335.48, 439.2062
539948,7.0059,0.002937,340.45, 439.2059
539949,7.0088,0.002931,341.17, 439.2062
539950,7.0117,0.002985,335.02, 439.2056
539951,7.0146,0.002948,339.22, 439.2062
539952,7.0176,0.002946,339.40, 439.2062
539953,7.0205,0.003008,332.44, 439.2062
539954,7.0239,0.002958,338.02, 439.2062
539955,7.0269,0.002956,338.31, 439.2062
539956,7.0298,0.002976,336.04, 439.2062
539957,7.0327,0.002951,338.85, 439.2062
539958,7.0356,0.002951,338.88, 439.2062
539959,7.0386,0.002934,340.83, 439.2062
539960,7.0415,0.003036,329.41, 439.2062
539961,7.0449,0.003206,311.91, 439.2057
539962,7.0479,0.003077,325.02, 439.2062
539963,7.0508,0.003006,332.71, 439.2062
539964,7.0537,0.002959,338.01, 439.2062
539965,7.0566,0.002988,334.73, 439.2056
539966,7.0596,0.003058,326.97, 439.2062
539967,7.0630,0.003026,330.48, 439.2059
539968,7.0659,0.003158,316.65, 439.2062
539969,7.0688,0.002974,336.24, 439.2080
539970,7.0718,0.003026,330.48, 439.2086
539971,7.0752,0.003000,333.33, 439.2062
539972,7.0781,0.003133,319.20, 439.2062
539973,7.0811,0.002974,336.21, 439.2056
539974,7.0840,0.002990,334.43, 439.2062
539975,7.0869,0.002960,337.84, 439.2062
539976,7.0903,0.003153,317.14, 439.2056
539977,7.0933,0.003023,330.83, 439.2056
539978,7.0962,0.003039,329.03, 439.2062
539979,7.0991,0.002972,336.53, 439.2056
539980,7.1021,0.003041,328.87, 439.2062
539981,7.1055,0.003172,315.30, 439.2056
539982,7.1084,0.002992,334.18, 439.2062
539983,7.1113,0.003018,331.32, 439.2059
539984,7.1147,0.003126,319.88, 439.2059
539985,7.1177,0.002910,343.60, 439.2071
539986,7.1206,0.002995,333.92, 439.2059
539987,7.1235,0.002978,335.85, 439.2062
539988,7.1265,0.003087,323.95, 439.2059
539989,7.1294,0.003001,333.21, 439.2062
539990,7.1328,0.003067,326.06, 439.2056
539991,7.1357,0.003099,322.73, 439.2062
539992,7.1387,0.003079,324.78, 439.2056
539993,7.1416,0.002957,338.16, 439.2062
539994,7.1445,0.003026,330.47, 439.2062
539995,7.1479,0.002948,339.21, 439.2062
539996,7.1509,0.003044,328.56, 439.2056
539997,7.1538,0.003059,326.95, 439.2056
539998,7.1567,0.002990,334.48, 439.2062
539999,7.1597,0.002979,335.72, 439.2062
540000,7.1626,0.003054,327.46, 439.2056
540001,7.1655,0.002924,341.99, 439.2062
540002,7.1689,0.003100,322.58, 439.2062
540003,7.1719,0.002980,335.53, 439.2062
540004,7.1748,0.003049,327.98, 439.2056
540005,7.1777,0.002918,342.67, 439.2059
540006,7.1807,0.003051,327.82, 439.2059
540007,7.1836,0.002973,336.34, 439.2062
540008,7.1870,0.003007,332.51, 439.2062
540009,7.1895,0.002856,350.13, 439.2318
540010,7.1929,0.003235,309.13, 439.2062
540011,7.1958,0.002909,343.82, 439.2062
540012,7.1987,0.003031,329.88, 439.2059
540013,7.2017,0.002957,338.15, 439.2062
540014,7.2051,0.003042,328.70, 439.2062
540015,7.2080,0.002936,340.62, 439.2062
540016,7.2109,0.003135,319.00, 439.2062
540017,7.2139,0.003011,332.13, 439.2056
540018,7.2173,0.003133,319.19, 439.2062
540019,7.2202,0.003061,326.67, 439.2056
540020,7.2231,0.003148,317.66, 439.2056
540021,7.2266,0.003061,326.65, 439.2062
540022,7.2295,0.003188,313.64, 439.2056
540023,7.2329,0.003164,316.06, 439.2056
540024,7.2358,0.003183,314.14, 439.2059
540025,7.2393,0.003135,319.00, 439.2056
540026,7.2422,0.003256,307.09, 439.2056
540027,7.2456,0.003119,320.57, 439.2062
540028,7.2485,0.003119,320.64, 439.2056
540029,7.2515,0.003120,320.53, 439.2059
540030,7.2549,0.003078,324.90, 439.2056
540031,7.2578,0.003123,320.23, 439.2062
540032,7.2607,0.003145,317.97, 439.2056
540033,7.2642,0.003108,321.72, 439.2056
540034,7.2671,0.003080,324.63, 439.2062
540035,7.2705,0.003114,321.15, 439.2062
540036,7.2734,0.003120,320.48, 439.2059
540037,7.2764,0.003137,318.83, 439.2056
540038,7.2798,0.003105,322.08, 439.2059
540039,7.2827,0.003193,313.23, 439.2059
540040,7.2861,0.003077,325.00, 439.2059
540041,7.2891,0.003144,318.09, 439.2062
540042,7.2925,0.003248,307.93, 439.2056
540043,7.2954,0.003257,307.04, 439.2059
540044,7.2988,0.003081,324.53, 439.2059
540045,7.3018,0.003154,317.11, 439.2056
540046,7.3047,0.003057,327.15, 439.2056
540047,7.3081,0.003217,310.90, 439.2059
540048,7.3110,0.003124,320.11, 439.2309
540049,7.3145,0.003220,310.61, 439.2056
540050,7.3174,0.003083,324.34, 439.2056
540051,7.3208,0.003092,323.38, 439.2170
540052,7.3237,0.003090,323.59, 439.2056
540053,7.3271,0.003251,307.58, 439.2062
540054,7.3301,0.003078,324.89, 439.2059
540055,7.3330,0.003112,321.37, 439.2062
540056,7.3359,0.002973,336.37, 439.2056
540057,7.3394,0.003106,322.01, 439.2062
540058,7.3423,0.003068,325.97, 439.2056
540059,7.3452,0.003095,323.12, 439.2062
540060,7.3481,0.002982,335.31, 439.2059
540061,7.3516,0.003042,328.76, 439.2062
540062,7.3545,0.002959,338.00, 439.2062
540063,7.3574,0.003137,318.80, 439.2062
540064,7.3604,0.003018,331.33, 439.2056
540065,7.3638,0.003078,324.93, 439.2062
540066,7.3667,0.002940,340.09, 439.2056
540067,7.3696,0.002989,334.52, 439.2062
540068,7.3726,0.003154,317.11, 439.2056
540069,7.3760,0.003092,323.37, 439.2062
540070,7.3789,0.002978,335.76, 439.2062
540071,7.3818,0.003077,324.95, 439.2062
540072,7.3848,0.002989,334.58, 439.2059
540073,7.3882,0.003152,317.28, 439.2062
540074,7.3911,0.003147,317.76, 439.2056
540075,7.3940,0.003064,326.37, 439.2062
540076,7.3970,0.002925,341.94, 439.2059
540077,7.3999,0.003016,331.60, 439.2062
540078,7.4033,0.003035,329.54, 439.2059
540079,7.4063,0.003030,330.00, 439.2062
540080,7.4092,0.002990,334.50, 439.2062
540081,7.4121,0.003046,328.27, 439.2062
540082,7.4150,0.002946,339.50, 439.2059
540083,7.4180,0.003007,332.57, 439.2062
540084,7.4209,0.002942,339.86, 439.2056
540085,7.4243,0.003014,331.79, 439.2059
540086,7.4272,0.002912,343.43, 439.2062
540087,7.4302,0.003026,330.52, 439.2062
540088,7.4331,0.002997,333.62, 439.2059
540089,7.4360,0.003119,320.63, 439.2080
540090,7.4390,0.002967,337.05, 439.2062
540091,7.4424,0.003074,325.30, 439.2062
540092,7.4453,0.002978,335.78, 439.2062
540093,7.4482,0.003052,327.65, 439.2059
540094,7.4512,0.002897,345.17, 439.2354
540095,7.4541,0.003148,317.64, 439.2062
540096,7.4570,0.002896,345.33, 439.2059
540097,7.4600,0.003021,331.05, 439.2056
540098,7.4634,0.002976,336.07, 439.2059
540099,7.4663,0.003142,318.32, 439.2062
540100,7.4692,0.002998,333.57, 439.2062
540101,7.4722,0.003037,329.29, 439.2059
540102,7.4751,0.002905,344.28, 439.2062
540103,7.4785,0.003030,329.99, 439.2062
540104,7.4814,0.002964,337.35, 439.2059
540105,7.4844,0.003208,311.76, 439.2056
540106,7.4873,0.002994,334.05, 439.2056
540107,7.4907,0.003080,324.65, 439.2062
540108,7.4937,0.002927,341.62, 439.2056
540109,7.4966,0.003041,328.89, 439.2056
540110,7.4995,0.003051,327.74, 439.2062
540111,7.5024,0.003065,326.23, 439.2062
540112,7.5059,0.003023,330.84, 439.2062
540113,7.5088,0.003000,333.30, 439.2062
540114,7.5117,0.002981,335.41, 439.2056
540115,7.5146,0.003122,320.33, 439.2059
540116,7.5176,0.002941,340.04, 439.2062
540117,7.5205,0.002991,334.31, 439.2062
540118,7.5234,0.002919,342.56, 439.2059
540119,7.5269,0.003026,330.46, 439.2062
540120,7.5298,0.002976,336.08, 439.2056
540121,7.5327,0.002985,335.00, 439.2059
540122,7.5356,0.002902,344.60, 439.2062
540123,7.5386,0.002969,336.78, 439.2062
540124,7.5415,0.002934,340.80, 439.2062
540125,7.5444,0.003083,324.37, 439.2062
540126,7.5474,0.002951,338.82, 439.2062
540127,7.5503,0.003047,328.20, 439.2056
540128,7.5532,0.002948,339.18, 439.2059
540129,7.5562,0.002977,335.87, 439.2059
540130,7.5596,0.002974,336.27, 439.2062
540131,7.5625,0.002999,333.46, 439.2062
540132,7.5654,0.003002,333.11, 439.2062
540133,7.5684,0.002941,339.99, 439.2059
540134,7.5713,0.002939,340.26, 439.2062
540135,7.5742,0.003013,331.92, 439.2062
540136,7.5771,0.002927,341.67, 439.2062
540137,7.5801,0.002947,339.36, 439.2059
540138,7.5830,0.003022,330.92, 439.2062
540139,7.5859,0.003017,331.47, 439.2062
540140,7.5894,0.002997,333.62, 439.2062
540141,7.5923,0.003321,301.16, 439.2056
540142,7.5957,0.003119,320.66, 439.2062
540143,7.5986,0.003041,328.83, 439.2059
540144,7.6016,0.003087,323.94, 439.2062
540145,7.6045,0.002978,335.84, 439.2062
540146,7.6079,0.002964,337.40, 439.2062
540147,7.6108,0.003019,331.21, 439.2059
540148,7.6138,0.003036,329.38, 439.2056
540149,7.6167,0.002986,334.86, 439.2062
540150,7.6196,0.002930,341.29, 439.2062
540151,7.6226,0.003005,332.79, 439.2062
540152,7.6255,0.002972,336.49, 439.2062
540153,7.6284,0.002941,340.08, 439.2059
540154,7.6313,0.003003,333.06, 439.2059
540155,7.6348,0.002972,336.53, 439.2062
540156,7.6377,0.002987,334.76, 439.2062
540157,7.6406,0.002951,338.85, 439.2110
540158,7.6436,0.002955,338.47, 439.2062
540159,7.6465,0.002931,341.23, 439.2090
540160,7.6494,0.003045,328.45, 439.2062
540161,7.6523,0.002955,338.43, 439.2062
540162,7.6553,0.002991,334.36, 439.2062
540163,7.6582,0.002976,336.08, 439.2056
540164,7.6616,0.003058,327.06, 439.2056
540165,7.6646,0.003010,332.19, 439.2059
540166,7.6675,0.003016,331.52, 439.2062
540167,7.6704,0.003043,328.61, 439.2062
540168,7.6733,0.003041,328.83, 439.2062
540169,7.6763,0.002953,338.67, 439.2059
540170,7.6797,0.003040,328.97, 439.2062
540171,7.6826,0.002979,335.71, 439.2062
540172,7.6855,0.002999,333.50, 439.2062
540173,7.6885,0.002957,338.24, 439.2059
540174,7.6914,0.003005,332.76, 439.2062
540175,7.6943,0.002933,340.99, 439.2062
540176,7.6973,0.003014,331.81, 439.2062
540177,7.7002,0.002950,338.94, 439.2056
540178,7.7031,0.003028,330.29, 439.2059
540179,7.7061,0.002932,341.08, 439.2062
540180,7.7095,0.003033,329.74, 439.2062
540181,7.7124,0.002922,342.29, 439.2062
540182,7.7153,0.003010,332.27, 439.2062
540183,7.7183,0.003036,329.38, 439.2062
540184,7.7212,0.003048,328.11, 439.2056
540185,7.7241,0.002930,341.34, 439.2062
540186,7.7271,0.003014,331.75, 439.2059
540187,7.7305,0.002960,337.79, 439.2062
540188,7.7334,0.003059,326.96, 439.2062
540189,7.7363,0.002884,346.79, 439.2062
540190,7.7393,0.002976,336.06, 439.2062
540191,7.7422,0.002962,337.59, 439.2056
540192,7.7451,0.002992,334.21, 439.2062
540193,7.7480,0.002998,333.57, 439.2056
540194,7.7510,0.003027,330.35, 439.2062
540195,7.7539,0.002992,334.25, 439.2059
540196,7.7573,0.003023,330.80, 439.2059
540197,7.7603,0.003020,331.08, 439.2056
540198,7.7632,0.003017,331.42, 439.2062
540199,7.7661,0.003078,324.91, 439.2056
540200,7.7695,0.003030,330.04, 439.2056
540201,7.7725,0.002958,338.10, 439.2056
540202,7.7754,0.002974,336.21, 439.2062
540203,7.7783,0.002941,340.00, 439.2062
540204,7.7813,0.003039,329.06, 439.2059
540205,7.7842,0.002999,333.41, 439.2062
540206,7.7871,0.002962,337.64, 439.2062
540207,7.7900,0.002963,337.55, 439.2062
540208,7.7930,0.002999,333.42, 439.2059
540209,7.7959,0.002985,335.03, 439.2062
540210,7.7993,0.002987,334.82, 439.2059
540211,7.8022,0.002990,334.41, 439.2062
540212,7.8052,0.002959,337.93, 439.2056
540213,7.8081,0.002944,339.67, 439.2056
540214,7.8110,0.002992,334.21, 439.2062
540215,7.8140,0.003043,328.59, 439.2056
540216,7.8169,0.002958,338.02, 439.2056
540217,7.8198,0.002974,336.21, 439.2062
540218,7.8228,0.002963,337.53, 439.2062
540219,7.8262,0.003020,331.16, 439.2062
540220,7.8291,0.003074,325.31, 439.2059
540221,7.8320,0.003043,328.62, 439.2056
540222,7.8350,0.002927,341.68, 439.2062
540223,7.8379,0.002967,337.06, 439.2062
540224,7.8408,0.002952,338.76, 439.2059
540225,7.8438,0.003016,331.53, 439.2062
540226,7.8467,0.002910,343.67, 439.2062
540227,7.8501,0.003031,329.95, 439.2062
540228,7.8530,0.002935,340.77, 439.2062
540229,7.8560,0.002964,337.37, 439.2062
540230,7.8589,0.002961,337.74, 439.2062
540231,7.8618,0.003203,312.23, 439.2062
540232,7.8647,0.002972,336.53, 439.2056
540233,7.8677,0.002990,334.50, 439.2062
540234,7.8706,0.002956,338.34, 439.2062
540235,7.8740,0.003125,320.02, 439.2062
540236,7.8770,0.003018,331.32, 439.2059
540237,7.8799,0.003029,330.19, 439.2062
540238,7.8828,0.002956,338.31, 439.2059
540239,7.8862,0.003075,325.20, 439.2062
540240,7.8892,0.003256,307.17, 439.2056
540241,7.8926,0.003106,321.93, 439.2056
540242,7.8955,0.003026,330.43, 439.2056
540243,7.8984,0.003045,328.46, 439.2056
540244,7.9014,0.002972,336.49, 439.2056
540245,7.9043,0.003033,329.74, 439.2059
540246,7.9072,0.002932,341.09, 439.2059
540247,7.9106,0.003018,331.38, 439.2059
540248,7.9136,0.002937,340.45, 439.2056
540249,7.9165,0.002993,334.11, 439.2056
540250,7.9194,0.002925,341.89, 439.2062
540251,7.9224,0.003086,324.00, 439.2062
540252,7.9253,0.002908,343.83, 439.2062
540253,7.9282,0.003012,332.03, 439.2062
540254,7.9312,0.002935,340.73, 439.2056
540255,7.9341,0.003040,328.97, 439.2062
540256,7.9375,0.003136,318.86, 439.2056
540257,7.9409,0.003407,293.53, 439.2080
540258,7.9438,0.003179,314.61, 439.2056
540259,7.9478,0.003543,282.24, 439.2059
540260,7.9512,0.003438,290.88, 439.2056
540261,7.9546,0.003638,274.91, 439.2056
540262,7.9580,0.003504,285.39, 439.2062
540263,7.9614,0.003312,301.95, 439.2062
540264,7.9648,0.003198,312.71, 439.2062
540265,7.9678,0.002979,335.66, 439.2062
540266,7.9707,0.003123,320.25, 439.2056
540267,7.9736,0.002954,338.48, 439.2062
540268,7.9766,0.003045,328.43, 439.2056
540269,7.9795,0.002904,344.38, 439.2062
540270,7.9829,0.003101,322.46, 439.2062
540271,7.9858,0.002967,337.06, 439.2062
540272,7.9888,0.003005,332.79, 439.2059
540273,7.9917,0.002909,343.76, 439.2062
540274,7.9946,0.003050,327.84, 439.2062
540275,7.9976,0.002924,342.03, 439.2062
540276,8.0005,0.003041,328.88, 439.2059
540277,8.0034,0.002929,341.45, 439.2062
540278,8.0063,0.003018,331.30, 439.2056
540279,8.0093,0.002914,343.12, 439.2059
540280,8.0127,0.003017,331.50, 439.2056
540281,8.0156,0.002988,334.63, 439.2056
540282,8.0186,0.003039,329.08, 439.2056
540283,8.0215,0.002934,340.85, 439.2062
540284,8.0244,0.002992,334.27, 439.2059
540285,8.0273,0.002896,345.27, 439.2062
540286,8.0303,0.002980,335.59, 439.2062
540287,8.0332,0.003101,322.49, 439.2062
540288,8.0366,0.003141,318.33, 439.2062
540289,8.0396,0.002971,336.63, 439.2059
540290,8.0425,0.003050,327.89, 439.2062
540291,8.0454,0.002950,338.94, 439.2062
540292,8.0483,0.003036,329.36, 439.2056
540293,8.0518,0.003123,320.26, 439.2062
540294,8.0547,0.003026,330.50, 439.2062
540295,8.0576,0.002966,337.14, 439.2059
540296,8.0605,0.002988,334.69, 439.2059
540297,8.0640,0.003091,323.54, 439.2062
540298,8.0669,0.003010,332.23, 439.2062
540299,8.0698,0.003054,327.46, 439.2059
540300,8.0728,0.003007,332.57, 439.2059
540301,8.0757,0.002974,336.27, 439.2062
540302,8.0786,0.002998,333.56, 439.2056
540303,8.0820,0.003013,331.86, 439.2059
540304,8.0850,0.003027,330.38, 439.2059
540305,8.0879,0.002927,341.61, 439.2056
540306,8.0908,0.003001,333.26, 439.2062
540307,8.0938,0.002963,337.47, 439.2056
540308,8.0967,0.002931,341.20, 439.2062
540309,8.0996,0.003037,329.27, 439.2062
540310,8.1025,0.003007,332.58, 439.2059
540311,8.1055,0.002943,339.80, 439.2062
540312,8.1089,0.003079,324.77, 439.2062
540313,8.1118,0.003009,332.30, 439.2062
540314,8.1147,0.002988,334.65, 439.2059
540315,8.1177,0.003013,331.95, 439.2062
540316,8.1206,0.002937,340.44, 439.2059
540317,8.1235,0.002988,334.67, 439.2059
540318,8.1265,0.002976,336.08, 439.2105
540319,8.1299,0.003034,329.60, 439.2062
540320,8.1328,0.002978,335.85, 439.2062
540321,8.1357,0.002984,335.14, 439.2062
540322,8.1387,0.002936,340.60, 439.2062
540323,8.1416,0.003024,330.70, 439.2062
540324,8.1445,0.002968,336.90, 439.2062
540325,8.1475,0.002998,333.52, 439.2062
540326,8.1504,0.002990,334.43, 439.2056
540327,8.1538,0.002999,333.42, 439.2062
540328,8.1567,0.003003,333.06, 439.2062
540329,8.1597,0.003058,327.03, 439.2062
540330,8.1626,0.002996,333.80, 439.2056
540331,8.1655,0.003010,332.25, 439.2062
540332,8.1685,0.002963,337.47, 439.2062
540333,8.1719,0.003042,328.75, 439.2062
540334,8.1748,0.003263,306.44, 439.2056
540335,8.1782,0.003144,318.07, 439.2059
540336,8.1812,0.002983,335.22, 439.2062
540337,8.1841,0.003064,326.35, 439.2056
540338,8.1870,0.003025,330.61, 439.2056
540339,8.1899,0.003054,327.49, 439.2062
540340,8.1934,0.002968,336.90, 439.2062
540341,8.1963,0.003013,331.95, 439.2062
540342,8.1992,0.002970,336.73, 439.2062
540343,8.2021,0.003001,333.18, 439.2062
540344,8.2051,0.002958,338.10, 439.2056
540345,8.2080,0.002997,333.68, 439.2056
540346,8.2109,0.002971,336.60, 439.2062
540347,8.2139,0.003048,328.14, 439.2056
540348,8.2173,0.002960,337.86, 439.2059
540349,8.2202,0.003058,326.98, 439.2056
540350,8.2231,0.002989,334.59, 439.2062
540351,8.2261,0.003126,319.94, 439.2062
540352,8.2295,0.003099,322.64, 439.2056
540353,8.2324,0.003054,327.47, 439.2059
540354,8.2354,0.002977,335.90, 439.2056
540355,8.2383,0.003087,323.93, 439.2059
540356,8.2412,0.002933,341.01, 439.2062
540357,8.2441,0.002986,334.94, 439.2062
540358,8.2476,0.002952,338.73, 439.2062
540359,8.2505,0.003158,316.63, 439.2059
540360,8.2534,0.003001,333.27, 439.2062
540361,8.2563,0.002991,334.37, 439.2059
540362,8.2593,0.002952,338.78, 439.2056
540363,8.2627,0.003056,327.23, 439.2062
540364,8.2656,0.002957,338.23, 439.2062
540365,8.2686,0.003041,328.83, 439.2062
540366,8.2715,0.002930,341.29, 439.2059
540367,8.2744,0.003008,332.50, 439.2062
540368,8.2773,0.002873,348.09, 439.2062
540369,8.2803,0.003040,328.98, 439.2059
540370,8.2832,0.003006,332.69, 439.2062
540371,8.2866,0.003204,312.09, 439.2062
540372,8.2896,0.002926,341.76, 439.2062
540373,8.2925,0.003137,318.83, 439.2062
540374,8.2954,0.002924,341.99, 439.2062
540375,8.2983,0.003018,331.31, 439.2062
540376,8.3013,0.002946,339.41, 439.2062
540377,8.3047,0.002991,334.39, 439.2062
540378,8.3076,0.002954,338.52, 439.2062
540379,8.3105,0.003023,330.79, 439.2062
540380,8.3135,0.002946,339.40, 439.2062
540381,8.3164,0.003018,331.40, 439.2062
540382,8.3193,0.003026,330.51, 439.2062
540383,8.3223,0.003018,331.37, 439.2062
540384,8.3252,0.002929,341.46, 439.2062
540385,8.3286,0.003045,328.43, 439.2062
540386,8.3315,0.003053,327.51, 439.2062
540387,8.3345,0.002969,336.79, 439.2062
540388,8.3374,0.002999,333.41, 439.2059
540389,8.3403,0.002988,334.72, 439.2056
540390,8.3433,0.002991,334.36, 439.2062
540391,8.3462,0.002992,334.28, 439.2062
540392,8.3496,0.002967,337.05, 439.2062
540393,8.3525,0.003029,330.13, 439.2059
540394,8.3555,0.002934,340.84, 439.2059
540395,8.3584,0.002957,338.21, 439.2062
540396,8.3623,0.003808,262.62, 439.2056
540397,8.3662,0.004066,245.97, 439.2057
540398,8.3691,0.003019,331.28, 439.2100
540399,8.3721,0.002981,335.48, 439.2062
540400,8.3750,0.002916,342.89, 439.2056
540401,8.3779,0.003044,328.53, 439.2056
540402,8.3809,0.002933,340.90, 439.2062
540403,8.3843,0.003036,329.39, 439.2080
540404,8.3872,0.002884,346.79, 439.2059
540405,8.3901,0.003002,333.11, 439.2062
540406,8.3931,0.002923,342.17, 439.2062
540407,8.3960,0.003026,330.45, 439.2056
540408,8.3989,0.002914,343.21, 439.2062
540409,8.4019,0.003015,331.64, 439.2056
540410,8.4048,0.002860,349.63, 439.2062
540411,8.4077,0.003039,329.09, 439.2056
540412,8.4106,0.003111,321.49, 439.2062
540413,8.4141,0.003128,319.66, 439.2056
540414,8.4170,0.002935,340.77, 439.2062
540415,8.4199,0.003006,332.67, 439.2056
540416,8.4229,0.002944,339.66, 439.2059
540417,8.4258,0.003038,329.17, 439.2056
540418,8.4287,0.002994,334.02, 439.2062
540419,8.4321,0.003038,329.21, 439.2056
540420,8.4351,0.002964,337.42, 439.2056
540421,8.4380,0.003001,333.28, 439.2056
540422,8.4409,0.003084,324.28, 439.2059
540423,8.4443,0.003085,324.13, 439.2059
540424,8.4473,0.002945,339.57, 439.2062
540425,8.4502,0.003091,323.52, 439.2056
540426,8.4531,0.003035,329.45, 439.2062
540427,8.4561,0.002999,333.49, 439.2062
540428,8.4590,0.002944,339.69, 439.2062
540429,8.4624,0.003138,318.65, 439.2059
540430,8.4653,0.003023,330.82, 439.2059
540431,8.4683,0.003090,323.58, 439.2062
540432,8.4717,0.003340,299.42, 439.2056
540433,8.4751,0.003214,311.10, 439.2056
540434,8.4780,0.002970,336.71, 439.2062
540435,8.4810,0.003088,323.87, 439.2062
540436,8.4839,0.003111,321.40, 439.2059
540437,8.4873,0.003211,311.42, 439.2056
540438,8.4902,0.003100,322.55, 439.2056
540439,8.4937,0.003053,327.55, 439.2062
540440,8.4966,0.002950,338.99, 439.2056
540441,8.4995,0.003186,313.87, 439.2062
540442,8.5024,0.003038,329.15, 439.2059
540443,8.5059,0.003057,327.16, 439.2062
540444,8.5088,0.002969,336.80, 439.2062
540445,8.5117,0.003064,326.38, 439.2062
540446,8.5146,0.002918,342.68, 439.2080
540447,8.5176,0.003010,332.23, 439.2062
540448,8.5205,0.002946,339.43, 439.2062
540449,8.5234,0.003051,327.76, 439.2059
540450,8.5264,0.002898,345.04, 439.2062
540451,8.5298,0.003034,329.65, 439.2062
540452,8.5327,0.002955,338.40, 439.2062
540453,8.5356,0.003046,328.30, 439.2062
540454,8.5386,0.002945,339.52, 439.2062
540455,8.5415,0.002989,334.55, 439.2062
540456,8.5444,0.002904,344.31, 439.2062
540457,8.5474,0.003034,329.61, 439.2062
540458,8.5503,0.002980,335.59, 439.2059
540459,8.5537,0.003070,325.75, 439.2062
540460,8.5566,0.002917,342.83, 439.2062
540461,8.5596,0.003024,330.72, 439.2062
540462,8.5625,0.002939,340.29, 439.2062
540463,8.5654,0.003006,332.65, 439.2062
540464,8.5684,0.002989,334.58, 439.2062
540465,8.5713,0.003016,331.62, 439.2062
540466,8.5742,0.002930,341.33, 439.2062
540467,8.5771,0.003016,331.58, 439.2062
540468,8.5801,0.002976,336.07, 439.2062
540469,8.5835,0.003010,332.20, 439.2062
540470,8.5864,0.003031,329.88, 439.2062
540471,8.5894,0.003008,332.48, 439.2062
540472,8.5923,0.002993,334.16, 439.2056
540473,8.5957,0.003122,320.31, 439.2059
540474,8.5986,0.003303,302.76, 439.2056
540475,8.6021,0.003189,313.58, 439.2059
540476,8.6050,0.002940,340.17, 439.2062
540477,8.6079,0.003113,321.24, 439.2062
540478,8.6113,0.003072,325.57, 439.2056
540479,8.6143,0.003083,324.32, 439.2062
540480,8.6172,0.002920,342.44, 439.2062
540481,8.6201,0.002985,335.05, 439.2100
540482,8.6230,0.002984,335.14, 439.2056
540483,8.6260,0.002995,333.93, 439.2062
540484,8.6289,0.002963,337.48, 439.2062
540485,8.6318,0.003040,328.93, 439.2056
540486,8.6353,0.002958,338.10, 439.2062
540487,8.6382,0.002985,334.97, 439.2062
540488,8.6411,0.003028,330.25, 439.2059
540489,8.6440,0.003201,312.43, 439.2062
540490,8.6470,0.002954,338.54, 439.2062
540491,8.6499,0.002962,337.58, 439.2062
540492,8.6533,0.002954,338.48, 439.2062
540493,8.6563,0.002962,337.62, 439.2062
540494,8.6592,0.002906,344.13, 439.2062
540495,8.6621,0.002978,335.78, 439.2062
540496,8.6650,0.002959,337.99, 439.2062
540497,8.6680,0.002961,337.68, 439.2062
540498,8.6709,0.002930,341.33, 439.2059
540499,8.6738,0.003006,332.65, 439.2059
540500,8.6768,0.002959,337.92, 439.2062
540501,8.6797,0.002912,343.42, 439.2062
540502,8.6826,0.002973,336.35, 439.2062
540503,8.6855,0.002933,340.92, 439.2062
540504,8.6885,0.002932,341.09, 439.2062
540505,8.6914,0.002972,336.43, 439.2056
540506,8.6943,0.002962,337.66, 439.2062
540507,8.6973,0.002888,346.32, 439.2062
540508,8.7002,0.002992,334.24, 439.2059
540509,8.7031,0.002943,339.82, 439.2062
540510,8.7061,0.002948,339.20, 439.2062
540511,8.7090,0.002915,343.01, 439.2062
540512,8.7124,0.003030,330.02, 439.2056
540513,8.7148,0.002906,344.12, 439.2062
540514,8.7183,0.002959,337.96, 439.2062
540515,8.7207,0.002883,346.91, 439.2062
540516,8.7241,0.003139,318.56, 439.2062
540517,8.7271,0.002968,336.94, 439.2062
540518,8.7300,0.003060,326.80, 439.2062
540519,8.7329,0.002970,336.67, 439.2059
540520,8.7358,0.003009,332.37, 439.2056
540521,8.7393,0.003041,328.88, 439.2062
540522,8.7422,0.003038,329.22, 439.2059
540523,8.7451,0.002900,344.82, 439.2062
540524,8.7480,0.003009,332.34, 439.2056
540525,8.7510,0.003064,326.35, 439.2062
540526,8.7539,0.003022,330.94, 439.2062
540527,8.7568,0.002927,341.62, 439.2062
540528,8.7603,0.002993,334.08, 439.2062
540529,8.7632,0.002947,339.37, 439.2056
540530,8.7661,0.002956,338.28, 439.2062
540531,8.7690,0.002945,339.55, 439.2056
540532,8.7720,0.002983,335.23, 439.2059
540533,8.7749,0.002979,335.64, 439.2062
540534,8.7778,0.002981,335.48, 439.2062
540535,8.7808,0.002935,340.70, 439.2062
540536,8.7837,0.003026,330.45, 439.2062
540537,8.7866,0.002959,337.97, 439.2062
540538,8.7896,0.002978,335.82, 439.2062
540539,8.7930,0.003019,331.26, 439.2062
540540,8.7959,0.002936,340.61, 439.2130
540541,8.7988,0.003019,331.22, 439.2059
540542,8.8018,0.002984,335.13, 439.2059
540543,8.8047,0.002960,337.86, 439.2062
540544,8.8076,0.002940,340.09, 439.2059
540545,8.8105,0.002970,336.71, 439.2059
540546,8.8135,0.002964,337.36, 439.2059
540547,8.8164,0.002995,333.86, 439.2062
540548,8.8193,0.002928,341.54, 439.2080
540549,8.8223,0.002980,335.63, 439.2062
540550,8.8252,0.002928,341.52, 439.2062
540551,8.8281,0.002956,338.34, 439.2062
540552,8.8315,0.002989,334.52, 439.2062
540553,8.8345,0.003057,327.12, 439.2062
540554,8.8374,0.002942,339.95, 439.2062
540555,8.8403,0.003009,332.38, 439.2062
540556,8.8433,0.002998,333.53, 439.2062
540557,8.8462,0.003017,331.50, 439.2062
540558,8.8491,0.002945,339.57, 439.2062
540559,8.8521,0.002997,333.67, 439.2062
540560,8.8550,0.002925,341.92, 439.2056
540561,8.8584,0.003022,330.96, 439.2062
540562,8.8613,0.002955,338.39, 439.2062
540563,8.8643,0.003095,323.11, 439.2062
540564,8.8672,0.002935,340.70, 439.2056
540565,8.8701,0.003016,331.54, 439.2062
540566,8.8730,0.002943,339.82, 439.2062
540567,8.8760,0.003023,330.82, 439.2062
540568,8.8794,0.003011,332.10, 439.2056
540569,8.8823,0.003081,324.57, 439.2062
540570,8.8853,0.002897,345.15, 439.2095
540571,8.8882,0.002985,335.06, 439.2062
540572,8.8911,0.002910,343.67, 439.2059
540573,8.8940,0.003118,320.68, 439.2062
540574,8.8970,0.002893,345.63, 439.2062
540575,8.8999,0.003016,331.60, 439.2062
540576,8.9028,0.002935,340.68, 439.2062
540577,8.9063,0.002993,334.07, 439.2062
540578,8.9092,0.002944,339.69, 439.2062
540579,8.9121,0.003030,330.00, 439.2062
540580,8.9150,0.002965,337.29, 439.2062
540581,8.9180,0.002973,336.38, 439.2062
540582,8.9209,0.002911,343.50, 439.2062
540583,8.9243,0.003235,309.16, 439.2056
540584,8.9272,0.003301,302.93, 439.2056
540585,8.9307,0.003228,309.81, 439.2059
540586,8.9341,0.003278,305.06, 439.2059
540587,8.9370,0.003194,313.11, 439.2059
540588,8.9404,0.003324,300.81, 439.2100
540589,8.9438,0.003629,275.58, 439.2056
540590,8.9478,0.003661,273.13, 439.2056
540591,8.9512,0.003280,304.84, 439.2062
540592,8.9541,0.003165,316.00, 439.2062
540593,8.9570,0.003002,333.07, 439.2059
540594,8.9604,0.003105,322.06, 439.2056
540595,8.9634,0.003009,332.35, 439.2062
540596,8.9663,0.003020,331.10, 439.2059
540597,8.9692,0.002964,337.37, 439.2062
540598,8.9722,0.002994,334.01, 439.2062
540599,8.9751,0.002939,340.24, 439.2062
540600,8.9780,0.003017,331.46, 439.2056
540601,8.9814,0.003089,323.74, 439.2062
540602,8.9844,0.003071,325.65, 439.2062
540603,8.9873,0.003194,313.06, 439.2062
540604,8.9907,0.003203,312.21, 439.2056
540605,8.9937,0.003085,324.13, 439.2210
540606,8.9971,0.003278,305.03, 439.2080
540607,9.0005,0.003141,318.34, 439.2062
540608,9.0034,0.003264,306.39, 439.2062
540609,9.0063,0.002938,340.37, 439.2062
540610,9.0093,0.003048,328.07, 439.2062
540611,9.0122,0.002948,339.20, 439.2062
540612,9.0156,0.003056,327.28, 439.2062
540613,9.0186,0.002946,339.48, 439.2062
540614,9.0215,0.002999,333.43, 439.2062
540615,9.0244,0.002914,343.17, 439.2062
540616,9.0273,0.003019,331.21, 439.2062
540617,9.0303,0.002917,342.78, 439.2062
540618,9.0332,0.003008,332.42, 439.2062
540619,9.0361,0.002923,342.17, 439.2062
540620,9.0391,0.002992,334.22, 439.2059
540621,9.0420,0.002949,339.09, 439.2062
540622,9.0454,0.003003,333.02, 439.2062
540623,9.0483,0.002970,336.73, 439.2062
540624,9.0513,0.003036,329.36, 439.2062
540625,9.0542,0.002923,342.15, 439.2062
540626,9.0571,0.002952,338.79, 439.2062
540627,9.0601,0.002958,338.10, 439.2062
540628,9.0630,0.002971,336.63, 439.2169
540629,9.0659,0.002949,339.09, 439.2062
540630,9.0688,0.002962,337.61, 439.2056
540631,9.0718,0.002948,339.27, 439.2062
540632,9.0747,0.002972,336.52, 439.2056
540633,9.0776,0.002946,339.45, 439.2062
540634,9.0806,0.002972,336.52, 439.2059
540635,9.0840,0.003010,332.27, 439.2062
540636,9.0869,0.002944,339.71, 439.2056
540637,9.0898,0.003082,324.52, 439.2062
540638,9.0928,0.003043,328.59, 439.2062
540639,9.0957,0.003072,325.48, 439.2062
540640,9.0986,0.002988,334.68, 439.2056
540641,9.1021,0.003055,327.30, 439.2062
540642,9.1050,0.002973,336.35, 439.2071
540643,9.1079,0.002979,335.68, 439.2062
540644,9.1108,0.002973,336.39, 439.2062
540645,9.1138,0.003019,331.22, 439.2062
540646,9.1167,0.002925,341.83, 439.2062
540647,9.1196,0.002967,337.02, 439.2062
540648,9.1226,0.003000,333.30, 439.2062
540649,9.1260,0.003145,317.99, 439.2059
540650,9.1289,0.002958,338.09, 439.2059
540651,9.1318,0.003027,330.33, 439.2062
540652,9.1348,0.002971,336.59, 439.2059
540653,9.1377,0.002965,337.30, 439.2062
540654,9.1406,0.002933,341.01, 439.2056
540655,9.1436,0.003013,331.94, 439.2062
540656,9.1465,0.002875,347.86, 439.2062
540657,9.1499,0.003048,328.11, 439.2056
540658,9.1528,0.002992,334.25, 439.2062
540659,9.1558,0.002968,336.97, 439.2062
540660,9.1587,0.002916,342.99, 439.2056
540661,9.1616,0.003035,329.48, 439.2059
540662,9.1646,0.002952,338.78, 439.2062
540663,9.1675,0.002970,336.71, 439.2062
540664,9.1704,0.002911,343.51, 439.2062
540665,9.1733,0.002998,333.52, 439.2062
540666,9.1763,0.002867,348.75, 439.2062
540667,9.1792,0.003033,329.70, 439.2062
540668,9.1821,0.002942,339.88, 439.2059
540669,9.1851,0.002997,333.69, 439.2062
540670,9.1880,0.002929,341.44, 439.2062
540671,9.1914,0.003051,327.74, 439.2059
540672,9.1943,0.002918,342.75, 439.2062
540673,9.1973,0.002954,338.58, 439.2056
540674,9.2002,0.002909,343.74, 439.2062
540675,9.2031,0.002962,337.60, 439.2062
540676,9.2061,0.002902,344.58, 439.2062
540677,9.2090,0.002933,340.90, 439.2062
540678,9.2119,0.002944,339.73, 439.2062
540679,9.2148,0.002914,343.22, 439.2062
540680,9.2178,0.002956,338.30, 439.2062
540681,9.2207,0.002967,337.07, 439.2062
540682,9.2236,0.003000,333.33, 439.2062
540683,9.2266,0.002937,340.45, 439.2062
540684,9.2295,0.002987,334.80, 439.2059
540685,9.2324,0.002942,339.92, 439.2056
540686,9.2354,0.002977,335.93, 439.2059
540687,9.2383,0.002964,337.34, 439.2056
540688,9.2412,0.002999,333.40, 439.2062
540689,9.2441,0.002943,339.81, 439.2059
540690,9.2476,0.003014,331.74, 439.2059
540691,9.2505,0.003267,306.13, 439.2056
540692,9.2539,0.003285,304.39, 439.2062
540693,9.2568,0.002922,342.27, 439.2062
540694,9.2598,0.002953,338.60, 439.2062
540695,9.2627,0.002933,340.90, 439.2062
540696,9.2656,0.003061,326.70, 439.2062
540697,9.2690,0.003076,325.11, 439.2062
540698,9.2720,0.002980,335.63, 439.2062
540699,9.2749,0.002905,344.23, 439.2062
540700,9.2778,0.002958,338.08, 439.2062
540701,9.2808,0.002927,341.71, 439.2062
540702,9.2837,0.003050,327.90, 439.2062
540703,9.2866,0.002906,344.10, 439.2062
540704,9.2896,0.002982,335.35, 439.2062
540705,9.2925,0.002880,347.28, 439.2062
540706,9.2954,0.002978,335.84, 439.2056
540707,9.2983,0.002919,342.64, 439.2062
540708,9.3013,0.003001,333.24, 439.2056
540709,9.3042,0.002984,335.11, 439.2062
540710,9.3071,0.002977,335.92, 439.2062
540711,9.3101,0.002870,348.43, 439.2062
540712,9.3135,0.003056,327.26, 439.2059
540713,9.3164,0.002941,340.03, 439.2062
540714,9.3193,0.002951,338.93, 439.2059
540715,9.3223,0.002887,346.40, 439.2062
540716,9.3252,0.002960,337.89, 439.2062
540717,9.3281,0.002956,338.34, 439.2062
540718,9.3311,0.003006,332.62, 439.2062
540719,9.3340,0.002931,341.17, 439.2062
540720,9.3369,0.002978,335.83, 439.2059
540721,9.3398,0.002900,344.82, 439.2062
540722,9.3428,0.002998,333.57, 439.2059
540723,9.3457,0.002949,339.05, 439.2062
540724,9.3486,0.002947,339.35, 439.2056
540725,9.3516,0.002963,337.53, 439.2059
540726,9.3545,0.002935,340.68, 439.2062
540727,9.3574,0.002933,341.01, 439.2062
540728,9.3604,0.002991,334.33, 439.2062
540729,9.3633,0.003000,333.36, 439.2056
540730,9.3662,0.002936,340.61, 439.2062
540731,9.3691,0.002974,336.20, 439.2062
540732,9.3726,0.003006,332.72, 439.2062
540733,9.3755,0.002980,335.60, 439.2062
540734,9.3784,0.002976,336.06, 439.2062
540735,9.3813,0.003082,324.43, 439.2062
540736,9.3843,0.002973,336.35, 439.2062
540737,9.3872,0.002980,335.55, 439.2062
540738,9.3901,0.002934,340.88, 439.2056
540739,9.3931,0.002965,337.25, 439.2062
540740,9.3960,0.002916,342.95, 439.2062
540741,9.3994,0.003038,329.17, 439.2056
540742,9.4023,0.002944,339.64, 439.2062
540743,9.4053,0.003015,331.73, 439.2062
540744,9.4082,0.002935,340.68, 439.2059
540745,9.4111,0.002984,335.13, 439.2062
540746,9.4141,0.002945,339.60, 439.2062
540747,9.4170,0.002985,335.00, 439.2062
540748,9.4199,0.002921,342.38, 439.2062
540749,9.4229,0.003024,330.72, 439.2062
540750,9.4263,0.003107,321.84, 439.2059
540751,9.4292,0.003050,327.83, 439.2062
540752,9.4321,0.002948,339.17, 439.2062
540753,9.4351,0.002999,333.50, 439.2062
540754,9.4380,0.002880,347.27, 439.2062
540755,9.4409,0.002990,334.45, 439.2062
540756,9.4438,0.002932,341.05, 439.2062
540757,9.4468,0.002969,336.87, 439.2062
540758,9.4497,0.002966,337.17, 439.2056
540759,9.4526,0.003043,328.64, 439.2062
540760,9.4561,0.002979,335.66, 439.2056
540761,9.4590,0.002952,338.80, 439.2062
540762,9.4619,0.002938,340.40, 439.2056
540763,9.4648,0.002988,334.65, 439.2062
540764,9.4678,0.002933,340.96, 439.2062
540765,9.4707,0.003094,323.19, 439.2059
540766,9.4736,0.003000,333.37, 439.2056
540767,9.4766,0.002995,333.86, 439.2062
540768,9.4795,0.002926,341.76, 439.2062
540769,9.4829,0.003014,331.75, 439.2062
540770,9.4858,0.003170,315.42, 439.2056
540771,9.4888,0.003055,327.38, 439.2062
540772,9.4917,0.003002,333.07, 439.2056
540773,9.4951,0.002999,333.40, 439.2056
540774,9.4980,0.002918,342.70, 439.2059
540775,9.5010,0.002949,339.06, 439.2062
540776,9.5039,0.002963,337.54, 439.2059
540777,9.5068,0.002951,338.86, 439.2062
540778,9.5098,0.002954,338.57, 439.2062
540779,9.5127,0.002942,339.90, 439.2062
540780,9.5156,0.003017,331.47, 439.2059
540781,9.5186,0.002945,339.60, 439.2059
540782,9.5215,0.002928,341.58, 439.2062
540783,9.5244,0.002954,338.56, 439.2062
540784,9.5273,0.002960,337.85, 439.2059
540785,9.5303,0.002995,333.92, 439.2059
540786,9.5332,0.003031,329.92, 439.2062
540787,9.5366,0.002976,336.03, 439.2062
540788,9.5396,0.002991,334.35, 439.2062
540789,9.5425,0.002945,339.57, 439.2062
540790,9.5454,0.002970,336.70, 439.2059
540791,9.5483,0.002922,342.27, 439.2062
540792,9.5513,0.003078,324.87, 439.2059
540793,9.5542,0.002983,335.19, 439.2056
540794,9.5571,0.003014,331.76, 439.2062
540795,9.5601,0.002962,337.66, 439.2056
540796,9.5635,0.003052,327.62, 439.2059
540797,9.5664,0.002933,340.96, 439.2056
540798,9.5693,0.003002,333.07, 439.2062
540799,9.5723,0.002941,340.00, 439.2062
540800,9.5752,0.002967,337.10, 439.2062
540801,9.5781,0.002891,345.85, 439.2056
540802,9.5811,0.003003,333.00, 439.2062
540803,9.5840,0.002921,342.36, 439.2059
540804,9.5869,0.003001,333.27, 439.2056
540805,9.5898,0.002869,348.50, 439.2062
540806,9.5928,0.003012,332.06, 439.2062
540807,9.5957,0.002881,347.09, 439.2062
540808,9.5986,0.003004,332.94, 439.2062
540809,9.6016,0.002918,342.71, 439.2062
540810,9.6045,0.002969,336.79, 439.2062
540811,9.6074,0.002968,336.94, 439.2062
540812,9.6108,0.003280,304.90, 439.2059
540813,9.6138,0.003059,326.89, 439.2062
540814,9.6172,0.003046,328.35, 439.2056
540815,9.6201,0.002928,341.59, 439.2062
540816,9.6230,0.002987,334.75, 439.2059
540817,9.6260,0.002904,344.34, 439.2059
540818,9.6289,0.003014,331.81, 439.2062
540819,9.6318,0.002931,341.23, 439.2056
540820,9.6348,0.002984,335.12, 439.2059
540821,9.6377,0.002893,345.63, 439.2062
540822,9.6406,0.002974,336.29, 439.2056
540823,9.6436,0.002970,336.69, 439.2062
540824,9.6465,0.002981,335.44, 439.2062
540825,9.6494,0.002951,338.82, 439.2062
540826,9.6523,0.002943,339.80, 439.2059
540827,9.6553,0.002954,338.51, 439.2062
540828,9.6582,0.003012,332.06, 439.2059
540829,9.6611,0.002964,337.37, 439.2062
540830,9.6641,0.002923,342.09, 439.2056
540831,9.6675,0.002964,337.42, 439.2062
540832,9.6704,0.002964,337.39, 439.2056
540833,9.6733,0.003008,332.47, 439.2062
540834,9.6763,0.002889,346.14, 439.2062
540835,9.6792,0.002931,341.23, 439.2062
540836,9.6821,0.002931,341.22, 439.2062
540837,9.6851,0.003040,328.90, 439.2062
540838,9.6880,0.003040,328.93, 439.2062
540839,9.6909,0.003001,333.26, 439.2062
540840,9.6938,0.002968,336.96, 439.2056
540841,9.6973,0.003099,322.74, 439.2062
540842,9.7002,0.002936,340.55, 439.2059
540843,9.7031,0.003093,323.36, 439.2062
540844,9.7061,0.003001,333.23, 439.2062
540845,9.7090,0.002996,333.82, 439.2062
540846,9.7119,0.002888,346.31, 439.2062
540847,9.7148,0.002991,334.31, 439.2062
540848,9.7178,0.002956,338.31, 439.2059
540849,9.7212,0.002995,333.86, 439.2059
540850,9.7236,0.002861,349.56, 439.2062
540851,9.7271,0.002994,334.01, 439.2062
540852,9.7295,0.002884,346.76, 439.2062
540853,9.7329,0.003089,323.71, 439.2059
540854,9.7358,0.002992,334.22, 439.2062
540855,9.7388,0.002995,333.85, 439.2062
540856,9.7417,0.002928,341.53, 439.2059
540857,9.7446,0.002974,336.29, 439.2062
540858,9.7476,0.002898,345.04, 439.2059
540859,9.7505,0.003017,331.51, 439.2062
540860,9.7534,0.002963,337.52, 439.2062
540861,9.7563,0.002941,339.97, 439.2062
540862,9.7593,0.002900,344.80, 439.2062
540863,9.7622,0.003002,333.14, 439.2062
540864,9.7651,0.002970,336.75, 439.2062
540865,9.7686,0.002973,336.34, 439.2059
540866,9.7715,0.002958,338.10, 439.2059
540867,9.7744,0.002946,339.43, 439.2062
540868,9.7773,0.003007,332.56, 439.2062
540869,9.7803,0.003006,332.69, 439.2062
540870,9.7832,0.002992,334.24, 439.2062
540871,9.7861,0.002928,341.59, 439.2062
540872,9.7891,0.002943,339.74, 439.2062
540873,9.7920,0.002929,341.46, 439.2062
540874,9.7949,0.002965,337.25, 439.2056
540875,9.7979,0.002921,342.31, 439.2062
540876,9.8008,0.002962,337.67, 439.2059
540877,9.8037,0.002901,344.67, 439.2062
540878,9.8066,0.002905,344.25, 439.2062
540879,9.8096,0.002932,341.08, 439.2062
540880,9.8130,0.003155,317.00, 439.2059
540881,9.8159,0.003072,325.52, 439.2059
540882,9.8188,0.003010,332.19, 439.2062
540883,9.8218,0.002945,339.62, 439.2062
540884,9.8247,0.003006,332.66, 439.2062
540885,9.8276,0.002919,342.64, 439.2059
540886,9.8306,0.003010,332.21, 439.2062
540887,9.8335,0.002935,340.69, 439.2062
540888,9.8369,0.002975,336.12, 439.2059
540889,9.8394,0.002907,344.03, 439.2059
540890,9.8428,0.003002,333.07, 439.2062
540891,9.8457,0.002924,342.00, 439.2062
540892,9.8486,0.002982,335.40, 439.2062
540893,9.8516,0.002940,340.15, 439.2062
540894,9.8545,0.003021,331.02, 439.2062
540895,9.8574,0.002890,346.04, 439.2062
540896,9.8604,0.003035,329.52, 439.2059
540897,9.8633,0.002883,346.89, 439.2062
540898,9.8662,0.002959,337.91, 439.2062
540899,9.8691,0.002911,343.55, 439.2062
540900,9.8721,0.002981,335.47, 439.2062
540901,9.8750,0.002924,341.96, 439.2059
540902,9.8779,0.002963,337.45, 439.2062
540903,9.8809,0.002887,346.39, 439.2062
540904,9.8838,0.003008,332.41, 439.2059
540905,9.8867,0.002918,342.70, 439.2062
540906,9.8896,0.003038,329.14, 439.2056
540907,9.8926,0.002949,339.05, 439.2062
540908,9.8960,0.003069,325.89, 439.2059
540909,9.8989,0.002994,333.96, 439.2059
540910,9.9019,0.002960,337.80, 439.2062
540911,9.9048,0.002919,342.62, 439.2062
540912,9.9077,0.002938,340.41, 439.2059
540913,9.9106,0.002958,338.12, 439.2062
540914,9.9136,0.002970,336.69, 439.2062
540915,9.9165,0.002960,337.87, 439.2062
540916,9.9194,0.002953,338.70, 439.2056
540917,9.9224,0.002976,336.01, 439.2062
540918,9.9253,0.002905,344.22, 439.2056
540919,9.9282,0.002958,338.09, 439.2062
540920,9.9312,0.002955,338.43, 439.2056
540921,9.9346,0.003169,315.56, 439.2059
540922,9.9375,0.002977,335.92, 439.2062
540923,9.9404,0.002982,335.32, 439.2062
540924,9.9434,0.003006,332.66, 439.2056
540925,9.9463,0.002972,336.45, 439.2170
540926,9.9492,0.003040,328.90, 439.2056
540927,9.9531,0.003452,289.70, 439.2059
540928,9.9561,0.003248,307.89, 439.2056
540929,9.9595,0.003148,317.63, 439.2056
540930,9.9629,0.003420,292.43, 439.2056
540931,9.9663,0.003392,294.78, 439.2056
540932,9.9697,0.003492,286.34, 439.2056
540933,9.9731,0.003339,299.51, 439.2056
540934,9.9761,0.003097,322.89, 439.2080
540935,9.9790,0.002949,339.05, 439.2062
540936,9.9824,0.003223,310.30, 439.2059
540937,9.9854,0.003112,321.34, 439.2062
540938,9.9883,0.003066,326.19, 439.2059
540939,9.9912,0.002970,336.71, 439.2062
540940,9.9946,0.003084,324.22, 439.2062
540941,9.9976,0.002917,342.79, 439.2062
