TotalFrame,Time,DeltaTime,FPS,RAM
593351,0.0000,0.014082,71.01, 442.1571
593352,0.0000,0.014082,71.01, 442.3926
593353,0.0200,0.020000,50.00, 442.2114
593354,0.0234,0.003156,316.88, 442.1823
593355,0.0259,0.002858,349.88, 442.1966
593356,0.0366,0.010705,93.42, 442.1817
593357,0.0400,0.003128,319.71, 442.1819
593358,0.0435,0.003596,278.06, 442.1818
593359,0.0464,0.002981,335.47, 442.1821
593360,0.0493,0.003005,332.78, 442.1822
593361,0.0527,0.003104,322.18, 442.1818
593362,0.0557,0.003032,329.84, 442.1822
593363,0.0586,0.003023,330.78, 442.1818
593364,0.0615,0.003038,329.19, 442.1975
593365,0.0649,0.003408,293.39, 442.1909
593366,0.0684,0.003201,312.38, 442.1764
593367,0.0713,0.002930,341.26, 442.1767
593368,0.0742,0.003033,329.67, 442.1764
593369,0.0771,0.002935,340.67, 442.1767
593370,0.0801,0.003011,332.15, 442.1768
593371,0.0830,0.003003,333.01, 442.1764
593372,0.0864,0.003082,324.43, 442.1762
593373,0.0898,0.003346,298.86, 442.1764
593374,0.0928,0.003014,331.80, 442.1764
593375,0.0957,0.003107,321.91, 442.1767
593376,0.0991,0.003134,319.04, 442.1761
593377,0.1021,0.002913,343.34, 442.1767
593378,0.1050,0.002964,337.40, 442.1765
593379,0.1079,0.002915,343.01, 442.1767
593380,0.1108,0.003069,325.85, 442.1768
593381,0.1138,0.003017,331.42, 442.1767
593382,0.1167,0.003033,329.66, 442.1765
593383,0.1201,0.003182,314.29, 442.1761
593384,0.1230,0.003016,331.59, 442.1762
593385,0.1260,0.002929,341.44, 442.1768
593386,0.1289,0.003025,330.55, 442.1768
593387,0.1323,0.003333,300.02, 442.1875
593388,0.1353,0.003076,325.09, 442.1765
593389,0.1387,0.003161,316.39, 442.1767
593390,0.1416,0.003093,323.35, 442.1764
593391,0.1445,0.002883,346.81, 442.1767
593392,0.1475,0.002990,334.43, 442.1768
593393,0.1509,0.003355,298.06, 442.1767
593394,0.1538,0.003037,329.24, 442.1768
593395,0.1572,0.003137,318.75, 442.1767
593396,0.1602,0.003108,321.79, 442.1761
593397,0.1631,0.003010,332.18, 442.1767
593398,0.1660,0.003014,331.75, 442.1762
593399,0.1694,0.003098,322.81, 442.1767
593400,0.1724,0.003048,328.08, 442.1765
593401,0.1753,0.003016,331.62, 442.1767
593402,0.1782,0.003020,331.18, 442.1768
593403,0.1812,0.002922,342.20, 442.1767
593404,0.1846,0.003109,321.66, 442.1768
593405,0.1885,0.004160,240.41, 442.1761
593406,0.1919,0.003388,295.14, 442.1767
593407,0.1953,0.003157,316.74, 442.1767
593408,0.1982,0.003278,305.03, 442.1761
593409,0.2017,0.003318,301.41, 442.1761
593410,0.2051,0.003388,295.14, 442.1825
593411,0.2090,0.003759,266.06, 442.1761
593412,0.2124,0.003586,278.85, 442.1786
593413,0.2158,0.003388,295.19, 442.1767
593414,0.2192,0.003206,311.88, 442.1761
593415,0.2222,0.003090,323.68, 442.1767
593416,0.2251,0.003022,330.92, 442.1761
593417,0.2280,0.003123,320.19, 442.1767
593418,0.2314,0.003103,322.28, 442.1767
593419,0.2344,0.003075,325.19, 442.1767
593420,0.2373,0.003047,328.25, 442.1761
593421,0.2407,0.003019,331.26, 442.1767
593422,0.2437,0.002960,337.79, 442.1761
593423,0.2466,0.002954,338.54, 442.1767
593424,0.2495,0.003048,328.04, 442.1764
593425,0.2524,0.002998,333.54, 442.1767
593426,0.2554,0.002924,341.97, 442.1767
593427,0.2583,0.003008,332.49, 442.1767
593428,0.2612,0.002924,342.04, 442.1764
593429,0.2642,0.003005,332.81, 442.1767
593430,0.2671,0.002938,340.40, 442.1761
593431,0.2700,0.003005,332.75, 442.1767
593432,0.2729,0.002931,341.18, 442.1761
593433,0.2764,0.002996,333.73, 442.1761
593434,0.2793,0.003054,327.41, 442.1767
593435,0.2822,0.003035,329.46, 442.1767
593436,0.2852,0.002974,336.29, 442.1764
593437,0.2886,0.003188,313.64, 442.1767
593438,0.2915,0.003068,325.95, 442.1761
593439,0.2944,0.003154,317.05, 442.1767
593440,0.2979,0.003089,323.74, 442.1810
593441,0.3008,0.003133,319.20, 442.1761
593442,0.3037,0.003086,324.10, 442.1761
593443,0.3071,0.003038,329.15, 442.1764
593444,0.3101,0.002950,339.01, 442.1767
593445,0.3130,0.003040,328.98, 442.1761
593446,0.3159,0.002995,333.85, 442.1761
593447,0.3188,0.003105,322.08, 442.1761
593448,0.3223,0.003000,333.37, 442.1786
593449,0.3252,0.003050,327.88, 442.1761
593450,0.3281,0.002964,337.38, 442.1764
593451,0.3311,0.003043,328.61, 442.1761
593452,0.3340,0.003012,331.96, 442.1761
593453,0.3374,0.003113,321.20, 442.1761
593454,0.3403,0.003011,332.15, 442.1764
593455,0.3433,0.003217,310.83, 442.1764
593456,0.3467,0.003023,330.81, 442.1761
593457,0.3496,0.003050,327.89, 442.1767
593458,0.3525,0.002933,340.97, 442.1767
593459,0.3555,0.002991,334.38, 442.1767
593460,0.3584,0.002999,333.49, 442.1764
593461,0.3613,0.003007,332.61, 442.1767
593462,0.3643,0.002975,336.16, 442.1761
593463,0.3677,0.003031,329.95, 442.1767
593464,0.3706,0.002960,337.89, 442.1761
593465,0.3735,0.003040,328.95, 442.1761
593466,0.3765,0.003009,332.36, 442.1761
593467,0.3794,0.003048,328.12, 442.1767
593468,0.3823,0.002933,340.99, 442.1764
593469,0.3853,0.002996,333.74, 442.1764
593470,0.3887,0.002965,337.31, 442.1764
593471,0.3916,0.003052,327.69, 442.1767
593472,0.3945,0.002976,336.03, 442.1761
593473,0.3975,0.003031,329.98, 442.1767
593474,0.4004,0.002925,341.92, 442.1767
593475,0.4033,0.003019,331.20, 442.1767
593476,0.4063,0.002895,345.42, 442.1767
593477,0.4097,0.003086,324.04, 442.1761
593478,0.4126,0.002989,334.58, 442.1767
593479,0.4155,0.003043,328.64, 442.1767
593480,0.4185,0.002931,341.13, 442.1761
593481,0.4214,0.003153,317.12, 442.1767
593482,0.4248,0.003093,323.27, 442.1767
593483,0.4277,0.003022,330.87, 442.1767
593484,0.4307,0.002915,343.04, 442.1761
593485,0.4336,0.003039,329.06, 442.1761
593486,0.4365,0.003000,333.32, 442.1761
593487,0.4399,0.003146,317.90, 442.1764
593488,0.4429,0.002902,344.58, 442.1786
593489,0.4458,0.003024,330.70, 442.1761
593490,0.4487,0.002912,343.41, 442.1764
593491,0.4517,0.003038,329.17, 442.1767
593492,0.4546,0.002929,341.40, 442.1767
593493,0.4575,0.002996,333.74, 442.1910
593494,0.4604,0.002951,338.91, 442.1764
593495,0.4634,0.003010,332.23, 442.1768
593496,0.4668,0.003319,301.34, 442.1767
593497,0.4702,0.003195,313.04, 442.1767
593498,0.4731,0.003072,325.57, 442.1761
593499,0.4761,0.003049,327.94, 442.1761
593500,0.4790,0.003012,331.98, 442.1761
593501,0.4824,0.003026,330.44, 442.1761
593502,0.4854,0.002929,341.38, 442.1761
593503,0.4883,0.003132,319.25, 442.1768
593504,0.4912,0.002919,342.56, 442.1761
593505,0.4941,0.002996,333.79, 442.1768
593506,0.4976,0.003320,301.24, 442.1761
593507,0.5005,0.003094,323.25, 442.1767
593508,0.5034,0.002881,347.08, 442.1767
593509,0.5063,0.002978,335.81, 442.1768
593510,0.5103,0.003677,271.96, 442.1761
593511,0.5137,0.003382,295.71, 442.1767
593512,0.5171,0.003521,284.04, 442.1761
593513,0.5205,0.003437,290.99, 442.1767
593514,0.5239,0.003411,293.19, 442.1761
593515,0.5269,0.003192,313.32, 442.1761
593516,0.5303,0.003431,291.44, 442.1767
593517,0.5337,0.002982,335.35, 442.1767
593518,0.5366,0.003016,331.57, 442.1767
593519,0.5396,0.002933,340.97, 442.1767
593520,0.5425,0.002970,336.72, 442.1767
593521,0.5454,0.002910,343.67, 442.1767
593522,0.5483,0.002996,333.73, 442.1764
593523,0.5513,0.002921,342.34, 442.1767
593524,0.5542,0.002950,339.03, 442.1761
593525,0.5571,0.002937,340.45, 442.1767
593526,0.5601,0.002977,335.97, 442.1767
593527,0.5630,0.002959,337.93, 442.1767
593528,0.5659,0.002988,334.66, 442.1767
593529,0.5688,0.002952,338.81, 442.1764
593530,0.5718,0.002955,338.41, 442.1767
593531,0.5747,0.002934,340.79, 442.1761
593532,0.5776,0.002934,340.89, 442.1767
593533,0.5811,0.003031,329.95, 442.1761
593534,0.5835,0.002897,345.22, 442.1764
593535,0.5869,0.002952,338.78, 442.1767
593536,0.5898,0.002944,339.66, 442.1761
593537,0.5928,0.002990,334.44, 442.1767
593538,0.5957,0.002976,336.03, 442.1764
593539,0.5986,0.002985,335.05, 442.1767
593540,0.6016,0.002919,342.63, 442.1765
593541,0.6050,0.003624,275.95, 442.1767
593542,0.6084,0.003072,325.52, 442.1761
593543,0.6113,0.003140,318.46, 442.1767
593544,0.6143,0.003157,316.77, 442.1767
593545,0.6177,0.003035,329.50, 442.1761
593546,0.6206,0.002968,336.90, 442.1767
593547,0.6235,0.002984,335.08, 442.1767
593548,0.6265,0.002935,340.74, 442.1767
593549,0.6294,0.003059,326.89, 442.1767
593550,0.6323,0.002970,336.73, 442.1767
593551,0.6353,0.002990,334.45, 442.1767
593552,0.6382,0.002917,342.79, 442.1768
593553,0.6416,0.003086,324.03, 442.1767
593554,0.6445,0.002904,344.31, 442.1767
593555,0.6475,0.003056,327.25, 442.1767
593556,0.6504,0.002910,343.60, 442.1768
593557,0.6538,0.003585,278.93, 442.1767
593558,0.6567,0.003028,330.23, 442.1764
593559,0.6602,0.003028,330.28, 442.1767
593560,0.6631,0.003002,333.11, 442.1764
593561,0.6660,0.003115,321.00, 442.1761
593562,0.6689,0.003022,330.90, 442.1761
593563,0.6724,0.003150,317.46, 442.1761
593564,0.6753,0.003246,308.06, 442.1761
593565,0.6787,0.003144,318.04, 442.1761
593566,0.6816,0.003114,321.13, 442.1767
593567,0.6851,0.003480,287.34, 442.1761
593568,0.6885,0.003266,306.23, 442.1764
593569,0.6914,0.002939,340.26, 442.1767
593570,0.6943,0.003041,328.88, 442.1767
593571,0.6973,0.002950,338.99, 442.1767
593572,0.7007,0.003028,330.29, 442.1764
593573,0.7036,0.002957,338.23, 442.1767
593574,0.7065,0.002988,334.73, 442.1764
593575,0.7095,0.002973,336.33, 442.1767
593576,0.7124,0.002986,334.94, 442.1767
593577,0.7153,0.002895,345.44, 442.1865
593578,0.7183,0.003121,320.40, 442.1767
593579,0.7212,0.003014,331.80, 442.1909
593580,0.7241,0.002974,336.21, 442.1767
593581,0.7275,0.003007,332.51, 442.1767
593582,0.7305,0.002971,336.56, 442.1767
593583,0.7334,0.002961,337.72, 442.1767
593584,0.7363,0.003063,326.46, 442.1765
593585,0.7393,0.003098,322.75, 442.1764
593586,0.7427,0.002987,334.76, 442.1768
593587,0.7456,0.003176,314.90, 442.1767
593588,0.7485,0.003017,331.46, 442.1765
593589,0.7520,0.003083,324.40, 442.1767
593590,0.7549,0.002962,337.59, 442.1765
593591,0.7578,0.003336,299.73, 442.1767
593592,0.7607,0.002968,336.93, 442.1767
593593,0.7637,0.002908,343.91, 442.1764
593594,0.7671,0.002983,335.22, 442.1768
593595,0.7705,0.003390,294.99, 442.1764
593596,0.7734,0.003035,329.45, 442.1761
593597,0.7764,0.002957,338.15, 442.1761
593598,0.7793,0.003077,324.99, 442.1761
593599,0.7822,0.003042,328.71, 442.1767
593600,0.7852,0.002994,333.96, 442.1765
593601,0.7896,0.003970,251.89, 442.1762
593602,0.7925,0.003152,317.29, 442.1767
593603,0.7954,0.003000,333.39, 442.1761
593604,0.7988,0.003234,309.21, 442.1767
593605,0.8018,0.003165,315.95, 442.1764
593606,0.8052,0.003400,294.10, 442.1761
593607,0.8086,0.003489,286.59, 442.1761
593608,0.8120,0.003471,288.08, 442.1786
593609,0.8159,0.003458,289.18, 442.1767
593610,0.8188,0.003219,310.64, 442.1767
593611,0.8223,0.003277,305.15, 442.1767
593612,0.8252,0.002997,333.67, 442.1767
593613,0.8281,0.003086,324.00, 442.1767
593614,0.8311,0.002950,338.98, 442.1767
593615,0.8345,0.003137,318.81, 442.1767
593616,0.8374,0.003082,324.46, 442.1764
593617,0.8403,0.003094,323.20, 442.1767
593618,0.8433,0.002948,339.22, 442.1767
593619,0.8467,0.003008,332.40, 442.1764
593620,0.8496,0.002932,341.11, 442.1764
593621,0.8525,0.003060,326.81, 442.1767
593622,0.8555,0.002932,341.11, 442.1767
593623,0.8584,0.003054,327.42, 442.1767
593624,0.8613,0.002950,339.03, 442.1764
593625,0.8647,0.003089,323.75, 442.1767
593626,0.8677,0.002954,338.54, 442.1767
593627,0.8706,0.003024,330.69, 442.1767
593628,0.8735,0.002969,336.86, 442.1767
593629,0.8765,0.003032,329.83, 442.1764
593630,0.8794,0.002965,337.26, 442.1767
593631,0.8823,0.002997,333.67, 442.1767
593632,0.8853,0.002959,337.94, 442.1767
593633,0.8887,0.003149,317.57, 442.1761
593634,0.8916,0.003054,327.45, 442.1764
593635,0.8945,0.003017,331.43, 442.1761
593636,0.8975,0.002944,339.63, 442.1767
593637,0.9004,0.003040,328.94, 442.1767
593638,0.9038,0.002969,336.80, 442.1767
593639,0.9067,0.002954,338.48, 442.1767
593640,0.9097,0.002949,339.11, 442.1761
593641,0.9126,0.002988,334.64, 442.1768
593642,0.9155,0.002965,337.23, 442.1767
593643,0.9185,0.002997,333.64, 442.1786
593644,0.9219,0.003461,288.91, 442.1767
593645,0.9248,0.003103,322.26, 442.1761
593646,0.9277,0.002921,342.31, 442.1761
593647,0.9312,0.002971,336.54, 442.1764
593648,0.9341,0.002933,340.90, 442.1767
593649,0.9370,0.003070,325.79, 442.1762
593650,0.9404,0.003323,300.90, 442.1761
593651,0.9434,0.003015,331.63, 442.1767
593652,0.9463,0.002890,345.97, 442.1761
593653,0.9492,0.003026,330.43, 442.1768
593654,0.9526,0.003434,291.18, 442.1761
593655,0.9556,0.003011,332.17, 442.1764
593656,0.9585,0.002925,341.89, 442.1767
593657,0.9614,0.002993,334.14, 442.1764
593658,0.9644,0.002925,341.86, 442.1767
593659,0.9673,0.003021,331.02, 442.1768
593660,0.9712,0.003696,270.58, 442.1767
593661,0.9741,0.003068,325.90, 442.1767
593662,0.9771,0.002899,344.91, 442.1764
593663,0.9800,0.003033,329.71, 442.1786
593664,0.9829,0.002880,347.27, 442.1767
593665,0.9858,0.003014,331.84, 442.1762
593666,0.9893,0.003392,294.80, 442.1767
593667,0.9927,0.003061,326.69, 442.1767
593668,0.9956,0.002872,348.15, 442.1767
593669,0.9985,0.003045,328.40, 442.1762
593670,1.0015,0.002980,335.54, 442.1767
593671,1.0044,0.002978,335.85, 442.1768
593672,1.0078,0.003242,308.41, 442.1761
593673,1.0107,0.003100,322.58, 442.1761
593674,1.0137,0.002991,334.37, 442.1767
593675,1.0166,0.003043,328.64, 442.1768
593676,1.0200,0.003119,320.61, 442.1767
593677,1.0229,0.002998,333.56, 442.1768
593678,1.0259,0.003036,329.38, 442.1767
593679,1.0288,0.003050,327.91, 442.1768
593680,1.0322,0.003024,330.73, 442.1767
593681,1.0352,0.003060,326.78, 442.1768
593682,1.0386,0.003750,266.66, 442.1761
593683,1.0420,0.003029,330.12, 442.1767
593684,1.0449,0.002977,335.89, 442.1764
593685,1.0479,0.003098,322.78, 442.1768
593686,1.0508,0.002932,341.05, 442.1762
593687,1.0547,0.003631,275.40, 442.1767
593688,1.0576,0.002964,337.38, 442.1764
593689,1.0605,0.002981,335.51, 442.1767
593690,1.0635,0.002905,344.20, 442.1768
593691,1.0664,0.003016,331.53, 442.1767
593692,1.0693,0.002969,336.83, 442.1764
593693,1.0723,0.003045,328.41, 442.1765
593694,1.0752,0.003028,330.24, 442.1768
593695,1.0791,0.003687,271.22, 442.1764
593696,1.0820,0.003164,316.04, 442.1761
593697,1.0854,0.003043,328.58, 442.1767
593698,1.0884,0.002968,336.90, 442.1764
593699,1.0913,0.002936,340.63, 442.1767
593700,1.0942,0.002962,337.62, 442.1761
593701,1.0972,0.003017,331.47, 442.1767
593702,1.1001,0.003046,328.26, 442.1761
593703,1.1030,0.002945,339.54, 442.1767
593704,1.1060,0.002899,344.93, 442.1761
593705,1.1089,0.003051,327.74, 442.1801
593706,1.1123,0.002995,333.88, 442.1762
593707,1.1157,0.003403,293.88, 442.1767
593708,1.1187,0.002980,335.57, 442.1768
593709,1.1216,0.003243,308.36, 442.1761
593710,1.1250,0.003063,326.52, 442.1767
593711,1.1279,0.003103,322.32, 442.1761
593712,1.1309,0.003029,330.10, 442.1761
593713,1.1338,0.003008,332.44, 442.1767
593714,1.1372,0.003052,327.68, 442.1762
593715,1.1401,0.003089,323.72, 442.1764
593716,1.1431,0.003077,325.03, 442.1761
593717,1.1460,0.003028,330.23, 442.1767
593718,1.1494,0.003069,325.80, 442.1762
593719,1.1523,0.002976,336.04, 442.1767
593720,1.1553,0.002929,341.46, 442.1762
593721,1.1587,0.003305,302.55, 442.1767
593722,1.1616,0.002932,341.02, 442.1768
593723,1.1641,0.002909,343.82, 442.1767
593724,1.1670,0.002906,344.09, 442.1768
593725,1.1704,0.003446,290.17, 442.1764
593726,1.1738,0.002946,339.48, 442.1768
593727,1.1768,0.003006,332.69, 442.1767
593728,1.1797,0.002957,338.16, 442.1765
593729,1.1826,0.003042,328.73, 442.1767
593730,1.1855,0.002915,343.06, 442.1768
593731,1.1890,0.003471,288.12, 442.1767
593732,1.1919,0.002945,339.59, 442.1768
593733,1.1948,0.002943,339.82, 442.1767
593734,1.1978,0.002928,341.54, 442.1768
593735,1.2012,0.003383,295.61, 442.1761
593736,1.2046,0.003395,294.52, 442.1761
593737,1.2080,0.003388,295.18, 442.1764
593738,1.2109,0.003167,315.75, 442.1761
593739,1.2144,0.003268,305.98, 442.1764
593740,1.2183,0.003713,269.35, 442.1761
593741,1.2217,0.003665,272.83, 442.1761
593742,1.2251,0.003337,299.64, 442.1767
593743,1.2280,0.003135,319.02, 442.1767
593744,1.2314,0.003073,325.45, 442.1767
593745,1.2344,0.003072,325.50, 442.1764
593746,1.2373,0.003042,328.75, 442.1767
593747,1.2402,0.003014,331.79, 442.1767
593748,1.2437,0.003017,331.43, 442.1767
593749,1.2466,0.002946,339.43, 442.1767
593750,1.2495,0.003087,323.95, 442.1764
593751,1.2524,0.003053,327.50, 442.1767
593752,1.2554,0.002992,334.28, 442.1767
593753,1.2583,0.002982,335.38, 442.1767
593754,1.2612,0.002926,341.72, 442.1767
593755,1.2646,0.002974,336.26, 442.1767
593756,1.2676,0.002942,339.96, 442.1767
593757,1.2705,0.002931,341.16, 442.1761
593758,1.2734,0.002950,338.95, 442.1767
593759,1.2764,0.002915,343.05, 442.1767
593760,1.2793,0.003005,332.75, 442.1761
593761,1.2822,0.002950,339.02, 442.1764
593762,1.2852,0.002970,336.69, 442.1767
593763,1.2881,0.002911,343.56, 442.1761
593764,1.2910,0.002943,339.80, 442.1768
593765,1.2939,0.002923,342.09, 442.1762
593766,1.2974,0.003502,285.53, 442.1767
593767,1.3003,0.002953,338.67, 442.1764
593768,1.3032,0.002968,336.95, 442.1767
593769,1.3062,0.002924,342.06, 442.1768
593770,1.3096,0.003424,292.02, 442.1764
593771,1.3130,0.003385,295.45, 442.1761
593772,1.3164,0.003297,303.32, 442.1761
593773,1.3198,0.003349,298.59, 442.1761
593774,1.3228,0.003114,321.16, 442.1761
593775,1.3262,0.003172,315.22, 442.1767
593776,1.3291,0.003098,322.83, 442.1767
593777,1.3320,0.003153,317.18, 442.1761
593778,1.3354,0.003033,329.72, 442.1767
593779,1.3384,0.003172,315.24, 442.1767
593780,1.3413,0.003074,325.31, 442.1761
593781,1.3447,0.003142,318.27, 442.1761
593782,1.3477,0.003085,324.20, 442.1761
593783,1.3511,0.003175,314.96, 442.1761
593784,1.3540,0.003062,326.57, 442.1767
593785,1.3569,0.003175,314.93, 442.1767
593786,1.3604,0.003023,330.78, 442.1764
593787,1.3633,0.003218,310.74, 442.1761
593788,1.3662,0.002972,336.43, 442.1764
593789,1.3696,0.003099,322.64, 442.1767
593790,1.3726,0.002944,339.63, 442.1767
593791,1.3755,0.003109,321.68, 442.1767
593792,1.3784,0.002951,338.93, 442.1767
593793,1.3813,0.003034,329.64, 442.1767
593794,1.3843,0.002902,344.58, 442.1767
593795,1.3872,0.003045,328.42, 442.1764
593796,1.3901,0.002921,342.33, 442.1767
593797,1.3936,0.003005,332.79, 442.1767
593798,1.3960,0.002878,347.45, 442.1767
593799,1.3994,0.003072,325.48, 442.1767
593800,1.4023,0.003020,331.18, 442.1764
593801,1.4053,0.003053,327.58, 442.1761
593802,1.4082,0.003012,331.96, 442.1767
593803,1.4116,0.003016,331.60, 442.1767
593804,1.4146,0.002924,341.96, 442.1764
593805,1.4175,0.003126,319.92, 442.1761
593806,1.4204,0.002987,334.78, 442.1767
593807,1.4233,0.003005,332.76, 442.1767
593808,1.4263,0.002901,344.76, 442.1761
593809,1.4292,0.003103,322.26, 442.1767
593810,1.4321,0.002925,341.85, 442.1764
593811,1.4355,0.003116,320.96, 442.1767
593812,1.4385,0.003077,325.03, 442.1767
593813,1.4414,0.003009,332.38, 442.1764
593814,1.4448,0.003024,330.67, 442.1761
593815,1.4478,0.003000,333.30, 442.1767
593816,1.4507,0.002913,343.30, 442.1767
593817,1.4536,0.003033,329.66, 442.1764
593818,1.4565,0.002971,336.55, 442.1767
593819,1.4595,0.003063,326.48, 442.1764
593820,1.4624,0.002920,342.44, 442.1767
593821,1.4653,0.002960,337.84, 442.1765
593822,1.4688,0.003170,315.48, 442.1764
593823,1.4717,0.003054,327.41, 442.1767
593824,1.4746,0.003090,323.65, 442.1764
593825,1.4775,0.003010,332.18, 442.1767
593826,1.4810,0.002951,338.83, 442.1764
593827,1.4839,0.003091,323.54, 442.1762
593828,1.4868,0.003074,325.31, 442.1767
593829,1.4902,0.003226,309.95, 442.1764
593830,1.4932,0.003194,313.08, 442.1764
593831,1.4966,0.003171,315.40, 442.1764
593832,1.4995,0.002967,337.07, 442.1767
593833,1.5024,0.003046,328.33, 442.1764
593834,1.5054,0.002959,337.95, 442.1767
593835,1.5083,0.003015,331.68, 442.1768
593836,1.5112,0.002928,341.54, 442.1767
593837,1.5142,0.002991,334.33, 442.1768
593838,1.5176,0.003069,325.80, 442.1767
593839,1.5205,0.003041,328.82, 442.1768
593840,1.5244,0.003786,264.11, 442.1767
593841,1.5273,0.003071,325.61, 442.1767
593842,1.5303,0.002914,343.16, 442.1767
593843,1.5332,0.003017,331.50, 442.1767
593844,1.5361,0.002841,352.04, 442.1767
593845,1.5391,0.003085,324.15, 442.1768
593846,1.5425,0.003213,311.25, 442.1767
593847,1.5454,0.002958,338.05, 442.1768
593848,1.5483,0.003077,324.99, 442.1761
593849,1.5518,0.003091,323.57, 442.1765
593850,1.5547,0.002938,340.34, 442.1764
593851,1.5576,0.003013,331.90, 442.1768
593852,1.5610,0.003452,289.72, 442.1764
593853,1.5640,0.003085,324.19, 442.1767
593854,1.5669,0.003003,332.97, 442.1764
593855,1.5703,0.003069,325.86, 442.1761
593856,1.5732,0.002915,343.09, 442.1767
593857,1.5762,0.002991,334.36, 442.1765
593858,1.5791,0.002918,342.67, 442.1767
593859,1.5820,0.003047,328.18, 442.1768
593860,1.5850,0.003078,324.84, 442.1850
593861,1.5879,0.003035,329.51, 442.1768
593862,1.5913,0.003423,292.18, 442.1764
593863,1.5947,0.003068,325.91, 442.1767
593864,1.5977,0.003005,332.75, 442.1761
593865,1.6006,0.003001,333.27, 442.1761
593866,1.6035,0.002888,346.22, 442.1767
593867,1.6064,0.003005,332.78, 442.1768
593868,1.6099,0.003380,295.88, 442.1764
593869,1.6128,0.003128,319.73, 442.1761
593870,1.6157,0.002946,339.47, 442.1764
593871,1.6191,0.003137,318.79, 442.1761
593872,1.6221,0.002953,338.60, 442.1764
593873,1.6250,0.003017,331.49, 442.1761
593874,1.6279,0.002881,347.09, 442.1767
593875,1.6309,0.002996,333.76, 442.1768
593876,1.6343,0.003266,306.18, 442.1762
593877,1.6372,0.003166,315.90, 442.1768
593878,1.6406,0.003292,303.79, 442.1767
593879,1.6436,0.003018,331.38, 442.1767
593880,1.6465,0.002918,342.65, 442.1768
593881,1.6499,0.003288,304.16, 442.1767
593882,1.6528,0.002945,339.56, 442.1761
593883,1.6558,0.002998,333.56, 442.1768
593884,1.6587,0.003072,325.55, 442.1768
593885,1.6621,0.003464,288.70, 442.1767
593886,1.6655,0.002938,340.34, 442.1764
593887,1.6685,0.003038,329.16, 442.1767
593888,1.6714,0.002963,337.52, 442.1762
593889,1.6743,0.003085,324.12, 442.1767
593890,1.6772,0.003033,329.71, 442.1767
593891,1.6802,0.002977,335.90, 442.1767
593892,1.6831,0.002960,337.88, 442.1762
593893,1.6870,0.003719,268.91, 442.1761
593894,1.6904,0.003529,283.35, 442.1767
593895,1.6938,0.003032,329.87, 442.1767
593896,1.6968,0.003001,333.19, 442.1764
593897,1.6997,0.002989,334.58, 442.1767
593898,1.7026,0.003015,331.71, 442.1764
593899,1.7056,0.003094,323.20, 442.1761
593900,1.7090,0.003069,325.82, 442.1764
593901,1.7119,0.002944,339.63, 442.1764
593902,1.7148,0.003002,333.08, 442.1764
593903,1.7178,0.002960,337.86, 442.1767
593904,1.7207,0.003001,333.18, 442.1786
593905,1.7236,0.002967,337.02, 442.1767
593906,1.7266,0.002977,335.94, 442.1764
593907,1.7295,0.003006,332.71, 442.1767
593908,1.7324,0.002963,337.55, 442.1767
593909,1.7354,0.002986,334.94, 442.1767
593910,1.7388,0.002958,338.12, 442.1768
593911,1.7417,0.002943,339.77, 442.1767
593912,1.7446,0.002944,339.70, 442.1768
593913,1.7476,0.003202,312.30, 442.1767
593914,1.7505,0.002985,335.00, 442.1768
593915,1.7539,0.003177,314.79, 442.1767
593916,1.7568,0.002933,340.91, 442.1768
593917,1.7598,0.003253,307.41, 442.1767
593918,1.7632,0.002978,335.84, 442.1761
593919,1.7661,0.002946,339.43, 442.1764
593920,1.7690,0.003092,323.42, 442.1768
593921,1.7720,0.003148,317.66, 442.1767
593922,1.7749,0.002966,337.21, 442.1762
593923,1.7783,0.003289,304.04, 442.1767
593924,1.7813,0.002975,336.13, 442.1768
593925,1.7847,0.003171,315.33, 442.1786
593926,1.7876,0.003125,319.99, 442.1761
593927,1.7905,0.003006,332.68, 442.1767
593928,1.7935,0.002989,334.52, 442.1762
593929,1.7974,0.003661,273.16, 442.1767
593930,1.8003,0.003097,322.87, 442.1767
593931,1.8032,0.003001,333.26, 442.1767
593932,1.8066,0.003164,316.11, 442.1767
593933,1.8096,0.003051,327.82, 442.1767
593934,1.8125,0.003040,329.00, 442.1768
593935,1.8159,0.003045,328.44, 442.1767
593936,1.8188,0.003225,310.04, 442.1767
593937,1.8223,0.003114,321.13, 442.1767
593938,1.8252,0.003074,325.34, 442.1765
593939,1.8286,0.003340,299.41, 442.1761
593940,1.8315,0.003015,331.64, 442.1764
593941,1.8345,0.002922,342.29, 442.1767
593942,1.8374,0.003025,330.60, 442.1762
593943,1.8413,0.003783,264.35, 442.1768
593944,1.8442,0.003058,327.03, 442.1764
593945,1.8472,0.002970,336.68, 442.1764
593946,1.8501,0.003042,328.79, 442.2393
593947,1.8535,0.003260,306.75, 442.1768
593948,1.8569,0.003290,303.95, 442.1764
593949,1.8599,0.002990,334.41, 442.1765
593950,1.8628,0.003065,326.32, 442.1767
593951,1.8657,0.002982,335.32, 442.1765
593952,1.8691,0.003413,293.01, 442.1767
593953,1.8721,0.002961,337.69, 442.1765
593954,1.8755,0.003178,314.68, 442.1767
593955,1.8784,0.003009,332.34, 442.1765
593956,1.8818,0.003156,316.84, 442.1764
593957,1.8848,0.002964,337.44, 442.1762
593958,1.8882,0.003425,292.00, 442.1767
593959,1.8911,0.002977,335.94, 442.1768
593960,1.8940,0.002977,335.89, 442.1767
593961,1.8970,0.002961,337.68, 442.1768
593962,1.9004,0.003434,291.21, 442.1767
593963,1.9033,0.002963,337.54, 442.1768
593964,1.9067,0.003483,287.15, 442.1767
593965,1.9102,0.003136,318.84, 442.1761
593966,1.9126,0.002911,343.57, 442.1767
593967,1.9160,0.002958,338.12, 442.1768
593968,1.9189,0.003346,298.83, 442.1767
593969,1.9224,0.003023,330.78, 442.1765
593970,1.9258,0.003503,285.45, 442.1767
593971,1.9287,0.002968,336.95, 442.1768
593972,1.9316,0.002958,338.02, 442.1786
593973,1.9346,0.003039,329.02, 442.1768
593974,1.9380,0.003474,287.82, 442.1786
593975,1.9409,0.003052,327.62, 442.1768
593976,1.9438,0.002908,343.89, 442.1767
593977,1.9473,0.002987,334.78, 442.1768
593978,1.9507,0.003415,292.82, 442.1767
593979,1.9536,0.002997,333.72, 442.1768
593980,1.9565,0.003051,327.75, 442.1765
593981,1.9600,0.003557,281.12, 442.1767
593982,1.9629,0.002961,337.68, 442.1768
593983,1.9663,0.003176,314.91, 442.1767
593984,1.9692,0.002921,342.30, 442.1767
593985,1.9722,0.002985,335.04, 442.1768
593986,1.9751,0.003043,328.63, 442.1768
593987,1.9785,0.003449,289.97, 442.1767
593988,1.9814,0.002947,339.29, 442.1765
593989,1.9844,0.003047,328.20, 442.1761
593990,1.9878,0.002970,336.67, 442.1765
593991,1.9912,0.003516,284.44, 442.1767
593992,1.9941,0.003008,332.50, 442.1762
593993,1.9971,0.002953,338.70, 442.1767
593994,2.0000,0.003042,328.74, 442.1762
593995,2.0034,0.003521,284.03, 442.1764
593996,2.0068,0.003000,333.29, 442.1761
593997,2.0098,0.002965,337.25, 442.1767
593998,2.0127,0.003034,329.64, 442.1762
593999,2.0156,0.003136,318.89, 442.1767
594000,2.0190,0.003147,317.79, 442.1765
594001,2.0220,0.003250,307.70, 442.1761
594002,2.0254,0.003091,323.51, 442.1762
594003,2.0283,0.003033,329.70, 442.1767
594004,2.0313,0.003067,326.09, 442.1762
594005,2.0342,0.003074,325.35, 442.1767
594006,2.0376,0.003055,327.38, 442.1765
594007,2.0405,0.003293,303.69, 442.1767
594008,2.0439,0.003031,329.97, 442.1768
594009,2.0469,0.003133,319.22, 442.1764
594010,2.0498,0.003068,325.90, 442.1768
594011,2.0532,0.003204,312.14, 442.1764
594012,2.0562,0.003020,331.16, 442.1762
594013,2.0601,0.003828,261.27, 442.1762
594014,2.0630,0.003069,325.81, 442.1764
594015,2.0659,0.002977,335.87, 442.1768
594016,2.0693,0.003379,295.91, 442.1764
594017,2.0728,0.003107,321.90, 442.1764
594018,2.0757,0.003144,318.04, 442.1761
594019,2.0786,0.003068,325.90, 442.1767
594020,2.0820,0.003080,324.73, 442.1761
594021,2.0850,0.003009,332.31, 442.1767
594022,2.0879,0.003188,313.72, 442.1768
594023,2.0913,0.003025,330.59, 442.1762
594024,2.0947,0.003498,285.85, 442.1764
594025,2.0981,0.003358,297.78, 442.1764
594026,2.1011,0.003020,331.17, 442.1767
594027,2.1040,0.003030,330.02, 442.1767
594028,2.1069,0.002941,340.07, 442.1767
594029,2.1099,0.003094,323.23, 442.1761
594030,2.1133,0.003020,331.18, 442.1767
594031,2.1162,0.002966,337.20, 442.1768
594032,2.1191,0.002947,339.35, 442.1767
594033,2.1221,0.003011,332.17, 442.1768
594034,2.1255,0.003475,287.74, 442.1767
594035,2.1284,0.002982,335.36, 442.1767
594036,2.1313,0.002930,341.27, 442.1767
594037,2.1343,0.003031,329.92, 442.1768
594038,2.1377,0.003305,302.57, 442.1767
594039,2.1406,0.003002,333.16, 442.1765
594040,2.1436,0.002896,345.32, 442.1768
594041,2.1465,0.002955,338.39, 442.1768
594042,2.1499,0.003539,282.57, 442.1767
594043,2.1533,0.003029,330.13, 442.1764
594044,2.1563,0.002956,338.27, 442.1767
594045,2.1592,0.003111,321.44, 442.1786
594046,2.1626,0.003299,303.09, 442.1761
594047,2.1655,0.003032,329.85, 442.1767
594048,2.1685,0.003024,330.66, 442.1764
594049,2.1714,0.003028,330.21, 442.1765
594050,2.1748,0.003305,302.54, 442.1761
594051,2.1777,0.003031,329.96, 442.1768
594052,2.1812,0.003151,317.34, 442.1767
594053,2.1841,0.003020,331.13, 442.1765
594054,2.1875,0.003277,305.14, 442.1767
594055,2.1904,0.003014,331.81, 442.1768
594056,2.1934,0.002981,335.50, 442.1762
594057,2.1973,0.003944,253.56, 442.1761
594058,2.2002,0.003093,323.27, 442.1764
594059,2.2036,0.003004,332.87, 442.1764
594060,2.2065,0.002992,334.19, 442.1761
594061,2.2095,0.003111,321.45, 442.1767
594062,2.2124,0.002974,336.29, 442.1767
594063,2.2153,0.002980,335.59, 442.1767
594064,2.2183,0.002947,339.34, 442.1768
594065,2.2222,0.003618,276.40, 442.1764
594066,2.2251,0.003258,306.93, 442.1761
594067,2.2285,0.003070,325.75, 442.1767
594068,2.2314,0.003198,312.71, 442.1767
594069,2.2349,0.003314,301.71, 442.1761
594070,2.2388,0.003894,256.80, 442.1761
594071,2.2422,0.003570,280.09, 442.1761
594072,2.2456,0.003245,308.17, 442.1764
594073,2.2485,0.003097,322.92, 442.1764
594074,2.2520,0.003145,317.98, 442.1767
594075,2.2549,0.003036,329.40, 442.1761
594076,2.2578,0.003155,316.94, 442.1767
594077,2.2612,0.003157,316.80, 442.1885
594078,2.2642,0.002979,335.74, 442.1786
594079,2.2671,0.002977,335.91, 442.1767
594080,2.2700,0.003064,326.41, 442.1764
594081,2.2729,0.002953,338.60, 442.1767
594082,2.2759,0.002987,334.76, 442.1767
594083,2.2793,0.002981,335.48, 442.1767
594084,2.2822,0.003063,326.43, 442.1767
594085,2.2852,0.002974,336.30, 442.1764
594086,2.2881,0.002980,335.56, 442.1767
594087,2.2910,0.003090,323.67, 442.1768
594088,2.2944,0.003223,310.24, 442.1767
594089,2.2974,0.003127,319.83, 442.1761
594090,2.3013,0.003583,279.13, 442.1761
594091,2.3042,0.003169,315.52, 442.1764
594092,2.3071,0.003010,332.19, 442.1767
594093,2.3105,0.003015,331.69, 442.1767
594094,2.3135,0.002981,335.42, 442.1767
594095,2.3164,0.003046,328.28, 442.1767
594096,2.3193,0.002991,334.29, 442.1767
594097,2.3223,0.002995,333.87, 442.1768
594098,2.3252,0.003058,327.00, 442.1767
594099,2.3286,0.003038,329.17, 442.1861
594100,2.3315,0.003324,300.89, 442.1767
594101,2.3350,0.003036,329.38, 442.1768
594102,2.3379,0.003156,316.88, 442.1767
594103,2.3408,0.003003,332.96, 442.1768
594104,2.3442,0.003333,300.05, 442.1764
594105,2.3472,0.003032,329.84, 442.1762
594106,2.3506,0.003049,328.02, 442.1767
594107,2.3535,0.003018,331.36, 442.1768
594108,2.3569,0.003367,296.97, 442.1767
594109,2.3599,0.003280,304.84, 442.1761
594110,2.3628,0.002990,334.45, 442.1764
594111,2.3662,0.003083,324.34, 442.1767
594112,2.3691,0.003010,332.18, 442.1767
594113,2.3721,0.003123,320.25, 442.1765
594114,2.3760,0.003857,259.28, 442.1767
594115,2.3794,0.003078,324.88, 442.1764
594116,2.3823,0.002930,341.32, 442.1767
594117,2.3853,0.002943,339.74, 442.1768
594118,2.3882,0.003373,296.47, 442.1768
594119,2.3916,0.003253,307.44, 442.1767
594120,2.3945,0.002962,337.58, 442.1768
594121,2.3975,0.003059,326.86, 442.1767
594122,2.4009,0.002963,337.51, 442.1765
594123,2.4043,0.003651,273.90, 442.1767
594124,2.4072,0.003054,327.49, 442.1764
594125,2.4102,0.002939,340.21, 442.1767
594126,2.4131,0.002912,343.45, 442.1765
594127,2.4165,0.003178,314.71, 442.1767
594128,2.4194,0.003051,327.80, 442.1765
594129,2.4229,0.003266,306.20, 442.1764
594130,2.4258,0.003061,326.72, 442.1765
594131,2.4287,0.003033,329.74, 442.1761
594132,2.4316,0.003060,326.75, 442.1762
594133,2.4355,0.003592,278.42, 442.1761
594134,2.4390,0.003377,296.13, 442.1761
594135,2.4419,0.002928,341.50, 442.1767
594136,2.4448,0.003007,332.51, 442.1761
594137,2.4478,0.002901,344.74, 442.1767
594138,2.4507,0.003026,330.52, 442.1762
594139,2.4536,0.002903,344.51, 442.1764
594140,2.4565,0.002977,335.86, 442.1765
594141,2.4604,0.003873,258.22, 442.1761
594142,2.4634,0.003037,329.33, 442.1764
594143,2.4663,0.002871,348.34, 442.1786
594144,2.4692,0.003055,327.32, 442.1762
594145,2.4727,0.003326,300.63, 442.1786
594146,2.4756,0.003011,332.12, 442.1765
594147,2.4785,0.002963,337.50, 442.1767
594148,2.4819,0.003040,328.94, 442.1762
594149,2.4849,0.003184,314.12, 442.1768
594150,2.4883,0.003466,288.54, 442.1768
594151,2.4912,0.002979,335.69, 442.1767
594152,2.4941,0.002987,334.83, 442.1765
594153,2.4980,0.003764,265.71, 442.1761
594154,2.5010,0.003010,332.23, 442.1764
594155,2.5039,0.002931,341.16, 442.1767
594156,2.5068,0.002978,335.84, 442.1764
594157,2.5103,0.003082,324.43, 442.1765
594158,2.5132,0.003231,309.46, 442.1767
594159,2.5166,0.003046,328.27, 442.1768
594160,2.5195,0.002975,336.09, 442.1767
594161,2.5225,0.002937,340.45, 442.1765
594162,2.5254,0.003294,303.60, 442.1767
594163,2.5288,0.002967,337.04, 442.1762
594164,2.5317,0.002987,334.76, 442.1767
594165,2.5347,0.002921,342.38, 442.1765
594166,2.5381,0.003637,274.94, 442.1767
594167,2.5410,0.003005,332.75, 442.1767
594168,2.5439,0.002926,341.72, 442.1764
594169,2.5469,0.002944,339.64, 442.1768
594170,2.5503,0.003325,300.74, 442.1767
594171,2.5532,0.002970,336.66, 442.1768
594172,2.5562,0.003009,332.39, 442.1767
594173,2.5596,0.003078,324.88, 442.1762
594174,2.5625,0.003195,313.04, 442.1767
594175,2.5654,0.002969,336.81, 442.1768
594176,2.5688,0.003349,298.58, 442.1767
594177,2.5718,0.002978,335.84, 442.1765
594178,2.5747,0.002912,343.39, 442.1764
594179,2.5776,0.002976,336.07, 442.1768
594180,2.5811,0.003323,300.96, 442.1767
594181,2.5840,0.002979,335.73, 442.1762
594182,2.5874,0.003325,300.73, 442.1767
594183,2.5903,0.003051,327.75, 442.1767
594184,2.5933,0.002877,347.61, 442.1767
594185,2.5962,0.002927,341.66, 442.1768
594186,2.5996,0.003403,293.85, 442.1767
594187,2.6025,0.003049,328.00, 442.1765
594188,2.6060,0.003040,328.90, 442.1761
594189,2.6089,0.003231,309.47, 442.1762
594190,2.6118,0.003066,326.17, 442.1767
594191,2.6152,0.002999,333.49, 442.1768
594192,2.6182,0.002955,338.47, 442.1767
594193,2.6211,0.003055,327.35, 442.1765
594194,2.6245,0.003431,291.47, 442.1764
594195,2.6274,0.003040,328.94, 442.1768
594196,2.6304,0.002921,342.38, 442.1764
594197,2.6333,0.003011,332.13, 442.1765
594198,2.6367,0.003341,299.30, 442.1764
594199,2.6396,0.003036,329.39, 442.1768
594200,2.6426,0.002961,337.71, 442.1761
594201,2.6455,0.002973,336.36, 442.1768
594202,2.6489,0.003319,301.34, 442.1764
594203,2.6519,0.002971,336.59, 442.1765
594204,2.6548,0.002993,334.11, 442.1767
594205,2.6582,0.002982,335.37, 442.1762
594206,2.6611,0.003240,308.60, 442.1820
594207,2.6641,0.002940,340.14, 442.1768
594208,2.6675,0.003142,318.26, 442.1767
594209,2.6704,0.003173,315.16, 442.1761
594210,2.6733,0.003033,329.75, 442.1761
594211,2.6768,0.002986,334.91, 442.1768
594212,2.6797,0.002963,337.45, 442.1764
594213,2.6826,0.003005,332.82, 442.1765
594214,2.6860,0.003310,302.12, 442.1767
594215,2.6890,0.003058,327.06, 442.1767
594216,2.6919,0.002955,338.38, 442.1764
594217,2.6948,0.002982,335.32, 442.1768
594218,2.6978,0.003031,329.88, 442.1767
594219,2.7007,0.002981,335.42, 442.1765
594220,2.7036,0.003047,328.20, 442.1764
594221,2.7070,0.003014,331.76, 442.1765
594222,2.7100,0.003336,299.76, 442.1768
594223,2.7134,0.003240,308.61, 442.1767
594224,2.7163,0.002909,343.71, 442.1767
594225,2.7192,0.003051,327.75, 442.1767
594226,2.7222,0.002921,342.36, 442.1765
594227,2.7256,0.003424,292.05, 442.1767
594228,2.7285,0.002888,346.22, 442.1768
594229,2.7319,0.003112,321.39, 442.1767
594230,2.7349,0.003270,305.82, 442.1761
594231,2.7383,0.003400,294.08, 442.1786
594232,2.7417,0.003319,301.34, 442.1767
594233,2.7446,0.003066,326.21, 442.1764
594234,2.7480,0.003084,324.24, 442.1764
594235,2.7510,0.002986,334.86, 442.1767
594236,2.7539,0.002989,334.58, 442.1767
594237,2.7568,0.002975,336.19, 442.1767
594238,2.7598,0.003064,326.36, 442.1767
594239,2.7632,0.003289,304.02, 442.1767
594240,2.7666,0.003185,313.99, 442.1761
594241,2.7695,0.003048,328.09, 442.1767
594242,2.7725,0.003040,328.99, 442.1761
594243,2.7754,0.002948,339.27, 442.1767
594244,2.7788,0.003176,314.83, 442.1761
594245,2.7817,0.003026,330.43, 442.1767
594246,2.7847,0.003052,327.69, 442.1764
594247,2.7876,0.002972,336.53, 442.1767
594248,2.7905,0.003018,331.37, 442.1767
594249,2.7935,0.002953,338.59, 442.1767
594250,2.7964,0.003011,332.10, 442.1767
594251,2.7998,0.002962,337.64, 442.1767
594252,2.8027,0.003021,331.02, 442.1764
594253,2.8057,0.002949,339.05, 442.1767
594254,2.8086,0.003087,323.92, 442.1761
594255,2.8115,0.002996,333.79, 442.1767
594256,2.8145,0.002984,335.17, 442.1767
594257,2.8174,0.002963,337.52, 442.1767
594258,2.8208,0.003093,323.34, 442.1767
594259,2.8237,0.003015,331.64, 442.1767
594260,2.8267,0.003041,328.86, 442.1761
594261,2.8296,0.002999,333.48, 442.1767
594262,2.8325,0.002989,334.55, 442.1768
594263,2.8354,0.002926,341.72, 442.1767
594264,2.8389,0.002989,334.60, 442.1768
594265,2.8418,0.003276,305.30, 442.1767
594266,2.8447,0.002972,336.45, 442.1765
594267,2.8477,0.002977,335.94, 442.1767
594268,2.8511,0.002990,334.50, 442.1765
594269,2.8545,0.003588,278.75, 442.1764
594270,2.8574,0.003028,330.27, 442.1767
594271,2.8604,0.002919,342.57, 442.1767
594272,2.8633,0.002987,334.78, 442.1768
594273,2.8662,0.002933,340.98, 442.1767
594274,2.8691,0.003036,329.37, 442.1765
594275,2.8726,0.003246,308.12, 442.1767
594276,2.8755,0.002975,336.15, 442.1768
594277,2.8789,0.003430,291.52, 442.1761
594278,2.8823,0.003399,294.21, 442.1764
594279,2.8857,0.003235,309.13, 442.1761
594280,2.8887,0.003236,309.02, 442.1767
594281,2.8916,0.002973,336.34, 442.1767
594282,2.8950,0.003030,329.99, 442.1764
594283,2.8979,0.002955,338.36, 442.1767
594284,2.9009,0.003163,316.17, 442.1764
594285,2.9038,0.002986,334.91, 442.1761
594286,2.9072,0.003097,322.90, 442.1764
594287,2.9102,0.002897,345.22, 442.2050
594288,2.9131,0.003030,330.03, 442.1767
594289,2.9160,0.002916,342.91, 442.1767
594290,2.9189,0.003047,328.25, 442.1761
594291,2.9219,0.002933,340.96, 442.1767
594292,2.9248,0.002970,336.68, 442.1767
594293,2.9277,0.002891,345.91, 442.1767
594294,2.9307,0.003124,320.07, 442.1764
594295,2.9336,0.002910,343.68, 442.1767
594296,2.9370,0.003023,330.81, 442.1767
594297,2.9399,0.002942,339.90, 442.1764
594298,2.9429,0.003032,329.87, 442.1762
594299,2.9458,0.002920,342.43, 442.1768
594300,2.9487,0.002971,336.55, 442.1768
594301,2.9521,0.003391,294.87, 442.1767
594302,2.9551,0.003006,332.66, 442.1767
594303,2.9580,0.002930,341.34, 442.1767
594304,2.9609,0.002987,334.81, 442.1768
594305,2.9639,0.002996,333.78, 442.1768
594306,2.9668,0.003035,329.52, 442.1768
594307,2.9702,0.003268,306.03, 442.1767
594308,2.9731,0.003018,331.35, 442.1765
594309,2.9761,0.003024,330.69, 442.1767
594310,2.9795,0.003006,332.62, 442.1768
594311,2.9824,0.003029,330.20, 442.1767
594312,2.9854,0.002998,333.53, 442.1768
594313,2.9888,0.003410,293.26, 442.1764
594314,2.9917,0.003131,319.44, 442.1764
594315,2.9946,0.002975,336.12, 442.1761
594316,2.9980,0.003123,320.16, 442.1764
594317,3.0010,0.002981,335.48, 442.1761
594318,3.0039,0.003104,322.19, 442.1764
594319,3.0073,0.003083,324.38, 442.1767
594320,3.0103,0.003041,328.88, 442.1764
594321,3.0132,0.002962,337.58, 442.1767
594322,3.0161,0.003101,322.45, 442.1764
594323,3.0190,0.002969,336.87, 442.1909
594324,3.0225,0.003013,331.91, 442.1764
594325,3.0254,0.002911,343.56, 442.1767
594326,3.0283,0.003017,331.44, 442.1762
594327,3.0313,0.003023,330.81, 442.1767
594328,3.0342,0.003021,330.99, 442.1765
594329,3.0376,0.003234,309.20, 442.1767
594330,3.0405,0.003055,327.36, 442.1768
594331,3.0439,0.003479,287.44, 442.1767
594332,3.0469,0.003055,327.39, 442.1767
594333,3.0498,0.002938,340.39, 442.1767
594334,3.0532,0.003009,332.35, 442.1768
594335,3.0562,0.003255,307.23, 442.1765
594336,3.0596,0.003230,309.56, 442.1767
594337,3.0625,0.002998,333.60, 442.1764
594338,3.0654,0.003012,332.03, 442.1767
594339,3.0684,0.002969,336.80, 442.1767
594340,3.0713,0.003021,330.98, 442.1767
594341,3.0742,0.002902,344.59, 442.1796
594342,3.0776,0.003031,329.92, 442.1765
594343,3.0806,0.003037,329.24, 442.1767
594344,3.0835,0.003000,333.29, 442.1765
594345,3.0864,0.003140,318.45, 442.1764
594346,3.0898,0.003082,324.42, 442.1762
594347,3.0928,0.003157,316.75, 442.1764
594348,3.0957,0.003042,328.73, 442.1761
594349,3.0991,0.003092,323.43, 442.1761
594350,3.1021,0.003042,328.72, 442.1761
594351,3.1050,0.002965,337.28, 442.1786
594352,3.1084,0.003313,301.82, 442.1761
594353,3.1118,0.003428,291.72, 442.1764
594354,3.1147,0.003124,320.10, 442.1767
594355,3.1177,0.003042,328.79, 442.1767
594356,3.1211,0.003013,331.95, 442.1767
594357,3.1240,0.003155,316.97, 442.1767
594358,3.1270,0.003085,324.15, 442.2389
594359,3.1299,0.002997,333.72, 442.1767
594360,3.1333,0.002969,336.87, 442.1767
594361,3.1362,0.002978,335.85, 442.1764
594362,3.1392,0.003082,324.49, 442.1767
594363,3.1421,0.002967,337.05, 442.1768
594364,3.1450,0.002918,342.65, 442.1767
594365,3.1479,0.002934,340.83, 442.1768
594366,3.1514,0.003259,306.84, 442.1767
594367,3.1543,0.002953,338.70, 442.1768
594368,3.1572,0.003133,319.14, 442.1767
594369,3.1602,0.003030,330.08, 442.1768
594370,3.1636,0.003392,294.85, 442.1767
594371,3.1665,0.002959,338.01, 442.1767
594372,3.1694,0.002979,335.64, 442.1767
594373,3.1729,0.002963,337.50, 442.1768
594374,3.1758,0.003086,324.02, 442.1767
594375,3.1787,0.003004,332.85, 442.1768
594376,3.1816,0.003006,332.70, 442.1767
594377,3.1846,0.002980,335.54, 442.1765
594378,3.1880,0.003448,290.02, 442.1764
594379,3.1914,0.003031,329.98, 442.1767
594380,3.1943,0.002923,342.17, 442.1764
594381,3.1973,0.002954,338.49, 442.1762
594382,3.2002,0.003033,329.72, 442.1767
594383,3.2031,0.003078,324.85, 442.1786
594384,3.2070,0.003628,275.64, 442.1767
594385,3.2100,0.003016,331.60, 442.1761
594386,3.2129,0.002961,337.75, 442.1767
594387,3.2158,0.002937,340.51, 442.1768
594388,3.2192,0.003674,272.21, 442.1761
594389,3.2227,0.003458,289.23, 442.1761
594390,3.2261,0.003408,293.46, 442.1761
594391,3.2295,0.003430,291.54, 442.1767
594392,3.2334,0.003678,271.88, 442.1761
594393,3.2368,0.003566,280.43, 442.1767
594394,3.2402,0.003496,286.05, 442.1764
594395,3.2437,0.003330,300.32, 442.1767
594396,3.2471,0.003150,317.51, 442.1764
594397,3.2500,0.003289,304.01, 442.1761
594398,3.2534,0.003262,306.59, 442.1767
594399,3.2563,0.003009,332.38, 442.1767
594400,3.2598,0.003064,326.41, 442.1764
594401,3.2622,0.002887,346.36, 442.1767
594402,3.2656,0.003005,332.82, 442.1761
594403,3.2686,0.003019,331.21, 442.1767
594404,3.2715,0.003035,329.50, 442.1761
594405,3.2744,0.002935,340.70, 442.1767
594406,3.2773,0.003013,331.91, 442.1764
594407,3.2803,0.002924,341.99, 442.1767
594408,3.2832,0.003019,331.19, 442.1761
594409,3.2861,0.002835,352.73, 442.1767
594410,3.2891,0.002983,335.24, 442.1767
594411,3.2920,0.002905,344.23, 442.1767
594412,3.2949,0.002931,341.23, 442.1764
594413,3.2979,0.002923,342.11, 442.1761
594414,3.3008,0.002965,337.25, 442.1767
594415,3.3037,0.002961,337.68, 442.1767
594416,3.3066,0.002957,338.19, 442.1767
594417,3.3096,0.002920,342.49, 442.1767
594418,3.3125,0.002914,343.23, 442.1764
594419,3.3154,0.002933,340.90, 442.1767
594420,3.3184,0.002958,338.03, 442.1767
594421,3.3213,0.002965,337.33, 442.1761
594422,3.3242,0.002873,348.07, 442.1767
594423,3.3271,0.002944,339.69, 442.1767
594424,3.3301,0.002978,335.84, 442.1768
594425,3.3335,0.003039,329.08, 442.1767
594426,3.3364,0.002879,347.39, 442.1767
594427,3.3394,0.002994,333.97, 442.1768
594428,3.3423,0.003301,302.94, 442.1768
594429,3.3467,0.004029,248.19, 442.1761
594430,3.3506,0.004026,248.42, 442.1761
594431,3.3540,0.003219,310.69, 442.1764
594432,3.3569,0.003004,332.90, 442.1767
594433,3.3599,0.002930,341.27, 442.1767
594434,3.3628,0.003007,332.58, 442.1767
594435,3.3657,0.002940,340.12, 442.1767
594436,3.3687,0.003059,326.91, 442.1764
594437,3.3716,0.002910,343.65, 442.1767
594438,3.3745,0.002969,336.77, 442.1767
594439,3.3774,0.002878,347.44, 442.1767
594440,3.3804,0.003051,327.82, 442.1764
594441,3.3833,0.002861,349.58, 442.1767
594442,3.3862,0.002946,339.41, 442.1767
594443,3.3892,0.002910,343.67, 442.1767
594444,3.3921,0.002937,340.48, 442.1767
594445,3.3950,0.002917,342.82, 442.1767
594446,3.3979,0.002968,336.93, 442.1767
594447,3.4009,0.002908,343.87, 442.1764
594448,3.4038,0.003007,332.54, 442.1767
594449,3.4067,0.002934,340.88, 442.1767
594450,3.4102,0.002995,333.85, 442.1767
594451,3.4126,0.002908,343.83, 442.1767
594452,3.4155,0.002894,345.51, 442.1768
594453,3.4189,0.003097,322.87, 442.1767
594454,3.4219,0.002921,342.41, 442.1765
594455,3.4253,0.003503,285.44, 442.1767
594456,3.4282,0.002907,344.06, 442.1767
594457,3.4312,0.002927,341.65, 442.1767
594458,3.4341,0.002924,341.96, 442.1768
594459,3.4375,0.003491,286.46, 442.1767
594460,3.4404,0.002997,333.72, 442.1767
594461,3.4434,0.002924,342.02, 442.1764
594462,3.4463,0.003016,331.57, 442.1765
594463,3.4497,0.003127,319.80, 442.1767
594464,3.4526,0.002938,340.32, 442.1762
594465,3.4556,0.003210,311.52, 442.1764
594466,3.4585,0.003012,332.05, 442.1768
594467,3.4619,0.003064,326.42, 442.1767
594468,3.4648,0.002984,335.18, 442.1768
594469,3.4678,0.003152,317.25, 442.1764
594470,3.4712,0.003060,326.80, 442.1768
594471,3.4741,0.003004,332.88, 442.1767
594472,3.4771,0.002959,337.97, 442.1765
594473,3.4805,0.003304,302.71, 442.1767
594474,3.4834,0.002976,336.01, 442.1768
594475,3.4863,0.002894,345.53, 442.1767
594476,3.4893,0.002970,336.66, 442.1765
594477,3.4927,0.003743,267.16, 442.1761
594478,3.4961,0.003331,300.17, 442.1767
594479,3.4990,0.002970,336.72, 442.1767
594480,3.5020,0.003042,328.70, 442.1767
594481,3.5054,0.002956,338.26, 442.1767
594482,3.5083,0.003009,332.36, 442.1761
594483,3.5112,0.002922,342.22, 442.1767
594484,3.5142,0.002988,334.64, 442.1764
594485,3.5171,0.003003,332.99, 442.1764
594486,3.5200,0.003151,317.38, 442.1761
594487,3.5229,0.002948,339.22, 442.1767
594488,3.5264,0.002980,335.62, 442.1764
594489,3.5293,0.002934,340.81, 442.1767
594490,3.5322,0.002994,333.97, 442.1786
594491,3.5352,0.003129,319.62, 442.1767
594492,3.5381,0.003000,333.37, 442.1762
594493,3.5415,0.003265,306.33, 442.1767
594494,3.5444,0.002995,333.89, 442.1767
594495,3.5474,0.002932,341.09, 442.1761
594496,3.5503,0.002989,334.53, 442.1768
594497,3.5532,0.002973,336.41, 442.1768
594498,3.5562,0.002980,335.56, 442.1765
594499,3.5601,0.003651,273.87, 442.1767
594500,3.5630,0.003077,324.99, 442.1761
594501,3.5659,0.002988,334.72, 442.1767
594502,3.5688,0.003041,328.85, 442.1767
594503,3.5718,0.002877,347.58, 442.1767
594504,3.5747,0.002950,338.95, 442.1768
594505,3.5776,0.002907,343.97, 442.1768
594506,3.5806,0.002998,333.54, 442.1765
594507,3.5840,0.003377,296.14, 442.1768
594508,3.5874,0.003077,325.03, 442.1767
594509,3.5903,0.002912,343.41, 442.1767
594510,3.5933,0.003051,327.77, 442.1768
594511,3.5962,0.002975,336.12, 442.1764
594512,3.5991,0.002998,333.51, 442.1768
594513,3.6025,0.003133,319.23, 442.1767
594514,3.6055,0.003045,328.39, 442.1768
594515,3.6089,0.003555,281.33, 442.1761
594516,3.6123,0.003139,318.55, 442.1764
594517,3.6152,0.002931,341.23, 442.1764
594518,3.6182,0.003033,329.66, 442.1761
594519,3.6211,0.002894,345.49, 442.1767
594520,3.6240,0.002994,333.97, 442.1765
594521,3.6270,0.002946,339.49, 442.1767
594522,3.6299,0.003009,332.35, 442.1768
594523,3.6333,0.003209,311.63, 442.1767
594524,3.6362,0.002970,336.67, 442.1768
594525,3.6392,0.003221,310.50, 442.1767
594526,3.6421,0.002970,336.71, 442.1768
594527,3.6450,0.003016,331.61, 442.1767
594528,3.6484,0.002990,334.43, 442.1768
594529,3.6514,0.002977,335.86, 442.1768
594530,3.6543,0.003103,322.28, 442.1768
594531,3.6577,0.003294,303.60, 442.1764
594532,3.6606,0.002992,334.22, 442.1768
594533,3.6636,0.003111,321.42, 442.1767
594534,3.6670,0.003044,328.48, 442.1768
594535,3.6699,0.003079,324.75, 442.1764
594536,3.6729,0.003071,325.67, 442.1765
594537,3.6763,0.003573,279.87, 442.1764
594538,3.6797,0.003018,331.31, 442.1767
594539,3.6826,0.002903,344.50, 442.1768
594540,3.6855,0.003077,324.95, 442.1767
594541,3.6885,0.002904,344.38, 442.1764
594542,3.6914,0.003053,327.50, 442.1768
594543,3.6948,0.003294,303.57, 442.1768
594544,3.6978,0.003047,328.17, 442.1767
594545,3.7007,0.002932,341.12, 442.1764
594546,3.7036,0.003004,332.92, 442.1765
594547,3.7070,0.003204,312.10, 442.1768
594548,3.7104,0.003411,293.14, 442.1767
594549,3.7134,0.002934,340.82, 442.1764
594550,3.7163,0.002953,338.62, 442.1767
594551,3.7192,0.002984,335.14, 442.1768
594552,3.7222,0.003059,326.95, 442.1767
594553,3.7251,0.002942,339.94, 442.1767
594554,3.7280,0.002939,340.31, 442.1768
594555,3.7314,0.003093,323.31, 442.1768
594556,3.7349,0.003448,290.07, 442.1767
594557,3.7378,0.002975,336.19, 442.1767
594558,3.7407,0.003026,330.43, 442.1767
594559,3.7437,0.002946,339.45, 442.1768
594560,3.7466,0.003085,324.13, 442.1767
594561,3.7495,0.002985,334.96, 442.1767
594562,3.7524,0.002942,339.94, 442.1765
594563,3.7554,0.002934,340.83, 442.1768
594564,3.7593,0.003652,273.82, 442.1764
594565,3.7622,0.002934,340.82, 442.1767
594566,3.7651,0.002965,337.26, 442.1767
594567,3.7681,0.002969,336.85, 442.1762
594568,3.7710,0.003012,331.97, 442.1767
594569,3.7739,0.002918,342.70, 442.1765
594570,3.7773,0.003350,298.54, 442.1906
594571,3.7803,0.003088,323.88, 442.1761
594572,3.7837,0.003077,324.96, 442.1761
594573,3.7866,0.003069,325.82, 442.1761
594574,3.7896,0.003089,323.77, 442.1761
594575,3.7930,0.003043,328.64, 442.1761
594576,3.7959,0.003103,322.30, 442.1767
594577,3.7988,0.003077,324.97, 442.1761
594578,3.8018,0.003046,328.35, 442.1764
594579,3.8052,0.003051,327.76, 442.1767
594580,3.8081,0.003038,329.15, 442.1767
594581,3.8110,0.003026,330.45, 442.1767
594582,3.8140,0.003106,321.99, 442.1761
594583,3.8174,0.003062,326.55, 442.1761
594584,3.8208,0.003325,300.79, 442.1761
594585,3.8237,0.003125,319.96, 442.1761
594586,3.8267,0.003022,330.92, 442.1761
594587,3.8301,0.003438,290.86, 442.1761
594588,3.8335,0.003435,291.13, 442.1761
594589,3.8369,0.003254,307.34, 442.1764
594590,3.8398,0.003059,326.88, 442.1767
594591,3.8433,0.003168,315.63, 442.1761
594592,3.8467,0.003371,296.67, 442.1761
594593,3.8496,0.003217,310.87, 442.1761
594594,3.8530,0.003247,308.02, 442.1767
594595,3.8564,0.003297,303.32, 442.1761
594596,3.8594,0.003394,294.63, 442.1764
594597,3.8628,0.003211,311.45, 442.1761
594598,3.8662,0.003249,307.78, 442.1767
594599,3.8691,0.003180,314.48, 442.1767
594600,3.8726,0.003219,310.66, 442.1761
594601,3.8760,0.003345,298.93, 442.1764
594602,3.8789,0.003311,302.00, 442.1761
594603,3.8823,0.003069,325.82, 442.1815
594604,3.8853,0.003201,312.44, 442.1761
594605,3.8887,0.003227,309.90, 442.1761
594606,3.8921,0.003257,307.02, 442.1761
594607,3.8950,0.003192,313.24, 442.1761
594608,3.8984,0.003215,311.06, 442.1761
594609,3.9014,0.003164,316.09, 442.1761
594610,3.9048,0.003252,307.53, 442.1764
594611,3.9082,0.003308,302.28, 442.1761
594612,3.9111,0.003174,315.11, 442.1764
594613,3.9146,0.003193,313.16, 442.1767
594614,3.9175,0.003156,316.82, 442.1761
594615,3.9209,0.003356,297.99, 442.1761
594616,3.9243,0.003382,295.68, 442.1761
594617,3.9277,0.003314,301.75, 442.1761
594618,3.9307,0.003149,317.56, 442.1761
594619,3.9341,0.003273,305.56, 442.1761
594620,3.9375,0.003318,301.36, 442.1786
594621,3.9404,0.003247,307.96, 442.1761
594622,3.9434,0.003015,331.65, 442.1764
594623,3.9468,0.003167,315.77, 442.1767
594624,3.9497,0.003073,325.38, 442.1761
594625,3.9531,0.003095,323.11, 442.1767
594626,3.9561,0.003044,328.57, 442.1761
594627,3.9590,0.003120,320.48, 442.1761
594628,3.9619,0.003007,332.60, 442.1761
594629,3.9653,0.003114,321.12, 442.1761
594630,3.9683,0.003153,317.17, 442.1767
594631,3.9717,0.003185,313.93, 442.1767
594632,3.9746,0.002947,339.37, 442.1764
594633,3.9775,0.002988,334.63, 442.1767
594634,3.9805,0.002937,340.51, 442.1767
594635,3.9834,0.002957,338.23, 442.1767
594636,3.9863,0.002885,346.57, 442.1855
594637,3.9893,0.003022,330.87, 442.1767
594638,3.9922,0.002906,344.14, 442.1767
594639,3.9951,0.002978,335.83, 442.1767
594640,3.9980,0.002893,345.61, 442.1764
594641,4.0010,0.003055,327.33, 442.1764
594642,4.0039,0.002851,350.74, 442.1767
594643,4.0068,0.002999,333.47, 442.1767
594644,4.0098,0.002905,344.19, 442.1767
594645,4.0127,0.002998,333.54, 442.1761
594646,4.0156,0.002834,352.82, 442.1767
594647,4.0186,0.002984,335.09, 442.1767
594648,4.0215,0.002853,350.50, 442.1767
594649,4.0244,0.002991,334.34, 442.1767
594650,4.0273,0.002893,345.61, 442.1767
594651,4.0303,0.002956,338.33, 442.1767
594652,4.0332,0.002871,348.34, 442.1767
594653,4.0361,0.002980,335.60, 442.1767
594654,4.0391,0.003014,331.75, 442.1767
594655,4.0420,0.002946,339.42, 442.1767
594656,4.0449,0.002882,346.98, 442.1767
594657,4.0479,0.002972,336.51, 442.1767
594658,4.0508,0.002938,340.36, 442.1767
594659,4.0537,0.002940,340.17, 442.1767
594660,4.0566,0.002929,341.38, 442.1761
594661,4.0601,0.003020,331.10, 442.1767
594662,4.0630,0.002992,334.26, 442.1761
594663,4.0659,0.002993,334.14, 442.1767
594664,4.0688,0.002995,333.87, 442.1767
594665,4.0718,0.002963,337.50, 442.1764
594666,4.0747,0.002954,338.55, 442.1764
594667,4.0776,0.002926,341.73, 442.1767
594668,4.0806,0.002954,338.55, 442.1767
594669,4.0835,0.002925,341.86, 442.1764
594670,4.0864,0.002929,341.41, 442.1767
594671,4.0894,0.002890,346.07, 442.1767
594672,4.0923,0.002957,338.13, 442.1767
594673,4.0952,0.002926,341.78, 442.1764
594674,4.0981,0.003052,327.69, 442.1767
594675,4.1011,0.002910,343.70, 442.1786
594676,4.1040,0.003005,332.83, 442.1761
594677,4.1074,0.002962,337.64, 442.1761
594678,4.1104,0.003274,305.40, 442.1767
594679,4.1133,0.002992,334.24, 442.1764
594680,4.1167,0.003118,320.68, 442.1767
594681,4.1196,0.002987,334.78, 442.1764
594682,4.1226,0.003049,328.00, 442.1767
594683,4.1260,0.003261,306.70, 442.1761
594684,4.1294,0.003317,301.46, 442.1761
594685,4.1323,0.003034,329.63, 442.1767
594686,4.1353,0.003000,333.30, 442.1767
594687,4.1382,0.002951,338.89, 442.1764
594688,4.1416,0.003188,313.68, 442.1767
594689,4.1445,0.003034,329.61, 442.1761
594690,4.1475,0.002998,333.53, 442.1764
594691,4.1504,0.002992,334.18, 442.1767
594692,4.1533,0.003020,331.17, 442.1764
594693,4.1563,0.002999,333.49, 442.1761
594694,4.1597,0.003121,320.45, 442.1767
594695,4.1626,0.002953,338.64, 442.1767
594696,4.1655,0.002985,335.03, 442.1767
594697,4.1685,0.002965,337.29, 442.1767
594698,4.1714,0.003024,330.67, 442.1767
594699,4.1743,0.002964,337.42, 442.1767
594700,4.1777,0.003076,325.08, 442.1761
594701,4.1807,0.003109,321.63, 442.1761
594702,4.1836,0.003084,324.26, 442.1764
594703,4.1865,0.002929,341.46, 442.1764
594704,4.1895,0.003054,327.42, 442.1767
594705,4.1929,0.002979,335.66, 442.1761
594706,4.1958,0.002987,334.77, 442.1764
594707,4.1987,0.002896,345.29, 442.2019
594708,4.2017,0.003047,328.23, 442.1761
594709,4.2046,0.003061,326.71, 442.1761
594710,4.2075,0.003101,322.51, 442.1764
594711,4.2104,0.002907,343.97, 442.1768
594712,4.2139,0.003299,303.10, 442.1764
594713,4.2168,0.003003,332.98, 442.1761
594714,4.2202,0.003072,325.56, 442.1767
594715,4.2231,0.002930,341.31, 442.1762
594716,4.2261,0.003256,307.13, 442.1767
594717,4.2290,0.002965,337.30, 442.1767
594718,4.2324,0.003043,328.63, 442.1767
594719,4.2358,0.003389,295.06, 442.1767
594720,4.2388,0.003335,299.87, 442.1767
594721,4.2422,0.003217,310.86, 442.1786
594722,4.2456,0.003325,300.72, 442.1761
594723,4.2490,0.003590,278.57, 442.1764
594724,4.2524,0.003326,300.71, 442.1820
594725,4.2559,0.003311,302.02, 442.1761
594726,4.2588,0.003095,323.12, 442.1767
594727,4.2617,0.003046,328.28, 442.1764
594728,4.2651,0.003126,319.88, 442.1767
594729,4.2681,0.003149,317.52, 442.1761
594730,4.2710,0.002922,342.24, 442.1767
594731,4.2739,0.003086,324.09, 442.1767
594732,4.2769,0.002951,338.86, 442.1786
594733,4.2803,0.003049,327.97, 442.1765
594734,4.2832,0.002924,341.99, 442.1767
594735,4.2861,0.003035,329.53, 442.1768
594736,4.2900,0.003695,270.64, 442.1880
594737,4.2930,0.003029,330.19, 442.1764
594738,4.2959,0.003068,325.96, 442.1761
594739,4.2993,0.003197,312.75, 442.1764
594740,4.3022,0.002967,337.01, 442.1761
594741,4.3052,0.003046,328.29, 442.1767
594742,4.3081,0.002958,338.04, 442.1761
594743,4.3110,0.003055,327.36, 442.1767
594744,4.3140,0.003027,330.32, 442.1761
594745,4.3169,0.002993,334.07, 442.1786
594746,4.3203,0.002934,340.80, 442.1764
594747,4.3232,0.003018,331.40, 442.1768
594748,4.3267,0.003727,268.33, 442.1767
594749,4.3296,0.003001,333.28, 442.1767
594750,4.3325,0.002886,346.50, 442.1767
594751,4.3354,0.002937,340.45, 442.1768
594752,4.3384,0.002958,338.10, 442.1768
594753,4.3423,0.003671,272.43, 442.1764
594754,4.3452,0.003079,324.76, 442.1761
594755,4.3481,0.002993,334.11, 442.1767
594756,4.3516,0.002982,335.38, 442.1762
594757,4.3550,0.003453,289.61, 442.1764
594758,4.3579,0.003048,328.09, 442.1764
594759,4.3608,0.002991,334.35, 442.2392
594760,4.3638,0.002970,336.72, 442.1764
594761,4.3667,0.002975,336.18, 442.1767
594762,4.3696,0.002995,333.91, 442.1762
594763,4.3730,0.003242,308.41, 442.1767
594764,4.3760,0.002978,335.75, 442.1765
594765,4.3789,0.002996,333.76, 442.1767
594766,4.3818,0.002921,342.36, 442.1768
594767,4.3853,0.003189,313.60, 442.1767
594768,4.3882,0.002975,336.11, 442.1765
594769,4.3911,0.003294,303.63, 442.1790
594770,4.3945,0.002942,339.93, 442.1764
594771,4.3975,0.002973,336.33, 442.1767
594772,4.4004,0.003057,327.17, 442.1765
594773,4.4033,0.003074,325.28, 442.1767
594774,4.4063,0.002955,338.46, 442.1768
594775,4.4097,0.003179,314.56, 442.1767
594776,4.4126,0.003029,330.15, 442.1768
594777,4.4155,0.002999,333.48, 442.1767
594778,4.4185,0.003038,329.19, 442.1768
594779,4.4219,0.003246,308.10, 442.1767
594780,4.4248,0.002966,337.20, 442.1768
594781,4.4287,0.003671,272.42, 442.1761
594782,4.4316,0.003332,300.09, 442.1764
594783,4.4346,0.002966,337.19, 442.1767
594784,4.4380,0.003048,328.08, 442.1767
594785,4.4409,0.002941,340.07, 442.1767
594786,4.4438,0.003105,322.03, 442.1767
594787,4.4468,0.002973,336.37, 442.1767
594788,4.4497,0.003044,328.55, 442.1761
594789,4.4531,0.003015,331.72, 442.1767
594790,4.4561,0.003001,333.19, 442.1767
594791,4.4590,0.002962,337.62, 442.1767
594792,4.4619,0.002994,334.01, 442.1764
594793,4.4648,0.002947,339.36, 442.1767
594794,4.4678,0.003139,318.60, 442.1761
594795,4.4707,0.002926,341.75, 442.1767
594796,4.4741,0.003071,325.62, 442.1764
594797,4.4771,0.002967,337.01, 442.1764
594798,4.4800,0.003032,329.78, 442.1768
594799,4.4834,0.003232,309.40, 442.1767
594800,4.4863,0.003036,329.40, 442.1764
594801,4.4893,0.003000,333.36, 442.1761
594802,4.4922,0.002990,334.45, 442.1765
594803,4.4951,0.002948,339.17, 442.1767
594804,4.4980,0.003010,332.23, 442.1765
594805,4.5015,0.003153,317.12, 442.1767
594806,4.5044,0.003025,330.53, 442.1768
594807,4.5083,0.003780,264.54, 442.1767
594808,4.5112,0.003032,329.80, 442.1764
594809,4.5142,0.002886,346.54, 442.1786
594810,4.5171,0.002997,333.68, 442.1767
594811,4.5200,0.002921,342.30, 442.1768
594812,4.5229,0.002996,333.76, 442.1768
594813,4.5264,0.003343,299.14, 442.1767
594814,4.5293,0.003036,329.39, 442.1767
594815,4.5322,0.002916,342.97, 442.1767
594816,4.5352,0.003019,331.26, 442.1765
594817,4.5381,0.002889,346.09, 442.1768
594818,4.5410,0.003085,324.19, 442.1765
594819,4.5444,0.003367,296.98, 442.1767
594820,4.5479,0.003143,318.20, 442.1764
594821,4.5508,0.003104,322.18, 442.1761
594822,4.5537,0.003085,324.17, 442.1764
594823,4.5566,0.002927,341.62, 442.1767
594824,4.5601,0.003125,319.96, 442.1767
594825,4.5630,0.002983,335.21, 442.1764
594826,4.5659,0.002997,333.62, 442.1764
594827,4.5688,0.002904,344.31, 442.1767
594828,4.5718,0.003028,330.21, 442.1768
594829,4.5757,0.003969,251.93, 442.1767
594830,4.5791,0.003230,309.57, 442.1767
594831,4.5820,0.002965,337.26, 442.1767
594832,4.5850,0.003071,325.60, 442.1767
594833,4.5884,0.003029,330.14, 442.1761
594834,4.5913,0.003029,330.11, 442.1764
594835,4.5942,0.002998,333.61, 442.1761
594836,4.5972,0.002992,334.25, 442.1761
594837,4.6001,0.002943,339.74, 442.1786
594838,4.6030,0.002991,334.31, 442.1761
594839,4.6060,0.002986,334.90, 442.1767
594840,4.6094,0.003115,321.08, 442.1761
594841,4.6123,0.002996,333.83, 442.1761
594842,4.6152,0.002983,335.20, 442.1767
594843,4.6182,0.002975,336.09, 442.1767
594844,4.6211,0.003037,329.32, 442.1767
594845,4.6240,0.003007,332.56, 442.1786
594846,4.6270,0.002976,336.07, 442.1767
594847,4.6299,0.002914,343.22, 442.1891
594848,4.6338,0.003485,286.98, 442.1764
594849,4.6367,0.002912,343.38, 442.1764
594850,4.6396,0.003061,326.67, 442.1767
594851,4.6426,0.002931,341.13, 442.1768
594852,4.6455,0.003227,309.85, 442.1767
594853,4.6489,0.003053,327.55, 442.1761
594854,4.6519,0.003023,330.80, 442.1767
594855,4.6548,0.003032,329.78, 442.1768
594856,4.6577,0.003116,320.88, 442.1767
594857,4.6611,0.002983,335.19, 442.1764
594858,4.6641,0.002954,338.54, 442.1767
594859,4.6670,0.002930,341.25, 442.1768
594860,4.6704,0.003413,293.03, 442.1764
594861,4.6733,0.002962,337.64, 442.1845
594862,4.6763,0.003040,328.94, 442.1767
594863,4.6792,0.002945,339.52, 442.1786
594864,4.6821,0.003023,330.76, 442.1910
594865,4.6855,0.003145,317.95, 442.1764
594866,4.6885,0.003077,324.97, 442.1761
594867,4.6914,0.002975,336.15, 442.1768
594868,4.6943,0.003174,315.10, 442.1764
594869,4.6978,0.002966,337.18, 442.1767
594870,4.7007,0.002989,334.52, 442.1767
594871,4.7036,0.003010,332.19, 442.1768
594872,4.7070,0.003505,285.34, 442.1767
594873,4.7100,0.002965,337.28, 442.1767
594874,4.7129,0.002950,338.96, 442.1767
594875,4.7163,0.003117,320.80, 442.1764
594876,4.7192,0.003029,330.20, 442.1767
594877,4.7222,0.002938,340.32, 442.1762
594878,4.7251,0.002956,338.26, 442.1767
594879,4.7280,0.002987,334.84, 442.1768
594880,4.7314,0.003440,290.69, 442.1891
594881,4.7344,0.003179,314.60, 442.1761
594882,4.7378,0.003195,313.04, 442.1761
594883,4.7412,0.003340,299.45, 442.1761
594884,4.7441,0.003131,319.37, 442.1767
594885,4.7471,0.003052,327.62, 442.1761
594886,4.7505,0.002960,337.85, 442.1767
594887,4.7534,0.003007,332.57, 442.1764
594888,4.7563,0.002969,336.79, 442.1764
594889,4.7593,0.003061,326.73, 442.1764
594890,4.7622,0.003047,328.15, 442.1761
594891,4.7656,0.003042,328.73, 442.1764
594892,4.7686,0.002958,338.05, 442.1767
594893,4.7715,0.002994,333.98, 442.1762
594894,4.7744,0.003074,325.34, 442.1764
594895,4.7773,0.003031,329.88, 442.1768
594896,4.7808,0.003139,318.60, 442.1767
594897,4.7837,0.002954,338.52, 442.1765
594898,4.7866,0.002961,337.70, 442.1768
594899,4.7896,0.002994,334.01, 442.1768
594900,4.7930,0.003530,283.25, 442.1767
594901,4.7959,0.003008,332.49, 442.1767
594902,4.7988,0.002964,337.34, 442.1767
594903,4.8018,0.002993,334.16, 442.1768
594904,4.8047,0.002921,342.37, 442.1767
594905,4.8081,0.003007,332.57, 442.1765
594906,4.8115,0.003386,295.35, 442.1767
594907,4.8145,0.002968,336.90, 442.1768
594908,4.8174,0.002934,340.80, 442.1767
594909,4.8203,0.003134,319.12, 442.1762
594910,4.8232,0.002995,333.85, 442.1767
594911,4.8262,0.002995,333.90, 442.1768
594912,4.8296,0.003199,312.61, 442.1764
594913,4.8325,0.003026,330.47, 442.1768
594914,4.8354,0.002955,338.43, 442.1761
594915,4.8384,0.003011,332.16, 442.1768
594916,4.8418,0.003385,295.43, 442.1767
594917,4.8447,0.002974,336.21, 442.1764
594918,4.8477,0.002913,343.24, 442.1767
594919,4.8506,0.002959,337.95, 442.1768
594920,4.8540,0.003096,323.02, 442.1767
594921,4.8569,0.003038,329.17, 442.1765
594922,4.8599,0.003201,312.36, 442.1764
594923,4.8633,0.003086,324.08, 442.1762
594924,4.8662,0.002925,341.88, 442.1764
594925,4.8691,0.003023,330.81, 442.1765
594926,4.8721,0.003042,328.73, 442.1767
594927,4.8755,0.003080,324.70, 442.1768
594928,4.8784,0.003272,305.61, 442.1767
594929,4.8813,0.002984,335.18, 442.1761
594930,4.8843,0.002873,348.13, 442.1767
594931,4.8872,0.002996,333.82, 442.1768
594932,4.8906,0.003466,288.54, 442.1761
594933,4.8940,0.003144,318.12, 442.1761
594934,4.8970,0.002918,342.65, 442.1767
594935,4.8999,0.003048,328.08, 442.1767
594936,4.9028,0.002951,338.83, 442.1764
594937,4.9058,0.003073,325.43, 442.1765
594938,4.9087,0.002958,338.05, 442.1768
594939,4.9121,0.003102,322.40, 442.1768
594940,4.9150,0.002877,347.61, 442.1767
594941,4.9180,0.003095,323.06, 442.1768
594942,4.9214,0.003210,311.55, 442.1768
594943,4.9243,0.003043,328.61, 442.1768
594944,4.9272,0.002903,344.52, 442.1761
594945,4.9302,0.002984,335.12, 442.1768
594946,4.9331,0.003198,312.72, 442.1764
594947,4.9365,0.003103,322.30, 442.1768
594948,4.9395,0.003025,330.60, 442.1767
594949,4.9424,0.003033,329.71, 442.1768
594950,4.9458,0.003109,321.68, 442.1761
594951,4.9487,0.003101,322.50, 442.1764
594952,4.9517,0.003027,330.39, 442.1761
594953,4.9551,0.003176,314.85, 442.1765
594954,4.9585,0.003610,276.99, 442.1761
594955,4.9614,0.003086,324.07, 442.1767
594956,4.9644,0.002972,336.46, 442.1761
594957,4.9678,0.003289,304.02, 442.1761
594958,4.9707,0.002998,333.57, 442.1764
594959,4.9741,0.003017,331.49, 442.1767
594960,4.9771,0.002930,341.25, 442.1805
594961,4.9800,0.002994,334.06, 442.1765
594962,4.9829,0.003085,324.16, 442.1768
594963,4.9863,0.003357,297.92, 442.1767
594964,4.9893,0.002991,334.36, 442.1761
594965,4.9922,0.002991,334.34, 442.1767
594966,4.9951,0.002923,342.10, 442.1768
594967,4.9985,0.003316,301.57, 442.1767
594968,5.0015,0.002969,336.85, 442.1764
594969,5.0044,0.003072,325.57, 442.1767
594970,5.0073,0.002950,339.04, 442.1768
594971,5.0107,0.003215,311.07, 442.1767
594972,5.0137,0.003050,327.83, 442.1764
594973,5.0166,0.003094,323.19, 442.1767
594974,5.0200,0.002984,335.12, 442.1768
594975,5.0229,0.002979,335.67, 442.1767
594976,5.0259,0.002980,335.54, 442.1767
594977,5.0288,0.003007,332.51, 442.1768
594978,5.0317,0.002938,340.41, 442.1765
594979,5.0352,0.003505,285.31, 442.1761
594980,5.0381,0.002953,338.63, 442.1767
594981,5.0415,0.003116,320.89, 442.1761
594982,5.0444,0.003016,331.54, 442.1764
594983,5.0474,0.003091,323.54, 442.1764
594984,5.0503,0.002978,335.75, 442.1767
594985,5.0532,0.002954,338.48, 442.1767
594986,5.0562,0.002937,340.50, 442.1762
594987,5.0596,0.003336,299.79, 442.1767
594988,5.0625,0.003043,328.67, 442.1767
594989,5.0659,0.003058,327.01, 442.1801
594990,5.0688,0.002960,337.88, 442.1768
594991,5.0718,0.002998,333.57, 442.1767
594992,5.0747,0.003024,330.69, 442.1762
594993,5.0776,0.003118,320.70, 442.1764
594994,5.0806,0.002999,333.47, 442.1765
594995,5.0840,0.003068,326.00, 442.1761
594996,5.0869,0.002925,341.93, 442.1768
594997,5.0903,0.003317,301.50, 442.1790
594998,5.0933,0.003008,332.44, 442.1762
594999,5.0962,0.002940,340.15, 442.1767
595000,5.0991,0.002953,338.62, 442.1768
595001,5.1021,0.003271,305.74, 442.1761
595002,5.1055,0.003004,332.90, 442.1762
595003,5.1089,0.003398,294.33, 442.1767
595004,5.1118,0.003060,326.83, 442.1761
595005,5.1147,0.002929,341.47, 442.1767
595006,5.1177,0.002947,339.37, 442.1767
595007,5.1206,0.002989,334.62, 442.1767
595008,5.1235,0.002947,339.36, 442.1765
595009,5.1270,0.003281,304.79, 442.1767
595010,5.1299,0.002986,334.91, 442.1768
595011,5.1328,0.002986,334.85, 442.1764
595012,5.1357,0.003008,332.46, 442.1762
595013,5.1392,0.003551,281.59, 442.1764
595014,5.1426,0.003164,316.09, 442.1767
595015,5.1455,0.002949,339.12, 442.1767
595016,5.1484,0.002991,334.36, 442.1764
595017,5.1514,0.002923,342.16, 442.1767
595018,5.1543,0.002994,334.02, 442.1761
595019,5.1572,0.003006,332.65, 442.1767
595020,5.1602,0.002971,336.54, 442.1762
595021,5.1636,0.003008,332.48, 442.1761
595022,5.1665,0.002930,341.32, 442.1768
595023,5.1699,0.003567,280.34, 442.1767
595024,5.1729,0.003031,329.89, 442.1767
595025,5.1758,0.002941,340.07, 442.1767
595026,5.1787,0.003048,328.11, 442.1767
595027,5.1816,0.002943,339.82, 442.1767
595028,5.1846,0.002976,335.99, 442.1768
595029,5.1880,0.003014,331.79, 442.1767
595030,5.1909,0.003014,331.83, 442.1765
595031,5.1938,0.003154,317.10, 442.1767
595032,5.1968,0.003025,330.57, 442.1768
595033,5.2002,0.003030,330.08, 442.1767
595034,5.2031,0.003036,329.39, 442.1765
595035,5.2065,0.003293,303.72, 442.1767
595036,5.2095,0.003022,330.95, 442.1767
595037,5.2124,0.002920,342.49, 442.1764
595038,5.2153,0.002987,334.74, 442.1765
595039,5.2188,0.003250,307.73, 442.1767
595040,5.2217,0.003001,333.18, 442.1765
595041,5.2251,0.003549,281.80, 442.1767
595042,5.2280,0.002980,335.63, 442.1768
595043,5.2310,0.003071,325.63, 442.1767
595044,5.2344,0.003373,296.50, 442.1761
595045,5.2378,0.003231,309.50, 442.1767
595046,5.2412,0.003229,309.68, 442.1767
595047,5.2441,0.003334,299.92, 442.1761
595048,5.2476,0.003478,287.55, 442.1761
595049,5.2515,0.003509,285.01, 442.1767
595050,5.2544,0.003263,306.49, 442.1764
595051,5.2578,0.003085,324.19, 442.1767
595052,5.2607,0.002980,335.54, 442.1767
595053,5.2637,0.003012,331.99, 442.1767
595054,5.2666,0.002968,336.94, 442.1767
595055,5.2695,0.003095,323.14, 442.1767
595056,5.2725,0.002999,333.48, 442.1767
595057,5.2759,0.002968,336.88, 442.1767
595058,5.2788,0.002997,333.69, 442.1764
595059,5.2817,0.002989,334.54, 442.1767
595060,5.2847,0.002957,338.18, 442.1761
595061,5.2876,0.003003,332.97, 442.1765
595062,5.2905,0.003111,321.49, 442.1764
595063,5.2935,0.002948,339.20, 442.1765
595064,5.2969,0.003017,331.48, 442.1767
595065,5.2998,0.002970,336.76, 442.1768
595066,5.3027,0.003282,304.66, 442.1767
595067,5.3057,0.002950,338.95, 442.1762
595068,5.3091,0.003351,298.41, 442.1767
595069,5.3125,0.003224,310.15, 442.1764
595070,5.3154,0.002989,334.52, 442.1761
595071,5.3184,0.003013,331.95, 442.1767
595072,5.3213,0.002925,341.93, 442.1767
595073,5.3242,0.003002,333.12, 442.1768
595074,5.3276,0.003089,323.78, 442.1761
595075,5.3306,0.003049,328.03, 442.1767
595076,5.3335,0.002965,337.26, 442.1761
595077,5.3364,0.002966,337.20, 442.1765
595078,5.3398,0.003326,300.69, 442.1767
595079,5.3428,0.002977,335.91, 442.1767
595080,5.3457,0.002977,335.97, 442.1767
595081,5.3486,0.002979,335.71, 442.1765
595082,5.3521,0.003124,320.12, 442.1767
595083,5.3550,0.003012,332.03, 442.1768
595084,5.3579,0.003087,323.95, 442.1767
595085,5.3608,0.002984,335.11, 442.1768
595086,5.3638,0.003010,332.19, 442.1767
595087,5.3667,0.002996,333.74, 442.1768
595088,5.3701,0.003116,320.91, 442.1767
595089,5.3730,0.003075,325.22, 442.1765
595090,5.3765,0.003107,321.90, 442.1767
595091,5.3794,0.003042,328.79, 442.1768
595092,5.3823,0.002980,335.53, 442.1767
595093,5.3853,0.002957,338.24, 442.1768
595094,5.3887,0.003425,291.96, 442.1767
595095,5.3916,0.003018,331.39, 442.1767
595096,5.3945,0.002932,341.10, 442.1767
595097,5.3975,0.002995,333.90, 442.1768
595098,5.4004,0.003024,330.67, 442.1767
595099,5.4038,0.003045,328.36, 442.1762
595100,5.4072,0.003424,292.09, 442.1767
595101,5.4102,0.002978,335.83, 442.1767
595102,5.4131,0.002881,347.07, 442.1767
595103,5.4160,0.002944,339.72, 442.1768
595104,5.4189,0.003091,323.53, 442.1767
595105,5.4219,0.003052,327.62, 442.1765
595106,5.4253,0.003038,329.21, 442.1767
595107,5.4282,0.002990,334.41, 442.1765
595108,5.4312,0.003235,309.09, 442.1767
595109,5.4346,0.003045,328.44, 442.1764
595110,5.4375,0.002933,341.01, 442.1767
595111,5.4404,0.002978,335.85, 442.1768
595112,5.4434,0.003222,310.41, 442.1767
595113,5.4463,0.003031,329.94, 442.1765
595114,5.4492,0.002964,337.43, 442.1767
595115,5.4526,0.002990,334.48, 442.1768
595116,5.4556,0.003080,324.71, 442.1767
595117,5.4585,0.003000,333.36, 442.1762
595118,5.4619,0.003409,293.31, 442.1767
595119,5.4648,0.003153,317.15, 442.1761
595120,5.4683,0.003004,332.90, 442.1764
595121,5.4712,0.003105,322.08, 442.1764
595122,5.4741,0.003010,332.21, 442.1761
595123,5.4771,0.003085,324.14, 442.1767
595124,5.4805,0.003054,327.47, 442.1761
595125,5.4834,0.003144,318.06, 442.1764
595126,5.4863,0.003000,333.32, 442.1764
595127,5.4897,0.003105,322.11, 442.1764
595128,5.4927,0.002988,334.67, 442.1767
595129,5.4956,0.003143,318.19, 442.1761
595130,5.4990,0.003061,326.71, 442.1761
595131,5.5020,0.003156,316.84, 442.1764
595132,5.5049,0.003046,328.32, 442.1764
595133,5.5083,0.003088,323.79, 442.1767
595134,5.5112,0.002953,338.63, 442.1767
595135,5.5142,0.003057,327.09, 442.1767
595136,5.5171,0.002875,347.81, 442.2029
595137,5.5200,0.003027,330.41, 442.1767
595138,5.5229,0.002999,333.43, 442.1767
595139,5.5259,0.003018,331.32, 442.1767
595140,5.5288,0.002960,337.88, 442.1767
595141,5.5317,0.002998,333.51, 442.1768
595142,5.5347,0.002919,342.58, 442.1764
595143,5.5381,0.003062,326.61, 442.1765
595144,5.5415,0.003393,294.71, 442.1761
595145,5.5444,0.003233,309.31, 442.1761
595146,5.5474,0.003032,329.85, 442.1767
595147,5.5508,0.003035,329.50, 442.1764
595148,5.5537,0.002910,343.61, 442.1767
595149,5.5566,0.002997,333.66, 442.1762
595150,5.5601,0.003433,291.28, 442.1765
595151,5.5630,0.003000,333.34, 442.1765
595152,5.5659,0.003050,327.87, 442.1761
595153,5.5693,0.003148,317.67, 442.1765
595154,5.5723,0.003037,329.27, 442.1765
595155,5.5757,0.003504,285.42, 442.1767
595156,5.5786,0.002934,340.83, 442.1764
595157,5.5815,0.002960,337.85, 442.1767
595158,5.5845,0.002943,339.81, 442.1765
595159,5.5879,0.003412,293.08, 442.1767
595160,5.5908,0.002976,336.06, 442.1764
595161,5.5938,0.002998,333.56, 442.1767
595162,5.5967,0.002938,340.38, 442.1786
595163,5.6001,0.003094,323.16, 442.1764
595164,5.6030,0.002929,341.39, 442.1767
595165,5.6060,0.002959,337.94, 442.1768
595166,5.6089,0.003096,322.98, 442.1768
595167,5.6123,0.003522,283.97, 442.1767
595168,5.6152,0.002967,337.10, 442.1764
595169,5.6187,0.002966,337.13, 442.1764
595170,5.6216,0.003013,331.87, 442.1768
595171,5.6245,0.003048,328.14, 442.1767
595172,5.6274,0.002899,344.99, 442.1768
595173,5.6309,0.003346,298.91, 442.1767
595174,5.6338,0.002928,341.48, 442.1768
595175,5.6367,0.002987,334.75, 442.1767
595176,5.6396,0.002997,333.70, 442.1765
595177,5.6431,0.003382,295.66, 442.1767
595178,5.6460,0.003033,329.66, 442.1767
595179,5.6489,0.003027,330.35, 442.1767
595180,5.6523,0.003048,328.07, 442.1767
595181,5.6553,0.003014,331.84, 442.1764
595182,5.6582,0.003059,326.95, 442.1768
595183,5.6616,0.003353,298.21, 442.1767
595184,5.6646,0.003081,324.55, 442.1767
595185,5.6675,0.002942,339.92, 442.1767
595186,5.6704,0.002982,335.38, 442.1764
595187,5.6733,0.002966,337.13, 442.1764
595188,5.6763,0.002937,340.47, 442.1765
595189,5.6797,0.003034,329.57, 442.1767
595190,5.6826,0.002952,338.76, 442.1768
595191,5.6855,0.003349,298.60, 442.1767
595192,5.6890,0.003048,328.04, 442.1767
595193,5.6919,0.003012,332.06, 442.1767
595194,5.6948,0.002972,336.50, 442.1765
595195,5.6978,0.003042,328.72, 442.1767
595196,5.7012,0.003108,321.76, 442.1765
595197,5.7041,0.003014,331.81, 442.1767
595198,5.7070,0.002985,335.02, 442.1768
595199,5.7104,0.003721,268.76, 442.1767
595200,5.7139,0.003010,332.27, 442.1761
595201,5.7168,0.002964,337.42, 442.1767
595202,5.7197,0.003040,328.96, 442.1767
595203,5.7227,0.002965,337.33, 442.1767
595204,5.7256,0.002970,336.67, 442.1768
595205,5.7285,0.003053,327.58, 442.1767
595206,5.7319,0.003043,328.63, 442.1768
595207,5.7349,0.003005,332.79, 442.1767
595208,5.7378,0.002981,335.51, 442.1768
595209,5.7412,0.003392,294.79, 442.1761
595210,5.7441,0.003070,325.74, 442.1761
595211,5.7471,0.003002,333.16, 442.1761
595212,5.7505,0.003074,325.33, 442.1761
595213,5.7534,0.002969,336.84, 442.1761
595214,5.7563,0.003128,319.72, 442.1761
595215,5.7593,0.003052,327.69, 442.1767
595216,5.7627,0.003160,316.44, 442.1767
595217,5.7656,0.003012,331.98, 442.1761
595218,5.7686,0.003094,323.24, 442.1764
595219,5.7715,0.002944,339.73, 442.1767
595220,5.7744,0.003035,329.48, 442.1761
595221,5.7778,0.003258,306.91, 442.1761
595222,5.7813,0.003111,321.46, 442.1767
595223,5.7842,0.002988,334.63, 442.1767
595224,5.7871,0.003112,321.34, 442.1761
595225,5.7900,0.002978,335.83, 442.1764
595226,5.7935,0.003164,316.11, 442.1767
595227,5.7964,0.002967,337.02, 442.1767
595228,5.7993,0.003104,322.16, 442.1767
595229,5.8022,0.002971,336.64, 442.1761
595230,5.8052,0.003108,321.79, 442.1761
595231,5.8086,0.003163,316.18, 442.1767
595232,5.8115,0.003036,329.40, 442.1761
595233,5.8145,0.002898,345.09, 442.1767
595234,5.8174,0.003029,330.10, 442.1764
595235,5.8208,0.003045,328.37, 442.1761
595236,5.8237,0.003102,322.34, 442.1761
595237,5.8267,0.002964,337.40, 442.1767
595238,5.8296,0.003023,330.80, 442.1767
595239,5.8325,0.002895,345.47, 442.1767
595240,5.8354,0.002963,337.46, 442.1768
595241,5.8384,0.003077,324.98, 442.1764
595242,5.8418,0.003026,330.44, 442.1768
595243,5.8447,0.003291,303.87, 442.1767
595244,5.8481,0.003103,322.29, 442.1761
595245,5.8511,0.003007,332.52, 442.1767
595246,5.8540,0.003085,324.14, 442.1767
595247,5.8574,0.003215,311.01, 442.1767
595248,5.8604,0.003047,328.16, 442.1761
595249,5.8633,0.002885,346.63, 442.1767
595250,5.8662,0.002995,333.88, 442.1768
595251,5.8691,0.002940,340.16, 442.1767
595252,5.8721,0.003037,329.29, 442.1768
595253,5.8755,0.003197,312.83, 442.1767
595254,5.8784,0.003028,330.24, 442.1765
595255,5.8813,0.002995,333.87, 442.1767
595256,5.8843,0.003033,329.75, 442.1765
595257,5.8877,0.002971,336.55, 442.1768
595258,5.8906,0.003047,328.15, 442.1765
595259,5.8940,0.003518,284.28, 442.1767
595260,5.8970,0.002971,336.61, 442.1768
595261,5.8999,0.002923,342.16, 442.1764
595262,5.9028,0.002979,335.68, 442.1768
595263,5.9063,0.003343,299.15, 442.1767
595264,5.9092,0.003018,331.38, 442.1765
595265,5.9121,0.003072,325.56, 442.1764
595266,5.9155,0.003085,324.18, 442.1764
595267,5.9185,0.003011,332.08, 442.1761
595268,5.9214,0.003065,326.30, 442.1762
595269,5.9243,0.003050,327.90, 442.1777
595270,5.9282,0.003550,281.73, 442.1764
595271,5.9312,0.003018,331.40, 442.1761
595272,5.9341,0.003081,324.56, 442.1761
595273,5.9370,0.002984,335.18, 442.1786
595274,5.9404,0.003058,327.00, 442.1764
595275,5.9434,0.003096,323.01, 442.1767
595276,5.9463,0.003050,327.83, 442.1767
595277,5.9497,0.003100,322.60, 442.1761
595278,5.9526,0.003113,321.26, 442.1767
595279,5.9556,0.003071,325.63, 442.1767
595280,5.9585,0.003072,325.55, 442.1764
595281,5.9619,0.002983,335.27, 442.1761
595282,5.9648,0.003006,332.68, 442.1767
595283,5.9678,0.002984,335.08, 442.1764
595284,5.9707,0.002983,335.24, 442.1764
595285,5.9736,0.002910,343.61, 442.1806
595286,5.9771,0.003312,301.94, 442.1764
595287,5.9800,0.002980,335.62, 442.1767
595288,5.9829,0.002952,338.79, 442.1901
595289,5.9858,0.002953,338.64, 442.1768
595290,5.9893,0.003405,293.73, 442.1761
595291,5.9922,0.003000,333.32, 442.1764
595292,5.9951,0.003053,327.60, 442.1761
595293,5.9985,0.003078,324.91, 442.1761
595294,6.0015,0.003070,325.70, 442.1767
595295,6.0044,0.003035,329.50, 442.1761
595296,6.0073,0.003077,325.01, 442.1761
595297,6.0107,0.003045,328.43, 442.1761
595298,6.0137,0.003049,327.94, 442.1767
595299,6.0166,0.003000,333.31, 442.1764
595300,6.0195,0.003104,322.21, 442.1761
595301,6.0229,0.003027,330.36, 442.1765
595302,6.0259,0.003032,329.82, 442.1768
595303,6.0293,0.003461,288.96, 442.1768
595304,6.0322,0.003008,332.45, 442.1764
595305,6.0352,0.002940,340.11, 442.1765
595306,6.0381,0.003099,322.66, 442.1767
595307,6.0410,0.002961,337.70, 442.1791
595308,6.0444,0.003192,313.30, 442.1767
595309,6.0474,0.002975,336.17, 442.1768
595310,6.0508,0.003269,305.91, 442.1767
595311,6.0537,0.002984,335.11, 442.1768
595312,6.0566,0.003093,323.32, 442.1767
595313,6.0596,0.003019,331.26, 442.1765
595314,6.0630,0.003347,298.74, 442.1764
595315,6.0664,0.003128,319.67, 442.1767
595316,6.0693,0.003014,331.82, 442.1761
595317,6.0723,0.003085,324.16, 442.1764
595318,6.0752,0.003098,322.84, 442.1767
595319,6.0786,0.003063,326.46, 442.1767
595320,6.0815,0.002958,338.12, 442.1767
595321,6.0845,0.002968,336.95, 442.1767
595322,6.0874,0.002930,341.36, 442.1767
595323,6.0903,0.003192,313.24, 442.1767
595324,6.0938,0.003164,316.08, 442.1767
595325,6.0967,0.003015,331.65, 442.1761
595326,6.0996,0.002958,338.12, 442.1764
595327,6.1025,0.003019,331.28, 442.1768
595328,6.1055,0.002937,340.50, 442.1767
595329,6.1089,0.003107,321.82, 442.1768
595330,6.1118,0.003189,313.59, 442.1764
595331,6.1147,0.003023,330.75, 442.1761
595332,6.1182,0.002967,337.01, 442.2392
595333,6.1211,0.003020,331.17, 442.1762
595334,6.1240,0.003269,305.91, 442.1767
595335,6.1274,0.003001,333.24, 442.1767
595336,6.1304,0.002915,343.06, 442.1764
595337,6.1333,0.002975,336.11, 442.1762
595338,6.1362,0.003060,326.82, 442.1767
595339,6.1392,0.003202,312.30, 442.1765
595340,6.1426,0.003079,324.78, 442.1764
595341,6.1455,0.002991,334.35, 442.1768
595342,6.1484,0.002971,336.56, 442.1767
595343,6.1514,0.002999,333.47, 442.1768
595344,6.1548,0.003227,309.93, 442.1764
595345,6.1577,0.003316,301.54, 442.1761
595346,6.1611,0.003008,332.50, 442.1764
595347,6.1641,0.003031,329.88, 442.1767
595348,6.1670,0.002890,346.04, 442.1767
595349,6.1699,0.003047,328.18, 442.1767
595350,6.1729,0.002892,345.84, 442.1764
595351,6.1758,0.002991,334.30, 442.1768
595352,6.1792,0.003348,298.65, 442.1820
595353,6.1821,0.003020,331.17, 442.1764
595354,6.1851,0.002990,334.44, 442.1767
595355,6.1880,0.003049,327.94, 442.1768
595356,6.1914,0.002947,339.29, 442.1764
595357,6.1943,0.002989,334.55, 442.1768
595358,6.1973,0.003000,333.34, 442.1768
595359,6.2002,0.003205,312.05, 442.1768
595360,6.2031,0.002901,344.73, 442.1767
595361,6.2061,0.003024,330.69, 442.1768
595362,6.2095,0.003369,296.81, 442.1761
595363,6.2129,0.003075,325.19, 442.1767
595364,6.2158,0.002991,334.37, 442.1764
595365,6.2192,0.003295,303.52, 442.1764
595366,6.2222,0.003134,319.10, 442.1764
595367,6.2251,0.003017,331.42, 442.1870
595368,6.2280,0.002969,336.77, 442.1761
595369,6.2314,0.003268,305.97, 442.1761
595370,6.2349,0.003614,276.67, 442.1762
595371,6.2383,0.003190,313.53, 442.1840
595372,6.2412,0.003106,321.99, 442.1761
595373,6.2446,0.003457,289.24, 442.1764
595374,6.2485,0.003588,278.75, 442.1761
595375,6.2515,0.003337,299.67, 442.1761
595376,6.2549,0.003237,308.95, 442.1767
595377,6.2578,0.003067,326.10, 442.1761
595378,6.2612,0.003041,328.84, 442.1767
595379,6.2642,0.002927,341.62, 442.1764
595380,6.2671,0.002990,334.49, 442.1761
595381,6.2700,0.002960,337.82, 442.1767
595382,6.2729,0.003078,324.92, 442.1767
595383,6.2759,0.003003,333.00, 442.1767
595384,6.2788,0.003036,329.38, 442.1767
595385,6.2817,0.002898,345.11, 442.1767
595386,6.2847,0.002960,337.79, 442.1767
595387,6.2876,0.002902,344.58, 442.1767
595388,6.2910,0.003082,324.45, 442.1764
595389,6.2939,0.002894,345.57, 442.1767
595390,6.2969,0.002965,337.33, 442.1767
595391,6.2998,0.002933,340.94, 442.1767
595392,6.3027,0.002927,341.67, 442.1761
595393,6.3057,0.002974,336.20, 442.1767
595394,6.3086,0.002947,339.33, 442.1768
595395,6.3120,0.003287,304.21, 442.1767
595396,6.3149,0.003129,319.64, 442.1767
595397,6.3179,0.002927,341.71, 442.1767
595398,6.3208,0.002979,335.69, 442.1768
595399,6.3237,0.003080,324.64, 442.1767
595400,6.3271,0.003083,324.35, 442.1762
595401,6.3301,0.003104,322.16, 442.1761
595402,6.3330,0.003002,333.10, 442.1761
595403,6.3359,0.002946,339.44, 442.1767
595404,6.3389,0.003013,331.86, 442.1762
595405,6.3423,0.003248,307.84, 442.1767
595406,6.3452,0.002958,338.11, 442.1768
595407,6.3486,0.003207,311.78, 442.1767
595408,6.3516,0.003003,333.03, 442.1767
595409,6.3545,0.002923,342.11, 442.1767
595410,6.3574,0.003110,321.60, 442.1765
595411,6.3608,0.003126,319.93, 442.1761
595412,6.3638,0.002997,333.68, 442.1768
595413,6.3667,0.002945,339.56, 442.1767
595414,6.3696,0.003090,323.61, 442.1765
595415,6.3730,0.003466,288.55, 442.1767
595416,6.3760,0.002968,336.96, 442.1765
595417,6.3789,0.002950,339.04, 442.1767
595418,6.3818,0.002950,339.04, 442.1768
595419,6.3853,0.003417,292.69, 442.1767
595420,6.3882,0.003004,332.88, 442.1765
595421,6.3911,0.002936,340.60, 442.1767
595422,6.3945,0.003173,315.16, 442.1768
595423,6.3975,0.003168,315.64, 442.1767
595424,6.4009,0.003069,325.82, 442.1761
595425,6.4038,0.003025,330.61, 442.1764
595426,6.4067,0.003167,315.72, 442.1761
595427,6.4102,0.003027,330.32, 442.1767
595428,6.4131,0.003078,324.90, 442.1767
595429,6.4160,0.002970,336.71, 442.1761
595430,6.4189,0.003132,319.26, 442.1767
595431,6.4219,0.002880,347.26, 442.1777
595432,6.4253,0.003059,326.86, 442.1768
595433,6.4287,0.003513,284.68, 442.1764
595434,6.4316,0.003014,331.80, 442.1764
595435,6.4346,0.002893,345.72, 442.1767
595436,6.4375,0.003051,327.82, 442.1762
595437,6.4404,0.002910,343.68, 442.1765
595438,6.4434,0.003052,327.69, 442.1765
595439,6.4468,0.003444,290.34, 442.1767
595440,6.4502,0.002975,336.19, 442.1768
595441,6.4526,0.002919,342.62, 442.1764
595442,6.4561,0.003017,331.42, 442.1762
595443,6.4590,0.003142,318.23, 442.1765
595444,6.4619,0.003036,329.40, 442.1765
595445,6.4653,0.003306,302.46, 442.1767
595446,6.4683,0.003017,331.43, 442.1762
595447,6.4712,0.002897,345.23, 442.1764
595448,6.4741,0.002998,333.61, 442.1762
595449,6.4775,0.003135,318.96, 442.1768
595450,6.4810,0.003460,289.05, 442.1767
595451,6.4839,0.002963,337.45, 442.1761
595452,6.4868,0.002947,339.33, 442.1767
595453,6.4897,0.002915,343.11, 442.1765
595454,6.4932,0.003464,288.65, 442.1767
595455,6.4961,0.002907,344.06, 442.1764
595456,6.4990,0.003097,322.93, 442.1767
595457,6.5020,0.002973,336.39, 442.1768
595458,6.5049,0.002977,335.90, 442.1767
595459,6.5078,0.002885,346.58, 442.1764
595460,6.5112,0.002988,334.64, 442.1765
595461,6.5142,0.003125,319.99, 442.1768
595462,6.5176,0.003484,287.04, 442.1767
595463,6.5205,0.002981,335.47, 442.1767
595464,6.5234,0.002967,337.01, 442.1764
595465,6.5264,0.002876,347.74, 442.1765
595466,6.5298,0.003407,293.48, 442.1767
595467,6.5327,0.002964,337.40, 442.1764
595468,6.5356,0.002969,336.83, 442.1764
595469,6.5386,0.002931,341.18, 442.1762
595470,6.5420,0.003346,298.90, 442.1765
595471,6.5449,0.003109,321.61, 442.1768
595472,6.5483,0.003091,323.54, 442.1767
595473,6.5513,0.002908,343.86, 442.1768
595474,6.5547,0.003399,294.21, 442.1767
595475,6.5576,0.002912,343.43, 442.1765
595476,6.5605,0.003260,306.73, 442.1767
595477,6.5640,0.003062,326.63, 442.1767
595478,6.5669,0.003060,326.79, 442.1764
595479,6.5698,0.003007,332.57, 442.1767
595480,6.5728,0.002995,333.87, 442.1764
595481,6.5757,0.002953,338.64, 442.1768
595482,6.5786,0.003053,327.56, 442.1767
595483,6.5820,0.002933,340.90, 442.1762
595484,6.5850,0.003273,305.56, 442.1764
595485,6.5879,0.003034,329.59, 442.1765
595486,6.5908,0.002968,336.90, 442.1767
595487,6.5938,0.002905,344.20, 442.1765
595488,6.5972,0.003285,304.44, 442.1761
595489,6.6001,0.002958,338.10, 442.1768
595490,6.6030,0.003008,332.40, 442.1767
595491,6.6060,0.002927,341.62, 442.1768
595492,6.6099,0.003482,287.17, 442.1767
595493,6.6128,0.002973,336.33, 442.1764
595494,6.6157,0.002934,340.80, 442.1767
595495,6.6187,0.002998,333.56, 442.1765
595496,6.6216,0.003042,328.79, 442.1767
595497,6.6245,0.002948,339.17, 442.1768
595498,6.6279,0.003215,311.02, 442.1767
595499,6.6309,0.002977,335.97, 442.1768
595500,6.6338,0.003057,327.17, 442.1764
595501,6.6367,0.002959,337.97, 442.1768
595502,6.6401,0.003383,295.56, 442.1764
595503,6.6431,0.003075,325.18, 442.1761
595504,6.6460,0.002995,333.88, 442.1764
595505,6.6494,0.003101,322.44, 442.1761
595506,6.6523,0.002997,333.63, 442.1764
595507,6.6553,0.003123,320.18, 442.1761
595508,6.6587,0.003199,312.62, 442.1764
595509,6.6616,0.002994,333.98, 442.1767
595510,6.6646,0.002971,336.63, 442.1761
595511,6.6675,0.003005,332.73, 442.1761
595512,6.6704,0.002944,339.63, 442.1767
595513,6.6733,0.003022,330.90, 442.1765
595514,6.6763,0.002952,338.73, 442.1767
595515,6.6797,0.002997,333.66, 442.1768
595516,6.6826,0.003257,307.01, 442.1767
595517,6.6855,0.002932,341.08, 442.1768
595518,6.6885,0.002997,333.67, 442.1767
595519,6.6914,0.002942,339.95, 442.1768
595520,6.6953,0.003577,279.53, 442.1835
595521,6.6982,0.003039,329.11, 442.1767
595522,6.7012,0.002950,338.95, 442.1767
595523,6.7041,0.002973,336.32, 442.1777
595524,6.7070,0.002933,340.97, 442.1786
595525,6.7100,0.002985,335.06, 442.1765
595526,6.7134,0.003148,317.70, 442.1767
595527,6.7163,0.002954,338.50, 442.1765
595528,6.7192,0.003095,323.11, 442.1767
595529,6.7222,0.002984,335.14, 442.1765
595530,6.7256,0.003262,306.59, 442.1767
595531,6.7285,0.003011,332.16, 442.1765
595532,6.7314,0.002983,335.23, 442.1767
595533,6.7344,0.003012,332.02, 442.1765
595534,6.7378,0.003360,297.63, 442.1767
595535,6.7407,0.003009,332.37, 442.1768
595536,6.7441,0.003441,290.62, 442.1767
595537,6.7476,0.002990,334.41, 442.1768
595538,6.7505,0.003049,327.94, 442.1767
595539,6.7534,0.003080,324.66, 442.1762
595540,6.7563,0.002886,346.46, 442.1767
595541,6.7593,0.003096,322.98, 442.1765
595542,6.7627,0.003402,293.94, 442.1764
595543,6.7661,0.003119,320.57, 442.1767
595544,6.7690,0.003007,332.58, 442.1850
595545,6.7720,0.003040,328.91, 442.1767
595546,6.7749,0.002937,340.52, 442.1767
595547,6.7778,0.003016,331.57, 442.1768
595548,6.7808,0.002922,342.27, 442.1767
595549,6.7837,0.003033,329.73, 442.1765
595550,6.7871,0.003116,320.93, 442.1786
595551,6.7900,0.003038,329.12, 442.1765
595552,6.7930,0.003018,331.39, 442.1767
595553,6.7959,0.003016,331.52, 442.1765
595554,6.7993,0.003258,306.96, 442.1764
595555,6.8022,0.002991,334.33, 442.1768
595556,6.8052,0.002959,337.96, 442.1767
595557,6.8081,0.002990,334.48, 442.1768
595558,6.8125,0.003978,251.36, 442.1825
595559,6.8154,0.002985,334.97, 442.1767
595560,6.8184,0.002916,342.99, 442.1786
595561,6.8213,0.003160,316.43, 442.1767
595562,6.8242,0.003038,329.16, 442.1881
595563,6.8281,0.003593,278.34, 442.1761
595564,6.8311,0.003246,308.09, 442.1767
595565,6.8340,0.002984,335.14, 442.1761
595566,6.8374,0.003017,331.49, 442.1761
595567,6.8403,0.002992,334.21, 442.1767
595568,6.8433,0.003034,329.55, 442.1764
595569,6.8462,0.003026,330.49, 442.1764
595570,6.8491,0.003007,332.51, 442.1768
595571,6.8525,0.003284,304.53, 442.1767
595572,6.8555,0.002936,340.56, 442.1762
595573,6.8584,0.003082,324.48, 442.1767
595574,6.8618,0.003014,331.77, 442.1768
595575,6.8647,0.003081,324.56, 442.1767
595576,6.8677,0.002966,337.19, 442.1768
595577,6.8706,0.003105,322.07, 442.1764
595578,6.8740,0.003039,329.06, 442.1768
595579,6.8770,0.003284,304.53, 442.1767
595580,6.8799,0.002982,335.40, 442.1767
595581,6.8828,0.002921,342.37, 442.1767
595582,6.8857,0.002944,339.72, 442.1768
595583,6.8892,0.003208,311.69, 442.1767
595584,6.8921,0.002970,336.76, 442.1765
595585,6.8955,0.003223,310.27, 442.1764
595586,6.8984,0.003029,330.12, 442.1765
595587,6.9014,0.003067,326.08, 442.1767
595588,6.9043,0.003015,331.68, 442.1768
595589,6.9077,0.003209,311.65, 442.1767
595590,6.9106,0.003064,326.37, 442.1761
595591,6.9136,0.002909,343.75, 442.1767
595592,6.9165,0.002980,335.59, 442.1762
595593,6.9194,0.003087,323.95, 442.1767
595594,6.9229,0.003032,329.77, 442.1765
595595,6.9258,0.003052,327.63, 442.1767
595596,6.9287,0.002992,334.25, 442.1765
595597,6.9326,0.003632,275.35, 442.1767
595598,6.9355,0.003376,296.18, 442.1761
595599,6.9390,0.002971,336.56, 442.1767
595600,6.9419,0.003040,328.91, 442.1761
595601,6.9448,0.002913,343.25, 442.1767
595602,6.9478,0.003029,330.19, 442.1767
595603,6.9507,0.002914,343.12, 442.1767
595604,6.9536,0.003000,333.32, 442.1767
595605,6.9565,0.002957,338.17, 442.1767
595606,6.9595,0.003053,327.56, 442.1764
595607,6.9624,0.002916,342.96, 442.1767
595608,6.9653,0.002992,334.25, 442.1762
595609,6.9688,0.003026,330.45, 442.1767
595610,6.9717,0.003033,329.74, 442.1768
595611,6.9746,0.003086,324.03, 442.1767
595612,6.9775,0.003009,332.33, 442.1768
595613,6.9810,0.003039,329.08, 442.1767
595614,6.9839,0.003116,320.94, 442.1768
595615,6.9868,0.003140,318.43, 442.1767
595616,6.9897,0.002983,335.27, 442.1768
595617,6.9932,0.002961,337.72, 442.1767
595618,6.9961,0.002965,337.22, 442.1768
595619,6.9990,0.003279,304.94, 442.1767
595620,7.0024,0.003081,324.61, 442.1761
595621,7.0054,0.002917,342.79, 442.1767
595622,7.0083,0.003037,329.28, 442.1765
595623,7.0112,0.003053,327.59, 442.1767
595624,7.0142,0.002948,339.18, 442.1765
595625,7.0176,0.003216,310.91, 442.1767
595626,7.0205,0.003021,330.99, 442.1765
595627,7.0234,0.002910,343.69, 442.1767
595628,7.0264,0.002973,336.33, 442.1762
595629,7.0298,0.003602,277.64, 442.1767
595630,7.0332,0.003049,327.98, 442.1767
595631,7.0356,0.002890,346.01, 442.1767
595632,7.0391,0.003048,328.11, 442.1767
595633,7.0420,0.002907,344.03, 442.1767
595634,7.0449,0.002939,340.30, 442.1768
595635,7.0479,0.003094,323.24, 442.1767
595636,7.0508,0.003000,333.30, 442.1762
595637,7.0542,0.003148,317.62, 442.1767
595638,7.0571,0.003060,326.80, 442.1768
595639,7.0601,0.003096,323.02, 442.1767
595640,7.0630,0.003061,326.66, 442.1762
595641,7.0664,0.002949,339.11, 442.1764
595642,7.0693,0.003077,324.97, 442.1762
595643,7.0723,0.002979,335.65, 442.1767
595644,7.0752,0.003001,333.20, 442.1762
595645,7.0786,0.003585,278.96, 442.1767
595646,7.0820,0.003040,328.98, 442.1767
595647,7.0850,0.002897,345.15, 442.1767
595648,7.0879,0.002957,338.23, 442.1767
595649,7.0908,0.002867,348.86, 442.1767
595650,7.0938,0.003024,330.69, 442.1768
595651,7.0967,0.003303,302.74, 442.1767
595652,7.1001,0.003007,332.61, 442.1767
595653,7.1030,0.002887,346.34, 442.1767
595654,7.1060,0.002985,335.00, 442.1765
595655,7.1094,0.003780,264.57, 442.1761
595656,7.1128,0.003092,323.46, 442.1761
595657,7.1157,0.002961,337.68, 442.1764
595658,7.1187,0.003014,331.74, 442.1761
595659,7.1216,0.002946,339.47, 442.1767
595660,7.1245,0.003054,327.44, 442.1767
595661,7.1274,0.002977,335.95, 442.1761
595662,7.1309,0.003015,331.68, 442.1767
595663,7.1333,0.002871,348.27, 442.1767
595664,7.1362,0.002967,337.00, 442.1762
595665,7.1396,0.003085,324.19, 442.1764
595666,7.1426,0.003273,305.58, 442.1765
595667,7.1460,0.003012,331.97, 442.1761
595668,7.1489,0.003026,330.51, 442.1762
595669,7.1519,0.003051,327.82, 442.1761
595670,7.1548,0.002999,333.42, 442.1765
595671,7.1582,0.003100,322.63, 442.1767
595672,7.1611,0.003046,328.26, 442.1786
595673,7.1641,0.003072,325.57, 442.1761
595674,7.1670,0.003105,322.03, 442.1765
595675,7.1704,0.003136,318.86, 442.1764
595676,7.1738,0.003406,293.64, 442.1761
595677,7.1772,0.003238,308.80, 442.1761
595678,7.1802,0.003024,330.74, 442.1767
595679,7.1831,0.002905,344.29, 442.1768
595680,7.1860,0.003102,322.42, 442.1767
595681,7.1890,0.003065,326.30, 442.1761
595682,7.1919,0.003024,330.72, 442.1767
595683,7.1953,0.003045,328.40, 442.1768
595684,7.1982,0.003216,310.98, 442.1767
595685,7.2017,0.003065,326.29, 442.1764
595686,7.2046,0.003091,323.52, 442.1767
595687,7.2075,0.002999,333.49, 442.1767
595688,7.2104,0.003055,327.33, 442.1761
595689,7.2134,0.002973,336.38, 442.1764
595690,7.2168,0.003071,325.62, 442.1761
595691,7.2197,0.003148,317.62, 442.1767
595692,7.2227,0.003021,330.97, 442.1764
595693,7.2261,0.003046,328.26, 442.1761
595694,7.2290,0.003099,322.68, 442.1767
595695,7.2319,0.002996,333.77, 442.1764
595696,7.2349,0.003129,319.59, 442.1764
595697,7.2383,0.003142,318.27, 442.1761
595698,7.2412,0.003119,320.66, 442.1786
595699,7.2441,0.002979,335.74, 442.1764
595700,7.2476,0.003044,328.47, 442.1764
595701,7.2505,0.003338,299.57, 442.1761
595702,7.2539,0.003215,311.01, 442.1767
595703,7.2573,0.003164,316.03, 442.1764
595704,7.2603,0.003224,310.14, 442.1840
595705,7.2637,0.003225,310.04, 442.1761
595706,7.2671,0.003395,294.58, 442.1761
595707,7.2705,0.003541,282.43, 442.1764
595708,7.2734,0.003138,318.65, 442.1764
595709,7.2769,0.003131,319.35, 442.1761
595710,7.2798,0.003139,318.59, 442.1764
595711,7.2832,0.003091,323.52, 442.1767
595712,7.2861,0.002956,338.34, 442.1761
595713,7.2891,0.003073,325.41, 442.1767
595714,7.2920,0.002986,334.94, 442.1761
595715,7.2949,0.003053,327.55, 442.1767
595716,7.2979,0.002989,334.58, 442.1761
595717,7.3013,0.003016,331.62, 442.1761
595718,7.3042,0.002971,336.56, 442.1764
595719,7.3071,0.003034,329.57, 442.1768
595720,7.3101,0.003055,327.34, 442.1761
595721,7.3130,0.002986,334.85, 442.1768
595722,7.3164,0.003449,289.95, 442.1765
595723,7.3198,0.003064,326.39, 442.1767
595724,7.3223,0.002907,344.02, 442.1761
595725,7.3257,0.003011,332.14, 442.1768
595726,7.3286,0.003317,301.50, 442.1768
595727,7.3320,0.003324,300.88, 442.1767
595728,7.3350,0.002872,348.24, 442.1768
595729,7.3384,0.003305,302.54, 442.1767
595730,7.3413,0.003021,331.05, 442.1765
595731,7.3447,0.003263,306.48, 442.1767
595732,7.3477,0.003027,330.36, 442.1762
595733,7.3506,0.002972,336.45, 442.1767
595734,7.3535,0.003033,329.71, 442.1762
595735,7.3569,0.003361,297.55, 442.1767
595736,7.3599,0.003062,326.58, 442.1761
595737,7.3633,0.002991,334.29, 442.1767
595738,7.3662,0.003030,330.01, 442.1768
595739,7.3691,0.003195,312.97, 442.1767
595740,7.3726,0.003066,326.15, 442.1762
595741,7.3760,0.003534,283.01, 442.1761
595742,7.3794,0.003335,299.87, 442.1761
595743,7.3823,0.002963,337.51, 442.1767
595744,7.3853,0.003077,324.96, 442.1761
595745,7.3882,0.002955,338.44, 442.1767
595746,7.3916,0.003147,317.75, 442.1764
595747,7.3940,0.002918,342.65, 442.1767
595748,7.3975,0.002991,334.37, 442.1762
595749,7.4004,0.003010,332.18, 442.1761
595750,7.4033,0.002980,335.57, 442.1786
595751,7.4063,0.003196,312.88, 442.1767
595752,7.4097,0.003006,332.65, 442.1765
595753,7.4131,0.003587,278.82, 442.1764
595754,7.4160,0.003023,330.75, 442.1786
595755,7.4189,0.002965,337.31, 442.1767
595756,7.4219,0.003039,329.04, 442.1768
595757,7.4248,0.002936,340.65, 442.1762
595758,7.4282,0.002993,334.12, 442.1768
595759,7.4316,0.003508,285.05, 442.1767
595760,7.4346,0.003004,332.92, 442.1765
595761,7.4375,0.002893,345.69, 442.1768
595762,7.4404,0.003024,330.74, 442.1765
595763,7.4438,0.003478,287.55, 442.1768
595764,7.4468,0.003102,322.34, 442.1767
595765,7.4502,0.002974,336.30, 442.1767
595766,7.4531,0.002977,335.93, 442.1765
595767,7.4561,0.003063,326.52, 442.1768
595768,7.4595,0.003530,283.27, 442.1768
595769,7.4629,0.003089,323.71, 442.1764
595770,7.4658,0.003005,332.76, 442.1768
595771,7.4692,0.003399,294.21, 442.1762
595772,7.4722,0.003012,331.97, 442.1767
595773,7.4751,0.002968,336.94, 442.1762
595774,7.4785,0.003506,285.26, 442.1767
595775,7.4814,0.002993,334.12, 442.1768
595776,7.4844,0.002923,342.13, 442.1767
595777,7.4873,0.002954,338.55, 442.1768
595778,7.4907,0.003556,281.18, 442.1767
595779,7.4941,0.002960,337.83, 442.1768
595780,7.4966,0.002879,347.40, 442.1768
595781,7.5000,0.002957,338.24, 442.1768
595782,7.5034,0.003589,278.64, 442.1767
595783,7.5063,0.002994,334.03, 442.1765
595784,7.5093,0.002909,343.73, 442.1768
595785,7.5122,0.002935,340.69, 442.1765
595786,7.5156,0.003587,278.77, 442.1767
595787,7.5186,0.002997,333.67, 442.1768
595788,7.5220,0.002972,336.47, 442.1768
595789,7.5249,0.003050,327.90, 442.1762
595790,7.5288,0.003951,253.13, 442.1767
595791,7.5317,0.003011,332.12, 442.1767
595792,7.5347,0.002938,340.38, 442.1767
595793,7.5376,0.003064,326.33, 442.1762
595794,7.5410,0.003219,310.65, 442.1767
595795,7.5439,0.003014,331.84, 442.1768
595796,7.5469,0.003009,332.29, 442.1762
595797,7.5498,0.003024,330.70, 442.1768
595798,7.5532,0.003231,309.53, 442.1764
595799,7.5562,0.003012,332.06, 442.1768
595800,7.5596,0.003358,297.84, 442.1768
595801,7.5630,0.003284,304.53, 442.1767
595802,7.5659,0.002958,338.04, 442.1764
595803,7.5688,0.002992,334.21, 442.1768
595804,7.5718,0.003076,325.09, 442.1768
595805,7.5757,0.003548,281.86, 442.1764
595806,7.5786,0.003044,328.52, 442.1761
595807,7.5815,0.003006,332.69, 442.1767
595808,7.5845,0.002951,338.93, 442.1765
595809,7.5879,0.003309,302.20, 442.1767
595810,7.5908,0.003078,324.94, 442.1767
595811,7.5938,0.003095,323.13, 442.1767
595812,7.5972,0.003042,328.73, 442.1765
595813,7.6001,0.002993,334.07, 442.1764
595814,7.6030,0.003030,330.04, 442.1768
595815,7.6060,0.003075,325.19, 442.1767
595816,7.6089,0.002981,335.48, 442.1762
595817,7.6128,0.003773,265.06, 442.1761
595818,7.6162,0.003296,303.38, 442.1764
595819,7.6191,0.002983,335.27, 442.1764
595820,7.6221,0.003091,323.50, 442.1767
595821,7.6250,0.002965,337.29, 442.1764
595822,7.6284,0.003005,332.79, 442.1767
595823,7.6313,0.002911,343.51, 442.1767
595824,7.6343,0.002947,339.35, 442.1786
595825,7.6372,0.003272,305.60, 442.1767
595826,7.6406,0.003192,313.26, 442.1762
595827,7.6436,0.003031,329.95, 442.1767
595828,7.6465,0.002960,337.79, 442.1768
595829,7.6499,0.003259,306.87, 442.1767
595830,7.6528,0.003183,314.14, 442.1765
595831,7.6563,0.003282,304.67, 442.1761
595832,7.6592,0.003011,332.13, 442.1768
595833,7.6631,0.003779,264.62, 442.1761
595834,7.6660,0.003142,318.28, 442.1767
595835,7.6689,0.003022,330.88, 442.1764
595836,7.6724,0.003006,332.70, 442.1764
595837,7.6753,0.002953,338.62, 442.1761
595838,7.6782,0.003051,327.72, 442.1768
595839,7.6816,0.003444,290.40, 442.1768
595840,7.6846,0.003037,329.29, 442.1767
595841,7.6875,0.003044,328.56, 442.1765
595842,7.6909,0.003407,293.51, 442.1764
595843,7.6943,0.003037,329.27, 442.1761
595844,7.6973,0.003049,328.03, 442.1761
595845,7.7002,0.003114,321.10, 442.1765
595846,7.7031,0.003026,330.51, 442.1767
595847,7.7065,0.003000,333.39, 442.1762
595848,7.7095,0.003323,300.94, 442.1761
595849,7.7129,0.003073,325.38, 442.1764
595850,7.7158,0.003085,324.15, 442.1761
595851,7.7188,0.003157,316.77, 442.1767
595852,7.7222,0.003029,330.17, 442.1764
595853,7.7251,0.003250,307.68, 442.1764
595854,7.7285,0.003021,331.05, 442.1764
595855,7.7314,0.003022,330.92, 442.1762
595856,7.7344,0.003000,333.34, 442.1767
595857,7.7373,0.003009,332.37, 442.1765
595858,7.7407,0.003452,289.66, 442.1765
595859,7.7441,0.003143,318.22, 442.1768
595860,7.7476,0.003538,282.65, 442.1767
595861,7.7505,0.003054,327.45, 442.1767
595862,7.7534,0.002881,347.08, 442.1764
595863,7.7563,0.002994,333.99, 442.1768
595864,7.7598,0.003247,307.94, 442.1761
595865,7.7627,0.003200,312.48, 442.1762
595866,7.7656,0.002968,336.88, 442.1764
595867,7.7690,0.003026,330.47, 442.1762
595868,7.7720,0.003336,299.78, 442.1764
595869,7.7754,0.002997,333.69, 442.1768
595870,7.7783,0.003053,327.51, 442.1768
595871,7.7817,0.003582,279.18, 442.1764
595872,7.7847,0.002993,334.14, 442.1764
595873,7.7876,0.003010,332.23, 442.1767
595874,7.7910,0.003002,333.08, 442.1762
595875,7.7939,0.003314,301.79, 442.1764
595876,7.7969,0.002956,338.25, 442.1768
595877,7.8003,0.003086,324.09, 442.1767
595878,7.8032,0.002986,334.90, 442.1762
595879,7.8066,0.003273,305.56, 442.1767
595880,7.8096,0.003074,325.31, 442.1786
595881,7.8130,0.003328,300.49, 442.1786
595882,7.8159,0.002967,337.05, 442.1768
595883,7.8188,0.003013,331.87, 442.1767
595884,7.8218,0.003105,322.09, 442.1762
595885,7.8252,0.003302,302.88, 442.1764
595886,7.8281,0.003080,324.68, 442.1761
595887,7.8311,0.002974,336.20, 442.1767
595888,7.8345,0.003058,327.03, 442.1762
595889,7.8374,0.003027,330.41, 442.1764
595890,7.8403,0.002993,334.14, 442.1762
595891,7.8438,0.003397,294.38, 442.1767
595892,7.8467,0.002979,335.73, 442.1765
595893,7.8496,0.003020,331.09, 442.1767
595894,7.8525,0.002960,337.86, 442.1765
595895,7.8560,0.003472,288.01, 442.1767
595896,7.8594,0.003014,331.83, 442.1768
595897,7.8633,0.003923,254.88, 442.1761
595898,7.8662,0.003024,330.70, 442.1764
595899,7.8691,0.002966,337.20, 442.1767
595900,7.8721,0.003038,329.19, 442.1767
595901,7.8750,0.002928,341.52, 442.2034
595902,7.8779,0.003060,326.85, 442.1786
595903,7.8809,0.002885,346.63, 442.1870
595904,7.8838,0.003020,331.08, 442.1762
595905,7.8872,0.003396,294.43, 442.1767
595906,7.8906,0.003185,313.94, 442.1764
595907,7.8936,0.003074,325.32, 442.1761
595908,7.8970,0.003237,308.95, 442.1767
595909,7.8999,0.002974,336.22, 442.1767
595910,7.9028,0.002974,336.30, 442.1767
595911,7.9058,0.002957,338.23, 442.1764
595912,7.9087,0.003075,325.16, 442.1768
595913,7.9116,0.002896,345.34, 442.1836
595914,7.9150,0.003451,289.75, 442.1767
595915,7.9180,0.002949,339.11, 442.1767
595916,7.9214,0.002996,333.76, 442.1768
595917,7.9243,0.002949,339.05, 442.1791
595918,7.9277,0.003511,284.81, 442.1768
595919,7.9307,0.002964,337.40, 442.1767
595920,7.9336,0.002939,340.23, 442.1768
595921,7.9370,0.003518,284.24, 442.1765
595922,7.9399,0.003093,323.33, 442.1767
595923,7.9429,0.002914,343.21, 442.1768
595924,7.9463,0.003373,296.51, 442.1761
595925,7.9497,0.003061,326.66, 442.1764
595926,7.9526,0.003121,320.45, 442.1764
595927,7.9556,0.003161,316.33, 442.1767
595928,7.9590,0.003013,331.87, 442.1761
595929,7.9619,0.003002,333.09, 442.1767
595930,7.9648,0.002942,339.94, 442.1767
595931,7.9678,0.003008,332.46, 442.1765
595932,7.9707,0.003163,316.19, 442.1767
595933,7.9741,0.002994,334.01, 442.1765
595934,7.9771,0.003299,303.11, 442.1764
595935,7.9800,0.002967,337.03, 442.1768
595936,7.9834,0.003105,322.07, 442.1767
595937,7.9863,0.003170,315.46, 442.1765
595938,7.9897,0.003155,316.92, 442.1764
595939,7.9927,0.003269,305.89, 442.1767
595940,7.9961,0.003126,319.93, 442.1786
595941,7.9990,0.003109,321.61, 442.1764
595942,8.0020,0.002978,335.84, 442.1767
595943,8.0049,0.002977,335.92, 442.1768
595944,8.0088,0.003599,277.83, 442.1761
595945,8.0117,0.003035,329.50, 442.1762
595946,8.0146,0.002918,342.70, 442.1761
595947,8.0176,0.003036,329.36, 442.1768
595948,8.0210,0.003346,298.88, 442.1761
595949,8.0239,0.003088,323.84, 442.1762
595950,8.0269,0.002987,334.74, 442.1761
595951,8.0303,0.003094,323.21, 442.1768
595952,8.0332,0.003082,324.49, 442.1767
595953,8.0361,0.002995,333.91, 442.1768
595954,8.0396,0.003288,304.16, 442.1762
595955,8.0430,0.003480,287.32, 442.1767
595956,8.0459,0.003005,332.75, 442.1764
595957,8.0488,0.002951,338.86, 442.1767
595958,8.0518,0.002911,343.52, 442.1768
595959,8.0552,0.003490,286.55, 442.1767
595960,8.0581,0.002976,336.00, 442.1786
595961,8.0615,0.003018,331.37, 442.1767
595962,8.0645,0.002934,340.87, 442.1786
595963,8.0679,0.003384,295.55, 442.1761
595964,8.0708,0.002982,335.38, 442.1768
595965,8.0737,0.003106,321.99, 442.1920
595966,8.0767,0.003090,323.58, 442.1765
595967,8.0801,0.003363,297.33, 442.1767
595968,8.0830,0.002969,336.87, 442.1768
595969,8.0859,0.002920,342.44, 442.1765
595970,8.0889,0.002950,338.96, 442.1765
595971,8.0923,0.003388,295.20, 442.1767
595972,8.0952,0.003009,332.31, 442.1765
595973,8.0986,0.003220,310.57, 442.1767
595974,8.1016,0.003014,331.81, 442.1768
595975,8.1050,0.003097,322.85, 442.1767
595976,8.1079,0.003026,330.48, 442.1768
595977,8.1108,0.003147,317.74, 442.1764
595978,8.1138,0.002968,336.95, 442.1768
595979,8.1172,0.003356,298.01, 442.1767
595980,8.1201,0.003024,330.74, 442.1768
595981,8.1230,0.002885,346.62, 442.1762
595982,8.1265,0.003104,322.22, 442.1768
595983,8.1299,0.003389,295.05, 442.1767
595984,8.1328,0.003033,329.74, 442.1767
595985,8.1357,0.002910,343.68, 442.1767
595986,8.1387,0.003001,333.23, 442.1762
595987,8.1416,0.003181,314.37, 442.1767
595988,8.1450,0.003058,326.99, 442.1761
595989,8.1479,0.003014,331.75, 442.1761
595990,8.1509,0.002960,337.84, 442.1765
595991,8.1538,0.002967,337.03, 442.1767
595992,8.1567,0.003034,329.64, 442.1765
595993,8.1606,0.003787,264.03, 442.1761
595994,8.1636,0.003055,327.31, 442.1767
595995,8.1665,0.002893,345.64, 442.1767
595996,8.1694,0.003035,329.47, 442.1767
595997,8.1729,0.003000,333.30, 442.1764
595998,8.1758,0.003043,328.61, 442.1764
595999,8.1787,0.002983,335.19, 442.1767
596000,8.1816,0.003052,327.65, 442.1764
596001,8.1846,0.002897,345.15, 442.1767
596002,8.1875,0.003094,323.25, 442.1761
596003,8.1909,0.003308,302.34, 442.1761
596004,8.1943,0.003142,318.24, 442.1761
596005,8.1973,0.002992,334.26, 442.1761
596006,8.2002,0.003024,330.72, 442.1761
596007,8.2031,0.002921,342.38, 442.1767
596008,8.2061,0.003026,330.51, 442.1767
596009,8.2090,0.002959,337.99, 442.1767
596010,8.2119,0.003019,331.19, 442.1768
596011,8.2148,0.002835,352.68, 442.1768
596012,8.2183,0.003174,315.02, 442.1762
596013,8.2217,0.003787,264.05, 442.1761
596014,8.2251,0.003151,317.34, 442.1767
596015,8.2280,0.002975,336.11, 442.1764
596016,8.2310,0.003005,332.76, 442.1764
596017,8.2339,0.002947,339.34, 442.1761
596018,8.2368,0.003007,332.61, 442.1761
596019,8.2397,0.002963,337.55, 442.1767
596020,8.2432,0.003021,331.04, 442.1764
596021,8.2456,0.002907,343.97, 442.1767
596022,8.2490,0.003026,330.52, 442.1767
596023,8.2520,0.002903,344.47, 442.1767
596024,8.2549,0.003087,323.93, 442.1767
596025,8.2578,0.002969,336.79, 442.1761
596026,8.2607,0.003114,321.13, 442.1765
596027,8.2646,0.003791,263.81, 442.1761
596028,8.2681,0.003461,288.91, 442.1764
596029,8.2715,0.003117,320.81, 442.1764
596030,8.2744,0.003107,321.84, 442.1764
596031,8.2778,0.003280,304.91, 442.1767
596032,8.2808,0.003090,323.65, 442.1761
596033,8.2842,0.003345,298.95, 442.1761
596034,8.2876,0.003399,294.21, 442.1761
596035,8.2910,0.003529,283.39, 442.1761
596036,8.2944,0.003132,319.33, 442.1767
596037,8.2974,0.003161,316.32, 442.1764
596038,8.3003,0.003002,333.12, 442.1767
596039,8.3032,0.003101,322.53, 442.1767
596040,8.3066,0.002950,338.94, 442.1767
596041,8.3096,0.003155,316.94, 442.1761
596042,8.3125,0.003043,328.67, 442.1761
596043,8.3154,0.003053,327.55, 442.1767
596044,8.3184,0.002934,340.80, 442.1767
596045,8.3218,0.003024,330.67, 442.1761
596046,8.3247,0.002890,346.03, 442.1767
596047,8.3276,0.003071,325.60, 442.1767
596048,8.3306,0.003016,331.53, 442.1767
596049,8.3335,0.003020,331.11, 442.1762
596050,8.3364,0.002919,342.56, 442.1768
596051,8.3398,0.003082,324.50, 442.1762
596052,8.3433,0.003537,282.73, 442.1761
596053,8.3462,0.003106,321.95, 442.1761
596054,8.3491,0.002989,334.62, 442.1761
596055,8.3521,0.003034,329.60, 442.1761
596056,8.3555,0.003002,333.13, 442.1767
596057,8.3584,0.003220,310.57, 442.1767
596058,8.3618,0.003168,315.70, 442.1761
596059,8.3647,0.003025,330.60, 442.1764
596060,8.3677,0.002999,333.48, 442.1764
596061,8.3706,0.002991,334.37, 442.1761
596062,8.3735,0.002959,337.95, 442.1761
596063,8.3765,0.003031,329.94, 442.1767
596064,8.3794,0.002948,339.21, 442.1767
596065,8.3828,0.002959,337.94, 442.1768
596066,8.3853,0.002897,345.18, 442.1768
596067,8.3892,0.003755,266.28, 442.1764
596068,8.3921,0.002958,338.04, 442.1761
596069,8.3950,0.003012,332.03, 442.1767
596070,8.3979,0.002949,339.14, 442.1767
596071,8.4014,0.002995,333.95, 442.1767
596072,8.4043,0.002953,338.70, 442.1767
596073,8.4072,0.002999,333.40, 442.1768
596074,8.4102,0.003112,321.31, 442.1765
596075,8.4136,0.003467,288.40, 442.1767
596076,8.4165,0.003011,332.16, 442.1767
596077,8.4199,0.003155,316.92, 442.1786
596078,8.4229,0.003020,331.14, 442.1767
596079,8.4258,0.003037,329.32, 442.1762
596080,8.4292,0.003080,324.73, 442.1761
596081,8.4321,0.002963,337.54, 442.1765
596082,8.4351,0.003300,303.03, 442.1765
596083,8.4385,0.003114,321.18, 442.1761
596084,8.4414,0.002950,338.99, 442.1768
596085,8.4448,0.003316,301.59, 442.1786
596086,8.4478,0.002961,337.74, 442.1768
596087,8.4507,0.003020,331.16, 442.1767
596088,8.4536,0.003036,329.35, 442.1762
596089,8.4565,0.003073,325.40, 442.1767
596090,8.4600,0.003015,331.64, 442.1765
596091,8.4634,0.003597,277.98, 442.1767
596092,8.4668,0.003538,282.65, 442.1761
596093,8.4702,0.003157,316.79, 442.1767
596094,8.4731,0.003025,330.56, 442.1764
596095,8.4761,0.002952,338.78, 442.1767
596096,8.4790,0.003071,325.63, 442.1761
596097,8.4819,0.002929,341.46, 442.1761
596098,8.4849,0.002995,333.87, 442.1761
596099,8.4878,0.002948,339.25, 442.1767
596100,8.4907,0.002986,334.87, 442.1767
596101,8.4941,0.003005,332.82, 442.1767
596102,8.4971,0.002991,334.33, 442.1767
596103,8.5000,0.002966,337.20, 442.1767
596104,8.5029,0.002978,335.78, 442.1765
596105,8.5059,0.003084,324.23, 442.1764
596106,8.5088,0.003042,328.75, 442.1768
596107,8.5122,0.003210,311.55, 442.1767
596108,8.5151,0.003009,332.36, 442.1768
596109,8.5186,0.003257,307.08, 442.1767
596110,8.5215,0.003008,332.50, 442.1767
596111,8.5244,0.002907,344.01, 442.1767
596112,8.5273,0.002965,337.26, 442.1768
596113,8.5308,0.003449,289.97, 442.1761
596114,8.5342,0.003167,315.72, 442.1761
596115,8.5371,0.003016,331.62, 442.1767
596116,8.5400,0.003122,320.33, 442.1767
596117,8.5430,0.002991,334.37, 442.1767
596118,8.5464,0.003079,324.78, 442.1761
596119,8.5493,0.003026,330.48, 442.1767
596120,8.5522,0.003082,324.50, 442.1764
596121,8.5552,0.003005,332.82, 442.1767
596122,8.5586,0.003106,321.92, 442.1767
596123,8.5615,0.003053,327.59, 442.1761
596124,8.5645,0.003079,324.74, 442.1764
596125,8.5674,0.002985,334.97, 442.1761
596126,8.5708,0.003117,320.84, 442.1767
596127,8.5737,0.003007,332.59, 442.1761
596128,8.5767,0.003096,323.00, 442.1761
596129,8.5796,0.003051,327.75, 442.1767
596130,8.5830,0.003079,324.81, 442.1767
596131,8.5859,0.002985,335.06, 442.1767
596132,8.5889,0.003066,326.15, 442.1767
596133,8.5918,0.002959,337.96, 442.1764
596134,8.5947,0.003097,322.93, 442.1762
596135,8.5981,0.003234,309.26, 442.1767
596136,8.6011,0.003080,324.70, 442.1762
596137,8.6040,0.002974,336.21, 442.1764
596138,8.6074,0.003078,324.87, 442.1765
596139,8.6108,0.003338,299.61, 442.1761
596140,8.6138,0.003120,320.47, 442.1764
596141,8.6167,0.002934,340.84, 442.1761
596142,8.6196,0.002949,339.06, 442.1768
596143,8.6226,0.002911,343.51, 442.1761
596144,8.6260,0.003224,310.14, 442.1765
596145,8.6289,0.003114,321.11, 442.1762
596146,8.6323,0.003281,304.79, 442.1764
596147,8.6353,0.002952,338.76, 442.1761
596148,8.6382,0.002989,334.57, 442.1764
596149,8.6411,0.002980,335.63, 442.1768
596150,8.6445,0.003435,291.09, 442.1765
596151,8.6475,0.002941,340.01, 442.1767
596152,8.6504,0.002983,335.26, 442.1762
596153,8.6538,0.003221,310.51, 442.1762
596154,8.6572,0.003308,302.32, 442.1761
596155,8.6602,0.003003,333.06, 442.1767
596156,8.6631,0.002991,334.36, 442.1761
596157,8.6660,0.002891,345.85, 442.1768
596158,8.6694,0.003504,285.40, 442.1761
596159,8.6724,0.003106,321.95, 442.1767
596160,8.6753,0.002981,335.48, 442.1764
596161,8.6787,0.003000,333.38, 442.1768
596162,8.6816,0.002946,339.41, 442.1761
596163,8.6846,0.002930,341.30, 442.1765
596164,8.6875,0.003345,298.99, 442.1764
596165,8.6909,0.003001,333.26, 442.1768
596166,8.6938,0.002942,339.87, 442.1767
596167,8.6968,0.002992,334.27, 442.1768
596168,8.6997,0.003286,304.30, 442.1767
596169,8.7031,0.002989,334.56, 442.1762
596170,8.7061,0.002971,336.56, 442.1767
596171,8.7090,0.002994,334.02, 442.1765
596172,8.7124,0.003377,296.11, 442.1764
596173,8.7153,0.003024,330.73, 442.1767
596174,8.7183,0.003083,324.33, 442.1764
596175,8.7212,0.003058,327.04, 442.1767
596176,8.7246,0.002977,335.92, 442.1764
596177,8.7275,0.003043,328.62, 442.1768
596178,8.7305,0.003088,323.82, 442.1767
596179,8.7334,0.003068,325.96, 442.1768
596180,8.7368,0.003151,317.38, 442.1767
596181,8.7397,0.003028,330.26, 442.1762
596182,8.7427,0.002984,335.15, 442.1767
596183,8.7456,0.002938,340.36, 442.1768
596184,8.7490,0.003426,291.85, 442.1761
596185,8.7524,0.003193,313.20, 442.1764
596186,8.7554,0.002981,335.50, 442.1761
596187,8.7583,0.003083,324.40, 442.1761
596188,8.7612,0.003010,332.19, 442.1761
596189,8.7646,0.003065,326.23, 442.1761
596190,8.7676,0.003050,327.90, 442.1764
596191,8.7705,0.003137,318.82, 442.1767
596192,8.7734,0.002976,336.00, 442.1761
596193,8.7769,0.003073,325.47, 442.1761
596194,8.7798,0.003089,323.70, 442.1761
596195,8.7832,0.003288,304.17, 442.1764
596196,8.7861,0.003071,325.67, 442.1761
596197,8.7891,0.003113,321.26, 442.1761
596198,8.7920,0.002954,338.51, 442.1767
596199,8.7954,0.003178,314.65, 442.1764
596200,8.7988,0.003258,306.91, 442.1761
596201,8.8018,0.003255,307.18, 442.1764
596202,8.8047,0.002991,334.35, 442.1767
596203,8.8081,0.003169,315.53, 442.1761
596204,8.8110,0.003031,329.91, 442.1761
596205,8.8145,0.003182,314.32, 442.1764
596206,8.8174,0.003080,324.68, 442.1767
596207,8.8208,0.003224,310.22, 442.1764
596208,8.8237,0.003022,330.95, 442.1764
596209,8.8267,0.003122,320.35, 442.1761
596210,8.8296,0.003005,332.80, 442.1764
596211,8.8325,0.003011,332.07, 442.1767
596212,8.8354,0.002948,339.27, 442.1761
596213,8.8389,0.003034,329.61, 442.1764
596214,8.8418,0.002928,341.51, 442.1767
596215,8.8447,0.003140,318.52, 442.1761
596216,8.8477,0.002970,336.66, 442.1761
596217,8.8506,0.002985,334.97, 442.1762
596218,8.8535,0.002929,341.40, 442.1767
596219,8.8564,0.002979,335.68, 442.1765
596220,8.8599,0.003371,296.64, 442.1768
596221,8.8633,0.003482,287.20, 442.1761
596222,8.8667,0.003232,309.43, 442.1764
596223,8.8701,0.003263,306.50, 442.1767
596224,8.8730,0.003134,319.09, 442.1761
596225,8.8765,0.003168,315.69, 442.1767
596226,8.8794,0.003249,307.77, 442.1764
596227,8.8828,0.003201,312.37, 442.1767
596228,8.8857,0.003199,312.64, 442.1767
596229,8.8892,0.003087,323.92, 442.1761
596230,8.8921,0.003190,313.52, 442.1761
596231,8.8955,0.003119,320.67, 442.1767
596232,8.8984,0.003174,315.06, 442.1761
596233,8.9014,0.003057,327.12, 442.1761
596234,8.9048,0.003160,316.43, 442.1761
596235,8.9077,0.003060,326.77, 442.1767
596236,8.9111,0.003204,312.12, 442.1764
596237,8.9141,0.003086,324.09, 442.1764
596238,8.9170,0.003113,321.20, 442.1886
596239,8.9204,0.003043,328.63, 442.1761
596240,8.9233,0.003167,315.76, 442.1761
596241,8.9268,0.003130,319.51, 442.1761
596242,8.9297,0.003238,308.87, 442.1761
596243,8.9331,0.003124,320.13, 442.1761
596244,8.9360,0.003148,317.64, 442.1764
596245,8.9390,0.003130,319.51, 442.1761
596246,8.9424,0.003130,319.49, 442.1855
596247,8.9453,0.003151,317.34, 442.1764
596248,8.9487,0.003108,321.75, 442.1761
596249,8.9517,0.003101,322.51, 442.1767
596250,8.9551,0.003228,309.79, 442.1761
596251,8.9580,0.003258,306.90, 442.1767
596252,8.9609,0.003021,331.01, 442.1767
596253,8.9639,0.002935,340.77, 442.1767
596254,8.9673,0.002971,336.55, 442.1767
596255,8.9702,0.002967,337.03, 442.1767
596256,8.9731,0.003090,323.66, 442.1767
596257,8.9761,0.002958,338.09, 442.1767
596258,8.9790,0.003014,331.84, 442.1786
596259,8.9819,0.002958,338.07, 442.1767
596260,8.9849,0.002950,338.98, 442.1767
596261,8.9883,0.003055,327.33, 442.1764
596262,8.9912,0.003026,330.43, 442.1764
596263,8.9941,0.002932,341.04, 442.1767
596264,8.9971,0.002979,335.73, 442.1767
596265,9.0000,0.002944,339.64, 442.1767
596266,9.0029,0.003020,331.11, 442.1767
596267,9.0059,0.002952,338.81, 442.1767
596268,9.0088,0.003099,322.73, 442.1776
596269,9.0117,0.002924,341.97, 442.1767
596270,9.0151,0.002980,335.56, 442.1767
596271,9.0181,0.003022,330.88, 442.1761
596272,9.0210,0.002985,335.06, 442.1767
596273,9.0239,0.002961,337.69, 442.1764
596274,9.0269,0.003034,329.63, 442.1764
596275,9.0298,0.002976,336.02, 442.1764
596276,9.0327,0.003046,328.31, 442.1767
596277,9.0361,0.002948,339.21, 442.2034
596278,9.0391,0.003079,324.77, 442.1761
596279,9.0420,0.002927,341.64, 442.1764
596280,9.0449,0.003002,333.12, 442.1768
596281,9.0483,0.003608,277.18, 442.1765
596282,9.0518,0.003019,331.29, 442.1767
596283,9.0547,0.002930,341.32, 442.1764
596284,9.0576,0.003078,324.91, 442.1768
596285,9.0605,0.002935,340.74, 442.1762
596286,9.0640,0.003567,280.33, 442.1767
596287,9.0669,0.002955,338.46, 442.1767
596288,9.0698,0.002988,334.71, 442.1767
596289,9.0728,0.002921,342.34, 442.1768
596290,9.0762,0.003393,294.70, 442.1767
596291,9.0791,0.003020,331.11, 442.1762
596292,9.0825,0.003126,319.89, 442.1767
596293,9.0854,0.002884,346.70, 442.1768
596294,9.0889,0.003505,285.30, 442.1767
596295,9.0918,0.002988,334.63, 442.1768
596296,9.0947,0.003128,319.71, 442.1767
596297,9.0981,0.003076,325.09, 442.1761
596298,9.1011,0.002951,338.82, 442.1767
596299,9.1040,0.002930,341.34, 442.1768
596300,9.1074,0.003286,304.30, 442.1767
596301,9.1104,0.003010,332.19, 442.1768
596302,9.1133,0.002938,340.43, 442.1767
596303,9.1162,0.002923,342.07, 442.1768
596304,9.1196,0.003447,290.10, 442.1767
596305,9.1226,0.002997,333.66, 442.1762
596306,9.1255,0.002960,337.83, 442.1767
596307,9.1284,0.003030,330.01, 442.1765
596308,9.1318,0.003415,292.79, 442.1767
596309,9.1348,0.002980,335.58, 442.1764
596310,9.1377,0.002928,341.48, 442.1767
596311,9.1406,0.002997,333.71, 442.1768
596312,9.1440,0.003356,297.96, 442.1767
596313,9.1470,0.003042,328.75, 442.1761
596314,9.1504,0.002952,338.73, 442.1767
596315,9.1533,0.002976,336.04, 442.1765
596316,9.1563,0.003050,327.87, 442.1767
596317,9.1592,0.003035,329.50, 442.1762
596318,9.1626,0.003265,306.25, 442.1764
596319,9.1655,0.002974,336.22, 442.1768
596320,9.1685,0.003010,332.21, 442.1767
596321,9.1714,0.003001,333.28, 442.1768
596322,9.1748,0.003251,307.58, 442.1761
596323,9.1777,0.003077,325.02, 442.1768
596324,9.1807,0.002959,337.91, 442.1767
596325,9.1836,0.002972,336.49, 442.1768
596326,9.1870,0.003308,302.32, 442.1761
596327,9.1899,0.003024,330.70, 442.1768
596328,9.1929,0.002915,343.08, 442.1764
596329,9.1958,0.002957,338.16, 442.1768
596330,9.1992,0.003366,297.08, 442.1761
596331,9.2021,0.002999,333.41, 442.1762
596332,9.2051,0.003018,331.37, 442.1767
596333,9.2085,0.003328,300.47, 442.1761
596334,9.2119,0.003157,316.75, 442.1767
596335,9.2148,0.003054,327.41, 442.1767
596336,9.2178,0.002919,342.58, 442.1767
596337,9.2207,0.003117,320.82, 442.1761
596338,9.2236,0.002971,336.61, 442.1767
596339,9.2271,0.003032,329.85, 442.1768
596340,9.2300,0.003046,328.32, 442.1761
596341,9.2329,0.003018,331.32, 442.1768
596342,9.2363,0.003305,302.59, 442.1764
596343,9.2393,0.003038,329.22, 442.1765
596344,9.2422,0.002995,333.90, 442.1767
596345,9.2451,0.003010,332.18, 442.1765
596346,9.2485,0.003260,306.80, 442.1764
596347,9.2515,0.003024,330.71, 442.1765
596348,9.2544,0.002971,336.55, 442.1767
596349,9.2578,0.003049,328.00, 442.1768
596350,9.2607,0.003228,309.79, 442.1761
596351,9.2637,0.002979,335.64, 442.1768
596352,9.2671,0.003328,300.46, 442.1765
596353,9.2700,0.003084,324.23, 442.1767
596354,9.2729,0.002922,342.21, 442.1764
596355,9.2764,0.002976,336.06, 442.1768
596356,9.2793,0.003298,303.21, 442.1768
596357,9.2827,0.003249,307.79, 442.1761
596358,9.2861,0.003375,296.34, 442.1761
596359,9.2891,0.003161,316.36, 442.1767
596360,9.2925,0.003128,319.71, 442.1764
596361,9.2954,0.003251,307.58, 442.1767
596362,9.2988,0.003328,300.50, 442.1761
596363,9.3022,0.003462,288.87, 442.1761
596364,9.3062,0.003608,277.20, 442.1764
596365,9.3091,0.003274,305.41, 442.1761
596366,9.3125,0.003117,320.81, 442.1767
596367,9.3154,0.002937,340.47, 442.1786
596368,9.3184,0.003053,327.60, 442.1764
596369,9.3213,0.002945,339.57, 442.2040
596370,9.3242,0.003087,323.94, 442.1761
596371,9.3276,0.002998,333.54, 442.1761
596372,9.3306,0.003039,329.08, 442.1767
596373,9.3335,0.002967,337.06, 442.1767
596374,9.3364,0.002971,336.59, 442.1767
596375,9.3394,0.002931,341.19, 442.1767
596376,9.3423,0.003020,331.18, 442.1761
596377,9.3452,0.002907,344.01, 442.1767
596378,9.3481,0.003034,329.61, 442.1767
596379,9.3511,0.002899,344.97, 442.1767
596380,9.3540,0.002940,340.19, 442.1767
596381,9.3569,0.002905,344.20, 442.1767
596382,9.3599,0.002993,334.15, 442.1765
596383,9.3633,0.003284,304.51, 442.1767
596384,9.3662,0.002983,335.19, 442.1764
596385,9.3691,0.002923,342.11, 442.1767
596386,9.3721,0.002944,339.70, 442.1768
596387,9.3755,0.003228,309.82, 442.1767
596388,9.3784,0.003061,326.69, 442.1765
596389,9.3813,0.003026,330.49, 442.1767
596390,9.3843,0.002992,334.20, 442.1768
596391,9.3877,0.003053,327.57, 442.1767
596392,9.3906,0.002995,333.88, 442.1768
596393,9.3940,0.003482,287.22, 442.1764
596394,9.3970,0.003129,319.63, 442.1767
596395,9.3999,0.002975,336.11, 442.1909
596396,9.4033,0.003082,324.42, 442.1761
596397,9.4063,0.003081,324.55, 442.1764
596398,9.4092,0.003072,325.52, 442.1767
596399,9.4121,0.002986,334.93, 442.1790
596400,9.4150,0.002979,335.64, 442.1764
596401,9.4180,0.002924,342.00, 442.1767
596402,9.4214,0.003009,332.38, 442.1765
596403,9.4243,0.002920,342.44, 442.1767
596404,9.4272,0.003017,331.49, 442.1762
596405,9.4307,0.003495,286.11, 442.1767
596406,9.4336,0.003005,332.79, 442.1767
596407,9.4365,0.002859,349.77, 442.1767
596408,9.4395,0.003078,324.89, 442.1767
596409,9.4424,0.003022,330.86, 442.1767
596410,9.4458,0.003041,328.80, 442.1765
596411,9.4487,0.002947,339.28, 442.1767
596412,9.4517,0.002989,334.54, 442.1768
596413,9.4551,0.003452,289.73, 442.1767
596414,9.4580,0.003081,324.62, 442.1767
596415,9.4609,0.002927,341.67, 442.1767
596416,9.4639,0.002987,334.82, 442.1764
596417,9.4668,0.002918,342.69, 442.1767
596418,9.4702,0.003098,322.75, 442.1765
596419,9.4731,0.003164,316.11, 442.1761
596420,9.4766,0.003117,320.78, 442.1762
596421,9.4805,0.003921,255.02, 442.1761
596422,9.4834,0.003059,326.95, 442.1767
596423,9.4863,0.002994,333.97, 442.1761
596424,9.4893,0.003042,328.77, 442.1767
596425,9.4922,0.002953,338.60, 442.1764
596426,9.4951,0.003005,332.75, 442.1764
596427,9.4980,0.002965,337.22, 442.1761
596428,9.5015,0.002983,335.26, 442.1767
596429,9.5044,0.002961,337.71, 442.1765
596430,9.5073,0.003011,332.14, 442.1764
596431,9.5103,0.002932,341.05, 442.1764
596432,9.5132,0.003011,332.13, 442.1765
596433,9.5161,0.003031,329.94, 442.1762
596434,9.5195,0.003465,288.61, 442.1767
596435,9.5225,0.002937,340.51, 442.1767
596436,9.5254,0.003005,332.78, 442.1767
596437,9.5288,0.002973,336.39, 442.1768
596438,9.5317,0.003204,312.07, 442.1767
596439,9.5347,0.002925,341.89, 442.1764
596440,9.5376,0.003023,330.84, 442.1767
596441,9.5405,0.003015,331.70, 442.1762
596442,9.5439,0.003135,318.99, 442.1765
596443,9.5474,0.003470,288.17, 442.1764
596444,9.5503,0.003066,326.15, 442.1767
596445,9.5532,0.002941,340.06, 442.1768
596446,9.5566,0.003063,326.49, 442.1769
596447,9.5596,0.003016,331.62, 442.1761
596448,9.5625,0.002994,334.05, 442.1768
596449,9.5654,0.002974,336.24, 442.1762
596450,9.5688,0.003457,289.26, 442.1767
596451,9.5718,0.002936,340.60, 442.1767
596452,9.5747,0.002959,337.92, 442.1761
596453,9.5776,0.002977,335.95, 442.1768
596454,9.5811,0.003230,309.62, 442.1764
596455,9.5840,0.002953,338.62, 442.1768
596456,9.5869,0.002961,337.76, 442.1764
596457,9.5898,0.003008,332.41, 442.1765
596458,9.5933,0.003360,297.66, 442.1767
596459,9.5962,0.002930,341.32, 442.1768
596460,9.5991,0.002951,338.90, 442.1767
596461,9.6021,0.002944,339.64, 442.1765
596462,9.6055,0.003200,312.54, 442.1767
596463,9.6084,0.003024,330.66, 442.1768
596464,9.6118,0.003432,291.37, 442.1767
596465,9.6147,0.003218,310.75, 442.1761
596466,9.6177,0.002969,336.84, 442.1767
596467,9.6211,0.003008,332.45, 442.1767
596468,9.6240,0.002922,342.18, 442.1767
596469,9.6270,0.003018,331.40, 442.1762
596470,9.6304,0.003454,289.53, 442.1767
596471,9.6333,0.003051,327.74, 442.1761
596472,9.6362,0.002897,345.18, 442.1764
596473,9.6392,0.003106,322.00, 442.1761
596474,9.6421,0.002894,345.60, 442.1767
596475,9.6450,0.002953,338.60, 442.1768
596476,9.6484,0.002988,334.71, 442.1767
596477,9.6514,0.002986,334.90, 442.1768
596478,9.6543,0.003305,302.54, 442.1767
596479,9.6577,0.003136,318.89, 442.1764
596480,9.6606,0.003155,316.98, 442.1761
596481,9.6641,0.003197,312.75, 442.1761
596482,9.6670,0.002913,343.28, 442.1764
596483,9.6699,0.003038,329.21, 442.1764
596484,9.6729,0.002913,343.27, 442.1767
596485,9.6758,0.003032,329.84, 442.1762
596486,9.6787,0.002988,334.63, 442.1767
596487,9.6816,0.002973,336.35, 442.1768
596488,9.6851,0.003339,299.53, 442.1761
596489,9.6885,0.003102,322.39, 442.1764
596490,9.6914,0.002986,334.91, 442.1767
596491,9.6943,0.003007,332.55, 442.1767
596492,9.6973,0.002971,336.64, 442.1767
596493,9.7002,0.003007,332.61, 442.1765
596494,9.7031,0.002968,336.89, 442.1764
596495,9.7061,0.003016,331.62, 442.1768
596496,9.7095,0.003046,328.35, 442.1767
596497,9.7124,0.003014,331.74, 442.1786
596498,9.7158,0.003727,268.30, 442.1767
596499,9.7192,0.002994,334.00, 442.1767
596500,9.7222,0.002935,340.74, 442.1767
596501,9.7251,0.003051,327.76, 442.1765
596502,9.7280,0.002992,334.27, 442.1767
596503,9.7310,0.003009,332.37, 442.1768
596504,9.7339,0.002974,336.26, 442.1765
596505,9.7368,0.002991,334.31, 442.1768
596506,9.7402,0.003419,292.47, 442.1767
596507,9.7432,0.003014,331.84, 442.1768
596508,9.7461,0.002911,343.48, 442.1767
596509,9.7495,0.003011,332.16, 442.1765
596510,9.7524,0.003307,302.37, 442.1761
596511,9.7559,0.003103,322.29, 442.1764
596512,9.7588,0.003026,330.45, 442.1764
596513,9.7617,0.003114,321.17, 442.1767
596514,9.7646,0.002969,336.78, 442.1761
596515,9.7681,0.003168,315.65, 442.1761
596516,9.7710,0.002989,334.59, 442.1764
596517,9.7739,0.003090,323.68, 442.1764
596518,9.7773,0.003034,329.62, 442.1761
596519,9.7803,0.003060,326.84, 442.1767
596520,9.7832,0.003124,320.11, 442.1761
596521,9.7866,0.003111,321.46, 442.1761
596522,9.7896,0.002952,338.76, 442.1761
596523,9.7925,0.003021,331.05, 442.1765
596524,9.7959,0.003482,287.17, 442.1765
596525,9.7993,0.003329,300.43, 442.1761
596526,9.8022,0.003004,332.85, 442.1767
596527,9.8052,0.003094,323.19, 442.1764
596528,9.8081,0.002972,336.46, 442.1764
596529,9.8115,0.003023,330.79, 442.1768
596530,9.8145,0.002970,336.67, 442.1767
596531,9.8174,0.002982,335.36, 442.1768
596532,9.8208,0.003427,291.79, 442.1767
596533,9.8237,0.003029,330.13, 442.1767
596534,9.8267,0.002894,345.49, 442.1767
596535,9.8296,0.003016,331.53, 442.1768
596536,9.8325,0.003082,324.42, 442.1768
596537,9.8359,0.003255,307.27, 442.1767
596538,9.8389,0.002947,339.39, 442.1768
596539,9.8423,0.003331,300.21, 442.1767
596540,9.8452,0.002942,339.92, 442.1768
596541,9.8481,0.002941,340.08, 442.1767
596542,9.8511,0.002897,345.20, 442.1768
596543,9.8545,0.003520,284.13, 442.1767
596544,9.8574,0.002961,337.77, 442.1764
596545,9.8604,0.002983,335.28, 442.1767
596546,9.8633,0.002902,344.58, 442.1768
596547,9.8662,0.002977,335.90, 442.1768
596548,9.8691,0.002894,345.54, 442.1768
596549,9.8730,0.003643,274.53, 442.1767
596550,9.8760,0.003012,332.02, 442.1764
596551,9.8789,0.002994,333.98, 442.1767
596552,9.8818,0.002909,343.80, 442.1768
596553,9.8848,0.002907,344.06, 442.1767
596554,9.8877,0.002930,341.31, 442.1765
596555,9.8911,0.003399,294.20, 442.1767
596556,9.8940,0.002949,339.14, 442.1768
596557,9.8975,0.003562,280.76, 442.1761
596558,9.9009,0.003156,316.88, 442.1764
596559,9.9038,0.002966,337.15, 442.1767
596560,9.9067,0.003061,326.73, 442.1761
596561,9.9097,0.003048,328.08, 442.1761
596562,9.9126,0.002999,333.47, 442.1767
596563,9.9155,0.002935,340.72, 442.1767
596564,9.9189,0.003032,329.85, 442.1767
596565,9.9219,0.002971,336.62, 442.1764
596566,9.9248,0.003052,327.62, 442.1761
596567,9.9277,0.002976,336.06, 442.1767
596568,9.9307,0.002996,333.79, 442.1765
596569,9.9336,0.002970,336.75, 442.1767
596570,9.9365,0.002994,333.98, 442.1768
596571,9.9399,0.003098,322.83, 442.1767
596572,9.9429,0.002976,335.99, 442.1768
596573,9.9463,0.003334,299.99, 442.1761
596574,9.9492,0.003110,321.53, 442.1761
596575,9.9521,0.002990,334.43, 442.1767
596576,9.9556,0.003120,320.47, 442.1761
596577,9.9585,0.003075,325.25, 442.1764
596578,9.9614,0.003075,325.25, 442.1764
596579,9.9644,0.003034,329.62, 442.1764
596580,9.9678,0.003057,327.09, 442.1761
596581,9.9707,0.003068,325.93, 442.1767
596582,9.9736,0.003208,311.73, 442.1767
596583,9.9771,0.002977,335.90, 442.1870
596584,9.9800,0.003018,331.36, 442.1767
596585,9.9829,0.002933,340.97, 442.1767
596586,9.9858,0.003035,329.52, 442.1761
596587,9.9888,0.002980,335.63, 442.1767
596588,9.9917,0.002983,335.27, 442.1768
596589,9.9951,0.003288,304.15, 442.1767
596590,9.9980,0.003082,324.44, 442.1776
