TotalFrame,Time,DeltaTime,FPS,RAM
736382,0.0000,0.013753,72.71, 449.9744
736383,0.0000,0.013753,72.71, 450.2099
736384,0.0200,0.020000,50.00, 450.0238
736385,0.0234,0.003107,321.84, 449.9993
736386,0.0264,0.002822,354.33, 450.0157
736387,0.0371,0.011035,90.62, 449.9993
736388,0.0405,0.003109,321.65, 449.9987
736389,0.0439,0.003741,267.32, 449.9985
736390,0.0474,0.003089,323.72, 449.9992
736391,0.0503,0.002986,334.88, 450.0275
736392,0.0532,0.003165,315.94, 449.9989
736393,0.0566,0.003601,277.71, 449.9992
736394,0.0605,0.003574,279.82, 449.9983
736395,0.0640,0.003416,292.76, 449.9931
736396,0.0669,0.003232,309.43, 449.9934
736397,0.0708,0.003504,285.39, 449.9931
736398,0.0737,0.003116,320.98, 449.9934
736399,0.0767,0.003060,326.79, 449.9937
736400,0.0796,0.002934,340.89, 449.9937
736401,0.0825,0.003013,331.92, 449.9935
736402,0.0864,0.003678,271.91, 449.9934
736403,0.0894,0.003051,327.76, 449.9938
736404,0.0928,0.003131,319.43, 449.9932
736405,0.0957,0.003321,301.08, 449.9938
736406,0.0996,0.003550,281.68, 449.9938
736407,0.1025,0.003263,306.50, 449.9937
736408,0.1055,0.002992,334.26, 449.9938
736409,0.1089,0.003106,321.92, 449.9932
736410,0.1123,0.003725,268.49, 449.9938
736411,0.1157,0.003022,330.96, 449.9938
736412,0.1187,0.003307,302.41, 449.9938
736413,0.1221,0.003445,290.28, 449.9937
736414,0.1255,0.002957,338.21, 449.9938
736415,0.1289,0.003408,293.44, 449.9937
736416,0.1318,0.002995,333.91, 449.9938
736417,0.1357,0.004180,239.22, 449.9931
736418,0.1392,0.003175,314.95, 449.9931
736419,0.1421,0.003051,327.76, 449.9937
736420,0.1450,0.002989,334.57, 449.9937
736421,0.1479,0.002909,343.82, 449.9938
736422,0.1519,0.003699,270.38, 449.9931
736423,0.1548,0.003121,320.39, 449.9935
736424,0.1582,0.003234,309.21, 449.9932
736425,0.1616,0.003554,281.38, 449.9932
736426,0.1650,0.003315,301.70, 449.9934
736427,0.1680,0.003018,331.31, 449.9935
736428,0.1714,0.003408,293.43, 449.9937
736429,0.1743,0.003073,325.37, 449.9938
736430,0.1777,0.003523,283.83, 449.9937
736431,0.1807,0.002967,337.02, 449.9938
736432,0.1851,0.004058,246.44, 449.9931
736433,0.1880,0.003068,325.92, 449.9938
736434,0.1909,0.002926,341.79, 449.9932
736435,0.1948,0.003709,269.65, 449.9937
736436,0.1978,0.003065,326.27, 449.9938
736437,0.2012,0.003260,306.79, 449.9934
736438,0.2041,0.003086,324.01, 449.9932
736439,0.2075,0.003457,289.26, 449.9937
736440,0.2104,0.003021,331.06, 449.9938
736441,0.2148,0.004213,237.39, 449.9931
736442,0.2178,0.003122,320.27, 449.9937
736443,0.2207,0.003055,327.29, 449.9934
736444,0.2241,0.003138,318.66, 449.9937
736445,0.2271,0.002957,338.20, 449.9937
736446,0.2300,0.002970,336.73, 449.9957
736447,0.2334,0.003589,278.61, 449.9938
736448,0.2368,0.003078,324.88, 449.9938
736449,0.2397,0.003032,329.87, 449.9938
736450,0.2437,0.003855,259.38, 449.9934
736451,0.2466,0.002955,338.43, 449.9938
736452,0.2500,0.003474,287.89, 449.9931
736453,0.2534,0.003273,305.52, 449.9934
736454,0.2563,0.002961,337.71, 449.9935
736455,0.2593,0.002984,335.11, 449.9938
736456,0.2632,0.003793,263.64, 450.0025
736457,0.2661,0.003368,296.92, 449.9931
736458,0.2695,0.003279,304.97, 449.9932
736459,0.2729,0.003272,305.63, 449.9937
736460,0.2764,0.003228,309.78, 449.9931
736461,0.2793,0.003088,323.82, 449.9931
736462,0.2827,0.003398,294.33, 450.0080
736463,0.2861,0.003484,287.02, 449.9934
736464,0.2896,0.003317,301.50, 449.9937
736465,0.2925,0.003089,323.73, 449.9937
736466,0.2954,0.003094,323.17, 449.9938
736467,0.2993,0.003512,284.71, 449.9937
736468,0.3022,0.003047,328.21, 449.9932
736469,0.3062,0.003796,263.46, 449.9937
736470,0.3091,0.003250,307.71, 449.9932
736471,0.3125,0.003417,292.65, 449.9938
736472,0.3159,0.003361,297.51, 449.9934
736473,0.3188,0.003008,332.47, 449.9938
736474,0.3228,0.003528,283.45, 449.9934
736475,0.3257,0.003130,319.51, 449.9932
736476,0.3291,0.003365,297.14, 449.9937
736477,0.3320,0.003055,327.32, 449.9932
736478,0.3354,0.003395,294.56, 449.9937
736479,0.3384,0.003041,328.83, 449.9938
736480,0.3418,0.003227,309.87, 449.9938
736481,0.3452,0.003242,308.42, 449.9932
736482,0.3486,0.003425,292.00, 449.9931
736483,0.3516,0.002982,335.36, 449.9938
736484,0.3550,0.003485,286.94, 449.9935
736485,0.3584,0.003348,298.68, 449.9937
736486,0.3613,0.003095,323.12, 449.9932
736487,0.3647,0.003406,293.61, 449.9937
736488,0.3677,0.002928,341.48, 449.9938
736489,0.3716,0.003831,261.02, 449.9931
736490,0.3745,0.003222,310.38, 449.9931
736491,0.3774,0.002964,337.38, 449.9937
736492,0.3809,0.002971,336.59, 449.9932
736493,0.3838,0.003364,297.25, 449.9937
736494,0.3872,0.002992,334.18, 449.9935
736495,0.3906,0.003489,286.64, 449.9937
736496,0.3936,0.003007,332.57, 449.9938
736497,0.3975,0.003867,258.63, 449.9931
736498,0.4009,0.003347,298.77, 449.9937
736499,0.4038,0.003028,330.28, 449.9937
736500,0.4067,0.003069,325.80, 449.9932
736501,0.4102,0.003182,314.28, 449.9938
736502,0.4136,0.003599,277.85, 449.9937
736503,0.4165,0.002976,336.04, 449.9938
736504,0.4204,0.003614,276.70, 449.9931
736505,0.4233,0.003130,319.49, 449.9932
736506,0.4263,0.003013,331.92, 449.9932
736507,0.4292,0.003068,325.97, 449.9938
736508,0.4331,0.003776,264.85, 449.9931
736509,0.4360,0.003117,320.84, 449.9934
736510,0.4395,0.003017,331.50, 449.9934
736511,0.4424,0.003111,321.44, 449.9938
736512,0.4458,0.003317,301.47, 449.9931
736513,0.4487,0.003072,325.49, 449.9932
736514,0.4521,0.003569,280.17, 449.9935
736515,0.4556,0.003272,305.61, 449.9937
736516,0.4585,0.002956,338.27, 449.9932
736517,0.4619,0.003559,280.97, 449.9934
736518,0.4653,0.003029,330.15, 449.9932
736519,0.4688,0.003379,295.94, 449.9937
736520,0.4717,0.002966,337.18, 449.9938
736521,0.4756,0.004002,249.88, 449.9932
736522,0.4785,0.003157,316.77, 449.9937
736523,0.4814,0.002954,338.57, 449.9931
736524,0.4849,0.003091,323.55, 449.9938
736525,0.4878,0.002962,337.59, 449.9938
736526,0.4907,0.003065,326.31, 449.9938
736527,0.4946,0.003744,267.11, 449.9937
736528,0.4976,0.003046,328.26, 449.9938
736529,0.5010,0.003312,301.97, 449.9938
736530,0.5044,0.003393,294.70, 449.9937
736531,0.5073,0.002914,343.16, 449.9938
736532,0.5107,0.003742,267.22, 449.9934
736533,0.5137,0.002968,336.89, 449.9938
736534,0.5171,0.003290,303.92, 449.9934
736535,0.5200,0.002943,339.75, 449.9938
736536,0.5239,0.004009,249.46, 449.9931
736537,0.5273,0.003185,314.00, 449.9937
736538,0.5303,0.002943,339.82, 449.9937
736539,0.5332,0.003065,326.31, 449.9935
736540,0.5361,0.003041,328.80, 449.9935
736541,0.5396,0.003249,307.76, 449.9938
736542,0.5430,0.003387,295.26, 449.9976
736543,0.5459,0.002964,337.42, 449.9938
736544,0.5493,0.003612,276.89, 449.9938
736545,0.5527,0.003209,311.62, 449.9938
736546,0.5557,0.002966,337.17, 449.9935
736547,0.5596,0.003664,272.90, 449.9937
736548,0.5625,0.003055,327.38, 449.9938
736549,0.5659,0.003392,294.80, 449.9931
736550,0.5688,0.002958,338.12, 449.9938
736551,0.5723,0.003506,285.23, 449.9937
736552,0.5757,0.003142,318.23, 449.9932
736553,0.5786,0.002974,336.26, 449.9938
736554,0.5815,0.003125,319.98, 449.9938
736555,0.5850,0.003562,280.71, 449.9934
736556,0.5879,0.002988,334.65, 449.9932
736557,0.5918,0.003498,285.86, 449.9937
736558,0.5947,0.002957,338.13, 449.9938
736559,0.5981,0.003353,298.20, 449.9957
736560,0.6016,0.003617,276.46, 449.9937
736561,0.6045,0.002944,339.69, 449.9938
736562,0.6079,0.003568,280.28, 449.9934
736563,0.6108,0.002965,337.25, 449.9935
736564,0.6143,0.003362,297.41, 449.9937
736565,0.6172,0.003000,333.36, 449.9938
736566,0.6206,0.003383,295.64, 449.9934
736567,0.6235,0.002960,337.85, 449.9938
736568,0.6274,0.003780,264.57, 449.9934
736569,0.6309,0.003151,317.33, 449.9931
736570,0.6338,0.003019,331.27, 449.9931
736571,0.6367,0.003074,325.33, 449.9932
736572,0.6401,0.003176,314.87, 449.9935
736573,0.6431,0.003053,327.53, 449.9938
736574,0.6465,0.003648,274.15, 449.9938
736575,0.6499,0.003461,288.93, 449.9934
736576,0.6528,0.002890,345.97, 449.9935
736577,0.6563,0.003434,291.21, 449.9935
736578,0.6592,0.002979,335.73, 449.9938
736579,0.6631,0.003700,270.28, 449.9937
736580,0.6660,0.002978,335.76, 449.9935
736581,0.6689,0.003062,326.54, 449.9938
736582,0.6724,0.003208,311.75, 449.9935
736583,0.6758,0.003630,275.47, 449.9931
736584,0.6787,0.002968,336.95, 449.9938
736585,0.6826,0.003900,256.44, 449.9931
736586,0.6860,0.003018,331.38, 449.9937
736587,0.6890,0.003002,333.11, 449.9937
736588,0.6919,0.002996,333.82, 449.9938
736589,0.6953,0.003321,301.11, 449.9938
736590,0.6982,0.003322,301.03, 449.9937
736591,0.7012,0.002937,340.50, 449.9938
736592,0.7051,0.003744,267.10, 449.9937
736593,0.7080,0.003065,326.30, 449.9935
736594,0.7114,0.003122,320.31, 449.9938
736595,0.7144,0.003101,322.48, 449.9938
736596,0.7178,0.003473,287.95, 449.9937
736597,0.7207,0.002992,334.21, 449.9938
736598,0.7246,0.003770,265.23, 449.9937
736599,0.7275,0.002952,338.81, 449.9938
736600,0.7314,0.003983,251.09, 449.9931
736601,0.7349,0.003451,289.75, 449.9931
736602,0.7383,0.003097,322.93, 449.9937
736603,0.7412,0.003022,330.92, 449.9937
736604,0.7441,0.002943,339.79, 449.9938
736605,0.7476,0.003487,286.81, 449.9937
736606,0.7505,0.002949,339.10, 449.9938
736607,0.7539,0.003484,287.04, 449.9937
736608,0.7568,0.002928,341.51, 449.9935
736609,0.7607,0.003733,267.90, 449.9937
736610,0.7642,0.003341,299.31, 449.9937
736611,0.7671,0.003017,331.42, 449.9934
736612,0.7700,0.003002,333.16, 449.9947
736613,0.7729,0.003060,326.79, 449.9938
736614,0.7764,0.003303,302.72, 449.9938
736615,0.7798,0.003183,314.21, 449.9938
736616,0.7827,0.003219,310.63, 449.9938
736617,0.7866,0.003904,256.16, 449.9931
736618,0.7896,0.002999,333.43, 449.9937
736619,0.7925,0.002954,338.51, 449.9938
736620,0.7964,0.003621,276.18, 449.9937
736621,0.7993,0.003202,312.27, 449.9931
736622,0.8027,0.003148,317.66, 449.9934
736623,0.8062,0.003487,286.79, 449.9937
736624,0.8096,0.003538,282.63, 449.9937
736625,0.8130,0.003433,291.32, 449.9934
736626,0.8164,0.003145,318.01, 449.9931
736627,0.8193,0.003032,329.78, 449.9956
736628,0.8223,0.002985,335.01, 449.9931
736629,0.8257,0.003222,310.40, 449.9935
736630,0.8291,0.003654,273.64, 449.9938
736631,0.8320,0.003034,329.60, 449.9938
736632,0.8354,0.003229,309.68, 449.9938
736633,0.8389,0.003629,275.55, 449.9931
736634,0.8423,0.003081,324.62, 449.9932
736635,0.8452,0.002987,334.74, 449.9938
736636,0.8481,0.003129,319.63, 449.9938
736637,0.8516,0.003441,290.66, 449.9937
736638,0.8545,0.003029,330.10, 449.9938
736639,0.8584,0.003575,279.76, 449.9937
736640,0.8613,0.003040,328.96, 449.9938
736641,0.8643,0.003080,324.72, 449.9932
736642,0.8677,0.003066,326.15, 449.9935
736643,0.8711,0.003470,288.21, 449.9937
736644,0.8740,0.003009,332.39, 449.9935
736645,0.8779,0.003929,254.51, 449.9937
736646,0.8809,0.003131,319.43, 449.9934
736647,0.8838,0.002995,333.89, 449.9938
736648,0.8872,0.003215,311.08, 449.9935
736649,0.8901,0.002952,338.79, 449.9932
736650,0.8940,0.003751,266.61, 449.9937
736651,0.8970,0.003005,332.78, 449.9935
736652,0.9004,0.003376,296.18, 449.9937
736653,0.9033,0.002990,334.50, 449.9938
736654,0.9072,0.003705,269.88, 449.9937
736655,0.9102,0.003089,323.76, 449.9938
736656,0.9131,0.002921,342.36, 449.9938
736657,0.9160,0.003148,317.68, 449.9938
736658,0.9199,0.003530,283.31, 449.9937
736659,0.9229,0.003036,329.44, 449.9938
736660,0.9263,0.003550,281.67, 449.9938
736661,0.9297,0.003275,305.34, 449.9937
736662,0.9326,0.003027,330.33, 449.9932
736663,0.9360,0.003534,282.97, 449.9937
736664,0.9390,0.003014,331.76, 449.9932
736665,0.9424,0.003299,303.11, 449.9937
736666,0.9453,0.003031,329.98, 449.9935
736667,0.9487,0.003439,290.81, 449.9937
736668,0.9517,0.002954,338.54, 449.9935
736669,0.9556,0.003528,283.47, 449.9937
736670,0.9585,0.003064,326.42, 449.9935
736671,0.9614,0.003220,310.53, 449.9938
736672,0.9648,0.003025,330.60, 449.9938
736673,0.9683,0.003468,288.37, 449.9934
736674,0.9712,0.003206,311.95, 449.9932
736675,0.9746,0.003291,303.87, 449.9938
736676,0.9780,0.003577,279.55, 449.9937
736677,0.9810,0.002905,344.22, 449.9938
736678,0.9849,0.003506,285.26, 449.9937
736679,0.9878,0.003239,308.70, 449.9932
736680,0.9922,0.004082,244.99, 449.9931
736681,0.9951,0.003265,306.32, 449.9934
736682,0.9980,0.002960,337.87, 449.9931
736683,1.0015,0.003169,315.56, 449.9937
736684,1.0044,0.002943,339.74, 449.9937
736685,1.0073,0.003063,326.45, 449.9938
736686,1.0103,0.003132,319.28, 449.9938
736687,1.0137,0.003263,306.46, 449.9938
736688,1.0176,0.003884,257.49, 449.9931
736689,1.0205,0.003100,322.58, 449.9956
736690,1.0239,0.002961,337.68, 449.9957
736691,1.0269,0.003093,323.30, 449.9938
736692,1.0298,0.002977,335.97, 449.9938
736693,1.0337,0.003770,265.24, 449.9937
736694,1.0366,0.003104,322.22, 449.9932
736695,1.0396,0.003141,318.33, 449.9935
736696,1.0430,0.002957,338.16, 449.9938
736697,1.0464,0.003443,290.46, 449.9938
736698,1.0493,0.003020,331.13, 449.9935
736699,1.0527,0.003624,275.95, 449.9937
736700,1.0562,0.003103,322.26, 449.9938
736701,1.0596,0.003434,291.17, 450.0031
736702,1.0625,0.003287,304.22, 449.9938
736703,1.0654,0.002976,336.08, 449.9935
736704,1.0688,0.003125,320.02, 449.9938
736705,1.0723,0.003683,271.55, 449.9935
736706,1.0757,0.003406,293.57, 449.9937
736707,1.0791,0.003241,308.53, 449.9935
736708,1.0820,0.003143,318.22, 449.9935
736709,1.0854,0.003005,332.81, 449.9938
736710,1.0889,0.003447,290.09, 449.9938
736711,1.0918,0.002945,339.60, 449.9938
736712,1.0957,0.003945,253.50, 449.9937
736713,1.0986,0.003053,327.59, 449.9932
736714,1.1016,0.002933,340.96, 449.9938
736715,1.1055,0.003779,264.64, 449.9938
736716,1.1084,0.003255,307.26, 449.9935
736717,1.1123,0.003662,273.10, 449.9937
736718,1.1152,0.003018,331.32, 449.9935
736719,1.1187,0.003478,287.53, 449.9937
736720,1.1216,0.003004,332.91, 449.9938
736721,1.1250,0.003305,302.54, 449.9931
736722,1.1279,0.003023,330.83, 449.9938
736723,1.1313,0.003460,288.99, 449.9938
736724,1.1348,0.003046,328.34, 449.9938
736725,1.1382,0.003551,281.60, 449.9937
736726,1.1411,0.003025,330.53, 449.9932
736727,1.1445,0.003516,284.45, 449.9937
736728,1.1475,0.002929,341.44, 449.9938
736729,1.1509,0.003357,297.93, 449.9938
736730,1.1548,0.003631,275.41, 449.9937
736731,1.1577,0.002980,335.54, 449.9938
736732,1.1611,0.003532,283.15, 449.9937
736733,1.1641,0.002955,338.41, 449.9935
736734,1.1675,0.003626,275.78, 449.9934
736735,1.1709,0.003107,321.90, 449.9938
736736,1.1738,0.003223,310.32, 449.9938
736737,1.1768,0.002975,336.13, 449.9938
736738,1.1807,0.003593,278.31, 449.9937
736739,1.1836,0.002958,338.07, 449.9938
736740,1.1870,0.003640,274.70, 449.9935
736741,1.1904,0.003415,292.80, 449.9931
736742,1.1938,0.003018,331.39, 449.9931
736743,1.1968,0.003017,331.48, 449.9935
736744,1.2007,0.003978,251.41, 449.9934
736745,1.2036,0.003038,329.15, 449.9937
736746,1.2065,0.003011,332.15, 449.9935
736747,1.2100,0.003460,289.01, 449.9937
736748,1.2129,0.003015,331.73, 449.9932
736749,1.2168,0.003438,290.83, 449.9937
736750,1.2197,0.003005,332.76, 449.9935
736751,1.2231,0.003627,275.72, 449.9934
736752,1.2261,0.003012,332.03, 449.9932
736753,1.2300,0.003558,281.04, 449.9938
736754,1.2329,0.003302,302.81, 449.9931
736755,1.2363,0.003043,328.62, 449.9938
736756,1.2397,0.003551,281.61, 449.9934
736757,1.2427,0.003057,327.12, 449.9935
736758,1.2461,0.003345,298.94, 449.9937
736759,1.2490,0.002949,339.13, 449.9938
736760,1.2529,0.003724,268.56, 449.9934
736761,1.2559,0.003024,330.67, 449.9935
736762,1.2593,0.003497,286.00, 449.9938
736763,1.2622,0.003039,329.02, 449.9938
736764,1.2661,0.003640,274.70, 449.9934
736765,1.2690,0.003179,314.61, 449.9932
736766,1.2720,0.002936,340.65, 449.9938
736767,1.2754,0.003299,303.13, 449.9938
736768,1.2788,0.003456,289.37, 449.9938
736769,1.2827,0.003912,255.63, 449.9931
736770,1.2856,0.003147,317.72, 449.9931
736771,1.2891,0.003089,323.73, 449.9937
736772,1.2925,0.003327,300.59, 449.9932
736773,1.2959,0.003459,289.13, 449.9931
736774,1.2993,0.003566,280.41, 449.9931
736775,1.3027,0.003347,298.80, 449.9931
736776,1.3057,0.003252,307.52, 449.9937
736777,1.3091,0.002990,334.44, 449.9932
736778,1.3120,0.003309,302.24, 449.9938
736779,1.3154,0.003442,290.57, 449.9938
736780,1.3188,0.003359,297.72, 449.9935
736781,1.3223,0.003109,321.69, 449.9935
736782,1.3257,0.003563,280.69, 449.9935
736783,1.3286,0.003015,331.68, 449.9938
736784,1.3325,0.003662,273.07, 449.9937
736785,1.3354,0.003035,329.53, 449.9935
736786,1.3384,0.003236,309.05, 449.9937
736787,1.3418,0.003083,324.37, 449.9938
736788,1.3452,0.003573,279.89, 449.9931
736789,1.3481,0.002970,336.72, 449.9938
736790,1.3516,0.003236,309.04, 449.9935
736791,1.3550,0.003595,278.16, 449.9937
736792,1.3579,0.003043,328.60, 449.9935
736793,1.3618,0.003566,280.46, 449.9934
736794,1.3647,0.003056,327.23, 449.9932
736795,1.3677,0.003051,327.80, 449.9938
736796,1.3711,0.003312,301.91, 449.9935
736797,1.3745,0.003457,289.28, 449.9937
736798,1.3774,0.003046,328.29, 449.9938
736799,1.3809,0.003213,311.25, 449.9937
736800,1.3838,0.003048,328.04, 449.9932
736801,1.3872,0.003461,288.93, 449.9937
736802,1.3901,0.003007,332.55, 449.9935
736803,1.3940,0.003511,284.82, 449.9937
736804,1.3970,0.002978,335.82, 449.9938
736805,1.4004,0.003377,296.12, 449.9938
736806,1.4038,0.003434,291.17, 449.9937
736807,1.4067,0.002932,341.05, 449.9938
736808,1.4102,0.003617,276.45, 449.9937
736809,1.4131,0.002959,337.91, 449.9938
736810,1.4165,0.003346,298.86, 449.9937
736811,1.4194,0.002962,337.63, 449.9938
736812,1.4229,0.003587,278.78, 449.9937
736813,1.4263,0.003023,330.85, 449.9935
736814,1.4292,0.003291,303.91, 449.9938
736815,1.4321,0.002956,338.32, 449.9938
736816,1.4365,0.004094,244.27, 449.9931
736817,1.4395,0.003083,324.37, 449.9937
736818,1.4424,0.002937,340.47, 449.9934
736819,1.4453,0.002970,336.66, 449.9938
736820,1.4487,0.003371,296.61, 449.9938
736821,1.4521,0.003391,294.87, 449.9937
736822,1.4551,0.002903,344.46, 449.9957
736823,1.4585,0.003591,278.47, 449.9937
736824,1.4614,0.002985,335.01, 449.9938
736825,1.4653,0.003734,267.83, 449.9931
736826,1.4683,0.003135,318.97, 449.9931
736827,1.4717,0.002939,340.21, 449.9937
736828,1.4746,0.002983,335.21, 449.9938
736829,1.4780,0.003750,266.64, 449.9931
736830,1.4814,0.003176,314.83, 449.9937
736831,1.4844,0.002998,333.57, 449.9934
736832,1.4873,0.003039,329.02, 449.9938
736833,1.4907,0.003408,293.47, 449.9937
736834,1.4937,0.002995,333.91, 449.9938
736835,1.4971,0.003495,286.13, 449.9957
736836,1.5005,0.003428,291.70, 449.9937
736837,1.5034,0.002915,343.02, 449.9938
736838,1.5073,0.003545,282.06, 449.9931
736839,1.5103,0.003001,333.18, 449.9938
736840,1.5137,0.003683,271.55, 449.9931
736841,1.5171,0.003414,292.92, 449.9931
736842,1.5200,0.002945,339.62, 449.9934
736843,1.5234,0.003002,333.13, 449.9938
736844,1.5269,0.003609,277.09, 449.9937
736845,1.5298,0.003000,333.39, 449.9938
736846,1.5332,0.003463,288.76, 449.9931
736847,1.5361,0.003064,326.39, 449.9938
736848,1.5396,0.003099,322.68, 449.9938
736849,1.5425,0.003095,323.10, 449.9938
736850,1.5464,0.003664,272.91, 449.9938
736851,1.5493,0.003131,319.41, 449.9938
736852,1.5522,0.003056,327.28, 449.9935
736853,1.5562,0.003558,281.09, 449.9937
736854,1.5591,0.002946,339.50, 449.9932
736855,1.5625,0.003703,270.08, 449.9937
736856,1.5654,0.003004,332.93, 449.9935
736857,1.5688,0.003007,332.58, 449.9938
736858,1.5718,0.003098,322.84, 449.9938
736859,1.5752,0.003719,268.93, 449.9937
736860,1.5786,0.002989,334.57, 449.9938
736861,1.5820,0.003372,296.56, 449.9937
736862,1.5850,0.002962,337.62, 449.9938
736863,1.5884,0.003482,287.22, 449.9937
736864,1.5913,0.003042,328.70, 449.9935
736865,1.5947,0.003557,281.12, 449.9935
736866,1.5977,0.003059,326.96, 449.9938
736867,1.6011,0.003002,333.10, 449.9938
736868,1.6045,0.003809,262.56, 449.9937
736869,1.6074,0.002934,340.88, 449.9938
736870,1.6113,0.003528,283.42, 449.9931
736871,1.6143,0.002960,337.84, 449.9938
736872,1.6182,0.003799,263.23, 449.9931
736873,1.6211,0.003127,319.85, 449.9937
736874,1.6240,0.002904,344.38, 449.9937
736875,1.6270,0.003121,320.43, 449.9957
736876,1.6304,0.003297,303.35, 449.9934
736877,1.6333,0.003020,331.17, 449.9932
736878,1.6372,0.003590,278.54, 449.9937
736879,1.6401,0.002967,337.01, 449.9938
736880,1.6436,0.003395,294.59, 449.9932
736881,1.6470,0.003494,286.24, 449.9937
736882,1.6499,0.003015,331.65, 449.9938
736883,1.6533,0.003414,292.90, 449.9937
736884,1.6563,0.003023,330.85, 449.9938
736885,1.6597,0.003238,308.85, 449.9938
736886,1.6626,0.002990,334.44, 449.9938
736887,1.6660,0.003528,283.49, 449.9937
736888,1.6689,0.002935,340.73, 449.9935
736889,1.6724,0.003610,276.98, 449.9937
736890,1.6758,0.003124,320.12, 449.9932
736891,1.6787,0.003215,311.08, 449.9937
736892,1.6821,0.003001,333.21, 449.9938
736893,1.6855,0.003475,287.81, 449.9931
736894,1.6885,0.003159,316.53, 449.9932
736895,1.6919,0.003485,286.94, 449.9938
736896,1.6953,0.003169,315.52, 449.9938
736897,1.6982,0.002983,335.20, 449.9938
736898,1.7017,0.003620,276.23, 449.9935
736899,1.7051,0.003050,327.85, 449.9938
736900,1.7085,0.003500,285.76, 449.9937
736901,1.7114,0.002991,334.38, 449.9938
736902,1.7148,0.003487,286.81, 449.9937
736903,1.7178,0.002979,335.74, 449.9938
736904,1.7212,0.003415,292.87, 449.9937
736905,1.7241,0.003050,327.85, 449.9938
736906,1.7280,0.003852,259.63, 449.9934
736907,1.7314,0.003070,325.74, 449.9938
736908,1.7349,0.003412,293.13, 449.9938
736909,1.7378,0.003291,303.91, 449.9937
736910,1.7407,0.002952,338.71, 449.9938
736911,1.7446,0.003557,281.14, 449.9937
736912,1.7476,0.002933,341.01, 449.9938
736913,1.7510,0.003430,291.53, 449.9931
736914,1.7539,0.003093,323.36, 449.9935
736915,1.7573,0.003492,286.34, 449.9937
736916,1.7603,0.003048,328.06, 449.9935
736917,1.7637,0.003041,328.87, 449.9938
736918,1.7671,0.003414,292.93, 449.9938
736919,1.7700,0.003121,320.43, 449.9938
736920,1.7729,0.003128,319.71, 449.9932
736921,1.7769,0.003927,254.65, 449.9931
736922,1.7803,0.003154,317.09, 449.9937
736923,1.7832,0.003046,328.33, 449.9935
736924,1.7861,0.003074,325.36, 449.9938
736925,1.7891,0.002957,338.23, 449.9932
736926,1.7930,0.003733,267.88, 449.9937
736927,1.7959,0.002997,333.64, 449.9938
736928,1.7993,0.003452,289.66, 449.9931
736929,1.8027,0.003182,314.28, 449.9931
736930,1.8057,0.003007,332.51, 449.9934
736931,1.8086,0.003089,323.72, 449.9932
736932,1.8125,0.003665,272.88, 449.9931
736933,1.8154,0.003130,319.50, 449.9938
736934,1.8184,0.002945,339.57, 449.9938
736935,1.8218,0.003088,323.83, 449.9938
736936,1.8252,0.003779,264.65, 449.9934
736937,1.8286,0.003039,329.07, 449.9932
736938,1.8315,0.003049,328.00, 449.9938
736939,1.8350,0.003719,268.91, 449.9937
736940,1.8384,0.002982,335.31, 449.9932
736941,1.8413,0.003366,297.08, 449.9937
736942,1.8442,0.002975,336.19, 449.9938
736943,1.8481,0.003429,291.67, 449.9937
736944,1.8511,0.002930,341.33, 449.9938
736945,1.8545,0.003571,280.06, 449.9937
736946,1.8574,0.003019,331.25, 449.9932
736947,1.8613,0.003786,264.16, 449.9937
736948,1.8643,0.003004,332.90, 449.9938
736949,1.8677,0.003230,309.59, 449.9934
736950,1.8706,0.003042,328.71, 449.9932
736951,1.8740,0.003504,285.37, 449.9934
736952,1.8770,0.003000,333.30, 449.9938
736953,1.8804,0.003238,308.79, 449.9938
736954,1.8838,0.003610,276.98, 449.9937
736955,1.8867,0.002961,337.75, 449.9938
736956,1.8901,0.003545,282.12, 449.9937
736957,1.8931,0.002962,337.67, 449.9938
736958,1.8965,0.003186,313.91, 449.9938
736959,1.8994,0.002994,333.99, 449.9938
736960,1.9033,0.004061,246.22, 449.9931
736961,1.9067,0.003090,323.58, 449.9937
736962,1.9097,0.002966,337.20, 449.9932
736963,1.9126,0.003028,330.26, 449.9938
736964,1.9165,0.003654,273.68, 449.9934
736965,1.9194,0.002986,334.91, 449.9938
736966,1.9224,0.003289,304.01, 449.9937
736967,1.9258,0.002991,334.39, 449.9938
736968,1.9297,0.003979,251.31, 449.9934
736969,1.9326,0.002960,337.85, 449.9937
736970,1.9355,0.002974,336.25, 449.9935
736971,1.9390,0.003466,288.52, 449.9937
736972,1.9419,0.002957,338.21, 449.9938
736973,1.9453,0.003554,281.41, 449.9937
736974,1.9482,0.002972,336.50, 449.9935
736975,1.9521,0.003535,282.89, 449.9937
736976,1.9551,0.003060,326.75, 449.9957
736977,1.9580,0.003189,313.57, 449.9938
736978,1.9614,0.003121,320.39, 449.9935
736979,1.9648,0.003546,281.98, 449.9937
736980,1.9678,0.002955,338.38, 449.9938
736981,1.9712,0.003478,287.54, 449.9931
736982,1.9751,0.003889,257.11, 449.9931
736983,1.9780,0.002990,334.46, 449.9937
736984,1.9814,0.003086,324.03, 449.9937
736985,1.9844,0.003025,330.61, 449.9938
736986,1.9873,0.003232,309.43, 449.9931
736987,1.9907,0.003023,330.80, 449.9938
736988,1.9941,0.003581,279.27, 449.9937
736989,1.9971,0.002976,336.08, 449.9938
736990,2.0005,0.003533,283.09, 449.9937
736991,2.0039,0.003363,297.34, 449.9934
736992,2.0068,0.003060,326.79, 449.9931
736993,2.0103,0.003112,321.31, 449.9935
736994,2.0132,0.003063,326.43, 449.9932
736995,2.0166,0.003199,312.57, 449.9938
736996,2.0200,0.003556,281.25, 449.9937
736997,2.0229,0.003020,331.16, 449.9957
736998,2.0264,0.003455,289.46, 449.9932
736999,2.0298,0.003279,304.97, 449.9937
737000,2.0327,0.002940,340.09, 449.9938
737001,2.0361,0.003547,281.96, 449.9937
737002,2.0391,0.003005,332.79, 449.9938
737003,2.0425,0.003467,288.42, 449.9937
737004,2.0459,0.002997,333.69, 449.9938
737005,2.0493,0.003597,278.03, 449.9937
737006,2.0522,0.003008,332.48, 449.9932
737007,2.0557,0.003203,312.26, 449.9937
737008,2.0586,0.003033,329.72, 449.9935
737009,2.0620,0.003286,304.32, 449.9935
737010,2.0649,0.003053,327.53, 449.9938
737011,2.0684,0.003521,284.04, 449.9937
737012,2.0713,0.002957,338.18, 449.9938
737013,2.0752,0.003659,273.29, 449.9938
737014,2.0781,0.003355,298.09, 449.9937
737015,2.0815,0.002952,338.78, 449.9938
737016,2.0850,0.003569,280.20, 449.9937
737017,2.0879,0.002976,335.98, 449.9938
737018,2.0913,0.003218,310.71, 449.9938
737019,2.0942,0.003009,332.34, 449.9938
737020,2.0977,0.003491,286.49, 449.9937
737021,2.1006,0.002994,333.99, 449.9938
737022,2.1040,0.003599,277.88, 449.9937
737023,2.1074,0.003038,329.12, 449.9938
737024,2.1104,0.003269,305.93, 449.9932
737025,2.1138,0.003089,323.71, 449.9932
737026,2.1172,0.003443,290.49, 449.9934
737027,2.1201,0.002949,339.05, 449.9938
737028,2.1235,0.003523,283.87, 449.9938
737029,2.1270,0.003547,281.93, 449.9937
737030,2.1299,0.002922,342.27, 449.9938
737031,2.1333,0.003292,303.73, 449.9938
737032,2.1362,0.002957,338.15, 449.9938
737033,2.1396,0.003619,276.36, 449.9937
737034,2.1431,0.003033,329.76, 449.9938
737035,2.1465,0.003437,290.99, 449.9937
737036,2.1494,0.002948,339.20, 449.9938
737037,2.1528,0.003372,296.60, 449.9937
737038,2.1558,0.003009,332.36, 449.9938
737039,2.1592,0.003659,273.31, 449.9937
737040,2.1621,0.002976,336.03, 449.9938
737041,2.1655,0.003277,305.16, 449.9938
737042,2.1685,0.003055,327.39, 449.9938
737043,2.1724,0.003644,274.44, 449.9938
737044,2.1758,0.003318,301.38, 449.9938
737045,2.1787,0.002954,338.56, 449.9938
737046,2.1821,0.003609,277.12, 449.9937
737047,2.1851,0.003016,331.53, 449.9938
737048,2.1890,0.003695,270.61, 449.9937
737049,2.1919,0.003021,330.98, 449.9938
737050,2.1953,0.003400,294.16, 449.9934
737051,2.1982,0.003081,324.56, 449.9938
737052,2.2017,0.003248,307.92, 449.9932
737053,2.2051,0.003663,272.99, 449.9937
737054,2.2080,0.002906,344.08, 449.9935
737055,2.2119,0.003573,279.89, 449.9937
737056,2.2148,0.002913,343.25, 449.9938
737057,2.2183,0.003592,278.37, 449.9937
737058,2.2212,0.003070,325.73, 449.9935
737059,2.2246,0.003524,283.78, 449.9937
737060,2.2280,0.002995,333.88, 449.9938
737061,2.2310,0.003246,308.04, 449.9938
737062,2.2339,0.003067,326.02, 449.9938
737063,2.2378,0.003557,281.14, 449.9937
737064,2.2407,0.002986,334.95, 449.9938
737065,2.2451,0.004322,231.40, 449.9931
737066,2.2480,0.002989,334.59, 449.9938
737067,2.2510,0.003062,326.58, 449.9935
737068,2.2544,0.003587,278.78, 449.9937
737069,2.2573,0.002928,341.55, 449.9935
737070,2.2612,0.003639,274.78, 449.9937
737071,2.2642,0.002990,334.50, 449.9938
737072,2.2676,0.003254,307.36, 449.9932
737073,2.2705,0.003042,328.71, 449.9938
737074,2.2739,0.003643,274.54, 449.9937
737075,2.2773,0.003060,326.84, 449.9938
737076,2.2808,0.003645,274.37, 449.9931
737077,2.2842,0.003245,308.21, 449.9934
737078,2.2871,0.003029,330.20, 449.9934
737079,2.2900,0.003091,323.49, 449.9935
737080,2.2935,0.003453,289.65, 449.9938
737081,2.2974,0.003740,267.37, 449.9931
737082,2.3008,0.003360,297.64, 449.9934
737083,2.3037,0.003204,312.11, 449.9934
737084,2.3071,0.003369,296.82, 449.9931
737085,2.3105,0.003347,298.76, 449.9980
737086,2.3140,0.003524,283.80, 449.9931
737087,2.3179,0.003490,286.51, 449.9931
737088,2.3208,0.003310,302.16, 449.9931
737089,2.3242,0.003201,312.40, 449.9934
737090,2.3271,0.003119,320.65, 449.9932
737091,2.3301,0.002994,334.06, 449.9938
737092,2.3340,0.003540,282.45, 449.9937
737093,2.3369,0.003041,328.88, 449.9938
737094,2.3408,0.003736,267.69, 449.9934
737095,2.3438,0.003040,329.00, 449.9938
737096,2.3472,0.003467,288.40, 450.0011
737097,2.3506,0.003535,282.88, 449.9931
737098,2.3535,0.003102,322.38, 449.9931
737099,2.3569,0.003066,326.18, 449.9938
737100,2.3599,0.003102,322.35, 449.9938
737101,2.3628,0.003065,326.23, 449.9935
737102,2.3667,0.003575,279.70, 449.9938
737103,2.3701,0.003539,282.54, 449.9934
737104,2.3730,0.003035,329.46, 449.9935
737105,2.3770,0.003676,272.02, 449.9931
737106,2.3799,0.003132,319.27, 449.9934
737107,2.3828,0.002911,343.55, 449.9938
737108,2.3857,0.002994,334.06, 449.9938
737109,2.3892,0.003509,284.97, 449.9938
737110,2.3926,0.002978,335.83, 449.9938
737111,2.3960,0.003639,274.79, 450.0230
737112,2.3989,0.003103,322.27, 449.9938
737113,2.4023,0.003198,312.69, 449.9935
737114,2.4053,0.002994,333.96, 449.9938
737115,2.4087,0.003657,273.49, 449.9937
737116,2.4121,0.002985,335.00, 449.9938
737117,2.4155,0.003512,284.75, 449.9938
737118,2.4189,0.003452,289.70, 449.9937
737119,2.4219,0.002984,335.13, 449.9938
737120,2.4253,0.003657,273.44, 449.9937
737121,2.4287,0.002977,335.93, 449.9935
737122,2.4316,0.003372,296.55, 449.9937
737123,2.4351,0.002984,335.17, 449.9938
737124,2.4385,0.003541,282.40, 449.9934
737125,2.4414,0.002990,334.41, 449.9938
737126,2.4448,0.003599,277.89, 449.9932
737127,2.4482,0.003280,304.90, 449.9938
737128,2.4512,0.002909,343.80, 449.9938
737129,2.4551,0.003815,262.14, 449.9937
737130,2.4580,0.003044,328.50, 449.9932
737131,2.4614,0.003248,307.90, 449.9938
737132,2.4644,0.002970,336.67, 449.9938
737133,2.4678,0.003696,270.53, 449.9937
737134,2.4707,0.002991,334.30, 449.9935
737135,2.4746,0.003808,262.58, 449.9937
737136,2.4780,0.003066,326.20, 449.9938
737137,2.4810,0.003341,299.28, 449.9931
737138,2.4844,0.002985,335.02, 449.9938
737139,2.4873,0.003298,303.20, 449.9938
737140,2.4907,0.003362,297.48, 449.9938
737141,2.4941,0.003412,293.11, 449.9932
737142,2.4976,0.003491,286.46, 449.9937
737143,2.5010,0.003112,321.30, 449.9935
737144,2.5044,0.003375,296.31, 449.9934
737145,2.5073,0.003036,329.42, 449.9932
737146,2.5107,0.003643,274.51, 449.9937
737147,2.5137,0.003041,328.87, 449.9938
737148,2.5171,0.003036,329.42, 449.9938
737149,2.5200,0.003056,327.21, 449.9932
737150,2.5234,0.003615,276.64, 449.9937
737151,2.5269,0.003008,332.50, 449.9938
737152,2.5303,0.003477,287.61, 449.9937
737153,2.5332,0.002999,333.41, 449.9947
737154,2.5366,0.003510,284.90, 449.9938
737155,2.5400,0.003209,311.65, 449.9938
737156,2.5435,0.003579,279.41, 449.9938
737157,2.5464,0.003077,324.97, 449.9938
737158,2.5493,0.003011,332.07, 449.9935
737159,2.5532,0.003726,268.39, 449.9937
737160,2.5562,0.002988,334.65, 449.9938
737161,2.5596,0.003143,318.14, 449.9938
737162,2.5625,0.003082,324.43, 449.9938
737163,2.5659,0.003653,273.73, 449.9937
737164,2.5688,0.002972,336.46, 449.9938
737165,2.5723,0.003452,289.70, 449.9937
737166,2.5757,0.003035,329.45, 449.9938
737167,2.5791,0.003461,288.90, 449.9937
737168,2.5820,0.003112,321.34, 449.9932
737169,2.5854,0.003176,314.82, 449.9938
737170,2.5889,0.003438,290.90, 449.9937
737171,2.5918,0.002923,342.17, 449.9938
737172,2.5952,0.003740,267.39, 449.9937
737173,2.5981,0.002956,338.27, 449.9938
737174,2.6016,0.003184,314.09, 449.9937
737175,2.6045,0.002942,339.92, 449.9938
737176,2.6084,0.003706,269.84, 449.9938
737177,2.6113,0.003053,327.59, 449.9938
737178,2.6143,0.003015,331.73, 449.9938
737179,2.6172,0.003160,316.47, 449.9938
737180,2.6211,0.003502,285.59, 449.9937
737181,2.6240,0.003047,328.18, 449.9938
737182,2.6274,0.003584,279.02, 449.9937
737183,2.6304,0.002943,339.75, 449.9938
737184,2.6338,0.003363,297.38, 449.9932
737185,2.6377,0.003700,270.26, 449.9931
737186,2.6406,0.003157,316.78, 449.9931
737187,2.6436,0.003020,331.17, 449.9937
737188,2.6465,0.002986,334.95, 449.9932
737189,2.6504,0.003496,286.01, 449.9937
737190,2.6533,0.002978,335.81, 449.9938
737191,2.6567,0.003375,296.31, 449.9937
737192,2.6597,0.003101,322.46, 449.9935
737193,2.6631,0.003585,278.92, 449.9937
737194,2.6665,0.003086,324.02, 449.9932
737195,2.6694,0.002979,335.66, 449.9957
737196,2.6724,0.003160,316.49, 449.9938
737197,2.6758,0.003522,283.97, 449.9937
737198,2.6787,0.002923,342.15, 449.9938
737199,2.6821,0.003215,311.07, 450.0016
737200,2.6860,0.003691,270.91, 449.9937
737201,2.6890,0.002932,341.06, 449.9938
737202,2.6924,0.003583,279.09, 449.9937
737203,2.6953,0.002990,334.41, 449.9938
737204,2.6987,0.003210,311.54, 449.9938
737205,2.7017,0.002934,340.83, 449.9938
737206,2.7051,0.003644,274.45, 449.9937
737207,2.7080,0.002957,338.24, 449.9938
737208,2.7114,0.003521,284.03, 449.9937
737209,2.7144,0.003001,333.19, 449.9935
737210,2.7178,0.003263,306.46, 449.9938
737211,2.7207,0.003076,325.08, 449.9938
737212,2.7246,0.003538,282.66, 449.9934
737213,2.7275,0.002992,334.20, 449.9938
737214,2.7310,0.003498,285.91, 449.9938
737215,2.7344,0.003442,290.56, 449.9931
737216,2.7373,0.003028,330.23, 449.9938
737217,2.7407,0.003292,303.79, 449.9934
737218,2.7437,0.002947,339.37, 449.9932
737219,2.7476,0.003749,266.77, 449.9937
737220,2.7505,0.002991,334.37, 449.9938
737221,2.7539,0.003469,288.27, 449.9937
737222,2.7568,0.003005,332.77, 449.9932
737223,2.7607,0.003745,267.01, 449.9937
737224,2.7637,0.002974,336.21, 449.9938
737225,2.7676,0.004060,246.33, 449.9937
737226,2.7705,0.003054,327.49, 449.9934
737227,2.7739,0.002982,335.32, 449.9937
737228,2.7769,0.003032,329.77, 449.9938
737229,2.7798,0.003248,307.91, 449.9932
737230,2.7832,0.003441,290.65, 449.9934
737231,2.7866,0.003021,331.02, 449.9938
737232,2.7896,0.003180,314.44, 449.9938
737233,2.7925,0.003011,332.07, 449.9932
737234,2.7964,0.003774,264.96, 449.9937
737235,2.7993,0.003028,330.27, 449.9935
737236,2.8027,0.003085,324.20, 449.9938
737237,2.8057,0.003338,299.62, 449.9938
737238,2.8091,0.003366,297.12, 449.9934
737239,2.8120,0.003001,333.26, 449.9938
737240,2.8159,0.003907,255.98, 449.9931
737241,2.8193,0.003034,329.65, 449.9937
737242,2.8223,0.002991,334.38, 449.9931
737243,2.8252,0.003033,329.70, 449.9938
737244,2.8286,0.003448,290.02, 449.9938
737245,2.8320,0.003207,311.83, 449.9938
737246,2.8350,0.002968,336.88, 449.9938
737247,2.8384,0.003550,281.72, 449.9937
737248,2.8413,0.002976,336.04, 449.9938
737249,2.8447,0.003625,275.90, 449.9937
737250,2.8481,0.002998,333.51, 449.9932
737251,2.8511,0.003272,305.61, 449.9937
737252,2.8540,0.003029,330.12, 449.9935
737253,2.8579,0.003704,270.01, 449.9934
737254,2.8608,0.003080,324.68, 449.9932
737255,2.8643,0.003014,331.79, 449.9932
737256,2.8672,0.003004,332.93, 449.9938
737257,2.8706,0.003697,270.50, 449.9937
737258,2.8740,0.003084,324.24, 449.9938
737259,2.8770,0.003127,319.82, 449.9938
737260,2.8804,0.003651,273.93, 449.9937
737261,2.8838,0.002974,336.30, 449.9935
737262,2.8867,0.003235,309.16, 449.9937
737263,2.8896,0.002945,339.51, 449.9938
737264,2.8931,0.003450,289.88, 449.9938
737265,2.8965,0.003102,322.35, 449.9938
737266,2.8999,0.003489,286.61, 449.9937
737267,2.9028,0.002946,339.42, 449.9938
737268,2.9063,0.003599,277.84, 449.9937
737269,2.9092,0.003076,325.10, 449.9938
737270,2.9126,0.003279,304.95, 449.9937
737271,2.9160,0.003081,324.56, 449.9938
737272,2.9199,0.003937,254.01, 449.9937
737273,2.9229,0.003151,317.36, 449.9937
737274,2.9258,0.003012,331.98, 449.9935
737275,2.9287,0.003001,333.22, 449.9938
737276,2.9316,0.003004,332.93, 449.9938
737277,2.9355,0.003470,288.18, 449.9931
737278,2.9385,0.002992,334.22, 449.9938
737279,2.9419,0.003699,270.37, 449.9937
737280,2.9448,0.002989,334.55, 449.9935
737281,2.9482,0.003209,311.60, 449.9937
737282,2.9512,0.002914,343.15, 449.9938
737283,2.9546,0.003605,277.38, 449.9937
737284,2.9575,0.002963,337.48, 449.9938
737285,2.9614,0.003494,286.18, 449.9934
737286,2.9644,0.003042,328.76, 449.9938
737287,2.9678,0.003356,297.96, 449.9937
737288,2.9707,0.002947,339.35, 449.9938
737289,2.9746,0.003862,258.96, 449.9938
737290,2.9775,0.002971,336.61, 449.9935
737291,2.9805,0.003009,332.29, 449.9938
737292,2.9844,0.003746,266.92, 449.9937
737293,2.9873,0.003006,332.72, 449.9938
737294,2.9902,0.003045,328.45, 449.9938
737295,2.9937,0.003276,305.30, 449.9938
737296,2.9971,0.003395,294.54, 449.9937
737297,3.0000,0.003084,324.24, 449.9935
737298,3.0029,0.003181,314.33, 449.9935
737299,3.0063,0.003066,326.17, 449.9938
737300,3.0098,0.003757,266.17, 449.9937
737301,3.0132,0.003002,333.07, 449.9932
737302,3.0166,0.003556,281.22, 449.9931
737303,3.0195,0.003176,314.82, 449.9937
737304,3.0225,0.002958,338.11, 449.9932
737305,3.0264,0.003539,282.57, 449.9937
737306,3.0293,0.002949,339.10, 449.9938
737307,3.0327,0.003485,286.92, 449.9937
737308,3.0356,0.002945,339.52, 449.9938
737309,3.0391,0.003461,288.95, 449.9937
737310,3.0420,0.002988,334.66, 449.9938
737311,3.0459,0.003891,257.03, 449.9937
737312,3.0488,0.003009,332.30, 449.9937
737313,3.0518,0.002894,345.58, 449.9937
737314,3.0547,0.002972,336.49, 449.9932
737315,3.0581,0.003474,287.84, 449.9956
737316,3.0615,0.003034,329.55, 449.9938
737317,3.0654,0.003950,253.17, 449.9938
737318,3.0684,0.003234,309.22, 449.9937
737319,3.0713,0.002876,347.72, 449.9938
737320,3.0752,0.003770,265.25, 449.9937
737321,3.0781,0.002968,336.89, 449.9938
737322,3.0815,0.003340,299.44, 449.9937
737323,3.0845,0.003094,323.21, 449.9932
737324,3.0879,0.003462,288.86, 449.9937
737325,3.0913,0.003124,320.06, 449.9935
737326,3.0952,0.003913,255.58, 449.9937
737327,3.0981,0.003185,313.94, 449.9937
737328,3.1011,0.002973,336.36, 449.9971
737329,3.1040,0.003028,330.28, 449.9938
737330,3.1074,0.003416,292.73, 449.9937
737331,3.1108,0.002998,333.60, 449.9938
737332,3.1143,0.003548,281.85, 449.9935
737333,3.1177,0.003342,299.19, 449.9937
737334,3.1206,0.003063,326.53, 449.9935
737335,3.1245,0.004023,248.60, 449.9931
737336,3.1279,0.003168,315.68, 449.9931
737337,3.1309,0.003003,333.02, 449.9937
737338,3.1338,0.003087,323.99, 449.9934
737339,3.1367,0.002993,334.10, 449.9937
737340,3.1401,0.003098,322.82, 449.9932
737341,3.1436,0.003426,291.90, 449.9934
737342,3.1465,0.002987,334.74, 449.9938
737343,3.1499,0.003480,287.35, 449.9937
737344,3.1528,0.003016,331.52, 449.9938
737345,3.1563,0.003371,296.61, 449.9937
737346,3.1592,0.002960,337.83, 449.9935
737347,3.1626,0.003539,282.57, 449.9938
737348,3.1660,0.003214,311.14, 449.9938
737349,3.1689,0.002968,336.93, 449.9938
737350,3.1724,0.003635,275.07, 449.9937
737351,3.1753,0.002974,336.30, 449.9938
737352,3.1792,0.003770,265.26, 449.9931
737353,3.1826,0.003351,298.40, 449.9934
737354,3.1855,0.002978,335.78, 449.9931
737355,3.1885,0.003068,325.97, 449.9938
737356,3.1914,0.002895,345.41, 449.9938
737357,3.1948,0.003451,289.75, 449.9938
737358,3.1982,0.003190,313.53, 449.9934
737359,3.2012,0.003010,332.18, 449.9938
737360,3.2051,0.003651,273.92, 449.9934
737361,3.2080,0.003027,330.35, 449.9935
737362,3.2109,0.003270,305.86, 449.9932
737363,3.2148,0.003683,271.55, 449.9931
737364,3.2178,0.003025,330.63, 449.9932
737365,3.2207,0.003031,329.89, 449.9938
737366,3.2241,0.003064,326.35, 449.9932
737367,3.2275,0.003529,283.38, 449.9937
737368,3.2305,0.002998,333.51, 449.9938
737369,3.2339,0.003380,295.83, 449.9937
737370,3.2368,0.003083,324.32, 449.9935
737371,3.2402,0.003428,291.75, 449.9937
737372,3.2437,0.003098,322.77, 449.9938
737373,3.2471,0.003454,289.53, 449.9931
737374,3.2505,0.003338,299.54, 449.9937
737375,3.2534,0.003096,323.03, 449.9931
737376,3.2563,0.003047,328.15, 449.9935
737377,3.2593,0.003042,328.72, 449.9935
737378,3.2632,0.003711,269.51, 449.9934
737379,3.2661,0.002934,340.81, 449.9938
737380,3.2695,0.003501,285.65, 449.9937
737381,3.2725,0.002998,333.61, 449.9938
737382,3.2759,0.003387,295.21, 449.9937
737383,3.2788,0.002957,338.24, 449.9938
737384,3.2827,0.003957,252.70, 449.9931
737385,3.2861,0.003228,309.83, 449.9937
737386,3.2891,0.002909,343.81, 449.9931
737387,3.2920,0.003030,330.08, 449.9932
737388,3.2954,0.003501,285.65, 449.9937
737389,3.2988,0.003166,315.88, 449.9932
737390,3.3018,0.002979,335.66, 449.9938
737391,3.3052,0.003313,301.85, 449.9938
737392,3.3086,0.003351,298.42, 449.9935
737393,3.3125,0.003970,251.88, 449.9931
737394,3.3159,0.003435,291.13, 449.9931
737395,3.3188,0.003239,308.71, 449.9931
737396,3.3228,0.003637,274.96, 449.9937
737397,3.3262,0.003452,289.65, 449.9931
737398,3.3296,0.003404,293.75, 449.9931
737399,3.3330,0.003289,304.03, 449.9934
737400,3.3359,0.003164,316.02, 449.9934
737401,3.3394,0.003126,319.93, 449.9931
737402,3.3423,0.003185,313.93, 449.9931
737403,3.3452,0.003057,327.14, 449.9938
737404,3.3486,0.003490,286.53, 449.9937
737405,3.3521,0.003009,332.33, 449.9935
737406,3.3555,0.003451,289.78, 449.9937
737407,3.3584,0.003081,324.53, 449.9938
737408,3.3618,0.003427,291.77, 449.9938
737409,3.3652,0.003412,293.11, 449.9938
737410,3.3687,0.003385,295.46, 449.9935
737411,3.3721,0.003539,282.55, 449.9934
737412,3.3755,0.003217,310.89, 449.9931
737413,3.3784,0.003119,320.64, 449.9938
737414,3.3813,0.003035,329.46, 449.9935
737415,3.3853,0.003646,274.27, 449.9937
737416,3.3882,0.002966,337.11, 449.9938
737417,3.3916,0.003527,283.50, 449.9937
737418,3.3945,0.003037,329.30, 449.9938
737419,3.3979,0.003437,290.93, 449.9937
737420,3.4009,0.002978,335.75, 449.9938
737421,3.4048,0.003684,271.45, 449.9934
737422,3.4077,0.003156,316.87, 449.9932
737423,3.4111,0.003309,302.18, 449.9932
737424,3.4150,0.003598,277.92, 449.9937
737425,3.4180,0.002994,334.02, 449.9932
737426,3.4209,0.003162,316.24, 449.9931
737427,3.4238,0.003039,329.03, 449.9938
737428,3.4282,0.003941,253.77, 449.9934
737429,3.4312,0.003040,328.96, 449.9932
737430,3.4346,0.003479,287.48, 449.9937
737431,3.4375,0.003123,320.25, 449.9938
737432,3.4409,0.003151,317.33, 449.9937
737433,3.4438,0.003080,324.65, 449.9938
737434,3.4473,0.003275,305.37, 449.9938
737435,3.4507,0.003344,299.01, 449.9938
737436,3.4541,0.003394,294.66, 449.9937
737437,3.4570,0.002977,335.95, 449.9938
737438,3.4604,0.003523,283.87, 449.9935
737439,3.4639,0.003454,289.56, 449.9937
737440,3.4668,0.002928,341.55, 449.9938
737441,3.4702,0.003400,294.11, 449.9938
737442,3.4731,0.002967,337.09, 449.9932
737443,3.4766,0.003576,279.65, 449.9938
737444,3.4795,0.002981,335.49, 449.9938
737445,3.4834,0.003616,276.53, 449.9937
737446,3.4863,0.002974,336.20, 449.9938
737447,3.4897,0.003448,290.01, 449.9937
737448,3.4927,0.002992,334.22, 449.9932
737449,3.4971,0.004156,240.62, 449.9931
737450,3.5000,0.003089,323.69, 449.9937
737451,3.5029,0.003002,333.07, 449.9937
737452,3.5059,0.002996,333.73, 449.9938
737453,3.5093,0.003341,299.34, 449.9938
737454,3.5127,0.003342,299.19, 449.9934
737455,3.5156,0.002985,335.06, 449.9935
737456,3.5190,0.003515,284.52, 449.9937
737457,3.5225,0.003150,317.51, 449.9932
737458,3.5259,0.003449,289.96, 449.9937
737459,3.5288,0.002969,336.86, 449.9935
737460,3.5322,0.003347,298.75, 449.9938
737461,3.5352,0.002978,335.77, 449.9938
737462,3.5386,0.003588,278.70, 449.9932
737463,3.5420,0.003543,282.28, 449.9938
737464,3.5454,0.003405,293.69, 449.9935
737465,3.5488,0.003345,298.94, 449.9931
737466,3.5518,0.003008,332.49, 449.9938
737467,3.5552,0.003395,294.54, 449.9939
737468,3.5586,0.003071,325.60, 449.9938
737469,3.5620,0.003556,281.25, 449.9937
737470,3.5649,0.003008,332.44, 449.9938
737471,3.5684,0.003366,297.12, 449.9938
737472,3.5713,0.002956,338.33, 449.9938
737473,3.5747,0.003644,274.44, 449.9937
737474,3.5781,0.003014,331.80, 449.9935
737475,3.5825,0.004786,208.93, 449.9931
737476,3.5864,0.003612,276.89, 449.9931
737477,3.5898,0.003368,296.90, 449.9934
737478,3.5928,0.002986,334.95, 449.9931
737479,3.5957,0.003043,328.67, 449.9937
737480,3.5986,0.002926,341.80, 449.9937
737481,3.6016,0.003013,331.94, 449.9937
737482,3.6045,0.002932,341.06, 449.9937
737483,3.6074,0.002981,335.48, 449.9938
737484,3.6113,0.003798,263.31, 449.9931
737485,3.6143,0.003058,327.01, 449.9935
737486,3.6177,0.003205,311.99, 449.9938
737487,3.6211,0.003606,277.31, 449.9937
737488,3.6240,0.002957,338.16, 449.9937
737489,3.6274,0.003031,329.91, 449.9938
737490,3.6309,0.003496,286.06, 449.9938
737491,3.6343,0.003657,273.43, 449.9937
737492,3.6377,0.003481,287.31, 449.9956
737493,3.6406,0.002914,343.22, 449.9937
737494,3.6440,0.003049,328.01, 449.9938
737495,3.6470,0.003313,301.80, 449.9938
737496,3.6499,0.002963,337.48, 449.9938
737497,3.6538,0.003590,278.52, 449.9937
737498,3.6567,0.003099,322.64, 449.9932
737499,3.6602,0.003584,278.99, 449.9938
737500,3.6636,0.003107,321.83, 449.9937
737501,3.6665,0.002930,341.25, 449.9938
737502,3.6694,0.003108,321.74, 449.9935
737503,3.6733,0.003620,276.21, 449.9938
737504,3.6763,0.003281,304.81, 449.9938
737505,3.6797,0.003367,296.97, 449.9938
737506,3.6831,0.003518,284.24, 449.9934
737507,3.6860,0.002958,338.04, 449.9938
737508,3.6899,0.003491,286.48, 449.9937
737509,3.6929,0.002980,335.53, 449.9938
737510,3.6968,0.003928,254.61, 449.9934
737511,3.6997,0.002975,336.18, 449.9938
737512,3.7036,0.003875,258.08, 449.9931
737513,3.7065,0.003061,326.73, 449.9934
737514,3.7095,0.002982,335.32, 449.9934
737515,3.7124,0.002957,338.13, 449.9938
737516,3.7158,0.003538,282.68, 449.9938
737517,3.7192,0.003289,304.02, 449.9937
737518,3.7222,0.003006,332.67, 449.9935
737519,3.7261,0.003608,277.18, 449.9937
737520,3.7290,0.003004,332.87, 449.9935
737521,3.7329,0.003833,260.93, 449.9931
737522,3.7358,0.003174,315.05, 449.9931
737523,3.7388,0.002928,341.52, 449.9937
737524,3.7417,0.003033,329.76, 449.9938
737525,3.7451,0.003150,317.45, 449.9938
737526,3.7480,0.002999,333.46, 449.9938
737527,3.7515,0.003456,289.33, 449.9935
737528,3.7554,0.003745,267.01, 449.9937
737529,3.7583,0.002971,336.63, 449.9937
737530,3.7612,0.003009,332.33, 449.9938
737531,3.7646,0.003282,304.72, 449.9938
737532,3.7681,0.003664,272.93, 449.9937
737533,3.7715,0.003178,314.67, 449.9937
737534,3.7744,0.002961,337.71, 449.9931
737535,3.7773,0.002976,336.02, 449.9938
737536,3.7813,0.003952,253.04, 449.9937
737537,3.7842,0.003074,325.34, 449.9938
737538,3.7871,0.002910,343.65, 449.9935
737539,3.7905,0.003089,323.77, 449.9938
737540,3.7939,0.003520,284.07, 449.9935
737541,3.7974,0.003545,282.11, 449.9937
737542,3.8003,0.002919,342.63, 449.9938
737543,3.8037,0.003573,279.88, 449.9937
737544,3.8066,0.002944,339.66, 449.9938
737545,3.8101,0.003420,292.44, 449.9937
737546,3.8135,0.003002,333.12, 449.9935
737547,3.8169,0.003591,278.51, 449.9937
737548,3.8198,0.002957,338.18, 449.9938
737549,3.8232,0.003290,303.97, 449.9937
737550,3.8262,0.002967,337.09, 449.9938
737551,3.8296,0.003703,270.02, 449.9937
737552,3.8330,0.003017,331.42, 449.9938
737553,3.8359,0.003004,332.91, 449.9938
737554,3.8389,0.003149,317.55, 449.9938
737555,3.8428,0.003616,276.57, 449.9937
737556,3.8457,0.003032,329.87, 449.9938
737557,3.8486,0.003256,307.11, 449.9935
737558,3.8521,0.002989,334.54, 449.9938
737559,3.8555,0.003605,277.39, 449.9938
737560,3.8589,0.003555,281.33, 449.9934
737561,3.8618,0.003001,333.28, 449.9938
737562,3.8652,0.003441,290.62, 449.9937
737563,3.8687,0.003114,321.09, 449.9935
737564,3.8716,0.003040,328.97, 449.9938
737565,3.8750,0.003307,302.40, 449.9935
737566,3.8784,0.003329,300.35, 449.9932
737567,3.8813,0.003152,317.26, 449.9938
737568,3.8843,0.003107,321.84, 449.9938
737569,3.8877,0.003106,322.01, 449.9938
737570,3.8911,0.003536,282.78, 449.9931
737571,3.8940,0.003086,324.00, 449.9938
737572,3.8975,0.003454,289.55, 449.9937
737573,3.9009,0.003038,329.20, 449.9938
737574,3.9038,0.003319,301.27, 449.9932
737575,3.9072,0.003308,302.32, 449.9937
737576,3.9102,0.002954,338.54, 449.9935
737577,3.9141,0.003731,268.02, 449.9937
737578,3.9170,0.003002,333.12, 449.9938
737579,3.9204,0.003230,309.59, 449.9937
737580,3.9233,0.003106,321.92, 449.9935
737581,3.9272,0.003719,268.86, 449.9937
737582,3.9302,0.003111,321.43, 449.9934
737583,3.9331,0.003012,331.98, 449.9938
737584,3.9360,0.003045,328.39, 449.9935
737585,3.9399,0.003693,270.76, 449.9934
737586,3.9429,0.003118,320.68, 449.9932
737587,3.9463,0.003099,322.74, 449.9931
737588,3.9492,0.003023,330.82, 449.9938
737589,3.9526,0.003491,286.47, 449.9938
737590,3.9561,0.003377,296.13, 449.9931
737591,3.9590,0.002983,335.27, 449.9938
737592,3.9629,0.003813,262.30, 449.9931
737593,3.9663,0.003358,297.78, 449.9934
737594,3.9692,0.002964,337.34, 449.9956
737595,3.9722,0.002974,336.21, 449.9938
737596,3.9751,0.003063,326.49, 449.9938
737597,3.9780,0.003062,326.64, 449.9932
737598,3.9819,0.003494,286.20, 449.9938
737599,3.9849,0.003078,324.92, 449.9938
737600,3.9888,0.003712,269.40, 449.9934
737601,3.9917,0.003067,326.03, 449.9932
737602,3.9946,0.003004,332.94, 449.9938
737603,3.9976,0.003067,326.07, 449.9938
737604,4.0015,0.003659,273.31, 449.9938
737605,4.0049,0.003546,282.04, 449.9937
737606,4.0078,0.002994,333.98, 449.9932
737607,4.0112,0.003129,319.61, 449.9938
737608,4.0142,0.002991,334.39, 449.9938
737609,4.0176,0.003616,276.55, 449.9937
737610,4.0205,0.003074,325.30, 449.9938
737611,4.0239,0.003259,306.84, 449.9937
737612,4.0269,0.003090,323.66, 449.9938
737613,4.0308,0.003482,287.18, 449.9937
737614,4.0337,0.003137,318.76, 449.9935
737615,4.0371,0.003521,284.01, 449.9934
737616,4.0400,0.003035,329.45, 449.9931
737617,4.0430,0.002938,340.37, 449.9932
737618,4.0464,0.003086,324.01, 449.9935
737619,4.0498,0.003684,271.42, 449.9938
737620,4.0532,0.003336,299.77, 449.9937
737621,4.0562,0.003049,327.94, 449.9935
737622,4.0596,0.003404,293.74, 449.9934
737623,4.0625,0.002985,335.04, 449.9938
737624,4.0664,0.003756,266.27, 449.9931
737625,4.0693,0.003092,323.42, 449.9937
737626,4.0723,0.002936,340.66, 449.9937
737627,4.0757,0.002962,337.58, 449.9938
737628,4.0791,0.003596,278.11, 449.9937
737629,4.0820,0.002993,334.17, 449.9932
737630,4.0854,0.003330,300.35, 449.9934
737631,4.0884,0.002934,340.80, 449.9938
737632,4.0923,0.003982,251.14, 449.9931
737633,4.0957,0.003225,310.06, 449.9937
737634,4.0986,0.003045,328.40, 449.9932
737635,4.1016,0.002969,336.80, 449.9938
737636,4.1045,0.003019,331.26, 449.9938
737637,4.1084,0.003823,261.58, 449.9937
737638,4.1118,0.003214,311.14, 449.9931
737639,4.1147,0.003054,327.42, 449.9937
737640,4.1177,0.002986,334.94, 449.9938
737641,4.1211,0.003418,292.59, 449.9937
737642,4.1240,0.003059,326.95, 449.9932
737643,4.1279,0.003777,264.80, 449.9931
737644,4.1309,0.003235,309.17, 449.9934
737645,4.1343,0.003005,332.82, 449.9934
737646,4.1372,0.003075,325.21, 449.9935
737647,4.1401,0.003003,333.06, 449.9938
737648,4.1436,0.003565,280.50, 449.9932
737649,4.1470,0.003344,299.06, 449.9938
737650,4.1504,0.003421,292.31, 449.9934
737651,4.1533,0.002941,340.07, 449.9938
737652,4.1572,0.003584,278.99, 449.9937
737653,4.1602,0.002999,333.49, 449.9938
737654,4.1636,0.003425,292.00, 449.9937
737655,4.1665,0.002967,337.06, 449.9938
737656,4.1699,0.003424,292.06, 449.9937
737657,4.1729,0.002990,334.49, 449.9938
737658,4.1763,0.003503,285.45, 449.9937
737659,4.1792,0.003074,325.31, 449.9935
737660,4.1826,0.003360,297.63, 449.9931
737661,4.1860,0.003080,324.68, 449.9938
737662,4.1890,0.003213,311.21, 449.9937
737663,4.1919,0.003048,328.07, 449.9938
737664,4.1958,0.003577,279.58, 449.9938
737665,4.1992,0.003353,298.21, 449.9931
737666,4.2021,0.003026,330.43, 449.9932
737667,4.2056,0.003566,280.40, 449.9937
737668,4.2085,0.003038,329.19, 449.9935
737669,4.2119,0.003092,323.43, 449.9938
737670,4.2153,0.003318,301.39, 449.9938
737671,4.2183,0.003181,314.41, 449.9938
737672,4.2212,0.002968,336.90, 449.9938
737673,4.2251,0.003918,255.26, 449.9931
737674,4.2280,0.003073,325.40, 449.9937
737675,4.2310,0.002887,346.44, 450.0221
737676,4.2344,0.003140,318.49, 449.9938
737677,4.2378,0.003612,276.85, 449.9931
737678,4.2407,0.003007,332.52, 449.9935
737679,4.2441,0.003459,289.12, 449.9935
737680,4.2476,0.003215,311.09, 449.9938
737681,4.2505,0.002993,334.11, 449.9938
737682,4.2539,0.003587,278.78, 449.9934
737683,4.2573,0.002964,337.37, 449.9938
737684,4.2607,0.003502,285.54, 449.9937
737685,4.2637,0.003000,333.30, 449.9938
737686,4.2671,0.003372,296.59, 449.9937
737687,4.2700,0.003067,326.02, 449.9938
737688,4.2734,0.003568,280.25, 449.9931
737689,4.2769,0.003116,320.90, 450.0031
737690,4.2798,0.003094,323.17, 449.9957
737691,4.2827,0.003120,320.50, 449.9932
737692,4.2866,0.003635,275.13, 449.9934
737693,4.2896,0.003158,316.64, 449.9934
737694,4.2930,0.003134,319.11, 449.9932
737695,4.2964,0.003505,285.31, 450.0051
737696,4.2993,0.003087,323.91, 449.9935
737697,4.3027,0.003272,305.62, 449.9931
737698,4.3062,0.003348,298.73, 449.9937
737699,4.3091,0.003097,322.92, 449.9937
737700,4.3125,0.003259,306.89, 449.9937
737701,4.3159,0.003305,302.55, 449.9931
737702,4.3193,0.003536,282.77, 449.9956
737703,4.3228,0.003289,304.07, 449.9934
737704,4.3262,0.003417,292.65, 449.9931
737705,4.3296,0.003474,287.86, 449.9931
737706,4.3330,0.003762,265.82, 449.9931
737707,4.3369,0.003657,273.47, 449.9931
737708,4.3403,0.003365,297.20, 449.9934
737709,4.3438,0.003428,291.76, 449.9934
737710,4.3467,0.003206,311.95, 449.9931
737711,4.3501,0.003416,292.74, 449.9931
737712,4.3535,0.003218,310.74, 449.9931
737713,4.3569,0.003258,306.97, 449.9934
737714,4.3599,0.003187,313.82, 449.9931
737715,4.3633,0.003439,290.82, 449.9937
737716,4.3667,0.003389,295.04, 449.9931
737717,4.3701,0.003380,295.82, 449.9937
737718,4.3735,0.003447,290.07, 449.9931
737719,4.3765,0.003006,332.65, 449.9937
737720,4.3799,0.003102,322.39, 449.9934
737721,4.3828,0.002946,339.43, 449.9937
737722,4.3857,0.003017,331.44, 449.9937
737723,4.3887,0.002881,347.08, 449.9932
737724,4.3916,0.003043,328.61, 449.9938
737725,4.3950,0.003651,273.94, 449.9937
737726,4.3984,0.002992,334.28, 449.9938
737727,4.4019,0.003382,295.69, 449.9937
737728,4.4048,0.003021,330.99, 449.9938
737729,4.4082,0.003461,288.98, 449.9937
737730,4.4111,0.003071,325.64, 449.9932
737731,4.4150,0.003707,269.80, 449.9937
737732,4.4180,0.003021,330.98, 449.9937
737733,4.4209,0.002940,340.16, 449.9938
737734,4.4243,0.003658,273.37, 449.9937
737735,4.4277,0.003048,328.13, 449.9938
737736,4.4312,0.003575,279.74, 449.9937
737737,4.4341,0.002970,336.68, 449.9938
737738,4.4380,0.003800,263.18, 449.9934
737739,4.4409,0.003204,312.11, 449.9935
737740,4.4448,0.003686,271.28, 449.9935
737741,4.4482,0.003486,286.86, 449.9937
737742,4.4512,0.002928,341.57, 449.9938
737743,4.4546,0.003514,284.59, 449.9937
737744,4.4580,0.003257,307.00, 449.9932
737745,4.4609,0.003037,329.33, 449.9932
737746,4.4639,0.003052,327.62, 449.9932
737747,4.4678,0.003538,282.61, 449.9935
737748,4.4707,0.002945,339.58, 449.9938
737749,4.4741,0.003555,281.31, 449.9938
737750,4.4771,0.002994,334.06, 449.9932
737751,4.4810,0.003860,259.08, 449.9932
737752,4.4839,0.003012,332.01, 449.9938
737753,4.4868,0.002969,336.77, 449.9938
737754,4.4902,0.003323,300.92, 449.9932
737755,4.4937,0.003479,287.43, 449.9938
737756,4.4976,0.003608,277.14, 449.9937
737757,4.5005,0.003078,324.93, 449.9932
737758,4.5039,0.003279,304.98, 449.9937
737759,4.5068,0.003137,318.74, 449.9938
737760,4.5103,0.003564,280.62, 449.9934
737761,4.5132,0.003028,330.21, 449.9938
737762,4.5166,0.003234,309.20, 449.9938
737763,4.5195,0.002971,336.58, 449.9938
737764,4.5234,0.003608,277.16, 449.9931
737765,4.5264,0.003011,332.09, 449.9938
737766,4.5298,0.003505,285.34, 449.9938
737767,4.5332,0.003527,283.50, 449.9938
737768,4.5361,0.002929,341.46, 449.9938
737769,4.5400,0.003651,273.90, 449.9937
737770,4.5430,0.003134,319.11, 449.9932
737771,4.5464,0.003523,283.86, 449.9931
737772,4.5498,0.003051,327.75, 449.9935
737773,4.5532,0.003422,292.20, 449.9937
737774,4.5562,0.003015,331.64, 449.9935
737775,4.5596,0.003523,283.87, 449.9931
737776,4.5625,0.003093,323.27, 449.9938
737777,4.5664,0.003588,278.71, 449.9935
737778,4.5693,0.003060,326.83, 449.9935
737779,4.5723,0.002998,333.51, 449.9938
737780,4.5752,0.003172,315.27, 449.9938
737781,4.5791,0.003558,281.06, 449.9938
737782,4.5825,0.003538,282.65, 449.9937
737783,4.5854,0.003069,325.84, 449.9938
737784,4.5889,0.003401,294.01, 449.9937
737785,4.5918,0.003009,332.35, 449.9932
737786,4.5957,0.003586,278.87, 449.9937
737787,4.5986,0.002989,334.56, 449.9938
737788,4.6021,0.003509,285.01, 449.9934
737789,4.6050,0.003020,331.17, 449.9935
737790,4.6084,0.003420,292.44, 449.9937
737791,4.6113,0.002996,333.83, 449.9938
737792,4.6152,0.003589,278.61, 449.9938
737793,4.6187,0.003471,288.12, 449.9931
737794,4.6216,0.002922,342.27, 449.9935
737795,4.6250,0.003469,288.27, 449.9937
737796,4.6279,0.002948,339.26, 449.9938
737797,4.6313,0.003442,290.57, 449.9938
737798,4.6348,0.003271,305.74, 449.9938
737799,4.6377,0.003135,319.01, 449.9938
737800,4.6411,0.003401,294.01, 449.9935
737801,4.6445,0.003551,281.60, 449.9938
737802,4.6479,0.003439,290.82, 449.9937
737803,4.6514,0.002981,335.47, 449.9932
737804,4.6543,0.003312,301.94, 449.9938
737805,4.6572,0.002954,338.57, 449.9938
737806,4.6606,0.003116,320.98, 449.9935
737807,4.6641,0.003737,267.60, 449.9938
737808,4.6675,0.003325,300.78, 449.9937
737809,4.6704,0.002915,343.05, 449.9938
737810,4.6738,0.003563,280.69, 449.9937
737811,4.6772,0.002957,338.20, 449.9938
737812,4.6807,0.003668,272.64, 449.9937
737813,4.6836,0.002981,335.50, 449.9938
737814,4.6870,0.003217,310.85, 449.9938
737815,4.6899,0.003083,324.33, 449.9938
737816,4.6938,0.003789,263.90, 449.9932
737817,4.6973,0.003425,292.00, 449.9934
737818,4.7002,0.003022,330.91, 449.9935
737819,4.7036,0.003504,285.38, 449.9931
737820,4.7070,0.003131,319.42, 449.9932
737821,4.7104,0.003453,289.63, 449.9937
737822,4.7134,0.003093,323.28, 449.9935
737823,4.7168,0.003380,295.89, 449.9937
737824,4.7197,0.003068,325.96, 449.9932
737825,4.7227,0.003021,331.02, 449.9938
737826,4.7261,0.003410,293.28, 449.9932
737827,4.7295,0.003418,292.59, 449.9938
737828,4.7329,0.003228,309.80, 449.9938
737829,4.7358,0.002944,339.65, 449.9935
737830,4.7393,0.003296,303.41, 449.9938
737831,4.7427,0.003485,286.98, 449.9938
737832,4.7461,0.003468,288.39, 449.9938
737833,4.7495,0.003401,294.01, 449.9935
737834,4.7529,0.003215,311.00, 449.9938
737835,4.7559,0.002984,335.15, 449.9938
737836,4.7593,0.003578,279.46, 449.9937
737837,4.7622,0.002970,336.69, 449.9938
737838,4.7656,0.003273,305.49, 449.9938
737839,4.7690,0.003341,299.33, 449.9935
737840,4.7720,0.003205,311.99, 449.9935
737841,4.7759,0.003775,264.93, 449.9938
737842,4.7788,0.003115,321.02, 449.9932
737843,4.7827,0.003766,265.53, 449.9937
737844,4.7856,0.003005,332.75, 449.9938
737845,4.7886,0.003079,324.76, 449.9938
737846,4.7920,0.003106,322.00, 449.9932
737847,4.7954,0.003719,268.88, 449.9937
737848,4.7988,0.002964,337.44, 449.9938
737849,4.8018,0.003279,304.98, 449.9938
737850,4.8052,0.003126,319.91, 449.9935
737851,4.8086,0.003499,285.83, 449.9934
737852,4.8115,0.003103,322.23, 449.9938
737853,4.8149,0.003396,294.48, 449.9931
737854,4.8179,0.002972,336.47, 449.9932
737855,4.8213,0.003512,284.73, 449.9932
737856,4.8247,0.003316,301.59, 449.9937
737857,4.8276,0.002932,341.06, 449.9938
737858,4.8315,0.003795,263.53, 449.9934
737859,4.8345,0.002970,336.69, 449.9938
737860,4.8374,0.003017,331.47, 450.0066
737861,4.8408,0.003112,321.32, 449.9935
737862,4.8447,0.003869,258.44, 449.9934
737863,4.8477,0.003002,333.17, 449.9935
737864,4.8506,0.003063,326.52, 449.9938
737865,4.8535,0.003007,332.51, 449.9935
737866,4.8574,0.003624,275.94, 449.9931
737867,4.8604,0.003002,333.10, 449.9938
737868,4.8638,0.003359,297.72, 449.9932
737869,4.8672,0.003728,268.24, 449.9937
737870,4.8701,0.002931,341.17, 449.9938
737871,4.8735,0.003475,287.75, 449.9937
737872,4.8765,0.002985,334.96, 449.9932
737873,4.8804,0.003889,257.11, 449.9937
737874,4.8838,0.002980,335.57, 449.9938
737875,4.8867,0.003219,310.69, 449.9938
737876,4.8896,0.003043,328.60, 449.9938
737877,4.8936,0.003701,270.20, 449.9937
737878,4.8965,0.002963,337.50, 449.9938
737879,4.8999,0.003327,300.53, 449.9937
737880,4.9028,0.002967,337.06, 449.9935
737881,4.9067,0.003761,265.89, 449.9934
737882,4.9097,0.003049,328.00, 449.9935
737883,4.9126,0.003118,320.72, 449.9932
737884,4.9165,0.003585,278.94, 449.9937
737885,4.9194,0.003023,330.80, 449.9932
737886,4.9229,0.003444,290.36, 449.9937
737887,4.9258,0.003000,333.31, 449.9938
737888,4.9292,0.003433,291.33, 449.9937
737889,4.9321,0.003032,329.80, 449.9938
737890,4.9355,0.003293,303.64, 449.9935
737891,4.9385,0.002969,336.85, 449.9938
737892,4.9419,0.003402,293.94, 449.9935
737893,4.9453,0.003235,309.15, 449.9938
737894,4.9487,0.003670,272.50, 449.9931
737895,4.9517,0.003056,327.20, 449.9932
737896,4.9556,0.003538,282.65, 449.9938
737897,4.9585,0.003344,299.06, 449.9938
737898,4.9619,0.003267,306.08, 449.9932
737899,4.9653,0.003551,281.63, 449.9937
737900,4.9683,0.002952,338.74, 449.9938
737901,4.9722,0.003519,284.18, 449.9937
737902,4.9751,0.002978,335.85, 449.9938
737903,4.9785,0.003754,266.42, 449.9937
737904,4.9819,0.003006,332.68, 449.9935
737905,4.9854,0.003718,269.00, 449.9931
737906,4.9883,0.002984,335.18, 449.9934
737907,4.9912,0.002941,340.03, 449.9938
737908,4.9951,0.003692,270.89, 449.9937
737909,4.9980,0.002920,342.43, 449.9938
737910,5.0015,0.003418,292.54, 449.9937
737911,5.0044,0.002917,342.88, 449.9938
737912,5.0083,0.003887,257.25, 449.9931
737913,5.0117,0.003608,277.19, 449.9934
737914,5.0146,0.003054,327.47, 449.9931
737915,5.0181,0.003066,326.13, 449.9937
737916,5.0210,0.002880,347.23, 449.9937
737917,5.0239,0.003063,326.53, 449.9932
737918,5.0273,0.003565,280.50, 449.9937
737919,5.0303,0.002964,337.35, 449.9938
737920,5.0342,0.003833,260.91, 449.9937
737921,5.0371,0.003007,332.56, 449.9937
737922,5.0400,0.002981,335.47, 449.9932
737923,5.0439,0.003924,254.86, 449.9937
737924,5.0474,0.003097,322.87, 449.9931
737925,5.0503,0.002928,341.57, 449.9937
737926,5.0532,0.002963,337.55, 449.9935
737927,5.0566,0.003579,279.38, 449.9937
737928,5.0601,0.003114,321.12, 449.9938
737929,5.0635,0.003444,290.36, 449.9937
737930,5.0664,0.003003,332.99, 449.9938
737931,5.0693,0.003186,313.85, 449.9938
737932,5.0728,0.003062,326.59, 449.9938
737933,5.0762,0.003404,293.79, 449.9938
737934,5.0791,0.003022,330.93, 449.9938
737935,5.0825,0.003794,263.55, 449.9937
737936,5.0859,0.002996,333.73, 449.9938
737937,5.0889,0.003089,323.71, 449.9935
737938,5.0928,0.003755,266.35, 449.9937
737939,5.0957,0.002929,341.45, 449.9938
737940,5.0991,0.003464,288.66, 449.9937
737941,5.1021,0.003006,332.72, 450.0006
737942,5.1055,0.003385,295.43, 449.9937
737943,5.1084,0.002963,337.52, 449.9938
737944,5.1123,0.004030,248.15, 449.9931
737945,5.1152,0.003101,322.49, 449.9937
737946,5.1182,0.002912,343.39, 449.9956
737947,5.1216,0.002996,333.76, 449.9938
737948,5.1250,0.003524,283.79, 449.9938
737949,5.1284,0.003550,281.70, 449.9937
737950,5.1313,0.002938,340.34, 449.9937
737951,5.1343,0.003012,332.06, 449.9938
737952,5.1377,0.003402,293.95, 449.9935
737953,5.1421,0.004142,241.41, 449.9931
737954,5.1455,0.003526,283.65, 449.9931
737955,5.1484,0.002920,342.50, 449.9937
737956,5.1514,0.002983,335.27, 449.9937
737957,5.1543,0.002955,338.41, 449.9937
737958,5.1572,0.002995,333.86, 449.9932
737959,5.1606,0.003143,318.22, 449.9938
737960,5.1636,0.003311,302.00, 449.9932
737961,5.1670,0.003149,317.57, 449.9935
737962,5.1699,0.003220,310.52, 449.9935
737963,5.1738,0.003593,278.33, 449.9938
737964,5.1768,0.003248,307.86, 449.9938
737965,5.1797,0.002900,344.84, 449.9938
737966,5.1831,0.003073,325.38, 449.9938
737967,5.1865,0.003728,268.23, 449.9938
737968,5.1899,0.003245,308.17, 449.9934
737969,5.1929,0.002981,335.47, 449.9938
737970,5.1968,0.003674,272.15, 449.9937
737971,5.1997,0.002995,333.91, 449.9938
737972,5.2031,0.003401,294.01, 449.9931
737973,5.2061,0.003112,321.38, 449.9932
737974,5.2095,0.003266,306.17, 449.9937
737975,5.2124,0.003027,330.37, 449.9938
737976,5.2158,0.003660,273.22, 449.9938
737977,5.2192,0.003209,311.64, 449.9938
737978,5.2222,0.002991,334.36, 449.9938
737979,5.2261,0.003722,268.66, 449.9937
737980,5.2290,0.002952,338.73, 449.9935
737981,5.2324,0.003485,286.97, 449.9937
737982,5.2354,0.003111,321.44, 449.9935
737983,5.2388,0.003155,316.99, 449.9938
737984,5.2417,0.002986,334.85, 449.9938
737985,5.2456,0.003883,257.57, 449.9931
737986,5.2490,0.003323,300.91, 449.9934
737987,5.2520,0.002918,342.65, 449.9937
737988,5.2549,0.003014,331.79, 449.9935
737989,5.2578,0.003082,324.48, 449.9938
737990,5.2612,0.003272,305.62, 449.9935
737991,5.2646,0.003618,276.37, 449.9938
737992,5.2681,0.003391,294.92, 449.9937
737993,5.2710,0.002910,343.61, 449.9937
737994,5.2739,0.002986,334.87, 449.9935
737995,5.2778,0.003536,282.85, 449.9938
737996,5.2813,0.003491,286.49, 449.9937
737997,5.2842,0.002955,338.42, 449.9935
737998,5.2876,0.003505,285.35, 449.9934
737999,5.2905,0.003026,330.52, 449.9938
738000,5.2939,0.003535,282.86, 449.9937
738001,5.2969,0.003000,333.31, 449.9932
738002,5.3008,0.003577,279.56, 449.9937
738003,5.3037,0.003059,326.96, 449.9938
738004,5.3071,0.003387,295.26, 449.9931
738005,5.3101,0.003006,332.69, 449.9938
738006,5.3140,0.003594,278.26, 449.9938
738007,5.3169,0.003302,302.81, 449.9938
738008,5.3198,0.002903,344.52, 449.9938
738009,5.3237,0.003843,260.22, 449.9931
738010,5.3267,0.002991,334.35, 449.9938
738011,5.3301,0.003154,317.11, 449.9938
738012,5.3330,0.002993,334.17, 449.9938
738013,5.3369,0.004083,244.89, 449.9931
738014,5.3403,0.003370,296.71, 449.9931
738015,5.3433,0.003063,326.43, 449.9937
738016,5.3467,0.003322,300.99, 449.9934
738017,5.3501,0.003534,282.93, 449.9931
738018,5.3535,0.003468,288.35, 449.9931
738019,5.3569,0.003279,304.95, 449.9931
738020,5.3604,0.003104,322.22, 449.9937
738021,5.3633,0.003025,330.53, 449.9937
738022,5.3662,0.002952,338.81, 449.9937
738023,5.3691,0.003037,329.26, 449.9938
738024,5.3721,0.003149,317.56, 449.9938
738025,5.3755,0.003385,295.41, 449.9938
738026,5.3794,0.003497,285.99, 449.9934
738027,5.3823,0.003035,329.49, 449.9932
738028,5.3857,0.003349,298.59, 449.9931
738029,5.3887,0.003045,328.39, 449.9938
738030,5.3921,0.003457,289.23, 449.9931
738031,5.3950,0.003024,330.67, 449.9938
738032,5.3984,0.003469,288.31, 449.9937
738033,5.4019,0.003099,322.65, 449.9938
738034,5.4053,0.003369,296.87, 449.9938
738035,5.4087,0.003413,292.99, 449.9937
738036,5.4111,0.002879,347.37, 449.9938
738037,5.4150,0.003693,270.76, 449.9937
738038,5.4180,0.002949,339.14, 449.9932
738039,5.4214,0.003369,296.82, 449.9931
738040,5.4243,0.003013,331.93, 449.9932
738041,5.4277,0.003450,289.89, 449.9937
738042,5.4312,0.003242,308.48, 449.9957
738043,5.4346,0.003358,297.79, 449.9934
738044,5.4375,0.002995,333.88, 449.9938
738045,5.4404,0.003271,305.74, 450.0036
738046,5.4438,0.003035,329.51, 449.9938
738047,5.4473,0.003588,278.70, 449.9937
738048,5.4502,0.002946,339.41, 449.9938
738049,5.4536,0.003393,294.76, 449.9932
738050,5.4570,0.003373,296.46, 449.9937
738051,5.4600,0.002920,342.45, 449.9938
738052,5.4634,0.003628,275.62, 449.9937
738053,5.4663,0.002966,337.18, 449.9938
738054,5.4697,0.003336,299.75, 449.9937
738055,5.4727,0.002936,340.59, 449.9938
738056,5.4766,0.003569,280.17, 449.9937
738057,5.4795,0.003020,331.15, 449.9938
738058,5.4829,0.003434,291.21, 449.9937
738059,5.4858,0.002962,337.66, 449.9938
738060,5.4893,0.003400,294.09, 449.9934
738061,5.4922,0.003014,331.74, 449.9938
738062,5.4956,0.003530,283.25, 449.9931
738063,5.4985,0.003019,331.28, 449.9938
738064,5.5020,0.003383,295.60, 449.9935
738065,5.5059,0.003526,283.63, 449.9937
738066,5.5088,0.002928,341.58, 449.9938
738067,5.5122,0.003430,291.57, 449.9937
738068,5.5151,0.002927,341.68, 449.9938
738069,5.5186,0.003467,288.48, 449.9937
738070,5.5215,0.002970,336.66, 449.9935
738071,5.5249,0.003466,288.52, 449.9937
738072,5.5278,0.002975,336.13, 449.9932
738073,5.5317,0.003908,255.89, 449.9931
738074,5.5347,0.003083,324.35, 449.9937
738075,5.5376,0.002905,344.26, 449.9938
738076,5.5405,0.003005,332.81, 449.9938
738077,5.5444,0.003568,280.24, 449.9937
738078,5.5474,0.003015,331.64, 449.9935
738079,5.5508,0.003468,288.37, 449.9938
738080,5.5542,0.003444,290.33, 449.9937
738081,5.5571,0.002948,339.22, 449.9938
738082,5.5605,0.003553,281.43, 449.9937
738083,5.5635,0.002944,339.70, 449.9938
738084,5.5674,0.003707,269.75, 449.9937
738085,5.5703,0.002961,337.78, 449.9938
738086,5.5737,0.003464,288.67, 449.9934
738087,5.5767,0.002961,337.74, 449.9938
738088,5.5806,0.003644,274.41, 449.9934
738089,5.5835,0.002978,335.81, 449.9935
738090,5.5869,0.003464,288.70, 449.9938
738091,5.5903,0.003431,291.46, 449.9937
738092,5.5933,0.002908,343.84, 449.9932
738093,5.5962,0.003012,332.05, 449.9938
738094,5.5996,0.003613,276.76, 449.9938
738095,5.6035,0.003545,282.10, 449.9937
738096,5.6064,0.002936,340.56, 449.9938
738097,5.6099,0.003558,281.08, 449.9937
738098,5.6128,0.002985,334.97, 449.9938
738099,5.6162,0.003635,275.09, 449.9937
738100,5.6196,0.002987,334.84, 449.9938
738101,5.6230,0.003392,294.79, 449.9937
738102,5.6260,0.003014,331.80, 449.9935
738103,5.6294,0.003648,274.15, 449.9938
738104,5.6328,0.003384,295.48, 449.9937
738105,5.6357,0.002878,347.49, 449.9938
738106,5.6392,0.003612,276.88, 449.9937
738107,5.6421,0.002924,342.00, 449.9938
738108,5.6460,0.003948,253.27, 449.9937
738109,5.6494,0.002961,337.76, 449.9938
738110,5.6528,0.003502,285.53, 449.9937
738111,5.6558,0.003013,331.85, 449.9938
738112,5.6592,0.003352,298.30, 449.9937
738113,5.6621,0.002999,333.50, 449.9938
738114,5.6655,0.003644,274.42, 449.9937
738115,5.6685,0.002954,338.56, 449.9938
738116,5.6719,0.003418,292.55, 449.9938
738117,5.6748,0.002936,340.60, 449.9938
738118,5.6787,0.003646,274.30, 449.9932
738119,5.6821,0.003505,285.31, 449.9937
738120,5.6851,0.002949,339.13, 449.9938
738121,5.6885,0.003572,279.98, 449.9934
738122,5.6919,0.003036,329.38, 449.9938
738123,5.6948,0.003334,299.98, 449.9957
738124,5.6978,0.002930,341.30, 449.9972
738125,5.7017,0.003462,288.83, 449.9938
738126,5.7046,0.003149,317.54, 449.9938
738127,5.7080,0.003478,287.49, 449.9931
738128,5.7109,0.003073,325.47, 449.9935
738129,5.7153,0.003948,253.29, 449.9931
738130,5.7183,0.003037,329.27, 449.9937
738131,5.7212,0.002935,340.70, 449.9938
738132,5.7246,0.003362,297.46, 449.9937
738133,5.7275,0.003072,325.51, 449.9938
738134,5.7310,0.003565,280.51, 449.9956
738135,5.7344,0.003084,324.29, 449.9938
738136,5.7373,0.003325,300.79, 449.9934
738137,5.7402,0.002993,334.17, 449.9932
738138,5.7441,0.003621,276.14, 449.9937
738139,5.7471,0.002974,336.29, 449.9938
738140,5.7505,0.003423,292.13, 449.9931
738141,5.7534,0.003081,324.55, 449.9935
738142,5.7573,0.003680,271.77, 449.9932
738143,5.7607,0.003282,304.71, 449.9932
738144,5.7642,0.003405,293.67, 449.9935
738145,5.7671,0.003351,298.41, 449.9931
738146,5.7705,0.003028,330.21, 449.9932
738147,5.7739,0.003740,267.39, 449.9931
738148,5.7773,0.003103,322.26, 449.9935
738149,5.7808,0.003413,292.99, 449.9937
738150,5.7837,0.003081,324.62, 449.9932
738151,5.7866,0.003083,324.32, 449.9935
738152,5.7900,0.003307,302.43, 449.9935
738153,5.7935,0.003250,307.74, 449.9932
738154,5.7964,0.003062,326.61, 449.9935
738155,5.7998,0.003588,278.71, 449.9938
738156,5.8032,0.003403,293.87, 449.9937
738157,5.8062,0.002957,338.24, 449.9938
738158,5.8101,0.003524,283.78, 449.9934
738159,5.8130,0.003015,331.72, 449.9935
738160,5.8164,0.003630,275.51, 449.9937
738161,5.8193,0.002985,335.05, 449.9938
738162,5.8228,0.003453,289.57, 449.9937
738163,5.8257,0.003008,332.46, 449.9938
738164,5.8296,0.003567,280.33, 449.9934
738165,5.8325,0.003027,330.33, 449.9938
738166,5.8359,0.003347,298.76, 449.9938
738167,5.8394,0.003480,287.36, 449.9937
738168,5.8423,0.002954,338.51, 449.9932
738169,5.8452,0.003006,332.71, 449.9938
738170,5.8491,0.003698,270.42, 449.9938
738171,5.8525,0.003372,296.60, 449.9937
738172,5.8555,0.003081,324.57, 449.9938
738173,5.8589,0.003388,295.20, 449.9937
738174,5.8618,0.002959,337.97, 449.9938
738175,5.8652,0.003593,278.31, 449.9937
738176,5.8682,0.002981,335.46, 449.9938
738177,5.8726,0.004119,242.78, 449.9931
738178,5.8755,0.003122,320.27, 449.9934
738179,5.8784,0.002936,340.65, 449.9937
738180,5.8813,0.002983,335.22, 449.9938
738181,5.8848,0.003241,308.56, 449.9957
738182,5.8882,0.003397,294.40, 449.9937
738183,5.8911,0.002904,344.40, 449.9938
738184,5.8950,0.003971,251.84, 449.9931
738185,5.8979,0.003116,320.92, 449.9937
738186,5.9009,0.002953,338.65, 449.9937
738187,5.9043,0.002953,338.64, 449.9957
738188,5.9077,0.003582,279.19, 449.9937
738189,5.9106,0.003098,322.75, 449.9935
738190,5.9141,0.003293,303.66, 449.9937
738191,5.9170,0.002996,333.76, 449.9938
738192,5.9204,0.003413,293.04, 449.9937
738193,5.9233,0.003049,327.94, 449.9938
738194,5.9268,0.003238,308.79, 449.9938
738195,5.9297,0.003028,330.24, 449.9935
738196,5.9336,0.003891,257.02, 449.9938
738197,5.9365,0.002987,334.82, 449.9932
738198,5.9395,0.002963,337.48, 449.9935
738199,5.9434,0.003690,270.99, 449.9938
738200,5.9468,0.003351,298.42, 449.9935
738201,5.9497,0.003208,311.77, 449.9938
738202,5.9526,0.003008,332.50, 449.9938
738203,5.9565,0.003489,286.58, 449.9939
738204,5.9595,0.002991,334.39, 449.9938
738205,5.9629,0.003584,279.01, 449.9937
738206,5.9658,0.002998,333.58, 449.9938
738207,5.9692,0.003350,298.48, 449.9937
738208,5.9722,0.002977,335.90, 449.9938
738209,5.9761,0.003944,253.54, 449.9931
738210,5.9790,0.003027,330.41, 449.9931
738211,5.9819,0.002948,339.22, 449.9932
738212,5.9858,0.003565,280.54, 449.9937
738213,5.9888,0.002923,342.10, 449.9938
738214,5.9922,0.003486,286.89, 449.9937
738215,5.9951,0.002973,336.33, 449.9938
738216,5.9990,0.003891,257.02, 449.9931
738217,6.0024,0.003333,300.05, 449.9931
738218,6.0054,0.002974,336.29, 449.9937
738219,6.0083,0.003016,331.55, 449.9932
738220,6.0122,0.003770,265.29, 449.9935
738221,6.0156,0.003421,292.33, 449.9938
738222,6.0190,0.003308,302.32, 449.9938
738223,6.0220,0.003384,295.50, 449.9937
738224,6.0254,0.003138,318.65, 449.9935
738225,6.0288,0.003646,274.28, 449.9937
738226,6.0322,0.003052,327.62, 449.9932
738227,6.0352,0.003259,306.80, 449.9938
738228,6.0381,0.002956,338.25, 449.9938
738229,6.0420,0.003614,276.71, 449.9937
738230,6.0449,0.003073,325.39, 449.9932
738231,6.0483,0.003541,282.41, 449.9937
738232,6.0513,0.002990,334.48, 449.9938
738233,6.0557,0.004155,240.69, 449.9937
738234,6.0591,0.003261,306.62, 449.9934
738235,6.0620,0.003070,325.72, 449.9934
738236,6.0649,0.003067,326.10, 449.9931
738237,6.0679,0.002955,338.42, 449.9938
738238,6.0713,0.003518,284.24, 449.9937
738239,6.0747,0.003042,328.75, 449.9938
738240,6.0781,0.003548,281.82, 449.9937
738241,6.0811,0.003083,324.35, 449.9932
738242,6.0845,0.003506,285.27, 449.9931
738243,6.0879,0.003017,331.42, 449.9938
738244,6.0913,0.003429,291.67, 449.9935
738245,6.0947,0.003739,267.48, 449.9937
738246,6.0977,0.002890,345.97, 449.9934
738247,6.1006,0.002936,340.63, 449.9938
738248,6.1050,0.004158,240.53, 449.9934
738249,6.1079,0.002999,333.48, 449.9934
738250,6.1108,0.002941,340.02, 449.9938
738251,6.1143,0.003551,281.62, 449.9937
738252,6.1172,0.002988,334.66, 449.9938
738253,6.1206,0.003519,284.19, 449.9937
738254,6.1240,0.003115,321.04, 449.9938
738255,6.1274,0.003422,292.27, 449.9937
738256,6.1304,0.003040,329.00, 449.9938
738257,6.1343,0.003698,270.43, 449.9937
738258,6.1372,0.003016,331.62, 449.9938
738259,6.1401,0.003200,312.52, 449.9932
738260,6.1440,0.003756,266.23, 449.9937
738261,6.1470,0.002963,337.53, 449.9938
738262,6.1509,0.003744,267.12, 449.9934
738263,6.1538,0.002990,334.50, 449.9938
738264,6.1572,0.003635,275.10, 449.9934
738265,6.1606,0.003167,315.77, 449.9938
738266,6.1636,0.003028,330.23, 449.9932
738267,6.1665,0.003044,328.56, 449.9938
738268,6.1704,0.003606,277.32, 449.9934
738269,6.1733,0.002974,336.30, 449.9935
738270,6.1768,0.003558,281.06, 449.9938
738271,6.1802,0.003587,278.81, 449.9937
738272,6.1831,0.002959,337.92, 449.9935
738273,6.1870,0.003479,287.46, 449.9937
738274,6.1899,0.002906,344.10, 449.9932
738275,6.1934,0.003765,265.58, 449.9937
738276,6.1963,0.003033,329.75, 449.9935
738277,6.2002,0.003810,262.45, 449.9937
738278,6.2031,0.003013,331.94, 449.9938
738279,6.2065,0.003360,297.63, 449.9935
738280,6.2104,0.003765,265.63, 449.9931
738281,6.2139,0.003205,311.98, 449.9932
738282,6.2168,0.003249,307.78, 449.9932
738283,6.2197,0.002960,337.79, 449.9938
738284,6.2236,0.003657,273.46, 449.9937
738285,6.2266,0.003036,329.40, 449.9935
738286,6.2300,0.003634,275.22, 449.9937
738287,6.2334,0.002985,335.04, 449.9938
738288,6.2373,0.003954,252.93, 449.9931
738289,6.2402,0.003017,331.50, 449.9937
738290,6.2432,0.002974,336.26, 449.9935
738291,6.2466,0.003572,279.97, 449.9938
738292,6.2495,0.002917,342.82, 449.9935
738293,6.2534,0.003680,271.77, 449.9937
738294,6.2563,0.003114,321.14, 449.9935
738295,6.2598,0.003277,305.16, 449.9938
738296,6.2627,0.002961,337.69, 449.9938
738297,6.2666,0.003843,260.19, 449.9937
738298,6.2695,0.002980,335.60, 449.9935
738299,6.2729,0.003369,296.79, 449.9938
738300,6.2759,0.003008,332.46, 449.9938
738301,6.2793,0.003650,274.00, 449.9935
738302,6.2827,0.003359,297.74, 449.9938
738303,6.2856,0.002960,337.87, 449.9938
738304,6.2896,0.003714,269.24, 449.9937
738305,6.2925,0.002943,339.74, 449.9935
738306,6.2959,0.003590,278.59, 449.9934
738307,6.2988,0.002968,336.95, 449.9938
738308,6.3027,0.003549,281.75, 449.9937
738309,6.3057,0.003022,330.93, 449.9935
738310,6.3091,0.003393,294.75, 449.9938
738311,6.3120,0.003004,332.88, 449.9938
738312,6.3159,0.003704,269.97, 449.9934
738313,6.3188,0.002997,333.70, 449.9938
738314,6.3223,0.003351,298.45, 449.9932
738315,6.3252,0.003043,328.66, 449.9938
738316,6.3286,0.003643,274.49, 449.9932
738317,6.3320,0.003514,284.57, 449.9937
738318,6.3354,0.002973,336.34, 449.9938
738319,6.3389,0.003488,286.72, 449.9938
738320,6.3418,0.002951,338.83, 449.9935
738321,6.3457,0.004038,247.64, 449.9937
738322,6.3486,0.002952,338.76, 449.9938
738323,6.3525,0.004017,248.93, 449.9956
738324,6.3560,0.003278,305.05, 449.9931
738325,6.3589,0.003100,322.63, 449.9937
738326,6.3623,0.003473,287.94, 449.9931
738327,6.3662,0.003457,289.29, 449.9931
738328,6.3696,0.003465,288.60, 449.9931
738329,6.3730,0.003546,282.01, 450.0080
738330,6.3760,0.002991,334.29, 450.0010
738331,6.3789,0.003055,327.33, 449.9957
738332,6.3828,0.003686,271.31, 449.9931
738333,6.3857,0.003130,319.45, 449.9932
738334,6.3892,0.003505,285.27, 449.9932
738335,6.3931,0.003644,274.39, 449.9938
738336,6.3965,0.003557,281.12, 449.9938
738337,6.3999,0.003514,284.59, 449.9937
738338,6.4028,0.002989,334.57, 449.9935
738339,6.4063,0.003167,315.78, 449.9938
738340,6.4097,0.003370,296.78, 449.9935
738341,6.4131,0.003560,280.90, 449.9938
738342,6.4165,0.003445,290.25, 449.9937
738343,6.4194,0.002995,333.86, 449.9938
738344,6.4233,0.003638,274.85, 449.9937
738345,6.4263,0.002950,338.98, 449.9938
738346,6.4302,0.003871,258.32, 449.9937
738347,6.4331,0.003020,331.09, 449.9938
738348,6.4365,0.003284,304.48, 449.9935
738349,6.4395,0.002997,333.66, 449.9938
738350,6.4429,0.003673,272.26, 449.9937
738351,6.4463,0.003050,327.84, 449.9938
738352,6.4497,0.003495,286.15, 449.9931
738353,6.4526,0.002992,334.20, 449.9938
738354,6.4561,0.003542,282.37, 449.9934
738355,6.4590,0.002961,337.70, 449.9938
738356,6.4629,0.003631,275.41, 449.9938
738357,6.4658,0.003274,305.44, 449.9938
738358,6.4692,0.003237,308.93, 449.9938
738359,6.4727,0.003487,286.81, 449.9937
738360,6.4756,0.002987,334.84, 449.9938
738361,6.4795,0.003983,251.05, 449.9931
738362,6.4829,0.003084,324.28, 449.9934
738363,6.4858,0.002940,340.18, 449.9935
738364,6.4888,0.003117,320.85, 449.9938
738365,6.4927,0.003641,274.62, 449.9935
738366,6.4961,0.003572,279.92, 449.9934
738367,6.4990,0.003027,330.40, 449.9938
738368,6.5029,0.003803,262.98, 449.9931
738369,6.5063,0.003345,298.96, 449.9937
738370,6.5093,0.002971,336.61, 449.9934
738371,6.5122,0.002962,337.56, 449.9938
738372,6.5156,0.003499,285.80, 449.9937
738373,6.5186,0.002986,334.86, 449.9938
738374,6.5220,0.003538,282.65, 449.9934
738375,6.5254,0.003052,327.66, 449.9938
738376,6.5288,0.003513,284.68, 449.9932
738377,6.5327,0.003781,264.50, 449.9931
738378,6.5356,0.003308,302.32, 449.9931
738379,6.5391,0.003023,330.81, 449.9937
738380,6.5420,0.003024,330.66, 449.9932
738381,6.5454,0.003517,284.37, 449.9937
738382,6.5483,0.002956,338.34, 449.9938
738383,6.5518,0.003468,288.38, 449.9937
738384,6.5547,0.003009,332.38, 449.9935
738385,6.5586,0.003716,269.11, 449.9937
738386,6.5615,0.003025,330.55, 449.9938
738387,6.5649,0.003398,294.27, 449.9938
738388,6.5684,0.003507,285.12, 449.9934
738389,6.5713,0.003040,328.96, 449.9938
738390,6.5752,0.003571,280.05, 449.9937
738391,6.5781,0.003185,313.94, 449.9938
738392,6.5820,0.003762,265.79, 449.9931
738393,6.5854,0.003499,285.76, 449.9937
738394,6.5884,0.002951,338.93, 449.9934
738395,6.5913,0.003060,326.82, 449.9938
738396,6.5947,0.003328,300.51, 449.9937
738397,6.5981,0.003117,320.80, 449.9938
738398,6.6016,0.003489,286.62, 449.9934
738399,6.6045,0.002993,334.14, 449.9938
738400,6.6079,0.003533,283.01, 449.9934
738401,6.6108,0.002998,333.58, 449.9938
738402,6.6147,0.003530,283.31, 449.9935
738403,6.6177,0.003400,294.15, 449.9937
738404,6.6206,0.002928,341.59, 449.9935
738405,6.6245,0.003698,270.39, 449.9937
738406,6.6274,0.002948,339.27, 449.9932
738407,6.6309,0.003609,277.07, 449.9937
738408,6.6343,0.002971,336.64, 449.9938
738409,6.6377,0.003660,273.20, 449.9937
738410,6.6406,0.002958,338.05, 449.9938
738411,6.6445,0.003688,271.14, 449.9938
738412,6.6479,0.003564,280.58, 449.9937
738413,6.6509,0.002930,341.27, 449.9938
738414,6.6543,0.003544,282.21, 449.9937
738415,6.6572,0.003051,327.82, 449.9938
738416,6.6611,0.003547,281.92, 449.9937
738417,6.6641,0.002975,336.11, 449.9935
738418,6.6675,0.003427,291.79, 449.9938
738419,6.6704,0.002929,341.39, 449.9938
738420,6.6738,0.003662,273.10, 449.9937
738421,6.6768,0.002994,334.02, 449.9938
738422,6.6807,0.003575,279.71, 449.9938
738423,6.6841,0.003479,287.44, 449.9937
738424,6.6870,0.002881,347.15, 449.9935
738425,6.6904,0.003642,274.56, 449.9937
738426,6.6934,0.002982,335.30, 449.9935
738427,6.6978,0.004046,247.13, 449.9931
738428,6.7007,0.002983,335.22, 449.9938
738429,6.7041,0.003473,287.94, 449.9995
738430,6.7070,0.002994,333.99, 449.9938
738431,6.7104,0.003410,293.29, 449.9937
738432,6.7134,0.003043,328.66, 449.9938
738433,6.7168,0.003365,297.16, 449.9935
738434,6.7207,0.003724,268.54, 449.9937
738435,6.7236,0.002945,339.55, 449.9938
738436,6.7266,0.002970,336.68, 449.9938
738437,6.7305,0.003806,262.76, 449.9938
738438,6.7339,0.003360,297.63, 449.9937
738439,6.7368,0.002988,334.66, 449.9938
738440,6.7397,0.003259,306.83, 449.9938
738441,6.7432,0.003106,321.97, 449.9938
738442,6.7466,0.003712,269.43, 449.9937
738443,6.7495,0.002958,338.10, 449.9938
738444,6.7534,0.003586,278.85, 450.0081
738445,6.7563,0.002996,333.74, 449.9938
738446,6.7598,0.003510,284.91, 449.9937
738447,6.7627,0.002982,335.36, 449.9938
738448,6.7666,0.003617,276.50, 449.9938
738449,6.7700,0.003432,291.40, 449.9937
738450,6.7729,0.002925,341.88, 449.9932
738451,6.7764,0.003788,264.00, 449.9937
738452,6.7793,0.002996,333.79, 449.9935
738453,6.7827,0.003408,293.47, 449.9931
738454,6.7861,0.003049,328.02, 449.9935
738455,6.7900,0.003834,260.83, 449.9937
738456,6.7930,0.003041,328.85, 449.9932
738457,6.7964,0.003379,295.99, 449.9935
738458,6.7998,0.003624,275.94, 449.9934
738459,6.8027,0.003016,331.54, 449.9935
738460,6.8066,0.003532,283.11, 449.9937
738461,6.8096,0.003107,321.90, 449.9935
738462,6.8125,0.003140,318.43, 449.9935
738463,6.8159,0.003275,305.31, 449.9938
738464,6.8193,0.003301,302.96, 449.9938
738465,6.8223,0.003087,323.98, 449.9935
738466,6.8257,0.003601,277.70, 449.9934
738467,6.8291,0.003099,322.67, 449.9932
738468,6.8325,0.003526,283.62, 449.9938
738469,6.8359,0.003305,302.61, 449.9937
738470,6.8389,0.002987,334.84, 449.9932
738471,6.8428,0.004020,248.79, 449.9931
738472,6.8462,0.003200,312.49, 449.9935
738473,6.8491,0.003001,333.28, 449.9938
738474,6.8521,0.003113,321.19, 449.9932
738475,6.8560,0.003686,271.33, 449.9937
738476,6.8589,0.002974,336.24, 449.9935
738477,6.8623,0.003552,281.50, 449.9937
738478,6.8652,0.002997,333.71, 449.9938
738479,6.8691,0.003586,278.90, 449.9934
738480,6.8721,0.003041,328.85, 449.9957
738481,6.8755,0.003289,304.03, 449.9937
738482,6.8784,0.003021,331.06, 449.9932
738483,6.8818,0.003651,273.91, 449.9935
738484,6.8853,0.003348,298.73, 449.9937
738485,6.8882,0.003038,329.13, 449.9938
738486,6.8916,0.003333,300.05, 449.9937
738487,6.8945,0.003037,329.30, 449.9938
738488,6.8989,0.004122,242.62, 449.9934
738489,6.9019,0.003176,314.91, 449.9934
738490,6.9048,0.002949,339.14, 449.9937
738491,6.9077,0.002984,335.14, 449.9938
738492,6.9111,0.003370,296.71, 449.9938
738493,6.9150,0.003512,284.75, 449.9935
738494,6.9180,0.003323,300.98, 449.9938
738495,6.9214,0.003444,290.36, 449.9937
738496,6.9248,0.002971,336.62, 449.9938
738497,6.9282,0.003803,262.94, 449.9931
738498,6.9316,0.003216,310.98, 449.9937
738499,6.9346,0.002955,338.36, 449.9937
738500,6.9375,0.002955,338.41, 449.9935
738501,6.9409,0.003507,285.14, 449.9937
738502,6.9438,0.002995,333.95, 449.9935
738503,6.9478,0.003511,284.84, 449.9937
738504,6.9507,0.002975,336.16, 449.9938
738505,6.9536,0.003309,302.21, 449.9938
738506,6.9570,0.003283,304.60, 449.9938
738507,6.9600,0.002939,340.30, 449.9938
738508,6.9634,0.003246,308.03, 449.9938
738509,6.9668,0.003604,277.47, 449.9938
738510,6.9702,0.003253,307.46, 449.9937
738511,6.9731,0.003031,329.89, 449.9938
738512,6.9766,0.003493,286.33, 449.9937
738513,6.9795,0.003003,332.99, 449.9935
738514,6.9829,0.003486,286.87, 449.9937
738515,6.9858,0.002923,342.10, 449.9932
738516,6.9893,0.003429,291.61, 449.9937
738517,6.9927,0.003062,326.58, 449.9938
738518,6.9961,0.003397,294.36, 449.9937
738519,6.9990,0.003119,320.61, 449.9938
738520,7.0024,0.003455,289.47, 449.9938
738521,7.0063,0.003753,266.47, 449.9931
738522,7.0093,0.003070,325.78, 449.9937
738523,7.0122,0.003017,331.51, 449.9937
738524,7.0151,0.002954,338.50, 449.9938
738525,7.0190,0.003544,282.18, 449.9937
738526,7.0220,0.002932,341.05, 449.9935
738527,7.0254,0.003414,292.94, 449.9937
738528,7.0283,0.003010,332.20, 449.9938
738529,7.0317,0.003505,285.33, 449.9938
738530,7.0347,0.002991,334.31, 449.9932
738531,7.0381,0.003524,283.79, 449.9937
738532,7.0415,0.003109,321.68, 449.9938
738533,7.0449,0.003408,293.41, 449.9937
738534,7.0479,0.003055,327.33, 449.9932
738535,7.0513,0.003319,301.26, 449.9935
738536,7.0542,0.002989,334.59, 449.9938
738537,7.0576,0.003591,278.49, 449.9931
738538,7.0610,0.003106,321.96, 449.9932
738539,7.0640,0.003160,316.43, 449.9932
738540,7.0674,0.003568,280.28, 449.9937
738541,7.0703,0.002987,334.80, 449.9932
738542,7.0742,0.003725,268.46, 449.9931
738543,7.0771,0.003048,328.13, 449.9938
738544,7.0801,0.002963,337.53, 449.9938
738545,7.0835,0.003043,328.66, 449.9938
738546,7.0869,0.003528,283.48, 449.9937
738547,7.0898,0.002964,337.44, 449.9938
738548,7.0933,0.003543,282.25, 449.9931
738549,7.0962,0.002993,334.07, 449.9938
738550,7.0996,0.003176,314.85, 449.9938
738551,7.1025,0.003118,320.71, 449.9935
738552,7.1060,0.003531,283.23, 449.9937
738553,7.1089,0.002952,338.75, 449.9938
738554,7.1123,0.003394,294.64, 449.9938
738555,7.1162,0.003673,272.24, 449.9937
738556,7.1191,0.002987,334.74, 449.9938
738557,7.1226,0.003412,293.07, 449.9937
738558,7.1255,0.002961,337.71, 449.9938
738559,7.1289,0.003479,287.47, 449.9937
738560,7.1318,0.002940,340.14, 449.9938
738561,7.1353,0.003479,287.46, 449.9937
738562,7.1387,0.003051,327.73, 449.9935
738563,7.1416,0.003353,298.24, 449.9937
738564,7.1450,0.002993,334.08, 449.9938
738565,7.1484,0.003509,284.98, 449.9937
738566,7.1514,0.003063,326.47, 449.9938
738567,7.1548,0.003447,290.13, 449.9937
738568,7.1577,0.002900,344.82, 449.9938
738569,7.1611,0.003526,283.58, 449.9935
738570,7.1650,0.003581,279.26, 449.9937
738571,7.1680,0.002955,338.44, 449.9935
738572,7.1714,0.003614,276.69, 449.9931
738573,7.1748,0.003351,298.42, 449.9934
738574,7.1777,0.002925,341.89, 449.9934
738575,7.1807,0.003094,323.22, 449.9935
738576,7.1841,0.003329,300.39, 449.9937
738577,7.1870,0.002964,337.36, 449.9932
738578,7.1904,0.003368,296.92, 449.9938
738579,7.1934,0.002981,335.46, 449.9938
738580,7.1973,0.003603,277.56, 449.9931
738581,7.2002,0.003002,333.11, 449.9938
738582,7.2036,0.003549,281.81, 449.9937
738583,7.2065,0.002971,336.63, 449.9938
738584,7.2100,0.003409,293.34, 449.9938
738585,7.2134,0.003583,279.12, 449.9937
738586,7.2163,0.002953,338.67, 449.9938
738587,7.2197,0.003376,296.23, 449.9938
738588,7.2227,0.002922,342.24, 449.9932
738589,7.2266,0.003664,272.96, 449.9937
738590,7.2295,0.003179,314.56, 449.9932
738591,7.2329,0.003272,305.59, 449.9937
738592,7.2358,0.002986,334.92, 449.9938
738593,7.2393,0.003451,289.74, 449.9934
738594,7.2422,0.003011,332.07, 449.9938
738595,7.2461,0.003524,283.74, 449.9938
738596,7.2495,0.003520,284.13, 449.9934
738597,7.2524,0.002960,337.84, 449.9937
738598,7.2554,0.002940,340.14, 449.9938
738599,7.2588,0.003566,280.46, 449.9938
738600,7.2622,0.003510,284.89, 449.9937
738601,7.2651,0.002976,336.06, 449.9935
738602,7.2686,0.003424,292.10, 449.9938
738603,7.2715,0.002921,342.38, 449.9938
738604,7.2754,0.003677,271.97, 449.9937
738605,7.2783,0.003001,333.23, 449.9938
738606,7.2817,0.003482,287.21, 449.9937
738607,7.2847,0.002980,335.59, 449.9938
738608,7.2886,0.003503,285.48, 449.9935
738609,7.2920,0.003449,289.96, 449.9937
738610,7.2949,0.002906,344.13, 449.9932
738611,7.2983,0.003622,276.08, 449.9937
738612,7.3013,0.002935,340.68, 449.9938
738613,7.3047,0.003605,277.42, 449.9937
738614,7.3081,0.003112,321.31, 449.9957
738615,7.3110,0.003283,304.62, 449.9935
738616,7.3145,0.003006,332.69, 449.9938
738617,7.3179,0.003831,261.04, 449.9931
738618,7.3213,0.003139,318.54, 449.9934
738619,7.3242,0.002885,346.67, 449.9938
738620,7.3271,0.003049,328.02, 449.9938
738621,7.3311,0.003839,260.50, 449.9938
738622,7.3345,0.003657,273.48, 449.9937
738623,7.3374,0.002937,340.52, 449.9938
738624,7.3408,0.003420,292.38, 449.9937
738625,7.3438,0.002937,340.50, 449.9935
738626,7.3477,0.003646,274.27, 449.9937
738627,7.3506,0.002986,334.92, 449.9938
738628,7.3540,0.003461,288.97, 449.9934
738629,7.3569,0.003083,324.39, 449.9938
738630,7.3604,0.003227,309.91, 449.9938
738631,7.3633,0.003103,322.24, 449.9935
738632,7.3682,0.004855,205.96, 449.9931
738633,7.3716,0.003491,286.48, 449.9934
738634,7.3750,0.003179,314.56, 449.9931
738635,7.3784,0.003289,304.02, 449.9937
738636,7.3813,0.003294,303.59, 449.9931
738637,7.3853,0.003438,290.85, 449.9934
738638,7.3887,0.003468,288.33, 449.9931
738639,7.3916,0.003319,301.28, 449.9931
738640,7.3950,0.003239,308.74, 449.9934
738641,7.3979,0.003137,318.82, 449.9931
738642,7.4014,0.003105,322.02, 449.9937
738643,7.4043,0.002964,337.37, 449.9937
738644,7.4072,0.003098,322.84, 449.9932
738645,7.4102,0.003052,327.62, 449.9935
738646,7.4141,0.003801,263.10, 449.9935
738647,7.4175,0.003126,319.94, 449.9938
738648,7.4214,0.003836,260.68, 449.9937
738649,7.4243,0.003032,329.82, 449.9938
738650,7.4277,0.003385,295.39, 449.9934
738651,7.4307,0.003002,333.14, 449.9935
738652,7.4346,0.004028,248.27, 449.9937
738653,7.4375,0.002999,333.42, 449.9938
738654,7.4409,0.003173,315.16, 449.9932
738655,7.4443,0.003611,276.90, 449.9938
738656,7.4473,0.002988,334.65, 449.9935
738657,7.4512,0.003967,252.11, 449.9931
738658,7.4546,0.003325,300.78, 449.9934
738659,7.4575,0.002962,337.58, 449.9937
738660,7.4604,0.003032,329.78, 449.9938
738661,7.4644,0.003575,279.70, 449.9937
738662,7.4673,0.002974,336.30, 449.9938
738663,7.4707,0.003421,292.30, 449.9931
738664,7.4736,0.003095,323.15, 449.9938
738665,7.4771,0.003223,310.30, 449.9934
738666,7.4800,0.003035,329.48, 449.9935
738667,7.4834,0.003582,279.18, 449.9938
738668,7.4868,0.003158,316.69, 449.9938
738669,7.4897,0.002972,336.49, 449.9938
738670,7.4937,0.004133,241.96, 449.9931
738671,7.4971,0.003103,322.32, 449.9937
738672,7.5000,0.002969,336.80, 449.9937
738673,7.5029,0.002974,336.22, 449.9938
738674,7.5059,0.003161,316.33, 449.9935
738675,7.5088,0.002995,333.85, 449.9957
738676,7.5127,0.003670,272.45, 449.9937
738677,7.5156,0.003068,325.98, 449.9938
738678,7.5190,0.003280,304.85, 449.9934
738679,7.5220,0.003009,332.29, 449.9938
738680,7.5259,0.003696,270.58, 449.9937
738681,7.5288,0.003034,329.61, 449.9938
738682,7.5317,0.003074,325.36, 449.9938
738683,7.5356,0.003604,277.45, 449.9937
738684,7.5386,0.002931,341.13, 449.9938
738685,7.5420,0.003470,288.23, 449.9937
738686,7.5449,0.003014,331.82, 449.9932
738687,7.5483,0.003523,283.84, 449.9937
738688,7.5513,0.002925,341.83, 449.9938
738689,7.5547,0.003235,309.15, 449.9938
738690,7.5576,0.003059,326.86, 449.9938
738691,7.5610,0.003553,281.47, 449.9937
738692,7.5640,0.003021,331.04, 449.9935
738693,7.5679,0.003539,282.55, 449.9937
738694,7.5708,0.002936,340.58, 449.9938
738695,7.5737,0.003251,307.59, 449.9938
738696,7.5771,0.003137,318.74, 449.9935
738697,7.5806,0.003589,278.60, 449.9935
738698,7.5840,0.003242,308.49, 449.9940
738699,7.5869,0.002958,338.12, 449.9935
738700,7.5903,0.003632,275.36, 449.9937
738701,7.5933,0.002995,333.93, 449.9938
738702,7.5972,0.003464,288.68, 449.9937
738703,7.6001,0.002976,335.98, 449.9938
738704,7.6030,0.003345,298.96, 449.9934
738705,7.6064,0.003128,319.74, 449.9932
738706,7.6094,0.003152,317.28, 449.9938
738707,7.6128,0.003104,322.22, 449.9938
738708,7.6162,0.003619,276.36, 449.9937
738709,7.6191,0.003047,328.25, 449.9938
738710,7.6226,0.003240,308.63, 449.9937
738711,7.6255,0.003048,328.07, 449.9938
738712,7.6289,0.003394,294.68, 449.9938
738713,7.6328,0.003598,277.95, 449.9937
738714,7.6357,0.003031,329.91, 449.9932
738715,7.6392,0.003301,302.97, 449.9931
738716,7.6421,0.003151,317.32, 449.9935
738717,7.6455,0.003454,289.49, 449.9937
738718,7.6484,0.003063,326.52, 449.9932
738719,7.6519,0.003209,311.65, 449.9937
738720,7.6548,0.002991,334.38, 449.9938
738721,7.6582,0.003250,307.73, 449.9938
738722,7.6611,0.002984,335.11, 449.9932
738723,7.6650,0.003848,259.91, 449.9937
738724,7.6680,0.002992,334.19, 449.9938
738725,7.6709,0.002995,333.86, 449.9938
738726,7.6743,0.003268,306.02, 449.9935
738727,7.6777,0.003576,279.68, 449.9932
738728,7.6807,0.003081,324.60, 449.9938
738729,7.6846,0.003656,273.52, 449.9938
738730,7.6875,0.003063,326.43, 449.9938
738731,7.6904,0.003120,320.54, 449.9938
738732,7.6943,0.003612,276.89, 449.9937
738733,7.6973,0.003036,329.35, 449.9935
738734,7.7002,0.003161,316.35, 449.9938
738735,7.7036,0.003028,330.25, 449.9938
738736,7.7070,0.003636,275.00, 449.9937
738737,7.7100,0.003070,325.75, 449.9938
738738,7.7134,0.003366,297.13, 449.9931
738739,7.7168,0.003030,330.05, 449.9932
738740,7.7197,0.003172,315.24, 449.9935
738741,7.7227,0.003140,318.52, 449.9938
738742,7.7266,0.003583,279.13, 449.9935
738743,7.7295,0.003254,307.29, 449.9938
738744,7.7324,0.002908,343.84, 449.9938
738745,7.7363,0.003751,266.58, 449.9934
738746,7.7397,0.003147,317.73, 449.9932
738747,7.7427,0.003113,321.22, 449.9937
738748,7.7456,0.003083,324.36, 449.9938
738749,7.7495,0.003689,271.06, 449.9934
738750,7.7524,0.003036,329.42, 449.9932
738751,7.7554,0.002997,333.71, 449.9938
738752,7.7583,0.003051,327.73, 449.9938
738753,7.7622,0.003640,274.70, 449.9937
738754,7.7651,0.002981,335.51, 449.9935
738755,7.7686,0.003389,295.12, 449.9937
738756,7.7715,0.003023,330.82, 449.9938
738757,7.7749,0.003555,281.32, 449.9938
738758,7.7783,0.003302,302.84, 449.9931
738759,7.7813,0.003040,328.97, 449.9935
738760,7.7852,0.003506,285.25, 449.9937
738761,7.7881,0.003175,315.01, 449.9932
738762,7.7910,0.003105,322.03, 449.9934
738763,7.7944,0.003006,332.65, 449.9938
738764,7.7979,0.003509,284.95, 449.9931
738765,7.8008,0.003093,323.33, 449.9938
738766,7.8042,0.003594,278.23, 449.9937
738767,7.8076,0.002995,333.93, 449.9938
738768,7.8105,0.002938,340.34, 449.9938
738769,7.8135,0.003209,311.60, 449.9938
738770,7.8174,0.003601,277.70, 449.9937
738771,7.8203,0.002964,337.38, 449.9938
738772,7.8232,0.003356,297.96, 449.9935
738773,7.8271,0.003465,288.64, 449.9937
738774,7.8301,0.003013,331.87, 449.9932
738775,7.8330,0.003273,305.55, 449.9938
738776,7.8359,0.002944,339.71, 449.9938
738777,7.8398,0.003739,267.48, 449.9937
738778,7.8428,0.003026,330.50, 449.9932
738779,7.8462,0.003187,313.80, 449.9932
738780,7.8491,0.003036,329.41, 449.9938
738781,7.8530,0.003665,272.83, 449.9938
738782,7.8560,0.003025,330.63, 449.9938
738783,7.8594,0.003443,290.45, 449.9937
738784,7.8623,0.003005,332.79, 449.9938
738785,7.8657,0.003499,285.77, 449.9937
738786,7.8687,0.002952,338.72, 449.9938
738787,7.8721,0.003407,293.50, 449.9938
738788,7.8760,0.003652,273.83, 449.9934
738789,7.8789,0.003054,327.49, 449.9938
738790,7.8818,0.003071,325.62, 449.9931
738791,7.8848,0.003021,330.98, 449.9932
738792,7.8887,0.003520,284.09, 449.9931
738793,7.8916,0.002932,341.06, 449.9938
738794,7.8950,0.003545,282.10, 449.9934
738795,7.8979,0.003121,320.41, 449.9938
738796,7.9019,0.003673,272.27, 449.9937
738797,7.9048,0.003135,319.00, 449.9932
738798,7.9082,0.003313,301.81, 449.9931
738799,7.9111,0.003103,322.23, 449.9938
738800,7.9146,0.003139,318.57, 449.9938
738801,7.9175,0.002985,335.02, 449.9938
738802,7.9209,0.003668,272.61, 449.9938
738803,7.9243,0.003196,312.93, 449.9938
738804,7.9272,0.002947,339.33, 449.9935
738805,7.9312,0.003793,263.65, 449.9937
738806,7.9341,0.002973,336.32, 449.9932
738807,7.9370,0.003114,321.15, 449.9938
738808,7.9409,0.003657,273.45, 449.9934
738809,7.9438,0.002948,339.17, 449.9937
738810,7.9468,0.003011,332.15, 449.9938
738811,7.9502,0.003478,287.52, 449.9937
738812,7.9531,0.003011,332.15, 449.9938
738813,7.9565,0.003372,296.58, 449.9957
738814,7.9595,0.003025,330.57, 449.9938
738815,7.9634,0.003551,281.58, 449.9937
738816,7.9663,0.003054,327.41, 449.9938
738817,7.9692,0.003175,314.92, 449.9935
738818,7.9731,0.003570,280.12, 449.9931
738819,7.9761,0.002943,339.78, 449.9938
738820,7.9795,0.003733,267.85, 449.9937
738821,7.9824,0.003025,330.53, 449.9938
738822,7.9858,0.003138,318.71, 449.9938
738823,7.9888,0.002958,338.05, 449.9938
738824,7.9927,0.003760,265.96, 449.9937
738825,7.9956,0.003039,329.06, 449.9935
738826,7.9985,0.003041,328.82, 449.9938
738827,8.0015,0.003093,323.32, 449.9935
738828,8.0054,0.003597,278.02, 449.9934
738829,8.0083,0.003013,331.92, 449.9938
738830,8.0117,0.003272,305.59, 449.9935
738831,8.0146,0.003019,331.27, 449.9938
738832,8.0181,0.003573,279.90, 449.9938
738833,8.0215,0.003446,290.16, 449.9934
738834,8.0244,0.002979,335.74, 449.9932
738835,8.0278,0.003412,293.09, 449.9937
738836,8.0308,0.002936,340.63, 449.9938
738837,8.0347,0.003648,274.13, 449.9937
738838,8.0376,0.003027,330.35, 449.9938
738839,8.0405,0.003110,321.52, 449.9938
738840,8.0439,0.003395,294.53, 449.9935
738841,8.0474,0.003035,329.47, 449.9938
738842,8.0503,0.003064,326.38, 449.9938
738843,8.0542,0.003828,261.27, 449.9934
738844,8.0571,0.003028,330.22, 449.9932
738845,8.0601,0.002938,340.41, 449.9935
738846,8.0630,0.003096,322.96, 449.9938
738847,8.0664,0.003487,286.80, 449.9938
738848,8.0703,0.003860,259.10, 449.9931
738849,8.0737,0.003106,321.98, 449.9937
738850,8.0767,0.002941,340.00, 449.9937
738851,8.0796,0.002936,340.63, 449.9938
738852,8.0830,0.003757,266.18, 449.9934
738853,8.0864,0.003334,299.92, 449.9937
738854,8.0894,0.002979,335.74, 449.9934
738855,8.0923,0.002994,333.99, 449.9938
738856,8.0957,0.003270,305.82, 449.9937
738857,8.0986,0.003066,326.20, 449.9938
738858,8.1021,0.003451,289.79, 449.9937
738859,8.1055,0.002995,333.86, 449.9938
738860,8.1089,0.003429,291.67, 449.9931
738861,8.1123,0.003573,279.87, 449.9934
738862,8.1157,0.003549,281.79, 449.9934
738863,8.1191,0.003094,323.26, 449.9937
738864,8.1221,0.002973,336.36, 449.9935
738865,8.1250,0.002967,337.05, 449.9938
738866,8.1279,0.002965,337.27, 449.9935
738867,8.1318,0.003782,264.40, 449.9937
738868,8.1348,0.002996,333.78, 449.9935
738869,8.1377,0.003062,326.59, 449.9938
738870,8.1411,0.003289,304.09, 449.9938
738871,8.1445,0.003380,295.84, 449.9937
738872,8.1475,0.003048,328.12, 449.9935
738873,8.1509,0.003272,305.65, 449.9938
738874,8.1538,0.002990,334.49, 449.9938
738875,8.1572,0.003626,275.82, 449.9937
738876,8.1602,0.002998,333.54, 449.9938
738877,8.1636,0.003490,286.52, 449.9938
738878,8.1670,0.003368,296.92, 449.9937
738879,8.1699,0.002987,334.78, 449.9935
738880,8.1738,0.003783,264.34, 449.9934
738881,8.1768,0.003111,321.48, 449.9932
738882,8.1802,0.003258,306.96, 449.9935
738883,8.1831,0.002984,335.08, 449.9938
738884,8.1870,0.003689,271.08, 449.9961
738885,8.1899,0.003039,329.08, 449.9957
738886,8.1934,0.003165,316.00, 449.9937
738887,8.1963,0.003036,329.40, 449.9938
738888,8.1997,0.003631,275.41, 449.9937
738889,8.2026,0.002973,336.38, 449.9938
738890,8.2061,0.003303,302.77, 449.9956
738891,8.2095,0.003182,314.31, 449.9932
738892,8.2129,0.003410,293.22, 449.9932
738893,8.2163,0.003556,281.23, 449.9931
738894,8.2192,0.003104,322.19, 449.9932
738895,8.2227,0.003476,287.71, 449.9937
738896,8.2261,0.003140,318.45, 449.9932
738897,8.2290,0.002978,335.75, 449.9938
738898,8.2319,0.002987,334.84, 449.9938
738899,8.2354,0.003583,279.10, 449.9937
738900,8.2383,0.002969,336.77, 449.9938
738901,8.2422,0.003568,280.29, 449.9937
738902,8.2451,0.003008,332.44, 449.9935
738903,8.2485,0.003511,284.79, 449.9937
738904,8.2515,0.003012,331.98, 449.9935
738905,8.2549,0.003314,301.74, 449.9932
738906,8.2583,0.003517,284.37, 449.9931
738907,8.2612,0.003054,327.46, 449.9932
738908,8.2651,0.003587,278.76, 449.9934
738909,8.2681,0.003032,329.80, 449.9932
738910,8.2715,0.003389,295.04, 449.9931
738911,8.2744,0.003155,316.97, 449.9932
738912,8.2778,0.003065,326.25, 449.9938
738913,8.2808,0.003119,320.65, 449.9932
738914,8.2842,0.003354,298.12, 449.9935
738915,8.2871,0.003066,326.16, 449.9938
738916,8.2910,0.003656,273.56, 449.9937
738917,8.2939,0.003083,324.38, 449.9938
738918,8.2974,0.003543,282.21, 449.9937
738919,8.3003,0.003003,332.98, 449.9938
738920,8.3037,0.003382,295.69, 449.9938
738921,8.3071,0.003336,299.73, 449.9934
738922,8.3101,0.003014,331.84, 449.9932
738923,8.3140,0.003607,277.25, 449.9937
738924,8.3169,0.002980,335.58, 449.9935
738925,8.3203,0.003483,287.13, 449.9937
738926,8.3232,0.003033,329.67, 449.9932
738927,8.3267,0.003336,299.72, 449.9937
738928,8.3296,0.002979,335.67, 449.9938
738929,8.3335,0.004005,249.70, 449.9931
738930,8.3369,0.003034,329.57, 449.9937
738931,8.3394,0.002911,343.54, 449.9938
738932,8.3433,0.003548,281.89, 449.9937
738933,8.3462,0.002945,339.59, 449.9938
738934,8.3491,0.002960,337.89, 449.9938
738935,8.3525,0.003707,269.75, 449.9938
738936,8.3560,0.003444,290.37, 449.9937
738937,8.3594,0.002947,339.29, 449.9938
738938,8.3628,0.003539,282.58, 449.9934
738939,8.3657,0.003074,325.27, 449.9938
738940,8.3696,0.003856,259.32, 449.9934
738941,8.3730,0.003335,299.84, 449.9934
738942,8.3760,0.003110,321.52, 449.9934
738943,8.3794,0.003501,285.60, 449.9931
738944,8.3828,0.003469,288.28, 450.0080
738945,8.3867,0.003478,287.50, 449.9931
738946,8.3901,0.003481,287.29, 449.9931
738947,8.3931,0.003168,315.63, 449.9937
738948,8.3965,0.003116,320.94, 449.9956
738949,8.3994,0.003078,324.91, 449.9934
738950,8.4023,0.003043,328.67, 449.9938
738951,8.4058,0.003509,284.97, 449.9934
738952,8.4092,0.003063,326.50, 449.9932
738953,8.4126,0.003524,283.78, 449.9937
738954,8.4155,0.003106,321.94, 449.9938
738955,8.4194,0.003911,255.68, 449.9938
738956,8.4229,0.003393,294.75, 449.9937
738957,8.4258,0.003052,327.61, 449.9932
738958,8.4292,0.003343,299.16, 449.9931
738959,8.4321,0.003054,327.44, 449.9932
738960,8.4360,0.003905,256.10, 449.9931
738961,8.4395,0.003183,314.18, 449.9931
738962,8.4424,0.002947,339.32, 449.9934
738963,8.4453,0.003072,325.54, 449.9935
738964,8.4487,0.003412,293.13, 449.9934
738965,8.4517,0.002987,334.84, 449.9938
738966,8.4551,0.003419,292.47, 449.9931
738967,8.4580,0.002963,337.50, 449.9938
738968,8.4619,0.003520,284.12, 449.9938
738969,8.4653,0.003519,284.15, 449.9934
738970,8.4683,0.003027,330.37, 449.9932
738971,8.4717,0.003430,291.51, 449.9937
738972,8.4746,0.003018,331.33, 449.9938
738973,8.4780,0.003407,293.52, 449.9937
738974,8.4810,0.002932,341.09, 449.9935
738975,8.4849,0.003588,278.73, 449.9937
738976,8.4878,0.002971,336.60, 449.9932
738977,8.4912,0.003532,283.12, 449.9937
738978,8.4941,0.003017,331.50, 449.9935
738979,8.4976,0.003530,283.26, 449.9935
738980,8.5015,0.003554,281.40, 449.9937
738981,8.5044,0.002898,345.02, 449.9937
738982,8.5073,0.002956,338.25, 449.9938
738983,8.5107,0.003521,284.00, 449.9938
738984,8.5142,0.003520,284.11, 449.9937
738985,8.5171,0.002936,340.60, 449.9938
738986,8.5205,0.003535,282.86, 449.9937
738987,8.5234,0.002984,335.17, 449.9938
738988,8.5269,0.003401,294.07, 449.9938
738989,8.5298,0.002948,339.21, 449.9938
738990,8.5342,0.003995,250.29, 449.9937
738991,8.5371,0.002949,339.16, 449.9938
738992,8.5405,0.003480,287.39, 449.9935
738993,8.5439,0.003462,288.85, 449.9937
738994,8.5469,0.002880,347.26, 449.9938
738995,8.5503,0.003626,275.76, 449.9937
738996,8.5532,0.002964,337.43, 449.9938
738997,8.5566,0.003463,288.73, 449.9937
738998,8.5596,0.002953,338.70, 449.9935
738999,8.5635,0.003627,275.73, 449.9931
739000,8.5664,0.002932,341.05, 449.9938
739001,8.5698,0.003423,292.12, 449.9938
739002,8.5728,0.002945,339.58, 449.9938
739003,8.5762,0.003529,283.36, 449.9938
739004,8.5791,0.003015,331.73, 449.9938
739005,8.5830,0.003578,279.52, 449.9932
739006,8.5864,0.003437,290.96, 449.9937
739007,8.5889,0.002866,348.92, 449.9938
739008,8.5928,0.003577,279.55, 449.9937
739009,8.5957,0.002940,340.17, 449.9938
739010,8.5996,0.003908,255.92, 449.9937
739011,8.6025,0.002946,339.48, 449.9938
739012,8.6060,0.003475,287.79, 449.9938
739013,8.6089,0.003062,326.55, 449.9935
739014,8.6123,0.003453,289.57, 449.9934
739015,8.6157,0.003057,327.08, 449.9935
739016,8.6191,0.003536,282.78, 449.9937
739017,8.6221,0.002981,335.41, 449.9935
739018,8.6255,0.003593,278.35, 449.9937
739019,8.6284,0.002953,338.68, 449.9938
739020,8.6318,0.003457,289.28, 449.9938
739021,8.6353,0.003399,294.20, 449.9937
739022,8.6382,0.002894,345.53, 449.9938
739023,8.6421,0.003638,274.90, 449.9937
739024,8.6450,0.002964,337.40, 449.9938
739025,8.6484,0.003567,280.34, 449.9937
739026,8.6514,0.002906,344.08, 449.9938
739027,8.6548,0.003433,291.30, 449.9937
739028,8.6577,0.002987,334.81, 449.9938
739029,8.6611,0.003363,297.34, 449.9937
739030,8.6641,0.002965,337.25, 449.9935
739031,8.6680,0.003625,275.83, 449.9937
739032,8.6709,0.003029,330.17, 449.9938
739033,8.6743,0.003386,295.34, 449.9937
739034,8.6772,0.002925,341.92, 449.9935
739035,8.6802,0.003266,306.17, 449.9938
739036,8.6841,0.003778,264.68, 449.9931
739037,8.6870,0.002922,342.22, 449.9938
739038,8.6904,0.003320,301.22, 449.9937
739039,8.6934,0.003025,330.62, 449.9938
739040,8.6973,0.003641,274.64, 449.9937
739041,8.7002,0.002971,336.58, 449.9938
739042,8.7036,0.003423,292.15, 449.9937
739043,8.7065,0.002947,339.39, 449.9938
739044,8.7100,0.003514,284.56, 449.9937
739045,8.7129,0.002975,336.13, 449.9938
739046,8.7163,0.003556,281.25, 449.9931
739047,8.7192,0.002979,335.65, 449.9938
739048,8.7227,0.003408,293.43, 449.9937
739049,8.7256,0.002968,336.93, 449.9938
739050,8.7295,0.003478,287.51, 449.9938
739051,8.7329,0.003511,284.83, 449.9937
739052,8.7358,0.002936,340.56, 449.9938
739053,8.7393,0.003528,283.41, 449.9937
739054,8.7422,0.003046,328.33, 449.9935
739055,8.7456,0.003149,317.54, 449.9938
739056,8.7485,0.002981,335.45, 449.9938
739057,8.7520,0.003677,271.98, 449.9937
739058,8.7554,0.003045,328.43, 449.9938
739059,8.7583,0.003371,296.69, 449.9937
739060,8.7617,0.003043,328.62, 449.9935
739061,8.7651,0.003398,294.32, 449.9937
739062,8.7681,0.002990,334.46, 449.9957
739063,8.7715,0.003497,285.98, 449.9937
739064,8.7744,0.003013,331.94, 449.9938
739065,8.7778,0.003123,320.26, 449.9938
739066,8.7813,0.003792,263.74, 449.9934
739067,8.7842,0.002974,336.25, 449.9938
739068,8.7876,0.003235,309.13, 449.9938
739069,8.7910,0.003193,313.16, 449.9932
739070,8.7939,0.003330,300.33, 449.9937
739071,8.7974,0.003043,328.64, 449.9938
739072,8.8008,0.003627,275.69, 449.9937
739073,8.8037,0.003077,325.03, 449.9938
739074,8.8066,0.003012,331.98, 449.9938
739075,8.8101,0.003144,318.08, 449.9938
739076,8.8135,0.003682,271.56, 449.9934
739077,8.8169,0.003221,310.46, 449.9932
739078,8.8203,0.003209,311.63, 449.9937
739079,8.8232,0.003060,326.84, 449.9938
739080,8.8267,0.003474,287.89, 449.9935
739081,8.8296,0.003057,327.11, 449.9938
739082,8.8325,0.003033,329.71, 449.9938
739083,8.8364,0.003609,277.11, 449.9937
739084,8.8394,0.002935,340.69, 449.9938
739085,8.8428,0.003527,283.55, 449.9937
739086,8.8457,0.002994,333.97, 449.9938
739087,8.8491,0.003492,286.38, 449.9937
739088,8.8521,0.002976,336.07, 449.9938
739089,8.8560,0.003507,285.13, 449.9931
739090,8.8589,0.002963,337.55, 449.9935
739091,8.8623,0.003372,296.59, 449.9937
739092,8.8652,0.003057,327.13, 449.9938
739093,8.8687,0.003414,292.95, 449.9937
739094,8.8716,0.002936,340.60, 449.9938
739095,8.8750,0.003545,282.11, 449.9938
739096,8.8784,0.003483,287.12, 449.9934
739097,8.8813,0.002987,334.83, 449.9938
739098,8.8848,0.003296,303.42, 449.9937
739099,8.8877,0.002999,333.41, 449.9938
739100,8.8916,0.003539,282.55, 449.9937
739101,8.8945,0.003034,329.58, 449.9938
739102,8.8979,0.003295,303.50, 449.9938
739103,8.9009,0.002998,333.56, 449.9938
739104,8.9043,0.003575,279.72, 449.9934
739105,8.9072,0.002987,334.84, 449.9938
739106,8.9102,0.003122,320.29, 449.9938
739107,8.9136,0.003219,310.66, 449.9938
739108,8.9170,0.003505,285.30, 449.9937
739109,8.9199,0.002966,337.14, 449.9938
739110,8.9233,0.003449,289.92, 449.9932
739111,8.9272,0.003475,287.74, 449.9937
739112,8.9302,0.002992,334.27, 449.9935
739113,8.9331,0.003322,301.04, 449.9938
739114,8.9365,0.003010,332.19, 449.9935
739115,8.9399,0.003610,277.02, 449.9937
739116,8.9429,0.003039,329.02, 449.9935
739117,8.9463,0.003348,298.65, 449.9937
739118,8.9492,0.002962,337.58, 449.9938
739119,8.9526,0.003417,292.65, 449.9937
739120,8.9556,0.002993,334.08, 449.9938
739121,8.9590,0.003421,292.34, 449.9937
739122,8.9619,0.002996,333.82, 449.9932
739123,8.9658,0.003578,279.52, 449.9937
739124,8.9688,0.003030,330.09, 449.9938
739125,8.9722,0.003403,293.86, 449.9938
739126,8.9756,0.003422,292.24, 449.9937
739127,8.9785,0.002928,341.59, 449.9938
739128,8.9819,0.003541,282.38, 449.9937
739129,8.9849,0.002978,335.80, 449.9938
739130,8.9883,0.003311,302.05, 449.9931
739131,8.9917,0.003320,301.20, 449.9932
739132,8.9946,0.003011,332.16, 449.9938
739133,8.9976,0.003029,330.17, 449.9932
739134,9.0010,0.003464,288.68, 449.9932
739135,9.0039,0.002985,335.02, 449.9938
739136,9.0078,0.003683,271.55, 449.9937
739137,9.0107,0.002993,334.17, 449.9938
739138,9.0142,0.003409,293.38, 449.9934
739139,9.0171,0.002956,338.35, 449.9938
739140,9.0205,0.003424,292.03, 449.9932
739141,9.0244,0.003643,274.52, 449.9937
739142,9.0273,0.002994,334.01, 449.9932
739143,9.0308,0.003596,278.13, 449.9937
739144,9.0337,0.002978,335.75, 449.9938
739145,9.0376,0.003673,272.26, 449.9931
739146,9.0410,0.003386,295.31, 449.9934
739147,9.0439,0.002943,339.74, 449.9937
739148,9.0469,0.003015,331.71, 449.9938
739149,9.0498,0.003228,309.76, 449.9937
739150,9.0532,0.003070,325.75, 449.9938
739151,9.0562,0.003279,304.99, 449.9938
739152,9.0596,0.003031,329.98, 449.9938
739153,9.0630,0.003526,283.59, 449.9966
739154,9.0659,0.003007,332.59, 449.9938
739155,9.0693,0.003531,283.18, 449.9935
739156,9.0728,0.003353,298.25, 449.9937
739157,9.0757,0.003032,329.80, 449.9938
739158,9.0796,0.003591,278.48, 449.9937
739159,9.0825,0.002998,333.59, 449.9938
739160,9.0854,0.003116,320.94, 449.9935
739161,9.0884,0.003035,329.47, 449.9938
739162,9.0923,0.003542,282.31, 449.9937
739163,9.0952,0.002978,335.83, 449.9938
739164,9.0986,0.003676,272.02, 449.9937
739165,9.1021,0.003303,302.72, 449.9931
739166,9.1050,0.003045,328.44, 449.9931
739167,9.1079,0.003002,333.12, 449.9938
739168,9.1113,0.003259,306.85, 449.9937
739169,9.1147,0.003188,313.69, 449.9935
739170,9.1182,0.003595,278.20, 449.9935
739171,9.1216,0.003212,311.35, 449.9937
739172,9.1245,0.002992,334.20, 449.9938
739173,9.1279,0.003629,275.55, 449.9937
739174,9.1309,0.002974,336.26, 449.9938
739175,9.1343,0.003378,296.08, 449.9937
739176,9.1377,0.003077,325.02, 449.9935
739177,9.1406,0.003097,322.87, 449.9938
739178,9.1436,0.003096,322.99, 449.9932
739179,9.1475,0.003617,276.50, 449.9937
739180,9.1504,0.002992,334.21, 449.9938
739181,9.1533,0.003188,313.68, 449.9938
739182,9.1567,0.003087,323.90, 449.9938
739183,9.1602,0.003562,280.74, 449.9934
739184,9.1631,0.003067,326.02, 449.9932
739185,9.1665,0.003479,287.41, 449.9938
739186,9.1699,0.003264,306.42, 449.9937
739187,9.1729,0.002920,342.52, 449.9938
739188,9.1768,0.003696,270.56, 449.9937
739189,9.1797,0.003000,333.34, 449.9938
739190,9.1831,0.003357,297.85, 449.9937
739191,9.1860,0.002931,341.17, 449.9938
739192,9.1895,0.003554,281.38, 449.9937
739193,9.1924,0.003073,325.41, 449.9938
739194,9.1958,0.003347,298.80, 449.9937
739195,9.1987,0.003006,332.65, 449.9938
739196,9.2021,0.003434,291.21, 449.9937
739197,9.2051,0.002994,334.05, 449.9932
739198,9.2085,0.003412,293.09, 449.9937
739199,9.2114,0.003025,330.58, 449.9938
739200,9.2153,0.003486,286.83, 449.9938
739201,9.2183,0.003340,299.44, 449.9937
739202,9.2212,0.002906,344.07, 449.9935
739203,9.2251,0.003803,262.92, 449.9937
739204,9.2280,0.003028,330.31, 449.9938
739205,9.2314,0.003081,324.57, 449.9938
739206,9.2344,0.002979,335.67, 449.9938
739207,9.2378,0.003548,281.87, 449.9937
739208,9.2407,0.002974,336.25, 449.9935
739209,9.2446,0.003949,253.24, 449.9931
739210,9.2480,0.003059,326.86, 449.9937
739211,9.2510,0.002933,340.97, 449.9937
739212,9.2539,0.003023,330.84, 449.9938
739213,9.2573,0.003504,285.36, 449.9931
739214,9.2603,0.003087,323.92, 449.9935
739215,9.2637,0.003095,323.06, 449.9935
739216,9.2671,0.003825,261.45, 449.9938
739217,9.2710,0.003737,267.60, 449.9931
739218,9.2739,0.003136,318.86, 449.9937
739219,9.2773,0.003236,309.01, 449.9931
739220,9.2808,0.003272,305.63, 449.9934
739221,9.2837,0.003152,317.24, 449.9934
739222,9.2871,0.003140,318.44, 449.9931
739223,9.2900,0.003247,307.99, 449.9937
739224,9.2935,0.003207,311.82, 449.9934
739225,9.2964,0.003108,321.78, 450.0066
739226,9.2998,0.003095,323.06, 449.9931
739227,9.3027,0.003231,309.51, 449.9932
739228,9.3062,0.003432,291.36, 449.9934
739229,9.3096,0.003067,326.06, 449.9932
739230,9.3125,0.003091,323.51, 449.9938
739231,9.3164,0.003745,267.02, 449.9934
739232,9.3193,0.003105,322.02, 449.9932
739233,9.3223,0.003101,322.46, 449.9934
739234,9.3257,0.003208,311.75, 449.9932
739235,9.3286,0.003254,307.30, 449.9934
739236,9.3325,0.003651,273.91, 449.9931
739237,9.3359,0.003426,291.92, 449.9956
739238,9.3394,0.003224,310.14, 449.9931
739239,9.3423,0.003165,316.01, 449.9931
739240,9.3457,0.003364,297.25, 449.9934
739241,9.3491,0.003231,309.49, 449.9937
739242,9.3521,0.003175,314.98, 449.9934
739243,9.3550,0.003136,318.92, 449.9937
739244,9.3584,0.003178,314.66, 449.9931
739245,9.3613,0.003169,315.52, 449.9934
739246,9.3647,0.003221,310.45, 449.9931
739247,9.3682,0.003280,304.92, 449.9937
739248,9.3711,0.003182,314.30, 449.9931
739249,9.3745,0.003151,317.33, 449.9937
739250,9.3774,0.003057,327.17, 449.9937
739251,9.3809,0.003497,285.95, 449.9937
739252,9.3843,0.003199,312.62, 449.9934
739253,9.3872,0.003156,316.87, 449.9937
739254,9.3906,0.003442,290.54, 449.9931
739255,9.3945,0.003671,272.42, 449.9931
739256,9.3979,0.003455,289.40, 449.9931
739257,9.4014,0.003358,297.84, 449.9937
739258,9.4043,0.003178,314.71, 449.9937
739259,9.4072,0.003007,332.51, 449.9937
739260,9.4106,0.003055,327.33, 449.9938
739261,9.4141,0.003600,277.81, 449.9938
739262,9.4175,0.003528,283.42, 449.9938
739263,9.4209,0.003432,291.40, 449.9937
739264,9.4238,0.003008,332.46, 449.9935
739265,9.4282,0.004093,244.30, 449.9931
739266,9.4312,0.003108,321.74, 449.9935
739267,9.4341,0.003035,329.46, 449.9935
739268,9.4380,0.003551,281.59, 449.9937
739269,9.4409,0.002994,333.96, 449.9938
739270,9.4443,0.003531,283.17, 449.9937
739271,9.4473,0.002977,335.97, 449.9938
739272,9.4507,0.003473,287.92, 449.9937
739273,9.4536,0.003015,331.66, 449.9938
739274,9.4570,0.003462,288.84, 449.9934
739275,9.4604,0.003005,332.81, 449.9938
739276,9.4634,0.003230,309.62, 449.9938
739277,9.4668,0.003081,324.55, 449.9935
739278,9.4702,0.003763,265.72, 449.9937
739279,9.4736,0.003099,322.71, 449.9938
739280,9.4766,0.003065,326.25, 449.9938
739281,9.4805,0.003772,265.15, 449.9937
739282,9.4834,0.002941,340.06, 449.9935
739283,9.4868,0.003491,286.47, 449.9931
739284,9.4897,0.002991,334.37, 449.9935
739285,9.4932,0.003628,275.64, 449.9937
739286,9.4961,0.002975,336.12, 449.9932
739287,9.5000,0.003527,283.56, 449.9937
739288,9.5029,0.003017,331.51, 449.9957
739289,9.5068,0.003960,252.53, 449.9937
739290,9.5098,0.003103,322.25, 449.9931
739291,9.5127,0.002937,340.46, 449.9938
739292,9.5166,0.003536,282.81, 449.9937
739293,9.5195,0.002997,333.71, 449.9935
739294,9.5229,0.003486,286.83, 449.9937
739295,9.5259,0.003024,330.64, 449.9935
739296,9.5293,0.003214,311.14, 449.9938
739297,9.5322,0.003021,331.01, 449.9935
739298,9.5356,0.003715,269.17, 449.9937
739299,9.5391,0.003016,331.58, 449.9938
739300,9.5425,0.003407,293.48, 449.9938
739301,9.5454,0.002978,335.82, 449.9938
739302,9.5488,0.003774,264.96, 449.9931
739303,9.5522,0.003026,330.49, 449.9938
739304,9.5557,0.003409,293.38, 449.9938
739305,9.5591,0.003389,295.06, 449.9937
739306,9.5620,0.003028,330.29, 449.9935
739307,9.5654,0.003690,271.04, 449.9937
739308,9.5688,0.003117,320.81, 449.9938
739309,9.5718,0.003295,303.53, 449.9937
739310,9.5747,0.002959,338.00, 449.9932
739311,9.5786,0.003557,281.14, 449.9937
739312,9.5815,0.003024,330.67, 449.9938
739313,9.5850,0.003654,273.70, 449.9931
739314,9.5879,0.002960,337.89, 449.9938
739315,9.5913,0.003374,296.38, 449.9932
739316,9.5952,0.003575,279.71, 449.9934
739317,9.5981,0.003025,330.62, 449.9937
739318,9.6011,0.003070,325.73, 449.9938
739319,9.6045,0.003290,303.99, 449.9938
739320,9.6079,0.003520,284.13, 449.9937
739321,9.6108,0.002933,340.97, 449.9935
739322,9.6147,0.003681,271.64, 449.9937
739323,9.6177,0.002981,335.50, 449.9935
739324,9.6211,0.003439,290.79, 449.9937
739325,9.6240,0.003030,330.01, 449.9932
739326,9.6274,0.003482,287.16, 449.9937
739327,9.6304,0.003020,331.11, 449.9938
739328,9.6343,0.003567,280.36, 449.9931
739329,9.6372,0.002963,337.46, 449.9938
739330,9.6401,0.003264,306.42, 449.9932
739331,9.6440,0.003616,276.53, 449.9937
739332,9.6470,0.002961,337.77, 449.9935
739333,9.6504,0.003563,280.65, 449.9934
739334,9.6533,0.002947,339.37, 449.9932
739335,9.6567,0.003550,281.70, 449.9937
739336,9.6602,0.002979,335.64, 449.9935
739337,9.6641,0.003950,253.17, 449.9932
739338,9.6670,0.003199,312.63, 449.9934
739339,9.6699,0.002891,345.89, 449.9937
739340,9.6729,0.002975,336.16, 449.9938
739341,9.6763,0.003497,285.96, 449.9937
739342,9.6797,0.002995,333.92, 449.9938
739343,9.6831,0.003426,291.88, 449.9956
739344,9.6860,0.002984,335.11, 449.9935
739345,9.6895,0.003543,282.21, 449.9938
739346,9.6929,0.003324,300.82, 449.9937
739347,9.6958,0.003072,325.52, 449.9938
739348,9.6992,0.003520,284.13, 449.9937
739349,9.7026,0.003080,324.63, 449.9938
739350,9.7056,0.003388,295.17, 449.9937
739351,9.7090,0.002977,335.95, 449.9938
739352,9.7124,0.003604,277.51, 449.9934
739353,9.7153,0.003056,327.23, 449.9935
739354,9.7188,0.003444,290.36, 449.9937
739355,9.7217,0.002974,336.26, 449.9938
739356,9.7251,0.003302,302.81, 449.9932
739357,9.7290,0.003687,271.26, 449.9937
739358,9.7319,0.002928,341.52, 449.9937
739359,9.7349,0.002956,338.28, 449.9938
739360,9.7383,0.003636,275.00, 449.9932
739361,9.7417,0.003234,309.26, 449.9938
739362,9.7446,0.002987,334.82, 449.9932
739363,9.7485,0.003712,269.37, 449.9937
739364,9.7515,0.002950,338.94, 449.9938
739365,9.7549,0.003439,290.82, 449.9937
739366,9.7578,0.002994,334.06, 449.9938
739367,9.7612,0.003344,299.04, 449.9937
739368,9.7642,0.003005,332.76, 449.9938
739369,9.7681,0.003801,263.08, 449.9935
739370,9.7710,0.003078,324.91, 449.9938
739371,9.7739,0.003034,329.64, 449.9935
739372,9.7773,0.003516,284.39, 449.9937
739373,9.7803,0.002943,339.79, 449.9938
739374,9.7837,0.003500,285.74, 449.9938
739375,9.7871,0.003349,298.60, 449.9938
739376,9.7905,0.003387,295.26, 449.9937
739377,9.7935,0.002991,334.34, 449.9935
739378,9.7974,0.003616,276.55, 449.9938
739379,9.8003,0.003063,326.53, 449.9938
739380,9.8037,0.003217,310.87, 449.9937
739381,9.8066,0.002992,334.28, 449.9938
739382,9.8101,0.003417,292.67, 449.9937
739383,9.8130,0.003018,331.37, 449.9935
739384,9.8164,0.003560,280.93, 449.9934
739385,9.8198,0.003452,289.71, 449.9931
739386,9.8242,0.004151,240.92, 449.9932
739387,9.8271,0.003019,331.19, 449.9937
739388,9.8301,0.002986,334.87, 449.9937
739389,9.8330,0.002939,340.24, 449.9937
739390,9.8359,0.003128,319.73, 449.9934
739391,9.8394,0.003229,309.70, 449.9937
739392,9.8428,0.003201,312.41, 449.9931
739393,9.8457,0.003186,313.84, 449.9937
739394,9.8486,0.003060,326.77, 449.9938
739395,9.8525,0.003711,269.44, 449.9937
739396,9.8555,0.003029,330.20, 449.9938
739397,9.8589,0.003376,296.22, 449.9934
739398,9.8623,0.003103,322.24, 449.9957
739399,9.8657,0.003656,273.49, 449.9938
739400,9.8687,0.003142,318.24, 449.9937
739401,9.8716,0.002935,340.76, 449.9957
739402,9.8755,0.003584,279.06, 449.9931
739403,9.8784,0.003008,332.50, 449.9938
739404,9.8818,0.003510,284.88, 449.9934
739405,9.8848,0.003074,325.27, 449.9938
739406,9.8882,0.002982,335.37, 449.9938
739407,9.8911,0.003264,306.42, 449.9938
739408,9.8950,0.003677,271.97, 449.9931
739409,9.8979,0.003146,317.82, 449.9937
739410,9.9009,0.002928,341.58, 449.9938
739411,9.9038,0.003055,327.31, 449.9938
739412,9.9077,0.003559,280.99, 449.9934
739413,9.9106,0.002975,336.19, 449.9938
739414,9.9141,0.003494,286.25, 449.9935
739415,9.9175,0.003283,304.56, 449.9938
739416,9.9209,0.003313,301.88, 449.9935
739417,9.9243,0.003594,278.28, 449.9937
739418,9.9272,0.002965,337.23, 449.9935
739419,9.9307,0.003473,287.95, 449.9937
739420,9.9336,0.002963,337.48, 449.9938
739421,9.9370,0.003460,289.06, 449.9937
739422,9.9399,0.003055,327.35, 449.9938
739423,9.9434,0.003336,299.77, 449.9937
739424,9.9463,0.002992,334.19, 449.9938
739425,9.9502,0.003598,277.92, 449.9934
739426,9.9531,0.002969,336.80, 450.0563
739427,9.9565,0.003422,292.27, 449.9937
739428,9.9595,0.002984,335.10, 449.9935
739429,9.9629,0.003292,303.79, 449.9938
739430,9.9663,0.003655,273.58, 449.9934
739431,9.9692,0.002966,337.17, 449.9938
739432,9.9731,0.003874,258.11, 449.9932
739433,9.9766,0.003171,315.39, 449.9934
739434,9.9795,0.002906,344.07, 449.9934
739435,9.9824,0.002966,337.11, 449.9938
739436,9.9858,0.003359,297.72, 449.9937
739437,9.9888,0.003000,333.39, 449.9938
739438,9.9922,0.003407,293.50, 449.9937
739439,9.9951,0.003020,331.17, 449.9938
739440,9.9985,0.003657,273.42, 449.9937
