TotalFrame,Time,DeltaTime,FPS,RAM
504478,0.0000,0.014134,70.75, 437.4665
504479,0.0000,0.014134,70.75, 437.7021
504480,0.0200,0.020000,50.00, 437.4944
504481,0.0229,0.003138,318.65, 437.4916
504482,0.0259,0.002948,339.19, 437.4917
504483,0.0356,0.009428,106.06, 437.4916
504484,0.0386,0.003200,312.47, 437.4911
504485,0.0415,0.002984,335.17, 437.4914
504486,0.0449,0.003048,328.14, 437.4908
504487,0.0479,0.002947,339.39, 437.4914
504488,0.0508,0.003111,321.44, 437.4911
504489,0.0537,0.002919,342.58, 437.4914
504490,0.0566,0.003009,332.34, 437.4912
504491,0.0596,0.002980,335.60, 437.4861
504492,0.0630,0.003087,323.90, 437.4860
504493,0.0654,0.002854,350.41, 437.4861
504494,0.0688,0.003030,330.09, 437.4854
504495,0.0718,0.002998,333.52, 437.4860
504496,0.0747,0.003098,322.77, 437.4861
504497,0.0776,0.002921,342.36, 437.4861
504498,0.0806,0.003067,326.03, 437.4854
504499,0.0840,0.002991,334.35, 437.4861
504500,0.0869,0.002986,334.91, 437.4861
504501,0.0898,0.002945,339.62, 437.4860
504502,0.0928,0.002998,333.52, 437.4854
504503,0.0957,0.002951,338.86, 437.4861
504504,0.0986,0.003002,333.14, 437.4854
504505,0.1016,0.002948,339.18, 437.4861
504506,0.1045,0.002960,337.84, 437.4861
504507,0.1074,0.002965,337.29, 437.4860
504508,0.1104,0.002989,334.56, 437.4861
504509,0.1133,0.002960,337.80, 437.4861
504510,0.1162,0.002954,338.48, 437.4860
504511,0.1196,0.003078,324.90, 437.4854
504512,0.1226,0.003021,330.99, 437.4861
504513,0.1255,0.003073,325.44, 437.4860
504514,0.1284,0.003018,331.37, 437.4854
504515,0.1318,0.002986,334.85, 437.4861
504516,0.1348,0.002967,337.06, 437.4860
504517,0.1377,0.003083,324.34, 437.4857
504518,0.1406,0.003027,330.33, 437.4854
504519,0.1436,0.002970,336.66, 437.4860
504520,0.1465,0.002937,340.54, 437.4861
504521,0.1494,0.003028,330.25, 437.4861
504522,0.1528,0.002999,333.41, 437.4860
504523,0.1558,0.003016,331.53, 437.4861
504524,0.1587,0.002922,342.29, 437.4861
504525,0.1616,0.002935,340.72, 437.4860
504526,0.1646,0.002954,338.51, 437.4861
504527,0.1675,0.003057,327.13, 437.4861
504528,0.1704,0.003081,324.53, 437.4860
504529,0.1738,0.003027,330.33, 437.4861
504530,0.1763,0.002900,344.89, 437.4857
504531,0.1797,0.002990,334.48, 437.4860
504532,0.1826,0.002931,341.19, 437.4857
504533,0.1855,0.002995,333.88, 437.4861
504534,0.1885,0.002916,342.94, 437.4854
504535,0.1914,0.003011,332.07, 437.4861
504536,0.1943,0.002872,348.18, 437.4861
504537,0.1973,0.002953,338.64, 437.4860
504538,0.2002,0.002971,336.63, 437.4854
504539,0.2031,0.003069,325.85, 437.4861
504540,0.2061,0.002889,346.18, 437.4857
504541,0.2090,0.003048,328.09, 437.4857
504542,0.2119,0.002915,343.11, 437.4861
504543,0.2148,0.003015,331.65, 437.4860
504544,0.2178,0.002860,349.67, 437.4861
504545,0.2212,0.003010,332.21, 437.4861
504546,0.2236,0.002879,347.29, 437.4860
504547,0.2271,0.002989,334.57, 437.4854
504548,0.2295,0.002897,345.14, 437.4861
504549,0.2329,0.003039,329.07, 437.4857
504550,0.2358,0.002910,343.69, 437.4861
504551,0.2388,0.002974,336.22, 437.4861
504552,0.2417,0.002917,342.81, 437.4854
504553,0.2446,0.002949,339.16, 437.4854
504554,0.2476,0.002919,342.58, 437.4857
504555,0.2505,0.003003,333.00, 437.4860
504556,0.2534,0.002957,338.21, 437.4861
504557,0.2563,0.002951,338.85, 437.4854
504558,0.2593,0.002910,343.68, 437.4860
504559,0.2622,0.002961,337.74, 437.4861
504560,0.2651,0.002948,339.26, 437.4861
504561,0.2681,0.002900,344.86, 437.4860
504562,0.2710,0.003072,325.52, 437.4861
504563,0.2739,0.002942,339.93, 437.4861
504564,0.2769,0.002953,338.60, 437.4860
504565,0.2798,0.002920,342.45, 437.4861
504566,0.2827,0.002934,340.79, 437.4854
504567,0.2856,0.002920,342.43, 437.4860
504568,0.2886,0.002979,335.71, 437.4861
504569,0.2915,0.002964,337.35, 437.4861
504570,0.2949,0.003161,316.39, 437.4854
504571,0.2979,0.002913,343.34, 437.4979
504572,0.3008,0.002993,334.12, 437.4861
504573,0.3037,0.002912,343.47, 437.4860
504574,0.3066,0.002996,333.80, 437.4861
504575,0.3096,0.002853,350.51, 437.5144
504576,0.3125,0.003027,330.34, 437.4860
504577,0.3154,0.002964,337.35, 437.4861
504578,0.3184,0.002988,334.69, 437.4857
504579,0.3213,0.002971,336.61, 437.4860
504580,0.3247,0.003141,318.37, 437.4857
504581,0.3281,0.003229,309.68, 437.4861
504582,0.3311,0.003142,318.25, 437.4860
504583,0.3340,0.002973,336.37, 437.4857
504584,0.3369,0.003053,327.59, 437.4861
504585,0.3398,0.002959,337.97, 437.4860
504586,0.3428,0.002984,335.10, 437.4861
504587,0.3457,0.002896,345.29, 437.4857
504588,0.3486,0.002981,335.49, 437.4860
504589,0.3516,0.002912,343.43, 437.4861
504590,0.3550,0.003007,332.58, 437.4861
504591,0.3579,0.002967,337.02, 437.4860
504592,0.3608,0.003018,331.38, 437.4861
504593,0.3638,0.002894,345.59, 437.4861
504594,0.3667,0.003023,330.79, 437.4860
504595,0.3696,0.002955,338.41, 437.4861
504596,0.3726,0.003028,330.27, 437.4861
504597,0.3755,0.002906,344.13, 437.4860
504598,0.3784,0.002973,336.34, 437.4857
504599,0.3813,0.002939,340.25, 437.4861
504600,0.3843,0.002962,337.59, 437.4860
504601,0.3872,0.002914,343.23, 437.4861
504602,0.3906,0.003035,329.52, 437.4857
504603,0.3931,0.002899,344.91, 437.4860
504604,0.3965,0.003073,325.46, 437.4861
504605,0.3994,0.003137,318.74, 437.4861
504606,0.4023,0.003032,329.78, 437.4855
504607,0.4058,0.003005,332.75, 437.4861
504608,0.4087,0.002980,335.63, 437.4861
504609,0.4116,0.002937,340.44, 437.4860
504610,0.4146,0.002934,340.83, 437.4861
504611,0.4175,0.002935,340.72, 437.4861
504612,0.4204,0.003177,314.74, 437.4854
504613,0.4238,0.003247,308.01, 437.4861
504614,0.4268,0.003150,317.47, 437.4854
504615,0.4302,0.003281,304.79, 437.4860
504616,0.4336,0.003484,287.06, 437.4854
504617,0.4375,0.003624,275.94, 437.4854
504618,0.4409,0.003421,292.35, 437.4861
504619,0.4438,0.003148,317.64, 437.4857
504620,0.4468,0.003091,323.49, 437.4857
504621,0.4502,0.003117,320.85, 437.4860
504622,0.4531,0.003245,308.19, 437.4857
504623,0.4565,0.003034,329.57, 437.4854
504624,0.4595,0.003020,331.18, 437.4860
504625,0.4624,0.002983,335.23, 437.4854
504626,0.4653,0.002980,335.53, 437.4857
504627,0.4683,0.003034,329.61, 437.4854
504628,0.4712,0.003051,327.79, 437.4854
504629,0.4746,0.002956,338.35, 437.4854
504630,0.4775,0.002971,336.56, 437.4857
504631,0.4805,0.002975,336.13, 437.4854
504632,0.4834,0.002994,334.00, 437.4854
504633,0.4863,0.002897,345.20, 437.4860
504634,0.4893,0.003036,329.42, 437.4861
504635,0.4922,0.002964,337.44, 437.4861
504636,0.4951,0.002991,334.39, 437.4860
504637,0.4980,0.002938,340.40, 437.4861
504638,0.5015,0.003090,323.64, 437.4857
504639,0.5044,0.002972,336.51, 437.4854
504640,0.5073,0.002992,334.26, 437.4861
504641,0.5103,0.002940,340.09, 437.4854
504642,0.5132,0.003231,309.50, 437.4854
504643,0.5166,0.003231,309.46, 437.4854
504644,0.5200,0.003277,305.13, 437.4857
504645,0.5229,0.003241,308.55, 437.4860
504646,0.5264,0.003151,317.37, 437.4857
504647,0.5293,0.003074,325.29, 437.4861
504648,0.5327,0.003218,310.74, 437.4854
504649,0.5356,0.002973,336.41, 437.4879
504650,0.5386,0.003051,327.74, 437.4854
504651,0.5415,0.003012,332.01, 437.4860
504652,0.5444,0.002975,336.11, 437.4854
504653,0.5474,0.003012,332.04, 437.4854
504654,0.5508,0.003016,331.62, 437.4854
504655,0.5537,0.002951,338.89, 437.4861
504656,0.5566,0.002994,333.99, 437.4854
504657,0.5596,0.002954,338.56, 437.4857
504658,0.5625,0.003039,329.11, 437.4854
504659,0.5654,0.002996,333.82, 437.4861
504660,0.5684,0.003026,330.51, 437.4854
504661,0.5718,0.003103,322.27, 437.4861
504662,0.5747,0.003136,318.89, 437.4854
504663,0.5776,0.003007,332.58, 437.4860
504664,0.5811,0.003047,328.20, 437.4861
504665,0.5840,0.003007,332.61, 437.4854
504666,0.5869,0.003032,329.77, 437.4857
504667,0.5898,0.002961,337.71, 437.4861
504668,0.5928,0.003019,331.26, 437.4861
504669,0.5957,0.002919,342.56, 437.4860
504670,0.5986,0.003003,333.00, 437.4854
504671,0.6016,0.002923,342.11, 437.4861
504672,0.6050,0.003128,319.68, 437.4854
504673,0.6079,0.002965,337.31, 437.4861
504674,0.6108,0.003040,328.96, 437.4854
504675,0.6138,0.003051,327.75, 437.4854
504676,0.6167,0.003027,330.40, 437.4861
504677,0.6201,0.002996,333.73, 437.4861
504678,0.6230,0.003108,321.79, 437.4854
504679,0.6260,0.003014,331.74, 437.4861
504680,0.6289,0.003021,330.97, 437.4861
504681,0.6318,0.002975,336.09, 437.4857
504682,0.6353,0.003054,327.45, 437.4854
504683,0.6382,0.002944,339.66, 437.4854
504684,0.6411,0.003021,331.05, 437.4860
504685,0.6440,0.002939,340.21, 437.4861
504686,0.6470,0.003020,331.11, 437.4857
504687,0.6499,0.002960,337.80, 437.4860
504688,0.6528,0.003045,328.46, 437.4861
504689,0.6558,0.002934,340.83, 437.4854
504690,0.6592,0.003012,331.96, 437.4854
504691,0.6621,0.002956,338.35, 437.4857
504692,0.6650,0.003013,331.85, 437.4854
504693,0.6680,0.002903,344.47, 437.4860
504694,0.6709,0.003083,324.39, 437.4854
504695,0.6738,0.002966,337.21, 437.4861
504696,0.6768,0.002996,333.73, 437.4860
504697,0.6797,0.002942,339.96, 437.4861
504698,0.6831,0.003061,326.67, 437.4857
504699,0.6860,0.002932,341.02, 437.4860
504700,0.6890,0.003042,328.76, 437.4861
504701,0.6919,0.002962,337.59, 437.4861
504702,0.6948,0.003091,323.53, 437.4860
504703,0.6978,0.002950,338.99, 437.4861
504704,0.7007,0.003039,329.03, 437.4861
504705,0.7041,0.003135,318.97, 437.4854
504706,0.7070,0.003048,328.09, 437.4861
504707,0.7100,0.002960,337.84, 437.4854
504708,0.7129,0.003025,330.53, 437.4857
504709,0.7158,0.002942,339.89, 437.4854
504710,0.7192,0.003121,320.38, 437.4857
504711,0.7222,0.002993,334.14, 437.4854
504712,0.7251,0.003017,331.42, 437.4861
504713,0.7280,0.002900,344.83, 437.4854
504714,0.7310,0.003029,330.19, 437.4854
504715,0.7339,0.003000,333.31, 437.4854
504716,0.7373,0.003050,327.84, 437.4861
504717,0.7402,0.002976,336.01, 437.4857
504718,0.7432,0.003036,329.35, 437.4861
504719,0.7461,0.002910,343.69, 437.4861
504720,0.7490,0.003097,322.87, 437.4860
504721,0.7520,0.003022,330.93, 437.4854
504722,0.7554,0.003074,325.33, 437.4857
504723,0.7583,0.002976,336.00, 437.4857
504724,0.7612,0.002985,334.96, 437.4861
504725,0.7642,0.002944,339.67, 437.4861
504726,0.7671,0.002975,336.11, 437.4860
504727,0.7700,0.003113,321.26, 437.4861
504728,0.7734,0.003148,317.64, 437.4861
504729,0.7764,0.002966,337.12, 437.4860
504730,0.7793,0.002992,334.28, 437.4861
504731,0.7822,0.002967,337.04, 437.4861
504732,0.7852,0.002993,334.14, 437.4860
504733,0.7881,0.003004,332.91, 437.4861
504734,0.7915,0.003026,330.44, 437.4854
504735,0.7944,0.002948,339.26, 437.4860
504736,0.7974,0.002953,338.68, 437.4861
504737,0.8003,0.002942,339.92, 437.4861
504738,0.8032,0.002981,335.46, 437.4860
504739,0.8062,0.002971,336.64, 437.4884
504740,0.8091,0.003063,326.46, 437.4961
504741,0.8125,0.003208,311.77, 437.4857
504742,0.8159,0.003303,302.73, 437.4854
504743,0.8193,0.003408,293.44, 437.4854
504744,0.8228,0.003500,285.68, 437.4854
504745,0.8262,0.003361,297.53, 437.4879
504746,0.8291,0.003314,301.78, 437.4854
504747,0.8320,0.002989,334.56, 437.4953
504748,0.8354,0.003235,309.10, 437.4861
504749,0.8389,0.003131,319.37, 437.4854
504750,0.8418,0.003055,327.33, 437.4860
504751,0.8447,0.002919,342.57, 437.4861
504752,0.8477,0.003021,330.99, 437.4861
504753,0.8506,0.002969,336.79, 437.4857
504754,0.8535,0.003025,330.53, 437.4861
504755,0.8564,0.002942,339.89, 437.4861
504756,0.8594,0.003019,331.29, 437.4860
504757,0.8628,0.002976,335.99, 437.4861
504758,0.8657,0.002961,337.71, 437.4857
504759,0.8682,0.002879,347.34, 437.4860
504760,0.8716,0.003057,327.13, 437.4861
504761,0.8745,0.002939,340.21, 437.4861
504762,0.8774,0.002990,334.40, 437.4860
504763,0.8804,0.002904,344.32, 437.4861
504764,0.8833,0.002990,334.45, 437.4861
504765,0.8862,0.002937,340.54, 437.4860
504766,0.8892,0.003018,331.31, 437.4861
504767,0.8921,0.002912,343.42, 437.4861
504768,0.8950,0.002980,335.54, 437.4860
504769,0.8979,0.002899,344.98, 437.4861
504770,0.9009,0.002982,335.39, 437.4861
504771,0.9038,0.002946,339.50, 437.4860
504772,0.9067,0.002979,335.74, 437.4854
504773,0.9097,0.002946,339.41, 437.4861
504774,0.9126,0.002954,338.55, 437.4854
504775,0.9155,0.002897,345.15, 437.4861
504776,0.9185,0.002966,337.18, 437.4861
504777,0.9219,0.003039,329.03, 437.4860
504778,0.9248,0.002943,339.82, 437.4861
504779,0.9277,0.002917,342.78, 437.4861
504780,0.9307,0.002963,337.52, 437.4860
504781,0.9336,0.002956,338.31, 437.4861
504782,0.9365,0.002947,339.32, 437.4861
504783,0.9395,0.002981,335.49, 437.4860
504784,0.9424,0.002898,345.13, 437.4861
504785,0.9453,0.002947,339.28, 437.4861
504786,0.9482,0.002891,345.91, 437.4854
504787,0.9512,0.003065,326.27, 437.4861
504788,0.9541,0.002925,341.92, 437.4861
504789,0.9570,0.003006,332.68, 437.4860
504790,0.9600,0.002903,344.46, 437.4861
504791,0.9629,0.002971,336.61, 437.4861
504792,0.9658,0.002894,345.51, 437.4860
504793,0.9692,0.003056,327.24, 437.4854
504794,0.9722,0.002925,341.94, 437.4857
504795,0.9751,0.002962,337.61, 437.4860
504796,0.9775,0.002848,351.16, 437.4861
504797,0.9810,0.003024,330.64, 437.4861
504798,0.9839,0.002895,345.46, 437.4860
504799,0.9868,0.003014,331.79, 437.4861
504800,0.9897,0.002929,341.40, 437.4861
504801,0.9927,0.003079,324.82, 437.4860
504802,0.9956,0.002872,348.18, 437.4861
504803,0.9985,0.003095,323.10, 437.4857
504804,1.0020,0.003103,322.30, 437.4857
504805,1.0049,0.003050,327.83, 437.4861
504806,1.0078,0.002918,342.74, 437.4861
504807,1.0107,0.003035,329.51, 437.4860
504808,1.0137,0.002962,337.62, 437.4861
504809,1.0166,0.003075,325.17, 437.4861
504810,1.0195,0.002988,334.71, 437.4860
504811,1.0229,0.002996,333.83, 437.4861
504812,1.0259,0.002900,344.78, 437.4861
504813,1.0288,0.003025,330.60, 437.4857
504814,1.0317,0.002971,336.61, 437.4861
504815,1.0347,0.002957,338.19, 437.4861
504816,1.0376,0.002922,342.24, 437.4860
504817,1.0405,0.002983,335.23, 437.4861
504818,1.0435,0.002915,343.05, 437.4861
504819,1.0464,0.003169,315.58, 437.4860
504820,1.0493,0.002934,340.89, 437.4861
504821,1.0527,0.002980,335.57, 437.4861
504822,1.0557,0.002915,343.11, 437.4860
504823,1.0586,0.002950,339.04, 437.4861
504824,1.0615,0.002953,338.68, 437.4861
504825,1.0645,0.002959,337.95, 437.4857
504826,1.0674,0.002921,342.31, 437.4854
504827,1.0703,0.002935,340.72, 437.4861
504828,1.0732,0.003062,326.56, 437.4854
504829,1.0762,0.002912,343.37, 437.4857
504830,1.0791,0.002934,340.88, 437.4861
504831,1.0820,0.002957,338.23, 437.4860
504832,1.0850,0.003001,333.18, 437.4861
504833,1.0879,0.002975,336.19, 437.4857
504834,1.0908,0.002993,334.17, 437.4860
504835,1.0938,0.002940,340.10, 437.4861
504836,1.0967,0.002952,338.72, 437.4861
504837,1.0996,0.002957,338.19, 437.4854
504838,1.1030,0.003041,328.86, 437.4857
504839,1.1060,0.002928,341.52, 437.4857
504840,1.1089,0.003005,332.80, 437.4860
504841,1.1118,0.002962,337.58, 437.4857
504842,1.1147,0.002978,335.84, 437.4857
504843,1.1177,0.002902,344.65, 437.4860
504844,1.1206,0.003020,331.08, 437.4861
504845,1.1235,0.002989,334.59, 437.4861
504846,1.1265,0.002987,334.74, 437.4860
504847,1.1294,0.002879,347.39, 437.4861
504848,1.1328,0.003072,325.57, 437.4861
504849,1.1353,0.002870,348.44, 437.4860
504850,1.1387,0.003005,332.75, 437.4854
504851,1.1416,0.003005,332.80, 437.4861
504852,1.1445,0.002962,337.62, 437.4860
504853,1.1475,0.002937,340.51, 437.4857
504854,1.1504,0.003012,331.98, 437.4861
504855,1.1533,0.002936,340.60, 437.4860
504856,1.1563,0.002966,337.19, 437.4861
504857,1.1592,0.002919,342.62, 437.4861
504858,1.1621,0.003043,328.62, 437.4860
504859,1.1650,0.002900,344.82, 437.4861
504860,1.1680,0.002935,340.75, 437.4861
504861,1.1714,0.003210,311.53, 437.4860
504862,1.1743,0.003053,327.54, 437.4861
504863,1.1772,0.002924,342.03, 437.4861
504864,1.1802,0.002971,336.58, 437.4860
504865,1.1831,0.002949,339.10, 437.4861
504866,1.1860,0.002954,338.48, 437.4854
504867,1.1890,0.002962,337.62, 437.4860
504868,1.1919,0.002978,335.83, 437.4857
504869,1.1948,0.002942,339.88, 437.4861
504870,1.1978,0.002927,341.65, 437.4854
504871,1.2007,0.002952,338.76, 437.4861
504872,1.2041,0.002960,337.79, 437.4854
504873,1.2070,0.002990,334.45, 437.4860
504874,1.2100,0.002965,337.31, 437.4861
504875,1.2129,0.002941,340.00, 437.4861
504876,1.2158,0.002883,346.85, 437.4879
504877,1.2188,0.003018,331.31, 437.4861
504878,1.2217,0.002967,337.09, 437.4854
504879,1.2246,0.002980,335.56, 437.4857
504880,1.2275,0.002820,354.57, 437.4934
504881,1.2305,0.002992,334.18, 437.4861
504882,1.2334,0.002923,342.13, 437.4860
504883,1.2363,0.002982,335.32, 437.4861
504884,1.2393,0.002901,344.72, 437.4854
504885,1.2422,0.002998,333.60, 437.4860
504886,1.2451,0.002808,356.09, 437.4861
504887,1.2480,0.002956,338.31, 437.4861
504888,1.2510,0.002919,342.54, 437.4860
504889,1.2539,0.003001,333.18, 437.4861
504890,1.2568,0.002886,346.55, 437.4861
504891,1.2598,0.002989,334.55, 437.4860
504892,1.2627,0.002915,343.02, 437.4861
504893,1.2656,0.003106,321.94, 437.4861
504894,1.2686,0.002910,343.64, 437.4860
504895,1.2720,0.003007,332.61, 437.4857
504896,1.2749,0.002931,341.18, 437.4861
504897,1.2778,0.002976,336.01, 437.4854
504898,1.2808,0.002966,337.21, 437.4857
504899,1.2837,0.003069,325.88, 437.4854
504900,1.2866,0.002934,340.89, 437.4860
504901,1.2896,0.003005,332.78, 437.4854
504902,1.2925,0.002933,340.90, 437.4861
504903,1.2954,0.003025,330.59, 437.4854
504904,1.2983,0.002993,334.10, 437.4861
504905,1.3018,0.002987,334.82, 437.4861
504906,1.3047,0.002945,339.62, 437.4860
504907,1.3076,0.002926,341.72, 437.4861
504908,1.3110,0.003388,295.20, 437.4854
504909,1.3140,0.003034,329.59, 437.4860
504910,1.3169,0.002986,334.92, 437.4861
504911,1.3198,0.002977,335.94, 437.4861
504912,1.3228,0.002964,337.39, 437.4860
504913,1.3257,0.003117,320.83, 437.4857
504914,1.3291,0.003125,319.98, 437.4857
504915,1.3320,0.003050,327.90, 437.4860
504916,1.3350,0.002956,338.35, 437.4861
504917,1.3379,0.002968,336.96, 437.4861
504918,1.3413,0.003175,314.97, 437.4854
504919,1.3442,0.003280,304.92, 437.4861
504920,1.3477,0.003014,331.83, 437.4861
504921,1.3506,0.003033,329.67, 437.4860
504922,1.3535,0.002957,338.20, 437.4861
504923,1.3564,0.003007,332.52, 437.4861
504924,1.3594,0.002949,339.08, 437.4860
504925,1.3628,0.003177,314.76, 437.4861
504926,1.3657,0.002918,342.74, 437.4861
504927,1.3687,0.003233,309.29, 437.4860
504928,1.3716,0.003018,331.31, 437.4854
504929,1.3750,0.003073,325.47, 437.4861
504930,1.3779,0.002928,341.52, 437.4854
504931,1.3809,0.002980,335.63, 437.4861
504932,1.3838,0.002900,344.89, 437.4861
504933,1.3867,0.002994,334.00, 437.4860
504934,1.3896,0.002969,336.85, 437.4861
504935,1.3926,0.002958,338.11, 437.4861
504936,1.3955,0.002916,342.97, 437.4860
504937,1.3984,0.003057,327.08, 437.4857
504938,1.4019,0.003187,313.76, 437.4861
504939,1.4048,0.002987,334.83, 437.4860
504940,1.4077,0.003000,333.37, 437.4857
504941,1.4106,0.003003,333.01, 437.4857
504942,1.4136,0.002969,336.85, 437.4854
504943,1.4165,0.002942,339.90, 437.4861
504944,1.4194,0.003033,329.67, 437.4854
504945,1.4229,0.003353,298.24, 437.4963
504946,1.4263,0.003154,317.04, 437.4854
504947,1.4292,0.003149,317.53, 437.4861
504948,1.4326,0.003486,286.89, 437.4854
504949,1.4365,0.003696,270.58, 437.4855
504950,1.4399,0.003514,284.57, 437.4854
504951,1.4434,0.003311,302.07, 437.4858
504952,1.4468,0.003590,278.57, 437.4857
504953,1.4497,0.003041,328.87, 437.4861
504954,1.4531,0.003037,329.26, 437.4854
504955,1.4561,0.003057,327.15, 437.4861
504956,1.4590,0.003001,333.22, 437.4861
504957,1.4619,0.003000,333.29, 437.4860
504958,1.4648,0.002997,333.66, 437.4861
504959,1.4678,0.002987,334.78, 437.4861
504960,1.4712,0.002995,333.90, 437.4860
504961,1.4741,0.002997,333.66, 437.4857
504962,1.4771,0.002942,339.94, 437.4857
504963,1.4800,0.002991,334.36, 437.4860
504964,1.4829,0.002953,338.60, 437.4861
504965,1.4858,0.003015,331.71, 437.4861
504966,1.4888,0.002925,341.93, 437.4860
504967,1.4917,0.003048,328.14, 437.4861
504968,1.4946,0.002928,341.57, 437.4861
504969,1.4976,0.002979,335.68, 437.4860
504970,1.5010,0.002984,335.08, 437.4854
504971,1.5039,0.003029,330.15, 437.4861
504972,1.5068,0.002922,342.21, 437.5485
504973,1.5098,0.002980,335.63, 437.4861
504974,1.5127,0.002904,344.36, 437.4857
504975,1.5156,0.002969,336.81, 437.4860
504976,1.5186,0.002880,347.19, 437.4861
504977,1.5215,0.003022,330.92, 437.4861
504978,1.5244,0.002938,340.38, 437.4854
504979,1.5273,0.003041,328.80, 437.4861
504980,1.5303,0.002955,338.44, 437.4854
504981,1.5332,0.002998,333.60, 437.4860
504982,1.5361,0.002899,344.95, 437.4857
504983,1.5391,0.002979,335.66, 437.4861
504984,1.5425,0.002961,337.70, 437.4860
504985,1.5454,0.002953,338.62, 437.4861
504986,1.5479,0.002888,346.21, 437.4861
504987,1.5513,0.003023,330.79, 437.4860
504988,1.5542,0.003000,333.32, 437.4861
504989,1.5571,0.002952,338.73, 437.4861
504990,1.5601,0.002960,337.88, 437.4860
504991,1.5630,0.003009,332.30, 437.4861
504992,1.5659,0.002957,338.16, 437.4861
504993,1.5688,0.003075,325.18, 437.4854
504994,1.5718,0.002957,338.20, 437.4861
504995,1.5747,0.002923,342.11, 437.4861
504996,1.5776,0.002935,340.76, 437.4860
504997,1.5811,0.002968,336.92, 437.4857
504998,1.5840,0.002966,337.15, 437.4857
504999,1.5869,0.002978,335.75, 437.4860
505000,1.5898,0.002984,335.14, 437.4861
505001,1.5928,0.002990,334.49, 437.4861
505002,1.5957,0.002938,340.32, 437.4857
505003,1.5986,0.003002,333.16, 437.4857
505004,1.6016,0.003010,332.26, 437.4854
505005,1.6045,0.002880,347.26, 437.4857
505006,1.6074,0.002941,340.04, 437.4861
505007,1.6104,0.002936,340.59, 437.4854
505008,1.6138,0.003195,313.01, 437.4860
505009,1.6167,0.002969,336.84, 437.4857
505010,1.6196,0.002996,333.74, 437.4861
505011,1.6226,0.002953,338.59, 437.4854
505012,1.6255,0.002983,335.19, 437.4861
505013,1.6284,0.002927,341.64, 437.4854
505014,1.6313,0.002995,333.95, 437.4860
505015,1.6343,0.002897,345.22, 437.4861
505016,1.6372,0.003001,333.20, 437.4861
505017,1.6401,0.002969,336.83, 437.4860
505018,1.6436,0.003025,330.57, 437.4861
505019,1.6465,0.002965,337.31, 437.4861
505020,1.6494,0.003015,331.72, 437.4860
505021,1.6523,0.002857,350.01, 437.4861
505022,1.6553,0.002991,334.39, 437.4861
505023,1.6582,0.002869,348.54, 437.4860
505024,1.6611,0.002974,336.22, 437.4861
505025,1.6641,0.002864,349.13, 437.4861
505026,1.6670,0.002947,339.29, 437.4860
505027,1.6699,0.002946,339.50, 437.4861
505028,1.6729,0.003077,324.99, 437.4861
505029,1.6758,0.002881,347.09, 437.4860
505030,1.6787,0.002995,333.91, 437.4854
505031,1.6816,0.002910,343.68, 437.4861
505032,1.6846,0.002993,334.17, 437.4857
505033,1.6875,0.002970,336.69, 437.4861
505034,1.6904,0.002974,336.22, 437.4854
505035,1.6934,0.002939,340.24, 437.4860
505036,1.6963,0.002916,342.97, 437.4861
505037,1.6992,0.002915,343.02, 437.4861
505038,1.7026,0.003174,315.03, 437.4860
505039,1.7056,0.003198,312.73, 437.4861
505040,1.7090,0.003029,330.15, 437.4857
505041,1.7119,0.002951,338.83, 437.4860
505042,1.7148,0.003039,329.11, 437.4857
505043,1.7178,0.003063,326.51, 437.4861
505044,1.7212,0.003194,313.05, 437.4857
505045,1.7241,0.003021,331.04, 437.4861
505046,1.7271,0.003069,325.84, 437.4854
505047,1.7300,0.002985,334.96, 437.4860
505048,1.7329,0.003041,328.89, 437.4857
505049,1.7363,0.003047,328.20, 437.4861
505050,1.7393,0.003009,332.36, 437.4854
505051,1.7422,0.002949,339.11, 437.4861
505052,1.7451,0.002992,334.25, 437.4861
505053,1.7480,0.002989,334.57, 437.4860
505054,1.7510,0.003019,331.20, 437.4857
505055,1.7539,0.002958,338.08, 437.4861
505056,1.7568,0.002940,340.12, 437.4860
505057,1.7598,0.002968,336.93, 437.4861
505058,1.7632,0.002969,336.78, 437.4861
505059,1.7661,0.002972,336.52, 437.4860
505060,1.7690,0.003012,332.04, 437.4854
505061,1.7720,0.003021,331.01, 437.4861
505062,1.7749,0.002940,340.14, 437.4854
505063,1.7778,0.003022,330.91, 437.4861
505064,1.7808,0.002988,334.65, 437.4857
505065,1.7837,0.002963,337.54, 437.4860
505066,1.7866,0.002961,337.71, 437.4854
505067,1.7900,0.003052,327.71, 437.4861
505068,1.7930,0.003061,326.65, 437.4857
505069,1.7959,0.003141,318.34, 437.4854
505070,1.7993,0.003099,322.66, 437.4857
505071,1.8022,0.003119,320.58, 437.4860
505072,1.8052,0.002946,339.43, 437.4861
505073,1.8081,0.003069,325.84, 437.4861
505074,1.8110,0.002923,342.13, 437.4879
505075,1.8145,0.002994,334.02, 437.4861
505076,1.8174,0.002943,339.85, 437.4861
505077,1.8203,0.003032,329.85, 437.4860
505078,1.8232,0.002948,339.19, 437.4861
505079,1.8262,0.002998,333.58, 437.4861
505080,1.8291,0.003023,330.80, 437.4914
505081,1.8325,0.003139,318.58, 437.4861
505082,1.8354,0.002954,338.58, 437.4854
505083,1.8384,0.003037,329.32, 437.4860
505084,1.8413,0.002965,337.26, 437.4857
505085,1.8442,0.002982,335.36, 437.4861
505086,1.8472,0.002975,336.16, 437.4854
505087,1.8501,0.003019,331.27, 437.4861
505088,1.8530,0.002918,342.75, 437.4911
505089,1.8564,0.003137,318.83, 437.4857
505090,1.8594,0.002955,338.38, 437.4857
505091,1.8623,0.003033,329.74, 437.4861
505092,1.8652,0.002899,344.92, 437.5004
505093,1.8682,0.003081,324.53, 437.4861
505094,1.8711,0.002983,335.19, 437.4857
505095,1.8745,0.003026,330.43, 437.4860
505096,1.8774,0.002936,340.60, 437.4861
505097,1.8804,0.003012,331.97, 437.4861
505098,1.8833,0.002908,343.90, 437.4857
505099,1.8862,0.003013,331.87, 437.4861
505100,1.8892,0.002959,337.97, 437.4861
505101,1.8921,0.003077,325.02, 437.4860
505102,1.8950,0.003017,331.50, 437.4861
505103,1.8984,0.003357,297.91, 437.4854
505104,1.9019,0.003134,319.11, 437.4854
505105,1.9048,0.003231,309.47, 437.4857
505106,1.9082,0.003497,285.93, 437.4854
505107,1.9116,0.003111,321.45, 437.4861
505108,1.9146,0.002943,339.81, 437.4861
505109,1.9175,0.002961,337.77, 437.4879
505110,1.9204,0.003035,329.45, 437.4854
505111,1.9233,0.003043,328.67, 437.4861
505112,1.9263,0.002951,338.83, 437.4861
505113,1.9297,0.002967,337.10, 437.4963
505114,1.9326,0.002984,335.17, 437.4879
505115,1.9355,0.003007,332.56, 437.4861
505116,1.9390,0.003418,292.59, 437.4854
505117,1.9429,0.004142,241.44, 437.4861
505118,1.9463,0.003185,313.99, 437.4861
505119,1.9492,0.003057,327.14, 437.4860
505120,1.9521,0.003024,330.69, 437.4861
505121,1.9556,0.003153,317.18, 437.4861
505122,1.9585,0.003099,322.66, 437.4854
505123,1.9614,0.002965,337.25, 437.4861
505124,1.9644,0.002983,335.23, 437.4854
505125,1.9673,0.002886,346.56, 437.4860
505126,1.9702,0.003063,326.51, 437.4861
505127,1.9736,0.003388,295.13, 437.4861
505128,1.9780,0.004082,244.95, 437.4855
505129,1.9814,0.003370,296.70, 437.4861
505130,1.9844,0.003222,310.38, 437.4858
505131,1.9878,0.003084,324.26, 437.4860
505132,1.9907,0.003061,326.71, 437.4857
505133,1.9937,0.002954,338.54, 437.4857
505134,1.9966,0.002990,334.47, 437.4860
505135,1.9995,0.002940,340.10, 437.4861
505136,2.0024,0.003047,328.19, 437.4861
505137,2.0054,0.002968,336.90, 437.4860
505138,2.0088,0.003025,330.55, 437.4854
505139,2.0117,0.003010,332.21, 437.4861
505140,2.0146,0.002998,333.53, 437.4860
505141,2.0176,0.003025,330.60, 437.4884
505142,2.0210,0.003253,307.44, 437.4854
505143,2.0239,0.003025,330.58, 437.4860
505144,2.0269,0.002993,334.12, 437.4854
505145,2.0298,0.002946,339.41, 437.4857
505146,2.0332,0.003186,313.83, 437.4860
505147,2.0361,0.002991,334.29, 437.4861
505148,2.0391,0.003010,332.25, 437.4861
505149,2.0420,0.002940,340.16, 437.4860
505150,2.0449,0.002993,334.16, 437.4857
505151,2.0479,0.003025,330.63, 437.4857
505152,2.0508,0.003029,330.16, 437.4854
505153,2.0542,0.002997,333.63, 437.4861
505154,2.0571,0.003094,323.16, 437.4854
505155,2.0601,0.003010,332.21, 437.4860
505156,2.0630,0.003051,327.77, 437.4857
505157,2.0659,0.002951,338.87, 437.4861
505158,2.0693,0.003032,329.78, 437.4860
505159,2.0723,0.002981,335.51, 437.4857
505160,2.0752,0.003024,330.67, 437.4861
505161,2.0781,0.002912,343.43, 437.4860
505162,2.0811,0.003245,308.13, 437.4854
505163,2.0845,0.003294,303.56, 437.4854
505164,2.0879,0.003298,303.18, 437.4857
505165,2.0908,0.003096,323.01, 437.4861
505166,2.0938,0.003021,330.97, 437.4861
505167,2.0967,0.002935,340.73, 437.4860
505168,2.1001,0.002972,336.46, 437.4861
505169,2.1030,0.002944,339.67, 437.4861
505170,2.1060,0.003057,327.09, 437.4860
505171,2.1089,0.003034,329.60, 437.4879
505172,2.1118,0.003043,328.58, 437.4861
505173,2.1147,0.002957,338.15, 437.4860
505174,2.1177,0.002967,337.04, 437.4861
505175,2.1211,0.003014,331.80, 437.4861
505176,2.1240,0.002994,333.97, 437.4860
505177,2.1270,0.002909,343.75, 437.4861
505178,2.1299,0.003045,328.37, 437.4857
505179,2.1328,0.002982,335.30, 437.4860
505180,2.1357,0.003062,326.54, 437.4861
505181,2.1387,0.002940,340.17, 437.4861
505182,2.1421,0.003122,320.33, 437.4857
505183,2.1450,0.003170,315.46, 437.4854
505184,2.1479,0.003034,329.57, 437.4861
505185,2.1514,0.003018,331.35, 437.4854
505186,2.1543,0.003051,327.72, 437.4857
505187,2.1572,0.002943,339.79, 437.4854
505188,2.1602,0.002979,335.69, 437.4860
505189,2.1631,0.002918,342.76, 437.4854
505190,2.1660,0.002988,334.67, 437.4861
505191,2.1689,0.002868,348.66, 437.4860
505192,2.1719,0.003006,332.68, 437.4861
505193,2.1753,0.003122,320.35, 437.4861
505194,2.1782,0.003051,327.80, 437.4854
505195,2.1812,0.002931,341.13, 437.4861
505196,2.1841,0.002981,335.41, 437.4861
505197,2.1870,0.002874,347.95, 437.4860
505198,2.1899,0.003059,326.96, 437.4854
505199,2.1929,0.002921,342.38, 437.4861
505200,2.1958,0.002963,337.55, 437.4860
505201,2.1987,0.002904,344.31, 437.4861
505202,2.2017,0.003000,333.33, 437.4861
505203,2.2046,0.002947,339.33, 437.4860
505204,2.2075,0.002943,339.78, 437.4861
505205,2.2104,0.002927,341.62, 437.4861
505206,2.2134,0.002970,336.73, 437.4860
505207,2.2163,0.002910,343.64, 437.4861
505208,2.2192,0.002970,336.66, 437.4861
505209,2.2222,0.002936,340.55, 437.4860
505210,2.2251,0.002925,341.92, 437.4854
505211,2.2280,0.002944,339.73, 437.4861
505212,2.2310,0.002950,338.96, 437.4860
505213,2.2339,0.002911,343.55, 437.4861
505214,2.2368,0.002965,337.30, 437.4857
505215,2.2402,0.002974,336.22, 437.4860
505216,2.2432,0.002961,337.77, 437.4861
505217,2.2461,0.002942,339.89, 437.4861
505218,2.2490,0.003010,332.24, 437.4860
505219,2.2520,0.003217,310.86, 437.4861
505220,2.2554,0.003022,330.93, 437.4857
505221,2.2583,0.003059,326.89, 437.4854
505222,2.2612,0.003010,332.26, 437.4854
505223,2.2642,0.003054,327.42, 437.4861
505224,2.2671,0.002953,338.64, 437.4854
505225,2.2700,0.002995,333.85, 437.4861
505226,2.2734,0.002968,336.90, 437.4854
505227,2.2764,0.002984,335.14, 437.4860
505228,2.2793,0.002930,341.32, 437.4861
505229,2.2822,0.003109,321.68, 437.4854
505230,2.2852,0.003101,322.53, 437.4854
505231,2.2886,0.003030,330.02, 437.4861
505232,2.2915,0.003065,326.23, 437.4854
505233,2.2944,0.002969,336.79, 437.4860
505234,2.2974,0.002943,339.74, 437.4854
505235,2.3003,0.003007,332.57, 437.4861
505236,2.3032,0.002935,340.69, 437.4860
505237,2.3062,0.003023,330.85, 437.4861
505238,2.3091,0.002943,339.81, 437.4854
505239,2.3120,0.003000,333.34, 437.4860
505240,2.3154,0.003145,317.98, 437.4854
505241,2.3184,0.003101,322.47, 437.4861
505242,2.3213,0.003007,332.60, 437.4854
505243,2.3247,0.003000,333.29, 437.4861
505244,2.3276,0.002930,341.31, 437.4854
505245,2.3306,0.003018,331.31, 437.4860
505246,2.3335,0.002954,338.48, 437.4857
505247,2.3364,0.003026,330.43, 437.4861
505248,2.3394,0.002965,337.31, 437.4854
505249,2.3423,0.002991,334.31, 437.4861
505250,2.3452,0.002977,335.92, 437.4854
505251,2.3486,0.003339,299.47, 437.4854
505252,2.3521,0.003145,318.00, 437.4854
505253,2.3550,0.003075,325.26, 437.4861
505254,2.3579,0.003005,332.80, 437.4854
505255,2.3608,0.003044,328.56, 437.4861
505256,2.3638,0.002996,333.74, 437.4857
505257,2.3667,0.002974,336.25, 437.4860
505258,2.3701,0.003316,301.57, 437.4854
505259,2.3735,0.003196,312.90, 437.4934
505260,2.3765,0.002993,334.12, 437.4854
505261,2.3794,0.003007,332.60, 437.4857
505262,2.3823,0.002973,336.34, 437.4879
505263,2.3853,0.003014,331.80, 437.4857
505264,2.3882,0.002932,341.08, 437.4861
505265,2.3916,0.003018,331.35, 437.4861
505266,2.3945,0.003016,331.54, 437.4993
505267,2.3975,0.002993,334.11, 437.4861
505268,2.4004,0.002898,345.09, 437.4924
505269,2.4033,0.003018,331.30, 437.4860
505270,2.4063,0.002948,339.26, 437.4861
505271,2.4092,0.003032,329.80, 437.4861
505272,2.4121,0.002916,342.97, 437.4857
505273,2.4150,0.003031,329.92, 437.4861
505274,2.4180,0.002942,339.88, 437.4857
505275,2.4214,0.003052,327.63, 437.4860
505276,2.4243,0.003267,306.13, 437.5153
505277,2.4277,0.003358,297.79, 437.4854
505278,2.4312,0.003211,311.42, 437.4854
505279,2.4346,0.003349,298.58, 437.4861
505280,2.4380,0.003698,270.39, 437.4855
505281,2.4419,0.003557,281.18, 437.4854
505282,2.4448,0.003363,297.37, 437.4854
505283,2.4482,0.003043,328.59, 437.4861
505284,2.4512,0.003216,310.98, 437.4854
505285,2.4546,0.003056,327.24, 437.4854
505286,2.4575,0.003055,327.36, 437.4861
505287,2.4604,0.002970,336.68, 437.4860
505288,2.4634,0.003050,327.90, 437.4857
505289,2.4663,0.002975,336.18, 437.4861
505290,2.4692,0.003086,324.10, 437.4857
505291,2.4727,0.003183,314.16, 437.4861
505292,2.4756,0.003043,328.63, 437.4861
505293,2.4785,0.003041,328.87, 437.4860
505294,2.4819,0.003146,317.89, 437.4861
505295,2.4849,0.002929,341.47, 437.4861
505296,2.4878,0.003071,325.58, 437.4860
505297,2.4907,0.003003,333.01, 437.4861
505298,2.4941,0.003012,331.96, 437.4861
505299,2.4971,0.002998,333.61, 437.4857
505300,2.5000,0.003064,326.34, 437.4854
505301,2.5029,0.002974,336.27, 437.4861
505302,2.5063,0.003250,307.69, 437.4854
505303,2.5093,0.003008,332.47, 437.4861
505304,2.5122,0.003100,322.57, 437.4861
505305,2.5151,0.002952,338.79, 437.4857
505306,2.5181,0.003050,327.88, 437.4861
505307,2.5215,0.003086,324.08, 437.4861
505308,2.5244,0.003002,333.13, 437.4860
505309,2.5273,0.002956,338.26, 437.4861
505310,2.5303,0.003028,330.21, 437.4861
505311,2.5332,0.002905,344.21, 437.4860
505312,2.5361,0.003028,330.24, 437.4857
505313,2.5391,0.002959,337.92, 437.4861
505314,2.5425,0.003071,325.58, 437.4860
505315,2.5454,0.002924,342.00, 437.4861
505316,2.5483,0.002963,337.47, 437.4861
505317,2.5513,0.002964,337.42, 437.4857
505318,2.5542,0.002990,334.50, 437.4861
505319,2.5571,0.002976,336.03, 437.4854
505320,2.5601,0.003019,331.20, 437.4860
505321,2.5630,0.003003,333.03, 437.4854
505322,2.5664,0.003084,324.30, 437.4861
505323,2.5693,0.002994,334.03, 437.4854
505324,2.5723,0.003150,317.44, 437.4857
505325,2.5757,0.003042,328.77, 437.4861
505326,2.5786,0.003026,330.51, 437.4860
505327,2.5815,0.002899,344.97, 437.5005
505328,2.5845,0.002997,333.70, 437.4854
505329,2.5874,0.003008,332.42, 437.4860
505330,2.5903,0.003125,319.97, 437.4857
505331,2.5933,0.002947,339.36, 437.4861
505332,2.5967,0.003059,326.93, 437.4860
505333,2.5996,0.002951,338.85, 437.4861
505334,2.6025,0.003005,332.77, 437.4861
505335,2.6055,0.002958,338.07, 437.4857
505336,2.6084,0.002959,337.92, 437.4861
505337,2.6113,0.002975,336.11, 437.4861
505338,2.6143,0.003061,326.71, 437.4854
505339,2.6172,0.002984,335.12, 437.4861
505340,2.6206,0.002983,335.23, 437.4861
505341,2.6235,0.003072,325.49, 437.4860
505342,2.6265,0.002977,335.95, 437.4857
505343,2.6294,0.002923,342.08, 437.5003
505344,2.6323,0.003003,333.03, 437.4857
505345,2.6353,0.002952,338.73, 437.4861
505346,2.6382,0.002936,340.66, 437.4854
505347,2.6411,0.002983,335.22, 437.4860
505348,2.6440,0.002984,335.13, 437.4861
505349,2.6475,0.003032,329.82, 437.4861
505350,2.6504,0.002980,335.57, 437.4854
505351,2.6533,0.003002,333.07, 437.4861
505352,2.6563,0.002914,343.22, 437.4861
505353,2.6592,0.003001,333.19, 437.4860
505354,2.6621,0.002995,333.89, 437.4857
505355,2.6650,0.003036,329.42, 437.4861
505356,2.6680,0.002921,342.33, 437.4860
505357,2.6714,0.003051,327.76, 437.4857
505358,2.6743,0.002940,340.16, 437.4854
505359,2.6772,0.003010,332.23, 437.4860
505360,2.6802,0.002937,340.47, 437.4861
505361,2.6831,0.003020,331.14, 437.4854
505362,2.6860,0.002918,342.68, 437.4860
505363,2.6890,0.003031,329.92, 437.4854
505364,2.6919,0.002996,333.79, 437.4861
505365,2.6948,0.003005,332.77, 437.4854
505366,2.6978,0.002889,346.14, 437.4879
505367,2.7007,0.003035,329.49, 437.4857
505368,2.7036,0.002915,343.10, 437.4860
505369,2.7070,0.003050,327.90, 437.4861
505370,2.7100,0.002967,337.06, 437.4854
505371,2.7129,0.003007,332.52, 437.4860
505372,2.7158,0.002923,342.11, 437.4861
505373,2.7188,0.003039,329.08, 437.4857
505374,2.7217,0.003025,330.63, 437.4860
505375,2.7251,0.003063,326.51, 437.4854
505376,2.7280,0.002925,341.88, 437.4861
505377,2.7310,0.003037,329.26, 437.4857
505378,2.7339,0.002922,342.28, 437.4857
505379,2.7368,0.003066,326.19, 437.4861
505380,2.7397,0.002994,333.99, 437.4857
505381,2.7432,0.003147,317.78, 437.4857
505382,2.7461,0.002933,340.97, 437.4861
505383,2.7490,0.003033,329.75, 437.4860
505384,2.7520,0.002943,339.80, 437.4861
505385,2.7549,0.003170,315.51, 437.4854
505386,2.7583,0.003014,331.75, 437.4860
505387,2.7612,0.003057,327.15, 437.4861
505388,2.7642,0.002889,346.13, 437.4861
505389,2.7671,0.003163,316.17, 437.4860
505390,2.7700,0.002933,340.90, 437.4861
505391,2.7729,0.003000,333.31, 437.4861
505392,2.7759,0.002903,344.50, 437.4860
505393,2.7788,0.002974,336.21, 437.4861
505394,2.7817,0.002925,341.88, 437.4861
505395,2.7852,0.002990,334.43, 437.4860
505396,2.7881,0.002934,340.82, 437.4861
505397,2.7910,0.002996,333.78, 437.4861
505398,2.7939,0.002885,346.67, 437.4860
505399,2.7969,0.002983,335.23, 437.4861
505400,2.7998,0.002927,341.62, 437.4861
505401,2.8027,0.002985,335.00, 437.4860
505402,2.8057,0.002955,338.46, 437.4861
505403,2.8086,0.002965,337.29, 437.4861
505404,2.8115,0.002965,337.27, 437.4860
505405,2.8145,0.002951,338.93, 437.4854
505406,2.8174,0.002976,336.01, 437.4854
505407,2.8203,0.002954,338.57, 437.4854
505408,2.8232,0.002957,338.13, 437.4861
505409,2.8262,0.002923,342.11, 437.4861
505410,2.8291,0.002951,338.86, 437.4857
505411,2.8325,0.003053,327.55, 437.4857
505412,2.8354,0.003115,321.03, 437.4861
505413,2.8384,0.002965,337.30, 437.4860
505414,2.8413,0.003005,332.79, 437.4857
505415,2.8442,0.002928,341.48, 437.4861
505416,2.8472,0.002961,337.75, 437.4860
505417,2.8501,0.002983,335.26, 437.4861
505418,2.8530,0.003000,333.36, 437.4861
505419,2.8560,0.002922,342.21, 437.4860
505420,2.8594,0.002986,334.88, 437.4857
505421,2.8623,0.002973,336.35, 437.4857
505422,2.8652,0.002996,333.76, 437.4860
505423,2.8682,0.002920,342.51, 437.4861
505424,2.8711,0.003031,329.88, 437.4861
505425,2.8740,0.002898,345.09, 437.4860
505426,2.8770,0.002955,338.41, 437.4857
505427,2.8799,0.002899,344.98, 437.4854
505428,2.8828,0.003096,322.96, 437.4860
505429,2.8857,0.002902,344.59, 437.4861
505430,2.8887,0.003009,332.37, 437.4861
505431,2.8916,0.002929,341.45, 437.4860
505432,2.8945,0.003012,332.03, 437.4861
505433,2.8979,0.003032,329.80, 437.4861
505434,2.9009,0.003117,320.83, 437.4857
505435,2.9038,0.002946,339.44, 437.4861
505436,2.9067,0.003034,329.63, 437.4854
505437,2.9097,0.002987,334.84, 437.4860
505438,2.9131,0.003084,324.25, 437.4857
505439,2.9160,0.003007,332.59, 437.4861
505440,2.9189,0.003079,324.81, 437.4854
505441,2.9219,0.002950,339.01, 437.4861
505442,2.9253,0.003116,320.98, 437.4854
505443,2.9282,0.002939,340.27, 437.4860
505444,2.9312,0.003044,328.57, 437.4854
505445,2.9341,0.002959,338.01, 437.4861
505446,2.9370,0.003010,332.24, 437.4854
505447,2.9399,0.003064,326.40, 437.4861
505448,2.9434,0.003073,325.39, 437.4854
505449,2.9463,0.003277,305.19, 437.5003
505450,2.9497,0.003183,314.20, 437.4854
505451,2.9526,0.003002,333.17, 437.4861
505452,2.9556,0.003039,329.10, 437.4854
505453,2.9585,0.002965,337.23, 437.4861
505454,2.9619,0.003170,315.45, 437.4857
505455,2.9648,0.002914,343.22, 437.4860
505456,2.9678,0.002993,334.11, 437.4854
505457,2.9707,0.002949,339.12, 437.4861
505458,2.9736,0.003021,330.98, 437.4854
505459,2.9766,0.003031,329.91, 437.4854
505460,2.9800,0.003029,330.16, 437.4857
505461,2.9829,0.002941,339.97, 437.4857
505462,2.9858,0.003105,322.04, 437.4861
505463,2.9888,0.002925,341.92, 437.4861
505464,2.9917,0.003045,328.43, 437.4860
505465,2.9946,0.002913,343.30, 437.4857
505466,2.9976,0.002957,338.15, 437.4857
505467,3.0005,0.002931,341.18, 437.4860
505468,3.0034,0.002971,336.54, 437.4861
505469,3.0063,0.003008,332.49, 437.4861
505470,3.0098,0.003027,330.34, 437.4860
505471,3.0127,0.002931,341.18, 437.4861
505472,3.0156,0.003016,331.62, 437.4861
505473,3.0186,0.002909,343.75, 437.4860
505474,3.0215,0.003036,329.36, 437.4854
505475,3.0244,0.002965,337.23, 437.4861
505476,3.0273,0.002924,341.99, 437.4860
505477,3.0303,0.002983,335.22, 437.4861
505478,3.0332,0.002940,340.10, 437.4861
505479,3.0361,0.002958,338.08, 437.4857
505480,3.0391,0.002939,340.21, 437.4857
505481,3.0420,0.002991,334.29, 437.4861
505482,3.0449,0.002962,337.64, 437.4854
505483,3.0479,0.002928,341.53, 437.4857
505484,3.0513,0.002982,335.37, 437.4861
505485,3.0542,0.003164,316.09, 437.4860
505486,3.0571,0.002915,343.04, 437.4857
505487,3.0601,0.002951,338.90, 437.4861
505488,3.0630,0.002875,347.89, 437.4860
505489,3.0659,0.002975,336.10, 437.4861
505490,3.0688,0.002944,339.64, 437.4854
505491,3.0718,0.003066,326.21, 437.4860
505492,3.0752,0.003015,331.69, 437.4854
505493,3.0781,0.003005,332.80, 437.4857
505494,3.0811,0.002984,335.09, 437.4854
505495,3.0840,0.003116,320.97, 437.4854
505496,3.0884,0.004101,243.83, 437.4854
505497,3.0913,0.003136,318.90, 437.4861
505498,3.0942,0.003001,333.22, 437.4861
505499,3.0972,0.002932,341.10, 437.4861
505500,3.1001,0.002968,336.98, 437.4857
505501,3.1030,0.002931,341.15, 437.4861
505502,3.1060,0.002894,345.52, 437.4857
505503,3.1089,0.002952,338.76, 437.4860
505504,3.1118,0.002955,338.42, 437.4857
505505,3.1147,0.002951,338.89, 437.4861
505506,3.1177,0.002909,343.80, 437.4857
505507,3.1206,0.002990,334.46, 437.4861
505508,3.1235,0.002909,343.78, 437.4857
505509,3.1265,0.002962,337.64, 437.4854
505510,3.1294,0.002902,344.54, 437.4857
505511,3.1328,0.003019,331.21, 437.4857
505512,3.1357,0.002935,340.72, 437.4860
505513,3.1387,0.003020,331.10, 437.4857
505514,3.1416,0.002957,338.13, 437.4861
505515,3.1445,0.002974,336.25, 437.4860
505516,3.1475,0.002867,348.81, 437.4861
505517,3.1504,0.002981,335.41, 437.4861
505518,3.1533,0.002853,350.47, 437.4860
505519,3.1563,0.002962,337.62, 437.4861
505520,3.1592,0.002915,343.01, 437.4861
505521,3.1621,0.003023,330.83, 437.4860
505522,3.1650,0.002947,339.36, 437.4861
505523,3.1680,0.003000,333.37, 437.4861
505524,3.1709,0.002978,335.82, 437.4860
505525,3.1738,0.003013,331.90, 437.4861
505526,3.1772,0.002991,334.33, 437.4854
505527,3.1802,0.003116,320.89, 437.4860
505528,3.1831,0.002936,340.55, 437.4861
505529,3.1860,0.002989,334.56, 437.4861
505530,3.1890,0.002959,337.97, 437.4860
505531,3.1919,0.003006,332.67, 437.4854
505532,3.1948,0.002940,340.09, 437.4861
505533,3.1978,0.002985,335.03, 437.4860
505534,3.2007,0.002959,337.92, 437.4861
505535,3.2041,0.002964,337.34, 437.4861
505536,3.2070,0.002943,339.82, 437.4860
505537,3.2100,0.002990,334.45, 437.4861
505538,3.2129,0.002947,339.28, 437.4854
505539,3.2158,0.002976,336.07, 437.4860
505540,3.2188,0.002954,338.55, 437.4861
505541,3.2217,0.002946,339.44, 437.4861
505542,3.2246,0.002975,336.15, 437.4857
505543,3.2275,0.002896,345.32, 437.4861
505544,3.2305,0.002962,337.56, 437.4861
505545,3.2334,0.002933,340.90, 437.4857
505546,3.2363,0.002961,337.68, 437.4861
505547,3.2393,0.002934,340.82, 437.4861
505548,3.2422,0.002982,335.39, 437.4860
505549,3.2451,0.002892,345.75, 437.4861
505550,3.2480,0.002968,336.94, 437.4861
505551,3.2510,0.002956,338.35, 437.4854
505552,3.2539,0.003026,330.47, 437.4854
505553,3.2568,0.002918,342.72, 437.4861
505554,3.2598,0.002969,336.81, 437.4857
505555,3.2627,0.002913,343.24, 437.4854
505556,3.2661,0.002984,335.09, 437.4861
505557,3.2686,0.002878,347.46, 437.4860
505558,3.2720,0.003022,330.86, 437.4857
505559,3.2749,0.002909,343.82, 437.4861
505560,3.2778,0.003005,332.80, 437.4860
505561,3.2808,0.002888,346.27, 437.4861
505562,3.2837,0.002970,336.66, 437.4857
505563,3.2866,0.002855,350.26, 437.4860
505564,3.2896,0.003009,332.38, 437.4861
505565,3.2925,0.002955,338.44, 437.4861
505566,3.2954,0.003055,327.38, 437.4857
505567,3.2983,0.002869,348.60, 437.4861
505568,3.3013,0.003008,332.41, 437.4861
505569,3.3042,0.002918,342.74, 437.4860
505570,3.3071,0.002943,339.80, 437.4861
505571,3.3101,0.002927,341.61, 437.4861
505572,3.3130,0.002945,339.60, 437.4854
505573,3.3159,0.002936,340.63, 437.4861
505574,3.3188,0.003046,328.27, 437.4861
505575,3.3223,0.003045,328.43, 437.4860
505576,3.3252,0.002953,338.62, 437.4857
505577,3.3281,0.002913,343.30, 437.4861
505578,3.3311,0.002930,341.29, 437.4857
505579,3.3340,0.002921,342.37, 437.4861
505580,3.3369,0.002959,337.97, 437.4854
505581,3.3398,0.002981,335.49, 437.4860
505582,3.3428,0.002890,346.00, 437.4857
505583,3.3457,0.002927,341.69, 437.4861
505584,3.3486,0.003006,332.71, 437.4857
505585,3.3516,0.003070,325.79, 437.4857
505586,3.3545,0.002911,343.51, 437.4857
505587,3.3574,0.003021,331.05, 437.4860
505588,3.3604,0.002938,340.34, 437.4857
505589,3.3633,0.003023,330.80, 437.4861
505590,3.3667,0.003276,305.21, 437.4854
505591,3.3701,0.003132,319.32, 437.4861
505592,3.3730,0.002974,336.24, 437.4861
505593,3.3760,0.002998,333.58, 437.4860
505594,3.3789,0.002952,338.71, 437.4854
505595,3.3818,0.003016,331.62, 437.4861
505596,3.3848,0.002939,340.30, 437.4860
505597,3.3877,0.002987,334.78, 437.4861
505598,3.3906,0.002942,339.87, 437.4854
505599,3.3936,0.002967,337.10, 437.4860
505600,3.3965,0.002920,342.42, 437.4861
505601,3.3994,0.003015,331.63, 437.4857
505602,3.4023,0.002872,348.19, 437.4860
505603,3.4053,0.002993,334.16, 437.4857
505604,3.4082,0.002879,347.31, 437.4857
505605,3.4116,0.003036,329.38, 437.4860
505606,3.4141,0.002867,348.82, 437.4861
505607,3.4175,0.002974,336.30, 437.4857
505608,3.4199,0.002899,344.92, 437.4857
505609,3.4233,0.002970,336.68, 437.4861
505610,3.4263,0.002961,337.77, 437.4861
505611,3.4292,0.002953,338.67, 437.4860
505612,3.4321,0.002927,341.62, 437.4861
505613,3.4351,0.002937,340.47, 437.4861
505614,3.4380,0.002927,341.60, 437.4860
505615,3.4409,0.003136,318.93, 437.4861
505616,3.4443,0.003317,301.44, 437.4861
505617,3.4473,0.003138,318.64, 437.4854
505618,3.4502,0.003000,333.34, 437.4970
505619,3.4541,0.003455,289.42, 437.4857
505620,3.4575,0.003776,264.80, 437.4854
505621,3.4614,0.003587,278.76, 437.4861
505622,3.4644,0.003181,314.40, 437.4854
505623,3.4673,0.003104,322.15, 437.4857
505624,3.4707,0.003060,326.83, 437.4857
505625,3.4736,0.003186,313.84, 437.4870
505626,3.4771,0.003059,326.90, 437.4854
505627,3.4800,0.002995,333.89, 437.4861
505628,3.4829,0.003002,333.09, 437.4861
505629,3.4858,0.002977,335.97, 437.4860
505630,3.4888,0.002971,336.61, 437.4854
505631,3.4917,0.003032,329.78, 437.4861
505632,3.4946,0.002973,336.33, 437.4854
505633,3.4976,0.003005,332.81, 437.4861
505634,3.5010,0.003135,319.01, 437.4854
505635,3.5039,0.003111,321.44, 437.4860
505636,3.5068,0.002984,335.11, 437.4861
505637,3.5098,0.002996,333.79, 437.4861
505638,3.5127,0.002912,343.43, 437.4860
505639,3.5161,0.002968,336.89, 437.4861
505640,3.5190,0.003028,330.21, 437.4854
505641,3.5220,0.003064,326.40, 437.4857
505642,3.5249,0.002946,339.42, 437.4861
505643,3.5278,0.002983,335.21, 437.4861
505644,3.5308,0.002941,339.99, 437.4860
505645,3.5337,0.002989,334.54, 437.4861
505646,3.5371,0.003108,321.77, 437.4861
505647,3.5400,0.003015,331.66, 437.4860
505648,3.5430,0.002974,336.26, 437.4861
505649,3.5459,0.002983,335.28, 437.4861
505650,3.5488,0.002920,342.45, 437.4860
505651,3.5518,0.003002,333.12, 437.4861
505652,3.5547,0.003014,331.79, 437.4857
505653,3.5576,0.002989,334.54, 437.4860
505654,3.5605,0.002911,343.51, 437.4854
505655,3.5640,0.002991,334.38, 437.4861
505656,3.5669,0.002929,341.37, 437.4854
505657,3.5698,0.003038,329.19, 437.4861
505658,3.5728,0.002928,341.59, 437.4861
505659,3.5757,0.003028,330.21, 437.4860
505660,3.5786,0.002949,339.09, 437.4861
505661,3.5815,0.002972,336.52, 437.4861
505662,3.5850,0.003436,291.06, 437.4854
505663,3.5884,0.003459,289.08, 437.4854
505664,3.5918,0.003515,284.52, 437.4854
505665,3.5952,0.003324,300.85, 437.4855
505666,3.5986,0.003505,285.31, 437.4855
505667,3.6021,0.003464,288.66, 437.4861
505668,3.6060,0.003453,289.57, 437.4854
505669,3.6089,0.003291,303.83, 437.4861
505670,3.6123,0.003164,316.07, 437.4861
505671,3.6152,0.003177,314.78, 437.4857
505672,3.6182,0.003024,330.74, 437.4861
505673,3.6211,0.002908,343.86, 437.4861
505674,3.6245,0.003029,330.19, 437.4854
505675,3.6274,0.002930,341.33, 437.4861
505676,3.6304,0.003032,329.83, 437.4861
505677,3.6333,0.002961,337.70, 437.4857
505678,3.6362,0.003013,331.88, 437.4857
505679,3.6392,0.002953,338.65, 437.4861
505680,3.6421,0.002989,334.54, 437.4860
505681,3.6450,0.002888,346.32, 437.4861
505682,3.6479,0.002979,335.74, 437.4854
505683,3.6509,0.002977,335.90, 437.4860
505684,3.6538,0.002969,336.87, 437.4861
505685,3.6567,0.002912,343.44, 437.4861
505686,3.6597,0.002953,338.64, 437.4860
505687,3.6626,0.002939,340.29, 437.4861
505688,3.6655,0.002932,341.11, 437.4861
505689,3.6685,0.002905,344.25, 437.4860
505690,3.6719,0.002992,334.22, 437.4861
505691,3.6748,0.002953,338.63, 437.4861
505692,3.6777,0.002976,336.08, 437.4854
505693,3.6807,0.002992,334.19, 437.4861
505694,3.6836,0.002979,335.69, 437.4854
505695,3.6865,0.002930,341.27, 437.4860
505696,3.6895,0.002932,341.10, 437.4861
505697,3.6924,0.002967,337.05, 437.4861
505698,3.6953,0.002963,337.48, 437.4860
505699,3.6982,0.003008,332.48, 437.4861
505700,3.7012,0.002984,335.17, 437.4861
505701,3.7041,0.002971,336.62, 437.4860
505702,3.7070,0.002902,344.63, 437.4861
505703,3.7104,0.003014,331.83, 437.4861
505704,3.7134,0.002911,343.51, 437.4860
505705,3.7163,0.002962,337.56, 437.4861
505706,3.7188,0.002878,347.43, 437.4857
505707,3.7222,0.003021,331.05, 437.4860
505708,3.7251,0.002886,346.54, 437.4857
505709,3.7280,0.003022,330.94, 437.4857
505710,3.7310,0.002933,340.90, 437.4857
505711,3.7339,0.002972,336.52, 437.4861
505712,3.7368,0.002833,352.93, 437.4861
505713,3.7397,0.003040,328.98, 437.4854
505714,3.7427,0.002983,335.28, 437.4861
505715,3.7456,0.003023,330.81, 437.4857
505716,3.7485,0.002872,348.23, 437.4860
505717,3.7515,0.002999,333.44, 437.4861
505718,3.7544,0.002842,351.89, 437.4861
505719,3.7573,0.003090,323.58, 437.4933
505720,3.7607,0.003190,313.52, 437.4861
505721,3.7637,0.003210,311.57, 437.4854
505722,3.7671,0.003225,310.08, 437.4854
505723,3.7705,0.003171,315.38, 437.4861
505724,3.7734,0.002985,334.99, 437.4861
505725,3.7764,0.003024,330.70, 437.4860
505726,3.7793,0.002902,344.61, 437.4861
505727,3.7822,0.003037,329.28, 437.4861
505728,3.7852,0.002933,340.96, 437.4860
505729,3.7881,0.003034,329.64, 437.4861
505730,3.7910,0.002935,340.73, 437.4861
505731,3.7939,0.003004,332.89, 437.4860
505732,3.7969,0.002871,348.27, 437.4861
505733,3.7998,0.003000,333.34, 437.4861
505734,3.8032,0.002983,335.28, 437.4857
505735,3.8062,0.003038,329.21, 437.4861
505736,3.8091,0.003030,330.02, 437.4861
505737,3.8120,0.003004,332.93, 437.4860
505738,3.8149,0.002893,345.69, 437.4861
505739,3.8179,0.002996,333.80, 437.4854
505740,3.8213,0.003230,309.57, 437.4860
505741,3.8242,0.003044,328.56, 437.4861
505742,3.8271,0.002951,338.93, 437.4861
505743,3.8301,0.003024,330.69, 437.4860
505744,3.8330,0.002961,337.70, 437.4861
505745,3.8359,0.003003,333.06, 437.4861
505746,3.8394,0.002965,337.27, 437.4854
505747,3.8423,0.003019,331.21, 437.4861
505748,3.8452,0.002916,342.99, 437.4861
505749,3.8481,0.003015,331.68, 437.4854
505750,3.8511,0.003003,332.97, 437.4854
505751,3.8540,0.003022,330.94, 437.4861
505752,3.8569,0.002973,336.41, 437.4860
505753,3.8599,0.002976,336.04, 437.4861
505754,3.8628,0.002978,335.83, 437.4861
505755,3.8662,0.002977,335.87, 437.4860
505756,3.8691,0.002959,338.01, 437.4861
505757,3.8721,0.003086,324.01, 437.4857
505758,3.8750,0.002989,334.59, 437.4879
505759,3.8779,0.002973,336.32, 437.4857
505760,3.8809,0.003017,331.41, 437.4861
505761,3.8843,0.003203,312.26, 437.4854
505762,3.8872,0.002987,334.75, 437.4854
505763,3.8901,0.003048,328.14, 437.4861
505764,3.8931,0.003023,330.84, 437.4879
505765,3.8965,0.002962,337.59, 437.4861
505766,3.8994,0.003096,322.98, 437.4854
505767,3.9023,0.003058,327.00, 437.4860
505768,3.9053,0.002985,335.01, 437.4857
505769,3.9082,0.002986,334.85, 437.4861
505770,3.9111,0.002978,335.78, 437.4923
505771,3.9146,0.002967,337.00, 437.4861
505772,3.9175,0.002951,338.88, 437.4904
505773,3.9204,0.002967,337.06, 437.4860
505774,3.9233,0.003038,329.22, 437.4854
505775,3.9263,0.002944,339.64, 437.4861
505776,3.9292,0.002987,334.84, 437.4854
505777,3.9321,0.002977,335.97, 437.4857
505778,3.9351,0.002990,334.48, 437.4861
505779,3.9380,0.002985,334.99, 437.4857
505780,3.9414,0.003132,319.34, 437.4854
505781,3.9443,0.002926,341.80, 437.4861
505782,3.9473,0.002987,334.81, 437.4860
505783,3.9502,0.003011,332.08, 437.4854
505784,3.9531,0.003087,323.98, 437.4857
505785,3.9561,0.002932,341.12, 437.4860
505786,3.9590,0.002977,335.89, 437.4861
505787,3.9619,0.002944,339.73, 437.4861
505788,3.9653,0.002992,334.24, 437.4857
505789,3.9683,0.002954,338.54, 437.4854
505790,3.9712,0.003061,326.72, 437.4857
505791,3.9741,0.002934,340.82, 437.4860
505792,3.9771,0.003026,330.46, 437.4857
505793,3.9800,0.003011,332.12, 437.4861
505794,3.9834,0.003030,330.09, 437.4854
505795,3.9863,0.002963,337.55, 437.4861
505796,3.9893,0.003017,331.41, 437.4857
505797,3.9922,0.002944,339.69, 437.4860
505798,3.9951,0.003026,330.44, 437.4861
505799,3.9980,0.002887,346.34, 437.4894
505800,4.0010,0.003002,333.10, 437.4860
505801,4.0039,0.002866,348.91, 437.4861
505802,4.0068,0.002990,334.41, 437.4857
505803,4.0098,0.003003,333.00, 437.4854
505804,4.0132,0.003104,322.16, 437.4861
505805,4.0161,0.002948,339.26, 437.4861
505806,4.0190,0.003022,330.90, 437.4860
505807,4.0220,0.002963,337.46, 437.4861
505808,4.0249,0.002991,334.35, 437.4861
505809,4.0278,0.003103,322.24, 437.4860
505810,4.0313,0.003043,328.62, 437.4861
505811,4.0342,0.002945,339.59, 437.4861
505812,4.0371,0.003039,329.09, 437.4860
505813,4.0400,0.002959,337.94, 437.4861
505814,4.0430,0.003134,319.09, 437.4857
505815,4.0459,0.002980,335.55, 437.4860
505816,4.0493,0.002980,335.55, 437.4861
505817,4.0522,0.002931,341.20, 437.4861
505818,4.0552,0.002991,334.36, 437.4857
505819,4.0581,0.003001,333.24, 437.4861
505820,4.0610,0.003003,333.02, 437.4861
505821,4.0640,0.002925,341.86, 437.4860
505822,4.0669,0.002966,337.17, 437.4857
505823,4.0698,0.002960,337.79, 437.4861
505824,4.0728,0.003018,331.31, 437.4857
505825,4.0757,0.002989,334.53, 437.4861
505826,4.0786,0.002963,337.52, 437.4861
505827,4.0820,0.002992,334.27, 437.4860
505828,4.0850,0.002964,337.36, 437.4857
505829,4.0879,0.003052,327.64, 437.4854
505830,4.0908,0.003007,332.60, 437.4857
505831,4.0938,0.003031,329.96, 437.4861
505832,4.0967,0.003033,329.66, 437.4861
505833,4.1001,0.002999,333.49, 437.4860
505834,4.1030,0.003008,332.40, 437.4854
505835,4.1060,0.003215,311.00, 437.4861
505836,4.1094,0.003083,324.38, 437.4860
505837,4.1123,0.002976,335.98, 437.4861
505838,4.1152,0.002939,340.23, 437.4861
505839,4.1182,0.002987,334.78, 437.4860
505840,4.1211,0.002973,336.42, 437.4861
505841,4.1240,0.002999,333.42, 437.4861
505842,4.1270,0.002927,341.64, 437.4860
505843,4.1299,0.002978,335.82, 437.4861
505844,4.1328,0.002957,338.18, 437.4861
505845,4.1357,0.002978,335.75, 437.4860
505846,4.1387,0.002952,338.74, 437.4861
505847,4.1421,0.003023,330.85, 437.4861
505848,4.1450,0.002909,343.73, 437.4860
505849,4.1479,0.003007,332.58, 437.4854
505850,4.1509,0.002977,335.91, 437.4857
505851,4.1538,0.003048,328.11, 437.4854
505852,4.1567,0.002954,338.48, 437.4861
505853,4.1597,0.002995,333.89, 437.4854
505854,4.1626,0.002917,342.84, 437.4929
505855,4.1655,0.002988,334.67, 437.4861
505856,4.1685,0.002953,338.60, 437.4861
505857,4.1719,0.003046,328.28, 437.4860
505858,4.1748,0.002919,342.57, 437.4854
505859,4.1777,0.003026,330.51, 437.4861
505860,4.1807,0.002888,346.25, 437.5003
505861,4.1836,0.003152,317.28, 437.4861
505862,4.1865,0.002922,342.25, 437.4861
505863,4.1895,0.003086,324.04, 437.4857
505864,4.1929,0.003095,323.10, 437.4854
505865,4.1958,0.002989,334.54, 437.4861
505866,4.1987,0.003082,324.43, 437.4854
505867,4.2021,0.003147,317.77, 437.4854
505868,4.2051,0.003064,326.40, 437.4861
505869,4.2080,0.003185,314.02, 437.4857
505870,4.2114,0.003126,319.91, 437.4857
505871,4.2144,0.003164,316.05, 437.4857
505872,4.2178,0.003154,317.07, 437.4860
505873,4.2207,0.003176,314.82, 437.4861
505874,4.2241,0.003070,325.76, 437.4854
505875,4.2271,0.003133,319.15, 437.4860
505876,4.2305,0.003199,312.64, 437.4857
505877,4.2334,0.003136,318.91, 437.4854
505878,4.2363,0.003145,318.00, 437.4857
505879,4.2397,0.003161,316.38, 437.4879
505880,4.2427,0.003138,318.71, 437.4857
505881,4.2461,0.003110,321.58, 437.4854
505882,4.2490,0.003123,320.25, 437.4861
505883,4.2524,0.003165,315.99, 437.4861
505884,4.2554,0.003110,321.56, 437.4860
505885,4.2583,0.003138,318.70, 437.4861
505886,4.2617,0.003147,317.75, 437.4861
505887,4.2646,0.003100,322.56, 437.4860
505888,4.2681,0.003183,314.17, 437.4861
505889,4.2710,0.003061,326.72, 437.4899
505890,4.2739,0.003167,315.75, 437.4854
505891,4.2773,0.003080,324.72, 437.5004
505892,4.2803,0.003261,306.65, 437.4857
505893,4.2837,0.003055,327.30, 437.5004
505894,4.2866,0.003181,314.37, 437.4857
505895,4.2900,0.003167,315.74, 437.4854
505896,4.2930,0.003205,312.05, 437.4860
505897,4.2964,0.003255,307.20, 437.4857
505898,4.2993,0.003106,321.94, 437.4861
505899,4.3022,0.003006,332.69, 437.4860
505900,4.3057,0.003092,323.45, 437.4857
505901,4.3086,0.003016,331.61, 437.4854
505902,4.3115,0.003028,330.31, 437.4860
505903,4.3145,0.002971,336.54, 437.4857
505904,4.3174,0.003032,329.79, 437.4861
505905,4.3208,0.003036,329.44, 437.4860
505906,4.3237,0.003180,314.47, 437.4854
505907,4.3267,0.003023,330.81, 437.4857
505908,4.3301,0.003062,326.57, 437.4854
505909,4.3330,0.002945,339.55, 437.4857
505910,4.3359,0.002972,336.46, 437.4854
505911,4.3389,0.002946,339.45, 437.4860
505912,4.3418,0.003101,322.49, 437.4854
505913,4.3447,0.002953,338.59, 437.4861
505914,4.3477,0.002984,335.13, 437.4860
505915,4.3506,0.003004,332.88, 437.4861
505916,4.3540,0.003061,326.71, 437.4854
505917,4.3569,0.002988,334.68, 437.4857
505918,4.3599,0.003039,329.07, 437.4857
505919,4.3628,0.002941,339.97, 437.4861
505920,4.3657,0.002991,334.34, 437.4860
505921,4.3687,0.002893,345.63, 437.4861
505922,4.3721,0.003370,296.78, 437.4854
505923,4.3750,0.003147,317.73, 437.4860
505924,4.3784,0.003037,329.24, 437.4861
505925,4.3813,0.002971,336.56, 437.4857
505926,4.3843,0.002995,333.87, 437.4879
505927,4.3872,0.002947,339.33, 437.4861
505928,4.3901,0.003149,317.60, 437.4861
505929,4.3936,0.002986,334.88, 437.4860
505930,4.3965,0.002994,334.03, 437.4861
505931,4.3989,0.002849,351.01, 437.5143
505932,4.4023,0.003130,319.54, 437.4860
505933,4.4053,0.002911,343.55, 437.4857
505934,4.4082,0.003030,330.05, 437.4861
505935,4.4111,0.002994,334.05, 437.4879
505936,4.4141,0.003008,332.44, 437.4861
505937,4.4170,0.002980,335.56, 437.4861
505938,4.4204,0.003054,327.49, 437.4854
505939,4.4233,0.002965,337.33, 437.4861
505940,4.4263,0.003007,332.55, 437.4861
505941,4.4292,0.003018,331.32, 437.4860
505942,4.4326,0.003471,288.07, 437.4854
505943,4.4360,0.003326,300.65, 437.4861
505944,4.4395,0.003299,303.09, 437.4879
505945,4.4429,0.003284,304.50, 437.4857
505946,4.4458,0.003386,295.36, 437.4854
505947,4.4497,0.003606,277.32, 437.4854
505948,4.4531,0.003303,302.74, 437.4854
505949,4.4561,0.003216,310.95, 437.4861
505950,4.4595,0.003088,323.80, 437.4879
505951,4.4624,0.003088,323.83, 437.4861
505952,4.4653,0.002975,336.12, 437.4861
505953,4.4683,0.003124,320.06, 437.4860
505954,4.4717,0.003039,329.02, 437.4861
505955,4.4746,0.003064,326.39, 437.4861
505956,4.4775,0.002975,336.11, 437.4854
505957,4.4805,0.003046,328.32, 437.4861
505958,4.4834,0.002939,340.24, 437.4861
505959,4.4863,0.003018,331.39, 437.4860
505960,4.4897,0.003041,328.89, 437.4861
505961,4.4927,0.003051,327.75, 437.4861
505962,4.4956,0.002934,340.89, 437.4860
505963,4.4985,0.002985,335.03, 437.4861
505964,4.5015,0.002919,342.56, 437.4861
505965,4.5044,0.002957,338.16, 437.4860
505966,4.5073,0.002960,337.85, 437.4861
505967,4.5103,0.003021,330.97, 437.4861
505968,4.5132,0.002927,341.69, 437.4860
505969,4.5161,0.002994,334.00, 437.4857
505970,4.5190,0.002928,341.54, 437.4861
505971,4.5220,0.002969,336.77, 437.4860
505972,4.5254,0.002969,336.84, 437.4857
505973,4.5283,0.002981,335.51, 437.4861
505974,4.5313,0.002946,339.40, 437.4860
505975,4.5342,0.002921,342.41, 437.4861
505976,4.5371,0.002948,339.20, 437.4861
505977,4.5400,0.002913,343.27, 437.4860
505978,4.5430,0.003023,330.81, 437.4854
505979,4.5459,0.002919,342.59, 437.4861
505980,4.5488,0.002989,334.54, 437.4857
505981,4.5518,0.002924,341.95, 437.4857
505982,4.5547,0.003000,333.32, 437.4857
505983,4.5576,0.002926,341.82, 437.4860
505984,4.5605,0.002977,335.97, 437.4861
505985,4.5635,0.002937,340.51, 437.4861
505986,4.5664,0.002985,335.06, 437.4860
505987,4.5693,0.002927,341.68, 437.4861
505988,4.5728,0.003078,324.94, 437.4857
505989,4.5757,0.003186,313.91, 437.4854
505990,4.5786,0.003033,329.71, 437.4861
505991,4.5815,0.002968,336.88, 437.4857
505992,4.5850,0.002998,333.59, 437.4860
505993,4.5879,0.002930,341.34, 437.4854
505994,4.5908,0.003052,327.64, 437.4854
505995,4.5938,0.002899,344.96, 437.4860
505996,4.5967,0.002977,335.91, 437.4861
505997,4.5996,0.002998,333.59, 437.4861
505998,4.6025,0.003003,332.96, 437.4860
505999,4.6055,0.002984,335.18, 437.4861
506000,4.6084,0.003021,330.98, 437.4857
506001,4.6113,0.002967,337.01, 437.4860
506002,4.6147,0.003077,325.04, 437.4857
506003,4.6177,0.002954,338.57, 437.4861
506004,4.6206,0.003168,315.65, 437.4857
506005,4.6235,0.002913,343.34, 437.4861
506006,4.6265,0.002985,335.04, 437.4857
506007,4.6294,0.002912,343.44, 437.4860
506008,4.6323,0.002983,335.23, 437.4861
506009,4.6353,0.002904,344.34, 437.4861
506010,4.6387,0.002964,337.44, 437.4857
506011,4.6416,0.002959,337.96, 437.4861
506012,4.6445,0.002938,340.32, 437.4857
506013,4.6475,0.002905,344.23, 437.4860
506014,4.6504,0.002987,334.80, 437.4857
506015,4.6533,0.002895,345.44, 437.4861
506016,4.6563,0.002923,342.11, 437.4860
506017,4.6592,0.002963,337.50, 437.4861
506018,4.6621,0.002928,341.54, 437.4861
506019,4.6650,0.002954,338.57, 437.4860
506020,4.6680,0.002934,340.84, 437.4857
506021,4.6709,0.002962,337.64, 437.4861
506022,4.6738,0.002924,341.99, 437.4860
506023,4.6768,0.002975,336.13, 437.4861
506024,4.6797,0.002910,343.62, 437.4861
506025,4.6826,0.002956,338.26, 437.4860
506026,4.6855,0.002916,342.91, 437.4857
506027,4.6885,0.002991,334.39, 437.4861
506028,4.6914,0.002953,338.68, 437.4860
506029,4.6943,0.002952,338.75, 437.4861
506030,4.6973,0.002877,347.54, 437.4854
506031,4.7002,0.003009,332.37, 437.4860
506032,4.7031,0.002993,334.07, 437.4854
506033,4.7061,0.002995,333.93, 437.4861
506034,4.7090,0.002932,341.02, 437.4854
506035,4.7124,0.003132,319.25, 437.4861
506036,4.7153,0.003094,323.23, 437.4854
506037,4.7183,0.003011,332.08, 437.4860
506038,4.7212,0.002898,345.13, 437.4854
506039,4.7241,0.003008,332.45, 437.4861
506040,4.7271,0.002864,349.17, 437.4860
506041,4.7300,0.003057,327.13, 437.4857
506042,4.7329,0.002915,343.05, 437.4861
506043,4.7363,0.003052,327.69, 437.4857
506044,4.7393,0.002914,343.22, 437.4861
506045,4.7422,0.003032,329.79, 437.4861
506046,4.7451,0.003221,310.50, 437.4854
506047,4.7485,0.003125,319.98, 437.4861
506048,4.7515,0.002991,334.38, 437.4861
506049,4.7544,0.002997,333.64, 437.4860
506050,4.7573,0.002885,346.62, 437.4854
506051,4.7603,0.003054,327.47, 437.4861
506052,4.7632,0.002930,341.32, 437.4857
506053,4.7661,0.002961,337.71, 437.4861
506054,4.7690,0.002876,347.73, 437.4861
506055,4.7725,0.003101,322.51, 437.4860
506056,4.7754,0.003206,311.96, 437.4861
506057,4.7788,0.003103,322.25, 437.4861
506058,4.7817,0.002933,340.90, 437.4860
506059,4.7847,0.003032,329.82, 437.4861
506060,4.7876,0.002928,341.51, 437.4861
506061,4.7905,0.003038,329.21, 437.4860
506062,4.7935,0.003024,330.67, 437.4861
506063,4.7964,0.003009,332.39, 437.4861
506064,4.7998,0.003050,327.87, 437.4857
506065,4.8027,0.003032,329.83, 437.4861
506066,4.8057,0.002918,342.74, 437.4879
506067,4.8086,0.003051,327.76, 437.4860
506068,4.8115,0.003004,332.93, 437.4861
506069,4.8145,0.002976,336.07, 437.4861
506070,4.8174,0.002913,343.25, 437.4854
506071,4.8203,0.003019,331.20, 437.4861
506072,4.8237,0.003005,332.77, 437.4854
506073,4.8267,0.002968,336.95, 437.4860
506074,4.8296,0.002931,341.23, 437.4889
506075,4.8325,0.002993,334.07, 437.4861
506076,4.8354,0.002937,340.50, 437.4860
506077,4.8384,0.002988,334.71, 437.4861
506078,4.8413,0.002994,333.98, 437.4861
506079,4.8442,0.002960,337.79, 437.4857
506080,4.8472,0.002967,337.02, 437.4861
506081,4.8501,0.002950,339.03, 437.4861
506082,4.8530,0.002965,337.25, 437.4860
506083,4.8560,0.002934,340.89, 437.4891
506084,4.8589,0.002962,337.67, 437.4861
506085,4.8618,0.002947,339.32, 437.4857
506086,4.8647,0.002931,341.20, 437.4879
506087,4.8682,0.003036,329.36, 437.4861
506088,4.8711,0.003199,312.56, 437.4860
506089,4.8740,0.002961,337.74, 437.4861
506090,4.8770,0.002969,336.79, 437.4854
506091,4.8799,0.002943,339.80, 437.4860
506092,4.8828,0.002998,333.60, 437.4854
506093,4.8857,0.002933,340.98, 437.4854
506094,4.8892,0.003035,329.51, 437.4854
506095,4.8921,0.002974,336.24, 437.4861
506096,4.8950,0.003064,326.33, 437.4854
506097,4.8979,0.002935,340.73, 437.4857
506098,4.9009,0.003023,330.75, 437.4861
506099,4.9038,0.002973,336.34, 437.4861
506100,4.9067,0.002981,335.42, 437.4860
506101,4.9097,0.002926,341.76, 437.4861
506102,4.9131,0.003016,331.53, 437.4857
506103,4.9160,0.002911,343.58, 437.4860
506104,4.9189,0.002995,333.89, 437.4861
506105,4.9219,0.002884,346.73, 437.4861
506106,4.9248,0.002994,334.05, 437.4860
506107,4.9277,0.002912,343.37, 437.4861
506108,4.9307,0.003016,331.54, 437.4857
506109,4.9336,0.002995,333.89, 437.4860
506110,4.9365,0.002995,333.87, 437.4861
506111,4.9395,0.002902,344.61, 437.4861
506112,4.9424,0.003002,333.08, 437.4860
506113,4.9453,0.002861,349.50, 437.4861
506114,4.9482,0.002915,343.08, 437.4854
506115,4.9512,0.002956,338.32, 437.4860
506116,4.9541,0.002969,336.79, 437.4861
506117,4.9570,0.002954,338.54, 437.4857
506118,4.9600,0.002960,337.88, 437.4860
506119,4.9629,0.002927,341.67, 437.4861
506120,4.9658,0.002938,340.32, 437.4861
506121,4.9688,0.002922,342.23, 437.4860
506122,4.9717,0.003000,333.34, 437.4857
506123,4.9751,0.002958,338.05, 437.4861
506124,4.9780,0.002930,341.32, 437.4860
506125,4.9810,0.002971,336.58, 437.4861
506126,4.9839,0.002917,342.88, 437.4861
506127,4.9868,0.002946,339.47, 437.4860
506128,4.9897,0.002942,339.96, 437.4861
506129,4.9927,0.003000,333.33, 437.4861
506130,4.9956,0.002931,341.20, 437.4854
506131,4.9985,0.003003,332.99, 437.4861
506132,5.0015,0.002953,338.60, 437.4857
506133,5.0044,0.003034,329.65, 437.4860
506134,5.0073,0.002888,346.24, 437.4854
506135,5.0103,0.003012,332.06, 437.4861
506136,5.0137,0.003166,315.83, 437.4854
506137,5.0166,0.003241,308.56, 437.4861
506138,5.0200,0.003338,299.59, 437.4854
506139,5.0234,0.003256,307.09, 437.4860
506140,5.0264,0.003003,333.04, 437.4854
506141,5.0298,0.003183,314.14, 437.4861
506142,5.0327,0.003135,319.02, 437.4860
506143,5.0356,0.002989,334.55, 437.4861
506144,5.0386,0.003014,331.84, 437.4861
506145,5.0415,0.003025,330.60, 437.4860
506146,5.0449,0.003078,324.91, 437.4861
506147,5.0479,0.003053,327.50, 437.4861
506148,5.0508,0.003004,332.93, 437.4860
506149,5.0537,0.002978,335.81, 437.4861
506150,5.0566,0.002974,336.24, 437.4939
506151,5.0601,0.003041,328.87, 437.4860
506152,5.0630,0.003014,331.80, 437.4854
506153,5.0659,0.002981,335.48, 437.4861
506154,5.0688,0.003019,331.24, 437.4857
506155,5.0718,0.003020,331.11, 437.4861
506156,5.0747,0.002986,334.90, 437.4854
506157,5.0781,0.003019,331.28, 437.4860
506158,5.0811,0.002967,337.03, 437.4861
506159,5.0840,0.003023,330.79, 437.4861
506160,5.0869,0.003040,328.95, 437.4860
506161,5.0898,0.003051,327.74, 437.4861
506162,5.0928,0.002996,333.79, 437.4857
506163,5.0962,0.002971,336.63, 437.4860
506164,5.0991,0.002924,341.95, 437.4857
506165,5.1021,0.003035,329.54, 437.4857
506166,5.1050,0.003025,330.63, 437.4854
506167,5.1079,0.003092,323.40, 437.4861
506168,5.1108,0.003007,332.51, 437.4857
506169,5.1143,0.002983,335.29, 437.4860
506170,5.1172,0.002929,341.39, 437.4857
506171,5.1201,0.003054,327.47, 437.4854
506172,5.1230,0.003121,320.40, 437.4860
506173,5.1265,0.003130,319.52, 437.4857
506174,5.1294,0.002996,333.79, 437.4857
506175,5.1323,0.003028,330.29, 437.4857
506176,5.1353,0.002928,341.54, 437.4879
506177,5.1382,0.003046,328.34, 437.4861
506178,5.1411,0.002988,334.66, 437.4857
506179,5.1440,0.002993,334.07, 437.4861
506180,5.1470,0.002925,341.88, 437.4857
506181,5.1504,0.002999,333.43, 437.4860
506182,5.1533,0.002957,338.15, 437.4854
506183,5.1563,0.003028,330.28, 437.4861
506184,5.1592,0.002948,339.17, 437.4857
506185,5.1621,0.003148,317.64, 437.4861
506186,5.1650,0.002919,342.54, 437.4854
506187,5.1685,0.003054,327.49, 437.4860
506188,5.1714,0.003008,332.41, 437.4861
506189,5.1743,0.003127,319.80, 437.4857
506190,5.1772,0.002960,337.85, 437.4854
506191,5.1802,0.003028,330.23, 437.4861
506192,5.1836,0.003101,322.51, 437.4854
506193,5.1865,0.003082,324.51, 437.4857
506194,5.1895,0.002914,343.14, 437.4861
506195,5.1924,0.003052,327.68, 437.4861
506196,5.1953,0.002918,342.69, 437.4860
506197,5.1982,0.003043,328.59, 437.4861
506198,5.2012,0.002952,338.76, 437.4854
506199,5.2046,0.003039,329.10, 437.4860
506200,5.2075,0.002929,341.47, 437.4861
506201,5.2104,0.003061,326.69, 437.4861
506202,5.2134,0.002899,344.97, 437.4857
506203,5.2163,0.003009,332.39, 437.4861
506204,5.2192,0.002916,342.94, 437.4861
506205,5.2222,0.003018,331.40, 437.4860
506206,5.2251,0.002921,342.37, 437.4861
506207,5.2280,0.003020,331.16, 437.4861
506208,5.2310,0.002947,339.39, 437.4860
506209,5.2344,0.003103,322.32, 437.4854
506210,5.2373,0.002903,344.53, 437.4861
506211,5.2402,0.003011,332.07, 437.4879
506212,5.2432,0.002984,335.13, 437.4861
506213,5.2461,0.003012,332.06, 437.4861
506214,5.2490,0.002948,339.22, 437.4860
506215,5.2520,0.003016,331.59, 437.4861
506216,5.2549,0.002920,342.49, 437.4854
506217,5.2578,0.003001,333.20, 437.4857
506218,5.2612,0.003020,331.13, 437.4854
506219,5.2642,0.002990,334.45, 437.4857
506220,5.2671,0.002950,339.01, 437.4854
506221,5.2700,0.003011,332.15, 437.4861
506222,5.2729,0.002972,336.50, 437.4861
506223,5.2764,0.003215,311.02, 437.4857
506224,5.2793,0.002959,337.91, 437.4861
506225,5.2822,0.002978,335.75, 437.4857
506226,5.2852,0.002958,338.10, 437.4854
506227,5.2881,0.002992,334.22, 437.4861
506228,5.2910,0.003136,318.85, 437.4854
506229,5.2944,0.002983,335.23, 437.4860
506230,5.2974,0.002950,338.95, 437.4854
506231,5.3003,0.002987,334.83, 437.4861
506232,5.3032,0.002974,336.24, 437.4854
506233,5.3062,0.002945,339.54, 437.4857
506234,5.3091,0.003006,332.67, 437.4854
506235,5.3120,0.003007,332.59, 437.4857
506236,5.3149,0.002929,341.46, 437.4861
506237,5.3179,0.002947,339.29, 437.4861
506238,5.3208,0.002991,334.35, 437.4857
506239,5.3242,0.003047,328.21, 437.4861
506240,5.3271,0.003003,333.03, 437.4861
506241,5.3301,0.002965,337.25, 437.4854
506242,5.3330,0.003018,331.37, 437.4861
506243,5.3359,0.002969,336.86, 437.4861
506244,5.3389,0.003088,323.82, 437.4854
506245,5.3423,0.003043,328.62, 437.4861
506246,5.3452,0.002990,334.41, 437.4861
506247,5.3481,0.002957,338.21, 437.4860
506248,5.3511,0.003010,332.21, 437.4861
506249,5.3540,0.002944,339.73, 437.4861
506250,5.3569,0.003028,330.26, 437.4860
506251,5.3599,0.002970,336.72, 437.4861
506252,5.3628,0.003025,330.63, 437.4861
506253,5.3657,0.002913,343.35, 437.4860
506254,5.3691,0.002995,333.90, 437.4861
506255,5.3721,0.003067,326.07, 437.4857
506256,5.3750,0.002999,333.41, 437.4860
506257,5.3779,0.002940,340.14, 437.4861
506258,5.3809,0.003001,333.20, 437.4861
506259,5.3838,0.002887,346.37, 437.4955
506260,5.3872,0.003524,283.78, 437.4857
506261,5.3906,0.003275,305.33, 437.4857
506262,5.3936,0.003086,324.03, 437.4870
506263,5.3965,0.002983,335.20, 437.4861
506264,5.3999,0.003035,329.54, 437.4861
506265,5.4028,0.003034,329.64, 437.4857
506266,5.4058,0.003059,326.93, 437.4854
506267,5.4087,0.003000,333.29, 437.4861
506268,5.4116,0.003037,329.26, 437.4860
506269,5.4150,0.002955,338.44, 437.4861
506270,5.4180,0.002979,335.67, 437.4854
506271,5.4209,0.002947,339.29, 437.4860
506272,5.4238,0.003018,331.39, 437.4861
506273,5.4268,0.002956,338.25, 437.4861
506274,5.4297,0.002990,334.49, 437.4860
506275,5.4326,0.002989,334.59, 437.4861
506276,5.4355,0.002979,335.69, 437.4861
506277,5.4385,0.002916,342.99, 437.4879
506278,5.4419,0.003121,320.38, 437.4861
506279,5.4448,0.002980,335.59, 437.4854
506280,5.4482,0.003364,297.30, 437.4855
506281,5.4512,0.003266,306.15, 437.4861
506282,5.4546,0.003098,322.79, 437.4861
506283,5.4575,0.003263,306.45, 437.4860
506284,5.4609,0.003063,326.47, 437.4861
506285,5.4639,0.003186,313.92, 437.4861
506286,5.4673,0.003553,281.46, 437.4854
506287,5.4712,0.003492,286.40, 437.4857
506288,5.4741,0.003240,308.60, 437.4861
506289,5.4775,0.003162,316.24, 437.4857
506290,5.4805,0.003043,328.66, 437.4857
506291,5.4834,0.003064,326.38, 437.4861
506292,5.4863,0.002924,341.97, 437.4857
506293,5.4893,0.003088,323.79, 437.4861
506294,5.4927,0.002986,334.85, 437.4861
506295,5.4956,0.003026,330.50, 437.4860
506296,5.4985,0.002926,341.78, 437.4861
506297,5.5015,0.003001,333.26, 437.4857
506298,5.5044,0.002897,345.20, 437.4860
506299,5.5073,0.003000,333.38, 437.4857
506300,5.5103,0.003007,332.59, 437.4861
506301,5.5132,0.003027,330.36, 437.4860
506302,5.5161,0.002906,344.16, 437.4861
506303,5.5190,0.002996,333.73, 437.4861
506304,5.5220,0.002890,345.98, 437.4860
506305,5.5254,0.003061,326.67, 437.4854
506306,5.5283,0.002985,334.97, 437.4861
506307,5.5313,0.002984,335.08, 437.4854
506308,5.5342,0.002905,344.19, 437.4861
506309,5.5371,0.002942,339.96, 437.4857
506310,5.5400,0.002967,337.02, 437.4860
506311,5.5430,0.003000,333.30, 437.4861
506312,5.5459,0.002934,340.87, 437.4861
506313,5.5488,0.002917,342.79, 437.4857
506314,5.5518,0.002949,339.16, 437.4861
506315,5.5547,0.002914,343.14, 437.4861
506316,5.5576,0.003065,326.25, 437.4860
506317,5.5605,0.002936,340.66, 437.4857
506318,5.5635,0.002956,338.31, 437.4861
506319,5.5664,0.002894,345.49, 437.4860
506320,5.5693,0.003018,331.32, 437.4861
506321,5.5728,0.003020,331.11, 437.4857
506322,5.5757,0.003047,328.23, 437.4857
506323,5.5786,0.002925,341.92, 437.4857
506324,5.5815,0.002981,335.45, 437.4861
506325,5.5845,0.002882,346.99, 437.4860
506326,5.5874,0.003015,331.65, 437.4857
506327,5.5903,0.002959,337.92, 437.4861
506328,5.5933,0.002985,335.06, 437.4860
506329,5.5962,0.002864,349.20, 437.4861
506330,5.5991,0.002968,336.90, 437.4854
506331,5.6021,0.002940,340.19, 437.4854
506332,5.6055,0.003095,323.07, 437.4854
506333,5.6084,0.002961,337.74, 437.4861
506334,5.6113,0.003042,328.75, 437.4854
506335,5.6143,0.003008,332.40, 437.4861
506336,5.6172,0.003055,327.29, 437.4854
506337,5.6201,0.003020,331.11, 437.4860
506338,5.6235,0.003002,333.16, 437.4854
506339,5.6265,0.002953,338.65, 437.4861
506340,5.6294,0.003092,323.43, 437.4854
506341,5.6323,0.002908,343.91, 437.4861
506342,5.6353,0.003006,332.71, 437.4854
506343,5.6382,0.002987,334.74, 437.4860
506344,5.6411,0.002994,334.06, 437.4857
506345,5.6440,0.002909,343.73, 437.4861
506346,5.6470,0.002972,336.45, 437.4854
506347,5.6499,0.002984,335.13, 437.4861
506348,5.6533,0.002995,333.95, 437.4861
506349,5.6563,0.002906,344.10, 437.4860
506350,5.6592,0.002947,339.39, 437.4861
506351,5.6621,0.002943,339.81, 437.4861
506352,5.6650,0.002921,342.37, 437.4857
506353,5.6680,0.002915,343.10, 437.4861
506354,5.6709,0.002965,337.23, 437.4857
506355,5.6738,0.002969,336.79, 437.4860
506356,5.6768,0.002927,341.60, 437.4861
506357,5.6797,0.002962,337.58, 437.4861
506358,5.6826,0.002903,344.50, 437.4860
506359,5.6855,0.002976,336.00, 437.4854
506360,5.6885,0.002926,341.80, 437.4861
506361,5.6914,0.003037,329.30, 437.4860
506362,5.6943,0.002882,347.03, 437.4854
506363,5.6973,0.002967,337.10, 437.4861
506364,5.7002,0.002896,345.26, 437.4860
506365,5.7031,0.002934,340.80, 437.4861
506366,5.7061,0.002878,347.42, 437.4857
506367,5.7090,0.003007,332.54, 437.4860
506368,5.7119,0.002969,336.79, 437.4854
506369,5.7148,0.003018,331.40, 437.4861
506370,5.7178,0.002901,344.69, 437.4857
506371,5.7212,0.003065,326.25, 437.4861
506372,5.7236,0.002877,347.54, 437.4861
506373,5.7266,0.002978,335.83, 437.4860
506374,5.7295,0.002899,344.90, 437.4861
506375,5.7329,0.003008,332.48, 437.4861
506376,5.7354,0.002859,349.72, 437.4854
506377,5.7388,0.003011,332.15, 437.4861
506378,5.7417,0.002952,338.75, 437.4854
506379,5.7446,0.003048,328.07, 437.4860
506380,5.7476,0.002909,343.82, 437.4861
506381,5.7505,0.002985,335.04, 437.4861
506382,5.7534,0.002912,343.39, 437.4860
506383,5.7563,0.002968,336.92, 437.4861
506384,5.7593,0.002989,334.52, 437.4861
506385,5.7622,0.003015,331.64, 437.4857
506386,5.7651,0.002901,344.77, 437.4861
506387,5.7681,0.002998,333.58, 437.4861
506388,5.7710,0.002961,337.78, 437.4860
506389,5.7744,0.002990,334.49, 437.4861
506390,5.7773,0.003080,324.65, 437.4857
506391,5.7803,0.002970,336.75, 437.4860
506392,5.7832,0.002931,341.15, 437.4861
506393,5.7861,0.002929,341.38, 437.4861
506394,5.7891,0.002957,338.20, 437.4860
506395,5.7920,0.003089,323.78, 437.4861
506396,5.7949,0.002952,338.73, 437.4861
506397,5.7979,0.002930,341.31, 437.4860
506398,5.8008,0.002946,339.49, 437.4861
506399,5.8037,0.002932,341.08, 437.4861
506400,5.8066,0.002948,339.26, 437.4860
506401,5.8096,0.002936,340.56, 437.4854
506402,5.8130,0.002958,338.08, 437.4861
506403,5.8154,0.002902,344.65, 437.4854
506404,5.8188,0.002960,337.80, 437.4861
506405,5.8218,0.002970,336.68, 437.4857
506406,5.8247,0.002966,337.15, 437.4860
506407,5.8276,0.002939,340.24, 437.4861
506408,5.8306,0.002994,334.06, 437.4861
506409,5.8335,0.002889,346.10, 437.4854
506410,5.8364,0.002991,334.35, 437.4857
506411,5.8394,0.002880,347.20, 437.4861
506412,5.8423,0.003016,331.54, 437.4860
506413,5.8452,0.002865,349.04, 437.4861
506414,5.8481,0.002949,339.10, 437.4861
506415,5.8511,0.002919,342.64, 437.4860
506416,5.8540,0.003010,332.21, 437.4861
506417,5.8569,0.002934,340.89, 437.4861
506418,5.8599,0.002975,336.13, 437.4854
506419,5.8628,0.002904,344.35, 437.4861
506420,5.8657,0.002929,341.37, 437.4861
506421,5.8687,0.002885,346.68, 437.4860
506422,5.8716,0.003009,332.29, 437.4861
506423,5.8745,0.002935,340.68, 437.4861
506424,5.8774,0.002912,343.43, 437.4860
506425,5.8804,0.002909,343.78, 437.4861
506426,5.8833,0.002913,343.34, 437.4854
506427,5.8862,0.002938,340.34, 437.4860
506428,5.8892,0.002933,340.99, 437.4857
506429,5.8921,0.002993,334.09, 437.4861
506430,5.8950,0.002887,346.36, 437.4860
506431,5.8979,0.002949,339.09, 437.4861
506432,5.9009,0.002949,339.06, 437.4861
506433,5.9038,0.002963,337.55, 437.4854
506434,5.9067,0.002878,347.43, 437.4857
506435,5.9097,0.003021,331.07, 437.4861
506436,5.9126,0.002916,342.98, 437.4860
506437,5.9155,0.003005,332.76, 437.4861
506438,5.9185,0.002904,344.31, 437.4854
506439,5.9219,0.003049,328.02, 437.4860
506440,5.9248,0.002880,347.25, 437.4861
506441,5.9277,0.003020,331.17, 437.4861
506442,5.9307,0.002901,344.77, 437.4860
506443,5.9336,0.003005,332.78, 437.4861
506444,5.9365,0.002850,350.84, 437.4861
506445,5.9395,0.002985,335.00, 437.4860
506446,5.9424,0.002919,342.63, 437.4861
506447,5.9453,0.002977,335.93, 437.4861
506448,5.9482,0.002907,344.03, 437.4860
506449,5.9512,0.002989,334.57, 437.4861
506450,5.9541,0.003000,333.38, 437.4854
506451,5.9570,0.002970,336.69, 437.4860
506452,5.9600,0.003016,331.52, 437.4854
506453,5.9634,0.003271,305.76, 437.4854
506454,5.9663,0.002947,339.28, 437.4857
506455,5.9692,0.003070,325.76, 437.4861
506456,5.9722,0.002995,333.93, 437.4861
506457,5.9756,0.002999,333.43, 437.4857
506458,5.9785,0.003086,324.01, 437.4857
506459,5.9814,0.003055,327.35, 437.4861
506460,5.9844,0.002929,341.39, 437.4860
506461,5.9873,0.003049,327.99, 437.4861
506462,5.9907,0.003076,325.08, 437.4861
506463,5.9937,0.003147,317.81, 437.4854
506464,5.9966,0.002912,343.45, 437.4861
506465,5.9995,0.002991,334.37, 437.4861
506466,6.0024,0.002935,340.68, 437.4860
506467,6.0054,0.002995,333.86, 437.4861
506468,6.0088,0.003008,332.42, 437.4854
506469,6.0117,0.003143,318.16, 437.4854
506470,6.0146,0.003054,327.43, 437.4857
506471,6.0176,0.003002,333.08, 437.4861
506472,6.0205,0.002887,346.37, 437.4860
506473,6.0239,0.003053,327.59, 437.4861
506474,6.0269,0.002931,341.16, 437.4861
506475,6.0298,0.002973,336.32, 437.4860
506476,6.0327,0.002927,341.62, 437.4861
506477,6.0356,0.002922,342.20, 437.4861
506478,6.0386,0.002969,336.83, 437.4860
506479,6.0415,0.002999,333.48, 437.4861
506480,6.0444,0.002987,334.74, 437.4857
506481,6.0474,0.002895,345.42, 437.4860
506482,6.0503,0.002967,337.01, 437.4857
506483,6.0532,0.002962,337.63, 437.4861
506484,6.0562,0.003008,332.50, 437.4857
506485,6.0591,0.002941,340.04, 437.4861
506486,6.0620,0.002945,339.57, 437.4854
506487,6.0649,0.002896,345.35, 437.4857
506488,6.0679,0.002979,335.64, 437.4861
506489,6.0708,0.002999,333.42, 437.4861
506490,6.0742,0.003058,327.02, 437.4857
506491,6.0771,0.002916,342.92, 437.4861
506492,6.0801,0.002998,333.53, 437.4861
506493,6.0830,0.002919,342.63, 437.4860
506494,6.0859,0.002968,336.96, 437.4861
506495,6.0889,0.002918,342.71, 437.4861
506496,6.0918,0.003017,331.43, 437.4860
506497,6.0947,0.002884,346.75, 437.4857
506498,6.0977,0.003010,332.18, 437.4861
506499,6.1006,0.002915,343.11, 437.4860
506500,6.1035,0.003062,326.58, 437.4861
506501,6.1064,0.002951,338.82, 437.4861
506502,6.1099,0.003038,329.15, 437.4854
506503,6.1128,0.002982,335.32, 437.4861
506504,6.1157,0.002994,334.02, 437.4861
506505,6.1187,0.002897,345.17, 437.4860
506506,6.1216,0.003053,327.59, 437.4854
506507,6.1245,0.002957,338.17, 437.4861
506508,6.1274,0.002974,336.29, 437.4860
506509,6.1304,0.002918,342.68, 437.4861
506510,6.1333,0.002963,337.51, 437.4861
506511,6.1362,0.003051,327.76, 437.4860
506512,6.1396,0.003224,310.21, 437.4861
506513,6.1426,0.003013,331.91, 437.4861
506514,6.1455,0.002976,336.07, 437.4860
506515,6.1484,0.002920,342.49, 437.4861
506516,6.1519,0.003068,325.93, 437.4857
506517,6.1548,0.002880,347.20, 437.4860
506518,6.1577,0.002963,337.53, 437.4857
506519,6.1606,0.002961,337.72, 437.4861
506520,6.1636,0.002964,337.43, 437.4860
506521,6.1665,0.002923,342.10, 437.4854
506522,6.1694,0.002948,339.22, 437.4861
506523,6.1724,0.002978,335.76, 437.4854
506524,6.1753,0.002961,337.74, 437.4854
506525,6.1782,0.002944,339.73, 437.4861
506526,6.1812,0.002960,337.85, 437.4857
506527,6.1841,0.003089,323.73, 437.4857
506528,6.1875,0.003020,331.18, 437.4857
506529,6.1904,0.002983,335.23, 437.4860
506530,6.1934,0.002911,343.50, 437.4854
506531,6.1963,0.002918,342.68, 437.4861
506532,6.1992,0.003084,324.29, 437.4857
506533,6.2021,0.003151,317.36, 437.4857
506534,6.2051,0.002934,340.80, 437.4861
506535,6.2080,0.003001,333.18, 437.4860
506536,6.2109,0.002916,342.96, 437.4861
506537,6.2139,0.002953,338.59, 437.4861
506538,6.2173,0.002940,340.18, 437.4860
506539,6.2202,0.002993,334.11, 437.4861
506540,6.2231,0.002913,343.29, 437.4861
506541,6.2261,0.002986,334.95, 437.4860
506542,6.2290,0.002926,341.73, 437.4854
506543,6.2319,0.003077,325.03, 437.4861
506544,6.2349,0.002924,341.99, 437.4860
506545,6.2378,0.002983,335.28, 437.4861
506546,6.2407,0.002942,339.86, 437.4854
506547,6.2437,0.003062,326.55, 437.4860
506548,6.2466,0.002948,339.21, 437.4861
506549,6.2500,0.002993,334.12, 437.4861
506550,6.2529,0.002933,340.96, 437.4857
506551,6.2559,0.003052,327.69, 437.4861
506552,6.2588,0.002922,342.23, 437.4861
506553,6.2617,0.003001,333.19, 437.4860
506554,6.2646,0.002873,348.04, 437.4854
506555,6.2676,0.002953,338.62, 437.4861
506556,6.2705,0.002889,346.16, 437.4860
506557,6.2734,0.002985,335.06, 437.4857
506558,6.2764,0.002949,339.10, 437.4861
506559,6.2793,0.002982,335.32, 437.4860
506560,6.2822,0.002889,346.09, 437.4861
506561,6.2852,0.002941,340.07, 437.4861
506562,6.2881,0.002864,349.11, 437.4857
506563,6.2910,0.003013,331.95, 437.4857
506564,6.2939,0.002925,341.87, 437.4861
506565,6.2969,0.002939,340.26, 437.4860
506566,6.2998,0.002915,343.11, 437.4861
506567,6.3027,0.002967,337.09, 437.4861
506568,6.3057,0.002905,344.27, 437.4860
506569,6.3086,0.002938,340.32, 437.4854
506570,6.3115,0.002980,335.60, 437.4861
506571,6.3145,0.002910,343.67, 437.4860
506572,6.3174,0.002917,342.78, 437.4861
506573,6.3203,0.002912,343.39, 437.4861
506574,6.3232,0.003002,333.11, 437.4860
506575,6.3262,0.002917,342.78, 437.4861
506576,6.3291,0.002965,337.28, 437.4861
506577,6.3320,0.002881,347.09, 437.4860
506578,6.3350,0.002964,337.37, 437.4857
506579,6.3379,0.002925,341.93, 437.4861
506580,6.3408,0.003048,328.11, 437.4860
506581,6.3438,0.002902,344.54, 437.4861
506582,6.3467,0.002956,338.30, 437.4861
506583,6.3496,0.002870,348.40, 437.4860
506584,6.3525,0.002994,334.03, 437.4854
506585,6.3560,0.002947,339.33, 437.4861
506586,6.3589,0.003065,326.32, 437.4854
506587,6.3618,0.002947,339.33, 437.4861
506588,6.3647,0.002992,334.19, 437.4854
506589,6.3677,0.002914,343.14, 437.4860
506590,6.3706,0.003026,330.47, 437.4861
506591,6.3735,0.002927,341.62, 437.4861
506592,6.3765,0.002958,338.05, 437.4860
506593,6.3794,0.002919,342.56, 437.4861
506594,6.3823,0.002992,334.18, 437.4861
506595,6.3853,0.002923,342.13, 437.4860
506596,6.3882,0.002937,340.50, 437.4861
506597,6.3911,0.002951,338.89, 437.4861
506598,6.3940,0.002919,342.55, 437.4857
506599,6.3970,0.002925,341.86, 437.4861
506600,6.3999,0.002932,341.02, 437.4861
506601,6.4028,0.003025,330.56, 437.4860
506602,6.4063,0.003275,305.31, 437.4854
506603,6.4092,0.003070,325.78, 437.4861
506604,6.4126,0.003027,330.38, 437.4860
506605,6.4155,0.002924,341.96, 437.4861
506606,6.4185,0.002944,339.70, 437.4861
506607,6.4214,0.002961,337.77, 437.4860
506608,6.4243,0.002910,343.67, 437.4861
506609,6.4272,0.002978,335.85, 437.4861
506610,6.4302,0.002976,336.03, 437.4860
506611,6.4331,0.002969,336.86, 437.4861
506612,6.4360,0.003034,329.55, 437.4861
506613,6.4390,0.003002,333.09, 437.4860
506614,6.4419,0.002942,339.86, 437.4861
506615,6.4448,0.002981,335.44, 437.4861
506616,6.4478,0.002895,345.40, 437.4860
506617,6.4512,0.003268,305.98, 437.4857
506618,6.4546,0.003245,308.19, 437.4854
506619,6.4575,0.003072,325.56, 437.4860
506620,6.4609,0.003306,302.46, 437.4861
506621,6.4639,0.003098,322.80, 437.4854
506622,6.4673,0.003346,298.88, 437.4854
506623,6.4707,0.003450,289.84, 437.4861
506624,6.4741,0.003504,285.42, 437.4854
506625,6.4775,0.003187,313.76, 437.4860
506626,6.4805,0.003114,321.16, 437.4857
506627,6.4834,0.002982,335.31, 437.4861
506628,6.4863,0.003036,329.39, 437.4860
506629,6.4893,0.002923,342.17, 437.4861
506630,6.4927,0.003076,325.14, 437.4861
506631,6.4956,0.002951,338.83, 437.4860
506632,6.4985,0.002994,333.96, 437.4861
506633,6.5015,0.002966,337.19, 437.4861
506634,6.5044,0.003026,330.50, 437.4854
506635,6.5073,0.002931,341.23, 437.4861
506636,6.5103,0.003006,332.70, 437.4861
506637,6.5132,0.002898,345.09, 437.4860
506638,6.5161,0.003001,333.22, 437.4861
506639,6.5190,0.002938,340.43, 437.4861
506640,6.5225,0.002994,334.00, 437.4860
506641,6.5254,0.002932,341.06, 437.4861
506642,6.5283,0.002936,340.61, 437.4857
506643,6.5313,0.003037,329.24, 437.4860
506644,6.5342,0.003031,329.94, 437.4861
506645,6.5371,0.002895,345.46, 437.4861
506646,6.5400,0.002944,339.65, 437.4860
506647,6.5430,0.002987,334.82, 437.4861
506648,6.5459,0.003004,332.94, 437.4861
506649,6.5488,0.002969,336.80, 437.4860
506650,6.5522,0.003028,330.21, 437.4854
506651,6.5552,0.002945,339.51, 437.4861
506652,6.5581,0.003035,329.51, 437.4860
506653,6.5610,0.003194,313.10, 437.4854
506654,6.5645,0.003030,330.02, 437.4857
506655,6.5674,0.002987,334.77, 437.4860
506656,6.5703,0.003011,332.08, 437.4854
506657,6.5732,0.002980,335.60, 437.4946
506658,6.5762,0.002972,336.50, 437.4857
506659,6.5791,0.003053,327.50, 437.4861
506660,6.5820,0.002994,334.01, 437.4861
506661,6.5850,0.002927,341.71, 437.4879
506662,6.5879,0.002931,341.15, 437.4854
506663,6.5913,0.003050,327.88, 437.4857
506664,6.5942,0.002956,338.34, 437.4860
506665,6.5972,0.002966,337.12, 437.4861
506666,6.6001,0.002925,341.93, 437.4861
506667,6.6030,0.002956,338.33, 437.4929
506668,6.6060,0.002947,339.28, 437.4854
506669,6.6089,0.003074,325.36, 437.4861
506670,6.6118,0.003040,328.97, 437.4857
506671,6.6152,0.003125,320.04, 437.4861
506672,6.6182,0.002911,343.58, 437.4861
506673,6.6211,0.002999,333.42, 437.4860
506674,6.6240,0.002930,341.36, 437.4861
506675,6.6270,0.003089,323.70, 437.4861
506676,6.6299,0.002977,335.87, 437.4860
506677,6.6328,0.003014,331.75, 437.4861
506678,6.6362,0.002938,340.39, 437.4854
506679,6.6392,0.003081,324.62, 437.4860
506680,6.6421,0.002990,334.48, 437.4857
506681,6.6450,0.003005,332.79, 437.4854
506682,6.6479,0.002922,342.24, 437.4860
506683,6.6509,0.003069,325.82, 437.4857
506684,6.6538,0.002920,342.51, 437.4861
506685,6.6572,0.003030,329.99, 437.4857
506686,6.6602,0.002942,339.87, 437.4861
506687,6.6631,0.003034,329.61, 437.4857
506688,6.6660,0.002945,339.62, 437.4860
506689,6.6689,0.003030,330.00, 437.4857
506690,6.6719,0.002935,340.72, 437.4857
506691,6.6748,0.003052,327.71, 437.4860
506692,6.6777,0.002931,341.24, 437.4861
506693,6.6807,0.003031,329.88, 437.4861
506694,6.6841,0.002955,338.42, 437.4860
506695,6.6870,0.003066,326.17, 437.4861
506696,6.6899,0.002995,333.89, 437.4861
506697,6.6929,0.003024,330.67, 437.4860
506698,6.6958,0.002926,341.74, 437.4861
506699,6.6987,0.003041,328.89, 437.4861
506700,6.7017,0.002941,340.06, 437.4860
506701,6.7051,0.003023,330.81, 437.4861
506702,6.7080,0.002961,337.75, 437.4861
506703,6.7109,0.003149,317.55, 437.4860
506704,6.7139,0.002928,341.53, 437.4861
506705,6.7168,0.003008,332.50, 437.4857
506706,6.7197,0.002960,337.86, 437.4860
506707,6.7231,0.003036,329.42, 437.4861
506708,6.7261,0.002945,339.58, 437.4861
506709,6.7290,0.002975,336.15, 437.4860
506710,6.7319,0.002932,341.09, 437.4861
506711,6.7349,0.003033,329.73, 437.4861
506712,6.7378,0.002920,342.50, 437.4860
506713,6.7407,0.002986,334.93, 437.4857
506714,6.7437,0.002991,334.30, 437.4861
506715,6.7466,0.002957,338.20, 437.4860
506716,6.7495,0.002941,340.06, 437.4861
506717,6.7524,0.003004,332.91, 437.4861
506718,6.7554,0.002940,340.12, 437.4860
506719,6.7583,0.002981,335.50, 437.4854
506720,6.7617,0.002964,337.44, 437.4904
506721,6.7642,0.002889,346.09, 437.5003
506722,6.7676,0.003023,330.80, 437.4854
506723,6.7705,0.003057,327.09, 437.4857
506724,6.7734,0.003018,331.32, 437.4857
506725,6.7764,0.003015,331.70, 437.4861
506726,6.7793,0.003044,328.55, 437.4854
506727,6.7827,0.003082,324.46, 437.4860
506728,6.7856,0.003051,327.72, 437.4861
506729,6.7886,0.003047,328.15, 437.4857
506730,6.7915,0.002998,333.59, 437.4854
506731,6.7944,0.002934,340.80, 437.4861
506732,6.7974,0.002959,337.94, 437.4854
506733,6.8008,0.002971,336.55, 437.4860
506734,6.8037,0.003002,333.13, 437.4861
506735,6.8066,0.002945,339.55, 437.4857
506736,6.8096,0.002978,335.75, 437.4860
506737,6.8125,0.002944,339.71, 437.4861
506738,6.8154,0.002980,335.54, 437.4861
506739,6.8184,0.002964,337.35, 437.4860
506740,6.8213,0.002978,335.82, 437.4861
506741,6.8242,0.002919,342.64, 437.4861
506742,6.8271,0.003054,327.40, 437.4860
506743,6.8306,0.003071,325.66, 437.4861
506744,6.8335,0.003087,323.93, 437.4861
506745,6.8364,0.002986,334.95, 437.4857
506746,6.8394,0.003073,325.41, 437.4861
506747,6.8428,0.002984,335.10, 437.4857
506748,6.8457,0.003027,330.35, 437.4860
506749,6.8486,0.002974,336.25, 437.4857
506750,6.8516,0.003048,328.06, 437.4857
506751,6.8545,0.002872,348.20, 437.5144
506752,6.8574,0.003168,315.68, 437.4861
506753,6.8608,0.003030,330.01, 437.4854
506754,6.8638,0.003049,327.99, 437.4857
506755,6.8667,0.002973,336.39, 437.4854
506756,6.8696,0.003029,330.20, 437.4861
506757,6.8726,0.002943,339.85, 437.4860
506758,6.8755,0.003032,329.87, 437.4861
506759,6.8789,0.003063,326.50, 437.4854
506760,6.8818,0.003029,330.12, 437.4857
506761,6.8848,0.002935,340.68, 437.4854
506762,6.8877,0.003090,323.58, 437.4861
506763,6.8906,0.002962,337.64, 437.4860
506764,6.8940,0.003079,324.76, 437.4861
506765,6.8970,0.002947,339.31, 437.4854
506766,6.8999,0.003002,333.09, 437.4860
506767,6.9028,0.002941,340.07, 437.4857
506768,6.9058,0.003063,326.43, 437.4861
506769,6.9087,0.003011,332.15, 437.4854
506770,6.9121,0.003075,325.19, 437.4854
506771,6.9150,0.002964,337.38, 437.4854
506772,6.9180,0.003023,330.78, 437.4857
506773,6.9209,0.002987,334.82, 437.4854
506774,6.9238,0.003055,327.32, 437.4857
506775,6.9268,0.002986,334.91, 437.4860
506776,6.9297,0.003039,329.04, 437.4857
506777,6.9331,0.002936,340.65, 437.4854
506778,6.9360,0.003041,328.84, 437.4854
506779,6.9390,0.003020,331.15, 437.4857
506780,6.9419,0.003035,329.45, 437.4857
506781,6.9448,0.002957,338.16, 437.4857
506782,6.9478,0.003018,331.35, 437.4861
506783,6.9507,0.002976,336.01, 437.4854
506784,6.9541,0.003017,331.44, 437.4860
506785,6.9570,0.003030,330.07, 437.4854
506786,6.9600,0.003172,315.24, 437.4854
506787,6.9634,0.003021,331.01, 437.4860
506788,6.9663,0.003019,331.22, 437.4854
506789,6.9692,0.002978,335.76, 437.4861
506790,6.9722,0.003091,323.56, 437.4854
506791,6.9751,0.003005,332.80, 437.4861
506792,6.9780,0.003023,330.83, 437.4854
506793,6.9814,0.002964,337.37, 437.4860
506794,6.9844,0.003020,331.15, 437.4861
506795,6.9873,0.002999,333.40, 437.4854
506796,6.9902,0.003130,319.47, 437.4854
506797,6.9932,0.002949,339.11, 437.4857
506798,6.9961,0.002978,335.78, 437.4861
506799,6.9995,0.002986,334.88, 437.4857
506800,7.0024,0.003022,330.90, 437.4854
506801,7.0054,0.002965,337.28, 437.4861
506802,7.0083,0.003015,331.63, 437.4854
506803,7.0112,0.003011,332.13, 437.4861
506804,7.0142,0.003008,332.45, 437.4857
506805,7.0176,0.003030,330.01, 437.4968
506806,7.0205,0.003265,306.26, 437.4854
506807,7.0244,0.003637,274.93, 437.4861
506808,7.0278,0.003358,297.78, 437.4857
506809,7.0308,0.003146,317.89, 437.4861
506810,7.0337,0.003064,326.39, 437.4857
506811,7.0366,0.002947,339.31, 437.4860
506812,7.0400,0.003031,329.94, 437.4861
506813,7.0430,0.002996,333.73, 437.4857
506814,7.0459,0.002964,337.44, 437.4860
506815,7.0488,0.002888,346.22, 437.4861
506816,7.0518,0.002994,334.05, 437.4861
506817,7.0547,0.002847,351.22, 437.4854
506818,7.0576,0.003011,332.10, 437.4857
506819,7.0605,0.002942,339.92, 437.4861
506820,7.0635,0.002974,336.28, 437.4860
506821,7.0664,0.002903,344.46, 437.4861
506822,7.0693,0.002960,337.86, 437.4861
506823,7.0723,0.002945,339.58, 437.4860
506824,7.0752,0.002960,337.88, 437.4861
506825,7.0781,0.002924,341.95, 437.4861
506826,7.0811,0.003011,332.14, 437.4860
506827,7.0840,0.002921,342.31, 437.4861
506828,7.0869,0.002975,336.18, 437.4857
506829,7.0898,0.002941,340.02, 437.4860
506830,7.0928,0.002990,334.48, 437.4861
506831,7.0957,0.002962,337.62, 437.4861
506832,7.0986,0.002973,336.34, 437.4860
506833,7.1021,0.002971,336.61, 437.4861
506834,7.1050,0.002934,340.79, 437.4854
506835,7.1079,0.002963,337.52, 437.4860
506836,7.1108,0.003023,330.85, 437.4857
506837,7.1138,0.002959,338.01, 437.4861
506838,7.1167,0.003029,330.17, 437.4854
506839,7.1196,0.002997,333.72, 437.4861
506840,7.1226,0.002951,338.88, 437.4879
506841,7.1255,0.002987,334.81, 437.4860
506842,7.1289,0.002988,334.64, 437.4857
506843,7.1318,0.003024,330.71, 437.4861
506844,7.1348,0.002893,345.71, 437.4860
506845,7.1377,0.002953,338.65, 437.4861
506846,7.1406,0.002974,336.30, 437.4861
506847,7.1436,0.003250,307.70, 437.4860
506848,7.1465,0.002933,340.96, 437.4861
506849,7.1499,0.002985,335.01, 437.4854
506850,7.1528,0.002938,340.41, 437.4860
506851,7.1558,0.003050,327.92, 437.4857
506852,7.1592,0.003282,304.68, 437.4854
506853,7.1631,0.003938,253.91, 437.4860
506854,7.1660,0.003030,329.99, 437.4861
506855,7.1689,0.002956,338.31, 437.4861
506856,7.1719,0.002979,335.66, 437.4860
506857,7.1748,0.002986,334.95, 437.4861
506858,7.1777,0.002996,333.81, 437.4861
506859,7.1807,0.002981,335.41, 437.4860
506860,7.1836,0.002948,339.27, 437.4857
506861,7.1865,0.002933,340.98, 437.4861
506862,7.1899,0.003028,330.26, 437.4854
506863,7.1929,0.003116,320.96, 437.4861
506864,7.1958,0.002976,336.00, 437.4854
506865,7.1987,0.002955,338.42, 437.4857
506866,7.2017,0.002969,336.78, 437.4854
506867,7.2046,0.002987,334.80, 437.4861
506868,7.2075,0.002981,335.45, 437.4854
506869,7.2109,0.002987,334.78, 437.4861
506870,7.2134,0.002921,342.37, 437.4854
506871,7.2168,0.002938,340.33, 437.4860
506872,7.2197,0.002929,341.47, 437.4861
506873,7.2227,0.003035,329.48, 437.4861
506874,7.2256,0.002908,343.84, 437.4860
506875,7.2285,0.002975,336.15, 437.4861
506876,7.2314,0.002906,344.08, 437.4861
506877,7.2344,0.002966,337.13, 437.4860
506878,7.2373,0.002930,341.34, 437.4861
506879,7.2402,0.003025,330.56, 437.4861
506880,7.2432,0.002926,341.75, 437.4857
506881,7.2461,0.003005,332.81, 437.4861
506882,7.2490,0.002881,347.08, 437.4861
506883,7.2520,0.003025,330.59, 437.4860
506884,7.2549,0.002848,351.15, 437.4861
506885,7.2578,0.002976,336.00, 437.4861
506886,7.2607,0.002914,343.19, 437.4860
506887,7.2637,0.002980,335.60, 437.4857
506888,7.2666,0.002928,341.51, 437.4861
506889,7.2695,0.002980,335.57, 437.4860
506890,7.2725,0.002935,340.67, 437.4861
506891,7.2754,0.002973,336.36, 437.4854
506892,7.2783,0.002920,342.49, 437.4860
506893,7.2813,0.002957,338.16, 437.4861
506894,7.2847,0.002963,337.52, 437.4861
506895,7.2876,0.002913,343.30, 437.4860
506896,7.2905,0.002951,338.90, 437.4861
506897,7.2935,0.002962,337.67, 437.4861
506898,7.2964,0.002943,339.74, 437.4860
506899,7.2993,0.002911,343.51, 437.4861
506900,7.3022,0.002942,339.94, 437.4861
506901,7.3052,0.002911,343.56, 437.4860
506902,7.3081,0.002984,335.14, 437.4857
506903,7.3110,0.002942,339.94, 437.4861
506904,7.3140,0.002966,337.17, 437.4860
506905,7.3169,0.002900,344.79, 437.4861
506906,7.3198,0.003033,329.74, 437.4861
506907,7.3228,0.002919,342.56, 437.4860
506908,7.3257,0.003013,331.88, 437.4861
506909,7.3286,0.002939,340.31, 437.4861
506910,7.3315,0.003034,329.59, 437.4860
506911,7.3345,0.002890,346.00, 437.4854
506912,7.3374,0.002940,340.16, 437.4861
506913,7.3403,0.002854,350.37, 437.4860
506914,7.3433,0.003055,327.31, 437.4857
506915,7.3462,0.002940,340.11, 437.4861
506916,7.3496,0.002992,334.25, 437.4860
506917,7.3521,0.002910,343.67, 437.4861
506918,7.3555,0.003004,332.86, 437.4854
506919,7.3584,0.002916,342.99, 437.4860
506920,7.3613,0.002991,334.29, 437.4861
506921,7.3643,0.003092,323.47, 437.4861
506922,7.3672,0.003023,330.80, 437.4860
506923,7.3701,0.002919,342.64, 437.4861
506924,7.3730,0.003008,332.45, 437.4861
506925,7.3760,0.002937,340.52, 437.4854
506926,7.3794,0.002996,333.80, 437.4861
506927,7.3818,0.002882,347.01, 437.4861
506928,7.3848,0.002949,339.08, 437.4860
506929,7.3877,0.002916,342.95, 437.4861
506930,7.3911,0.002985,335.03, 437.4861
506931,7.3940,0.002967,337.00, 437.4860
506932,7.3970,0.002985,335.04, 437.4861
506933,7.3999,0.002925,341.89, 437.4861
506934,7.4028,0.002983,335.19, 437.4857
506935,7.4058,0.002926,341.79, 437.4861
506936,7.4087,0.002921,342.36, 437.4861
506937,7.4116,0.003219,310.70, 437.4860
506938,7.4150,0.003177,314.72, 437.4861
506939,7.4180,0.002981,335.44, 437.4861
506940,7.4209,0.002964,337.35, 437.4860
506941,7.4238,0.002965,337.33, 437.4861
506942,7.4268,0.002973,336.39, 437.4857
506943,7.4297,0.002961,337.70, 437.4860
506944,7.4326,0.002948,339.20, 437.4861
506945,7.4355,0.002936,340.60, 437.4861
506946,7.4385,0.002922,342.28, 437.4854
506947,7.4419,0.003073,325.44, 437.4861
506948,7.4448,0.003062,326.55, 437.4861
506949,7.4478,0.003017,331.49, 437.4860
506950,7.4507,0.002920,342.49, 437.4861
506951,7.4536,0.002937,340.50, 437.4861
506952,7.4565,0.002972,336.47, 437.4860
506953,7.4604,0.003731,268.01, 437.4854
506954,7.4639,0.003450,289.87, 437.4855
506955,7.4668,0.003166,315.85, 437.4860
506956,7.4702,0.003429,291.63, 437.4909
506957,7.4741,0.003716,269.13, 437.4854
506958,7.4775,0.003555,281.32, 437.4855
506959,7.4810,0.003238,308.87, 437.4857
506960,7.4839,0.003107,321.81, 437.4855
506961,7.4868,0.003009,332.39, 437.4857
506962,7.4902,0.003144,318.10, 437.4854
506963,7.4932,0.003011,332.16, 437.4861
506964,7.4961,0.002973,336.38, 437.4860
506965,7.4990,0.002936,340.61, 437.4861
506966,7.5020,0.002975,336.16, 437.4854
506967,7.5049,0.002916,342.98, 437.4860
506968,7.5078,0.003034,329.58, 437.4854
506969,7.5112,0.002970,336.72, 437.4861
506970,7.5142,0.002983,335.29, 437.4854
506971,7.5171,0.002890,346.04, 437.4861
506972,7.5200,0.003012,332.04, 437.4861
506973,7.5229,0.003047,328.19, 437.4854
506974,7.5259,0.003012,331.98, 437.4857
506975,7.5288,0.002908,343.86, 437.4861
506976,7.5317,0.002992,334.27, 437.4860
506977,7.5347,0.002883,346.86, 437.4861
506978,7.5376,0.003011,332.10, 437.4861
506979,7.5405,0.002890,345.97, 437.4860
506980,7.5439,0.003110,321.52, 437.4861
506981,7.5469,0.002926,341.78, 437.4861
506982,7.5498,0.003005,332.83, 437.4857
506983,7.5527,0.002943,339.74, 437.4861
506984,7.5557,0.002975,336.12, 437.4861
506985,7.5586,0.002937,340.53, 437.4857
506986,7.5615,0.002948,339.22, 437.4857
506987,7.5645,0.002858,349.87, 437.4861
506988,7.5674,0.002964,337.38, 437.4860
506989,7.5703,0.002948,339.18, 437.4857
506990,7.5732,0.002948,339.17, 437.4861
506991,7.5762,0.002910,343.67, 437.4860
506992,7.5791,0.002910,343.64, 437.4861
506993,7.5820,0.002940,340.09, 437.4861
506994,7.5850,0.002898,345.07, 437.4860
506995,7.5879,0.002929,341.46, 437.4861
506996,7.5908,0.002932,341.05, 437.4857
506997,7.5938,0.002961,337.77, 437.4860
506998,7.5967,0.002954,338.55, 437.4861
506999,7.5996,0.002956,338.26, 437.4861
507000,7.6025,0.002926,341.76, 437.4857
507001,7.6055,0.002938,340.40, 437.4861
507002,7.6084,0.002887,346.44, 437.4854
507003,7.6113,0.003038,329.14, 437.4860
507004,7.6143,0.003116,320.90, 437.4857
507005,7.6177,0.003020,331.10, 437.4861
507006,7.6206,0.002950,339.03, 437.4854
507007,7.6235,0.003007,332.51, 437.4861
507008,7.6265,0.002908,343.87, 437.4854
507009,7.6294,0.003022,330.88, 437.4854
507010,7.6323,0.002934,340.82, 437.4854
507011,7.6353,0.002979,335.64, 437.4861
507012,7.6382,0.002881,347.15, 437.4860
507013,7.6411,0.003039,329.11, 437.4861
507014,7.6440,0.002961,337.71, 437.4861
507015,7.6475,0.003048,328.14, 437.4860
507016,7.6499,0.002912,343.42, 437.4861
507017,7.6533,0.003052,327.71, 437.4861
507018,7.6563,0.002927,341.62, 437.4860
507019,7.6592,0.003017,331.49, 437.4857
507020,7.6621,0.002943,339.80, 437.4861
507021,7.6650,0.002984,335.14, 437.4860
507022,7.6680,0.002893,345.70, 437.4861
507023,7.6709,0.002981,335.49, 437.4861
507024,7.6738,0.002896,345.29, 437.4860
507025,7.6768,0.002983,335.20, 437.4861
507026,7.6797,0.002925,341.85, 437.4861
507027,7.6826,0.002980,335.62, 437.4860
507028,7.6855,0.002894,345.59, 437.4861
507029,7.6885,0.002988,334.65, 437.4861
507030,7.6914,0.002964,337.34, 437.4860
507031,7.6943,0.002979,335.65, 437.4861
507032,7.6973,0.002910,343.61, 437.4861
507033,7.7002,0.002945,339.58, 437.4854
507034,7.7036,0.002990,334.43, 437.4861
507035,7.7065,0.002915,343.06, 437.4861
507036,7.7095,0.003028,330.29, 437.4857
507037,7.7124,0.002976,336.03, 437.4854
507038,7.7153,0.002999,333.41, 437.4861
507039,7.7183,0.002926,341.81, 437.4860
507040,7.7212,0.002956,338.33, 437.4861
507041,7.7241,0.003046,328.28, 437.4861
507042,7.7275,0.003084,324.23, 437.4860
507043,7.7305,0.002990,334.45, 437.4861
507044,7.7334,0.002979,335.69, 437.4861
507045,7.7363,0.002931,341.18, 437.4860
507046,7.7393,0.003016,331.59, 437.4861
507047,7.7422,0.002982,335.35, 437.4861
507048,7.7451,0.002991,334.31, 437.4857
507049,7.7480,0.003080,324.66, 437.4861
507050,7.7515,0.003190,313.45, 437.4857
507051,7.7544,0.003031,329.95, 437.4860
507052,7.7578,0.003113,321.22, 437.4861
507053,7.7607,0.002985,335.06, 437.4861
507054,7.7637,0.003022,330.91, 437.4860
507055,7.7666,0.002908,343.94, 437.5005
507056,7.7695,0.003026,330.46, 437.4857
507057,7.7725,0.002999,333.47, 437.4860
507058,7.7754,0.003028,330.24, 437.4857
507059,7.7783,0.002970,336.71, 437.4857
507060,7.7817,0.003022,330.94, 437.4860
507061,7.7847,0.002975,336.11, 437.4857
507062,7.7876,0.003030,330.08, 437.4857
507063,7.7905,0.002943,339.79, 437.4860
507064,7.7935,0.003060,326.82, 437.4861
507065,7.7964,0.002938,340.36, 437.4861
507066,7.7993,0.003005,332.81, 437.4854
507067,7.8027,0.002958,338.04, 437.4854
507068,7.8057,0.003129,319.56, 437.4854
507069,7.8086,0.003014,331.82, 437.4948
507070,7.8115,0.003041,328.82, 437.4861
507071,7.8145,0.002896,345.33, 437.4861
507072,7.8179,0.003071,325.66, 437.4854
507073,7.8208,0.003032,329.80, 437.4861
507074,7.8237,0.003065,326.26, 437.4857
507075,7.8267,0.002961,337.72, 437.4857
507076,7.8296,0.003026,330.48, 437.4861
507077,7.8325,0.002946,339.40, 437.4861
507078,7.8359,0.003230,309.63, 437.4854
507079,7.8389,0.003071,325.64, 437.4861
507080,7.8423,0.003086,324.01, 437.4861
507081,7.8452,0.002970,336.69, 437.4857
507082,7.8481,0.003009,332.37, 437.4861
507083,7.8511,0.002952,338.79, 437.4861
507084,7.8540,0.003093,323.32, 437.4854
507085,7.8569,0.002874,347.94, 437.5144
507086,7.8599,0.003048,328.14, 437.4854
507087,7.8628,0.002937,340.48, 437.4860
507088,7.8657,0.003014,331.76, 437.4857
507089,7.8691,0.002954,338.54, 437.4861
507090,7.8721,0.003044,328.52, 437.4857
507091,7.8750,0.002911,343.58, 437.4861
507092,7.8779,0.003029,330.15, 437.4857
507093,7.8809,0.002972,336.44, 437.4860
507094,7.8838,0.003043,328.59, 437.4857
507095,7.8867,0.002929,341.47, 437.4861
507096,7.8901,0.003086,324.01, 437.4860
507097,7.8931,0.002972,336.53, 437.4861
507098,7.8960,0.003025,330.59, 437.4854
507099,7.8989,0.002998,333.52, 437.4860
507100,7.9019,0.003020,331.17, 437.4861
507101,7.9048,0.002919,342.62, 437.4861
507102,7.9077,0.003025,330.63, 437.4854
507103,7.9106,0.002995,333.89, 437.4854
507104,7.9141,0.003038,329.19, 437.4854
507105,7.9170,0.003032,329.82, 437.4860
507106,7.9199,0.003017,331.50, 437.4861
507107,7.9229,0.002940,340.15, 437.4861
507108,7.9258,0.002995,333.86, 437.4857
507109,7.9287,0.002995,333.86, 437.4861
507110,7.9321,0.003018,331.30, 437.4861
507111,7.9351,0.002946,339.47, 437.4860
507112,7.9380,0.002979,335.74, 437.4857
507113,7.9409,0.002987,334.83, 437.4861
507114,7.9438,0.002999,333.44, 437.4879
507115,7.9468,0.002965,337.28, 437.4861
507116,7.9497,0.002988,334.64, 437.4854
507117,7.9526,0.003002,333.14, 437.4860
507118,7.9556,0.002986,334.87, 437.4854
507119,7.9590,0.003056,327.18, 437.4861
507120,7.9619,0.002965,337.29, 437.4854
507121,7.9648,0.002949,339.08, 437.4861
507122,7.9678,0.002922,342.29, 437.4857
507123,7.9707,0.002981,335.51, 437.4860
507124,7.9736,0.003087,323.94, 437.4854
507125,7.9766,0.003033,329.71, 437.4861
507126,7.9795,0.002948,339.17, 437.4857
507127,7.9824,0.002964,337.42, 437.4861
507128,7.9854,0.002907,344.02, 437.4861
507129,7.9888,0.003122,320.35, 437.4860
507130,7.9917,0.003008,332.41, 437.4857
507131,7.9946,0.003034,329.61, 437.4861
507132,7.9976,0.002941,340.04, 437.4857
507133,8.0005,0.003010,332.25, 437.4861
507134,8.0039,0.002978,335.75, 437.4854
507135,8.0068,0.003112,321.38, 437.4860
507136,8.0098,0.003075,325.19, 437.4857
507137,8.0127,0.003026,330.44, 437.4861
507138,8.0156,0.002947,339.34, 437.4860
507139,8.0190,0.003002,333.12, 437.4861
507140,8.0220,0.003055,327.31, 437.4861
507141,8.0249,0.003066,326.21, 437.4857
507142,8.0278,0.002953,338.63, 437.4861
507143,8.0308,0.003021,331.01, 437.4854
507144,8.0342,0.003052,327.64, 437.4854
507145,8.0371,0.002990,334.44, 437.4861
507146,8.0400,0.002953,338.59, 437.4854
507147,8.0430,0.003040,328.95, 437.4860
507148,8.0459,0.002970,336.70, 437.4861
507149,8.0488,0.003074,325.30, 437.4861
507150,8.0518,0.002998,333.57, 437.4854
507151,8.0552,0.002999,333.41, 437.4861
507152,8.0581,0.002939,340.23, 437.4861
507153,8.0610,0.003164,316.07, 437.4860
507154,8.0640,0.002973,336.34, 437.4854
507155,8.0669,0.002987,334.81, 437.4861
507156,8.0698,0.002948,339.22, 437.4879
507157,8.0732,0.003040,328.93, 437.4861
507158,8.0762,0.002913,343.27, 437.4861
507159,8.0791,0.003053,327.59, 437.4860
507160,8.0820,0.002880,347.26, 437.5147
507161,8.0850,0.003184,314.03, 437.4861
507162,8.0879,0.002897,345.17, 437.4860
507163,8.0913,0.003144,318.12, 437.4861
507164,8.0942,0.002942,339.94, 437.4861
507165,8.0972,0.002993,334.12, 437.4857
507166,8.1001,0.003011,332.14, 437.4857
507167,8.1030,0.003037,329.23, 437.4861
507168,8.1060,0.002982,335.33, 437.4860
507169,8.1094,0.003078,324.92, 437.4861
507170,8.1123,0.003051,327.72, 437.4854
507171,8.1152,0.003020,331.14, 437.4860
507172,8.1182,0.002892,345.78, 437.4861
507173,8.1211,0.003042,328.71, 437.4861
507174,8.1240,0.002879,347.40, 437.4860
507175,8.1270,0.003019,331.27, 437.4861
507176,8.1299,0.003048,328.13, 437.4861
507177,8.1333,0.003020,331.09, 437.4857
507178,8.1362,0.002885,346.60, 437.4861
507179,8.1392,0.003018,331.33, 437.4861
507180,8.1421,0.002927,341.62, 437.4860
507181,8.1450,0.002991,334.38, 437.4857
507182,8.1479,0.002914,343.16, 437.4857
507183,8.1509,0.002986,334.93, 437.4860
507184,8.1538,0.002906,344.07, 437.4861
507185,8.1567,0.002984,335.14, 437.4861
507186,8.1597,0.002950,338.97, 437.4860
507187,8.1626,0.003009,332.38, 437.4861
507188,8.1655,0.002891,345.96, 437.4861
507189,8.1685,0.002991,334.33, 437.4860
507190,8.1714,0.002940,340.16, 437.4861
507191,8.1743,0.002935,340.72, 437.4854
507192,8.1777,0.003123,320.22, 437.4860
507193,8.1807,0.003228,309.83, 437.4861
507194,8.1836,0.002938,340.32, 437.4861
507195,8.1865,0.002923,342.11, 437.4860
507196,8.1895,0.002927,341.69, 437.4861
507197,8.1929,0.003096,322.99, 437.4861
507198,8.1958,0.003034,329.58, 437.4860
507199,8.1987,0.002985,335.00, 437.4861
507200,8.2017,0.003053,327.57, 437.4861
507201,8.2046,0.002950,339.04, 437.4860
507202,8.2075,0.002941,340.06, 437.4861
507203,8.2104,0.002949,339.12, 437.4857
507204,8.2134,0.002969,336.81, 437.4860
507205,8.2163,0.002894,345.52, 437.4857
507206,8.2192,0.002945,339.58, 437.4861
507207,8.2222,0.002920,342.45, 437.4860
507208,8.2251,0.002975,336.16, 437.4861
507209,8.2280,0.002960,337.79, 437.4861
507210,8.2314,0.002989,334.57, 437.4860
507211,8.2339,0.002865,349.10, 437.4861
507212,8.2373,0.002977,335.94, 437.4861
507213,8.2402,0.002935,340.76, 437.4857
507214,8.2432,0.003029,330.11, 437.4861
507215,8.2461,0.002872,348.20, 437.4861
507216,8.2490,0.002987,334.74, 437.4860
507217,8.2520,0.002908,343.84, 437.4861
507218,8.2549,0.002973,336.35, 437.4861
507219,8.2578,0.002903,344.47, 437.4860
507220,8.2607,0.002997,333.68, 437.4861
507221,8.2637,0.002938,340.38, 437.4861
507222,8.2666,0.002974,336.21, 437.4854
507223,8.2695,0.002921,342.36, 437.4861
507224,8.2725,0.003038,329.12, 437.4854
507225,8.2754,0.002945,339.55, 437.4860
507226,8.2783,0.002948,339.22, 437.4854
507227,8.2813,0.002906,344.07, 437.4861
507228,8.2842,0.002965,337.31, 437.4860
507229,8.2871,0.002935,340.75, 437.4861
507230,8.2900,0.002953,338.68, 437.4861
507231,8.2930,0.002924,342.02, 437.4860
507232,8.2959,0.002936,340.60, 437.4861
507233,8.2988,0.002962,337.63, 437.4861
507234,8.3022,0.002964,337.44, 437.4860
507235,8.3052,0.002969,336.83, 437.4861
507236,8.3081,0.002921,342.41, 437.4857
507237,8.3110,0.003023,330.75, 437.4860
507238,8.3140,0.002918,342.67, 437.4861
507239,8.3169,0.002935,340.73, 437.4861
507240,8.3198,0.002916,342.92, 437.4860
507241,8.3228,0.002963,337.50, 437.4861
507242,8.3257,0.002903,344.50, 437.4861
507243,8.3286,0.002988,334.64, 437.4857
507244,8.3315,0.002954,338.56, 437.4861
507245,8.3345,0.002981,335.46, 437.4861
507246,8.3374,0.002879,347.31, 437.4860
507247,8.3403,0.003011,332.09, 437.4861
507248,8.3433,0.002905,344.25, 437.4861
507249,8.3462,0.002975,336.09, 437.4860
507250,8.3491,0.002932,341.02, 437.4857
507251,8.3521,0.003052,327.64, 437.4861
507252,8.3550,0.002865,348.99, 437.4860
507253,8.3579,0.002994,333.97, 437.4861
507254,8.3608,0.002908,343.90, 437.4861
507255,8.3638,0.002997,333.69, 437.4860
507256,8.3667,0.002884,346.74, 437.4854
507257,8.3701,0.002997,333.64, 437.4861
507258,8.3726,0.002907,343.97, 437.4854
507259,8.3760,0.002963,337.51, 437.4861
507260,8.3789,0.003225,310.08, 437.4854
507261,8.3818,0.003092,323.40, 437.4857
507262,8.3848,0.002915,343.02, 437.4861
507263,8.3882,0.002978,335.85, 437.4861
507264,8.3906,0.002895,345.44, 437.4860
507265,8.3940,0.002977,335.92, 437.4861
507266,8.3970,0.002894,345.49, 437.4861
507267,8.3999,0.002956,338.30, 437.4860
507268,8.4023,0.002888,346.27, 437.4861
507269,8.4058,0.002960,337.82, 437.4861
507270,8.4087,0.002959,337.94, 437.4860
507271,8.4116,0.002960,337.88, 437.4861
507272,8.4146,0.002931,341.23, 437.4861
507273,8.4175,0.002893,345.69, 437.4860
507274,8.4204,0.002941,339.99, 437.4857
507275,8.4233,0.002958,338.07, 437.4857
507276,8.4263,0.003043,328.59, 437.4860
507277,8.4297,0.003287,304.19, 437.4857
507278,8.4326,0.003050,327.86, 437.4861
507279,8.4355,0.002919,342.56, 437.4860
507280,8.4385,0.002946,339.42, 437.4861
507281,8.4414,0.002986,334.86, 437.4861
507282,8.4443,0.002971,336.61, 437.4854
507283,8.4473,0.002912,343.38, 437.4861
507284,8.4502,0.002955,338.39, 437.4861
507285,8.4531,0.002956,338.25, 437.4854
507286,8.4561,0.002919,342.64, 437.4861
507287,8.4590,0.002887,346.34, 437.4861
507288,8.4619,0.002999,333.42, 437.4860
507289,8.4648,0.002919,342.63, 437.4861
507290,8.4678,0.002962,337.66, 437.4861
507291,8.4707,0.002915,343.02, 437.4860
507292,8.4741,0.003285,304.40, 437.4854
507293,8.4775,0.003331,300.21, 437.4857
507294,8.4805,0.003121,320.41, 437.4860
507295,8.4839,0.003177,314.79, 437.4857
507296,8.4873,0.003383,295.58, 437.4854
507297,8.4907,0.003618,276.43, 437.4879
507298,8.4941,0.003286,304.33, 437.4854
507299,8.4971,0.003133,319.22, 437.4861
507300,8.5000,0.002960,337.89, 437.4860
507301,8.5029,0.003078,324.85, 437.4861
507302,8.5059,0.002910,343.63, 437.4861
507303,8.5093,0.003020,331.14, 437.4857
507304,8.5122,0.003158,316.66, 437.4861
507305,8.5151,0.003037,329.26, 437.4854
507306,8.5181,0.002973,336.37, 437.4860
507307,8.5215,0.003044,328.49, 437.4861
507308,8.5244,0.002914,343.19, 437.4861
507309,8.5273,0.002993,334.14, 437.4857
507310,8.5303,0.003003,333.02, 437.4857
507311,8.5332,0.002971,336.64, 437.4854
507312,8.5361,0.002937,340.51, 437.4860
507313,8.5391,0.002964,337.44, 437.4861
507314,8.5420,0.002991,334.34, 437.4861
507315,8.5449,0.002949,339.16, 437.4860
507316,8.5479,0.002930,341.36, 437.4861
507317,8.5508,0.003001,333.21, 437.4857
507318,8.5537,0.002962,337.62, 437.4860
507319,8.5566,0.002919,342.64, 437.4861
507320,8.5601,0.002996,333.78, 437.4861
507321,8.5630,0.002904,344.34, 437.4860
507322,8.5659,0.002955,338.36, 437.4861
507323,8.5688,0.003057,327.16, 437.4861
507324,8.5718,0.003045,328.39, 437.4860
507325,8.5747,0.002948,339.27, 437.4861
507326,8.5776,0.002986,334.85, 437.4861
507327,8.5806,0.002903,344.46, 437.4860
507328,8.5835,0.002977,335.97, 437.4861
507329,8.5864,0.002922,342.21, 437.4861
507330,8.5894,0.003000,333.36, 437.4854
507331,8.5923,0.002929,341.47, 437.4857
507332,8.5957,0.003081,324.62, 437.4861
507333,8.5986,0.002932,341.02, 437.4860
507334,8.6016,0.003119,320.62, 437.4857
507335,8.6045,0.002890,345.97, 437.4861
507336,8.6074,0.003000,333.38, 437.4860
507337,8.6104,0.002943,339.82, 437.4861
507338,8.6138,0.003113,321.29, 437.4857
507339,8.6167,0.003091,323.56, 437.4860
507340,8.6196,0.003057,327.17, 437.4861
507341,8.6226,0.002920,342.45, 437.4857
507342,8.6255,0.003013,331.94, 437.4857
507343,8.6284,0.002884,346.74, 437.4861
507344,8.6313,0.003011,332.12, 437.4854
507345,8.6343,0.002878,347.49, 437.4860
507346,8.6372,0.002959,338.01, 437.4857
507347,8.6401,0.002885,346.67, 437.4861
507348,8.6431,0.002977,335.97, 437.4860
507349,8.6460,0.002962,337.60, 437.4861
507350,8.6494,0.003251,307.65, 437.4854
507351,8.6523,0.003020,331.18, 437.4860
507352,8.6558,0.003069,325.83, 437.4854
507353,8.6582,0.002921,342.37, 437.4861
507354,8.6616,0.003058,326.97, 437.4857
507355,8.6646,0.002962,337.61, 437.4861
507356,8.6675,0.003073,325.45, 437.4854
507357,8.6704,0.003115,321.00, 437.4860
507358,8.6738,0.003037,329.23, 437.4857
507359,8.6768,0.002975,336.17, 437.4879
507360,8.6797,0.003034,329.57, 437.4854
507361,8.6826,0.002947,339.36, 437.4861
507362,8.6855,0.002982,335.40, 437.4857
507363,8.6885,0.002909,343.75, 437.4860
507364,8.6914,0.003051,327.82, 437.4857
507365,8.6948,0.003022,330.96, 437.4861
507366,8.6978,0.002996,333.78, 437.4860
507367,8.7007,0.002941,340.03, 437.4861
507368,8.7036,0.002962,337.67, 437.4861
507369,8.7065,0.002970,336.66, 437.4860
507370,8.7095,0.003027,330.41, 437.4854
507371,8.7124,0.003014,331.74, 437.4861
507372,8.7153,0.003024,330.72, 437.4857
507373,8.7188,0.003049,328.03, 437.5003
507374,8.7217,0.003009,332.39, 437.4854
507375,8.7246,0.002964,337.37, 437.4860
507376,8.7275,0.002951,338.87, 437.4857
507377,8.7305,0.003029,330.12, 437.4854
507378,8.7334,0.003049,328.00, 437.4857
507379,8.7368,0.002988,334.66, 437.4857
507380,8.7397,0.002957,338.17, 437.4857
507381,8.7427,0.003020,331.15, 437.4860
507382,8.7456,0.002936,340.63, 437.4861
507383,8.7485,0.002946,339.44, 437.4861
507384,8.7515,0.002953,338.70, 437.4860
507385,8.7544,0.003009,332.37, 437.4861
507386,8.7573,0.003080,324.63, 437.4854
507387,8.7607,0.003040,328.96, 437.4860
507388,8.7637,0.002954,338.52, 437.4854
507389,8.7666,0.002979,335.65, 437.4973
507390,8.7695,0.002928,341.58, 437.4860
507391,8.7725,0.003025,330.53, 437.4861
507392,8.7754,0.002937,340.52, 437.4861
507393,8.7783,0.003027,330.33, 437.4857
507394,8.7813,0.002976,335.99, 437.4854
507395,8.7842,0.002999,333.46, 437.4861
507396,8.7871,0.002934,340.83, 437.4854
507397,8.7905,0.003148,317.67, 437.4861
507398,8.7935,0.003057,327.15, 437.4854
507399,8.7964,0.003011,332.15, 437.4860
507400,8.7993,0.002958,338.05, 437.4854
507401,8.8027,0.003253,307.40, 437.4854
507402,8.8057,0.003057,327.13, 437.4857
507403,8.8086,0.003045,328.43, 437.4854
507404,8.8115,0.002937,340.45, 437.4879
507405,8.8149,0.003009,332.38, 437.4854
507406,8.8179,0.002995,333.91, 437.4854
507407,8.8208,0.003056,327.20, 437.4854
507408,8.8237,0.002920,342.42, 437.4860
507409,8.8267,0.003045,328.39, 437.4854
507410,8.8296,0.002965,337.27, 437.4854
507411,8.8330,0.003061,326.74, 437.4854
507412,8.8359,0.003020,331.18, 437.4854
507413,8.8389,0.003074,325.35, 437.4861
507414,8.8418,0.002978,335.77, 437.4860
507415,8.8447,0.003018,331.38, 437.4857
507416,8.8477,0.002918,342.69, 437.4861
507417,8.8511,0.003085,324.20, 437.4854
507418,8.8540,0.002937,340.54, 437.4857
507419,8.8569,0.003036,329.38, 437.4854
507420,8.8599,0.002897,345.22, 437.5153
507421,8.8628,0.003191,313.43, 437.4861
507422,8.8662,0.003112,321.32, 437.4854
507423,8.8691,0.003108,321.72, 437.4860
507424,8.8721,0.002986,334.94, 437.4854
507425,8.8755,0.003108,321.80, 437.4861
507426,8.8784,0.002980,335.54, 437.4854
507427,8.8813,0.003020,331.13, 437.4861
507428,8.8843,0.003015,331.65, 437.4854
507429,8.8872,0.003026,330.50, 437.4860
507430,8.8901,0.002955,338.44, 437.4854
507431,8.8931,0.003022,330.95, 437.4861
507432,8.8965,0.003094,323.20, 437.4854
507433,8.8994,0.003086,324.10, 437.4861
507434,8.9023,0.002969,336.80, 437.4854
507435,8.9053,0.003002,333.14, 437.4860
507436,8.9082,0.002878,347.44, 437.4861
507437,8.9116,0.003078,324.88, 437.4861
507438,8.9141,0.002919,342.64, 437.4860
507439,8.9175,0.003023,330.79, 437.4857
507440,8.9204,0.002946,339.45, 437.4857
507441,8.9233,0.003093,323.35, 437.4860
507442,8.9263,0.002996,333.81, 437.4861
507443,8.9292,0.003033,329.73, 437.4879
507444,8.9321,0.002969,336.80, 437.4860
507445,8.9355,0.003032,329.77, 437.4963
507446,8.9385,0.002910,343.63, 437.4857
507447,8.9414,0.003077,325.02, 437.4854
507448,8.9443,0.002950,338.96, 437.4861
507449,8.9473,0.003029,330.14, 437.4861
507450,8.9502,0.002941,339.99, 437.4857
507451,8.9531,0.002985,335.01, 437.4857
507452,8.9561,0.002953,338.67, 437.4861
507453,8.9595,0.003023,330.84, 437.4860
507454,8.9624,0.002963,337.53, 437.4861
507455,8.9653,0.002957,338.21, 437.4861
507456,8.9683,0.002889,346.10, 437.4860
507457,8.9712,0.003013,331.86, 437.4861
507458,8.9741,0.002950,339.04, 437.4861
507459,8.9771,0.002990,334.40, 437.4857
507460,8.9800,0.002971,336.58, 437.4861
507461,8.9829,0.003015,331.71, 437.4854
507462,8.9858,0.002931,341.24, 437.4857
507463,8.9888,0.002984,335.08, 437.4861
507464,8.9922,0.003031,329.96, 437.4861
507465,8.9951,0.002974,336.24, 437.4860
507466,8.9980,0.002932,341.05, 437.4861
507467,9.0010,0.002967,337.09, 437.4861
507468,9.0039,0.003083,324.39, 437.4860
507469,9.0073,0.003196,312.87, 437.4857
507470,9.0103,0.003059,326.90, 437.4857
507471,9.0132,0.002979,335.73, 437.4857
507472,9.0161,0.002948,339.17, 437.4861
507473,9.0190,0.002984,335.12, 437.4857
507474,9.0225,0.003237,308.90, 437.4854
507475,9.0254,0.003081,324.55, 437.4854
507476,9.0283,0.002963,337.52, 437.4861
507477,9.0313,0.003010,332.24, 437.4857
507478,9.0342,0.002927,341.61, 437.4857
507479,9.0371,0.003027,330.36, 437.4861
507480,9.0405,0.002988,334.66, 437.4860
507481,9.0435,0.003007,332.56, 437.4854
507482,9.0464,0.003005,332.81, 437.4857
507483,9.0493,0.002955,338.36, 437.4860
507484,9.0522,0.003051,327.82, 437.4861
507485,9.0552,0.002970,336.69, 437.4861
507486,9.0581,0.003012,332.03, 437.4860
507487,9.0615,0.002993,334.08, 437.4861
507488,9.0645,0.002970,336.73, 437.4861
507489,9.0674,0.003102,322.38, 437.4854
507490,9.0703,0.003092,323.40, 437.4861
507491,9.0732,0.002987,334.81, 437.4857
507492,9.0767,0.003028,330.25, 437.4854
507493,9.0796,0.002992,334.19, 437.4861
507494,9.0825,0.003120,320.53, 437.4861
507495,9.0854,0.002999,333.41, 437.4858
507496,9.0884,0.003032,329.83, 437.4861
507497,9.0918,0.002976,336.08, 437.4861
507498,9.0947,0.002956,338.33, 437.4860
507499,9.0977,0.002943,339.74, 437.4861
507500,9.1006,0.002996,333.77, 437.4861
507501,9.1035,0.002845,351.44, 437.4923
507502,9.1064,0.003008,332.42, 437.4861
507503,9.1094,0.002906,344.14, 437.4857
507504,9.1123,0.003047,328.23, 437.4857
507505,9.1152,0.003083,324.34, 437.4854
507506,9.1182,0.003008,332.46, 437.4861
507507,9.1211,0.002921,342.38, 437.4860
507508,9.1245,0.002999,333.43, 437.4861
507509,9.1274,0.002981,335.41, 437.4861
507510,9.1304,0.003002,333.11, 437.4860
507511,9.1333,0.002872,348.20, 437.4861
507512,9.1362,0.003068,325.98, 437.4861
507513,9.1392,0.002876,347.67, 437.4860
507514,9.1421,0.003038,329.21, 437.4854
507515,9.1450,0.002899,344.93, 437.4861
507516,9.1479,0.002978,335.77, 437.4857
507517,9.1509,0.002906,344.17, 437.4861
507518,9.1538,0.002966,337.15, 437.4857
507519,9.1567,0.002857,350.04, 437.4860
507520,9.1597,0.002975,336.13, 437.4857
507521,9.1626,0.002968,336.95, 437.4857
507522,9.1655,0.002936,340.65, 437.4857
507523,9.1685,0.002921,342.31, 437.4861
507524,9.1714,0.002968,336.97, 437.4861
507525,9.1743,0.002921,342.35, 437.4860
507526,9.1772,0.002948,339.19, 437.4857
507527,9.1802,0.002963,337.52, 437.4861
507528,9.1831,0.002919,342.63, 437.4860
507529,9.1860,0.002945,339.55, 437.4861
507530,9.1890,0.002915,343.04, 437.4861
507531,9.1919,0.003006,332.70, 437.4860
507532,9.1953,0.003221,310.45, 437.4861
507533,9.1982,0.003049,327.94, 437.4861
507534,9.2012,0.002950,338.99, 437.4860
507535,9.2041,0.002909,343.77, 437.4861
507536,9.2070,0.002889,346.14, 437.4861
507537,9.2104,0.003162,316.27, 437.4860
507538,9.2134,0.003164,316.03, 437.4854
507539,9.2168,0.003101,322.52, 437.4861
507540,9.2197,0.003076,325.11, 437.4854
507541,9.2227,0.003057,327.09, 437.5003
507542,9.2261,0.003164,316.11, 437.4857
507543,9.2290,0.003173,315.15, 437.4860
507544,9.2324,0.003174,315.02, 437.4854
507545,9.2354,0.003078,324.87, 437.4861
507546,9.2383,0.003156,316.84, 437.4857
507547,9.2417,0.003103,322.29, 437.4861
507548,9.2446,0.003191,313.43, 437.4861
507549,9.2480,0.003112,321.38, 437.4860
507550,9.2510,0.003155,316.97, 437.4854
507551,9.2539,0.003068,325.90, 437.4857
507552,9.2573,0.003204,312.11, 437.4860
507553,9.2603,0.003092,323.40, 437.4861
507554,9.2637,0.003131,319.43, 437.4857
507555,9.2666,0.002995,333.95, 437.4860
507556,9.2695,0.003132,319.32, 437.4861
507557,9.2729,0.003083,324.38, 437.4930
507558,9.2759,0.003261,306.68, 437.4860
507559,9.2793,0.003075,325.26, 437.5144
507560,9.2822,0.003142,318.29, 437.4857
507561,9.2852,0.003054,327.44, 437.4854
507562,9.2886,0.003133,319.20, 437.4861
507563,9.2915,0.003131,319.41, 437.4857
507564,9.2949,0.003175,315.01, 437.4860
507565,9.2979,0.003125,320.05, 437.4861
507566,9.3008,0.003111,321.42, 437.4854
507567,9.3042,0.003179,314.60, 437.4860
507568,9.3071,0.003097,322.90, 437.4861
507569,9.3101,0.002993,334.17, 437.4861
507570,9.3130,0.003008,332.48, 437.4857
507571,9.3159,0.002906,344.10, 437.4861
507572,9.3193,0.002993,334.07, 437.4854
507573,9.3223,0.003001,333.18, 437.4857
507574,9.3252,0.003100,322.57, 437.4861
507575,9.3281,0.003003,332.99, 437.4861
507576,9.3315,0.003220,310.61, 437.4860
507577,9.3345,0.003020,331.11, 437.4861
507578,9.3374,0.003027,330.32, 437.4861
507579,9.3403,0.002969,336.79, 437.4860
507580,9.3433,0.003002,333.09, 437.4861
507581,9.3462,0.002940,340.09, 437.4924
507582,9.3496,0.003004,332.94, 437.4860
507583,9.3525,0.003028,330.26, 437.4854
507584,9.3555,0.002973,336.34, 437.4861
507585,9.3584,0.002935,340.76, 437.4854
507586,9.3613,0.003012,332.01, 437.4857
507587,9.3643,0.002924,342.03, 437.4861
507588,9.3672,0.003029,330.13, 437.4860
507589,9.3701,0.002957,338.24, 437.4861
507590,9.3730,0.003012,332.05, 437.4854
507591,9.3760,0.002880,347.28, 437.4860
507592,9.3794,0.003030,330.00, 437.4861
507593,9.3823,0.003138,318.66, 437.4857
507594,9.3853,0.003054,327.40, 437.4860
507595,9.3882,0.002941,339.97, 437.4861
507596,9.3916,0.003085,324.14, 437.4854
507597,9.3945,0.002968,336.96, 437.4860
507598,9.3975,0.003042,328.76, 437.4861
507599,9.4004,0.002950,339.03, 437.4857
507600,9.4033,0.003037,329.25, 437.4857
507601,9.4063,0.002937,340.46, 437.4861
507602,9.4092,0.003083,324.41, 437.4854
507603,9.4126,0.002953,338.67, 437.4973
507604,9.4155,0.003020,331.08, 437.4861
507605,9.4185,0.002924,341.99, 437.4861
507606,9.4214,0.003130,319.47, 437.4854
507607,9.4243,0.003015,331.73, 437.4861
507608,9.4272,0.003044,328.50, 437.4861
507609,9.4307,0.002984,335.12, 437.4860
507610,9.4336,0.003016,331.60, 437.4861
507611,9.4365,0.002885,346.64, 437.4861
507612,9.4395,0.002972,336.53, 437.4860
507613,9.4424,0.002990,334.50, 437.4861
507614,9.4458,0.003397,294.39, 437.4857
507615,9.4487,0.003195,312.96, 437.4860
507616,9.4521,0.003077,325.01, 437.4854
507617,9.4551,0.002920,342.45, 437.4861
507618,9.4580,0.003110,321.58, 437.4854
507619,9.4614,0.003176,314.82, 437.5137
507620,9.4644,0.003291,303.86, 437.4857
507621,9.4673,0.002960,337.89, 437.4854
507622,9.4707,0.003174,315.10, 437.4861
507623,9.4736,0.003048,328.09, 437.4854
507624,9.4771,0.003602,277.62, 437.4860
507625,9.4805,0.003204,312.07, 437.4861
507626,9.4834,0.003125,320.02, 437.4857
507627,9.4868,0.003430,291.51, 437.4860
507628,9.4907,0.003562,280.75, 437.4857
507629,9.4941,0.003505,285.35, 437.4879
507630,9.4971,0.003139,318.57, 437.4860
507631,9.5005,0.003097,322.86, 437.4861
507632,9.5034,0.002972,336.46, 437.4861
507633,9.5063,0.003117,320.84, 437.4860
507634,9.5093,0.002980,335.58, 437.4861
507635,9.5122,0.003021,330.97, 437.4861
507636,9.5151,0.002925,341.90, 437.4860
507637,9.5186,0.002997,333.72, 437.4861
507638,9.5215,0.002976,336.01, 437.4998
507639,9.5244,0.003047,328.20, 437.4860
507640,9.5273,0.002948,339.22, 437.4861
507641,9.5303,0.002981,335.45, 437.4861
507642,9.5332,0.002955,338.40, 437.4860
507643,9.5361,0.002992,334.22, 437.4861
507644,9.5396,0.003124,320.15, 437.4861
507645,9.5425,0.003078,324.84, 437.4860
507646,9.5454,0.002949,339.13, 437.4861
507647,9.5483,0.002980,335.59, 437.4861
507648,9.5513,0.002946,339.45, 437.4860
507649,9.5542,0.003028,330.23, 437.4861
507650,9.5571,0.002928,341.50, 437.4857
507651,9.5601,0.003014,331.75, 437.4860
507652,9.5635,0.003011,332.13, 437.4861
507653,9.5664,0.002956,338.26, 437.4861
507654,9.5693,0.002975,336.09, 437.4860
507655,9.5723,0.002987,334.75, 437.4861
507656,9.5752,0.002981,335.44, 437.4861
507657,9.5781,0.002949,339.12, 437.4860
507658,9.5811,0.002969,336.87, 437.4861
507659,9.5840,0.002992,334.20, 437.4861
507660,9.5869,0.003018,331.35, 437.4857
507661,9.5903,0.002962,337.59, 437.4861
507662,9.5933,0.003011,332.14, 437.4854
507663,9.5962,0.002891,345.96, 437.4860
507664,9.5991,0.002974,336.24, 437.4861
507665,9.6021,0.002931,341.24, 437.4861
507666,9.6050,0.002955,338.47, 437.4857
507667,9.6079,0.003039,329.01, 437.4861
507668,9.6108,0.003053,327.60, 437.4854
507669,9.6138,0.003020,331.09, 437.4860
507670,9.6172,0.003047,328.23, 437.4857
507671,9.6201,0.003080,324.69, 437.4861
507672,9.6235,0.003212,311.34, 437.4860
507673,9.6265,0.002978,335.77, 437.4861
507674,9.6294,0.003017,331.51, 437.4861
507675,9.6323,0.002967,337.00, 437.4860
507676,9.6353,0.003013,331.86, 437.4861
507677,9.6382,0.002994,334.02, 437.4857
507678,9.6411,0.002992,334.27, 437.4860
507679,9.6440,0.002848,351.17, 437.4914
507680,9.6470,0.003014,331.82, 437.4861
507681,9.6499,0.002968,336.89, 437.4860
507682,9.6533,0.003017,331.49, 437.4857
507683,9.6563,0.002916,342.90, 437.4861
507684,9.6592,0.003036,329.37, 437.4854
507685,9.6621,0.002919,342.54, 437.4861
507686,9.6650,0.003033,329.75, 437.4857
507687,9.6680,0.002928,341.58, 437.4860
507688,9.6709,0.003055,327.39, 437.4854
507689,9.6738,0.002896,345.36, 437.4861
507690,9.6768,0.003022,330.90, 437.4860
507691,9.6797,0.002931,341.17, 437.4861
507692,9.6831,0.003041,328.83, 437.4861
507693,9.6860,0.002898,345.04, 437.4860
507694,9.6890,0.003045,328.40, 437.4857
507695,9.6919,0.002908,343.89, 437.4861
507696,9.6948,0.003036,329.36, 437.4857
507697,9.6978,0.002992,334.21, 437.4861
507698,9.7007,0.003007,332.58, 437.4857
507699,9.7036,0.002941,339.97, 437.4860
507700,9.7065,0.003009,332.37, 437.4857
507701,9.7100,0.002992,334.27, 437.4854
507702,9.7129,0.003090,323.66, 437.4854
507703,9.7158,0.002923,342.10, 437.4861
507704,9.7188,0.003049,327.97, 437.4861
507705,9.7217,0.002964,337.35, 437.4860
507706,9.7246,0.002998,333.58, 437.4854
507707,9.7275,0.002996,333.73, 437.4857
507708,9.7310,0.003039,329.10, 437.4854
507709,9.7339,0.002915,343.02, 437.4861
507710,9.7368,0.002966,337.17, 437.4854
507711,9.7397,0.002959,337.99, 437.4857
507712,9.7427,0.003030,330.02, 437.4854
507713,9.7456,0.002968,336.93, 437.4861
507714,9.7485,0.002958,338.12, 437.4857
507715,9.7515,0.002973,336.33, 437.4861
507716,9.7544,0.002949,339.13, 437.4861
507717,9.7573,0.002974,336.26, 437.4860
507718,9.7603,0.002979,335.71, 437.4861
507719,9.7637,0.003000,333.33, 437.4861
507720,9.7666,0.002956,338.30, 437.4860
507721,9.7695,0.002991,334.33, 437.4861
507722,9.7725,0.002999,333.49, 437.4857
507723,9.7754,0.003004,332.86, 437.4860
507724,9.7783,0.002948,339.17, 437.4861
507725,9.7813,0.003010,332.20, 437.4857
507726,9.7842,0.002903,344.48, 437.4854
507727,9.7871,0.002982,335.40, 437.4861
507728,9.7900,0.003012,332.06, 437.4857
507729,9.7935,0.002995,333.95, 437.4860
507730,9.7964,0.002931,341.23, 437.4857
507731,9.7993,0.002991,334.39, 437.4861
507732,9.8022,0.002973,336.34, 437.4857
507733,9.8052,0.003009,332.39, 437.4861
507734,9.8081,0.002930,341.32, 437.4854
507735,9.8110,0.003058,327.00, 437.4860
507736,9.8140,0.002940,340.09, 437.4861
507737,9.8169,0.003022,330.95, 437.4861
507738,9.8203,0.002975,336.15, 437.4854
507739,9.8232,0.003069,325.84, 437.4861
507740,9.8262,0.002922,342.27, 437.4861
507741,9.8291,0.003037,329.30, 437.4857
507742,9.8320,0.002968,336.93, 437.4861
507743,9.8350,0.003018,331.30, 437.4857
507744,9.8384,0.003065,326.25, 437.4860
507745,9.8413,0.003113,321.27, 437.4854
507746,9.8442,0.002944,339.71, 437.4861
507747,9.8472,0.003107,321.88, 437.4860
507748,9.8501,0.002977,335.89, 437.4854
507749,9.8535,0.003083,324.39, 437.4861
507750,9.8564,0.002929,341.43, 437.4854
507751,9.8594,0.003066,326.15, 437.4861
507752,9.8623,0.003032,329.79, 437.4861
507753,9.8657,0.003070,325.73, 437.4857
507754,9.8687,0.002948,339.27, 437.4861
507755,9.8716,0.003027,330.35, 437.4861
507756,9.8745,0.002916,342.98, 437.4860
507757,9.8774,0.003018,331.31, 437.4857
507758,9.8804,0.002949,339.10, 437.4861
507759,9.8833,0.003059,326.86, 437.4860
507760,9.8862,0.003010,332.26, 437.4861
507761,9.8896,0.003021,331.01, 437.4861
507762,9.8926,0.002986,334.87, 437.4857
507763,9.8955,0.003023,330.81, 437.4854
507764,9.8984,0.002953,338.62, 437.4854
507765,9.9014,0.003009,332.38, 437.4860
507766,9.9043,0.002869,348.57, 437.4914
507767,9.9072,0.003028,330.27, 437.4861
507768,9.9102,0.002968,336.98, 437.4879
507769,9.9131,0.002972,336.45, 437.4861
507770,9.9160,0.002926,341.79, 437.4861
507771,9.9189,0.002983,335.28, 437.4860
507772,9.9224,0.002986,334.93, 437.4861
507773,9.9253,0.003012,331.97, 437.4854
507774,9.9282,0.002969,336.87, 437.4860
507775,9.9312,0.003006,332.69, 437.4861
507776,9.9341,0.002962,337.61, 437.4861
507777,9.9370,0.002989,334.56, 437.4857
507778,9.9399,0.002958,338.05, 437.4854
507779,9.9429,0.002997,333.63, 437.4861
507780,9.9458,0.002981,335.47, 437.4854
507781,9.9492,0.002994,334.00, 437.4857
507782,9.9521,0.003023,330.84, 437.4861
507783,9.9551,0.003025,330.60, 437.4860
507784,9.9580,0.002958,338.05, 437.4854
507785,9.9609,0.002976,335.99, 437.4861
507786,9.9639,0.002970,336.72, 437.4854
507787,9.9668,0.002907,343.95, 437.4861
507788,9.9697,0.002975,336.09, 437.4861
507789,9.9727,0.002923,342.08, 437.4860
507790,9.9756,0.002981,335.49, 437.4857
507791,9.9785,0.002917,342.77, 437.4857
507792,9.9814,0.002990,334.45, 437.4860
507793,9.9844,0.002900,344.89, 437.4861
507794,9.9873,0.002972,336.44, 437.4857
507795,9.9902,0.002959,337.94, 437.4860
507796,9.9937,0.003048,328.09, 437.4861
507797,9.9966,0.002934,340.87, 437.4861
507798,9.9995,0.002957,338.18, 437.4857
