TotalFrame,Time,DeltaTime,FPS,RAM
751646,0.0000,0.013730,72.83, 450.9123
751647,0.0000,0.013730,72.83, 451.1478
751648,0.0200,0.020000,50.00, 450.9665
751649,0.0234,0.003353,298.24, 450.9374
751650,0.0264,0.003001,333.26, 450.9374
751651,0.0352,0.008664,115.42, 450.9374
751652,0.0381,0.003121,320.43, 450.9373
751653,0.0420,0.003807,262.69, 450.9372
751654,0.0454,0.003589,278.66, 450.9371
751655,0.0483,0.003012,332.05, 450.9372
751656,0.0522,0.003746,266.95, 450.9369
751657,0.0552,0.003022,330.90, 450.9372
751658,0.0586,0.003229,309.73, 450.9427
751659,0.0615,0.003040,328.94, 450.9319
751660,0.0654,0.003757,266.15, 450.9316
751661,0.0684,0.003006,332.67, 450.9319
751662,0.0718,0.003271,305.69, 450.9319
751663,0.0752,0.003879,257.77, 450.9318
751664,0.0781,0.002937,340.44, 450.9319
751665,0.0820,0.003586,278.88, 450.9318
751666,0.0850,0.003039,329.09, 450.9319
751667,0.0884,0.003278,305.08, 450.9318
751668,0.0913,0.003014,331.81, 450.9313
751669,0.0952,0.003856,259.36, 450.9313
751670,0.0981,0.003115,321.04, 450.9316
751671,0.1011,0.002958,338.09, 450.9319
751672,0.1045,0.003144,318.07, 450.9316
751673,0.1079,0.003723,268.62, 450.9319
751674,0.1118,0.003585,278.94, 450.9312
751675,0.1147,0.003153,317.14, 450.9352
751676,0.1177,0.003011,332.07, 450.9319
751677,0.1211,0.003041,328.84, 450.9313
751678,0.1245,0.003672,272.37, 450.9318
751679,0.1274,0.003049,327.98, 450.9319
751680,0.1309,0.003469,288.27, 450.9315
751681,0.1343,0.003208,311.69, 450.9313
751682,0.1372,0.003079,324.83, 450.9313
751683,0.1406,0.003127,319.84, 450.9319
751684,0.1440,0.003639,274.84, 450.9319
751685,0.1475,0.003440,290.72, 450.9318
751686,0.1504,0.003028,330.25, 450.9313
751687,0.1543,0.003593,278.35, 450.9318
751688,0.1572,0.002994,334.02, 450.9319
751689,0.1606,0.003375,296.27, 450.9315
751690,0.1636,0.003115,321.06, 450.9316
751691,0.1670,0.003512,284.76, 450.9315
751692,0.1704,0.003183,314.15, 450.9313
751693,0.1733,0.003076,325.15, 450.9316
751694,0.1768,0.003228,309.75, 450.9319
751695,0.1802,0.003427,291.83, 450.9316
751696,0.1836,0.003697,270.51, 450.9315
751697,0.1870,0.003130,319.52, 450.9312
751698,0.1899,0.003001,333.22, 450.9319
751699,0.1929,0.002960,337.84, 450.9313
751700,0.1968,0.003706,269.83, 450.9312
751701,0.2002,0.003390,294.99, 450.9318
751702,0.2031,0.003128,319.73, 450.9318
751703,0.2061,0.003129,319.59, 450.9319
751704,0.2104,0.004266,234.44, 450.9312
751705,0.2134,0.003120,320.50, 450.9315
751706,0.2168,0.003015,331.71, 450.9315
751707,0.2197,0.002995,333.89, 450.9319
751708,0.2227,0.002985,335.02, 450.9319
751709,0.2266,0.003773,265.06, 450.9357
751710,0.2300,0.003469,288.28, 450.9319
751711,0.2334,0.003358,297.77, 450.9318
751712,0.2363,0.003098,322.84, 450.9313
751713,0.2397,0.003298,303.19, 450.9312
751714,0.2427,0.003023,330.81, 450.9319
751715,0.2466,0.003751,266.58, 450.9315
751716,0.2495,0.003170,315.46, 450.9315
751717,0.2524,0.002954,338.52, 450.9319
751718,0.2554,0.003101,322.44, 450.9319
751719,0.2593,0.003770,265.27, 450.9313
751720,0.2627,0.003256,307.13, 450.9315
751721,0.2656,0.002949,339.13, 450.9319
751722,0.2686,0.002963,337.55, 450.9319
751723,0.2725,0.003759,266.01, 450.9319
751724,0.2759,0.003429,291.65, 450.9318
751725,0.2788,0.002987,334.77, 450.9319
751726,0.2822,0.003445,290.30, 450.9318
751727,0.2852,0.002972,336.44, 450.9319
751728,0.2891,0.003936,254.09, 450.9312
751729,0.2925,0.003196,312.89, 450.9318
751730,0.2954,0.002964,337.42, 450.9312
751731,0.2983,0.002981,335.49, 450.9319
751732,0.3018,0.003577,279.60, 450.9315
751733,0.3047,0.003111,321.46, 450.9316
751734,0.3081,0.003454,289.49, 450.9319
751735,0.3115,0.003339,299.47, 450.9318
751736,0.3149,0.003034,329.55, 450.9316
751737,0.3184,0.003490,286.50, 450.9318
751738,0.3213,0.002971,336.59, 450.9319
751739,0.3247,0.003507,285.14, 450.9337
751740,0.3276,0.003029,330.10, 450.9316
751741,0.3311,0.003563,280.68, 450.9318
751742,0.3345,0.003006,332.69, 450.9319
751743,0.3384,0.003908,255.89, 450.9315
751744,0.3413,0.003284,304.47, 450.9315
751745,0.3442,0.002993,334.08, 450.9312
751746,0.3477,0.002988,334.65, 450.9319
751747,0.3506,0.003028,330.28, 450.9319
751748,0.3535,0.003067,326.04, 450.9319
751749,0.3569,0.003624,275.92, 450.9319
751750,0.3604,0.003367,297.02, 450.9318
751751,0.3638,0.002995,333.90, 450.9316
751752,0.3672,0.003842,260.30, 450.9312
751753,0.3706,0.003363,297.36, 450.9312
751754,0.3735,0.002941,340.03, 450.9312
751755,0.3765,0.002988,334.72, 450.9319
751756,0.3799,0.003386,295.36, 450.9318
751757,0.3833,0.003148,317.68, 450.9316
751758,0.3867,0.003562,280.76, 450.9318
751759,0.3901,0.003311,302.03, 450.9318
751760,0.3931,0.002969,336.83, 450.9319
751761,0.3965,0.003549,281.79, 450.9318
751762,0.3994,0.003021,331.01, 450.9319
751763,0.4028,0.003375,296.34, 450.9318
751764,0.4058,0.002982,335.30, 450.9319
751765,0.4097,0.003599,277.84, 450.9318
751766,0.4126,0.003038,329.15, 450.9319
751767,0.4160,0.003457,289.30, 450.9318
751768,0.4189,0.003061,326.73, 450.9316
751769,0.4224,0.003455,289.48, 450.9318
751770,0.4258,0.003033,329.76, 450.9313
751771,0.4292,0.003560,280.88, 450.9318
751772,0.4321,0.003003,333.03, 450.9319
751773,0.4355,0.003389,295.05, 450.9337
751774,0.4385,0.003076,325.14, 450.9313
751775,0.4424,0.003550,281.70, 450.9319
751776,0.4458,0.003678,271.91, 450.9312
751777,0.4492,0.003475,287.74, 450.9318
751778,0.4521,0.002980,335.53, 450.9315
751779,0.4556,0.003009,332.29, 450.9316
751780,0.4585,0.003342,299.23, 450.9318
751781,0.4619,0.003032,329.85, 450.9316
751782,0.4648,0.003362,297.44, 450.9319
751783,0.4683,0.002972,336.51, 450.9319
751784,0.4717,0.003727,268.28, 450.9313
751785,0.4751,0.003268,306.04, 450.9319
751786,0.4785,0.003469,288.25, 450.9319
751787,0.4819,0.003609,277.12, 450.9318
751788,0.4849,0.002996,333.79, 450.9313
751789,0.4888,0.003553,281.42, 450.9318
751790,0.4917,0.003002,333.14, 450.9319
751791,0.4951,0.003589,278.63, 450.9318
751792,0.4985,0.003305,302.55, 450.9315
751793,0.5020,0.003239,308.78, 450.9312
751794,0.5054,0.003488,286.72, 450.9312
751795,0.5088,0.003507,285.18, 450.9312
751796,0.5122,0.003475,287.79, 450.9312
751797,0.5156,0.003411,293.16, 450.9312
751798,0.5190,0.003180,314.46, 450.9318
751799,0.5220,0.003158,316.69, 450.9315
751800,0.5249,0.003007,332.61, 450.9315
751801,0.5283,0.003088,323.83, 450.9319
751802,0.5313,0.003359,297.73, 450.9318
751803,0.5347,0.002971,336.61, 450.9319
751804,0.5381,0.003676,272.07, 450.9318
751805,0.5410,0.003073,325.44, 450.9313
751806,0.5449,0.003852,259.59, 450.9319
751807,0.5488,0.003807,262.65, 450.9312
751808,0.5518,0.003093,323.27, 450.9318
751809,0.5547,0.002942,339.90, 450.9318
751810,0.5576,0.002976,336.00, 450.9316
751811,0.5615,0.003628,275.61, 450.9318
751812,0.5645,0.002977,335.93, 450.9319
751813,0.5679,0.003320,301.18, 450.9318
751814,0.5708,0.003000,333.37, 450.9319
751815,0.5742,0.003634,275.19, 450.9318
751816,0.5776,0.003040,328.94, 450.9319
751817,0.5806,0.003283,304.61, 450.9318
751818,0.5840,0.003063,326.51, 450.9319
751819,0.5874,0.003521,284.01, 450.9315
751820,0.5908,0.003322,301.03, 450.9313
751821,0.5938,0.003126,319.87, 450.9319
751822,0.5972,0.003598,277.91, 450.9318
751823,0.6001,0.002938,340.37, 450.9319
751824,0.6040,0.003612,276.89, 450.9315
751825,0.6069,0.003162,316.31, 450.9313
751826,0.6104,0.003098,322.84, 450.9318
751827,0.6133,0.003095,323.14, 450.9316
751828,0.6172,0.003731,268.02, 450.9318
751829,0.6201,0.003213,311.25, 450.9315
751830,0.6230,0.003034,329.63, 450.9312
751831,0.6265,0.003004,332.88, 450.9319
751832,0.6299,0.003493,286.27, 450.9319
751833,0.6333,0.003350,298.53, 450.9318
751834,0.6362,0.002924,342.06, 450.9319
751835,0.6392,0.003066,326.16, 450.9319
751836,0.6426,0.003724,268.53, 450.9319
751837,0.6460,0.003256,307.13, 450.9313
751838,0.6489,0.002921,342.33, 450.9319
751839,0.6528,0.003723,268.60, 450.9318
751840,0.6558,0.003005,332.79, 450.9313
751841,0.6592,0.003445,290.29, 450.9318
751842,0.6621,0.003007,332.52, 450.9319
751843,0.6655,0.003369,296.81, 450.9319
751844,0.6685,0.003042,328.69, 450.9319
751845,0.6719,0.003527,283.57, 450.9319
751846,0.6758,0.003481,287.29, 450.9319
751847,0.6792,0.003608,277.17, 450.9319
751848,0.6821,0.003141,318.40, 450.9318
751849,0.6855,0.003050,327.90, 450.9316
751850,0.6890,0.003537,282.72, 450.9318
751851,0.6919,0.003004,332.94, 450.9319
751852,0.6953,0.003461,288.94, 450.9318
751853,0.6982,0.003006,332.66, 450.9316
751854,0.7017,0.003425,291.95, 450.9318
751855,0.7046,0.002987,334.75, 450.9319
751856,0.7090,0.004005,249.68, 450.9312
751857,0.7119,0.003140,318.49, 450.9318
751858,0.7148,0.002954,338.48, 450.9319
751859,0.7183,0.003387,295.26, 450.9318
751860,0.7212,0.002946,339.44, 450.9319
751861,0.7246,0.003549,281.74, 450.9318
751862,0.7275,0.002937,340.53, 450.9319
751863,0.7314,0.003864,258.79, 450.9312
751864,0.7349,0.003419,292.50, 450.9460
751865,0.7378,0.002989,334.58, 450.9318
751866,0.7412,0.003031,329.89, 450.9316
751867,0.7441,0.003056,327.24, 450.9319
751868,0.7471,0.003098,322.84, 450.9319
751869,0.7505,0.003550,281.68, 450.9315
751870,0.7539,0.003009,332.39, 450.9319
751871,0.7578,0.004025,248.47, 450.9312
751872,0.7607,0.003034,329.55, 450.9318
751873,0.7637,0.002958,338.05, 450.9313
751874,0.7676,0.003590,278.54, 450.9315
751875,0.7705,0.002969,336.86, 450.9319
751876,0.7739,0.003488,286.73, 450.9318
751877,0.7769,0.002999,333.43, 450.9387
751878,0.7803,0.003557,281.17, 450.9318
751879,0.7837,0.003185,314.01, 450.9313
751880,0.7871,0.003454,289.49, 450.9319
751881,0.7910,0.003826,261.34, 450.9312
751882,0.7939,0.003316,301.59, 450.9315
751883,0.7974,0.003182,314.31, 450.9318
751884,0.8003,0.002968,336.89, 450.9319
751885,0.8037,0.003372,296.53, 450.9318
751886,0.8066,0.003031,329.90, 450.9318
751887,0.8101,0.003249,307.76, 450.9319
751888,0.8140,0.003979,251.31, 450.9319
751889,0.8174,0.003290,303.92, 450.9315
751890,0.8203,0.003096,322.96, 450.9319
751891,0.8237,0.003464,288.66, 450.9318
751892,0.8267,0.003043,328.66, 450.9316
751893,0.8301,0.003476,287.68, 450.9312
751894,0.8335,0.003027,330.40, 450.9319
751895,0.8369,0.003446,290.23, 450.9319
751896,0.8403,0.003628,275.67, 450.9315
751897,0.8438,0.003199,312.57, 450.9319
751898,0.8467,0.002995,333.86, 450.9319
751899,0.8496,0.003048,328.07, 450.9319
751900,0.8535,0.003837,260.63, 450.9315
751901,0.8564,0.002983,335.21, 450.9319
751902,0.8599,0.003553,281.47, 450.9318
751903,0.8628,0.003034,329.55, 450.9319
751904,0.8667,0.003898,256.54, 450.9312
751905,0.8701,0.003101,322.46, 450.9318
751906,0.8730,0.002986,334.92, 450.9316
751907,0.8765,0.003413,292.98, 450.9318
751908,0.8794,0.002912,343.44, 450.9318
751909,0.8823,0.002952,338.74, 450.9313
751910,0.8862,0.003716,269.10, 450.9319
751911,0.8892,0.003332,300.17, 450.9318
751912,0.8926,0.003037,329.29, 450.9316
751913,0.8960,0.003418,292.59, 450.9318
751914,0.8989,0.002941,339.97, 450.9319
751915,0.9023,0.003669,272.59, 450.9318
751916,0.9053,0.003060,326.75, 450.9319
751917,0.9092,0.003746,266.94, 450.9316
751918,0.9126,0.003469,288.31, 450.9318
751919,0.9155,0.002929,341.46, 450.9313
751920,0.9194,0.003791,263.81, 450.9318
751921,0.9224,0.003156,316.84, 450.9313
751922,0.9258,0.003269,305.95, 450.9319
751923,0.9287,0.002937,340.44, 450.9319
751924,0.9321,0.003529,283.38, 450.9319
751925,0.9351,0.003000,333.30, 450.9316
751926,0.9390,0.003554,281.40, 450.9318
751927,0.9419,0.003025,330.61, 450.9316
751928,0.9453,0.003529,283.40, 450.9318
751929,0.9482,0.003018,331.36, 450.9319
751930,0.9521,0.003499,285.76, 450.9318
751931,0.9551,0.003075,325.19, 450.9319
751932,0.9585,0.003356,297.94, 450.9319
751933,0.9619,0.003456,289.39, 450.9318
751934,0.9648,0.002912,343.44, 450.9319
751935,0.9683,0.003637,274.93, 450.9318
751936,0.9712,0.002992,334.24, 450.9319
751937,0.9746,0.003435,291.13, 450.9318
751938,0.9775,0.002955,338.42, 450.9319
751939,0.9814,0.003571,280.03, 450.9318
751940,0.9844,0.002989,334.54, 450.9319
751941,0.9878,0.003415,292.82, 450.9318
751942,0.9907,0.003011,332.15, 450.9319
751943,0.9946,0.004005,249.69, 450.9312
751944,0.9976,0.003025,330.59, 450.9318
751945,1.0010,0.003232,309.40, 450.9318
751946,1.0039,0.003159,316.59, 450.9313
751947,1.0073,0.003204,312.10, 450.9319
751948,1.0112,0.003709,269.62, 450.9318
751949,1.0142,0.003046,328.35, 450.9313
751950,1.0176,0.003504,285.37, 450.9318
751951,1.0205,0.002998,333.60, 450.9319
751952,1.0249,0.004088,244.63, 450.9312
751953,1.0278,0.003067,326.09, 450.9318
751954,1.0308,0.002980,335.56, 450.9312
751955,1.0337,0.003050,327.85, 450.9319
751956,1.0371,0.003436,291.01, 450.9318
751957,1.0400,0.002989,334.62, 450.9319
751958,1.0439,0.003609,277.08, 450.9319
751959,1.0474,0.003699,270.31, 450.9312
751960,1.0508,0.003154,317.02, 450.9318
751961,1.0537,0.002912,343.45, 450.9337
751962,1.0566,0.003067,326.05, 450.9319
751963,1.0605,0.003743,267.18, 450.9318
751964,1.0635,0.003033,329.67, 450.9319
751965,1.0669,0.003472,288.05, 450.9318
751966,1.0698,0.003089,323.76, 450.9319
751967,1.0732,0.003483,287.13, 450.9319
751968,1.0767,0.003376,296.23, 450.9319
751969,1.0806,0.003558,281.06, 450.9316
751970,1.0840,0.003574,279.78, 450.9312
751971,1.0874,0.003330,300.31, 450.9318
751972,1.0903,0.002985,335.01, 450.9318
751973,1.0933,0.002984,335.18, 450.9313
751974,1.0967,0.003474,287.89, 450.9318
751975,1.0996,0.002986,334.85, 450.9319
751976,1.1035,0.003559,280.96, 450.9318
751977,1.1064,0.002998,333.61, 450.9319
751978,1.1099,0.003579,279.42, 450.9319
751979,1.1133,0.003537,282.70, 450.9318
751980,1.1162,0.002928,341.59, 450.9319
751981,1.1196,0.003494,286.17, 450.9318
751982,1.1230,0.003018,331.36, 450.9319
751983,1.1265,0.003845,260.08, 450.9312
751984,1.1304,0.003446,290.17, 450.9315
751985,1.1333,0.002993,334.17, 450.9346
751986,1.1362,0.002987,334.82, 450.9319
751987,1.1392,0.003180,314.48, 450.9319
751988,1.1421,0.003015,331.64, 450.9316
751989,1.1460,0.003673,272.26, 450.9318
751990,1.1489,0.002984,335.14, 450.9319
751991,1.1528,0.004040,247.55, 450.9312
751992,1.1563,0.003112,321.32, 450.9318
751993,1.1592,0.002984,335.11, 450.9319
751994,1.1626,0.003562,280.75, 450.9318
751995,1.1655,0.003005,332.76, 450.9319
751996,1.1689,0.003419,292.47, 450.9318
751997,1.1724,0.003027,330.33, 450.9319
751998,1.1753,0.003371,296.67, 450.9319
751999,1.1787,0.003030,330.02, 450.9319
752000,1.1826,0.004098,244.02, 450.9312
752001,1.1855,0.003005,332.79, 450.9315
752002,1.1885,0.002913,343.30, 450.9316
752003,1.1924,0.004008,249.48, 450.9312
752004,1.1958,0.003326,300.69, 450.9313
752005,1.1992,0.003426,291.93, 450.9312
752006,1.2026,0.003357,297.92, 450.9312
752007,1.2056,0.003009,332.35, 450.9318
752008,1.2085,0.002976,336.00, 450.9313
752009,1.2119,0.003426,291.88, 450.9318
752010,1.2148,0.002956,338.27, 450.9319
752011,1.2188,0.003507,285.11, 450.9318
752012,1.2217,0.003091,323.48, 450.9319
752013,1.2251,0.003517,284.33, 450.9315
752014,1.2280,0.002929,341.41, 450.9319
752015,1.2319,0.003809,262.52, 450.9312
752016,1.2349,0.002994,334.03, 450.9319
752017,1.2383,0.003403,293.85, 450.9319
752018,1.2417,0.003507,285.14, 450.9318
752019,1.2446,0.002978,335.76, 450.9319
752020,1.2480,0.003437,290.96, 450.9318
752021,1.2510,0.003023,330.83, 450.9319
752022,1.2549,0.003659,273.33, 450.9318
752023,1.2578,0.003004,332.87, 450.9319
752024,1.2612,0.003336,299.74, 450.9313
752025,1.2642,0.002992,334.19, 450.9319
752026,1.2681,0.003942,253.67, 450.9318
752027,1.2715,0.003223,310.23, 450.9318
752028,1.2744,0.002964,337.43, 450.9319
752029,1.2778,0.003557,281.14, 450.9318
752030,1.2808,0.002930,341.32, 450.9319
752031,1.2847,0.003723,268.63, 450.9318
752032,1.2876,0.002959,337.94, 450.9319
752033,1.2910,0.003538,282.69, 450.9318
752034,1.2939,0.002947,339.32, 450.9319
752035,1.2974,0.003515,284.49, 450.9319
752036,1.3008,0.003309,302.23, 450.9313
752037,1.3037,0.003026,330.43, 450.9319
752038,1.3071,0.003151,317.33, 450.9319
752039,1.3110,0.003854,259.46, 450.9319
752040,1.3140,0.003036,329.37, 450.9313
752041,1.3169,0.002950,339.02, 450.9319
752042,1.3208,0.003753,266.43, 450.9318
752043,1.3237,0.003029,330.16, 450.9319
752044,1.3271,0.003478,287.53, 450.9318
752045,1.3301,0.003012,332.02, 450.9319
752046,1.3335,0.003377,296.11, 450.9318
752047,1.3364,0.002953,338.66, 450.9319
752048,1.3403,0.003678,271.92, 450.9318
752049,1.3433,0.003140,318.52, 450.9313
752050,1.3462,0.003185,313.94, 450.9315
752051,1.3496,0.003027,330.34, 450.9313
752052,1.3530,0.003738,267.52, 450.9313
752053,1.3564,0.003437,290.95, 450.9312
752054,1.3594,0.002937,340.47, 450.9319
752055,1.3628,0.003451,289.80, 450.9318
752056,1.3657,0.002939,340.31, 450.9319
752057,1.3696,0.003488,286.68, 450.9318
752058,1.3726,0.003172,315.29, 450.9319
752059,1.3760,0.003333,299.99, 450.9318
752060,1.3789,0.002994,334.05, 450.9319
752061,1.3823,0.003490,286.52, 450.9318
752062,1.3853,0.003046,328.30, 450.9319
752063,1.3887,0.003371,296.64, 450.9319
752064,1.3921,0.003036,329.34, 450.9319
752065,1.3955,0.003538,282.69, 450.9318
752066,1.3984,0.002929,341.41, 450.9319
752067,1.4019,0.003606,277.30, 450.9318
752068,1.4048,0.002993,334.07, 450.9319
752069,1.4087,0.003557,281.13, 450.9316
752070,1.4116,0.003337,299.66, 450.9318
752071,1.4146,0.002926,341.75, 450.9319
752072,1.4185,0.003576,279.68, 450.9318
752073,1.4214,0.003003,332.97, 450.9313
752074,1.4248,0.003493,286.25, 450.9318
752075,1.4277,0.002968,336.90, 450.9319
752076,1.4312,0.003528,283.47, 450.9318
752077,1.4341,0.002965,337.23, 450.9316
752078,1.4380,0.003448,290.06, 450.9319
752079,1.4414,0.003653,273.78, 450.9315
752080,1.4443,0.002910,343.63, 450.9318
752081,1.4473,0.003003,332.99, 450.9319
752082,1.4507,0.003543,282.27, 450.9319
752083,1.4541,0.003459,289.11, 450.9318
752084,1.4570,0.002924,342.06, 450.9319
752085,1.4609,0.003540,282.49, 450.9318
752086,1.4639,0.002977,335.86, 450.9319
752087,1.4673,0.003448,289.99, 450.9318
752088,1.4702,0.003102,322.37, 450.9319
752089,1.4736,0.003542,282.35, 450.9318
752090,1.4771,0.003006,332.63, 450.9319
752091,1.4805,0.003362,297.43, 450.9319
752092,1.4839,0.003486,286.88, 450.9315
752093,1.4868,0.003051,327.79, 450.9313
752094,1.4902,0.003547,281.92, 450.9318
752095,1.4932,0.003004,332.88, 450.9319
752096,1.4966,0.003378,296.04, 450.9318
752097,1.4995,0.002929,341.40, 450.9313
752098,1.5034,0.003887,257.27, 450.9312
752099,1.5068,0.003248,307.87, 450.9312
752100,1.5098,0.003063,326.50, 450.9318
752101,1.5132,0.003290,303.97, 450.9318
752102,1.5171,0.003829,261.20, 450.9312
752103,1.5210,0.003936,254.08, 450.9312
752104,1.5249,0.003883,257.54, 450.9315
752105,1.5278,0.003309,302.23, 450.9318
752106,1.5317,0.003491,286.43, 450.9312
752107,1.5347,0.003335,299.84, 450.9312
752108,1.5381,0.003248,307.87, 450.9312
752109,1.5410,0.003042,328.72, 450.9312
752110,1.5444,0.003036,329.36, 450.9318
752111,1.5474,0.002974,336.26, 450.9312
752112,1.5503,0.003008,332.50, 450.9318
752113,1.5532,0.002933,340.90, 450.9316
752114,1.5562,0.003031,329.91, 450.9319
752115,1.5596,0.003465,288.62, 450.9337
752116,1.5630,0.003370,296.70, 450.9313
752117,1.5664,0.003255,307.18, 450.9319
752118,1.5698,0.003566,280.41, 450.9318
752119,1.5728,0.003042,328.74, 450.9316
752120,1.5762,0.003283,304.56, 450.9318
752121,1.5791,0.003038,329.17, 450.9313
752122,1.5830,0.003676,272.06, 450.9318
752123,1.5859,0.002987,334.80, 450.9316
752124,1.5889,0.003211,311.41, 450.9319
752125,1.5923,0.003123,320.18, 450.9313
752126,1.5957,0.003759,266.06, 450.9312
752127,1.5991,0.003296,303.43, 450.9318
752128,1.6025,0.003077,324.97, 450.9319
752129,1.6060,0.003443,290.44, 450.9318
752130,1.6089,0.002968,336.90, 450.9318
752131,1.6118,0.003107,321.84, 450.9319
752132,1.6152,0.003267,306.05, 450.9319
752133,1.6187,0.003509,285.01, 450.9315
752134,1.6216,0.003110,321.57, 450.9319
752135,1.6250,0.003491,286.42, 450.9318
752136,1.6284,0.003188,313.73, 450.9313
752137,1.6313,0.003125,320.00, 450.9337
752138,1.6348,0.003015,331.73, 450.9319
752139,1.6382,0.003638,274.88, 450.9315
752140,1.6411,0.003050,327.84, 450.9319
752141,1.6450,0.003608,277.15, 450.9316
752142,1.6479,0.003273,305.51, 450.9312
752143,1.6514,0.003023,330.76, 450.9319
752144,1.6548,0.003781,264.52, 450.9312
752145,1.6582,0.003305,302.58, 450.9312
752146,1.6611,0.002995,333.90, 450.9315
752147,1.6641,0.003038,329.21, 450.9319
752148,1.6675,0.003227,309.90, 450.9316
752149,1.6704,0.003035,329.49, 450.9316
752150,1.6748,0.004059,246.38, 450.9318
752151,1.6777,0.003018,331.39, 450.9319
752152,1.6812,0.003325,300.75, 450.9329
752153,1.6841,0.003087,323.96, 450.9313
752154,1.6875,0.003627,275.72, 450.9318
752155,1.6909,0.003070,325.76, 450.9313
752156,1.6938,0.003386,295.31, 450.9316
752157,1.6973,0.003267,306.06, 450.9319
752158,1.7002,0.002962,337.67, 450.9316
752159,1.7041,0.003769,265.32, 450.9318
752160,1.7070,0.003063,326.45, 450.9316
752161,1.7104,0.003248,307.86, 450.9319
752162,1.7134,0.003028,330.23, 450.9319
752163,1.7168,0.003524,283.75, 450.9496
752164,1.7202,0.003051,327.74, 450.9316
752165,1.7236,0.003705,269.91, 450.9319
752166,1.7271,0.003293,303.64, 450.9319
752167,1.7305,0.003616,276.56, 450.9319
752168,1.7339,0.003101,322.52, 450.9313
752169,1.7368,0.003078,324.85, 450.9313
752170,1.7402,0.003627,275.69, 450.9318
752171,1.7432,0.002957,338.23, 450.9319
752172,1.7471,0.003511,284.79, 450.9318
752173,1.7500,0.002986,334.87, 450.9316
752174,1.7534,0.003363,297.36, 450.9319
752175,1.7563,0.003057,327.10, 450.9313
752176,1.7598,0.003706,269.82, 450.9318
752177,1.7632,0.003036,329.35, 450.9319
752178,1.7661,0.003101,322.51, 450.9316
752179,1.7690,0.003032,329.78, 450.9319
752180,1.7729,0.003615,276.65, 450.9387
752181,1.7764,0.003482,287.22, 450.9318
752182,1.7793,0.002940,340.16, 450.9316
752183,1.7827,0.003687,271.20, 450.9318
752184,1.7856,0.002965,337.27, 450.9319
752185,1.7891,0.003441,290.63, 450.9319
752186,1.7925,0.003004,332.91, 450.9319
752187,1.7959,0.003680,271.72, 450.9318
752188,1.7993,0.003125,319.96, 450.9313
752189,1.8022,0.003230,309.56, 450.9313
752190,1.8057,0.003547,281.96, 450.9319
752191,1.8091,0.003139,318.57, 450.9319
752192,1.8125,0.003710,269.56, 450.9312
752193,1.8159,0.003227,309.91, 450.9313
752194,1.8188,0.003016,331.55, 450.9319
752195,1.8228,0.003581,279.28, 450.9319
752196,1.8257,0.003345,298.97, 450.9315
752197,1.8291,0.003161,316.34, 450.9313
752198,1.8325,0.003240,308.69, 450.9319
752199,1.8354,0.002986,334.92, 450.9319
752200,1.8389,0.003386,295.36, 450.9319
752201,1.8418,0.003129,319.59, 450.9313
752202,1.8452,0.003515,284.53, 450.9319
752203,1.8491,0.003647,274.21, 450.9318
752204,1.8521,0.002997,333.66, 450.9316
752205,1.8555,0.003334,299.95, 450.9318
752206,1.8584,0.002939,340.30, 450.9319
752207,1.8618,0.003728,268.26, 450.9318
752208,1.8647,0.002967,337.05, 450.9316
752209,1.8682,0.003353,298.28, 450.9318
752210,1.8711,0.003030,330.01, 450.9319
752211,1.8750,0.003526,283.59, 450.9318
752212,1.8779,0.002989,334.52, 450.9319
752213,1.8813,0.003438,290.90, 450.9318
752214,1.8843,0.002988,334.68, 450.9319
752215,1.8877,0.003421,292.28, 450.9318
752216,1.8906,0.002996,333.82, 450.9319
752217,1.8940,0.003609,277.10, 450.9319
752218,1.8979,0.003456,289.37, 450.9318
752219,1.9004,0.002889,346.12, 450.9319
752220,1.9043,0.003676,272.01, 450.9318
752221,1.9072,0.002934,340.85, 450.9316
752222,1.9106,0.003442,290.50, 450.9318
752223,1.9136,0.002965,337.22, 450.9319
752224,1.9170,0.003471,288.07, 450.9318
752225,1.9199,0.002953,338.70, 450.9319
752226,1.9233,0.003505,285.27, 450.9318
752227,1.9268,0.002976,336.01, 450.9319
752228,1.9302,0.003725,268.44, 450.9313
752229,1.9336,0.003337,299.70, 450.9312
752230,1.9365,0.003009,332.31, 450.9312
752231,1.9395,0.003075,325.26, 450.9313
752232,1.9434,0.003882,257.60, 450.9318
752233,1.9468,0.003009,332.33, 450.9312
752234,1.9497,0.003030,330.09, 450.9316
752235,1.9531,0.003525,283.67, 450.9318
752236,1.9561,0.002985,335.03, 450.9319
752237,1.9595,0.003469,288.30, 450.9315
752238,1.9624,0.002973,336.35, 450.9319
752239,1.9663,0.003626,275.79, 450.9318
752240,1.9692,0.003006,332.62, 450.9319
752241,1.9727,0.003287,304.26, 450.9316
752242,1.9761,0.003465,288.63, 450.9319
752243,1.9795,0.003448,290.01, 450.9319
752244,1.9829,0.003406,293.64, 450.9318
752245,1.9858,0.002960,337.86, 450.9319
752246,1.9893,0.003456,289.38, 450.9318
752247,1.9922,0.002951,338.93, 450.9319
752248,1.9956,0.003646,274.24, 450.9318
752249,1.9985,0.002965,337.26, 450.9316
752250,2.0024,0.003508,285.05, 450.9318
752251,2.0054,0.003042,328.74, 450.9319
752252,2.0088,0.003407,293.49, 450.9315
752253,2.0117,0.003003,333.00, 450.9316
752254,2.0151,0.003287,304.28, 450.9319
752255,2.0181,0.003112,321.35, 450.9319
752256,2.0215,0.003382,295.72, 450.9319
752257,2.0254,0.003737,267.62, 450.9315
752258,2.0283,0.002908,343.91, 450.9319
752259,2.0317,0.003681,271.69, 450.9318
752260,2.0347,0.002945,339.59, 450.9316
752261,2.0381,0.003260,306.71, 450.9319
752262,2.0410,0.002956,338.26, 450.9319
752263,2.0449,0.003764,265.67, 450.9318
752264,2.0479,0.003065,326.29, 450.9316
752265,2.0513,0.003266,306.18, 450.9318
752266,2.0542,0.003104,322.16, 450.9316
752267,2.0576,0.003500,285.70, 450.9315
752268,2.0610,0.003110,321.55, 450.9313
752269,2.0640,0.003205,312.01, 450.9319
752270,2.0669,0.002920,342.43, 450.9319
752271,2.0708,0.003706,269.85, 450.9316
752272,2.0742,0.003541,282.38, 450.9318
752273,2.0771,0.002927,341.66, 450.9319
752274,2.0806,0.003431,291.47, 450.9318
752275,2.0835,0.002943,339.75, 450.9316
752276,2.0869,0.003590,278.53, 450.9318
752277,2.0898,0.002954,338.55, 450.9319
752278,2.0938,0.003603,277.56, 450.9318
752279,2.0967,0.002966,337.21, 450.9319
752280,2.1001,0.003677,271.97, 450.9316
752281,2.1035,0.003282,304.71, 450.9318
752282,2.1064,0.002900,344.88, 450.9316
752283,2.1104,0.003794,263.55, 450.9318
752284,2.1133,0.002965,337.27, 450.9316
752285,2.1167,0.003403,293.89, 450.9318
752286,2.1196,0.002907,344.00, 450.9319
752287,2.1235,0.003834,260.84, 450.9312
752288,2.1265,0.003072,325.53, 450.9313
752289,2.1299,0.003220,310.54, 450.9319
752290,2.1328,0.003035,329.45, 450.9319
752291,2.1362,0.003629,275.54, 450.9318
752292,2.1392,0.003051,327.74, 450.9316
752293,2.1431,0.003564,280.61, 450.9318
752294,2.1460,0.002966,337.17, 450.9319
752295,2.1499,0.003869,258.48, 450.9319
752296,2.1528,0.003023,330.85, 450.9313
752297,2.1558,0.002979,335.65, 450.9319
752298,2.1597,0.003849,259.79, 450.9318
752299,2.1626,0.003019,331.19, 450.9316
752300,2.1660,0.003291,303.82, 450.9312
752301,2.1689,0.003068,326.00, 450.9313
752302,2.1724,0.003585,278.94, 450.9315
752303,2.1758,0.003114,321.17, 450.9316
752304,2.1787,0.003203,312.21, 450.9319
752305,2.1821,0.003129,319.59, 450.9319
752306,2.1855,0.003761,265.87, 450.9316
752307,2.1895,0.003479,287.43, 450.9318
752308,2.1924,0.002942,339.86, 450.9319
752309,2.1958,0.003502,285.56, 450.9318
752310,2.1987,0.002972,336.47, 450.9316
752311,2.2021,0.003571,280.02, 450.9318
752312,2.2051,0.002971,336.63, 450.9316
752313,2.2085,0.003505,285.34, 450.9318
752314,2.2119,0.002981,335.49, 450.9319
752315,2.2153,0.003721,268.72, 450.9318
752316,2.2183,0.002977,335.93, 450.9319
752317,2.2217,0.003234,309.25, 450.9461
752318,2.2256,0.003739,267.45, 450.9318
752319,2.2285,0.003136,318.87, 450.9319
752320,2.2319,0.003516,284.43, 450.9318
752321,2.2354,0.003118,320.71, 450.9313
752322,2.2383,0.003020,331.17, 450.9316
752323,2.2412,0.003119,320.58, 450.9319
752324,2.2451,0.003736,267.69, 450.9318
752325,2.2480,0.002964,337.38, 450.9319
752326,2.2515,0.003529,283.35, 450.9318
752327,2.2544,0.002989,334.60, 450.9319
752328,2.2583,0.003779,264.59, 450.9319
752329,2.2617,0.003285,304.41, 450.9318
752330,2.2646,0.002900,344.83, 450.9319
752331,2.2681,0.003713,269.31, 450.9318
752332,2.2710,0.003056,327.21, 450.9319
752333,2.2749,0.003438,290.88, 450.9319
752334,2.2783,0.003409,293.34, 450.9319
752335,2.2822,0.003900,256.40, 450.9312
752336,2.2852,0.003218,310.78, 450.9312
752337,2.2881,0.002991,334.29, 450.9312
752338,2.2915,0.003211,311.40, 450.9319
752339,2.2949,0.003584,279.05, 450.9312
752340,2.2979,0.003052,327.71, 450.9315
752341,2.3008,0.002955,338.43, 450.9313
752342,2.3042,0.002984,335.18, 450.9319
752343,2.3081,0.004047,247.08, 450.9319
752344,2.3110,0.002996,333.83, 450.9319
752345,2.3145,0.003466,288.55, 450.9319
752346,2.3174,0.003068,325.93, 450.9316
752347,2.3203,0.002994,333.99, 450.9337
752348,2.3242,0.003857,259.27, 450.9318
752349,2.3276,0.002994,333.96, 450.9319
752350,2.3306,0.003376,296.25, 450.9318
752351,2.3340,0.002995,333.85, 450.9319
752352,2.3379,0.003877,257.90, 450.9312
752353,2.3408,0.003021,331.04, 450.9316
752354,2.3442,0.003562,280.76, 450.9319
752355,2.3477,0.003374,296.43, 450.9318
752356,2.3506,0.002930,341.26, 450.9316
752357,2.3540,0.003567,280.32, 450.9318
752358,2.3569,0.002948,339.20, 450.9319
752359,2.3608,0.003875,258.10, 450.9315
752360,2.3643,0.003135,318.97, 450.9313
752361,2.3672,0.003062,326.63, 450.9319
752362,2.3701,0.002998,333.61, 450.9316
752363,2.3740,0.003732,267.95, 450.9319
752364,2.3774,0.003443,290.45, 450.9318
752365,2.3804,0.002942,339.95, 450.9318
752366,2.3833,0.002985,335.00, 450.9319
752367,2.3867,0.003596,278.06, 450.9319
752368,2.3901,0.003522,283.91, 450.9312
752369,2.3936,0.003052,327.70, 450.9319
752370,2.3970,0.003340,299.39, 450.9318
752371,2.3999,0.002951,338.90, 450.9319
752372,2.4033,0.003582,279.19, 450.9318
752373,2.4063,0.002998,333.61, 450.9319
752374,2.4097,0.003461,288.90, 450.9318
752375,2.4126,0.003001,333.28, 450.9319
752376,2.4165,0.003866,258.69, 450.9312
752377,2.4194,0.003058,327.04, 450.9318
752378,2.4224,0.002903,344.45, 450.9387
752379,2.4263,0.003734,267.85, 450.9318
752380,2.4292,0.002909,343.81, 450.9319
752381,2.4326,0.003536,282.81, 450.9318
752382,2.4355,0.002932,341.10, 450.9316
752383,2.4395,0.003703,270.09, 450.9318
752384,2.4424,0.003031,329.98, 450.9316
752385,2.4458,0.003568,280.25, 450.9318
752386,2.4487,0.002973,336.36, 450.9319
752387,2.4526,0.003704,269.95, 450.9315
752388,2.4556,0.003051,327.74, 450.9313
752389,2.4590,0.003191,313.43, 450.9313
752390,2.4619,0.003101,322.50, 450.9319
752391,2.4658,0.003856,259.31, 450.9315
752392,2.4688,0.003035,329.46, 450.9312
752393,2.4717,0.002969,336.80, 450.9319
752394,2.4756,0.003597,277.99, 450.9318
752395,2.4785,0.002970,336.70, 450.9319
752396,2.4819,0.003439,290.76, 450.9318
752397,2.4849,0.003047,328.22, 450.9313
752398,2.4883,0.003412,293.08, 450.9318
752399,2.4912,0.002998,333.56, 450.9319
752400,2.4946,0.003553,281.44, 450.9318
752401,2.4980,0.002985,334.99, 450.9319
752402,2.5015,0.003589,278.60, 450.9315
752403,2.5044,0.002961,337.71, 450.9319
752404,2.5078,0.003398,294.29, 450.9315
752405,2.5107,0.002980,335.54, 450.9319
752406,2.5146,0.003746,266.94, 450.9319
752407,2.5186,0.003969,251.94, 450.9312
752408,2.5220,0.003449,289.92, 450.9318
752409,2.5249,0.003184,314.10, 450.9318
752410,2.5283,0.003271,305.73, 450.9318
752411,2.5317,0.003566,280.43, 450.9312
752412,2.5352,0.003426,291.86, 450.9312
752413,2.5386,0.003188,313.71, 450.9413
752414,2.5415,0.003104,322.19, 450.9315
752415,2.5444,0.002980,335.53, 450.9312
752416,2.5479,0.002971,336.60, 450.9312
752417,2.5508,0.002954,338.51, 450.9316
752418,2.5542,0.003711,269.45, 450.9318
752419,2.5571,0.003053,327.51, 450.9316
752420,2.5615,0.003972,251.76, 450.9318
752421,2.5645,0.003031,329.89, 450.9316
752422,2.5674,0.002941,340.04, 450.9319
752423,2.5708,0.003345,298.98, 450.9319
752424,2.5742,0.003431,291.50, 450.9312
752425,2.5771,0.003062,326.54, 450.9319
752426,2.5806,0.003598,277.92, 450.9319
752427,2.5840,0.003095,323.08, 450.9319
752428,2.5874,0.003592,278.40, 450.9316
752429,2.5908,0.003553,281.48, 450.9318
752430,2.5938,0.002956,338.30, 450.9319
752431,2.5972,0.003328,300.44, 450.9319
752432,2.6001,0.003046,328.30, 450.9316
752433,2.6040,0.003574,279.79, 450.9318
752434,2.6069,0.003015,331.66, 450.9319
752435,2.6104,0.003399,294.20, 450.9318
752436,2.6133,0.003055,327.39, 450.9319
752437,2.6172,0.003828,261.24, 450.9318
752438,2.6201,0.003050,327.83, 450.9312
752439,2.6230,0.002949,339.06, 450.9316
752440,2.6260,0.003022,330.90, 450.9313
752441,2.6304,0.004124,242.50, 450.9315
752442,2.6333,0.003167,315.78, 450.9411
752443,2.6367,0.003124,320.10, 450.9319
752444,2.6396,0.002937,340.51, 450.9319
752445,2.6426,0.003106,322.01, 450.9319
752446,2.6465,0.003627,275.73, 450.9318
752447,2.6494,0.003008,332.42, 450.9319
752448,2.6528,0.003767,265.47, 450.9318
752449,2.6563,0.003022,330.91, 450.9319
752450,2.6597,0.003556,281.23, 450.9313
752451,2.6631,0.003347,298.78, 450.9318
752452,2.6660,0.002892,345.73, 450.9319
752453,2.6694,0.003669,272.55, 450.9315
752454,2.6724,0.002994,334.02, 450.9319
752455,2.6763,0.003769,265.29, 450.9318
752456,2.6792,0.002969,336.81, 450.9319
752457,2.6826,0.003510,284.94, 450.9318
752458,2.6855,0.002995,333.95, 450.9313
752459,2.6890,0.003410,293.27, 450.9318
752460,2.6924,0.003037,329.32, 450.9319
752461,2.6958,0.003497,285.94, 450.9312
752462,2.6987,0.002949,339.09, 450.9319
752463,2.7021,0.003563,280.68, 450.9315
752464,2.7051,0.003085,324.14, 450.9319
752465,2.7085,0.003396,294.48, 450.9319
752466,2.7124,0.003489,286.64, 450.9315
752467,2.7153,0.002930,341.30, 450.9319
752468,2.7188,0.003564,280.61, 450.9318
752469,2.7217,0.003070,325.76, 450.9316
752470,2.7251,0.003271,305.74, 450.9319
752471,2.7280,0.003003,333.00, 450.9319
752472,2.7319,0.003663,272.99, 450.9318
752473,2.7349,0.003044,328.55, 450.9319
752474,2.7378,0.003206,311.96, 450.9319
752475,2.7412,0.003052,327.69, 450.9319
752476,2.7446,0.003873,258.22, 450.9312
752477,2.7480,0.003104,322.14, 450.9315
752478,2.7510,0.002921,342.33, 450.9319
752479,2.7539,0.003021,330.98, 450.9319
752480,2.7578,0.003658,273.40, 450.9316
752481,2.7612,0.003502,285.55, 450.9318
752482,2.7642,0.002960,337.85, 450.9319
752483,2.7676,0.003346,298.86, 450.9318
752484,2.7705,0.002955,338.38, 450.9316
752485,2.7739,0.003617,276.46, 450.9318
752486,2.7769,0.002936,340.66, 450.9319
752487,2.7808,0.003694,270.68, 450.9318
752488,2.7837,0.003109,321.68, 450.9319
752489,2.7866,0.003010,332.19, 450.9316
752490,2.7905,0.003683,271.55, 450.9319
752491,2.7935,0.003315,301.67, 450.9319
752492,2.7974,0.003424,292.06, 450.9318
752493,2.7998,0.002923,342.15, 450.9316
752494,2.8037,0.003672,272.32, 450.9318
752495,2.8066,0.002990,334.43, 450.9319
752496,2.8105,0.003965,252.19, 450.9312
752497,2.8140,0.003196,312.92, 450.9312
752498,2.8169,0.002945,339.60, 450.9318
752499,2.8198,0.002995,333.95, 450.9319
752500,2.8228,0.003165,315.95, 450.9319
752501,2.8262,0.003066,326.21, 450.9316
752502,2.8296,0.003654,273.70, 450.9319
752503,2.8330,0.003266,306.23, 450.9319
752504,2.8359,0.002920,342.48, 450.9319
752505,2.8394,0.003672,272.35, 450.9318
752506,2.8423,0.002966,337.15, 450.9313
752507,2.8462,0.003903,256.24, 450.9318
752508,2.8496,0.003117,320.82, 450.9313
752509,2.8530,0.003298,303.26, 450.9315
752510,2.8560,0.003079,324.81, 450.9313
752511,2.8594,0.003636,275.03, 450.9318
752512,2.8628,0.003097,322.93, 450.9313
752513,2.8657,0.002988,334.73, 450.9319
752514,2.8687,0.003123,320.24, 450.9316
752515,2.8726,0.003658,273.35, 450.9318
752516,2.8755,0.003087,323.97, 450.9319
752517,2.8789,0.003255,307.25, 450.9316
752518,2.8823,0.003683,271.49, 450.9318
752519,2.8857,0.003068,325.90, 450.9316
752520,2.8887,0.003070,325.78, 450.9319
752521,2.8921,0.003280,304.90, 450.9319
752522,2.8950,0.003261,306.64, 450.9319
752523,2.8979,0.002963,337.46, 450.9316
752524,2.9019,0.003624,275.95, 450.9318
752525,2.9048,0.003006,332.71, 450.9319
752526,2.9082,0.003448,289.99, 450.9318
752527,2.9111,0.003039,329.06, 450.9319
752528,2.9150,0.003721,268.75, 450.9318
752529,2.9180,0.002975,336.18, 450.9319
752530,2.9209,0.003002,333.07, 450.9367
752531,2.9243,0.003197,312.79, 450.9319
752532,2.9282,0.003895,256.73, 450.9316
752533,2.9312,0.002999,333.42, 450.9319
752534,2.9341,0.003028,330.26, 450.9319
752535,2.9375,0.003672,272.33, 450.9318
752536,2.9409,0.003015,331.68, 450.9316
752537,2.9443,0.003441,290.64, 450.9318
752538,2.9473,0.002980,335.60, 450.9319
752539,2.9507,0.003569,280.21, 450.9315
752540,2.9536,0.003041,328.80, 450.9316
752541,2.9570,0.003260,306.78, 450.9313
752542,2.9600,0.003084,324.24, 450.9319
752543,2.9634,0.003426,291.92, 450.9319
752544,2.9673,0.003638,274.91, 450.9315
752545,2.9702,0.002953,338.64, 450.9316
752546,2.9741,0.003807,262.71, 450.9318
752547,2.9771,0.002978,335.80, 450.9319
752548,2.9800,0.003311,302.04, 450.9319
752549,2.9834,0.003087,323.95, 450.9319
752550,2.9868,0.003691,270.90, 450.9315
752551,2.9902,0.003097,322.92, 450.9319
752552,2.9937,0.003578,279.49, 450.9315
752553,2.9966,0.003122,320.31, 450.9319
752554,2.9995,0.002944,339.72, 450.9319
752555,3.0029,0.003079,324.76, 450.9319
752556,3.0063,0.003615,276.63, 450.9319
752557,3.0098,0.003461,288.98, 450.9318
752558,3.0127,0.002931,341.18, 450.9319
752559,3.0166,0.003577,279.60, 450.9318
752560,3.0195,0.003010,332.19, 450.9313
752561,3.0229,0.003611,276.97, 450.9318
752562,3.0259,0.002979,335.67, 450.9319
752563,3.0298,0.003579,279.41, 450.9318
752564,3.0327,0.002984,335.10, 450.9319
752565,3.0361,0.003479,287.46, 450.9319
752566,3.0396,0.003495,286.13, 450.9316
752567,3.0435,0.003894,256.81, 450.9312
752568,3.0464,0.003043,328.58, 450.9318
752569,3.0493,0.002946,339.44, 450.9316
752570,3.0527,0.003455,289.44, 450.9318
752571,3.0557,0.003038,329.20, 450.9319
752572,3.0591,0.003217,310.83, 450.9319
752573,3.0620,0.003068,325.91, 450.9319
752574,3.0659,0.003566,280.39, 450.9318
752575,3.0688,0.003035,329.51, 450.9316
752576,3.0723,0.003469,288.28, 450.9315
752577,3.0752,0.003021,331.03, 450.9319
752578,3.0786,0.003573,279.90, 450.9316
752579,3.0820,0.003372,296.55, 450.9318
752580,3.0850,0.002959,337.93, 450.9319
752581,3.0889,0.003495,286.16, 450.9318
752582,3.0918,0.002901,344.72, 450.9319
752583,3.0957,0.003932,254.35, 450.9312
752584,3.0986,0.003146,317.85, 450.9315
752585,3.1016,0.002992,334.18, 450.9315
752586,3.1045,0.003000,333.39, 450.9313
752587,3.1084,0.003590,278.55, 450.9318
752588,3.1113,0.002977,335.87, 450.9319
752589,3.1147,0.003513,284.62, 450.9318
752590,3.1177,0.002977,335.87, 450.9319
752591,3.1211,0.003468,288.38, 450.9315
752592,3.1240,0.003021,330.98, 450.9319
752593,3.1279,0.003568,280.30, 450.9318
752594,3.1309,0.002977,335.89, 450.9319
752595,3.1343,0.003456,289.35, 450.9319
752596,3.1377,0.003490,286.53, 450.9318
752597,3.1406,0.002982,335.38, 450.9316
752598,3.1440,0.003552,281.57, 450.9318
752599,3.1470,0.002967,337.03, 450.9319
752600,3.1514,0.004058,246.41, 450.9313
752601,3.1543,0.003139,318.61, 450.9315
752602,3.1572,0.002873,348.02, 450.9338
752603,3.1602,0.003068,325.93, 450.9316
752604,3.1636,0.003495,286.11, 450.9316
752605,3.1670,0.003362,297.49, 450.9318
752606,3.1699,0.002908,343.89, 450.9316
752607,3.1738,0.003696,270.58, 450.9318
752608,3.1768,0.003052,327.69, 450.9319
752609,3.1797,0.003019,331.25, 450.9319
752610,3.1831,0.003052,327.69, 450.9319
752611,3.1865,0.003712,269.37, 450.9318
752612,3.1895,0.003031,329.95, 450.9316
752613,3.1934,0.003898,256.56, 450.9315
752614,3.1963,0.002997,333.64, 450.9319
752615,3.2002,0.003822,261.68, 450.9312
752616,3.2036,0.003142,318.24, 450.9315
752617,3.2065,0.003076,325.14, 450.9312
752618,3.2100,0.003167,315.74, 450.9316
752619,3.2129,0.003206,311.95, 450.9319
752620,3.2168,0.003660,273.23, 450.9315
752621,3.2197,0.003099,322.64, 450.9313
752622,3.2227,0.003170,315.42, 450.9319
752623,3.2261,0.003153,317.18, 450.9313
752624,3.2305,0.004284,233.42, 450.9312
752625,3.2339,0.003371,296.68, 450.9312
752626,3.2368,0.003151,317.33, 450.9315
752627,3.2397,0.003155,316.92, 450.9315
752628,3.2432,0.003098,322.77, 450.9315
752629,3.2461,0.003080,324.64, 450.9319
752630,3.2490,0.003051,327.74, 450.9316
752631,3.2529,0.003586,278.90, 450.9315
752632,3.2559,0.003249,307.80, 450.9319
752633,3.2593,0.003079,324.80, 450.9318
752634,3.2622,0.003176,314.91, 450.9319
752635,3.2661,0.003602,277.62, 450.9318
752636,3.2690,0.003133,319.22, 450.9313
752637,3.2720,0.003028,330.26, 450.9451
752638,3.2754,0.003256,307.17, 450.9319
752639,3.2798,0.004340,230.43, 450.9312
752640,3.2827,0.003269,305.89, 450.9318
752641,3.2861,0.003326,300.63, 450.9312
752642,3.2896,0.003129,319.61, 450.9318
752643,3.2925,0.003163,316.17, 450.9315
752644,3.2954,0.003090,323.61, 450.9315
752645,3.2988,0.003099,322.68, 450.9312
752646,3.3018,0.003244,308.31, 450.9315
752647,3.3052,0.003158,316.64, 450.9319
752648,3.3091,0.003834,260.80, 450.9312
752649,3.3120,0.003149,317.57, 450.9318
752650,3.3149,0.002895,345.39, 450.9318
752651,3.3184,0.003140,318.48, 450.9313
752652,3.3213,0.003365,297.22, 450.9318
752653,3.3247,0.003067,326.06, 450.9313
752654,3.3281,0.003501,285.62, 450.9319
752655,3.3320,0.003773,265.04, 450.9312
752656,3.3354,0.003441,290.62, 450.9315
752657,3.3384,0.003061,326.67, 450.9315
752658,3.3413,0.002990,334.49, 450.9313
752659,3.3442,0.003024,330.72, 450.9319
752660,3.3477,0.003146,317.83, 450.9313
752661,3.3511,0.003549,281.79, 450.9318
752662,3.3540,0.002955,338.38, 450.9319
752663,3.3579,0.004121,242.64, 450.9312
752664,3.3613,0.003152,317.22, 450.9315
752665,3.3643,0.003186,313.91, 450.9313
752666,3.3677,0.003065,326.27, 450.9319
752667,3.3706,0.002953,338.67, 450.9319
752668,3.3745,0.003782,264.41, 450.9318
752669,3.3774,0.003039,329.03, 450.9319
752670,3.3809,0.003474,287.83, 450.9318
752671,3.3838,0.002987,334.80, 450.9319
752672,3.3872,0.003461,288.91, 450.9318
752673,3.3901,0.002963,337.51, 450.9319
752674,3.3940,0.003776,264.84, 450.9315
752675,3.3970,0.003093,323.33, 450.9313
752676,3.4004,0.003286,304.32, 450.9316
752677,3.4033,0.002986,334.88, 450.9316
752678,3.4072,0.003657,273.48, 450.9316
752679,3.4106,0.003550,281.68, 450.9318
752680,3.4136,0.002944,339.64, 450.9312
752681,3.4165,0.003036,329.41, 450.9319
752682,3.4199,0.003564,280.62, 450.9319
752683,3.4233,0.003415,292.81, 450.9318
752684,3.4268,0.003002,333.07, 450.9319
752685,3.4302,0.003549,281.77, 450.9318
752686,3.4331,0.002961,337.70, 450.9319
752687,3.4370,0.004102,243.80, 450.9312
752688,3.4404,0.003301,302.96, 450.9312
752689,3.4434,0.003158,316.66, 450.9315
752690,3.4468,0.002995,333.95, 450.9319
752691,3.4497,0.002919,342.54, 450.9319
752692,3.4526,0.003347,298.75, 450.9319
752693,3.4565,0.003463,288.80, 450.9316
752694,3.4600,0.003799,263.25, 450.9315
752695,3.4629,0.002993,334.12, 450.9319
752696,3.4668,0.003659,273.31, 450.9318
752697,3.4702,0.003424,292.07, 450.9318
752698,3.4731,0.002950,338.99, 450.9318
752699,3.4761,0.002990,334.43, 450.9319
752700,3.4795,0.003456,289.39, 450.9315
752701,3.4824,0.002977,335.95, 450.9319
752702,3.4863,0.003553,281.48, 450.9319
752703,3.4897,0.003854,259.48, 450.9312
752704,3.4932,0.003369,296.83, 450.9337
752705,3.4961,0.002965,337.23, 450.9318
752706,3.4990,0.002926,341.78, 450.9316
752707,3.5024,0.003460,288.98, 450.9318
752708,3.5059,0.002974,336.22, 450.9319
752709,3.5093,0.003599,277.85, 450.9318
752710,3.5122,0.002971,336.64, 450.9319
752711,3.5156,0.003489,286.65, 450.9319
752712,3.5190,0.003247,308.01, 450.9313
752713,3.5225,0.003663,273.02, 450.9313
752714,3.5259,0.003147,317.74, 450.9318
752715,3.5293,0.003329,300.37, 450.9312
752716,3.5327,0.003597,278.01, 450.9312
752717,3.5361,0.003644,274.41, 450.9312
752718,3.5400,0.003677,272.00, 450.9318
752719,3.5435,0.003322,300.99, 450.9318
752720,3.5464,0.003059,326.93, 450.9312
752721,3.5493,0.003038,329.22, 450.9319
752722,3.5522,0.002913,343.28, 450.9392
752723,3.5557,0.003475,287.79, 450.9319
752724,3.5596,0.003698,270.43, 450.9313
752725,3.5630,0.003422,292.27, 450.9319
752726,3.5664,0.003435,291.09, 450.9319
752727,3.5698,0.003445,290.27, 450.9312
752728,3.5728,0.003002,333.13, 450.9316
752729,3.5762,0.003422,292.24, 450.9318
752730,3.5791,0.002946,339.43, 450.9316
752731,3.5825,0.003510,284.87, 450.9318
752732,3.5854,0.002964,337.43, 450.9316
752733,3.5894,0.003657,273.44, 450.9315
752734,3.5923,0.003145,317.98, 450.9319
752735,3.5957,0.003067,326.08, 450.9319
752736,3.5986,0.003212,311.35, 450.9319
752737,3.6021,0.003489,286.58, 450.9319
752738,3.6055,0.003378,296.02, 450.9318
752739,3.6084,0.002937,340.48, 450.9319
752740,3.6123,0.003712,269.41, 450.9318
752741,3.6152,0.002990,334.40, 450.9319
752742,3.6187,0.003255,307.27, 450.9337
752743,3.6216,0.003020,331.14, 450.9319
752744,3.6250,0.003644,274.40, 450.9318
752745,3.6284,0.003179,314.54, 450.9319
752746,3.6318,0.003319,301.27, 450.9319
752747,3.6353,0.003471,288.10, 450.9312
752748,3.6382,0.003072,325.49, 450.9313
752749,3.6416,0.003358,297.80, 450.9318
752750,3.6445,0.003040,328.94, 450.9319
752751,3.6479,0.003286,304.36, 450.9944
752752,3.6509,0.002994,334.03, 450.9316
752753,3.6548,0.003660,273.25, 450.9318
752754,3.6577,0.002995,333.91, 450.9319
752755,3.6611,0.003767,265.46, 450.9318
752756,3.6641,0.002977,335.91, 450.9316
752757,3.6680,0.003574,279.80, 450.9318
752758,3.6709,0.003060,326.78, 450.9319
752759,3.6743,0.003551,281.65, 450.9316
752760,3.6777,0.003138,318.64, 450.9319
752761,3.6812,0.003617,276.50, 450.9319
752762,3.6846,0.003384,295.52, 450.9337
752763,3.6875,0.002979,335.67, 450.9319
752764,3.6909,0.003479,287.41, 450.9318
752765,3.6938,0.003001,333.22, 450.9316
752766,3.6978,0.003501,285.66, 450.9315
752767,3.7007,0.002991,334.38, 450.9319
752768,3.7041,0.003426,291.85, 450.9315
752769,3.7070,0.003192,313.30, 450.9313
752770,3.7104,0.003382,295.67, 450.9318
752771,3.7134,0.002972,336.43, 450.9319
752772,3.7168,0.003479,287.45, 450.9315
752773,3.7202,0.003014,331.83, 450.9319
752774,3.7236,0.003453,289.63, 450.9319
752775,3.7271,0.003808,262.63, 450.9312
752776,3.7305,0.003084,324.26, 450.9315
752777,3.7334,0.002937,340.52, 450.9316
752778,3.7363,0.002934,340.84, 450.9319
752779,3.7402,0.003821,261.72, 450.9318
752780,3.7432,0.003053,327.59, 450.9319
752781,3.7466,0.003471,288.08, 450.9318
752782,3.7495,0.002995,333.91, 450.9316
752783,3.7529,0.003558,281.10, 450.9318
752784,3.7563,0.003057,327.11, 450.9313
752785,3.7598,0.003479,287.46, 450.9313
752786,3.7632,0.003396,294.46, 450.9318
752787,3.7661,0.002929,341.45, 450.9319
752788,3.7695,0.003521,284.03, 450.9315
752789,3.7725,0.002975,336.15, 450.9397
752790,3.7759,0.003355,298.09, 450.9319
752791,3.7788,0.002965,337.26, 450.9319
752792,3.7827,0.003725,268.49, 450.9318
752793,3.7856,0.002962,337.56, 450.9319
752794,3.7886,0.003259,306.82, 450.9319
752795,3.7920,0.003075,325.26, 450.9319
752796,3.7954,0.003675,272.09, 450.9312
752797,3.7983,0.002964,337.39, 450.9319
752798,3.8018,0.003507,285.13, 450.9313
752799,3.8052,0.003273,305.58, 450.9318
752800,3.8081,0.002929,341.45, 450.9319
752801,3.8120,0.003688,271.12, 450.9318
752802,3.8149,0.003005,332.79, 450.9316
752803,3.8184,0.003471,288.13, 450.9318
752804,3.8213,0.003010,332.23, 450.9319
752805,3.8247,0.003560,280.89, 450.9318
752806,3.8281,0.002985,334.99, 450.9319
752807,3.8311,0.003360,297.58, 450.9318
752808,3.8345,0.002989,334.57, 450.9316
752809,3.8379,0.003575,279.70, 450.9318
752810,3.8408,0.003017,331.41, 450.9319
752811,3.8447,0.003940,253.80, 450.9318
752812,3.8481,0.003116,320.90, 450.9316
752813,3.8511,0.003187,313.80, 450.9319
752814,3.8545,0.003560,280.87, 450.9318
752815,3.8574,0.002928,341.57, 450.9319
752816,3.8613,0.003846,260.04, 450.9312
752817,3.8643,0.003024,330.64, 450.9319
752818,3.8677,0.003234,309.21, 450.9319
752819,3.8706,0.002994,334.02, 450.9319
752820,3.8740,0.003567,280.36, 450.9318
752821,3.8774,0.003005,332.83, 450.9316
752822,3.8809,0.003567,280.34, 450.9319
752823,3.8848,0.003949,253.26, 450.9313
752824,3.8882,0.003337,299.65, 450.9312
752825,3.8911,0.003040,328.98, 450.9318
752826,3.8940,0.002980,335.53, 450.9313
752827,3.8970,0.002983,335.23, 450.9319
752828,3.8999,0.002978,335.78, 450.9319
752829,3.9038,0.003741,267.32, 450.9318
752830,3.9067,0.002982,335.37, 450.9319
752831,3.9106,0.003868,258.54, 450.9312
752832,3.9141,0.003170,315.42, 450.9318
752833,3.9165,0.002902,344.60, 450.9318
752834,3.9199,0.003035,329.50, 450.9313
752835,3.9233,0.003448,290.01, 450.9312
752836,3.9263,0.003027,330.38, 450.9319
752837,3.9297,0.003467,288.43, 450.9318
752838,3.9326,0.002975,336.13, 450.9319
752839,3.9365,0.003916,255.37, 450.9318
752840,3.9395,0.002987,334.83, 450.9318
752841,3.9429,0.003113,321.20, 450.9313
752842,3.9463,0.003469,288.28, 450.9318
752843,3.9492,0.002952,338.71, 450.9319
752844,3.9526,0.003499,285.78, 450.9318
752845,3.9556,0.002983,335.26, 450.9319
752846,3.9595,0.003673,272.26, 450.9318
752847,3.9624,0.003080,324.65, 450.9316
752848,3.9653,0.003000,333.34, 450.9377
752849,3.9688,0.003274,305.47, 450.9319
752850,3.9722,0.003611,276.96, 450.9319
752851,3.9756,0.003354,298.12, 450.9318
752852,3.9785,0.002949,339.14, 450.9316
752853,3.9814,0.003008,332.46, 450.9319
752854,3.9854,0.003640,274.74, 450.9319
752855,3.9888,0.003356,298.00, 450.9318
752856,3.9917,0.002988,334.69, 450.9319
752857,3.9951,0.003584,279.06, 450.9318
752858,3.9980,0.002961,337.76, 450.9319
752859,4.0015,0.003453,289.61, 450.9318
752860,4.0044,0.003009,332.36, 450.9319
752861,4.0078,0.003438,290.88, 450.9318
752862,4.0112,0.002998,333.60, 450.9319
752863,4.0151,0.004068,245.83, 450.9312
752864,4.0181,0.003068,325.93, 450.9318
752865,4.0210,0.002985,335.04, 450.9313
752866,4.0244,0.003513,284.64, 450.9318
752867,4.0273,0.002929,341.38, 450.9319
752868,4.0313,0.003463,288.81, 450.9318
752869,4.0342,0.003016,331.54, 450.9319
752870,4.0376,0.003448,290.03, 450.9318
752871,4.0405,0.002941,340.08, 450.9319
752872,4.0439,0.003690,271.00, 450.9318
752873,4.0469,0.002958,338.05, 450.9319
752874,4.0503,0.003319,301.31, 450.9319
752875,4.0532,0.002969,336.84, 450.9319
752876,4.0571,0.003586,278.88, 450.9318
752877,4.0601,0.002992,334.24, 450.9319
752878,4.0635,0.003555,281.29, 450.9318
752879,4.0664,0.002982,335.33, 450.9319
752880,4.0698,0.003505,285.32, 450.9319
752881,4.0732,0.003402,293.95, 450.9318
752882,4.0762,0.002894,345.58, 450.9319
752883,4.0801,0.003594,278.24, 450.9318
752884,4.0830,0.002990,334.40, 450.9313
752885,4.0864,0.003437,290.92, 450.9318
752886,4.0894,0.003081,324.54, 450.9319
752887,4.0938,0.004359,229.39, 450.9312
752888,4.0967,0.003171,315.35, 450.9315
752889,4.1001,0.002955,338.47, 450.9316
752890,4.1030,0.003143,318.19, 450.9316
752891,4.1060,0.002921,342.33, 450.9319
752892,4.1094,0.003368,296.91, 450.9316
752893,4.1128,0.003563,280.69, 450.9316
752894,4.1162,0.003408,293.44, 450.9318
752895,4.1191,0.002986,334.90, 450.9316
752896,4.1226,0.003518,284.24, 450.9318
752897,4.1260,0.002978,335.84, 450.9316
752898,4.1289,0.003393,294.71, 450.9318
752899,4.1323,0.002991,334.29, 450.9319
752900,4.1357,0.003516,284.45, 450.9312
752901,4.1387,0.002990,334.41, 450.9316
752902,4.1421,0.003487,286.80, 450.9337
752903,4.1450,0.002992,334.19, 450.9319
752904,4.1489,0.003957,252.72, 450.9312
752905,4.1523,0.003034,329.55, 450.9315
752906,4.1553,0.002947,339.32, 450.9319
752907,4.1587,0.003646,274.27, 450.9312
752908,4.1616,0.002983,335.19, 450.9319
752909,4.1650,0.003320,301.20, 450.9318
752910,4.1680,0.002903,344.46, 450.9319
752911,4.1714,0.003537,282.70, 450.9318
752912,4.1743,0.002947,339.35, 450.9319
752913,4.1782,0.003707,269.73, 450.9318
752914,4.1812,0.003064,326.37, 450.9319
752915,4.1846,0.003325,300.76, 450.9318
752916,4.1875,0.002953,338.66, 450.9319
752917,4.1909,0.003447,290.12, 450.9313
752918,4.1938,0.003006,332.66, 450.9319
752919,4.1978,0.003976,251.52, 450.9318
752920,4.2007,0.002972,336.51, 450.9319
752921,4.2036,0.002988,334.65, 450.9319
752922,4.2075,0.003659,273.28, 450.9318
752923,4.2104,0.002975,336.16, 450.9319
752924,4.2139,0.003575,279.69, 450.9318
752925,4.2168,0.002955,338.40, 450.9319
752926,4.2202,0.003343,299.14, 450.9319
752927,4.2231,0.003007,332.52, 450.9319
752928,4.2271,0.003608,277.18, 450.9319
752929,4.2310,0.003947,253.36, 450.9315
752930,4.2339,0.002972,336.44, 450.9315
752931,4.2368,0.002959,337.92, 450.9315
752932,4.2397,0.002955,338.42, 450.9313
752933,4.2427,0.002997,333.72, 450.9319
752934,4.2466,0.003737,267.62, 450.9319
752935,4.2500,0.003386,295.38, 450.9318
752936,4.2529,0.003079,324.83, 450.9313
752937,4.2563,0.003534,283.00, 450.9318
752938,4.2598,0.003148,317.66, 450.9313
752939,4.2632,0.003563,280.69, 450.9318
752940,4.2661,0.003113,321.22, 450.9313
752941,4.2690,0.002885,346.62, 450.9319
752942,4.2725,0.003331,300.23, 450.9319
752943,4.2759,0.003172,315.26, 450.9316
752944,4.2793,0.003754,266.35, 450.9319
752945,4.2827,0.003406,293.64, 450.9319
752946,4.2861,0.003468,288.34, 450.9319
752947,4.2896,0.003071,325.67, 450.9319
752948,4.2930,0.003605,277.42, 450.9318
752949,4.2959,0.002965,337.23, 450.9319
752950,4.2993,0.003441,290.66, 450.9318
752951,4.3022,0.002999,333.44, 450.9319
752952,4.3057,0.003465,288.63, 450.9318
752953,4.3091,0.002987,334.75, 450.9313
752954,4.3130,0.003952,253.02, 450.9318
752955,4.3159,0.002966,337.19, 450.9319
752956,4.3193,0.003447,290.12, 450.9316
752957,4.3228,0.003420,292.41, 450.9318
752958,4.3257,0.003022,330.95, 450.9319
752959,4.3291,0.003530,283.26, 450.9318
752960,4.3320,0.002980,335.53, 450.9313
752961,4.3354,0.003477,287.63, 450.9318
752962,4.3389,0.002979,335.66, 450.9319
752963,4.3423,0.003510,284.91, 450.9318
752964,4.3452,0.002996,333.73, 450.9319
752965,4.3486,0.003677,271.95, 450.9316
752966,4.3525,0.003503,285.51, 450.9315
752967,4.3555,0.002979,335.72, 450.9337
752968,4.3584,0.003318,301.41, 450.9316
752969,4.3618,0.003051,327.80, 450.9316
752970,4.3652,0.003675,272.09, 450.9318
752971,4.3682,0.002948,339.22, 450.9319
752972,4.3721,0.003524,283.78, 450.9318
752973,4.3750,0.002953,338.60, 450.9319
752974,4.3784,0.003558,281.03, 450.9318
752975,4.3813,0.003000,333.39, 450.9319
752976,4.3848,0.003533,283.05, 450.9337
752977,4.3877,0.002963,337.53, 450.9316
752978,4.3916,0.003592,278.38, 450.9319
752979,4.3950,0.003638,274.91, 450.9318
752980,4.3979,0.002987,334.84, 450.9319
752981,4.4014,0.003331,300.23, 450.9318
752982,4.4043,0.002941,339.97, 450.9319
752983,4.4077,0.003546,282.00, 450.9318
752984,4.4106,0.002957,338.23, 450.9319
752985,4.4146,0.003682,271.62, 450.9318
752986,4.4175,0.002939,340.25, 450.9319
752987,4.4214,0.003713,269.35, 450.9318
752988,4.4243,0.003005,332.76, 450.9319
752989,4.4277,0.003339,299.48, 450.9319
752990,4.4307,0.002942,339.86, 450.9319
752991,4.4341,0.003755,266.30, 450.9318
752992,4.4370,0.002981,335.44, 450.9319
752993,4.4404,0.003415,292.87, 450.9316
752994,4.4443,0.003523,283.82, 450.9318
752995,4.4473,0.002939,340.27, 450.9313
752996,4.4507,0.003535,282.89, 450.9315
752997,4.4536,0.003036,329.35, 450.9319
752998,4.4570,0.003484,287.04, 450.9318
752999,4.4600,0.003021,331.05, 450.9319
753000,4.4639,0.003535,282.93, 450.9318
753001,4.4668,0.002958,338.10, 450.9319
753002,4.4702,0.003495,286.16, 450.9319
753003,4.4741,0.003780,264.59, 450.9318
753004,4.4771,0.003008,332.48, 450.9319
753005,4.4805,0.003379,295.97, 450.9318
753006,4.4834,0.002935,340.70, 450.9319
753007,4.4873,0.003912,255.61, 450.9312
753008,4.4907,0.003404,293.78, 450.9312
753009,4.4937,0.003001,333.19, 450.9318
753010,4.4966,0.002958,338.02, 450.9316
753011,4.4995,0.003157,316.74, 450.9319
753012,4.5029,0.003083,324.38, 450.9319
753013,4.5063,0.003648,274.13, 450.9318
753014,4.5093,0.003047,328.19, 450.9319
753015,4.5127,0.003453,289.59, 450.9318
753016,4.5156,0.002971,336.55, 450.9319
753017,4.5195,0.003438,290.88, 450.9319
753018,4.5225,0.003358,297.82, 450.9313
753019,4.5264,0.003536,282.83, 450.9316
753020,4.5293,0.003143,318.13, 450.9319
753021,4.5327,0.003218,310.71, 450.9313
753022,4.5366,0.003897,256.60, 450.9312
753023,4.5405,0.003874,258.16, 450.9312
753024,4.5439,0.003524,283.78, 450.9315
753025,4.5469,0.003183,314.16, 450.9318
753026,4.5503,0.003034,329.61, 450.9318
753027,4.5532,0.003064,326.42, 450.9318
753028,4.5562,0.003049,327.98, 450.9316
753029,4.5596,0.003398,294.27, 450.9319
753030,4.5630,0.003587,278.75, 450.9316
753031,4.5669,0.003794,263.61, 450.9312
753032,4.5703,0.003208,311.69, 450.9318
753033,4.5732,0.002912,343.38, 450.9318
753034,4.5762,0.003029,330.17, 450.9316
753035,4.5796,0.003540,282.49, 450.9316
753036,4.5830,0.003493,286.27, 450.9315
753037,4.5859,0.002968,336.96, 450.9319
753038,4.5898,0.003494,286.20, 450.9337
753039,4.5928,0.002945,339.55, 450.9319
753040,4.5967,0.004324,231.28, 450.9312
753041,4.6001,0.003189,313.59, 450.9318
753042,4.6030,0.003041,328.86, 450.9312
753043,4.6060,0.003025,330.53, 450.9319
753044,4.6094,0.003420,292.39, 450.9318
753045,4.6128,0.003035,329.54, 450.9319
753046,4.6162,0.003489,286.65, 450.9318
753047,4.6191,0.003007,332.55, 450.9319
753048,4.6230,0.004050,246.94, 450.9313
753049,4.6265,0.003130,319.52, 450.9318
753050,4.6294,0.002923,342.10, 450.9319
753051,4.6328,0.003622,276.10, 450.9318
753052,4.6362,0.003272,305.59, 450.9318
753053,4.6392,0.002968,336.96, 450.9319
753054,4.6421,0.002997,333.62, 450.9316
753055,4.6460,0.004073,245.55, 450.9319
753056,4.6494,0.003102,322.36, 450.9318
753057,4.6523,0.002904,344.34, 450.9319
753058,4.6553,0.002957,338.23, 450.9319
753059,4.6587,0.003768,265.40, 450.9319
753060,4.6621,0.003350,298.50, 450.9313
753061,4.6655,0.003515,284.54, 450.9319
753062,4.6689,0.003311,302.01, 450.9318
753063,4.6719,0.002992,334.22, 450.9319
753064,4.6758,0.003832,260.97, 450.9312
753065,4.6792,0.003333,300.07, 450.9315
753066,4.6821,0.002961,337.76, 450.9318
753067,4.6851,0.002975,336.19, 450.9316
753068,4.6885,0.003190,313.45, 450.9319
753069,4.6914,0.003116,320.92, 450.9319
753070,4.6948,0.003595,278.18, 450.9318
753071,4.6982,0.003003,333.03, 450.9319
753072,4.7021,0.004130,242.12, 450.9312
753073,4.7051,0.002982,335.33, 450.9318
753074,4.7080,0.002920,342.44, 450.9316
753075,4.7114,0.003481,287.27, 450.9318
753076,4.7144,0.002947,339.28, 450.9319
753077,4.7178,0.003492,286.38, 450.9318
753078,4.7207,0.002937,340.52, 450.9319
753079,4.7246,0.003809,262.53, 450.9312
753080,4.7280,0.003417,292.64, 450.9315
753081,4.7310,0.002959,337.95, 450.9315
753082,4.7339,0.003004,332.94, 450.9319
753083,4.7373,0.003193,313.20, 450.9319
753084,4.7402,0.003057,327.09, 450.9316
753085,4.7441,0.003672,272.32, 450.9319
753086,4.7476,0.003458,289.16, 450.9315
753087,4.7505,0.002882,346.99, 450.9319
753088,4.7534,0.002943,339.82, 450.9319
753089,4.7568,0.003710,269.51, 450.9319
753090,4.7607,0.003498,285.89, 450.9318
753091,4.7637,0.002996,333.73, 450.9316
753092,4.7671,0.003438,290.91, 450.9318
753093,4.7700,0.002996,333.82, 450.9319
753094,4.7734,0.003384,295.50, 450.9313
753095,4.7764,0.003012,332.05, 450.9319
753096,4.7798,0.003663,273.01, 450.9318
753097,4.7832,0.003008,332.46, 450.9319
753098,4.7866,0.003423,292.12, 450.9319
753099,4.7900,0.003443,290.41, 450.9318
753100,4.7930,0.002946,339.44, 450.9319
753101,4.7964,0.003624,275.96, 450.9318
753102,4.7993,0.002930,341.32, 450.9319
753103,4.8032,0.003773,265.05, 450.9312
753104,4.8062,0.003069,325.84, 450.9316
753105,4.8091,0.003005,332.76, 450.9316
753106,4.8120,0.003009,332.31, 450.9319
753107,4.8159,0.003535,282.87, 450.9319
753108,4.8188,0.002944,339.63, 450.9319
753109,4.8223,0.003622,276.11, 450.9480
753110,4.8257,0.003113,321.23, 450.9319
753111,4.8291,0.003873,258.20, 450.9312
753112,4.8325,0.003128,319.69, 450.9318
753113,4.8354,0.003053,327.57, 450.9318
753114,4.8384,0.002965,337.22, 450.9316
753115,4.8418,0.003360,297.60, 450.9319
753116,4.8452,0.003438,290.86, 450.9318
753117,4.8481,0.002951,338.86, 450.9316
753118,4.8521,0.003687,271.22, 450.9318
753119,4.8550,0.003060,326.81, 450.9319
753120,4.8584,0.003393,294.74, 450.9318
753121,4.8613,0.002982,335.38, 450.9316
753122,4.8652,0.003961,252.49, 450.9316
753123,4.8687,0.003472,288.04, 450.9315
753124,4.8716,0.002916,342.90, 450.9316
753125,4.8755,0.003596,278.08, 450.9318
753126,4.8779,0.002875,347.85, 450.9319
753127,4.8818,0.003559,280.96, 450.9318
753128,4.8848,0.002958,338.04, 450.9316
753129,4.8882,0.003423,292.15, 450.9318
753130,4.8911,0.002942,339.95, 450.9316
753131,4.8945,0.003632,275.32, 450.9318
753132,4.8975,0.002956,338.26, 450.9319
753133,4.9009,0.003443,290.49, 450.9319
753134,4.9038,0.002965,337.33, 450.9319
753135,4.9077,0.003539,282.61, 450.9319
753136,4.9106,0.002990,334.41, 450.9316
753137,4.9141,0.003655,273.57, 450.9318
753138,4.9170,0.002936,340.65, 450.9319
753139,4.9204,0.003482,287.22, 450.9319
753140,4.9238,0.003425,291.96, 450.9318
753141,4.9272,0.002955,338.43, 450.9319
753142,4.9307,0.003624,275.92, 450.9318
753143,4.9336,0.002946,339.48, 450.9316
753144,4.9370,0.003540,282.51, 450.9318
753145,4.9399,0.002956,338.33, 450.9319
753146,4.9434,0.003499,285.76, 450.9318
753147,4.9468,0.003010,332.20, 450.9319
753148,4.9502,0.003423,292.12, 450.9318
753149,4.9531,0.002979,335.65, 450.9316
753150,4.9565,0.003479,287.45, 450.9318
753151,4.9595,0.003025,330.62, 450.9319
753152,4.9634,0.003705,269.88, 450.9315
753153,4.9663,0.002969,336.77, 450.9319
753154,4.9692,0.003242,308.45, 450.9319
753155,4.9731,0.003592,278.44, 450.9318
753156,4.9761,0.002953,338.67, 450.9319
753157,4.9795,0.003670,272.46, 450.9318
753158,4.9824,0.002966,337.21, 450.9319
753159,4.9863,0.003829,261.16, 450.9312
753160,4.9893,0.003030,330.00, 450.9318
753161,4.9922,0.002964,337.44, 450.9318
753162,4.9956,0.003070,325.74, 450.9313
753163,4.9990,0.003529,283.37, 450.9319
753164,5.0024,0.003474,287.89, 450.9318
753165,5.0054,0.002942,339.87, 450.9319
753166,5.0088,0.003552,281.50, 450.9318
753167,5.0117,0.002953,338.64, 450.9319
753168,5.0156,0.003536,282.79, 450.9318
753169,5.0186,0.002938,340.41, 450.9319
753170,5.0220,0.003416,292.74, 450.9318
753171,5.0249,0.002969,336.85, 450.9319
753172,5.0283,0.003616,276.57, 450.9318
753173,5.0313,0.002995,333.89, 450.9319
753174,5.0347,0.003378,296.02, 450.9319
753175,5.0376,0.002935,340.68, 450.9319
753176,5.0415,0.003694,270.69, 450.9315
753177,5.0444,0.003014,331.75, 450.9319
753178,5.0479,0.003449,289.97, 450.9319
753179,5.0513,0.003438,290.83, 450.9318
753180,5.0542,0.002951,338.89, 450.9319
753181,5.0576,0.003586,278.86, 450.9318
753182,5.0605,0.002945,339.55, 450.9319
753183,5.0645,0.003553,281.44, 450.9318
753184,5.0674,0.002920,342.52, 450.9319
753185,5.0708,0.003557,281.11, 450.9318
753186,5.0742,0.003211,311.43, 450.9313
753187,5.0776,0.003424,292.04, 450.9318
753188,5.0806,0.003109,321.61, 450.9313
753189,5.0835,0.003146,317.85, 450.9319
753190,5.0869,0.002987,334.81, 450.9319
753191,5.0903,0.003426,291.86, 450.9319
753192,5.0933,0.003165,315.96, 450.9319
753193,5.0972,0.003968,252.00, 450.9319
753194,5.1006,0.003205,311.98, 450.9319
753195,5.1035,0.003005,332.80, 450.9319
753196,5.1069,0.003689,271.09, 450.9318
753197,5.1104,0.002990,334.40, 450.9319
753198,5.1138,0.003398,294.33, 450.9318
753199,5.1167,0.002922,342.20, 450.9427
753200,5.1196,0.003284,304.53, 450.9319
753201,5.1230,0.003285,304.40, 450.9319
753202,5.1265,0.003402,293.94, 450.9318
753203,5.1294,0.002978,335.75, 450.9319
753204,5.1328,0.003588,278.71, 450.9318
753205,5.1357,0.002975,336.15, 450.9319
753206,5.1396,0.003516,284.40, 450.9319
753207,5.1431,0.003553,281.45, 450.9315
753208,5.1460,0.002922,342.21, 450.9319
753209,5.1494,0.003500,285.71, 450.9318
753210,5.1523,0.003041,328.89, 450.9319
753211,5.1558,0.003490,286.56, 450.9318
753212,5.1592,0.003045,328.36, 450.9319
753213,5.1626,0.003533,283.07, 450.9318
753214,5.1655,0.002966,337.21, 450.9319
753215,5.1689,0.003485,286.93, 450.9318
753216,5.1719,0.002988,334.66, 450.9319
753217,5.1753,0.003417,292.65, 450.9319
753218,5.1792,0.003573,279.90, 450.9318
753219,5.1821,0.002925,341.94, 450.9319
753220,5.1855,0.003520,284.06, 450.9318
753221,5.1885,0.002917,342.83, 450.9319
753222,5.1919,0.003515,284.50, 450.9318
753223,5.1948,0.002925,341.90, 450.9316
753224,5.1987,0.003703,270.04, 450.9315
753225,5.2017,0.003007,332.59, 450.9316
753226,5.2051,0.003340,299.45, 450.9319
753227,5.2080,0.002972,336.53, 450.9319
753228,5.2114,0.003776,264.86, 450.9318
753229,5.2144,0.002950,338.97, 450.9319
753230,5.2178,0.003371,296.63, 450.9319
753231,5.2212,0.003474,287.85, 450.9318
753232,5.2241,0.002921,342.37, 450.9319
753233,5.2280,0.003627,275.71, 450.9318
753234,5.2314,0.003363,297.32, 450.9318
753235,5.2344,0.002926,341.81, 450.9319
753236,5.2373,0.002946,339.43, 450.9319
753237,5.2407,0.003756,266.23, 450.9312
753238,5.2441,0.003099,322.68, 450.9319
753239,5.2485,0.004274,233.97, 450.9312
753240,5.2515,0.003172,315.26, 450.9315
753241,5.2544,0.002948,339.24, 450.9318
753242,5.2573,0.003006,332.71, 450.9316
753243,5.2603,0.003035,329.45, 450.9316
753244,5.2637,0.003223,310.25, 450.9319
753245,5.2671,0.003587,278.78, 450.9316
753246,5.2710,0.003489,286.61, 450.9318
753247,5.2739,0.003031,329.95, 450.9319
753248,5.2773,0.003473,287.98, 450.9315
753249,5.2803,0.002964,337.40, 450.9316
753250,5.2837,0.003368,296.94, 450.9318
753251,5.2866,0.003050,327.90, 450.9319
753252,5.2900,0.003562,280.72, 450.9312
753253,5.2935,0.003318,301.35, 450.9312
753254,5.2969,0.003340,299.42, 450.9313
753255,5.2998,0.003159,316.61, 450.9318
753256,5.3027,0.002935,340.68, 450.9319
753257,5.3066,0.003745,267.02, 450.9318
753258,5.3096,0.003083,324.41, 450.9312
753259,5.3130,0.003059,326.95, 450.9319
753260,5.3159,0.003069,325.89, 450.9319
753261,5.3193,0.003605,277.36, 450.9318
753262,5.3223,0.002978,335.75, 450.9319
753263,5.3262,0.003834,260.81, 450.9312
753264,5.3296,0.003357,297.90, 450.9312
753265,5.3325,0.002982,335.32, 450.9318
753266,5.3359,0.003016,331.60, 450.9313
753267,5.3389,0.003249,307.83, 450.9318
753268,5.3418,0.003063,326.45, 450.9319
753269,5.3457,0.003622,276.13, 450.9313
753270,5.3491,0.003360,297.61, 450.9318
753271,5.3521,0.003078,324.89, 450.9313
753272,5.3560,0.003733,267.85, 450.9312
753273,5.3589,0.003149,317.59, 450.9318
753274,5.3618,0.002993,334.07, 450.9318
753275,5.3647,0.002974,336.21, 450.9313
753276,5.3687,0.003578,279.52, 450.9318
753277,5.3716,0.003010,332.18, 450.9319
753278,5.3750,0.003598,277.92, 450.9318
753279,5.3779,0.003024,330.69, 450.9319
753280,5.3818,0.003838,260.53, 450.9312
753281,5.3848,0.003029,330.12, 450.9312
753282,5.3882,0.002965,337.27, 450.9315
753283,5.3911,0.003029,330.13, 450.9319
753284,5.3945,0.003510,284.91, 450.9316
753285,5.3979,0.003358,297.79, 450.9318
753286,5.4009,0.002881,347.13, 450.9319
753287,5.4043,0.003714,269.27, 450.9315
753288,5.4077,0.003095,323.06, 450.9313
753289,5.4106,0.003090,323.64, 450.9319
753290,5.4136,0.003034,329.58, 450.9319
753291,5.4170,0.003365,297.19, 450.9319
753292,5.4204,0.003291,303.84, 450.9319
753293,5.4238,0.003468,288.33, 450.9315
753294,5.4268,0.003057,327.13, 450.9316
753295,5.4302,0.003448,290.01, 450.9386
753296,5.4331,0.003032,329.77, 450.9319
753297,5.4370,0.003445,290.27, 450.9391
753298,5.4399,0.002952,338.76, 450.9319
753299,5.4434,0.003494,286.25, 450.9319
753300,5.4468,0.003567,280.32, 450.9318
753301,5.4497,0.003017,331.41, 450.9319
753302,5.4531,0.003334,299.97, 450.9318
753303,5.4561,0.002970,336.66, 450.9319
753304,5.4600,0.003734,267.83, 450.9318
753305,5.4629,0.003005,332.73, 450.9316
753306,5.4663,0.003511,284.86, 450.9318
753307,5.4692,0.002997,333.70, 450.9319
753308,5.4727,0.003410,293.27, 450.9318
753309,5.4756,0.002979,335.64, 450.9319
753310,5.4795,0.003580,279.33, 450.9319
753311,5.4834,0.003910,255.77, 450.9312
753312,5.4868,0.003455,289.45, 450.9312
753313,5.4897,0.002952,338.79, 450.9315
753314,5.4927,0.002960,337.79, 450.9316
753315,5.4961,0.003360,297.66, 450.9312
753316,5.4990,0.003084,324.31, 450.9319
753317,5.5024,0.003508,285.05, 450.9318
753318,5.5059,0.003089,323.72, 450.9313
753319,5.5088,0.003251,307.60, 450.9318
753320,5.5117,0.003032,329.85, 450.9313
753321,5.5156,0.003667,272.69, 450.9318
753322,5.5186,0.002953,338.65, 450.9319
753323,5.5220,0.003529,283.34, 450.9318
753324,5.5249,0.002988,334.63, 450.9319
753325,5.5288,0.003907,255.96, 450.9312
753326,5.5322,0.003207,311.87, 450.9318
753327,5.5352,0.003104,322.13, 450.9319
753328,5.5386,0.003505,285.27, 450.9337
753329,5.5420,0.003249,307.75, 450.9313
753330,5.5454,0.003512,284.77, 450.9312
753331,5.5488,0.003411,293.14, 450.9315
753332,5.5522,0.003302,302.84, 450.9312
753333,5.5552,0.003121,320.46, 450.9319
753334,5.5596,0.004004,249.76, 450.9313
753335,5.5630,0.003505,285.29, 450.9318
753336,5.5659,0.003039,329.01, 450.9316
753337,5.5693,0.003418,292.61, 450.9318
753338,5.5723,0.003050,327.92, 450.9319
753339,5.5757,0.003513,284.69, 450.9318
753340,5.5791,0.002989,334.52, 450.9316
753341,5.5825,0.003629,275.59, 450.9319
753342,5.5859,0.003405,293.72, 450.9318
753343,5.5889,0.002957,338.18, 450.9319
753344,5.5923,0.003624,275.95, 450.9312
753345,5.5957,0.002952,338.72, 450.9313
753346,5.5991,0.003619,276.31, 450.9318
753347,5.6021,0.003002,333.09, 450.9319
753348,5.6055,0.003313,301.80, 450.9319
753349,5.6084,0.003058,327.05, 450.9313
753350,5.6123,0.003784,264.25, 450.9318
753351,5.6152,0.003066,326.13, 450.9319
753352,5.6187,0.003132,319.33, 450.9316
753353,5.6216,0.003170,315.49, 450.9313
753354,5.6255,0.003634,275.16, 450.9312
753355,5.6284,0.003004,332.88, 450.9319
753356,5.6318,0.003440,290.74, 450.9319
753357,5.6353,0.003511,284.85, 450.9318
753358,5.6382,0.003062,326.57, 450.9316
753359,5.6421,0.003727,268.31, 450.9312
753360,5.6450,0.003070,325.75, 450.9313
753361,5.6479,0.002979,335.64, 450.9319
753362,5.6514,0.003353,298.27, 450.9316
753363,5.6548,0.003163,316.18, 450.9319
753364,5.6577,0.003181,314.34, 450.9319
753365,5.6616,0.003691,270.91, 450.9319
753366,5.6650,0.003430,291.52, 450.9318
753367,5.6680,0.003017,331.50, 450.9313
753368,5.6719,0.003882,257.60, 450.9312
753369,5.6753,0.003377,296.16, 450.9315
753370,5.6782,0.003006,332.65, 450.9318
753371,5.6812,0.002992,334.19, 450.9319
753372,5.6841,0.003122,320.28, 450.9319
753373,5.6875,0.003082,324.42, 450.9319
753374,5.6909,0.003618,276.38, 450.9318
753375,5.6938,0.003043,328.64, 450.9319
753376,5.6978,0.003548,281.84, 450.9318
753377,5.7007,0.002994,334.05, 450.9316
753378,5.7041,0.003654,273.68, 450.9315
753379,5.7070,0.003036,329.39, 450.9319
753380,5.7104,0.003325,300.75, 450.9318
753381,5.7134,0.002992,334.21, 450.9319
753382,5.7173,0.003624,275.91, 450.9319
753383,5.7207,0.003773,265.06, 450.9312
753384,5.7241,0.003137,318.74, 450.9315
753385,5.7271,0.002949,339.10, 450.9319
753386,5.7305,0.003291,303.83, 450.9316
753387,5.7339,0.003342,299.20, 450.9318
753388,5.7368,0.002997,333.68, 450.9319
753389,5.7402,0.003655,273.59, 450.9312
753390,5.7437,0.003141,318.41, 450.9319
753391,5.7466,0.003077,324.95, 450.9337
753392,5.7500,0.003360,297.59, 450.9316
753393,5.7534,0.003428,291.72, 450.9337
753394,5.7568,0.003427,291.82, 450.9318
753395,5.7598,0.002943,339.75, 450.9319
753396,5.7637,0.003821,261.70, 450.9315
753397,5.7666,0.003000,333.38, 450.9313
753398,5.7695,0.003133,319.14, 450.9319
753399,5.7729,0.003306,302.45, 450.9319
753400,5.7764,0.003284,304.47, 450.9316
753401,5.7793,0.003091,323.55, 450.9313
753402,5.7832,0.003751,266.62, 450.9313
753403,5.7866,0.003325,300.76, 450.9318
753404,5.7891,0.002901,344.77, 450.9319
753405,5.7930,0.003778,264.73, 450.9318
753406,5.7959,0.002942,339.86, 450.9319
753407,5.7993,0.003373,296.48, 450.9319
753408,5.8022,0.003001,333.21, 450.9319
753409,5.8062,0.003657,273.48, 450.9318
753410,5.8091,0.002993,334.10, 450.9316
753411,5.8125,0.003558,281.03, 450.9318
753412,5.8154,0.003013,331.87, 450.9319
753413,5.8188,0.003371,296.61, 450.9318
753414,5.8218,0.002960,337.87, 450.9319
753415,5.8257,0.003728,268.25, 450.9318
753416,5.8286,0.003134,319.07, 450.9313
753417,5.8320,0.003112,321.36, 450.9319
753418,5.8350,0.002979,335.71, 450.9319
753419,5.8384,0.003414,292.94, 450.9319
753420,5.8418,0.003626,275.82, 450.9318
753421,5.8447,0.002958,338.11, 450.9316
753422,5.8486,0.003822,261.67, 450.9318
753423,5.8516,0.003075,325.20, 450.9313
753424,5.8550,0.002954,338.56, 450.9319
753425,5.8579,0.003253,307.45, 450.9316
753426,5.8613,0.003531,283.24, 450.9318
753427,5.8647,0.003000,333.30, 450.9319
753428,5.8682,0.003501,285.60, 450.9316
753429,5.8716,0.003505,285.31, 450.9318
753430,5.8745,0.003163,316.16, 450.9313
753431,5.8784,0.003626,275.79, 450.9318
753432,5.8813,0.002976,336.01, 450.9316
753433,5.8848,0.003383,295.64, 450.9318
753434,5.8877,0.003036,329.37, 450.9313
753435,5.8911,0.003492,286.34, 450.9318
753436,5.8940,0.002991,334.37, 450.9316
753437,5.8975,0.003378,296.04, 450.9318
753438,5.9004,0.002939,340.25, 450.9319
753439,5.9043,0.003729,268.18, 450.9318
753440,5.9072,0.003014,331.82, 450.9319
753441,5.9106,0.003359,297.74, 450.9319
753442,5.9141,0.003529,283.37, 450.9319
753443,5.9175,0.003185,313.96, 450.9319
753444,5.9209,0.003674,272.22, 450.9318
753445,5.9238,0.002963,337.46, 450.9316
753446,5.9272,0.003508,285.10, 450.9318
753447,5.9307,0.002965,337.26, 450.9316
753448,5.9336,0.003380,295.84, 450.9313
753449,5.9370,0.003023,330.83, 450.9319
753450,5.9404,0.003515,284.49, 450.9318
753451,5.9434,0.003026,330.45, 450.9316
753452,5.9473,0.003688,271.14, 450.9316
753453,5.9507,0.003421,292.32, 450.9315
753454,5.9536,0.002965,337.29, 450.9318
753455,5.9565,0.002948,339.21, 450.9319
753456,5.9600,0.003775,264.93, 450.9319
753457,5.9634,0.003119,320.62, 450.9319
753458,5.9663,0.003066,326.18, 450.9313
753459,5.9702,0.003661,273.13, 450.9318
753460,5.9731,0.003012,332.02, 450.9319
753461,5.9766,0.003305,302.59, 450.9318
753462,5.9795,0.002950,339.02, 450.9319
753463,5.9829,0.003452,289.70, 450.9319
753464,5.9858,0.003074,325.31, 450.9319
753465,5.9893,0.003632,275.35, 450.9312
753466,5.9927,0.003067,326.05, 450.9319
753467,5.9956,0.003192,313.26, 450.9319
753468,5.9995,0.003716,269.14, 450.9318
753469,6.0024,0.002987,334.78, 450.9316
753470,6.0059,0.003358,297.80, 450.9318
753471,6.0088,0.002933,340.97, 450.9316
753472,6.0127,0.003821,261.73, 450.9318
753473,6.0156,0.003056,327.21, 450.9313
753474,6.0186,0.003029,330.13, 450.9313
753475,6.0220,0.003161,316.35, 450.9319
753476,6.0254,0.003524,283.81, 450.9318
753477,6.0283,0.002985,335.01, 450.9319
753478,6.0317,0.003617,276.44, 450.9318
753479,6.0347,0.002974,336.30, 450.9944
753480,6.0381,0.003330,300.35, 450.9316
753481,6.0420,0.003690,271.03, 450.9318
753482,6.0449,0.002932,341.12, 450.9319
753483,6.0483,0.003633,275.26, 450.9318
753484,6.0513,0.002940,340.14, 450.9319
753485,6.0547,0.003314,301.77, 450.9319
753486,6.0576,0.002966,337.19, 450.9319
753487,6.0615,0.003812,262.30, 450.9318
753488,6.0645,0.003006,332.69, 450.9316
753489,6.0679,0.003313,301.80, 450.9318
753490,6.0708,0.003020,331.10, 450.9319
753491,6.0742,0.003489,286.65, 450.9318
753492,6.0771,0.003038,329.13, 450.9313
753493,6.0806,0.003405,293.72, 450.9315
753494,6.0840,0.003030,330.07, 450.9319
753495,6.0874,0.003478,287.49, 450.9319
753496,6.0908,0.003461,288.97, 450.9312
753497,6.0938,0.003061,326.72, 450.9313
753498,6.0972,0.003616,276.55, 450.9318
753499,6.1006,0.003019,331.19, 450.9319
753500,6.1035,0.003075,325.25, 450.9319
753501,6.1064,0.003112,321.31, 450.9319
753502,6.1104,0.003595,278.20, 450.9318
753503,6.1133,0.003059,326.95, 450.9319
753504,6.1167,0.003487,286.82, 450.9318
753505,6.1196,0.002983,335.27, 450.9313
753506,6.1235,0.003752,266.55, 450.9313
753507,6.1274,0.003748,266.81, 450.9312
753508,6.1309,0.003418,292.61, 450.9312
753509,6.1338,0.003247,307.95, 450.9318
753510,6.1372,0.003129,319.59, 450.9318
753511,6.1401,0.002961,337.72, 450.9318
753512,6.1431,0.003030,330.08, 450.9319
753513,6.1460,0.003058,327.00, 450.9319
753514,6.1489,0.002952,338.78, 450.9316
753515,6.1528,0.003623,276.04, 450.9318
753516,6.1558,0.002950,338.96, 450.9316
753517,6.1592,0.003479,287.47, 450.9315
753518,6.1621,0.003008,332.45, 450.9319
753519,6.1655,0.003665,272.84, 450.9315
753520,6.1689,0.002960,337.89, 450.9319
753521,6.1724,0.003553,281.49, 450.9319
753522,6.1753,0.003243,308.33, 450.9318
753523,6.1782,0.002923,342.08, 450.9319
753524,6.1821,0.003749,266.76, 450.9318
753525,6.1851,0.002950,339.03, 450.9319
753526,6.1890,0.003624,275.98, 450.9318
753527,6.1919,0.003072,325.52, 450.9313
753528,6.1948,0.003067,326.10, 450.9316
753529,6.1982,0.003442,290.57, 450.9319
753530,6.2017,0.003173,315.20, 450.9312
753531,6.2046,0.003091,323.55, 450.9319
753532,6.2080,0.003451,289.75, 450.9318
753533,6.2109,0.003045,328.42, 450.9319
753534,6.2148,0.003520,284.10, 450.9341
753535,6.2178,0.002968,336.98, 450.9319
753536,6.2212,0.003605,277.36, 450.9319
753537,6.2246,0.003321,301.11, 450.9318
753538,6.2275,0.002915,343.10, 450.9319
753539,6.2314,0.003868,258.51, 450.9318
753540,6.2344,0.003034,329.59, 450.9316
753541,6.2373,0.002885,346.67, 450.9319
753542,6.2402,0.003163,316.17, 450.9319
753543,6.2441,0.003638,274.91, 450.9318
753544,6.2471,0.002967,337.07, 450.9319
753545,6.2505,0.003542,282.33, 450.9318
753546,6.2534,0.003008,332.49, 450.9319
753547,6.2568,0.003343,299.10, 450.9318
753548,6.2598,0.002978,335.76, 450.9319
753549,6.2637,0.003737,267.63, 450.9318
753550,6.2666,0.002948,339.24, 450.9319
753551,6.2705,0.003792,263.72, 450.9318
753552,6.2734,0.002985,335.00, 450.9318
753553,6.2764,0.002966,337.14, 450.9319
753554,6.2803,0.003771,265.19, 450.9318
753555,6.2832,0.003028,330.26, 450.9319
753556,6.2861,0.003090,323.59, 450.9319
753557,6.2891,0.003056,327.18, 450.9319
753558,6.2930,0.003652,273.84, 450.9318
753559,6.2959,0.003036,329.41, 450.9319
753560,6.2993,0.003571,280.05, 450.9313
753561,6.3027,0.003339,299.46, 450.9312
753562,6.3057,0.003007,332.55, 450.9316
753563,6.3096,0.003685,271.34, 450.9312
753564,6.3125,0.003037,329.26, 450.9313
753565,6.3159,0.003270,305.86, 450.9318
753566,6.3188,0.002952,338.71, 450.9313
753567,6.3223,0.003571,280.05, 450.9318
753568,6.3252,0.002964,337.34, 450.9319
753569,6.3286,0.003466,288.53, 450.9318
753570,6.3320,0.003035,329.49, 450.9316
753571,6.3350,0.003357,297.90, 450.9318
753572,6.3384,0.003000,333.37, 450.9319
753573,6.3418,0.003587,278.81, 450.9312
753574,6.3447,0.003105,322.10, 450.9319
753575,6.3481,0.003433,291.31, 450.9319
753576,6.3516,0.003366,297.07, 450.9318
753577,6.3545,0.002905,344.19, 450.9319
753578,6.3584,0.003638,274.88, 450.9315
753579,6.3613,0.003004,332.89, 450.9319
753580,6.3647,0.003510,284.93, 450.9318
753581,6.3677,0.002986,334.93, 450.9319
753582,6.3711,0.003346,298.83, 450.9318
753583,6.3740,0.003015,331.65, 450.9319
753584,6.3784,0.004491,222.66, 450.9312
753585,6.3818,0.003265,306.29, 450.9318
753586,6.3848,0.002963,337.46, 450.9312
753587,6.3877,0.003019,331.29, 450.9318
753588,6.3906,0.002996,333.81, 450.9319
753589,6.3940,0.003014,331.75, 450.9319
753590,6.3975,0.003507,285.16, 450.9319
753591,6.4009,0.003628,275.64, 450.9318
753592,6.4038,0.003053,327.56, 450.9316
753593,6.4077,0.003483,287.13, 450.9315
753594,6.4106,0.003046,328.35, 450.9313
753595,6.4141,0.003671,272.42, 450.9318
753596,6.4170,0.002987,334.81, 450.9319
753597,6.4204,0.003216,310.96, 450.9319
753598,6.4238,0.003270,305.86, 450.9319
753599,6.4272,0.003797,263.38, 450.9366
753600,6.4307,0.003048,328.05, 450.9337
753601,6.4341,0.003472,288.04, 450.9316
753602,6.4375,0.003291,303.89, 450.9319
753603,6.4404,0.003000,333.36, 450.9313
753604,6.4438,0.003696,270.56, 450.9318
753605,6.4468,0.002926,341.73, 450.9316
753606,6.4502,0.003444,290.39, 450.9320
753607,6.4531,0.002941,340.06, 450.9319
753608,6.4570,0.003912,255.62, 450.9313
753609,6.4604,0.003081,324.53, 450.9316
753610,6.4634,0.002916,342.94, 450.9319
753611,6.4663,0.003106,322.01, 450.9319
753612,6.4697,0.003669,272.55, 450.9318
753613,6.4731,0.003028,330.31, 450.9319
753614,6.4766,0.003340,299.45, 450.9319
753615,6.4800,0.003415,292.83, 450.9316
753616,6.4829,0.002998,333.51, 450.9319
753617,6.4863,0.003556,281.24, 450.9318
753618,6.4893,0.002973,336.34, 450.9319
753619,6.4927,0.003515,284.47, 450.9318
753620,6.4956,0.002977,335.86, 450.9316
753621,6.4990,0.003442,290.51, 450.9318
753622,6.5024,0.003002,333.08, 450.9316
753623,6.5059,0.003515,284.50, 450.9318
753624,6.5088,0.003094,323.21, 450.9319
753625,6.5122,0.003457,289.23, 450.9315
753626,6.5151,0.002991,334.34, 450.9316
753627,6.5186,0.003480,287.32, 450.9318
753628,6.5215,0.002978,335.78, 450.9319
753629,6.5254,0.003516,284.44, 450.9319
753630,6.5288,0.003510,284.90, 450.9318
753631,6.5317,0.002993,334.15, 450.9319
753632,6.5356,0.003804,262.85, 450.9318
753633,6.5391,0.003325,300.72, 450.9315
753634,6.5420,0.003147,317.72, 450.9312
753635,6.5454,0.003506,285.19, 450.9315
753636,6.5488,0.003520,284.10, 450.9312
753637,6.5522,0.003382,295.69, 450.9402
753638,6.5557,0.003373,296.45, 450.9312
753639,6.5591,0.003108,321.78, 450.9318
753640,6.5620,0.003038,329.13, 450.9313
753641,6.5654,0.003583,279.10, 450.9312
753642,6.5688,0.003135,319.03, 450.9313
753643,6.5718,0.002979,335.72, 450.9319
753644,6.5757,0.003824,261.53, 450.9319
753645,6.5786,0.003310,302.10, 450.9312
753646,6.5820,0.003122,320.32, 450.9316
753647,6.5850,0.003297,303.28, 450.9315
753648,6.5884,0.003036,329.38, 450.9316
753649,6.5918,0.003510,284.89, 450.9313
753650,6.5952,0.003480,287.36, 450.9318
753651,6.5981,0.002930,341.25, 450.9319
753652,6.6016,0.003506,285.26, 450.9318
753653,6.6045,0.002930,341.36, 450.9319
753654,6.6084,0.003703,270.07, 450.9318
753655,6.6113,0.003004,332.90, 450.9319
753656,6.6147,0.003662,273.08, 450.9318
753657,6.6182,0.003004,332.86, 450.9319
753658,6.6211,0.003082,324.46, 450.9319
753659,6.6245,0.003362,297.45, 450.9319
753660,6.6279,0.003620,276.26, 450.9319
753661,6.6313,0.003314,301.78, 450.9312
753662,6.6343,0.003020,331.17, 450.9312
753663,6.6377,0.003110,321.57, 450.9316
753664,6.6406,0.003311,302.03, 450.9319
753665,6.6445,0.003908,255.89, 450.9312
753666,6.6479,0.003181,314.39, 450.9318
753667,6.6509,0.002965,337.33, 450.9318
753668,6.6538,0.003061,326.71, 450.9319
753669,6.6572,0.003569,280.20, 450.9318
753670,6.6606,0.003045,328.44, 450.9319
753671,6.6641,0.003612,276.82, 450.9315
753672,6.6670,0.003045,328.39, 450.9319
753673,6.6704,0.003273,305.51, 450.9319
753674,6.6733,0.002945,339.56, 450.9319
753675,6.6768,0.003544,282.17, 450.9319
753676,6.6807,0.003643,274.52, 450.9318
753677,6.6836,0.002970,336.75, 450.9316
753678,6.6870,0.003528,283.48, 450.9318
753679,6.6904,0.003178,314.62, 450.9316
753680,6.6938,0.003497,285.93, 450.9318
753681,6.6968,0.003015,331.64, 450.9313
753682,6.7002,0.003434,291.22, 450.9315
753683,6.7031,0.003068,326.00, 450.9319
753684,6.7070,0.003547,281.92, 450.9313
753685,6.7104,0.003700,270.26, 450.9315
753686,6.7134,0.002957,338.15, 450.9319
753687,6.7168,0.003566,280.43, 450.9318
753688,6.7202,0.002952,338.72, 450.9319
753689,6.7236,0.003707,269.77, 450.9318
753690,6.7266,0.002977,335.89, 450.9319
753691,6.7300,0.003304,302.64, 450.9319
753692,6.7329,0.003000,333.38, 450.9319
753693,6.7368,0.003688,271.14, 450.9318
753694,6.7397,0.002942,339.89, 450.9316
753695,6.7432,0.003605,277.41, 450.9319
753696,6.7466,0.003491,286.49, 450.9315
753697,6.7495,0.002902,344.65, 450.9313
753698,6.7529,0.003338,299.57, 450.9319
753699,6.7559,0.003083,324.39, 450.9319
753700,6.7598,0.003622,276.13, 450.9318
753701,6.7627,0.002976,336.06, 450.9316
753702,6.7661,0.003676,272.02, 450.9318
753703,6.7690,0.002969,336.83, 450.9319
753704,6.7729,0.003533,283.02, 450.9312
753705,6.7759,0.003003,333.03, 450.9316
753706,6.7793,0.003488,286.67, 450.9318
753707,6.7822,0.003009,332.35, 450.9319
753708,6.7856,0.003537,282.70, 450.9318
753709,6.7886,0.002946,339.43, 450.9319
753710,6.7925,0.003856,259.32, 450.9316
753711,6.7959,0.003199,312.62, 450.9318
753712,6.7988,0.002942,339.86, 450.9319
753713,6.8027,0.003724,268.52, 450.9318
753714,6.8057,0.002972,336.43, 450.9319
753715,6.8091,0.003440,290.67, 450.9318
753716,6.8120,0.002979,335.68, 450.9319
753717,6.8154,0.003619,276.30, 450.9318
753718,6.8184,0.003039,329.01, 450.9319
753719,6.8223,0.003584,278.99, 450.9319
753720,6.8257,0.003371,296.64, 450.9318
753721,6.8286,0.003018,331.35, 450.9313
753722,6.8325,0.003777,264.74, 450.9312
753723,6.8354,0.003046,328.30, 450.9313
753724,6.8384,0.003119,320.58, 450.9319
753725,6.8413,0.003068,325.92, 450.9313
753726,6.8452,0.003856,259.37, 450.9318
753727,6.8486,0.003041,328.83, 450.9313
753728,6.8516,0.003228,309.78, 450.9315
753729,6.8545,0.002976,336.07, 450.9319
753730,6.8584,0.003536,282.84, 450.9318
753731,6.8613,0.003022,330.94, 450.9313
753732,6.8647,0.003593,278.36, 450.9319
753733,6.8682,0.003470,288.23, 450.9318
753734,6.8711,0.002885,346.68, 450.9319
753735,6.8740,0.003020,331.14, 450.9319
753736,6.8779,0.003647,274.19, 450.9319
753737,6.8813,0.003479,287.47, 450.9318
753738,6.8843,0.002920,342.42, 450.9319
753739,6.8877,0.003612,276.83, 450.9318
753740,6.8906,0.002957,338.21, 450.9319
753741,6.8940,0.003359,297.72, 450.9319
753742,6.8975,0.003315,301.62, 450.9319
753743,6.9009,0.003480,287.40, 450.9312
753744,6.9038,0.002980,335.63, 450.9319
753745,6.9072,0.003523,283.86, 450.9312
753746,6.9106,0.003019,331.22, 450.9316
753747,6.9141,0.003567,280.32, 450.9319
753748,6.9175,0.003434,291.20, 450.9319
753749,6.9204,0.002901,344.72, 450.9319
753750,6.9238,0.003641,274.63, 450.9319
753751,6.9268,0.003009,332.34, 450.9319
753752,6.9307,0.003527,283.54, 450.9316
753753,6.9336,0.002994,333.96, 450.9319
753754,6.9370,0.003584,279.03, 450.9318
753755,6.9399,0.003009,332.34, 450.9319
753756,6.9434,0.003469,288.29, 450.9312
753757,6.9468,0.003008,332.46, 450.9316
753758,6.9502,0.003497,285.98, 450.9319
753759,6.9536,0.003552,281.57, 450.9318
753760,6.9565,0.002924,341.96, 450.9319
753761,6.9600,0.003415,292.81, 450.9318
753762,6.9629,0.002934,340.80, 450.9319
753763,6.9668,0.003642,274.57, 450.9318
753764,6.9697,0.003087,323.90, 450.9319
753765,6.9731,0.003337,299.64, 450.9318
753766,6.9761,0.002968,336.89, 450.9319
753767,6.9795,0.003586,278.89, 450.9318
753768,6.9824,0.002997,333.66, 450.9319
753769,6.9858,0.003464,288.73, 450.9315
753770,6.9888,0.002985,335.03, 450.9316
753771,6.9922,0.003329,300.44, 450.9316
753772,6.9951,0.003041,328.80, 450.9319
753773,6.9990,0.003485,286.91, 450.9313
753774,7.0024,0.003738,267.50, 450.9318
753775,7.0059,0.003076,325.13, 450.9319
753776,7.0088,0.003308,302.32, 450.9318
753777,7.0122,0.003008,332.40, 450.9319
753778,7.0156,0.003674,272.18, 450.9318
753779,7.0186,0.002955,338.40, 450.9319
753780,7.0220,0.003587,278.75, 450.9318
753781,7.0254,0.002995,333.95, 450.9319
753782,7.0288,0.003600,277.78, 450.9319
753783,7.0322,0.003321,301.11, 450.9318
753784,7.0352,0.002921,342.40, 450.9316
753785,7.0386,0.003507,285.12, 450.9318
753786,7.0415,0.002918,342.70, 450.9319
753787,7.0449,0.003671,272.44, 450.9319
753788,7.0483,0.003307,302.42, 450.9319
753789,7.0518,0.003534,282.93, 450.9318
753790,7.0552,0.003000,333.30, 450.9316
753791,7.0581,0.003265,306.27, 450.9319
753792,7.0610,0.002986,334.94, 450.9319
753793,7.0649,0.003885,257.38, 450.9312
753794,7.0679,0.002983,335.27, 450.9319
753795,7.0713,0.003271,305.71, 450.9319
753796,7.0747,0.003417,292.65, 450.9318
753797,7.0776,0.002910,343.60, 450.9316
753798,7.0811,0.003566,280.40, 450.9318
753799,7.0840,0.002964,337.38, 450.9316
753800,7.0879,0.003608,277.15, 450.9318
753801,7.0908,0.002990,334.50, 450.9316
753802,7.0942,0.003610,277.01, 450.9318
753803,7.0972,0.002985,334.97, 450.9319
753804,7.1006,0.003256,307.12, 450.9318
753805,7.1035,0.002988,334.65, 450.9319
753806,7.1069,0.003455,289.43, 450.9319
753807,7.1099,0.002988,334.73, 450.9313
753808,7.1138,0.003682,271.58, 450.9318
753809,7.1167,0.002992,334.19, 450.9319
753810,7.1201,0.003427,291.80, 450.9315
753811,7.1230,0.002998,333.54, 450.9319
753812,7.1265,0.003480,287.39, 450.9316
753813,7.1299,0.003440,290.69, 450.9318
753814,7.1328,0.002936,340.63, 450.9319
753815,7.1367,0.003503,285.46, 450.9318
753816,7.1396,0.003041,328.85, 450.9319
753817,7.1431,0.003415,292.84, 450.9318
753818,7.1460,0.002950,338.95, 450.9316
753819,7.1494,0.003561,280.85, 450.9319
753820,7.1523,0.002967,337.04, 450.9319
753821,7.1563,0.003538,282.65, 450.9327
753822,7.1592,0.003023,330.84, 450.9316
753823,7.1626,0.003654,273.64, 450.9318
753824,7.1655,0.002974,336.28, 450.9319
753825,7.1689,0.003208,311.75, 450.9319
753826,7.1719,0.003130,319.45, 450.9319
753827,7.1758,0.003705,269.94, 450.9319
753828,7.1787,0.003206,311.91, 450.9319
753829,7.1816,0.002948,339.19, 450.9316
753830,7.1855,0.003565,280.47, 450.9318
753831,7.1885,0.002965,337.30, 450.9319
753832,7.1919,0.003569,280.21, 450.9318
753833,7.1948,0.003007,332.61, 450.9319
753834,7.1987,0.003841,260.35, 450.9319
753835,7.2021,0.003437,290.93, 450.9318
753836,7.2051,0.002896,345.32, 450.9319
753837,7.2090,0.003605,277.40, 450.9318
753838,7.2114,0.002899,344.97, 450.9319
753839,7.2153,0.003894,256.83, 450.9312
753840,7.2188,0.003338,299.60, 450.9315
753841,7.2222,0.003110,321.51, 450.9318
753842,7.2251,0.003013,331.93, 450.9319
753843,7.2280,0.002993,334.09, 450.9319
753844,7.2314,0.003281,304.79, 450.9316
753845,7.2349,0.003392,294.85, 450.9318
753846,7.2378,0.003037,329.26, 450.9319
753847,7.2417,0.003882,257.61, 450.9312
753848,7.2446,0.003174,315.11, 450.9318
753849,7.2476,0.002942,339.88, 450.9316
753850,7.2515,0.003565,280.53, 450.9318
753851,7.2544,0.002954,338.55, 450.9316
753852,7.2578,0.003442,290.55, 450.9312
753853,7.2607,0.002953,338.65, 450.9313
753854,7.2646,0.003873,258.23, 450.9318
753855,7.2676,0.003028,330.21, 450.9319
753856,7.2710,0.003472,288.02, 450.9318
753857,7.2739,0.002993,334.08, 450.9319
753858,7.2773,0.003354,298.15, 450.9319
753859,7.2803,0.002990,334.48, 450.9319
753860,7.2842,0.003731,268.03, 450.9318
753861,7.2871,0.002950,339.03, 450.9319
753862,7.2905,0.003356,298.01, 450.9318
753863,7.2935,0.003085,324.19, 450.9319
753864,7.2969,0.003533,283.06, 450.9319
753865,7.3003,0.003504,285.36, 450.9315
753866,7.3037,0.003008,332.48, 450.9316
753867,7.3071,0.003447,290.13, 450.9318
753868,7.3101,0.002981,335.51, 450.9319
753869,7.3135,0.003557,281.17, 450.9315
753870,7.3164,0.002983,335.24, 450.9319
753871,7.3198,0.003392,294.80, 450.9318
753872,7.3228,0.003011,332.08, 450.9313
753873,7.3267,0.003566,280.42, 450.9319
753874,7.3296,0.003395,294.53, 450.9319
753875,7.3330,0.003398,294.27, 450.9319
753876,7.3364,0.003395,294.53, 450.9318
753877,7.3394,0.002879,347.29, 450.9319
753878,7.3433,0.003671,272.42, 450.9312
753879,7.3462,0.002969,336.83, 450.9319
753880,7.3496,0.003683,271.53, 450.9318
753881,7.3530,0.002989,334.57, 450.9313
753882,7.3560,0.003330,300.28, 450.9318
753883,7.3594,0.003002,333.11, 450.9319
753884,7.3628,0.003695,270.64, 450.9312
753885,7.3657,0.003044,328.57, 450.9313
753886,7.3691,0.003266,306.17, 450.9318
753887,7.3721,0.003009,332.31, 450.9319
753888,7.3755,0.003499,285.82, 450.9319
753889,7.3794,0.003572,279.99, 450.9318
753890,7.3823,0.002998,333.53, 450.9319
753891,7.3857,0.003363,297.35, 450.9318
753892,7.3887,0.002936,340.65, 450.9316
753893,7.3921,0.003664,272.94, 450.9318
753894,7.3950,0.003053,327.54, 450.9319
753895,7.3989,0.003695,270.63, 450.9312
753896,7.4023,0.003278,305.05, 450.9318
753897,7.4053,0.002951,338.88, 450.9315
753898,7.4082,0.003053,327.55, 450.9319
753899,7.4116,0.003186,313.89, 450.9319
753900,7.4146,0.003084,324.23, 450.9319
753901,7.4180,0.003640,274.70, 450.9318
753902,7.4209,0.002991,334.29, 450.9319
753903,7.4253,0.003971,251.85, 450.9315
753904,7.4282,0.003078,324.91, 450.9318
753905,7.4312,0.002961,337.70, 450.9319
753906,7.4346,0.003265,306.29, 450.9337
753907,7.4380,0.003496,286.01, 450.9313
753908,7.4414,0.003532,283.15, 450.9312
753909,7.4448,0.003429,291.62, 450.9312
753910,7.4478,0.003098,322.77, 450.9318
753911,7.4512,0.002998,333.61, 450.9318
753912,7.4541,0.002935,340.75, 450.9319
753913,7.4575,0.003595,278.20, 450.9318
753914,7.4604,0.002907,343.97, 450.9319
753915,7.4639,0.003573,279.85, 450.9318
753916,7.4668,0.002890,346.04, 450.9319
753917,7.4707,0.003736,267.64, 450.9315
753918,7.4736,0.003051,327.76, 450.9313
753919,7.4766,0.003077,324.98, 450.9319
753920,7.4800,0.003198,312.69, 450.9319
753921,7.4834,0.003577,279.60, 450.9315
753922,7.4863,0.002970,336.68, 450.9319
753923,7.4897,0.003516,284.43, 450.9318
753924,7.4932,0.003073,325.46, 450.9316
753925,7.4966,0.003522,283.91, 450.9315
753926,7.4995,0.002974,336.27, 450.9319
753927,7.5029,0.003455,289.47, 450.9319
753928,7.5063,0.003438,290.88, 450.9318
753929,7.5098,0.003314,301.80, 450.9316
753930,7.5132,0.003250,307.74, 450.9315
753931,7.5161,0.003084,324.25, 450.9319
753932,7.5195,0.003322,301.01, 450.9318
753933,7.5225,0.003032,329.85, 450.9319
753934,7.5259,0.003498,285.87, 450.9318
753935,7.5288,0.003008,332.42, 450.9319
753936,7.5322,0.003363,297.36, 450.9318
753937,7.5356,0.003316,301.60, 450.9313
753938,7.5391,0.003583,279.10, 450.9318
753939,7.5425,0.003143,318.17, 450.9312
753940,7.5464,0.003926,254.74, 450.9312
753941,7.5498,0.003480,287.36, 450.9312
753942,7.5532,0.003465,288.59, 450.9315
753943,7.5566,0.003192,313.32, 450.9318
753944,7.5596,0.003114,321.11, 450.9316
753945,7.5630,0.003464,288.68, 450.9318
753946,7.5659,0.003144,318.11, 450.9313
753947,7.5693,0.003084,324.29, 450.9319
753948,7.5723,0.003120,320.56, 450.9313
753949,7.5757,0.003549,281.75, 450.9316
753950,7.5796,0.003517,284.36, 450.9318
753951,7.5825,0.003033,329.72, 450.9319
753952,7.5859,0.003664,272.91, 450.9312
753953,7.5894,0.003206,311.96, 450.9315
753954,7.5923,0.002966,337.13, 450.9318
753955,7.5952,0.002982,335.36, 450.9319
753956,7.5991,0.003722,268.68, 450.9315
753957,7.6021,0.003017,331.42, 450.9313
753958,7.6050,0.003066,326.21, 450.9319
753959,7.6084,0.003435,291.12, 450.9319
753960,7.6118,0.003117,320.79, 450.9313
753961,7.6147,0.003357,297.92, 450.9313
753962,7.6182,0.003285,304.46, 450.9316
753963,7.6216,0.003539,282.58, 450.9318
753964,7.6245,0.002919,342.64, 450.9319
753965,7.6284,0.003840,260.42, 450.9315
753966,7.6318,0.003210,311.51, 450.9318
753967,7.6348,0.002975,336.11, 450.9318
753968,7.6377,0.002967,337.06, 450.9319
753969,7.6411,0.003551,281.64, 450.9318
753970,7.6445,0.003122,320.35, 450.9316
753971,7.6479,0.003396,294.46, 450.9318
753972,7.6509,0.003001,333.18, 450.9319
753973,7.6543,0.003465,288.61, 450.9315
753974,7.6572,0.003062,326.59, 450.9319
753975,7.6616,0.004162,240.29, 450.9312
753976,7.6646,0.003279,304.96, 450.9315
753977,7.6680,0.003000,333.33, 450.9312
753978,7.6709,0.002983,335.23, 450.9318
753979,7.6738,0.002980,335.56, 450.9319
753980,7.6772,0.003493,286.30, 450.9318
753981,7.6802,0.002944,339.65, 450.9319
753982,7.6836,0.003535,282.91, 450.9318
753983,7.6865,0.003004,332.89, 450.9319
753984,7.6909,0.004150,240.99, 450.9313
753985,7.6938,0.003084,324.23, 450.9319
753986,7.6973,0.003414,292.93, 450.9316
753987,7.7007,0.003304,302.71, 450.9318
753988,7.7036,0.002976,336.06, 450.9316
753989,7.7070,0.003457,289.23, 450.9318
753990,7.7100,0.002944,339.70, 450.9319
753991,7.7139,0.003695,270.63, 450.9318
753992,7.7168,0.002952,338.81, 450.9316
753993,7.7202,0.003447,290.12, 450.9312
753994,7.7231,0.003095,323.14, 450.9316
753995,7.7266,0.003356,297.96, 450.9318
753996,7.7295,0.002935,340.72, 450.9319
753997,7.7329,0.003681,271.70, 450.9318
753998,7.7363,0.003097,322.93, 450.9313
753999,7.7402,0.003905,256.06, 450.9318
754000,7.7432,0.003044,328.48, 450.9318
754001,7.7461,0.002938,340.40, 450.9318
754002,7.7490,0.003015,331.71, 450.9319
754003,7.7524,0.003424,292.07, 450.9316
754004,7.7559,0.003513,284.62, 450.9318
754005,7.7588,0.002913,343.31, 450.9319
754006,7.7627,0.003706,269.80, 450.9318
754007,7.7656,0.002943,339.75, 450.9319
754008,7.7695,0.003951,253.09, 450.9313
754009,7.7725,0.003075,325.17, 450.9315
754010,7.7754,0.002852,350.59, 450.9319
754011,7.7788,0.003189,313.62, 450.9319
754012,7.7822,0.003744,267.12, 450.9319
754013,7.7856,0.003370,296.73, 450.9318
754014,7.7886,0.002883,346.92, 450.9319
754015,7.7925,0.003886,257.33, 450.9312
754016,7.7959,0.003087,323.98, 450.9316
754017,7.7993,0.003606,277.31, 450.9318
754018,7.8022,0.002992,334.18, 450.9319
754019,7.8057,0.003453,289.64, 450.9318
754020,7.8086,0.003039,329.02, 450.9316
754021,7.8125,0.003569,280.18, 450.9318
754022,7.8154,0.003003,333.04, 450.9319
754023,7.8193,0.003829,261.20, 450.9319
754024,7.8223,0.003043,328.59, 450.9319
754025,7.8252,0.002948,339.26, 450.9319
754026,7.8291,0.003754,266.38, 450.9318
754027,7.8320,0.002967,337.05, 450.9319
754028,7.8354,0.003562,280.71, 450.9318
754029,7.8384,0.003071,325.65, 450.9319
754030,7.8418,0.003469,288.27, 450.9318
754031,7.8447,0.002964,337.36, 450.9319
754032,7.8491,0.003963,252.35, 450.9312
754033,7.8521,0.003052,327.68, 450.9318
754034,7.8550,0.002873,348.10, 450.9601
754035,7.8579,0.003037,329.23, 450.9319
754036,7.8613,0.003564,280.58, 450.9313
754037,7.8647,0.003116,320.89, 450.9319
754038,7.8682,0.003608,277.18, 450.9319
754039,7.8716,0.003449,289.96, 450.9318
754040,7.8745,0.003026,330.44, 450.9319
754041,7.8784,0.003596,278.13, 450.9315
754042,7.8813,0.003022,330.87, 450.9319
754043,7.8848,0.003414,292.94, 450.9312
754044,7.8877,0.002960,337.88, 450.9313
754045,7.8911,0.003703,270.05, 450.9312
754046,7.8945,0.003024,330.73, 450.9316
754047,7.8979,0.003616,276.53, 450.9319
754048,7.9014,0.003303,302.79, 450.9319
754049,7.9043,0.002945,339.59, 450.9313
754050,7.9077,0.003642,274.58, 450.9315
754051,7.9106,0.002966,337.19, 450.9319
754052,7.9146,0.003941,253.74, 450.9318
754053,7.9175,0.002936,340.60, 450.9316
754054,7.9214,0.003498,285.90, 450.9320
754055,7.9243,0.002944,339.69, 450.9316
754056,7.9282,0.004029,248.23, 450.9312
754057,7.9312,0.003126,319.95, 450.9318
754058,7.9341,0.002965,337.27, 450.9316
754059,7.9380,0.003579,279.45, 450.9318
754060,7.9409,0.002978,335.76, 450.9319
754061,7.9443,0.003688,271.14, 450.9318
754062,7.9473,0.002931,341.17, 450.9319
754063,7.9512,0.003742,267.22, 450.9312
754064,7.9546,0.003336,299.76, 450.9318
754065,7.9575,0.003005,332.75, 450.9337
754066,7.9604,0.003012,331.99, 450.9319
754067,7.9639,0.003402,293.92, 450.9318
754068,7.9673,0.003141,318.37, 450.9313
754069,7.9707,0.003468,288.33, 450.9315
754070,7.9736,0.003156,316.86, 450.9313
754071,7.9775,0.003813,262.27, 450.9312
754072,7.9805,0.003163,316.17, 450.9315
754073,7.9839,0.002972,336.43, 450.9319
754074,7.9873,0.003496,286.01, 450.9318
754075,7.9902,0.003021,331.06, 450.9319
754076,7.9932,0.003213,311.21, 450.9319
754077,7.9966,0.003009,332.37, 450.9319
754078,8.0000,0.003807,262.69, 450.9318
754079,8.0034,0.003037,329.26, 450.9319
754080,8.0063,0.003239,308.76, 450.9319
754081,8.0093,0.002956,338.34, 450.9319
754082,8.0132,0.003848,259.91, 450.9319
754083,8.0166,0.003188,313.70, 450.9337
754084,8.0195,0.003009,332.29, 450.9316
754085,8.0229,0.003633,275.26, 450.9318
754086,8.0259,0.002963,337.53, 450.9319
754087,8.0303,0.004229,236.49, 450.9312
754088,8.0337,0.003148,317.65, 450.9315
754089,8.0366,0.002977,335.94, 450.9319
754090,8.0396,0.002974,336.30, 450.9313
754091,8.0430,0.003759,266.02, 450.9318
754092,8.0464,0.003160,316.51, 450.9316
754093,8.0498,0.003278,305.08, 450.9312
754094,8.0527,0.002964,337.43, 450.9319
754095,8.0566,0.004031,248.10, 450.9312
754096,8.0596,0.003092,323.43, 450.9318
754097,8.0625,0.002994,333.98, 450.9319
754098,8.0659,0.003323,300.98, 450.9319
754099,8.0688,0.002994,333.99, 450.9319
754100,8.0728,0.003706,269.86, 450.9318
754101,8.0757,0.002972,336.52, 450.9319
754102,8.0791,0.003611,276.93, 450.9318
754103,8.0825,0.003074,325.35, 450.9319
754104,8.0859,0.003767,265.50, 450.9312
754105,8.0894,0.003146,317.90, 450.9318
754106,8.0923,0.002974,336.25, 450.9318
754107,8.0952,0.003049,327.97, 450.9319
754108,8.0986,0.003409,293.33, 450.9319
754109,8.1021,0.003509,284.97, 450.9318
754110,8.1050,0.002888,346.30, 450.9319
754111,8.1089,0.003732,267.96, 450.9312
754112,8.1118,0.003082,324.50, 450.9313
754113,8.1147,0.003067,326.09, 450.9319
754114,8.1182,0.003024,330.72, 450.9319
754115,8.1216,0.003752,266.55, 450.9318
754116,8.1250,0.003053,327.60, 450.9319
754117,8.1279,0.003251,307.61, 450.9319
754118,8.1309,0.002991,334.31, 450.9319
754119,8.1348,0.003733,267.92, 450.9357
754120,8.1377,0.002978,335.81, 450.9319
754121,8.1411,0.003523,283.82, 450.9312
754122,8.1445,0.003062,326.63, 450.9316
754123,8.1475,0.003218,310.71, 450.9319
754124,8.1514,0.003607,277.25, 450.9318
754125,8.1543,0.002961,337.77, 450.9316
754126,8.1577,0.003485,286.96, 450.9318
754127,8.1606,0.003072,325.56, 450.9316
754128,8.1641,0.003398,294.28, 450.9319
754129,8.1670,0.003030,330.08, 450.9319
754130,8.1709,0.003613,276.76, 450.9318
754131,8.1738,0.003015,331.63, 450.9316
754132,8.1772,0.003448,290.02, 450.9315
754133,8.1802,0.002982,335.39, 450.9319
754134,8.1841,0.003728,268.27, 450.9319
754135,8.1870,0.003150,317.45, 450.9316
754136,8.1899,0.002930,341.32, 450.9319
754137,8.1938,0.003639,274.79, 450.9318
754138,8.1968,0.002973,336.37, 450.9316
754139,8.2002,0.003479,287.43, 450.9318
754140,8.2031,0.003024,330.69, 450.9316
754141,8.2065,0.003657,273.47, 450.9318
754142,8.2095,0.002965,337.30, 450.9319
754143,8.2134,0.003883,257.53, 450.9312
754144,8.2168,0.003136,318.91, 450.9312
754145,8.2197,0.003000,333.34, 450.9318
754146,8.2231,0.003189,313.54, 450.9319
754147,8.2261,0.003098,322.77, 450.9313
754148,8.2295,0.003323,300.90, 450.9319
754149,8.2329,0.003556,281.18, 450.9316
754150,8.2358,0.003121,320.43, 450.9312
754151,8.2393,0.003131,319.36, 450.9316
754152,8.2427,0.003594,278.25, 450.9315
754153,8.2461,0.003122,320.31, 450.9313
754154,8.2490,0.003028,330.31, 450.9319
754155,8.2520,0.003181,314.37, 450.9316
754156,8.2554,0.003524,283.79, 450.9318
754157,8.2588,0.003059,326.87, 450.9586
754158,8.2622,0.003415,292.81, 450.9315
754159,8.2651,0.003118,320.70, 450.9319
754160,8.2686,0.003425,292.00, 450.9315
754161,8.2720,0.003123,320.19, 450.9313
754162,8.2749,0.003105,322.02, 450.9316
754163,8.2778,0.003073,325.45, 450.9319
754164,8.2817,0.003838,260.57, 450.9319
754165,8.2852,0.003155,316.96, 450.9312
754166,8.2881,0.003033,329.71, 450.9319
754167,8.2910,0.003300,303.04, 450.9319
754168,8.2944,0.003163,316.16, 450.9316
754169,8.2979,0.003663,272.97, 450.9318
754170,8.3013,0.003200,312.53, 450.9312
754171,8.3042,0.003058,327.02, 450.9318
754172,8.3076,0.003121,320.44, 450.9316
754173,8.3110,0.003626,275.78, 450.9313
754174,8.3149,0.003634,275.18, 450.9315
754175,8.3179,0.003239,308.71, 450.9316
754176,8.3218,0.003643,274.48, 450.9318
754177,8.3247,0.003130,319.45, 450.9313
754178,8.3276,0.003126,319.94, 450.9318
754179,8.3311,0.003360,297.66, 450.9319
754180,8.3350,0.003686,271.28, 450.9315
754181,8.3379,0.003005,332.79, 450.9313
754182,8.3413,0.003236,309.04, 450.9318
754183,8.3442,0.003014,331.79, 450.9319
754184,8.3477,0.003640,274.73, 450.9318
754185,8.3506,0.002971,336.63, 450.9316
754186,8.3540,0.003408,293.42, 450.9316
754187,8.3579,0.003587,278.75, 450.9318
754188,8.3608,0.003158,316.69, 450.9316
754189,8.3638,0.003050,327.87, 450.9319
754190,8.3672,0.002996,333.73, 450.9319
754191,8.3711,0.004172,239.68, 450.9312
754192,8.3745,0.003275,305.31, 450.9318
754193,8.3774,0.002961,337.69, 450.9318
754194,8.3804,0.003022,330.86, 450.9313
754195,8.3833,0.002976,336.04, 450.9319
754196,8.3867,0.003126,319.86, 450.9316
754197,8.3901,0.003690,270.98, 450.9318
754198,8.3931,0.003036,329.44, 450.9319
754199,8.3970,0.003794,263.59, 450.9312
754200,8.3999,0.003090,323.67, 450.9318
754201,8.4033,0.002981,335.44, 450.9319
754202,8.4067,0.003554,281.40, 450.9318
754203,8.4097,0.002993,334.09, 450.9319
754204,8.4131,0.003372,296.53, 450.9318
754205,8.4160,0.002961,337.72, 450.9319
754206,8.4194,0.003540,282.51, 450.9318
754207,8.4224,0.003050,327.92, 450.9316
754208,8.4258,0.003405,293.69, 450.9318
754209,8.4292,0.003006,332.66, 450.9319
754210,8.4326,0.003468,288.36, 450.9316
754211,8.4360,0.003677,271.95, 450.9315
754212,8.4390,0.002996,333.76, 450.9316
754213,8.4424,0.003461,288.94, 450.9312
754214,8.4453,0.002962,337.58, 450.9319
754215,8.4492,0.003573,279.89, 450.9318
754216,8.4521,0.003017,331.50, 450.9316
754217,8.4556,0.003417,292.70, 450.9318
754218,8.4585,0.002933,340.99, 450.9319
754219,8.4619,0.003440,290.73, 450.9318
754220,8.4648,0.002938,340.32, 450.9319
754221,8.4688,0.003661,273.16, 450.9318
754222,8.4717,0.002983,335.27, 450.9337
754223,8.4751,0.003428,291.71, 450.9318
754224,8.4780,0.003039,329.04, 450.9316
754225,8.4814,0.003559,280.99, 450.9315
754226,8.4844,0.003004,332.94, 450.9319
754227,8.4878,0.003428,291.72, 450.9319
754228,8.4912,0.003233,309.31, 450.9319
754229,8.4941,0.003190,313.45, 450.9319
754230,8.4980,0.003473,287.93, 450.9318
754231,8.5010,0.002985,335.03, 450.9319
754232,8.5044,0.003577,279.58, 450.9318
754233,8.5073,0.002929,341.40, 450.9319
754234,8.5107,0.003364,297.23, 450.9319
754235,8.5137,0.003000,333.36, 450.9319
754236,8.5171,0.003440,290.66, 450.9319
754237,8.5200,0.003057,327.11, 450.9316
754238,8.5239,0.003655,273.61, 450.9319
754239,8.5273,0.003449,289.98, 450.9318
754240,8.5303,0.003012,332.01, 450.9312
754241,8.5332,0.003092,323.46, 450.9319
754242,8.5366,0.003240,308.67, 450.9319
754243,8.5400,0.003612,276.88, 450.9318
754244,8.5435,0.003005,332.82, 450.9319
754245,8.5474,0.003982,251.16, 450.9312
754246,8.5503,0.003233,309.27, 450.9318
754247,8.5532,0.002994,334.05, 450.9318
754248,8.5571,0.003453,289.59, 450.9312
754249,8.5601,0.003185,314.01, 450.9312
754250,8.5635,0.003399,294.22, 450.9318
754251,8.5669,0.003415,292.81, 450.9318
754252,8.5703,0.003273,305.58, 450.9312
754253,8.5732,0.003091,323.51, 450.9313
754254,8.5762,0.002993,334.17, 450.9319
754255,8.5796,0.003191,313.37, 450.9319
754256,8.5840,0.004553,219.62, 450.9312
754257,8.5874,0.003199,312.57, 450.9318
754258,8.5903,0.002962,337.64, 450.9318
754259,8.5933,0.003123,320.22, 450.9316
754260,8.5962,0.002993,334.17, 450.9319
754261,8.5991,0.003053,327.59, 450.9319
754262,8.6030,0.003728,268.26, 450.9315
754263,8.6060,0.002993,334.16, 450.9319
754264,8.6094,0.003306,302.51, 450.9387
754265,8.6128,0.003663,273.03, 450.9315
754266,8.6162,0.002955,338.47, 450.9316
754267,8.6196,0.003465,288.59, 450.9318
754268,8.6226,0.002981,335.48, 450.9319
754269,8.6260,0.003504,285.36, 450.9318
754270,8.6289,0.003017,331.44, 450.9319
754271,8.6328,0.003879,257.78, 450.9313
754272,8.6357,0.003071,325.65, 450.9318
754273,8.6387,0.002866,348.93, 450.9318
754274,8.6416,0.003024,330.74, 450.9319
754275,8.6455,0.003691,270.94, 450.9318
754276,8.6484,0.003070,325.72, 450.9313
754277,8.6519,0.003190,313.45, 450.9319
754278,8.6548,0.002963,337.50, 450.9319
754279,8.6587,0.003737,267.63, 450.9319
754280,8.6621,0.003459,289.07, 450.9318
754281,8.6650,0.003007,332.51, 450.9319
754282,8.6685,0.003364,297.27, 450.9318
754283,8.6714,0.003072,325.50, 450.9319
754284,8.6753,0.003713,269.36, 450.9318
754285,8.6782,0.003092,323.45, 450.9313
754286,8.6812,0.003008,332.40, 450.9319
754287,8.6841,0.003124,320.11, 450.9319
754288,8.6885,0.004011,249.29, 450.9312
754289,8.6914,0.003009,332.31, 450.9318
754290,8.6943,0.002933,340.96, 450.9319
754291,8.6978,0.003637,274.94, 450.9318
754292,8.7007,0.002931,341.19, 450.9313
754293,8.7041,0.003507,285.11, 450.9318
754294,8.7075,0.003000,333.37, 450.9319
754295,8.7109,0.003711,269.46, 450.9312
754296,8.7144,0.003338,299.59, 450.9312
754297,8.7173,0.002886,346.55, 450.9318
754298,8.7202,0.003015,331.69, 450.9313
754299,8.7236,0.003453,289.61, 450.9318
754300,8.7266,0.002981,335.47, 450.9319
754301,8.7305,0.003702,270.10, 450.9318
754302,8.7334,0.003189,313.55, 450.9319
754303,8.7368,0.003047,328.22, 450.9313
754304,8.7402,0.003609,277.10, 450.9318
754305,8.7432,0.003065,326.30, 450.9377
754306,8.7471,0.003560,280.88, 450.9312
754307,8.7505,0.003470,288.22, 450.9315
754308,8.7534,0.003018,331.38, 450.9318
754309,8.7563,0.002966,337.17, 450.9319
754310,8.7593,0.003060,326.83, 450.9319
754311,8.7627,0.003354,298.20, 450.9319
754312,8.7666,0.003806,262.73, 450.9313
754313,8.7695,0.003044,328.49, 450.9318
754314,8.7725,0.002892,345.73, 450.9316
754315,8.7759,0.003571,280.07, 450.9318
754316,8.7788,0.002830,353.36, 450.9422
754317,8.7822,0.003215,311.05, 450.9316
754318,8.7856,0.003574,279.78, 450.9319
754319,8.7891,0.003502,285.58, 450.9318
754320,8.7925,0.003177,314.76, 450.9316
754321,8.7954,0.003054,327.49, 450.9319
754322,8.7983,0.003044,328.57, 450.9316
754323,8.8022,0.003758,266.08, 450.9318
754324,8.8052,0.002971,336.54, 450.9319
754325,8.8081,0.003170,315.47, 450.9316
754326,8.8115,0.003139,318.62, 450.9337
754327,8.8149,0.003622,276.08, 450.9318
754328,8.8184,0.003009,332.35, 450.9316
754329,8.8213,0.003416,292.71, 450.9319
754330,8.8247,0.003206,311.92, 450.9319
754331,8.8276,0.002966,337.13, 450.9319
754332,8.8311,0.003454,289.53, 450.9313
754333,8.8345,0.003377,296.14, 450.9319
754334,8.8379,0.003379,295.97, 450.9318
754335,8.8408,0.002949,339.11, 450.9319
754336,8.8447,0.003970,251.92, 450.9312
754337,8.8481,0.003303,302.77, 450.9312
754338,8.8511,0.002933,340.92, 450.9318
754339,8.8540,0.003013,331.88, 450.9319
754340,8.8574,0.003149,317.60, 450.9319
754341,8.8604,0.003176,314.88, 450.9316
754342,8.8643,0.003764,265.65, 450.9316
754343,8.8672,0.003085,324.17, 450.9319
754344,8.8701,0.002958,338.08, 450.9319
754345,8.8740,0.003756,266.25, 450.9318
754346,8.8770,0.003045,328.44, 450.9316
754347,8.8809,0.003734,267.78, 450.9312
754348,8.8838,0.003143,318.22, 450.9318
754349,8.8867,0.002926,341.73, 450.9318
754350,8.8896,0.002992,334.19, 450.9319
754351,8.8936,0.003675,272.11, 450.9318
754352,8.8965,0.002979,335.67, 450.9319
754353,8.8999,0.003289,304.02, 450.9319
754354,8.9028,0.003117,320.78, 450.9316
754355,8.9067,0.003654,273.64, 450.9315
754356,8.9097,0.002949,339.08, 450.9337
754357,8.9131,0.003480,287.39, 450.9318
754358,8.9160,0.002985,335.05, 450.9319
754359,8.9194,0.003603,277.54, 450.9319
754360,8.9233,0.003849,259.81, 450.9312
754361,8.9268,0.003443,290.48, 450.9312
754362,8.9297,0.002971,336.54, 450.9318
754363,8.9331,0.003077,324.98, 450.9319
754364,8.9360,0.003176,314.91, 450.9318
754365,8.9390,0.002958,338.11, 450.9313
754366,8.9424,0.003575,279.70, 450.9318
754367,8.9458,0.003018,331.39, 450.9319
754368,8.9497,0.003894,256.83, 450.9382
754369,8.9526,0.002998,333.59, 450.9319
754370,8.9556,0.003029,330.20, 450.9319
754371,8.9595,0.003745,267.01, 450.9318
754372,8.9624,0.002986,334.87, 450.9319
754373,8.9658,0.003576,279.63, 450.9318
754374,8.9688,0.002950,338.96, 450.9316
754375,8.9727,0.004095,244.22, 450.9313
754376,8.9761,0.003183,314.21, 450.9318
754377,8.9790,0.002875,347.80, 450.9318
754378,8.9819,0.003063,326.49, 450.9313
754379,8.9854,0.003500,285.72, 450.9319
754380,8.9888,0.003447,290.15, 450.9315
754381,8.9917,0.002958,338.10, 450.9313
754382,8.9956,0.003597,278.04, 450.9318
754383,8.9985,0.002884,346.73, 450.9319
754384,9.0024,0.003955,252.84, 450.9312
754385,9.0059,0.003460,289.04, 450.9318
754386,9.0088,0.002923,342.14, 450.9318
754387,9.0117,0.003019,331.21, 450.9319
754388,9.0156,0.003731,268.05, 450.9315
754389,9.0186,0.002958,338.02, 450.9319
754390,9.0220,0.003700,270.31, 450.9318
754391,9.0254,0.003071,325.61, 450.9319
754392,9.0288,0.003735,267.77, 450.9312
754393,9.0317,0.003008,332.41, 450.9318
754394,9.0347,0.002965,337.27, 450.9313
754395,9.0386,0.003623,276.05, 450.9318
754396,9.0415,0.003080,324.64, 450.9316
754397,9.0449,0.003444,290.36, 450.9318
754398,9.0479,0.002957,338.15, 450.9319
754399,9.0522,0.004030,248.13, 450.9312
754400,9.0552,0.003019,331.19, 450.9318
754401,9.0581,0.002878,347.46, 450.9319
754402,9.0610,0.003137,318.83, 450.9319
754403,9.0649,0.003675,272.14, 450.9318
754404,9.0679,0.003031,329.97, 450.9319
754405,9.0713,0.003533,283.05, 450.9319
754406,9.0747,0.003563,280.69, 450.9318
754407,9.0776,0.002944,339.71, 450.9347
754408,9.0811,0.003416,292.75, 450.9316
754409,9.0845,0.003042,328.69, 450.9319
754410,9.0879,0.003516,284.41, 450.9318
754411,9.0908,0.002943,339.85, 450.9319
754412,9.0942,0.003493,286.26, 450.9319
754413,9.0972,0.003023,330.80, 450.9316
754414,9.1011,0.003655,273.57, 450.9316
754415,9.1045,0.003746,266.93, 450.9312
754416,9.1079,0.003424,292.03, 450.9406
754417,9.1113,0.003017,331.50, 450.9318
754418,9.1143,0.003001,333.18, 450.9319
754419,9.1172,0.003255,307.27, 450.9319
754420,9.1201,0.002927,341.66, 450.9319
754421,9.1240,0.003673,272.23, 450.9318
754422,9.1270,0.002995,333.88, 450.9319
754423,9.1309,0.003809,262.56, 450.9318
754424,9.1338,0.003033,329.75, 450.9316
754425,9.1367,0.003045,328.43, 450.9319
754426,9.1401,0.003105,322.04, 450.9319
754427,9.1436,0.003695,270.61, 450.9318
754428,9.1465,0.003016,331.52, 450.9319
754429,9.1504,0.003781,264.50, 450.9319
754430,9.1538,0.003370,296.76, 450.9318
754431,9.1567,0.002929,341.39, 450.9319
754432,9.1606,0.003933,254.23, 450.9312
754433,9.1641,0.003170,315.44, 450.9312
754434,9.1670,0.002945,339.62, 450.9319
754435,9.1699,0.003048,328.05, 450.9319
754436,9.1733,0.003641,274.67, 450.9318
754437,9.1763,0.002990,334.43, 450.9316
754438,9.1802,0.003622,276.13, 450.9318
754439,9.1831,0.003039,329.06, 450.9313
754440,9.1865,0.003325,300.76, 450.9313
754441,9.1899,0.003726,268.41, 450.9318
754442,9.1934,0.003082,324.43, 450.9313
754443,9.1968,0.003345,298.97, 450.9318
754444,9.1997,0.002933,340.95, 450.9319
754445,9.2031,0.003681,271.70, 450.9318
754446,9.2061,0.002965,337.27, 450.9316
754447,9.2100,0.003930,254.48, 450.9313
754448,9.2134,0.003082,324.46, 450.9318
754449,9.2163,0.002882,346.96, 450.9319
754450,9.2192,0.003150,317.45, 450.9313
754451,9.2227,0.003646,274.30, 450.9316
754452,9.2261,0.003270,305.79, 450.9312
754453,9.2295,0.003162,316.27, 450.9312
754454,9.2324,0.003068,325.97, 450.9319
754455,9.2358,0.003486,286.84, 450.9319
754456,9.2393,0.003275,305.39, 450.9318
754457,9.2422,0.003098,322.77, 450.9319
754458,9.2456,0.003517,284.31, 450.9318
754459,9.2490,0.003085,324.18, 450.9316
754460,9.2524,0.003522,283.91, 450.9318
754461,9.2554,0.003166,315.86, 450.9313
754462,9.2583,0.002948,339.17, 450.9319
754463,9.2617,0.003190,313.47, 450.9319
754464,9.2651,0.003716,269.11, 450.9316
754465,9.2686,0.003162,316.31, 450.9337
754466,9.2715,0.002945,339.54, 450.9337
754467,9.2749,0.003616,276.59, 450.9318
754468,9.2778,0.002938,340.34, 450.9319
754469,9.2817,0.003934,254.19, 450.9315
754470,9.2852,0.003113,321.19, 450.9313
754471,9.2891,0.003945,253.52, 450.9313
754472,9.2925,0.003274,305.43, 450.9312
754473,9.2954,0.002937,340.45, 450.9315
754474,9.2983,0.003024,330.66, 450.9313
754475,9.3013,0.002947,339.32, 450.9319
754476,9.3042,0.003047,328.17, 450.9319
754477,9.3081,0.003612,276.85, 450.9315
754478,9.3110,0.002947,339.34, 450.9319
754479,9.3145,0.003683,271.53, 450.9506
754480,9.3179,0.003376,296.20, 450.9318
754481,9.3208,0.002984,335.17, 450.9319
754482,9.3242,0.003562,280.76, 450.9318
754483,9.3276,0.003020,331.17, 450.9316
754484,9.3311,0.003619,276.33, 450.9318
754485,9.3340,0.002981,335.50, 450.9319
754486,9.3374,0.003494,286.20, 450.9318
754487,9.3403,0.003009,332.38, 450.9319
754488,9.3442,0.003852,259.63, 450.9337
754489,9.3477,0.003250,307.71, 450.9319
754490,9.3506,0.003165,315.97, 450.9319
754491,9.3545,0.003541,282.44, 450.9315
754492,9.3574,0.002919,342.54, 450.9319
754493,9.3608,0.003490,286.55, 450.9318
754494,9.3638,0.003063,326.52, 450.9319
754495,9.3672,0.003468,288.33, 450.9318
754496,9.3701,0.003004,332.85, 450.9316
754497,9.3735,0.003460,289.06, 450.9318
754498,9.3770,0.002979,335.73, 450.9319
754499,9.3804,0.003671,272.39, 450.9312
754500,9.3833,0.003071,325.63, 450.9316
754501,9.3867,0.003119,320.62, 450.9319
754502,9.3896,0.003260,306.80, 450.9319
754503,9.3936,0.003649,274.09, 450.9316
754504,9.3965,0.003091,323.51, 450.9319
754505,9.3994,0.003021,331.05, 450.9319
754506,9.4033,0.003599,277.84, 450.9318
754507,9.4063,0.003002,333.14, 450.9319
754508,9.4097,0.003490,286.57, 450.9318
754509,9.4126,0.003029,330.15, 450.9319
754510,9.4160,0.003501,285.65, 450.9318
754511,9.4189,0.002960,337.88, 450.9319
754512,9.4233,0.004002,249.86, 450.9312
754513,9.4263,0.003167,315.74, 450.9315
754514,9.4292,0.002928,341.52, 450.9318
754515,9.4321,0.003055,327.31, 450.9319
754516,9.4355,0.003186,313.84, 450.9319
754517,9.4385,0.003172,315.26, 450.9319
754518,9.4424,0.003557,281.14, 450.9313
754519,9.4458,0.003559,280.99, 450.9318
754520,9.4487,0.003040,328.96, 450.9319
754521,9.4517,0.003031,329.98, 450.9319
754522,9.4551,0.003168,315.65, 450.9319
754523,9.4585,0.003542,282.32, 450.9318
754524,9.4614,0.003035,329.53, 450.9313
754525,9.4653,0.003521,283.99, 450.9312
754526,9.4683,0.003027,330.39, 450.9319
754527,9.4717,0.003535,282.87, 450.9319
754528,9.4751,0.003321,301.14, 450.9318
754529,9.4780,0.002911,343.58, 450.9316
754530,9.4819,0.003824,261.48, 450.9318
754531,9.4849,0.003028,330.25, 450.9319
754532,9.4878,0.003147,317.72, 450.9319
754533,9.4907,0.002955,338.39, 450.9319
754534,9.4946,0.003675,272.12, 450.9318
754535,9.4976,0.002963,337.51, 450.9319
754536,9.5015,0.003749,266.72, 450.9318
754537,9.5044,0.003009,332.38, 450.9319
754538,9.5073,0.003055,327.34, 450.9319
754539,9.5103,0.003111,321.43, 450.9319
754540,9.5142,0.003662,273.05, 450.9318
754541,9.5171,0.002986,334.91, 450.9319
754542,9.5205,0.003451,289.74, 450.9315
754543,9.5234,0.002974,336.26, 450.9319
754544,9.5273,0.003596,278.11, 450.9319
754545,9.5303,0.003367,296.97, 450.9315
754546,9.5337,0.003083,324.41, 450.9313
754547,9.5371,0.003582,279.20, 450.9318
754548,9.5400,0.003011,332.13, 450.9313
754549,9.5435,0.003342,299.24, 450.9318
754550,9.5464,0.003014,331.76, 450.9319
754551,9.5503,0.003646,274.24, 450.9312
754552,9.5537,0.003439,290.77, 450.9318
754553,9.5566,0.003114,321.17, 450.9318
754554,9.5596,0.003081,324.56, 450.9316
754555,9.5630,0.003343,299.15, 450.9313
754556,9.5674,0.004046,247.16, 450.9312
754557,9.5708,0.003469,288.23, 450.9312
754558,9.5737,0.003152,317.23, 450.9318
754559,9.5771,0.003193,313.21, 450.9315
754560,9.5801,0.003116,320.89, 450.9318
754561,9.5835,0.003168,315.71, 450.9315
754562,9.5864,0.002922,342.29, 450.9319
754563,9.5898,0.003580,279.33, 450.9319
754564,9.5933,0.003408,293.44, 450.9315
754565,9.5962,0.003115,321.03, 450.9313
754566,9.5996,0.003366,297.08, 450.9319
754567,9.6030,0.003406,293.59, 450.9318
754568,9.6060,0.002968,336.90, 450.9316
754569,9.6094,0.003419,292.47, 450.9318
754570,9.6123,0.002919,342.58, 450.9313
754571,9.6162,0.003790,263.85, 450.9318
754572,9.6191,0.002931,341.22, 450.9319
754573,9.6226,0.003315,301.68, 450.9319
754574,9.6255,0.002969,336.84, 450.9319
754575,9.6294,0.003756,266.25, 450.9318
754576,9.6323,0.003110,321.52, 450.9316
754577,9.6353,0.002974,336.21, 450.9319
754578,9.6387,0.003325,300.77, 450.9319
754579,9.6421,0.003561,280.84, 450.9315
754580,9.6450,0.003126,319.88, 450.9313
754581,9.6484,0.003294,303.56, 450.9319
754582,9.6519,0.003527,283.55, 450.9318
754583,9.6548,0.002922,342.28, 450.9319
754584,9.6582,0.003440,290.66, 450.9318
754585,9.6616,0.002990,334.40, 450.9319
754586,9.6650,0.003604,277.44, 450.9318
754587,9.6680,0.002958,338.03, 450.9319
754588,9.6714,0.003440,290.71, 450.9318
754589,9.6743,0.002986,334.93, 450.9319
754590,9.6782,0.003652,273.84, 450.9312
754591,9.6812,0.003323,300.98, 450.9318
754592,9.6846,0.002996,333.79, 450.9313
754593,9.6880,0.003525,283.66, 450.9318
754594,9.6909,0.002938,340.41, 450.9315
754595,9.6938,0.002983,335.29, 450.9319
754596,9.6973,0.003389,295.09, 450.9319
754597,9.7007,0.003649,274.09, 450.9318
754598,9.7036,0.002960,337.83, 450.9319
754599,9.7075,0.003564,280.61, 450.9318
754600,9.7104,0.002995,333.89, 450.9319
754601,9.7139,0.003600,277.79, 450.9318
754602,9.7168,0.002970,336.72, 450.9319
754603,9.7202,0.003344,299.02, 450.9318
754604,9.7236,0.003111,321.42, 450.9313
754605,9.7271,0.003399,294.23, 450.9319
754606,9.7305,0.003433,291.33, 450.9319
754607,9.7339,0.003411,293.16, 450.9316
754608,9.7368,0.003388,295.19, 450.9318
754609,9.7397,0.002911,343.57, 450.9319
754610,9.7437,0.003598,277.96, 450.9318
754611,9.7466,0.002957,338.18, 450.9316
754612,9.7500,0.003708,269.71, 450.9318
754613,9.7534,0.003069,325.82, 450.9319
754614,9.7563,0.003059,326.94, 450.9319
754615,9.7593,0.003029,330.12, 450.9392
754616,9.7632,0.003917,255.33, 450.9312
754617,9.7666,0.003133,319.21, 450.9316
754618,9.7695,0.002909,343.73, 450.9319
754619,9.7729,0.003769,265.30, 450.9318
754620,9.7759,0.002937,340.45, 450.9313
754621,9.7793,0.003499,285.80, 450.9318
754622,9.7827,0.002951,338.93, 450.9319
754623,9.7861,0.003560,280.91, 450.9318
754624,9.7891,0.002931,341.19, 450.9319
754625,9.7925,0.003446,290.16, 450.9318
754626,9.7954,0.002944,339.71, 450.9319
754627,9.7988,0.003685,271.37, 450.9318
754628,9.8022,0.003001,333.23, 450.9319
754629,9.8052,0.003301,302.92, 450.9319
754630,9.8081,0.002942,339.94, 450.9319
754631,9.8120,0.003802,263.03, 450.9318
754632,9.8149,0.002976,336.01, 450.9319
754633,9.8184,0.003439,290.80, 450.9318
754634,9.8213,0.002924,342.01, 450.9319
754635,9.8252,0.003610,277.04, 450.9319
754636,9.8286,0.003437,290.97, 450.9318
754637,9.8315,0.002937,340.51, 450.9319
754638,9.8350,0.003586,278.89, 450.9318
754639,9.8379,0.003005,332.76, 450.9319
754640,9.8418,0.003640,274.76, 450.9315
754641,9.8447,0.002987,334.74, 450.9319
754642,9.8486,0.003856,259.37, 450.9316
754643,9.8521,0.003397,294.40, 450.9318
754644,9.8550,0.002872,348.24, 450.9319
754645,9.8584,0.003584,279.04, 450.9318
754646,9.8613,0.002913,343.29, 450.9319
754647,9.8652,0.003947,253.37, 450.9318
754648,9.8682,0.003082,324.49, 450.9313
754649,9.8716,0.003418,292.59, 450.9318
754650,9.8750,0.003058,327.04, 450.9319
754651,9.8784,0.003431,291.44, 450.9318
754652,9.8813,0.003002,333.16, 450.9319
754653,9.8848,0.003505,285.33, 450.9318
754654,9.8877,0.002981,335.51, 450.9319
754655,9.8911,0.003545,282.07, 450.9318
754656,9.8940,0.003005,332.79, 450.9313
754657,9.8975,0.003462,288.84, 450.9316
754658,9.9014,0.003484,287.04, 450.9318
754659,9.9043,0.002961,337.75, 450.9319
754660,9.9077,0.003492,286.38, 450.9318
754661,9.9106,0.003005,332.80, 450.9316
754662,9.9141,0.003505,285.35, 450.9318
754663,9.9170,0.002965,337.22, 450.9319
754664,9.9204,0.003437,290.96, 450.9319
754665,9.9233,0.003023,330.78, 450.9319
754666,9.9272,0.003575,279.74, 450.9312
754667,9.9302,0.003176,314.87, 450.9313
754668,9.9336,0.003419,292.45, 450.9312
754669,9.9370,0.003106,321.92, 450.9319
754670,9.9404,0.003378,296.01, 450.9318
754671,9.9434,0.003262,306.52, 450.9312
754672,9.9468,0.003199,312.64, 450.9313
754673,9.9502,0.003502,285.59, 450.9315
754674,9.9531,0.002994,334.05, 450.9319
754675,9.9565,0.003570,280.10, 450.9315
754676,9.9600,0.002988,334.72, 450.9319
754677,9.9634,0.003437,290.95, 450.9318
754678,9.9663,0.003074,325.32, 450.9319
754679,9.9697,0.003616,276.59, 450.9318
754680,9.9727,0.003003,332.97, 450.9319
754681,9.9761,0.003307,302.39, 450.9319
754682,9.9795,0.003532,283.14, 450.9318
754683,9.9829,0.002983,335.23, 450.9316
754684,9.9863,0.003524,283.78, 450.9318
754685,9.9893,0.003055,327.34, 450.9319
754686,9.9927,0.003325,300.72, 450.9318
754687,9.9956,0.002946,339.43, 450.9319
754688,9.9990,0.003687,271.25, 450.9318
