TotalFrame,Time,DeltaTime,FPS,RAM
102151,0.0000,0.075982,13.16, 426.8817
102152,0.0000,0.075982,13.16, 424.8612
102153,0.0200,0.020000,50.00, 424.6165
102154,0.0232,0.003205,311.97, 424.5862
102155,0.0259,0.002579,387.76, 424.6004
102156,0.0397,0.013822,72.35, 424.5862
102157,0.0430,0.003302,302.84, 424.5861
102158,0.0458,0.002775,360.32, 424.5861
102159,0.0494,0.003697,270.46, 424.5861
102160,0.0524,0.002920,342.42, 424.5857
102161,0.0551,0.002682,372.87, 424.5854
102162,0.0579,0.002817,355.05, 424.5854
102163,0.0605,0.002696,370.89, 424.5858
102164,0.0632,0.002710,369.00, 424.5806
102165,0.0660,0.002743,364.62, 424.5806
102166,0.0687,0.002713,368.61, 424.5803
102167,0.0714,0.002706,369.59, 424.5806
102168,0.0741,0.002638,379.05, 424.5806
102169,0.0768,0.002750,363.69, 424.5806
102170,0.0795,0.002728,366.62, 424.5806
102171,0.0823,0.002732,366.06, 424.5806
102172,0.0848,0.002610,383.16, 424.5806
102173,0.0878,0.002880,347.23, 424.5825
102174,0.0906,0.002896,345.32, 424.5806
102175,0.0934,0.002706,369.62, 424.5806
102176,0.0961,0.002737,365.42, 424.5806
102177,0.0988,0.002691,371.62, 424.5806
102178,0.1016,0.002760,362.27, 424.5806
102179,0.1044,0.002829,353.54, 424.5803
102180,0.1072,0.002804,356.60, 424.5806
102181,0.1099,0.002680,373.19, 424.5806
102182,0.1125,0.002748,363.97, 424.5806
102183,0.1152,0.002621,381.49, 424.5806
102184,0.1179,0.002742,364.72, 424.5806
102185,0.1206,0.002655,376.72, 424.5806
102186,0.1233,0.002667,374.91, 424.5806
102187,0.1260,0.002722,367.40, 424.5806
102188,0.1287,0.002628,380.47, 424.5806
102189,0.1313,0.002715,368.27, 424.5803
102190,0.1342,0.002777,360.13, 424.5803
102191,0.1372,0.003069,325.85, 424.5806
102192,0.1400,0.002791,358.36, 424.5806
102193,0.1427,0.002780,359.66, 424.5806
102194,0.1455,0.002792,358.17, 424.5803
102195,0.1483,0.002709,369.10, 424.5806
102196,0.1510,0.002690,371.77, 424.5806
102197,0.1537,0.002759,362.40, 424.5800
102198,0.1564,0.002709,369.18, 424.5806
102199,0.1591,0.002643,378.40, 424.5806
102200,0.1617,0.002747,364.10, 424.5806
102201,0.1648,0.003024,330.73, 424.5800
102202,0.1680,0.003159,316.57, 424.5800
102203,0.1707,0.002683,372.74, 424.5806
102204,0.1735,0.002754,363.13, 424.5806
102205,0.1760,0.002627,380.66, 424.5806
102206,0.1787,0.002722,367.39, 424.5806
102207,0.1815,0.002693,371.33, 424.5806
102208,0.1841,0.002654,376.86, 424.5806
102209,0.1869,0.002804,356.62, 424.5800
102210,0.1901,0.003149,317.53, 424.5800
102211,0.1929,0.002849,350.96, 424.5806
102212,0.1957,0.002704,369.84, 424.5806
102213,0.1985,0.002801,357.00, 424.5806
102214,0.2010,0.002615,382.48, 424.5804
102215,0.2037,0.002718,367.97, 424.5806
102216,0.2064,0.002634,379.72, 424.5806
102217,0.2091,0.002710,368.95, 424.5806
102218,0.2119,0.002795,357.76, 424.5806
102219,0.2147,0.002853,350.52, 424.5806
102220,0.2175,0.002751,363.46, 424.5800
102221,0.2201,0.002628,380.53, 424.5825
102222,0.2228,0.002656,376.46, 424.5806
102223,0.2253,0.002550,392.11, 424.5806
102224,0.2281,0.002756,362.90, 424.5806
102225,0.2307,0.002661,375.80, 424.5803
102226,0.2334,0.002677,373.51, 424.5803
102227,0.2361,0.002621,381.61, 424.5806
102228,0.2386,0.002631,380.07, 424.5806
102229,0.2413,0.002668,374.83, 424.5806
102230,0.2440,0.002626,380.85, 424.5806
102231,0.2467,0.002737,365.32, 424.5806
102232,0.2494,0.002637,379.29, 424.5806
102233,0.2521,0.002699,370.51, 424.5803
102234,0.2546,0.002637,379.20, 424.5806
102235,0.2573,0.002656,376.58, 424.5806
102236,0.2601,0.002795,357.85, 424.5806
102237,0.2628,0.002674,373.99, 424.5806
102238,0.2655,0.002734,365.71, 424.5803
102239,0.2681,0.002576,388.24, 424.5806
102240,0.2709,0.002727,366.76, 424.5800
102241,0.2734,0.002604,384.07, 424.5806
102242,0.2761,0.002709,369.14, 424.5806
102243,0.2788,0.002680,373.18, 424.5806
102244,0.2815,0.002665,375.23, 424.5806
102245,0.2842,0.002673,374.15, 424.5806
102246,0.2867,0.002598,384.90, 424.5800
102247,0.2896,0.002722,367.43, 424.5806
102248,0.2921,0.002610,383.17, 424.5806
102249,0.2948,0.002695,371.02, 424.5806
102250,0.2975,0.002660,375.95, 424.5806
102251,0.3003,0.002879,347.39, 424.5806
102252,0.3030,0.002637,379.19, 424.5806
102253,0.3055,0.002619,381.88, 424.5807
102254,0.3082,0.002627,380.63, 424.5806
102255,0.3108,0.002520,396.81, 424.5807
102256,0.3135,0.002759,362.48, 424.5807
102257,0.3160,0.002597,385.10, 424.5806
102258,0.3187,0.002671,374.38, 424.5807
102259,0.3214,0.002620,381.72, 424.5806
102260,0.3241,0.002661,375.81, 424.5806
102261,0.3267,0.002649,377.44, 424.5806
102262,0.3293,0.002628,380.47, 424.5806
102263,0.3320,0.002684,372.52, 424.5806
102264,0.3346,0.002628,380.49, 424.5806
102265,0.3374,0.002767,361.43, 424.5806
102266,0.3401,0.002633,379.87, 424.5806
102267,0.3427,0.002653,376.93, 424.5806
102268,0.3453,0.002657,376.31, 424.5806
102269,0.3480,0.002639,378.97, 424.5806
102270,0.3507,0.002684,372.61, 424.5806
102271,0.3535,0.002784,359.22, 424.5806
102272,0.3562,0.002759,362.45, 424.5807
102273,0.3589,0.002623,381.27, 424.5807
102274,0.3616,0.002774,360.50, 424.5807
102275,0.3643,0.002627,380.72, 424.5807
102276,0.3669,0.002664,375.38, 424.5806
102277,0.3696,0.002673,374.14, 424.5806
102278,0.3722,0.002677,373.50, 424.5806
102279,0.3749,0.002667,375.02, 424.5806
102280,0.3776,0.002613,382.66, 424.5807
102281,0.3804,0.002830,353.41, 424.5806
102282,0.3831,0.002636,379.32, 424.5806
102283,0.3857,0.002720,367.59, 424.5806
102284,0.3884,0.002680,373.16, 424.5806
102285,0.3911,0.002655,376.61, 424.5806
102286,0.3938,0.002711,368.92, 424.5803
102287,0.3964,0.002644,378.23, 424.5806
102288,0.3992,0.002779,359.83, 424.5803
102289,0.4019,0.002609,383.26, 424.5800
102290,0.4045,0.002701,370.19, 424.5806
102291,0.4071,0.002587,386.62, 424.5806
102292,0.4098,0.002742,364.75, 424.5803
102293,0.4125,0.002664,375.36, 424.5806
102294,0.4152,0.002657,376.39, 424.5807
102295,0.4178,0.002675,373.87, 424.5807
102296,0.4205,0.002660,375.88, 424.5806
102297,0.4231,0.002674,374.03, 424.5807
102298,0.4257,0.002531,395.04, 424.5807
102299,0.4283,0.002690,371.80, 424.5807
102300,0.4309,0.002593,385.73, 424.5807
102301,0.4335,0.002556,391.25, 424.5806
102302,0.4362,0.002591,385.89, 424.5807
102303,0.4387,0.002570,389.07, 424.5807
102304,0.4414,0.002677,373.50, 424.5806
102305,0.4440,0.002547,392.62, 424.5806
102306,0.4467,0.002721,367.57, 424.5806
102307,0.4493,0.002684,372.62, 424.5806
102308,0.4520,0.002663,375.46, 424.5806
102309,0.4547,0.002689,371.95, 424.5825
102310,0.4573,0.002641,378.66, 424.5825
102311,0.4601,0.002742,364.66, 424.5806
102312,0.4626,0.002657,376.38, 424.5806
102313,0.4655,0.002716,368.19, 424.5806
102314,0.4681,0.002666,375.05, 424.5806
102315,0.4708,0.002728,366.58, 424.5806
102316,0.4735,0.002674,374.04, 424.5806
102317,0.4761,0.002642,378.53, 424.5806
102318,0.4789,0.002724,367.15, 424.5806
102319,0.4816,0.002652,377.03, 424.5803
102320,0.4843,0.002710,369.03, 424.5806
102321,0.4868,0.002584,386.94, 424.5806
102322,0.4895,0.002679,373.22, 424.5806
102323,0.4921,0.002587,386.61, 424.5806
102324,0.4948,0.002698,370.59, 424.5806
102325,0.4974,0.002703,369.99, 424.5806
102326,0.5001,0.002655,376.63, 424.5806
102327,0.5028,0.002668,374.85, 424.5806
102328,0.5054,0.002598,384.97, 424.5806
102329,0.5081,0.002721,367.53, 424.5803
102330,0.5107,0.002645,378.13, 424.5806
102331,0.5134,0.002686,372.34, 424.5806
102332,0.5161,0.002668,374.76, 424.5806
102333,0.5188,0.002673,374.11, 424.5806
102334,0.5215,0.002656,376.49, 424.5800
102335,0.5244,0.002924,342.06, 424.5800
102336,0.5272,0.002917,342.78, 424.5806
102337,0.5299,0.002638,379.06, 424.5806
102338,0.5326,0.002656,376.46, 424.5807
102339,0.5350,0.002499,400.19, 424.5807
102340,0.5377,0.002701,370.26, 424.5807
102341,0.5405,0.002706,369.49, 424.5807
102342,0.5432,0.002696,370.92, 424.5806
102343,0.5458,0.002655,376.59, 424.5807
102344,0.5485,0.002670,374.59, 424.5806
102345,0.5511,0.002597,385.03, 424.5807
102346,0.5536,0.002546,392.85, 424.5806
102347,0.5564,0.002710,369.03, 424.5806
102348,0.5591,0.002729,366.41, 424.5806
102349,0.5618,0.002727,366.66, 424.5806
102350,0.5645,0.002661,375.87, 424.5803
102351,0.5671,0.002646,377.97, 424.5806
102352,0.5698,0.002697,370.84, 424.5806
102353,0.5725,0.002662,375.69, 424.5803
102354,0.5753,0.002789,358.50, 424.5800
102355,0.5779,0.002593,385.73, 424.5806
102356,0.5806,0.002708,369.33, 424.5806
102357,0.5831,0.002610,383.11, 424.5803
102358,0.5861,0.002837,352.47, 424.5803
102359,0.5889,0.002871,348.31, 424.5806
102360,0.5916,0.002717,368.09, 424.5806
102361,0.5944,0.002717,368.08, 424.5806
102362,0.5969,0.002662,375.69, 424.5800
102363,0.5997,0.002731,366.14, 424.5806
102364,0.6024,0.002725,366.99, 424.5807
102365,0.6055,0.003076,325.09, 424.5806
102366,0.6088,0.003213,311.24, 424.5800
102367,0.6119,0.003176,314.90, 424.5807
102368,0.6146,0.002749,363.74, 424.5806
102369,0.6173,0.002712,368.75, 424.5806
102370,0.6200,0.002672,374.32, 424.5806
102371,0.6228,0.002827,353.68, 424.5804
102372,0.6259,0.002971,336.62, 424.5806
102373,0.6287,0.002783,359.31, 424.5803
102374,0.6313,0.002745,364.29, 424.5806
102375,0.6342,0.002740,365.00, 424.5869
102376,0.6368,0.002704,369.78, 424.5825
102377,0.6394,0.002611,383.04, 424.5806
102378,0.6421,0.002700,370.33, 424.5806
102379,0.6447,0.002586,386.70, 424.5815
102380,0.6472,0.002570,389.18, 424.5806
102381,0.6500,0.002749,363.81, 424.5806
102382,0.6526,0.002544,393.11, 424.5806
102383,0.6553,0.002722,367.38, 424.5800
102384,0.6580,0.002696,370.97, 424.5806
102385,0.6608,0.002755,362.94, 424.5806
102386,0.6635,0.002685,372.50, 424.5803
102387,0.6663,0.002804,356.67, 424.5806
102388,0.6688,0.002644,378.29, 424.5806
102389,0.6716,0.002711,368.94, 424.5803
102390,0.6742,0.002619,381.85, 424.5806
102391,0.6769,0.002690,371.77, 424.5806
102392,0.6797,0.002825,353.93, 424.5807
102393,0.6824,0.002714,368.50, 424.5806
102394,0.6851,0.002659,376.11, 424.5807
102395,0.6876,0.002573,388.59, 424.5807
102396,0.6904,0.002735,365.63, 424.5807
102397,0.6930,0.002611,383.04, 424.5807
102398,0.6957,0.002677,373.54, 424.5806
102399,0.6984,0.002626,380.79, 424.5806
102400,0.7009,0.002654,376.80, 424.5803
102401,0.7036,0.002622,381.42, 424.5800
102402,0.7062,0.002604,384.00, 424.5806
102403,0.7090,0.002744,364.40, 424.5806
102404,0.7115,0.002665,375.25, 424.5806
102405,0.7144,0.002707,369.47, 424.5800
102406,0.7169,0.002584,387.04, 424.5806
102407,0.7196,0.002684,372.62, 424.5806
102408,0.7222,0.002633,379.87, 424.5806
102409,0.7249,0.002638,379.05, 424.5806
102410,0.7277,0.002795,357.85, 424.5800
102411,0.7302,0.002595,385.43, 424.5806
102412,0.7329,0.002674,374.00, 424.5806
102413,0.7355,0.002548,392.43, 424.5800
102414,0.7382,0.002716,368.22, 424.5806
102415,0.7408,0.002658,376.19, 424.5806
102416,0.7435,0.002663,375.49, 424.5800
102417,0.7462,0.002688,372.02, 424.5806
102418,0.7488,0.002623,381.30, 424.5806
102419,0.7515,0.002664,375.43, 424.5806
102420,0.7540,0.002575,388.41, 424.5806
102421,0.7567,0.002703,370.00, 424.5806
102422,0.7593,0.002597,385.12, 424.5806
102423,0.7620,0.002634,379.72, 424.5806
102424,0.7646,0.002666,375.14, 424.5806
102425,0.7672,0.002636,379.33, 424.5806
102426,0.7699,0.002684,372.52, 424.5806
102427,0.7726,0.002644,378.23, 424.5806
102428,0.7753,0.002729,366.49, 424.5806
102429,0.7780,0.002652,377.12, 424.5806
102430,0.7806,0.002651,377.24, 424.5803
102431,0.7832,0.002616,382.34, 424.5806
102432,0.7859,0.002620,381.62, 424.5806
102433,0.7886,0.002691,371.60, 424.5807
102434,0.7913,0.002653,376.97, 424.5806
102435,0.7938,0.002668,374.84, 424.5807
102436,0.7965,0.002600,384.69, 424.5806
102437,0.7992,0.002687,372.12, 424.5807
102438,0.8018,0.002561,390.50, 424.5806
102439,0.8043,0.002632,379.97, 424.5806
102440,0.8070,0.002635,379.46, 424.5806
102441,0.8097,0.002648,377.67, 424.5806
102442,0.8124,0.002695,371.00, 424.5806
102443,0.8149,0.002588,386.38, 424.5806
102444,0.8177,0.002851,350.79, 424.5806
102445,0.8208,0.003055,327.31, 424.5803
102446,0.8237,0.002866,348.92, 424.5806
102447,0.8265,0.002861,349.55, 424.5807
102448,0.8296,0.003029,330.14, 424.5806
102449,0.8324,0.002778,360.02, 424.5807
102450,0.8354,0.003117,320.81, 424.5801
102451,0.8386,0.003125,320.00, 424.5801
102452,0.8418,0.003208,311.70, 424.5806
102453,0.8447,0.002899,344.90, 424.5804
102454,0.8475,0.002818,354.90, 424.5807
102455,0.8502,0.002633,379.82, 424.5806
102456,0.8528,0.002640,378.73, 424.5807
102457,0.8556,0.002731,366.23, 424.5806
102458,0.8582,0.002670,374.52, 424.5806
102459,0.8611,0.002866,348.91, 424.5806
102460,0.8638,0.002696,370.99, 424.5806
102461,0.8666,0.002752,363.35, 424.5807
102462,0.8691,0.002593,385.67, 424.5800
102463,0.8718,0.002668,374.78, 424.5806
102464,0.8744,0.002627,380.68, 424.5806
102465,0.8771,0.002646,378.00, 424.5806
102466,0.8798,0.002689,371.90, 424.5807
102467,0.8823,0.002567,389.61, 424.5806
102468,0.8849,0.002618,382.03, 424.5806
102469,0.8875,0.002532,394.90, 424.5806
102470,0.8901,0.002702,370.08, 424.5806
102471,0.8927,0.002585,386.86, 424.5806
102472,0.8954,0.002697,370.78, 424.5806
102473,0.8986,0.003113,321.21, 424.5803
102474,0.9014,0.002856,350.15, 424.5806
102475,0.9042,0.002711,368.92, 424.5948
102476,0.9069,0.002699,370.49, 424.5816
102477,0.9095,0.002770,361.02, 424.5806
102478,0.9122,0.002625,381.00, 424.5948
102479,0.9149,0.002746,364.11, 424.5806
102480,0.9176,0.002677,373.61, 424.5806
102481,0.9204,0.002759,362.49, 424.5806
102482,0.9231,0.002723,367.30, 424.5806
102483,0.9258,0.002674,373.92, 424.5825
102484,0.9286,0.002809,356.02, 424.5807
102485,0.9313,0.002638,379.05, 424.5948
102486,0.9341,0.002805,356.53, 424.5806
102487,0.9366,0.002600,384.65, 424.5806
102488,0.9395,0.002774,360.48, 424.5806
102489,0.9420,0.002585,386.86, 424.5806
102490,0.9447,0.002669,374.62, 424.5825
102491,0.9474,0.002656,376.53, 424.5806
102492,0.9500,0.002652,377.12, 424.5807
102493,0.9526,0.002693,371.29, 424.5807
102494,0.9553,0.002626,380.75, 424.5806
102495,0.9580,0.002691,371.60, 424.5807
102496,0.9606,0.002621,381.61, 424.5807
102497,0.9633,0.002675,373.90, 424.5806
102498,0.9658,0.002578,387.94, 424.5826
102499,0.9685,0.002680,373.12, 424.5807
102500,0.9712,0.002598,384.90, 424.5806
102501,0.9738,0.002644,378.29, 424.5800
102502,0.9766,0.002734,365.76, 424.5803
102503,0.9791,0.002665,375.22, 424.5806
102504,0.9819,0.002796,357.69, 424.5806
102505,0.9846,0.002607,383.63, 424.5806
102506,0.9873,0.002673,374.10, 424.5806
102507,0.9900,0.002673,374.13, 424.5806
102508,0.9927,0.002724,367.16, 424.5806
102509,0.9954,0.002740,364.91, 424.5800
102510,0.9980,0.002694,371.24, 424.5800
102511,1.0007,0.002703,369.99, 424.5806
102512,1.0034,0.002570,389.12, 424.5806
102513,1.0061,0.002729,366.45, 424.5800
102514,1.0088,0.002666,375.15, 424.5806
102515,1.0115,0.002713,368.65, 424.5806
102516,1.0142,0.002668,374.84, 424.5803
102517,1.0168,0.002659,376.07, 424.5806
102518,1.0195,0.002709,369.18, 424.5806
102519,1.0221,0.002587,386.49, 424.5807
102520,1.0248,0.002711,368.87, 424.5806
102521,1.0273,0.002551,392.05, 424.5806
102522,1.0300,0.002653,376.92, 424.5806
102523,1.0326,0.002581,387.43, 424.5807
102524,1.0352,0.002619,381.88, 424.5807
102525,1.0378,0.002618,381.94, 424.5807
102526,1.0405,0.002650,377.40, 424.5806
102527,1.0431,0.002651,377.16, 424.5807
102528,1.0457,0.002547,392.67, 424.5849
102529,1.0485,0.002734,365.72, 424.5803
102530,1.0510,0.002614,382.53, 424.5806
102531,1.0537,0.002679,373.27, 424.5806
102532,1.0564,0.002684,372.55, 424.5806
102533,1.0591,0.002671,374.43, 424.5806
102534,1.0618,0.002693,371.32, 424.5806
102535,1.0643,0.002597,385.10, 424.5806
102536,1.0670,0.002728,366.62, 424.5806
102537,1.0697,0.002645,378.13, 424.5806
102538,1.0724,0.002693,371.29, 424.5806
102539,1.0751,0.002675,373.86, 424.5806
102540,1.0778,0.002705,369.67, 424.5806
102541,1.0804,0.002706,369.54, 424.5806
102542,1.0831,0.002663,375.47, 424.5803
102543,1.0858,0.002710,369.04, 424.5806
102544,1.0885,0.002598,384.99, 424.5806
102545,1.0912,0.002711,368.92, 424.5806
102546,1.0938,0.002582,387.33, 424.5806
102547,1.0964,0.002686,372.25, 424.5806
102548,1.0992,0.002789,358.59, 424.5806
102549,1.1019,0.002745,364.31, 424.5806
102550,1.1046,0.002643,378.34, 424.5806
102551,1.1072,0.002596,385.21, 424.5806
102552,1.1099,0.002689,371.89, 424.5806
102553,1.1124,0.002541,393.53, 424.5807
102554,1.1152,0.002750,363.70, 424.5807
102555,1.1179,0.002665,375.19, 424.5806
102556,1.1206,0.002709,369.10, 424.5806
102557,1.1233,0.002660,375.94, 424.5806
102558,1.1259,0.002635,379.56, 424.5803
102559,1.1287,0.002744,364.38, 424.5803
102560,1.1312,0.002618,381.96, 424.5803
102561,1.1339,0.002683,372.79, 424.5806
102562,1.1365,0.002597,385.13, 424.5803
102563,1.1392,0.002683,372.76, 424.5806
102564,1.1418,0.002629,380.37, 424.5806
102565,1.1445,0.002666,375.15, 424.5803
102566,1.1475,0.003019,331.22, 424.5800
102567,1.1504,0.002937,340.53, 424.5806
102568,1.1532,0.002703,369.97, 424.5807
102569,1.1558,0.002573,388.62, 424.5807
102570,1.1584,0.002689,371.86, 424.5807
102571,1.1611,0.002699,370.47, 424.5806
102572,1.1641,0.002943,339.82, 424.5806
102573,1.1669,0.002776,360.22, 424.5825
102574,1.1697,0.002849,351.05, 424.5803
102575,1.1725,0.002752,363.36, 424.5806
102576,1.1753,0.002837,352.52, 424.5806
102577,1.1781,0.002870,348.49, 424.5806
102578,1.1810,0.002865,349.05, 424.5800
102579,1.1838,0.002804,356.63, 424.5806
102580,1.1868,0.003004,332.90, 424.5806
102581,1.1897,0.002889,346.18, 424.5807
102582,1.1925,0.002772,360.82, 424.5983
102583,1.1956,0.003090,323.64, 424.5807
102584,1.1982,0.002746,364.11, 424.5807
102585,1.2012,0.002877,347.57, 424.5806
102586,1.2040,0.002764,361.83, 424.5806
102587,1.2068,0.002863,349.27, 424.5803
102588,1.2096,0.002797,357.50, 424.5806
102589,1.2125,0.002870,348.48, 424.5801
102590,1.2153,0.002815,355.29, 424.5800
102591,1.2181,0.002839,352.25, 424.5806
102592,1.2208,0.002748,363.90, 424.5806
102593,1.2236,0.002805,356.56, 424.5807
102594,1.2266,0.002858,349.94, 424.5804
102595,1.2292,0.002731,366.19, 424.5806
102596,1.2321,0.002815,355.19, 424.5807
102597,1.2349,0.002731,366.18, 424.5807
102598,1.2378,0.002972,336.50, 424.5807
102599,1.2405,0.002718,367.88, 424.5806
102600,1.2434,0.002861,349.50, 424.5803
102601,1.2461,0.002772,360.79, 424.5806
102602,1.2490,0.002864,349.20, 424.5800
102603,1.2517,0.002709,369.18, 424.5806
102604,1.2545,0.002835,352.73, 424.5804
102605,1.2573,0.002795,357.78, 424.5806
102606,1.2601,0.002790,358.42, 424.5806
102607,1.2629,0.002819,354.80, 424.5807
102608,1.2659,0.002883,346.87, 424.5806
102609,1.2687,0.002865,349.03, 424.5807
102610,1.2714,0.002647,377.77, 424.5806
102611,1.2740,0.002663,375.52, 424.5807
102612,1.2766,0.002649,377.56, 424.5806
102613,1.2794,0.002754,363.15, 424.5806
102614,1.2821,0.002658,376.28, 424.5806
102615,1.2847,0.002653,376.92, 424.5806
102616,1.2875,0.002698,370.71, 424.5806
102617,1.2900,0.002679,373.27, 424.5806
102618,1.2928,0.002705,369.75, 424.5806
102619,1.2954,0.002605,383.85, 424.5806
102620,1.2981,0.002722,367.36, 424.5806
102621,1.3007,0.002572,388.76, 424.5806
102622,1.3033,0.002657,376.32, 424.5806
102623,1.3060,0.002625,381.01, 424.5806
102624,1.3086,0.002662,375.69, 424.5806
102625,1.3113,0.002690,371.73, 424.5803
102626,1.3140,0.002611,383.00, 424.5806
102627,1.3167,0.002707,369.41, 424.5803
102628,1.3192,0.002612,382.83, 424.5806
102629,1.3219,0.002671,374.35, 424.5803
102630,1.3246,0.002601,384.44, 424.5806
102631,1.3273,0.002685,372.38, 424.5806
102632,1.3300,0.002688,372.07, 424.5803
102633,1.3325,0.002646,378.00, 424.5806
102634,1.3354,0.002841,351.95, 424.5806
102635,1.3381,0.002723,367.27, 424.5806
102636,1.3408,0.002736,365.48, 424.5807
102637,1.3434,0.002507,398.90, 424.5807
102638,1.3461,0.002725,366.97, 424.5807
102639,1.3488,0.002638,379.08, 424.5807
102640,1.3514,0.002736,365.54, 424.5806
102641,1.3541,0.002652,377.07, 424.5806
102642,1.3567,0.002635,379.52, 424.5806
102643,1.3595,0.002721,367.51, 424.5806
102644,1.3621,0.002594,385.58, 424.5806
102645,1.3649,0.002764,361.83, 424.5806
102646,1.3676,0.002758,362.54, 424.5806
102647,1.3704,0.002724,367.05, 424.5803
102648,1.3729,0.002657,376.38, 424.5800
102649,1.3756,0.002650,377.40, 424.5806
102650,1.3784,0.002754,363.15, 424.5806
102651,1.3810,0.002633,379.77, 424.5800
102652,1.3837,0.002671,374.35, 424.5806
102653,1.3862,0.002584,387.00, 424.5806
102654,1.3889,0.002718,367.88, 424.5806
102655,1.3916,0.002596,385.19, 424.5806
102656,1.3942,0.002653,376.99, 424.5806
102657,1.3969,0.002676,373.71, 424.5806
102658,1.3995,0.002651,377.26, 424.5806
102659,1.4022,0.002616,382.20, 424.5806
102660,1.4047,0.002537,394.17, 424.5806
102661,1.4073,0.002665,375.25, 424.5807
102662,1.4099,0.002514,397.76, 424.5806
102663,1.4125,0.002586,386.74, 424.5806
102664,1.4152,0.002658,376.17, 424.5806
102665,1.4177,0.002627,380.66, 424.5806
102666,1.4204,0.002639,378.92, 424.5806
102667,1.4230,0.002572,388.86, 424.5806
102668,1.4258,0.002761,362.21, 424.5806
102669,1.4283,0.002633,379.82, 424.5806
102670,1.4310,0.002707,369.36, 424.5800
102671,1.4336,0.002589,386.22, 424.5806
102672,1.4363,0.002618,381.99, 424.5806
102673,1.4390,0.002678,373.39, 424.5803
102674,1.4415,0.002601,384.41, 424.5806
102675,1.4443,0.002742,364.68, 424.5806
102676,1.4469,0.002599,384.79, 424.5806
102677,1.4496,0.002715,368.35, 424.5806
102678,1.4521,0.002562,390.32, 424.5806
102679,1.4548,0.002613,382.73, 424.5825
102680,1.4574,0.002642,378.44, 424.5806
102681,1.4601,0.002656,376.45, 424.5803
102682,1.4628,0.002718,367.93, 424.5806
102683,1.4653,0.002589,386.26, 424.5803
102684,1.4681,0.002708,369.29, 424.5806
102685,1.4707,0.002582,387.24, 424.5806
102686,1.4733,0.002648,377.62, 424.5800
102687,1.4760,0.002620,381.75, 424.5806
102688,1.4786,0.002685,372.43, 424.5806
102689,1.4813,0.002702,370.08, 424.5803
102690,1.4839,0.002599,384.79, 424.5806
102691,1.4866,0.002665,375.22, 424.5806
102692,1.4893,0.002613,382.76, 424.5803
102693,1.4919,0.002720,367.62, 424.5806
102694,1.4946,0.002653,376.90, 424.5806
102695,1.4972,0.002656,376.56, 424.5806
102696,1.4999,0.002667,374.93, 424.5806
102697,1.5026,0.002619,381.80, 424.5806
102698,1.5052,0.002675,373.80, 424.5806
102699,1.5078,0.002581,387.43, 424.5806
102700,1.5105,0.002746,364.19, 424.5806
102701,1.5132,0.002659,376.14, 424.5803
102702,1.5159,0.002643,378.33, 424.5806
102703,1.5184,0.002637,379.23, 424.5806
102704,1.5211,0.002664,375.36, 424.5806
102705,1.5238,0.002661,375.87, 424.5806
102706,1.5264,0.002586,386.76, 424.5800
102707,1.5292,0.002791,358.29, 424.5800
102708,1.5317,0.002590,386.16, 424.5806
102709,1.5344,0.002701,370.21, 424.5806
102710,1.5371,0.002616,382.20, 424.5825
102711,1.5398,0.002769,361.18, 424.5806
102712,1.5425,0.002686,372.27, 424.5806
102713,1.5452,0.002644,378.24, 424.5806
102714,1.5479,0.002697,370.78, 424.5806
102715,1.5504,0.002594,385.52, 424.5806
102716,1.5531,0.002694,371.24, 424.5806
102717,1.5558,0.002594,385.55, 424.5806
102718,1.5585,0.002695,371.10, 424.5806
102719,1.5610,0.002626,380.85, 424.5806
102720,1.5637,0.002636,379.41, 424.5803
102721,1.5664,0.002677,373.59, 424.5806
102722,1.5690,0.002624,381.16, 424.5806
102723,1.5717,0.002692,371.47, 424.5806
102724,1.5742,0.002569,389.33, 424.5806
102725,1.5769,0.002678,373.48, 424.5803
102726,1.5796,0.002689,371.84, 424.5806
102727,1.5823,0.002639,378.97, 424.5806
102728,1.5850,0.002656,376.51, 424.5806
102729,1.5876,0.002711,368.87, 424.5803
102730,1.5903,0.002692,371.47, 424.5806
102731,1.5929,0.002569,389.32, 424.5806
102732,1.5957,0.002779,359.83, 424.5806
102733,1.5983,0.002645,378.07, 424.5806
102734,1.6013,0.002940,340.09, 424.5800
102735,1.6039,0.002674,373.94, 424.5806
102736,1.6067,0.002706,369.54, 424.5806
102737,1.6094,0.002704,369.85, 424.5800
102738,1.6119,0.002614,382.61, 424.5806
102739,1.6146,0.002701,370.30, 424.5806
102740,1.6178,0.003160,316.49, 424.5800
102741,1.6207,0.002862,349.38, 424.5803
102742,1.6233,0.002617,382.10, 424.5806
102743,1.6261,0.002829,353.43, 424.5806
102744,1.6288,0.002679,373.32, 424.5806
102745,1.6316,0.002738,365.28, 424.5800
102746,1.6342,0.002655,376.62, 424.5806
102747,1.6368,0.002656,376.46, 424.5806
102748,1.6396,0.002759,362.44, 424.5800
102749,1.6422,0.002651,377.17, 424.5803
102750,1.6450,0.002699,370.47, 424.5806
102751,1.6477,0.002745,364.30, 424.5803
102752,1.6505,0.002798,357.44, 424.5806
102753,1.6531,0.002609,383.33, 424.5806
102754,1.6559,0.002715,368.35, 424.5806
102755,1.6584,0.002671,374.38, 424.5806
102756,1.6613,0.002708,369.24, 424.5806
102757,1.6641,0.002847,351.21, 424.5806
102758,1.6667,0.002709,369.21, 424.5806
102759,1.6696,0.002783,359.35, 424.5806
102760,1.6721,0.002625,381.01, 424.6075
102761,1.6749,0.002765,361.65, 424.5806
102762,1.6776,0.002645,378.03, 424.5806
102763,1.6804,0.002795,357.83, 424.5806
102764,1.6831,0.002714,368.43, 424.5800
102765,1.6858,0.002714,368.45, 424.5800
102766,1.6885,0.002695,371.06, 424.5806
102767,1.6912,0.002676,373.66, 424.5800
102768,1.6941,0.002945,339.60, 424.5840
102769,1.6969,0.002832,353.17, 424.5800
102770,1.6998,0.002816,355.13, 424.5806
102771,1.7024,0.002569,389.27, 424.5806
102772,1.7051,0.002730,366.25, 424.5807
102773,1.7076,0.002596,385.25, 424.5807
102774,1.7107,0.003082,324.48, 424.5869
102775,1.7134,0.002674,374.01, 424.5826
102776,1.7162,0.002757,362.70, 424.5807
102777,1.7189,0.002668,374.76, 424.5807
102778,1.7214,0.002596,385.18, 424.5807
102779,1.7240,0.002605,383.88, 424.5807
102780,1.7269,0.002827,353.78, 424.5803
102781,1.7297,0.002855,350.24, 424.5800
102782,1.7323,0.002608,383.47, 424.5800
102783,1.7350,0.002693,371.33, 424.5806
102784,1.7377,0.002647,377.80, 424.5806
102785,1.7404,0.002684,372.65, 424.5800
102786,1.7430,0.002628,380.58, 424.5806
102787,1.7456,0.002629,380.43, 424.5806
102788,1.7483,0.002728,366.53, 424.5806
102789,1.7510,0.002587,386.53, 424.5806
102790,1.7537,0.002667,375.02, 424.5806
102791,1.7562,0.002638,379.15, 424.5806
102792,1.7590,0.002779,359.84, 424.5806
102793,1.7617,0.002661,375.74, 424.5806
102794,1.7643,0.002639,378.93, 424.5806
102795,1.7670,0.002657,376.38, 424.5806
102796,1.7695,0.002612,382.85, 424.5806
102797,1.7723,0.002703,369.97, 424.5800
102798,1.7749,0.002569,389.24, 424.5806
102799,1.7776,0.002732,366.07, 424.5806
102800,1.7803,0.002667,374.93, 424.5806
102801,1.7830,0.002643,378.34, 424.5806
102802,1.7855,0.002615,382.35, 424.5806
102803,1.7882,0.002635,379.54, 424.5806
102804,1.7909,0.002708,369.26, 424.5806
102805,1.7935,0.002567,389.58, 424.5806
102806,1.7961,0.002703,370.01, 424.5806
102807,1.7988,0.002661,375.86, 424.5806
102808,1.8015,0.002692,371.42, 424.5806
102809,1.8042,0.002677,373.58, 424.5800
102810,1.8068,0.002632,379.94, 424.5806
102811,1.8094,0.002642,378.44, 424.5806
102812,1.8120,0.002597,385.02, 424.5806
102813,1.8147,0.002721,367.53, 424.5806
102814,1.8174,0.002609,383.23, 424.5806
102815,1.8201,0.002722,367.39, 424.5806
102816,1.8228,0.002623,381.30, 424.5806
102817,1.8253,0.002657,376.34, 424.5806
102818,1.8280,0.002681,373.01, 424.5806
102819,1.8307,0.002696,370.99, 424.5806
102820,1.8334,0.002667,374.91, 424.5806
102821,1.8364,0.002980,335.54, 424.5803
102822,1.8396,0.003166,315.89, 424.5947
102823,1.8425,0.002960,337.80, 424.5806
102824,1.8455,0.002978,335.76, 424.5800
102825,1.8484,0.002891,345.95, 424.5800
102826,1.8516,0.003182,314.23, 424.5825
102827,1.8547,0.003130,319.49, 424.5806
102828,1.8578,0.003121,320.43, 424.5807
102829,1.8606,0.002753,363.21, 424.5806
102830,1.8634,0.002825,354.02, 424.5807
102831,1.8661,0.002665,375.22, 424.5806
102832,1.8688,0.002747,364.10, 424.5806
102833,1.8715,0.002600,384.65, 424.5806
102834,1.8741,0.002721,367.50, 424.5806
102835,1.8768,0.002758,362.62, 424.5800
102836,1.8796,0.002717,368.12, 424.5803
102837,1.8823,0.002743,364.62, 424.5806
102838,1.8850,0.002619,381.77, 424.5800
102839,1.8877,0.002730,366.26, 424.5806
102840,1.8903,0.002599,384.75, 424.5806
102841,1.8929,0.002713,368.61, 424.5800
102842,1.8956,0.002671,374.45, 424.5806
102843,1.8983,0.002675,373.78, 424.5806
102844,1.9011,0.002740,364.99, 424.5800
102845,1.9038,0.002692,371.43, 424.5806
102846,1.9065,0.002655,376.70, 424.5803
102847,1.9091,0.002624,381.10, 424.5806
102848,1.9119,0.002771,360.87, 424.5806
102849,1.9144,0.002626,380.78, 424.5806
102850,1.9171,0.002701,370.27, 424.5806
102851,1.9198,0.002627,380.65, 424.5806
102852,1.9224,0.002632,379.94, 424.5806
102853,1.9252,0.002693,371.28, 424.5806
102854,1.9277,0.002676,373.73, 424.5800
102855,1.9305,0.002719,367.85, 424.5806
102856,1.9331,0.002573,388.59, 424.5806
102857,1.9358,0.002678,373.48, 424.5806
102858,1.9384,0.002638,379.10, 424.5806
102859,1.9410,0.002685,372.40, 424.5806
102860,1.9437,0.002685,372.40, 424.5806
102861,1.9464,0.002646,377.99, 424.5806
102862,1.9491,0.002698,370.64, 424.5806
102863,1.9518,0.002614,382.53, 424.5806
102864,1.9545,0.002727,366.69, 424.5806
102865,1.9570,0.002584,386.97, 424.5806
102866,1.9597,0.002732,366.02, 424.5806
102867,1.9624,0.002654,376.82, 424.5806
102868,1.9651,0.002666,375.07, 424.5806
102869,1.9678,0.002647,377.73, 424.5806
102870,1.9703,0.002625,380.94, 424.5803
102871,1.9730,0.002672,374.31, 424.5806
102872,1.9757,0.002639,378.90, 424.5806
102873,1.9784,0.002765,361.73, 424.5806
102874,1.9811,0.002695,371.09, 424.5806
102875,1.9838,0.002654,376.82, 424.5806
102876,1.9865,0.002662,375.73, 424.5806
102877,1.9891,0.002690,371.75, 424.5806
102878,1.9918,0.002688,371.97, 424.5806
102879,1.9944,0.002617,382.15, 424.5806
102880,1.9972,0.002734,365.82, 424.5806
102881,1.9998,0.002626,380.87, 424.5806
102882,2.0024,0.002687,372.19, 424.5807
102883,2.0051,0.002604,384.01, 424.5806
102884,2.0078,0.002688,372.07, 424.5800
102885,2.0104,0.002632,379.92, 424.5803
102886,2.0131,0.002613,382.78, 424.5800
102887,2.0157,0.002732,366.05, 424.5803
102888,2.0184,0.002619,381.85, 424.5806
102889,2.0211,0.002726,366.82, 424.5806
102890,2.0237,0.002602,384.38, 424.5806
102891,2.0264,0.002712,368.70, 424.5806
102892,2.0291,0.002691,371.61, 424.5806
102893,2.0317,0.002630,380.21, 424.5800
102894,2.0343,0.002618,382.03, 424.5806
102895,2.0370,0.002616,382.20, 424.5806
102896,2.0397,0.002730,366.33, 424.5806
102897,2.0422,0.002544,393.02, 424.5806
102898,2.0449,0.002703,369.97, 424.5806
102899,2.0476,0.002658,376.25, 424.5803
102900,2.0503,0.002644,378.16, 424.5806
102901,2.0530,0.002682,372.86, 424.5806
102902,2.0555,0.002644,378.24, 424.5803
102903,2.0582,0.002664,375.38, 424.5806
102904,2.0608,0.002570,389.06, 424.5806
102905,2.0635,0.002725,366.95, 424.5806
102906,2.0662,0.002646,377.99, 424.5806
102907,2.0688,0.002679,373.22, 424.5806
102908,2.0714,0.002613,382.73, 424.5806
102909,2.0741,0.002609,383.29, 424.5806
102910,2.0768,0.002659,376.15, 424.5806
102911,2.0793,0.002582,387.33, 424.5806
102912,2.0820,0.002716,368.20, 424.5806
102913,2.0846,0.002595,385.42, 424.5806
102914,2.0873,0.002696,370.92, 424.5806
102915,2.0900,0.002634,379.72, 424.5806
102916,2.0927,0.002654,376.78, 424.5806
102917,2.0952,0.002634,379.64, 424.5806
102918,2.0979,0.002664,375.36, 424.5806
102919,2.1006,0.002719,367.80, 424.5806
102920,2.1033,0.002580,387.61, 424.5806
102921,2.1060,0.002763,361.93, 424.5806
102922,2.1086,0.002661,375.77, 424.5806
102923,2.1113,0.002655,376.61, 424.5806
102924,2.1140,0.002669,374.73, 424.5806
102925,2.1166,0.002617,382.10, 424.5803
102926,2.1193,0.002687,372.18, 424.5806
102927,2.1218,0.002560,390.59, 424.5806
102928,2.1245,0.002672,374.22, 424.5806
102929,2.1271,0.002577,387.99, 424.5806
102930,2.1298,0.002735,365.64, 424.5800
102931,2.1326,0.002720,367.69, 424.5806
102932,2.1351,0.002637,379.22, 424.5806
102933,2.1378,0.002693,371.28, 424.5800
102934,2.1405,0.002634,379.72, 424.5803
102935,2.1432,0.002708,369.32, 424.5806
102936,2.1458,0.002597,385.10, 424.5806
102937,2.1484,0.002700,370.36, 424.5806
102938,2.1511,0.002587,386.53, 424.5806
102939,2.1537,0.002662,375.71, 424.5806
102940,2.1564,0.002632,379.88, 424.5806
102941,2.1589,0.002614,382.63, 424.5806
102942,2.1617,0.002813,355.47, 424.5806
102943,2.1648,0.002987,334.81, 424.5806
102944,2.1676,0.002843,351.77, 424.5806
102945,2.1702,0.002584,386.98, 424.5806
102946,2.1730,0.002710,368.99, 424.5806
102947,2.1755,0.002595,385.42, 424.5806
102948,2.1783,0.002777,360.06, 424.5806
102949,2.1810,0.002680,373.16, 424.5806
102950,2.1836,0.002596,385.25, 424.5806
102951,2.1863,0.002731,366.14, 424.5800
102952,2.1891,0.002812,355.58, 424.5800
102953,2.1919,0.002765,361.72, 424.5803
102954,2.1946,0.002653,376.96, 424.5806
102955,2.1973,0.002734,365.78, 424.5806
102956,2.2000,0.002634,379.65, 424.5806
102957,2.2025,0.002658,376.25, 424.5806
102958,2.2052,0.002583,387.19, 424.5806
102959,2.2080,0.002817,354.95, 424.5803
102960,2.2107,0.002792,358.14, 424.5806
102961,2.2134,0.002600,384.62, 424.5807
102962,2.2159,0.002619,381.77, 424.5806
102963,2.2185,0.002554,391.53, 424.5806
102964,2.2212,0.002670,374.55, 424.5806
102965,2.2239,0.002626,380.87, 424.5806
102966,2.2266,0.002700,370.37, 424.5806
102967,2.2291,0.002664,375.35, 424.5806
102968,2.2318,0.002613,382.78, 424.5806
102969,2.2344,0.002634,379.72, 424.5806
102970,2.2369,0.002558,391.01, 424.5806
102971,2.2397,0.002747,363.99, 424.5806
102972,2.2423,0.002605,383.86, 424.5806
102973,2.2450,0.002640,378.73, 424.5806
102974,2.2476,0.002615,382.45, 424.6019
102975,2.2502,0.002619,381.77, 424.5806
102976,2.2529,0.002666,375.09, 424.5806
102977,2.2555,0.002626,380.88, 424.5806
102978,2.2583,0.002738,365.19, 424.5800
102979,2.2607,0.002544,393.11, 424.5806
102980,2.2634,0.002684,372.54, 424.5806
102981,2.2661,0.002643,378.33, 424.5800
102982,2.2688,0.002666,375.04, 424.5806
102983,2.2715,0.002687,372.16, 424.5806
102984,2.2742,0.002666,375.15, 424.5800
102985,2.2769,0.002725,366.92, 424.5806
102986,2.2794,0.002583,387.09, 424.5806
102987,2.2821,0.002700,370.40, 424.5803
102988,2.2848,0.002677,373.52, 424.5806
102989,2.2875,0.002661,375.74, 424.5803
102990,2.2902,0.002656,376.45, 424.5806
102991,2.2927,0.002613,382.64, 424.5806
102992,2.2954,0.002684,372.63, 424.5806
102993,2.2981,0.002624,381.13, 424.5806
102994,2.3008,0.002730,366.34, 424.5803
102995,2.3033,0.002578,387.84, 424.5806
102996,2.3060,0.002676,373.71, 424.5806
102997,2.3087,0.002671,374.38, 424.5806
102998,2.3114,0.002629,380.42, 424.5806
102999,2.3141,0.002686,372.27, 424.5806
103000,2.3167,0.002640,378.79, 424.5806
103001,2.3193,0.002691,371.65, 424.5806
103002,2.3219,0.002552,391.82, 424.5806
103003,2.3246,0.002669,374.73, 424.5806
103004,2.3271,0.002599,384.76, 424.5806
103005,2.3298,0.002692,371.43, 424.5806
103006,2.3325,0.002677,373.52, 424.5803
103007,2.3352,0.002597,385.10, 424.5806
103008,2.3378,0.002677,373.58, 424.5806
103009,2.3405,0.002673,374.07, 424.5806
103010,2.3433,0.002776,360.22, 424.5806
103011,2.3459,0.002651,377.22, 424.5825
103012,2.3492,0.003316,301.60, 424.5801
103013,2.3521,0.002806,356.35, 424.5801
103014,2.3552,0.003181,314.41, 424.5800
103015,2.3580,0.002844,351.64, 424.5807
103016,2.3613,0.003303,302.72, 424.5800
103017,2.3644,0.002967,337.01, 424.5801
103018,2.3676,0.003189,313.56, 424.5801
103019,2.3701,0.002606,383.74, 424.5806
103020,2.3728,0.002698,370.66, 424.5806
103021,2.3755,0.002677,373.52, 424.5806
103022,2.3785,0.002970,336.67, 424.5800
103023,2.3822,0.003700,270.26, 424.5801
103024,2.3857,0.003545,282.10, 424.5801
103025,2.3886,0.002809,355.96, 424.5807
103026,2.3912,0.002720,367.67, 424.5804
103027,2.3938,0.002568,389.47, 424.5806
103028,2.3965,0.002676,373.71, 424.5806
103029,2.3992,0.002680,373.08, 424.5806
103030,2.4019,0.002617,382.06, 424.5800
103031,2.4044,0.002670,374.49, 424.5806
103032,2.4071,0.002606,383.72, 424.5803
103033,2.4098,0.002736,365.52, 424.5806
103034,2.4125,0.002662,375.64, 424.5806
103035,2.4152,0.002664,375.42, 424.5806
103036,2.4177,0.002643,378.32, 424.5806
103037,2.4204,0.002649,377.46, 424.5806
103038,2.4231,0.002676,373.65, 424.5806
103039,2.4257,0.002595,385.34, 424.5806
103040,2.4285,0.002769,361.21, 424.5806
103041,2.4312,0.002623,381.27, 424.5803
103042,2.4338,0.002709,369.13, 424.5800
103043,2.4365,0.002697,370.75, 424.5806
103044,2.4392,0.002700,370.36, 424.5806
103045,2.4419,0.002660,375.98, 424.5806
103046,2.4445,0.002626,380.84, 424.5806
103047,2.4471,0.002719,367.82, 424.5806
103048,2.4498,0.002654,376.73, 424.5806
103049,2.4525,0.002700,370.44, 424.5806
103050,2.4552,0.002609,383.24, 424.5806
103051,2.4579,0.002748,363.89, 424.5806
103052,2.4606,0.002659,376.04, 424.5806
103053,2.4633,0.002691,371.66, 424.5806
103054,2.4659,0.002703,369.99, 424.5806
103055,2.4686,0.002643,378.37, 424.5806
103056,2.4713,0.002711,368.92, 424.5806
103057,2.4739,0.002603,384.20, 424.5806
103058,2.4767,0.002736,365.55, 424.5806
103059,2.4794,0.002664,375.40, 424.5806
103060,2.4821,0.002677,373.52, 424.5806
103061,2.4846,0.002619,381.80, 424.5806
103062,2.4873,0.002627,380.62, 424.5806
103063,2.4900,0.002700,370.33, 424.5806
103064,2.4926,0.002606,383.80, 424.5803
103065,2.4954,0.002760,362.27, 424.5806
103066,2.4979,0.002631,380.03, 424.5806
103067,2.5006,0.002688,372.08, 424.5803
103068,2.5033,0.002642,378.47, 424.5806
103069,2.5060,0.002648,377.66, 424.5806
103070,2.5085,0.002663,375.53, 424.5806
103071,2.5112,0.002649,377.52, 424.5803
103072,2.5139,0.002735,365.62, 424.5806
103073,2.5166,0.002585,386.85, 424.5803
103074,2.5193,0.002792,358.20, 424.5806
103075,2.5221,0.002738,365.20, 424.5806
103076,2.5250,0.002912,343.37, 424.5806
103077,2.5278,0.002881,347.08, 424.5806
103078,2.5309,0.002971,336.58, 424.5806
103079,2.5336,0.002677,373.52, 424.5806
103080,2.5363,0.002743,364.59, 424.5806
103081,2.5391,0.002736,365.44, 424.5807
103082,2.5416,0.002670,374.57, 424.5803
103083,2.5443,0.002677,373.55, 424.5807
103084,2.5469,0.002563,390.20, 424.5807
103085,2.5497,0.002825,353.93, 424.5807
103086,2.5524,0.002629,380.33, 424.5807
103087,2.5551,0.002625,380.98, 424.5807
103088,2.5576,0.002641,378.70, 424.5806
103089,2.5603,0.002631,380.07, 424.5806
103090,2.5630,0.002680,373.12, 424.5806
103091,2.5656,0.002624,381.07, 424.5806
103092,2.5682,0.002703,369.92, 424.5806
103093,2.5708,0.002566,389.71, 424.5806
103094,2.5735,0.002653,377.00, 424.5806
103095,2.5761,0.002616,382.26, 424.5806
103096,2.5789,0.002697,370.74, 424.5806
103097,2.5815,0.002730,366.33, 424.5806
103098,2.5842,0.002714,368.41, 424.5806
103099,2.5870,0.002728,366.53, 424.5806
103100,2.5896,0.002588,386.35, 424.5806
103101,2.5923,0.002689,371.90, 424.5806
103102,2.5948,0.002576,388.27, 424.5806
103103,2.5975,0.002729,366.47, 424.5806
103104,2.6002,0.002715,368.28, 424.5806
103105,2.6029,0.002629,380.42, 424.5806
103106,2.6056,0.002640,378.73, 424.5806
103107,2.6082,0.002572,388.77, 424.5801
103108,2.6108,0.002777,360.14, 424.5806
103109,2.6136,0.002785,359.11, 424.5806
103110,2.6166,0.002902,344.58, 424.5807
103111,2.6193,0.002636,379.43, 424.5806
103112,2.6219,0.002725,367.01, 424.5803
103113,2.6245,0.002621,381.59, 424.5806
103114,2.6272,0.002638,379.10, 424.5806
103115,2.6301,0.002893,345.65, 424.5806
103116,2.6328,0.002751,363.53, 424.5806
103117,2.6355,0.002715,368.34, 424.5806
103118,2.6382,0.002633,379.78, 424.5800
103119,2.6409,0.002710,369.00, 424.5806
103120,2.6436,0.002610,383.17, 424.5806
103121,2.6462,0.002739,365.10, 424.5806
103122,2.6489,0.002691,371.55, 424.5806
103123,2.6516,0.002653,376.99, 424.5806
103124,2.6543,0.002688,372.00, 424.5806
103125,2.6569,0.002640,378.82, 424.5803
103126,2.6597,0.002732,366.03, 424.5806
103127,2.6624,0.002672,374.28, 424.5806
103128,2.6650,0.002772,360.78, 424.5806
103129,2.6678,0.002719,367.85, 424.5806
103130,2.6705,0.002727,366.76, 424.5806
103131,2.6732,0.002638,379.08, 424.5806
103132,2.6759,0.002729,366.38, 424.5806
103133,2.6786,0.002740,364.92, 424.5806
103134,2.6813,0.002627,380.63, 424.5804
103135,2.6840,0.002709,369.10, 424.5806
103136,2.6866,0.002618,381.94, 424.5806
103137,2.6893,0.002693,371.33, 424.5807
103138,2.6919,0.002603,384.22, 424.5807
103139,2.6946,0.002662,375.63, 424.5806
103140,2.6973,0.002650,377.34, 424.5807
103141,2.6998,0.002603,384.17, 424.5807
103142,2.7024,0.002593,385.61, 424.5807
103143,2.7050,0.002553,391.71, 424.5807
103144,2.7079,0.002941,340.08, 424.5800
103145,2.7107,0.002823,354.21, 424.5806
103146,2.7135,0.002802,356.93, 424.5803
103147,2.7162,0.002664,375.35, 424.6002
103148,2.7190,0.002778,359.96, 424.5807
103149,2.7218,0.002803,356.71, 424.5800
103150,2.7246,0.002787,358.85, 424.5806
103151,2.7273,0.002688,371.98, 424.5806
103152,2.7300,0.002684,372.62, 424.5807
103153,2.7327,0.002794,357.87, 424.5807
103154,2.7354,0.002575,388.30, 424.5806
103155,2.7380,0.002794,357.86, 424.5807
103156,2.7407,0.002643,378.32, 424.5807
103157,2.7434,0.002703,370.00, 424.5806
103158,2.7461,0.002600,384.60, 424.5806
103159,2.7487,0.002656,376.55, 424.5806
103160,2.7513,0.002664,375.36, 424.5806
103161,2.7539,0.002583,387.12, 424.5806
103162,2.7566,0.002671,374.43, 424.5806
103163,2.7592,0.002578,387.93, 424.5806
103164,2.7618,0.002695,371.09, 424.5806
103165,2.7645,0.002677,373.55, 424.5806
103166,2.7672,0.002640,378.79, 424.5806
103167,2.7699,0.002735,365.59, 424.5806
103168,2.7726,0.002631,380.03, 424.5806
103169,2.7753,0.002662,375.63, 424.5803
103170,2.7778,0.002569,389.26, 424.5806
103171,2.7805,0.002718,367.86, 424.5806
103172,2.7832,0.002648,377.64, 424.5806
103173,2.7859,0.002676,373.68, 424.5806
103174,2.7885,0.002629,380.40, 424.5806
103175,2.7911,0.002637,379.18, 424.5800
103176,2.7938,0.002658,376.19, 424.5806
103177,2.7964,0.002578,387.91, 424.5806
103178,2.7991,0.002730,366.35, 424.5806
103179,2.8016,0.002588,386.38, 424.5806
103180,2.8043,0.002699,370.45, 424.5806
103181,2.8070,0.002631,380.16, 424.5800
103182,2.8097,0.002712,368.77, 424.5806
103183,2.8124,0.002670,374.48, 424.5806
103184,2.8151,0.002656,376.51, 424.5806
103185,2.8177,0.002737,365.31, 424.5803
103186,2.8203,0.002593,385.61, 424.5803
103187,2.8230,0.002681,373.04, 424.5806
103188,2.8257,0.002638,379.06, 424.5806
103189,2.8284,0.002686,372.36, 424.5806
103190,2.8312,0.002815,355.19, 424.5803
103191,2.8342,0.003071,325.64, 424.5803
103192,2.8372,0.002885,346.57, 424.5800
103193,2.8400,0.002821,354.53, 424.5806
103194,2.8430,0.003035,329.46, 424.5800
103195,2.8462,0.003180,314.48, 424.5806
103196,2.8496,0.003497,285.99, 424.5801
103197,2.8531,0.003524,283.78, 424.5800
103198,2.8563,0.003166,315.83, 424.5801
103199,2.8596,0.003218,310.74, 424.5801
103200,2.8625,0.002954,338.50, 424.5807
103201,2.8654,0.002782,359.51, 424.5806
103202,2.8680,0.002685,372.51, 424.5803
103203,2.8707,0.002731,366.15, 424.5807
103204,2.8735,0.002784,359.16, 424.5806
103205,2.8761,0.002633,379.87, 424.5806
103206,2.8789,0.002770,360.97, 424.5806
103207,2.8815,0.002585,386.86, 424.5806
103208,2.8843,0.002733,365.97, 424.5800
103209,2.8868,0.002585,386.88, 424.5806
103210,2.8895,0.002751,363.56, 424.5803
103211,2.8922,0.002630,380.29, 424.5806
103212,2.8949,0.002644,378.20, 424.5806
103213,2.8976,0.002693,371.29, 424.5806
103214,2.9001,0.002649,377.44, 424.5806
103215,2.9028,0.002635,379.58, 424.5806
103216,2.9054,0.002559,390.73, 424.5806
103217,2.9081,0.002719,367.82, 424.5806
103218,2.9108,0.002612,382.88, 424.5806
103219,2.9133,0.002664,375.32, 424.5806
103220,2.9160,0.002668,374.78, 424.5806
103221,2.9187,0.002645,378.01, 424.5806
103222,2.9214,0.002657,376.42, 424.5806
103223,2.9240,0.002553,391.71, 424.5806
103224,2.9266,0.002765,361.68, 424.5806
103225,2.9293,0.002649,377.47, 424.5806
103226,2.9320,0.002674,373.96, 424.5806
103227,2.9346,0.002611,383.02, 424.5806
103228,2.9373,0.002645,378.09, 424.5806
103229,2.9399,0.002654,376.73, 424.5806
103230,2.9426,0.002703,369.97, 424.5800
103231,2.9453,0.002733,365.86, 424.5806
103232,2.9479,0.002598,384.94, 424.5806
103233,2.9507,0.002713,368.64, 424.5800
103234,2.9532,0.002556,391.31, 424.5806
103235,2.9558,0.002637,379.16, 424.5806
103236,2.9585,0.002698,370.70, 424.5806
103237,2.9612,0.002654,376.83, 424.5803
103238,2.9639,0.002684,372.65, 424.5806
103239,2.9664,0.002591,385.92, 424.5806
103240,2.9691,0.002698,370.67, 424.5806
103241,2.9717,0.002578,387.84, 424.5806
103242,2.9745,0.002699,370.52, 424.5806
103243,2.9771,0.002617,382.16, 424.5806
103244,2.9797,0.002647,377.73, 424.5806
103245,2.9824,0.002678,373.36, 424.5806
103246,2.9850,0.002588,386.41, 424.5803
103247,2.9877,0.002733,365.97, 424.5806
103248,2.9904,0.002659,376.10, 424.5806
103249,2.9930,0.002711,368.87, 424.5806
103250,2.9957,0.002615,382.48, 424.5806
103251,2.9984,0.002692,371.47, 424.5806
103252,3.0010,0.002625,380.89, 424.5806
103253,3.0037,0.002652,377.10, 424.5806
103254,3.0065,0.002759,362.52, 424.5806
103255,3.0090,0.002619,381.85, 424.5806
103256,3.0117,0.002714,368.47, 424.5806
103257,3.0143,0.002586,386.74, 424.5806
103258,3.0170,0.002681,372.94, 424.5806
103259,3.0198,0.002720,367.63, 424.5806
103260,3.0223,0.002666,375.04, 424.5806
103261,3.0250,0.002646,378.00, 424.5806
103262,3.0277,0.002615,382.41, 424.5806
103263,3.0304,0.002677,373.51, 424.5806
103264,3.0330,0.002609,383.26, 424.5806
103265,3.0359,0.002943,339.80, 424.5803
103266,3.0386,0.002657,376.44, 424.5806
103267,3.0413,0.002724,367.09, 424.5806
103268,3.0438,0.002610,383.22, 424.5806
103269,3.0465,0.002610,383.08, 424.5806
103270,3.0492,0.002747,363.99, 424.5800
103271,3.0519,0.002632,379.90, 424.5806
103272,3.0546,0.002682,372.91, 424.5806
103273,3.0571,0.002597,385.09, 424.5806
103274,3.0599,0.002737,365.39, 424.5803
103275,3.0625,0.002613,382.75, 424.5806
103276,3.0652,0.002670,374.50, 424.5806
103277,3.0679,0.002667,374.90, 424.5806
103278,3.0704,0.002599,384.72, 424.5806
103279,3.0731,0.002683,372.76, 424.5806
103280,3.0757,0.002567,389.56, 424.5806
103281,3.0784,0.002716,368.23, 424.5806
103282,3.0811,0.002670,374.60, 424.5806
103283,3.0837,0.002675,373.80, 424.5806
103284,3.0863,0.002614,382.54, 424.5806
103285,3.0890,0.002622,381.36, 424.5806
103286,3.0917,0.002648,377.69, 424.5806
103287,3.0941,0.002549,392.30, 424.5806
103288,3.0969,0.002746,364.23, 424.5806
103289,3.0996,0.002641,378.67, 424.5803
103290,3.1023,0.002686,372.37, 424.5806
103291,3.1049,0.002587,386.55, 424.5806
103292,3.1075,0.002655,376.62, 424.5806
103293,3.1101,0.002676,373.76, 424.5803
103294,3.1129,0.002723,367.23, 424.5825
103295,3.1156,0.002760,362.36, 424.5806
103296,3.1183,0.002674,374.03, 424.5806
103297,3.1210,0.002710,369.04, 424.5806
103298,3.1237,0.002620,381.65, 424.5806
103299,3.1263,0.002707,369.36, 424.5806
103300,3.1290,0.002721,367.55, 424.5806
103301,3.1317,0.002678,373.41, 424.5806
103302,3.1344,0.002669,374.70, 424.5806
103303,3.1370,0.002594,385.53, 424.5807
103304,3.1398,0.002714,368.49, 424.6013
103305,3.1423,0.002648,377.70, 424.5806
103306,3.1451,0.002701,370.25, 424.5826
103307,3.1486,0.003504,285.42, 424.5806
103308,3.1517,0.003091,323.56, 424.5803
103309,3.1545,0.002866,348.91, 424.5807
103310,3.1575,0.002898,345.09, 424.5807
103311,3.1600,0.002579,387.75, 424.5806
103312,3.1628,0.002814,355.40, 424.5806
103313,3.1655,0.002714,368.41, 424.5806
103314,3.1682,0.002679,373.29, 424.5947
103315,3.1710,0.002753,363.27, 424.5806
103316,3.1737,0.002760,362.31, 424.5806
103317,3.1765,0.002749,363.78, 424.5807
103318,3.1793,0.002878,347.43, 424.6090
103319,3.1824,0.002971,336.59, 424.5825
103320,3.1849,0.002659,376.08, 424.5807
103321,3.1882,0.003195,312.96, 424.5807
103322,3.1908,0.002614,382.51, 424.5807
103323,3.1936,0.002839,352.29, 424.5807
103324,3.1963,0.002624,381.05, 424.5806
103325,3.1990,0.002727,366.70, 424.5806
103326,3.2017,0.002661,375.80, 424.5803
103327,3.2043,0.002631,380.11, 424.5806
103328,3.2070,0.002699,370.47, 424.5800
103329,3.2096,0.002616,382.28, 424.5803
103330,3.2123,0.002737,365.39, 424.5803
103331,3.2150,0.002657,376.36, 424.5803
103332,3.2178,0.002727,366.65, 424.5806
103333,3.2203,0.002638,379.13, 424.5806
103334,3.2230,0.002663,375.49, 424.5800
103335,3.2258,0.002848,351.14, 424.5806
103336,3.2286,0.002781,359.60, 424.5806
103337,3.2314,0.002769,361.10, 424.5807
103338,3.2340,0.002606,383.77, 424.6090
103339,3.2371,0.002976,336.01, 424.5807
103340,3.2397,0.002738,365.22, 424.5807
103341,3.2427,0.002928,341.48, 424.5806
103342,3.2452,0.002615,382.47, 424.5806
103343,3.2480,0.002732,366.06, 424.5806
103344,3.2507,0.002676,373.73, 424.5806
103345,3.2533,0.002655,376.61, 424.5803
103346,3.2560,0.002670,374.59, 424.5800
103347,3.2587,0.002659,376.05, 424.5806
103348,3.2615,0.002750,363.64, 424.5806
103349,3.2640,0.002627,380.68, 424.5800
103350,3.2668,0.002735,365.58, 424.5803
103351,3.2694,0.002587,386.52, 424.5806
103352,3.2722,0.002813,355.49, 424.5800
103353,3.2749,0.002712,368.72, 424.5806
103354,3.2776,0.002717,368.03, 424.5806
103355,3.2804,0.002724,367.16, 424.5803
103356,3.2830,0.002644,378.26, 424.5806
103357,3.2856,0.002695,371.07, 424.5800
103358,3.2883,0.002612,382.79, 424.5800
103359,3.2910,0.002720,367.62, 424.5806
103360,3.2936,0.002605,383.82, 424.5806
103361,3.2964,0.002725,367.01, 424.5803
103362,3.2991,0.002682,372.90, 424.5806
103363,3.3016,0.002626,380.82, 424.5806
103364,3.3044,0.002751,363.48, 424.5806
103365,3.3070,0.002637,379.19, 424.5803
103366,3.3097,0.002704,369.77, 424.5806
103367,3.3123,0.002563,390.21, 424.5806
103368,3.3151,0.002735,365.60, 424.5806
103369,3.3179,0.002815,355.29, 424.5806
103370,3.3207,0.002811,355.69, 424.5806
103371,3.3234,0.002662,375.63, 424.5806
103372,3.3261,0.002666,375.09, 424.5806
103373,3.3287,0.002725,366.99, 424.5806
103374,3.3313,0.002568,389.45, 424.5803
103375,3.3341,0.002876,347.67, 424.5806
103376,3.3369,0.002791,358.27, 424.5806
103377,3.3397,0.002779,359.88, 424.5806
103378,3.3424,0.002652,377.13, 424.5806
103379,3.3451,0.002742,364.70, 424.5825
103380,3.3479,0.002729,366.47, 424.5800
103381,3.3506,0.002732,366.05, 424.5806
103382,3.3533,0.002660,376.00, 424.5806
103383,3.3558,0.002621,381.61, 424.5806
103384,3.3586,0.002743,364.62, 424.5806
103385,3.3612,0.002571,389.03, 424.5806
103386,3.3639,0.002708,369.25, 424.5807
103387,3.3666,0.002717,368.00, 424.5806
103388,3.3693,0.002714,368.53, 424.5806
103389,3.3719,0.002592,385.82, 424.5806
103390,3.3745,0.002607,383.52, 424.5806
103391,3.3772,0.002676,373.68, 424.5806
103392,3.3799,0.002697,370.78, 424.5806
103393,3.3827,0.002754,363.07, 424.5806
103394,3.3853,0.002572,388.79, 424.5806
103395,3.3879,0.002704,369.89, 424.5806
103396,3.3905,0.002624,381.11, 424.5806
103397,3.3932,0.002646,377.97, 424.5806
103398,3.3961,0.002898,345.09, 424.5806
103399,3.3988,0.002748,363.97, 424.5806
103400,3.4015,0.002682,372.90, 424.5807
103401,3.4041,0.002590,386.17, 424.5807
103402,3.4069,0.002755,363.03, 424.5806
103403,3.4094,0.002565,389.82, 424.5816
103404,3.4122,0.002858,349.92, 424.5804
103405,3.4149,0.002630,380.17, 424.5806
103406,3.4176,0.002667,375.02, 424.5806
103407,3.4202,0.002598,384.99, 424.5806
103408,3.4227,0.002589,386.19, 424.5806
103409,3.4254,0.002699,370.58, 424.5806
103410,3.4281,0.002579,387.70, 424.5806
103411,3.4308,0.002745,364.31, 424.5803
103412,3.4335,0.002624,381.16, 424.5806
103413,3.4360,0.002670,374.59, 424.5806
103414,3.4387,0.002638,379.13, 424.5806
103415,3.4414,0.002674,374.01, 424.5806
103416,3.4441,0.002667,374.93, 424.5806
103417,3.4467,0.002621,381.50, 424.5806
103418,3.4495,0.002729,366.49, 424.5806
103419,3.4520,0.002569,389.33, 424.5806
103420,3.4547,0.002751,363.57, 424.5806
103421,3.4574,0.002620,381.64, 424.5806
103422,3.4601,0.002670,374.53, 424.5806
103423,3.4626,0.002659,376.04, 424.5806
103424,3.4653,0.002633,379.74, 424.5806
103425,3.4680,0.002686,372.37, 424.5803
103426,3.4706,0.002556,391.21, 424.5806
103427,3.4733,0.002664,375.33, 424.5806
103428,3.4758,0.002612,382.91, 424.5806
103429,3.4785,0.002694,371.22, 424.5806
103430,3.4812,0.002692,371.46, 424.5806
103431,3.4839,0.002607,383.55, 424.5800
103432,3.4866,0.002694,371.15, 424.5803
103433,3.4891,0.002609,383.33, 424.5806
103434,3.4918,0.002718,367.99, 424.5800
103435,3.4944,0.002553,391.63, 424.5806
103436,3.4971,0.002716,368.24, 424.5806
103437,3.4999,0.002719,367.82, 424.5800
103438,3.5024,0.002629,380.39, 424.5806
103439,3.5051,0.002650,377.43, 424.5806
103440,3.5078,0.002654,376.79, 424.5806
103441,3.5105,0.002673,374.13, 424.5806
103442,3.5129,0.002540,393.72, 424.5806
103443,3.5156,0.002698,370.67, 424.5806
103444,3.5183,0.002652,377.03, 424.5806
103445,3.5210,0.002694,371.24, 424.5803
103446,3.5237,0.002633,379.81, 424.5806
103447,3.5262,0.002607,383.54, 424.5806
103448,3.5289,0.002709,369.13, 424.5806
103449,3.5316,0.002596,385.22, 424.5806
103450,3.5343,0.002684,372.58, 424.5806
103451,3.5369,0.002578,387.88, 424.5806
103452,3.5396,0.002701,370.27, 424.5806
103453,3.5421,0.002616,382.32, 424.5806
103454,3.5448,0.002632,380.01, 424.5806
103455,3.5475,0.002669,374.69, 424.5806
103456,3.5500,0.002638,379.06, 424.5806
103457,3.5529,0.002733,365.93, 424.5803
103458,3.5554,0.002546,392.82, 424.5806
103459,3.5581,0.002689,371.83, 424.5800
103460,3.5607,0.002644,378.19, 424.5806
103461,3.5634,0.002654,376.83, 424.5803
103462,3.5660,0.002708,369.34, 424.5806
103463,3.5687,0.002655,376.68, 424.5806
103464,3.5714,0.002665,375.28, 424.5806
103465,3.5740,0.002573,388.73, 424.5806
103466,3.5767,0.002682,372.80, 424.5806
103467,3.5792,0.002607,383.63, 424.5806
103468,3.5820,0.002802,356.89, 424.5803
103469,3.5848,0.002835,352.80, 424.5806
103470,3.5878,0.002915,343.01, 424.5826
103471,3.5907,0.002896,345.36, 424.5807
103472,3.5935,0.002797,357.49, 424.5826
103473,3.5962,0.002672,374.22, 424.5807
103474,3.5990,0.002887,346.40, 424.5807
103475,3.6019,0.002830,353.34, 424.5807
103476,3.6046,0.002692,371.42, 424.5807
103477,3.6074,0.002805,356.56, 424.5804
103478,3.6100,0.002582,387.36, 424.5806
103479,3.6128,0.002801,357.05, 424.5807
103480,3.6157,0.002977,335.95, 424.5806
103481,3.6185,0.002783,359.38, 424.5803
103482,3.6212,0.002675,373.83, 424.5803
103483,3.6239,0.002664,375.39, 424.5806
103484,3.6266,0.002721,367.55, 424.5806
103485,3.6293,0.002699,370.58, 424.5806
103486,3.6321,0.002781,359.58, 424.5806
103487,3.6346,0.002627,380.72, 424.5806
103488,3.6375,0.002765,361.70, 424.5806
103489,3.6401,0.002640,378.79, 424.5806
103490,3.6428,0.002692,371.50, 424.5806
103491,3.6455,0.002723,367.20, 424.5888
103492,3.6483,0.002788,358.69, 424.5806
103493,3.6510,0.002711,368.85, 424.5806
103494,3.6537,0.002664,375.39, 424.5803
103495,3.6564,0.002704,369.89, 424.5806
103496,3.6591,0.002654,376.78, 424.5806
103497,3.6617,0.002755,362.96, 424.5806
103498,3.6644,0.002690,371.77, 424.5806
103499,3.6672,0.002735,365.68, 424.5803
103500,3.6698,0.002660,376.01, 424.5806
103501,3.6725,0.002683,372.66, 424.5806
103502,3.6753,0.002775,360.40, 424.5800
103503,3.6781,0.002795,357.85, 424.5800
103504,3.6809,0.002775,360.33, 424.5804
103505,3.6835,0.002615,382.39, 424.5807
103506,3.6863,0.002739,365.08, 424.5807
103507,3.6888,0.002591,385.98, 424.5807
103508,3.6915,0.002732,366.03, 424.5806
103509,3.6942,0.002616,382.31, 424.5806
103510,3.6968,0.002645,378.03, 424.5806
103511,3.6995,0.002679,373.33, 424.5806
103512,3.7021,0.002603,384.22, 424.5803
103513,3.7048,0.002700,370.41, 424.5806
103514,3.7074,0.002621,381.58, 424.5806
103515,3.7102,0.002749,363.81, 424.5806
103516,3.7128,0.002649,377.56, 424.5806
103517,3.7155,0.002640,378.80, 424.5806
103518,3.7181,0.002641,378.67, 424.5806
103519,3.7207,0.002605,383.86, 424.5806
103520,3.7234,0.002682,372.88, 424.5947
103521,3.7260,0.002592,385.74, 424.5806
103522,3.7288,0.002746,364.23, 424.5806
103523,3.7313,0.002630,380.17, 424.5806
103524,3.7340,0.002687,372.12, 424.5806
103525,3.7367,0.002591,385.91, 424.5806
103526,3.7395,0.002837,352.46, 424.5806
103527,3.7422,0.002741,364.88, 424.5806
103528,3.7449,0.002649,377.53, 424.5806
103529,3.7476,0.002725,367.00, 424.5803
103530,3.7502,0.002602,384.33, 424.5806
103531,3.7529,0.002702,370.06, 424.5806
103532,3.7556,0.002692,371.48, 424.5806
103533,3.7583,0.002719,367.84, 424.5806
103534,3.7609,0.002617,382.10, 424.5806
103535,3.7636,0.002613,382.72, 424.5806
103536,3.7662,0.002689,371.83, 424.5806
103537,3.7689,0.002641,378.67, 424.5803
103538,3.7716,0.002707,369.44, 424.5806
103539,3.7742,0.002546,392.73, 424.5806
103540,3.7769,0.002707,369.41, 424.5806
103541,3.7795,0.002656,376.56, 424.5806
103542,3.7821,0.002623,381.30, 424.5806
103543,3.7848,0.002673,374.18, 424.5806
103544,3.7875,0.002725,366.97, 424.5803
103545,3.7903,0.002721,367.50, 424.5806
103546,3.7927,0.002556,391.22, 424.5806
103547,3.7954,0.002688,372.05, 424.5806
103548,3.7981,0.002642,378.52, 424.5806
103549,3.8008,0.002716,368.26, 424.5806
103550,3.8035,0.002607,383.64, 424.5806
103551,3.8060,0.002614,382.63, 424.5806
103552,3.8087,0.002685,372.40, 424.5806
103553,3.8113,0.002586,386.73, 424.5800
103554,3.8141,0.002738,365.26, 424.5806
103555,3.8167,0.002652,377.10, 424.5806
103556,3.8195,0.002734,365.82, 424.5806
103557,3.8220,0.002589,386.29, 424.5806
103558,3.8247,0.002650,377.43, 424.5806
103559,3.8274,0.002671,374.38, 424.5803
103560,3.8300,0.002656,376.58, 424.5806
103561,3.8328,0.002745,364.34, 424.5806
103562,3.8359,0.003136,318.93, 424.5800
103563,3.8389,0.002974,336.24, 424.5801
103564,3.8418,0.002945,339.62, 424.5806
103565,3.8447,0.002929,341.46, 424.5806
103566,3.8477,0.002868,348.65, 424.5800
103567,3.8508,0.003230,309.56, 424.5807
103568,3.8541,0.003323,300.93, 424.5801
103569,3.8572,0.003016,331.62, 424.5806
103570,3.8601,0.002894,345.59, 424.5806
103571,3.8630,0.002953,338.60, 424.5807
103572,3.8658,0.002816,355.13, 424.5806
103573,3.8687,0.002792,358.18, 424.5807
103574,3.8712,0.002610,383.19, 424.5806
103575,3.8739,0.002713,368.64, 424.5807
103576,3.8766,0.002617,382.06, 424.5806
103577,3.8793,0.002689,371.86, 424.5806
103578,3.8820,0.002763,361.87, 424.5806
103579,3.8846,0.002684,372.59, 424.5806
103580,3.8875,0.002724,367.11, 424.5806
103581,3.8900,0.002590,386.15, 424.5806
103582,3.8927,0.002722,367.35, 424.5803
103583,3.8954,0.002601,384.45, 424.5806
103584,3.8981,0.002699,370.45, 424.5806
103585,3.9008,0.002662,375.71, 424.5806
103586,3.9033,0.002602,384.29, 424.5803
103587,3.9059,0.002644,378.20, 424.5806
103588,3.9086,0.002607,383.55, 424.5806
103589,3.9113,0.002704,369.86, 424.5806
103590,3.9138,0.002578,387.85, 424.5806
103591,3.9165,0.002672,374.32, 424.5806
103592,3.9192,0.002685,372.43, 424.5806
103593,3.9219,0.002626,380.84, 424.5806
103594,3.9244,0.002626,380.88, 424.5806
103595,3.9271,0.002664,375.33, 424.5803
103596,3.9298,0.002765,361.68, 424.5806
103597,3.9325,0.002604,384.05, 424.5806
103598,3.9352,0.002732,365.99, 424.5803
103599,3.9379,0.002650,377.42, 424.5806
103600,3.9406,0.002675,373.85, 424.5806
103601,3.9431,0.002613,382.67, 424.5803
103602,3.9458,0.002623,381.18, 424.5803
103603,3.9485,0.002680,373.08, 424.5806
103604,3.9512,0.002669,374.69, 424.5800
103605,3.9539,0.002705,369.74, 424.5806
103606,3.9564,0.002559,390.73, 424.5806
103607,3.9591,0.002747,364.09, 424.5806
103608,3.9618,0.002644,378.16, 424.5806
103609,3.9645,0.002674,374.00, 424.5806
103610,3.9672,0.002688,371.97, 424.5801
103611,3.9698,0.002710,368.98, 424.5800
103612,3.9725,0.002669,374.62, 424.5807
103613,3.9751,0.002601,384.47, 424.5806
103614,3.9778,0.002705,369.70, 424.5806
103615,3.9805,0.002598,384.96, 424.5807
103616,3.9830,0.002574,388.44, 424.5807
103617,3.9856,0.002590,386.09, 424.5807
103618,3.9883,0.002682,372.91, 424.5807
103619,3.9908,0.002618,382.03, 424.5807
103620,3.9935,0.002608,383.47, 424.5806
103621,3.9962,0.002759,362.41, 424.5806
103622,3.9989,0.002682,372.80, 424.5806
103623,4.0016,0.002703,369.95, 424.5806
103624,4.0043,0.002632,380.01, 424.5806
103625,4.0071,0.002761,362.19, 424.5806
103626,4.0098,0.002724,367.17, 424.5806
103627,4.0123,0.002593,385.67, 424.5807
103628,4.0150,0.002682,372.81, 424.5807
103629,4.0176,0.002614,382.61, 424.5806
103630,4.0203,0.002637,379.19, 424.5826
103631,4.0231,0.002742,364.68, 424.5806
103632,4.0256,0.002659,376.10, 424.5816
103633,4.0284,0.002710,368.99, 424.5806
103634,4.0310,0.002630,380.23, 424.5806
103635,4.0337,0.002706,369.58, 424.5806
103636,4.0365,0.002755,362.98, 424.5806
103637,4.0393,0.002829,353.49, 424.5806
103638,4.0419,0.002593,385.59, 424.5807
103639,4.0446,0.002686,372.37, 424.5806
103640,4.0472,0.002640,378.74, 424.5806
103641,4.0499,0.002674,373.92, 424.5806
103642,4.0526,0.002654,376.78, 424.5806
103643,4.0552,0.002657,376.41, 424.5806
103644,4.0580,0.002724,367.05, 424.5803
103645,4.0605,0.002597,385.12, 424.5806
103646,4.0632,0.002723,367.24, 424.5806
103647,4.0659,0.002615,382.48, 424.5806
103648,4.0686,0.002786,358.89, 424.5806
103649,4.0713,0.002675,373.83, 424.5803
103650,4.0740,0.002673,374.18, 424.5800
103651,4.0767,0.002664,375.38, 424.5806
103652,4.0793,0.002687,372.23, 424.5806
103653,4.0820,0.002706,369.54, 424.5806
103654,4.0847,0.002603,384.25, 424.5803
103655,4.0874,0.002716,368.23, 424.5806
103656,4.0900,0.002644,378.26, 424.5800
103657,4.0928,0.002692,371.43, 424.5806
103658,4.0953,0.002608,383.42, 424.5803
103659,4.0980,0.002676,373.68, 424.5806
103660,4.1007,0.002744,364.39, 424.5806
103661,4.1034,0.002691,371.57, 424.5803
103662,4.1061,0.002677,373.52, 424.5803
103663,4.1088,0.002607,383.52, 424.5806
103664,4.1115,0.002717,368.07, 424.5806
103665,4.1141,0.002644,378.19, 424.5803
103666,4.1168,0.002700,370.33, 424.5806
103667,4.1194,0.002650,377.42, 424.5806
103668,4.1221,0.002642,378.49, 424.5806
103669,4.1248,0.002655,376.66, 424.5803
103670,4.1273,0.002591,385.95, 424.5803
103671,4.1301,0.002758,362.59, 424.5806
103672,4.1327,0.002611,383.00, 424.5806
103673,4.1354,0.002680,373.08, 424.5806
103674,4.1381,0.002639,378.97, 424.5806
103675,4.1407,0.002717,368.11, 424.5806
103676,4.1434,0.002659,376.08, 424.5806
103677,4.1462,0.002813,355.53, 424.5806
103678,4.1492,0.002942,339.92, 424.5803
103679,4.1519,0.002669,374.62, 424.5806
103680,4.1545,0.002736,365.51, 424.5807
103681,4.1571,0.002572,388.85, 424.5807
103682,4.1599,0.002762,362.11, 424.5807
103683,4.1625,0.002663,375.50, 424.5807
103684,4.1652,0.002665,375.31, 424.5806
103685,4.1678,0.002639,378.90, 424.5807
103686,4.1704,0.002579,387.69, 424.5806
103687,4.1731,0.002627,380.60, 424.5807
103688,4.1757,0.002652,377.05, 424.5807
103689,4.1785,0.002790,358.47, 424.5807
103690,4.1810,0.002586,386.77, 424.5806
103691,4.1837,0.002648,377.60, 424.5806
103692,4.1864,0.002720,367.59, 424.5806
103693,4.1893,0.002899,344.92, 424.5806
103694,4.1921,0.002830,353.31, 424.5800
103695,4.1952,0.002964,337.43, 424.5806
103696,4.1980,0.002807,356.20, 424.5807
103697,4.2006,0.002628,380.59, 424.5806
103698,4.2032,0.002664,375.32, 424.5807
103699,4.2058,0.002552,391.93, 424.5807
103700,4.2085,0.002747,364.10, 424.5807
103701,4.2111,0.002528,395.55, 424.5807
103702,4.2136,0.002607,383.54, 424.5806
103703,4.2163,0.002647,377.83, 424.5807
103704,4.2190,0.002663,375.52, 424.5806
103705,4.2217,0.002699,370.52, 424.5806
103706,4.2242,0.002609,383.36, 424.5806
103707,4.2271,0.002714,368.47, 424.5806
103708,4.2296,0.002631,380.10, 424.5806
103709,4.2323,0.002683,372.70, 424.5806
103710,4.2350,0.002669,374.71, 424.5806
103711,4.2377,0.002670,374.49, 424.5806
103712,4.2406,0.002906,344.10, 424.5806
103713,4.2433,0.002788,358.65, 424.5806
103714,4.2461,0.002723,367.31, 424.5801
103715,4.2487,0.002584,386.97, 424.5807
103716,4.2515,0.002781,359.56, 424.5807
103717,4.2540,0.002569,389.20, 424.5880
103718,4.2567,0.002718,367.88, 424.5806
103719,4.2594,0.002649,377.47, 424.5806
103720,4.2621,0.002660,375.97, 424.5806
103721,4.2648,0.002730,366.31, 424.5806
103722,4.2675,0.002668,374.78, 424.5806
103723,4.2701,0.002753,363.31, 424.5803
103724,4.2728,0.002595,385.43, 424.5806
103725,4.2755,0.002714,368.47, 424.5803
103726,4.2782,0.002650,377.37, 424.5806
103727,4.2809,0.002698,370.70, 424.5806
103728,4.2836,0.002702,370.16, 424.5806
103729,4.2863,0.002693,371.31, 424.5806
103730,4.2889,0.002699,370.52, 424.5806
103731,4.2915,0.002603,384.23, 424.5806
103732,4.2943,0.002752,363.37, 424.5803
103733,4.2969,0.002558,390.87, 424.5806
103734,4.2996,0.002720,367.66, 424.5803
103735,4.3022,0.002696,370.95, 424.5803
103736,4.3049,0.002702,370.15, 424.5806
103737,4.3076,0.002658,376.17, 424.5806
103738,4.3103,0.002674,374.01, 424.5800
103739,4.3130,0.002704,369.85, 424.5806
103740,4.3157,0.002624,381.05, 424.5806
103741,4.3185,0.002804,356.60, 424.5800
103742,4.3210,0.002616,382.28, 424.5806
103743,4.3237,0.002711,368.88, 424.5806
103744,4.3264,0.002675,373.78, 424.5800
103745,4.3291,0.002686,372.31, 424.5803
103746,4.3318,0.002673,374.14, 424.5806
103747,4.3345,0.002702,370.10, 424.5800
103748,4.3372,0.002721,367.57, 424.5806
103749,4.3398,0.002623,381.18, 424.5800
103750,4.3425,0.002713,368.61, 424.5806
103751,4.3451,0.002605,383.95, 424.5806
103752,4.3479,0.002752,363.32, 424.5803
103753,4.3508,0.002879,347.39, 424.5806
103754,4.3535,0.002793,358.08, 424.5803
103755,4.3562,0.002630,380.30, 424.5806
103756,4.3589,0.002664,375.36, 424.5807
103757,4.3616,0.002663,375.59, 424.5806
103758,4.3641,0.002603,384.23, 424.5806
103759,4.3669,0.002761,362.15, 424.5806
103760,4.3696,0.002674,374.03, 424.5803
103761,4.3723,0.002691,371.57, 424.5800
103762,4.3749,0.002581,387.51, 424.5806
103763,4.3774,0.002646,377.90, 424.5806
103764,4.3802,0.002729,366.38, 424.5806
103765,4.3828,0.002605,383.91, 424.5807
103766,4.3855,0.002718,367.93, 424.5807
103767,4.3881,0.002531,395.15, 424.5806
103768,4.3907,0.002628,380.56, 424.5806
103769,4.3932,0.002551,392.05, 424.5807
103770,4.3961,0.002873,348.10, 424.5800
103771,4.3995,0.003421,292.31, 424.5807
103772,4.4028,0.003233,309.31, 424.5807
103773,4.4056,0.002816,355.10, 424.5803
103774,4.4083,0.002716,368.18, 424.5806
103775,4.4110,0.002658,376.27, 424.5806
103776,4.4150,0.004046,247.19, 424.5800
103777,4.4180,0.003009,332.35, 424.5806
103778,4.4208,0.002805,356.47, 424.5807
103779,4.4236,0.002804,356.68, 424.5807
103780,4.4263,0.002691,371.66, 424.5807
103781,4.4290,0.002653,376.89, 424.5807
103782,4.4315,0.002570,389.04, 424.5807
103783,4.4342,0.002689,371.87, 424.5807
103784,4.4368,0.002573,388.71, 424.5806
103785,4.4395,0.002674,373.94, 424.5803
103786,4.4420,0.002579,387.75, 424.5803
103787,4.4447,0.002673,374.15, 424.5806
103788,4.4474,0.002684,372.52, 424.5806
103789,4.4501,0.002609,383.23, 424.5803
103790,4.4526,0.002634,379.68, 424.5803
103791,4.4552,0.002531,395.07, 424.5806
103792,4.4579,0.002719,367.78, 424.5803
103793,4.4606,0.002624,381.08, 424.5806
103794,4.4633,0.002721,367.54, 424.5806
103795,4.4659,0.002655,376.70, 424.5803
103796,4.4685,0.002657,376.32, 424.5806
103797,4.4712,0.002642,378.49, 424.5806
103798,4.4739,0.002612,382.83, 424.5806
103799,4.4766,0.002689,371.93, 424.5806
103800,4.4791,0.002598,384.88, 424.5806
103801,4.4818,0.002691,371.60, 424.5806
103802,4.4844,0.002628,380.59, 424.5806
103803,4.4871,0.002667,374.98, 424.5806
103804,4.4897,0.002675,373.80, 424.5806
103805,4.4924,0.002692,371.48, 424.5806
103806,4.4952,0.002725,367.00, 424.5803
103807,4.4978,0.002635,379.46, 424.5806
103808,4.5005,0.002679,373.29, 424.5806
103809,4.5031,0.002560,390.64, 424.5806
103810,4.5057,0.002684,372.52, 424.5806
103811,4.5084,0.002639,378.93, 424.5806
103812,4.5110,0.002621,381.59, 424.5806
103813,4.5137,0.002662,375.71, 424.5806
103814,4.5162,0.002572,388.83, 424.5806
103815,4.5189,0.002716,368.20, 424.5806
103816,4.5215,0.002558,391.01, 424.5806
103817,4.5243,0.002827,353.71, 424.5806
103818,4.5270,0.002671,374.39, 424.5806
103819,4.5297,0.002692,371.43, 424.5806
103820,4.5323,0.002709,369.19, 424.5806
103821,4.5350,0.002672,374.31, 424.5806
103822,4.5378,0.002740,365.02, 424.5803
103823,4.5405,0.002651,377.29, 424.5806
103824,4.5432,0.002717,368.09, 424.5806
103825,4.5458,0.002617,382.12, 424.5800
103826,4.5486,0.002767,361.35, 424.5803
103827,4.5513,0.002684,372.61, 424.5806
103828,4.5540,0.002694,371.17, 424.5803
103829,4.5566,0.002731,366.21, 424.5806
103830,4.5593,0.002696,370.97, 424.5803
103831,4.5621,0.002722,367.36, 424.5806
103832,4.5647,0.002628,380.56, 424.5806
103833,4.5675,0.002721,367.48, 424.5806
103834,4.5701,0.002605,383.91, 424.5806
103835,4.5728,0.002686,372.37, 424.5806
103836,4.5753,0.002620,381.74, 424.5806
103837,4.5780,0.002702,370.11, 424.5806
103838,4.5808,0.002720,367.63, 424.5803
103839,4.5834,0.002623,381.29, 424.5806
103840,4.5862,0.002801,356.99, 424.5800
103841,4.5890,0.002732,366.06, 424.5806
103842,4.5917,0.002746,364.13, 424.5806
103843,4.5942,0.002585,386.86, 424.5806
103844,4.5970,0.002726,366.88, 424.5806
103845,4.5997,0.002729,366.49, 424.5806
103846,4.6025,0.002823,354.21, 424.5806
103847,4.6052,0.002659,376.04, 424.5806
103848,4.6079,0.002713,368.65, 424.5800
103849,4.6106,0.002721,367.58, 424.5806
103850,4.6132,0.002580,387.57, 424.5806
103851,4.6160,0.002747,364.03, 424.5803
103852,4.6189,0.002934,340.81, 424.5806
103853,4.6216,0.002748,363.93, 424.5803
103854,4.6243,0.002628,380.58, 424.5806
103855,4.6270,0.002671,374.38, 424.5807
103856,4.6296,0.002663,375.46, 424.5806
103857,4.6322,0.002634,379.69, 424.5803
103858,4.6349,0.002668,374.80, 424.5806
103859,4.6376,0.002606,383.67, 424.5806
103860,4.6403,0.002771,360.93, 424.5806
103861,4.6429,0.002614,382.57, 424.5806
103862,4.6456,0.002677,373.52, 424.5806
103863,4.6483,0.002711,368.91, 424.5806
103864,4.6511,0.002782,359.41, 424.5807
103865,4.6537,0.002646,377.90, 424.5844
103866,4.6564,0.002631,380.04, 424.5803
103867,4.6591,0.002744,364.44, 424.5807
103868,4.6616,0.002524,396.13, 424.5806
103869,4.6643,0.002754,363.11, 424.5806
103870,4.6670,0.002585,386.91, 424.5807
103871,4.6697,0.002711,368.84, 424.5807
103872,4.6722,0.002625,380.97, 424.5806
103873,4.6749,0.002690,371.77, 424.5803
103874,4.6777,0.002736,365.55, 424.5806
103875,4.6804,0.002704,369.77, 424.5806
103876,4.6832,0.002823,354.20, 424.5807
103877,4.6859,0.002626,380.78, 424.5803
103878,4.6885,0.002666,375.15, 424.5806
103879,4.6912,0.002588,386.46, 424.5807
103880,4.6938,0.002676,373.68, 424.5807
103881,4.6964,0.002654,376.80, 424.5807
103882,4.6991,0.002630,380.29, 424.5806
103883,4.7018,0.002689,371.83, 424.5807
103884,4.7043,0.002534,394.65, 424.5806
103885,4.7070,0.002732,366.05, 424.5807
103886,4.7096,0.002558,390.90, 424.5806
103887,4.7123,0.002693,371.37, 424.5806
103888,4.7150,0.002707,369.48, 424.5806
103889,4.7177,0.002644,378.29, 424.5806
103890,4.7203,0.002655,376.70, 424.5807
103891,4.7229,0.002581,387.48, 424.5807
103892,4.7256,0.002724,367.16, 424.5807
103893,4.7281,0.002595,385.42, 424.5806
103894,4.7308,0.002666,375.12, 424.5806
103895,4.7334,0.002577,388.03, 424.5825
103896,4.7361,0.002651,377.27, 424.5806
103897,4.7388,0.002649,377.57, 424.5806
103898,4.7413,0.002603,384.17, 424.5803
103899,4.7441,0.002813,355.52, 424.5806
103900,4.7468,0.002717,368.00, 424.5806
103901,4.7496,0.002780,359.71, 424.5803
103902,4.7523,0.002650,377.34, 424.5803
103903,4.7550,0.002667,374.94, 424.5806
103904,4.7576,0.002660,375.88, 424.5806
103905,4.7605,0.002837,352.52, 424.5800
103906,4.7633,0.002824,354.07, 424.5806
103907,4.7659,0.002644,378.26, 424.5801
103908,4.7686,0.002655,376.66, 424.5807
103909,4.7711,0.002509,398.64, 424.5806
103910,4.7739,0.002792,358.20, 424.5807
103911,4.7765,0.002611,382.97, 424.5807
103912,4.7792,0.002717,368.01, 424.5807
103913,4.7819,0.002606,383.77, 424.5807
103914,4.7844,0.002597,385.04, 424.5825
103915,4.7871,0.002657,376.32, 424.5806
103916,4.7897,0.002659,376.02, 424.5803
103917,4.7925,0.002722,367.44, 424.5806
103918,4.7950,0.002582,387.31, 424.5806
103919,4.7977,0.002729,366.39, 424.5806
103920,4.8004,0.002670,374.55, 424.5806
103921,4.8031,0.002687,372.16, 424.5806
103922,4.8058,0.002665,375.22, 424.5806
103923,4.8085,0.002709,369.17, 424.5806
103924,4.8113,0.002733,365.88, 424.5806
103925,4.8138,0.002593,385.64, 424.5806
103926,4.8165,0.002730,366.37, 424.5803
103927,4.8192,0.002675,373.82, 424.5806
103928,4.8219,0.002703,369.99, 424.5806
103929,4.8246,0.002690,371.79, 424.5806
103930,4.8273,0.002701,370.25, 424.5806
103931,4.8301,0.002714,368.45, 424.5803
103932,4.8326,0.002639,378.89, 424.5806
103933,4.8353,0.002707,369.37, 424.5806
103934,4.8380,0.002597,385.09, 424.5806
103935,4.8409,0.002968,336.90, 424.5806
103936,4.8440,0.003017,331.48, 424.5803
103937,4.8467,0.002760,362.27, 424.5807
103938,4.8503,0.003607,277.23, 424.5803
103939,4.8533,0.002954,338.57, 424.5806
103940,4.8561,0.002819,354.69, 424.5806
103941,4.8594,0.003316,301.57, 424.5806
103942,4.8624,0.003068,325.99, 424.5800
103943,4.8656,0.003117,320.87, 424.5803
103944,4.8684,0.002803,356.81, 424.5800
103945,4.8712,0.002791,358.26, 424.5806
103946,4.8738,0.002638,379.13, 424.5806
103947,4.8766,0.002783,359.38, 424.5803
103948,4.8793,0.002713,368.57, 424.5806
103949,4.8820,0.002641,378.64, 424.5807
103950,4.8846,0.002682,372.90, 424.5806
103951,4.8873,0.002657,376.38, 424.5806
103952,4.8900,0.002732,366.05, 424.5806
103953,4.8926,0.002591,386.01, 424.5806
103954,4.8954,0.002733,365.97, 424.5806
103955,4.8981,0.002769,361.10, 424.5806
103956,4.9009,0.002739,365.04, 424.5806
103957,4.9036,0.002692,371.47, 424.5806
103958,4.9063,0.002641,378.64, 424.5803
103959,4.9089,0.002681,373.06, 424.5806
103960,4.9115,0.002638,379.15, 424.5803
103961,4.9142,0.002688,372.07, 424.5806
103962,4.9167,0.002575,388.43, 424.5806
103963,4.9196,0.002743,364.54, 424.5806
103964,4.9221,0.002613,382.78, 424.5806
103965,4.9248,0.002645,378.01, 424.5806
103966,4.9275,0.002651,377.26, 424.5806
103967,4.9301,0.002621,381.55, 424.5806
103968,4.9327,0.002667,374.97, 424.5825
103969,4.9353,0.002599,384.75, 424.5803
103970,4.9381,0.002742,364.68, 424.5806
103971,4.9407,0.002589,386.23, 424.5806
103972,4.9434,0.002688,372.02, 424.5800
103973,4.9459,0.002600,384.66, 424.5806
103974,4.9486,0.002632,379.94, 424.5806
103975,4.9513,0.002719,367.73, 424.5806
103976,4.9540,0.002630,380.24, 424.5803
103977,4.9565,0.002676,373.69, 424.5806
103978,4.9592,0.002614,382.56, 424.5803
103979,4.9619,0.002683,372.79, 424.5806
103980,4.9646,0.002724,367.07, 424.5806
103981,4.9677,0.003041,328.82, 424.5806
103982,4.9705,0.002773,360.63, 424.5807
103983,4.9731,0.002671,374.43, 424.5807
103984,4.9757,0.002648,377.60, 424.5806
103985,4.9784,0.002683,372.77, 424.5803
103986,4.9812,0.002767,361.44, 424.5806
103987,4.9838,0.002619,381.84, 424.5806
103988,4.9866,0.002746,364.18, 424.5806
103989,4.9891,0.002622,381.33, 424.5806
103990,4.9918,0.002672,374.25, 424.5806
103991,4.9945,0.002639,378.99, 424.5806
103992,4.9972,0.002665,375.22, 424.5803
103993,5.0000,0.002793,357.99, 424.5806
103994,5.0026,0.002651,377.27, 424.5806
103995,5.0054,0.002710,369.07, 424.5806
103996,5.0079,0.002674,374.00, 424.5800
103997,5.0107,0.002805,356.49, 424.5806
103998,5.0134,0.002672,374.31, 424.5806
103999,5.0162,0.002748,363.89, 424.5806
104000,5.0189,0.002716,368.16, 424.5806
104001,5.0216,0.002660,375.94, 424.5800
104002,5.0243,0.002651,377.29, 424.5807
104003,5.0269,0.002612,382.89, 424.5806
104004,5.0297,0.002748,363.90, 424.5807
104005,5.0322,0.002633,379.78, 424.5807
104006,5.0349,0.002668,374.87, 424.5807
104007,5.0375,0.002578,387.93, 424.5806
104008,5.0402,0.002671,374.39, 424.5806
104009,5.0427,0.002621,381.56, 424.5806
104010,5.0454,0.002688,371.98, 424.5800
104011,5.0482,0.002763,361.98, 424.5806
104012,5.0508,0.002599,384.75, 424.5806
104013,5.0536,0.002705,369.74, 424.5803
104014,5.0562,0.002620,381.62, 424.5803
104015,5.0588,0.002712,368.77, 424.5806
104016,5.0615,0.002650,377.34, 424.5806
104017,5.0642,0.002659,376.15, 424.5806
104018,5.0669,0.002701,370.18, 424.5803
104019,5.0696,0.002661,375.77, 424.5806
104020,5.0723,0.002678,373.45, 424.5806
104021,5.0748,0.002587,386.52, 424.5806
104022,5.0776,0.002785,359.08, 424.5800
104023,5.0802,0.002645,378.13, 424.5806
104024,5.0829,0.002693,371.31, 424.5806
104025,5.0856,0.002667,374.94, 424.5806
104026,5.0883,0.002634,379.59, 424.5806
104027,5.0909,0.002721,367.48, 424.5875
104028,5.0936,0.002664,375.35, 424.5806
104029,5.0963,0.002740,364.91, 424.5803
104030,5.0990,0.002632,379.94, 424.5803
104031,5.1017,0.002733,365.90, 424.5806
104032,5.1044,0.002641,378.72, 424.5806
104033,5.1071,0.002761,362.19, 424.5806
104034,5.1100,0.002813,355.48, 424.5806
104035,5.1127,0.002700,370.36, 424.5801
104036,5.1154,0.002735,365.67, 424.5807
104037,5.1179,0.002578,387.84, 424.5807
104038,5.1207,0.002729,366.47, 424.5807
104039,5.1232,0.002525,396.10, 424.5806
104040,5.1259,0.002653,376.99, 424.5806
104041,5.1284,0.002621,381.59, 424.5806
104042,5.1311,0.002634,379.64, 424.5806
104043,5.1338,0.002670,374.55, 424.5806
104044,5.1364,0.002625,380.91, 424.5806
104045,5.1392,0.002709,369.09, 424.5806
104046,5.1416,0.002557,391.10, 424.5806
104047,5.1443,0.002676,373.69, 424.5806
104048,5.1470,0.002619,381.80, 424.5806
104049,5.1497,0.002684,372.63, 424.5803
104050,5.1523,0.002657,376.39, 424.5806
104051,5.1549,0.002636,379.39, 424.5806
104052,5.1577,0.002737,365.32, 424.5806
104053,5.1603,0.002573,388.64, 424.5803
104054,5.1630,0.002744,364.38, 424.5806
104055,5.1656,0.002612,382.82, 424.5806
104056,5.1683,0.002691,371.64, 424.5800
104057,5.1709,0.002598,384.87, 424.5806
104058,5.1735,0.002611,383.05, 424.5806
104059,5.1761,0.002656,376.45, 424.5807
104060,5.1790,0.002778,359.96, 424.5806
104061,5.1816,0.002680,373.13, 424.5806
104062,5.1841,0.002526,395.91, 424.5807
104063,5.1869,0.002807,356.29, 424.5807
104064,5.1896,0.002660,375.94, 424.5806
104065,5.1923,0.002672,374.22, 424.5806
104066,5.1949,0.002626,380.79, 424.5806
104067,5.1975,0.002626,380.84, 424.5806
104068,5.2002,0.002706,369.62, 424.5803
104069,5.2030,0.002771,360.85, 424.5800
104070,5.2061,0.003004,332.89, 424.5806
104071,5.2087,0.002755,363.00, 424.5806
104072,5.2115,0.002755,362.94, 424.5806
104073,5.2141,0.002530,395.21, 424.5806
104074,5.2168,0.002767,361.40, 424.5803
104075,5.2195,0.002646,377.91, 424.5806
104076,5.2222,0.002686,372.37, 424.5806
104077,5.2249,0.002678,373.37, 424.5807
104078,5.2274,0.002623,381.21, 424.5806
104079,5.2302,0.002716,368.24, 424.5807
104080,5.2328,0.002652,377.07, 424.5807
104081,5.2355,0.002706,369.62, 424.5807
104082,5.2382,0.002663,375.52, 424.5807
104083,5.2410,0.002730,366.33, 424.5806
104084,5.2435,0.002666,375.16, 424.5806
104085,5.2462,0.002679,373.23, 424.5803
104086,5.2491,0.002865,349.10, 424.5806
104087,5.2520,0.002803,356.82, 424.5806
104088,5.2548,0.002781,359.57, 424.5807
104089,5.2573,0.002586,386.76, 424.5806
104090,5.2600,0.002682,372.81, 424.5807
104091,5.2626,0.002626,380.76, 424.5807
104092,5.2653,0.002681,372.97, 424.5807
104093,5.2679,0.002636,379.38, 424.5826
104094,5.2706,0.002686,372.36, 424.5806
104095,5.2732,0.002613,382.76, 424.5807
104096,5.2758,0.002563,390.18, 424.5806
104097,5.2786,0.002732,366.07, 424.5806
104098,5.2811,0.002615,382.48, 424.5806
104099,5.2838,0.002724,367.13, 424.5806
104100,5.2865,0.002678,373.44, 424.5806
104101,5.2892,0.002702,370.14, 424.5825
104102,5.2919,0.002651,377.20, 424.5806
104103,5.2946,0.002646,377.89, 424.5806
104104,5.2974,0.002784,359.17, 424.5806
104105,5.3000,0.002684,372.58, 424.5806
104106,5.3027,0.002705,369.63, 424.5803
104107,5.3053,0.002597,385.04, 424.5806
104108,5.3080,0.002709,369.11, 424.5806
104109,5.3107,0.002651,377.24, 424.5806
104110,5.3134,0.002733,365.84, 424.5806
104111,5.3162,0.002769,361.14, 424.5806
104112,5.3188,0.002672,374.27, 424.5806
104113,5.3215,0.002695,371.11, 424.5801
104114,5.3241,0.002569,389.30, 424.5807
104115,5.3270,0.002892,345.73, 424.5807
104116,5.3297,0.002660,375.97, 424.5807
104117,5.3323,0.002650,377.42, 424.5806
104118,5.3348,0.002590,386.06, 424.5803
104119,5.3375,0.002622,381.45, 424.5806
104120,5.3402,0.002648,377.64, 424.5806
104121,5.3428,0.002574,388.47, 424.5806
104122,5.3456,0.002854,350.42, 424.5800
104123,5.3483,0.002625,380.97, 424.5806
104124,5.3510,0.002717,368.08, 424.5806
104125,5.3535,0.002591,385.92, 424.5806
104126,5.3562,0.002629,380.40, 424.5806
104127,5.3588,0.002648,377.62, 424.5806
104128,5.3615,0.002662,375.69, 424.5807
104129,5.3643,0.002757,362.74, 424.5806
104130,5.3668,0.002584,387.01, 424.5807
104131,5.3695,0.002759,362.49, 424.5816
104132,5.3722,0.002575,388.41, 424.5807
104133,5.3748,0.002639,378.92, 424.5806
104134,5.3774,0.002608,383.38, 424.5806
104135,5.3800,0.002639,378.95, 424.5806
104136,5.3827,0.002698,370.67, 424.5806
104137,5.3854,0.002618,382.00, 424.5806
104138,5.3881,0.002706,369.59, 424.5806
104139,5.3906,0.002601,384.41, 424.5806
104140,5.3933,0.002709,369.21, 424.5806
104141,5.3960,0.002627,380.62, 424.5806
104142,5.3987,0.002756,362.88, 424.5806
104143,5.4014,0.002649,377.50, 424.5806
104144,5.4041,0.002666,375.05, 424.5806
104145,5.4067,0.002678,373.44, 424.5806
104146,5.4094,0.002659,376.05, 424.5806
104147,5.4121,0.002779,359.80, 424.5806
104148,5.4148,0.002632,379.94, 424.5806
104149,5.4175,0.002700,370.36, 424.5806
104150,5.4202,0.002668,374.85, 424.5806
104151,5.4229,0.002633,379.79, 424.5806
104152,5.4255,0.002769,361.10, 424.5800
104153,5.4283,0.002827,353.77, 424.5800
104154,5.4312,0.002768,361.22, 424.5806
104155,5.4338,0.002622,381.43, 424.5806
104156,5.4365,0.002706,369.56, 424.5806
104157,5.4391,0.002605,383.85, 424.5806
104158,5.4418,0.002705,369.66, 424.5806
104159,5.4445,0.002662,375.62, 424.5803
104160,5.4471,0.002681,373.02, 424.5806
104161,5.4498,0.002729,366.46, 424.5806
104162,5.4525,0.002651,377.19, 424.5803
104163,5.4552,0.002665,375.19, 424.5806
104164,5.4578,0.002626,380.75, 424.5806
104165,5.4606,0.002733,365.90, 424.5806
104166,5.4631,0.002616,382.34, 424.5806
104167,5.4659,0.002755,362.95, 424.5806
104168,5.4686,0.002692,371.51, 424.5806
104169,5.4713,0.002643,378.30, 424.5806
104170,5.4739,0.002629,380.31, 424.5806
104171,5.4766,0.002626,380.75, 424.5800
104172,5.4792,0.002779,359.88, 424.5806
104173,5.4819,0.002594,385.46, 424.5803
104174,5.4846,0.002699,370.56, 424.5800
104175,5.4872,0.002619,381.78, 424.5806
104176,5.4899,0.002696,370.99, 424.5806
104177,5.4926,0.002668,374.87, 424.5800
104178,5.4952,0.002652,377.05, 424.5806
104179,5.4979,0.002726,366.82, 424.5806
104180,5.5006,0.002624,381.13, 424.5806
104181,5.5033,0.002745,364.30, 424.5806
104182,5.5059,0.002600,384.62, 424.5806
104183,5.5087,0.002705,369.70, 424.5806
104184,5.5114,0.002676,373.64, 424.5806
104185,5.5140,0.002696,370.92, 424.5806
104186,5.5167,0.002709,369.10, 424.5806
104187,5.5194,0.002696,370.89, 424.5806
104188,5.5221,0.002686,372.31, 424.5806
104189,5.5247,0.002606,383.69, 424.5806
104190,5.5273,0.002701,370.25, 424.5806
104191,5.5300,0.002592,385.79, 424.5806
104192,5.5327,0.002748,363.97, 424.5806
104193,5.5354,0.002668,374.84, 424.5806
104194,5.5381,0.002666,375.12, 424.5806
104195,5.5408,0.002688,372.08, 424.5806
104196,5.5433,0.002623,381.26, 424.5806
104197,5.5461,0.002761,362.15, 424.5806
104198,5.5488,0.002639,378.95, 424.5803
104199,5.5515,0.002729,366.38, 424.5806
104200,5.5542,0.002646,377.90, 424.5806
104201,5.5569,0.002684,372.63, 424.5803
104202,5.5594,0.002666,375.05, 424.5806
104203,5.5621,0.002616,382.20, 424.5806
104204,5.5648,0.002758,362.62, 424.5803
104205,5.5675,0.002628,380.52, 424.5806
104206,5.5702,0.002727,366.70, 424.5800
104207,5.5728,0.002587,386.59, 424.5806
104208,5.5754,0.002677,373.55, 424.5806
104209,5.5781,0.002638,379.03, 424.5806
104210,5.5808,0.002674,373.92, 424.5800
104211,5.5835,0.002680,373.19, 424.5806
104212,5.5862,0.002686,372.34, 424.5807
104213,5.5889,0.002676,373.73, 424.5807
104214,5.5914,0.002600,384.67, 424.5807
104215,5.5942,0.002846,351.36, 424.5807
104216,5.5969,0.002618,382.00, 424.5807
104217,5.5996,0.002741,364.86, 424.5804
104218,5.6023,0.002624,381.13, 424.5807
104219,5.6049,0.002584,387.06, 424.5807
104220,5.6075,0.002642,378.54, 424.5807
104221,5.6100,0.002539,393.87, 424.5806
104222,5.6127,0.002690,371.76, 424.5806
104223,5.6154,0.002686,372.25, 424.5806
104224,5.6182,0.002742,364.70, 424.5806
104225,5.6207,0.002612,382.91, 424.5806
104226,5.6234,0.002599,384.70, 424.5806
104227,5.6260,0.002620,381.62, 424.5806
104228,5.6287,0.002663,375.52, 424.5806
104229,5.6318,0.003226,309.94, 424.5800
104230,5.6345,0.002670,374.59, 424.5807
104231,5.6372,0.002711,368.92, 424.5803
104232,5.6399,0.002609,383.36, 424.5806
104233,5.6426,0.002690,371.69, 424.5806
104234,5.6451,0.002628,380.59, 424.5806
104235,5.6478,0.002699,370.55, 424.5806
104236,5.6505,0.002683,372.72, 424.5806
104237,5.6532,0.002620,381.69, 424.5800
104238,5.6559,0.002669,374.74, 424.5806
104239,5.6584,0.002573,388.73, 424.5806
104240,5.6613,0.002798,357.40, 424.5800
104241,5.6639,0.002671,374.41, 424.5806
104242,5.6666,0.002709,369.09, 424.5800
104243,5.6693,0.002656,376.52, 424.5806
104244,5.6719,0.002623,381.29, 424.5806
104245,5.6746,0.002678,373.47, 424.5806
104246,5.6772,0.002685,372.50, 424.5800
104247,5.6801,0.002775,360.32, 424.5806
104248,5.6826,0.002639,378.96, 424.5806
104249,5.6853,0.002700,370.40, 424.5803
104250,5.6880,0.002589,386.26, 424.5806
104251,5.6907,0.002676,373.75, 424.5806
104252,5.6934,0.002757,362.67, 424.5806
104253,5.6960,0.002692,371.48, 424.5806
104254,5.6989,0.002752,363.32, 424.5806
104255,5.7014,0.002556,391.27, 424.5807
104256,5.7041,0.002722,367.36, 424.5807
104257,5.7067,0.002571,388.95, 424.5855
104258,5.7097,0.003007,332.56, 424.5826
104259,5.7123,0.002642,378.56, 424.5807
104260,5.7150,0.002650,377.40, 424.6024
104261,5.7178,0.002802,356.95, 424.5807
104262,5.7205,0.002640,378.79, 424.5806
104263,5.7230,0.002642,378.52, 424.5807
104264,5.7257,0.002636,379.32, 424.5806
104265,5.7284,0.002731,366.21, 424.5806
104266,5.7310,0.002591,386.01, 424.5806
104267,5.7336,0.002672,374.20, 424.5806
104268,5.7363,0.002698,370.64, 424.5806
104269,5.7391,0.002714,368.49, 424.5803
104270,5.7417,0.002631,380.14, 424.5806
104271,5.7443,0.002591,385.89, 424.5806
104272,5.7471,0.002699,370.48, 424.5806
104273,5.7496,0.002603,384.16, 424.5806
104274,5.7523,0.002673,374.11, 424.5800
104275,5.7550,0.002695,371.04, 424.5806
104276,5.7578,0.002836,352.65, 424.5806
104277,5.7605,0.002626,380.75, 424.5806
104278,5.7631,0.002632,379.97, 424.5806
104279,5.7657,0.002714,368.45, 424.5806
104280,5.7686,0.002726,366.88, 424.5800
104281,5.7714,0.002803,356.75, 424.5806
104282,5.7740,0.002731,366.18, 424.5806
104283,5.7769,0.002817,355.04, 424.5825
104284,5.7798,0.002897,345.17, 424.5806
104285,5.7826,0.002881,347.11, 424.5803
104286,5.7853,0.002684,372.59, 424.5806
104287,5.7880,0.002690,371.77, 424.5806
104288,5.7906,0.002618,382.04, 424.5806
104289,5.7932,0.002606,383.80, 424.5806
104290,5.7959,0.002644,378.24, 424.5806
104291,5.7985,0.002611,383.04, 424.5806
104292,5.8013,0.002791,358.29, 424.5806
104293,5.8040,0.002623,381.23, 424.5806
104294,5.8066,0.002679,373.32, 424.5806
104295,5.8092,0.002643,378.30, 424.5806
104296,5.8119,0.002643,378.33, 424.5806
104297,5.8145,0.002616,382.25, 424.5806
104298,5.8171,0.002625,381.02, 424.5806
104299,5.8198,0.002739,365.14, 424.5806
104300,5.8224,0.002537,394.14, 424.5806
104301,5.8251,0.002699,370.51, 424.5806
104302,5.8278,0.002608,383.38, 424.5806
104303,5.8303,0.002649,377.52, 424.5806
104304,5.8333,0.002907,344.04, 424.5800
104305,5.8363,0.002998,333.58, 424.5801
104306,5.8391,0.002840,352.06, 424.5806
104307,5.8418,0.002738,365.20, 424.5806
104308,5.8447,0.002935,340.76, 424.5803
104309,5.8479,0.003083,324.33, 424.5800
104310,5.8511,0.003209,311.62, 424.5801
104311,5.8541,0.003085,324.13, 424.5806
104312,5.8572,0.003051,327.72, 424.5807
104313,5.8599,0.002709,369.15, 424.5800
104314,5.8627,0.002815,355.27, 424.5807
104315,5.8654,0.002586,386.74, 424.6105
104316,5.8683,0.003020,331.13, 424.5803
104317,5.8710,0.002645,378.01, 424.5806
104318,5.8738,0.002759,362.44, 424.5807
104319,5.8765,0.002750,363.69, 424.5807
104320,5.8793,0.002824,354.15, 424.5806
104321,5.8821,0.002726,366.89, 424.5806
104322,5.8846,0.002654,376.76, 424.5806
104323,5.8873,0.002659,376.08, 424.5806
104324,5.8899,0.002600,384.57, 424.5806
104325,5.8926,0.002632,379.95, 424.5804
104326,5.8953,0.002723,367.19, 424.5807
104327,5.8984,0.003126,319.91, 424.5816
104328,5.9011,0.002708,369.34, 424.5807
104329,5.9039,0.002746,364.22, 424.5801
104330,5.9065,0.002616,382.25, 424.5803
104331,5.9092,0.002693,371.31, 424.5807
104332,5.9119,0.002728,366.57, 424.5806
104333,5.9146,0.002617,382.19, 424.5806
104334,5.9174,0.002782,359.41, 424.5806
104335,5.9200,0.002744,364.42, 424.5806
104336,5.9229,0.002762,362.07, 424.5806
104337,5.9254,0.002583,387.22, 424.5806
104338,5.9281,0.002716,368.15, 424.5803
104339,5.9308,0.002608,383.51, 424.5806
104340,5.9334,0.002644,378.29, 424.5806
104341,5.9360,0.002660,375.88, 424.5806
104342,5.9387,0.002703,369.93, 424.5803
104343,5.9415,0.002742,364.71, 424.5803
104344,5.9441,0.002663,375.57, 424.5806
104345,5.9469,0.002754,363.10, 424.5806
104346,5.9496,0.002629,380.45, 424.5806
104347,5.9521,0.002666,375.05, 424.5806
104348,5.9548,0.002652,377.09, 424.5806
104349,5.9575,0.002705,369.75, 424.5806
104350,5.9603,0.002790,358.47, 424.5806
104351,5.9630,0.002666,375.05, 424.5806
104352,5.9657,0.002717,368.11, 424.5803
104353,5.9683,0.002572,388.77, 424.5806
104354,5.9711,0.002811,355.73, 424.5804
104355,5.9738,0.002697,370.73, 424.5806
104356,5.9766,0.002749,363.82, 424.5806
104357,5.9792,0.002645,378.09, 424.5806
104358,5.9818,0.002608,383.47, 424.5806
104359,5.9844,0.002628,380.58, 424.5806
104360,5.9871,0.002583,387.13, 424.5806
104361,5.9897,0.002716,368.15, 424.5806
104362,5.9923,0.002534,394.57, 424.5806
104363,5.9949,0.002652,377.12, 424.5806
104364,5.9976,0.002653,376.93, 424.5806
104365,6.0002,0.002651,377.27, 424.5803
104366,6.0028,0.002645,378.11, 424.5807
104367,6.0057,0.002828,353.59, 424.5806
104368,6.0084,0.002747,364.10, 424.5806
104369,6.0111,0.002723,367.20, 424.5804
104370,6.0140,0.002892,345.79, 424.5806
104371,6.0167,0.002712,368.76, 424.5807
104372,6.0197,0.002865,348.99, 424.5807
104373,6.0222,0.002606,383.74, 424.5806
104374,6.0249,0.002688,372.02, 424.5803
104375,6.0275,0.002593,385.65, 424.5806
104376,6.0302,0.002644,378.17, 424.5806
104377,6.0328,0.002729,366.50, 424.5806
104378,6.0355,0.002640,378.77, 424.5806
104379,6.0382,0.002719,367.82, 424.5806
104380,6.0409,0.002617,382.19, 424.5806
104381,6.0436,0.002692,371.46, 424.5806
104382,6.0463,0.002724,367.07, 424.5806
104383,6.0491,0.002739,365.11, 424.5806
104384,6.0518,0.002717,368.01, 424.5806
104385,6.0543,0.002626,380.84, 424.5806
104386,6.0571,0.002722,367.38, 424.5806
104387,6.0597,0.002634,379.68, 424.5806
104388,6.0624,0.002719,367.78, 424.5806
104389,6.0651,0.002668,374.78, 424.5806
104390,6.0679,0.002746,364.11, 424.5806
104391,6.0706,0.002702,370.14, 424.5806
104392,6.0732,0.002660,375.90, 424.5803
104393,6.0759,0.002660,375.94, 424.5806
104394,6.0785,0.002609,383.24, 424.5806
104395,6.0813,0.002865,349.00, 424.5807
104396,6.0841,0.002742,364.70, 424.5807
104397,6.0868,0.002732,366.06, 424.5807
104398,6.0894,0.002548,392.46, 424.5806
104399,6.0920,0.002626,380.87, 424.5806
104400,6.0946,0.002591,385.91, 424.5806
104401,6.0973,0.002671,374.42, 424.5806
104402,6.1003,0.003087,323.92, 424.5807
104403,6.1033,0.002982,335.37, 424.5807
104404,6.1062,0.002902,344.54, 424.5801
104405,6.1091,0.002945,339.57, 424.5801
104406,6.1121,0.002944,339.69, 424.5800
104407,6.1151,0.002999,333.46, 424.5800
104408,6.1182,0.003009,332.35, 424.5801
104409,6.1207,0.002632,379.95, 424.5806
104410,6.1235,0.002729,366.47, 424.5806
104411,6.1263,0.002796,357.71, 424.5806
104412,6.1292,0.002918,342.76, 424.5807
104413,6.1318,0.002575,388.38, 424.5807
104414,6.1345,0.002695,371.02, 424.5807
104415,6.1371,0.002603,384.25, 424.5825
104416,6.1398,0.002693,371.28, 424.5806
104417,6.1425,0.002692,371.42, 424.5806
104418,6.1451,0.002639,378.90, 424.5806
104419,6.1478,0.002749,363.73, 424.5806
104420,6.1505,0.002615,382.45, 424.5806
104421,6.1532,0.002688,371.98, 424.5803
104422,6.1558,0.002598,384.94, 424.5806
104423,6.1584,0.002730,366.25, 424.5806
104424,6.1611,0.002672,374.25, 424.5806
104425,6.1638,0.002645,378.01, 424.5806
104426,6.1665,0.002701,370.26, 424.5806
104427,6.1692,0.002633,379.85, 424.5806
104428,6.1719,0.002717,368.11, 424.5806
104429,6.1744,0.002651,377.23, 424.5800
104430,6.1774,0.002873,348.09, 424.5806
104431,6.1802,0.002754,363.15, 424.5806
104432,6.1830,0.002902,344.55, 424.5806
104433,6.1860,0.003056,327.26, 424.5800
104434,6.1891,0.002978,335.81, 424.5803
104435,6.1919,0.002877,347.64, 424.5806
104436,6.1948,0.002894,345.52, 424.5801
104437,6.1976,0.002811,355.78, 424.5807
104438,6.2004,0.002765,361.64, 424.5803
104439,6.2031,0.002732,366.02, 424.5807
104440,6.2059,0.002746,364.11, 424.6007
104441,6.2090,0.003121,320.40, 424.5807
104442,6.2118,0.002763,361.91, 424.5807
104443,6.2146,0.002892,345.82, 424.5807
104444,6.2174,0.002750,363.70, 424.5807
104445,6.2205,0.002992,334.27, 424.5807
104446,6.2234,0.002999,333.50, 424.5806
104447,6.2264,0.003077,324.95, 424.5803
104448,6.2294,0.002862,349.45, 424.5803
104449,6.2322,0.002875,347.86, 424.5806
104450,6.2350,0.002778,359.96, 424.5800
104451,6.2379,0.002875,347.86, 424.5806
104452,6.2408,0.002929,341.46, 424.5806
104453,6.2437,0.002797,357.55, 424.5804
104454,6.2463,0.002748,363.89, 424.5800
104455,6.2491,0.002816,355.13, 424.5806
104456,6.2520,0.002813,355.54, 424.5807
104457,6.2548,0.002794,357.90, 424.5801
104458,6.2576,0.002770,361.01, 424.5807
104459,6.2603,0.002717,368.07, 424.5804
104460,6.2632,0.002882,347.03, 424.5807
104461,6.2659,0.002693,371.29, 424.5806
104462,6.2689,0.003090,323.62, 424.5800
104463,6.2719,0.002885,346.60, 424.5806
104464,6.2747,0.002892,345.84, 424.5807
104465,6.2775,0.002735,365.64, 424.5806
104466,6.2803,0.002833,352.95, 424.5807
104467,6.2831,0.002848,351.14, 424.5803
104468,6.2861,0.002966,337.15, 424.5806
104469,6.2888,0.002726,366.85, 424.5807
104470,6.2914,0.002611,383.00, 424.5806
104471,6.2941,0.002636,379.36, 424.5807
104472,6.2966,0.002598,384.97, 424.5807
104473,6.2994,0.002825,354.01, 424.5806
104474,6.3021,0.002634,379.62, 424.5803
104475,6.3048,0.002706,369.51, 424.5806
104476,6.3075,0.002647,377.86, 424.5806
104477,6.3102,0.002720,367.65, 424.5801
104478,6.3129,0.002678,373.43, 424.5806
104479,6.3154,0.002623,381.27, 424.5807
104480,6.3182,0.002707,369.45, 424.5807
104481,6.3209,0.002706,369.49, 424.5807
104482,6.3236,0.002766,361.55, 424.5807
104483,6.3262,0.002559,390.72, 424.5807
104484,6.3290,0.002745,364.34, 424.5806
104485,6.3317,0.002703,369.92, 424.5807
104486,6.3342,0.002613,382.73, 424.5807
104487,6.3369,0.002587,386.50, 424.5807
104488,6.3395,0.002623,381.27, 424.5806
104489,6.3422,0.002699,370.55, 424.5806
104490,6.3448,0.002604,384.04, 424.5806
104491,6.3475,0.002713,368.60, 424.5806
104492,6.3503,0.002807,356.26, 424.5803
104493,6.3530,0.002765,361.65, 424.5807
104494,6.3557,0.002658,376.22, 424.5803
104495,6.3584,0.002670,374.52, 424.5806
104496,6.3611,0.002662,375.60, 424.5806
104497,6.3638,0.002680,373.09, 424.5800
104498,6.3665,0.002714,368.43, 424.5806
104499,6.3690,0.002589,386.31, 424.5807
104500,6.3717,0.002660,375.93, 424.5806
104501,6.3744,0.002649,377.47, 424.5806
104502,6.3771,0.002681,373.06, 424.5806
104503,6.3798,0.002699,370.45, 424.5806
104504,6.3824,0.002655,376.59, 424.5803
104505,6.3851,0.002691,371.62, 424.5806
104506,6.3877,0.002595,385.31, 424.5806
104507,6.3904,0.002681,373.06, 424.5806
104508,6.3929,0.002634,379.62, 424.5806
104509,6.3958,0.002818,354.91, 424.5806
104510,6.3986,0.002690,371.80, 424.5806
104511,6.4011,0.002643,378.39, 424.5806
104512,6.4038,0.002664,375.38, 424.5806
104513,6.4064,0.002584,386.97, 424.5803
104514,6.4091,0.002709,369.13, 424.5803
104515,6.4116,0.002571,388.94, 424.5806
104516,6.4144,0.002720,367.69, 424.5806
104517,6.4170,0.002631,380.10, 424.5806
104518,6.4197,0.002652,377.02, 424.5806
104519,6.4222,0.002625,381.00, 424.5806
104520,6.4249,0.002641,378.70, 424.5800
104521,6.4277,0.002765,361.65, 424.5806
104522,6.4303,0.002572,388.80, 424.5806
104523,6.4330,0.002729,366.38, 424.5806
104524,6.4357,0.002612,382.86, 424.5806
104525,6.4384,0.002707,369.40, 424.5806
104526,6.4412,0.002808,356.19, 424.5806
104527,6.4438,0.002672,374.25, 424.5806
104528,6.4464,0.002660,375.97, 424.5806
104529,6.4491,0.002651,377.29, 424.5806
104530,6.4518,0.002679,373.34, 424.5806
104531,6.4545,0.002644,378.26, 424.5806
104532,6.4572,0.002754,363.17, 424.5806
104533,6.4598,0.002615,382.42, 424.5806
104534,6.4624,0.002648,377.69, 424.5806
104535,6.4651,0.002598,384.90, 424.5806
104536,6.4678,0.002701,370.21, 424.5800
104537,6.4705,0.002738,365.26, 424.5806
104538,6.4731,0.002608,383.41, 424.5800
104539,6.4758,0.002710,369.00, 424.5806
104540,6.4784,0.002595,385.31, 424.5806
104541,6.4811,0.002672,374.27, 424.5806
104542,6.4838,0.002642,378.49, 424.5825
104543,6.4863,0.002639,378.92, 424.5806
104544,6.4890,0.002666,375.11, 424.5806
104545,6.4917,0.002620,381.68, 424.5806
104546,6.4943,0.002678,373.45, 424.5803
104547,6.4969,0.002570,389.15, 424.5806
104548,6.4996,0.002764,361.77, 424.5806
104549,6.5023,0.002645,378.03, 424.5806
104550,6.5049,0.002644,378.16, 424.5803
104551,6.5076,0.002612,382.85, 424.5806
104552,6.5101,0.002630,380.21, 424.5800
104553,6.5128,0.002644,378.21, 424.5806
104554,6.5154,0.002581,387.45, 424.5806
104555,6.5182,0.002744,364.48, 424.5806
104556,6.5208,0.002604,384.00, 424.5806
104557,6.5234,0.002664,375.40, 424.5806
104558,6.5261,0.002647,377.74, 424.5806
104559,6.5287,0.002634,379.61, 424.5806
104560,6.5314,0.002681,372.97, 424.5806
104561,6.5341,0.002625,380.97, 424.5806
104562,6.5367,0.002683,372.79, 424.5803
104563,6.5393,0.002576,388.24, 424.5806
104564,6.5420,0.002671,374.45, 424.5806
104565,6.5446,0.002603,384.14, 424.5806
104566,6.5472,0.002642,378.57, 424.5803
104567,6.5498,0.002681,372.98, 424.5806
104568,6.5525,0.002634,379.71, 424.5806
104569,6.5552,0.002645,378.10, 424.5806
104570,6.5577,0.002564,389.99, 424.5825
104571,6.5604,0.002708,369.24, 424.5825
104572,6.5630,0.002615,382.35, 424.5806
104573,6.5657,0.002682,372.86, 424.5806
104574,6.5684,0.002672,374.20, 424.5806
104575,6.5710,0.002600,384.59, 424.5806
104576,6.5736,0.002643,378.33, 424.5806
104577,6.5762,0.002590,386.09, 424.5806
104578,6.5791,0.002872,348.21, 424.5803
104579,6.5819,0.002807,356.23, 424.5806
104580,6.5847,0.002806,356.40, 424.5806
104581,6.5874,0.002660,375.91, 424.5806
104582,6.5901,0.002699,370.52, 424.5806
104583,6.5927,0.002612,382.91, 424.5806
104584,6.5955,0.002727,366.69, 424.5806
104585,6.5981,0.002741,364.79, 424.5806
104586,6.6007,0.002598,384.90, 424.5803
104587,6.6034,0.002693,371.40, 424.5806
104588,6.6060,0.002583,387.16, 424.5806
104589,6.6088,0.002731,366.18, 424.5800
104590,6.6113,0.002599,384.73, 424.5806
104591,6.6140,0.002621,381.59, 424.5806
104592,6.6167,0.002680,373.20, 424.5806
104593,6.6193,0.002655,376.70, 424.5806
104594,6.6219,0.002672,374.29, 424.5806
104595,6.6245,0.002562,390.38, 424.5806
104596,6.6273,0.002740,364.92, 424.5806
104597,6.6299,0.002597,385.03, 424.5806
104598,6.6326,0.002641,378.60, 424.5806
104599,6.6351,0.002673,374.17, 424.5806
104600,6.6378,0.002640,378.74, 424.5806
104601,6.6406,0.002742,364.70, 424.5806
104602,6.6433,0.002788,358.63, 424.5803
104603,6.6460,0.002679,373.34, 424.5806
104604,6.6486,0.002564,390.09, 424.5806
104605,6.6512,0.002655,376.62, 424.5807
104606,6.6539,0.002673,374.06, 424.5806
104607,6.6566,0.002732,366.09, 424.5806
104608,6.6593,0.002705,369.75, 424.5807
104609,6.6620,0.002605,383.82, 424.5806
104610,6.6647,0.002671,374.34, 424.5807
104611,6.6672,0.002567,389.59, 424.5806
104612,6.6699,0.002732,366.02, 424.5807
104613,6.6726,0.002612,382.92, 424.5806
104614,6.6753,0.002768,361.23, 424.5806
104615,6.6780,0.002701,370.30, 424.5806
104616,6.6807,0.002697,370.78, 424.5800
104617,6.6835,0.002705,369.66, 424.5807
104618,6.6862,0.002752,363.35, 424.5803
104619,6.6888,0.002692,371.51, 424.5804
104620,6.6915,0.002625,381.01, 424.5807
104621,6.6943,0.002797,357.58, 424.5807
104622,6.6969,0.002590,386.12, 424.5806
104623,6.6996,0.002660,375.90, 424.5806
104624,6.7021,0.002632,379.88, 424.5806
104625,6.7050,0.002781,359.54, 424.5803
104626,6.7078,0.002765,361.62, 424.5947
104627,6.7104,0.002752,363.36, 424.5874
104628,6.7133,0.002752,363.42, 424.5806
104629,6.7158,0.002637,379.29, 424.5806
104630,6.7186,0.002815,355.23, 424.5803
104631,6.7213,0.002679,373.30, 424.5806
104632,6.7241,0.002753,363.24, 424.5806
104633,6.7268,0.002664,375.36, 424.5825
104634,6.7295,0.002696,370.91, 424.5807
104635,6.7321,0.002641,378.63, 424.5938
104636,6.7349,0.002789,358.55, 424.5806
104637,6.7375,0.002707,369.39, 424.5807
104638,6.7401,0.002525,396.10, 424.5807
104639,6.7429,0.002754,363.12, 424.5807
104640,6.7455,0.002584,386.98, 424.5806
104641,6.7482,0.002694,371.24, 424.5807
104642,6.7509,0.002695,371.00, 424.5806
104643,6.7535,0.002651,377.29, 424.5825
104644,6.7562,0.002685,372.43, 424.5806
104645,6.7588,0.002597,385.10, 424.5923
104646,6.7615,0.002713,368.61, 424.5806
104647,6.7640,0.002550,392.13, 424.5806
104648,6.7667,0.002734,365.79, 424.5803
104649,6.7694,0.002654,376.85, 424.5807
104650,6.7721,0.002685,372.47, 424.5806
104651,6.7747,0.002574,388.55, 424.5826
104652,6.7773,0.002629,380.39, 424.5807
104653,6.7799,0.002620,381.69, 424.5807
104654,6.7827,0.002720,367.63, 424.5807
104655,6.7855,0.002918,342.72, 424.5807
104656,6.7882,0.002679,373.33, 424.5806
104657,6.7909,0.002694,371.25, 424.5806
104658,6.7936,0.002646,377.93, 424.5806
104659,6.7963,0.002660,376.00, 424.5806
104660,6.7991,0.002768,361.32, 424.5807
104661,6.8016,0.002671,374.42, 424.5806
104662,6.8043,0.002648,377.71, 424.5807
104663,6.8069,0.002573,388.71, 424.5807
104664,6.8097,0.002819,354.80, 424.5807
104665,6.8123,0.002568,389.41, 424.5807
104666,6.8149,0.002661,375.80, 424.5806
104667,6.8176,0.002629,380.43, 424.5807
104668,6.8202,0.002604,383.97, 424.5807
104669,6.8228,0.002603,384.17, 424.5807
104670,6.8253,0.002547,392.57, 424.5803
104671,6.8281,0.002830,353.38, 424.5806
104672,6.8313,0.003095,323.07, 424.5800
104673,6.8342,0.002961,337.74, 424.5803
104674,6.8370,0.002842,351.91, 424.5800
104675,6.8405,0.003372,296.59, 424.5806
104676,6.8435,0.003019,331.20, 424.5800
104677,6.8468,0.003295,303.52, 424.5801
104678,6.8499,0.003040,328.98, 424.5806
104679,6.8531,0.003378,296.02, 424.5801
104680,6.8562,0.003039,329.07, 424.5800
104681,6.8594,0.003144,318.07, 424.5801
104682,6.8621,0.002681,373.00, 424.5807
104683,6.8649,0.002839,352.20, 424.5807
104684,6.8676,0.002680,373.13, 424.5806
104685,6.8702,0.002686,372.31, 424.5806
104686,6.8728,0.002604,383.98, 424.5806
104687,6.8755,0.002678,373.41, 424.5806
104688,6.8783,0.002714,368.42, 424.5806
104689,6.8809,0.002644,378.29, 424.5806
104690,6.8835,0.002696,370.91, 424.5806
104691,6.8861,0.002575,388.35, 424.5806
104692,6.8889,0.002708,369.25, 424.5806
104693,6.8915,0.002605,383.91, 424.5806
104694,6.8942,0.002643,378.33, 424.5806
104695,6.8967,0.002592,385.80, 424.5806
104696,6.8994,0.002659,376.05, 424.5806
104697,6.9020,0.002663,375.54, 424.5806
104698,6.9047,0.002622,381.46, 424.5806
104699,6.9073,0.002724,367.11, 424.5806
104700,6.9099,0.002592,385.83, 424.5806
104701,6.9126,0.002693,371.29, 424.5807
104702,6.9152,0.002554,391.60, 424.5800
104703,6.9178,0.002657,376.38, 424.5806
104704,6.9205,0.002688,371.98, 424.5806
104705,6.9232,0.002653,376.90, 424.5800
104706,6.9259,0.002679,373.30, 424.5806
104707,6.9285,0.002571,388.91, 424.5806
104708,6.9312,0.002728,366.57, 424.5803
104709,6.9337,0.002584,386.94, 424.5806
104710,6.9364,0.002675,373.87, 424.5806
104711,6.9391,0.002673,374.10, 424.5806
104712,6.9418,0.002648,377.63, 424.5806
104713,6.9445,0.002664,375.35, 424.5806
104714,6.9470,0.002584,387.00, 424.5806
104715,6.9498,0.002753,363.19, 424.5806
104716,6.9524,0.002594,385.58, 424.5806
104717,6.9551,0.002700,370.41, 424.5806
104718,6.9578,0.002647,377.79, 424.5806
104719,6.9603,0.002621,381.52, 424.5806
104720,6.9630,0.002636,379.33, 424.5806
104721,6.9656,0.002643,378.43, 424.5803
104722,6.9684,0.002720,367.61, 424.5800
104723,6.9708,0.002547,392.67, 424.5806
104724,6.9735,0.002683,372.77, 424.5806
104725,6.9762,0.002577,388.11, 424.5806
104726,6.9789,0.002725,366.95, 424.5806
104727,6.9816,0.002652,377.09, 424.5806
104728,6.9841,0.002610,383.20, 424.5806
104729,6.9868,0.002707,369.43, 424.5806
104730,6.9894,0.002601,384.51, 424.5803
104731,6.9921,0.002674,373.94, 424.5806
104732,6.9948,0.002602,384.32, 424.5806
104733,6.9974,0.002686,372.30, 424.5800
104734,7.0000,0.002628,380.59, 424.5806
104735,7.0027,0.002646,377.97, 424.5806
104736,7.0054,0.002693,371.29, 424.5800
104737,7.0079,0.002628,380.58, 424.5806
104738,7.0107,0.002708,369.32, 424.5803
104739,7.0133,0.002574,388.46, 424.5806
104740,7.0160,0.002682,372.91, 424.5806
104741,7.0186,0.002662,375.60, 424.5806
104742,7.0212,0.002651,377.22, 424.5806
104743,7.0239,0.002633,379.79, 424.5806
104744,7.0265,0.002630,380.30, 424.5803
104745,7.0292,0.002674,374.03, 424.5806
104746,7.0317,0.002524,396.15, 424.5806
104747,7.0344,0.002750,363.68, 424.5806
104748,7.0371,0.002673,374.13, 424.5806
104749,7.0399,0.002713,368.64, 424.5803
104750,7.0425,0.002629,380.34, 424.5806
104751,7.0450,0.002603,384.14, 424.5806
104752,7.0479,0.002711,368.88, 424.5806
104753,7.0504,0.002614,382.56, 424.5803
104754,7.0531,0.002674,374.00, 424.5806
104755,7.0557,0.002579,387.78, 424.5806
104756,7.0584,0.002692,371.46, 424.5806
104757,7.0609,0.002607,383.61, 424.5806
104758,7.0636,0.002640,378.77, 424.5801
104759,7.0663,0.002680,373.19, 424.5806
104760,7.0690,0.002639,378.92, 424.5806
104761,7.0715,0.002645,378.13, 424.5807
104762,7.0742,0.002606,383.70, 424.5807
104763,7.0770,0.002872,348.14, 424.5807
104764,7.0796,0.002579,387.79, 424.5807
104765,7.0824,0.002730,366.33, 424.5807
104766,7.0850,0.002652,377.05, 424.5807
104767,7.0876,0.002617,382.12, 424.5807
104768,7.0902,0.002580,387.67, 424.5923
104769,7.0928,0.002565,389.94, 424.5806
104770,7.0955,0.002672,374.20, 424.5806
104771,7.0980,0.002627,380.66, 424.5806
104772,7.1008,0.002699,370.51, 424.5806
104773,7.1034,0.002636,379.36, 424.5806
104774,7.1061,0.002634,379.71, 424.5803
104775,7.1086,0.002654,376.78, 424.5806
104776,7.1113,0.002628,380.56, 424.5800
104777,7.1140,0.002722,367.35, 424.5806
104778,7.1166,0.002574,388.58, 424.5806
104779,7.1193,0.002697,370.77, 424.5800
104780,7.1219,0.002602,384.33, 424.5806
104781,7.1245,0.002617,382.10, 424.5806
104782,7.1272,0.002646,377.99, 424.5806
104783,7.1299,0.002710,368.98, 424.5806
104784,7.1326,0.002695,371.13, 424.5806
104785,7.1351,0.002575,388.30, 424.5806
104786,7.1379,0.002724,367.15, 424.5803
104787,7.1405,0.002573,388.59, 424.5806
104788,7.1432,0.002757,362.70, 424.5806
104789,7.1459,0.002671,374.36, 424.5806
104790,7.1486,0.002671,374.42, 424.5806
104791,7.1512,0.002690,371.73, 424.5806
104792,7.1538,0.002606,383.77, 424.5806
104793,7.1565,0.002684,372.63, 424.5806
104794,7.1592,0.002618,381.91, 424.5806
104795,7.1619,0.002695,371.10, 424.5806
104796,7.1644,0.002611,382.94, 424.5806
104797,7.1671,0.002680,373.19, 424.5806
104798,7.1698,0.002680,373.15, 424.5806
104799,7.1725,0.002617,382.07, 424.5806
104800,7.1752,0.002725,366.95, 424.5806
104801,7.1777,0.002599,384.76, 424.5806
104802,7.1804,0.002707,369.36, 424.5806
104803,7.1831,0.002586,386.76, 424.5806
104804,7.1858,0.002792,358.15, 424.6431
104805,7.1887,0.002877,347.58, 424.5806
104806,7.1914,0.002715,368.34, 424.5807
104807,7.1942,0.002757,362.70, 424.5806
104808,7.1969,0.002659,376.07, 424.5803
104809,7.1996,0.002728,366.60, 424.5800
104810,7.2021,0.002603,384.23, 424.5806
104811,7.2050,0.002766,361.49, 424.5803
104812,7.2076,0.002690,371.79, 424.5800
104813,7.2103,0.002718,367.96, 424.5806
104814,7.2130,0.002599,384.75, 424.5806
104815,7.2156,0.002659,376.10, 424.5800
104816,7.2184,0.002739,365.16, 424.5806
104817,7.2211,0.002661,375.81, 424.5806
104818,7.2238,0.002705,369.74, 424.5800
104819,7.2263,0.002591,385.97, 424.5806
104820,7.2290,0.002707,369.41, 424.5806
104821,7.2317,0.002618,381.99, 424.5806
104822,7.2344,0.002688,372.02, 424.5806
104823,7.2372,0.002847,351.26, 424.5806
104824,7.2402,0.003045,328.46, 424.5806
104825,7.2430,0.002784,359.23, 424.5806
104826,7.2457,0.002705,369.66, 424.5806
104827,7.2484,0.002719,367.74, 424.5806
104828,7.2511,0.002711,368.85, 424.5806
104829,7.2539,0.002730,366.27, 424.5800
104830,7.2565,0.002610,383.13, 424.5803
104831,7.2593,0.002743,364.58, 424.5806
104832,7.2618,0.002644,378.26, 424.5800
104833,7.2646,0.002737,365.42, 424.5806
104834,7.2673,0.002723,367.20, 424.5806
104835,7.2701,0.002808,356.16, 424.5800
104836,7.2728,0.002695,371.13, 424.5806
104837,7.2754,0.002610,383.16, 424.5806
104838,7.2782,0.002745,364.34, 424.5806
104839,7.2809,0.002645,378.10, 424.5806
104840,7.2837,0.002867,348.77, 424.5803
104841,7.2864,0.002746,364.18, 424.5806
104842,7.2892,0.002721,367.55, 424.5803
104843,7.2917,0.002610,383.16, 424.5806
104844,7.2944,0.002669,374.69, 424.5806
104845,7.2971,0.002697,370.80, 424.5806
104846,7.2998,0.002654,376.82, 424.5806
104847,7.3025,0.002685,372.44, 424.5806
104848,7.3052,0.002643,378.30, 424.5806
104849,7.3079,0.002739,365.08, 424.5803
104850,7.3105,0.002651,377.23, 424.5806
104851,7.3132,0.002703,370.00, 424.5806
104852,7.3160,0.002798,357.45, 424.5800
104853,7.3187,0.002756,362.83, 424.5806
104854,7.3214,0.002666,375.08, 424.5806
104855,7.3241,0.002643,378.43, 424.5803
104856,7.3268,0.002738,365.18, 424.5806
104857,7.3295,0.002619,381.87, 424.5806
104858,7.3322,0.002781,359.56, 424.5800
104859,7.3348,0.002649,377.54, 424.5806
104860,7.3375,0.002710,368.95, 424.5806
104861,7.3402,0.002681,372.95, 424.5803
104862,7.3429,0.002621,381.53, 424.5806
104863,7.3456,0.002695,371.09, 424.5800
104864,7.3483,0.002681,373.05, 424.5806
104865,7.3510,0.002711,368.94, 424.5806
104866,7.3535,0.002591,386.03, 424.5806
104867,7.3563,0.002734,365.82, 424.5803
104868,7.3589,0.002651,377.19, 424.5806
104869,7.3617,0.002777,360.15, 424.5800
104870,7.3646,0.002870,348.43, 424.5807
104871,7.3673,0.002712,368.79, 424.5807
104872,7.3700,0.002754,363.08, 424.5807
104873,7.3727,0.002605,383.94, 424.5806
104874,7.3752,0.002639,378.92, 424.5804
104875,7.3779,0.002606,383.74, 424.5807
104876,7.3806,0.002702,370.15, 424.5806
104877,7.3832,0.002590,386.06, 424.5807
104878,7.3857,0.002616,382.31, 424.5806
104879,7.3884,0.002624,381.13, 424.5807
104880,7.3911,0.002658,376.29, 424.5803
104881,7.3939,0.002889,346.09, 424.5803
104882,7.3969,0.002884,346.79, 424.5800
104883,7.3997,0.002849,350.95, 424.5806
104884,7.4023,0.002605,383.92, 424.5806
104885,7.4050,0.002696,370.89, 424.5803
104886,7.4077,0.002707,369.47, 424.5803
104887,7.4105,0.002810,355.87, 424.5806
104888,7.4132,0.002689,371.87, 424.5806
104889,7.4159,0.002721,367.55, 424.5806
104890,7.4187,0.002778,359.97, 424.5806
104891,7.4214,0.002677,373.52, 424.5806
104892,7.4242,0.002779,359.87, 424.5803
104893,7.4269,0.002654,376.83, 424.5851
104894,7.4296,0.002782,359.44, 424.5806
104895,7.4323,0.002666,375.09, 424.5932
104896,7.4349,0.002725,366.93, 424.5806
104897,7.4377,0.002718,367.92, 424.5803
104898,7.4404,0.002718,367.92, 424.5803
104899,7.4431,0.002636,379.38, 424.5893
104900,7.4458,0.002685,372.41, 424.5807
104901,7.4486,0.002821,354.43, 424.5807
104902,7.4513,0.002689,371.86, 424.5807
104903,7.4540,0.002738,365.20, 424.5807
104904,7.4568,0.002783,359.29, 424.5807
104905,7.4596,0.002772,360.74, 424.5804
104906,7.4623,0.002666,375.08, 424.5806
104907,7.4650,0.002685,372.44, 424.5806
104908,7.4675,0.002681,373.06, 424.5806
104909,7.4702,0.002651,377.16, 424.5803
104910,7.4729,0.002685,372.47, 424.5804
104911,7.4755,0.002574,388.52, 424.6049
104912,7.4783,0.002830,353.38, 424.5806
104913,7.4813,0.002966,337.21, 424.5800
104914,7.4845,0.003180,314.45, 424.5801
104915,7.4874,0.002934,340.83, 424.5806
104916,7.4905,0.003112,321.34, 424.5801
104917,7.4934,0.002859,349.74, 424.5806
104918,7.4965,0.003078,324.87, 424.5801
104919,7.4994,0.002881,347.14, 424.5806
104920,7.5026,0.003208,311.72, 424.5801
104921,7.5055,0.002899,344.90, 424.5806
104922,7.5085,0.003138,318.65, 424.5800
104923,7.5115,0.002893,345.70, 424.5806
104924,7.5145,0.003099,322.73, 424.5800
104925,7.5175,0.002924,342.00, 424.5800
104926,7.5206,0.003126,319.86, 424.5801
104927,7.5234,0.002834,352.81, 424.5800
104928,7.5266,0.003105,322.10, 424.5801
104929,7.5293,0.002695,371.11, 424.5806
104930,7.5320,0.002700,370.37, 424.5806
104931,7.5347,0.002698,370.60, 424.5806
104932,7.5374,0.002672,374.24, 424.5806
104933,7.5400,0.002692,371.44, 424.5806
104934,7.5426,0.002615,382.47, 424.5806
104935,7.5453,0.002708,369.34, 424.5806
104936,7.5480,0.002658,376.27, 424.5806
104937,7.5508,0.002798,357.37, 424.5800
104938,7.5535,0.002674,373.96, 424.5806
104939,7.5562,0.002682,372.80, 424.5806
104940,7.5588,0.002690,371.80, 424.5806
104941,7.5615,0.002656,376.51, 424.5806
104942,7.5642,0.002709,369.18, 424.5806
104943,7.5669,0.002633,379.75, 424.5806
104944,7.5696,0.002759,362.41, 424.5806
104945,7.5721,0.002603,384.14, 424.5806
104946,7.5750,0.002695,371.06, 424.5800
104947,7.5776,0.002757,362.74, 424.5800
104948,7.5804,0.002819,354.69, 424.5803
104949,7.5833,0.002775,360.39, 424.5807
104950,7.5858,0.002584,387.01, 424.5806
104951,7.5885,0.002687,372.18, 424.5806
104952,7.5912,0.002614,382.61, 424.5803
104953,7.5939,0.002751,363.53, 424.5825
104954,7.5966,0.002683,372.77, 424.5803
104955,7.5994,0.002756,362.83, 424.5803
104956,7.6021,0.002674,373.94, 424.5806
104957,7.6047,0.002702,370.14, 424.5806
104958,7.6073,0.002652,377.15, 424.5806
104959,7.6101,0.002699,370.54, 424.5806
104960,7.6128,0.002739,365.06, 424.5806
104961,7.6154,0.002597,385.00, 424.5806
104962,7.6182,0.002733,365.91, 424.5806
104963,7.6207,0.002629,380.37, 424.5806
104964,7.6234,0.002701,370.27, 424.5806
104965,7.6261,0.002639,378.96, 424.5806
104966,7.6288,0.002706,369.62, 424.5806
104967,7.6315,0.002657,376.32, 424.5806
104968,7.6340,0.002618,382.03, 424.5801
104969,7.6368,0.002756,362.91, 424.5806
104970,7.6395,0.002690,371.73, 424.5806
104971,7.6426,0.003085,324.16, 424.5806
104972,7.6454,0.002755,362.99, 424.5806
104973,7.6481,0.002755,362.92, 424.5806
104974,7.6508,0.002667,374.90, 424.5806
104975,7.6534,0.002685,372.41, 424.5806
104976,7.6563,0.002733,365.91, 424.5806
104977,7.6593,0.003121,320.45, 424.5800
104978,7.6621,0.002810,355.85, 424.5806
104979,7.6648,0.002679,373.29, 424.5806
104980,7.6676,0.002770,360.98, 424.5806
104981,7.6702,0.002643,378.42, 424.5803
104982,7.6730,0.002717,368.05, 424.5803
104983,7.6755,0.002630,380.17, 424.5806
104984,7.6783,0.002745,364.37, 424.5806
104985,7.6809,0.002619,381.83, 424.5806
104986,7.6836,0.002655,376.70, 424.5806
104987,7.6863,0.002719,367.77, 424.5806
104988,7.6891,0.002794,357.94, 424.5800
104989,7.6919,0.002828,353.56, 424.5806
104990,7.6946,0.002639,378.93, 424.5806
104991,7.6973,0.002737,365.42, 424.5806
104992,7.7000,0.002648,377.62, 424.5806
104993,7.7026,0.002748,363.95, 424.5803
104994,7.7054,0.002772,360.80, 424.5806
104995,7.7083,0.002786,358.99, 424.5807
104996,7.7108,0.002611,383.01, 424.5806
104997,7.7135,0.002653,376.88, 424.5803
104998,7.7162,0.002684,372.61, 424.5806
104999,7.7188,0.002595,385.43, 424.5806
105000,7.7216,0.002723,367.26, 424.5806
105001,7.7241,0.002592,385.74, 424.5806
105002,7.7268,0.002703,369.93, 424.5806
105003,7.7295,0.002674,373.94, 424.5806
105004,7.7322,0.002661,375.76, 424.5806
105005,7.7349,0.002751,363.54, 424.5806
105006,7.7377,0.002758,362.62, 424.5806
105007,7.7404,0.002708,369.29, 424.5806
105008,7.7429,0.002584,387.06, 424.5806
105009,7.7457,0.002737,365.42, 424.5806
105010,7.7483,0.002606,383.72, 424.5806
105011,7.7510,0.002697,370.75, 424.5806
105012,7.7537,0.002693,371.36, 424.5806
105013,7.7563,0.002667,374.93, 424.5803
105014,7.7590,0.002725,367.04, 424.5803
105015,7.7617,0.002638,379.12, 424.5806
105016,7.7645,0.002769,361.19, 424.5806
105017,7.7671,0.002667,374.95, 424.5806
105018,7.7699,0.002720,367.63, 424.5806
105019,7.7725,0.002609,383.36, 424.5806
105020,7.7751,0.002704,369.86, 424.5806
105021,7.7778,0.002644,378.16, 424.5806
105022,7.7805,0.002666,375.16, 424.5806
105023,7.7834,0.002988,334.73, 424.5806
105024,7.7864,0.002853,350.46, 424.5800
105025,7.7891,0.002748,363.94, 424.5807
105026,7.7916,0.002580,387.60, 424.5807
105027,7.7944,0.002762,362.04, 424.5830
105028,7.7970,0.002572,388.79, 424.5807
105029,7.7999,0.002912,343.45, 424.5800
105030,7.8026,0.002672,374.24, 424.5806
105031,7.8053,0.002703,369.92, 424.5806
105032,7.8080,0.002658,376.24, 424.5806
105033,7.8105,0.002657,376.32, 424.5806
105034,7.8134,0.002703,370.01, 424.5806
105035,7.8159,0.002584,387.06, 424.5806
105036,7.8187,0.002791,358.27, 424.5806
105037,7.8213,0.002622,381.34, 424.5800
105038,7.8240,0.002688,372.02, 424.5806
105039,7.8267,0.002653,376.90, 424.5806
105040,7.8293,0.002759,362.49, 424.5800
105041,7.8322,0.002754,363.07, 424.5806
105042,7.8348,0.002669,374.64, 424.5800
105043,7.8375,0.002725,367.04, 424.5806
105044,7.8401,0.002602,384.29, 424.5806
105045,7.8429,0.002716,368.23, 424.5806
105046,7.8456,0.002775,360.41, 424.5800
105047,7.8488,0.003115,321.07, 424.5806
105048,7.8517,0.002880,347.22, 424.5806
105049,7.8545,0.002867,348.76, 424.5806
105050,7.8574,0.002939,340.29, 424.5803
105051,7.8606,0.003198,312.68, 424.5807
105052,7.8638,0.003158,316.68, 424.5806
105053,7.8671,0.003291,303.85, 424.5800
105054,7.8705,0.003440,290.66, 424.5800
105055,7.8737,0.003159,316.59, 424.5801
105056,7.8767,0.003053,327.58, 424.5800
105057,7.8800,0.003235,309.13, 424.5807
105058,7.8829,0.002906,344.16, 424.5800
105059,7.8861,0.003275,305.32, 424.5800
105060,7.8892,0.003025,330.57, 424.5800
105061,7.8922,0.003039,329.09, 424.5801
105062,7.8953,0.003085,324.11, 424.5800
105063,7.8984,0.003184,314.07, 424.5800
105064,7.9012,0.002823,354.22, 424.5800
105065,7.9041,0.002749,363.72, 424.5807
105066,7.9066,0.002618,382.03, 424.5807
105067,7.9094,0.002713,368.55, 424.5806
105068,7.9120,0.002615,382.35, 424.5807
105069,7.9147,0.002625,380.91, 424.5806
105070,7.9172,0.002622,381.36, 424.5807
105071,7.9198,0.002576,388.14, 424.5807
105072,7.9225,0.002640,378.82, 424.5807
105073,7.9250,0.002579,387.69, 424.5806
105074,7.9277,0.002684,372.61, 424.5806
105075,7.9303,0.002572,388.79, 424.5806
105076,7.9330,0.002685,372.50, 424.5806
105077,7.9357,0.002643,378.33, 424.5806
105078,7.9382,0.002655,376.72, 424.5806
105079,7.9409,0.002690,371.71, 424.5806
105080,7.9436,0.002571,388.95, 424.5806
105081,7.9463,0.002691,371.61, 424.5806
105082,7.9489,0.002585,386.91, 424.5806
105083,7.9515,0.002680,373.12, 424.5807
105084,7.9541,0.002623,381.18, 424.5806
105085,7.9568,0.002694,371.20, 424.5800
105086,7.9595,0.002709,369.19, 424.5806
105087,7.9622,0.002665,375.28, 424.5806
105088,7.9650,0.002741,364.88, 424.5800
105089,7.9675,0.002633,379.74, 424.5800
105090,7.9703,0.002739,365.14, 424.5806
105091,7.9730,0.002662,375.60, 424.5806
105092,7.9757,0.002721,367.50, 424.5806
105093,7.9784,0.002681,372.97, 424.5803
105094,7.9810,0.002647,377.80, 424.5807
105095,7.9838,0.002725,366.97, 424.5806
105096,7.9863,0.002600,384.62, 424.5807
105097,7.9890,0.002728,366.64, 424.5807
105098,7.9916,0.002527,395.80, 424.5883
105099,7.9943,0.002610,383.13, 424.5806
105100,7.9968,0.002563,390.14, 424.5807
105101,7.9994,0.002617,382.09, 424.5807
105102,8.0021,0.002634,379.61, 424.5807
105103,8.0045,0.002555,391.36, 424.5807
105104,8.0073,0.002703,369.99, 424.5806
105105,8.0099,0.002587,386.52, 424.5803
105106,8.0126,0.002726,366.89, 424.5806
105107,8.0151,0.002593,385.64, 424.5806
105108,8.0178,0.002700,370.43, 424.5806
105109,8.0205,0.002672,374.24, 424.5807
105110,8.0232,0.002600,384.60, 424.5806
105111,8.0258,0.002603,384.25, 424.5807
105112,8.0283,0.002549,392.37, 424.5807
105113,8.0313,0.002923,342.11, 424.5806
105114,8.0338,0.002632,379.88, 424.5806
105115,8.0366,0.002772,360.70, 424.5808
105116,8.0393,0.002642,378.52, 424.5806
105117,8.0419,0.002595,385.33, 424.5806
105118,8.0446,0.002649,377.53, 424.5806
105119,8.0471,0.002600,384.60, 424.5806
105120,8.0499,0.002748,363.94, 424.5806
105121,8.0525,0.002575,388.33, 424.5913
105122,8.0552,0.002692,371.54, 424.5806
105123,8.0577,0.002619,381.84, 424.5806
105124,8.0604,0.002690,371.77, 424.5807
105125,8.0631,0.002619,381.77, 424.5806
105126,8.0657,0.002619,381.78, 424.5806
105127,8.0684,0.002712,368.68, 424.5806
105128,8.0710,0.002604,384.07, 424.5806
105129,8.0737,0.002709,369.15, 424.5806
105130,8.0763,0.002609,383.33, 424.5806
105131,8.0790,0.002713,368.57, 424.5803
105132,8.0818,0.002712,368.79, 424.5806
105133,8.0845,0.002700,370.34, 424.5806
105134,8.0872,0.002713,368.60, 424.5806
105135,8.0898,0.002673,374.10, 424.5806
105136,8.0925,0.002704,369.77, 424.5806
105137,8.0951,0.002590,386.13, 424.5803
105138,8.0979,0.002771,360.92, 424.5806
105139,8.1006,0.002642,378.53, 424.5806
105140,8.1031,0.002675,373.86, 424.5806
105141,8.1058,0.002652,377.06, 424.5806
105142,8.1085,0.002657,376.35, 424.5806
105143,8.1112,0.002691,371.58, 424.5806
105144,8.1139,0.002661,375.78, 424.5806
105145,8.1166,0.002751,363.48, 424.5806
105146,8.1193,0.002636,379.31, 424.5806
105147,8.1219,0.002696,370.86, 424.5806
105148,8.1245,0.002611,383.05, 424.5806
105149,8.1272,0.002656,376.58, 424.5806
105150,8.1299,0.002653,376.92, 424.5806
105151,8.1324,0.002635,379.48, 424.5807
105152,8.1353,0.002797,357.49, 424.5807
105153,8.1378,0.002524,396.23, 424.5957
105154,8.1406,0.002828,353.64, 424.5806
105155,8.1433,0.002598,384.96, 424.5807
105156,8.1459,0.002653,376.95, 424.5807
105157,8.1486,0.002601,384.42, 424.5806
105158,8.1511,0.002610,383.13, 424.5806
105159,8.1538,0.002646,377.91, 424.5825
105160,8.1564,0.002592,385.74, 424.5806
105161,8.1591,0.002707,369.39, 424.5806
105162,8.1616,0.002577,388.00, 424.5806
105163,8.1643,0.002712,368.69, 424.5806
105164,8.1670,0.002644,378.23, 424.5806
105165,8.1697,0.002638,379.03, 424.5806
105166,8.1722,0.002646,378.00, 424.5806
105167,8.1748,0.002579,387.72, 424.5806
105168,8.1776,0.002721,367.57, 424.5800
105169,8.1802,0.002566,389.70, 424.5806
105170,8.1829,0.002693,371.40, 424.5803
105171,8.1854,0.002604,384.07, 424.5806
105172,8.1884,0.002910,343.63, 424.5806
105173,8.1910,0.002662,375.60, 424.5806
105174,8.1937,0.002674,374.00, 424.5806
105175,8.1964,0.002710,369.02, 424.5806
105176,8.1990,0.002624,381.16, 424.5806
105177,8.2018,0.002721,367.58, 424.5806
105178,8.2045,0.002668,374.88, 424.5806
105179,8.2074,0.002927,341.62, 424.5806
105180,8.2101,0.002701,370.25, 424.5806
105181,8.2128,0.002712,368.76, 424.5806
105182,8.2155,0.002665,375.31, 424.5806
105183,8.2180,0.002642,378.56, 424.5806
105184,8.2208,0.002750,363.70, 424.5806
105185,8.2235,0.002652,377.07, 424.5806
105186,8.2262,0.002711,368.85, 424.5803
105187,8.2288,0.002572,388.83, 424.5806
105188,8.2314,0.002717,368.09, 424.5806
105189,8.2341,0.002634,379.62, 424.5806
105190,8.2368,0.002685,372.44, 424.5806
105191,8.2394,0.002654,376.76, 424.5806
105192,8.2421,0.002604,383.97, 424.5806
105193,8.2446,0.002643,378.40, 424.5806
105194,8.2472,0.002561,390.43, 424.5806
105195,8.2499,0.002693,371.33, 424.5806
105196,8.2527,0.002740,365.00, 424.5806
105197,8.2556,0.002999,333.43, 424.5800
105198,8.2584,0.002766,361.51, 424.5806
105199,8.2611,0.002701,370.29, 424.5803
105200,8.2638,0.002612,382.86, 424.5806
105201,8.2664,0.002644,378.29, 424.5806
105202,8.2692,0.002733,365.91, 424.5800
105203,8.2717,0.002598,384.88, 424.5806
105204,8.2744,0.002727,366.76, 424.5806
105205,8.2770,0.002582,387.25, 424.5806
105206,8.2797,0.002682,372.84, 424.5800
105207,8.2823,0.002617,382.07, 424.5806
105208,8.2850,0.002680,373.19, 424.5806
105209,8.2877,0.002712,368.70, 424.5800
105210,8.2903,0.002607,383.60, 424.5800
105211,8.2930,0.002653,376.92, 424.5806
105212,8.2955,0.002596,385.18, 424.5806
105213,8.2983,0.002725,366.97, 424.5806
105214,8.3011,0.002789,358.51, 424.5806
105215,8.3038,0.002766,361.52, 424.5800
105216,8.3065,0.002638,379.03, 424.5806
105217,8.3091,0.002626,380.87, 424.5806
105218,8.3118,0.002661,375.81, 424.5803
105219,8.3145,0.002624,381.16, 424.5806
105220,8.3173,0.002810,355.94, 424.5806
105221,8.3198,0.002593,385.59, 424.5803
105222,8.3225,0.002657,376.41, 424.5806
105223,8.3251,0.002577,388.03, 424.5806
105224,8.3278,0.002747,364.10, 424.5803
105225,8.3304,0.002709,369.10, 424.5806
105226,8.3333,0.002743,364.60, 424.5800
105227,8.3359,0.002748,363.86, 424.5806
105228,8.3386,0.002678,373.48, 424.5803
105229,8.3413,0.002683,372.74, 424.5806
105230,8.3439,0.002557,391.07, 424.5806
105231,8.3467,0.002722,367.35, 424.5803
105232,8.3494,0.002683,372.74, 424.5806
105233,8.3519,0.002643,378.34, 424.5804
105234,8.3547,0.002760,362.31, 424.5801
105235,8.3573,0.002642,378.44, 424.5806
105236,8.3605,0.003101,322.52, 424.5807
105237,8.3635,0.003084,324.26, 424.5800
105238,8.3666,0.003019,331.28, 424.5801
105239,8.3695,0.002937,340.51, 424.5806
105240,8.3724,0.002913,343.35, 424.5806
105241,8.3754,0.002918,342.68, 424.5800
105242,8.3782,0.002822,354.42, 424.5807
105243,8.3807,0.002592,385.86, 424.5807
105244,8.3835,0.002798,357.37, 424.5806
105245,8.3861,0.002612,382.91, 424.5806
105246,8.3889,0.002702,370.11, 424.5806
105247,8.3915,0.002641,378.63, 424.5806
105248,8.3942,0.002676,373.75, 424.5806
105249,8.3969,0.002706,369.51, 424.5806
105250,8.3995,0.002627,380.66, 424.5806
105251,8.4022,0.002716,368.22, 424.5806
105252,8.4049,0.002641,378.59, 424.5806
105253,8.4076,0.002730,366.26, 424.5800
105254,8.4103,0.002656,376.53, 424.5803
105255,8.4130,0.002689,371.91, 424.5806
105256,8.4155,0.002645,378.03, 424.5806
105257,8.4182,0.002676,373.72, 424.5806
105258,8.4210,0.002739,365.12, 424.5806
105259,8.4236,0.002612,382.91, 424.5806
105260,8.4265,0.002855,350.28, 424.5806
105261,8.4292,0.002681,373.06, 424.5800
105262,8.4319,0.002723,367.19, 424.5806
105263,8.4346,0.002643,378.39, 424.5806
105264,8.4373,0.002697,370.84, 424.5801
105265,8.4399,0.002688,372.09, 424.5806
105266,8.4425,0.002626,380.84, 424.5806
105267,8.4452,0.002698,370.59, 424.5806
105268,8.4479,0.002598,384.99, 424.5806
105269,8.4506,0.002736,365.54, 424.5803
105270,8.4531,0.002631,380.03, 424.5806
105271,8.4559,0.002688,372.07, 424.5806
105272,8.4585,0.002678,373.47, 424.5806
105273,8.4613,0.002735,365.58, 424.5806
105274,8.4640,0.002701,370.25, 424.5806
105275,8.4667,0.002654,376.83, 424.5806
105276,8.4695,0.002843,351.69, 424.5806
105277,8.4723,0.002766,361.51, 424.5806
105278,8.4750,0.002708,369.26, 424.5803
105279,8.4775,0.002600,384.57, 424.5806
105280,8.4802,0.002725,366.95, 424.5806
105281,8.4829,0.002594,385.56, 424.5806
105282,8.4855,0.002615,382.39, 424.5806
105283,8.4882,0.002704,369.84, 424.5800
105284,8.4908,0.002670,374.50, 424.5800
105285,8.4935,0.002656,376.45, 424.5806
105286,8.4961,0.002587,386.58, 424.5806
105287,8.4988,0.002716,368.13, 424.5806
105288,8.5015,0.002657,376.44, 424.5806
105289,8.5043,0.002769,361.10, 424.5800
105290,8.5070,0.002651,377.16, 424.5806
105291,8.5095,0.002640,378.86, 424.5806
105292,8.5122,0.002681,373.06, 424.5806
105293,8.5148,0.002560,390.64, 424.5806
105294,8.5175,0.002727,366.70, 424.5806
105295,8.5201,0.002618,381.97, 424.5806
105296,8.5228,0.002689,371.93, 424.5806
105297,8.5254,0.002605,383.85, 424.5806
105298,8.5281,0.002649,377.44, 424.5806
105299,8.5308,0.002651,377.19, 424.5806
105300,8.5333,0.002580,387.58, 424.5806
105301,8.5360,0.002685,372.50, 424.5806
105302,8.5386,0.002601,384.44, 424.5806
105303,8.5413,0.002681,372.95, 424.5806
105304,8.5438,0.002552,391.93, 424.5806
105305,8.5465,0.002628,380.58, 424.5806
105306,8.5492,0.002704,369.81, 424.5806
105307,8.5518,0.002644,378.24, 424.5806
105308,8.5544,0.002683,372.74, 424.5806
105309,8.5570,0.002547,392.56, 424.5806
105310,8.5597,0.002684,372.52, 424.5806
105311,8.5623,0.002603,384.25, 424.5800
105312,8.5649,0.002684,372.56, 424.5806
105313,8.5676,0.002681,373.02, 424.5806
105314,8.5703,0.002646,377.96, 424.5806
105315,8.5730,0.002667,374.90, 424.5806
105316,8.5756,0.002524,396.24, 424.5806
105317,8.5782,0.002704,369.89, 424.5803
105318,8.5808,0.002648,377.60, 424.5806
105319,8.5836,0.002709,369.18, 424.5806
105320,8.5863,0.002684,372.52, 424.5803
105321,8.5889,0.002635,379.54, 424.5806
105322,8.5916,0.002633,379.87, 424.5806
105323,8.5941,0.002576,388.23, 424.5806
105324,8.5968,0.002738,365.20, 424.5806
105325,8.5995,0.002680,373.13, 424.5806
105326,8.6023,0.002723,367.20, 424.5806
105327,8.6049,0.002625,380.89, 424.5806
105328,8.6075,0.002667,374.94, 424.5806
105329,8.6102,0.002633,379.87, 424.5806
105330,8.6128,0.002675,373.87, 424.5806
105331,8.6156,0.002696,370.95, 424.5806
105332,8.6182,0.002593,385.65, 424.5806
105333,8.6209,0.002699,370.52, 424.5806
105334,8.6234,0.002574,388.47, 424.5806
105335,8.6261,0.002634,379.69, 424.5806
105336,8.6288,0.002689,371.83, 424.5806
105337,8.6313,0.002651,377.26, 424.5806
105338,8.6340,0.002663,375.52, 424.5806
105339,8.6366,0.002604,384.02, 424.5803
105340,8.6394,0.002708,369.32, 424.5806
105341,8.6420,0.002582,387.24, 424.5806
105342,8.6450,0.003045,328.37, 424.5806
105343,8.6477,0.002663,375.49, 424.5806
105344,8.6504,0.002725,366.99, 424.5806
105345,8.6531,0.002648,377.63, 424.5806
105346,8.6556,0.002612,382.80, 424.5806
105347,8.6583,0.002653,377.00, 424.5806
105348,8.6609,0.002652,377.06, 424.5807
105349,8.6636,0.002639,379.00, 424.5807
105350,8.6661,0.002613,382.73, 424.5807
105351,8.6688,0.002652,377.02, 424.5826
105352,8.6715,0.002636,379.35, 424.5807
105353,8.6741,0.002651,377.19, 424.5806
105354,8.6768,0.002586,386.65, 424.5807
105355,8.6793,0.002630,380.17, 424.5807
105356,8.6820,0.002718,367.89, 424.5806
105357,8.6846,0.002533,394.85, 424.5806
105358,8.6873,0.002691,371.64, 424.5806
105359,8.6899,0.002637,379.22, 424.5806
105360,8.6926,0.002695,371.06, 424.5806
105361,8.6953,0.002666,375.15, 424.5806
105362,8.6980,0.002700,370.36, 424.5803
105363,8.7007,0.002676,373.69, 424.5806
105364,8.7032,0.002569,389.32, 424.5806
105365,8.7059,0.002735,365.59, 424.5806
105366,8.7086,0.002662,375.69, 424.5806
105367,8.7113,0.002670,374.48, 424.5806
105368,8.7139,0.002600,384.67, 424.5806
105369,8.7166,0.002650,377.36, 424.5806
105370,8.7192,0.002691,371.64, 424.5806
105371,8.7220,0.002821,354.55, 424.5800
105372,8.7249,0.002846,351.36, 424.5806
105373,8.7275,0.002617,382.10, 424.5806
105374,8.7302,0.002682,372.88, 424.5800
105375,8.7328,0.002553,391.76, 424.5806
105376,8.7355,0.002691,371.65, 424.5806
105377,8.7383,0.002789,358.53, 424.5806
105378,8.7410,0.002674,373.99, 424.5806
105379,8.7435,0.002637,379.20, 424.5806
105380,8.7462,0.002641,378.67, 424.5803
105381,8.7489,0.002710,368.96, 424.5806
105382,8.7515,0.002589,386.32, 424.5806
105383,8.7542,0.002707,369.37, 424.5806
105384,8.7568,0.002615,382.35, 424.5806
105385,8.7595,0.002670,374.59, 424.5806
105386,8.7621,0.002623,381.26, 424.5806
105387,8.7648,0.002632,380.00, 424.5806
105388,8.7675,0.002723,367.23, 424.5806
105389,8.7701,0.002667,374.95, 424.5800
105390,8.7728,0.002685,372.43, 424.5806
105391,8.7754,0.002560,390.61, 424.5806
105392,8.7781,0.002699,370.55, 424.5800
105393,8.7808,0.002641,378.67, 424.5806
105394,8.7833,0.002643,378.37, 424.5806
105395,8.7860,0.002694,371.17, 424.5806
105396,8.7887,0.002644,378.21, 424.5806
105397,8.7914,0.002663,375.50, 424.5806
105398,8.7939,0.002607,383.52, 424.5806
105399,8.7966,0.002704,369.84, 424.5806
105400,8.7994,0.002724,367.09, 424.5800
105401,8.8022,0.002808,356.09, 424.5806
105402,8.8049,0.002689,371.93, 424.5806
105403,8.8075,0.002640,378.86, 424.5806
105404,8.8102,0.002696,370.95, 424.5806
105405,8.8129,0.002613,382.70, 424.5806
105406,8.8156,0.002732,366.06, 424.5806
105407,8.8182,0.002674,374.00, 424.5800
105408,8.8209,0.002721,367.50, 424.5806
105409,8.8236,0.002644,378.27, 424.5806
105410,8.8263,0.002711,368.81, 424.5806
105411,8.8290,0.002635,379.46, 424.5806
105412,8.8315,0.002642,378.52, 424.5803
105413,8.8344,0.002720,367.69, 424.5800
105414,8.8369,0.002580,387.63, 424.5806
105415,8.8396,0.002699,370.58, 424.5806
105416,8.8422,0.002580,387.67, 424.5800
105417,8.8448,0.002657,376.34, 424.5806
105418,8.8475,0.002674,373.99, 424.5806
105419,8.8501,0.002655,376.66, 424.5806
105420,8.8528,0.002670,374.60, 424.5806
105421,8.8555,0.002620,381.71, 424.5806
105422,8.8582,0.002716,368.15, 424.5806
105423,8.8607,0.002554,391.57, 424.5806
105424,8.8636,0.002906,344.07, 424.5803
105425,8.8666,0.002959,337.97, 424.5803
105426,8.8695,0.002945,339.57, 424.5803
105427,8.8723,0.002758,362.56, 424.5800
105428,8.8752,0.002962,337.67, 424.5800
105429,8.8784,0.003117,320.86, 424.5800
105430,8.8816,0.003241,308.52, 424.5807
105431,8.8846,0.003001,333.20, 424.5807
105432,8.8875,0.002808,356.13, 424.5803
105433,8.8900,0.002665,375.31, 424.5807
105434,8.8928,0.002713,368.60, 424.5807
105435,8.8955,0.002737,365.40, 424.5806
105436,8.8983,0.002746,364.22, 424.5800
105437,8.9010,0.002755,363.03, 424.5807
105438,8.9037,0.002640,378.73, 424.5806
105439,8.9064,0.002716,368.23, 424.5807
105440,8.9089,0.002600,384.67, 424.5806
105441,8.9117,0.002733,365.95, 424.5806
105442,8.9143,0.002654,376.82, 424.5806
105443,8.9170,0.002634,379.69, 424.5806
105444,8.9197,0.002713,368.62, 424.5806
105445,8.9224,0.002626,380.75, 424.5806
105446,8.9250,0.002669,374.71, 424.5803
105447,8.9276,0.002581,387.46, 424.5806
105448,8.9304,0.002817,355.05, 424.5806
105449,8.9330,0.002608,383.38, 424.5806
105450,8.9357,0.002656,376.45, 424.5806
105451,8.9384,0.002694,371.21, 424.5806
105452,8.9410,0.002619,381.83, 424.5806
105453,8.9437,0.002688,372.01, 424.5806
105454,8.9463,0.002642,378.47, 424.5806
105455,8.9491,0.002742,364.76, 424.5806
105456,8.9517,0.002593,385.67, 424.5806
105457,8.9543,0.002695,371.02, 424.5806
105458,8.9569,0.002617,382.16, 424.5803
105459,8.9597,0.002708,369.24, 424.5806
105460,8.9623,0.002649,377.46, 424.5806
105461,8.9650,0.002614,382.58, 424.5806
105462,8.9677,0.002780,359.69, 424.5806
105463,8.9703,0.002578,387.97, 424.5807
105464,8.9730,0.002769,361.12, 424.5800
105465,8.9757,0.002639,378.90, 424.5806
105466,8.9784,0.002696,370.89, 424.5806
105467,8.9811,0.002654,376.86, 424.5806
105468,8.9836,0.002621,381.56, 424.5806
105469,8.9865,0.002726,366.89, 424.5803
105470,8.9890,0.002655,376.66, 424.5816
105471,8.9918,0.002730,366.25, 424.5806
105472,8.9944,0.002595,385.33, 424.5803
105473,8.9971,0.002697,370.78, 424.5803
105474,8.9996,0.002607,383.57, 424.5806
105475,9.0023,0.002636,379.31, 424.5806
105476,9.0050,0.002738,365.26, 424.5806
105477,9.0078,0.002719,367.74, 424.5806
105478,9.0105,0.002691,371.64, 424.5806
105479,9.0131,0.002578,387.93, 424.5806
105480,9.0157,0.002720,367.69, 424.5803
105481,9.0184,0.002680,373.13, 424.5806
105482,9.0212,0.002783,359.32, 424.5806
105483,9.0240,0.002779,359.85, 424.5806
105484,9.0269,0.002855,350.28, 424.5806
105485,9.0298,0.002946,339.40, 424.5806
105486,9.0327,0.002857,350.01, 424.5806
105487,9.0354,0.002706,369.55, 424.5983
105488,9.0382,0.002838,352.37, 424.5806
105489,9.0409,0.002696,370.88, 424.5807
105490,9.0435,0.002600,384.59, 424.5806
105491,9.0461,0.002695,371.00, 424.5806
105492,9.0488,0.002574,388.46, 424.5807
105493,9.0515,0.002753,363.25, 424.5825
105494,9.0541,0.002593,385.62, 424.6101
105495,9.0571,0.003007,332.57, 424.5806
105496,9.0598,0.002638,379.03, 424.5807
105497,9.0624,0.002634,379.62, 424.5807
105498,9.0651,0.002714,368.49, 424.5806
105499,9.0676,0.002568,389.44, 424.5825
105500,9.0709,0.003294,303.58, 424.5803
105501,9.0739,0.002872,348.23, 424.5801
105502,9.0768,0.002966,337.17, 424.5800
105503,9.0797,0.002890,346.01, 424.5801
105504,9.0826,0.002949,339.12, 424.5807
105505,9.0852,0.002600,384.67, 424.5806
105506,9.0879,0.002696,370.86, 424.5806
105507,9.0906,0.002639,378.93, 424.5806
105508,9.0933,0.002644,378.23, 424.5806
105509,9.0959,0.002719,367.84, 424.5806
105510,9.0988,0.002806,356.34, 424.5806
105511,9.1016,0.002755,362.94, 424.5806
105512,9.1041,0.002607,383.55, 424.5800
105513,9.1068,0.002699,370.54, 424.5806
105514,9.1095,0.002642,378.54, 424.5806
105515,9.1122,0.002731,366.15, 424.5800
105516,9.1149,0.002675,373.78, 424.5806
105517,9.1176,0.002693,371.28, 424.5806
105518,9.1202,0.002702,370.15, 424.5806
105519,9.1229,0.002615,382.35, 424.5806
105520,9.1256,0.002712,368.69, 424.5803
105521,9.1282,0.002615,382.45, 424.5800
105522,9.1310,0.002728,366.56, 424.5806
105523,9.1335,0.002635,379.51, 424.5806
105524,9.1362,0.002700,370.36, 424.5803
105525,9.1389,0.002701,370.30, 424.5806
105526,9.1416,0.002695,371.13, 424.5806
105527,9.1443,0.002671,374.41, 424.5803
105528,9.1470,0.002670,374.60, 424.5806
105529,9.1498,0.002730,366.33, 424.5806
105530,9.1523,0.002608,383.41, 424.5806
105531,9.1550,0.002703,370.03, 424.5806
105532,9.1577,0.002659,376.12, 424.5806
105533,9.1604,0.002713,368.60, 424.5806
105534,9.1631,0.002720,367.59, 424.5803
105535,9.1658,0.002646,378.00, 424.5803
105536,9.1686,0.002769,361.10, 424.5806
105537,9.1711,0.002634,379.64, 424.5803
105538,9.1738,0.002701,370.21, 424.5806
105539,9.1765,0.002627,380.71, 424.5803
105540,9.1792,0.002744,364.43, 424.5806
105541,9.1819,0.002644,378.16, 424.5806
105542,9.1846,0.002674,374.01, 424.5804
105543,9.1874,0.002834,352.90, 424.5806
105544,9.1901,0.002688,372.04, 424.5804
105545,9.1927,0.002654,376.80, 424.5807
105546,9.1953,0.002570,389.14, 424.5807
105547,9.1981,0.002763,361.94, 424.5807
105548,9.2007,0.002610,383.10, 424.5807
105549,9.2034,0.002649,377.49, 424.5806
105550,9.2059,0.002602,384.36, 424.5806
105551,9.2086,0.002664,375.35, 424.5806
105552,9.2113,0.002684,372.54, 424.5806
105553,9.2139,0.002633,379.77, 424.5806
105554,9.2167,0.002758,362.53, 424.5803
105555,9.2194,0.002632,379.92, 424.5806
105556,9.2220,0.002678,373.41, 424.5816
105557,9.2246,0.002678,373.48, 424.5806
105558,9.2273,0.002676,373.71, 424.5806
105559,9.2300,0.002661,375.80, 424.5806
105560,9.2327,0.002647,377.73, 424.5806
105561,9.2354,0.002742,364.68, 424.5806
105562,9.2380,0.002619,381.80, 424.5803
105563,9.2407,0.002726,366.80, 424.5806
105564,9.2433,0.002599,384.79, 424.5806
105565,9.2461,0.002714,368.46, 424.5806
105566,9.2488,0.002706,369.52, 424.5806
105567,9.2515,0.002678,373.47, 424.5806
105568,9.2542,0.002715,368.39, 424.5806
105569,9.2568,0.002658,376.24, 424.5801
105570,9.2595,0.002716,368.26, 424.5806
105571,9.2621,0.002549,392.36, 424.5806
105572,9.2648,0.002675,373.79, 424.5807
105573,9.2673,0.002558,390.88, 424.5806
105574,9.2700,0.002752,363.35, 424.6039
105575,9.2731,0.003022,330.90, 424.5806
105576,9.2759,0.002806,356.43, 424.5806
105577,9.2786,0.002693,371.39, 424.5807
105578,9.2813,0.002621,381.56, 424.5806
105579,9.2838,0.002658,376.27, 424.5807
105580,9.2867,0.002846,351.33, 424.5806
105581,9.2896,0.002887,346.42, 424.5806
105582,9.2922,0.002605,383.89, 424.5806
105583,9.2949,0.002689,371.93, 424.5806
105584,9.2976,0.002681,373.06, 424.5806
105585,9.3003,0.002696,370.91, 424.5803
105586,9.3031,0.002835,352.80, 424.5806
105587,9.3058,0.002752,363.37, 424.5800
105588,9.3086,0.002751,363.53, 424.5806
105589,9.3112,0.002622,381.33, 424.5800
105590,9.3138,0.002662,375.67, 424.5806
105591,9.3164,0.002565,389.92, 424.5806
105592,9.3193,0.002860,349.66, 424.5806
105593,9.3219,0.002649,377.56, 424.5806
105594,9.3246,0.002668,374.83, 424.5806
105595,9.3273,0.002624,381.07, 424.5806
105596,9.3300,0.002660,376.01, 424.5806
105597,9.3326,0.002708,369.26, 424.5806
105598,9.3352,0.002633,379.78, 424.5803
105599,9.3380,0.002799,357.27, 424.5806
105600,9.3407,0.002618,382.00, 424.5806
105601,9.3434,0.002695,371.03, 424.5806
105602,9.3461,0.002652,377.10, 424.5806
105603,9.3488,0.002692,371.46, 424.5806
105604,9.3514,0.002730,366.34, 424.5806
105605,9.3540,0.002629,380.43, 424.5803
105606,9.3567,0.002674,373.93, 424.5806
105607,9.3594,0.002601,384.45, 424.5806
105608,9.3621,0.002721,367.54, 424.5800
105609,9.3647,0.002631,380.11, 424.5806
105610,9.3674,0.002710,368.95, 424.5800
105611,9.3701,0.002676,373.76, 424.5803
105612,9.3727,0.002659,376.12, 424.5806
105613,9.3754,0.002616,382.23, 424.5806
105614,9.3779,0.002592,385.74, 424.5800
105615,9.3806,0.002723,367.19, 424.5807
105616,9.3833,0.002601,384.44, 424.5806
105617,9.3860,0.002669,374.69, 424.5807
105618,9.3886,0.002612,382.92, 424.5806
105619,9.3911,0.002618,382.03, 424.5806
105620,9.3938,0.002676,373.65, 424.5806
105621,9.3966,0.002718,367.90, 424.5825
105622,9.3994,0.002806,356.37, 424.5806
105623,9.4020,0.002589,386.20, 424.5806
105624,9.4047,0.002711,368.81, 424.5806
105625,9.4072,0.002593,385.67, 424.5806
105626,9.4099,0.002681,372.98, 424.5807
105627,9.4126,0.002684,372.62, 424.5806
105628,9.4153,0.002660,375.90, 424.5806
105629,9.4181,0.002755,363.04, 424.5806
105630,9.4207,0.002644,378.29, 424.5806
105631,9.4233,0.002683,372.66, 424.5806
105632,9.4260,0.002622,381.39, 424.5806
105633,9.4287,0.002733,365.86, 424.5806
105634,9.4313,0.002606,383.77, 424.5806
105635,9.4340,0.002678,373.40, 424.5806
105636,9.4366,0.002686,372.33, 424.5806
105637,9.4393,0.002693,371.28, 424.5806
105638,9.4420,0.002691,371.55, 424.5806
105639,9.4447,0.002610,383.10, 424.5806
105640,9.4474,0.002702,370.08, 424.5804
105641,9.4500,0.002606,383.77, 424.5807
105642,9.4528,0.002715,368.39, 424.5807
105643,9.4553,0.002674,373.99, 424.5806
105644,9.4580,0.002652,377.05, 424.5807
105645,9.4607,0.002609,383.27, 424.5807
105646,9.4631,0.002536,394.34, 424.5806
105647,9.4658,0.002620,381.62, 424.5806
105648,9.4684,0.002568,389.39, 424.5806
105649,9.4711,0.002680,373.13, 424.5806
105650,9.4738,0.002690,371.80, 424.5806
105651,9.4764,0.002713,368.57, 424.5815
105652,9.4791,0.002708,369.32, 424.5806
105653,9.4818,0.002619,381.90, 424.5806
105654,9.4845,0.002690,371.77, 424.5806
105655,9.4871,0.002597,385.07, 424.5806
105656,9.4899,0.002767,361.45, 424.5803
105657,9.4923,0.002542,393.36, 424.5806
105658,9.4950,0.002655,376.62, 424.5800
105659,9.4977,0.002632,379.90, 424.5806
105660,9.5004,0.002686,372.33, 424.5806
105661,9.5031,0.002704,369.81, 424.5800
105662,9.5057,0.002690,371.75, 424.5806
105663,9.5084,0.002721,367.48, 424.5806
105664,9.5111,0.002593,385.64, 424.5806
105665,9.5137,0.002679,373.34, 424.5806
105666,9.5164,0.002587,386.49, 424.5806
105667,9.5190,0.002706,369.51, 424.5803
105668,9.5217,0.002683,372.66, 424.5806
105669,9.5243,0.002591,385.92, 424.5806
105670,9.5270,0.002660,376.00, 424.5806
105671,9.5295,0.002605,383.86, 424.5806
105672,9.5323,0.002739,365.14, 424.5806
105673,9.5349,0.002633,379.82, 424.5806
105674,9.5376,0.002713,368.60, 424.5806
105675,9.5403,0.002614,382.50, 424.5806
105676,9.5428,0.002627,380.62, 424.5806
105677,9.5455,0.002645,378.13, 424.5806
105678,9.5481,0.002599,384.75, 424.5806
105679,9.5509,0.002771,360.88, 424.5806
105680,9.5535,0.002586,386.77, 424.5806
105681,9.5562,0.002657,376.35, 424.5806
105682,9.5587,0.002608,383.39, 424.5806
105683,9.5614,0.002636,379.36, 424.5806
105684,9.5640,0.002607,383.54, 424.5806
105685,9.5667,0.002636,379.32, 424.5803
105686,9.5693,0.002742,364.72, 424.5800
105687,9.5719,0.002547,392.65, 424.5806
105688,9.5746,0.002705,369.73, 424.5806
105689,9.5773,0.002616,382.20, 424.5806
105690,9.5800,0.002691,371.55, 424.5806
105691,9.5826,0.002689,371.93, 424.5806
105692,9.5853,0.002695,371.00, 424.5803
105693,9.5880,0.002718,367.99, 424.5806
105694,9.5907,0.002650,377.37, 424.5806
105695,9.5934,0.002681,372.98, 424.5806
105696,9.5959,0.002577,387.99, 424.5806
105697,9.5988,0.002804,356.60, 424.5806
105698,9.6014,0.002650,377.34, 424.5803
105699,9.6040,0.002659,376.02, 424.5806
105700,9.6067,0.002657,376.35, 424.5806
105701,9.6094,0.002645,378.11, 424.5806
105702,9.6121,0.002697,370.85, 424.5806
105703,9.6149,0.002813,355.54, 424.5806
105704,9.6177,0.002853,350.53, 424.5807
105705,9.6204,0.002615,382.38, 424.5806
105706,9.6230,0.002713,368.58, 424.5806
105707,9.6256,0.002584,386.97, 424.5806
105708,9.6283,0.002681,372.94, 424.5806
105709,9.6310,0.002644,378.29, 424.5806
105710,9.6335,0.002630,380.24, 424.5803
105711,9.6362,0.002687,372.16, 424.5806
105712,9.6389,0.002595,385.42, 424.5808
105713,9.6416,0.002698,370.69, 424.5806
105714,9.6443,0.002755,363.03, 424.5803
105715,9.6472,0.002855,350.24, 424.5806
105716,9.6499,0.002678,373.39, 424.5806
105717,9.6525,0.002635,379.56, 424.5806
105718,9.6552,0.002685,372.45, 424.5806
105719,9.6578,0.002648,377.63, 424.5806
105720,9.6605,0.002727,366.74, 424.5803
105721,9.6632,0.002608,383.48, 424.5806
105722,9.6659,0.002732,366.10, 424.5803
105723,9.6686,0.002641,378.67, 424.5806
105724,9.6711,0.002669,374.67, 424.5806
105725,9.6738,0.002573,388.67, 424.5806
105726,9.6764,0.002608,383.48, 424.5806
105727,9.6791,0.002663,375.46, 424.5806
105728,9.6816,0.002563,390.21, 424.5806
105729,9.6843,0.002700,370.37, 424.5803
105730,9.6869,0.002592,385.82, 424.5806
105731,9.6896,0.002687,372.20, 424.5806
105732,9.6923,0.002663,375.46, 424.5806
105733,9.6948,0.002636,379.31, 424.5806
105734,9.6975,0.002662,375.69, 424.5803
105735,9.7002,0.002594,385.55, 424.5806
105736,9.7030,0.002817,354.98, 424.5806
105737,9.7056,0.002645,378.01, 424.5835
105738,9.7084,0.002804,356.67, 424.5806
105739,9.7111,0.002596,385.22, 424.5806
105740,9.7137,0.002690,371.73, 424.5806
105741,9.7163,0.002594,385.45, 424.5806
105742,9.7189,0.002624,381.16, 424.5806
105743,9.7217,0.002773,360.61, 424.5806
105744,9.7244,0.002644,378.21, 424.5806
105745,9.7271,0.002701,370.19, 424.5806
105746,9.7296,0.002595,385.34, 424.5806
105747,9.7323,0.002687,372.16, 424.5806
105748,9.7350,0.002634,379.72, 424.5806
105749,9.7377,0.002679,373.32, 424.5800
105750,9.7404,0.002689,371.90, 424.5806
105751,9.7429,0.002617,382.07, 424.5806
105752,9.7456,0.002714,368.47, 424.5800
105753,9.7482,0.002558,390.95, 424.5806
105754,9.7509,0.002714,368.45, 424.5806
105755,9.7537,0.002689,371.86, 424.5803
105756,9.7563,0.002763,361.94, 424.5806
105757,9.7590,0.002660,375.97, 424.5806
105758,9.7616,0.002619,381.87, 424.5803
105759,9.7643,0.002640,378.83, 424.5806
105760,9.7668,0.002607,383.63, 424.5803
105761,9.7698,0.002854,350.45, 424.5803
105762,9.7723,0.002610,383.11, 424.5806
105763,9.7750,0.002673,374.15, 424.5806
105764,9.7776,0.002615,382.44, 424.5806
105765,9.7803,0.002660,375.97, 424.5806
105766,9.7830,0.002601,384.47, 424.5806
105767,9.7855,0.002661,375.74, 424.5803
105768,9.7883,0.002753,363.25, 424.5800
105769,9.7909,0.002597,385.09, 424.5806
105770,9.7936,0.002709,369.21, 424.5806
105771,9.7961,0.002562,390.37, 424.5806
105772,9.7990,0.002713,368.66, 424.5806
105773,9.8016,0.002718,367.97, 424.5800
105774,9.8043,0.002653,376.97, 424.5806
105775,9.8069,0.002643,378.32, 424.5806
105776,9.8096,0.002630,380.30, 424.5806
105777,9.8123,0.002686,372.29, 424.5806
105778,9.8148,0.002572,388.74, 424.5806
105779,9.8177,0.002899,344.91, 424.5806
105780,9.8204,0.002725,367.03, 424.5806
105781,9.8231,0.002678,373.43, 424.5807
105782,9.8257,0.002588,386.41, 424.5803
105783,9.8282,0.002615,382.47, 424.5806
105784,9.8309,0.002687,372.13, 424.5806
105785,9.8341,0.003085,324.17, 424.5800
105786,9.8369,0.002868,348.69, 424.5807
105787,9.8396,0.002660,375.88, 424.5807
105788,9.8424,0.002798,357.39, 424.5807
105789,9.8450,0.002591,385.95, 424.5807
105790,9.8477,0.002708,369.30, 424.5806
105791,9.8503,0.002637,379.20, 424.5806
105792,9.8530,0.002722,367.36, 424.5806
105793,9.8557,0.002689,371.87, 424.5806
105794,9.8584,0.002664,375.32, 424.5807
105795,9.8611,0.002691,371.62, 424.5806
105796,9.8641,0.002978,335.77, 424.5806
105797,9.8705,0.006436,155.38, 424.5800
105798,9.8734,0.002908,343.94, 424.5807
105799,9.8763,0.002963,337.55, 424.5803
105800,9.8795,0.003166,315.84, 424.5801
105801,9.8828,0.003251,307.61, 424.5803
105802,9.8859,0.003119,320.61, 424.5807
105803,9.8887,0.002785,359.07, 424.5806
105804,9.8915,0.002713,368.55, 424.5806
105805,9.8940,0.002619,381.78, 424.5803
105806,9.8969,0.002846,351.41, 424.5800
105807,9.8995,0.002655,376.61, 424.5806
105808,9.9023,0.002742,364.66, 424.5803
105809,9.9050,0.002758,362.62, 424.5803
105810,9.9077,0.002728,366.64, 424.5806
105811,9.9105,0.002756,362.79, 424.5806
105812,9.9132,0.002741,364.79, 424.5806
105813,9.9160,0.002714,368.47, 424.5807
105814,9.9186,0.002603,384.25, 424.5806
105815,9.9214,0.002797,357.47, 424.5807
105816,9.9240,0.002565,389.80, 424.5807
105817,9.9268,0.002760,362.28, 424.5806
105818,9.9293,0.002647,377.77, 424.5806
105819,9.9320,0.002692,371.46, 424.5806
105820,9.9348,0.002713,368.61, 424.5806
105821,9.9374,0.002661,375.87, 424.5806
105822,9.9402,0.002708,369.28, 424.5806
105823,9.9427,0.002620,381.72, 424.5806
105824,9.9454,0.002739,365.06, 424.5806
105825,9.9481,0.002665,375.19, 424.5806
105826,9.9509,0.002728,366.53, 424.5803
105827,9.9536,0.002676,373.65, 424.5806
105828,9.9562,0.002667,374.91, 424.5806
105829,9.9590,0.002755,362.99, 424.5806
105830,9.9617,0.002652,377.15, 424.5806
105831,9.9644,0.002751,363.57, 424.5806
105832,9.9670,0.002623,381.20, 424.5806
105833,9.9697,0.002777,360.06, 424.5800
105834,9.9724,0.002634,379.62, 424.5816
105835,9.9751,0.002718,367.97, 424.5806
105836,9.9778,0.002667,374.93, 424.5806
105837,9.9805,0.002712,368.68, 424.5803
105838,9.9832,0.002671,374.46, 424.5806
105839,9.9858,0.002648,377.63, 424.5803
105840,9.9886,0.002788,358.71, 424.5803
105841,9.9913,0.002669,374.70, 424.5806
105842,9.9940,0.002766,361.49, 424.5806
105843,9.9967,0.002629,380.45, 424.5806
105844,9.9994,0.002754,363.13, 424.5806
