TotalFrame,Time,DeltaTime,FPS,RAM
573685,0.0000,0.013891,71.99, 441.0658
573686,0.0000,0.013891,71.99, 441.3013
573687,0.0200,0.020000,50.00, 441.1275
573688,0.0239,0.003818,261.91, 441.0909
573689,0.0273,0.003336,299.79, 441.1175
573690,0.0342,0.006979,143.29, 441.0901
573691,0.0376,0.003176,314.82, 441.0900
573692,0.0405,0.003245,308.17, 441.0906
573693,0.0439,0.003222,310.34, 441.0906
573694,0.0469,0.003137,318.76, 441.0906
573695,0.0503,0.003173,315.17, 441.0900
573696,0.0532,0.003074,325.31, 441.0900
573697,0.0562,0.003105,322.04, 441.0904
573698,0.0596,0.003155,316.92, 441.0871
573699,0.0625,0.003188,313.73, 441.0850
573700,0.0659,0.003043,328.64, 441.0871
573701,0.0688,0.003181,314.34, 441.0847
573702,0.0723,0.003233,309.34, 441.0847
573703,0.0752,0.003186,313.87, 441.0847
573704,0.0786,0.003046,328.35, 441.0850
573705,0.0815,0.003183,314.21, 441.0847
573706,0.0845,0.003090,323.65, 441.0852
573707,0.0879,0.003317,301.49, 441.0852
573708,0.0913,0.003122,320.32, 441.0850
573709,0.0942,0.003181,314.41, 441.0847
573710,0.0977,0.003167,315.79, 441.0852
573711,0.1006,0.003252,307.52, 441.0852
573712,0.1045,0.003529,283.40, 441.0850
573713,0.1074,0.003217,310.83, 441.0850
573714,0.1108,0.003120,320.49, 441.0850
573715,0.1138,0.003145,317.95, 441.0852
573716,0.1172,0.003258,306.91, 441.0847
573717,0.1206,0.003650,273.96, 441.0850
573718,0.1240,0.003436,291.06, 441.0847
573719,0.1274,0.003532,283.09, 441.0847
573720,0.1313,0.003604,277.44, 441.0847
573721,0.1357,0.004357,229.54, 441.0852
573722,0.1392,0.003391,294.88, 441.0847
573723,0.1421,0.003157,316.77, 441.0852
573724,0.1450,0.002996,333.81, 441.0850
573725,0.1484,0.003162,316.31, 441.0850
573726,0.1514,0.003025,330.62, 441.0852
573727,0.1543,0.003008,332.42, 441.0852
573728,0.1572,0.002931,341.18, 441.0852
573729,0.1602,0.003027,330.41, 441.0852
573730,0.1631,0.002984,335.18, 441.0852
573731,0.1660,0.002937,340.52, 441.1030
573732,0.1694,0.003145,318.00, 441.0850
573733,0.1724,0.003037,329.28, 441.0852
573734,0.1753,0.002909,343.78, 441.0852
573735,0.1782,0.003045,328.45, 441.0852
573736,0.1812,0.003021,331.02, 441.0850
573737,0.1846,0.003003,333.00, 441.0847
573738,0.1875,0.002958,338.12, 441.0871
573739,0.1904,0.002994,334.05, 441.0871
573740,0.1934,0.002996,333.76, 441.0852
573741,0.1963,0.002994,334.00, 441.0852
573742,0.1992,0.002985,334.96, 441.0852
573743,0.2021,0.003063,326.51, 441.0850
573744,0.2051,0.002950,339.02, 441.0852
573745,0.2085,0.002971,336.58, 441.0852
573746,0.2114,0.002973,336.34, 441.0847
573747,0.2144,0.002931,341.18, 441.0985
573748,0.2173,0.003006,332.68, 441.0852
573749,0.2202,0.002910,343.67, 441.0852
573750,0.2231,0.002955,338.41, 441.0852
573751,0.2261,0.002963,337.48, 441.0852
573752,0.2290,0.002998,333.58, 441.0852
573753,0.2319,0.002956,338.30, 441.0852
573754,0.2349,0.003012,332.04, 441.0852
573755,0.2378,0.002968,336.93, 441.0852
573756,0.2407,0.002991,334.31, 441.0852
573757,0.2441,0.002996,333.76, 441.0852
573758,0.2471,0.003017,331.43, 441.0850
573759,0.2500,0.002951,338.83, 441.0852
573760,0.2529,0.003033,329.70, 441.0852
573761,0.2559,0.002924,342.06, 441.0852
573762,0.2588,0.002983,335.19, 441.0850
573763,0.2617,0.002928,341.55, 441.0852
573764,0.2646,0.002986,334.86, 441.0847
573765,0.2681,0.003145,318.01, 441.0852
573766,0.2710,0.003040,329.00, 441.0852
573767,0.2739,0.002951,338.85, 441.0852
573768,0.2769,0.003039,329.04, 441.0850
573769,0.2798,0.002912,343.39, 441.0852
573770,0.2827,0.003038,329.15, 441.0847
573771,0.2856,0.002912,343.37, 441.0852
573772,0.2886,0.003018,331.38, 441.0847
573773,0.2915,0.002901,344.66, 441.0852
573774,0.2949,0.002989,334.54, 441.0852
573775,0.2974,0.002897,345.17, 441.0852
573776,0.3008,0.003040,328.90, 441.0852
573777,0.3037,0.002909,343.71, 441.0852
573778,0.3066,0.002956,338.33, 441.0850
573779,0.3096,0.002995,333.87, 441.0852
573780,0.3125,0.003016,331.57, 441.0847
573781,0.3154,0.002959,337.93, 441.0852
573782,0.3184,0.003052,327.71, 441.0852
573783,0.3213,0.002952,338.72, 441.0852
573784,0.3247,0.003001,333.26, 441.0847
573785,0.3276,0.002943,339.78, 441.0852
573786,0.3306,0.003089,323.76, 441.0850
573787,0.3335,0.003043,328.63, 441.0852
573788,0.3364,0.002977,335.97, 441.0852
573789,0.3394,0.002967,337.05, 441.0871
573790,0.3423,0.003040,328.98, 441.0850
573791,0.3457,0.002947,339.31, 441.0852
573792,0.3486,0.002993,334.12, 441.0850
573793,0.3516,0.002993,334.17, 441.0852
573794,0.3545,0.002963,337.52, 441.0852
573795,0.3574,0.003020,331.08, 441.0852
573796,0.3604,0.003074,325.34, 441.0852
573797,0.3633,0.002949,339.10, 441.0852
573798,0.3667,0.003005,332.82, 441.0852
573799,0.3696,0.003048,328.14, 441.0852
573800,0.3726,0.003000,333.36, 441.0850
573801,0.3755,0.002972,336.44, 441.0852
573802,0.3784,0.002954,338.49, 441.0847
573803,0.3813,0.003022,330.88, 441.0850
573804,0.3843,0.002978,335.78, 441.0852
573805,0.3872,0.002952,338.73, 441.0871
573806,0.3901,0.002937,340.52, 441.0871
573807,0.3936,0.002978,335.78, 441.0852
573808,0.3960,0.002896,345.28, 441.0852
573809,0.3994,0.002982,335.31, 441.0852
573810,0.4023,0.002924,342.02, 441.0850
573811,0.4053,0.003049,327.94, 441.0852
573812,0.4082,0.002952,338.80, 441.0850
573813,0.4111,0.003003,333.04, 441.0852
573814,0.4141,0.002922,342.27, 441.0852
573815,0.4170,0.003024,330.71, 441.0847
573816,0.4199,0.003043,328.59, 441.0847
573817,0.4233,0.002995,333.95, 441.0847
573818,0.4258,0.002917,342.84, 441.0850
573819,0.4292,0.003015,331.68, 441.0847
573820,0.4321,0.002919,342.61, 441.0852
573821,0.4351,0.003045,328.42, 441.0847
573822,0.4380,0.002931,341.13, 441.0852
573823,0.4409,0.003001,333.22, 441.0852
573824,0.4438,0.002866,348.87, 441.0852
573825,0.4468,0.002991,334.39, 441.0852
573826,0.4497,0.003022,330.94, 441.0852
573827,0.4531,0.003095,323.12, 441.0852
573828,0.4556,0.002907,343.95, 441.0852
573829,0.4590,0.003022,330.96, 441.0852
573830,0.4614,0.002820,354.61, 441.1005
573831,0.4648,0.003266,306.23, 441.0852
573832,0.4678,0.002953,338.66, 441.0852
573833,0.4707,0.003067,326.09, 441.0852
573834,0.4736,0.002903,344.53, 441.0852
573835,0.4771,0.002988,334.67, 441.0852
573836,0.4800,0.002912,343.38, 441.0852
573837,0.4829,0.003108,321.71, 441.0852
573838,0.4858,0.002940,340.11, 441.0850
573839,0.4888,0.003013,331.85, 441.0852
573840,0.4917,0.002884,346.69, 441.0852
573841,0.4946,0.003004,332.92, 441.0852
573842,0.4976,0.002920,342.47, 441.0852
573843,0.5005,0.003009,332.34, 441.0852
573844,0.5034,0.002989,334.59, 441.0852
573845,0.5063,0.002973,336.32, 441.0852
573846,0.5098,0.002949,339.13, 441.0847
573847,0.5127,0.003044,328.56, 441.0850
573848,0.5156,0.003146,317.86, 441.0852
573849,0.5190,0.003109,321.63, 441.0852
573850,0.5220,0.002980,335.54, 441.0847
573851,0.5249,0.003003,333.03, 441.0852
573852,0.5278,0.002935,340.73, 441.0852
573853,0.5308,0.002961,337.71, 441.0852
573854,0.5337,0.002930,341.29, 441.0852
573855,0.5366,0.002930,341.30, 441.0852
573856,0.5396,0.002991,334.29, 441.0852
573857,0.5425,0.002963,337.50, 441.0850
573858,0.5459,0.003239,308.74, 441.0847
573859,0.5488,0.003256,307.10, 441.0850
573860,0.5522,0.003001,333.26, 441.0852
573861,0.5552,0.002997,333.70, 441.0852
573862,0.5581,0.002931,341.17, 441.0847
573863,0.5610,0.002994,334.01, 441.0852
573864,0.5640,0.002948,339.25, 441.0847
573865,0.5669,0.002930,341.34, 441.0847
573866,0.5698,0.003006,332.68, 441.0847
573867,0.5728,0.002967,337.07, 441.0852
573868,0.5757,0.002948,339.25, 441.0852
573869,0.5786,0.003004,332.93, 441.0852
573870,0.5815,0.002951,338.83, 441.0850
573871,0.5845,0.002948,339.27, 441.0852
573872,0.5874,0.002984,335.14, 441.0850
573873,0.5908,0.002982,335.37, 441.0850
573874,0.5938,0.002976,336.07, 441.0852
573875,0.5967,0.002925,341.93, 441.0852
573876,0.5996,0.003002,333.07, 441.0852
573877,0.6025,0.002898,345.05, 441.0852
573878,0.6055,0.002981,335.44, 441.0847
573879,0.6084,0.002940,340.10, 441.0850
573880,0.6113,0.002949,339.08, 441.0852
573881,0.6143,0.002918,342.76, 441.0852
573882,0.6172,0.003000,333.33, 441.0852
573883,0.6201,0.003000,333.34, 441.0847
573884,0.6230,0.003054,327.48, 441.0852
573885,0.6260,0.002908,343.93, 441.0847
573886,0.6294,0.003001,333.20, 441.0852
573887,0.6318,0.002906,344.12, 441.0852
573888,0.6353,0.002987,334.83, 441.0850
573889,0.6382,0.002948,339.19, 441.0850
573890,0.6411,0.003009,332.35, 441.0852
573891,0.6440,0.002920,342.45, 441.0852
573892,0.6470,0.002951,338.85, 441.0850
573893,0.6499,0.002897,345.14, 441.0852
573894,0.6528,0.002954,338.58, 441.0852
573895,0.6558,0.003036,329.38, 441.0852
573896,0.6587,0.003031,329.94, 441.0847
573897,0.6616,0.003047,328.15, 441.0852
573898,0.6650,0.002986,334.93, 441.0847
573899,0.6680,0.002932,341.05, 441.0852
573900,0.6709,0.003029,330.11, 441.0852
573901,0.6738,0.002995,333.92, 441.0852
573902,0.6768,0.002966,337.17, 441.0847
573903,0.6797,0.002977,335.91, 441.0852
573904,0.6826,0.002987,334.77, 441.0852
573905,0.6855,0.002957,338.21, 441.0852
573906,0.6885,0.003001,333.24, 441.0850
573907,0.6914,0.002955,338.42, 441.0852
573908,0.6943,0.002946,339.41, 441.0850
573909,0.6978,0.002940,340.09, 441.0852
573910,0.7007,0.002958,338.03, 441.0850
573911,0.7036,0.003034,329.65, 441.0852
573912,0.7065,0.002895,345.45, 441.0871
573913,0.7095,0.002951,338.90, 441.0852
573914,0.7124,0.002918,342.70, 441.0852
573915,0.7153,0.002998,333.53, 441.0852
573916,0.7183,0.002957,338.19, 441.0850
573917,0.7212,0.003024,330.73, 441.0852
573918,0.7241,0.002932,341.12, 441.0852
573919,0.7271,0.002963,337.50, 441.0847
573920,0.7300,0.002927,341.69, 441.0850
573921,0.7329,0.003023,330.81, 441.0852
573922,0.7358,0.002916,342.97, 441.0850
573923,0.7393,0.003034,329.65, 441.0852
573924,0.7422,0.002942,339.86, 441.0847
573925,0.7451,0.003023,330.79, 441.0852
573926,0.7480,0.002911,343.56, 441.0850
573927,0.7510,0.003051,327.72, 441.0852
573928,0.7539,0.002906,344.07, 441.0847
573929,0.7568,0.002981,335.49, 441.0852
573930,0.7598,0.002897,345.17, 441.0852
573931,0.7627,0.003152,317.28, 441.0850
573932,0.7661,0.003040,328.94, 441.0850
573933,0.7690,0.003131,319.35, 441.0852
573934,0.7720,0.002993,334.16, 441.0852
573935,0.7749,0.003017,331.48, 441.0852
573936,0.7778,0.002875,347.89, 441.0852
573937,0.7808,0.003016,331.54, 441.0852
573938,0.7837,0.002871,348.36, 441.0852
573939,0.7866,0.003013,331.90, 441.0852
573940,0.7900,0.002969,336.86, 441.0852
573941,0.7930,0.003028,330.25, 441.0852
573942,0.7959,0.003106,321.96, 441.0847
573943,0.7993,0.003239,308.73, 441.0852
573944,0.8022,0.003275,305.32, 441.0847
573945,0.8062,0.003489,286.61, 441.0948
573946,0.8096,0.003469,288.28, 441.0847
573947,0.8130,0.003349,298.64, 441.0850
573948,0.8159,0.003136,318.85, 441.0847
573949,0.8193,0.003315,301.70, 441.0850
573950,0.8223,0.003116,320.97, 441.0852
573951,0.8252,0.003023,330.82, 441.0852
573952,0.8286,0.002998,333.60, 441.0850
573953,0.8315,0.003089,323.76, 441.0852
573954,0.8350,0.003288,304.11, 441.0850
573955,0.8379,0.003005,332.83, 441.0850
573956,0.8408,0.003105,322.03, 441.0850
573957,0.8438,0.003027,330.39, 441.0847
573958,0.8467,0.002979,335.71, 441.0852
573959,0.8496,0.002973,336.41, 441.0850
573960,0.8530,0.002983,335.22, 441.0850
573961,0.8560,0.002972,336.51, 441.0852
573962,0.8589,0.003154,317.02, 441.0847
573963,0.8623,0.003118,320.68, 441.0852
573964,0.8652,0.003012,332.02, 441.0850
573965,0.8682,0.003007,332.54, 441.0852
573966,0.8711,0.003025,330.57, 441.0850
573967,0.8740,0.002974,336.29, 441.0852
573968,0.8770,0.002983,335.29, 441.0850
573969,0.8804,0.003068,325.92, 441.0852
573970,0.8833,0.003012,331.98, 441.0850
573971,0.8862,0.002979,335.73, 441.0852
573972,0.8892,0.003028,330.27, 441.0850
573973,0.8921,0.002980,335.57, 441.0852
573974,0.8950,0.002949,339.11, 441.0847
573975,0.8979,0.002943,339.74, 441.0852
573976,0.9009,0.002989,334.52, 441.0852
573977,0.9043,0.003148,317.62, 441.0847
573978,0.9072,0.003225,310.06, 441.0850
573979,0.9106,0.003174,315.05, 441.0847
573980,0.9141,0.003330,300.32, 441.0847
573981,0.9170,0.002982,335.31, 441.0852
573982,0.9199,0.003090,323.67, 441.0847
573983,0.9229,0.003104,322.20, 441.0852
573984,0.9263,0.002984,335.11, 441.0850
573985,0.9292,0.002980,335.59, 441.0852
573986,0.9321,0.003029,330.13, 441.0847
573987,0.9351,0.002965,337.29, 441.0852
573988,0.9380,0.002981,335.45, 441.0850
573989,0.9409,0.002936,340.60, 441.0852
573990,0.9438,0.002962,337.61, 441.0850
573991,0.9468,0.002944,339.73, 441.0852
573992,0.9502,0.003182,314.32, 441.0852
573993,0.9531,0.003034,329.61, 441.0852
573994,0.9561,0.003011,332.10, 441.0847
573995,0.9590,0.002981,335.49, 441.0852
573996,0.9619,0.002964,337.37, 441.0852
573997,0.9648,0.002976,335.99, 441.0852
573998,0.9678,0.003001,333.20, 441.0852
573999,0.9712,0.002999,333.44, 441.0852
574000,0.9741,0.002954,338.52, 441.0852
574001,0.9771,0.002959,337.95, 441.0852
574002,0.9800,0.003030,330.04, 441.0847
574003,0.9829,0.002970,336.75, 441.0852
574004,0.9858,0.002917,342.78, 441.0850
574005,0.9888,0.003028,330.27, 441.0852
574006,0.9917,0.002968,336.96, 441.0847
574007,0.9946,0.002984,335.15, 441.0852
574008,0.9976,0.002956,338.31, 441.0850
574009,1.0010,0.003024,330.72, 441.0852
574010,1.0039,0.002951,338.89, 441.0852
574011,1.0068,0.002966,337.12, 441.0852
574012,1.0098,0.002953,338.68, 441.0852
574013,1.0127,0.003045,328.45, 441.0852
574014,1.0156,0.002951,338.89, 441.0850
574015,1.0186,0.003072,325.57, 441.0852
574016,1.0215,0.002917,342.85, 441.0996
574017,1.0244,0.003007,332.57, 441.0852
574018,1.0273,0.002925,341.92, 441.0850
574019,1.0308,0.003016,331.62, 441.0852
574020,1.0337,0.002909,343.78, 441.0852
574021,1.0366,0.003005,332.75, 441.0852
574022,1.0396,0.002914,343.15, 441.0847
574023,1.0425,0.002993,334.12, 441.0847
574024,1.0454,0.002867,348.76, 441.0852
574025,1.0483,0.003041,328.84, 441.0852
574026,1.0513,0.002890,346.01, 441.0871
574027,1.0542,0.003022,330.95, 441.0852
574028,1.0571,0.002924,342.04, 441.0852
574029,1.0601,0.003049,327.95, 441.0852
574030,1.0630,0.002942,339.94, 441.0852
574031,1.0659,0.003014,331.80, 441.0852
574032,1.0693,0.003025,330.53, 441.0852
574033,1.0723,0.003050,327.90, 441.0852
574034,1.0752,0.003053,327.51, 441.0871
574035,1.0781,0.003055,327.32, 441.0852
574036,1.0811,0.002919,342.59, 441.0850
574037,1.0845,0.002996,333.73, 441.0852
574038,1.0874,0.002920,342.45, 441.0852
574039,1.0903,0.003045,328.37, 441.0852
574040,1.0933,0.002999,333.49, 441.0852
574041,1.0962,0.003026,330.48, 441.0852
574042,1.0991,0.002973,336.38, 441.0852
574043,1.1021,0.002997,333.62, 441.0852
574044,1.1050,0.002937,340.54, 441.0852
574045,1.1079,0.002989,334.60, 441.0847
574046,1.1113,0.002965,337.25, 441.0852
574047,1.1143,0.003022,330.90, 441.0847
574048,1.1172,0.002928,341.59, 441.0852
574049,1.1206,0.003332,300.10, 441.0847
574050,1.1235,0.003293,303.68, 441.0965
574051,1.1270,0.003253,307.39, 441.0852
574052,1.1299,0.003051,327.75, 441.0847
574053,1.1333,0.003336,299.81, 441.0847
574054,1.1367,0.003581,279.23, 441.0847
574055,1.1406,0.003496,286.01, 441.0852
574056,1.1436,0.003223,310.30, 441.0847
574057,1.1470,0.003188,313.69, 441.0852
574058,1.1499,0.003095,323.15, 441.0847
574059,1.1528,0.003118,320.77, 441.0852
574060,1.1563,0.003090,323.65, 441.0847
574061,1.1592,0.003046,328.26, 441.0852
574062,1.1621,0.002925,341.93, 441.0852
574063,1.1650,0.002942,339.86, 441.0852
574064,1.1680,0.002964,337.40, 441.0847
574065,1.1709,0.003029,330.20, 441.0852
574066,1.1738,0.002952,338.74, 441.0850
574067,1.1768,0.002946,339.47, 441.0852
574068,1.1797,0.002928,341.54, 441.0850
574069,1.1826,0.002987,334.84, 441.0852
574070,1.1855,0.002959,338.01, 441.0850
574071,1.1890,0.003011,332.12, 441.0852
574072,1.1919,0.002909,343.78, 441.0852
574073,1.1948,0.002995,333.87, 441.0852
574074,1.1978,0.002957,338.23, 441.0847
574075,1.2007,0.003034,329.58, 441.0850
574076,1.2036,0.002909,343.75, 441.0847
574077,1.2065,0.002960,337.83, 441.0852
574078,1.2095,0.002890,345.97, 441.0852
574079,1.2124,0.003000,333.38, 441.0847
574080,1.2153,0.002916,342.96, 441.0852
574081,1.2183,0.003025,330.62, 441.0852
574082,1.2212,0.003032,329.80, 441.0852
574083,1.2246,0.003015,331.69, 441.0847
574084,1.2275,0.002912,343.39, 441.0852
574085,1.2305,0.003054,327.42, 441.0847
574086,1.2334,0.002916,342.98, 441.0850
574087,1.2363,0.003044,328.48, 441.0852
574088,1.2393,0.002932,341.04, 441.0852
574089,1.2422,0.002950,338.95, 441.0852
574090,1.2451,0.002995,333.92, 441.0850
574091,1.2480,0.003024,330.68, 441.0850
574092,1.2510,0.002932,341.12, 441.0852
574093,1.2544,0.003006,332.68, 441.0847
574094,1.2573,0.002972,336.51, 441.0852
574095,1.2603,0.003027,330.35, 441.0852
574096,1.2632,0.002936,340.63, 441.0852
574097,1.2661,0.002938,340.38, 441.0881
574098,1.2690,0.002982,335.40, 441.0852
574099,1.2720,0.002967,337.07, 441.0852
574100,1.2749,0.002980,335.60, 441.0852
574101,1.2778,0.002962,337.60, 441.0852
574102,1.2808,0.002981,335.42, 441.0850
574103,1.2837,0.002954,338.50, 441.0852
574104,1.2871,0.002998,333.60, 441.0850
574105,1.2900,0.002988,334.63, 441.0850
574106,1.2930,0.002977,335.97, 441.0852
574107,1.2959,0.002920,342.45, 441.0852
574108,1.2988,0.002980,335.54, 441.0847
574109,1.3018,0.002913,343.28, 441.0852
574110,1.3047,0.003017,331.46, 441.0847
574111,1.3076,0.002973,336.32, 441.0852
574112,1.3105,0.002988,334.64, 441.0852
574113,1.3135,0.002947,339.34, 441.0852
574114,1.3164,0.002989,334.58, 441.0852
574115,1.3193,0.002987,334.78, 441.0847
574116,1.3228,0.003030,330.08, 441.0847
574117,1.3257,0.002994,334.06, 441.0850
574118,1.3286,0.003042,328.72, 441.0847
574119,1.3315,0.002960,337.82, 441.0852
574120,1.3345,0.003021,331.03, 441.0847
574121,1.3374,0.002983,335.22, 441.0852
574122,1.3408,0.003111,321.40, 441.0847
574123,1.3438,0.002912,343.43, 441.0850
574124,1.3467,0.002985,334.97, 441.0850
574125,1.3496,0.002938,340.36, 441.0852
574126,1.3525,0.003027,330.35, 441.0847
574127,1.3555,0.002999,333.44, 441.0852
574128,1.3584,0.003041,328.81, 441.0847
574129,1.3613,0.002907,344.04, 441.0852
574130,1.3647,0.003000,333.37, 441.0852
574131,1.3672,0.002900,344.85, 441.0852
574132,1.3706,0.003080,324.69, 441.0847
574133,1.3735,0.002955,338.44, 441.0852
574134,1.3765,0.003007,332.59, 441.0847
574135,1.3794,0.002991,334.29, 441.0852
574136,1.3823,0.002975,336.18, 441.0852
574137,1.3853,0.002887,346.34, 441.0852
574138,1.3882,0.003051,327.82, 441.0847
574139,1.3911,0.002904,344.39, 441.0852
574140,1.3940,0.003010,332.19, 441.0852
574141,1.3970,0.002916,342.95, 441.0852
574142,1.4004,0.003041,328.83, 441.0852
574143,1.4033,0.002979,335.72, 441.0852
574144,1.4063,0.003045,328.43, 441.0852
574145,1.4092,0.002949,339.11, 441.0852
574146,1.4121,0.002996,333.76, 441.0852
574147,1.4150,0.002897,345.21, 441.0852
574148,1.4185,0.003168,315.63, 441.0852
574149,1.4214,0.002985,335.04, 441.0847
574150,1.4243,0.002989,334.59, 441.0852
574151,1.4272,0.002939,340.29, 441.0852
574152,1.4302,0.002953,338.62, 441.0852
574153,1.4331,0.002928,341.51, 441.0847
574154,1.4360,0.002948,339.27, 441.0852
574155,1.4390,0.003029,330.15, 441.0852
574156,1.4419,0.002936,340.62, 441.0852
574157,1.4448,0.002915,343.04, 441.0852
574158,1.4478,0.002937,340.50, 441.0852
574159,1.4507,0.002981,335.48, 441.0852
574160,1.4536,0.002923,342.11, 441.0852
574161,1.4565,0.002973,336.36, 441.0852
574162,1.4595,0.002925,341.92, 441.0852
574163,1.4624,0.002947,339.37, 441.0852
574164,1.4653,0.002891,345.87, 441.0852
574165,1.4683,0.003022,330.93, 441.0852
574166,1.4717,0.002948,339.25, 441.0852
574167,1.4746,0.002974,336.28, 441.0852
574168,1.4775,0.002913,343.30, 441.0850
574169,1.4805,0.002990,334.40, 441.0852
574170,1.4834,0.002945,339.54, 441.0850
574171,1.4863,0.003011,332.17, 441.0847
574172,1.4893,0.002972,336.46, 441.0852
574173,1.4922,0.002963,337.52, 441.0852
574174,1.4951,0.002928,341.58, 441.0852
574175,1.4980,0.003153,317.20, 441.0852
574176,1.5010,0.002911,343.58, 441.0852
574177,1.5044,0.003009,332.37, 441.0852
574178,1.5073,0.002923,342.15, 441.0850
574179,1.5103,0.003002,333.09, 441.0852
574180,1.5132,0.002995,333.95, 441.0852
574181,1.5161,0.003012,331.99, 441.0850
574182,1.5190,0.002890,346.03, 441.0852
574183,1.5220,0.003013,331.86, 441.0852
574184,1.5249,0.002879,347.38, 441.0847
574185,1.5278,0.003058,327.00, 441.0852
574186,1.5313,0.003047,328.21, 441.0852
574187,1.5342,0.003050,327.85, 441.0852
574188,1.5371,0.002911,343.56, 441.0852
574189,1.5400,0.002996,333.82, 441.0852
574190,1.5430,0.002956,338.27, 441.0852
574191,1.5459,0.003003,333.06, 441.0852
574192,1.5488,0.002903,344.46, 441.0852
574193,1.5518,0.002951,338.90, 441.0852
574194,1.5547,0.002942,339.90, 441.0847
574195,1.5576,0.003044,328.50, 441.0852
574196,1.5610,0.003264,306.35, 441.0847
574197,1.5645,0.003235,309.10, 441.0850
574198,1.5674,0.002967,337.00, 441.0850
574199,1.5703,0.003023,330.84, 441.0852
574200,1.5732,0.002947,339.34, 441.0852
574201,1.5762,0.002950,338.94, 441.0852
574202,1.5791,0.002935,340.68, 441.0926
574203,1.5820,0.002976,336.06, 441.0850
574204,1.5850,0.002912,343.44, 441.0852
574205,1.5879,0.002971,336.55, 441.0850
574206,1.5908,0.003046,328.33, 441.0852
574207,1.5938,0.002983,335.29, 441.0852
574208,1.5972,0.002980,335.55, 441.0847
574209,1.6001,0.003008,332.50, 441.0852
574210,1.6030,0.002997,333.72, 441.0847
574211,1.6060,0.002960,337.85, 441.0852
574212,1.6089,0.002987,334.82, 441.0847
574213,1.6118,0.002944,339.64, 441.0850
574214,1.6147,0.002945,339.62, 441.0852
574215,1.6177,0.002961,337.77, 441.0850
574216,1.6206,0.002974,336.29, 441.0852
574217,1.6235,0.002927,341.68, 441.0852
574218,1.6265,0.002973,336.36, 441.0852
574219,1.6294,0.002926,341.72, 441.0852
574220,1.6323,0.002943,339.78, 441.0852
574221,1.6353,0.002918,342.71, 441.0852
574222,1.6387,0.003030,330.00, 441.0852
574223,1.6416,0.002950,339.03, 441.0852
574224,1.6445,0.002937,340.53, 441.0852
574225,1.6475,0.002896,345.36, 441.0852
574226,1.6504,0.003013,331.95, 441.0852
574227,1.6533,0.003081,324.54, 441.0847
574228,1.6567,0.003316,301.57, 441.0852
574229,1.6597,0.003003,333.04, 441.0847
574230,1.6626,0.003014,331.75, 441.0847
574231,1.6655,0.002928,341.48, 441.0852
574232,1.6685,0.003040,328.98, 441.0852
574233,1.6714,0.002984,335.15, 441.0850
574234,1.6748,0.002992,334.26, 441.0850
574235,1.6772,0.002873,348.03, 441.0847
574236,1.6807,0.003031,329.95, 441.0850
574237,1.6836,0.002912,343.38, 441.0852
574238,1.6865,0.003114,321.11, 441.0850
574239,1.6895,0.002955,338.42, 441.0852
574240,1.6924,0.003045,328.44, 441.0852
574241,1.6953,0.002867,348.76, 441.0852
574242,1.6982,0.003009,332.35, 441.0852
574243,1.7012,0.002913,343.35, 441.0852
574244,1.7041,0.003009,332.39, 441.0850
574245,1.7070,0.002929,341.40, 441.0852
574246,1.7104,0.003019,331.28, 441.0852
574247,1.7134,0.002912,343.44, 441.0852
574248,1.7163,0.003091,323.54, 441.0847
574249,1.7192,0.003161,316.37, 441.0852
574250,1.7227,0.003077,325.00, 441.0847
574251,1.7256,0.003026,330.47, 441.0852
574252,1.7285,0.002998,333.58, 441.0850
574253,1.7314,0.002948,339.18, 441.0850
574254,1.7344,0.002996,333.82, 441.0852
574255,1.7373,0.002948,339.17, 441.0852
574256,1.7402,0.003000,333.38, 441.0852
574257,1.7437,0.002976,336.07, 441.0852
574258,1.7466,0.002977,335.95, 441.0850
574259,1.7495,0.002934,340.84, 441.0852
574260,1.7524,0.002985,335.01, 441.0850
574261,1.7554,0.003043,328.58, 441.0852
574262,1.7583,0.002966,337.13, 441.0847
574263,1.7612,0.002940,340.18, 441.0852
574264,1.7642,0.002981,335.50, 441.0850
574265,1.7671,0.002982,335.36, 441.0852
574266,1.7700,0.003022,330.88, 441.0847
574267,1.7734,0.003028,330.26, 441.0852
574268,1.7764,0.002941,340.06, 441.0852
574269,1.7793,0.002991,334.35, 441.0850
574270,1.7822,0.003043,328.68, 441.0850
574271,1.7852,0.003063,326.50, 441.0852
574272,1.7881,0.002956,338.26, 441.0847
574273,1.7910,0.002947,339.35, 441.0852
574274,1.7944,0.002980,335.58, 441.0852
574275,1.7974,0.003035,329.45, 441.0852
574276,1.8003,0.002966,337.13, 441.0850
574277,1.8032,0.002980,335.59, 441.0852
574278,1.8062,0.002920,342.44, 441.0850
574279,1.8091,0.003087,323.95, 441.0850
574280,1.8125,0.003118,320.68, 441.0847
574281,1.8154,0.003002,333.07, 441.0852
574282,1.8184,0.002975,336.18, 441.0852
574283,1.8213,0.003081,324.60, 441.0852
574284,1.8242,0.002994,334.01, 441.0850
574285,1.8271,0.003011,332.09, 441.0850
574286,1.8306,0.002994,334.01, 441.0852
574287,1.8335,0.002976,336.04, 441.0852
574288,1.8364,0.002964,337.36, 441.0871
574289,1.8394,0.003030,330.03, 441.0852
574290,1.8423,0.002939,340.31, 441.0852
574291,1.8452,0.002991,334.33, 441.0871
574292,1.8481,0.002936,340.63, 441.0850
574293,1.8511,0.003025,330.59, 441.0852
574294,1.8540,0.002918,342.70, 441.0965
574295,1.8574,0.003070,325.79, 441.0847
574296,1.8604,0.003014,331.83, 441.0847
574297,1.8633,0.003001,333.22, 441.0852
574298,1.8662,0.002907,343.95, 441.0852
574299,1.8691,0.003023,330.85, 441.0852
574300,1.8721,0.003021,331.07, 441.0852
574301,1.8755,0.003175,314.98, 441.0852
574302,1.8784,0.002903,344.47, 441.1145
574303,1.8813,0.003090,323.64, 441.0852
574304,1.8843,0.002898,345.11, 441.0850
574305,1.8872,0.003031,329.94, 441.0852
574306,1.8901,0.002938,340.39, 441.0850
574307,1.8931,0.003004,332.90, 441.0852
574308,1.8960,0.002900,344.89, 441.0850
574309,1.8989,0.003038,329.13, 441.0850
574310,1.9023,0.003026,330.48, 441.0847
574311,1.9053,0.003116,320.97, 441.0852
574312,1.9082,0.003044,328.54, 441.0850
574313,1.9111,0.003016,331.59, 441.0852
574314,1.9141,0.002913,343.35, 441.0852
574315,1.9175,0.003020,331.08, 441.0847
574316,1.9204,0.003024,330.66, 441.0852
574317,1.9233,0.002997,333.67, 441.0871
574318,1.9263,0.002986,334.94, 441.0853
574319,1.9297,0.003280,304.86, 441.0852
574320,1.9326,0.002916,342.94, 441.0852
574321,1.9355,0.003023,330.84, 441.0850
574322,1.9385,0.002915,343.05, 441.0852
574323,1.9414,0.002972,336.52, 441.0852
574324,1.9443,0.002937,340.52, 441.0850
574325,1.9473,0.003009,332.35, 441.0852
574326,1.9502,0.003056,327.28, 441.0852
574327,1.9536,0.003125,320.00, 441.0852
574328,1.9565,0.002994,334.03, 441.0852
574329,1.9595,0.002982,335.35, 441.0852
574330,1.9624,0.002945,339.57, 441.0852
574331,1.9653,0.002979,335.69, 441.0852
574332,1.9683,0.002905,344.20, 441.0852
574333,1.9712,0.002975,336.12, 441.0852
574334,1.9741,0.002975,336.13, 441.0852
574335,1.9771,0.002953,338.65, 441.0852
574336,1.9800,0.002936,340.56, 441.0852
574337,1.9829,0.002978,335.78, 441.0852
574338,1.9863,0.003024,330.66, 441.0852
574339,1.9893,0.003020,331.09, 441.0852
574340,1.9922,0.002918,342.68, 441.0852
574341,1.9951,0.002963,337.52, 441.0847
574342,1.9980,0.002979,335.71, 441.0852
574343,2.0010,0.002978,335.85, 441.0852
574344,2.0039,0.002932,341.10, 441.0852
574345,2.0068,0.002905,344.27, 441.0850
574346,2.0098,0.002981,335.42, 441.0852
574347,2.0127,0.002903,344.50, 441.0852
574348,2.0156,0.002941,340.03, 441.0852
574349,2.0186,0.002903,344.51, 441.0852
574350,2.0215,0.002983,335.22, 441.0852
574351,2.0244,0.002920,342.42, 441.0852
574352,2.0273,0.002964,337.39, 441.0852
574353,2.0303,0.002947,339.29, 441.0852
574354,2.0332,0.002988,334.65, 441.0852
574355,2.0361,0.002874,347.90, 441.0852
574356,2.0391,0.003024,330.73, 441.0852
574357,2.0420,0.002879,347.33, 441.0852
574358,2.0449,0.002983,335.27, 441.0852
574359,2.0479,0.002877,347.57, 441.0852
574360,2.0513,0.003026,330.43, 441.0847
574361,2.0542,0.002903,344.52, 441.0852
574362,2.0571,0.002985,334.99, 441.0847
574363,2.0596,0.002865,349.03, 441.0971
574364,2.0630,0.003107,321.90, 441.0852
574365,2.0659,0.002936,340.56, 441.0850
574366,2.0688,0.003053,327.56, 441.0852
574367,2.0718,0.003048,328.08, 441.0847
574368,2.0747,0.002974,336.30, 441.0847
574369,2.0776,0.002925,341.89, 441.0852
574370,2.0811,0.002998,333.56, 441.0852
574371,2.0840,0.002949,339.13, 441.0850
574372,2.0869,0.002975,336.13, 441.0850
574373,2.0898,0.002947,339.34, 441.0852
574374,2.0928,0.003019,331.21, 441.0852
574375,2.0957,0.002929,341.39, 441.0852
574376,2.0986,0.003075,325.26, 441.0847
574377,2.1016,0.002950,338.98, 441.0852
574378,2.1045,0.002979,335.65, 441.0847
574379,2.1074,0.002994,333.99, 441.0852
574380,2.1108,0.002996,333.76, 441.0852
574381,2.1138,0.002961,337.68, 441.0852
574382,2.1167,0.002980,335.56, 441.0847
574383,2.1196,0.003091,323.50, 441.0852
574384,2.1226,0.003031,329.90, 441.0852
574385,2.1260,0.003298,303.25, 441.0852
574386,2.1294,0.003250,307.67, 441.0850
574387,2.1323,0.003079,324.77, 441.0871
574388,2.1357,0.003384,295.54, 441.0850
574389,2.1392,0.003244,308.25, 441.0970
574390,2.1426,0.003604,277.50, 441.0847
574391,2.1460,0.003407,293.48, 441.0852
574392,2.1489,0.003160,316.43, 441.0852
574393,2.1523,0.002994,333.99, 441.0852
574394,2.1553,0.003124,320.15, 441.0847
574395,2.1582,0.003006,332.68, 441.0852
574396,2.1611,0.003030,330.01, 441.0852
574397,2.1641,0.002935,340.76, 441.0847
574398,2.1675,0.003035,329.53, 441.0850
574399,2.1704,0.002959,337.91, 441.0847
574400,2.1733,0.003086,324.04, 441.0847
574401,2.1763,0.002940,340.12, 441.0847
574402,2.1792,0.003043,328.59, 441.0852
574403,2.1821,0.002948,339.22, 441.0852
574404,2.1851,0.002995,333.86, 441.0911
574405,2.1885,0.003004,332.91, 441.0847
574406,2.1914,0.003029,330.14, 441.0852
574407,2.1943,0.002934,340.84, 441.0850
574408,2.1973,0.002993,334.17, 441.0850
574409,2.2002,0.002879,347.33, 441.1136
574410,2.2031,0.003130,319.52, 441.0850
574411,2.2061,0.002920,342.45, 441.0852
574412,2.2090,0.003007,332.60, 441.0847
574413,2.2119,0.002852,350.63, 441.0878
574414,2.2148,0.003009,332.36, 441.0850
574415,2.2178,0.002900,344.83, 441.0852
574416,2.2207,0.003021,330.98, 441.0852
574417,2.2236,0.002905,344.22, 441.0853
574418,2.2266,0.002969,336.79, 441.0850
574419,2.2295,0.002897,345.20, 441.0852
574420,2.2329,0.003004,332.94, 441.0850
574421,2.2358,0.003005,332.79, 441.0852
574422,2.2388,0.003041,328.88, 441.0850
574423,2.2417,0.003062,326.59, 441.0852
574424,2.2446,0.002986,334.87, 441.0850
574425,2.2476,0.002981,335.49, 441.0852
574426,2.2510,0.003038,329.21, 441.0852
574427,2.2539,0.002973,336.33, 441.0852
574428,2.2568,0.002947,339.28, 441.0852
574429,2.2598,0.002932,341.09, 441.0852
574430,2.2627,0.002983,335.29, 441.0852
574431,2.2656,0.002933,341.01, 441.0852
574432,2.2686,0.002991,334.29, 441.0847
574433,2.2715,0.002961,337.76, 441.0852
574434,2.2744,0.002962,337.63, 441.0847
574435,2.2773,0.002941,340.00, 441.0852
574436,2.2803,0.002968,336.97, 441.0850
574437,2.2832,0.002963,337.48, 441.0852
574438,2.2861,0.002920,342.49, 441.0862
574439,2.2896,0.003035,329.53, 441.0871
574440,2.2925,0.002965,337.26, 441.0847
574441,2.2954,0.003047,328.19, 441.0852
574442,2.2983,0.002985,335.03, 441.0850
574443,2.3013,0.002963,337.48, 441.0852
574444,2.3042,0.002977,335.90, 441.0847
574445,2.3071,0.002984,335.13, 441.0916
574446,2.3101,0.002977,335.87, 441.0852
574447,2.3130,0.002958,338.10, 441.0852
574448,2.3159,0.002899,344.91, 441.0852
574449,2.3188,0.002993,334.10, 441.0852
574450,2.3218,0.002908,343.94, 441.0847
574451,2.3252,0.002979,335.71, 441.0852
574452,2.3281,0.002939,340.27, 441.0850
574453,2.3311,0.003025,330.59, 441.0850
574454,2.3340,0.002910,343.64, 441.0847
574455,2.3369,0.003031,329.94, 441.0852
574456,2.3398,0.002949,339.06, 441.0852
574457,2.3428,0.003018,331.35, 441.0850
574458,2.3457,0.002917,342.77, 441.0850
574459,2.3486,0.003024,330.72, 441.0847
574460,2.3516,0.002902,344.60, 441.0852
574461,2.3550,0.003148,317.63, 441.0847
574462,2.3579,0.002956,338.28, 441.0852
574463,2.3608,0.003075,325.20, 441.0852
574464,2.3638,0.002904,344.41, 441.0852
574465,2.3667,0.002987,334.75, 441.0850
574466,2.3696,0.002926,341.82, 441.0850
574467,2.3726,0.003012,332.04, 441.0850
574468,2.3755,0.002941,340.00, 441.0850
574469,2.3784,0.002987,334.76, 441.0850
574470,2.3813,0.002909,343.76, 441.0852
574471,2.3848,0.003016,331.55, 441.0850
574472,2.3877,0.003099,322.70, 441.0852
574473,2.3906,0.003037,329.33, 441.0852
574474,2.3936,0.002950,339.02, 441.0852
574475,2.3965,0.002976,336.00, 441.0847
574476,2.3994,0.002921,342.31, 441.0852
574477,2.4023,0.002969,336.84, 441.0847
574478,2.4053,0.002996,333.76, 441.0852
574479,2.4082,0.002954,338.52, 441.0850
574480,2.4111,0.002898,345.11, 441.0852
574481,2.4141,0.002932,341.10, 441.0850
574482,2.4170,0.002928,341.52, 441.0852
574483,2.4199,0.002930,341.30, 441.0847
574484,2.4229,0.002943,339.77, 441.0852
574485,2.4258,0.002884,346.72, 441.0852
574486,2.4287,0.002954,338.50, 441.0852
574487,2.4316,0.002887,346.37, 441.0852
574488,2.4346,0.002935,340.68, 441.0852
574489,2.4375,0.002939,340.24, 441.0850
574490,2.4409,0.003020,331.17, 441.0847
574491,2.4434,0.002900,344.78, 441.0852
574492,2.4468,0.002997,333.67, 441.0852
574493,2.4492,0.002881,347.11, 441.0852
574494,2.4526,0.003015,331.66, 441.0852
574495,2.4556,0.002919,342.62, 441.0852
574496,2.4585,0.003001,333.19, 441.0847
574497,2.4614,0.002864,349.16, 441.0852
574498,2.4644,0.002952,338.75, 441.0850
574499,2.4673,0.002861,349.52, 441.0852
574500,2.4702,0.003003,332.98, 441.0850
574501,2.4731,0.002904,344.39, 441.0852
574502,2.4761,0.002962,337.67, 441.0850
574503,2.4790,0.002886,346.55, 441.0852
574504,2.4819,0.002945,339.54, 441.0850
574505,2.4849,0.002883,346.87, 441.0852
574506,2.4878,0.003017,331.44, 441.0850
574507,2.4907,0.002936,340.58, 441.0852
574508,2.4937,0.002941,340.00, 441.0852
574509,2.4966,0.002857,350.04, 441.0850
574510,2.4995,0.002942,339.90, 441.0853
574511,2.5024,0.003091,323.49, 441.0852
574512,2.5054,0.003103,322.28, 441.0852
574513,2.5088,0.003059,326.89, 441.0852
574514,2.5117,0.002931,341.23, 441.0850
574515,2.5146,0.002914,343.23, 441.0852
574516,2.5176,0.002999,333.46, 441.0847
574517,2.5205,0.003017,331.48, 441.0852
574518,2.5234,0.002924,342.03, 441.0850
574519,2.5264,0.002927,341.62, 441.0852
574520,2.5293,0.002936,340.60, 441.0847
574521,2.5322,0.003039,329.03, 441.0852
574522,2.5356,0.003205,312.04, 441.0852
574523,2.5386,0.003006,332.66, 441.0852
574524,2.5415,0.002954,338.49, 441.0852
574525,2.5444,0.002944,339.67, 441.0852
574526,2.5474,0.002978,335.85, 441.0850
574527,2.5508,0.003255,307.20, 441.0847
574528,2.5537,0.003282,304.67, 441.0847
574529,2.5571,0.003096,323.03, 441.0850
574530,2.5601,0.003115,321.00, 441.0847
574531,2.5635,0.003119,320.67, 441.0847
574532,2.5664,0.003384,295.49, 441.0850
574533,2.5698,0.003176,314.90, 441.0852
574534,2.5728,0.003186,313.83, 441.0847
574535,2.5762,0.002970,336.66, 441.0931
574536,2.5791,0.003127,319.83, 441.0852
574537,2.5820,0.003026,330.51, 441.0852
574538,2.5854,0.003104,322.22, 441.0847
574539,2.5884,0.003038,329.21, 441.0852
574540,2.5913,0.003083,324.33, 441.0850
574541,2.5942,0.003038,329.22, 441.0852
574542,2.5977,0.003098,322.76, 441.0871
574543,2.6006,0.003057,327.13, 441.0852
574544,2.6035,0.003087,323.97, 441.0850
574545,2.6064,0.002932,341.03, 441.0852
574546,2.6094,0.003026,330.45, 441.0847
574547,2.6128,0.002988,334.66, 441.0852
574548,2.6157,0.002984,335.17, 441.0852
574549,2.6187,0.002915,343.10, 441.0852
574550,2.6216,0.002988,334.69, 441.0850
574551,2.6245,0.002932,341.09, 441.0852
574552,2.6274,0.002966,337.15, 441.0850
574553,2.6304,0.002932,341.05, 441.0852
574554,2.6333,0.002974,336.24, 441.0852
574555,2.6362,0.002957,338.21, 441.0852
574556,2.6392,0.002966,337.18, 441.0850
574557,2.6421,0.002923,342.14, 441.0852
574558,2.6450,0.002927,341.61, 441.0847
574559,2.6479,0.002933,340.92, 441.0852
574560,2.6509,0.002917,342.78, 441.0852
574561,2.6538,0.003021,330.98, 441.0850
574562,2.6567,0.002920,342.49, 441.0847
574563,2.6597,0.003018,331.35, 441.0852
574564,2.6626,0.002943,339.85, 441.0852
574565,2.6655,0.002963,337.47, 441.0852
574566,2.6685,0.002938,340.38, 441.0852
574567,2.6719,0.002994,333.98, 441.0852
574568,2.6748,0.002998,333.56, 441.0852
574569,2.6777,0.003000,333.34, 441.0852
574570,2.6807,0.002958,338.07, 441.0847
574571,2.6836,0.002968,336.97, 441.0852
574572,2.6865,0.002879,347.29, 441.0847
574573,2.6895,0.003004,332.92, 441.0852
574574,2.6924,0.002930,341.33, 441.0852
574575,2.6953,0.002963,337.47, 441.0852
574576,2.6982,0.002893,345.63, 441.0852
574577,2.7012,0.003008,332.41, 441.0850
574578,2.7041,0.002871,348.31, 441.0852
574579,2.7070,0.002985,334.96, 441.0847
574580,2.7100,0.002885,346.60, 441.0852
574581,2.7129,0.003015,331.69, 441.0852
574582,2.7158,0.002863,349.32, 441.0852
574583,2.7188,0.002965,337.22, 441.0852
574584,2.7217,0.002897,345.24, 441.0852
574585,2.7246,0.002933,340.96, 441.0852
574586,2.7275,0.002919,342.63, 441.0852
574587,2.7305,0.002954,338.58, 441.0852
574588,2.7334,0.002920,342.50, 441.0852
574589,2.7363,0.002951,338.83, 441.0852
574590,2.7393,0.002966,337.11, 441.0852
574591,2.7422,0.002903,344.50, 441.0852
574592,2.7451,0.002921,342.31, 441.0850
574593,2.7480,0.002969,336.87, 441.0852
574594,2.7510,0.002992,334.25, 441.0852
574595,2.7539,0.002938,340.41, 441.0852
574596,2.7568,0.002953,338.60, 441.0852
574597,2.7598,0.002934,340.83, 441.0850
574598,2.7632,0.002967,337.10, 441.0852
574599,2.7661,0.002942,339.89, 441.0852
574600,2.7690,0.002971,336.56, 441.0852
574601,2.7720,0.002952,338.79, 441.0852
574602,2.7749,0.003005,332.79, 441.0852
574603,2.7778,0.002877,347.57, 441.0852
574604,2.7808,0.002955,338.41, 441.0853
574605,2.7837,0.003039,329.03, 441.0847
574606,2.7866,0.003044,328.52, 441.0855
574607,2.7896,0.002949,339.05, 441.0852
574608,2.7925,0.003003,333.00, 441.0852
574609,2.7954,0.002895,345.44, 441.0852
574610,2.7988,0.003019,331.19, 441.0850
574611,2.8013,0.002895,345.47, 441.0852
574612,2.8047,0.003030,330.03, 441.0853
574613,2.8076,0.003122,320.28, 441.0852
574614,2.8105,0.003036,329.42, 441.0850
574615,2.8135,0.002964,337.38, 441.0852
574616,2.8169,0.003020,331.13, 441.0852
574617,2.8198,0.002928,341.59, 441.0853
574618,2.8228,0.003110,321.51, 441.0847
574619,2.8257,0.002894,345.57, 441.0853
574620,2.8286,0.003118,320.74, 441.0847
574621,2.8320,0.003141,318.40, 441.0852
574622,2.8350,0.003166,315.88, 441.0847
574623,2.8384,0.003139,318.61, 441.0850
574624,2.8413,0.003160,316.47, 441.0850
574625,2.8442,0.002935,340.77, 441.0852
574626,2.8472,0.003017,331.41, 441.0850
574627,2.8501,0.002892,345.84, 441.0852
574628,2.8535,0.003114,321.16, 441.0850
574629,2.8560,0.002892,345.79, 441.0852
574630,2.8594,0.003133,319.19, 441.0847
574631,2.8623,0.003099,322.64, 441.0852
574632,2.8652,0.003008,332.49, 441.0852
574633,2.8682,0.002906,344.17, 441.0852
574634,2.8711,0.002982,335.35, 441.0871
574635,2.8740,0.002889,346.12, 441.0852
574636,2.8770,0.002973,336.41, 441.0852
574637,2.8799,0.002896,345.29, 441.0850
574638,2.8828,0.002977,335.93, 441.0852
574639,2.8857,0.002872,348.21, 441.0852
574640,2.8887,0.002968,336.90, 441.0852
574641,2.8921,0.003068,325.95, 441.0850
574642,2.8950,0.003131,319.40, 441.0852
574643,2.8979,0.002913,343.31, 441.0850
574644,2.9009,0.003043,328.60, 441.0852
574645,2.9043,0.003031,329.96, 441.0852
574646,2.9072,0.002992,334.22, 441.0847
574647,2.9102,0.002931,341.19, 441.0852
574648,2.9131,0.002943,339.82, 441.0852
574649,2.9160,0.002906,344.07, 441.0852
574650,2.9189,0.003016,331.57, 441.0850
574651,2.9219,0.003033,329.74, 441.0852
574652,2.9248,0.002988,334.69, 441.0850
574653,2.9277,0.002912,343.45, 441.0852
574654,2.9307,0.002967,337.00, 441.0847
574655,2.9336,0.002928,341.51, 441.0852
574656,2.9365,0.002887,346.34, 441.0850
574657,2.9395,0.003026,330.47, 441.0852
574658,2.9424,0.002929,341.44, 441.0852
574659,2.9453,0.002917,342.85, 441.0852
574660,2.9482,0.002890,346.07, 441.0852
574661,2.9512,0.002956,338.33, 441.0852
574662,2.9546,0.003168,315.71, 441.0850
574663,2.9575,0.003074,325.27, 441.0852
574664,2.9604,0.002907,344.03, 441.0852
574665,2.9634,0.002986,334.91, 441.0852
574666,2.9663,0.002904,344.41, 441.0850
574667,2.9692,0.003085,324.15, 441.0852
574668,2.9722,0.002908,343.83, 441.0852
574669,2.9751,0.002951,338.89, 441.0850
574670,2.9780,0.002892,345.77, 441.0847
574671,2.9810,0.002954,338.49, 441.0852
574672,2.9839,0.002882,347.01, 441.0852
574673,2.9868,0.003009,332.38, 441.0853
574674,2.9897,0.002897,345.20, 441.0852
574675,2.9927,0.002999,333.49, 441.0847
574676,2.9961,0.002959,338.00, 441.0850
574677,2.9990,0.003034,329.64, 441.0853
574678,3.0020,0.003077,325.02, 441.0852
574679,3.0049,0.003057,327.14, 441.0852
574680,3.0078,0.002939,340.27, 441.0852
574681,3.0112,0.003014,331.79, 441.0852
574682,3.0142,0.003000,333.39, 441.0852
574683,3.0171,0.003039,329.09, 441.0850
574684,3.0200,0.002943,339.81, 441.0852
574685,3.0229,0.003004,332.91, 441.0847
574686,3.0259,0.002929,341.40, 441.0852
574687,3.0288,0.003024,330.70, 441.0847
574688,3.0317,0.002959,337.91, 441.0852
574689,3.0352,0.003038,329.20, 441.0847
574690,3.0381,0.002974,336.20, 441.0852
574691,3.0410,0.002994,333.99, 441.0850
574692,3.0439,0.002924,342.03, 441.0852
574693,3.0469,0.002987,334.77, 441.0850
574694,3.0498,0.003056,327.23, 441.0852
574695,3.0527,0.003067,326.08, 441.0852
574696,3.0562,0.002989,334.55, 441.0852
574697,3.0591,0.003025,330.58, 441.0852
574698,3.0620,0.002991,334.38, 441.0847
574699,3.0649,0.003011,332.13, 441.0847
574700,3.0679,0.002906,344.13, 441.0935
574701,3.0708,0.003002,333.16, 441.0847
574702,3.0737,0.003117,320.84, 441.0850
574703,3.0771,0.003211,311.44, 441.0850
574704,3.0801,0.002940,340.19, 441.0852
574705,3.0830,0.002951,338.89, 441.0850
574706,3.0859,0.002884,346.74, 441.0852
574707,3.0889,0.002953,338.65, 441.0852
574708,3.0918,0.002944,339.69, 441.0852
574709,3.0947,0.002930,341.27, 441.0853
574710,3.0977,0.003117,320.84, 441.0852
574711,3.1011,0.002964,337.36, 441.0853
574712,3.1040,0.003062,326.59, 441.0852
574713,3.1069,0.002950,338.96, 441.0850
574714,3.1099,0.002993,334.10, 441.0852
574715,3.1128,0.002985,334.99, 441.0850
574716,3.1157,0.002915,343.08, 441.0852
574717,3.1187,0.002939,340.26, 441.0852
574718,3.1221,0.003155,316.92, 441.0852
574719,3.1250,0.002936,340.56, 441.0853
574720,3.1279,0.003167,315.79, 441.0847
574721,3.1313,0.003405,293.69, 441.0847
574722,3.1348,0.003383,295.59, 441.0852
574723,3.1382,0.003354,298.13, 441.0847
574724,3.1411,0.003189,313.58, 441.0847
574725,3.1445,0.003223,310.24, 441.0850
574726,3.1479,0.003422,292.24, 441.0847
574727,3.1514,0.003560,280.89, 441.0847
574728,3.1553,0.003558,281.06, 441.0847
574729,3.1582,0.003168,315.65, 441.0852
574730,3.1611,0.002991,334.30, 441.0850
574731,3.1641,0.002989,334.60, 441.0852
574732,3.1670,0.002945,339.51, 441.0852
574733,3.1704,0.003099,322.67, 441.0847
574734,3.1733,0.003009,332.30, 441.0852
574735,3.1763,0.002961,337.71, 441.0852
574736,3.1792,0.002966,337.13, 441.0850
574737,3.1821,0.002992,334.25, 441.0852
574738,3.1851,0.002882,347.03, 441.0847
574739,3.1880,0.002986,334.86, 441.0852
574740,3.1909,0.002907,344.00, 441.0850
574741,3.1938,0.003128,319.66, 441.0850
574742,3.1968,0.002873,348.07, 441.0850
574743,3.2002,0.003065,326.32, 441.0852
574744,3.2031,0.002927,341.69, 441.0852
574745,3.2061,0.003028,330.21, 441.0850
574746,3.2090,0.002926,341.73, 441.0847
574747,3.2119,0.002983,335.29, 441.0852
574748,3.2148,0.002842,351.86, 441.0852
574749,3.2178,0.002974,336.26, 441.0850
574750,3.2207,0.002840,352.10, 441.0852
574751,3.2236,0.002994,333.99, 441.0847
574752,3.2266,0.002862,349.39, 441.0852
574753,3.2295,0.002950,339.01, 441.0852
574754,3.2324,0.002860,349.71, 441.0852
574755,3.2354,0.002926,341.79, 441.0852
574756,3.2383,0.002930,341.31, 441.0852
574757,3.2412,0.002996,333.81, 441.0852
574758,3.2441,0.002870,348.41, 441.0852
574759,3.2466,0.002877,347.60, 441.0852
574760,3.2495,0.002913,343.35, 441.0852
574761,3.2524,0.002952,338.79, 441.0852
574762,3.2559,0.003096,322.96, 441.0847
574763,3.2588,0.002973,336.39, 441.0852
574764,3.2617,0.002943,339.84, 441.0852
574765,3.2646,0.002885,346.61, 441.0852
574766,3.2676,0.002960,337.83, 441.0852
574767,3.2705,0.002929,341.44, 441.0852
574768,3.2734,0.003052,327.62, 441.0852
574769,3.2764,0.002952,338.74, 441.0850
574770,3.2793,0.002929,341.44, 441.0965
574771,3.2822,0.002900,344.79, 441.0852
574772,3.2852,0.003025,330.55, 441.0847
574773,3.2881,0.002958,338.04, 441.0852
574774,3.2910,0.002958,338.05, 441.0852
574775,3.2939,0.002884,346.72, 441.0852
574776,3.2969,0.002933,340.92, 441.0850
574777,3.2998,0.002926,341.81, 441.0852
574778,3.3027,0.002983,335.28, 441.0853
574779,3.3062,0.003015,331.72, 441.0850
574780,3.3091,0.002980,335.60, 441.0853
574781,3.3120,0.003285,304.42, 441.0852
574782,3.3154,0.003024,330.72, 441.0850
574783,3.3184,0.002877,347.62, 441.0852
574784,3.3213,0.003031,329.90, 441.0847
574785,3.3242,0.003002,333.14, 441.0850
574786,3.3271,0.003001,333.19, 441.0853
574787,3.3301,0.002953,338.63, 441.0852
574788,3.3330,0.002980,335.55, 441.0850
574789,3.3359,0.002987,334.82, 441.0852
574790,3.3389,0.003019,331.21, 441.0850
574791,3.3423,0.002977,335.95, 441.0852
574792,3.3452,0.002955,338.41, 441.0850
574793,3.3481,0.002986,334.86, 441.0852
574794,3.3511,0.003174,315.04, 441.0852
574795,3.3545,0.003060,326.83, 441.0852
574796,3.3574,0.002968,336.95, 441.0852
574797,3.3604,0.002915,343.02, 441.0853
574798,3.3633,0.002993,334.10, 441.0853
574799,3.3667,0.003625,275.85, 441.0852
574800,3.3701,0.003116,320.94, 441.0852
574801,3.3730,0.002996,333.74, 441.0852
574802,3.3760,0.003004,332.87, 441.0852
574803,3.3789,0.002902,344.55, 441.0852
574804,3.3818,0.003102,322.40, 441.0847
574805,3.3848,0.002912,343.43, 441.0852
574806,3.3877,0.003033,329.71, 441.0847
574807,3.3906,0.002921,342.33, 441.0852
574808,3.3936,0.002975,336.16, 441.0852
574809,3.3965,0.002912,343.47, 441.0852
574810,3.3994,0.003011,332.10, 441.0852
574811,3.4023,0.002891,345.94, 441.0852
574812,3.4058,0.003004,332.89, 441.0852
574813,3.4087,0.002956,338.33, 441.0852
574814,3.4116,0.002969,336.83, 441.0852
574815,3.4146,0.002905,344.20, 441.0852
574816,3.4175,0.002965,337.26, 441.0850
574817,3.4204,0.003001,333.20, 441.0852
574818,3.4233,0.002932,341.05, 441.0850
574819,3.4263,0.002940,340.16, 441.0852
574820,3.4292,0.003063,326.48, 441.0896
574821,3.4321,0.002985,335.06, 441.0852
574822,3.4351,0.002920,342.50, 441.0853
574823,3.4380,0.002978,335.80, 441.0852
574824,3.4409,0.002960,337.83, 441.0853
574825,3.4443,0.003090,323.61, 441.0852
574826,3.4473,0.002925,341.93, 441.0850
574827,3.4502,0.003007,332.61, 441.0852
574828,3.4531,0.002928,341.51, 441.0850
574829,3.4561,0.002986,334.87, 441.0847
574830,3.4590,0.002937,340.53, 441.0852
574831,3.4619,0.002956,338.32, 441.0852
574832,3.4648,0.002933,340.91, 441.0853
574833,3.4678,0.003103,322.32, 441.0850
574834,3.4707,0.002925,341.90, 441.0871
574835,3.4741,0.003054,327.40, 441.0847
574836,3.4771,0.002951,338.90, 441.0853
574837,3.4800,0.003179,314.53, 441.0850
574838,3.4829,0.002961,337.70, 441.0847
574839,3.4863,0.003058,327.01, 441.0852
574840,3.4893,0.003020,331.15, 441.0847
574841,3.4922,0.003048,328.08, 441.0852
574842,3.4951,0.002964,337.37, 441.0847
574843,3.4980,0.003004,332.89, 441.0850
574844,3.5010,0.002889,346.12, 441.0911
574845,3.5039,0.003055,327.33, 441.0850
574846,3.5073,0.003170,315.45, 441.0847
574847,3.5103,0.003211,311.43, 441.0852
574848,3.5137,0.002980,335.55, 441.0852
574849,3.5166,0.003070,325.71, 441.0852
574850,3.5195,0.003026,330.46, 441.0847
574851,3.5225,0.003144,318.07, 441.0850
574852,3.5259,0.003020,331.17, 441.0852
574853,3.5288,0.003052,327.62, 441.0852
574854,3.5317,0.003075,325.25, 441.0847
574855,3.5347,0.003020,331.11, 441.0852
574856,3.5381,0.003059,326.94, 441.0850
574857,3.5410,0.003104,322.19, 441.0852
574858,3.5439,0.002984,335.18, 441.0852
574859,3.5469,0.003016,331.57, 441.0850
574860,3.5498,0.003000,333.32, 441.0850
574861,3.5532,0.003129,319.57, 441.0847
574862,3.5562,0.002981,335.46, 441.0852
574863,3.5591,0.003047,328.20, 441.0850
574864,3.5620,0.002982,335.31, 441.0850
574865,3.5649,0.003022,330.87, 441.0852
574866,3.5684,0.003124,320.08, 441.0847
574867,3.5718,0.003363,297.37, 441.0847
574868,3.5747,0.003123,320.16, 441.0850
574869,3.5776,0.003063,326.52, 441.0852
574870,3.5811,0.003015,331.71, 441.0850
574871,3.5840,0.003094,323.25, 441.0852
574872,3.5869,0.003168,315.63, 441.0850
574873,3.5903,0.003032,329.86, 441.0850
574874,3.5933,0.003046,328.26, 441.0847
574875,3.5962,0.003043,328.58, 441.0847
574876,3.5991,0.003031,329.92, 441.0850
574877,3.6021,0.003006,332.71, 441.0847
574878,3.6050,0.002935,340.77, 441.0871
574879,3.6084,0.003060,326.85, 441.0852
574880,3.6113,0.002996,333.73, 441.0852
574881,3.6143,0.003042,328.73, 441.0852
574882,3.6172,0.002959,337.92, 441.0852
574883,3.6201,0.003014,331.75, 441.0852
574884,3.6230,0.002933,340.95, 441.0852
574885,3.6260,0.002956,338.30, 441.0852
574886,3.6294,0.003056,327.27, 441.0852
574887,3.6323,0.003022,330.95, 441.0852
574888,3.6353,0.002917,342.79, 441.0981
574889,3.6382,0.003034,329.60, 441.0852
574890,3.6411,0.002965,337.26, 441.0850
574891,3.6440,0.002992,334.20, 441.0852
574892,3.6470,0.002948,339.24, 441.0852
574893,3.6499,0.003015,331.63, 441.0852
574894,3.6528,0.002938,340.37, 441.0852
574895,3.6563,0.002982,335.35, 441.0852
574896,3.6592,0.003006,332.63, 441.0852
574897,3.6621,0.003026,330.49, 441.0852
574898,3.6650,0.002895,345.40, 441.0871
574899,3.6680,0.002989,334.57, 441.0852
574900,3.6709,0.002948,339.20, 441.0847
574901,3.6738,0.003063,326.47, 441.0852
574902,3.6768,0.002983,335.28, 441.0854
574903,3.6802,0.003053,327.51, 441.0850
574904,3.6831,0.002906,344.13, 441.0852
574905,3.6860,0.003017,331.44, 441.0852
574906,3.6890,0.002946,339.48, 441.0852
574907,3.6919,0.003072,325.51, 441.0852
574908,3.6948,0.002981,335.42, 441.0852
574909,3.6978,0.003062,326.57, 441.0852
574910,3.7012,0.002955,338.43, 441.0852
574911,3.7041,0.003044,328.56, 441.0852
574912,3.7070,0.002907,343.97, 441.0852
574913,3.7100,0.003038,329.14, 441.0850
574914,3.7129,0.002911,343.50, 441.0852
574915,3.7158,0.002960,337.80, 441.0852
574916,3.7188,0.002955,338.44, 441.0852
574917,3.7217,0.003025,330.59, 441.0852
574918,3.7246,0.002947,339.29, 441.0852
574919,3.7275,0.002974,336.24, 441.0852
574920,3.7305,0.002923,342.09, 441.0850
574921,3.7339,0.003030,330.00, 441.0852
574922,3.7368,0.003066,326.16, 441.0852
574923,3.7397,0.003143,318.21, 441.0852
574924,3.7427,0.002943,339.82, 441.0852
574925,3.7456,0.002981,335.50, 441.0852
574926,3.7485,0.002968,336.92, 441.0852
574927,3.7520,0.002981,335.47, 441.0852
574928,3.7549,0.002928,341.48, 441.0852
574929,3.7578,0.002986,334.88, 441.0850
574930,3.7607,0.002959,338.01, 441.0850
574931,3.7637,0.002988,334.73, 441.0852
574932,3.7666,0.002931,341.18, 441.0852
574933,3.7695,0.003039,329.06, 441.0850
574934,3.7729,0.003180,314.43, 441.0852
574935,3.7759,0.003118,320.77, 441.0850
574936,3.7788,0.003099,322.74, 441.0852
574937,3.7817,0.003002,333.07, 441.0852
574938,3.7847,0.002928,341.52, 441.0852
574939,3.7881,0.003035,329.54, 441.0852
574940,3.7910,0.003065,326.32, 441.0850
574941,3.7939,0.003017,331.47, 441.0852
574942,3.7969,0.002949,339.10, 441.0852
574943,3.7998,0.002973,336.42, 441.0852
574944,3.8027,0.002975,336.18, 441.0852
574945,3.8057,0.002971,336.62, 441.0852
574946,3.8091,0.002980,335.62, 441.0852
574947,3.8120,0.003106,321.92, 441.0852
574948,3.8149,0.003066,326.20, 441.0852
574949,3.8179,0.003032,329.84, 441.0852
574950,3.8213,0.002981,335.49, 441.0852
574951,3.8242,0.002937,340.54, 441.0852
574952,3.8271,0.003014,331.79, 441.0852
574953,3.8301,0.002941,340.01, 441.0852
574954,3.8330,0.002936,340.58, 441.0850
574955,3.8359,0.002964,337.34, 441.0852
574956,3.8389,0.003067,326.10, 441.0852
574957,3.8418,0.002932,341.04, 441.0852
574958,3.8447,0.002939,340.30, 441.0852
574959,3.8477,0.002899,344.90, 441.0850
574960,3.8506,0.003043,328.62, 441.0852
574961,3.8535,0.003012,332.03, 441.0852
574962,3.8569,0.003001,333.21, 441.0850
574963,3.8599,0.002954,338.50, 441.0852
574964,3.8628,0.002968,336.97, 441.0852
574965,3.8657,0.002927,341.66, 441.0847
574966,3.8687,0.003010,332.25, 441.0847
574967,3.8716,0.002899,344.97, 441.0852
574968,3.8745,0.003008,332.48, 441.0852
574969,3.8774,0.002935,340.74, 441.0850
574970,3.8804,0.002990,334.40, 441.0850
574971,3.8838,0.003444,290.34, 441.0847
574972,3.8872,0.003473,287.92, 441.0847
574973,3.8906,0.003120,320.55, 441.0852
574974,3.8936,0.002997,333.63, 441.0850
574975,3.8965,0.002941,339.99, 441.0852
574976,3.8994,0.003046,328.32, 441.0852
574977,3.9023,0.002975,336.19, 441.0852
574978,3.9053,0.003066,326.18, 441.0852
574979,3.9087,0.003041,328.88, 441.0852
574980,3.9116,0.002987,334.77, 441.0850
574981,3.9146,0.003067,326.03, 441.0847
574982,3.9175,0.003040,328.91, 441.0847
574983,3.9204,0.002951,338.86, 441.0852
574984,3.9233,0.002995,333.86, 441.0852
574985,3.9268,0.002951,338.87, 441.0852
574986,3.9297,0.003050,327.90, 441.0852
574987,3.9326,0.002938,340.39, 441.0852
574988,3.9355,0.002969,336.80, 441.0852
574989,3.9385,0.002925,341.94, 441.0850
574990,3.9414,0.003044,328.50, 441.0850
574991,3.9443,0.002918,342.71, 441.0852
574992,3.9473,0.003003,333.01, 441.0852
574993,3.9502,0.003048,328.07, 441.0852
574994,3.9536,0.003112,321.32, 441.0852
574995,3.9565,0.002882,346.97, 441.0852
574996,3.9600,0.003474,287.87, 441.0847
574997,3.9639,0.004166,240.05, 441.0852
574998,3.9668,0.002968,336.96, 441.0854
574999,3.9702,0.002995,333.95, 441.0852
575000,3.9731,0.002993,334.08, 441.0847
575001,3.9761,0.002973,336.42, 441.0852
575002,3.9790,0.002999,333.42, 441.0847
575003,3.9819,0.002973,336.36, 441.0850
575004,3.9849,0.002964,337.34, 441.0850
575005,3.9878,0.002971,336.58, 441.0852
575006,3.9907,0.003026,330.50, 441.0850
575007,3.9937,0.002959,337.95, 441.0852
575008,3.9971,0.002962,337.58, 441.0847
575009,4.0000,0.002976,336.01, 441.0852
575010,4.0029,0.002988,334.68, 441.0850
575011,4.0059,0.002915,343.09, 441.0850
575012,4.0088,0.003034,329.65, 441.0852
575013,4.0117,0.002961,337.77, 441.0852
575014,4.0146,0.002983,335.24, 441.0852
575015,4.0176,0.002956,338.25, 441.0850
575016,4.0205,0.003009,332.35, 441.0852
575017,4.0234,0.002981,335.45, 441.0850
575018,4.0269,0.002996,333.76, 441.0847
575019,4.0293,0.002887,346.38, 441.0850
575020,4.0327,0.002990,334.49, 441.0852
575021,4.0352,0.002892,345.82, 441.0852
575022,4.0386,0.003010,332.27, 441.0852
575023,4.0415,0.002934,340.85, 441.0852
575024,4.0444,0.003005,332.80, 441.0852
575025,4.0474,0.002887,346.44, 441.0853
575026,4.0503,0.003025,330.63, 441.0850
575027,4.0532,0.002888,346.32, 441.0852
575028,4.0562,0.003017,331.48, 441.0847
575029,4.0591,0.002973,336.37, 441.0852
575030,4.0620,0.003000,333.36, 441.0847
575031,4.0649,0.002909,343.78, 441.0852
575032,4.0679,0.002958,338.07, 441.0852
575033,4.0713,0.003049,328.02, 441.0852
575034,4.0742,0.003078,324.91, 441.0852
575035,4.0771,0.002900,344.83, 441.0852
575036,4.0801,0.002985,335.00, 441.0852
575037,4.0830,0.002916,342.98, 441.0852
575038,4.0859,0.002996,333.76, 441.0852
575039,4.0889,0.002954,338.56, 441.0852
575040,4.0918,0.002986,334.88, 441.0852
575041,4.0947,0.003007,332.57, 441.0852
575042,4.0977,0.002943,339.75, 441.0850
575043,4.1006,0.002963,337.53, 441.0852
575044,4.1040,0.003031,329.89, 441.0850
575045,4.1069,0.002991,334.34, 441.0852
575046,4.1099,0.003101,322.50, 441.0852
575047,4.1128,0.002961,337.76, 441.0852
575048,4.1157,0.002935,340.72, 441.0852
575049,4.1187,0.002893,345.72, 441.0852
575050,4.1221,0.003186,313.85, 441.0847
575051,4.1250,0.003003,333.00, 441.0852
575052,4.1279,0.002960,337.84, 441.0852
575053,4.1309,0.002967,337.00, 441.0852
575054,4.1338,0.003218,310.72, 441.0850
575055,4.1372,0.003253,307.43, 441.0852
575056,4.1406,0.003174,315.07, 441.0852
575057,4.1436,0.003222,310.40, 441.0852
575058,4.1470,0.003345,298.94, 441.0847
575059,4.1504,0.003501,285.62, 441.0852
575060,4.1538,0.003528,283.45, 441.0847
575061,4.1572,0.003194,313.05, 441.0852
575062,4.1606,0.003163,316.13, 441.0852
575063,4.1636,0.003207,311.84, 441.0852
575064,4.1670,0.003213,311.22, 441.0847
575065,4.1699,0.003100,322.61, 441.0847
575066,4.1729,0.003128,319.70, 441.0850
575067,4.1763,0.003075,325.18, 441.0850
575068,4.1792,0.003030,330.09, 441.0852
575069,4.1821,0.002960,337.80, 441.0850
575070,4.1851,0.002980,335.58, 441.0852
575071,4.1880,0.002919,342.58, 441.0852
575072,4.1909,0.003021,331.05, 441.0852
575073,4.1938,0.002926,341.74, 441.0852
575074,4.1968,0.002975,336.17, 441.0847
575075,4.1997,0.003009,332.36, 441.0850
575076,4.2031,0.003032,329.78, 441.0847
575077,4.2061,0.003016,331.59, 441.0852
575078,4.2090,0.002999,333.44, 441.0852
575079,4.2119,0.003042,328.72, 441.0852
575080,4.2148,0.003030,330.00, 441.0850
575081,4.2178,0.002912,343.43, 441.0852
575082,4.2212,0.003026,330.50, 441.0847
575083,4.2241,0.003014,331.75, 441.0852
575084,4.2271,0.003039,329.06, 441.0850
575085,4.2300,0.003086,324.00, 441.0850
575086,4.2329,0.003007,332.61, 441.0847
575087,4.2358,0.002893,345.67, 441.0850
575088,4.2393,0.003064,326.41, 441.0850
575089,4.2422,0.002921,342.38, 441.0852
575090,4.2451,0.003045,328.42, 441.0847
575091,4.2480,0.002911,343.55, 441.0852
575092,4.2510,0.003034,329.57, 441.0847
575093,4.2539,0.002885,346.62, 441.0852
575094,4.2568,0.002980,335.58, 441.0850
575095,4.2598,0.003038,329.21, 441.0852
575096,4.2627,0.003005,332.83, 441.0852
575097,4.2656,0.002912,343.47, 441.0852
575098,4.2690,0.003008,332.48, 441.0852
575099,4.2715,0.002877,347.54, 441.0852
575100,4.2749,0.003028,330.31, 441.0852
575101,4.2778,0.002892,345.79, 441.0852
575102,4.2808,0.002947,339.32, 441.0852
575103,4.2837,0.002908,343.86, 441.0852
575104,4.2866,0.002969,336.78, 441.0850
575105,4.2896,0.002990,334.45, 441.0852
575106,4.2925,0.002966,337.18, 441.0852
575107,4.2954,0.002922,342.18, 441.0852
575108,4.2983,0.002951,338.89, 441.0852
575109,4.3013,0.002942,339.90, 441.0850
575110,4.3042,0.002970,336.76, 441.0847
575111,4.3071,0.003011,332.08, 441.0852
575112,4.3101,0.002957,338.13, 441.0847
575113,4.3130,0.002933,341.01, 441.0852
575114,4.3159,0.002879,347.29, 441.0852
575115,4.3188,0.002994,333.98, 441.0852
575116,4.3218,0.002959,337.94, 441.0852
575117,4.3247,0.003014,331.82, 441.0850
575118,4.3281,0.002937,340.45, 441.0852
575119,4.3311,0.002962,337.67, 441.0850
575120,4.3340,0.002944,339.67, 441.0852
575121,4.3369,0.002980,335.56, 441.0850
575122,4.3398,0.002913,343.24, 441.0852
575123,4.3428,0.002955,338.36, 441.0852
575124,4.3457,0.002877,347.64, 441.0852
575125,4.3486,0.002993,334.08, 441.0852
575126,4.3516,0.002916,342.94, 441.0847
575127,4.3545,0.003050,327.90, 441.0852
575128,4.3574,0.002905,344.27, 441.0847
575129,4.3604,0.002993,334.14, 441.0850
575130,4.3633,0.002869,348.61, 441.0847
575131,4.3662,0.003017,331.43, 441.0852
575132,4.3691,0.002961,337.69, 441.0852
575133,4.3721,0.003048,328.14, 441.0850
575134,4.3750,0.002875,347.84, 441.0852
575135,4.3779,0.002960,337.87, 441.0852
575136,4.3809,0.002868,348.69, 441.0852
575137,4.3838,0.002945,339.57, 441.0852
575138,4.3867,0.002866,348.95, 441.0852
575139,4.3896,0.002988,334.71, 441.0852
575140,4.3926,0.002935,340.70, 441.0852
575141,4.3955,0.002944,339.69, 441.0852
575142,4.3984,0.002906,344.13, 441.0850
575143,4.4014,0.003018,331.38, 441.0850
575144,4.4043,0.002937,340.50, 441.0852
575145,4.4072,0.002898,345.04, 441.0847
575146,4.4106,0.003074,325.34, 441.0850
575147,4.4136,0.002952,338.76, 441.0850
575148,4.4165,0.002995,333.88, 441.0852
575149,4.4194,0.002931,341.17, 441.0852
575150,4.4224,0.002960,337.88, 441.0852
575151,4.4253,0.002932,341.12, 441.0852
575152,4.4282,0.002960,337.84, 441.0852
575153,4.4312,0.002927,341.69, 441.0850
575154,4.4341,0.003049,328.03, 441.0852
575155,4.4370,0.002885,346.63, 441.0852
575156,4.4399,0.003048,328.08, 441.0852
575157,4.4429,0.002899,344.95, 441.0852
575158,4.4458,0.002955,338.36, 441.0852
575159,4.4487,0.003002,333.12, 441.0852
575160,4.4521,0.003072,325.51, 441.0852
575161,4.4551,0.002897,345.20, 441.0852
575162,4.4580,0.003003,332.96, 441.0850
575163,4.4609,0.002897,345.15, 441.0847
575164,4.4639,0.003040,328.95, 441.0852
575165,4.4668,0.002866,348.97, 441.0850
575166,4.4697,0.003029,330.16, 441.0852
575167,4.4727,0.002963,337.52, 441.0852
575168,4.4756,0.002994,333.98, 441.0850
575169,4.4785,0.002882,346.93, 441.0852
575170,4.4814,0.002969,336.84, 441.0847
575171,4.4844,0.002893,345.72, 441.0852
575172,4.4873,0.002991,334.33, 441.0852
575173,4.4902,0.002885,346.57, 441.0852
575174,4.4932,0.002970,336.73, 441.0852
575175,4.4961,0.002878,347.50, 441.0852
575176,4.4990,0.002988,334.65, 441.0850
575177,4.5020,0.002926,341.82, 441.0852
575178,4.5049,0.002903,344.48, 441.0850
575179,4.5078,0.002950,338.96, 441.0852
575180,4.5112,0.003146,317.83, 441.0850
575181,4.5142,0.003068,325.97, 441.0852
575182,4.5171,0.003146,317.85, 441.0850
575183,4.5205,0.003110,321.57, 441.0852
575184,4.5239,0.003248,307.93, 441.0850
575185,4.5269,0.003114,321.11, 441.0852
575186,4.5303,0.003229,309.67, 441.0847
575187,4.5332,0.003107,321.87, 441.0852
575188,4.5361,0.003076,325.07, 441.0852
575189,4.5391,0.002949,339.10, 441.0852
575190,4.5420,0.002985,334.96, 441.0850
575191,4.5449,0.002883,346.87, 441.0852
575192,4.5479,0.002975,336.11, 441.0852
575193,4.5508,0.002904,344.41, 441.0852
575194,4.5537,0.003009,332.39, 441.0850
575195,4.5566,0.002931,341.15, 441.0852
575196,4.5601,0.003137,318.81, 441.0852
575197,4.5630,0.002993,334.12, 441.0852
575198,4.5664,0.003224,310.17, 441.0847
575199,4.5693,0.003062,326.62, 441.0852
575200,4.5723,0.003046,328.30, 441.0923
575201,4.5757,0.003292,303.76, 441.0850
575202,4.5786,0.003112,321.31, 441.0850
575203,4.5815,0.002910,343.63, 441.0852
575204,4.5845,0.002968,336.96, 441.0852
575205,4.5874,0.002919,342.59, 441.0852
575206,4.5903,0.002991,334.39, 441.0852
575207,4.5933,0.002924,342.01, 441.0852
575208,4.5962,0.002970,336.75, 441.0852
575209,4.5991,0.002921,342.36, 441.0852
575210,4.6021,0.002959,337.93, 441.0850
575211,4.6055,0.002977,335.86, 441.0852
575212,4.6084,0.003002,333.17, 441.0850
575213,4.6113,0.002976,335.99, 441.0852
575214,4.6143,0.002941,339.97, 441.0850
575215,4.6172,0.002932,341.08, 441.0852
575216,4.6201,0.002988,334.69, 441.0852
575217,4.6230,0.002942,339.93, 441.0852
575218,4.6260,0.002944,339.70, 441.0847
575219,4.6289,0.002996,333.73, 441.0852
575220,4.6318,0.002929,341.37, 441.0850
575221,4.6348,0.002965,337.33, 441.0852
575222,4.6377,0.002882,346.93, 441.0852
575223,4.6406,0.003006,332.71, 441.0852
575224,4.6436,0.002906,344.12, 441.0852
575225,4.6465,0.002958,338.05, 441.0852
575226,4.6494,0.002939,340.31, 441.0852
575227,4.6523,0.003026,330.45, 441.0852
575228,4.6553,0.002916,342.90, 441.0852
575229,4.6587,0.003006,332.70, 441.0852
575230,4.6616,0.002880,347.25, 441.0852
575231,4.6646,0.003015,331.73, 441.0852
575232,4.6675,0.002910,343.70, 441.0852
575233,4.6704,0.002999,333.49, 441.0852
575234,4.6733,0.002867,348.76, 441.0850
575235,4.6763,0.002968,336.95, 441.0850
575236,4.6792,0.002905,344.20, 441.0852
575237,4.6821,0.002986,334.85, 441.0847
575238,4.6851,0.002893,345.63, 441.0852
575239,4.6880,0.002963,337.54, 441.0852
575240,4.6909,0.002896,345.26, 441.0852
575241,4.6938,0.003031,329.90, 441.0852
575242,4.6968,0.002891,345.96, 441.0852
575243,4.6997,0.002955,338.47, 441.0852
575244,4.7026,0.002885,346.67, 441.0852
575245,4.7056,0.002911,343.54, 441.0852
575246,4.7085,0.002972,336.47, 441.0852
575247,4.7114,0.002946,339.49, 441.0850
575248,4.7144,0.002981,335.49, 441.0852
575249,4.7173,0.002965,337.33, 441.0850
575250,4.7202,0.002976,336.03, 441.0850
575251,4.7231,0.002906,344.16, 441.0852
575252,4.7261,0.002974,336.26, 441.0847
575253,4.7290,0.003038,329.20, 441.0852
575254,4.7324,0.003002,333.11, 441.0847
575255,4.7354,0.002918,342.70, 441.0852
575256,4.7383,0.003036,329.35, 441.0847
575257,4.7412,0.002956,338.27, 441.0852
575258,4.7441,0.002951,338.83, 441.0847
575259,4.7471,0.002882,346.98, 441.0850
575260,4.7500,0.003016,331.61, 441.0852
575261,4.7529,0.002893,345.63, 441.0847
575262,4.7559,0.002958,338.02, 441.0852
575263,4.7588,0.002971,336.55, 441.0847
575264,4.7617,0.002977,335.90, 441.0852
575265,4.7646,0.002852,350.64, 441.0847
575266,4.7676,0.002950,338.98, 441.0852
575267,4.7705,0.002899,344.95, 441.0852
575268,4.7734,0.003035,329.45, 441.0852
575269,4.7764,0.002905,344.29, 441.0852
575270,4.7793,0.002983,335.26, 441.0852
575271,4.7822,0.002871,348.29, 441.0847
575272,4.7852,0.002953,338.65, 441.0852
575273,4.7881,0.002855,350.31, 441.0852
575274,4.7910,0.003040,328.96, 441.0850
575275,4.7939,0.002919,342.58, 441.0852
575276,4.7969,0.002942,339.89, 441.0852
575277,4.7998,0.002943,339.80, 441.0852
575278,4.8027,0.002947,339.32, 441.0852
575279,4.8057,0.002937,340.53, 441.0852
575280,4.8086,0.002951,338.83, 441.0852
575281,4.8115,0.002950,338.95, 441.0852
575282,4.8145,0.002939,340.30, 441.0847
575283,4.8174,0.002947,339.35, 441.0852
575284,4.8208,0.003090,323.66, 441.0847
575285,4.8237,0.003037,329.23, 441.0852
575286,4.8267,0.002931,341.18, 441.0850
575287,4.8296,0.002987,334.78, 441.0850
575288,4.8325,0.002924,342.01, 441.0850
575289,4.8354,0.002923,342.16, 441.0852
575290,4.8389,0.003321,301.09, 441.0850
575291,4.8418,0.003126,319.88, 441.0847
575292,4.8447,0.002977,335.87, 441.0852
575293,4.8477,0.002941,340.04, 441.0852
575294,4.8506,0.002932,341.02, 441.0850
575295,4.8540,0.002978,335.77, 441.0852
575296,4.8569,0.002985,335.04, 441.0891
575297,4.8599,0.003025,330.61, 441.0852
575298,4.8628,0.002925,341.94, 441.0852
575299,4.8657,0.002935,340.73, 441.0852
575300,4.8687,0.003009,332.36, 441.0847
575301,4.8716,0.003050,327.86, 441.0852
575302,4.8745,0.002970,336.71, 441.0852
575303,4.8774,0.002947,339.34, 441.0852
575304,4.8809,0.003018,331.33, 441.0850
575305,4.8838,0.002959,337.94, 441.0852
575306,4.8867,0.002910,343.60, 441.0847
575307,4.8896,0.003020,331.14, 441.0850
575308,4.8926,0.002926,341.76, 441.0847
575309,4.8955,0.002944,339.65, 441.0850
575310,4.8984,0.002834,352.81, 441.0852
575311,4.9014,0.002996,333.74, 441.0852
575312,4.9043,0.002889,346.19, 441.0852
575313,4.9072,0.002981,335.44, 441.0852
575314,4.9102,0.002915,343.02, 441.0852
575315,4.9131,0.003005,332.73, 441.0852
575316,4.9160,0.002879,347.35, 441.0847
575317,4.9189,0.003029,330.14, 441.0852
575318,4.9219,0.002889,346.09, 441.0852
575319,4.9248,0.002959,337.91, 441.0852
575320,4.9277,0.002876,347.69, 441.0852
575321,4.9307,0.002958,338.11, 441.0847
575322,4.9336,0.002926,341.74, 441.0852
575323,4.9365,0.002938,340.33, 441.0852
575324,4.9395,0.002959,337.91, 441.0852
575325,4.9424,0.002917,342.81, 441.0852
575326,4.9453,0.002899,344.96, 441.0852
575327,4.9482,0.002927,341.62, 441.0850
575328,4.9512,0.002969,336.84, 441.0852
575329,4.9541,0.002912,343.36, 441.0850
575330,4.9570,0.002944,339.71, 441.0852
575331,4.9600,0.002893,345.67, 441.0852
575332,4.9629,0.002990,334.48, 441.0852
575333,4.9658,0.003067,326.04, 441.0850
575334,4.9688,0.002976,336.00, 441.0852
575335,4.9717,0.002940,340.18, 441.0852
575336,4.9746,0.002969,336.81, 441.0852
575337,4.9775,0.002913,343.32, 441.0852
575338,4.9810,0.003165,316.01, 441.0850
575339,4.9839,0.003143,318.21, 441.0847
575340,4.9873,0.003020,331.17, 441.0852
575341,4.9902,0.002941,340.04, 441.0850
575342,4.9932,0.003058,327.03, 441.0852
575343,4.9961,0.002924,342.04, 441.0847
575344,4.9990,0.002995,333.89, 441.0852
575345,5.0020,0.002895,345.40, 441.0852
575346,5.0049,0.002987,334.81, 441.0850
575347,5.0078,0.002989,334.62, 441.0852
575348,5.0107,0.003011,332.15, 441.0853
575349,5.0142,0.003080,324.63, 441.0847
575350,5.0171,0.003092,323.42, 441.0847
575351,5.0200,0.002961,337.76, 441.0852
575352,5.0229,0.003098,322.78, 441.0847
575353,5.0273,0.004019,248.83, 441.0847
575354,5.0303,0.003249,307.79, 441.0847
575355,5.0337,0.003091,323.51, 441.0945
575356,5.0366,0.003093,323.35, 441.0847
575357,5.0396,0.003174,315.08, 441.0847
575358,5.0430,0.003134,319.13, 441.0850
575359,5.0459,0.003150,317.42, 441.0935
575360,5.0493,0.003130,319.45, 441.0852
575361,5.0522,0.003260,306.75, 441.0847
575362,5.0557,0.003075,325.21, 441.0847
575363,5.0586,0.003167,315.80, 441.0847
575364,5.0615,0.003042,328.71, 441.0852
575365,5.0649,0.003108,321.77, 441.0850
575366,5.0679,0.003074,325.35, 441.0852
575367,5.0708,0.003174,315.03, 441.0852
575368,5.0742,0.003185,313.96, 441.0847
575369,5.0776,0.003379,295.94, 441.0847
575370,5.0806,0.003116,320.97, 441.0847
575371,5.0840,0.003164,316.05, 441.0852
575372,5.0869,0.003078,324.91, 441.0847
575373,5.0903,0.003245,308.14, 441.0847
575374,5.0933,0.003171,315.41, 441.0847
575375,5.0967,0.003180,314.51, 441.0847
575376,5.0996,0.003130,319.52, 441.0850
575377,5.1030,0.003136,318.86, 441.0850
575378,5.1060,0.003164,316.03, 441.0847
575379,5.1094,0.003164,316.07, 441.0852
575380,5.1123,0.003145,317.94, 441.0850
575381,5.1152,0.003150,317.49, 441.0852
575382,5.1187,0.003218,310.79, 441.0847
575383,5.1221,0.003277,305.18, 441.0852
575384,5.1250,0.003278,305.08, 441.0850
575385,5.1284,0.003140,318.44, 441.0852
575386,5.1313,0.003025,330.61, 441.0850
575387,5.1343,0.002972,336.43, 441.0852
575388,5.1372,0.003027,330.32, 441.0852
575389,5.1401,0.002994,333.96, 441.0850
575390,5.1436,0.002989,334.53, 441.0852
575391,5.1465,0.002947,339.29, 441.0852
575392,5.1494,0.002983,335.22, 441.0847
575393,5.1523,0.003213,311.21, 441.0852
575394,5.1558,0.003318,301.43, 441.0847
575395,5.1592,0.003223,310.29, 441.0852
575396,5.1621,0.003232,309.38, 441.0847
575397,5.1655,0.003351,298.45, 441.0847
575398,5.1694,0.003622,276.06, 441.1001
575399,5.1729,0.003444,290.34, 441.0850
575400,5.1763,0.003365,297.19, 441.0850
575401,5.1792,0.003040,328.99, 441.0852
575402,5.1821,0.003038,329.14, 441.0847
575403,5.1851,0.003014,331.75, 441.0852
575404,5.1880,0.003081,324.60, 441.0852
575405,5.1914,0.002953,338.59, 441.0847
575406,5.1943,0.002944,339.65, 441.0852
575407,5.1973,0.002900,344.80, 441.0852
575408,5.2002,0.002983,335.29, 441.0852
575409,5.2031,0.002972,336.51, 441.0852
575410,5.2061,0.003006,332.69, 441.0852
575411,5.2090,0.002898,345.04, 441.0852
575412,5.2119,0.002935,340.74, 441.0852
575413,5.2148,0.002902,344.59, 441.0852
575414,5.2178,0.003006,332.67, 441.0852
575415,5.2207,0.002937,340.45, 441.0850
575416,5.2236,0.002970,336.67, 441.0852
575417,5.2266,0.002902,344.55, 441.0852
575418,5.2295,0.003030,329.99, 441.0850
575419,5.2324,0.002908,343.86, 441.0852
575420,5.2354,0.003014,331.79, 441.0852
575421,5.2383,0.002864,349.14, 441.0852
575422,5.2412,0.003031,329.96, 441.0847
575423,5.2441,0.002855,350.29, 441.0852
575424,5.2471,0.002971,336.60, 441.0850
575425,5.2500,0.002945,339.51, 441.0852
575426,5.2529,0.002985,335.04, 441.0852
575427,5.2559,0.002860,349.64, 441.0852
575428,5.2588,0.002953,338.60, 441.0852
575429,5.2617,0.002963,337.47, 441.0852
575430,5.2651,0.002978,335.80, 441.0847
575431,5.2676,0.002919,342.61, 441.0852
575432,5.2710,0.002993,334.17, 441.0852
575433,5.2739,0.002948,339.19, 441.0852
575434,5.2769,0.002979,335.71, 441.0852
575435,5.2798,0.002993,334.12, 441.0852
575436,5.2827,0.002919,342.62, 441.0852
575437,5.2856,0.002932,341.05, 441.0847
575438,5.2886,0.002955,338.38, 441.0852
575439,5.2915,0.002986,334.93, 441.0850
575440,5.2944,0.002937,340.50, 441.0852
575441,5.2974,0.002942,339.94, 441.0852
575442,5.3003,0.002932,341.08, 441.0852
575443,5.3032,0.002936,340.62, 441.0852
575444,5.3062,0.002897,345.21, 441.0850
575445,5.3091,0.003030,330.03, 441.0852
575446,5.3120,0.002929,341.46, 441.0852
575447,5.3149,0.002944,339.64, 441.0852
575448,5.3179,0.002897,345.22, 441.0850
575449,5.3208,0.003029,330.11, 441.0852
575450,5.3237,0.002983,335.27, 441.0852
575451,5.3271,0.003062,326.57, 441.0852
575452,5.3301,0.002928,341.51, 441.0852
575453,5.3330,0.003024,330.71, 441.0852
575454,5.3359,0.002896,345.28, 441.0852
575455,5.3389,0.003029,330.15, 441.0852
575456,5.3418,0.002910,343.61, 441.0852
575457,5.3447,0.002973,336.41, 441.0852
575458,5.3477,0.002880,347.19, 441.0847
575459,5.3506,0.003020,331.08, 441.0852
575460,5.3535,0.002905,344.21, 441.0850
575461,5.3564,0.002980,335.54, 441.0852
575462,5.3594,0.002913,343.25, 441.0852
575463,5.3623,0.002955,338.38, 441.0852
575464,5.3652,0.002872,348.15, 441.0850
575465,5.3682,0.003010,332.19, 441.0852
575466,5.3711,0.002963,337.48, 441.0852
575467,5.3740,0.002967,337.01, 441.0852
575468,5.3770,0.002930,341.26, 441.0852
575469,5.3804,0.002951,338.91, 441.0852
575470,5.3833,0.002915,343.03, 441.0852
575471,5.3862,0.003018,331.39, 441.0850
575472,5.3892,0.002993,334.12, 441.0852
575473,5.3921,0.002942,339.96, 441.0852
575474,5.3950,0.002917,342.81, 441.0852
575475,5.3979,0.002916,342.94, 441.0847
575476,5.4009,0.002935,340.70, 441.0852
575477,5.4038,0.002908,343.88, 441.0852
575478,5.4067,0.002964,337.38, 441.0850
575479,5.4097,0.002943,339.79, 441.0850
575480,5.4126,0.002947,339.32, 441.0852
575481,5.4155,0.002917,342.79, 441.0852
575482,5.4185,0.003009,332.36, 441.0852
575483,5.4214,0.002934,340.89, 441.0850
575484,5.4243,0.002987,334.81, 441.0852
575485,5.4272,0.002881,347.13, 441.0852
575486,5.4307,0.003355,298.05, 441.0847
575487,5.4336,0.003130,319.51, 441.0852
575488,5.4365,0.002933,340.91, 441.0852
575489,5.4395,0.002927,341.61, 441.0847
575490,5.4424,0.003003,332.98, 441.0852
575491,5.4453,0.002892,345.82, 441.0852
575492,5.4482,0.002966,337.13, 441.0852
575493,5.4512,0.002904,344.32, 441.0852
575494,5.4546,0.003020,331.08, 441.0850
575495,5.4570,0.002872,348.25, 441.0852
575496,5.4604,0.002991,334.33, 441.0850
575497,5.4634,0.002939,340.23, 441.0847
575498,5.4663,0.002997,333.71, 441.0852
575499,5.4692,0.002871,348.35, 441.0852
575500,5.4722,0.003038,329.20, 441.0852
575501,5.4751,0.002867,348.78, 441.0852
575502,5.4780,0.003012,331.96, 441.0852
575503,5.4810,0.002920,342.52, 441.0852
575504,5.4839,0.002946,339.49, 441.0852
575505,5.4868,0.002872,348.14, 441.0852
575506,5.4897,0.002960,337.86, 441.0852
575507,5.4927,0.002932,341.04, 441.0852
575508,5.4956,0.002973,336.36, 441.0852
575509,5.4985,0.002941,339.99, 441.0852
575510,5.5015,0.002936,340.59, 441.0847
575511,5.5044,0.002951,338.88, 441.0852
575512,5.5073,0.002906,344.17, 441.0850
575513,5.5103,0.002970,336.68, 441.0852
575514,5.5132,0.002900,344.85, 441.0852
575515,5.5161,0.002932,341.11, 441.0850
575516,5.5190,0.002913,343.29, 441.0871
575517,5.5220,0.003081,324.54, 441.0847
575518,5.5254,0.003055,327.38, 441.0847
575519,5.5283,0.003029,330.11, 441.0852
575520,5.5313,0.002908,343.86, 441.0852
575521,5.5342,0.003006,332.70, 441.0847
575522,5.5371,0.002925,341.87, 441.0847
575523,5.5400,0.003016,331.59, 441.0850
575524,5.5430,0.002937,340.50, 441.0852
575525,5.5459,0.002973,336.42, 441.0852
575526,5.5488,0.002877,347.55, 441.0852
575527,5.5518,0.002959,337.99, 441.0852
575528,5.5547,0.002883,346.86, 441.0850
575529,5.5576,0.003016,331.61, 441.0853
575530,5.5610,0.003134,319.06, 441.0847
575531,5.5640,0.003134,319.13, 441.0852
575532,5.5669,0.002888,346.28, 441.1143
575533,5.5698,0.003096,323.00, 441.0847
575534,5.5728,0.002938,340.38, 441.0852
575535,5.5757,0.003023,330.79, 441.0852
575536,5.5791,0.002948,339.27, 441.0850
575537,5.5820,0.003002,333.17, 441.0852
575538,5.5850,0.002900,344.84, 441.0850
575539,5.5879,0.003318,301.40, 441.0852
575540,5.5913,0.003309,302.22, 441.0847
575541,5.5942,0.003090,323.58, 441.0852
575542,5.5977,0.003023,330.75, 441.0847
575543,5.6006,0.003116,320.88, 441.0850
575544,5.6035,0.002897,345.21, 441.0852
575545,5.6064,0.002998,333.58, 441.0852
575546,5.6094,0.002990,334.47, 441.0847
575547,5.6123,0.003005,332.82, 441.0850
575548,5.6152,0.002966,337.14, 441.0847
575549,5.6187,0.003073,325.44, 441.0847
575550,5.6216,0.002988,334.67, 441.0847
575551,5.6245,0.003149,317.57, 441.0852
575552,5.6274,0.002979,335.68, 441.0847
575553,5.6309,0.003057,327.11, 441.0852
575554,5.6338,0.002940,340.11, 441.0871
575555,5.6367,0.003091,323.54, 441.0852
575556,5.6396,0.002947,339.33, 441.0852
575557,5.6426,0.003021,331.04, 441.0850
575558,5.6455,0.002925,341.85, 441.0852
575559,5.6484,0.002997,333.72, 441.0852
575560,5.6514,0.002911,343.55, 441.0852
575561,5.6548,0.003001,333.20, 441.0852
575562,5.6577,0.002940,340.18, 441.0852
575563,5.6606,0.002990,334.49, 441.0852
575564,5.6636,0.002886,346.49, 441.0847
575565,5.6665,0.002970,336.72, 441.0850
575566,5.6694,0.002944,339.67, 441.0871
575567,5.6724,0.003010,332.18, 441.0850
575568,5.6753,0.002951,338.86, 441.0852
575569,5.6782,0.002937,340.52, 441.0852
575570,5.6812,0.002942,339.93, 441.0847
575571,5.6841,0.002963,337.45, 441.0852
575572,5.6870,0.002898,345.13, 441.0852
575573,5.6899,0.003001,333.28, 441.0852
575574,5.6929,0.002971,336.58, 441.0850
575575,5.6958,0.002982,335.30, 441.0852
575576,5.6987,0.002972,336.53, 441.0852
575577,5.7017,0.002989,334.56, 441.0852
575578,5.7051,0.002985,334.96, 441.0850
575579,5.7080,0.002938,340.34, 441.0871
575580,5.7109,0.002958,338.03, 441.0852
575581,5.7139,0.002936,340.58, 441.0852
575582,5.7168,0.002978,335.82, 441.0852
575583,5.7197,0.002984,335.14, 441.0850
575584,5.7227,0.002984,335.13, 441.0852
575585,5.7256,0.002948,339.25, 441.0847
575586,5.7285,0.003130,319.51, 441.0850
575587,5.7319,0.002987,334.80, 441.0852
575588,5.7349,0.003033,329.70, 441.0852
575589,5.7378,0.002972,336.44, 441.0862
575590,5.7407,0.003039,329.11, 441.0850
575591,5.7437,0.002964,337.37, 441.0852
575592,5.7466,0.002951,338.86, 441.0850
575593,5.7495,0.003040,329.00, 441.0850
575594,5.7529,0.003006,332.71, 441.0852
575595,5.7559,0.002907,344.02, 441.0847
575596,5.7588,0.003042,328.75, 441.0852
575597,5.7617,0.002975,336.17, 441.0847
575598,5.7646,0.002994,334.03, 441.0852
575599,5.7676,0.002922,342.24, 441.0847
575600,5.7705,0.003012,332.01, 441.0852
575601,5.7734,0.002881,347.14, 441.1136
575602,5.7764,0.003082,324.44, 441.0847
575603,5.7793,0.002924,341.97, 441.0852
575604,5.7827,0.003037,329.32, 441.0852
575605,5.7852,0.002893,345.64, 441.0852
575606,5.7886,0.003060,326.80, 441.0850
575607,5.7915,0.003126,319.92, 441.0847
575608,5.7949,0.003126,319.89, 441.0852
575609,5.7979,0.002965,337.26, 441.0847
575610,5.8008,0.003028,330.24, 441.0852
575611,5.8037,0.002970,336.71, 441.0847
575612,5.8066,0.002991,334.31, 441.0986
575613,5.8096,0.003038,329.16, 441.0847
575614,5.8125,0.003042,328.69, 441.0852
575615,5.8154,0.002914,343.12, 441.0847
575616,5.8188,0.003014,331.80, 441.0852
575617,5.8218,0.002965,337.23, 441.0852
575618,5.8247,0.003060,326.78, 441.0847
575619,5.8276,0.002943,339.82, 441.0852
575620,5.8306,0.002962,337.64, 441.0852
575621,5.8335,0.002959,337.94, 441.0852
575622,5.8364,0.003060,326.83, 441.0850
575623,5.8398,0.003097,322.93, 441.0847
575624,5.8428,0.003006,332.71, 441.0852
575625,5.8457,0.002937,340.51, 441.0852
575626,5.8486,0.003027,330.34, 441.0847
575627,5.8516,0.002922,342.22, 441.0881
575628,5.8545,0.003029,330.13, 441.0850
575629,5.8574,0.002974,336.30, 441.0852
575630,5.8608,0.003012,332.06, 441.0852
575631,5.8638,0.002914,343.15, 441.0871
575632,5.8667,0.002987,334.83, 441.0847
575633,5.8696,0.002990,334.40, 441.0852
575634,5.8726,0.003046,328.31, 441.0850
575635,5.8755,0.002945,339.56, 441.0852
575636,5.8784,0.003030,330.00, 441.0850
575637,5.8813,0.002891,345.89, 441.0950
575638,5.8843,0.003070,325.78, 441.0847
575639,5.8877,0.002971,336.61, 441.0852
575640,5.8906,0.002969,336.77, 441.0852
575641,5.8936,0.002982,335.32, 441.0881
575642,5.8965,0.002954,338.57, 441.0850
575643,5.8994,0.002964,337.35, 441.0852
575644,5.9023,0.002949,339.09, 441.0852
575645,5.9053,0.002964,337.43, 441.0852
575646,5.9082,0.002970,336.76, 441.0847
575647,5.9111,0.002941,340.02, 441.0852
575648,5.9141,0.002895,345.45, 441.0847
575649,5.9170,0.002958,338.03, 441.0852
575650,5.9199,0.002982,335.38, 441.0847
575651,5.9233,0.003357,297.93, 441.0847
575652,5.9263,0.002941,339.99, 441.0850
575653,5.9292,0.002994,334.01, 441.0850
575654,5.9321,0.002937,340.44, 441.0852
575655,5.9351,0.003004,332.91, 441.0852
575656,5.9380,0.002908,343.93, 441.0850
575657,5.9409,0.002996,333.76, 441.0852
575658,5.9438,0.002921,342.40, 441.0850
575659,5.9473,0.003006,332.67, 441.0852
575660,5.9502,0.002949,339.08, 441.0850
575661,5.9531,0.003000,333.37, 441.0852
575662,5.9561,0.002910,343.70, 441.0852
575663,5.9590,0.003002,333.13, 441.0852
575664,5.9619,0.002889,346.19, 441.0850
575665,5.9648,0.002977,335.93, 441.0853
575666,5.9678,0.003004,332.90, 441.0852
575667,5.9707,0.003011,332.12, 441.0853
575668,5.9736,0.002937,340.47, 441.0852
575669,5.9766,0.002999,333.47, 441.0853
575670,5.9800,0.003292,303.79, 441.0850
575671,5.9834,0.003135,319.02, 441.0847
575672,5.9863,0.002945,339.56, 441.0852
575673,5.9893,0.003093,323.29, 441.0850
575674,5.9922,0.003001,333.23, 441.0847
575675,5.9956,0.003164,316.06, 441.0852
575676,5.9985,0.002982,335.32, 441.0852
575677,6.0015,0.003045,328.46, 441.0847
575678,6.0044,0.002958,338.09, 441.0847
575679,6.0073,0.003059,326.94, 441.0852
575680,6.0103,0.003030,330.09, 441.0847
575681,6.0137,0.003076,325.13, 441.0852
575682,6.0166,0.002918,342.65, 441.0852
575683,6.0195,0.003044,328.53, 441.0852
575684,6.0225,0.002888,346.32, 441.0852
575685,6.0254,0.003062,326.61, 441.0852
575686,6.0283,0.002991,334.35, 441.0852
575687,6.0317,0.003089,323.77, 441.0852
575688,6.0342,0.002880,347.17, 441.0852
575689,6.0376,0.003022,330.92, 441.0852
575690,6.0405,0.002938,340.36, 441.0852
575691,6.0435,0.003057,327.13, 441.0852
575692,6.0464,0.002905,344.19, 441.0850
575693,6.0493,0.003064,326.38, 441.0871
575694,6.0522,0.002920,342.49, 441.0871
575695,6.0552,0.002984,335.13, 441.0852
575696,6.0581,0.002959,337.99, 441.0852
575697,6.0610,0.003001,333.23, 441.0850
575698,6.0640,0.002902,344.58, 441.0852
575699,6.0669,0.002961,337.76, 441.0852
575700,6.0698,0.002932,341.11, 441.0850
575701,6.0732,0.003037,329.24, 441.0852
575702,6.0762,0.003010,332.23, 441.0850
575703,6.0791,0.003028,330.24, 441.0850
575704,6.0820,0.002956,338.30, 441.0850
575705,6.0850,0.003031,329.92, 441.0852
575706,6.0879,0.003034,329.62, 441.0852
575707,6.0913,0.003187,313.81, 441.0847
575708,6.0942,0.003045,328.41, 441.0852
575709,6.0972,0.002992,334.27, 441.0852
575710,6.1001,0.002953,338.59, 441.0850
575711,6.1030,0.002954,338.58, 441.0852
575712,6.1064,0.002992,334.25, 441.0852
575713,6.1094,0.003006,332.66, 441.0847
575714,6.1123,0.002937,340.50, 441.0852
575715,6.1152,0.002940,340.15, 441.0852
575716,6.1182,0.002951,338.83, 441.0852
575717,6.1211,0.003188,313.70, 441.0852
575718,6.1245,0.003062,326.54, 441.0850
575719,6.1274,0.002974,336.29, 441.0852
575720,6.1304,0.002942,339.90, 441.0852
575721,6.1333,0.003001,333.19, 441.0871
575722,6.1362,0.002954,338.48, 441.0871
575723,6.1392,0.002979,335.68, 441.0847
575724,6.1421,0.003006,332.63, 441.0847
575725,6.1450,0.002922,342.21, 441.0852
575726,6.1479,0.002992,334.21, 441.0852
575727,6.1509,0.002943,339.78, 441.0852
575728,6.1543,0.003056,327.23, 441.0847
575729,6.1572,0.002946,339.49, 441.0847
575730,6.1602,0.002997,333.69, 441.0852
575731,6.1631,0.002845,351.56, 441.0921
575732,6.1660,0.002931,341.22, 441.0852
575733,6.1689,0.003183,314.14, 441.0847
575734,6.1724,0.003331,300.18, 441.0852
575735,6.1753,0.003077,325.01, 441.0852
575736,6.1787,0.003348,298.73, 441.0852
575737,6.1821,0.003132,319.27, 441.0847
575738,6.1851,0.003403,293.82, 441.0847
575739,6.1890,0.003514,284.60, 441.0852
575740,6.1919,0.003311,302.04, 441.0847
575741,6.1953,0.003361,297.54, 441.0850
575742,6.1982,0.002996,333.76, 441.0847
575743,6.2017,0.003068,325.92, 441.0852
575744,6.2046,0.002908,343.94, 441.0850
575745,6.2075,0.003141,318.34, 441.0852
575746,6.2104,0.003003,332.96, 441.0847
575747,6.2139,0.003048,328.06, 441.0850
575748,6.2168,0.002915,343.05, 441.0852
575749,6.2197,0.003102,322.38, 441.0852
575750,6.2227,0.003035,329.45, 441.0852
575751,6.2256,0.003040,328.94, 441.0852
575752,6.2285,0.002931,341.13, 441.0852
575753,6.2319,0.003026,330.46, 441.0852
575754,6.2344,0.002915,343.05, 441.0850
575755,6.2378,0.003025,330.63, 441.0852
575756,6.2407,0.002971,336.54, 441.0852
575757,6.2437,0.002962,337.63, 441.0852
575758,6.2466,0.002938,340.33, 441.0852
575759,6.2495,0.003029,330.11, 441.0852
575760,6.2524,0.002921,342.36, 441.0852
575761,6.2554,0.002977,335.87, 441.0852
575762,6.2583,0.002927,341.65, 441.0852
575763,6.2612,0.002939,340.23, 441.0852
575764,6.2642,0.002905,344.23, 441.0852
575765,6.2671,0.002935,340.69, 441.0852
575766,6.2700,0.002967,337.07, 441.0847
575767,6.2729,0.002950,338.98, 441.0852
575768,6.2759,0.002955,338.38, 441.0847
575769,6.2788,0.002979,335.67, 441.0852
575770,6.2817,0.002939,340.26, 441.0852
575771,6.2847,0.002919,342.64, 441.0852
575772,6.2876,0.002961,337.72, 441.0852
575773,6.2905,0.002905,344.25, 441.0852
575774,6.2935,0.002979,335.64, 441.0852
575775,6.2964,0.002899,344.91, 441.0852
575776,6.2998,0.002985,335.04, 441.0852
575777,6.3027,0.002932,341.12, 441.0850
575778,6.3057,0.002973,336.38, 441.0852
575779,6.3086,0.002894,345.57, 441.0852
575780,6.3115,0.002951,338.87, 441.0850
575781,6.3145,0.002910,343.63, 441.0850
575782,6.3174,0.002957,338.13, 441.0850
575783,6.3203,0.002911,343.52, 441.0850
575784,6.3232,0.003000,333.31, 441.0852
575785,6.3262,0.002948,339.17, 441.0852
575786,6.3291,0.003014,331.77, 441.0847
575787,6.3320,0.002875,347.89, 441.0852
575788,6.3350,0.002931,341.13, 441.0852
575789,6.3379,0.002891,345.94, 441.0852
575790,6.3408,0.003054,327.44, 441.0852
575791,6.3438,0.002903,344.44, 441.0852
575792,6.3467,0.002927,341.60, 441.0850
575793,6.3496,0.002903,344.48, 441.0852
575794,6.3525,0.002951,338.88, 441.0850
575795,6.3555,0.002911,343.51, 441.0852
575796,6.3584,0.002953,338.67, 441.0995
575797,6.3613,0.002972,336.51, 441.0852
575798,6.3643,0.002902,344.61, 441.0847
575799,6.3672,0.002911,343.54, 441.0852
575800,6.3701,0.002928,341.51, 441.0852
575801,6.3730,0.003012,332.05, 441.0852
575802,6.3760,0.002905,344.19, 441.0852
575803,6.3789,0.002957,338.19, 441.0852
575804,6.3818,0.002884,346.79, 441.0850
575805,6.3848,0.002975,336.12, 441.0852
575806,6.3877,0.002914,343.16, 441.0901
575807,6.3906,0.003060,326.84, 441.0852
575808,6.3936,0.002945,339.52, 441.0847
575809,6.3965,0.002985,335.01, 441.0852
575810,6.3994,0.002895,345.44, 441.0852
575811,6.4028,0.002984,335.12, 441.0852
575812,6.4053,0.002883,346.92, 441.0852
575813,6.4087,0.003041,328.85, 441.0852
575814,6.4116,0.002867,348.81, 441.1075
575815,6.4146,0.003019,331.24, 441.0852
575816,6.4175,0.002867,348.82, 441.0850
575817,6.4204,0.003035,329.54, 441.0852
575818,6.4233,0.002844,351.58, 441.0852
575819,6.4263,0.002960,337.89, 441.0850
575820,6.4292,0.002908,343.86, 441.0852
575821,6.4321,0.002957,338.13, 441.0853
575822,6.4351,0.003074,325.29, 441.0852
575823,6.4380,0.003026,330.49, 441.0852
575824,6.4409,0.002936,340.66, 441.0852
575825,6.4438,0.003016,331.57, 441.0853
575826,6.4468,0.002860,349.66, 441.0852
575827,6.4497,0.002996,333.82, 441.0853
575828,6.4531,0.003077,324.96, 441.0850
575829,6.4561,0.003007,332.51, 441.0853
575830,6.4590,0.003013,331.85, 441.0850
575831,6.4619,0.003027,330.35, 441.0852
575832,6.4653,0.003096,322.97, 441.0847
575833,6.4683,0.003009,332.31, 441.0852
575834,6.4712,0.002933,340.96, 441.0847
575835,6.4741,0.003052,327.70, 441.0852
575836,6.4771,0.002966,337.19, 441.0847
575837,6.4800,0.003023,330.80, 441.0852
575838,6.4829,0.002973,336.41, 441.0847
575839,6.4858,0.002957,338.16, 441.0852
575840,6.4888,0.002916,342.97, 441.0852
575841,6.4917,0.002979,335.69, 441.0852
575842,6.4951,0.003096,322.99, 441.0850
575843,6.4980,0.002977,335.91, 441.0852
575844,6.5010,0.002968,336.88, 441.0847
575845,6.5039,0.002961,337.76, 441.0850
575846,6.5068,0.002970,336.71, 441.0852
575847,6.5098,0.002990,334.48, 441.0852
575848,6.5132,0.003090,323.62, 441.0850
575849,6.5161,0.003027,330.41, 441.0847
575850,6.5190,0.002994,333.99, 441.0852
575851,6.5220,0.002942,339.94, 441.0852
575852,6.5249,0.003007,332.51, 441.0847
575853,6.5278,0.003096,323.03, 441.0850
575854,6.5313,0.003027,330.41, 441.0852
575855,6.5342,0.002940,340.15, 441.0852
575856,6.5371,0.002957,338.21, 441.0852
575857,6.5400,0.002982,335.39, 441.0862
575858,6.5430,0.003053,327.59, 441.0850
575859,6.5459,0.002955,338.41, 441.0852
575860,6.5488,0.002968,336.93, 441.0852
575861,6.5518,0.002961,337.71, 441.0852
575862,6.5547,0.003033,329.66, 441.0847
575863,6.5581,0.002963,337.46, 441.0847
575864,6.5610,0.002987,334.76, 441.0850
575865,6.5640,0.002972,336.44, 441.0847
575866,6.5669,0.002996,333.77, 441.0847
575867,6.5698,0.002984,335.09, 441.0847
575868,6.5728,0.003038,329.21, 441.0852
575869,6.5757,0.002939,340.26, 441.0852
575870,6.5786,0.003001,333.23, 441.0850
575871,6.5815,0.002970,336.72, 441.0850
575872,6.5850,0.003121,320.40, 441.0847
575873,6.5879,0.002908,343.86, 441.0852
575874,6.5908,0.003147,317.74, 441.0847
575875,6.5942,0.003095,323.15, 441.0847
575876,6.5972,0.003026,330.45, 441.0852
575877,6.6001,0.003049,327.98, 441.0847
575878,6.6030,0.002998,333.58, 441.0852
575879,6.6060,0.002900,344.86, 441.0852
575880,6.6094,0.003353,298.23, 441.0847
575881,6.6123,0.003116,320.94, 441.0850
575882,6.6157,0.003040,328.98, 441.0852
575883,6.6187,0.002923,342.08, 441.0852
575884,6.6216,0.003105,322.07, 441.0850
575885,6.6245,0.003017,331.47, 441.0847
575886,6.6274,0.002968,336.97, 441.0871
575887,6.6304,0.002952,338.80, 441.0850
575888,6.6333,0.003000,333.34, 441.0852
575889,6.6362,0.002888,346.24, 441.0850
575890,6.6396,0.003133,319.17, 441.0850
575891,6.6426,0.002921,342.40, 441.0852
575892,6.6455,0.003001,333.28, 441.0850
575893,6.6484,0.002920,342.45, 441.0852
575894,6.6514,0.002974,336.22, 441.0852
575895,6.6543,0.002905,344.27, 441.0852
575896,6.6572,0.002993,334.09, 441.0852
575897,6.6602,0.002918,342.65, 441.0852
575898,6.6631,0.002951,338.88, 441.0850
575899,6.6660,0.002859,349.80, 441.0850
575900,6.6689,0.002979,335.69, 441.0847
575901,6.6719,0.002970,336.73, 441.0852
575902,6.6748,0.002986,334.88, 441.0853
575903,6.6777,0.003076,325.14, 441.0852
575904,6.6812,0.003026,330.47, 441.0850
575905,6.6841,0.002973,336.42, 441.0852
575906,6.6870,0.003044,328.52, 441.0850
575907,6.6899,0.003007,332.54, 441.0852
575908,6.6934,0.003164,316.05, 441.0847
575909,6.6963,0.003004,332.94, 441.0852
575910,6.6992,0.002984,335.15, 441.0850
575911,6.7021,0.002942,339.90, 441.0852
575912,6.7051,0.002995,333.92, 441.0852
575913,6.7080,0.002968,336.97, 441.0852
575914,6.7109,0.002976,336.02, 441.0850
575915,6.7139,0.002898,345.11, 441.0852
575916,6.7168,0.002929,341.37, 441.0852
575917,6.7197,0.003017,331.47, 441.0852
575918,6.7227,0.002939,340.29, 441.0852
575919,6.7256,0.002977,335.95, 441.0852
575920,6.7285,0.002924,342.06, 441.0853
575921,6.7314,0.002984,335.14, 441.0852
575922,6.7349,0.002949,339.12, 441.0850
575923,6.7378,0.002981,335.46, 441.0847
575924,6.7407,0.003019,331.27, 441.0871
575925,6.7437,0.003031,329.88, 441.0852
575926,6.7466,0.002910,343.65, 441.0853
575927,6.7505,0.003867,258.63, 441.0847
575928,6.7544,0.003994,250.37, 441.0847
575929,6.7573,0.003076,325.08, 441.0852
575930,6.7607,0.003011,332.14, 441.0850
575931,6.7632,0.002882,346.97, 441.0852
575932,6.7666,0.003137,318.80, 441.0850
575933,6.7695,0.002998,333.59, 441.0852
575934,6.7725,0.003028,330.22, 441.0850
575935,6.7754,0.002914,343.14, 441.0852
575936,6.7783,0.003012,331.99, 441.0850
575937,6.7817,0.003064,326.40, 441.0847
575938,6.7847,0.003083,324.37, 441.0850
575939,6.7876,0.002930,341.29, 441.0852
575940,6.7905,0.003014,331.84, 441.0850
575941,6.7935,0.002952,338.74, 441.0852
575942,6.7964,0.002982,335.32, 441.0852
575943,6.7993,0.002937,340.45, 441.0852
575944,6.8022,0.003006,332.66, 441.0850
575945,6.8052,0.002912,343.36, 441.0852
575946,6.8086,0.003006,332.63, 441.0847
575947,6.8115,0.002962,337.64, 441.0852
575948,6.8145,0.002995,333.85, 441.0850
575949,6.8174,0.002950,338.95, 441.0850
575950,6.8203,0.003064,326.41, 441.0871
575951,6.8232,0.002986,334.95, 441.0852
575952,6.8262,0.002921,342.34, 441.0852
575953,6.8291,0.002977,335.92, 441.0850
575954,6.8320,0.002983,335.28, 441.0847
575955,6.8350,0.002950,339.01, 441.0852
575956,6.8384,0.002992,334.24, 441.0847
575957,6.8413,0.003008,332.44, 441.0852
575958,6.8442,0.003076,325.13, 441.0850
575959,6.8472,0.003102,322.33, 441.0852
575960,6.8506,0.003075,325.17, 441.0852
575961,6.8535,0.003195,312.98, 441.0852
575962,6.8564,0.003014,331.80, 441.0850
575963,6.8599,0.003027,330.36, 441.0852
575964,6.8628,0.003038,329.19, 441.0847
575965,6.8657,0.002942,339.95, 441.0852
575966,6.8687,0.002960,337.86, 441.0847
575967,6.8716,0.002964,337.35, 441.0852
575968,6.8745,0.002941,340.00, 441.0852
575969,6.8774,0.003012,331.98, 441.0852
575970,6.8804,0.002949,339.05, 441.0847
575971,6.8833,0.002965,337.27, 441.0852
575972,6.8862,0.002885,346.61, 441.0997
575973,6.8892,0.002997,333.68, 441.0852
575974,6.8921,0.002972,336.46, 441.0850
575975,6.8955,0.002990,334.45, 441.0852
575976,6.8984,0.002947,339.34, 441.0850
575977,6.9014,0.002997,333.68, 441.0852
575978,6.9043,0.002922,342.29, 441.0850
575979,6.9072,0.003011,332.10, 441.0852
575980,6.9102,0.002950,338.97, 441.0847
575981,6.9131,0.003006,332.63, 441.0852
575982,6.9160,0.002815,355.24, 441.1125
575983,6.9189,0.003017,331.47, 441.0847
575984,6.9219,0.002928,341.51, 441.0852
575985,6.9248,0.003098,322.83, 441.0847
575986,6.9277,0.002919,342.59, 441.0852
575987,6.9312,0.003034,329.58, 441.0847
575988,6.9341,0.003007,332.55, 441.0852
575989,6.9370,0.002986,334.94, 441.0847
575990,6.9399,0.002886,346.48, 441.0852
575991,6.9429,0.003020,331.10, 441.0852
575992,6.9458,0.002882,346.93, 441.0852
575993,6.9487,0.002986,334.88, 441.0847
575994,6.9517,0.002913,343.35, 441.0847
575995,6.9546,0.003076,325.11, 441.0847
575996,6.9575,0.002957,338.16, 441.0852
575997,6.9604,0.003019,331.26, 441.0850
575998,6.9634,0.002888,346.30, 441.0852
575999,6.9663,0.002951,338.87, 441.0852
576000,6.9692,0.002938,340.34, 441.0852
576001,6.9722,0.002972,336.51, 441.0852
576002,6.9751,0.002944,339.71, 441.0852
576003,6.9785,0.002954,338.52, 441.0847
576004,6.9814,0.002934,340.87, 441.0852
576005,6.9844,0.003017,331.43, 441.0850
576006,6.9873,0.003069,325.83, 441.0847
576007,6.9902,0.002991,334.33, 441.0850
576008,6.9932,0.003094,323.22, 441.0852
576009,6.9966,0.002952,338.81, 441.0871
576010,6.9995,0.002994,333.96, 441.0852
576011,7.0024,0.003000,333.36, 441.0852
576012,7.0054,0.003032,329.87, 441.0852
576013,7.0083,0.002965,337.23, 441.0847
576014,7.0112,0.002985,334.97, 441.0852
576015,7.0142,0.002985,335.06, 441.0852
576016,7.0171,0.003002,333.10, 441.0852
576017,7.0205,0.002971,336.54, 441.0850
576018,7.0234,0.002974,336.21, 441.0850
576019,7.0264,0.002900,344.80, 441.0852
576020,7.0293,0.002976,336.08, 441.0847
576021,7.0322,0.002979,335.71, 441.0852
576022,7.0352,0.003006,332.62, 441.0847
576023,7.0381,0.002955,338.47, 441.0850
576024,7.0410,0.003037,329.25, 441.0847
576025,7.0439,0.002940,340.12, 441.0850
576026,7.0469,0.002995,333.92, 441.0852
576027,7.0498,0.002951,338.82, 441.0850
576028,7.0532,0.003069,325.80, 441.0852
576029,7.0562,0.003132,319.24, 441.0847
576030,7.0591,0.003021,331.03, 441.0852
576031,7.0620,0.002921,342.37, 441.0852
576032,7.0654,0.003095,323.14, 441.0850
576033,7.0684,0.002944,339.71, 441.0852
576034,7.0713,0.003076,325.11, 441.0852
576035,7.0742,0.003025,330.55, 441.0871
576036,7.0776,0.003210,311.55, 441.0847
576037,7.0806,0.003063,326.43, 441.0852
576038,7.0835,0.003006,332.69, 441.0847
576039,7.0864,0.002935,340.70, 441.0850
576040,7.0894,0.003036,329.39, 441.0847
576041,7.0923,0.002978,335.82, 441.0850
576042,7.0957,0.003050,327.85, 441.0850
576043,7.0986,0.002853,350.51, 441.0995
576044,7.1016,0.003023,330.82, 441.0847
576045,7.1045,0.002869,348.61, 441.0852
576046,7.1074,0.003033,329.66, 441.0850
576047,7.1104,0.003167,315.77, 441.0850
576048,7.1138,0.003139,318.62, 441.0847
576049,7.1167,0.002868,348.70, 441.0871
576050,7.1196,0.003001,333.23, 441.0847
576051,7.1226,0.003167,315.78, 441.0850
576052,7.1260,0.003122,320.27, 441.0850
576053,7.1289,0.002941,340.01, 441.0850
576054,7.1318,0.003003,332.97, 441.0850
576055,7.1348,0.002946,339.50, 441.0847
576056,7.1377,0.003027,330.41, 441.0852
576057,7.1406,0.002958,338.04, 441.1125
576058,7.1436,0.003030,330.07, 441.0847
576059,7.1465,0.003010,332.28, 441.0852
576060,7.1499,0.003007,332.54, 441.0852
576061,7.1528,0.002878,347.48, 441.0852
576062,7.1558,0.003041,328.83, 441.0847
576063,7.1587,0.002942,339.87, 441.0852
576064,7.1616,0.002989,334.57, 441.0850
576065,7.1646,0.002878,347.50, 441.0852
576066,7.1675,0.002952,338.80, 441.0852
576067,7.1704,0.002997,333.62, 441.0852
576068,7.1738,0.003399,294.22, 441.0847
576069,7.1768,0.003089,323.69, 441.0852
576070,7.1802,0.003151,317.37, 441.0852
576071,7.1831,0.003271,305.71, 441.0850
576072,7.1870,0.003513,284.65, 441.0852
576073,7.1904,0.003497,286.00, 441.0847
576074,7.1934,0.003255,307.20, 441.0847
576075,7.1968,0.003022,330.92, 441.0847
576076,7.1997,0.003055,327.33, 441.0852
576077,7.2026,0.003038,329.15, 441.0847
576078,7.2056,0.003074,325.33, 441.0850
576079,7.2090,0.003051,327.82, 441.0847
576080,7.2119,0.002999,333.43, 441.0852
576081,7.2148,0.002982,335.35, 441.0847
576082,7.2178,0.002996,333.81, 441.0852
576083,7.2207,0.002984,335.09, 441.0847
576084,7.2236,0.003009,332.30, 441.0852
576085,7.2266,0.002949,339.09, 441.0847
576086,7.2295,0.002971,336.61, 441.0852
576087,7.2329,0.002963,337.52, 441.0852
576088,7.2358,0.003001,333.21, 441.0852
576089,7.2388,0.003041,328.85, 441.0847
576090,7.2417,0.003017,331.43, 441.0850
576091,7.2446,0.002959,337.92, 441.0852
576092,7.2476,0.002990,334.45, 441.0852
576093,7.2505,0.002985,335.00, 441.0852
576094,7.2534,0.002973,336.33, 441.0852
576095,7.2563,0.002897,345.14, 441.0852
576096,7.2598,0.003097,322.85, 441.0852
576097,7.2627,0.002931,341.17, 441.0850
576098,7.2656,0.002987,334.84, 441.0850
576099,7.2686,0.002918,342.74, 441.0852
576100,7.2715,0.003013,331.85, 441.0852
576101,7.2744,0.002933,340.97, 441.0850
576102,7.2773,0.003015,331.72, 441.0852
576103,7.2803,0.002932,341.12, 441.0852
576104,7.2832,0.003003,332.99, 441.0852
576105,7.2861,0.002869,348.52, 441.0852
576106,7.2891,0.003044,328.54, 441.0850
576107,7.2920,0.002909,343.76, 441.0852
576108,7.2954,0.002993,334.15, 441.0852
576109,7.2983,0.002950,338.96, 441.0852
576110,7.3013,0.003000,333.33, 441.0847
576111,7.3042,0.002896,345.35, 441.0852
576112,7.3071,0.002977,335.95, 441.0847
576113,7.3101,0.002957,338.18, 441.0852
576114,7.3130,0.002967,337.02, 441.0847
576115,7.3159,0.002976,335.99, 441.0852
576116,7.3188,0.003012,332.03, 441.0847
576117,7.3218,0.002969,336.85, 441.0852
576118,7.3247,0.002986,334.87, 441.0850
576119,7.3276,0.002982,335.30, 441.0852
576120,7.3311,0.003040,328.98, 441.0847
576121,7.3340,0.002991,334.31, 441.0850
576122,7.3369,0.003094,323.26, 441.0847
576123,7.3403,0.003166,315.83, 441.0850
576124,7.3433,0.003096,322.98, 441.0847
576125,7.3462,0.002994,334.02, 441.0852
576126,7.3491,0.003064,326.35, 441.0847
576127,7.3525,0.003073,325.37, 441.0852
576128,7.3555,0.003051,327.75, 441.0847
576129,7.3584,0.003010,332.19, 441.0852
576130,7.3613,0.003073,325.38, 441.0847
576131,7.3643,0.002962,337.66, 441.0852
576132,7.3677,0.003000,333.37, 441.0850
576133,7.3706,0.002979,335.67, 441.0852
576134,7.3735,0.003030,330.01, 441.0847
576135,7.3765,0.003017,331.44, 441.0852
576136,7.3794,0.003086,324.01, 441.0852
576137,7.3828,0.003092,323.43, 441.0852
576138,7.3857,0.003003,332.98, 441.0847
576139,7.3887,0.002978,335.78, 441.0852
576140,7.3916,0.003104,322.21, 441.0847
576141,7.3950,0.003044,328.52, 441.0847
576142,7.3979,0.003028,330.24, 441.0850
576143,7.4009,0.002994,334.00, 441.0852
576144,7.4038,0.003089,323.76, 441.0850
576145,7.4072,0.003149,317.56, 441.0850
576146,7.4102,0.003183,314.17, 441.0850
576147,7.4136,0.003218,310.71, 441.0847
576148,7.4165,0.003190,313.49, 441.0852
576149,7.4194,0.002974,336.26, 441.0850
576150,7.4229,0.003028,330.26, 441.0850
576151,7.4258,0.002933,340.90, 441.0852
576152,7.4287,0.002997,333.63, 441.0852
576153,7.4316,0.002926,341.82, 441.0852
576154,7.4346,0.003047,328.17, 441.0852
576155,7.4375,0.002910,343.70, 441.0852
576156,7.4404,0.003042,328.71, 441.0852
576157,7.4434,0.002938,340.40, 441.0852
576158,7.4463,0.002944,339.66, 441.0852
576159,7.4492,0.002957,338.24, 441.0852
576160,7.4521,0.002987,334.78, 441.0876
576161,7.4551,0.002949,339.05, 441.0852
576162,7.4585,0.002978,335.81, 441.0850
576163,7.4614,0.002989,334.54, 441.0852
576164,7.4644,0.002962,337.67, 441.0847
576165,7.4673,0.002954,338.49, 441.0891
576166,7.4702,0.003000,333.38, 441.0852
576167,7.4731,0.003000,333.33, 441.0852
576168,7.4761,0.002920,342.42, 441.0847
576169,7.4790,0.002957,338.18, 441.0852
576170,7.4819,0.002992,334.28, 441.0852
576171,7.4849,0.002985,335.01, 441.0852
576172,7.4883,0.003028,330.24, 441.0852
576173,7.4912,0.003266,306.17, 441.0847
576174,7.4941,0.003074,325.30, 441.0847
576175,7.4976,0.003116,320.97, 441.0850
576176,7.5005,0.003031,329.91, 441.0852
576177,7.5034,0.002942,339.89, 441.0852
576178,7.5063,0.002895,345.39, 441.0852
576179,7.5093,0.003024,330.73, 441.0850
576180,7.5122,0.002970,336.66, 441.0852
576181,7.5156,0.003098,322.75, 441.0852
576182,7.5186,0.002931,341.18, 441.0852
576183,7.5215,0.002972,336.44, 441.0852
576184,7.5244,0.002938,340.36, 441.0847
576185,7.5273,0.003015,331.70, 441.0852
576186,7.5303,0.003060,326.75, 441.0850
576187,7.5332,0.003026,330.45, 441.0852
576188,7.5361,0.002952,338.75, 441.0852
576189,7.5396,0.003009,332.34, 441.0852
576190,7.5425,0.002955,338.38, 441.0847
576191,7.5454,0.003049,328.02, 441.0852
576192,7.5483,0.002975,336.09, 441.0850
576193,7.5513,0.003006,332.68, 441.0852
576194,7.5542,0.002911,343.48, 441.0847
576195,7.5571,0.002995,333.87, 441.0852
576196,7.5601,0.002982,335.37, 441.0850
576197,7.5635,0.003019,331.26, 441.0850
576198,7.5659,0.002896,345.35, 441.0850
576199,7.5693,0.003024,330.67, 441.0850
576200,7.5723,0.002913,343.27, 441.0850
576201,7.5752,0.003052,327.64, 441.0852
576202,7.5781,0.002947,339.37, 441.0850
576203,7.5811,0.003000,333.29, 441.0852
576204,7.5840,0.002901,344.77, 441.0852
576205,7.5869,0.002989,334.53, 441.0847
576206,7.5898,0.002966,337.21, 441.0852
576207,7.5928,0.003042,328.77, 441.0847
576208,7.5957,0.002916,342.95, 441.0852
576209,7.5991,0.002989,334.55, 441.0847
576210,7.6021,0.002937,340.51, 441.0847
576211,7.6050,0.003008,332.49, 441.0852
576212,7.6079,0.002967,337.03, 441.0852
576213,7.6108,0.002980,335.54, 441.0850
576214,7.6138,0.002921,342.31, 441.0852
576215,7.6167,0.002990,334.45, 441.0852
576216,7.6196,0.002975,336.16, 441.0852
576217,7.6226,0.003072,325.56, 441.0852
576218,7.6260,0.003296,303.37, 441.0847
576219,7.6294,0.003140,318.52, 441.0850
576220,7.6323,0.002947,339.28, 441.0852
576221,7.6353,0.002994,334.06, 441.0850
576222,7.6382,0.002951,338.85, 441.0852
576223,7.6411,0.003030,330.05, 441.0847
576224,7.6440,0.002943,339.79, 441.0852
576225,7.6470,0.003099,322.66, 441.0847
576226,7.6499,0.002979,335.72, 441.0852
576227,7.6533,0.003040,328.96, 441.0847
576228,7.6563,0.002954,338.55, 441.0852
576229,7.6592,0.003017,331.46, 441.0847
576230,7.6621,0.002989,334.60, 441.0850
576231,7.6650,0.003065,326.24, 441.0847
576232,7.6685,0.003061,326.73, 441.0850
576233,7.6714,0.003012,332.02, 441.0847
576234,7.6743,0.002948,339.24, 441.0850
576235,7.6772,0.002948,339.20, 441.0852
576236,7.6802,0.002993,334.14, 441.0850
576237,7.6831,0.002956,338.35, 441.0850
576238,7.6860,0.002948,339.21, 441.0850
576239,7.6890,0.002980,335.60, 441.0850
576240,7.6919,0.003026,330.49, 441.0852
576241,7.6953,0.003069,325.81, 441.0852
576242,7.6982,0.002983,335.26, 441.0847
576243,7.7012,0.002973,336.42, 441.0852
576244,7.7041,0.002981,335.49, 441.0852
576245,7.7070,0.002955,338.40, 441.0850
576246,7.7100,0.003015,331.70, 441.0850
576247,7.7129,0.002941,339.99, 441.0852
576248,7.7158,0.002968,336.95, 441.0852
576249,7.7188,0.002965,337.26, 441.0852
576250,7.7217,0.002954,338.48, 441.0852
576251,7.7246,0.002945,339.52, 441.0852
576252,7.7280,0.003009,332.34, 441.0852
576253,7.7310,0.002968,336.96, 441.0852
576254,7.7339,0.003009,332.29, 441.0852
576255,7.7368,0.002909,343.71, 441.0852
576256,7.7397,0.003068,325.92, 441.0847
576257,7.7427,0.002935,340.77, 441.0852
576258,7.7456,0.002981,335.48, 441.0847
576259,7.7485,0.002921,342.37, 441.0852
576260,7.7515,0.003012,332.03, 441.0847
576261,7.7544,0.002973,336.39, 441.0850
576262,7.7578,0.003013,331.91, 441.0847
576263,7.7607,0.002936,340.59, 441.0852
576264,7.7642,0.003729,268.20, 441.0847
576265,7.7681,0.003954,252.91, 441.0847
576266,7.7715,0.003284,304.54, 441.0850
576267,7.7744,0.002977,335.89, 441.0850
576268,7.7773,0.002950,339.04, 441.0852
576269,7.7803,0.002964,337.36, 441.0850
576270,7.7832,0.002944,339.64, 441.0852
576271,7.7861,0.003010,332.27, 441.0852
576272,7.7891,0.002938,340.41, 441.0850
576273,7.7920,0.002930,341.36, 441.0850
576274,7.7954,0.002980,335.59, 441.0852
576275,7.7983,0.002952,338.80, 441.0852
576276,7.8013,0.002943,339.82, 441.0850
576277,7.8042,0.002891,345.87, 441.0852
576278,7.8071,0.002977,335.90, 441.0852
576279,7.8101,0.002950,339.02, 441.0852
576280,7.8130,0.002964,337.35, 441.0852
576281,7.8159,0.002904,344.35, 441.0852
576282,7.8188,0.002969,336.85, 441.0852
576283,7.8218,0.002939,340.31, 441.0852
576284,7.8247,0.002967,337.09, 441.0852
576285,7.8276,0.002939,340.27, 441.0847
576286,7.8306,0.002953,338.68, 441.0852
576287,7.8335,0.002888,346.32, 441.0852
576288,7.8364,0.002936,340.66, 441.0852
576289,7.8394,0.002845,351.47, 441.0852
576290,7.8423,0.003052,327.63, 441.0852
576291,7.8452,0.002951,338.89, 441.0852
576292,7.8481,0.002964,337.43, 441.0852
576293,7.8511,0.002867,348.77, 441.0852
576294,7.8540,0.002944,339.65, 441.0852
576295,7.8569,0.002892,345.81, 441.0852
576296,7.8599,0.002994,334.02, 441.0852
576297,7.8628,0.002934,340.89, 441.0852
576298,7.8657,0.002936,340.62, 441.0852
576299,7.8687,0.002903,344.42, 441.0852
576300,7.8716,0.002980,335.53, 441.0847
576301,7.8745,0.002995,333.91, 441.0852
576302,7.8774,0.002917,342.84, 441.0847
576303,7.8804,0.002916,342.91, 441.0852
576304,7.8833,0.002893,345.65, 441.0852
576305,7.8862,0.002938,340.41, 441.0852
576306,7.8892,0.002939,340.31, 441.0850
576307,7.8921,0.002985,335.05, 441.0852
576308,7.8950,0.002890,346.07, 441.0852
576309,7.8979,0.002950,339.01, 441.0852
576310,7.9009,0.002910,343.69, 441.0850
576311,7.9038,0.003018,331.38, 441.0852
576312,7.9067,0.002977,335.89, 441.0850
576313,7.9102,0.003032,329.78, 441.0852
576314,7.9131,0.002940,340.09, 441.0847
576315,7.9160,0.002960,337.86, 441.0852
576316,7.9189,0.002927,341.69, 441.0852
576317,7.9219,0.002990,334.48, 441.0852
576318,7.9248,0.002862,349.38, 441.0852
576319,7.9277,0.002989,334.55, 441.0850
576320,7.9307,0.002880,347.25, 441.0852
576321,7.9336,0.002996,333.82, 441.0852
576322,7.9365,0.002836,352.65, 441.0975
576323,7.9395,0.003008,332.41, 441.0852
576324,7.9424,0.002888,346.28, 441.0852
576325,7.9453,0.002941,340.00, 441.0852
576326,7.9482,0.002986,334.91, 441.0852
576327,7.9512,0.003008,332.46, 441.0852
576328,7.9541,0.002880,347.21, 441.0852
576329,7.9570,0.002953,338.60, 441.0852
576330,7.9600,0.002926,341.78, 441.0852
576331,7.9629,0.002949,339.10, 441.0852
576332,7.9658,0.002925,341.93, 441.0852
576333,7.9688,0.002956,338.27, 441.0852
576334,7.9717,0.002956,338.28, 441.0852
576335,7.9746,0.002960,337.87, 441.0852
576336,7.9775,0.002932,341.12, 441.0852
576337,7.9805,0.002960,337.83, 441.0852
576338,7.9834,0.002955,338.39, 441.0850
576339,7.9863,0.002913,343.25, 441.0852
576340,7.9893,0.002955,338.46, 441.0852
576341,7.9922,0.002915,343.10, 441.0852
576342,7.9951,0.002973,336.33, 441.0852
576343,7.9985,0.003014,331.79, 441.0850
576344,8.0015,0.003064,326.35, 441.0850
576345,8.0044,0.002911,343.50, 441.0852
576346,8.0073,0.002971,336.58, 441.0852
576347,8.0103,0.002922,342.27, 441.0901
576348,8.0132,0.002979,335.74, 441.0852
576349,8.0161,0.002900,344.78, 441.0852
576350,8.0190,0.002991,334.36, 441.0852
576351,8.0220,0.002912,343.47, 441.0847
576352,8.0249,0.003041,328.89, 441.0852
576353,8.0278,0.002951,338.85, 441.0847
576354,8.0308,0.002970,336.73, 441.0847
576355,8.0337,0.002896,345.36, 441.0850
576356,8.0366,0.002962,337.66, 441.0852
576357,8.0396,0.002898,345.05, 441.0852
576358,8.0430,0.003077,324.97, 441.0850
576359,8.0459,0.002918,342.71, 441.0852
576360,8.0488,0.002985,335.05, 441.0850
576361,8.0518,0.002874,347.98, 441.0852
576362,8.0547,0.002975,336.12, 441.0847
576363,8.0576,0.002923,342.09, 441.0852
576364,8.0605,0.003021,330.99, 441.0847
576365,8.0635,0.002912,343.37, 441.0852
576366,8.0664,0.002930,341.29, 441.0852
576367,8.0693,0.002972,336.45, 441.0852
576368,8.0723,0.002965,337.30, 441.0850
576369,8.0752,0.002941,340.06, 441.0852
576370,8.0781,0.002901,344.66, 441.0847
576371,8.0811,0.002915,343.05, 441.0852
576372,8.0840,0.002892,345.76, 441.0852
576373,8.0869,0.002907,343.96, 441.0852
576374,8.0898,0.002901,344.76, 441.0852
576375,8.0928,0.003023,330.80, 441.0852
576376,8.0957,0.002952,338.78, 441.0850
576377,8.0986,0.002985,334.99, 441.0850
576378,8.1016,0.002892,345.73, 441.0852
576379,8.1045,0.002948,339.25, 441.0852
576380,8.1074,0.002891,345.96, 441.0847
576381,8.1104,0.002997,333.63, 441.0852
576382,8.1133,0.002889,346.20, 441.0852
576383,8.1162,0.002964,337.36, 441.0850
576384,8.1191,0.002848,351.07, 441.0852
576385,8.1221,0.003154,317.06, 441.0852
576386,8.1250,0.002899,344.91, 441.0852
576387,8.1279,0.003032,329.78, 441.0847
576388,8.1309,0.002912,343.38, 441.0852
576389,8.1343,0.002995,333.88, 441.0847
576390,8.1367,0.002847,351.21, 441.0852
576391,8.1401,0.003042,328.79, 441.0852
576392,8.1431,0.002997,333.63, 441.0847
576393,8.1460,0.003001,333.22, 441.0852
576394,8.1489,0.002861,349.59, 441.0852
576395,8.1519,0.002941,340.07, 441.0852
576396,8.1548,0.002902,344.55, 441.0852
576397,8.1577,0.002972,336.50, 441.0853
576398,8.1606,0.003115,321.02, 441.0850
576399,8.1636,0.002975,336.18, 441.0852
576400,8.1665,0.002920,342.44, 441.0847
576401,8.1699,0.003103,322.26, 441.0852
576402,8.1733,0.003464,288.71, 441.0847
576403,8.1763,0.003289,304.03, 441.0850
576404,8.1797,0.003091,323.52, 441.0847
576405,8.1831,0.003454,289.50, 441.0916
576406,8.1865,0.003672,272.35, 441.0847
576407,8.1904,0.003644,274.41, 441.0852
576408,8.1938,0.003340,299.45, 441.0847
576409,8.1968,0.003015,331.73, 441.0850
576410,8.1997,0.002988,334.67, 441.0852
576411,8.2026,0.003074,325.35, 441.0852
576412,8.2061,0.003043,328.62, 441.0850
576413,8.2090,0.003118,320.70, 441.0850
576414,8.2119,0.003013,331.86, 441.0852
576415,8.2148,0.002911,343.58, 441.0852
576416,8.2183,0.003211,311.43, 441.0847
576417,8.2212,0.003120,320.51, 441.0852
576418,8.2241,0.002985,334.96, 441.0852
576419,8.2271,0.002985,335.05, 441.0852
576420,8.2300,0.003034,329.62, 441.0850
576421,8.2334,0.003018,331.40, 441.0847
576422,8.2363,0.002966,337.12, 441.0847
576423,8.2393,0.002980,335.54, 441.0852
576424,8.2422,0.002985,334.99, 441.0852
576425,8.2451,0.002998,333.53, 441.0852
576426,8.2480,0.002990,334.50, 441.0847
576427,8.2510,0.002981,335.49, 441.0852
576428,8.2539,0.002955,338.47, 441.0847
576429,8.2568,0.002998,333.54, 441.0852
576430,8.2603,0.002952,338.75, 441.0852
576431,8.2632,0.003016,331.60, 441.0852
576432,8.2661,0.002990,334.49, 441.0852
576433,8.2690,0.003044,328.56, 441.0852
576434,8.2720,0.002941,340.08, 441.0852
576435,8.2749,0.002989,334.56, 441.0852
576436,8.2778,0.002967,337.09, 441.0847
576437,8.2813,0.003054,327.42, 441.0852
576438,8.2837,0.002902,344.63, 441.0847
576439,8.2871,0.002965,337.25, 441.0852
576440,8.2900,0.002938,340.38, 441.0852
576441,8.2930,0.003051,327.82, 441.0852
576442,8.2959,0.002908,343.86, 441.0921
576443,8.2988,0.002983,335.24, 441.0850
576444,8.3018,0.002923,342.13, 441.0852
576445,8.3047,0.002999,333.50, 441.0850
576446,8.3076,0.002976,336.06, 441.0852
576447,8.3105,0.003075,325.21, 441.0852
576448,8.3140,0.003013,331.87, 441.0850
576449,8.3169,0.003031,329.89, 441.0850
576450,8.3198,0.002926,341.73, 441.0850
576451,8.3228,0.003044,328.53, 441.0852
576452,8.3257,0.002923,342.08, 441.0850
576453,8.3286,0.003058,327.04, 441.0852
576454,8.3315,0.002904,344.39, 441.0852
576455,8.3345,0.002995,333.90, 441.0852
576456,8.3374,0.002907,344.00, 441.0850
576457,8.3408,0.003064,326.34, 441.0852
576458,8.3438,0.002912,343.44, 441.0847
576459,8.3467,0.002984,335.14, 441.0850
576460,8.3496,0.002934,340.84, 441.0852
576461,8.3525,0.003016,331.53, 441.0847
576462,8.3555,0.002905,344.22, 441.0852
576463,8.3584,0.002999,333.44, 441.0852
576464,8.3613,0.002997,333.71, 441.0852
576465,8.3643,0.002986,334.92, 441.0850
576466,8.3672,0.002870,348.47, 441.0852
576467,8.3701,0.003060,326.80, 441.0852
576468,8.3730,0.002918,342.71, 441.0852
576469,8.3760,0.003019,331.29, 441.0852
576470,8.3794,0.002967,337.07, 441.0850
576471,8.3823,0.002991,334.31, 441.0852
576472,8.3853,0.002921,342.34, 441.0852
576473,8.3882,0.002986,334.92, 441.0852
576474,8.3911,0.002984,335.08, 441.0850
576475,8.3940,0.002967,337.09, 441.0850
576476,8.3970,0.002921,342.37, 441.0852
576477,8.3999,0.002975,336.10, 441.0852
576478,8.4028,0.002933,340.99, 441.0852
576479,8.4058,0.002987,334.81, 441.0850
576480,8.4087,0.003032,329.83, 441.0852
576481,8.4116,0.003004,332.89, 441.0852
576482,8.4150,0.002983,335.26, 441.0847
576483,8.4180,0.002943,339.84, 441.0847
576484,8.4209,0.002994,334.01, 441.0852
576485,8.4238,0.002975,336.19, 441.0847
576486,8.4268,0.002995,333.90, 441.0850
576487,8.4297,0.002995,333.89, 441.0847
576488,8.4326,0.003019,331.28, 441.0852
576489,8.4355,0.002933,340.98, 441.0847
576490,8.4385,0.003001,333.28, 441.0850
576491,8.4419,0.002952,338.74, 441.0852
576492,8.4448,0.003011,332.15, 441.0852
576493,8.4478,0.002932,341.02, 441.0847
576494,8.4507,0.003000,333.33, 441.1475
576495,8.4536,0.002933,340.94, 441.0852
576496,8.4565,0.002975,336.15, 441.0850
576497,8.4595,0.002935,340.77, 441.0985
576498,8.4624,0.002976,335.98, 441.0852
576499,8.4653,0.002886,346.51, 441.0852
576500,8.4683,0.003031,329.90, 441.0850
576501,8.4712,0.002937,340.45, 441.0852
576502,8.4741,0.003003,333.03, 441.0852
576503,8.4771,0.002907,344.01, 441.0852
576504,8.4800,0.002964,337.42, 441.0852
576505,8.4829,0.002945,339.54, 441.0847
576506,8.4858,0.002977,335.97, 441.0850
576507,8.4888,0.002938,340.32, 441.0850
576508,8.4922,0.002999,333.42, 441.0847
576509,8.4951,0.002940,340.18, 441.0852
576510,8.4980,0.002979,335.74, 441.0847
576511,8.5010,0.002992,334.25, 441.0852
576512,8.5039,0.003071,325.67, 441.0847
576513,8.5068,0.002949,339.09, 441.0852
576514,8.5098,0.003015,331.65, 441.0847
576515,8.5127,0.002988,334.68, 441.0852
576516,8.5161,0.003061,326.66, 441.0847
576517,8.5190,0.003007,332.52, 441.0850
576518,8.5220,0.002983,335.22, 441.0847
576519,8.5249,0.002950,339.03, 441.0852
576520,8.5278,0.002940,340.19, 441.0852
576521,8.5308,0.003018,331.40, 441.0871
576522,8.5342,0.003097,322.90, 441.0847
576523,8.5371,0.002935,340.75, 441.0850
576524,8.5400,0.002974,336.27, 441.0852
576525,8.5430,0.002978,335.82, 441.0847
576526,8.5459,0.002936,340.55, 441.0852
576527,8.5488,0.002969,336.80, 441.0852
576528,8.5518,0.002931,341.20, 441.0847
576529,8.5547,0.002965,337.28, 441.0850
576530,8.5576,0.002927,341.69, 441.0852
576531,8.5605,0.002997,333.68, 441.0852
576532,8.5635,0.002926,341.79, 441.0852
576533,8.5664,0.002993,334.07, 441.0852
576534,8.5693,0.002924,342.01, 441.0852
576535,8.5723,0.002996,333.76, 441.0852
576536,8.5752,0.002919,342.57, 441.0862
576537,8.5786,0.003065,326.25, 441.0847
576538,8.5815,0.003008,332.50, 441.0847
576539,8.5845,0.003028,330.24, 441.0852
576540,8.5874,0.002901,344.67, 441.0850
576541,8.5903,0.003019,331.25, 441.0850
576542,8.5933,0.002947,339.39, 441.0847
576543,8.5962,0.002972,336.44, 441.0852
576544,8.5991,0.002882,346.97, 441.0847
576545,8.6021,0.003002,333.07, 441.0847
576546,8.6050,0.002830,353.33, 441.0852
576547,8.6079,0.003030,330.09, 441.0847
576548,8.6108,0.002929,341.37, 441.0852
576549,8.6138,0.003013,331.94, 441.0852
576550,8.6167,0.002862,349.42, 441.0852
576551,8.6196,0.002978,335.82, 441.0852
576552,8.6226,0.002868,348.65, 441.0852
576553,8.6255,0.003019,331.19, 441.0852
576554,8.6289,0.002999,333.44, 441.0847
576555,8.6318,0.003115,321.00, 441.0850
576556,8.6348,0.002997,333.71, 441.0852
576557,8.6377,0.002986,334.93, 441.0852
576558,8.6406,0.002979,335.64, 441.0852
576559,8.6440,0.003273,305.52, 441.0852
576560,8.6470,0.003067,326.10, 441.0852
576561,8.6504,0.003025,330.60, 441.0852
576562,8.6533,0.002946,339.45, 441.0852
576563,8.6563,0.003002,333.11, 441.0852
576564,8.6592,0.002940,340.10, 441.0852
576565,8.6621,0.002965,337.22, 441.0852
576566,8.6650,0.002937,340.46, 441.0852
576567,8.6680,0.002976,336.03, 441.0852
576568,8.6709,0.002949,339.10, 441.0852
576569,8.6738,0.003004,332.86, 441.0850
576570,8.6768,0.002950,339.02, 441.0852
576571,8.6797,0.002957,338.16, 441.0850
576572,8.6826,0.002953,338.66, 441.0852
576573,8.6855,0.002976,336.04, 441.0852
576574,8.6885,0.002965,337.29, 441.0847
576575,8.6914,0.002917,342.87, 441.0995
576576,8.6943,0.002991,334.33, 441.0847
576577,8.6978,0.002939,340.27, 441.0852
576578,8.7007,0.002963,337.51, 441.0850
576579,8.7036,0.002971,336.61, 441.0847
576580,8.7065,0.002988,334.69, 441.0847
576581,8.7095,0.002945,339.60, 441.0850
576582,8.7124,0.003005,332.73, 441.0847
576583,8.7153,0.002941,340.03, 441.0852
576584,8.7183,0.002974,336.26, 441.0850
576585,8.7212,0.002985,334.97, 441.0852
576586,8.7241,0.003001,333.20, 441.0850
576587,8.7271,0.002922,342.24, 441.0871
576588,8.7305,0.003024,330.71, 441.0852
576589,8.7334,0.002930,341.27, 441.0847
576590,8.7363,0.003037,329.24, 441.0850
576591,8.7393,0.003032,329.86, 441.0852
576592,8.7422,0.003008,332.44, 441.0852
576593,8.7451,0.002946,339.48, 441.0852
576594,8.7480,0.002978,335.85, 441.0850
576595,8.7510,0.002939,340.27, 441.0852
576596,8.7539,0.003011,332.16, 441.0850
576597,8.7568,0.002872,348.23, 441.0852
576598,8.7598,0.003017,331.50, 441.0852
576599,8.7627,0.002928,341.57, 441.0852
576600,8.7661,0.002974,336.24, 441.0847
576601,8.7690,0.002946,339.44, 441.0852
576602,8.7720,0.002943,339.77, 441.0853
576603,8.7749,0.003000,333.32, 441.0852
576604,8.7778,0.002959,337.91, 441.0853
576605,8.7813,0.003368,296.89, 441.0850
576606,8.7842,0.003032,329.78, 441.0852
576607,8.7871,0.002901,344.72, 441.0852
576608,8.7900,0.003024,330.67, 441.0852
576609,8.7930,0.002931,341.23, 441.0852
576610,8.7959,0.002951,338.87, 441.0850
576611,8.7988,0.002992,334.25, 441.0852
576612,8.8018,0.002940,340.10, 441.0852
576613,8.8047,0.002947,339.37, 441.0852
576614,8.8076,0.002935,340.67, 441.0853
576615,8.8110,0.003076,325.14, 441.0852
576616,8.8140,0.003022,330.95, 441.0850
576617,8.8169,0.003023,330.83, 441.0852
576618,8.8198,0.003022,330.94, 441.0850
576619,8.8228,0.002894,345.58, 441.0852
576620,8.8257,0.002939,340.26, 441.0853
576621,8.8286,0.003054,327.43, 441.0852
576622,8.8320,0.003096,323.03, 441.0850
576623,8.8350,0.003042,328.70, 441.0852
576624,8.8379,0.003022,330.87, 441.0852
576625,8.8408,0.002961,337.76, 441.0926
576626,8.8438,0.002995,333.86, 441.0850
576627,8.8472,0.003066,326.19, 441.0852
576628,8.8501,0.003152,317.30, 441.0850
576629,8.8530,0.002970,336.72, 441.0852
576630,8.8560,0.002953,338.60, 441.0847
576631,8.8589,0.002987,334.74, 441.0852
576632,8.8618,0.002981,335.48, 441.0847
576633,8.8647,0.002945,339.51, 441.0852
576634,8.8677,0.002915,343.01, 441.0852
576635,8.8706,0.002920,342.44, 441.0852
576636,8.8735,0.002914,343.22, 441.0852
576637,8.8770,0.003054,327.40, 441.0852
576638,8.8799,0.003049,328.01, 441.0852
576639,8.8828,0.002934,340.80, 441.0852
576640,8.8857,0.002886,346.49, 441.0850
576641,8.8892,0.003327,300.55, 441.0852
576642,8.8921,0.002924,342.02, 441.0852
576643,8.8950,0.002974,336.25, 441.0852
576644,8.8979,0.002903,344.51, 441.0853
576645,8.9009,0.002978,335.85, 441.0852
576646,8.9038,0.002896,345.33, 441.0850
576647,8.9067,0.002962,337.62, 441.0852
576648,8.9097,0.002937,340.52, 441.0852
576649,8.9126,0.003007,332.57, 441.0853
576650,8.9155,0.002929,341.39, 441.0852
576651,8.9185,0.002950,338.97, 441.0853
576652,8.9214,0.003068,325.92, 441.0850
576653,8.9243,0.003056,327.20, 441.0847
576654,8.9277,0.002949,339.06, 441.0852
576655,8.9307,0.002982,335.32, 441.0850
576656,8.9336,0.002974,336.24, 441.0852
576657,8.9365,0.003021,331.04, 441.0853
576658,8.9395,0.002946,339.43, 441.0852
576659,8.9424,0.003015,331.69, 441.0853
576660,8.9453,0.002959,337.92, 441.0852
576661,8.9482,0.002976,336.00, 441.0853
576662,8.9517,0.003136,318.92, 441.0852
576663,8.9546,0.003040,328.90, 441.0852
576664,8.9575,0.002876,347.74, 441.0852
576665,8.9604,0.003027,330.34, 441.0853
576666,8.9634,0.002909,343.81, 441.0852
576667,8.9663,0.002942,339.86, 441.0853
576668,8.9692,0.003134,319.11, 441.0852
576669,8.9727,0.003042,328.73, 441.0850
576670,8.9756,0.002914,343.14, 441.0850
576671,8.9785,0.002951,338.86, 441.0853
576672,8.9814,0.002869,348.59, 441.0852
576673,8.9844,0.002985,335.00, 441.0853
576674,8.9873,0.003101,322.50, 441.0852
576675,8.9902,0.003043,328.66, 441.0853
576676,8.9932,0.002932,341.11, 441.0850
576677,8.9961,0.003001,333.27, 441.0853
576678,8.9990,0.002958,338.03, 441.0852
576679,9.0024,0.003121,320.38, 441.0852
576680,9.0054,0.002949,339.16, 441.0852
576681,9.0083,0.003008,332.46, 441.0850
576682,9.0112,0.002940,340.12, 441.0871
576683,9.0142,0.002994,333.97, 441.0872
576684,9.0171,0.002905,344.28, 441.0852
576685,9.0200,0.002972,336.49, 441.0853
576686,9.0229,0.002965,337.31, 441.0852
576687,9.0259,0.002947,339.35, 441.0850
576688,9.0293,0.003257,307.05, 441.0850
576689,9.0322,0.003138,318.67, 441.0852
576690,9.0356,0.003083,324.33, 441.0847
576691,9.0386,0.003062,326.58, 441.0847
576692,9.0415,0.003027,330.34, 441.0847
576693,9.0444,0.003005,332.81, 441.0847
576694,9.0474,0.002968,336.93, 441.0847
576695,9.0508,0.002995,333.85, 441.0847
576696,9.0537,0.002964,337.39, 441.0852
576697,9.0566,0.003063,326.43, 441.0847
576698,9.0596,0.003027,330.36, 441.0847
576699,9.0625,0.002988,334.72, 441.0847
576700,9.0654,0.002973,336.32, 441.0852
576701,9.0684,0.002999,333.42, 441.0847
576702,9.0718,0.002968,336.89, 441.0850
576703,9.0747,0.002983,335.29, 441.0852
576704,9.0776,0.003008,332.40, 441.0847
576705,9.0806,0.002989,334.57, 441.0852
576706,9.0835,0.003052,327.64, 441.0852
576707,9.0864,0.002943,339.75, 441.0852
576708,9.0894,0.002991,334.36, 441.0852
576709,9.0928,0.003036,329.39, 441.0852
576710,9.0957,0.003211,311.48, 441.0847
576711,9.0986,0.003056,327.27, 441.0847
576712,9.1021,0.003175,314.96, 441.1477
576713,9.1050,0.002989,334.52, 441.0850
576714,9.1079,0.002967,337.06, 441.0852
576715,9.1108,0.002943,339.82, 441.0852
576716,9.1138,0.002947,339.36, 441.0852
576717,9.1167,0.002902,344.64, 441.0852
576718,9.1201,0.003130,319.52, 441.0852
576719,9.1230,0.002945,339.57, 441.0852
576720,9.1260,0.002984,335.11, 441.0852
576721,9.1289,0.002929,341.41, 441.0852
576722,9.1318,0.002965,337.26, 441.0852
576723,9.1348,0.002991,334.29, 441.0847
576724,9.1377,0.003002,333.11, 441.0850
576725,9.1406,0.002969,336.78, 441.0852
576726,9.1436,0.003017,331.50, 441.0852
576727,9.1465,0.002961,337.70, 441.0852
576728,9.1494,0.003017,331.51, 441.0852
576729,9.1523,0.002901,344.71, 441.0852
576730,9.1553,0.002948,339.26, 441.0852
576731,9.1582,0.002904,344.38, 441.0847
576732,9.1616,0.003005,332.80, 441.0852
576733,9.1646,0.002908,343.93, 441.0852
576734,9.1675,0.002969,336.77, 441.0847
576735,9.1699,0.002868,348.74, 441.0852
576736,9.1733,0.003256,307.15, 441.0847
576737,9.1768,0.003246,308.12, 441.0852
576738,9.1797,0.003183,314.13, 441.0850
576739,9.1831,0.003291,303.82, 441.0850
576740,9.1865,0.003404,293.76, 441.0847
576741,9.1899,0.003534,282.97, 441.0847
576742,9.1934,0.003454,289.50, 441.0847
576743,9.1968,0.003140,318.49, 441.0852
576744,9.1997,0.002953,338.68, 441.0852
576745,9.2026,0.003035,329.51, 441.0850
576746,9.2056,0.002944,339.73, 441.0852
576747,9.2085,0.003021,330.98, 441.0852
576748,9.2114,0.003037,329.23, 441.0852
576749,9.2148,0.002995,333.95, 441.0852
576750,9.2178,0.002945,339.52, 441.0852
576751,9.2207,0.003173,315.21, 441.0850
576752,9.2236,0.003056,327.25, 441.0852
576753,9.2271,0.002983,335.29, 441.0852
576754,9.2300,0.002997,333.72, 441.0850
576755,9.2329,0.002954,338.50, 441.0850
576756,9.2358,0.002946,339.42, 441.0852
576757,9.2388,0.002990,334.47, 441.0850
576758,9.2417,0.002951,338.91, 441.0850
576759,9.2446,0.002956,338.35, 441.0847
576760,9.2476,0.002944,339.71, 441.0852
576761,9.2505,0.002959,337.97, 441.0847
576762,9.2534,0.002976,336.08, 441.0852
576763,9.2563,0.002892,345.79, 441.0850
576764,9.2593,0.002973,336.38, 441.0852
576765,9.2622,0.002911,343.54, 441.0852
576766,9.2651,0.002926,341.80, 441.0852
576767,9.2681,0.003016,331.60, 441.0852
576768,9.2710,0.003039,329.01, 441.0852
576769,9.2739,0.002910,343.68, 441.0852
576770,9.2773,0.002998,333.58, 441.0850
576771,9.2803,0.002917,342.85, 441.0847
576772,9.2832,0.002990,334.50, 441.0852
576773,9.2861,0.002889,346.16, 441.0852
576774,9.2891,0.002981,335.46, 441.0850
576775,9.2920,0.002889,346.13, 441.0852
576776,9.2949,0.002991,334.33, 441.0852
576777,9.2979,0.002928,341.54, 441.0852
576778,9.3008,0.003001,333.19, 441.0847
576779,9.3037,0.002863,349.35, 441.0852
576780,9.3066,0.002972,336.47, 441.0850
576781,9.3096,0.002917,342.82, 441.0852
576782,9.3125,0.003081,324.61, 441.0852
576783,9.3154,0.002875,347.79, 441.0852
576784,9.3184,0.002948,339.21, 441.0850
576785,9.3213,0.002915,343.04, 441.0850
576786,9.3242,0.002929,341.37, 441.0852
576787,9.3271,0.002912,343.42, 441.0852
576788,9.3301,0.002960,337.86, 441.0852
576789,9.3330,0.002969,336.86, 441.0852
576790,9.3359,0.002915,343.06, 441.0850
576791,9.3389,0.002951,338.86, 441.0852
576792,9.3418,0.002920,342.45, 441.0852
576793,9.3447,0.002996,333.81, 441.0852
576794,9.3481,0.003265,306.25, 441.0847
576795,9.3511,0.003133,319.23, 441.0852
576796,9.3540,0.002954,338.51, 441.0847
576797,9.3569,0.002942,339.92, 441.0852
576798,9.3599,0.002955,338.41, 441.0850
576799,9.3633,0.002939,340.21, 441.0852
576800,9.3657,0.002872,348.19, 441.0852
576801,9.3687,0.002950,338.95, 441.0852
576802,9.3716,0.002882,346.96, 441.0871
576803,9.3745,0.003007,332.59, 441.0847
576804,9.3774,0.002924,342.00, 441.0852
576805,9.3809,0.002962,337.67, 441.0852
576806,9.3833,0.002855,350.25, 441.0847
576807,9.3862,0.002950,339.02, 441.0852
576808,9.3892,0.002885,346.57, 441.0852
576809,9.3926,0.003012,331.96, 441.0852
576810,9.3950,0.002878,347.42, 441.0850
576811,9.3979,0.002960,337.88, 441.0853
576812,9.4009,0.002859,349.72, 441.0852
576813,9.4038,0.002970,336.67, 441.0853
576814,9.4072,0.003193,313.21, 441.0852
576815,9.4102,0.002973,336.32, 441.0853
576816,9.4131,0.003039,329.08, 441.0847
576817,9.4160,0.003007,332.58, 441.0852
576818,9.4189,0.002928,341.53, 441.0847
576819,9.4224,0.003042,328.74, 441.0853
576820,9.4253,0.003040,328.93, 441.0847
576821,9.4282,0.003002,333.17, 441.0852
576822,9.4312,0.002895,345.44, 441.0847
576823,9.4341,0.002972,336.53, 441.0853
576824,9.4370,0.002889,346.14, 441.0852
576825,9.4399,0.003136,318.91, 441.0853
576826,9.4434,0.003359,297.72, 441.0852
576827,9.4463,0.002956,338.25, 441.0852
576828,9.4492,0.002934,340.88, 441.0852
576829,9.4521,0.002940,340.11, 441.0853
576830,9.4551,0.002874,347.92, 441.0852
576831,9.4580,0.002963,337.45, 441.0853
576832,9.4614,0.003285,304.42, 441.0852
576833,9.4644,0.002956,338.26, 441.0852
576834,9.4673,0.002862,349.43, 441.0852
576835,9.4702,0.002963,337.54, 441.0853
576836,9.4731,0.002887,346.44, 441.0852
576837,9.4761,0.002954,338.57, 441.0850
576838,9.4795,0.003441,290.60, 441.0852
576839,9.4824,0.003099,322.74, 441.0852
576840,9.4854,0.002910,343.61, 441.0852
576841,9.4883,0.002998,333.59, 441.0852
576842,9.4912,0.002886,346.52, 441.0852
576843,9.4941,0.002958,338.05, 441.0852
576844,9.4971,0.002933,340.98, 441.0850
576845,9.5005,0.003005,332.75, 441.0847
576846,9.5034,0.002940,340.14, 441.0852
576847,9.5063,0.002920,342.49, 441.0853
576848,9.5093,0.003016,331.60, 441.0852
576849,9.5122,0.002933,341.01, 441.0853
576850,9.5151,0.002914,343.23, 441.0847
576851,9.5181,0.002963,337.45, 441.0853
576852,9.5210,0.003029,330.14, 441.0852
576853,9.5239,0.002926,341.81, 441.0852
576854,9.5269,0.002948,339.19, 441.0853
576855,9.5298,0.002926,341.78, 441.0853
576856,9.5332,0.003584,279.02, 441.0850
576857,9.5361,0.002977,335.90, 441.0852
576858,9.5396,0.002973,336.33, 441.0852
576859,9.5420,0.002901,344.72, 441.0852
576860,9.5454,0.002954,338.54, 441.0852
576861,9.5479,0.002893,345.61, 441.0852
576862,9.5513,0.002978,335.75, 441.0852
576863,9.5542,0.002908,343.83, 441.0853
576864,9.5571,0.003288,304.17, 441.0852
576865,9.5601,0.002919,342.64, 441.0850
576866,9.5630,0.002968,336.89, 441.0852
576867,9.5659,0.002909,343.76, 441.0853
576868,9.5693,0.003055,327.39, 441.0850
576869,9.5723,0.002923,342.07, 441.0850
576870,9.5752,0.002981,335.49, 441.0852
576871,9.5781,0.002919,342.57, 441.0852
576872,9.5811,0.002976,335.99, 441.0850
576873,9.5840,0.002984,335.15, 441.0847
576874,9.5869,0.002961,337.69, 441.0853
576875,9.5898,0.002891,345.89, 441.0852
576876,9.5928,0.002989,334.59, 441.0853
576877,9.5957,0.003185,313.93, 441.0850
576878,9.5991,0.002980,335.62, 441.0852
576879,9.6016,0.002870,348.42, 441.0852
576880,9.6045,0.002927,341.66, 441.0853
576881,9.6079,0.003065,326.32, 441.0852
576882,9.6108,0.003020,331.18, 441.0850
576883,9.6138,0.003026,330.44, 441.0852
576884,9.6167,0.002990,334.43, 441.0853
576885,9.6196,0.002986,334.86, 441.0852
576886,9.6226,0.002933,340.98, 441.0853
576887,9.6255,0.002865,349.09, 441.0852
576888,9.6284,0.002987,334.78, 441.0853
576889,9.6318,0.003203,312.22, 441.0852
576890,9.6348,0.003064,326.34, 441.0850
576891,9.6377,0.002977,335.89, 441.0852
576892,9.6406,0.003046,328.29, 441.0852
576893,9.6440,0.003119,320.64, 441.0852
576894,9.6470,0.003078,324.91, 441.0847
576895,9.6499,0.003048,328.07, 441.0850
576896,9.6533,0.003054,327.41, 441.0847
576897,9.6563,0.002909,343.81, 441.0852
576898,9.6592,0.003271,305.68, 441.0847
576899,9.6626,0.003270,305.81, 441.0850
576900,9.6655,0.003088,323.84, 441.0847
576901,9.6685,0.002973,336.38, 441.0852
576902,9.6719,0.003035,329.50, 441.0847
576903,9.6748,0.003101,322.48, 441.0850
576904,9.6777,0.003123,320.24, 441.0847
576905,9.6812,0.002991,334.38, 441.0852
576906,9.6841,0.003033,329.66, 441.0847
576907,9.6870,0.002995,333.85, 441.0852
576908,9.6899,0.003088,323.86, 441.0850
576909,9.6929,0.002919,342.62, 441.0852
576910,9.6958,0.003026,330.43, 441.0852
576911,9.6987,0.002909,343.81, 441.0852
576912,9.7017,0.003005,332.81, 441.0847
576913,9.7051,0.002962,337.61, 441.0852
576914,9.7080,0.003036,329.40, 441.0847
576915,9.7109,0.002922,342.20, 441.0852
576916,9.7139,0.002995,333.87, 441.0847
576917,9.7168,0.002944,339.63, 441.0852
576918,9.7197,0.003067,326.02, 441.0847
576919,9.7227,0.002993,334.12, 441.0852
576920,9.7261,0.003086,324.04, 441.0847
576921,9.7290,0.002969,336.80, 441.0852
576922,9.7319,0.003011,332.16, 441.0847
576923,9.7349,0.002937,340.48, 441.0852
576924,9.7378,0.003117,320.86, 441.0847
576925,9.7412,0.003069,325.86, 441.0850
576926,9.7441,0.003045,328.36, 441.0847
576927,9.7471,0.002933,340.95, 441.0850
576928,9.7500,0.003072,325.49, 441.0847
576929,9.7529,0.002970,336.68, 441.0852
576930,9.7559,0.003052,327.62, 441.0847
576931,9.7588,0.002961,337.70, 441.0850
576932,9.7622,0.003017,331.47, 441.0847
576933,9.7651,0.002982,335.32, 441.0852
576934,9.7681,0.003023,330.79, 441.0847
576935,9.7710,0.002947,339.36, 441.0852
576936,9.7739,0.003020,331.11, 441.0847
576937,9.7769,0.002963,337.46, 441.0850
576938,9.7798,0.003046,328.27, 441.0847
576939,9.7832,0.002997,333.70, 441.0847
576940,9.7861,0.003150,317.49, 441.0847
576941,9.7891,0.003034,329.59, 441.0850
576942,9.7925,0.003051,327.80, 441.0850
576943,9.7954,0.003069,325.81, 441.0852
576944,9.7983,0.003027,330.40, 441.0871
576945,9.8013,0.003012,332.01, 441.0852
576946,9.8042,0.003000,333.39, 441.0850
576947,9.8071,0.002978,335.85, 441.0852
576948,9.8105,0.003121,320.37, 441.0850
576949,9.8135,0.002989,334.56, 441.0852
576950,9.8164,0.003072,325.51, 441.0852
576951,9.8198,0.003057,327.10, 441.0852
576952,9.8228,0.003034,329.59, 441.0852
576953,9.8257,0.003004,332.92, 441.0852
576954,9.8286,0.003003,333.06, 441.0850
576955,9.8315,0.002968,336.89, 441.0850
576956,9.8345,0.003001,333.21, 441.0852
576957,9.8374,0.002975,336.17, 441.0852
576958,9.8408,0.003036,329.42, 441.0850
576959,9.8438,0.002989,334.55, 441.0852
576960,9.8472,0.003341,299.33, 441.0847
576961,9.8501,0.003187,313.77, 441.0852
576962,9.8530,0.003069,325.83, 441.0852
576963,9.8560,0.002971,336.64, 441.0850
576964,9.8594,0.003083,324.38, 441.0847
576965,9.8623,0.003081,324.54, 441.0847
576966,9.8652,0.003042,328.74, 441.0852
576967,9.8682,0.002993,334.16, 441.0852
576968,9.8716,0.003035,329.52, 441.0850
576969,9.8745,0.002972,336.43, 441.0852
576970,9.8774,0.003057,327.13, 441.0847
576971,9.8804,0.002980,335.58, 441.0852
576972,9.8833,0.003025,330.63, 441.0852
576973,9.8862,0.002953,338.70, 441.0850
576974,9.8892,0.003008,332.42, 441.0871
576975,9.8926,0.003007,332.54, 441.0852
576976,9.8955,0.002988,334.64, 441.0852
576977,9.8984,0.003027,330.33, 441.0852
576978,9.9014,0.002997,333.63, 441.0850
576979,9.9043,0.002987,334.75, 441.0850
576980,9.9072,0.003015,331.63, 441.0847
576981,9.9106,0.003058,327.05, 441.0852
576982,9.9136,0.003012,332.05, 441.0847
576983,9.9165,0.002967,337.09, 441.0852
576984,9.9194,0.002993,334.15, 441.0847
576985,9.9224,0.003022,330.92, 441.0852
576986,9.9253,0.003047,328.15, 441.0850
576987,9.9287,0.003048,328.08, 441.0852
576988,9.9316,0.002984,335.17, 441.0850
576989,9.9346,0.003044,328.47, 441.0852
576990,9.9375,0.002967,337.04, 441.0852
576991,9.9404,0.002977,335.94, 441.0852
576992,9.9434,0.002971,336.64, 441.0852
576993,9.9463,0.002999,333.48, 441.0850
576994,9.9492,0.002951,338.87, 441.0852
576995,9.9526,0.002981,335.45, 441.0847
576996,9.9556,0.002951,338.90, 441.0850
576997,9.9585,0.003067,326.09, 441.0847
576998,9.9614,0.002976,335.99, 441.0850
576999,9.9644,0.002965,337.23, 441.0852
577000,9.9673,0.003021,331.02, 441.0852
577001,9.9702,0.003023,330.76, 441.0852
577002,9.9736,0.003020,331.16, 441.0847
577003,9.9766,0.003031,329.97, 441.0847
577004,9.9795,0.003010,332.21, 441.0850
577005,9.9824,0.003035,329.45, 441.0852
577006,9.9854,0.002965,337.26, 441.0850
577007,9.9888,0.003073,325.45, 441.0847
577008,9.9917,0.002938,340.32, 441.0852
577009,9.9946,0.003043,328.58, 441.0847
577010,9.9976,0.002930,341.27, 441.0847
