TotalFrame,Time,DeltaTime,FPS,RAM
166765,0.0000,0.014089,70.98, 427.6233
166766,0.0000,0.014089,70.98, 431.8069
166767,0.0198,0.020000,50.00, 427.7277
166768,0.0239,0.004049,246.96, 430.5119
166769,0.0310,0.006993,142.99, 427.7193
166770,0.0352,0.004318,231.60, 427.7267
166771,0.0396,0.004189,238.73, 429.3062
166772,0.0449,0.005400,185.19, 427.7191
166773,0.0486,0.003847,259.95, 427.7191
166774,0.0525,0.003884,257.47, 427.7191
166775,0.0564,0.003869,258.46, 427.7191
166776,0.0603,0.003773,265.07, 427.7191
166777,0.0640,0.003857,259.26, 427.7189
166778,0.0679,0.003839,260.46, 427.7148
166779,0.0718,0.003809,262.56, 427.7137
166780,0.0754,0.003837,260.64, 427.7147
166781,0.0796,0.003980,251.25, 427.7121
166782,0.0835,0.003872,258.28, 427.7137
166783,0.0872,0.003780,264.52, 427.7137
166784,0.0911,0.003756,266.25, 427.7137
166785,0.0950,0.003902,256.30, 427.7137
166786,0.0986,0.003850,259.73, 427.7137
166787,0.1025,0.003813,262.30, 427.7137
166788,0.1064,0.003814,262.23, 427.7137
166789,0.1101,0.003810,262.44, 427.7139
166790,0.1140,0.003912,255.66, 427.7139
166791,0.1179,0.003799,263.22, 427.7137
166792,0.1216,0.003784,264.27, 427.7137
166793,0.1255,0.003886,257.31, 427.7139
166794,0.1294,0.003801,263.11, 427.7137
166795,0.1331,0.003788,264.00, 427.7137
166796,0.1370,0.003835,260.75, 427.7137
166797,0.1409,0.003866,258.69, 427.7137
166798,0.1445,0.003824,261.49, 427.7147
166799,0.1487,0.004088,244.65, 427.6855
166800,0.1528,0.004014,249.14, 427.7137
166801,0.1567,0.003952,253.01, 427.7137
166802,0.1606,0.004013,249.20, 427.7137
166803,0.1646,0.003974,251.64, 427.7137
166804,0.1687,0.003958,252.65, 427.7137
166805,0.1726,0.003906,256.03, 427.7137
166806,0.1763,0.003738,267.50, 427.7137
166807,0.1802,0.003834,260.80, 427.7137
166808,0.1841,0.003935,254.11, 427.7137
166809,0.1877,0.003796,263.46, 427.7137
166810,0.1917,0.003849,259.80, 427.7137
166811,0.1956,0.003829,261.14, 427.7137
166812,0.1992,0.003784,264.30, 427.7137
166813,0.2031,0.003888,257.18, 427.7137
166814,0.2070,0.003753,266.43, 427.7137
166815,0.2107,0.003867,258.58, 427.7137
166816,0.2146,0.003821,261.70, 427.7137
166817,0.2185,0.003811,262.41, 427.7137
166818,0.2224,0.003878,257.87, 427.7137
166819,0.2261,0.003838,260.53, 427.7137
166820,0.2300,0.003781,264.47, 427.7139
166821,0.2339,0.003847,259.98, 427.7173
166822,0.2378,0.003920,255.08, 427.7137
166823,0.2415,0.003863,258.86, 427.7137
166824,0.2454,0.003840,260.40, 427.7137
166825,0.2493,0.003746,266.94, 427.7137
166826,0.2529,0.003853,259.57, 427.7137
166827,0.2568,0.003819,261.87, 427.7137
166828,0.2605,0.003768,265.43, 427.7138
166829,0.2644,0.003867,258.60, 427.7137
166830,0.2683,0.003833,260.89, 427.7137
166831,0.2720,0.003796,263.45, 427.7137
166832,0.2759,0.003836,260.72, 427.7137
166833,0.2798,0.003743,267.18, 427.7137
166834,0.2834,0.003872,258.29, 427.7137
166835,0.2874,0.003835,260.76, 427.7137
166836,0.2913,0.003766,265.53, 427.7137
166837,0.2949,0.003816,262.07, 427.7137
166838,0.2988,0.003945,253.47, 427.7137
166839,0.3027,0.003802,263.02, 427.7137
166840,0.3066,0.003830,261.08, 427.7137
166841,0.3103,0.003729,268.14, 427.7137
166842,0.3142,0.003948,253.27, 427.7137
166843,0.3179,0.003775,264.94, 427.7145
166844,0.3218,0.003808,262.63, 427.7137
166845,0.3257,0.003823,261.57, 427.7137
166846,0.3298,0.004118,242.85, 427.7147
166847,0.3337,0.003893,256.87, 427.7186
166848,0.3379,0.004382,228.23, 427.7167
166849,0.3423,0.004256,234.96, 427.7147
166850,0.3464,0.004283,233.51, 427.7137
166851,0.3508,0.004255,235.05, 427.7137
166852,0.3547,0.003971,251.84, 427.7137
166853,0.3586,0.003818,261.89, 427.7139
166854,0.3625,0.003957,252.74, 427.7137
166855,0.3665,0.003854,259.47, 427.7137
166856,0.3701,0.003779,264.62, 427.7139
166857,0.3740,0.003853,259.54, 427.7137
166858,0.3777,0.003749,266.74, 427.7166
166859,0.3818,0.004101,243.87, 427.7137
166860,0.3857,0.003890,257.06, 427.7137
166861,0.3896,0.003836,260.72, 427.7139
166862,0.3936,0.003893,256.88, 427.7147
166863,0.3972,0.003826,261.38, 427.7179
166864,0.4011,0.003892,256.91, 427.7137
166865,0.4050,0.003875,258.04, 427.7137
166866,0.4089,0.003945,253.48, 427.7137
166867,0.4128,0.003832,260.94, 427.7137
166868,0.4167,0.003840,260.42, 427.7137
166869,0.4204,0.003808,262.64, 427.7148
166870,0.4243,0.003918,255.26, 427.7147
166871,0.4282,0.003889,257.13, 427.7137
166872,0.4321,0.003839,260.46, 427.7139
166873,0.4360,0.003839,260.47, 427.7147
166874,0.4397,0.003806,262.73, 427.7137
166875,0.4436,0.003805,262.84, 427.7137
166876,0.4475,0.003849,259.81, 427.7137
166877,0.4514,0.003875,258.05, 427.7137
166878,0.4551,0.003809,262.54, 427.7137
166879,0.4590,0.003842,260.28, 427.7137
166880,0.4629,0.003894,256.81, 427.7137
166881,0.4668,0.003852,259.62, 427.7139
166882,0.4707,0.003879,257.82, 427.7137
166883,0.4746,0.003916,255.34, 427.7139
166884,0.4785,0.003870,258.43, 427.7137
166885,0.4824,0.003912,255.65, 427.7137
166886,0.4861,0.003841,260.34, 427.7148
166887,0.4902,0.004027,248.33, 427.7137
166888,0.4941,0.003860,259.08, 427.7137
166889,0.4978,0.003801,263.12, 427.7137
166890,0.5020,0.004096,244.15, 427.7137
166891,0.5059,0.003888,257.23, 427.7137
166892,0.5095,0.003777,264.76, 427.7137
166893,0.5134,0.003890,257.06, 427.7137
166894,0.5173,0.003892,256.92, 427.7137
166895,0.5212,0.003868,258.50, 427.7137
166896,0.5251,0.003843,260.24, 427.7137
166897,0.5288,0.003731,268.01, 427.7137
166898,0.5327,0.003913,255.56, 427.7139
166899,0.5366,0.003824,261.49, 427.7137
166900,0.5403,0.003758,266.11, 427.7137
166901,0.5442,0.003860,259.08, 427.7137
166902,0.5481,0.003875,258.05, 427.7137
166903,0.5518,0.003799,263.21, 427.7137
166904,0.5557,0.003875,258.06, 427.7139
166905,0.5596,0.003832,260.95, 427.7137
166906,0.5635,0.003982,251.10, 427.7147
166907,0.5674,0.003837,260.63, 427.7139
166908,0.5713,0.003798,263.30, 427.7137
166909,0.5750,0.003814,262.19, 427.7201
166910,0.5791,0.004026,248.40, 427.7137
166911,0.5828,0.003811,262.41, 427.7138
166912,0.5867,0.003801,263.06, 427.7137
166913,0.5911,0.004328,231.08, 427.6997
166914,0.5947,0.003880,257.76, 427.7137
166915,0.5986,0.003844,260.18, 427.7137
166916,0.6025,0.003894,256.84, 427.7137
166917,0.6064,0.003827,261.31, 427.7137
166918,0.6104,0.003952,253.07, 427.7106
166919,0.6143,0.003849,259.79, 427.7137
166920,0.6182,0.003874,258.12, 427.7137
166921,0.6218,0.003861,258.99, 427.7137
166922,0.6257,0.003869,258.45, 427.7137
166923,0.6296,0.003878,257.88, 427.7137
166924,0.6335,0.003863,258.85, 427.7148
166925,0.6375,0.003810,262.47, 427.7137
166926,0.6414,0.003896,256.69, 427.7137
166927,0.6453,0.003914,255.49, 427.7137
166928,0.6489,0.003850,259.71, 427.7137
166929,0.6528,0.003859,259.11, 427.7137
166930,0.6567,0.003815,262.15, 427.7137
166931,0.6611,0.004366,229.04, 427.7137
166932,0.6650,0.003884,257.47, 427.7137
166933,0.6687,0.003760,265.98, 427.7137
166934,0.6726,0.003924,254.84, 427.7137
166935,0.6765,0.003840,260.45, 427.7147
166936,0.6802,0.003764,265.66, 427.7139
166937,0.6841,0.003864,258.80, 427.7148
166938,0.6880,0.003879,257.79, 427.7213
166939,0.6921,0.004045,247.25, 427.7147
166940,0.6958,0.003901,256.38, 427.7137
166941,0.6997,0.003820,261.77, 427.7137
166942,0.7036,0.003869,258.44, 427.7137
166943,0.7075,0.003836,260.72, 427.7137
166944,0.7112,0.003775,264.89, 427.7137
166945,0.7151,0.003875,258.06, 427.7137
166946,0.7190,0.003795,263.54, 427.7137
166947,0.7227,0.003847,259.96, 427.7137
166948,0.7266,0.003860,259.10, 427.7137
166949,0.7310,0.004341,230.35, 427.6997
166950,0.7346,0.003767,265.49, 427.7137
166951,0.7385,0.003835,260.74, 427.7137
166952,0.7424,0.003925,254.75, 427.7137
166953,0.7463,0.003779,264.63, 427.7137
166954,0.7500,0.003792,263.71, 427.7137
166955,0.7539,0.003814,262.22, 427.7137
166956,0.7578,0.003875,258.08, 427.7137
166957,0.7615,0.003870,258.41, 427.7137
166958,0.7654,0.003794,263.60, 427.7137
166959,0.7693,0.003874,258.14, 427.7137
166960,0.7732,0.003865,258.75, 427.7137
166961,0.7769,0.003768,265.41, 427.7137
166962,0.7808,0.003862,258.97, 427.7137
166963,0.7847,0.003899,256.47, 427.7137
166964,0.7886,0.003810,262.48, 427.7137
166965,0.7922,0.003858,259.17, 427.7137
166966,0.7961,0.003781,264.46, 427.7137
166967,0.8000,0.003928,254.61, 427.7137
166968,0.8040,0.003872,258.24, 427.7137
166969,0.8076,0.003768,265.42, 427.7137
166970,0.8115,0.003875,258.09, 427.7137
166971,0.8154,0.004002,249.88, 427.7137
166972,0.8196,0.003926,254.71, 427.7137
166973,0.8237,0.004156,240.62, 427.7147
166974,0.8279,0.004194,238.45, 427.7148
166975,0.8320,0.004119,242.80, 427.7137
166976,0.8359,0.003942,253.71, 427.7137
166977,0.8396,0.003816,262.04, 427.7137
166978,0.8438,0.003961,252.49, 427.7137
166979,0.8477,0.003963,252.37, 427.7137
166980,0.8516,0.003868,258.54, 427.7139
166981,0.8555,0.003856,259.32, 427.7137
166982,0.8591,0.003855,259.38, 427.7139
166983,0.8630,0.003874,258.15, 427.7137
166984,0.8669,0.003863,258.85, 427.7139
166985,0.8708,0.003818,261.91, 427.7139
166986,0.8745,0.003785,264.21, 427.7137
166987,0.8784,0.003910,255.73, 427.7139
166988,0.8823,0.003915,255.43, 427.7137
166989,0.8862,0.003829,261.18, 427.7139
166990,0.8899,0.003807,262.69, 427.7139
166991,0.8940,0.003924,254.86, 427.7137
166992,0.8977,0.003867,258.62, 427.7147
166993,0.9016,0.003824,261.51, 427.7139
166994,0.9055,0.003819,261.83, 427.7137
166995,0.9092,0.003859,259.13, 427.7137
166996,0.9133,0.004021,248.69, 427.7147
166997,0.9172,0.003815,262.16, 427.7137
166998,0.9211,0.003903,256.23, 427.7137
166999,0.9250,0.003986,250.90, 427.7213
167000,0.9294,0.004357,229.49, 427.7137
167001,0.9333,0.003894,256.80, 427.7137
167002,0.9373,0.003966,252.14, 427.7137
167003,0.9412,0.003914,255.47, 427.7137
167004,0.9451,0.003917,255.27, 427.7137
167005,0.9490,0.003836,260.67, 427.7173
167006,0.9529,0.003904,256.16, 427.7148
167007,0.9568,0.003896,256.69, 427.7137
167008,0.9604,0.003779,264.66, 427.7137
167009,0.9644,0.003896,256.69, 427.7161
167010,0.9683,0.003876,258.01, 427.7148
167011,0.9722,0.003854,259.45, 427.7147
167012,0.9761,0.003922,254.99, 427.7137
167013,0.9800,0.003877,257.90, 427.7137
167014,0.9836,0.003845,260.09, 427.7137
167015,0.9878,0.003978,251.36, 427.7137
167016,0.9917,0.003955,252.85, 427.7137
167017,0.9956,0.003822,261.66, 427.7147
167018,0.9993,0.003829,261.18, 427.7137
167019,1.0032,0.003857,259.28, 427.7137
167020,1.0071,0.003846,260.02, 427.7137
167021,1.0110,0.003836,260.66, 427.7139
167022,1.0146,0.003795,263.54, 427.7137
167023,1.0186,0.003825,261.44, 427.7139
167024,1.0225,0.003927,254.65, 427.7137
167025,1.0261,0.003800,263.17, 427.7137
167026,1.0300,0.003816,262.08, 427.7137
167027,1.0339,0.003840,260.42, 427.7139
167028,1.0378,0.003862,258.95, 427.7137
167029,1.0415,0.003871,258.34, 427.7137
167030,1.0454,0.003819,261.86, 427.7137
167031,1.0493,0.003827,261.33, 427.7137
167032,1.0530,0.003837,260.62, 427.7137
167033,1.0569,0.003820,261.81, 427.7137
167034,1.0608,0.003848,259.87, 427.7137
167035,1.0647,0.003877,257.90, 427.7152
167036,1.0686,0.003875,258.07, 427.7137
167037,1.0725,0.003905,256.08, 427.7137
167038,1.0762,0.003780,264.57, 427.7138
167039,1.0801,0.003854,259.44, 427.7145
167040,1.0840,0.003846,260.04, 427.7137
167041,1.0876,0.003787,264.04, 427.7137
167042,1.0916,0.003852,259.60, 427.7137
167043,1.0955,0.003892,256.92, 427.7137
167044,1.0994,0.003833,260.87, 427.7139
167045,1.1033,0.003934,254.19, 427.7137
167046,1.1069,0.003832,260.93, 427.7137
167047,1.1108,0.003903,256.23, 427.7137
167048,1.1147,0.003879,257.83, 427.7137
167049,1.1187,0.003786,264.14, 427.7139
167050,1.1226,0.003880,257.75, 427.7137
167051,1.1265,0.003897,256.61, 427.7137
167052,1.1301,0.003779,264.59, 427.7139
167053,1.1340,0.003850,259.76, 427.7137
167054,1.1379,0.003831,261.03, 427.7170
167055,1.1418,0.003919,255.17, 427.7139
167056,1.1458,0.003934,254.17, 427.7137
167057,1.1497,0.003858,259.20, 427.7137
167058,1.1533,0.003826,261.35, 427.7137
167059,1.1572,0.003815,262.14, 427.7137
167060,1.1611,0.003844,260.15, 427.7139
167061,1.1650,0.003893,256.87, 427.7137
167062,1.1687,0.003853,259.52, 427.7148
167063,1.1726,0.003806,262.72, 427.7137
167064,1.1765,0.003887,257.27, 427.7137
167065,1.1804,0.003862,258.97, 427.7137
167066,1.1841,0.003804,262.89, 427.7137
167067,1.1880,0.003810,262.47, 427.7137
167068,1.1919,0.003899,256.49, 427.7137
167069,1.1958,0.003859,259.11, 427.7137
167070,1.1995,0.003822,261.66, 427.7139
167071,1.2039,0.004257,234.90, 427.7042
167072,1.2078,0.003977,251.46, 427.7137
167073,1.2117,0.003862,258.93, 427.7147
167074,1.2153,0.003786,264.16, 427.7137
167075,1.2192,0.003836,260.67, 427.7137
167076,1.2231,0.003994,250.39, 427.7147
167077,1.2271,0.003768,265.39, 427.7137
167078,1.2310,0.003844,260.17, 427.7137
167079,1.2346,0.003879,257.81, 427.7147
167080,1.2385,0.003811,262.41, 427.7137
167081,1.2424,0.003971,251.83, 427.7137
167082,1.2463,0.003779,264.64, 427.7170
167083,1.2502,0.003876,258.02, 427.7137
167084,1.2542,0.003873,258.18, 427.7137
167085,1.2578,0.003786,264.10, 427.7137
167086,1.2617,0.003889,257.16, 427.7137
167087,1.2656,0.003888,257.23, 427.7137
167088,1.2693,0.003759,266.01, 427.7137
167089,1.2732,0.003819,261.84, 427.7137
167090,1.2771,0.003828,261.27, 427.7137
167091,1.2808,0.003833,260.92, 427.7137
167092,1.2847,0.003861,258.99, 427.7137
167093,1.2891,0.004267,234.38, 427.6987
167094,1.2927,0.003820,261.75, 427.7137
167095,1.2966,0.003817,261.96, 427.7161
167096,1.3005,0.003816,262.03, 427.7137
167097,1.3042,0.003868,258.53, 427.7137
167098,1.3081,0.003862,258.91, 427.7137
167099,1.3120,0.003835,260.74, 427.7137
167100,1.3159,0.003846,259.98, 427.7137
167101,1.3198,0.004016,249.02, 427.7137
167102,1.3237,0.003868,258.52, 427.7137
167103,1.3276,0.003879,257.81, 427.7137
167104,1.3313,0.003814,262.19, 427.7137
167105,1.3354,0.004017,248.96, 427.7177
167106,1.3396,0.004177,239.40, 427.7147
167107,1.3435,0.003945,253.50, 427.7137
167108,1.3477,0.004140,241.53, 427.7137
167109,1.3518,0.004118,242.83, 427.7137
167110,1.3560,0.004219,237.02, 427.7137
167111,1.3601,0.004176,239.49, 427.7137
167112,1.3640,0.003881,257.67, 427.7180
167113,1.3679,0.003869,258.48, 427.7137
167114,1.3718,0.003908,255.88, 427.7137
167115,1.3757,0.003939,253.89, 427.7137
167116,1.3796,0.003780,264.54, 427.7137
167117,1.3835,0.003890,257.06, 427.7137
167118,1.3872,0.003829,261.18, 427.7137
167119,1.3911,0.003777,264.79, 427.7137
167120,1.3950,0.003912,255.66, 427.7137
167121,1.3989,0.003858,259.17, 427.7139
167122,1.4026,0.003829,261.19, 427.7137
167123,1.4065,0.003856,259.32, 427.7137
167124,1.4104,0.003803,262.94, 427.7137
167125,1.4143,0.003858,259.21, 427.7137
167126,1.4180,0.003865,258.77, 427.7145
167127,1.4219,0.003754,266.41, 427.7137
167128,1.4255,0.003844,260.17, 427.7137
167129,1.4294,0.003888,257.23, 427.7137
167130,1.4334,0.003827,261.29, 427.7137
167131,1.4373,0.003849,259.81, 427.7137
167132,1.4412,0.003846,260.01, 427.7137
167133,1.4448,0.003886,257.35, 427.7137
167134,1.4487,0.003823,261.57, 427.7137
167135,1.4524,0.003746,266.94, 427.7137
167136,1.4563,0.003849,259.82, 427.7137
167137,1.4602,0.003831,261.03, 427.7137
167138,1.4641,0.003848,259.86, 427.7137
167139,1.4678,0.003786,264.12, 427.7147
167140,1.4717,0.003830,261.07, 427.7137
167141,1.4756,0.003904,256.17, 427.7137
167142,1.4795,0.003834,260.82, 427.7137
167143,1.4832,0.003865,258.73, 427.7137
167144,1.4871,0.003835,260.76, 427.7137
167145,1.4910,0.003816,262.04, 427.7137
167146,1.4949,0.003870,258.41, 427.7137
167147,1.4985,0.003874,258.14, 427.7139
167148,1.5027,0.003943,253.61, 427.7137
167149,1.5063,0.003758,266.11, 427.7137
167150,1.5103,0.003922,254.99, 427.7137
167151,1.5142,0.003869,258.49, 427.7137
167152,1.5178,0.003795,263.49, 427.7137
167153,1.5217,0.003901,256.37, 427.7139
167154,1.5256,0.003795,263.52, 427.7137
167155,1.5295,0.003892,256.94, 427.7137
167156,1.5334,0.003829,261.17, 427.7148
167157,1.5371,0.003751,266.60, 427.7137
167158,1.5410,0.003814,262.19, 427.7137
167159,1.5447,0.003875,258.06, 427.7137
167160,1.5486,0.003809,262.52, 427.7137
167161,1.5525,0.003856,259.32, 427.7137
167162,1.5564,0.003922,254.97, 427.7137
167163,1.5603,0.003832,260.98, 427.7137
167164,1.5640,0.003819,261.84, 427.7165
167165,1.5679,0.003813,262.24, 427.7137
167166,1.5718,0.003845,260.07, 427.7137
167167,1.5757,0.003931,254.42, 427.7137
167168,1.5793,0.003807,262.68, 427.7137
167169,1.5833,0.003928,254.59, 427.7137
167170,1.5872,0.003866,258.67, 427.7137
167171,1.5911,0.003759,266.03, 427.7137
167172,1.5950,0.003896,256.69, 427.7139
167173,1.5986,0.003775,264.89, 427.7137
167174,1.6025,0.003884,257.49, 427.7137
167175,1.6064,0.003862,258.93, 427.7139
167176,1.6101,0.003743,267.20, 427.7137
167177,1.6140,0.003891,257.03, 427.7137
167178,1.6179,0.003840,260.42, 427.7137
167179,1.6216,0.003825,261.47, 427.7137
167180,1.6257,0.003925,254.81, 427.7139
167181,1.6294,0.003825,261.44, 427.7137
167182,1.6335,0.004075,245.37, 427.7137
167183,1.6379,0.004352,229.77, 427.6997
167184,1.6418,0.003932,254.35, 427.7137
167185,1.6458,0.003872,258.30, 427.7137
167186,1.6497,0.003936,254.08, 427.7137
167187,1.6533,0.003795,263.53, 427.7137
167188,1.6572,0.003914,255.53, 427.7147
167189,1.6611,0.003821,261.75, 427.7137
167190,1.6653,0.004203,237.90, 427.6997
167191,1.6692,0.003880,257.72, 427.7137
167192,1.6731,0.003856,259.31, 427.7137
167193,1.6768,0.003749,266.71, 427.7170
167194,1.6809,0.003996,250.28, 427.7137
167195,1.6848,0.003906,256.04, 427.7137
167196,1.6885,0.003792,263.71, 427.7137
167197,1.6924,0.003857,259.24, 427.7137
167198,1.6963,0.003841,260.32, 427.7764
167199,1.7000,0.003835,260.76, 427.7137
167200,1.7039,0.003869,258.48, 427.7137
167201,1.7078,0.003840,260.40, 427.7139
167202,1.7117,0.003899,256.50, 427.7137
167203,1.7156,0.003879,257.82, 427.7145
167204,1.7195,0.003820,261.77, 427.7139
167205,1.7234,0.003937,254.02, 427.7137
167206,1.7271,0.003866,258.70, 427.7148
167207,1.7312,0.003920,255.12, 427.7139
167208,1.7349,0.003860,259.07, 427.7137
167209,1.7388,0.003795,263.50, 427.7137
167210,1.7427,0.003903,256.24, 427.7137
167211,1.7466,0.003878,257.85, 427.7137
167212,1.7502,0.003764,265.67, 427.7137
167213,1.7542,0.003862,258.97, 427.7137
167214,1.7581,0.003896,256.69, 427.7137
167215,1.7617,0.003776,264.81, 427.7137
167216,1.7661,0.004279,233.69, 427.6997
167217,1.7700,0.003820,261.77, 427.7137
167218,1.7737,0.003784,264.25, 427.7137
167219,1.7778,0.004147,241.13, 427.7137
167220,1.7817,0.003894,256.80, 427.7137
167221,1.7856,0.003824,261.54, 427.7137
167222,1.7893,0.003855,259.38, 427.7137
167223,1.7932,0.003830,261.11, 427.7137
167224,1.7971,0.003880,257.71, 427.7137
167225,1.8010,0.003852,259.58, 427.7137
167226,1.8049,0.003831,261.02, 427.7137
167227,1.8086,0.003850,259.72, 427.7137
167228,1.8125,0.003827,261.31, 427.7176
167229,1.8164,0.003855,259.44, 427.7137
167230,1.8203,0.003848,259.89, 427.7139
167231,1.8240,0.003890,257.10, 427.7172
167232,1.8279,0.003859,259.13, 427.7137
167233,1.8318,0.003868,258.52, 427.7137
167234,1.8357,0.003832,260.99, 427.7137
167235,1.8396,0.003935,254.14, 427.7137
167236,1.8435,0.003873,258.20, 427.7139
167237,1.8472,0.003791,263.78, 427.7137
167238,1.8511,0.003834,260.82, 427.7137
167239,1.8550,0.003951,253.12, 427.7137
167240,1.8589,0.003837,260.63, 427.7137
167241,1.8628,0.003986,250.87, 427.7137
167242,1.8667,0.003872,258.27, 427.7137
167243,1.8706,0.003808,262.63, 427.7137
167244,1.8743,0.003834,260.85, 427.7139
167245,1.8782,0.003778,264.66, 427.7137
167246,1.8821,0.003881,257.69, 427.7137
167247,1.8860,0.003856,259.34, 427.7137
167248,1.8896,0.003825,261.47, 427.7137
167249,1.8936,0.003902,256.28, 427.7137
167250,1.8975,0.003909,255.85, 427.7137
167251,1.9014,0.003852,259.63, 427.7137
167252,1.9053,0.003857,259.30, 427.7137
167253,1.9092,0.003848,259.87, 427.7137
167254,1.9131,0.004001,249.97, 427.7137
167255,1.9170,0.003900,256.38, 427.7204
167256,1.9209,0.003971,251.84, 427.7137
167257,1.9248,0.003895,256.73, 427.7137
167258,1.9287,0.003839,260.46, 427.7137
167259,1.9326,0.004026,248.39, 427.7137
167260,1.9368,0.003987,250.84, 427.7137
167261,1.9407,0.003872,258.30, 427.7147
167262,1.9443,0.003775,264.91, 427.7148
167263,1.9482,0.003918,255.25, 427.7137
167264,1.9521,0.003889,257.12, 427.7137
167265,1.9561,0.003810,262.45, 427.7137
167266,1.9600,0.003888,257.18, 427.7139
167267,1.9639,0.003916,255.38, 427.7137
167268,1.9675,0.003833,260.87, 427.7137
167269,1.9714,0.003812,262.35, 427.7137
167270,1.9751,0.003799,263.22, 427.7137
167271,1.9790,0.003848,259.88, 427.7148
167272,1.9829,0.003929,254.54, 427.7139
167273,1.9868,0.003825,261.45, 427.7137
167274,1.9907,0.003825,261.42, 427.7137
167275,1.9946,0.003901,256.32, 427.7153
167276,1.9983,0.003823,261.57, 427.7147
167277,2.0022,0.003866,258.67, 427.7137
167278,2.0061,0.003826,261.36, 427.7137
167279,2.0100,0.003969,251.94, 427.7137
167280,2.0139,0.003895,256.74, 427.7137
167281,2.0178,0.003797,263.39, 427.7137
167282,2.0215,0.003867,258.61, 427.7137
167283,2.0254,0.003894,256.79, 427.7137
167284,2.0293,0.003778,264.69, 427.7137
167285,2.0332,0.003879,257.83, 427.7139
167286,2.0369,0.003849,259.84, 427.7147
167287,2.0408,0.003804,262.86, 427.7139
167288,2.0447,0.003939,253.90, 427.7137
167289,2.0486,0.003807,262.69, 427.7137
167290,2.0525,0.003848,259.86, 427.7137
167291,2.0562,0.003849,259.84, 427.7137
167292,2.0601,0.003761,265.89, 427.7137
167293,2.0640,0.003909,255.85, 427.7137
167294,2.0679,0.003871,258.31, 427.7137
167295,2.0715,0.003786,264.15, 427.7137
167296,2.0754,0.003866,258.70, 427.7137
167297,2.0793,0.003844,260.13, 427.7139
167298,2.0830,0.003862,258.95, 427.7137
167299,2.0874,0.004265,234.47, 427.6997
167300,2.0913,0.003865,258.73, 427.7137
167301,2.0950,0.003835,260.76, 427.7137
167302,2.0989,0.003820,261.79, 427.7137
167303,2.1028,0.003825,261.47, 427.7137
167304,2.1067,0.003847,259.94, 427.7137
167305,2.1104,0.003838,260.55, 427.7137
167306,2.1143,0.003813,262.27, 427.7137
167307,2.1182,0.003863,258.87, 427.7137
167308,2.1221,0.003921,255.06, 427.7137
167309,2.1257,0.003834,260.84, 427.7139
167310,2.1296,0.003848,259.87, 427.7137
167311,2.1335,0.003859,259.17, 427.7137
167312,2.1375,0.003927,254.65, 427.7137
167313,2.1414,0.003848,259.90, 427.7139
167314,2.1450,0.003802,263.04, 427.7137
167315,2.1489,0.003871,258.32, 427.7137
167316,2.1528,0.003881,257.65, 427.7137
167317,2.1567,0.003785,264.18, 427.7137
167318,2.1606,0.003896,256.69, 427.7137
167319,2.1646,0.003923,254.90, 427.7137
167320,2.1682,0.003783,264.33, 427.7139
167321,2.1721,0.003872,258.25, 427.7139
167322,2.1760,0.003787,264.06, 427.7137
167323,2.1797,0.003824,261.54, 427.7137
167324,2.1836,0.003929,254.52, 427.7137
167325,2.1875,0.003794,263.56, 427.7137
167326,2.1914,0.003863,258.89, 427.7139
167327,2.1953,0.003901,256.37, 427.7137
167328,2.1990,0.003816,262.08, 427.7137
167329,2.2029,0.003859,259.15, 427.7147
167330,2.2068,0.003819,261.85, 427.7137
167331,2.2104,0.003818,261.95, 427.7137
167332,2.2144,0.003917,255.29, 427.7148
167333,2.2183,0.003752,266.55, 427.7137
167334,2.2222,0.003853,259.57, 427.7137
167335,2.2258,0.003857,259.28, 427.7185
167336,2.2300,0.003939,253.85, 427.7137
167337,2.2336,0.003835,260.78, 427.7137
167338,2.2375,0.003840,260.42, 427.7137
167339,2.2415,0.003847,259.94, 427.7137
167340,2.2451,0.003828,261.23, 427.7147
167341,2.2490,0.003770,265.24, 427.7137
167342,2.2527,0.003796,263.46, 427.7148
167343,2.2566,0.003920,255.12, 427.7137
167344,2.2605,0.003822,261.62, 427.7147
167345,2.2644,0.003888,257.22, 427.7139
167346,2.2683,0.003862,258.91, 427.7137
167347,2.2720,0.003759,266.04, 427.7137
167348,2.2759,0.003896,256.69, 427.7137
167349,2.2798,0.003797,263.36, 427.7137
167350,2.2837,0.003890,257.10, 427.7137
167351,2.2874,0.003853,259.56, 427.7137
167352,2.2913,0.003729,268.14, 427.7137
167353,2.2949,0.003835,260.74, 427.7137
167354,2.2988,0.003815,262.11, 427.7137
167355,2.3027,0.003800,263.14, 427.7147
167356,2.3064,0.003826,261.40, 427.7137
167357,2.3103,0.003847,259.92, 427.7139
167358,2.3142,0.003837,260.63, 427.7137
167359,2.3181,0.003846,260.01, 427.7137
167360,2.3218,0.003889,257.14, 427.7137
167361,2.3257,0.003817,262.00, 427.7137
167362,2.3296,0.003771,265.20, 427.7165
167363,2.3335,0.003928,254.57, 427.7137
167364,2.3372,0.003855,259.42, 427.7137
167365,2.3411,0.003875,258.08, 427.7145
167366,2.3450,0.003769,265.32, 427.7147
167367,2.3486,0.003808,262.61, 427.7137
167368,2.3528,0.004123,242.57, 427.7137
167369,2.3569,0.004065,246.00, 427.7137
167370,2.3608,0.003978,251.38, 427.7137
167371,2.3650,0.004020,248.79, 427.7137
167372,2.3701,0.005118,195.37, 427.6855
167373,2.3745,0.004461,224.16, 427.7137
167374,2.3784,0.004045,247.25, 427.7137
167375,2.3823,0.003881,257.68, 427.7137
167376,2.3862,0.003901,256.32, 427.7137
167377,2.3901,0.003860,259.04, 427.7137
167378,2.3940,0.003790,263.87, 427.7137
167379,2.3979,0.003876,258.00, 427.7137
167380,2.4019,0.003948,253.27, 427.7137
167381,2.4055,0.003832,260.99, 427.7139
167382,2.4094,0.003844,260.12, 427.7137
167383,2.4133,0.003820,261.78, 427.7137
167384,2.4172,0.003892,256.96, 427.7137
167385,2.4209,0.003838,260.55, 427.7137
167386,2.4248,0.003836,260.70, 427.7137
167387,2.4287,0.003854,259.45, 427.7137
167388,2.4326,0.003854,259.44, 427.7137
167389,2.4363,0.003828,261.23, 427.7139
167390,2.4402,0.003836,260.71, 427.7137
167391,2.4446,0.004283,233.48, 427.7121
167392,2.4482,0.003796,263.44, 427.7137
167393,2.4521,0.003906,256.02, 427.7139
167394,2.4561,0.003809,262.54, 427.7137
167395,2.4597,0.003779,264.63, 427.7137
167396,2.4636,0.003918,255.23, 427.7137
167397,2.4675,0.003794,263.60, 427.7137
167398,2.4714,0.003847,259.97, 427.7137
167399,2.4753,0.003880,257.74, 427.7139
167400,2.4790,0.003837,260.59, 427.7137
167401,2.4829,0.003935,254.15, 427.7137
167402,2.4868,0.003883,257.51, 427.7137
167403,2.4910,0.004169,239.87, 427.7037
167404,2.4951,0.004011,249.30, 427.7137
167405,2.4990,0.003881,257.66, 427.7137
167406,2.5027,0.003784,264.30, 427.7137
167407,2.5066,0.003834,260.86, 427.7137
167408,2.5103,0.003780,264.53, 427.7147
167409,2.5142,0.003868,258.56, 427.7137
167410,2.5181,0.003829,261.16, 427.7137
167411,2.5217,0.003780,264.54, 427.7137
167412,2.5261,0.004355,229.60, 427.7002
167413,2.5300,0.003791,263.81, 427.7137
167414,2.5337,0.003787,264.10, 427.7137
167415,2.5376,0.003869,258.50, 427.7137
167416,2.5415,0.003910,255.73, 427.7137
167417,2.5454,0.003796,263.46, 427.7137
167418,2.5491,0.003867,258.60, 427.7137
167419,2.5530,0.003837,260.59, 427.7137
167420,2.5569,0.003954,252.88, 427.7137
167421,2.5610,0.003968,252.00, 427.7139
167422,2.5647,0.003858,259.23, 427.7137
167423,2.5686,0.003879,257.83, 427.7137
167424,2.5725,0.003865,258.77, 427.7139
167425,2.5764,0.003855,259.42, 427.7137
167426,2.5803,0.003882,257.61, 427.7137
167427,2.5842,0.003950,253.19, 427.7137
167428,2.5881,0.003889,257.16, 427.7137
167429,2.5920,0.004039,247.57, 427.7137
167430,2.5959,0.003888,257.23, 427.7139
167431,2.5999,0.003907,255.96, 427.7137
167432,2.6040,0.003940,253.80, 427.7137
167433,2.6077,0.003867,258.62, 427.7137
167434,2.6116,0.003827,261.29, 427.7137
167435,2.6160,0.004386,228.01, 427.6977
167436,2.6199,0.003824,261.51, 427.7139
167437,2.6238,0.004013,249.19, 427.7137
167438,2.6279,0.004075,245.39, 427.7137
167439,2.6318,0.003885,257.40, 427.7137
167440,2.6357,0.003927,254.64, 427.7137
167441,2.6396,0.003980,251.26, 427.7137
167442,2.6436,0.003895,256.76, 427.7137
167443,2.6475,0.003955,252.85, 427.7137
167444,2.6514,0.003926,254.72, 427.7137
167445,2.6553,0.003860,259.08, 427.7137
167446,2.6592,0.003882,257.63, 427.7137
167447,2.6631,0.004000,249.98, 427.7139
167448,2.6670,0.003877,257.96, 427.7139
167449,2.6709,0.003903,256.21, 427.7137
167450,2.6750,0.003953,252.99, 427.7137
167451,2.6790,0.003907,255.94, 427.7137
167452,2.6826,0.003898,256.55, 427.7137
167453,2.6868,0.003923,254.93, 427.7137
167454,2.6907,0.003930,254.49, 427.7139
167455,2.6946,0.003909,255.85, 427.7137
167456,2.6982,0.003866,258.68, 427.7139
167457,2.7024,0.003928,254.56, 427.7137
167458,2.7063,0.003923,254.89, 427.7137
167459,2.7100,0.003842,260.29, 427.7137
167460,2.7139,0.003903,256.23, 427.7137
167461,2.7178,0.003912,255.66, 427.7137
167462,2.7217,0.003902,256.27, 427.7137
167463,2.7258,0.003940,253.83, 427.7137
167464,2.7297,0.003941,253.72, 427.7137
167465,2.7336,0.003919,255.16, 427.7137
167466,2.7375,0.003906,256.02, 427.7147
167467,2.7415,0.003930,254.47, 427.7137
167468,2.7454,0.003948,253.31, 427.7137
167469,2.7493,0.003964,252.30, 427.7139
167470,2.7532,0.003872,258.26, 427.7137
167471,2.7571,0.003991,250.55, 427.7139
167472,2.7612,0.003951,253.08, 427.7137
167473,2.7651,0.003916,255.34, 427.7137
167474,2.7690,0.003903,256.23, 427.7139
167475,2.7729,0.003883,257.51, 427.7137
167476,2.7766,0.003841,260.36, 427.7137
167477,2.7808,0.004011,249.32, 427.7137
167478,2.7847,0.003933,254.27, 427.7137
167479,2.7886,0.003844,260.15, 427.7137
167480,2.7925,0.003948,253.31, 427.7137
167481,2.7964,0.003937,254.03, 427.7139
167482,2.8003,0.003930,254.44, 427.7137
167483,2.8042,0.003916,255.34, 427.7137
167484,2.8081,0.003853,259.56, 427.7137
167485,2.8120,0.003946,253.40, 427.7137
167486,2.8159,0.003904,256.15, 427.7137
167487,2.8198,0.003813,262.29, 427.7137
167488,2.8235,0.003885,257.37, 427.7137
167489,2.8276,0.004028,248.27, 427.7137
167490,2.8315,0.003929,254.49, 427.7139
167491,2.8354,0.003873,258.23, 427.7137
167492,2.8394,0.003953,253.00, 427.7137
167493,2.8433,0.003855,259.43, 427.7137
167494,2.8472,0.003944,253.56, 427.7137
167495,2.8511,0.003891,257.00, 427.7191
167496,2.8550,0.004034,247.89, 427.7139
167497,2.8589,0.003885,257.42, 427.7139
167498,2.8630,0.003995,250.33, 427.7137
167499,2.8669,0.003931,254.38, 427.7137
167500,2.8709,0.003923,254.93, 427.7139
167501,2.8748,0.003859,259.11, 427.7137
167502,2.8787,0.003925,254.75, 427.7137
167503,2.8826,0.003963,252.31, 427.7137
167504,2.8870,0.004275,233.92, 427.6997
167505,2.8909,0.003978,251.41, 427.7137
167506,2.8948,0.003936,254.07, 427.7137
167507,2.8987,0.003822,261.63, 427.7137
167508,2.9023,0.003854,259.46, 427.7137
167509,2.9063,0.003856,259.32, 427.7137
167510,2.9102,0.003880,257.71, 427.7137
167511,2.9143,0.004004,249.76, 427.7137
167512,2.9180,0.003872,258.24, 427.7137
167513,2.9219,0.003807,262.69, 427.7137
167514,2.9258,0.003852,259.64, 427.7139
167515,2.9294,0.003794,263.58, 427.7137
167516,2.9334,0.003926,254.69, 427.7137
167517,2.9373,0.003790,263.85, 427.7137
167518,2.9412,0.004015,249.07, 427.7137
167519,2.9453,0.004043,247.32, 427.7137
167520,2.9492,0.003880,257.76, 427.7137
167521,2.9529,0.003799,263.26, 427.7137
167522,2.9570,0.004000,249.99, 427.7137
167523,2.9609,0.003887,257.26, 427.7137
167524,2.9646,0.003841,260.37, 427.7137
167525,2.9685,0.003898,256.52, 427.7139
167526,2.9724,0.003852,259.62, 427.7137
167527,2.9763,0.003828,261.21, 427.7139
167528,2.9802,0.003848,259.90, 427.7137
167529,2.9839,0.003812,262.36, 427.7137
167530,2.9878,0.003868,258.51, 427.7137
167531,2.9917,0.003909,255.83, 427.7137
167532,2.9954,0.003756,266.23, 427.7137
167533,2.9993,0.003839,260.47, 427.7139
167534,3.0032,0.003908,255.89, 427.7137
167535,3.0071,0.003814,262.17, 427.7137
167536,3.0110,0.003869,258.46, 427.7137
167537,3.0146,0.003863,258.85, 427.7139
167538,3.0186,0.003822,261.64, 427.7137
167539,3.0225,0.003848,259.90, 427.7137
167540,3.0261,0.003785,264.18, 427.7137
167541,3.0300,0.003855,259.40, 427.7137
167542,3.0339,0.003923,254.91, 427.7137
167543,3.0378,0.003810,262.46, 427.7137
167544,3.0417,0.003896,256.65, 427.7137
167545,3.0457,0.003881,257.70, 427.7139
167546,3.0493,0.003833,260.87, 427.7137
167547,3.0532,0.003864,258.79, 427.7137
167548,3.0571,0.003741,267.32, 427.7137
167549,3.0608,0.003861,259.01, 427.7137
167550,3.0647,0.003887,257.25, 427.7137
167551,3.0686,0.003802,263.05, 427.7147
167552,3.0725,0.003843,260.19, 427.7139
167553,3.0762,0.003858,259.18, 427.7137
167554,3.0801,0.003810,262.45, 427.7137
167555,3.0840,0.003946,253.45, 427.7137
167556,3.0879,0.003842,260.29, 427.7137
167557,3.0918,0.003875,258.05, 427.7137
167558,3.0957,0.003878,257.84, 427.7137
167559,3.0994,0.003794,263.57, 427.7137
167560,3.1033,0.003867,258.63, 427.7137
167561,3.1072,0.003853,259.51, 427.7137
167562,3.1108,0.003766,265.55, 427.7137
167563,3.1147,0.003862,258.91, 427.7139
167564,3.1187,0.003853,259.56, 427.7139
167565,3.1226,0.003834,260.80, 427.7137
167566,3.1262,0.003847,259.94, 427.7137
167567,3.1301,0.003869,258.45, 427.7137
167568,3.1340,0.003886,257.31, 427.7137
167569,3.1379,0.003829,261.19, 427.7137
167570,3.1416,0.003841,260.38, 427.7137
167571,3.1458,0.004128,242.27, 427.7147
167572,3.1499,0.003950,253.16, 427.7137
167573,3.1536,0.003810,262.46, 427.7145
167574,3.1575,0.003849,259.79, 427.7137
167575,3.1614,0.003936,254.09, 427.7137
167576,3.1653,0.003820,261.81, 427.7137
167577,3.1692,0.003859,259.16, 427.7137
167578,3.1729,0.003852,259.59, 427.7137
167579,3.1768,0.003835,260.78, 427.7137
167580,3.1807,0.003845,260.08, 427.7137
167581,3.1843,0.003779,264.61, 427.7148
167582,3.1882,0.003930,254.48, 427.7137
167583,3.1921,0.003891,257.00, 427.7137
167584,3.1960,0.003830,261.08, 427.7139
167585,3.2000,0.003862,258.93, 427.7137
167586,3.2039,0.003870,258.43, 427.7175
167587,3.2078,0.003923,254.93, 427.7148
167588,3.2117,0.003927,254.68, 427.7137
167589,3.2153,0.003823,261.57, 427.7137
167590,3.2192,0.003903,256.21, 427.7137
167591,3.2231,0.003896,256.71, 427.7137
167592,3.2271,0.003814,262.19, 427.7137
167593,3.2310,0.003859,259.17, 427.7137
167594,3.2349,0.003851,259.68, 427.7147
167595,3.2385,0.003783,264.31, 427.7137
167596,3.2424,0.003877,257.93, 427.7137
167597,3.2463,0.003953,253.00, 427.7137
167598,3.2502,0.003816,262.09, 427.7137
167599,3.2542,0.003858,259.19, 427.7139
167600,3.2578,0.003822,261.64, 427.7139
167601,3.2617,0.003874,258.12, 427.7137
167602,3.2656,0.003851,259.71, 427.7137
167603,3.2695,0.003851,259.69, 427.7137
167604,3.2734,0.004055,246.58, 427.6913
167605,3.2773,0.003898,256.54, 427.7137
167606,3.2813,0.003815,262.13, 427.7137
167607,3.2852,0.003898,256.55, 427.7137
167608,3.2891,0.003857,259.26, 427.7137
167609,3.2927,0.003830,261.10, 427.7137
167610,3.2966,0.003873,258.22, 427.7137
167611,3.3005,0.003847,259.94, 427.7137
167612,3.3044,0.003877,257.96, 427.7137
167613,3.3084,0.003855,259.42, 427.7137
167614,3.3120,0.003785,264.18, 427.7137
167615,3.3159,0.003929,254.52, 427.7137
167616,3.3198,0.003868,258.56, 427.7137
167617,3.3237,0.003827,261.31, 427.7137
167618,3.3274,0.003851,259.65, 427.7137
167619,3.3313,0.003891,256.98, 427.7137
167620,3.3352,0.003862,258.95, 427.7137
167621,3.3396,0.004313,231.84, 427.6948
167622,3.3435,0.003857,259.27, 427.7137
167623,3.3474,0.003904,256.13, 427.7137
167624,3.3513,0.003922,254.96, 427.7137
167625,3.3550,0.003779,264.63, 427.7137
167626,3.3589,0.003831,261.06, 427.7137
167627,3.3628,0.003995,250.31, 427.7137
167628,3.3669,0.004026,248.36, 427.7137
167629,3.3709,0.004053,246.73, 427.7137
167630,3.3750,0.003980,251.26, 427.7137
167631,3.3789,0.003967,252.11, 427.7137
167632,3.3831,0.004289,233.14, 427.7137
167633,3.3875,0.004367,229.00, 427.7121
167634,3.3914,0.003866,258.69, 427.7137
167635,3.3955,0.004105,243.58, 427.7137
167636,3.3994,0.003857,259.29, 427.7139
167637,3.4031,0.003813,262.24, 427.7145
167638,3.4070,0.003794,263.59, 427.7148
167639,3.4109,0.003984,251.02, 427.7137
167640,3.4148,0.003918,255.21, 427.7137
167641,3.4189,0.003996,250.28, 427.7137
167642,3.4229,0.003937,253.99, 427.7137
167643,3.4268,0.003846,260.04, 427.7139
167644,3.4307,0.003938,253.93, 427.7137
167645,3.4346,0.003856,259.35, 427.7137
167646,3.4382,0.003810,262.48, 427.7137
167647,3.4421,0.003836,260.69, 427.7137
167648,3.4460,0.003831,261.02, 427.7137
167649,3.4497,0.003883,257.51, 427.7137
167650,3.4536,0.003841,260.38, 427.7139
167651,3.4575,0.003812,262.36, 427.7137
167652,3.4614,0.003841,260.35, 427.7137
167653,3.4651,0.003859,259.14, 427.7137
167654,3.4690,0.003819,261.86, 427.7137
167655,3.4729,0.003891,256.98, 427.7137
167656,3.4766,0.003769,265.32, 427.7137
167657,3.4805,0.003884,257.48, 427.7139
167658,3.4844,0.003845,260.10, 427.7137
167659,3.4883,0.003812,262.36, 427.7137
167660,3.4919,0.003867,258.58, 427.7147
167661,3.4959,0.003765,265.62, 427.7184
167662,3.4998,0.003992,250.53, 427.7139
167663,3.5037,0.003939,253.88, 427.7137
167664,3.5076,0.003834,260.84, 427.7137
167665,3.5115,0.003773,265.04, 427.7137
167666,3.5151,0.003827,261.29, 427.7137
167667,3.5190,0.003816,262.07, 427.7137
167668,3.5229,0.003864,258.82, 427.7137
167669,3.5266,0.003825,261.47, 427.7147
167670,3.5305,0.003805,262.85, 427.7137
167671,3.5344,0.003858,259.23, 427.7137
167672,3.5381,0.003828,261.23, 427.7137
167673,3.5420,0.003778,264.68, 427.7137
167674,3.5459,0.003899,256.50, 427.7137
167675,3.5496,0.003828,261.21, 427.7145
167676,3.5535,0.003860,259.05, 427.7137
167677,3.5574,0.003802,263.03, 427.7137
167678,3.5610,0.003787,264.05, 427.7137
167679,3.5652,0.004009,249.44, 427.7139
167680,3.5691,0.003892,256.97, 427.7137
167681,3.5728,0.003789,263.91, 427.7137
167682,3.5767,0.003831,261.02, 427.7137
167683,3.5806,0.003849,259.81, 427.7137
167684,3.5845,0.003877,257.96, 427.7139
167685,3.5881,0.003849,259.79, 427.7137
167686,3.5920,0.003797,263.39, 427.7137
167687,3.5959,0.003878,257.90, 427.7137
167688,3.5996,0.003816,262.05, 427.7137
167689,3.6035,0.003816,262.09, 427.7137
167690,3.6074,0.003879,257.78, 427.7137
167691,3.6113,0.003947,253.38, 427.7148
167692,3.6152,0.003783,264.34, 427.7137
167693,3.6189,0.003836,260.72, 427.7139
167694,3.6228,0.003869,258.47, 427.7137
167695,3.6267,0.003859,259.14, 427.7137
167696,3.6306,0.003824,261.53, 427.7147
167697,3.6343,0.003716,269.08, 427.7137
167698,3.6382,0.003857,259.30, 427.7137
167699,3.6418,0.003830,261.08, 427.7137
167700,3.6458,0.003860,259.09, 427.7137
167701,3.6497,0.003893,256.86, 427.7137
167702,3.6536,0.003955,252.85, 427.7137
167703,3.6575,0.003767,265.45, 427.7137
167704,3.6614,0.003910,255.78, 427.7137
167705,3.6653,0.003879,257.77, 427.7137
167706,3.6689,0.003776,264.85, 427.7147
167707,3.6729,0.003815,262.14, 427.7139
167708,3.6765,0.003797,263.37, 427.7137
167709,3.6804,0.003849,259.83, 427.7137
167710,3.6843,0.003868,258.54, 427.7137
167711,3.6880,0.003775,264.93, 427.7147
167712,3.6919,0.003884,257.50, 427.7137
167713,3.6958,0.003814,262.16, 427.7137
167714,3.6997,0.003833,260.87, 427.7139
167715,3.7036,0.003893,256.89, 427.7137
167716,3.7073,0.003796,263.44, 427.7137
167717,3.7112,0.003866,258.65, 427.7139
167718,3.7151,0.003814,262.19, 427.7137
167719,3.7188,0.003747,266.87, 427.7137
167720,3.7227,0.003881,257.67, 427.7137
167721,3.7266,0.003897,256.59, 427.7137
167722,3.7302,0.003802,263.05, 427.7137
167723,3.7341,0.003844,260.13, 427.7137
167724,3.7380,0.003808,262.62, 427.7139
167725,3.7417,0.003867,258.57, 427.7137
167726,3.7456,0.003867,258.61, 427.7137
167727,3.7495,0.003742,267.22, 427.7137
167728,3.7532,0.003860,259.08, 427.7137
167729,3.7573,0.003932,254.34, 427.7139
167730,3.7610,0.003751,266.60, 427.7137
167731,3.7649,0.003845,260.05, 427.7137
167732,3.7686,0.003848,259.90, 427.7137
167733,3.7725,0.003828,261.25, 427.7137
167734,3.7764,0.003764,265.70, 427.7137
167735,3.7800,0.003780,264.52, 427.7137
167736,3.7839,0.003851,259.68, 427.7137
167737,3.7878,0.003874,258.15, 427.7137
167738,3.7920,0.004266,234.42, 427.6997
167739,3.7961,0.004025,248.42, 427.7147
167740,3.8000,0.003885,257.38, 427.7137
167741,3.8037,0.003886,257.32, 427.7137
167742,3.8079,0.003943,253.63, 427.7137
167743,3.8115,0.003842,260.26, 427.7137
167744,3.8154,0.003838,260.58, 427.7137
167745,3.8193,0.003866,258.68, 427.7137
167746,3.8232,0.003827,261.27, 427.7139
167747,3.8269,0.003888,257.21, 427.7145
167748,3.8308,0.003864,258.82, 427.7180
167749,3.8347,0.003865,258.73, 427.7137
167750,3.8386,0.003883,257.56, 427.7139
167751,3.8425,0.003812,262.32, 427.7147
167752,3.8464,0.003875,258.04, 427.7137
167753,3.8501,0.003871,258.30, 427.7137
167754,3.8540,0.003804,262.92, 427.7137
167755,3.8579,0.003835,260.78, 427.7137
167756,3.8618,0.003887,257.27, 427.7137
167757,3.8655,0.003814,262.23, 427.7137
167758,3.8694,0.003836,260.69, 427.7137
167759,3.8733,0.003831,261.04, 427.7137
167760,3.8770,0.003831,261.01, 427.7137
167761,3.8809,0.003841,260.33, 427.7137
167762,3.8848,0.003902,256.27, 427.7137
167763,3.8887,0.003782,264.39, 427.7137
167764,3.8928,0.004303,232.40, 427.6997
167765,3.8967,0.003851,259.69, 427.7137
167766,3.9006,0.003814,262.21, 427.7137
167767,3.9043,0.003872,258.24, 427.7137
167768,3.9084,0.003961,252.45, 427.7137
167769,3.9121,0.003814,262.17, 427.7137
167770,3.9163,0.004035,247.84, 427.7137
167771,3.9199,0.003794,263.55, 427.7137
167772,3.9238,0.003913,255.53, 427.7180
167773,3.9280,0.003962,252.42, 427.7137
167774,3.9316,0.003792,263.75, 427.7137
167775,3.9355,0.003870,258.43, 427.7137
167776,3.9395,0.003911,255.72, 427.7147
167777,3.9434,0.003802,263.01, 427.7137
167778,3.9470,0.003881,257.69, 427.7137
167779,3.9509,0.003810,262.45, 427.7137
167780,3.9548,0.003964,252.30, 427.7137
167781,3.9590,0.004150,240.94, 427.7137
167782,3.9629,0.003832,260.94, 427.7137
167783,3.9668,0.003913,255.57, 427.7137
167784,3.9707,0.003863,258.85, 427.7137
167785,3.9744,0.003780,264.58, 427.7137
167786,3.9783,0.003871,258.35, 427.7139
167787,3.9822,0.003868,258.57, 427.7137
167788,3.9861,0.003784,264.31, 427.7137
167789,3.9897,0.003847,259.93, 427.7137
167790,3.9937,0.003848,259.85, 427.7137
167791,3.9976,0.003848,259.88, 427.7137
167792,4.0015,0.003857,259.30, 427.7137
167793,4.0051,0.003821,261.70, 427.7139
167794,4.0090,0.003870,258.43, 427.7137
167795,4.0129,0.003845,260.11, 427.7137
167796,4.0166,0.003762,265.85, 427.7137
167797,4.0205,0.003839,260.46, 427.7139
167798,4.0244,0.003890,257.08, 427.7137
167799,4.0286,0.004206,237.78, 427.7027
167800,4.0325,0.003847,259.93, 427.7137
167801,4.0364,0.003836,260.70, 427.7137
167802,4.0400,0.003805,262.82, 427.7137
167803,4.0439,0.003842,260.27, 427.7137
167804,4.0476,0.003796,263.41, 427.7137
167805,4.0515,0.003876,258.00, 427.7137
167806,4.0554,0.003831,261.03, 427.7137
167807,4.0593,0.003812,262.33, 427.7137
167808,4.0630,0.003843,260.19, 427.7137
167809,4.0671,0.004009,249.41, 427.7137
167810,4.0708,0.003797,263.35, 427.7137
167811,4.0747,0.003837,260.61, 427.7137
167812,4.0786,0.003802,262.99, 427.7139
167813,4.0825,0.003884,257.50, 427.7137
167814,4.0862,0.003863,258.89, 427.7137
167815,4.0901,0.003751,266.62, 427.7137
167816,4.0940,0.003861,259.03, 427.7137
167817,4.0977,0.003867,258.62, 427.7137
167818,4.1016,0.003818,261.92, 427.7137
167819,4.1055,0.003918,255.23, 427.7137
167820,4.1094,0.003844,260.14, 427.7148
167821,4.1130,0.003761,265.86, 427.7137
167822,4.1169,0.003912,255.65, 427.7139
167823,4.1209,0.003802,263.01, 427.7137
167824,4.1248,0.003880,257.72, 427.7137
167825,4.1287,0.003884,257.49, 427.7137
167826,4.1323,0.003788,263.96, 427.7137
167827,4.1362,0.003835,260.76, 427.7137
167828,4.1401,0.003827,261.30, 427.7169
167829,4.1438,0.003893,256.85, 427.7139
167830,4.1477,0.003903,256.20, 427.7137
167831,4.1516,0.003872,258.28, 427.7137
167832,4.1555,0.003796,263.41, 427.7137
167833,4.1592,0.003809,262.57, 427.7137
167834,4.1631,0.003835,260.79, 427.7139
167835,4.1670,0.003845,260.05, 427.7137
167836,4.1707,0.003785,264.19, 427.7137
167837,4.1746,0.003854,259.46, 427.7137
167838,4.1785,0.003958,252.66, 427.7137
167839,4.1826,0.003981,251.19, 427.7137
167840,4.1863,0.003819,261.83, 427.7137
167841,4.1907,0.004334,230.73, 427.6913
167842,4.1946,0.003875,258.10, 427.7137
167843,4.1982,0.003774,264.96, 427.7137
167844,4.2021,0.003843,260.25, 427.7139
167845,4.2061,0.003921,255.02, 427.7137
167846,4.2100,0.003833,260.91, 427.7137
167847,4.2139,0.003865,258.75, 427.7137
167848,4.2175,0.003762,265.84, 427.7137
167849,4.2214,0.003919,255.17, 427.7137
167850,4.2253,0.003858,259.21, 427.7137
167851,4.2290,0.003733,267.87, 427.7137
167852,4.2329,0.003842,260.30, 427.7137
167853,4.2368,0.003983,251.05, 427.7137
167854,4.2407,0.003887,257.30, 427.7137
167855,4.2446,0.003923,254.91, 427.7137
167856,4.2485,0.003817,262.01, 427.7137
167857,4.2524,0.003928,254.61, 427.7139
167858,4.2563,0.003912,255.63, 427.7137
167859,4.2603,0.003807,262.66, 427.7137
167860,4.2642,0.003913,255.53, 427.7137
167861,4.2681,0.003984,251.03, 427.7137
167862,4.2720,0.003830,261.09, 427.7137
167863,4.2756,0.003816,262.05, 427.7137
167864,4.2800,0.004321,231.41, 427.7072
167865,4.2839,0.003863,258.88, 427.7137
167866,4.2878,0.003885,257.39, 427.7137
167867,4.2917,0.003895,256.77, 427.7137
167868,4.2954,0.003782,264.40, 427.7137
167869,4.2993,0.003879,257.81, 427.7137
167870,4.3032,0.003857,259.28, 427.7137
167871,4.3071,0.003936,254.08, 427.7121
167872,4.3110,0.003880,257.71, 427.7137
167873,4.3149,0.003824,261.48, 427.7139
167874,4.3186,0.003870,258.42, 427.7137
167875,4.3225,0.003887,257.24, 427.7137
167876,4.3264,0.003832,260.97, 427.7137
167877,4.3303,0.003867,258.59, 427.7137
167878,4.3342,0.003837,260.60, 427.7137
167879,4.3379,0.003779,264.63, 427.7137
167880,4.3418,0.003845,260.06, 427.7137
167881,4.3455,0.003793,263.63, 427.7137
167882,4.3499,0.004315,231.74, 427.6997
167883,4.3538,0.003822,261.66, 427.7137
167884,4.3574,0.003803,262.95, 427.7137
167885,4.3616,0.003960,252.51, 427.7139
167886,4.3657,0.004150,240.98, 427.7137
167887,4.3694,0.003781,264.50, 427.7137
167888,4.3740,0.004680,213.68, 427.7137
167889,4.3782,0.004071,245.63, 427.7137
167890,4.3826,0.004351,229.86, 427.7137
167891,4.3870,0.004415,226.51, 427.7137
167892,4.3909,0.004076,245.33, 427.7137
167893,4.3953,0.004153,240.80, 427.7137
167894,4.3992,0.003908,255.91, 427.7137
167895,4.4031,0.003969,251.97, 427.7137
167896,4.4070,0.003914,255.47, 427.7137
167897,4.4109,0.003917,255.32, 427.7137
167898,4.4148,0.003913,255.58, 427.7139
167899,4.4187,0.003897,256.62, 427.7139
167900,4.4226,0.003903,256.25, 427.7137
167901,4.4265,0.003891,257.04, 427.7137
167902,4.4304,0.003889,257.16, 427.7137
167903,4.4343,0.003946,253.45, 427.7139
167904,4.4382,0.003830,261.08, 427.7137
167905,4.4419,0.003855,259.42, 427.7139
167906,4.4458,0.003927,254.68, 427.7137
167907,4.4500,0.003946,253.45, 427.7147
167908,4.4536,0.003832,260.97, 427.7137
167909,4.4575,0.003908,255.89, 427.7137
167910,4.4614,0.003932,254.33, 427.7139
167911,4.4653,0.003875,258.08, 427.7137
167912,4.4692,0.003920,255.09, 427.7139
167913,4.4731,0.003825,261.44, 427.7137
167914,4.4771,0.003907,255.97, 427.7137
167915,4.4810,0.003873,258.18, 427.7137
167916,4.4849,0.003828,261.22, 427.7137
167917,4.4888,0.003979,251.30, 427.7137
167918,4.4927,0.003935,254.16, 427.7137
167919,4.4966,0.003824,261.51, 427.7137
167920,4.5005,0.003892,256.96, 427.7137
167921,4.5044,0.004058,246.40, 427.7126
167922,4.5083,0.003836,260.68, 427.7137
167923,4.5122,0.003935,254.13, 427.7137
167924,4.5161,0.003877,257.96, 427.7137
167925,4.5200,0.003956,252.81, 427.7148
167926,4.5239,0.003877,257.90, 427.7137
167927,4.5276,0.003793,263.64, 427.7137
167928,4.5315,0.003870,258.42, 427.7137
167929,4.5354,0.003857,259.24, 427.7137
167930,4.5393,0.003784,264.29, 427.7139
167931,4.5432,0.003883,257.53, 427.7137
167932,4.5469,0.003832,260.98, 427.7137
167933,4.5508,0.003948,253.27, 427.7137
167934,4.5549,0.003959,252.62, 427.7137
167935,4.5588,0.003933,254.26, 427.7148
167936,4.5627,0.004047,247.10, 427.7137
167937,4.5669,0.004013,249.22, 427.7137
167938,4.5708,0.004044,247.30, 427.7137
167939,4.5747,0.003911,255.70, 427.7153
167940,4.5789,0.004004,249.78, 427.7137
167941,4.5828,0.003983,251.07, 427.7137
167942,4.5867,0.003955,252.82, 427.7137
167943,4.5906,0.003937,254.03, 427.7137
167944,4.5945,0.003875,258.05, 427.7137
167945,4.5989,0.004421,226.18, 427.6997
167946,4.6028,0.003914,255.51, 427.7139
167947,4.6067,0.003849,259.81, 427.7147
167948,4.6108,0.004039,247.59, 427.7137
167949,4.6147,0.003982,251.13, 427.7137
167950,4.6187,0.003852,259.59, 427.7137
167951,4.6226,0.004010,249.36, 427.7147
167952,4.6270,0.004300,232.55, 427.6873
167953,4.6309,0.003905,256.06, 427.7137
167954,4.6348,0.003995,250.31, 427.7137
167955,4.6387,0.003912,255.62, 427.7139
167956,4.6426,0.003912,255.64, 427.7137
167957,4.6467,0.003998,250.15, 427.7137
167958,4.6506,0.003981,251.19, 427.7137
167959,4.6545,0.003995,250.32, 427.7137
167960,4.6584,0.003943,253.63, 427.7137
167961,4.6626,0.003989,250.71, 427.7137
167962,4.6663,0.003837,260.59, 427.7137
167963,4.6707,0.004285,233.37, 427.6942
167964,4.6746,0.003892,256.95, 427.7180
167965,4.6785,0.003826,261.40, 427.7139
167966,4.6824,0.003969,251.94, 427.7137
167967,4.6863,0.003863,258.87, 427.7137
167968,4.6899,0.003789,263.91, 427.7137
167969,4.6938,0.003895,256.73, 427.7211
167970,4.6980,0.004002,249.89, 427.7137
167971,4.7019,0.003976,251.52, 427.7137
167972,4.7063,0.004315,231.73, 427.6997
167973,4.7100,0.003821,261.70, 427.7137
167974,4.7139,0.003877,257.94, 427.7137
167975,4.7178,0.003894,256.78, 427.7137
167976,4.7217,0.003876,258.01, 427.7137
167977,4.7256,0.003890,257.06, 427.7139
167978,4.7295,0.003882,257.59, 427.7137
167979,4.7332,0.003825,261.45, 427.7137
167980,4.7371,0.003862,258.97, 427.7137
167981,4.7410,0.003792,263.69, 427.7180
167982,4.7454,0.004398,227.38, 427.6957
167983,4.7490,0.003806,262.77, 427.7137
167984,4.7529,0.003847,259.94, 427.7137
167985,4.7568,0.003849,259.78, 427.7137
167986,4.7607,0.003835,260.74, 427.7137
167987,4.7644,0.003831,261.05, 427.7137
167988,4.7683,0.003867,258.58, 427.7145
167989,4.7722,0.003837,260.63, 427.7137
167990,4.7761,0.003856,259.31, 427.7137
167991,4.7798,0.003835,260.76, 427.7137
167992,4.7842,0.004291,233.06, 427.6982
167993,4.7881,0.003829,261.15, 427.7137
167994,4.7917,0.003885,257.38, 427.7137
167995,4.7957,0.003897,256.63, 427.7137
167996,4.7996,0.003831,261.00, 427.7137
167997,4.8035,0.003856,259.36, 427.7137
167998,4.8074,0.003840,260.40, 427.7137
167999,4.8110,0.003861,258.99, 427.7139
168000,4.8149,0.003903,256.22, 427.7137
168001,4.8188,0.003782,264.45, 427.7137
168002,4.8228,0.003866,258.67, 427.7137
168003,4.8267,0.003910,255.73, 427.7137
168004,4.8306,0.003927,254.67, 427.7137
168005,4.8345,0.003910,255.77, 427.7137
168006,4.8384,0.003827,261.28, 427.7137
168007,4.8420,0.003780,264.54, 427.7137
168008,4.8459,0.003871,258.31, 427.7137
168009,4.8496,0.003775,264.93, 427.7137
168010,4.8535,0.003877,257.91, 427.7137
168011,4.8574,0.003799,263.20, 427.7137
168012,4.8613,0.003830,261.09, 427.7137
168013,4.8650,0.003837,260.61, 427.7139
168014,4.8689,0.003852,259.64, 427.7137
168015,4.8726,0.003774,264.98, 427.7137
168016,4.8765,0.003836,260.72, 427.7138
168017,4.8804,0.003818,261.95, 427.7137
168018,4.8843,0.003833,260.87, 427.7137
168019,4.8879,0.003810,262.49, 427.7137
168020,4.8918,0.003800,263.14, 427.7137
168021,4.8955,0.003803,262.94, 427.7137
168022,4.8994,0.003821,261.70, 427.7139
168023,4.9031,0.003790,263.85, 427.7137
168024,4.9070,0.003842,260.27, 427.7137
168025,4.9109,0.003858,259.18, 427.7121
168026,4.9148,0.004019,248.84, 427.7137
168027,4.9187,0.003802,263.01, 427.7137
168028,4.9224,0.003745,267.03, 427.7137
168029,4.9263,0.003866,258.66, 427.7137
168030,4.9302,0.003833,260.91, 427.7137
168031,4.9338,0.003788,263.97, 427.7137
168032,4.9377,0.003806,262.73, 427.7137
168033,4.9417,0.003837,260.59, 427.7137
168034,4.9453,0.003802,263.03, 427.7137
168035,4.9492,0.003815,262.11, 427.7137
168036,4.9529,0.003797,263.40, 427.7137
168037,4.9568,0.003883,257.55, 427.7137
168038,4.9607,0.003769,265.36, 427.7137
168039,4.9644,0.003754,266.41, 427.7137
168040,4.9685,0.004061,246.23, 427.7137
168041,4.9727,0.004197,238.25, 427.7137
168042,4.9763,0.003754,266.40, 427.7137
168043,4.9807,0.004282,233.52, 427.7012
168044,4.9846,0.003911,255.71, 427.7147
168045,4.9883,0.003749,266.74, 427.7139
168046,4.9924,0.003971,251.84, 427.7139
168047,4.9961,0.003866,258.70, 427.7137
168048,5.0000,0.003854,259.50, 427.7137
168049,5.0039,0.003863,258.86, 427.7137
168050,5.0078,0.003785,264.19, 427.7137
168051,5.0117,0.003929,254.50, 427.7137
168052,5.0154,0.003877,257.90, 427.7137
168053,5.0193,0.003780,264.52, 427.7139
168054,5.0232,0.003837,260.65, 427.7137
168055,5.0269,0.003851,259.70, 427.7148
168056,5.0308,0.003781,264.47, 427.7137
168057,5.0347,0.003857,259.27, 427.7166
168058,5.0383,0.003812,262.32, 427.7137
168059,5.0422,0.003858,259.24, 427.7137
168060,5.0461,0.003981,251.21, 427.7137
168061,5.0508,0.004452,224.60, 427.6873
168062,5.0549,0.004282,233.54, 427.7076
168063,5.0593,0.004230,236.39, 427.7137
168064,5.0635,0.004264,234.50, 427.7147
168065,5.0676,0.004220,236.97, 427.6997
168066,5.0720,0.004284,233.40, 427.6997
168067,5.0759,0.003991,250.58, 427.7145
168068,5.0798,0.003814,262.18, 427.7137
168069,5.0837,0.003925,254.78, 427.7137
168070,5.0876,0.003917,255.29, 427.7137
168071,5.0916,0.003839,260.50, 427.7137
168072,5.0955,0.003904,256.17, 427.7137
168073,5.0991,0.003818,261.89, 427.7139
168074,5.1030,0.003874,258.10, 427.7137
168075,5.1069,0.003823,261.56, 427.7137
168076,5.1106,0.003769,265.35, 427.7147
168077,5.1147,0.004036,247.77, 427.7137
168078,5.1184,0.003827,261.31, 427.7137
168079,5.1223,0.003788,264.01, 427.7137
168080,5.1262,0.003857,259.26, 427.7137
168081,5.1299,0.003820,261.77, 427.7147
168082,5.1338,0.003801,263.12, 427.7137
168083,5.1377,0.003908,255.90, 427.7137
168084,5.1416,0.003826,261.36, 427.7139
168085,5.1453,0.003860,259.09, 427.7137
168086,5.1492,0.003858,259.17, 427.7137
168087,5.1531,0.003834,260.82, 427.7137
168088,5.1570,0.003908,255.87, 427.7137
168089,5.1609,0.003895,256.73, 427.7137
168090,5.1648,0.003869,258.48, 427.7137
168091,5.1685,0.003824,261.48, 427.7137
168092,5.1724,0.003840,260.42, 427.7139
168093,5.1763,0.003852,259.61, 427.7137
168094,5.1802,0.003860,259.10, 427.7137
168095,5.1838,0.003804,262.90, 427.7157
168096,5.1880,0.004015,249.07, 427.7137
168097,5.1919,0.004006,249.63, 427.7137
168098,5.1958,0.003816,262.07, 427.7137
168099,5.1997,0.003863,258.85, 427.7137
168100,5.2036,0.003896,256.65, 427.7137
168101,5.2073,0.003814,262.20, 427.7137
168102,5.2112,0.003860,259.05, 427.7137
168103,5.2151,0.003807,262.71, 427.7145
168104,5.2188,0.003847,259.96, 427.7137
168105,5.2227,0.003869,258.47, 427.7137
168106,5.2266,0.003796,263.44, 427.7137
168107,5.2305,0.003871,258.32, 427.7137
168108,5.2341,0.003862,258.95, 427.7137
168109,5.2380,0.003767,265.45, 427.7148
168110,5.2419,0.003840,260.40, 427.7148
168111,5.2456,0.003856,259.32, 427.7137
168112,5.2495,0.003810,262.50, 427.7137
168113,5.2534,0.003906,256.05, 427.7137
168114,5.2573,0.003907,255.98, 427.7137
168115,5.2612,0.003871,258.32, 427.7137
168116,5.2651,0.003878,257.90, 427.7137
168117,5.2688,0.003781,264.49, 427.7137
168118,5.2727,0.003887,257.28, 427.7137
168119,5.2766,0.003865,258.71, 427.7137
168120,5.2805,0.003785,264.20, 427.7137
168121,5.2842,0.003859,259.12, 427.7137
168122,5.2883,0.003953,252.99, 427.7137
168123,5.2920,0.003797,263.34, 427.7137
168124,5.2959,0.003888,257.19, 427.7147
168125,5.2998,0.003833,260.87, 427.7147
168126,5.3035,0.003830,261.09, 427.7137
168127,5.3074,0.003813,262.27, 427.7137
168128,5.3113,0.003783,264.31, 427.7137
168129,5.3152,0.003996,250.23, 427.7137
168130,5.3191,0.003835,260.76, 427.7137
168131,5.3228,0.003786,264.16, 427.7137
168132,5.3267,0.003862,258.91, 427.7137
168133,5.3306,0.003863,258.90, 427.7137
168134,5.3345,0.003862,258.97, 427.7137
168135,5.3381,0.003846,259.99, 427.7137
168136,5.3420,0.003736,267.64, 427.7198
168137,5.3459,0.004036,247.75, 427.7137
168138,5.3499,0.003816,262.08, 427.7137
168139,5.3535,0.003816,262.08, 427.7137
168140,5.3574,0.003824,261.49, 427.7137
168141,5.3616,0.004185,238.95, 427.7147
168142,5.3655,0.003939,253.85, 427.7139
168143,5.3696,0.003951,253.07, 427.7137
168144,5.3735,0.004082,245.01, 427.7137
168145,5.3777,0.004137,241.73, 427.7137
168146,5.3821,0.004342,230.33, 427.7137
168147,5.3860,0.003997,250.21, 427.7137
168148,5.3899,0.003810,262.45, 427.7137
168149,5.3945,0.004560,219.29, 427.7032
168150,5.3984,0.004111,243.23, 427.7137
168151,5.4023,0.003903,256.19, 427.7137
168152,5.4065,0.003991,250.57, 427.7137
168153,5.4104,0.003856,259.31, 427.7137
168154,5.4141,0.003771,265.19, 427.7137
168155,5.4180,0.003878,257.86, 427.7137
168156,5.4219,0.003932,254.35, 427.7139
168157,5.4258,0.003786,264.12, 427.7147
168158,5.4294,0.003861,258.99, 427.7139
168159,5.4334,0.003828,261.23, 427.7137
168160,5.4373,0.003901,256.36, 427.7137
168161,5.4412,0.003889,257.12, 427.7139
168162,5.4448,0.003748,266.79, 427.7137
168163,5.4487,0.003834,260.86, 427.7137
168164,5.4531,0.004313,231.86, 427.7052
168165,5.4568,0.003805,262.81, 427.7137
168166,5.4607,0.003807,262.66, 427.7137
168167,5.4646,0.003853,259.54, 427.7212
168168,5.4685,0.004106,243.58, 427.7137
168169,5.4724,0.003857,259.24, 427.7137
168170,5.4763,0.003883,257.51, 427.7137
168171,5.4802,0.003833,260.89, 427.7137
168172,5.4841,0.003886,257.34, 427.7137
168173,5.4878,0.003829,261.16, 427.7137
168174,5.4917,0.003898,256.52, 427.7137
168175,5.4956,0.003830,261.08, 427.7137
168176,5.4995,0.003802,263.01, 427.7137
168177,5.5032,0.003851,259.69, 427.7137
168178,5.5071,0.003845,260.08, 427.7137
168179,5.5110,0.003808,262.60, 427.7137
168180,5.5149,0.003891,257.02, 427.7137
168181,5.5186,0.003810,262.45, 427.7147
168182,5.5225,0.003860,259.09, 427.7137
168183,5.5264,0.003844,260.14, 427.7137
168184,5.5300,0.003780,264.59, 427.7147
168185,5.5339,0.003861,259.01, 427.7137
168186,5.5378,0.003857,259.28, 427.7145
168187,5.5417,0.003812,262.32, 427.7137
168188,5.5457,0.003898,256.54, 427.7137
168189,5.5493,0.003882,257.61, 427.7137
168190,5.5532,0.003837,260.64, 427.7137
168191,5.5571,0.003870,258.38, 427.7137
168192,5.5608,0.003771,265.17, 427.7137
168193,5.5649,0.003923,254.89, 427.7137
168194,5.5686,0.003847,259.94, 427.7139
168195,5.5725,0.003808,262.60, 427.7137
168196,5.5764,0.003867,258.63, 427.7137
168197,5.5803,0.003918,255.23, 427.7139
168198,5.5840,0.003798,263.30, 427.7137
168199,5.5879,0.003852,259.61, 427.7137
168200,5.5918,0.003860,259.05, 427.7137
168201,5.5957,0.003852,259.61, 427.7137
168202,5.5994,0.003784,264.28, 427.7148
168203,5.6033,0.003798,263.29, 427.7137
168204,5.6072,0.003848,259.90, 427.7137
168205,5.6108,0.003830,261.12, 427.7137
168206,5.6147,0.003772,265.08, 427.7137
168207,5.6184,0.003864,258.81, 427.7137
168208,5.6226,0.003922,254.96, 427.7137
168209,5.6262,0.003860,259.08, 427.7137
168210,5.6301,0.003870,258.38, 427.7137
168211,5.6340,0.003794,263.59, 427.7137
168212,5.6377,0.003838,260.59, 427.7137
168213,5.6416,0.003824,261.51, 427.7137
168214,5.6460,0.004249,235.37, 427.6997
168215,5.6497,0.003872,258.29, 427.7137
168216,5.6536,0.003844,260.15, 427.7137
168217,5.6575,0.003815,262.11, 427.7139
168218,5.6611,0.003837,260.60, 427.7139
168219,5.6650,0.003880,257.76, 427.7137
168220,5.6689,0.003813,262.24, 427.7137
168221,5.6729,0.003859,259.13, 427.7139
168222,5.6768,0.003903,256.20, 427.7137
168223,5.6804,0.003803,262.92, 427.7137
168224,5.6843,0.003847,259.92, 427.7137
168225,5.6885,0.004188,238.77, 427.6997
168226,5.6924,0.003858,259.22, 427.7137
168227,5.6963,0.003868,258.52, 427.7155
168228,5.7000,0.003773,265.07, 427.7137
168229,5.7039,0.003849,259.80, 427.7137
168230,5.7078,0.003873,258.20, 427.7137
168231,5.7114,0.003779,264.66, 427.7137
168232,5.7153,0.003853,259.57, 427.7137
168233,5.7192,0.003838,260.53, 427.7139
168234,5.7231,0.003858,259.21, 427.7137
168235,5.7268,0.003826,261.37, 427.7137
168236,5.7307,0.003761,265.88, 427.7137
168237,5.7346,0.003835,260.74, 427.7147
168238,5.7383,0.003852,259.59, 427.7137
168239,5.7422,0.003805,262.83, 427.7137
168240,5.7461,0.003903,256.21, 427.7139
168241,5.7500,0.003835,260.78, 427.7191
168242,5.7539,0.003958,252.65, 427.7137
168243,5.7578,0.003837,260.61, 427.7137
168244,5.7615,0.003791,263.78, 427.7139
168245,5.7654,0.003884,257.46, 427.7139
168246,5.7693,0.003845,260.11, 427.7137
168247,5.7729,0.003833,260.91, 427.7137
168248,5.7769,0.003866,258.66, 427.7137
168249,5.7808,0.003861,258.98, 427.7137
168250,5.7847,0.003816,262.04, 427.7137
168251,5.7886,0.003858,259.24, 427.7137
168252,5.7922,0.003843,260.19, 427.7137
168253,5.7961,0.003851,259.67, 427.7137
168254,5.8000,0.003941,253.72, 427.7137
168255,5.8040,0.003803,262.94, 427.7137
168256,5.8079,0.003859,259.15, 427.7137
168257,5.8115,0.003884,257.45, 427.7137
168258,5.8154,0.003822,261.62, 427.7137
168259,5.8193,0.003827,261.31, 427.7139
168260,5.8232,0.003935,254.13, 427.7137
168261,5.8269,0.003796,263.44, 427.7139
168262,5.8308,0.003880,257.71, 427.7139
168263,5.8347,0.003882,257.61, 427.7137
168264,5.8386,0.003807,262.70, 427.7137
168265,5.8425,0.003875,258.08, 427.7137
168266,5.8462,0.003791,263.82, 427.7147
168267,5.8501,0.003871,258.34, 427.7137
168268,5.8540,0.003814,262.21, 427.7137
168269,5.8577,0.003776,264.80, 427.7137
168270,5.8618,0.004129,242.21, 427.7137
168271,5.8657,0.003876,258.00, 427.7138
168272,5.8696,0.003851,259.67, 427.7137
168273,5.8735,0.003882,257.59, 427.7137
168274,5.8774,0.003935,254.13, 427.7137
168275,5.8813,0.003849,259.78, 427.7139
168276,5.8850,0.003878,257.85, 427.7137
168277,5.8889,0.003794,263.59, 427.7137
168278,5.8928,0.003945,253.46, 427.7137
168279,5.8967,0.003886,257.31, 427.7137
168280,5.9006,0.003799,263.21, 427.7137
168281,5.9043,0.003867,258.60, 427.7137
168282,5.9082,0.003885,257.41, 427.7137
168283,5.9121,0.003801,263.12, 427.7137
168284,5.9163,0.004099,243.99, 427.7137
168285,5.9202,0.003849,259.79, 427.7137
168286,5.9238,0.003838,260.55, 427.7137
168287,5.9277,0.003847,259.93, 427.7137
168288,5.9316,0.003833,260.90, 427.7137
168289,5.9355,0.003871,258.33, 427.7137
168290,5.9392,0.003843,260.21, 427.7139
168291,5.9431,0.003781,264.45, 427.7137
168292,5.9468,0.003825,261.45, 427.7137
168293,5.9507,0.003888,257.20, 427.7139
168294,5.9546,0.003811,262.41, 427.7137
168295,5.9585,0.003843,260.19, 427.7137
168296,5.9622,0.003824,261.51, 427.7152
168297,5.9661,0.003880,257.76, 427.7137
168298,5.9700,0.003901,256.34, 427.7137
168299,5.9739,0.003805,262.84, 427.7137
168300,5.9778,0.003921,255.03, 427.7137
168301,5.9817,0.003884,257.49, 427.7139
168302,5.9856,0.004034,247.91, 427.7137
168303,5.9897,0.004011,249.29, 427.7137
168304,5.9937,0.003908,255.91, 427.7137
168305,5.9973,0.003805,262.79, 427.7137
168306,6.0012,0.003885,257.40, 427.7139
168307,6.0051,0.003817,261.97, 427.7137
168308,6.0090,0.003817,261.97, 427.7137
168309,6.0127,0.003844,260.14, 427.7155
168310,6.0166,0.003844,260.13, 427.7177
168311,6.0205,0.003955,252.84, 427.7147
168312,6.0244,0.003828,261.23, 427.7137
168313,6.0281,0.003769,265.32, 427.7137
168314,6.0320,0.003862,258.94, 427.7137
168315,6.0359,0.003890,257.07, 427.7137
168316,6.0396,0.003762,265.80, 427.7137
168317,6.0435,0.003885,257.43, 427.7137
168318,6.0474,0.003876,258.02, 427.7137
168319,6.0513,0.003907,255.95, 427.7137
168320,6.0552,0.003863,258.87, 427.7137
168321,6.0588,0.003694,270.68, 427.7213
168322,6.0635,0.004597,217.53, 427.6997
168323,6.0674,0.003888,257.19, 427.7137
168324,6.0710,0.003741,267.29, 427.7169
168325,6.0752,0.003979,251.31, 427.7148
168326,6.0789,0.003872,258.25, 427.7137
168327,6.0828,0.003831,261.06, 427.7137
168328,6.0867,0.003839,260.48, 427.7137
168329,6.0906,0.003892,256.96, 427.7145
168330,6.0942,0.003793,263.67, 427.7147
168331,6.0981,0.003866,258.65, 427.7137
168332,6.1021,0.003876,258.00, 427.7137
168333,6.1060,0.003814,262.16, 427.7137
168334,6.1096,0.003851,259.71, 427.7762
168335,6.1135,0.003825,261.44, 427.7147
168336,6.1174,0.003989,250.66, 427.7137
168337,6.1213,0.003854,259.49, 427.7139
168338,6.1252,0.003819,261.85, 427.7137
168339,6.1292,0.003823,261.57, 427.7137
168340,6.1328,0.003850,259.74, 427.7145
168341,6.1367,0.003846,259.98, 427.7139
168342,6.1406,0.003857,259.27, 427.7137
168343,6.1445,0.003817,261.99, 427.7137
168344,6.1482,0.003897,256.62, 427.7139
168345,6.1521,0.003854,259.48, 427.7137
168346,6.1560,0.003906,256.04, 427.7137
168347,6.1599,0.003840,260.44, 427.7137
168348,6.1638,0.003922,254.95, 427.7137
168349,6.1677,0.003806,262.72, 427.7137
168350,6.1716,0.003905,256.07, 427.7137
168351,6.1755,0.003904,256.16, 427.7137
168352,6.1792,0.003832,260.99, 427.7139
168353,6.1831,0.003887,257.27, 427.7137
168354,6.1870,0.003842,260.27, 427.7137
168355,6.1909,0.003828,261.23, 427.7137
168356,6.1948,0.003883,257.53, 427.7137
168357,6.1985,0.003761,265.88, 427.7137
168358,6.2024,0.003927,254.67, 427.7139
168359,6.2063,0.003829,261.16, 427.7137
168360,6.2100,0.003757,266.16, 427.7137
168361,6.2139,0.003873,258.20, 427.7137
168362,6.2178,0.003882,257.61, 427.7137
168363,6.2217,0.003814,262.18, 427.7137
168364,6.2253,0.003879,257.83, 427.7137
168365,6.2292,0.003801,263.11, 427.7137
168366,6.2332,0.003888,257.23, 427.7139
168367,6.2373,0.004257,234.90, 427.7057
168368,6.2412,0.003788,264.01, 427.7137
168369,6.2451,0.003857,259.28, 427.7137
168370,6.2488,0.003858,259.20, 427.7147
168371,6.2527,0.003811,262.42, 427.7137
168372,6.2566,0.003839,260.52, 427.7137
168373,6.2603,0.003824,261.51, 427.7137
168374,6.2642,0.003829,261.14, 427.7139
168375,6.2681,0.003917,255.28, 427.7137
168376,6.2720,0.003760,265.99, 427.7147
168377,6.2756,0.003885,257.38, 427.7137
168378,6.2795,0.003830,261.08, 427.7139
168379,6.2834,0.003900,256.40, 427.7137
168380,6.2874,0.003869,258.45, 427.7137
168381,6.2913,0.003868,258.55, 427.7147
168382,6.2952,0.003831,261.01, 427.7137
168383,6.2988,0.003875,258.09, 427.7137
168384,6.3027,0.003849,259.83, 427.7137
168385,6.3066,0.003835,260.79, 427.7137
168386,6.3105,0.003823,261.60, 427.7137
168387,6.3145,0.003932,254.32, 427.7137
168388,6.3184,0.003899,256.48, 427.7137
168389,6.3220,0.003843,260.21, 427.7139
168390,6.3259,0.003791,263.76, 427.7137
168391,6.3296,0.003804,262.91, 427.7137
168392,6.3335,0.003903,256.19, 427.7137
168393,6.3374,0.003833,260.87, 427.7137
168394,6.3413,0.003867,258.63, 427.7139
168395,6.3452,0.003863,258.86, 427.7137
168396,6.3489,0.003800,263.16, 427.7147
168397,6.3528,0.003851,259.70, 427.7139
168398,6.3567,0.003752,266.52, 427.7137
168399,6.3604,0.003837,260.63, 427.7137
168400,6.3643,0.003877,257.94, 427.7137
168401,6.3682,0.003820,261.81, 427.7139
168402,6.3721,0.003846,259.99, 427.7137
168403,6.3767,0.004775,209.43, 427.7137
168404,6.3809,0.004049,246.95, 427.7137
168405,6.3848,0.003955,252.86, 427.7139
168406,6.3889,0.004290,233.09, 427.7137
168407,6.3933,0.004216,237.18, 427.7137
168408,6.3977,0.004372,228.74, 427.7137
168409,6.4016,0.003908,255.87, 427.7137
168410,6.4055,0.003886,257.33, 427.7137
168411,6.4092,0.003844,260.13, 427.7137
168412,6.4131,0.003945,253.49, 427.7137
168413,6.4170,0.003862,258.93, 427.7137
168414,6.4209,0.003799,263.25, 427.7137
168415,6.4248,0.003853,259.53, 427.7137
168416,6.4285,0.003810,262.44, 427.7139
168417,6.4324,0.003851,259.65, 427.7137
168418,6.4363,0.003856,259.37, 427.7137
168419,6.4402,0.003878,257.84, 427.7137
168420,6.4438,0.003817,261.96, 427.7137
168421,6.4478,0.003756,266.25, 427.7137
168422,6.4517,0.003881,257.69, 427.7137
168423,6.4553,0.003878,257.84, 427.7137
168424,6.4592,0.003736,267.66, 427.7137
168425,6.4629,0.003841,260.36, 427.7137
168426,6.4668,0.003789,263.91, 427.7137
168427,6.4707,0.003823,261.55, 427.7137
168428,6.4744,0.003850,259.77, 427.7137
168429,6.4783,0.003740,267.39, 427.7137
168430,6.4824,0.004310,232.04, 427.6997
168431,6.4863,0.003886,257.31, 427.7137
168432,6.4902,0.003763,265.74, 427.7137
168433,6.4939,0.003799,263.24, 427.7137
168434,6.4978,0.003882,257.63, 427.7137
168435,6.5017,0.003879,257.78, 427.7137
168436,6.5056,0.003857,259.29, 427.7137
168437,6.5095,0.003826,261.34, 427.7137
168438,6.5132,0.003798,263.31, 427.7137
168439,6.5171,0.003906,256.02, 427.7137
168440,6.5210,0.003772,265.10, 427.7137
168441,6.5247,0.003859,259.11, 427.7137
168442,6.5286,0.003877,257.95, 427.7137
168443,6.5325,0.003781,264.49, 427.7137
168444,6.5361,0.003842,260.29, 427.7148
168445,6.5400,0.003833,260.87, 427.7210
168446,6.5439,0.003924,254.82, 427.7211
168447,6.5481,0.004080,245.12, 427.7137
168448,6.5520,0.003845,260.09, 427.7137
168449,6.5557,0.003854,259.45, 427.7137
168450,6.5596,0.003844,260.14, 427.7137
168451,6.5635,0.003781,264.45, 427.7137
168452,6.5674,0.003877,257.94, 427.7137
168453,6.5710,0.003828,261.21, 427.7137
168454,6.5750,0.003789,263.89, 427.7137
168455,6.5789,0.003894,256.79, 427.7139
168456,6.5828,0.003904,256.17, 427.7137
168457,6.5864,0.003821,261.73, 427.7137
168458,6.5903,0.003891,256.98, 427.7137
168459,6.5942,0.003853,259.54, 427.7137
168460,6.5981,0.003822,261.64, 427.7137
168461,6.6021,0.003848,259.86, 427.7137
168462,6.6057,0.003808,262.59, 427.7147
168463,6.6096,0.003982,251.16, 427.7137
168464,6.6135,0.003869,258.48, 427.7148
168465,6.6174,0.003862,258.94, 427.7137
168466,6.6213,0.003851,259.65, 427.7137
168467,6.6252,0.003846,260.04, 427.7137
168468,6.6289,0.003764,265.67, 427.7137
168469,6.6328,0.003822,261.65, 427.7137
168470,6.6367,0.003874,258.14, 427.7137
168471,6.6404,0.003828,261.24, 427.7137
168472,6.6443,0.003817,261.97, 427.7147
168473,6.6479,0.003790,263.87, 427.7137
168474,6.6519,0.003854,259.45, 427.7137
168475,6.6558,0.003967,252.09, 427.7137
168476,6.6597,0.003804,262.92, 427.7139
168477,6.6636,0.003907,255.94, 427.7139
168478,6.6675,0.003827,261.32, 427.7137
168479,6.6714,0.003873,258.19, 427.7137
168480,6.6755,0.004200,238.09, 427.7101
168481,6.6794,0.004081,245.03, 427.7137
168482,6.6836,0.004085,244.80, 427.7139
168483,6.6875,0.003892,256.94, 427.7137
168484,6.6914,0.003826,261.39, 427.7137
168485,6.6953,0.003905,256.06, 427.7137
168486,6.6990,0.003822,261.62, 427.7137
168487,6.7029,0.003786,264.12, 427.7137
168488,6.7068,0.003827,261.33, 427.7137
168489,6.7107,0.004105,243.60, 427.6873
168490,6.7146,0.003800,263.18, 427.7137
168491,6.7185,0.003805,262.78, 427.7137
168492,6.7222,0.003854,259.46, 427.7139
168493,6.7261,0.003814,262.17, 427.7137
168494,6.7300,0.003813,262.23, 427.7147
168495,6.7336,0.003800,263.14, 427.7137
168496,6.7375,0.003833,260.90, 427.7137
168497,6.7415,0.003880,257.73, 427.7137
168498,6.7451,0.003756,266.22, 427.7137
168499,6.7490,0.003843,260.22, 427.7137
168500,6.7529,0.003879,257.81, 427.7137
168501,6.7566,0.003795,263.54, 427.7137
168502,6.7605,0.003808,262.64, 427.7137
168503,6.7644,0.003790,263.82, 427.7137
168504,6.7683,0.003910,255.77, 427.7139
168505,6.7720,0.003827,261.30, 427.7137
168506,6.7759,0.003770,265.28, 427.7147
168507,6.7795,0.003841,260.36, 427.7139
168508,6.7834,0.003922,254.99, 427.7160
168509,6.7874,0.003856,259.34, 427.7139
168510,6.7913,0.003835,260.73, 427.7137
168511,6.7952,0.003931,254.36, 427.7137
168512,6.7991,0.003799,263.24, 427.7137
168513,6.8027,0.003866,258.69, 427.7137
168514,6.8066,0.003806,262.72, 427.7137
168515,6.8105,0.003847,259.94, 427.7137
168516,6.8145,0.003901,256.36, 427.7137
168517,6.8181,0.003829,261.16, 427.7137
168518,6.8220,0.003812,262.31, 427.7139
168519,6.8259,0.003855,259.41, 427.7147
168520,6.8296,0.003801,263.09, 427.7139
168521,6.8335,0.003897,256.59, 427.7137
168522,6.8374,0.003797,263.37, 427.7137
168523,6.8413,0.003807,262.67, 427.7137
168524,6.8450,0.003840,260.40, 427.7147
168525,6.8489,0.003736,267.65, 427.7137
168526,6.8525,0.003836,260.69, 427.7137
168527,6.8564,0.003859,259.11, 427.7137
168528,6.8604,0.003804,262.87, 427.7137
168529,6.8640,0.003856,259.32, 427.7137
168530,6.8679,0.003878,257.88, 427.7139
168531,6.8718,0.003819,261.83, 427.7137
168532,6.8757,0.003846,260.00, 427.7137
168533,6.8794,0.003793,263.64, 427.7137
168534,6.8833,0.003887,257.25, 427.7137
168535,6.8872,0.003840,260.44, 427.7137
168536,6.8909,0.003787,264.09, 427.7137
168537,6.8948,0.003875,258.06, 427.7137
168538,6.8987,0.003812,262.30, 427.7148
168539,6.9026,0.003830,261.13, 427.7139
168540,6.9063,0.003848,259.86, 427.7137
168541,6.9102,0.003791,263.78, 427.7137
168542,6.9141,0.004002,249.88, 427.7137
168543,6.9180,0.003806,262.72, 427.7137
168544,6.9216,0.003791,263.82, 427.7137
168545,6.9258,0.003946,253.41, 427.7137
168546,6.9294,0.003864,258.83, 427.7137
168547,6.9334,0.003783,264.33, 427.7137
168548,6.9373,0.003853,259.57, 427.7137
168549,6.9409,0.003805,262.81, 427.7137
168550,6.9448,0.003809,262.52, 427.7137
168551,6.9485,0.003807,262.65, 427.7159
168552,6.9524,0.003819,261.88, 427.7137
168553,6.9563,0.003846,260.00, 427.7137
168554,6.9600,0.003808,262.63, 427.7137
168555,6.9639,0.003761,265.87, 427.7147
168556,6.9675,0.003819,261.88, 427.7137
168557,6.9719,0.004233,236.25, 427.6938
168558,6.9756,0.003808,262.59, 427.7137
168559,6.9795,0.003802,263.02, 427.7139
168560,6.9834,0.003866,258.69, 427.7137
168561,6.9873,0.003849,259.81, 427.7137
168562,6.9910,0.003787,264.04, 427.7137
168563,6.9949,0.003791,263.79, 427.7137
168564,6.9985,0.003831,261.03, 427.7137
168565,7.0027,0.004034,247.90, 427.7137
168566,7.0066,0.003905,256.09, 427.7139
168567,7.0105,0.003864,258.80, 427.7137
168568,7.0142,0.003794,263.58, 427.7205
168569,7.0183,0.004077,245.26, 427.7137
168570,7.0222,0.003921,255.01, 427.7126
168571,7.0261,0.003907,255.94, 427.7147
168572,7.0303,0.004197,238.25, 427.7002
168573,7.0342,0.003902,256.31, 427.7137
168574,7.0381,0.003790,263.85, 427.7137
168575,7.0417,0.003815,262.15, 427.7137
168576,7.0457,0.003827,261.31, 427.7137
168577,7.0493,0.003769,265.33, 427.7137
168578,7.0532,0.003877,257.93, 427.7137
168579,7.0571,0.003824,261.48, 427.7137
168580,7.0608,0.003717,269.06, 427.7137
168581,7.0647,0.003882,257.63, 427.7139
168582,7.0686,0.003796,263.45, 427.7137
168583,7.0723,0.003846,260.02, 427.7137
168584,7.0762,0.003855,259.38, 427.7137
168585,7.0801,0.003781,264.49, 427.7137
168586,7.0837,0.003854,259.47, 427.7137
168587,7.0876,0.003819,261.84, 427.7137
168588,7.0913,0.003754,266.37, 427.7137
168589,7.0952,0.003812,262.32, 427.7137
168590,7.0991,0.003856,259.31, 427.7137
168591,7.1030,0.003832,260.96, 427.7137
168592,7.1067,0.003825,261.43, 427.7137
168593,7.1106,0.003834,260.80, 427.7139
168594,7.1145,0.003870,258.43, 427.7137
168595,7.1182,0.003791,263.82, 427.7137
168596,7.1221,0.003785,264.18, 427.7137
168597,7.1257,0.003802,263.02, 427.7137
168598,7.1296,0.003787,264.10, 427.7173
168599,7.1335,0.004023,248.56, 427.7137
168600,7.1375,0.003806,262.77, 427.7137
168601,7.1411,0.003776,264.87, 427.7137
168602,7.1450,0.003843,260.19, 427.7137
168603,7.1489,0.003767,265.44, 427.7180
168604,7.1526,0.003838,260.58, 427.7137
168605,7.1565,0.003804,262.89, 427.7137
168606,7.1604,0.003835,260.78, 427.7148
168607,7.1641,0.003863,258.85, 427.7139
168608,7.1680,0.003844,260.17, 427.7137
168609,7.1719,0.003930,254.45, 427.7137
168610,7.1758,0.003898,256.56, 427.7137
168611,7.1797,0.003858,259.21, 427.7137
168612,7.1836,0.003774,265.01, 427.7137
168613,7.1873,0.003850,259.72, 427.7137
168614,7.1912,0.003866,258.65, 427.7137
168615,7.1951,0.003768,265.38, 427.7137
168616,7.1987,0.003812,262.36, 427.7137
168617,7.2026,0.003866,258.67, 427.7137
168618,7.2065,0.003801,263.10, 427.7137
168619,7.2102,0.003826,261.40, 427.7137
168620,7.2141,0.003813,262.26, 427.7137
168621,7.2180,0.003825,261.42, 427.7137
168622,7.2217,0.003844,260.17, 427.7137
168623,7.2256,0.003800,263.15, 427.7137
168624,7.2292,0.003807,262.70, 427.7137
168625,7.2332,0.003852,259.59, 427.7137
168626,7.2371,0.003771,265.17, 427.7138
168627,7.2407,0.003822,261.68, 427.7137
168628,7.2446,0.003841,260.34, 427.7137
168629,7.2485,0.003831,261.03, 427.7137
168630,7.2527,0.004252,235.19, 427.6849
168631,7.2568,0.004015,249.08, 427.7137
168632,7.2605,0.003797,263.37, 427.7137
168633,7.2644,0.003844,260.15, 427.7139
168634,7.2681,0.003774,264.96, 427.7137
168635,7.2720,0.003862,258.95, 427.7137
168636,7.2759,0.003817,261.97, 427.7137
168637,7.2795,0.003746,266.95, 427.7137
168638,7.2834,0.003976,251.49, 427.7139
168639,7.2874,0.003909,255.83, 427.7137
168640,7.2913,0.003796,263.44, 427.7137
168641,7.2952,0.003843,260.23, 427.7137
168642,7.2988,0.003777,264.75, 427.7139
168643,7.3027,0.003854,259.44, 427.7137
168644,7.3066,0.003822,261.62, 427.7137
168645,7.3103,0.003805,262.78, 427.7137
168646,7.3142,0.003846,259.99, 427.7137
168647,7.3181,0.003864,258.82, 427.7137
168648,7.3218,0.003776,264.84, 427.7137
168649,7.3257,0.003877,257.94, 427.7137
168650,7.3296,0.003854,259.44, 427.7137
168651,7.3335,0.003833,260.87, 427.7137
168652,7.3372,0.003845,260.08, 427.7139
168653,7.3411,0.003758,266.09, 427.7137
168654,7.3447,0.003828,261.26, 427.7137
168655,7.3486,0.003873,258.22, 427.7137
168656,7.3525,0.003791,263.80, 427.7137
168657,7.3564,0.003838,260.56, 427.7139
168658,7.3601,0.003820,261.81, 427.7137
168659,7.3640,0.003846,260.02, 427.7137
168660,7.3679,0.003806,262.74, 427.7137
168661,7.3716,0.003843,260.24, 427.7137
168662,7.3757,0.004027,248.33, 427.7139
168663,7.3796,0.004034,247.91, 427.7148
168664,7.3838,0.003988,250.76, 427.7139
168665,7.3877,0.004065,245.98, 427.7137
168666,7.3921,0.004204,237.86, 427.7137
168667,7.3965,0.004437,225.36, 427.7137
168668,7.4006,0.004175,239.53, 427.7137
168669,7.4045,0.003914,255.49, 427.7139
168670,7.4084,0.003858,259.24, 427.7137
168671,7.4124,0.003924,254.83, 427.7147
168672,7.4163,0.003900,256.42, 427.7137
168673,7.4202,0.003869,258.46, 427.7121
168674,7.4241,0.003909,255.81, 427.7139
168675,7.4277,0.003830,261.08, 427.7137
168676,7.4316,0.003855,259.40, 427.7137
168677,7.4355,0.003904,256.12, 427.7137
168678,7.4395,0.003859,259.14, 427.7148
168679,7.4434,0.003850,259.74, 427.7137
168680,7.4473,0.003903,256.22, 427.7137
168681,7.4509,0.003823,261.61, 427.7137
168682,7.4548,0.003870,258.42, 427.7147
168683,7.4587,0.003826,261.36, 427.7137
168684,7.4624,0.003830,261.12, 427.7137
168685,7.4663,0.003879,257.79, 427.7137
168686,7.4702,0.003890,257.06, 427.7137
168687,7.4741,0.003766,265.55, 427.7184
168688,7.4780,0.003945,253.49, 427.7137
168689,7.4819,0.003855,259.39, 427.7137
168690,7.4858,0.004008,249.53, 427.7137
168691,7.4897,0.003944,253.54, 427.7137
168692,7.4937,0.003886,257.33, 427.7137
168693,7.4976,0.003825,261.47, 427.7137
168694,7.5012,0.003808,262.64, 427.7147
168695,7.5051,0.003822,261.66, 427.7147
168696,7.5090,0.003804,262.87, 427.7137
168697,7.5129,0.003895,256.76, 427.7137
168698,7.5166,0.003847,259.95, 427.7137
168699,7.5205,0.003866,258.64, 427.7137
168700,7.5244,0.003913,255.59, 427.7139
168701,7.5283,0.003800,263.15, 427.7137
168702,7.5322,0.003958,252.63, 427.7137
168703,7.5361,0.003836,260.66, 427.7137
168704,7.5400,0.003884,257.47, 427.7137
168705,7.5437,0.003876,258.00, 427.7137
168706,7.5476,0.003751,266.62, 427.7147
168707,7.5515,0.003880,257.75, 427.7137
168708,7.5554,0.003874,258.11, 427.7137
168709,7.5591,0.003744,267.10, 427.7137
168710,7.5630,0.003879,257.83, 427.7137
168711,7.5669,0.003858,259.20, 427.7137
168712,7.5706,0.003862,258.91, 427.7137
168713,7.5745,0.003879,257.82, 427.7139
168714,7.5784,0.003815,262.14, 427.7137
168715,7.5823,0.003912,255.63, 427.7147
168716,7.5862,0.003888,257.21, 427.7139
168717,7.5901,0.003836,260.68, 427.7137
168718,7.5938,0.003813,262.30, 427.7180
168719,7.5979,0.004034,247.91, 427.7137
168720,7.6018,0.003869,258.48, 427.7139
168721,7.6055,0.003881,257.66, 427.7147
168722,7.6094,0.003806,262.75, 427.7148
168723,7.6133,0.003868,258.53, 427.7137
168724,7.6172,0.003855,259.39, 427.7137
168725,7.6209,0.003819,261.86, 427.7139
168726,7.6248,0.003873,258.18, 427.7138
168727,7.6287,0.003803,262.95, 427.7137
168728,7.6326,0.003873,258.18, 427.7137
168729,7.6362,0.003827,261.27, 427.7137
168730,7.6401,0.003907,255.96, 427.7137
168731,7.6440,0.003833,260.88, 427.7137
168732,7.6479,0.003853,259.54, 427.7137
168733,7.6519,0.003907,255.96, 427.7137
168734,7.6555,0.003829,261.19, 427.7137
168735,7.6594,0.003855,259.40, 427.7137
168736,7.6633,0.003873,258.21, 427.7137
168737,7.6672,0.003904,256.13, 427.7137
168738,7.6711,0.003867,258.57, 427.7137
168739,7.6753,0.004070,245.71, 427.6855
168740,7.6792,0.004080,245.12, 427.7137
168741,7.6831,0.003812,262.31, 427.7180
168742,7.6870,0.003852,259.63, 427.7171
168743,7.6909,0.003943,253.63, 427.7137
168744,7.6948,0.003872,258.26, 427.7137
168745,7.6985,0.003776,264.82, 427.7137
168746,7.7024,0.003916,255.36, 427.7137
168747,7.7063,0.003836,260.70, 427.7137
168748,7.7102,0.003824,261.53, 427.7137
168749,7.7141,0.003886,257.31, 427.7139
168750,7.7178,0.003767,265.48, 427.7137
168751,7.7217,0.003848,259.86, 427.7137
168752,7.7256,0.003875,258.05, 427.7137
168753,7.7292,0.003775,264.88, 427.7137
168754,7.7332,0.003890,257.06, 427.7137
168755,7.7371,0.003917,255.28, 427.7137
168756,7.7410,0.003814,262.22, 427.7137
168757,7.7449,0.003920,255.09, 427.7137
168758,7.7485,0.003784,264.26, 427.7137
168759,7.7524,0.003899,256.45, 427.7137
168760,7.7563,0.003823,261.60, 427.7137
168761,7.7600,0.003799,263.25, 427.7137
168762,7.7639,0.003871,258.36, 427.7137
168763,7.7678,0.003834,260.82, 427.7150
168764,7.7717,0.003882,257.63, 427.7137
168765,7.7756,0.003869,258.46, 427.7137
168766,7.7793,0.003820,261.77, 427.7137
168767,7.7832,0.003884,257.45, 427.7137
168768,7.7871,0.003813,262.24, 427.7137
168769,7.7910,0.003807,262.67, 427.7137
168770,7.7949,0.003914,255.49, 427.7139
168771,7.7986,0.003803,262.98, 427.7137
168772,7.8027,0.004056,246.58, 427.7137
168773,7.8066,0.003869,258.44, 427.7139
168774,7.8105,0.003891,256.99, 427.7137
168775,7.8142,0.003784,264.26, 427.7137
168776,7.8181,0.003872,258.25, 427.7139
168777,7.8220,0.003895,256.77, 427.7137
168778,7.8259,0.003839,260.51, 427.7137
168779,7.8296,0.003847,259.93, 427.7139
168780,7.8335,0.003848,259.87, 427.7137
168781,7.8374,0.003849,259.80, 427.7137
168782,7.8413,0.003835,260.76, 427.7137
168783,7.8450,0.003829,261.16, 427.7137
168784,7.8489,0.003829,261.19, 427.7137
168785,7.8528,0.003922,254.99, 427.7137
168786,7.8564,0.003768,265.43, 427.7137
168787,7.8604,0.003827,261.31, 427.7137
168788,7.8643,0.003886,257.33, 427.7137
168789,7.8682,0.003882,257.58, 427.7139
168790,7.8721,0.003857,259.30, 427.7137
168791,7.8757,0.003845,260.08, 427.7116
168792,7.8796,0.003887,257.24, 427.7137
168793,7.8835,0.003917,255.30, 427.7137
168794,7.8875,0.003796,263.41, 427.7137
168795,7.8914,0.003947,253.38, 427.7137
168796,7.8953,0.003901,256.36, 427.7137
168797,7.8992,0.003767,265.46, 427.7137
168798,7.9028,0.003877,257.94, 427.7137
168799,7.9067,0.003800,263.16, 427.7137
168800,7.9106,0.003948,253.30, 427.7137
168801,7.9150,0.004417,226.42, 427.7027
168802,7.9189,0.003789,263.95, 427.7137
168803,7.9229,0.003867,258.60, 427.7137
168804,7.9268,0.003919,255.19, 427.7137
168805,7.9304,0.003797,263.36, 427.7137
168806,7.9343,0.003863,258.89, 427.7137
168807,7.9382,0.003820,261.76, 427.7148
168808,7.9419,0.003808,262.60, 427.7137
168809,7.9458,0.003912,255.66, 427.7139
168810,7.9497,0.003802,263.04, 427.7137
168811,7.9534,0.003812,262.30, 427.7137
168812,7.9573,0.003892,256.95, 427.7139
168813,7.9612,0.003786,264.13, 427.7137
168814,7.9651,0.003835,260.76, 427.7147
168815,7.9688,0.003853,259.57, 427.7137
168816,7.9731,0.004292,232.99, 427.7042
168817,7.9771,0.003927,254.65, 427.7137
168818,7.9810,0.003891,257.00, 427.7139
168819,7.9849,0.003793,263.63, 427.7137
168820,7.9885,0.003838,260.53, 427.7137
168821,7.9924,0.003865,258.74, 427.7137
168822,7.9963,0.003819,261.86, 427.7137
168823,8.0000,0.003809,262.53, 427.7137
168824,8.0039,0.003856,259.34, 427.7137
168825,8.0078,0.003819,261.83, 427.7137
168826,8.0117,0.003856,259.37, 427.7137
168827,8.0154,0.003772,265.11, 427.7137
168828,8.0200,0.004551,219.71, 427.7137
168829,8.0239,0.003940,253.78, 427.7137
168830,8.0276,0.003807,262.65, 427.7137
168831,8.0315,0.003906,256.00, 427.7137
168832,8.0356,0.003987,250.82, 427.7137
168833,8.0393,0.003791,263.82, 427.7139
168834,8.0435,0.003973,251.72, 427.7137
168835,8.0474,0.003910,255.75, 427.7137
168836,8.0510,0.003828,261.21, 427.7137
168837,8.0549,0.003833,260.88, 427.7137
168838,8.0588,0.003807,262.67, 427.7126
168839,8.0627,0.003901,256.34, 427.7137
168840,8.0664,0.003868,258.51, 427.7137
168841,8.0706,0.003988,250.77, 427.6873
168842,8.0745,0.003969,251.94, 427.7137
168843,8.0781,0.003797,263.36, 427.7137
168844,8.0820,0.003805,262.80, 427.7137
168845,8.0859,0.003883,257.54, 427.7137
168846,8.0898,0.003855,259.43, 427.7137
168847,8.0935,0.003809,262.56, 427.7137
168848,8.0974,0.003894,256.79, 427.7137
168849,8.1013,0.003805,262.80, 427.7139
168850,8.1052,0.003899,256.47, 427.7147
168851,8.1089,0.003801,263.06, 427.7137
168852,8.1128,0.003779,264.61, 427.7147
168853,8.1167,0.003834,260.85, 427.7139
168854,8.1206,0.003886,257.32, 427.7137
168855,8.1243,0.003821,261.75, 427.7137
168856,8.1284,0.003992,250.51, 427.7106
168857,8.1326,0.004165,240.09, 427.7137
168858,8.1362,0.003799,263.20, 427.7137
168859,8.1401,0.003812,262.31, 427.7137
168860,8.1440,0.003853,259.51, 427.7137
168861,8.1477,0.003854,259.46, 427.7137
168862,8.1516,0.003870,258.42, 427.7148
168863,8.1555,0.003791,263.75, 427.7137
168864,8.1594,0.003849,259.78, 427.7137
168865,8.1631,0.003864,258.79, 427.7137
168866,8.1670,0.003803,262.92, 427.7137
168867,8.1709,0.003866,258.67, 427.7137
168868,8.1750,0.004303,232.39, 427.7002
168869,8.1790,0.003780,264.56, 427.7139
168870,8.1829,0.003887,257.25, 427.7139
168871,8.1865,0.003815,262.15, 427.7137
168872,8.1904,0.003887,257.25, 427.7137
168873,8.1943,0.003903,256.23, 427.7137
168874,8.1982,0.003802,263.01, 427.7137
168875,8.2021,0.003967,252.09, 427.7137
168876,8.2061,0.003845,260.11, 427.7139
168877,8.2097,0.003792,263.71, 427.7137
168878,8.2136,0.003866,258.66, 427.7137
168879,8.2175,0.003892,256.92, 427.7137
168880,8.2214,0.003830,261.11, 427.7137
168881,8.2256,0.004061,246.25, 427.7137
168882,8.2292,0.003882,257.59, 427.7137
168883,8.2332,0.003854,259.45, 427.7137
168884,8.2375,0.004226,236.65, 427.6873
168885,8.2417,0.004174,239.58, 427.7137
168886,8.2456,0.003930,254.44, 427.7139
168887,8.2495,0.003955,252.85, 427.7139
168888,8.2534,0.003925,254.80, 427.7137
168889,8.2573,0.003918,255.26, 427.7139
168890,8.2612,0.003929,254.52, 427.7137
168891,8.2656,0.004337,230.58, 427.6992
168892,8.2695,0.003898,256.56, 427.7137
168893,8.2734,0.003990,250.60, 427.7137
168894,8.2773,0.003858,259.19, 427.7139
168895,8.2813,0.003876,258.01, 427.7137
168896,8.2852,0.004002,249.86, 427.7137
168897,8.2891,0.003821,261.68, 427.7147
168898,8.2930,0.003894,256.83, 427.7137
168899,8.2969,0.003916,255.38, 427.7137
168900,8.3008,0.004037,247.70, 427.7137
168901,8.3049,0.003958,252.67, 427.7137
168902,8.3088,0.003936,254.05, 427.7137
168903,8.3127,0.003865,258.75, 427.7137
168904,8.3167,0.004026,248.37, 427.7139
168905,8.3206,0.003962,252.42, 427.7137
168906,8.3245,0.003880,257.73, 427.7137
168907,8.3284,0.003942,253.68, 427.7139
168908,8.3323,0.003925,254.77, 427.7139
168909,8.3362,0.003907,255.94, 427.7137
168910,8.3401,0.003850,259.73, 427.7137
168911,8.3440,0.003826,261.34, 427.7137
168912,8.3481,0.004069,245.78, 427.7139
168913,8.3521,0.003936,254.05, 427.7137
168914,8.3560,0.003870,258.40, 427.7137
168915,8.3599,0.003937,253.99, 427.7139
168916,8.3638,0.003927,254.66, 427.7137
168917,8.3677,0.003928,254.57, 427.7137
168918,8.3716,0.003922,255.00, 427.7139
168919,8.3755,0.003996,250.23, 427.7137
168920,8.3794,0.003873,258.23, 427.7137
168921,8.3833,0.003942,253.68, 427.7137
168922,8.3872,0.003938,253.96, 427.7139
168923,8.3911,0.003904,256.18, 427.7139
168924,8.3958,0.004501,222.16, 427.7138
168925,8.3997,0.004033,247.97, 427.7137
168926,8.4038,0.004068,245.80, 427.7137
168927,8.4082,0.004289,233.18, 427.7137
168928,8.4126,0.004608,217.01, 427.7137
168929,8.4167,0.003978,251.41, 427.7137
168930,8.4207,0.003961,252.44, 427.7137
168931,8.4246,0.003887,257.29, 427.7137
168932,8.4285,0.003833,260.89, 427.7137
168933,8.4321,0.003875,258.06, 427.7137
168934,8.4363,0.003930,254.43, 427.7137
168935,8.4399,0.003841,260.32, 427.7137
168936,8.4438,0.003852,259.64, 427.7171
168937,8.4478,0.003842,260.29, 427.7137
168938,8.4517,0.003898,256.57, 427.7137
168939,8.4553,0.003820,261.79, 427.7137
168940,8.4592,0.003770,265.26, 427.7137
168941,8.4631,0.003827,261.31, 427.7137
168942,8.4668,0.003880,257.71, 427.7137
168943,8.4707,0.003786,264.12, 427.7137
168944,8.4746,0.003914,255.52, 427.7139
168945,8.4785,0.003874,258.14, 427.7137
168946,8.4822,0.003798,263.27, 427.7147
168947,8.4861,0.003865,258.75, 427.7139
168948,8.4900,0.003792,263.70, 427.7137
168949,8.4939,0.003861,259.03, 427.7137
168950,8.4978,0.003991,250.54, 427.7137
168951,8.5017,0.003853,259.53, 427.7137
168952,8.5054,0.003843,260.23, 427.7137
168953,8.5093,0.003862,258.97, 427.7137
168954,8.5132,0.003816,262.07, 427.7139
168955,8.5171,0.003925,254.78, 427.7147
168956,8.5210,0.003833,260.87, 427.7139
168957,8.5247,0.003817,262.01, 427.7137
168958,8.5286,0.003836,260.70, 427.7137
168959,8.5325,0.003791,263.79, 427.7139
168960,8.5364,0.003925,254.78, 427.7137
168961,8.5400,0.003819,261.86, 427.7137
168962,8.5439,0.003769,265.33, 427.7137
168963,8.5476,0.003814,262.20, 427.7137
168964,8.5515,0.003882,257.61, 427.7137
168965,8.5554,0.003876,258.00, 427.7137
168966,8.5593,0.003837,260.63, 427.7137
168967,8.5630,0.003786,264.10, 427.7137
168968,8.5669,0.003875,258.04, 427.7137
168969,8.5708,0.003869,258.46, 427.7137
168970,8.5745,0.003764,265.70, 427.7147
168971,8.5784,0.003802,263.03, 427.7139
168972,8.5823,0.003847,259.92, 427.7147
168973,8.5859,0.003832,260.96, 427.7137
168974,8.5898,0.003886,257.35, 427.7137
168975,8.5938,0.003829,261.20, 427.7137
168976,8.5977,0.003834,260.83, 427.7137
168977,8.6016,0.003902,256.28, 427.7137
168978,8.6052,0.003781,264.47, 427.7137
168979,8.6091,0.003847,259.94, 427.7137
168980,8.6130,0.003885,257.39, 427.7139
168981,8.6169,0.003812,262.30, 427.7137
168982,8.6206,0.003833,260.91, 427.7137
168983,8.6245,0.003880,257.76, 427.7137
168984,8.6284,0.003879,257.81, 427.7137
168985,8.6323,0.003907,255.93, 427.7137
168986,8.6362,0.003854,259.48, 427.7137
168987,8.6399,0.003819,261.82, 427.7137
168988,8.6438,0.003886,257.33, 427.7137
168989,8.6477,0.003815,262.11, 427.7137
168990,8.6516,0.003939,253.85, 427.7137
168991,8.6555,0.003856,259.37, 427.7137
168992,8.6592,0.003791,263.80, 427.7139
168993,8.6631,0.003876,257.98, 427.7139
168994,8.6670,0.003786,264.15, 427.7179
168995,8.6709,0.003955,252.84, 427.7137
168996,8.6748,0.003887,257.27, 427.7137
168997,8.6787,0.003834,260.81, 427.7137
168998,8.6824,0.003858,259.22, 427.7137
168999,8.6863,0.003842,260.29, 427.7137
169000,8.6902,0.003744,267.07, 427.7137
169001,8.6938,0.003896,256.65, 427.7137
169002,8.6978,0.003852,259.61, 427.7139
169003,8.7017,0.003794,263.55, 427.7137
169004,8.7056,0.003972,251.76, 427.7139
169005,8.7095,0.003873,258.22, 427.7145
169006,8.7134,0.003846,260.00, 427.7137
169007,8.7170,0.003855,259.42, 427.7137
169008,8.7209,0.003845,260.09, 427.7137
169009,8.7249,0.003890,257.09, 427.7137
169010,8.7288,0.003847,259.94, 427.7137
169011,8.7324,0.003777,264.80, 427.7137
169012,8.7363,0.003872,258.24, 427.7137
169013,8.7402,0.003879,257.81, 427.7139
169014,8.7441,0.003786,264.17, 427.7137
169015,8.7478,0.003873,258.23, 427.7137
169016,8.7517,0.003882,257.61, 427.7137
169017,8.7556,0.003871,258.30, 427.7137
169018,8.7595,0.003845,260.08, 427.7137
169019,8.7634,0.003793,263.64, 427.7139
169020,8.7671,0.003872,258.30, 427.7137
169021,8.7710,0.003817,262.00, 427.7170
169022,8.7749,0.003884,257.47, 427.7137
169023,8.7788,0.003811,262.37, 427.7137
169024,8.7827,0.003920,255.13, 427.7137
169025,8.7864,0.003852,259.59, 427.7137
169026,8.7903,0.003852,259.63, 427.7147
169027,8.7942,0.003833,260.88, 427.7137
169028,8.7981,0.003854,259.48, 427.7137
169029,8.8018,0.003846,260.00, 427.7137
169030,8.8057,0.003785,264.19, 427.7137
169031,8.8096,0.003831,261.06, 427.7137
169032,8.8135,0.003931,254.40, 427.7147
169033,8.8171,0.003739,267.47, 427.7137
169034,8.8210,0.003860,259.09, 427.7139
169035,8.8250,0.003861,259.01, 427.7137
169036,8.8286,0.003822,261.65, 427.7137
169037,8.8325,0.003884,257.46, 427.7139
169038,8.8362,0.003738,267.51, 427.7180
169039,8.8403,0.003926,254.71, 427.7137
169040,8.8440,0.003875,258.06, 427.7137
169041,8.8479,0.003804,262.90, 427.7137
169042,8.8518,0.003826,261.36, 427.7137
169043,8.8557,0.003889,257.12, 427.7137
169044,8.8594,0.003811,262.43, 427.7137
169045,8.8633,0.003862,258.92, 427.7137
169046,8.8672,0.003860,259.07, 427.7137
169047,8.8711,0.003824,261.54, 427.7137
169048,8.8748,0.003890,257.06, 427.7137
169049,8.8787,0.003834,260.80, 427.7137
169050,8.8826,0.003881,257.68, 427.7137
169051,8.8870,0.004318,231.58, 427.7012
169052,8.8911,0.004286,233.30, 427.6972
169053,8.8950,0.003859,259.17, 427.7137
169054,8.8989,0.003776,264.87, 427.7139
169055,8.9026,0.003781,264.48, 427.7137
169056,8.9065,0.003855,259.41, 427.7137
169057,8.9104,0.003882,257.63, 427.7137
169058,8.9143,0.003924,254.82, 427.7137
169059,8.9182,0.003909,255.85, 427.7137
169060,8.9219,0.003806,262.73, 427.7137
169061,8.9258,0.003850,259.76, 427.7137
169062,8.9297,0.003843,260.19, 427.7137
169063,8.9336,0.003813,262.27, 427.7137
169064,8.9375,0.003907,255.98, 427.7139
169065,8.9412,0.003859,259.13, 427.7137
169066,8.9451,0.003787,264.07, 427.7137
169067,8.9490,0.003844,260.18, 427.7137
169068,8.9529,0.003916,255.36, 427.7137
169069,8.9565,0.003819,261.88, 427.7137
169070,8.9604,0.003928,254.57, 427.7137
169071,8.9644,0.003863,258.87, 427.7137
169072,8.9683,0.003889,257.13, 427.7137
169073,8.9722,0.003859,259.13, 427.7137
169074,8.9758,0.003759,266.01, 427.7184
169075,8.9800,0.003948,253.28, 427.7137
169076,8.9836,0.003862,258.93, 427.7137
169077,8.9875,0.003886,257.34, 427.7137
169078,8.9915,0.003891,256.98, 427.7137
169079,8.9954,0.003911,255.72, 427.7147
169080,8.9993,0.003768,265.41, 427.7137
169081,9.0029,0.003851,259.71, 427.7137
169082,9.0068,0.003908,255.91, 427.7137
169083,9.0107,0.003804,262.90, 427.7137
169084,9.0146,0.003883,257.53, 427.7137
169085,9.0186,0.003846,260.04, 427.7139
169086,9.0222,0.003808,262.62, 427.7148
169087,9.0261,0.003820,261.79, 427.7137
169088,9.0298,0.003781,264.52, 427.7137
169089,9.0339,0.004131,242.07, 427.7137
169090,9.0381,0.004025,248.47, 427.7137
169091,9.0417,0.003780,264.53, 427.7137
169092,9.0457,0.003835,260.76, 427.7137
169093,9.0496,0.003846,260.04, 427.7137
169094,9.0535,0.003893,256.88, 427.7137
169095,9.0571,0.003831,261.04, 427.7137
169096,9.0610,0.003726,268.39, 427.7137
169097,9.0649,0.003894,256.82, 427.7148
169098,9.0688,0.003909,255.80, 427.7137
169099,9.0725,0.003795,263.48, 427.7137
169100,9.0764,0.003844,260.16, 427.7137
169101,9.0801,0.003809,262.51, 427.7137
169102,9.0840,0.003807,262.65, 427.7137
169103,9.0879,0.003908,255.92, 427.7137
169104,9.0918,0.003810,262.45, 427.7137
169105,9.0955,0.003837,260.65, 427.7160
169106,9.0994,0.003900,256.42, 427.7137
169107,9.1033,0.003823,261.60, 427.7137
169108,9.1072,0.003830,261.09, 427.7137
169109,9.1111,0.003990,250.61, 427.7137
169110,9.1150,0.003845,260.05, 427.7137
169111,9.1194,0.004324,231.27, 427.6992
169112,9.1230,0.003840,260.39, 427.7137
169113,9.1270,0.003796,263.41, 427.7137
169114,9.1306,0.003825,261.41, 427.7137
169115,9.1345,0.003894,256.78, 427.7137
169116,9.1384,0.003799,263.23, 427.7138
169117,9.1423,0.003864,258.82, 427.7139
169118,9.1460,0.003781,264.47, 427.7137
169119,9.1499,0.003856,259.37, 427.7137
169120,9.1538,0.003870,258.42, 427.7137
169121,9.1575,0.003784,264.28, 427.7147
169122,9.1619,0.004260,234.73, 427.6948
169123,9.1660,0.004248,235.39, 427.7052
169124,9.1699,0.003852,259.58, 427.7139
169125,9.1738,0.003874,258.12, 427.7137
169126,9.1777,0.003874,258.14, 427.7137
169127,9.1814,0.003801,263.07, 427.7137
169128,9.1853,0.003914,255.49, 427.7762
169129,9.1892,0.003817,261.98, 427.7137
169130,9.1931,0.003863,258.88, 427.7137
169131,9.1970,0.003818,261.94, 427.7137
169132,9.2007,0.003775,264.89, 427.7137
169133,9.2048,0.004192,238.58, 427.6855
169134,9.2087,0.003827,261.34, 427.7137
169135,9.2124,0.003772,265.13, 427.7137
169136,9.2163,0.003890,257.08, 427.7137
169137,9.2202,0.003882,257.60, 427.7139
169138,9.2239,0.003734,267.83, 427.7137
169139,9.2278,0.003891,256.98, 427.7137
169140,9.2317,0.003872,258.26, 427.7137
169141,9.2356,0.003864,258.77, 427.7148
169142,9.2395,0.003804,262.92, 427.7137
169143,9.2432,0.003757,266.20, 427.7137
169144,9.2471,0.003909,255.81, 427.7137
169145,9.2510,0.003826,261.38, 427.7150
169146,9.2549,0.003876,258.01, 427.7137
169147,9.2585,0.003849,259.80, 427.7137
169148,9.2625,0.003890,257.05, 427.7139
169149,9.2664,0.003778,264.68, 427.7137
169150,9.2703,0.003853,259.51, 427.7137
169151,9.2744,0.004334,230.74, 427.7007
169152,9.2783,0.003773,265.04, 427.7137
169153,9.2820,0.003833,260.89, 427.7139
169154,9.2859,0.003903,256.24, 427.7137
169155,9.2898,0.003902,256.31, 427.7137
169156,9.2942,0.004277,233.83, 427.6997
169157,9.2979,0.003803,262.97, 427.7137
169158,9.3018,0.003906,256.00, 427.7137
169159,9.3057,0.003865,258.73, 427.7137
169160,9.3096,0.003810,262.47, 427.7137
169161,9.3135,0.003852,259.61, 427.7137
169162,9.3174,0.003863,258.90, 427.7173
169163,9.3213,0.003974,251.64, 427.7137
169164,9.3252,0.003890,257.05, 427.7137
169165,9.3289,0.003816,262.08, 427.7137
169166,9.3328,0.003912,255.62, 427.7137
169167,9.3367,0.003863,258.84, 427.7137
169168,9.3406,0.003790,263.89, 427.7137
169169,9.3445,0.003894,256.78, 427.7137
169170,9.3481,0.003850,259.73, 427.7147
169171,9.3521,0.003815,262.13, 427.7137
169172,9.3560,0.003869,258.46, 427.7137
169173,9.3599,0.003875,258.10, 427.7139
169174,9.3638,0.003868,258.56, 427.7137
169175,9.3677,0.003927,254.66, 427.7137
169176,9.3713,0.003809,262.52, 427.7137
169177,9.3752,0.003874,258.10, 427.7137
169178,9.3792,0.003876,257.98, 427.7137
169179,9.3831,0.003791,263.78, 427.7137
169180,9.3867,0.003859,259.13, 427.7137
169181,9.3906,0.003856,259.32, 427.7139
169182,9.3948,0.004090,244.51, 427.7147
169183,9.3989,0.004261,234.69, 427.6933
169184,9.4041,0.005063,197.50, 427.7121
169185,9.4084,0.004400,227.28, 427.7137
169186,9.4128,0.004245,235.57, 427.7137
169187,9.4170,0.004291,233.06, 427.7147
169188,9.4209,0.003866,258.64, 427.7137
169189,9.4248,0.003957,252.73, 427.7137
169190,9.4290,0.004018,248.86, 427.7137
169191,9.4326,0.003856,259.34, 427.7137
169192,9.4365,0.003898,256.53, 427.7137
169193,9.4407,0.003936,254.08, 427.7139
169194,9.4443,0.003849,259.81, 427.7139
169195,9.4482,0.003819,261.87, 427.7137
169196,9.4521,0.003866,258.65, 427.7137
169197,9.4558,0.003822,261.66, 427.7137
169198,9.4597,0.003832,260.99, 427.7137
169199,9.4636,0.003879,257.79, 427.7137
169200,9.4673,0.003762,265.79, 427.7137
169201,9.4717,0.004290,233.12, 427.7002
169202,9.4756,0.003871,258.32, 427.7137
169203,9.4792,0.003800,263.19, 427.7137
169204,9.4832,0.003856,259.34, 427.7137
169205,9.4871,0.003896,256.70, 427.7137
169206,9.4910,0.003808,262.61, 427.7137
169207,9.4946,0.003823,261.57, 427.7137
169208,9.4985,0.003790,263.83, 427.7137
169209,9.5024,0.004000,250.02, 427.7137
169210,9.5063,0.003836,260.70, 427.7137
169211,9.5100,0.003774,265.01, 427.7137
169212,9.5139,0.003837,260.62, 427.7137
169213,9.5178,0.003912,255.64, 427.7137
169214,9.5217,0.003831,261.01, 427.7137
169215,9.5256,0.003857,259.25, 427.7139
169216,9.5293,0.003827,261.31, 427.7137
169217,9.5332,0.003859,259.11, 427.7137
169218,9.5371,0.003866,258.65, 427.7137
169219,9.5408,0.003776,264.83, 427.7137
169220,9.5447,0.003880,257.75, 427.7139
169221,9.5486,0.003906,256.02, 427.7137
169222,9.5525,0.003799,263.24, 427.7137
169223,9.5564,0.003858,259.22, 427.7137
169224,9.5603,0.003902,256.30, 427.7137
169225,9.5642,0.003874,258.16, 427.7170
169226,9.5686,0.004560,219.30, 427.6997
169227,9.5725,0.003849,259.84, 427.7213
169228,9.5767,0.004227,236.56, 427.7137
169229,9.5808,0.004161,240.33, 427.7137
169230,9.5850,0.004009,249.45, 427.7137
169231,9.5889,0.003896,256.69, 427.7137
169232,9.5928,0.003994,250.36, 427.7137
169233,9.5967,0.003984,250.98, 427.7137
169234,9.6006,0.003892,256.92, 427.7137
169235,9.6047,0.003995,250.31, 427.7137
169236,9.6086,0.003920,255.13, 427.7137
169237,9.6125,0.003936,254.04, 427.7137
169238,9.6165,0.003986,250.89, 427.7139
169239,9.6204,0.003922,254.95, 427.7213
169240,9.6248,0.004273,234.03, 427.7137
169241,9.6287,0.003916,255.35, 427.7176
169242,9.6328,0.004098,244.03, 427.7137
169243,9.6367,0.003923,254.91, 427.7137
169244,9.6406,0.003922,254.96, 427.7148
169245,9.6443,0.003811,262.39, 427.7137
169246,9.6482,0.003921,255.01, 427.7137
169247,9.6523,0.003971,251.86, 427.7137
169248,9.6563,0.003882,257.57, 427.7137
169249,9.6604,0.004190,238.66, 427.6997
169250,9.6646,0.004198,238.23, 427.7137
169251,9.6685,0.003962,252.40, 427.7137
169252,9.6726,0.004011,249.32, 427.7137
169253,9.6765,0.003890,257.10, 427.7137
169254,9.6802,0.003789,263.94, 427.7137
169255,9.6841,0.003887,257.27, 427.7139
169256,9.6880,0.003818,261.91, 427.7137
169257,9.6917,0.003786,264.16, 427.7137
169258,9.6956,0.003843,260.19, 427.7137
169259,9.6992,0.003801,263.07, 427.7139
169260,9.7034,0.003938,253.97, 427.7137
169261,9.7070,0.003808,262.63, 427.7137
169262,9.7109,0.003817,261.98, 427.7137
169263,9.7146,0.003814,262.21, 427.7137
169264,9.7185,0.003857,259.24, 427.7137
169265,9.7224,0.003823,261.57, 427.7137
169266,9.7263,0.003830,261.08, 427.7137
169267,9.7300,0.003774,264.98, 427.7137
169268,9.7339,0.003861,259.03, 427.7137
169269,9.7378,0.003984,250.99, 427.7137
169270,9.7417,0.003784,264.29, 427.7137
169271,9.7456,0.003872,258.28, 427.7137
169272,9.7493,0.003807,262.68, 427.7137
169273,9.7532,0.003766,265.51, 427.7137
169274,9.7568,0.003837,260.64, 427.7166
169275,9.7607,0.003890,257.08, 427.7137
169276,9.7646,0.003787,264.06, 427.7137
169277,9.7683,0.003806,262.72, 427.7137
169278,9.7727,0.004255,235.03, 427.6948
169279,9.7764,0.003770,265.28, 427.7137
169280,9.7803,0.003825,261.42, 427.7137
169281,9.7839,0.003742,267.21, 427.7137
169282,9.7878,0.003830,261.12, 427.7137
169283,9.7915,0.003816,262.07, 427.7148
169284,9.7954,0.003847,259.94, 427.7137
169285,9.7993,0.003882,257.59, 427.7139
169286,9.8032,0.003899,256.49, 427.7137
169287,9.8071,0.003813,262.30, 427.7137
169288,9.8108,0.003811,262.43, 427.7137
169289,9.8147,0.003844,260.15, 427.7137
169290,9.8186,0.003848,259.89, 427.7137
169291,9.8225,0.003859,259.12, 427.7137
169292,9.8262,0.003788,263.97, 427.7139
169293,9.8301,0.003869,258.49, 427.7137
169294,9.8340,0.003864,258.83, 427.7137
169295,9.8376,0.003783,264.32, 427.7137
169296,9.8416,0.003903,256.19, 427.7137
169297,9.8455,0.003832,260.93, 427.7137
169298,9.8494,0.003873,258.17, 427.7137
169299,9.8533,0.003864,258.83, 427.7137
169300,9.8569,0.003771,265.17, 427.7137
169301,9.8611,0.003994,250.38, 427.7139
169302,9.8647,0.003848,259.85, 427.7137
169303,9.8687,0.003752,266.56, 427.7137
169304,9.8726,0.003899,256.51, 427.7137
169305,9.8762,0.003864,258.79, 427.7182
169306,9.8804,0.003960,252.53, 427.7137
169307,9.8843,0.003882,257.61, 427.7137
169308,9.8879,0.003786,264.12, 427.7137
169309,9.8918,0.003902,256.27, 427.7137
169310,9.8958,0.003834,260.84, 427.7137
169311,9.8999,0.004196,238.33, 427.7086
169312,9.9038,0.003960,252.55, 427.7137
169313,9.9077,0.003848,259.88, 427.7139
169314,9.9114,0.003768,265.36, 427.7137
169315,9.9155,0.003983,251.05, 427.7137
169316,9.9194,0.004009,249.45, 427.7121
169317,9.9233,0.003864,258.79, 427.7137
169318,9.9277,0.004365,229.07, 427.6997
169319,9.9321,0.004440,225.24, 427.7032
169320,9.9360,0.003937,254.01, 427.7137
169321,9.9399,0.003919,255.19, 427.7137
169322,9.9438,0.003990,250.64, 427.7137
169323,9.9478,0.003752,266.50, 427.7137
169324,9.9519,0.004276,233.84, 427.6997
169325,9.9558,0.003890,257.06, 427.7137
169326,9.9597,0.003729,268.20, 427.7147
169327,9.9634,0.003865,258.74, 427.7137
169328,9.9673,0.003856,259.36, 427.7139
169329,9.9717,0.004284,233.41, 427.6928
169330,9.9756,0.003855,259.38, 427.7137
169331,9.9792,0.003816,262.05, 427.7137
169332,9.9832,0.003852,259.64, 427.7137
169333,9.9871,0.003846,260.04, 427.7137
169334,9.9907,0.003787,264.07, 427.7137
169335,9.9946,0.003917,255.29, 427.7137
169336,9.9985,0.003816,262.09, 427.7137
