TotalFrame,Time,DeltaTime,FPS,RAM
898572,0.0000,0.013150,76.05, 459.8535
898573,0.0000,0.013150,76.05, 460.0891
898574,0.0200,0.020000,50.00, 459.9078
898575,0.0234,0.003337,299.67, 459.8786
898576,0.0264,0.003061,326.74, 459.8787
898577,0.0361,0.009335,107.13, 459.8787
898578,0.0396,0.003883,257.55, 459.8786
898579,0.0435,0.003901,256.38, 459.8785
898580,0.0474,0.003650,273.96, 459.8785
898581,0.0513,0.003997,250.22, 459.8785
898582,0.0552,0.003684,271.43, 459.8785
898583,0.0586,0.003690,271.02, 459.8785
898584,0.0625,0.003962,252.40, 459.8783
898585,0.0664,0.003639,274.79, 459.8731
898586,0.0703,0.003959,252.62, 459.8731
898587,0.0737,0.003362,297.48, 459.8731
898588,0.0776,0.004148,241.10, 459.8731
898589,0.0815,0.003947,253.38, 459.8731
898590,0.0854,0.003588,278.68, 459.8728
898591,0.0898,0.004368,228.96, 459.8731
898592,0.0933,0.003420,292.41, 459.8731
898593,0.0967,0.003545,282.11, 459.8731
898594,0.1006,0.004046,247.18, 459.8728
898595,0.1045,0.003955,252.86, 459.8731
898596,0.1079,0.003416,292.72, 459.8731
898597,0.1118,0.003927,254.64, 459.8731
898598,0.1157,0.003905,256.09, 459.8731
898599,0.1196,0.003961,252.49, 459.8805
898600,0.1240,0.004058,246.41, 459.8728
898601,0.1274,0.003524,283.77, 459.8731
898602,0.1313,0.003961,252.47, 459.8728
898603,0.1353,0.003926,254.74, 459.8728
898604,0.1392,0.003889,257.13, 459.8731
898605,0.1436,0.004134,241.93, 459.8728
898606,0.1470,0.003618,276.41, 459.8731
898607,0.1509,0.003982,251.13, 459.8731
898608,0.1548,0.003853,259.57, 459.8731
898609,0.1582,0.003605,277.39, 459.8731
898610,0.1626,0.003994,250.37, 459.8731
898611,0.1665,0.003897,256.59, 459.8874
898612,0.1699,0.003640,274.75, 459.8728
898613,0.1738,0.003903,256.19, 459.8731
898614,0.1782,0.004619,216.52, 459.8725
898615,0.1821,0.003700,270.26, 459.8725
898616,0.1851,0.003010,332.25, 459.8731
898617,0.1890,0.003684,271.42, 459.8728
898618,0.1929,0.003914,255.50, 459.8731
898619,0.1968,0.004153,240.80, 459.8731
898620,0.2007,0.003628,275.65, 459.8731
898621,0.2046,0.003925,254.80, 459.8731
898622,0.2085,0.003951,253.10, 459.8731
898623,0.2124,0.003913,255.55, 459.8728
898624,0.2158,0.003594,278.26, 459.8731
898625,0.2192,0.003546,281.98, 459.8728
898626,0.2236,0.003974,251.64, 459.8731
898627,0.2275,0.003917,255.32, 459.8731
898628,0.2310,0.003512,284.74, 459.8731
898629,0.2349,0.003988,250.78, 459.8725
898630,0.2388,0.004090,244.53, 459.8731
898631,0.2427,0.003480,287.36, 459.8731
898632,0.2461,0.003745,267.05, 459.8741
898633,0.2500,0.003588,278.73, 459.8725
898634,0.2539,0.004097,244.11, 459.8731
898635,0.2578,0.003822,261.66, 459.8731
898636,0.2612,0.003691,270.94, 459.8728
898637,0.2651,0.003827,261.34, 459.8728
898638,0.2690,0.004038,247.64, 459.8725
898639,0.2729,0.003643,274.54, 459.8731
898640,0.2769,0.003909,255.80, 459.8731
898641,0.2803,0.003578,279.49, 459.8731
898642,0.2847,0.004054,246.65, 459.8731
898643,0.2886,0.003932,254.30, 459.8731
898644,0.2920,0.003515,284.50, 459.8731
898645,0.2959,0.003923,254.91, 459.8731
898646,0.2998,0.003988,250.75, 459.8785
898647,0.3032,0.003578,279.49, 459.8731
898648,0.3071,0.003959,252.56, 459.8725
898649,0.3110,0.003540,282.47, 459.8725
898650,0.3149,0.003922,254.97, 459.8731
898651,0.3188,0.003938,253.96, 459.8728
898652,0.3223,0.003573,279.87, 459.8731
898653,0.3262,0.003871,258.32, 459.8731
898654,0.3301,0.004045,247.22, 459.8731
898655,0.3340,0.003532,283.17, 459.8728
898656,0.3379,0.004146,241.18, 459.8731
898657,0.3413,0.003497,285.98, 459.8731
898658,0.3452,0.004008,249.53, 459.8731
898659,0.3491,0.003899,256.46, 459.8731
898660,0.3530,0.003617,276.44, 459.8731
898661,0.3569,0.003836,260.66, 459.8731
898662,0.3608,0.003927,254.67, 459.8731
898663,0.3643,0.003564,280.62, 459.8731
898664,0.3682,0.003965,252.21, 459.8731
898665,0.3721,0.003912,255.64, 459.8731
898666,0.3755,0.003456,289.33, 459.8731
898667,0.3794,0.003919,255.19, 459.8731
898668,0.3833,0.003674,272.21, 459.8728
898669,0.3872,0.003860,259.07, 459.8731
898670,0.3911,0.004063,246.11, 459.8731
898671,0.3945,0.003424,292.06, 459.8731
898672,0.3984,0.003883,257.56, 459.8731
898673,0.4019,0.003576,279.67, 459.8731
898674,0.4058,0.003955,252.85, 459.8731
898675,0.4097,0.003903,256.24, 459.8731
898676,0.4136,0.003776,264.82, 459.8731
898677,0.4175,0.003783,264.35, 459.8731
898678,0.4214,0.003927,254.64, 459.8731
898679,0.4248,0.003621,276.18, 459.8731
898680,0.4287,0.003785,264.24, 459.8731
898681,0.4321,0.003611,276.91, 459.8731
898682,0.4360,0.003939,253.90, 459.8731
898683,0.4399,0.003861,259.01, 459.8731
898684,0.4438,0.003660,273.25, 459.8731
898685,0.4478,0.003846,260.01, 459.8728
898686,0.4517,0.004047,247.08, 459.8731
898687,0.4556,0.003855,259.43, 459.8731
898688,0.4590,0.003533,283.05, 459.8731
898689,0.4624,0.003519,284.21, 459.8731
898690,0.4668,0.004010,249.40, 459.8731
898691,0.4707,0.004006,249.61, 459.8731
898692,0.4741,0.003542,282.31, 459.8728
898693,0.4780,0.003808,262.63, 459.8731
898694,0.4819,0.004043,247.32, 459.8728
898695,0.4854,0.003501,285.62, 459.8731
898696,0.4893,0.003845,260.11, 459.8731
898697,0.4932,0.003757,266.15, 459.8731
898698,0.4966,0.003724,268.51, 459.8728
898699,0.5010,0.004090,244.48, 459.8731
898700,0.5044,0.003643,274.48, 459.8731
898701,0.5088,0.004231,236.34, 459.8725
898702,0.5127,0.004040,247.52, 459.8725
898703,0.5161,0.003524,283.81, 459.8725
898704,0.5200,0.003616,276.56, 459.8725
898705,0.5234,0.003495,286.13, 459.8728
898706,0.5273,0.003883,257.57, 459.8731
898707,0.5313,0.003822,261.68, 459.8731
898708,0.5352,0.003820,261.80, 459.8728
898709,0.5386,0.003808,262.64, 459.8731
898710,0.5430,0.004151,240.93, 459.8725
898711,0.5464,0.003463,288.76, 459.8731
898712,0.5503,0.003771,265.15, 459.8731
898713,0.5537,0.003671,272.42, 459.8731
898714,0.5576,0.003767,265.45, 459.8731
898715,0.5615,0.003931,254.41, 459.8731
898716,0.5649,0.003632,275.33, 459.8731
898717,0.5688,0.003886,257.31, 459.8728
898718,0.5728,0.003930,254.48, 459.8731
898719,0.5767,0.003496,286.06, 459.8731
898720,0.5801,0.003814,262.19, 459.8731
898721,0.5840,0.003666,272.78, 459.8728
898722,0.5879,0.004002,249.88, 459.8731
898723,0.5918,0.003869,258.46, 459.8731
898724,0.5952,0.003528,283.45, 459.8731
898725,0.5991,0.003831,261.03, 459.8728
898726,0.6030,0.003653,273.78, 459.8731
898727,0.6069,0.003880,257.75, 459.8731
898728,0.6108,0.003912,255.65, 459.8731
898729,0.6143,0.003622,276.11, 459.8731
898730,0.6182,0.004111,243.24, 459.8731
898731,0.6221,0.003777,264.80, 459.8725
898732,0.6255,0.003579,279.42, 459.8731
898733,0.6294,0.003824,261.49, 459.8731
898734,0.6338,0.004077,245.31, 459.8731
898735,0.6372,0.003506,285.27, 459.8731
898736,0.6411,0.003850,259.75, 459.8731
898737,0.6445,0.003700,270.26, 459.8725
898738,0.6484,0.003837,260.59, 459.8731
898739,0.6528,0.004472,223.59, 459.8731
898740,0.6563,0.003446,290.20, 459.8725
898741,0.6602,0.003797,263.36, 459.8728
898742,0.6646,0.004122,242.61, 459.8731
898743,0.6680,0.003744,267.07, 459.8728
898744,0.6719,0.003570,280.13, 459.8731
898745,0.6753,0.003525,283.72, 459.8731
898746,0.6792,0.003851,259.67, 459.8731
898747,0.6831,0.004189,238.70, 459.8728
898748,0.6870,0.003592,278.41, 459.8731
898749,0.6909,0.003920,255.10, 459.8731
898750,0.6948,0.003901,256.34, 459.8731
898751,0.6987,0.003992,250.50, 459.8728
898752,0.7021,0.003445,290.26, 459.8731
898753,0.7061,0.004030,248.13, 459.8731
898754,0.7095,0.003456,289.34, 459.8731
898755,0.7134,0.003951,253.11, 459.8731
898756,0.7173,0.003573,279.91, 459.8731
898757,0.7212,0.004264,234.53, 459.8731
898758,0.7251,0.003892,256.94, 459.8731
898759,0.7290,0.003697,270.47, 459.8731
898760,0.7329,0.004085,244.82, 459.8725
898761,0.7363,0.003312,301.96, 459.8728
898762,0.7402,0.003983,251.09, 459.8731
898763,0.7446,0.004162,240.30, 459.8731
898764,0.7480,0.003462,288.84, 459.8728
898765,0.7520,0.003924,254.87, 459.8728
898766,0.7559,0.003859,259.11, 459.8731
898767,0.7593,0.003752,266.52, 459.8728
898768,0.7637,0.003964,252.25, 459.8725
898769,0.7676,0.004176,239.45, 459.8725
898770,0.7715,0.003639,274.78, 459.8725
898771,0.7754,0.003946,253.44, 459.8725
898772,0.7783,0.003246,308.03, 459.8728
898773,0.7822,0.003893,256.87, 459.8725
898774,0.7866,0.004163,240.21, 459.8728
898775,0.7905,0.003883,257.55, 459.8731
898776,0.7939,0.003778,264.66, 459.8725
898777,0.7983,0.004041,247.44, 459.8725
898778,0.8022,0.004183,239.06, 459.8731
898779,0.8062,0.003871,258.35, 459.8728
898780,0.8105,0.004031,248.09, 459.8728
898781,0.8135,0.003213,311.22, 459.9356
898782,0.8179,0.004311,231.98, 459.8728
898783,0.8213,0.003602,277.60, 459.8725
898784,0.8257,0.004124,242.49, 459.8725
898785,0.8291,0.003599,277.83, 459.8725
898786,0.8335,0.004283,233.50, 459.8731
898787,0.8374,0.004006,249.64, 459.8731
898788,0.8413,0.003843,260.24, 459.8731
898789,0.8447,0.003567,280.32, 459.8731
898790,0.8491,0.004422,226.14, 459.8728
898791,0.8530,0.003764,265.65, 459.8731
898792,0.8564,0.003624,275.94, 459.8731
898793,0.8604,0.003847,259.98, 459.8728
898794,0.8643,0.003939,253.86, 459.8731
898795,0.8682,0.003948,253.32, 459.8731
898796,0.8721,0.003846,260.04, 459.8731
898797,0.8760,0.003647,274.19, 459.8731
898798,0.8799,0.003808,262.60, 459.8731
898799,0.8838,0.004006,249.61, 459.8731
898800,0.8872,0.003597,278.05, 459.8728
898801,0.8911,0.003830,261.12, 459.8728
898802,0.8950,0.003668,272.67, 459.8731
898803,0.8984,0.003820,261.76, 459.8728
898804,0.9023,0.003965,252.22, 459.8731
898805,0.9063,0.003523,283.82, 459.8731
898806,0.9102,0.003985,250.92, 459.8731
898807,0.9141,0.003970,251.91, 459.8731
898808,0.9180,0.003700,270.31, 459.8731
898809,0.9214,0.003836,260.69, 459.8725
898810,0.9253,0.003907,255.97, 459.8731
898811,0.9292,0.003524,283.76, 459.8728
898812,0.9331,0.004041,247.49, 459.8731
898813,0.9365,0.003561,280.85, 459.8731
898814,0.9404,0.003887,257.26, 459.8731
898815,0.9443,0.003803,262.92, 459.8731
898816,0.9478,0.003637,274.97, 459.8728
898817,0.9521,0.004143,241.35, 459.8725
898818,0.9556,0.003336,299.77, 459.8731
898819,0.9595,0.003874,258.16, 459.8731
898820,0.9634,0.003912,255.63, 459.8731
898821,0.9668,0.003594,278.23, 459.8731
898822,0.9712,0.004256,234.97, 459.8731
898823,0.9751,0.003976,251.53, 459.8731
898824,0.9785,0.003580,279.37, 459.8725
898825,0.9824,0.004020,248.76, 459.8728
898826,0.9863,0.003900,256.40, 459.8731
898827,0.9902,0.003502,285.54, 459.8731
898828,0.9941,0.003865,258.76, 459.8731
898829,0.9976,0.003570,280.10, 459.8731
898830,1.0015,0.003961,252.44, 459.8731
898831,1.0054,0.003966,252.13, 459.8731
898832,1.0093,0.003697,270.48, 459.8731
898833,1.0132,0.004006,249.64, 459.8725
898834,1.0171,0.003764,265.69, 459.8731
898835,1.0205,0.003527,283.57, 459.8731
898836,1.0244,0.003840,260.42, 459.8731
898837,1.0278,0.003644,274.42, 459.8731
898838,1.0317,0.003901,256.38, 459.8731
898839,1.0356,0.003942,253.70, 459.8731
898840,1.0391,0.003565,280.54, 459.8728
898841,1.0435,0.003978,251.41, 459.8731
898842,1.0474,0.003861,259.02, 459.8731
898843,1.0508,0.003486,286.83, 459.8731
898844,1.0547,0.004058,246.45, 459.8731
898845,1.0581,0.003524,283.80, 459.8731
898846,1.0620,0.003931,254.36, 459.8731
898847,1.0659,0.004003,249.84, 459.8731
898848,1.0698,0.003706,269.83, 459.8725
898849,1.0737,0.003762,265.80, 459.8795
898850,1.0776,0.003897,256.61, 459.8731
898851,1.0811,0.003532,283.14, 459.8731
898852,1.0850,0.003914,255.47, 459.8731
898853,1.0884,0.003635,275.13, 459.8731
898854,1.0928,0.003958,252.67, 459.8731
898855,1.0967,0.003933,254.29, 459.8731
898856,1.1001,0.003634,275.20, 459.8731
898857,1.1040,0.003958,252.64, 459.8731
898858,1.1079,0.003904,256.13, 459.8731
898859,1.1113,0.003586,278.86, 459.8731
898860,1.1157,0.003966,252.13, 459.8728
898861,1.1191,0.003597,277.98, 459.8731
898862,1.1235,0.004370,228.85, 459.8728
898863,1.1274,0.003892,256.94, 459.8731
898864,1.1309,0.003315,301.66, 459.8728
898865,1.1348,0.003918,255.26, 459.8731
898866,1.1387,0.003816,262.06, 459.8731
898867,1.1421,0.003508,285.10, 459.8731
898868,1.1460,0.003912,255.64, 459.8728
898869,1.1494,0.003554,281.34, 459.8731
898870,1.1538,0.004373,228.70, 459.8731
898871,1.1572,0.003660,273.24, 459.8731
898872,1.1611,0.003636,275.04, 459.8731
898873,1.1646,0.003697,270.50, 459.8728
898874,1.1689,0.003990,250.62, 459.8731
898875,1.1724,0.003627,275.73, 459.8731
898876,1.1763,0.003769,265.31, 459.8731
898877,1.1797,0.003584,279.04, 459.8731
898878,1.1836,0.003999,250.06, 459.8731
898879,1.1875,0.003872,258.28, 459.8731
898880,1.1914,0.003715,269.15, 459.8731
898881,1.1948,0.003600,277.75, 459.8750
898882,1.1992,0.004278,233.74, 459.8725
898883,1.2026,0.003276,305.30, 459.8731
898884,1.2061,0.003819,261.87, 459.8731
898885,1.2100,0.003782,264.40, 459.8731
898886,1.2144,0.004129,242.21, 459.8731
898887,1.2183,0.003910,255.76, 459.8731
898888,1.2217,0.003570,280.10, 459.8725
898889,1.2256,0.003757,266.16, 459.8725
898890,1.2295,0.003852,259.62, 459.8731
898891,1.2329,0.003688,271.19, 459.8731
898892,1.2368,0.003887,257.28, 459.8731
898893,1.2402,0.003465,288.64, 459.8731
898894,1.2446,0.004438,225.31, 459.8725
898895,1.2480,0.003494,286.20, 459.8731
898896,1.2520,0.003569,280.18, 459.8731
898897,1.2559,0.003834,260.82, 459.8731
898898,1.2593,0.003618,276.41, 459.8731
898899,1.2632,0.004048,247.04, 459.8731
898900,1.2671,0.003753,266.43, 459.8731
898901,1.2705,0.003645,274.38, 459.8728
898902,1.2744,0.003840,260.45, 459.8731
898903,1.2788,0.004165,240.08, 459.8725
898904,1.2822,0.003419,292.49, 459.8731
898905,1.2861,0.003865,258.73, 459.8725
898906,1.2900,0.003889,257.12, 459.8731
898907,1.2935,0.003611,276.92, 459.8731
898908,1.2974,0.003946,253.41, 459.8731
898909,1.3008,0.003464,288.66, 459.8731
898910,1.3052,0.004305,232.27, 459.8728
898911,1.3091,0.003858,259.23, 459.8728
898912,1.3125,0.003626,275.78, 459.8731
898913,1.3159,0.003356,297.99, 459.8998
898914,1.3203,0.004026,248.37, 459.8731
898915,1.3242,0.003934,254.19, 459.8731
898916,1.3281,0.003907,255.97, 459.8731
898917,1.3315,0.003549,281.76, 459.8731
898918,1.3359,0.004310,232.03, 459.8725
898919,1.3398,0.003851,259.71, 459.8814
898920,1.3433,0.003721,268.75, 459.8731
898921,1.3472,0.003634,275.22, 459.8731
898922,1.3511,0.003960,252.56, 459.8731
898923,1.3545,0.003620,276.24, 459.8731
898924,1.3584,0.003871,258.32, 459.8731
898925,1.3618,0.003535,282.93, 459.8728
898926,1.3657,0.003876,258.01, 459.8731
898927,1.3701,0.004175,239.53, 459.8728
898928,1.3735,0.003522,283.93, 459.8728
898929,1.3774,0.003772,265.13, 459.8731
898930,1.3813,0.003915,255.43, 459.8731
898931,1.3848,0.003644,274.45, 459.8731
898932,1.3887,0.003882,257.59, 459.8725
898933,1.3926,0.003581,279.28, 459.8731
898934,1.3965,0.004231,236.38, 459.8725
898935,1.3999,0.003472,288.06, 459.8731
898936,1.4038,0.003728,268.25, 459.8731
898937,1.4077,0.003794,263.57, 459.8725
898938,1.4116,0.004018,248.87, 459.8731
898939,1.4150,0.003576,279.64, 459.8731
898940,1.4189,0.003921,255.03, 459.8731
898941,1.4229,0.003546,282.01, 459.8731
898942,1.4268,0.004356,229.59, 459.8731
898943,1.4307,0.003589,278.65, 459.8731
898944,1.4341,0.003507,285.14, 459.8731
898945,1.4380,0.003829,261.19, 459.8731
898946,1.4414,0.003651,273.92, 459.8731
898947,1.4453,0.003847,259.96, 459.8728
898948,1.4492,0.003834,260.85, 459.8731
898949,1.4531,0.003681,271.69, 459.8725
898950,1.4570,0.004200,238.09, 459.8731
898951,1.4614,0.004156,240.61, 459.8731
898952,1.4648,0.003684,271.46, 459.8731
898953,1.4688,0.003664,272.93, 459.8731
898954,1.4727,0.003908,255.86, 459.8731
898955,1.4761,0.003589,278.65, 459.8731
898956,1.4800,0.003912,255.64, 459.8731
898957,1.4839,0.003715,269.17, 459.8728
898958,1.4873,0.003783,264.31, 459.8731
898959,1.4912,0.003860,259.05, 459.8731
898960,1.4951,0.003679,271.83, 459.8728
898961,1.4990,0.003741,267.31, 459.8785
898962,1.5029,0.003923,254.89, 459.8728
898963,1.5068,0.004004,249.78, 459.8731
898964,1.5107,0.004106,243.52, 459.8725
898965,1.5146,0.003715,269.16, 459.8728
898966,1.5186,0.003749,266.71, 459.8725
898967,1.5225,0.004283,233.46, 459.8731
898968,1.5259,0.003378,296.02, 459.8731
898969,1.5298,0.003750,266.66, 459.8731
898970,1.5337,0.003819,261.87, 459.8731
898971,1.5371,0.003624,275.92, 459.8731
898972,1.5410,0.003660,273.22, 459.8869
898973,1.5449,0.004026,248.36, 459.8728
898974,1.5483,0.003583,279.11, 459.8731
898975,1.5527,0.004153,240.80, 459.8731
898976,1.5562,0.003472,288.02, 459.8728
898977,1.5601,0.003805,262.85, 459.8731
898978,1.5640,0.003862,258.92, 459.8731
898979,1.5674,0.003695,270.61, 459.8731
898980,1.5718,0.004122,242.61, 459.8725
898981,1.5752,0.003533,283.05, 459.8731
898982,1.5791,0.003998,250.13, 459.8731
898983,1.5835,0.004225,236.68, 459.8731
898984,1.5869,0.003365,297.18, 459.8731
898985,1.5908,0.003924,254.85, 459.8731
898986,1.5947,0.004000,250.00, 459.8731
898987,1.5981,0.003491,286.43, 459.8731
898988,1.6021,0.003973,251.71, 459.8728
898989,1.6060,0.003951,253.09, 459.8728
898990,1.6099,0.003751,266.63, 459.8731
898991,1.6133,0.003617,276.49, 459.8731
898992,1.6167,0.003520,284.12, 459.8731
898993,1.6211,0.004092,244.37, 459.8731
898994,1.6250,0.003901,256.33, 459.8731
898995,1.6284,0.003451,289.81, 459.8731
898996,1.6323,0.003870,258.42, 459.8728
898997,1.6362,0.004095,244.22, 459.8728
898998,1.6401,0.003855,259.38, 459.8731
898999,1.6440,0.003964,252.28, 459.8725
899000,1.6475,0.003256,307.15, 459.8731
899001,1.6514,0.003829,261.14, 459.8731
899002,1.6553,0.003876,258.02, 459.8731
899003,1.6587,0.003601,277.72, 459.8725
899004,1.6626,0.003825,261.41, 459.8731
899005,1.6660,0.003533,283.07, 459.8728
899006,1.6704,0.004378,228.41, 459.8731
899007,1.6743,0.003679,271.84, 459.8731
899008,1.6777,0.003601,277.74, 459.8725
899009,1.6816,0.003788,263.97, 459.8731
899010,1.6855,0.004025,248.45, 459.8731
899011,1.6890,0.003490,286.54, 459.8731
899012,1.6929,0.003848,259.91, 459.8728
899013,1.6963,0.003566,280.43, 459.8731
899014,1.7002,0.003967,252.05, 459.8731
899015,1.7046,0.003972,251.79, 459.8731
899016,1.7080,0.003546,282.02, 459.8728
899017,1.7119,0.003941,253.72, 459.8731
899018,1.7163,0.004303,232.41, 459.8731
899019,1.7197,0.003499,285.83, 459.8731
899020,1.7236,0.003950,253.16, 459.8728
899021,1.7275,0.003922,254.97, 459.8731
899022,1.7314,0.003892,256.96, 459.8728
899023,1.7349,0.003532,283.11, 459.8731
899024,1.7383,0.003527,283.57, 459.8731
899025,1.7422,0.003897,256.59, 459.8731
899026,1.7466,0.004118,242.82, 459.8731
899027,1.7500,0.003627,275.69, 459.8731
899028,1.7539,0.003723,268.57, 459.8731
899029,1.7573,0.003525,283.69, 459.8731
899030,1.7612,0.004028,248.29, 459.8725
899031,1.7651,0.003894,256.80, 459.8731
899032,1.7690,0.003511,284.84, 459.8731
899033,1.7729,0.003953,253.00, 459.8731
899034,1.7769,0.003868,258.51, 459.8731
899035,1.7803,0.003818,261.92, 459.8731
899036,1.7842,0.003873,258.19, 459.8728
899037,1.7876,0.003483,287.14, 459.8731
899038,1.7920,0.004004,249.73, 459.8731
899039,1.7959,0.004315,231.74, 459.8730
899040,1.7993,0.003221,310.42, 459.8725
899041,1.8032,0.003898,256.57, 459.8731
899042,1.8071,0.003664,272.94, 459.8731
899043,1.8115,0.004544,220.09, 459.8725
899044,1.8149,0.003425,291.97, 459.8725
899045,1.8188,0.004130,242.13, 459.8731
899046,1.8228,0.003990,250.65, 459.8725
899047,1.8267,0.003748,266.79, 459.8725
899048,1.8306,0.003640,274.70, 459.8725
899049,1.8340,0.003427,291.78, 459.8725
899050,1.8379,0.004240,235.87, 459.8731
899051,1.8413,0.003264,306.41, 459.8731
899052,1.8452,0.004153,240.78, 459.8725
899053,1.8496,0.004105,243.58, 459.8725
899054,1.8540,0.004242,235.74, 459.8731
899055,1.8574,0.003747,266.86, 459.8725
899056,1.8613,0.003797,263.39, 459.8731
899057,1.8647,0.003529,283.35, 459.8731
899058,1.8687,0.003922,255.00, 459.8728
899059,1.8726,0.003620,276.28, 459.8728
899060,1.8765,0.003859,259.15, 459.8725
899061,1.8804,0.003887,257.25, 459.8874
899062,1.8838,0.003750,266.67, 459.8725
899063,1.8882,0.004104,243.69, 459.8728
899064,1.8916,0.003482,287.20, 459.8731
899065,1.8950,0.003561,280.79, 459.8731
899066,1.8989,0.003850,259.76, 459.8731
899067,1.9023,0.003647,274.18, 459.8731
899068,1.9063,0.003910,255.73, 459.8731
899069,1.9102,0.003906,256.00, 459.8731
899070,1.9141,0.003626,275.81, 459.8731
899071,1.9180,0.003963,252.35, 459.8731
899072,1.9214,0.003522,283.97, 459.8728
899073,1.9253,0.003859,259.11, 459.8731
899074,1.9292,0.003899,256.46, 459.8731
899075,1.9331,0.003764,265.65, 459.8725
899076,1.9370,0.003929,254.52, 459.8731
899077,1.9409,0.003842,260.29, 459.8731
899078,1.9443,0.003612,276.85, 459.8731
899079,1.9482,0.003834,260.83, 459.8725
899080,1.9521,0.004050,246.91, 459.8731
899081,1.9561,0.003702,270.12, 459.8731
899082,1.9595,0.003656,273.50, 459.8731
899083,1.9634,0.003701,270.20, 459.8731
899084,1.9673,0.003811,262.41, 459.8731
899085,1.9712,0.004012,249.25, 459.8731
899086,1.9746,0.003508,285.10, 459.8731
899087,1.9785,0.003869,258.48, 459.8731
899088,1.9819,0.003579,279.44, 459.8731
899089,1.9863,0.004002,249.91, 459.8731
899090,1.9897,0.003823,261.60, 459.8731
899091,1.9937,0.003594,278.26, 459.8731
899092,1.9976,0.004091,244.43, 459.8731
899093,2.0015,0.003852,259.64, 459.8731
899094,2.0049,0.003483,287.14, 459.9356
899095,2.0088,0.003851,259.66, 459.8731
899096,2.0127,0.003700,270.25, 459.8731
899097,2.0166,0.003868,258.53, 459.8731
899098,2.0205,0.003939,253.89, 459.8731
899099,2.0239,0.003576,279.66, 459.8731
899100,2.0278,0.003864,258.79, 459.8731
899101,2.0317,0.003901,256.37, 459.8731
899102,2.0352,0.003589,278.64, 459.8731
899103,2.0391,0.003900,256.44, 459.8731
899104,2.0430,0.004015,249.05, 459.8728
899105,2.0464,0.003442,290.51, 459.8731
899106,2.0508,0.003961,252.48, 459.8731
899107,2.0542,0.003597,278.00, 459.8731
899108,2.0581,0.003976,251.48, 459.8731
899109,2.0620,0.003823,261.60, 459.8728
899110,2.0654,0.003634,275.20, 459.8731
899111,2.0693,0.003830,261.10, 459.8731
899112,2.0728,0.003545,282.11, 459.8731
899113,2.0771,0.003983,251.07, 459.8731
899114,2.0811,0.003983,251.08, 459.8731
899115,2.0845,0.003596,278.06, 459.8731
899116,2.0884,0.003897,256.60, 459.8731
899117,2.0923,0.004000,249.98, 459.8731
899118,2.0962,0.003524,283.77, 459.8731
899119,2.0996,0.003849,259.80, 459.8731
899120,2.1035,0.003627,275.69, 459.8731
899121,2.1074,0.003929,254.53, 459.8728
899122,2.1113,0.003902,256.29, 459.8731
899123,2.1147,0.003627,275.73, 459.8731
899124,2.1187,0.003927,254.62, 459.8731
899125,2.1230,0.004011,249.31, 459.8731
899126,2.1265,0.003514,284.58, 459.8731
899127,2.1304,0.003878,257.86, 459.8731
899128,2.1338,0.003563,280.69, 459.8731
899129,2.1377,0.004126,242.34, 459.8731
899130,2.1416,0.003753,266.43, 459.8731
899131,2.1450,0.003605,277.37, 459.8731
899132,2.1489,0.003893,256.88, 459.8731
899133,2.1533,0.004099,243.96, 459.8731
899134,2.1567,0.003464,288.67, 459.8731
899135,2.1611,0.004657,214.72, 459.8725
899136,2.1646,0.003112,321.38, 459.8731
899137,2.1680,0.003655,273.61, 459.8731
899138,2.1724,0.004023,248.56, 459.8731
899139,2.1758,0.003522,283.93, 459.8731
899140,2.1797,0.004001,249.95, 459.8750
899141,2.1841,0.004325,231.21, 459.8731
899142,2.1875,0.003534,282.98, 459.8731
899143,2.1914,0.003838,260.55, 459.8731
899144,2.1953,0.003971,251.85, 459.8731
899145,2.1987,0.003527,283.52, 459.8728
899146,2.2026,0.003938,253.95, 459.8731
899147,2.2065,0.003610,277.00, 459.8731
899148,2.2104,0.003802,263.04, 459.8731
899149,2.2144,0.004001,249.95, 459.8731
899150,2.2178,0.003546,282.02, 459.8731
899151,2.2222,0.004281,233.59, 459.8725
899152,2.2251,0.003197,312.82, 459.8731
899153,2.2290,0.003946,253.45, 459.8731
899154,2.2329,0.003831,261.04, 459.8731
899155,2.2368,0.003660,273.19, 459.8731
899156,2.2407,0.003962,252.40, 459.8728
899157,2.2446,0.003841,260.38, 459.8731
899158,2.2485,0.003939,253.86, 459.8725
899159,2.2524,0.004044,247.27, 459.8730
899160,2.2554,0.003083,324.36, 459.8728
899161,2.2598,0.004017,248.95, 459.8728
899162,2.2637,0.003854,259.44, 459.8731
899163,2.2671,0.003586,278.88, 459.8731
899164,2.2710,0.003892,256.92, 459.8731
899165,2.2749,0.003908,255.86, 459.8731
899166,2.2788,0.003878,257.89, 459.8731
899167,2.2827,0.003954,252.93, 459.8725
899168,2.2861,0.003245,308.17, 459.8728
899169,2.2900,0.003985,250.96, 459.8731
899170,2.2935,0.003766,265.53, 459.8731
899171,2.2974,0.003659,273.28, 459.8731
899172,2.3013,0.003887,257.29, 459.8731
899173,2.3052,0.003969,251.96, 459.8731
899174,2.3086,0.003566,280.43, 459.8731
899175,2.3125,0.003945,253.50, 459.8728
899176,2.3159,0.003414,292.89, 459.8731
899177,2.3203,0.004012,249.25, 459.8731
899178,2.3242,0.003998,250.10, 459.8731
899179,2.3276,0.003542,282.36, 459.8731
899180,2.3315,0.003967,252.11, 459.8728
899181,2.3354,0.003916,255.35, 459.8728
899182,2.3389,0.003554,281.37, 459.8731
899183,2.3433,0.004391,227.75, 459.8725
899184,2.3467,0.003081,324.55, 459.8731
899185,2.3506,0.003888,257.21, 459.8731
899186,2.3545,0.004032,248.03, 459.8731
899187,2.3579,0.003541,282.42, 459.8731
899188,2.3618,0.003902,256.31, 459.8728
899189,2.3657,0.003957,252.70, 459.8731
899190,2.3696,0.003534,282.96, 459.8731
899191,2.3730,0.003821,261.68, 459.8731
899192,2.3770,0.003685,271.37, 459.8731
899193,2.3809,0.003909,255.81, 459.8728
899194,2.3848,0.003893,256.88, 459.8731
899195,2.3882,0.003602,277.65, 459.8731
899196,2.3921,0.003872,258.26, 459.8731
899197,2.3960,0.003925,254.80, 459.8731
899198,2.3999,0.003573,279.87, 459.8728
899199,2.4038,0.003943,253.64, 459.8731
899200,2.4072,0.003631,275.42, 459.8731
899201,2.4111,0.003801,263.11, 459.8731
899202,2.4150,0.004099,243.95, 459.8731
899203,2.4185,0.003531,283.18, 459.8731
899204,2.4229,0.003949,253.23, 459.8731
899205,2.4263,0.003872,258.24, 459.8731
899206,2.4302,0.003564,280.55, 459.8731
899207,2.4346,0.004466,223.92, 459.8728
899208,2.4375,0.003099,322.74, 459.8731
899209,2.4414,0.003954,252.93, 459.8731
899210,2.4453,0.003779,264.60, 459.8728
899211,2.4492,0.003717,269.07, 459.8731
899212,2.4531,0.003918,255.22, 459.8731
899213,2.4570,0.003857,259.29, 459.8731
899214,2.4604,0.003663,273.02, 459.8728
899215,2.4644,0.003760,265.99, 459.8731
899216,2.4678,0.003608,277.15, 459.8731
899217,2.4717,0.004005,249.68, 459.8725
899218,2.4756,0.003833,260.91, 459.8731
899219,2.4795,0.003640,274.76, 459.8731
899220,2.4834,0.003885,257.42, 459.8725
899221,2.4873,0.004000,249.98, 459.8731
899222,2.4912,0.003933,254.28, 459.8731
899223,2.4951,0.004021,248.71, 459.8728
899224,2.4985,0.003227,309.91, 459.8731
899225,2.5024,0.003847,259.94, 459.8731
899226,2.5059,0.003777,264.79, 459.8731
899227,2.5098,0.003555,281.31, 459.8731
899228,2.5137,0.003962,252.39, 459.8725
899229,2.5171,0.003511,284.81, 459.8731
899230,2.5215,0.004354,229.68, 459.8731
899231,2.5254,0.003887,257.28, 459.8731
899232,2.5288,0.003586,278.84, 459.8725
899233,2.5327,0.003721,268.72, 459.8731
899234,2.5366,0.003912,255.61, 459.8731
899235,2.5400,0.003567,280.32, 459.8731
899236,2.5439,0.003787,264.09, 459.8728
899237,2.5479,0.004000,250.01, 459.8731
899238,2.5518,0.003738,267.54, 459.8731
899239,2.5557,0.004008,249.53, 459.8731
899240,2.5591,0.003377,296.11, 459.8725
899241,2.5630,0.003775,264.91, 459.8731
899242,2.5669,0.003922,254.96, 459.8728
899243,2.5703,0.003586,278.87, 459.8731
899244,2.5742,0.003929,254.51, 459.8731
899245,2.5781,0.003858,259.20, 459.8731
899246,2.5820,0.003902,256.27, 459.8728
899247,2.5859,0.003709,269.59, 459.8725
899248,2.5894,0.003483,287.12, 459.8725
899249,2.5933,0.004078,245.22, 459.8725
899250,2.5972,0.003805,262.80, 459.8731
899251,2.6006,0.003427,291.83, 459.8731
899252,2.6045,0.003989,250.67, 459.8725
899253,2.6084,0.003763,265.76, 459.8728
899254,2.6123,0.004033,247.98, 459.8728
899255,2.6162,0.003986,250.89, 459.8730
899256,2.6191,0.003120,320.53, 459.8728
899257,2.6235,0.004033,247.97, 459.8731
899258,2.6274,0.003993,250.46, 459.8731
899259,2.6309,0.003484,287.06, 459.8731
899260,2.6348,0.003852,259.64, 459.8731
899261,2.6387,0.003721,268.72, 459.8731
899262,2.6431,0.004452,224.63, 459.8731
899263,2.6465,0.003789,263.89, 459.8731
899264,2.6499,0.003269,305.93, 459.8731
899265,2.6538,0.003961,252.44, 459.8731
899266,2.6577,0.003839,260.47, 459.8731
899267,2.6616,0.003636,275.00, 459.8731
899268,2.6655,0.003875,258.06, 459.8731
899269,2.6689,0.003591,278.47, 459.8731
899270,2.6729,0.004036,247.76, 459.8731
899271,2.6772,0.004301,232.52, 459.8731
899272,2.6802,0.003111,321.45, 459.8731
899273,2.6841,0.003911,255.69, 459.8725
899274,2.6880,0.003889,257.12, 459.8731
899275,2.6919,0.003603,277.52, 459.8731
899276,2.6958,0.003920,255.08, 459.8731
899277,2.6997,0.003913,255.57, 459.8731
899278,2.7041,0.004369,228.87, 459.8725
899279,2.7075,0.003783,264.31, 459.8725
899280,2.7109,0.003232,309.39, 459.8731
899281,2.7148,0.003929,254.51, 459.8731
899282,2.7188,0.003930,254.49, 459.8731
899283,2.7222,0.003585,278.93, 459.8731
899284,2.7261,0.003883,257.51, 459.8728
899285,2.7295,0.003397,294.34, 459.8731
899286,2.7339,0.004115,243.00, 459.8725
899287,2.7378,0.003880,257.77, 459.8731
899288,2.7412,0.003583,279.11, 459.8728
899289,2.7451,0.003896,256.69, 459.8731
899290,2.7490,0.003880,257.76, 459.8731
899291,2.7524,0.003623,275.99, 459.8731
899292,2.7563,0.003942,253.68, 459.8728
899293,2.7607,0.003922,255.00, 459.8731
899294,2.7646,0.004067,245.86, 459.8750
899295,2.7686,0.003831,261.04, 459.8728
899296,2.7720,0.003509,284.99, 459.8725
899297,2.7759,0.003879,257.78, 459.8731
899298,2.7798,0.003946,253.40, 459.8731
899299,2.7832,0.003635,275.11, 459.8731
899300,2.7871,0.003830,261.08, 459.8725
899301,2.7910,0.003883,257.53, 459.8731
899302,2.7944,0.003544,282.15, 459.8731
899303,2.7983,0.003879,257.81, 459.8731
899304,2.8022,0.003642,274.61, 459.8731
899305,2.8062,0.003839,260.50, 459.8731
899306,2.8101,0.003985,250.95, 459.8731
899307,2.8135,0.003662,273.06, 459.8731
899308,2.8174,0.003790,263.89, 459.8728
899309,2.8208,0.003532,283.12, 459.8725
899310,2.8252,0.004100,243.93, 459.8725
899311,2.8296,0.004545,220.04, 459.8730
899312,2.8330,0.003357,297.89, 459.8725
899313,2.8369,0.003716,269.08, 459.8728
899314,2.8408,0.004081,245.03, 459.8725
899315,2.8442,0.003505,285.30, 459.8731
899316,2.8481,0.004120,242.71, 459.8725
899317,2.8521,0.003755,266.35, 459.8731
899318,2.8555,0.003510,284.90, 459.8728
899319,2.8594,0.003685,271.39, 459.8728
899320,2.8638,0.004523,221.12, 459.8731
899321,2.8672,0.003516,284.42, 459.8728
899322,2.8716,0.004134,241.91, 459.8728
899323,2.8750,0.003648,274.16, 459.8731
899324,2.8789,0.003854,259.50, 459.8731
899325,2.8828,0.003944,253.54, 459.8731
899326,2.8867,0.003787,264.04, 459.8731
899327,2.8906,0.003826,261.35, 459.8728
899328,2.8945,0.003845,260.11, 459.8731
899329,2.8979,0.003487,286.76, 459.8731
899330,2.9019,0.004058,246.41, 459.8731
899331,2.9053,0.003465,288.64, 459.8731
899332,2.9092,0.003982,251.10, 459.8725
899333,2.9136,0.003945,253.46, 459.8731
899334,2.9165,0.003362,297.44, 459.8728
899335,2.9209,0.004165,240.08, 459.8731
899336,2.9243,0.003459,289.12, 459.8728
899337,2.9282,0.003899,256.49, 459.8731
899338,2.9321,0.003720,268.84, 459.8731
899339,2.9355,0.003734,267.81, 459.8731
899340,2.9399,0.004304,232.36, 459.8731
899341,2.9438,0.003857,259.30, 459.8731
899342,2.9473,0.003451,289.75, 459.8728
899343,2.9517,0.004341,230.35, 459.8728
899344,2.9556,0.003753,266.47, 459.8731
899345,2.9590,0.003532,283.10, 459.8731
899346,2.9629,0.003760,265.98, 459.8731
899347,2.9668,0.003893,256.84, 459.8731
899348,2.9702,0.003859,259.16, 459.8731
899349,2.9741,0.003921,255.03, 459.8731
899350,2.9780,0.003530,283.25, 459.8731
899351,2.9824,0.004452,224.63, 459.8725
899352,2.9858,0.003435,291.15, 459.8728
899353,2.9893,0.003522,283.95, 459.8731
899354,2.9932,0.003951,253.10, 459.8731
899355,2.9966,0.003461,288.97, 459.8731
899356,3.0005,0.003916,255.40, 459.8731
899357,3.0049,0.004198,238.24, 459.8728
899358,3.0083,0.003640,274.73, 459.8731
899359,3.0122,0.003807,262.65, 459.8728
899360,3.0161,0.003892,256.94, 459.8731
899361,3.0195,0.003515,284.50, 459.8728
899362,3.0239,0.004037,247.70, 459.8731
899363,3.0273,0.003531,283.17, 459.8731
899364,3.0313,0.004017,248.92, 459.8728
899365,3.0352,0.003970,251.91, 459.8731
899366,3.0386,0.003362,297.49, 459.8731
899367,3.0430,0.004391,227.75, 459.8725
899368,3.0464,0.003443,290.49, 459.8731
899369,3.0503,0.003637,274.98, 459.8731
899370,3.0537,0.003700,270.27, 459.8731
899371,3.0576,0.003773,265.05, 459.8728
899372,3.0615,0.003832,260.97, 459.8728
899373,3.0654,0.003997,250.19, 459.8731
899374,3.0688,0.003391,294.90, 459.8731
899375,3.0732,0.004281,233.57, 459.8731
899376,3.0767,0.003715,269.17, 459.8731
899377,3.0801,0.003491,286.48, 459.8731
899378,3.0840,0.003970,251.88, 459.8731
899379,3.0879,0.003570,280.09, 459.8731
899380,3.0918,0.003962,252.39, 459.8731
899381,3.0957,0.004084,244.89, 459.8731
899382,3.0991,0.003380,295.88, 459.8728
899383,3.1035,0.004192,238.54, 459.8731
899384,3.1074,0.003897,256.60, 459.8731
899385,3.1108,0.003479,287.46, 459.8728
899386,3.1147,0.003878,257.86, 459.8731
899387,3.1187,0.003781,264.51, 459.8731
899388,3.1221,0.003733,267.87, 459.8731
899389,3.1260,0.003959,252.61, 459.8731
899390,3.1294,0.003431,291.45, 459.8731
899391,3.1338,0.004173,239.64, 459.8731
899392,3.1377,0.003875,258.06, 459.8731
899393,3.1411,0.003589,278.61, 459.8731
899394,3.1450,0.003810,262.44, 459.8731
899395,3.1489,0.003678,271.90, 459.8728
899396,3.1523,0.003812,262.30, 459.8731
899397,3.1567,0.004044,247.27, 459.8731
899398,3.1597,0.003323,300.98, 459.8731
899399,3.1641,0.004435,225.47, 459.8728
899400,3.1680,0.003781,264.50, 459.8725
899401,3.1714,0.003307,302.43, 459.8731
899402,3.1753,0.004094,244.26, 459.8731
899403,3.1787,0.003427,291.83, 459.8731
899404,3.1826,0.003947,253.34, 459.8731
899405,3.1870,0.004199,238.13, 459.8731
899406,3.1904,0.003319,301.27, 459.8731
899407,3.1943,0.004120,242.75, 459.8731
899408,3.1982,0.003870,258.41, 459.8731
899409,3.2021,0.003609,277.10, 459.8728
899410,3.2061,0.003864,258.79, 459.8731
899411,3.2095,0.003687,271.20, 459.8731
899412,3.2134,0.003859,259.13, 459.8731
899413,3.2173,0.003848,259.85, 459.8728
899414,3.2207,0.003709,269.59, 459.8731
899415,3.2246,0.003725,268.49, 459.8731
899416,3.2285,0.003970,251.88, 459.8728
899417,3.2324,0.003826,261.37, 459.8725
899418,3.2363,0.003834,260.86, 459.8731
899419,3.2397,0.003529,283.36, 459.8728
899420,3.2437,0.003688,271.19, 459.8731
899421,3.2480,0.004364,229.15, 459.8731
899422,3.2510,0.003096,322.96, 459.8731
899423,3.2554,0.004247,235.44, 459.8728
899424,3.2593,0.003891,257.01, 459.8731
899425,3.2627,0.003488,286.72, 459.8731
899426,3.2666,0.003894,256.84, 459.8731
899427,3.2700,0.003483,287.14, 459.8731
899428,3.2739,0.004025,248.44, 459.8731
899429,3.2778,0.003948,253.28, 459.8725
899430,3.2817,0.003627,275.74, 459.8731
899431,3.2856,0.003932,254.32, 459.8731
899432,3.2891,0.003467,288.43, 459.8731
899433,3.2930,0.003835,260.77, 459.8728
899434,3.2969,0.003929,254.51, 459.8731
899435,3.3003,0.003617,276.48, 459.8731
899436,3.3047,0.004332,230.85, 459.8731
899437,3.3086,0.003837,260.65, 459.8731
899438,3.3120,0.003605,277.39, 459.8731
899439,3.3159,0.003811,262.41, 459.8725
899440,3.3198,0.004008,249.49, 459.8731
899441,3.3237,0.003585,278.97, 459.8731
899442,3.3271,0.003805,262.80, 459.8731
899443,3.3311,0.003564,280.61, 459.8741
899444,3.3350,0.003945,253.47, 459.8728
899445,3.3389,0.003987,250.80, 459.8731
899446,3.3428,0.003795,263.53, 459.8731
899447,3.3462,0.003577,279.59, 459.8731
899448,3.3501,0.004091,244.47, 459.8731
899449,3.3540,0.003565,280.47, 459.8728
899450,3.3579,0.003853,259.57, 459.8731
899451,3.3613,0.003536,282.81, 459.8731
899452,3.3652,0.003907,255.98, 459.8731
899453,3.3691,0.004116,242.98, 459.8728
899454,3.3730,0.003636,275.03, 459.8731
899455,3.3765,0.003741,267.28, 459.8731
899456,3.3809,0.003988,250.78, 459.8728
899457,3.3843,0.003530,283.29, 459.8728
899458,3.3882,0.003984,250.99, 459.8731
899459,3.3916,0.003563,280.69, 459.8731
899460,3.3955,0.003855,259.40, 459.8728
899461,3.3994,0.004060,246.28, 459.8731
899462,3.4033,0.003575,279.73, 459.8731
899463,3.4072,0.003882,257.63, 459.8725
899464,3.4111,0.003881,257.69, 459.8731
899465,3.4146,0.003682,271.63, 459.8731
899466,3.4185,0.003896,256.65, 459.8731
899467,3.4224,0.003678,271.89, 459.8731
899468,3.4263,0.004054,246.67, 459.8731
899469,3.4302,0.003799,263.22, 459.8731
899470,3.4336,0.003736,267.64, 459.8731
899471,3.4380,0.004229,236.49, 459.8731
899472,3.4419,0.003779,264.61, 459.8731
899473,3.4453,0.003544,282.14, 459.8731
899474,3.4492,0.003868,258.51, 459.8731
899475,3.4531,0.004016,249.00, 459.8731
899476,3.4570,0.003860,259.09, 459.8728
899477,3.4609,0.003875,258.10, 459.8731
899478,3.4644,0.003556,281.21, 459.8731
899479,3.4683,0.003887,257.29, 459.8731
899480,3.4727,0.004113,243.14, 459.8731
899481,3.4761,0.003517,284.30, 459.8731
899482,3.4800,0.003836,260.71, 459.8731
899483,3.4834,0.003585,278.95, 459.8731
899484,3.4873,0.004028,248.24, 459.8731
899485,3.4912,0.003815,262.10, 459.8728
899486,3.4951,0.003605,277.38, 459.8731
899487,3.4990,0.004263,234.59, 459.8731
899488,3.5029,0.003634,275.19, 459.8731
899489,3.5063,0.003543,282.22, 459.8731
899490,3.5103,0.003908,255.89, 459.8728
899491,3.5142,0.003862,258.95, 459.8731
899492,3.5176,0.003524,283.74, 459.8728
899493,3.5215,0.003946,253.40, 459.8731
899494,3.5249,0.003533,283.01, 459.8731
899495,3.5293,0.003928,254.56, 459.8731
899496,3.5332,0.003898,256.57, 459.8731
899497,3.5366,0.003579,279.42, 459.8728
899498,3.5405,0.003943,253.60, 459.8731
899499,3.5444,0.003711,269.48, 459.8731
899500,3.5483,0.004185,238.97, 459.8725
899501,3.5518,0.003582,279.15, 459.8731
899502,3.5557,0.003606,277.32, 459.8731
899503,3.5596,0.003796,263.44, 459.8731
899504,3.5635,0.004040,247.51, 459.8731
899505,3.5669,0.003441,290.59, 459.8731
899506,3.5708,0.003967,252.09, 459.8731
899507,3.5742,0.003554,281.34, 459.8725
899508,3.5781,0.003926,254.74, 459.8731
899509,3.5820,0.003904,256.12, 459.8731
899510,3.5859,0.003762,265.85, 459.8731
899511,3.5898,0.003960,252.53, 459.8728
899512,3.5933,0.003584,279.02, 459.8731
899513,3.5972,0.003810,262.48, 459.8731
899514,3.6011,0.003761,265.91, 459.8731
899515,3.6050,0.003983,251.09, 459.8731
899516,3.6089,0.003765,265.62, 459.8731
899517,3.6128,0.004036,247.75, 459.8731
899518,3.6162,0.003568,280.24, 459.8731
899519,3.6206,0.004127,242.32, 459.8731
899520,3.6245,0.003720,268.82, 459.8728
899521,3.6279,0.003550,281.72, 459.8728
899522,3.6318,0.003900,256.40, 459.8728
899523,3.6353,0.003600,277.79, 459.8731
899524,3.6392,0.004023,248.56, 459.8728
899525,3.6431,0.003895,256.73, 459.8731
899526,3.6470,0.003617,276.46, 459.8725
899527,3.6509,0.003917,255.32, 459.8731
899528,3.6548,0.003888,257.21, 459.8731
899529,3.6582,0.003538,282.66, 459.8731
899530,3.6621,0.003890,257.05, 459.8731
899531,3.6660,0.003999,250.06, 459.8731
899532,3.6694,0.003561,280.84, 459.8728
899533,3.6738,0.004006,249.64, 459.8731
899534,3.6772,0.003460,288.99, 459.8731
899535,3.6812,0.003970,251.89, 459.8731
899536,3.6851,0.003888,257.20, 459.8731
899537,3.6885,0.003501,285.62, 459.8731
899538,3.6924,0.003861,259.00, 459.8731
899539,3.6963,0.003984,250.99, 459.8731
899540,3.6997,0.003540,282.50, 459.8731
899541,3.7036,0.003959,252.61, 459.8731
899542,3.7075,0.003596,278.10, 459.8731
899543,3.7114,0.003930,254.43, 459.8731
899544,3.7153,0.003898,256.54, 459.8731
899545,3.7188,0.003523,283.84, 459.8728
899546,3.7227,0.003954,252.91, 459.8731
899547,3.7261,0.003528,283.45, 459.8731
899548,3.7305,0.003987,250.84, 459.8731
899549,3.7344,0.003905,256.11, 459.8731
899550,3.7378,0.003546,282.01, 459.8731
899551,3.7417,0.003996,250.26, 459.8728
899552,3.7456,0.003925,254.81, 459.8731
899553,3.7490,0.003318,301.35, 459.8731
899554,3.7529,0.004203,237.91, 459.8728
899555,3.7568,0.003494,286.21, 459.8731
899556,3.7603,0.003738,267.52, 459.8728
899557,3.7646,0.004239,235.91, 459.8731
899558,3.7681,0.003535,282.92, 459.8725
899559,3.7720,0.003943,253.61, 459.8731
899560,3.7764,0.004194,238.42, 459.8725
899561,3.7803,0.004119,242.75, 459.8730
899562,3.7832,0.002957,338.13, 459.8731
899563,3.7871,0.003949,253.24, 459.8731
899564,3.7915,0.004081,245.04, 459.8731
899565,3.7949,0.003787,264.08, 459.8728
899566,3.7988,0.003552,281.55, 459.8731
899567,3.8022,0.003673,272.23, 459.8731
899568,3.8066,0.004320,231.49, 459.8731
899569,3.8101,0.003370,296.78, 459.8725
899570,3.8140,0.004042,247.42, 459.8731
899571,3.8174,0.003458,289.17, 459.8731
899572,3.8218,0.003990,250.66, 459.8731
899573,3.8257,0.003919,255.17, 459.8731
899574,3.8291,0.003503,285.47, 459.8731
899575,3.8330,0.004061,246.23, 459.8760
899576,3.8369,0.003854,259.50, 459.8731
899577,3.8413,0.004171,239.73, 459.8725
899578,3.8442,0.003230,309.64, 459.8731
899579,3.8481,0.003678,271.90, 459.8731
899580,3.8521,0.004171,239.76, 459.8728
899581,3.8564,0.004320,231.48, 459.8725
899582,3.8599,0.003533,283.05, 459.8725
899583,3.8638,0.003902,256.31, 459.8725
899584,3.8677,0.003934,254.18, 459.8731
899585,3.8716,0.003604,277.45, 459.8728
899586,3.8755,0.004266,234.41, 459.8731
899587,3.8794,0.003917,255.28, 459.8731
899588,3.8833,0.003828,261.25, 459.8728
899589,3.8877,0.004062,246.19, 459.8731
899590,3.8916,0.004059,246.38, 459.8731
899591,3.8950,0.003678,271.89, 459.8725
899592,3.8989,0.003538,282.66, 459.8731
899593,3.9023,0.003638,274.91, 459.8728
899594,3.9063,0.003935,254.11, 459.8731
899595,3.9106,0.004182,239.10, 459.8731
899596,3.9141,0.003495,286.13, 459.8731
899597,3.9180,0.003829,261.18, 459.8728
899598,3.9224,0.004454,224.51, 459.8730
899599,3.9258,0.003300,303.02, 459.8731
899600,3.9292,0.003680,271.72, 459.8731
899601,3.9331,0.003998,250.15, 459.8728
899602,3.9370,0.003514,284.55, 459.8731
899603,3.9409,0.003889,257.16, 459.8731
899604,3.9443,0.003627,275.71, 459.8731
899605,3.9482,0.003896,256.65, 459.8728
899606,3.9526,0.004335,230.67, 459.8731
899607,3.9561,0.003467,288.45, 459.8731
899608,3.9600,0.003849,259.83, 459.8728
899609,3.9639,0.004076,245.34, 459.8731
899610,3.9673,0.003507,285.14, 459.8731
899611,3.9712,0.003909,255.81, 459.8731
899612,3.9751,0.003531,283.21, 459.8731
899613,3.9785,0.003836,260.72, 459.8731
899614,3.9829,0.004182,239.10, 459.8725
899615,3.9863,0.003593,278.36, 459.8725
899616,3.9902,0.003802,263.05, 459.8728
899617,3.9937,0.003481,287.30, 459.8731
899618,3.9985,0.004605,217.14, 459.8731
899619,4.0015,0.003131,319.39, 459.8731
899620,4.0054,0.003802,263.03, 459.8728
899621,4.0093,0.003916,255.36, 459.8731
899622,4.0132,0.003859,259.11, 459.8731
899623,4.0171,0.003868,258.52, 459.8728
899624,4.0205,0.003667,272.72, 459.8731
899625,4.0244,0.003959,252.59, 459.8731
899626,4.0283,0.003646,274.30, 459.8731
899627,4.0322,0.003856,259.34, 459.8731
899628,4.0356,0.003549,281.74, 459.8731
899629,4.0396,0.003857,259.28, 459.8731
899630,4.0435,0.004118,242.83, 459.8728
899631,4.0469,0.003386,295.35, 459.8731
899632,4.0508,0.003835,260.78, 459.8731
899633,4.0542,0.003346,298.88, 459.8731
899634,4.0586,0.004167,239.99, 459.8731
899635,4.0620,0.003858,259.22, 459.8731
899636,4.0659,0.003592,278.37, 459.8731
899637,4.0698,0.003926,254.73, 459.8731
899638,4.0737,0.004157,240.56, 459.8725
899639,4.0776,0.003690,271.02, 459.8728
899640,4.0811,0.003487,286.80, 459.8731
899641,4.0845,0.003578,279.52, 459.8728
899642,4.0889,0.004063,246.15, 459.8731
899643,4.0928,0.003912,255.65, 459.8731
899644,4.0962,0.003574,279.84, 459.8731
899645,4.1001,0.003905,256.07, 459.8725
899646,4.1045,0.004288,233.19, 459.8731
899647,4.1079,0.003454,289.54, 459.8731
899648,4.1118,0.003967,252.10, 459.8725
899649,4.1157,0.003875,258.06, 459.8731
899650,4.1191,0.003601,277.74, 459.8731
899651,4.1235,0.004051,246.88, 459.8731
899652,4.1270,0.003693,270.78, 459.8731
899653,4.1309,0.003677,271.99, 459.8731
899654,4.1348,0.004138,241.66, 459.8725
899655,4.1387,0.003591,278.45, 459.8725
899656,4.1421,0.003631,275.44, 459.8731
899657,4.1455,0.003656,273.51, 459.8731
899658,4.1499,0.003947,253.33, 459.8731
899659,4.1533,0.003843,260.22, 459.8731
899660,4.1572,0.003525,283.66, 459.8731
899661,4.1611,0.003872,258.30, 459.8731
899662,4.1650,0.004176,239.48, 459.8728
899663,4.1689,0.003693,270.78, 459.8728
899664,4.1724,0.003598,277.91, 459.8731
899665,4.1758,0.003617,276.44, 459.8728
899666,4.1802,0.004071,245.65, 459.8731
899667,4.1841,0.003776,264.86, 459.8731
899668,4.1875,0.003545,282.09, 459.8731
899669,4.1914,0.003975,251.55, 459.8728
899670,4.1953,0.004154,240.74, 459.8731
899671,4.1987,0.003433,291.30, 459.8731
899672,4.2026,0.003789,263.94, 459.8731
899673,4.2065,0.003934,254.19, 459.8731
899674,4.2104,0.003622,276.09, 459.8731
899675,4.2144,0.003956,252.76, 459.8731
899676,4.2183,0.003818,261.93, 459.8728
899677,4.2227,0.004382,228.22, 459.8725
899678,4.2261,0.003848,259.88, 459.8727
899679,4.2300,0.003676,272.01, 459.8731
899680,4.2334,0.003527,283.50, 459.8731
899681,4.2373,0.003647,274.24, 459.8731
899682,4.2412,0.004095,244.23, 459.8728
899683,4.2451,0.003792,263.69, 459.8731
899684,4.2490,0.004016,248.99, 459.8728
899685,4.2524,0.003495,286.15, 459.8725
899686,4.2568,0.004083,244.91, 459.8725
899687,4.2603,0.003598,277.95, 459.8731
899688,4.2642,0.003734,267.82, 459.8731
899689,4.2681,0.004017,248.95, 459.8731
899690,4.2715,0.003517,284.36, 459.8731
899691,4.2754,0.003828,261.22, 459.8731
899692,4.2788,0.003595,278.15, 459.8731
899693,4.2827,0.003954,252.94, 459.8731
899694,4.2871,0.004206,237.74, 459.8731
899695,4.2905,0.003592,278.40, 459.8725
899696,4.2944,0.003644,274.42, 459.8765
899697,4.2983,0.004028,248.29, 459.8731
899698,4.3018,0.003581,279.25, 459.8731
899699,4.3057,0.003898,256.54, 459.8731
899700,4.3096,0.003648,274.16, 459.8731
899701,4.3135,0.003850,259.73, 459.8731
899702,4.3174,0.003866,258.69, 459.8731
899703,4.3208,0.003664,272.91, 459.8731
899704,4.3247,0.003902,256.27, 459.8731
899705,4.3286,0.004051,246.88, 459.8731
899706,4.3320,0.003379,295.98, 459.8728
899707,4.3359,0.003918,255.25, 459.8731
899708,4.3394,0.003473,287.97, 459.8731
899709,4.3438,0.004137,241.75, 459.8731
899710,4.3472,0.003685,271.40, 459.8731
899711,4.3516,0.004204,237.87, 459.8731
899712,4.3550,0.003460,289.03, 459.8725
899713,4.3589,0.003920,255.13, 459.8731
899714,4.3628,0.003659,273.31, 459.8731
899715,4.3662,0.003666,272.78, 459.8731
899716,4.3701,0.003640,274.76, 459.8728
899717,4.3740,0.004012,249.24, 459.8725
899718,4.3779,0.004111,243.23, 459.8725
899719,4.3813,0.003398,294.26, 459.8728
899720,4.3853,0.003777,264.80, 459.8728
899721,4.3887,0.003636,275.06, 459.8731
899722,4.3926,0.003913,255.55, 459.8731
899723,4.3965,0.003823,261.55, 459.8731
899724,4.4004,0.003702,270.10, 459.8728
899725,4.4043,0.003907,255.95, 459.8731
899726,4.4082,0.003885,257.43, 459.8731
899727,4.4121,0.003831,261.04, 459.8731
899728,4.4155,0.003598,277.97, 459.8731
899729,4.4194,0.004124,242.47, 459.8731
899730,4.4233,0.003556,281.23, 459.8731
899731,4.4268,0.003731,268.00, 459.8731
899732,4.4307,0.003636,275.01, 459.8731
899733,4.4346,0.003899,256.50, 459.8731
899734,4.4385,0.004113,243.15, 459.8728
899735,4.4424,0.003769,265.31, 459.8731
899736,4.4458,0.003440,290.71, 459.8731
899737,4.4497,0.004001,249.96, 459.8731
899738,4.4531,0.003491,286.44, 459.8731
899739,4.4575,0.004003,249.82, 459.8731
899740,4.4609,0.003656,273.51, 459.8731
899741,4.4648,0.003794,263.60, 459.8731
899742,4.4688,0.004157,240.54, 459.8725
899743,4.4731,0.004004,249.73, 459.8731
899744,4.4761,0.003016,331.59, 459.8731
899745,4.4800,0.003879,257.79, 459.8731
899746,4.4834,0.003814,262.21, 459.8728
899747,4.4878,0.004116,242.97, 459.8731
899748,4.4912,0.003556,281.24, 459.8731
899749,4.4951,0.003861,259.00, 459.8728
899750,4.4990,0.004081,245.05, 459.8731
899751,4.5029,0.003485,286.94, 459.8728
899752,4.5068,0.003955,252.85, 459.8728
899753,4.5103,0.003566,280.39, 459.8731
899754,4.5142,0.003912,255.60, 459.8731
899755,4.5181,0.003836,260.69, 459.8731
899756,4.5215,0.003706,269.84, 459.8731
899757,4.5254,0.003839,260.46, 459.8731
899758,4.5298,0.004315,231.78, 459.8725
899759,4.5337,0.003708,269.71, 459.8728
899760,4.5371,0.003632,275.33, 459.8731
899761,4.5410,0.003898,256.53, 459.8731
899762,4.5449,0.003605,277.41, 459.8731
899763,4.5483,0.003780,264.59, 459.8731
899764,4.5522,0.003689,271.08, 459.8728
899765,4.5562,0.003903,256.23, 459.8731
899766,4.5605,0.004457,224.37, 459.8725
899767,4.5645,0.003744,267.08, 459.8725
899768,4.5674,0.003283,304.61, 459.8728
899769,4.5713,0.003579,279.42, 459.8731
899770,4.5752,0.003935,254.16, 459.8731
899771,4.5791,0.003894,256.83, 459.8731
899772,4.5825,0.003627,275.73, 459.8731
899773,4.5864,0.003910,255.74, 459.8731
899774,4.5903,0.003886,257.32, 459.8731
899775,4.5942,0.003645,274.36, 459.8731
899776,4.5977,0.003842,260.29, 459.8731
899777,4.6021,0.004129,242.17, 459.8731
899778,4.6055,0.003494,286.20, 459.8731
899779,4.6094,0.003874,258.14, 459.8731
899780,4.6128,0.003663,273.00, 459.8731
899781,4.6167,0.003826,261.36, 459.8731
899782,4.6211,0.004320,231.50, 459.8728
899783,4.6245,0.003482,287.20, 459.8725
899784,4.6284,0.003722,268.69, 459.8725
899785,4.6318,0.003484,287.07, 459.8731
899786,4.6357,0.004058,246.45, 459.8731
899787,4.6396,0.003907,255.95, 459.8728
899788,4.6436,0.003573,279.91, 459.8728
899789,4.6475,0.003910,255.77, 459.8728
899790,4.6514,0.003911,255.68, 459.8731
899791,4.6548,0.003612,276.84, 459.8728
899792,4.6587,0.003936,254.06, 459.8731
899793,4.6626,0.003968,252.05, 459.8731
899794,4.6665,0.003674,272.21, 459.8731
899795,4.6704,0.003878,257.84, 459.8731
899796,4.6738,0.003570,280.10, 459.8731
899797,4.6777,0.003824,261.48, 459.8728
899798,4.6816,0.003949,253.24, 459.8731
899799,4.6851,0.003571,280.06, 459.8731
899800,4.6890,0.003988,250.74, 459.8731
899801,4.6929,0.003616,276.59, 459.8731
899802,4.6968,0.003827,261.28, 459.8731
899803,4.7007,0.003896,256.69, 459.8731
899804,4.7041,0.003723,268.62, 459.8731
899805,4.7080,0.003863,258.87, 459.8731
899806,4.7119,0.003970,251.88, 459.8731
899807,4.7158,0.003811,262.38, 459.8725
899808,4.7197,0.003676,272.06, 459.8728
899809,4.7236,0.004020,248.74, 459.8731
899810,4.7271,0.003477,287.59, 459.8731
899811,4.7310,0.003892,256.97, 459.8731
899812,4.7349,0.003713,269.35, 459.8731
899813,4.7388,0.003873,258.21, 459.8728
899814,4.7427,0.003970,251.88, 459.8731
899815,4.7461,0.003468,288.38, 459.8731
899816,4.7500,0.004054,246.65, 459.8728
899817,4.7539,0.004060,246.33, 459.8731
899818,4.7573,0.003460,289.06, 459.8731
899819,4.7612,0.003889,257.17, 459.8731
899820,4.7651,0.003599,277.86, 459.8728
899821,4.7690,0.003866,258.64, 459.8731
899822,4.7729,0.004208,237.67, 459.8731
899823,4.7769,0.003517,284.36, 459.8731
899824,4.7803,0.003725,268.44, 459.8731
899825,4.7842,0.004028,248.26, 459.8731
899826,4.7881,0.003567,280.37, 459.8731
899827,4.7920,0.003914,255.47, 459.8731
899828,4.7954,0.003699,270.36, 459.8728
899829,4.7998,0.004137,241.72, 459.8731
899830,4.8037,0.003842,260.27, 459.8728
899831,4.8066,0.003269,305.87, 459.8725
899832,4.8105,0.003988,250.73, 459.8728
899833,4.8145,0.003641,274.66, 459.8731
899834,4.8184,0.003892,256.93, 459.8731
899835,4.8223,0.003947,253.38, 459.8731
899836,4.8257,0.003472,288.03, 459.8731
899837,4.8296,0.004023,248.60, 459.8731
899838,4.8340,0.004155,240.69, 459.8725
899839,4.8374,0.003540,282.49, 459.8728
899840,4.8413,0.003767,265.44, 459.8731
899841,4.8457,0.004359,229.44, 459.8725
899842,4.8486,0.003180,314.46, 459.8728
899843,4.8530,0.004129,242.17, 459.8731
899844,4.8564,0.003660,273.19, 459.8728
899845,4.8608,0.004333,230.79, 459.8725
899846,4.8643,0.003424,292.09, 459.8725
899847,4.8682,0.003975,251.59, 459.8728
899848,4.8721,0.003898,256.56, 459.8725
899849,4.8760,0.003883,257.57, 459.8731
899850,4.8794,0.003538,282.65, 459.8731
899851,4.8838,0.004286,233.35, 459.8731
899852,4.8877,0.003611,276.95, 459.8731
899853,4.8916,0.004257,234.91, 459.8731
899854,4.8960,0.004355,229.62, 459.8725
899855,4.8994,0.003398,294.26, 459.8731
899856,4.9033,0.003642,274.60, 459.8728
899857,4.9072,0.004000,249.98, 459.8731
899858,4.9106,0.003547,281.90, 459.8731
899859,4.9146,0.003893,256.86, 459.8731
899860,4.9185,0.003900,256.38, 459.8728
899861,4.9224,0.003664,272.93, 459.8728
899862,4.9258,0.003776,264.85, 459.8725
899863,4.9297,0.003706,269.85, 459.8731
899864,4.9336,0.003860,259.07, 459.8731
899865,4.9375,0.004089,244.56, 459.8731
899866,4.9409,0.003344,299.05, 459.8731
899867,4.9448,0.003983,251.09, 459.8731
899868,4.9487,0.003900,256.44, 459.8731
899869,4.9526,0.003699,270.37, 459.8731
899870,4.9565,0.003906,256.05, 459.8731
899871,4.9600,0.003642,274.54, 459.8725
899872,4.9639,0.003805,262.84, 459.8731
899873,4.9678,0.003921,255.07, 459.8731
899874,4.9712,0.003620,276.22, 459.8731
899875,4.9756,0.003977,251.46, 459.8731
899876,4.9790,0.003843,260.22, 459.8731
899877,4.9829,0.003725,268.44, 459.8728
899878,4.9868,0.003882,257.63, 459.8731
899879,4.9907,0.004128,242.27, 459.8725
899880,4.9946,0.003707,269.75, 459.8731
899881,4.9980,0.003448,290.03, 459.8731
899882,5.0020,0.003713,269.30, 459.8731
899883,5.0059,0.003842,260.32, 459.8731
899884,5.0098,0.004030,248.11, 459.8731
899885,5.0132,0.003700,270.26, 459.8731
899886,5.0176,0.004137,241.70, 459.8725
899887,5.0210,0.003215,311.08, 459.8731
899888,5.0249,0.004041,247.45, 459.8731
899889,5.0288,0.003960,252.55, 459.8728
899890,5.0322,0.003663,272.99, 459.8731
899891,5.0361,0.003770,265.25, 459.8731
899892,5.0400,0.003979,251.30, 459.8728
899893,5.0439,0.003656,273.52, 459.8728
899894,5.0483,0.004545,220.02, 459.8725
899895,5.0518,0.003151,317.32, 459.8728
899896,5.0552,0.003646,274.26, 459.8731
899897,5.0591,0.003880,257.71, 459.8731
899898,5.0625,0.003544,282.14, 459.8731
899899,5.0669,0.004363,229.19, 459.8725
899900,5.0708,0.003969,251.98, 459.8731
899901,5.0742,0.003278,305.08, 459.8731
899902,5.0786,0.004546,219.97, 459.8725
899903,5.0825,0.003568,280.25, 459.8731
899904,5.0859,0.003412,293.13, 459.8731
899905,5.0898,0.003987,250.83, 459.8731
899906,5.0933,0.003660,273.24, 459.8731
899907,5.0972,0.003964,252.27, 459.8731
899908,5.1011,0.003863,258.90, 459.8731
899909,5.1050,0.003572,279.99, 459.8728
899910,5.1089,0.003984,250.99, 459.8731
899911,5.1128,0.004241,235.81, 459.8728
899912,5.1167,0.003555,281.30, 459.8728
899913,5.1201,0.003648,274.13, 459.8731
899914,5.1235,0.003581,279.29, 459.8731
899915,5.1279,0.003948,253.28, 459.8731
899916,5.1318,0.003891,256.98, 459.8731
899917,5.1353,0.003650,274.00, 459.8728
899918,5.1396,0.004139,241.60, 459.8725
899919,5.1431,0.003856,259.37, 459.8728
899920,5.1470,0.003742,267.24, 459.8731
899921,5.1504,0.003602,277.59, 459.8731
899922,5.1548,0.003994,250.36, 459.8731
899923,5.1587,0.003855,259.43, 459.8731
899924,5.1626,0.003953,252.96, 459.8731
899925,5.1660,0.003641,274.62, 459.8728
899926,5.1694,0.003576,279.66, 459.8731
899927,5.1738,0.004234,236.19, 459.8731
899928,5.1777,0.003742,267.25, 459.8725
899929,5.1812,0.003749,266.72, 459.8731
899930,5.1851,0.003581,279.22, 459.8731
899931,5.1890,0.003931,254.42, 459.8731
899932,5.1929,0.003844,260.16, 459.8731
899933,5.1963,0.003704,270.00, 459.8731
899934,5.2007,0.004300,232.58, 459.8731
899935,5.2046,0.003685,271.41, 459.8731
899936,5.2075,0.003248,307.88, 459.8731
899937,5.2119,0.004215,237.26, 459.8725
899938,5.2158,0.003855,259.40, 459.8731
899939,5.2192,0.003638,274.87, 459.8728
899940,5.2236,0.004219,237.01, 459.8731
899941,5.2271,0.003521,284.04, 459.8731
899942,5.2314,0.004389,227.85, 459.8728
899943,5.2354,0.003699,270.37, 459.8731
899944,5.2388,0.003458,289.15, 459.8731
899945,5.2427,0.003892,256.96, 459.8731
899946,5.2466,0.003985,250.95, 459.8731
899947,5.2500,0.003516,284.39, 459.8731
899948,5.2544,0.004209,237.57, 459.8728
899949,5.2578,0.003369,296.82, 459.8731
899950,5.2617,0.004003,249.83, 459.8731
899951,5.2656,0.003884,257.47, 459.8731
899952,5.2690,0.003621,276.14, 459.8728
899953,5.2729,0.003986,250.88, 459.8731
899954,5.2773,0.004041,247.46, 459.8731
899955,5.2808,0.003466,288.49, 459.8731
899956,5.2847,0.003825,261.41, 459.8731
899957,5.2886,0.004037,247.73, 459.8731
899958,5.2925,0.004243,235.67, 459.8725
899959,5.2964,0.003914,255.49, 459.8725
899960,5.2998,0.003164,316.08, 459.8731
899961,5.3037,0.003956,252.79, 459.8725
899962,5.3076,0.003977,251.45, 459.8731
899963,5.3115,0.003656,273.52, 459.8731
899964,5.3154,0.003881,257.67, 459.8731
899965,5.3188,0.003450,289.90, 459.8725
899966,5.3228,0.004119,242.75, 459.8731
899967,5.3267,0.003883,257.53, 459.8731
899968,5.3301,0.003489,286.63, 459.8731
899969,5.3340,0.003970,251.90, 459.8731
899970,5.3379,0.003934,254.19, 459.8731
899971,5.3418,0.003612,276.87, 459.8731
899972,5.3457,0.003819,261.83, 459.8760
899973,5.3496,0.003975,251.58, 459.8731
899974,5.3530,0.003614,276.69, 459.8731
899975,5.3569,0.003918,255.25, 459.8731
899976,5.3608,0.003696,270.56, 459.8731
899977,5.3647,0.003822,261.66, 459.8731
899978,5.3687,0.003877,257.94, 459.8731
899979,5.3721,0.003647,274.19, 459.8731
899980,5.3760,0.003947,253.35, 459.8728
899981,5.3794,0.003519,284.16, 459.8731
899982,5.3838,0.004011,249.33, 459.8731
899983,5.3877,0.004338,230.51, 459.8725
899984,5.3916,0.003562,280.71, 459.8731
899985,5.3950,0.003426,291.89, 459.8728
899986,5.3989,0.004043,247.36, 459.8731
899987,5.4023,0.003638,274.88, 459.8731
899988,5.4063,0.003824,261.51, 459.8731
899989,5.4102,0.003912,255.64, 459.8731
899990,5.4141,0.003706,269.80, 459.8728
899991,5.4175,0.003712,269.40, 459.8731
899992,5.4214,0.003673,272.27, 459.8731
899993,5.4253,0.003939,253.85, 459.8731
899994,5.4292,0.003856,259.37, 459.8731
899995,5.4326,0.003658,273.37, 459.8731
899996,5.4365,0.003870,258.38, 459.8728
899997,5.4409,0.003993,250.43, 459.8728
899998,5.4448,0.003931,254.36, 459.8731
899999,5.4487,0.003867,258.59, 459.8731
900000,5.4521,0.003655,273.64, 459.8728
900001,5.4561,0.004007,249.54, 459.8731
900002,5.4600,0.003954,252.93, 459.8731
900003,5.4639,0.003507,285.18, 459.8731
900004,5.4678,0.003917,255.30, 459.8728
900005,5.4717,0.004018,248.87, 459.8731
900006,5.4751,0.003497,285.95, 459.8731
900007,5.4790,0.003878,257.85, 459.8728
900008,5.4829,0.004098,244.05, 459.8731
900009,5.4863,0.003477,287.58, 459.8731
900010,5.4902,0.003878,257.89, 459.8731
900011,5.4941,0.003694,270.69, 459.8731
900012,5.4980,0.003757,266.21, 459.8731
900013,5.5020,0.003963,252.33, 459.8728
900014,5.5054,0.003625,275.88, 459.8728
900015,5.5093,0.003919,255.15, 459.8728
900016,5.5127,0.003556,281.22, 459.8731
900017,5.5166,0.003924,254.85, 459.8728
900018,5.5210,0.003949,253.21, 459.8731
900019,5.5244,0.003568,280.28, 459.8731
900020,5.5283,0.003887,257.24, 459.8725
900021,5.5322,0.004051,246.85, 459.8731
900022,5.5356,0.003423,292.16, 459.8731
900023,5.5400,0.004472,223.60, 459.8725
900024,5.5435,0.003488,286.73, 459.8728
900025,5.5469,0.003418,292.55, 459.8731
900026,5.5513,0.003949,253.22, 459.8731
900027,5.5547,0.003600,277.78, 459.8731
900028,5.5586,0.003949,253.21, 459.8731
900029,5.5625,0.004028,248.27, 459.8731
900030,5.5659,0.003508,285.08, 459.8731
900031,5.5698,0.003905,256.10, 459.8731
900032,5.5737,0.003598,277.94, 459.8731
900033,5.5776,0.003899,256.50, 459.8731
900034,5.5815,0.004234,236.21, 459.8728
900035,5.5850,0.003088,323.83, 459.8731
900036,5.5889,0.004094,244.27, 459.8728
900037,5.5928,0.003874,258.12, 459.8731
900038,5.5962,0.003545,282.06, 459.8731
900039,5.6001,0.003869,258.47, 459.8731
900040,5.6040,0.003630,275.50, 459.8728
900041,5.6079,0.003976,251.49, 459.8731
900042,5.6118,0.003863,258.88, 459.8731
900043,5.6152,0.003589,278.61, 459.8731
900044,5.6191,0.004006,249.65, 459.8725
900045,5.6230,0.003893,256.88, 459.8731
900046,5.6270,0.003551,281.61, 459.8731
900047,5.6309,0.003907,255.94, 459.8725
900048,5.6343,0.003594,278.21, 459.8728
900049,5.6382,0.003944,253.56, 459.8731
900050,5.6421,0.003960,252.53, 459.8731
900051,5.6455,0.003524,283.81, 459.8731
900052,5.6494,0.003832,260.98, 459.8731
900053,5.6538,0.004153,240.77, 459.8728
900054,5.6572,0.003451,289.81, 459.8725
900055,5.6611,0.003844,260.13, 459.8731
900056,5.6646,0.003719,268.92, 459.8728
900057,5.6685,0.003736,267.66, 459.8731
900058,5.6724,0.004124,242.47, 459.8731
900059,5.6758,0.003494,286.22, 459.8731
900060,5.6797,0.003854,259.49, 459.8731
900061,5.6841,0.004033,247.99, 459.8731
900062,5.6875,0.003451,289.74, 459.8731
900063,5.6914,0.003948,253.32, 459.8731
900064,5.6948,0.003534,282.97, 459.8731
900065,5.6987,0.003906,256.02, 459.8731
900066,5.7026,0.004037,247.74, 459.8731
900067,5.7065,0.003542,282.31, 459.8731
900068,5.7100,0.003857,259.29, 459.8731
900069,5.7139,0.003908,255.87, 459.8731
900070,5.7178,0.003604,277.45, 459.8731
900071,5.7217,0.003946,253.43, 459.8731
900072,5.7251,0.003503,285.49, 459.8731
900073,5.7290,0.003877,257.91, 459.8725
900074,5.7329,0.003969,251.93, 459.8731
900075,5.7363,0.003517,284.32, 459.8731
900076,5.7407,0.003979,251.34, 459.8725
900077,5.7441,0.003567,280.38, 459.8731
900078,5.7480,0.003895,256.75, 459.8731
900079,5.7520,0.003890,257.10, 459.8731
900080,5.7554,0.003577,279.59, 459.8731
900081,5.7593,0.003951,253.12, 459.8731
900082,5.7632,0.003887,257.27, 459.8731
900083,5.7671,0.003709,269.64, 459.8731
900084,5.7710,0.003862,258.92, 459.8728
900085,5.7749,0.003923,254.94, 459.8731
900086,5.7783,0.003593,278.29, 459.8731
900087,5.7827,0.004354,229.68, 459.8731
900088,5.7856,0.003189,313.58, 459.8728
900089,5.7900,0.004038,247.68, 459.8731
900090,5.7935,0.003647,274.24, 459.8731
900091,5.7974,0.003680,271.74, 459.8731
900092,5.8013,0.004009,249.47, 459.8731
900093,5.8047,0.003411,293.17, 459.8874
900094,5.8086,0.004038,247.65, 459.8731
900095,5.8125,0.003947,253.34, 459.8731
900096,5.8159,0.003392,294.80, 459.8728
900097,5.8203,0.004042,247.41, 459.8731
900098,5.8242,0.003962,252.39, 459.8731
900099,5.8276,0.003366,297.07, 459.8728
900100,5.8315,0.004017,248.97, 459.8731
900101,5.8354,0.003955,252.86, 459.8731
900102,5.8394,0.003741,267.31, 459.8725
900103,5.8428,0.003586,278.86, 459.8731
900104,5.8467,0.003751,266.61, 459.8728
900105,5.8506,0.003930,254.45, 459.8731
900106,5.8545,0.003966,252.16, 459.8731
900107,5.8579,0.003726,268.40, 459.8731
900108,5.8623,0.004251,235.22, 459.8725
900109,5.8657,0.003272,305.64, 459.8725
900110,5.8696,0.004175,239.54, 459.8728
900111,5.8735,0.003784,264.30, 459.8727
900112,5.8770,0.003482,287.19, 459.8725
900113,5.8813,0.004097,244.06, 459.8728
900114,5.8848,0.003712,269.39, 459.8731
900115,5.8882,0.003568,280.25, 459.8725
900116,5.8926,0.004356,229.57, 459.8728
900117,5.8970,0.004169,239.86, 459.8728
900118,5.9009,0.003893,256.86, 459.8728
900119,5.9048,0.004183,239.05, 459.8731
900120,5.9087,0.003815,262.11, 459.8728
900121,5.9126,0.003535,282.91, 459.8731
900122,5.9165,0.004017,248.97, 459.8731
900123,5.9199,0.003571,280.02, 459.8728
900124,5.9238,0.004075,245.42, 459.8731
900125,5.9277,0.003734,267.80, 459.8731
900126,5.9316,0.003675,272.12, 459.8731
900127,5.9355,0.003866,258.69, 459.8731
900128,5.9395,0.004384,228.13, 459.8731
900129,5.9434,0.003474,287.88, 459.8731
900130,5.9468,0.003812,262.36, 459.8731
900131,5.9512,0.004004,249.78, 459.8731
900132,5.9546,0.003577,279.56, 459.8731
900133,5.9585,0.003824,261.51, 459.8731
900134,5.9619,0.003656,273.56, 459.8731
900135,5.9658,0.003868,258.54, 459.8731
900136,5.9697,0.003964,252.26, 459.8731
900137,5.9736,0.003524,283.80, 459.8731
900138,5.9771,0.003895,256.76, 459.8728
900139,5.9810,0.003543,282.27, 459.8725
900140,5.9849,0.003975,251.60, 459.8725
900141,5.9888,0.003984,251.02, 459.8731
900142,5.9922,0.003639,274.79, 459.8731
900143,5.9961,0.003834,260.82, 459.8731
900144,6.0000,0.003945,253.48, 459.8731
900145,6.0039,0.003467,288.40, 459.8728
900146,6.0078,0.004074,245.47, 459.8728
900147,6.0112,0.003450,289.88, 459.8731
900148,6.0151,0.003944,253.54, 459.8728
900149,6.0190,0.003844,260.17, 459.8731
900150,6.0225,0.003656,273.49, 459.8731
900151,6.0269,0.003979,251.29, 459.8731
900152,6.0308,0.003926,254.74, 459.8731
900153,6.0342,0.003462,288.88, 459.8731
900154,6.0381,0.004034,247.87, 459.8731
900155,6.0420,0.003943,253.62, 459.8731
900156,6.0454,0.003621,276.18, 459.8728
900157,6.0493,0.003800,263.15, 459.8731
900158,6.0532,0.003648,274.16, 459.8728
900159,6.0571,0.003896,256.67, 459.8728
900160,6.0610,0.003897,256.59, 459.8728
900161,6.0645,0.003555,281.26, 459.8728
900162,6.0684,0.003847,259.94, 459.8731
900163,6.0718,0.003590,278.57, 459.8731
900164,6.0757,0.003988,250.78, 459.8731
900165,6.0796,0.003849,259.84, 459.8731
900166,6.0835,0.003629,275.53, 459.8728
900167,6.0869,0.003838,260.53, 459.8731
900168,6.0913,0.004351,229.83, 459.8731
900169,6.0952,0.003525,283.66, 459.8731
900170,6.0991,0.003865,258.72, 459.8731
900171,6.1030,0.004083,244.94, 459.8731
900172,6.1064,0.003473,287.96, 459.8731
900173,6.1104,0.003872,258.25, 459.8731
900174,6.1138,0.003674,272.20, 459.8731
900175,6.1177,0.003772,265.14, 459.8731
900176,6.1221,0.004128,242.22, 459.8731
900177,6.1255,0.003494,286.19, 459.8728
900178,6.1294,0.003815,262.14, 459.8731
900179,6.1328,0.003600,277.81, 459.8731
900180,6.1367,0.003867,258.61, 459.8728
900181,6.1406,0.003986,250.88, 459.8731
900182,6.1445,0.003647,274.19, 459.8728
900183,6.1479,0.003770,265.27, 459.8731
900184,6.1519,0.003948,253.31, 459.8731
900185,6.1558,0.003624,275.93, 459.8731
900186,6.1597,0.003896,256.69, 459.8731
900187,6.1631,0.003482,287.23, 459.8731
900188,6.1670,0.003930,254.43, 459.8731
900189,6.1714,0.004450,224.71, 459.8731
900190,6.1748,0.003445,290.29, 459.8731
900191,6.1792,0.004335,230.70, 459.8725
900192,6.1826,0.003392,294.85, 459.8725
900193,6.1860,0.003686,271.32, 459.8731
900194,6.1899,0.003923,254.88, 459.8731
900195,6.1943,0.003927,254.65, 459.8731
900196,6.1978,0.003449,289.91, 459.8731
900197,6.2017,0.003965,252.23, 459.8731
900198,6.2051,0.003581,279.24, 459.8731
900199,6.2090,0.003976,251.53, 459.8731
900200,6.2129,0.003909,255.85, 459.8731
900201,6.2163,0.003536,282.82, 459.8728
900202,6.2202,0.003860,259.08, 459.8731
900203,6.2241,0.003674,272.15, 459.8731
900204,6.2280,0.003888,257.18, 459.8731
900205,6.2319,0.004008,249.50, 459.8731
900206,6.2354,0.003623,276.02, 459.8731
900207,6.2393,0.003811,262.41, 459.8731
900208,6.2432,0.003934,254.20, 459.8731
900209,6.2471,0.003610,276.98, 459.8731
900210,6.2510,0.003837,260.60, 459.8731
900211,6.2549,0.004037,247.74, 459.8731
900212,6.2583,0.003477,287.62, 459.8731
900213,6.2622,0.003979,251.34, 459.8731
900214,6.2656,0.003598,277.96, 459.8731
900215,6.2695,0.003828,261.25, 459.8731
900216,6.2739,0.004022,248.61, 459.8731
900217,6.2773,0.003603,277.59, 459.8725
900218,6.2813,0.003893,256.90, 459.8728
900219,6.2847,0.003453,289.58, 459.8731
900220,6.2886,0.003936,254.07, 459.8728
900221,6.2930,0.004257,234.89, 459.8731
900222,6.2964,0.003649,274.08, 459.8731
900223,6.3003,0.003707,269.79, 459.8731
900224,6.3042,0.003996,250.26, 459.8731
900225,6.3076,0.003658,273.40, 459.8731
900226,6.3115,0.003795,263.51, 459.8731
900227,6.3154,0.003958,252.63, 459.8731
900228,6.3193,0.003538,282.67, 459.8728
900229,6.3232,0.003941,253.73, 459.8731
900230,6.3267,0.003569,280.23, 459.8731
900231,6.3306,0.003889,257.15, 459.8728
900232,6.3345,0.003898,256.56, 459.8731
900233,6.3379,0.003612,276.83, 459.8731
900234,6.3418,0.003890,257.07, 459.8731
900235,6.3457,0.003936,254.06, 459.8731
900236,6.3496,0.003502,285.58, 459.8731
900237,6.3535,0.003897,256.59, 459.8728
900238,6.3569,0.003728,268.23, 459.8731
900239,6.3608,0.003920,255.13, 459.8731
900240,6.3647,0.003828,261.21, 459.8731
900241,6.3682,0.003559,280.95, 459.8731
900242,6.3726,0.004045,247.24, 459.8731
900243,6.3760,0.003479,287.41, 459.8731
900244,6.3799,0.003862,258.97, 459.8731
900245,6.3838,0.003949,253.22, 459.8731
900246,6.3872,0.003719,268.90, 459.8728
900247,6.3911,0.003854,259.46, 459.8731
900248,6.3950,0.003865,258.72, 459.8731
900249,6.3984,0.003585,278.95, 459.8731
900250,6.4028,0.003931,254.42, 459.8725
900251,6.4063,0.003608,277.14, 459.8728
900252,6.4102,0.003877,257.96, 459.8731
900253,6.4141,0.003877,257.93, 459.8731
900254,6.4175,0.003628,275.66, 459.8728
900255,6.4214,0.003943,253.61, 459.8731
900256,6.4253,0.003957,252.74, 459.8731
900257,6.4287,0.003452,289.70, 459.8731
900258,6.4326,0.003875,258.06, 459.8731
900259,6.4365,0.003603,277.58, 459.8731
900260,6.4404,0.004038,247.62, 459.8728
900261,6.4443,0.003810,262.49, 459.8731
900262,6.4478,0.003646,274.31, 459.8731
900263,6.4517,0.003892,256.97, 459.8731
900264,6.4556,0.003940,253.80, 459.8731
900265,6.4595,0.003641,274.66, 459.8731
900266,6.4634,0.003815,262.10, 459.8731
900267,6.4668,0.003523,283.89, 459.8731
900268,6.4707,0.003905,256.09, 459.8728
900269,6.4746,0.004008,249.49, 459.8731
900270,6.4780,0.003587,278.78, 459.8731
900271,6.4819,0.003886,257.31, 459.8731
900272,6.4863,0.003990,250.62, 459.8731
900273,6.4897,0.003472,288.03, 459.8731
900274,6.4937,0.003871,258.30, 459.8731
900275,6.4971,0.003590,278.57, 459.8731
900276,6.5010,0.003945,253.47, 459.8731
900277,6.5049,0.003942,253.65, 459.8731
900278,6.5088,0.003651,273.91, 459.8731
900279,6.5122,0.003759,266.04, 459.8760
900280,6.5161,0.003947,253.34, 459.8731
900281,6.5200,0.003579,279.42, 459.8731
900282,6.5239,0.004011,249.33, 459.8731
900283,6.5273,0.003449,289.98, 459.8731
900284,6.5313,0.003919,255.16, 459.8731
900285,6.5352,0.003890,257.06, 459.8731
900286,6.5386,0.003608,277.15, 459.8731
900287,6.5430,0.004413,226.62, 459.8725
900288,6.5464,0.003171,315.34, 459.8728
900289,6.5503,0.003899,256.47, 459.8731
900290,6.5542,0.003972,251.74, 459.8731
900291,6.5576,0.003498,285.84, 459.8731
900292,6.5615,0.003681,271.68, 459.8731
900293,6.5654,0.004109,243.35, 459.8731
900294,6.5693,0.003624,275.95, 459.8731
900295,6.5732,0.004026,248.37, 459.8731
900296,6.5771,0.003948,253.29, 459.8728
900297,6.5806,0.003380,295.84, 459.8728
900298,6.5845,0.003899,256.48, 459.8731
900299,6.5879,0.003425,292.00, 459.8731
900300,6.5923,0.004454,224.52, 459.8725
900301,6.5962,0.003826,261.39, 459.8731
900302,6.5991,0.003237,308.91, 459.8728
900303,6.6035,0.004101,243.84, 459.8725
900304,6.6074,0.003888,257.21, 459.8731
900305,6.6113,0.003923,254.92, 459.8725
900306,6.6147,0.003575,279.74, 459.8731
900307,6.6187,0.003809,262.52, 459.8731
900308,6.6226,0.003994,250.40, 459.8731
900309,6.6265,0.003888,257.18, 459.8731
900310,6.6304,0.003709,269.63, 459.8728
900311,6.6338,0.003566,280.40, 459.8731
900312,6.6377,0.004127,242.30, 459.8728
900313,6.6416,0.003938,253.91, 459.8728
900314,6.6455,0.003835,260.73, 459.8731
900315,6.6494,0.003608,277.20, 459.8731
900316,6.6533,0.004065,245.98, 459.8731
900317,6.6577,0.004255,235.04, 459.8731
900318,6.6611,0.003328,300.45, 459.8731
900319,6.6650,0.004154,240.76, 459.8731
900320,6.6689,0.003915,255.44, 459.8731
900321,6.6729,0.004017,248.93, 459.8731
900322,6.6763,0.003477,287.59, 459.8725
900323,6.6807,0.004279,233.69, 459.8731
900324,6.6841,0.003547,281.90, 459.8731
900325,6.6880,0.003844,260.14, 459.8731
900326,6.6919,0.003538,282.61, 459.8731
900327,6.6953,0.003681,271.65, 459.8731
900328,6.6992,0.004087,244.71, 459.8731
900329,6.7031,0.003804,262.87, 459.8731
900330,6.7070,0.003765,265.61, 459.8731
900331,6.7109,0.003992,250.48, 459.8731
900332,6.7144,0.003550,281.72, 459.8728
900333,6.7183,0.003900,256.39, 459.8728
900334,6.7222,0.003713,269.30, 459.8731
900335,6.7261,0.003875,258.10, 459.8725
900336,6.7300,0.003899,256.46, 459.8731
900337,6.7334,0.003554,281.37, 459.8731
900338,6.7373,0.003960,252.50, 459.8731
900339,6.7412,0.003933,254.25, 459.8731
900340,6.7451,0.003486,286.90, 459.8731
900341,6.7490,0.003908,255.91, 459.8731
900342,6.7524,0.003550,281.72, 459.8731
900343,6.7568,0.004311,231.95, 459.8731
900344,6.7603,0.003498,285.90, 459.8731
900345,6.7637,0.003716,269.11, 459.8728
900346,6.7676,0.003775,264.87, 459.8731
900347,6.7715,0.004050,246.90, 459.8731
900348,6.7754,0.003667,272.70, 459.8731
900349,6.7793,0.003830,261.12, 459.8725
900350,6.7827,0.003627,275.70, 459.8731
900351,6.7866,0.003670,272.46, 459.8728
900352,6.7905,0.004290,233.11, 459.8731
900353,6.7939,0.003197,312.76, 459.8820
900354,6.7983,0.004235,236.11, 459.8725
900355,6.8018,0.003369,296.79, 459.8731
900356,6.8057,0.003927,254.66, 459.8725
900357,6.8096,0.004248,235.39, 459.8725
900358,6.8130,0.003422,292.22, 459.8731
900359,6.8174,0.004271,234.16, 459.8731
900360,6.8208,0.003598,277.93, 459.8731
900361,6.8242,0.003269,305.90, 459.8731
900362,6.8286,0.004188,238.79, 459.8728
900363,6.8325,0.003950,253.15, 459.8731
900364,6.8359,0.003488,286.74, 459.8731
900365,6.8398,0.003964,252.28, 459.8731
900366,6.8438,0.003626,275.76, 459.8731
900367,6.8477,0.003900,256.38, 459.8820
900368,6.8511,0.003705,269.93, 459.8731
900369,6.8550,0.003727,268.31, 459.8728
900370,6.8589,0.004003,249.84, 459.8731
900371,6.8623,0.003525,283.69, 459.8829
900372,6.8662,0.003962,252.39, 459.8750
900373,6.8696,0.003285,304.44, 459.8731
900374,6.8740,0.004408,226.87, 459.8725
900375,6.8784,0.004546,219.97, 459.8725
900376,6.8828,0.004015,249.04, 459.8725
900377,6.8862,0.003456,289.35, 459.8730
900378,6.8892,0.003128,319.73, 459.8728
900379,6.8931,0.003774,264.98, 459.8731
900380,6.8965,0.003575,279.74, 459.8731
900381,6.9009,0.004460,224.21, 459.8725
900382,6.9048,0.003671,272.44, 459.8731
900383,6.9092,0.004411,226.71, 459.8731
900384,6.9121,0.003105,322.07, 459.8731
900385,6.9160,0.003813,262.29, 459.8731
900386,6.9199,0.003816,262.03, 459.8731
900387,6.9238,0.004019,248.82, 459.8731
900388,6.9272,0.003604,277.44, 459.8731
900389,6.9312,0.003938,253.94, 459.8728
900390,6.9351,0.003526,283.65, 459.8731
900391,6.9390,0.004199,238.15, 459.8728
900392,6.9429,0.003960,252.53, 459.8731
900393,6.9468,0.003530,283.28, 459.8728
900394,6.9507,0.003979,251.31, 459.8731
900395,6.9546,0.003945,253.52, 459.8731
900396,6.9580,0.003654,273.68, 459.8731
900397,6.9619,0.003908,255.89, 459.8725
900398,6.9658,0.003792,263.73, 459.8731
900399,6.9692,0.003586,278.83, 459.8731
900400,6.9731,0.003935,254.12, 459.8731
900401,6.9771,0.003488,286.70, 459.8728
900402,6.9810,0.004032,247.99, 459.8731
900403,6.9849,0.003769,265.33, 459.8731
900404,6.9883,0.003549,281.80, 459.8728
900405,6.9922,0.004044,247.27, 459.8731
900406,6.9956,0.003478,287.51, 459.8731
900407,6.9995,0.003701,270.19, 459.8731
900408,7.0034,0.004140,241.57, 459.8728
900409,7.0073,0.003577,279.54, 459.8731
900410,7.0112,0.004091,244.43, 459.8731
900411,7.0151,0.003724,268.52, 459.8728
900412,7.0186,0.003660,273.21, 459.8731
900413,7.0225,0.003903,256.23, 459.8725
900414,7.0259,0.003483,287.08, 459.8731
900415,7.0303,0.004259,234.80, 459.8728
900416,7.0337,0.003619,276.29, 459.8731
900417,7.0376,0.003512,284.72, 459.8731
900418,7.0415,0.003966,252.12, 459.8731
900419,7.0454,0.004030,248.13, 459.8731
900420,7.0488,0.003574,279.83, 459.8731
900421,7.0527,0.003815,262.11, 459.8731
900422,7.0566,0.003652,273.79, 459.8731
900423,7.0605,0.003899,256.49, 459.8731
900424,7.0645,0.003941,253.72, 459.8731
900425,7.0679,0.003553,281.49, 459.8731
900426,7.0718,0.003846,259.98, 459.8731
900427,7.0757,0.004101,243.82, 459.8731
900428,7.0791,0.003456,289.33, 459.8731
900429,7.0830,0.003868,258.57, 459.8731
900430,7.0869,0.003576,279.65, 459.8731
900431,7.0913,0.004403,227.10, 459.8725
900432,7.0947,0.003490,286.52, 459.8731
900433,7.0981,0.003597,277.98, 459.8725
900434,7.1021,0.004088,244.60, 459.8731
900435,7.1060,0.003846,259.98, 459.8731
900436,7.1094,0.003488,286.70, 459.8728
900437,7.1133,0.003892,256.93, 459.8731
900438,7.1172,0.003600,277.81, 459.8731
900439,7.1211,0.004206,237.76, 459.8731
900440,7.1250,0.003544,282.16, 459.8741
900441,7.1284,0.003696,270.54, 459.8731
900442,7.1323,0.003862,258.95, 459.8731
900443,7.1362,0.003908,255.90, 459.8731
900444,7.1396,0.003536,282.80, 459.8728
900445,7.1440,0.003957,252.74, 459.8731
900446,7.1475,0.003667,272.70, 459.8731
900447,7.1514,0.003998,250.11, 459.8731
900448,7.1553,0.003911,255.70, 459.8731
900449,7.1592,0.003729,268.15, 459.8731
900450,7.1626,0.003706,269.84, 459.8731
900451,7.1670,0.003966,252.17, 459.8731
900452,7.1704,0.003494,286.21, 459.8731
900453,7.1743,0.003981,251.22, 459.8750
900454,7.1777,0.003466,288.55, 459.8731
900455,7.1816,0.004000,250.01, 459.8728
900456,7.1855,0.003897,256.61, 459.8731
900457,7.1895,0.003762,265.80, 459.8725
900458,7.1934,0.003912,255.61, 459.8731
900459,7.1973,0.003828,261.21, 459.8731
900460,7.2007,0.003518,284.22, 459.8731
900461,7.2046,0.004134,241.93, 459.8731
900462,7.2080,0.003285,304.46, 459.8731
900463,7.2124,0.004342,230.31, 459.8731
900464,7.2158,0.003519,284.20, 459.8731
900465,7.2197,0.003697,270.46, 459.8725
900466,7.2236,0.004005,249.68, 459.8731
900467,7.2275,0.003778,264.69, 459.8731
900468,7.2310,0.003555,281.27, 459.8731
900469,7.2349,0.003827,261.30, 459.8731
900470,7.2388,0.003788,264.00, 459.8731
900471,7.2427,0.004091,244.46, 459.8725
900472,7.2461,0.003475,287.78, 459.8731
900473,7.2495,0.003592,278.44, 459.8728
900474,7.2539,0.003943,253.61, 459.8731
900475,7.2573,0.003734,267.80, 459.8731
900476,7.2612,0.003887,257.29, 459.8731
900477,7.2651,0.003805,262.78, 459.8728
900478,7.2690,0.003747,266.89, 459.8731
900479,7.2725,0.003851,259.67, 459.8728
900480,7.2764,0.003820,261.75, 459.8731
900481,7.2803,0.003652,273.82, 459.8731
900482,7.2842,0.003925,254.78, 459.8731
900483,7.2881,0.003971,251.81, 459.8731
900484,7.2915,0.003554,281.39, 459.8728
900485,7.2954,0.003873,258.20, 459.8731
900486,7.2988,0.003480,287.40, 459.8731
900487,7.3032,0.004031,248.07, 459.8725
900488,7.3071,0.003896,256.69, 459.8728
900489,7.3105,0.003566,280.47, 459.8731
900490,7.3145,0.003981,251.17, 459.8731
900491,7.3179,0.003481,287.29, 459.8731
900492,7.3218,0.003960,252.53, 459.8725
900493,7.3257,0.003856,259.32, 459.8731
900494,7.3296,0.003699,270.34, 459.8731
900495,7.3330,0.003794,263.55, 459.8731
900496,7.3374,0.004101,243.83, 459.8728
900497,7.3408,0.003346,298.87, 459.8731
900498,7.3447,0.004077,245.25, 459.8731
900499,7.3486,0.003839,260.52, 459.8731
900500,7.3521,0.003629,275.54, 459.8750
900501,7.3560,0.003872,258.28, 459.8728
900502,7.3599,0.003688,271.19, 459.8731
900503,7.3638,0.003792,263.72, 459.8731
900504,7.3677,0.003927,254.67, 459.8731
900505,7.3711,0.003572,279.98, 459.8728
900506,7.3750,0.004078,245.21, 459.8725
900507,7.3789,0.003596,278.09, 459.8725
900508,7.3828,0.004033,247.94, 459.8725
900509,7.3867,0.003821,261.70, 459.8731
900510,7.3901,0.003643,274.53, 459.8731
900511,7.3940,0.003657,273.45, 459.8731
900512,7.3979,0.003998,250.12, 459.8731
900513,7.4014,0.003502,285.55, 459.8731
900514,7.4053,0.003795,263.48, 459.8731
900515,7.4087,0.003697,270.47, 459.8731
900516,7.4126,0.003872,258.26, 459.8725
900517,7.4165,0.003966,252.16, 459.8731
900518,7.4204,0.003584,279.03, 459.8731
900519,7.4243,0.003953,252.97, 459.8728
900520,7.4282,0.003828,261.25, 459.8731
900521,7.4316,0.003393,294.69, 459.8731
900522,7.4355,0.004077,245.28, 459.8731
900523,7.4390,0.003452,289.65, 459.8731
900524,7.4434,0.004201,238.02, 459.8731
900525,7.4473,0.003843,260.20, 459.8731
900526,7.4507,0.003430,291.55, 459.8731
900527,7.4546,0.004063,246.13, 459.8731
900528,7.4585,0.003955,252.84, 459.8731
900529,7.4619,0.003565,280.50, 459.8731
900530,7.4658,0.003844,260.13, 459.8731
900531,7.4692,0.003527,283.54, 459.8731
900532,7.4731,0.003774,264.98, 459.8731
900533,7.4775,0.004310,232.02, 459.8731
900534,7.4810,0.003523,283.87, 459.8731
900535,7.4849,0.003943,253.59, 459.8725
900536,7.4893,0.004103,243.73, 459.8728
900537,7.4927,0.003344,299.09, 459.8731
900538,7.4966,0.004025,248.44, 459.8731
900539,7.5000,0.003441,290.62, 459.8728
900540,7.5039,0.003935,254.12, 459.8731
900541,7.5078,0.004163,240.22, 459.8731
900542,7.5117,0.003582,279.18, 459.8731
900543,7.5161,0.004302,232.47, 459.8725
900544,7.5190,0.003386,295.38, 459.8731
900545,7.5229,0.003752,266.54, 459.8728
900546,7.5269,0.003860,259.05, 459.8731
900547,7.5308,0.003910,255.77, 459.8731
900548,7.5342,0.003592,278.41, 459.8731
900549,7.5381,0.003875,258.06, 459.8731
900550,7.5420,0.003636,275.01, 459.8731
900551,7.5459,0.003807,262.69, 459.8731
900552,7.5498,0.003857,259.24, 459.8731
900553,7.5532,0.003653,273.76, 459.8728
900554,7.5576,0.004262,234.64, 459.8731
900555,7.5610,0.003453,289.59, 459.8731
900556,7.5649,0.003992,250.53, 459.8728
900557,7.5688,0.004099,243.94, 459.8731
900558,7.5723,0.003390,295.03, 459.8731
900559,7.5767,0.004118,242.81, 459.8731
900560,7.5806,0.004011,249.32, 459.8731
900561,7.5840,0.003385,295.41, 459.8731
900562,7.5879,0.004002,249.86, 459.8731
900563,7.5918,0.004010,249.35, 459.8731
900564,7.5957,0.003699,270.35, 459.8725
900565,7.5996,0.003995,250.30, 459.8728
900566,7.6030,0.003163,316.18, 459.8728
900567,7.6074,0.004410,226.74, 459.8731
900568,7.6108,0.003650,273.96, 459.8731
900569,7.6143,0.003644,274.41, 459.8731
900570,7.6182,0.003624,275.92, 459.8731
900571,7.6221,0.004026,248.37, 459.8731
900572,7.6260,0.003965,252.20, 459.8728
900573,7.6299,0.003809,262.56, 459.8731
900574,7.6338,0.003684,271.47, 459.8731
900575,7.6377,0.004197,238.28, 459.8731
900576,7.6416,0.003662,273.07, 459.8731
900577,7.6450,0.003548,281.87, 459.8731
900578,7.6489,0.003832,260.95, 459.8731
900579,7.6523,0.003647,274.20, 459.8731
900580,7.6563,0.003853,259.54, 459.8731
900581,7.6602,0.003995,250.33, 459.8731
900582,7.6641,0.003728,268.22, 459.8725
900583,7.6680,0.003897,256.60, 459.8731
900584,7.6719,0.003817,261.98, 459.8731
900585,7.6753,0.003504,285.36, 459.8728
900586,7.6792,0.003877,257.95, 459.8731
900587,7.6831,0.004030,248.15, 459.8731
900588,7.6865,0.003536,282.78, 459.8731
900589,7.6904,0.003921,255.02, 459.8731
900590,7.6943,0.003659,273.28, 459.8731
900591,7.6987,0.004260,234.74, 459.8725
900592,7.7021,0.003383,295.62, 459.8731
900593,7.7056,0.003643,274.49, 459.8728
900594,7.7095,0.003961,252.48, 459.8731
900595,7.7129,0.003333,300.02, 459.8731
900596,7.7168,0.003877,257.96, 459.8750
900597,7.7207,0.004114,243.08, 459.8731
900598,7.7246,0.003717,269.05, 459.8725
900599,7.7290,0.004200,238.07, 459.8731
900600,7.7329,0.004204,237.87, 459.8731
900601,7.7363,0.003306,302.50, 459.8728
900602,7.7402,0.004104,243.68, 459.8731
900603,7.7441,0.003828,261.25, 459.8731
900604,7.7480,0.003612,276.82, 459.8731
900605,7.7520,0.003887,257.27, 459.8728
900606,7.7559,0.003912,255.65, 459.8731
900607,7.7598,0.004250,235.29, 459.8725
900608,7.7632,0.003519,284.14, 459.8731
900609,7.7671,0.003642,274.57, 459.8731
900610,7.7710,0.003782,264.40, 459.8731
900611,7.7749,0.003982,251.11, 459.8731
900612,7.7783,0.003708,269.72, 459.8731
900613,7.7822,0.003794,263.55, 459.8731
900614,7.7856,0.003536,282.84, 459.8731
900615,7.7900,0.004327,231.10, 459.8728
900616,7.7939,0.003569,280.21, 459.8731
900617,7.7974,0.003829,261.20, 459.8731
900618,7.8013,0.003729,268.18, 459.8731
900619,7.8052,0.003921,255.01, 459.8731
900620,7.8091,0.003618,276.38, 459.8731
900621,7.8130,0.003890,257.09, 459.8731
900622,7.8169,0.003907,255.94, 459.8731
900623,7.8203,0.003824,261.51, 459.8731
900624,7.8242,0.003658,273.38, 459.8731
900625,7.8276,0.003553,281.48, 459.8731
900626,7.8315,0.003982,251.10, 459.8731
900627,7.8354,0.003920,255.13, 459.8731
900628,7.8389,0.003311,302.04, 459.8731
900629,7.8428,0.003989,250.68, 459.8731
900630,7.8472,0.004190,238.69, 459.8728
900631,7.8501,0.003261,306.62, 459.8731
900632,7.8545,0.003952,253.07, 459.8731
900633,7.8579,0.003571,280.02, 459.8731
900634,7.8618,0.004051,246.88, 459.8728
900635,7.8657,0.003726,268.38, 459.8731
900636,7.8691,0.003708,269.72, 459.8731
900637,7.8735,0.003972,251.79, 459.8731
900638,7.8770,0.003876,258.02, 459.8725
900639,7.8809,0.003785,264.19, 459.8731
900640,7.8848,0.003747,266.88, 459.8731
900641,7.8887,0.003837,260.65, 459.8731
900642,7.8931,0.004299,232.60, 459.8725
900643,7.8965,0.003398,294.30, 459.8731
900644,7.8999,0.003882,257.62, 459.8731
900645,7.9043,0.004114,243.08, 459.8731
900646,7.9082,0.003884,257.46, 459.8731
900647,7.9121,0.003827,261.28, 459.8728
900648,7.9155,0.003763,265.72, 459.8731
900649,7.9199,0.003974,251.65, 459.8731
900650,7.9233,0.003555,281.33, 459.8725
900651,7.9272,0.003912,255.66, 459.8731
900652,7.9307,0.003548,281.89, 459.8728
900653,7.9346,0.003930,254.49, 459.8731
900654,7.9385,0.003885,257.43, 459.8725
900655,7.9424,0.003895,256.73, 459.8725
900656,7.9458,0.003387,295.24, 459.8750
900657,7.9492,0.003629,275.53, 459.8728
900658,7.9536,0.004048,247.04, 459.8728
900659,7.9575,0.003970,251.92, 459.8731
900660,7.9609,0.003660,273.24, 459.8728
900661,7.9648,0.003780,264.59, 459.8731
900662,7.9692,0.004387,227.96, 459.8730
900663,7.9727,0.003215,311.07, 459.8731
900664,7.9766,0.003873,258.22, 459.8728
900665,7.9800,0.003548,281.83, 459.8728
900666,7.9839,0.003893,256.87, 459.8731
900667,7.9878,0.003965,252.22, 459.8731
900668,7.9912,0.003641,274.66, 459.8728
900669,7.9951,0.003810,262.46, 459.8725
900670,7.9990,0.003851,259.67, 459.8731
900671,8.0029,0.003693,270.82, 459.8731
900672,8.0068,0.004044,247.30, 459.8731
900673,8.0103,0.003403,293.85, 459.8731
900674,8.0142,0.004011,249.32, 459.8731
900675,8.0181,0.003816,262.08, 459.8731
900676,8.0215,0.003599,277.85, 459.8731
900677,8.0254,0.003889,257.14, 459.8725
900678,8.0298,0.004071,245.62, 459.8731
900679,8.0332,0.003836,260.66, 459.8731
900680,8.0366,0.003394,294.63, 459.8731
900681,8.0405,0.003608,277.18, 459.8728
900682,8.0444,0.003948,253.29, 459.8731
900683,8.0483,0.003892,256.92, 459.8731
900684,8.0518,0.003604,277.49, 459.8728
900685,8.0557,0.003985,250.97, 459.8731
900686,8.0596,0.003551,281.61, 459.8731
900687,8.0640,0.004347,230.07, 459.8750
900688,8.0674,0.003404,293.77, 459.8731
900689,8.0708,0.003645,274.38, 459.8731
900690,8.0752,0.004245,235.57, 459.8731
900691,8.0791,0.003912,255.63, 459.8731
900692,8.0825,0.003768,265.37, 459.8731
900693,8.0864,0.003829,261.18, 459.8731
900694,8.0908,0.004173,239.63, 459.8725
900695,8.0942,0.003733,267.91, 459.8731
900696,8.0981,0.003456,289.34, 459.8725
900697,8.1016,0.003740,267.35, 459.8731
900698,8.1055,0.003690,270.98, 459.8731
900699,8.1094,0.003948,253.27, 459.8731
900700,8.1133,0.003722,268.66, 459.8731
900701,8.1167,0.003826,261.36, 459.8731
900702,8.1211,0.004250,235.29, 459.8731
900703,8.1245,0.003587,278.80, 459.8731
900704,8.1284,0.003545,282.06, 459.8731
900705,8.1318,0.003675,272.09, 459.8731
900706,8.1357,0.003898,256.54, 459.8731
900707,8.1396,0.004024,248.49, 459.8731
900708,8.1436,0.003548,281.84, 459.8731
900709,8.1475,0.003857,259.26, 459.8731
900710,8.1514,0.003938,253.95, 459.8731
900711,8.1548,0.003430,291.55, 459.8731
900712,8.1587,0.004064,246.09, 459.8731
900713,8.1621,0.003571,280.07, 459.8731
900714,8.1660,0.003978,251.40, 459.8731
900715,8.1699,0.003884,257.44, 459.8731
900716,8.1738,0.003616,276.52, 459.8728
900717,8.1777,0.003899,256.46, 459.8725
900718,8.1816,0.004169,239.86, 459.8725
900719,8.1851,0.003169,315.52, 459.8728
900720,8.1890,0.004028,248.25, 459.8728
900721,8.1924,0.003587,278.78, 459.8725
900722,8.1968,0.003999,250.07, 459.8728
900723,8.2007,0.004093,244.33, 459.8731
900724,8.2041,0.003458,289.20, 459.8728
900725,8.2080,0.003847,259.94, 459.8731
900726,8.2119,0.004113,243.12, 459.8728
900727,8.2153,0.003181,314.35, 459.8731
900728,8.2192,0.004076,245.31, 459.8731
900729,8.2231,0.003624,275.93, 459.8731
900730,8.2271,0.003911,255.70, 459.8731
900731,8.2310,0.003952,253.06, 459.8731
900732,8.2344,0.003551,281.64, 459.8728
900733,8.2383,0.003906,256.05, 459.8731
900734,8.2422,0.004094,244.28, 459.8731
900735,8.2461,0.003722,268.70, 459.8725
900736,8.2500,0.003685,271.41, 459.8728
900737,8.2534,0.003503,285.51, 459.8731
900738,8.2573,0.003933,254.27, 459.8731
900739,8.2612,0.003947,253.34, 459.8731
900740,8.2646,0.003618,276.37, 459.8731
900741,8.2686,0.003749,266.73, 459.8731
900742,8.2729,0.004218,237.10, 459.8725
900743,8.2764,0.003705,269.88, 459.8731
900744,8.2798,0.003481,287.27, 459.8731
900745,8.2832,0.003431,291.44, 459.8731
900746,8.2876,0.004334,230.74, 459.8725
900747,8.2915,0.003934,254.21, 459.8731
900748,8.2954,0.003542,282.35, 459.8728
900749,8.2993,0.004037,247.70, 459.8725
900750,8.3022,0.003191,313.39, 459.8725
900751,8.3066,0.004073,245.54, 459.8731
900752,8.3101,0.003747,266.90, 459.8731
900753,8.3145,0.004040,247.56, 459.8731
900754,8.3184,0.003890,257.06, 459.8731
900755,8.3223,0.003871,258.31, 459.8731
900756,8.3257,0.003619,276.34, 459.8731
900757,8.3296,0.003894,256.78, 459.8731
900758,8.3335,0.003988,250.75, 459.8731
900759,8.3369,0.003583,279.13, 459.8731
900760,8.3408,0.003899,256.50, 459.8728
900761,8.3447,0.003569,280.18, 459.8731
900762,8.3486,0.003840,260.43, 459.8731
900763,8.3525,0.004328,231.05, 459.8725
900764,8.3564,0.003692,270.83, 459.8731
900765,8.3604,0.003817,261.99, 459.8725
900766,8.3643,0.003869,258.46, 459.8728
900767,8.3672,0.003240,308.60, 459.8731
900768,8.3711,0.003866,258.64, 459.8728
900769,8.3750,0.003815,262.16, 459.8725
900770,8.3789,0.003795,263.54, 459.8731
900771,8.3828,0.003927,254.67, 459.8731
900772,8.3862,0.003598,277.91, 459.8731
900773,8.3906,0.004021,248.69, 459.8731
900774,8.3940,0.003755,266.35, 459.8731
900775,8.3979,0.003829,261.19, 459.8731
900776,8.4014,0.003594,278.28, 459.8731
900777,8.4053,0.003650,274.00, 459.8728
900778,8.4092,0.003988,250.75, 459.8728
900779,8.4131,0.003887,257.25, 459.8731
900780,8.4165,0.003630,275.50, 459.8731
900781,8.4204,0.003753,266.48, 459.8728
900782,8.4248,0.004181,239.18, 459.8725
900783,8.4282,0.003638,274.91, 459.8731
900784,8.4316,0.003554,281.35, 459.8731
900785,8.4355,0.003633,275.22, 459.8731
900786,8.4395,0.003934,254.19, 459.8731
900787,8.4434,0.003966,252.16, 459.8731
900788,8.4468,0.003623,276.02, 459.8725
900789,8.4512,0.003930,254.46, 459.8725
900790,8.4546,0.003478,287.49, 459.8731
900791,8.4585,0.003926,254.71, 459.8731
900792,8.4624,0.003836,260.69, 459.8731
900793,8.4658,0.003592,278.44, 459.8731
900794,8.4697,0.003898,256.52, 459.8731
900795,8.4736,0.003952,253.02, 459.8731
900796,8.4771,0.003589,278.64, 459.8731
900797,8.4810,0.003866,258.67, 459.8731
900798,8.4854,0.004115,243.00, 459.8731
900799,8.4888,0.003630,275.52, 459.8731
900800,8.4927,0.003806,262.75, 459.8728
900801,8.4961,0.003413,292.97, 459.8731
900802,8.5000,0.003947,253.33, 459.8731
900803,8.5039,0.003886,257.37, 459.8731
900804,8.5073,0.003603,277.53, 459.8731
900805,8.5117,0.004015,249.08, 459.8725
900806,8.5151,0.003506,285.21, 459.8731
900807,8.5190,0.003908,255.86, 459.8728
900808,8.5229,0.003955,252.84, 459.8731
900809,8.5264,0.003501,285.65, 459.8731
900810,8.5303,0.003866,258.65, 459.8731
900811,8.5342,0.003957,252.72, 459.8731
900812,8.5376,0.003574,279.83, 459.8728
900813,8.5415,0.003927,254.62, 459.8728
900814,8.5454,0.003521,284.03, 459.8731
900815,8.5493,0.004330,230.94, 459.8731
900816,8.5532,0.003507,285.18, 459.8731
900817,8.5566,0.003618,276.37, 459.8728
900818,8.5605,0.003861,259.01, 459.8731
900819,8.5645,0.003944,253.53, 459.8731
900820,8.5679,0.003546,282.04, 459.8731
900821,8.5718,0.003947,253.36, 459.8731
900822,8.5757,0.003667,272.69, 459.8731
900823,8.5796,0.003821,261.70, 459.8731
900824,8.5835,0.003938,253.94, 459.8728
900825,8.5869,0.003559,281.00, 459.8731
900826,8.5908,0.003959,252.57, 459.8731
900827,8.5947,0.004021,248.67, 459.8731
900828,8.5981,0.003441,290.60, 459.8731
900829,8.6021,0.003925,254.80, 459.8731
900830,8.6060,0.003643,274.48, 459.8731
900831,8.6104,0.004493,222.55, 459.9350
900832,8.6138,0.003524,283.74, 459.8731
900833,8.6172,0.003474,287.88, 459.8731
900834,8.6211,0.003846,260.01, 459.8728
900835,8.6255,0.004065,246.03, 459.8731
900836,8.6289,0.003535,282.92, 459.8731
900837,8.6328,0.003946,253.45, 459.8731
900838,8.6362,0.003518,284.29, 459.8731
900839,8.6406,0.004293,232.94, 459.8725
900840,8.6440,0.003559,280.97, 459.8731
900841,8.6479,0.003713,269.31, 459.8731
900842,8.6519,0.003790,263.87, 459.8731
900843,8.6558,0.003950,253.19, 459.8731
900844,8.6592,0.003574,279.78, 459.8728
900845,8.6631,0.003942,253.70, 459.8728
900846,8.6665,0.003490,286.56, 459.8728
900847,8.6709,0.004289,233.13, 459.8725
900848,8.6743,0.003603,277.57, 459.8731
900849,8.6782,0.003651,273.88, 459.8731
900850,8.6821,0.003790,263.88, 459.8731
900851,8.6860,0.003987,250.80, 459.8731
900852,8.6895,0.003355,298.04, 459.8728
900853,8.6934,0.004106,243.55, 459.8731
900854,8.6968,0.003502,285.58, 459.8728
900855,8.7012,0.004312,231.89, 459.8728
900856,8.7051,0.003655,273.58, 459.8731
900857,8.7085,0.003621,276.17, 459.8731
900858,8.7129,0.004266,234.43, 459.8725
900859,8.7168,0.003835,260.78, 459.8731
900860,8.7197,0.003299,303.13, 459.8731
900861,8.7241,0.004112,243.18, 459.8725
900862,8.7275,0.003535,282.90, 459.8731
900863,8.7314,0.003829,261.19, 459.8728
900864,8.7354,0.003865,258.75, 459.8731
900865,8.7388,0.003646,274.31, 459.8728
900866,8.7427,0.003927,254.63, 459.8731
900867,8.7466,0.003875,258.06, 459.8731
900868,8.7505,0.003572,279.98, 459.8731
900869,8.7544,0.003888,257.21, 459.8731
900870,8.7578,0.003692,270.89, 459.8731
900871,8.7622,0.004192,238.58, 459.8728
900872,8.7656,0.003555,281.27, 459.8731
900873,8.7690,0.003585,278.95, 459.8731
900874,8.7729,0.003849,259.83, 459.8731
900875,8.7769,0.004014,249.13, 459.8731
900876,8.7808,0.003582,279.17, 459.8731
900877,8.7847,0.003797,263.40, 459.8731
900878,8.7881,0.003591,278.45, 459.8731
900879,8.7925,0.004308,232.10, 459.8731
900880,8.7959,0.003640,274.72, 459.8731
900881,8.7998,0.003775,264.89, 459.8725
900882,8.8032,0.003677,271.94, 459.8731
900883,8.8076,0.003999,250.08, 459.8731
900884,8.8115,0.004001,249.96, 459.8728
900885,8.8154,0.003867,258.63, 459.8728
900886,8.8193,0.004043,247.33, 459.8728
900887,8.8232,0.003712,269.37, 459.8731
900888,8.8267,0.003600,277.75, 459.8731
900889,8.8301,0.003629,275.56, 459.8731
900890,8.8340,0.003936,254.09, 459.8731
900891,8.8384,0.003948,253.29, 459.8731
900892,8.8418,0.003542,282.33, 459.8731
900893,8.8457,0.003864,258.83, 459.8731
900894,8.8491,0.003696,270.59, 459.8728
900895,8.8535,0.004130,242.14, 459.8731
900896,8.8569,0.003502,285.56, 459.8731
900897,8.8604,0.003624,275.95, 459.8725
900898,8.8643,0.003927,254.62, 459.8731
900899,8.8687,0.003996,250.23, 459.8731
900900,8.8721,0.003475,287.75, 459.8731
900901,8.8765,0.004628,216.07, 459.8728
900902,8.8799,0.003167,315.77, 459.8731
900903,8.8838,0.004118,242.84, 459.8728
900904,8.8882,0.004167,239.96, 459.8731
900905,8.8916,0.003598,277.96, 459.8725
900906,8.8965,0.004668,214.23, 459.8731
900907,8.8994,0.003067,326.03, 459.8728
900908,8.9038,0.004478,223.34, 459.8731
900909,8.9077,0.003872,258.28, 459.8728
900910,8.9116,0.003963,252.33, 459.8731
900911,8.9150,0.003563,280.70, 459.8731
900912,8.9189,0.003785,264.19, 459.8731
900913,8.9229,0.004063,246.12, 459.8725
900914,8.9263,0.003454,289.50, 459.8731
900915,8.9302,0.003861,258.97, 459.8731
900916,8.9341,0.003657,273.46, 459.8731
900917,8.9390,0.004932,202.74, 459.8725
900918,8.9424,0.003301,302.91, 459.8731
900919,8.9453,0.003081,324.56, 459.8731
900920,8.9497,0.004136,241.79, 459.8728
900921,8.9536,0.004040,247.52, 459.8731
900922,8.9570,0.003384,295.47, 459.8731
900923,8.9609,0.004022,248.62, 459.8731
900924,8.9644,0.003370,296.74, 459.8731
900925,8.9683,0.004058,246.43, 459.8731
900926,8.9727,0.004110,243.29, 459.8728
900927,8.9761,0.003511,284.86, 459.8731
900928,8.9800,0.003818,261.90, 459.8731
900929,8.9839,0.003981,251.18, 459.8728
900930,8.9873,0.003449,289.91, 459.8731
900931,8.9912,0.003997,250.19, 459.8731
900932,8.9946,0.003481,287.26, 459.8731
900933,8.9985,0.004056,246.54, 459.8728
900934,9.0029,0.004034,247.89, 459.8725
900935,9.0059,0.003298,303.26, 459.8731
900936,9.0098,0.003917,255.29, 459.8728
900937,9.0142,0.003990,250.65, 459.8731
900938,9.0176,0.003671,272.42, 459.8731
900939,9.0215,0.003837,260.62, 459.8731
900940,9.0249,0.003555,281.26, 459.8731
900941,9.0293,0.004033,247.94, 459.8731
900942,9.0332,0.004247,235.45, 459.8730
900943,9.0366,0.003217,310.84, 459.8725
900944,9.0405,0.004028,248.29, 459.8731
900945,9.0444,0.003833,260.89, 459.8731
900946,9.0479,0.003596,278.06, 459.8731
900947,9.0518,0.003907,255.98, 459.8731
900948,9.0552,0.003483,287.13, 459.8731
900949,9.0596,0.003970,251.91, 459.8731
900950,9.0635,0.004195,238.40, 459.8725
900951,9.0669,0.003209,311.61, 459.8731
900952,9.0708,0.004086,244.74, 459.8731
900953,9.0747,0.004016,249.02, 459.8731
900954,9.0786,0.003620,276.28, 459.8731
900955,9.0825,0.003805,262.78, 459.8731
900956,9.0859,0.003493,286.29, 459.8731
900957,9.0898,0.003907,255.98, 459.8728
900958,9.0938,0.003867,258.63, 459.8731
900959,9.0972,0.003683,271.53, 459.8731
900960,9.1011,0.003862,258.91, 459.8725
900961,9.1050,0.004064,246.07, 459.8731
900962,9.1089,0.003486,286.86, 459.8725
900963,9.1128,0.004152,240.88, 459.8728
900964,9.1162,0.003589,278.61, 459.8725
900965,9.1201,0.003843,260.23, 459.8731
900966,9.1245,0.004510,221.75, 459.8727
900967,9.1279,0.003151,317.34, 459.8731
900968,9.1318,0.003793,263.67, 459.8725
900969,9.1357,0.004038,247.65, 459.8731
900970,9.1392,0.003498,285.92, 459.8731
900971,9.1436,0.004095,244.18, 459.8725
900972,9.1470,0.003787,264.08, 459.8731
900973,9.1509,0.003567,280.34, 459.8728
900974,9.1548,0.003940,253.83, 459.8731
900975,9.1582,0.003570,280.12, 459.8731
900976,9.1621,0.003937,253.99, 459.8731
900977,9.1660,0.003906,256.04, 459.8731
900978,9.1694,0.003563,280.67, 459.8731
900979,9.1738,0.004386,227.98, 459.8731
900980,9.1777,0.003525,283.70, 459.8731
900981,9.1812,0.003796,263.43, 459.8731
900982,9.1855,0.004338,230.52, 459.8728
900983,9.1890,0.003213,311.22, 459.8731
900984,9.1934,0.004367,229.00, 459.8731
900985,9.1973,0.003910,255.78, 459.8731
900986,9.2007,0.003699,270.32, 459.8731
900987,9.2046,0.003742,267.26, 459.8731
900988,9.2085,0.003957,252.74, 459.8731
900989,9.2119,0.003581,279.28, 459.8725
900990,9.2163,0.004371,228.81, 459.8725
900991,9.2197,0.003144,318.05, 459.8731
900992,9.2236,0.003836,260.66, 459.8731
900993,9.2275,0.003934,254.19, 459.8728
900994,9.2310,0.003604,277.50, 459.8731
900995,9.2349,0.003949,253.26, 459.8731
900996,9.2388,0.003924,254.85, 459.8728
900997,9.2422,0.003567,280.37, 459.8728
900998,9.2466,0.004227,236.60, 459.8725
900999,9.2500,0.003219,310.66, 459.8728
901000,9.2539,0.003824,261.53, 459.8728
901001,9.2578,0.004074,245.48, 459.8728
901002,9.2612,0.003492,286.41, 459.8728
901003,9.2651,0.003894,256.78, 459.8731
901004,9.2686,0.003538,282.61, 459.8731
901005,9.2725,0.003928,254.61, 459.8731
901006,9.2769,0.004246,235.54, 459.8725
901007,9.2798,0.003146,317.84, 459.8731
901008,9.2842,0.004015,249.06, 459.8731
901009,9.2881,0.003878,257.86, 459.8731
901010,9.2915,0.003625,275.85, 459.8728
901011,9.2959,0.004355,229.64, 459.8728
901012,9.2998,0.003878,257.84, 459.8731
901013,9.3032,0.003537,282.77, 459.8731
901014,9.3076,0.004367,228.98, 459.8725
901015,9.3110,0.003604,277.51, 459.8731
901016,9.3149,0.003549,281.79, 459.8728
901017,9.3188,0.003863,258.87, 459.8731
901018,9.3223,0.003625,275.88, 459.8731
901019,9.3262,0.003922,254.95, 459.8731
901020,9.3301,0.003878,257.88, 459.8731
901021,9.3335,0.003549,281.75, 459.8731
901022,9.3379,0.004402,227.17, 459.8725
901023,9.3413,0.003243,308.40, 459.8731
901024,9.3452,0.003823,261.60, 459.8728
901025,9.3491,0.003938,253.96, 459.8731
901026,9.3530,0.003733,267.92, 459.8731
901027,9.3564,0.003834,260.80, 459.8731
901028,9.3608,0.004037,247.71, 459.8728
901029,9.3643,0.003538,282.61, 459.8731
901030,9.3682,0.003926,254.71, 459.8731
901031,9.3716,0.003560,280.90, 459.8728
901032,9.3755,0.003877,257.95, 459.8728
901033,9.3794,0.003956,252.81, 459.8728
901034,9.3833,0.003603,277.52, 459.8731
901035,9.3867,0.003793,263.66, 459.8728
901036,9.3911,0.004088,244.62, 459.8731
901037,9.3945,0.003635,275.10, 459.8731
901038,9.3984,0.003708,269.70, 459.8731
901039,9.4019,0.003731,268.02, 459.8731
901040,9.4058,0.003774,264.97, 459.8731
901041,9.4097,0.004031,248.11, 459.8725
901042,9.4136,0.003555,281.26, 459.8731
901043,9.4175,0.003862,258.95, 459.8731
901044,9.4214,0.004176,239.46, 459.8728
901045,9.4248,0.003488,286.66, 459.8731
901046,9.4287,0.003809,262.53, 459.8731
901047,9.4326,0.003671,272.44, 459.8725
901048,9.4360,0.003753,266.48, 459.8731
901049,9.4404,0.004165,240.08, 459.8731
901050,9.4438,0.003553,281.44, 459.8728
901051,9.4478,0.003817,261.97, 459.8731
901052,9.4517,0.003977,251.47, 459.8731
901053,9.4551,0.003554,281.36, 459.8731
901054,9.4595,0.004367,228.99, 459.8725
901055,9.4629,0.003183,314.22, 459.8731
901056,9.4668,0.003761,265.90, 459.8731
901057,9.4707,0.003932,254.30, 459.8731
901058,9.4741,0.003682,271.58, 459.8731
901059,9.4780,0.003970,251.88, 459.8731
901060,9.4819,0.003848,259.89, 459.8731
901061,9.4858,0.003659,273.28, 459.8731
901062,9.4893,0.003767,265.48, 459.8731
901063,9.4932,0.003720,268.80, 459.8731
901064,9.4971,0.003814,262.23, 459.8731
901065,9.5010,0.004033,247.98, 459.8731
901066,9.5044,0.003317,301.45, 459.8731
901067,9.5083,0.004053,246.74, 459.8731
901068,9.5122,0.003873,258.17, 459.8731
901069,9.5161,0.003633,275.27, 459.8731
901070,9.5195,0.003802,263.01, 459.8731
901071,9.5234,0.003699,270.34, 459.8731
901072,9.5273,0.003836,260.70, 459.8731
901073,9.5313,0.003957,252.73, 459.8731
901074,9.5347,0.003576,279.67, 459.8731
901075,9.5386,0.003823,261.57, 459.8731
901076,9.5425,0.004042,247.38, 459.8731
901077,9.5464,0.003947,253.39, 459.8728
901078,9.5503,0.003810,262.49, 459.8725
901079,9.5537,0.003160,316.51, 459.8731
901080,9.5576,0.003898,256.54, 459.8731
901081,9.5615,0.004142,241.44, 459.8731
901082,9.5649,0.003456,289.38, 459.8731
901083,9.5688,0.003893,256.90, 459.8800
901084,9.5728,0.004039,247.57, 459.8725
901085,9.5767,0.003511,284.82, 459.8725
901086,9.5801,0.003843,260.25, 459.8731
901087,9.5840,0.003706,269.86, 459.8731
901088,9.5874,0.003590,278.57, 459.8731
901089,9.5918,0.004085,244.82, 459.8728
901090,9.5957,0.003887,257.29, 459.8731
901091,9.5991,0.003649,274.09, 459.8728
901092,9.6030,0.003607,277.28, 459.8731
901093,9.6069,0.004294,232.87, 459.8725
901094,9.6108,0.003739,267.48, 459.8731
901095,9.6143,0.003206,311.91, 459.8731
901096,9.6182,0.004194,238.46, 459.8731
901097,9.6221,0.003967,252.10, 459.8728
901098,9.6260,0.003752,266.52, 459.8728
901099,9.6294,0.003647,274.19, 459.8731
901100,9.6328,0.003374,296.40, 459.8731
901101,9.6372,0.004059,246.35, 459.8725
901102,9.6416,0.004440,225.23, 459.8731
901103,9.6445,0.003209,311.60, 459.8728
901104,9.6484,0.003713,269.31, 459.8731
901105,9.6523,0.004005,249.66, 459.8731
901106,9.6563,0.003674,272.22, 459.8731
901107,9.6597,0.003806,262.75, 459.8933
901108,9.6641,0.003973,251.71, 459.8731
901109,9.6675,0.003537,282.70, 459.8731
901110,9.6714,0.003937,253.99, 459.8731
901111,9.6748,0.003513,284.67, 459.8731
901112,9.6792,0.004308,232.15, 459.8731
901113,9.6831,0.003921,255.02, 459.8731
901114,9.6865,0.003502,285.55, 459.8731
901115,9.6904,0.004050,246.91, 459.8731
901116,9.6943,0.003464,288.69, 459.8731
901117,9.6982,0.004018,248.86, 459.8731
901118,9.7021,0.003969,251.93, 459.8731
901119,9.7056,0.003595,278.18, 459.8731
901120,9.7095,0.003897,256.61, 459.8731
901121,9.7134,0.003924,254.82, 459.8731
901122,9.7173,0.003712,269.40, 459.8725
901123,9.7212,0.003778,264.67, 459.8731
901124,9.7251,0.003935,254.15, 459.8731
901125,9.7285,0.003498,285.91, 459.8725
901126,9.7329,0.004368,228.92, 459.8725
901127,9.7358,0.003190,313.53, 459.8731
901128,9.7397,0.003742,267.25, 459.8731
901129,9.7437,0.004065,245.98, 459.8725
901130,9.7476,0.003551,281.60, 459.8731
901131,9.7515,0.003931,254.36, 459.8728
901132,9.7549,0.003460,289.01, 459.8731
901133,9.7588,0.004010,249.40, 459.8728
901134,9.7627,0.003905,256.11, 459.8731
901135,9.7661,0.003525,283.67, 459.8731
901136,9.7700,0.003913,255.59, 459.8731
901137,9.7739,0.003996,250.26, 459.8731
901138,9.7778,0.003642,274.55, 459.8728
901139,9.7817,0.003829,261.20, 459.8725
901140,9.7856,0.003893,256.88, 459.8731
901141,9.7891,0.003369,296.82, 459.8731
901142,9.7930,0.004156,240.60, 459.8731
901143,9.7964,0.003505,285.31, 459.8731
901144,9.8003,0.003862,258.95, 459.8731
901145,9.8042,0.004023,248.59, 459.8731
901146,9.8081,0.003533,283.01, 459.8731
901147,9.8120,0.003941,253.72, 459.8731
901148,9.8154,0.003526,283.63, 459.8731
901149,9.8193,0.003858,259.20, 459.8728
901150,9.8232,0.004167,239.96, 459.8725
901151,9.8271,0.003608,277.18, 459.8731
901152,9.8306,0.003587,278.79, 459.8725
901153,9.8345,0.004094,244.29, 459.8728
901154,9.8384,0.003472,288.04, 459.8731
901155,9.8423,0.004334,230.76, 459.8728
901156,9.8462,0.003875,258.08, 459.8731
901157,9.8501,0.003613,276.81, 459.8731
901158,9.8540,0.003933,254.23, 459.8731
901159,9.8574,0.003682,271.63, 459.8731
901160,9.8613,0.003907,255.94, 459.8728
901161,9.8652,0.003831,261.06, 459.8731
901162,9.8691,0.003612,276.83, 459.8731
901163,9.8730,0.003979,251.35, 459.8728
901164,9.8770,0.003936,254.09, 459.8731
901165,9.8804,0.003526,283.62, 459.8731
901166,9.8843,0.003868,258.55, 459.8731
901167,9.8887,0.004207,237.71, 459.8728
901168,9.8921,0.003434,291.19, 459.8728
901169,9.8960,0.004080,245.09, 459.8731
901170,9.8999,0.003691,270.95, 459.8731
901171,9.9043,0.004404,227.08, 459.8725
901172,9.9072,0.003396,294.47, 459.8725
901173,9.9116,0.004092,244.38, 459.8725
901174,9.9160,0.004588,217.96, 459.8725
901175,9.9199,0.003605,277.38, 459.8731
901176,9.9238,0.003865,258.77, 459.8728
901177,9.9277,0.004334,230.73, 459.8731
901178,9.9321,0.004220,236.97, 459.8731
901179,9.9355,0.003421,292.35, 459.8725
901180,9.9395,0.003887,257.28, 459.8731
901181,9.9438,0.004131,242.05, 459.8731
901182,9.9473,0.003716,269.08, 459.8731
901183,9.9512,0.004011,249.32, 459.8725
901184,9.9546,0.003439,290.77, 459.8731
901185,9.9585,0.003920,255.10, 459.8731
901186,9.9624,0.003861,259.00, 459.8731
901187,9.9663,0.003797,263.37, 459.8731
901188,9.9702,0.003684,271.47, 459.8725
901189,9.9741,0.003964,252.28, 459.8728
901190,9.9780,0.003930,254.45, 459.8731
901191,9.9819,0.003921,255.03, 459.8731
901192,9.9854,0.003449,289.96, 459.8731
901193,9.9893,0.003884,257.49, 459.8725
901194,9.9932,0.004107,243.50, 459.8731
901195,9.9971,0.003700,270.27, 459.8728
